TradDt,BizDt,Sgmt,Src,FinInstrmTp,FinInstrmId,ISIN,TckrSymb,SctySrs,XpryDt,FininstrmActlXpryDt,StrkPric,OptnTp,FinInstrmNm,OpnPric,HghPric,LwPric,ClsPric,LastPric,PrvsClsgPric,UndrlygPric,SttlmPric,OpnIntrst,ChngInOpnIntrst,TtlTradgVol,TtlTrfVal,TtlNbOfTxsExctd,SsnId,NewBrdLotQty,Rmks,Rsvd1,Rsvd2,Rsvd3,Rsvd4
2026-07-30,2026-07-30,CM,BSE,STK,500002,INE117A01022,ABB,A,,,,,ABB INDIA LIMITED,7220.05,7334.75,7192.85,7291.95,7291.95,7313.00,,7291.50,,,12990,94208110.00,2837,F1,1,,,,,
2026-07-30,2026-07-30,CM,BSE,STK,500003,INE208C01025,AEGISLOG,A,,,,,AEGIS LOGISTICS LTD.,1282.05,1291.40,1242.45,1249.85,1249.85,1282.65,,1249.30,,,30087,38005681.00,3239,F1,1,,,,,
2026-07-30,2026-07-30,CM,BSE,STK,500008,INE885A01032,ARE&M,A,,,,,Amara Raja Energy & Mobility L,885.45,921.00,875.40,908.25,908.25,882.75,,906.90,,,91163,82104583.00,3075,F1,1,,,,,
2026-07-30,2026-07-30,CM,BSE,STK,500009,INE432A01017,AMBALALSA,B,,,,,AMBALAL SARABHAI ENTERPRISES L,31.45,34.75,31.22,33.64,33.99,30.89,,33.50,,,57150,1898431.00,524,F1,1,,,,,
2026-07-30,2026-07-30,CM,BSE,STK,500012,INE714B01016,ANDHRAPET,X,,,,,ANDHRA PETROCHEMICALS LTD.,47.52,48.28,47.00,47.34,47.33,48.00,,47.34,,,59745,2829690.00,352,F1,1,,,,,
2026-07-30,2026-07-30,CM,BSE,STK,500013,INE436A01026,ANSALAPI,Z,,,,,ANSAL PROPERTIES & INFRASTRUCT,3.70,3.70,3.56,3.59,3.59,3.63,,3.59,,,34108,123212.00,42,F1,1,,,,,
2026-07-30,2026-07-30,CM,BSE,STK,500014,INE096A01010,UTIQUE,X,,,,,UTIQUE ENTERPRISES LIMITED,3.72,3.96,3.56,3.72,3.70,3.87,,3.72,,,12354,45525.00,57,F1,1,,,,,
2026-07-30,2026-07-30,CM,BSE,STK,500016,INE957C01019,ARUNAHTEL,X,,,,,ARUNA HOTELS LTD.,7.73,7.73,7.31,7.58,7.60,7.64,,7.58,,,2670,20220.00,25,F1,1,,,,,
2026-07-30,2026-07-30,CM,BSE,STK,500020,INE032A01023,BOMDYEING,B,,,,,BOMBAY DYEING & MFG.CO.LTD.,122.15,122.15,119.05,119.25,119.40,121.00,,119.35,,,41588,4995534.00,601,F1,1,,,,,
2026-07-30,2026-07-30,CM,BSE,STK,500023,INE363A01022,ASIANHOTNR,B,,,,,ASIAN HOTELS (NORTH) LIMITED,310.60,312.60,303.30,305.50,305.50,310.60,,305.55,,,337,103492.00,47,F1,1,,,,,
2026-07-30,2026-07-30,CM,BSE,STK,500027,INE100A01010,ATUL,A,,,,,ATUL LTD.,6750.05,6885.25,6750.05,6789.85,6840.00,6802.75,,6802.00,,,2515,17138447.00,606,F1,1,,,,,
2026-07-30,2026-07-30,CM,BSE,STK,500028,INE447A01015,ATVPR,X,,,,,ATV PROJECTS INDIA LTD.,23.60,23.60,22.60,23.06,23.06,22.97,,23.06,,,6146,141882.00,102,F1,1,,,,,
2026-07-30,2026-07-30,CM,BSE,STK,500031,INE193E01025,BAJAJELEC,A,,,,,BAJAJ ELECTRICALS LTD.,330.65,334.60,327.80,328.90,328.50,330.55,,329.25,,,5564,1835347.00,243,F1,1,,,,,
2026-07-30,2026-07-30,CM,BSE,STK,500032,INE306A01021,BAJAJHIND,B,,,,,BAJAJ HINDUSTHAN SUGAR LIMITED,16.90,17.00,16.61,16.69,16.69,16.90,,16.65,,,100395,1682111.00,414,F1,1,,,,,
2026-07-30,2026-07-30,CM,BSE,STK,500033,INE451A01017,FORCEMOT,A,,,,,FORCE MOTORS LTD.,17299.75,17900.00,17223.20,17622.75,17622.75,17329.90,,17618.00,,,13277,233767428.00,3447,F1,1,,,,,
2026-07-30,2026-07-30,CM,BSE,STK,500034,INE296A01032,BAJFINANCE,A,,,,,BAJAJ FINANCE LIMITED,1047.80,1067.05,1035.50,1056.05,1056.05,1054.10,,1053.70,,,3102060,3252512224.00,14578,F1,1,,,,,
2026-07-30,2026-07-30,CM,BSE,STK,500038,INE119A01028,BALRAMCHIN,A,,,,,BALRAMPUR CHINI MILLS LTD,601.90,612.30,594.30,596.80,598.00,606.75,,596.30,,,17409,10540629.00,899,F1,1,,,,,
2026-07-30,2026-07-30,CM,BSE,STK,500039,INE213C01025,BANCOINDIA,A,,,,,BANCO PRODUCTS (INDIA) LTD.,622.40,632.00,622.10,627.20,628.00,628.10,,626.85,,,6567,4118540.00,483,F1,1,,,,,
2026-07-30,2026-07-30,CM,BSE,STK,500040,INE055A01016,ABREL,A,,,,,ADITYA BIRLA REAL ESTATE LIMIT,1410.00,1410.00,1362.00,1373.10,1362.00,1406.00,,1377.60,,,7844,10814580.00,568,F1,1,,,,,
2026-07-30,2026-07-30,CM,BSE,STK,500042,INE373A01013,BASF,A,,,,,BASF INDIA LTD.,3747.95,3747.95,3673.60,3686.25,3680.00,3735.80,,3687.80,,,1200,4436327.00,199,F1,1,,,,,
2026-07-30,2026-07-30,CM,BSE,STK,500043,INE176A01028,BATAINDIA,A,,,,,BATA INDIA LTD.,696.25,705.00,696.25,700.10,701.00,698.60,,700.05,,,13813,9671945.00,912,F1,1,,,,,
2026-07-30,2026-07-30,CM,BSE,STK,500048,INE258A01024,BEML,A,,,,,BEML LTD.,1761.50,1779.90,1748.65,1755.05,1750.00,1779.70,,1756.40,,,7332,12915928.00,634,F1,1,,,,,
2026-07-30,2026-07-30,CM,BSE,STK,500049,INE263A01024,BEL,A,,,,,BHARAT ELECTRONICS LTD.,387.50,387.50,382.75,384.80,384.80,387.65,,384.90,,,1427580,549701225.00,26608,F1,1,,,,,
2026-07-30,2026-07-30,CM,BSE,STK,500051,INE099C01010,BHAGGAS,XT,,,,,BHAGAWATI GAS LIMITED,12.89,12.89,12.89,12.89,12.89,13.15,,12.89,,,199448,2570884.00,438,F1,1,,,,,
2026-07-30,2026-07-30,CM,BSE,STK,500052,INE922A01025,BEPL,B,,,,,BHANSALI ENGINEERING POLYMERS,115.00,115.33,111.50,111.91,112.35,114.41,,111.81,,,49655,5605983.00,411,F1,1,,,,,
2026-07-30,2026-07-30,CM,BSE,STK,500058,INE819C01011,BIHSPONG,X,,,,,BIHAR SPONGE IRON LTD.,12.40,12.99,12.21,12.33,12.33,12.73,,12.33,,,8083,100545.00,85,F1,1,,,,,
2026-07-30,2026-07-30,CM,BSE,STK,500059,INE071A01013,BILVYAPAR,T,,,,,BIL VYAPAR LIMITED,4.04,4.04,4.00,4.00,4.00,4.02,,3.99,,,727,2924.00,7,F1,1,,,,,
2026-07-30,2026-07-30,CM,BSE,STK,500060,INE800A01015,BIRLACABLE,T,,,,,Birla Cable Limited,205.90,205.90,192.50,195.00,195.65,197.35,,194.14,,,2623,514380.00,57,F1,1,,,,,
2026-07-30,2026-07-30,CM,BSE,STK,500067,INE472A01039,BLUESTARCO,A,,,,,BLUE STAR LTD.,1693.70,1704.00,1665.65,1692.95,1698.20,1680.85,,1691.40,,,18707,31543556.00,2724,F1,1,,,,,
2026-07-30,2026-07-30,CM,BSE,STK,500068,INE131C01011,DISAQ,B,,,,,DISA INDIA LTD.,12209.00,12299.00,12184.00,12299.00,12299.00,12250.00,,12279.00,,,10,122061.00,8,F1,1,,,,,
2026-07-30,2026-07-30,CM,BSE,STK,500069,INE418C01012,QUESTCAP,X,,,,,QUEST CAPITAL MARKETS LIMITED,270.10,270.10,250.00,261.15,262.00,276.70,,261.15,,,10876,2770748.00,110,F1,1,,,,,
2026-07-30,2026-07-30,CM,BSE,STK,500074,INE110A01019,BPL,B,,,,,BPL LTD.,52.07,53.93,52.07,52.77,52.51,52.60,,52.71,,,2405,127944.00,265,F1,1,,,,,
2026-07-30,2026-07-30,CM,BSE,STK,500078,INE959C01023,OAL,B,,,,,ORIENTAL AROMATICS LIMITED,396.05,403.85,378.00,378.90,378.95,396.10,,380.80,,,2258,877026.00,156,F1,1,,,,,
2026-07-30,2026-07-30,CM,BSE,STK,500083,INE281A01026,CENTEXT,B,,,,,CENTURY EXTRUSIONS LTD.,18.50,18.59,18.22,18.53,18.30,18.47,,18.45,,,7063,129581.00,49,F1,1,,,,,
2026-07-30,2026-07-30,CM,BSE,STK,500084,INE486A01021,CESC,A,,,,,CESC LTD.,163.20,165.40,162.00,164.85,164.70,164.15,,164.93,,,131855,21613108.00,2189,F1,1,,,,,
2026-07-30,2026-07-30,CM,BSE,STK,500085,INE085A01013,CHAMBLFERT,A,,,,,CHAMBAL FERTILISERS & CHEMICAL,451.95,455.60,442.00,445.45,445.45,451.50,,445.85,,,43288,19528351.00,1240,F1,1,,,,,
2026-07-30,2026-07-30,CM,BSE,STK,500086,INE302A01020,EXIDEIND,A,,,,,EXIDE INDUSTRIES LTD.,435.65,461.60,429.95,452.25,452.25,435.60,,452.70,,,1354383,608868713.00,18590,F1,1,,,,,
2026-07-30,2026-07-30,CM,BSE,STK,500087,INE059A01026,CIPLA,A,,,,,CIPLA LTD.,1482.00,1483.75,1464.00,1466.00,1464.00,1473.45,,1466.40,,,77953,115037042.00,2060,F1,1,,,,,
2026-07-30,2026-07-30,CM,BSE,STK,500092,INE007A01025,CRISIL,A,,,,,CRISIL LTD.,4443.05,4443.05,4390.25,4415.70,4424.90,4451.90,,4407.40,,,4536,20003581.00,512,F1,1,,,,,
2026-07-30,2026-07-30,CM,BSE,STK,500093,INE067A01029,CGPOWER,A,,,,,CG Power and Industrial Soluti,838.00,838.00,815.00,832.55,832.55,828.90,,832.60,,,592423,485674127.00,10918,F1,1,,,,,
2026-07-30,2026-07-30,CM,BSE,STK,500096,INE016A01026,DABUR,A,,,,,DABUR INDIA LTD.,433.00,433.00,416.00,425.55,425.55,433.45,,425.95,,,343257,145236447.00,4522,F1,1,,,,,
2026-07-30,2026-07-30,CM,BSE,STK,500097,INE495A01022,DALMIASUG,B,,,,,DALMIA BHARAT SUGAR AND INDUST,358.90,360.00,351.10,351.60,351.10,357.05,,352.70,,,1964,699165.00,89,F1,1,,,,,
2026-07-30,2026-07-30,CM,BSE,STK,500101,INE034A01011,ARVIND,A,,,,,ARVIND LTD.,512.90,518.70,504.95,506.55,509.25,516.85,,506.65,,,13937,7085502.00,669,F1,1,,,,,
2026-07-30,2026-07-30,CM,BSE,STK,500103,INE257A01026,BHEL,A,,,,,BHARAT HEAVY ELECTRICALS LTD.,405.30,405.80,399.80,402.85,402.85,405.25,,403.00,,,334716,134705514.00,5742,F1,1,,,,,
2026-07-30,2026-07-30,CM,BSE,STK,500104,INE094A01015,HINDPETRO,A,,,,,HINDUSTAN PETROLEUM CORPORATIO,394.15,394.15,386.45,388.45,388.45,392.55,,388.45,,,1515194,586299411.00,3428,F1,1,,,,,
2026-07-30,2026-07-30,CM,BSE,STK,500106,INE039A01010,IFCI,A,,,,,IFCI LTD.,71.35,74.09,70.33,73.55,73.55,71.34,,73.52,,,2118312,153727414.00,7599,F1,1,,,,,
2026-07-30,2026-07-30,CM,BSE,STK,500108,INE153A01019,MTNL,B,,,,,MAHANAGAR TELEPHONE NIGAM LTD.,27.02,27.28,26.90,26.99,26.99,27.25,,27.00,,,52584,1424129.00,410,F1,1,,,,,
2026-07-30,2026-07-30,CM,BSE,STK,500109,INE103A01014,MRPL,A,,,,,MANGALORE REFINERY & PETROCHEM,163.00,174.15,161.00,166.95,166.95,163.60,,166.85,,,1446265,245430286.00,8594,F1,1,,,,,
2026-07-30,2026-07-30,CM,BSE,STK,500110,INE178A01016,CHENNPETRO,A,,,,,CHENNAI PETROLEUM CORPORATION,1223.25,1289.00,1212.00,1237.85,1244.00,1211.25,,1238.20,,,155549,195837131.00,5446,F1,1,,,,,
2026-07-30,2026-07-30,CM,BSE,STK,500112,INE062A01020,SBIN,A,,,,,STATE BANK OF INDIA,1012.85,1030.00,1008.00,1026.15,1026.15,1013.80,,1025.40,,,829506,847351933.00,26106,F1,1,,,,,
2026-07-30,2026-07-30,CM,BSE,STK,500113,INE114A01011,SAIL,A,,,,,STEEL AUTHORITY OF INDIA LTD.,172.50,172.50,167.50,169.00,169.00,170.95,,169.05,,,614486,103881978.00,2940,F1,1,,,,,
2026-07-30,2026-07-30,CM,BSE,STK,500114,INE280A01028,TITAN,A,,,,,TITAN COMPANY LIMITED,4840.15,4869.00,4823.70,4848.20,4848.20,4850.25,,4849.90,,,28830,139703633.00,4594,F1,1,,,,,
2026-07-30,2026-07-30,CM,BSE,STK,500116,INE008A01015,IDBI,A,,,,,IDBI BANK LTD.,84.03,85.34,83.61,84.02,84.27,84.20,,84.04,,,549169,46313083.00,5494,F1,1,,,,,
2026-07-30,2026-07-30,CM,BSE,STK,500117,INE500A01029,DCW,B,,,,,DCW LTD.,47.51,47.51,45.78,46.10,46.00,47.16,,46.06,,,56528,2622331.00,239,F1,1,,,,,
2026-07-30,2026-07-30,CM,BSE,STK,500119,INE041A01016,DHAMPURSUG,B,,,,,DHAMPUR SUGAR MILLS LTD.,138.00,138.00,134.80,135.20,135.15,137.55,,135.10,,,12719,1722514.00,479,F1,1,,,,,
2026-07-30,2026-07-30,CM,BSE,STK,500120,INE591D01014,DIAMINESQ,B,,,,,DIAMINES & CHEMICALS LTD.,241.20,242.00,238.00,238.40,238.00,242.60,,238.87,,,193,46128.00,17,F1,1,,,,,
2026-07-30,2026-07-30,CM,BSE,STK,500123,INE280B01018,ELANTAS,B,,,,,ELANTAS BECK INDIA LTD.,9500.00,9500.00,9300.00,9320.05,9300.00,9532.00,,9325.00,,,93,881610.00,32,F1,1,,,,,
2026-07-30,2026-07-30,CM,BSE,STK,500124,INE089A01031,DRREDDY,A,,,,,DR.REDDYS LABORATORIES LTD.,1143.00,1150.00,1139.15,1144.35,1144.35,1143.20,,1144.80,,,73766,84404294.00,4977,F1,1,,,,,
2026-07-30,2026-07-30,CM,BSE,STK,500125,INE126A01031,EIDPARRY,A,,,,,E.I.D.-PARRY (INDIA) LTD.,774.65,774.65,760.50,762.10,762.10,777.75,,763.15,,,9465,7270346.00,804,F1,1,,,,,
2026-07-30,2026-07-30,CM,BSE,STK,500126,INE199A01012,PGHL,A,,,,,PROCTER & GAMBLE HEALTH LIMITE,6590.00,6614.25,6448.00,6502.50,6492.25,6616.80,,6502.00,,,876,5715262.00,307,F1,1,,,,,
2026-07-30,2026-07-30,CM,BSE,STK,500128,INE086A01029,ELECTCAST,A,,,,,ELECTROSTEEL CASTINGS LTD.,72.10,72.10,70.57,70.70,71.06,72.04,,70.82,,,55638,3958542.00,624,F1,1,,,,,
2026-07-30,2026-07-30,CM,BSE,STK,500133,INE284A01012,ESABINDIA,B,,,,,ESAB INDIA LTD.,5627.45,5627.50,5575.00,5589.70,5585.00,5591.70,,5589.00,,,75,419604.00,35,F1,1,,,,,
2026-07-30,2026-07-30,CM,BSE,STK,500135,INE255A01020,EPL,A,,,,,EPL LIMITED,234.10,235.65,229.55,231.00,231.50,234.25,,230.73,,,14898,3469644.00,325,F1,1,,,,,
2026-07-30,2026-07-30,CM,BSE,STK,500136,INE778B01029,ESTER,B,,,,,ESTER INDUSTRIES LTD.,89.57,90.01,87.63,88.16,88.29,88.86,,88.09,,,5723,509787.00,308,F1,1,,,,,
2026-07-30,2026-07-30,CM,BSE,STK,500142,INE512A01016,FGP,X,,,,,FGP LTD.,11.34,11.50,10.55,11.50,11.50,10.98,,11.50,,,8587,96449.00,50,F1,1,,,,,
2026-07-30,2026-07-30,CM,BSE,STK,500143,INE160F01013,PHCAP,XT,,,,,P H CAPITAL LIMITED,956.85,1034.00,956.85,1007.25,1007.00,1007.20,,1007.25,,,897,896200.00,35,F1,1,,,,,
2026-07-30,2026-07-30,CM,BSE,STK,500144,INE235A01022,FINCABLES,A,,,,,FINOLEX CABLES LTD.,988.85,988.85,967.80,972.20,977.75,984.90,,972.90,,,10630,10353551.00,881,F1,1,,,,,
2026-07-30,2026-07-30,CM,BSE,STK,500147,INE515A01019,COCKERILL,B,,,,,JOHN COCKERILL INDIA LIMITED,8676.45,8715.00,8486.00,8505.40,8525.00,8676.45,,8509.00,,,736,6282486.00,272,F1,1,,,,,
2026-07-30,2026-07-30,CM,BSE,STK,500148,INE516A01017,UFLEX,B,,,,,UFLEX LTD.,477.00,479.30,473.45,474.15,475.95,478.90,,474.60,,,2671,1270900.00,83,F1,1,,,,,
2026-07-30,2026-07-30,CM,BSE,STK,500150,INE519A01011,FOSECOIND,B,,,,,FOSECO INDIA LTD.,5039.00,5039.80,4970.50,4970.50,4970.50,4971.00,,4969.50,,,26,130548.00,9,F1,1,,,,,
2026-07-30,2026-07-30,CM,BSE,STK,500151,INE973A01010,GOLDENTOBC,Z,,,,,GOLDEN TOBACCO LTD.,24.77,24.77,24.25,24.25,24.25,24.77,,24.25,,,150,3642.00,7,F1,1,,,,,
2026-07-30,2026-07-30,CM,BSE,STK,500153,INE388A01029,GANESHBE,B,,,,,GANESH BENZOPLAST LTD.,121.10,122.95,114.00,116.50,117.85,122.35,,116.05,,,66956,7849273.00,826,F1,1,,,,,
2026-07-30,2026-07-30,CM,BSE,STK,500159,INE085D01033,METROGLOBL,B,,,,,METROGLOBAL LIMITED,132.95,132.95,130.00,130.00,130.00,126.25,,128.43,,,4,525.00,4,F1,1,,,,,
2026-07-30,2026-07-30,CM,BSE,STK,500160,INE043A01012,GTL,B,,,,,GTL LTD.,7.16,7.33,7.16,7.27,7.33,7.30,,7.25,,,37266,270128.00,139,F1,1,,,,,
2026-07-30,2026-07-30,CM,BSE,STK,500163,INE260B01028,GODFRYPHLP,A,,,,,GODFREY PHILLIPS INDIA LTD.,2078.85,2137.95,2049.00,2132.70,2132.70,2076.85,,2131.90,,,68433,144097428.00,4205,F1,1,,,,,
2026-07-30,2026-07-30,CM,BSE,STK,500164,INE233A01035,GODREJIND,A,,,,,GODREJ INDUSTRIES LTD.,1290.10,1318.90,1271.30,1308.90,1301.00,1293.80,,1309.40,,,11194,14435932.00,939,F1,1,,,,,
2026-07-30,2026-07-30,CM,BSE,STK,500165,INE531A01024,KANSAINER,A,,,,,KANSAI NEROLAC PAINTS LTD.,200.00,200.90,198.20,199.15,198.20,200.00,,199.05,,,29530,5902589.00,384,F1,1,,,,,
2026-07-30,2026-07-30,CM,BSE,STK,500166,INE300A01016,GOODRICKE,X,,,,,GOODRICKE GROUP LTD.,182.00,186.80,180.55,182.60,184.10,181.10,,182.60,,,5025,911193.00,61,F1,1,,,,,
2026-07-30,2026-07-30,CM,BSE,STK,500168,INE533A01012,GOODYEAR,B,,,,,GOODYEAR INDIA LTD.,822.50,836.15,822.50,828.70,829.85,822.50,,829.20,,,2502,2075660.00,185,F1,1,,,,,
2026-07-30,2026-07-30,CM,BSE,STK,500170,INE537A01013,GTNINDS,X,,,,,GTN INDUSTRIES LTD.,23.80,24.55,23.30,23.83,24.00,24.98,,23.83,,,908,21471.00,15,F1,1,,,,,
2026-07-30,2026-07-30,CM,BSE,STK,500171,INE539A01019,GHCL,A,,,,,GHCL LTD.,439.10,445.00,436.90,439.75,438.00,438.70,,440.05,,,6146,2714800.00,307,F1,1,,,,,
2026-07-30,2026-07-30,CM,BSE,STK,500173,INE538A01037,GFLLIMITED,B,,,,,GFL LIMITED,47.00,47.74,46.78,47.50,47.50,47.40,,46.83,,,1046,49544.00,30,F1,1,,,,,
2026-07-30,2026-07-30,CM,BSE,STK,500174,INE540A01017,GLFL,T,,,,,GUJARAT LEASE FINANCING LTD.,6.20,6.20,6.00,6.19,6.19,6.24,,6.19,,,365,2214.00,4,F1,1,,,,,
2026-07-30,2026-07-30,CM,BSE,STK,500179,INE236A01020,HCL-INSYS,B,,,,,HCL INFOSYSTEMS LTD.,11.58,11.58,11.22,11.28,11.28,11.43,,11.30,,,41773,476292.00,318,F1,1,,,,,
2026-07-30,2026-07-30,CM,BSE,STK,500180,INE040A01034,HDFCBANK,A,,,,,HDFC BANK LTD.,748.50,758.00,745.25,756.15,756.15,748.25,,754.30,,,3668137,2762530580.00,40931,F1,1,,,,,
2026-07-30,2026-07-30,CM,BSE,STK,500182,INE158A01026,HEROMOTOCO,A,,,,,HERO MOTOCORP LTD.,5184.95,5354.10,5152.95,5325.25,5325.25,5146.00,,5325.00,,,59436,315263521.00,8808,F1,1,,,,,
2026-07-30,2026-07-30,CM,BSE,STK,500183,INE548A01028,HFCL,A,,,,,HFCL LIMITED,194.00,195.25,183.90,185.05,185.05,193.40,,184.70,,,962898,180773147.00,9210,F1,1,,,,,
2026-07-30,2026-07-30,CM,BSE,STK,500184,INE019C01026,HSCL,A,,,,,Himadri Speciality Chemical Lt,775.85,775.85,753.45,760.25,762.00,769.70,,760.50,,,72897,55482985.00,1586,F1,1,,,,,
2026-07-30,2026-07-30,CM,BSE,STK,500185,INE549A01026,HCC,A,,,,,HINDUSTAN CONSTRUCTION CO.LTD.,21.35,21.35,20.87,20.94,20.94,21.38,,20.94,,,999419,20998100.00,2220,F1,1,,,,,
2026-07-30,2026-07-30,CM,BSE,STK,500186,INE345A01011,HINDOILEXP,B,,,,,HINDUSTAN OIL EXPLORATION CO.L,158.80,162.35,157.45,159.65,159.35,156.85,,159.27,,,17436,2791970.00,430,F1,1,,,,,
2026-07-30,2026-07-30,CM,BSE,STK,500187,INE415A01038,AGI,B,,,,,AGI GREENPAC LIMITED,710.00,711.55,700.00,704.60,704.30,710.95,,705.15,,,4142,2922061.00,280,F1,1,,,,,
2026-07-30,2026-07-30,CM,BSE,STK,500188,INE267A01025,HINDZINC,A,,,,,HINDUSTAN ZINC LTD.,537.95,541.60,531.30,534.85,534.85,537.40,,535.85,,,175364,93888207.00,4688,F1,1,,,,,
2026-07-30,2026-07-30,CM,BSE,STK,500189,INE353A01023,NDLVENTURE,B,,,,,NDL Ventures Limited,127.15,128.45,125.30,128.30,128.30,127.15,,127.28,,,4736,603641.00,92,F1,1,,,,,
2026-07-30,2026-07-30,CM,BSE,STK,500191,INE262A01018,HMT,Z,,,,,HMT LTD.,60.50,62.40,60.00,61.07,61.05,60.16,,61.59,,,4085,250496.00,42,F1,1,,,,,
2026-07-30,2026-07-30,CM,BSE,STK,500192,INE962B01011,PRAGBOS,X,,,,,PRAG BOSIMI SYNTHETICS LTD.,1.87,1.90,1.75,1.76,1.75,1.87,,1.76,,,6792,12092.00,43,F1,1,,,,,
2026-07-30,2026-07-30,CM,BSE,STK,500193,INE102A01024,HLVLTD,B,,,,,HLV LIMITED,7.08,7.19,7.00,7.06,7.06,7.13,,7.06,,,34629,243908.00,129,F1,1,,,,,
2026-07-30,2026-07-30,CM,BSE,STK,500199,INE204A01010,IGPL,B,,,,,I G PETROCHEMICALS LTD.,465.05,468.80,455.15,467.60,468.80,462.00,,468.15,,,709,328671.00,68,F1,1,,,,,
2026-07-30,2026-07-30,CM,BSE,STK,500201,INE560A01023,INDIAGLYCO,A,,,,,INDIA GLYCOLS LTD.,1138.10,1165.00,1120.00,1129.85,1129.85,1145.20,,1128.40,,,4879,5562066.00,424,F1,1,,,,,
2026-07-30,2026-07-30,CM,BSE,STK,500202,INE333C01013,INDLEASE,X,,,,,INDIA LEASE DEVELOPMENT LTD.,6.75,6.75,6.75,6.75,6.75,6.75,,6.75,,,300,2025.00,2,F1,1,,,,,
2026-07-30,2026-07-30,CM,BSE,STK,500206,INE680B01019,MARGOFIN,X,,,,,MARGO FINANCE LIMITED,63.01,63.01,62.26,63.00,63.00,63.01,,63.00,,,403,25388.00,9,F1,1,,,,,
2026-07-30,2026-07-30,CM,BSE,STK,500207,INE156A01020,INDORAMA,B,,,,,INDO RAMA SYNTHETICS (INDIA) L,51.75,56.50,50.88,54.94,55.18,52.84,,55.00,,,166800,9083401.00,1287,F1,1,,,,,
2026-07-30,2026-07-30,CM,BSE,STK,500209,INE009A01021,INFY,A,,,,,INFOSYS LTD.,1167.95,1187.00,1151.40,1156.10,1156.10,1155.50,,1155.10,,,1101274,1291441665.00,29301,F1,1,,,,,
2026-07-30,2026-07-30,CM,BSE,STK,500210,INE177A01018,INGERRAND,B,,,,,INGERSOLL-RAND (INDIA) LTD.,4253.70,4309.45,4233.35,4273.00,4279.45,4285.55,,4277.50,,,237,1008999.00,81,F1,1,,,,,
2026-07-30,2026-07-30,CM,BSE,STK,500213,INE262B01016,ITHL,X,,,,,INTERNATIONAL TRAVEL HOUSE LTD,309.95,314.95,299.95,307.20,307.20,306.10,,307.20,,,5515,1683661.00,161,F1,1,,,,,
2026-07-30,2026-07-30,CM,BSE,STK,500214,INE570A01022,IONEXCHANG,A,,,,,ION EXCHANGE (INDIA) LTD.,419.90,421.20,411.90,417.15,418.50,424.40,,417.50,,,24394,10134840.00,869,F1,1,,,,,
2026-07-30,2026-07-30,CM,BSE,STK,500215,INE209A01019,SUNDROP,B,,,,,SUNDROP BRANDS LIMITED,675.80,676.90,675.10,675.10,675.10,678.00,,673.05,,,204,137723.00,8,F1,1,,,,,
2026-07-30,2026-07-30,CM,BSE,STK,500219,INE175A01038,JISLJALEQS,A,,,,,JAIN IRRIGATION SYSTEMS LTD.,30.00,30.16,29.29,29.43,29.43,30.15,,29.39,,,88651,2621678.00,879,F1,1,,,,,
2026-07-30,2026-07-30,CM,BSE,STK,500220,INE711C01028,JASCH,XT,,,,,JASCH INDUSTRIES LTD.,320.00,328.70,312.90,312.90,312.90,329.35,,312.90,,,5358,1687037.00,65,F1,1,,,,,
2026-07-30,2026-07-30,CM,BSE,STK,500227,INE197D01010,JINDALPOLY,B,,,,,JINDAL POLY FILMS LIMITED,638.95,645.15,626.20,630.05,630.05,638.15,,629.85,,,1305,821968.00,123,F1,1,,,,,
2026-07-30,2026-07-30,CM,BSE,STK,500228,INE019A01038,JSWSTEEL,A,,,,,JSW STEEL LTD.,1272.30,1285.70,1262.00,1271.00,1271.00,1276.80,,1270.80,,,116881,148306471.00,3003,F1,1,,,,,
2026-07-30,2026-07-30,CM,BSE,STK,500233,INE217B01036,KAJARIACER,A,,,,,KAJARIA CERAMICS LTD.,1213.95,1219.40,1184.35,1191.80,1189.40,1209.90,,1192.00,,,8282,9916348.00,752,F1,1,,,,,
2026-07-30,2026-07-30,CM,BSE,STK,500234,INE437B01014,KAKATCEM,T,,,,,KAKATIYA CEMENT SUGAR & INDUST,120.00,122.80,116.85,121.20,122.35,123.00,,120.23,,,573,68199.00,26,F1,1,,,,,
2026-07-30,2026-07-30,CM,BSE,STK,500235,INE907A01026,KSL,B,,,,,KALYANI STEELS LTD.,889.30,889.30,880.00,882.15,884.60,891.35,,880.85,,,2291,2027338.00,330,F1,1,,,,,
2026-07-30,2026-07-30,CM,BSE,STK,500238,INE716A01013,WHIRLPOOL,A,,,,,WHIRLPOOL OF INDIA LTD.,797.95,825.00,785.00,805.45,805.45,789.95,,805.50,,,352289,284014401.00,2246,F1,1,,,,,
2026-07-30,2026-07-30,CM,BSE,STK,500239,INE104A01012,KGDENIM,X,,,,,KG DENIM LTD.,14.10,15.20,13.85,14.31,14.22,14.04,,14.31,,,4014,56675.00,36,F1,1,,,,,
2026-07-30,2026-07-30,CM,BSE,STK,500240,INE266B01017,KINETICENG,XT,,,,,KINETIC ENGINEERING LTD.,260.00,263.90,255.30,260.30,259.90,259.85,,260.30,,,7051,1833732.00,98,F1,1,,,,,
2026-07-30,2026-07-30,CM,BSE,STK,500241,INE732A01036,KIRLOSBROS,A,,,,,KIRLOSKAR BROTHERS LTD.,1864.85,1900.00,1821.25,1882.65,1882.65,1853.25,,1873.70,,,4203,7799886.00,469,F1,1,,,,,
2026-07-30,2026-07-30,CM,BSE,STK,500243,INE250A01039,KIRLOSIND,B,,,,,KIRLOSKAR INDUSTRIES LTD,3765.20,3788.05,3747.20,3749.95,3747.20,3752.80,,3759.20,,,201,757150.00,30,F1,1,,,,,
2026-07-30,2026-07-30,CM,BSE,STK,500245,INE884B01025,KIRLFER,B,,,,,KIRLOSKAR FERROUS INDUSTRIES L,473.50,473.50,465.00,465.80,465.35,474.05,,465.70,,,3063,1434903.00,274,F1,1,,,,,
2026-07-30,2026-07-30,CM,BSE,STK,500246,INE601C01013,ENVAIREL,XT,,,,,ENVAIR ELECTRODYNE LTD.,48.90,48.93,48.50,48.93,48.93,46.60,,48.93,,,4126,201853.00,29,F1,1,,,,,
2026-07-30,2026-07-30,CM,BSE,STK,500247,INE237A01036,KOTAKBANK,A,,,,,KOTAK MAHINDRA BANK LTD.,386.95,390.30,386.30,388.95,388.80,390.30,,389.40,,,707948,275097031.00,14515,F1,1,,,,,
2026-07-30,2026-07-30,CM,BSE,STK,500248,INE073A01019,KRIFILIND,X,,,,,KRISHNA FILAMENT INDUSTRIES LI,4.91,5.40,4.91,5.10,5.40,5.16,,5.10,,,11300,57420.00,21,F1,1,,,,,
2026-07-30,2026-07-30,CM,BSE,STK,500249,INE999A01023,KSB,A,,,,,KSB LIMITED,839.95,852.55,828.65,849.20,846.15,842.35,,847.65,,,92692,77274257.00,231,F1,1,,,,,
2026-07-30,2026-07-30,CM,BSE,STK,500250,INE337A01034,LGBBROSLTD,A,,,,,L.G.BALAKRISHNAN & BROS.LTD.,1578.95,1598.00,1571.45,1586.00,1586.00,1579.00,,1589.00,,,944,1496960.00,97,F1,1,,,,,
2026-07-30,2026-07-30,CM,BSE,STK,500251,INE849A01020,TRENT,A,,,,,TRENT LTD.,3032.85,3043.90,2980.70,2999.10,2999.10,3004.75,,2999.20,,,45391,136274650.00,12132,F1,1,,,,,
2026-07-30,2026-07-30,CM,BSE,STK,500252,INE269B01029,LMW,A,,,,,LMW Limited,16400.00,16449.00,16214.80,16252.70,16214.85,16428.45,,16242.00,,,75,1223016.00,47,F1,1,,,,,
2026-07-30,2026-07-30,CM,BSE,STK,500253,INE115A01026,LICHSGFIN,A,,,,,LIC HOUSING FINANCE LTD.,554.40,554.40,536.60,541.05,541.05,553.40,,540.90,,,38440,20848824.00,1630,F1,1,,,,,
2026-07-30,2026-07-30,CM,BSE,STK,500257,INE326A01037,LUPIN,A,,,,,LUPIN LTD.,2446.10,2475.00,2415.00,2419.10,2422.00,2449.80,,2421.10,,,60210,146239537.00,4118,F1,1,,,,,
2026-07-30,2026-07-30,CM,BSE,STK,500259,INE933A01014,LYKALABS,T,,,,,LYKA LABS LTD.,59.84,59.85,58.01,58.67,58.75,59.85,,58.89,,,1758,103156.00,32,F1,1,,,,,
2026-07-30,2026-07-30,CM,BSE,STK,500260,INE331A01037,RAMCOCEM,A,,,,,THE RAMCO CEMENTS LIMITED,926.55,926.55,908.30,914.15,913.00,923.80,,915.00,,,754038,688439847.00,461,F1,1,,,,,
2026-07-30,2026-07-30,CM,BSE,STK,500262,INE965B01022,HYBRIDFIN,T,,,,,HYBRID FINANCIAL SERVICES LIMI,18.97,18.97,18.02,18.80,18.80,18.85,,18.53,,,175,3198.00,7,F1,1,,,,,
2026-07-30,2026-07-30,CM,BSE,STK,500264,INE270B01035,MAFATIND,B,,,,,MAFATLAL INDUSTRIES LTD.,135.00,136.00,133.10,133.85,134.00,134.85,,133.44,,,10061,1354950.00,271,F1,1,,,,,
2026-07-30,2026-07-30,CM,BSE,STK,500265,INE271B01025,MAHSEAMLES,A,,,,,MAHARASHTRA SEAMLESS LTD.,582.05,582.10,571.55,572.60,573.95,582.10,,572.55,,,3659,2110068.00,208,F1,1,,,,,
2026-07-30,2026-07-30,CM,BSE,STK,500266,INE288A01013,MAHSCOOTER,A,,,,,MAHARASHTRA SCOOTERS LTD.,12601.05,12611.20,12301.15,12357.95,12372.00,12758.20,,12338.00,,,240,2989042.00,120,F1,1,,,,,
2026-07-30,2026-07-30,CM,BSE,STK,500267,INE201B01022,MAJESAUT,B,,,,,MAJESTIC AUTO LTD.,437.75,437.75,428.00,430.65,431.00,429.70,,429.15,,,1669,719541.00,72,F1,1,,,,,
2026-07-30,2026-07-30,CM,BSE,STK,500268,INE201A01024,MANALIPETC,B,,,,,MANALI PETROCHEMICAL LTD.,64.51,66.38,64.40,64.66,64.45,65.27,,64.53,,,13724,891211.00,238,F1,1,,,,,
2026-07-30,2026-07-30,CM,BSE,STK,500270,INE461A01024,BARODARY,X,,,,,BARODA RAYON CORPORATION LTD.,133.25,133.25,128.00,128.20,130.00,129.15,,128.20,,,207,26758.00,26,F1,1,,,,,
2026-07-30,2026-07-30,CM,BSE,STK,500271,INE180A01020,MFSL,A,,,,,Max Financial Services Limited,1519.00,1530.40,1498.40,1511.20,1508.30,1515.50,,1510.80,,,109589,165654329.00,1183,F1,1,,,,,
2026-07-30,2026-07-30,CM,BSE,STK,500277,INE401C01018,MIDINDIA,X,,,,,MID INDIA INDUSTRIES LTD.,6.45,6.45,6.35,6.35,6.35,5.97,,6.35,,,229,1457.00,5,F1,1,,,,,
2026-07-30,2026-07-30,CM,BSE,STK,500279,INE831A01028,ONIDA,T,,,,,ONIDA ELECTRONICS LIMITED,37.60,38.00,36.61,37.27,37.27,37.60,,37.51,,,66826,2494173.00,157,F1,1,,,,,
2026-07-30,2026-07-30,CM,BSE,STK,500280,INE485A01015,CENTENKA,B,,,,,CENTURY ENKA LTD.,611.00,624.65,603.70,606.05,605.95,611.50,,606.00,,,19208,11793170.00,613,F1,1,,,,,
2026-07-30,2026-07-30,CM,BSE,STK,500284,INE846D01012,LORDSCHLO,B,,,,,LORDS CHLORO ALKALI LTD.,148.00,148.00,140.65,142.25,142.85,142.35,,141.39,,,8597,1228648.00,142,F1,1,,,,,
2026-07-30,2026-07-30,CM,BSE,STK,500285,INE285B01017,SPICEJET,B,,,,,SPICEJET LTD.,11.46,11.46,11.17,11.27,11.27,11.46,,11.27,,,7897439,89059807.00,3583,F1,1,,,,,
2026-07-30,2026-07-30,CM,BSE,STK,500288,INE083A01026,MOREPENLAB,B,,,,,MOREPEN LABORATORIES LTD.,57.90,57.90,56.06,56.48,56.48,57.82,,56.42,,,208354,11813724.00,965,F1,1,,,,,
2026-07-30,2026-07-30,CM,BSE,STK,500290,INE883A01011,MRF,A,,,,,MRF LTD.,134245.75,135450.00,133520.40,134898.45,135000.00,134162.50,,134860.00,,,218,29365218.00,166,F1,1,,,,,
2026-07-30,2026-07-30,CM,BSE,STK,500292,INE578A01017,HEIDELBERG,B,,,,,HEIDELBERGCEMENT INDIA LTD.,156.55,156.55,152.25,152.95,152.95,154.65,,152.84,,,8301,1276750.00,216,F1,1,,,,,
2026-07-30,2026-07-30,CM,BSE,STK,500294,INE868B01028,NCC,A,,,,,NCC LIMITED,142.25,142.40,140.55,140.95,140.55,142.10,,140.91,,,66148,9352842.00,715,F1,1,,,,,
2026-07-30,2026-07-30,CM,BSE,STK,500295,INE205A01025,VEDL,A,,,,,VEDANTA LIMITED,265.10,269.55,263.40,267.60,267.60,264.50,,267.50,,,744481,197995911.00,9907,F1,1,,,,,
2026-07-30,2026-07-30,CM,BSE,STK,500296,INE290A01027,NAHARSPING,T,,,,,NAHAR SPINNING MILLS LTD.,285.75,290.95,277.10,277.25,277.10,277.15,,277.75,,,204,57028.00,7,F1,1,,,,,
2026-07-30,2026-07-30,CM,BSE,STK,500298,INE585A01020,NAPEROL,X,,,,,Naperol Investments Limited,628.45,649.00,628.45,647.85,640.00,633.15,,647.85,,,349,223338.00,28,F1,1,,,,,
2026-07-30,2026-07-30,CM,BSE,STK,500300,INE047A01021,GRASIM,A,,,,,GRASIM INDUSTRIES LTD.,3058.55,3111.35,3058.55,3104.05,3110.40,3112.00,,3104.80,,,6728,20844481.00,785,F1,1,,,,,
2026-07-30,2026-07-30,CM,BSE,STK,500304,INE161A01038,NIITLTD,B,,,,,NIIT LTD.,98.80,98.80,94.40,94.85,95.30,97.95,,95.08,,,21032,2017034.00,225,F1,1,,,,,
2026-07-30,2026-07-30,CM,BSE,STK,500306,INE903A01025,JAYKAY,B,,,,,Jaykay Enterprises Limited,160.00,162.20,157.00,158.30,158.70,160.40,,158.04,,,3548,563369.00,139,F1,1,,,,,
2026-07-30,2026-07-30,CM,BSE,STK,500307,INE910A01012,NIRLON,B,,,,,NIRLON LTD.,627.60,627.60,619.20,623.35,623.35,619.00,,620.40,,,43,26789.00,12,F1,1,,,,,
2026-07-30,2026-07-30,CM,BSE,STK,500312,INE213A01029,ONGC,A,,,,,OIL AND NATURAL GAS CORPORATIO,241.85,244.30,239.10,241.60,241.60,238.25,,241.59,,,327815,79459081.00,4057,F1,1,,,,,
2026-07-30,2026-07-30,CM,BSE,STK,500313,INE591A01010,OILCOUNTUB,T,,,,,OIL COUNTRY TUBULAR LTD.,54.21,58.49,54.21,55.32,55.33,56.13,,56.01,,,557,30933.00,14,F1,1,,,,,
2026-07-30,2026-07-30,CM,BSE,STK,500314,INE750A01020,ORIENTHOT,B,,,,,ORIENTAL HOTELS LTD.,136.15,136.15,132.15,132.65,132.95,134.95,,132.75,,,10637,1421341.00,205,F1,1,,,,,
2026-07-30,2026-07-30,CM,BSE,STK,500317,INE142A01012,OSWALAGRO,B,,,,,OSWAL AGRO MILLS LTD.,37.24,40.00,37.24,38.48,38.50,38.43,,37.97,,,8651,336399.00,102,F1,1,,,,,
2026-07-30,2026-07-30,CM,BSE,STK,500319,INE557C01017,INDSUCR,X,,,,,INDIAN SUCROSE LTD.,74.70,74.70,72.40,73.02,73.00,72.88,,73.02,,,3065,224844.00,43,F1,1,,,,,
2026-07-30,2026-07-30,CM,BSE,STK,500325,INE002A01018,RELIANCE,A,,,,,RELIANCE INDUSTRIES LTD.,1276.15,1298.00,1274.80,1294.40,1294.40,1276.00,,1293.10,,,1751334,2260643344.00,31647,F1,1,,,,,
2026-07-30,2026-07-30,CM,BSE,STK,500327,INE600A01035,PILITA,T,,,,,Pil Italica Lifestyle Limited,8.23,9.07,8.23,8.58,8.58,8.65,,8.63,,,16898,145183.00,33,F1,1,,,,,
2026-07-30,2026-07-30,CM,BSE,STK,500330,INE301A01014,RAYMOND,A,,,,,RAYMOND LTD.,587.00,590.40,578.30,582.20,580.05,588.55,,582.20,,,16751,9735391.00,460,F1,1,,,,,
2026-07-30,2026-07-30,CM,BSE,STK,500331,INE318A01026,PIDILITIND,A,,,,,PIDILITE INDUSTRIES LTD.,1639.85,1639.85,1618.95,1627.75,1627.75,1629.60,,1629.70,,,82153,133614748.00,3714,F1,1,,,,,
2026-07-30,2026-07-30,CM,BSE,STK,500333,INE751B01018,PIXTRANS,B,,,,,PIX TRANSMISSIONS LTD.,1750.00,1750.00,1681.00,1689.15,1681.00,1724.50,,1690.60,,,460,785397.00,150,F1,1,,,,,
2026-07-30,2026-07-30,CM,BSE,STK,500335,INE340A01012,BIRLACORPN,A,,,,,BIRLA CORPORATION LTD.,902.45,902.45,878.95,884.05,883.70,889.00,,885.00,,,3258,2886285.00,282,F1,1,,,,,
2026-07-30,2026-07-30,CM,BSE,STK,500336,INE335A01020,SURYAROSNI,B,,,,,SURYA ROSHNI LTD.,238.25,240.55,237.20,238.45,238.20,239.45,,239.10,,,6868,1638297.00,218,F1,1,,,,,
2026-07-30,2026-07-30,CM,BSE,STK,500337,INE032B01021,PRIMESECU,B,,,,,PRIME SECURITIES LTD.,275.70,277.00,275.70,276.70,277.00,274.55,,277.20,,,13,3597.00,3,F1,1,,,,,
2026-07-30,2026-07-30,CM,BSE,STK,500338,INE010A01011,PRSMJOHNSN,B,,,,,PRISM JOHNSON LIMITED.,107.70,107.70,104.30,105.10,105.00,107.70,,104.86,,,13614,1437002.00,289,F1,1,,,,,
2026-07-30,2026-07-30,CM,BSE,STK,500339,INE855B01025,RAIN,A,,,,,RAIN INDUSTRIES LIMITED,225.00,225.00,219.70,221.40,221.40,224.30,,221.66,,,108268,24019458.00,1114,F1,1,,,,,
2026-07-30,2026-07-30,CM,BSE,STK,500342,INE024D01016,PRUDMOULI,T,,,,,PRUDENTIAL SUGAR CORPORATION L,12.95,12.99,12.40,12.54,12.60,12.95,,12.83,,,611,7694.00,9,F1,1,,,,,
2026-07-30,2026-07-30,CM,BSE,STK,500343,INE606A01024,AMJLAND,B,,,,,AMJ LAND HOLDINGS LIMITED,38.89,38.89,38.17,38.17,38.17,37.35,,39.11,,,215,8302.00,11,F1,1,,,,,
2026-07-30,2026-07-30,CM,BSE,STK,500346,INE609A01010,PUNJCOMMU,B,,,,,PUNJAB COMMUNICATIONS LTD.,48.98,48.98,48.40,48.66,48.64,48.00,,48.66,,,361,17620.00,14,F1,1,,,,,
2026-07-30,2026-07-30,CM,BSE,STK,500350,INE611A01016,RSWM,T,,,,,RSWM LTD.,216.25,219.00,210.75,210.90,210.75,217.55,,210.56,,,1299,279264.00,29,F1,1,,,,,
2026-07-30,2026-07-30,CM,BSE,STK,500354,INE562B01019,RAJSREESUG,B,,,,,RAJSHREE SUGARS & CHEMICALS LT,30.03,30.03,29.17,29.18,29.18,29.52,,29.21,,,6078,179731.00,39,F1,1,,,,,
2026-07-30,2026-07-30,CM,BSE,STK,500355,INE613A01020,RALLIS,A,,,,,RALLIS INDIA LTD.,220.05,220.05,215.80,216.95,217.00,218.60,,217.01,,,42597,9235448.00,778,F1,1,,,,,
2026-07-30,2026-07-30,CM,BSE,STK,500356,INE278B01020,RAMANEWS,B,,,,,SHREE RAMA NEWSPRINT LTD.,29.00,29.38,29.00,29.29,29.38,28.39,,28.91,,,879,25747.00,3,F1,1,,,,,
2026-07-30,2026-07-30,CM,BSE,STK,500357,INE425E01013,RAMAPPR-B,Z,,,,,RAMA PAPER MILLS LTD.,12.15,12.15,11.10,12.15,12.15,11.60,,12.15,,,478,5391.00,8,F1,1,,,,,
2026-07-30,2026-07-30,CM,BSE,STK,500360,INE350D01015,RAPICUT,XT,,,,,RAPICUT CARBIDES LTD.,232.00,250.80,232.00,241.65,241.60,239.20,,241.65,,,1343,327449.00,34,F1,1,,,,,
2026-07-30,2026-07-30,CM,BSE,STK,500365,INE731F01037,WELSPLSOL,B,,,,,WELSPUN SPECIALTY SOLUTIONS LI,50.55,51.80,50.50,51.16,51.00,51.57,,51.16,,,27773,1417571.00,251,F1,1,,,,,
2026-07-30,2026-07-30,CM,BSE,STK,500367,INE642C01025,RUBFILA,B,,,,,RUBFILA INTERNATIONAL LTD.,71.10,72.25,70.77,71.92,71.44,70.77,,71.54,,,933,66954.00,37,F1,1,,,,,
2026-07-30,2026-07-30,CM,BSE,STK,500368,INE619A01035,PATANJALI,A,,,,,Patanjali Foods Limited,359.50,361.60,354.80,356.65,356.65,356.70,,356.35,,,394289,140929886.00,75930,F1,1,,,,,
2026-07-30,2026-07-30,CM,BSE,STK,500371,INE538C01017,SAMTELIN,XT,,,,,SAMTEL INDIA LTD.,45.85,50.67,45.85,45.85,45.85,48.26,,45.85,,,26794,1241839.00,127,F1,1,,,,,
2026-07-30,2026-07-30,CM,BSE,STK,500378,INE324A01032,JINDALSAW,A,,,,,JINDAL SAW LTD.,253.00,256.45,253.00,254.30,254.60,257.45,,254.30,,,30447,7757441.00,720,F1,1,,,,,
2026-07-30,2026-07-30,CM,BSE,STK,500380,INE786A01032,JKLAKSHMI,A,,,,,JK LAKSHMI CEMENT LTD.,564.50,582.50,562.35,566.40,566.00,564.50,,566.20,,,10460,5954877.00,470,F1,1,,,,,
2026-07-30,2026-07-30,CM,BSE,STK,500387,INE070A01015,SHREECEM,A,,,,,SHREE CEMENT LTD.,26825.05,26825.05,26324.75,26442.80,26477.15,26782.15,,26455.00,,,453,11986565.00,168,F1,1,,,,,
2026-07-30,2026-07-30,CM,BSE,STK,500400,INE245A01021,TATAPOWER,A,,,,,TATA POWER CO.LTD.,377.30,377.85,374.25,376.00,376.00,377.00,,375.95,,,149706,56305342.00,2888,F1,1,,,,,
2026-07-30,2026-07-30,CM,BSE,STK,500402,INE937A01023,SPMLINFRA,B,,,,,SPML INFRA LIMITED,192.60,195.15,190.65,192.70,192.70,196.10,,192.34,,,17661,3412293.00,238,F1,1,,,,,
2026-07-30,2026-07-30,CM,BSE,STK,500403,INE387A01021,SUNDRMFAST,A,,,,,SUNDRAM FASTENERS LTD.,970.00,976.45,957.65,965.45,961.70,961.25,,966.15,,,202324,195853457.00,333,F1,1,,,,,
2026-07-30,2026-07-30,CM,BSE,STK,500404,INE947A01014,SUNFLAG,B,,,,,SUNFLAG IRON & STEEL CO.LTD.,368.45,368.45,354.00,357.70,357.80,360.20,,357.80,,,3509,1259024.00,169,F1,1,,,,,
2026-07-30,2026-07-30,CM,BSE,STK,500405,INE663A01033,SPLPETRO,A,,,,,SUPREME PETROCHEM LTD.,733.00,733.00,701.00,705.65,705.90,733.35,,703.75,,,10211,7283711.00,480,F1,1,,,,,
2026-07-30,2026-07-30,CM,BSE,STK,500407,INE277A01016,SWARAJENG,B,,,,,SWARAJ ENGINES LTD.,3565.00,3658.10,3562.20,3610.30,3621.65,3566.70,,3607.70,,,493,1781280.00,109,F1,1,,,,,
2026-07-30,2026-07-30,CM,BSE,STK,500408,INE670A01012,TATAELXSI,A,,,,,TATA ELXSI LTD.,3679.95,3720.00,3643.00,3658.40,3649.00,3672.45,,3658.30,,,16474,60506572.00,2222,F1,1,,,,,
2026-07-30,2026-07-30,CM,BSE,STK,500410,INE012A01025,ACC,A,,,,,ACC LTD.,1380.95,1380.95,1344.80,1357.95,1356.80,1370.40,,1356.50,,,5311,7190859.00,447,F1,1,,,,,
2026-07-30,2026-07-30,CM,BSE,STK,500411,INE152A01029,THERMAX,A,,,,,THERMAX LTD.,4350.00,4353.40,4243.15,4250.70,4250.70,4373.85,,4251.50,,,23078,99175573.00,731,F1,1,,,,,
2026-07-30,2026-07-30,CM,BSE,STK,500412,INE338A01024,TIRUMALCHM,B,,,,,THIRUMALAI CHEMICALS LTD.,170.75,171.95,167.60,168.20,168.55,169.65,,168.86,,,33759,5705915.00,311,F1,1,,,,,
2026-07-30,2026-07-30,CM,BSE,STK,500413,INE332A01027,THOMASCOOK,A,,,,,THOMAS COOK (INDIA) LTD.,99.85,100.20,98.60,99.45,99.45,99.95,,99.33,,,44530,4432079.00,459,F1,1,,,,,
2026-07-30,2026-07-30,CM,BSE,STK,500414,INE064A01026,TIMEX,B,,,,,TIMEX GROUP INDIA LTD.,533.50,552.65,515.40,530.20,531.10,554.70,,530.45,,,241558,128497528.00,7619,F1,1,,,,,
2026-07-30,2026-07-30,CM,BSE,STK,500420,INE685A01028,TORNTPHARM,A,,,,,TORRENT PHARMACEUTICALS LTD.,4875.50,4950.50,4861.25,4870.65,4870.00,4877.40,,4872.10,,,56095,275696833.00,5202,F1,1,,,,,
2026-07-30,2026-07-30,CM,BSE,STK,500421,INE578C01021,TPINDIA,X,,,,,TPI INDIA LTD.,17.94,17.94,17.50,17.67,17.60,17.59,,17.67,,,300335,5302418.00,35,F1,1,,,,,
2026-07-30,2026-07-30,CM,BSE,STK,500422,INE019B01010,TRANSCHEM,XT,,,,,TRANSCHEM LTD.,330.00,330.00,299.60,299.60,299.60,315.35,,299.60,,,6823,2044614.00,47,F1,1,,,,,
2026-07-30,2026-07-30,CM,BSE,STK,500425,INE079A01024,AMBUJACEM,A,,,,,AMBUJA CEMENTS LTD.,432.65,435.95,427.05,434.30,434.30,435.05,,434.20,,,95486,41115967.00,2574,F1,1,,,,,
2026-07-30,2026-07-30,CM,BSE,STK,500426,INE184E01024,UTLINDS,X,,,,,UTL INDUSTRIES LIMITED,1.50,1.59,1.50,1.59,1.59,1.50,,1.59,,,26644,40295.00,28,F1,1,,,,,
2026-07-30,2026-07-30,CM,BSE,STK,500429,INE037A01022,UNIENTER,B,,,,,UNIPHOS ENTERPRISES LTD.,95.60,96.35,95.55,95.90,96.35,95.15,,95.41,,,126,12090.00,15,F1,1,,,,,
2026-07-30,2026-07-30,CM,BSE,STK,500439,INE701A01023,VHL,B,,,,,VARDHMAN HOLDINGS LTD.,3500.00,3500.00,3353.70,3364.70,3353.70,3462.00,,3347.80,,,55,190057.00,43,F1,1,,,,,
2026-07-30,2026-07-30,CM,BSE,STK,500440,INE038A01020,HINDALCO,A,,,,,HINDALCO INDUSTRIES LTD.,963.15,972.85,960.55,970.80,969.90,962.25,,970.40,,,96104,92942239.00,3418,F1,1,,,,,
2026-07-30,2026-07-30,CM,BSE,STK,500444,INE976A01021,WSTCSTPAPR,B,,,,,West Coast Paper Mills Limited,563.20,567.00,557.55,562.40,562.40,571.30,,562.50,,,7418,4173195.00,352,F1,1,,,,,
2026-07-30,2026-07-30,CM,BSE,STK,500449,INE048A01011,HOCL,T,,,,,HINDUSTAN ORGANIC CHEMICALS LT,37.49,37.49,36.10,36.54,36.54,36.95,,36.54,,,41078,1499014.00,110,F1,1,,,,,
2026-07-30,2026-07-30,CM,BSE,STK,500450,INE844C01027,MPILCORPL,XT,,,,,MPIL CORPORATION LTD.,416.85,416.85,416.85,416.85,416.85,417.65,,416.85,,,5,2084.00,1,F1,1,,,,,
2026-07-30,2026-07-30,CM,BSE,STK,500456,INE818B01023,PASUPTAC,T,,,,,PASUPATI ACRYLON LTD.,59.45,60.00,58.05,58.05,58.05,58.08,,58.07,,,1816,107463.00,29,F1,1,,,,,
2026-07-30,2026-07-30,CM,BSE,STK,500458,INE601A01017,TEAM24,X,,,,,TEAM24 CONSUMER PRODUCTS LIMIT,28.96,28.96,27.93,28.50,28.50,28.96,,28.50,,,7173,204401.00,27,F1,1,,,,,
2026-07-30,2026-07-30,CM,BSE,STK,500459,INE179A01014,PGHH,A,,,,,PROCTER & GAMBLE HYGIENE & HEA,8625.05,8653.15,8448.00,8476.50,8503.25,8592.05,,8477.00,,,41593,351956557.00,509,F1,1,,,,,
2026-07-30,2026-07-30,CM,BSE,STK,500460,INE304A01026,MUKANDLTD,B,,,,,MUKAND LTD.,139.25,140.00,138.50,139.40,139.90,139.40,,139.89,,,3581,499619.00,42,F1,1,,,,,
2026-07-30,2026-07-30,CM,BSE,STK,500463,INE676A01027,BBOX,A,,,,,BLACK BOX LIMITED,743.90,743.95,725.75,728.05,726.80,740.15,,726.85,,,13163,9662396.00,750,F1,1,,,,,
2026-07-30,2026-07-30,CM,BSE,STK,500464,INE139B01016,UCAL,B,,,,,UCAL LIMITED,116.00,116.00,115.00,115.00,115.00,116.00,,115.09,,,1324,152837.00,12,F1,1,,,,,
2026-07-30,2026-07-30,CM,BSE,STK,500467,INE544A01019,HARRMALAYA,B,,,,,HARRISONS MALAYALAM LTD.,217.95,217.95,210.10,210.25,210.10,215.20,,210.01,,,211,44728.00,24,F1,1,,,,,
2026-07-30,2026-07-30,CM,BSE,STK,500469,INE171A01029,FEDERALBNK,A,,,,,FEDERAL BANK LTD.,359.15,359.35,352.50,354.10,354.10,359.15,,354.15,,,710987,252267893.00,3298,F1,1,,,,,
2026-07-30,2026-07-30,CM,BSE,STK,500470,INE081A01020,TATASTEEL,A,,,,,TATA STEEL LTD.,188.00,188.80,186.10,186.95,186.95,187.30,,186.92,,,844124,158026288.00,20648,F1,1,,,,,
2026-07-30,2026-07-30,CM,BSE,STK,500472,INE640A01023,SKFINDIA,A,,,,,SKF INDIA LIMITED,1490.75,1494.55,1461.00,1471.90,1474.00,1478.20,,1472.40,,,1415,2090009.00,273,F1,1,,,,,
2026-07-30,2026-07-30,CM,BSE,STK,500477,INE208A01029,ASHOKLEY,A,,,,,ASHOK LEYLAND LTD.,157.65,159.30,155.60,158.30,158.30,158.10,,158.10,,,829369,130212256.00,7285,F1,1,,,,,
2026-07-30,2026-07-30,CM,BSE,STK,500480,INE298A01020,CUMMINSIND,A,,,,,CUMMINS INDIA LTD.,5428.90,5428.90,5316.85,5394.10,5407.80,5380.65,,5396.00,,,4994,26787841.00,2016,F1,1,,,,,
2026-07-30,2026-07-30,CM,BSE,STK,500483,INE151A01013,TATACOMM,A,,,,,TATA COMMUNICATIONS LTD.,1794.85,1803.40,1761.00,1774.40,1783.20,1780.00,,1773.70,,,3344,5962480.00,529,F1,1,,,,,
2026-07-30,2026-07-30,CM,BSE,STK,500488,INE358A01014,ABBOTINDIA,A,,,,,ABBOTT INDIA LTD.,27769.10,27815.00,27518.50,27566.00,27584.70,27720.05,,27555.00,,,384,10626376.00,188,F1,1,,,,,
2026-07-30,2026-07-30,CM,BSE,STK,500490,INE118A01012,BAJAJHLDNG,A,,,,,BAJAJ HOLDINGS & INVESTMENT LT,10899.00,10986.25,10888.15,10970.85,10949.00,10954.95,,10970.00,,,1163,12733634.00,399,F1,1,,,,,
2026-07-30,2026-07-30,CM,BSE,STK,500493,INE465A01025,BHARATFORG,A,,,,,BHARAT FORGE LTD.,2189.80,2189.80,2142.30,2165.35,2158.65,2170.35,,2164.70,,,11989,25890881.00,1764,F1,1,,,,,
2026-07-30,2026-07-30,CM,BSE,STK,500495,INE042A01014,ESCORTS,A,,,,,Escorts Kubota Limited,3031.85,3031.85,2986.85,3010.85,3002.30,3016.40,,3013.60,,,1290,3872220.00,195,F1,1,,,,,
2026-07-30,2026-07-30,CM,BSE,STK,500500,INE253A01025,HINDMOTORS,XT,,,,,HINDUSTAN MOTORS LTD.,15.68,15.68,15.05,15.29,15.29,15.54,,15.29,,,86525,1327940.00,745,F1,1,,,,,
2026-07-30,2026-07-30,CM,BSE,STK,500510,INE018A01030,LT,A,,,,,LARSEN & TOUBRO LTD.,3941.00,3952.00,3882.70,3938.45,3938.45,3930.35,,3937.70,,,106453,418549412.00,16887,F1,1,,,,,
2026-07-30,2026-07-30,CM,BSE,STK,500520,INE101A01026,M&M,A,,,,,MAHINDRA & MAHINDRA LTD.,3223.15,3325.00,3193.75,3278.90,3278.90,3223.15,,3283.20,,,437863,1431129340.00,42483,F1,1,,,,,
2026-07-30,2026-07-30,CM,BSE,STK,500530,INE323A01026,BOSCHLTD,A,,,,,BOSCH LTD.,41065.05,41570.00,40904.50,41520.85,41570.00,41062.25,,41550.00,,,1470,60693953.00,386,F1,1,,,,,
2026-07-30,2026-07-30,CM,BSE,STK,500540,INE342A01018,PREMIER,T,,,,,PREMIER LTD.,2.78,2.82,2.77,2.82,2.82,2.82,,2.78,,,970,2704.00,10,F1,1,,,,,
2026-07-30,2026-07-30,CM,BSE,STK,500547,INE029A01011,BPCL,A,,,,,BHARAT PETROLEUM CORPORATION L,316.80,318.15,313.00,316.00,314.75,317.35,,315.80,,,331164,104609751.00,3787,F1,1,,,,,
2026-07-30,2026-07-30,CM,BSE,STK,500550,INE003A01024,SIEMENS,A,,,,,SIEMENS LTD.,3639.00,3665.95,3582.95,3658.20,3664.00,3650.70,,3658.80,,,9481,34398126.00,1789,F1,1,,,,,
2026-07-30,2026-07-30,CM,BSE,STK,500570,INE155A01022,TMPV,A,,,,,TATA MOTORS PASSENGER VEHICLES,327.90,334.95,327.80,334.00,334.00,329.85,,334.20,,,1009102,335157039.00,10743,F1,1,,,,,
2026-07-30,2026-07-30,CM,BSE,STK,500575,INE226A01021,VOLTAS,A,,,,,VOLTAS LTD.,1315.25,1338.70,1297.40,1332.35,1332.35,1313.60,,1333.20,,,17312,22902198.00,1773,F1,1,,,,,
2026-07-30,2026-07-30,CM,BSE,STK,500620,INE017A01032,GESHIP,A,,,,,GREAT EASTERN SHIPPING CO.LTD.,1387.60,1399.25,1361.05,1372.35,1373.60,1369.70,,1371.30,,,10870,14926406.00,990,F1,1,,,,,
2026-07-30,2026-07-30,CM,BSE,STK,500645,INE501A01019,DEEPAKFERT,A,,,,,DEEPAK FERTILISERS & PETROCHEM,1620.40,1659.00,1514.30,1528.95,1528.95,1625.55,,1532.10,,,144441,230621874.00,5879,F1,1,,,,,
2026-07-30,2026-07-30,CM,BSE,STK,500650,INE369A01029,EXCELINDUS,B,,,,,EXCEL INDUSTRIES LTD.,951.65,997.00,951.65,993.15,991.55,1000.15,,994.95,,,193,190087.00,25,F1,1,,,,,
2026-07-30,2026-07-30,CM,BSE,STK,500655,INE291A01017,GRWRHITECH,A,,,,,GARWARE HI-TECH FILMS LIMITED,6942.10,6962.90,6757.15,6885.20,6900.00,6975.85,,6897.00,,,1175,8031040.00,329,F1,1,,,,,
2026-07-30,2026-07-30,CM,BSE,STK,500660,INE159A01016,GLAXO,A,,,,,GLAXOSMITHKLINE PHARMACEUTICAL,2609.95,2636.00,2590.00,2609.65,2606.85,2627.35,,2610.70,,,2303,6027940.00,466,F1,1,,,,,
2026-07-30,2026-07-30,CM,BSE,STK,500670,INE113A01013,GNFC,A,,,,,GUJARAT NARMADA VALLEY FERTILI,521.25,531.25,520.60,527.40,527.40,525.30,,527.05,,,22432,11807262.00,894,F1,1,,,,,
2026-07-30,2026-07-30,CM,BSE,STK,500672,INE234A01025,NOVARTIND,B,,,,,NOVARTIS INDIA LTD.,1629.90,1648.00,1570.00,1572.85,1572.85,1595.75,,1575.40,,,2125,3442154.00,324,F1,1,,,,,
2026-07-30,2026-07-30,CM,BSE,STK,500674,INE058A01010,SANOFI,A,,,,,SANOFI INDIA LTD,3416.50,3420.00,3358.10,3366.90,3365.00,3422.45,,3366.30,,,1001,3382658.00,238,F1,1,,,,,
2026-07-30,2026-07-30,CM,BSE,STK,500680,INE182A01018,PFIZER,A,,,,,PFIZER LTD.,4752.00,4811.00,4737.80,4799.05,4800.00,4754.75,,4801.30,,,429,2051992.00,154,F1,1,,,,,
2026-07-30,2026-07-30,CM,BSE,STK,500690,INE026A01025,GSFC,A,,,,,GUJARAT STATE FERTILIZERS & CH,161.15,162.15,159.05,159.50,159.50,160.60,,159.25,,,16887,2715407.00,494,F1,1,,,,,
2026-07-30,2026-07-30,CM,BSE,STK,500696,INE030A01027,HINDUNILVR,A,,,,,HINDUSTAN UNILEVER LTD.,2118.00,2132.00,2087.35,2108.05,2108.05,2118.15,,2107.90,,,88015,185595886.00,15270,F1,1,,,,,
2026-07-30,2026-07-30,CM,BSE,STK,500710,INE133A01011,JSWDULUX,A,,,,,JSW Dulux Limited,2975.65,3002.90,2945.70,2954.75,2947.45,2975.65,,2953.40,,,310,921811.00,95,F1,1,,,,,
2026-07-30,2026-07-30,CM,BSE,STK,500730,INE163A01018,NOCIL,B,,,,,NOCIL LTD.,166.50,166.80,159.20,159.60,160.00,166.40,,159.67,,,39378,6358848.00,823,F1,1,,,,,
2026-07-30,2026-07-30,CM,BSE,STK,500770,INE092A01019,TATACHEM,A,,,,,TATA CHEMICALS LTD.,679.40,679.40,668.25,670.30,670.30,678.40,,670.30,,,17790,11982298.00,968,F1,1,,,,,
2026-07-30,2026-07-30,CM,BSE,STK,500777,INE148A01019,TNPETRO,B,,,,,TAMILNADU PETROPRODUCTS LTD.,94.00,98.28,93.75,97.94,97.84,94.23,,97.97,,,11591,1122923.00,207,F1,1,,,,,
2026-07-30,2026-07-30,CM,BSE,STK,500780,INE217A01012,ZUARIIND,B,,,,,Zuari Industries Limited,261.75,262.50,259.05,262.35,262.50,260.60,,262.30,,,4946,1287118.00,135,F1,1,,,,,
2026-07-30,2026-07-30,CM,BSE,STK,500790,INE239A01024,NESTLEIND,A,,,,,NESTLE INDIA LTD.,1495.10,1532.50,1495.10,1520.50,1520.50,1498.85,,1520.70,,,263747,400989279.00,9017,F1,1,,,,,
2026-07-30,2026-07-30,CM,BSE,STK,500800,INE192A01025,TATACONSUM,A,,,,,TATA CONSUMER PRODUCTS LIMITED,1096.90,1108.25,1091.25,1094.35,1094.35,1096.90,,1094.20,,,35166,38664614.00,1858,F1,1,,,,,
2026-07-30,2026-07-30,CM,BSE,STK,500820,INE021A01026,ASIANPAINT,A,,,,,ASIAN PAINTS LTD.,2765.00,2770.00,2667.00,2746.90,2746.90,2759.15,,2746.20,,,118181,321803448.00,18202,F1,1,,,,,
2026-07-30,2026-07-30,CM,BSE,STK,500825,INE216A01030,BRITANNIA,A,,,,,BRITANNIA INDUSTRIES LTD.,5500.30,5561.45,5484.00,5521.55,5535.00,5514.80,,5524.50,,,30645,169557131.00,2557,F1,1,,,,,
2026-07-30,2026-07-30,CM,BSE,STK,500830,INE259A01022,COLPAL,A,,,,,COLGATE-PALMOLIVE (INDIA) LTD.,2181.85,2181.85,2082.00,2084.90,2086.90,2166.05,,2084.80,,,63930,134402348.00,2436,F1,1,,,,,
2026-07-30,2026-07-30,CM,BSE,STK,500840,INE230A01023,EIHOTEL,A,,,,,EIH LTD.,338.95,338.95,330.70,332.25,332.15,335.50,,332.05,,,8753,2911205.00,417,F1,1,,,,,
2026-07-30,2026-07-30,CM,BSE,STK,500850,INE053A01029,INDHOTEL,A,,,,,THE INDIAN HOTELS COMPANY LTD,743.75,750.35,734.05,749.15,746.00,737.85,,749.25,,,300059,222258474.00,1754,F1,1,,,,,
2026-07-30,2026-07-30,CM,BSE,STK,500870,INE172A01027,CASTROLIND,A,,,,,CASTROL INDIA LTD.,184.05,185.90,184.05,184.80,185.00,185.00,,184.82,,,70156,12985013.00,1932,F1,1,,,,,
2026-07-30,2026-07-30,CM,BSE,STK,500875,INE154A01025,ITC,A,,,,,ITC LTD.,286.75,288.45,283.75,285.25,285.25,286.10,,285.05,,,420862,120362409.00,16048,F1,1,,,,,
2026-07-30,2026-07-30,CM,BSE,STK,500877,INE438A01022,APOLLOTYRE,A,,,,,APOLLO TYRES LTD.,427.90,431.00,422.35,422.90,422.90,424.15,,423.15,,,66923,28490984.00,3733,F1,1,,,,,
2026-07-30,2026-07-30,CM,BSE,STK,500878,INE482A01020,CEATLTD,A,,,,,CEAT LTD.,3456.85,3521.05,3417.85,3463.15,3465.70,3427.45,,3464.00,,,7557,26241729.00,855,F1,1,,,,,
2026-07-30,2026-07-30,CM,BSE,STK,500890,INE832A01018,MODIRUBBER,B,,,,,MODI RUBBER LTD.,117.55,122.00,117.55,120.50,120.50,118.85,,121.34,,,11,1324.00,3,F1,1,,,,,
2026-07-30,2026-07-30,CM,BSE,STK,500940,INE183A01024,FINPIPE,A,,,,,FINOLEX INDUSTRIES LTD.,165.50,165.80,162.30,162.80,163.00,164.95,,162.91,,,36400,5971142.00,600,F1,1,,,,,
2026-07-30,2026-07-30,CM,BSE,STK,501148,INE422D01012,DSINVEST,XT,,,,,DALAL STREET INVESTMENTS LTD.,400.00,400.00,400.00,400.00,400.00,400.00,,400.00,,,5,2000.00,1,F1,1,,,,,
2026-07-30,2026-07-30,CM,BSE,STK,501150,INE660C01027,CENTRUM,B,,,,,CENTRUM CAPITAL LTD.,22.93,23.75,22.93,23.22,23.28,23.48,,23.04,,,10782,251350.00,108,F1,1,,,,,
2026-07-30,2026-07-30,CM,BSE,STK,501151,INE524U01019,KARTKIN,XT,,,,,KARTIK INVESTMENTS TRUST LTD.,8351.75,8351.75,8026.00,8351.00,8351.00,8188.00,,8351.00,,,22,180151.00,9,F1,1,,,,,
2026-07-30,2026-07-30,CM,BSE,STK,501242,INE911B01018,TCIFINANCE,T,,,,,TCI FINANCE LTD.,15.15,15.50,14.65,15.29,15.29,15.24,,15.00,,,966,14395.00,18,F1,1,,,,,
2026-07-30,2026-07-30,CM,BSE,STK,501295,INE886A01014,IITL,B,,,,,INDUSTRIAL INVESTMENT TRUST LT,136.50,137.05,133.50,135.65,137.05,136.05,,135.83,,,7532,1020902.00,99,F1,1,,,,,
2026-07-30,2026-07-30,CM,BSE,STK,501298,INE620D01011,INDPRUD,B,,,,,INDUSTRIAL & PRUDENTIAL INVEST,6600.00,6600.00,6600.00,6600.00,6600.00,6500.00,,6501.00,,,1,6600.00,1,F1,1,,,,,
2026-07-30,2026-07-30,CM,BSE,STK,501301,INE672A01026,TATAINVEST,A,,,,,TATA INVESTMENT CORPORATION LT,688.80,688.80,674.00,678.85,679.40,674.60,,678.65,,,13308,9030773.00,791,F1,1,,,,,
2026-07-30,2026-07-30,CM,BSE,STK,501314,INE286N01028,PRISMX,X,,,,,PRISMX GLOBAL VENTURES LIMITED,0.59,0.70,0.58,0.62,0.62,0.59,,0.62,,,514601,323654.00,186,F1,1,,,,,
2026-07-30,2026-07-30,CM,BSE,STK,501370,INE695D01021,WALCHPF,X,,,,,WALCHAND PEOPLEFIRST LTD.,127.90,139.95,127.90,138.45,139.50,121.30,,138.45,,,5187,708898.00,55,F1,1,,,,,
2026-07-30,2026-07-30,CM,BSE,STK,501391,INE855A01019,WHBRADY,X,,,,,W.H.BRADY & CO.LTD.,514.00,555.00,485.25,505.35,516.00,510.10,,505.35,,,278,141767.00,55,F1,1,,,,,
2026-07-30,2026-07-30,CM,BSE,STK,501421,INE314H01012,TECHNVISN,B,,,,,TechNVision Ventures Limited,4698.40,4756.20,4696.85,4751.35,4750.00,4778.55,,4738.30,,,51,241324.00,12,F1,1,,,,,
2026-07-30,2026-07-30,CM,BSE,STK,501423,INE151G01028,SHAILY,A,,,,,SHAILY ENGINEERING PLASTICS LT,3035.75,3041.10,2988.00,3029.00,3035.00,3032.50,,3029.10,,,2717,8203581.00,336,F1,1,,,,,
2026-07-30,2026-07-30,CM,BSE,STK,501425,INE050A01025,BBTC,A,,,,,The Bombay Burmah Trading Corp,1486.70,1500.90,1486.70,1491.25,1488.05,1497.70,,1493.30,,,993,1482973.00,121,F1,1,,,,,
2026-07-30,2026-07-30,CM,BSE,STK,501430,INE691K01017,BOMBCYC,X,,,,,BOMBAY CYCLE & MOTOR AGENCY LT,1706.20,1706.20,1512.00,1539.00,1539.00,1551.10,,1539.00,,,135,208274.00,21,F1,1,,,,,
2026-07-30,2026-07-30,CM,BSE,STK,501455,INE224A01026,GREAVESCOT,A,,,,,GREAVES COTTON LTD.,239.60,239.60,231.30,231.70,231.70,239.60,,231.80,,,73312,17184547.00,1241,F1,1,,,,,
2026-07-30,2026-07-30,CM,BSE,STK,501622,INE492N01022,AMALGAM,XT,,,,,AMALGAMATED ELECTRICITY CO.LTD,145.00,145.01,145.00,145.01,145.01,142.17,,145.01,,,1112,161241.00,8,F1,1,,,,,
2026-07-30,2026-07-30,CM,BSE,STK,501700,INE131H01028,INDIANVSH,X,,,,,INDIANIVESH LTD.,6.54,6.54,6.25,6.52,6.53,6.41,,6.52,,,11542,75012.00,23,F1,1,,,,,
2026-07-30,2026-07-30,CM,BSE,STK,501831,INE377E01024,COASTCORP,B,,,,,COASTAL CORPORATION LTD.,50.02,50.21,48.22,49.45,49.52,49.83,,49.46,,,8082,401087.00,132,F1,1,,,,,
2026-07-30,2026-07-30,CM,BSE,STK,501833,INE490A01015,CHOWGULSTM,X,,,,,CHOWGULE STEAMSHIPS LTD.,22.10,22.21,22.00,22.15,22.15,22.30,,22.15,,,5247,116439.00,14,F1,1,,,,,
2026-07-30,2026-07-30,CM,BSE,STK,501848,INE446C01013,GARWAOFFS,XT,,,,,GARWARE OFFSHORE SERVICES LIMI,41.72,42.49,40.51,42.45,42.45,41.93,,42.45,,,1696,70274.00,26,F1,1,,,,,
2026-07-30,2026-07-30,CM,BSE,STK,501945,INE758D01027,DHENUBUILD,Z,,,,,DHENU BUILDCON INFRA LTD.,8.38,8.40,8.30,8.38,8.30,8.32,,8.38,,,8270,69096.00,66,F1,1,,,,,
2026-07-30,2026-07-30,CM,BSE,STK,502015,INE443A01030,ASIIL,X,,,,,ASI INDUSTRIES LIMITED,29.80,30.00,28.31,29.02,28.62,30.08,,29.02,,,28682,840528.00,199,F1,1,,,,,
2026-07-30,2026-07-30,CM,BSE,STK,502090,INE229C01021,SAGCEM,B,,,,,SAGAR CEMENTS LTD.,173.75,176.20,173.75,175.20,176.00,175.40,,175.63,,,1833,322622.00,60,F1,1,,,,,
2026-07-30,2026-07-30,CM,BSE,STK,502137,INE583C01021,DECCANCE,B,,,,,DECCAN CEMENTS LTD.,562.20,562.20,547.45,550.25,553.05,550.00,,549.80,,,2024,1124632.00,391,F1,1,,,,,
2026-07-30,2026-07-30,CM,BSE,STK,502157,INE347A01017,MANGLMCEM,B,,,,,MANGALAM CEMENT LTD.,939.75,953.75,939.75,948.05,941.05,944.20,,946.70,,,2784,2638333.00,184,F1,1,,,,,
2026-07-30,2026-07-30,CM,BSE,STK,502168,INE732C01016,NCLIND,B,,,,,NCL INDUSTRIES LTD.,185.50,186.45,182.30,182.75,182.75,184.85,,182.47,,,564,103451.00,75,F1,1,,,,,
2026-07-30,2026-07-30,CM,BSE,STK,502175,INE626A01014,SAURASHCEM,B,,,,,SAURASHTRA CEMENT LTD.,57.16,57.51,56.51,56.79,57.02,57.66,,56.77,,,1050,59926.00,126,F1,1,,,,,
2026-07-30,2026-07-30,CM,BSE,STK,502180,INE232A01011,SHREDIGCEM,B,,,,,SHREE DIGVIJAY CEMENT CO.LTD.,72.08,73.90,71.40,73.10,72.30,72.11,,73.20,,,2744,199638.00,54,F1,1,,,,,
2026-07-30,2026-07-30,CM,BSE,STK,502219,INE666D01022,BORORENEW,A,,,,,BOROSIL RENEWABLES LIMITED,574.30,574.30,559.80,561.60,561.60,574.20,,561.85,,,26213,14839704.00,1647,F1,1,,,,,
2026-07-30,2026-07-30,CM,BSE,STK,502250,INE347D01011,LERTHAI,XT,,,,,LERTHAI FINANCE LIMITED,537.05,537.05,537.05,537.05,537.05,511.50,,537.05,,,1,537.00,1,F1,1,,,,,
2026-07-30,2026-07-30,CM,BSE,STK,502281,INE094C01011,TRIVENIGQ,X,,,,,TRIVENI GLASS LTD.,10.00,10.00,9.22,9.22,9.22,10.24,,9.22,,,8007,75535.00,30,F1,1,,,,,
2026-07-30,2026-07-30,CM,BSE,STK,502294,INE416N01013,NILACHAL,X,,,,,NILACHAL REFRACTORIES LTD.,41.99,41.99,41.20,41.24,41.24,39.38,,41.24,,,174,7234.00,6,F1,1,,,,,
2026-07-30,2026-07-30,CM,BSE,STK,502330,INE435A01051,ANDHRAPAP,B,,,,,ANDHRA PAPER LIMITED,62.50,62.50,61.46,62.01,61.85,62.09,,61.95,,,12142,752361.00,250,F1,1,,,,,
2026-07-30,2026-07-30,CM,BSE,STK,502355,INE787D01026,BALKRISIND,A,,,,,BALKRISHNA INDUSTRIES LTD.,2210.15,2337.00,2210.15,2306.10,2306.10,2081.10,,2306.90,,,214301,485907702.00,11376,F1,1,,,,,
2026-07-30,2026-07-30,CM,BSE,STK,502420,INE592A01026,ORIENTPPR,B,,,,,ORIENT PAPER & INDUSTRIES LTD.,17.40,17.72,17.33,17.42,17.42,17.51,,17.38,,,79258,1389238.00,65,F1,1,,,,,
2026-07-30,2026-07-30,CM,BSE,STK,502445,INE906D01014,CITADEL,X,,,,,CITADEL REALTY AND DEVELOPERS,35.98,35.98,34.01,35.00,35.00,35.98,,35.00,,,6712,234500.00,38,F1,1,,,,,
2026-07-30,2026-07-30,CM,BSE,STK,502448,INE927A01040,ROLLT,T,,,,,ROLLATAINERS LTD.,2.33,2.39,2.20,2.35,2.39,2.30,,2.35,,,11027,25740.00,28,F1,1,,,,,
2026-07-30,2026-07-30,CM,BSE,STK,502450,INE630A01024,SESHAPAPER,B,,,,,SESHASAYEE PAPER & BOARDS LTD.,230.95,239.50,228.80,238.35,234.35,233.95,,237.41,,,10365,2421559.00,185,F1,1,,,,,
2026-07-30,2026-07-30,CM,BSE,STK,502587,INE777A01023,NATHIND,X,,,,,NATH INDUSTRIES LIMITED,47.55,49.59,47.55,49.04,49.49,49.84,,49.04,,,553,27071.00,7,F1,1,,,,,
2026-07-30,2026-07-30,CM,BSE,STK,502589,INE464D01014,VAPIENTER,X,,,,,VAPI ENTERPRISE LIMITED,155.65,155.65,155.65,155.65,155.65,148.25,,155.65,,,210,32686.00,7,F1,1,,,,,
2026-07-30,2026-07-30,CM,BSE,STK,502865,INE518A01013,FORBESCO,X,,,,,FORBES & COMPANY LTD.,251.25,253.40,246.10,249.45,249.45,253.25,,249.45,,,19744,4927640.00,259,F1,1,,,,,
2026-07-30,2026-07-30,CM,BSE,STK,502893,INE706D01018,UNITEDINT,X,,,,,UNITED INTERACTIVE LTD.,71.34,71.34,64.56,65.00,65.00,67.95,,65.00,,,18,1226.00,9,F1,1,,,,,
2026-07-30,2026-07-30,CM,BSE,STK,502901,INE462D01034,JAMSHRI,X,,,,,JAMSHRI REALTY LIMITED,76.17,76.17,74.44,74.55,74.55,75.80,,74.55,,,70,5279.00,13,F1,1,,,,,
2026-07-30,2026-07-30,CM,BSE,STK,502937,INE087A01019,KESORAMIND,T,,,,,KESORAM INDUSTRIES LTD.,11.12,12.02,11.12,12.02,12.02,11.45,,11.98,,,527936,6329914.00,414,F1,1,,,,,
2026-07-30,2026-07-30,CM,BSE,STK,502958,INE938C01019,LAKSHMIMIL,X,,,,,LAKSHMI MILLS COMPANY LTD.,8250.00,8350.00,7901.00,8000.00,8000.00,8048.70,,8000.00,,,130,1047740.00,34,F1,1,,,,,
2026-07-30,2026-07-30,CM,BSE,STK,502986,INE825A01020,VTL,A,,,,,VARDHMAN TEXTILES LTD.,627.15,648.25,596.45,601.30,607.00,629.75,,602.05,,,82520,51451014.00,2957,F1,1,,,,,
2026-07-30,2026-07-30,CM,BSE,STK,503031,INE138A01028,PENINLAND,T,,,,,PENINSULA LAND LTD.,15.82,16.00,15.82,15.82,15.82,16.14,,15.82,,,2764,43762.00,17,F1,1,,,,,
2026-07-30,2026-07-30,CM,BSE,STK,503092,INE909B01020,PASUSPG,X,,,,,PASUPATI SPG.& WVG.MILLS LTD.,34.10,34.10,31.55,31.55,31.55,33.21,,31.55,,,1241,39439.00,15,F1,1,,,,,
2026-07-30,2026-07-30,CM,BSE,STK,503100,INE211B01039,PHOENIXLTD,A,,,,,THE PHOENIX MILLS LTD,1902.95,1907.60,1878.00,1887.45,1886.80,1910.30,,1887.90,,,9980,18893848.00,811,F1,1,,,,,
2026-07-30,2026-07-30,CM,BSE,STK,503101,INE182D01020,MARATHON,B,,,,,MARATHON NEXTGEN REALTY LTD.,390.30,392.00,380.20,383.70,385.70,391.05,,382.00,,,629,243221.00,70,F1,1,,,,,
2026-07-30,2026-07-30,CM,BSE,STK,503127,INE491N01016,RAJABAH,X,,,,,RAJA BAHADUR INTERNATIONAL LTD,5100.00,5100.00,5053.10,5100.00,5100.00,5319.05,,5100.00,,,7,35653.00,4,F1,1,,,,,
2026-07-30,2026-07-30,CM,BSE,STK,503162,INE750D01016,RELCHEMQ,B,,,,,RELIANCE CHEMOTEX INDUSTRIES L,124.35,124.35,123.10,123.25,123.10,124.00,,124.52,,,73,9040.00,9,F1,1,,,,,
2026-07-30,2026-07-30,CM,BSE,STK,503169,INE301D01026,RUBYMILLS,T,,,,,RUBY MILLS LTD.,399.50,402.00,388.00,398.50,398.50,404.65,,387.75,,,430,170812.00,18,F1,1,,,,,
2026-07-30,2026-07-30,CM,BSE,STK,503310,INE665A01038,SWANCORP,A,,,,,Swan Corp Limited,310.40,310.40,305.00,305.65,305.65,310.40,,306.60,,,26520,8145159.00,530,F1,1,,,,,
2026-07-30,2026-07-30,CM,BSE,STK,503349,INE203D01016,VICTMILL,X,,,,,VICTORIA MILLS LTD.,4950.00,5100.00,4950.00,5100.00,5100.00,5100.00,,5100.00,,,8,40387.00,4,F1,1,,,,,
2026-07-30,2026-07-30,CM,BSE,STK,503624,INE406N01014,ZSVARAJT,X,,,,,SVARAJ TRADING & AGENCIES LTD.,7.51,8.14,7.50,7.54,7.54,7.84,,7.54,,,1563,11822.00,17,F1,1,,,,,
2026-07-30,2026-07-30,CM,BSE,STK,503635,INE315N01017,SALSAIN,XT,,,,,SHREE SALASAR INVESTMENT LTD.,371.60,371.60,371.60,371.60,371.60,391.15,,371.60,,,284,105534.00,20,F1,1,,,,,
2026-07-30,2026-07-30,CM,BSE,STK,503639,INE314N01028,APOLLOIN,XT,,,,,Apollo Ingredients Limited,134.98,134.98,134.98,134.98,134.98,132.34,,134.98,,,435,58716.00,4,F1,1,,,,,
2026-07-30,2026-07-30,CM,BSE,STK,503641,INE945J01027,ZODIACVEN,X,,,,,ZODIAC VENTURES LIMITED,1.65,1.71,1.64,1.69,1.69,1.65,,1.69,,,72036,121469.00,117,F1,1,,,,,
2026-07-30,2026-07-30,CM,BSE,STK,503657,INE255E01030,VEERENRGY,X,,,,,VEER ENERGY & INFRASTRUCTURE L,12.06,12.50,12.06,12.38,12.40,12.38,,12.38,,,7988,98517.00,35,F1,1,,,,,
2026-07-30,2026-07-30,CM,BSE,STK,503659,INE948K01011,SW1,XT,,,,,SW INVESTMENTS LTD,166.10,166.10,166.10,166.10,166.10,169.45,,166.10,,,5,830.00,2,F1,1,,,,,
2026-07-30,2026-07-30,CM,BSE,STK,503663,INE026L01022,TILAK,XT,,,,,Tilak Ventures Limited,1.11,1.12,1.09,1.11,1.12,1.11,,1.11,,,243229,268644.00,236,F1,1,,,,,
2026-07-30,2026-07-30,CM,BSE,STK,503675,INE786K01023,WAGEND,X,,,,,WAGEND INFRA VENTURE LIMITED,1.24,1.25,1.20,1.23,1.23,1.20,,1.23,,,139033,172192.00,34,F1,1,,,,,
2026-07-30,2026-07-30,CM,BSE,STK,503681,INE927X01018,ELCIDIN,B,,,,,ELCID INVESTMENTS LTD.,109710.00,109762.10,109710.00,109762.10,109762.10,112798.40,,109910.00,,,3,329234.00,3,F1,1,,,,,
2026-07-30,2026-07-30,CM,BSE,STK,503685,INE828I01019,MEDIAONE,Z,,,,,MEDIAONE GLOBAL ENTERTAINMENT,15.10,15.10,14.50,14.50,14.50,15.20,,14.50,,,2,29.00,2,F1,1,,,,,
2026-07-30,2026-07-30,CM,BSE,STK,503722,INE629D01020,BANSWRAS,B,,,,,BANSWARA SYNTEX LTD.,127.65,128.35,126.60,126.60,126.60,127.00,,126.60,,,327,41488.00,14,F1,1,,,,,
2026-07-30,2026-07-30,CM,BSE,STK,503772,INE380D01012,MODWOOL,X,,,,,MODELLA WOOLLENS LTD.,58.00,58.00,58.00,58.00,58.00,58.51,,58.00,,,90,5220.00,8,F1,1,,,,,
2026-07-30,2026-07-30,CM,BSE,STK,503804,INE204C01024,SHRIDINE,XT,,,,,SHRI DINESH MILLS LTD.,348.40,348.40,343.50,344.00,344.00,348.40,,344.00,,,36,12440.00,5,F1,1,,,,,
2026-07-30,2026-07-30,CM,BSE,STK,503806,INE647A01010,SRF,A,,,,,SRF LTD.,2630.25,2636.90,2597.30,2604.50,2607.00,2643.25,,2604.80,,,8723,22812647.00,835,F1,1,,,,,
2026-07-30,2026-07-30,CM,BSE,STK,503811,INE076B01028,SIYSIL,B,,,,,SIYARAM SILK MILLS LTD.,618.80,625.45,596.85,604.10,604.70,616.20,,602.35,,,2878,1758168.00,236,F1,1,,,,,
2026-07-30,2026-07-30,CM,BSE,STK,503816,INE243N01029,SWADPOL,X,,,,,SWADESHI POLYTEX LTD.,37.50,39.15,35.81,38.12,38.12,36.51,,38.12,,,5025,188891.00,45,F1,1,,,,,
2026-07-30,2026-07-30,CM,BSE,STK,503837,INE796C01011,SHRAJSYNQ,X,,,,,SHREE RAJASTHAN SYNTEX LTD.,10.50,11.50,10.43,10.43,10.43,10.97,,10.43,,,2197,23047.00,11,F1,1,,,,,
2026-07-30,2026-07-30,CM,BSE,STK,503960,INE464A01036,BBL,B,,,,,BHARAT BIJLEE LTD.,2550.15,2555.95,2477.00,2498.85,2498.85,2580.55,,2495.70,,,1593,4013401.00,602,F1,1,,,,,
2026-07-30,2026-07-30,CM,BSE,STK,504000,INE579B01039,ELPROINTL,B,,,,,ELPRO INTERNATIONAL LTD.,176.95,177.40,173.15,177.10,177.00,177.05,,177.02,,,6668,1178811.00,100,F1,1,,,,,
2026-07-30,2026-07-30,CM,BSE,STK,504028,INE064H01021,GEE,XT,,,,,GEE LTD.,112.00,114.35,108.40,112.30,112.30,108.95,,112.30,,,103994,11823801.00,207,F1,1,,,,,
2026-07-30,2026-07-30,CM,BSE,STK,504036,INE835D01023,HIRECT,B,,,,,HIND RECTIFIERS LTD.,1346.45,1354.95,1290.00,1309.40,1294.75,1323.90,,1301.10,,,14469,19142115.00,841,F1,1,,,,,
2026-07-30,2026-07-30,CM,BSE,STK,504058,INE567A01028,NIPPOBATRY,B,,,,,INDO-NATIONAL LTD.,329.70,334.55,318.00,322.00,318.00,329.70,,323.90,,,292,95215.00,35,F1,1,,,,,
2026-07-30,2026-07-30,CM,BSE,STK,504067,INE520A01027,ZENSARTECH,A,,,,,ZENSAR TECHNOLOGIES LTD.,525.15,540.00,520.00,520.90,521.85,535.45,,520.90,,,258658,136915248.00,5520,F1,1,,,,,
2026-07-30,2026-07-30,CM,BSE,STK,504076,INE511D01012,JYOTI,X,,,,,JYOTI LTD.,55.25,55.25,53.76,54.22,54.27,53.51,,54.22,,,9894,537192.00,49,F1,1,,,,,
2026-07-30,2026-07-30,CM,BSE,STK,504080,INE581L01018,JSLINDL,X,,,,,JSL INDUSTRIES LTD.,851.00,851.00,845.00,846.05,846.05,859.00,,846.05,,,26,22053.00,11,F1,1,,,,,
2026-07-30,2026-07-30,CM,BSE,STK,504084,INE813G01023,KAYCEEI,X,,,,,KAYCEE INDUSTRIES LTD.,915.00,917.35,890.00,898.30,908.30,914.15,,898.30,,,1131,1023551.00,98,F1,1,,,,,
2026-07-30,2026-07-30,CM,BSE,STK,504092,INE716F01012,INDOKEM,B,,,,,INDOKEM LTD.,625.15,625.15,583.60,614.65,614.65,595.40,,614.65,,,15779,9831384.00,346,F1,1,,,,,
2026-07-30,2026-07-30,CM,BSE,STK,504093,INE795A01017,PANAENERG,X,,,,,PANASONIC ENERGY INDIA COMPANY,247.00,255.00,247.00,252.95,253.00,246.65,,252.95,,,3582,901917.00,126,F1,1,,,,,
2026-07-30,2026-07-30,CM,BSE,STK,504112,INE045B01015,NELCO,B,,,,,NELCO LTD.,936.00,950.00,907.55,929.00,929.00,935.20,,929.75,,,17273,16031989.00,790,F1,1,,,,,
2026-07-30,2026-07-30,CM,BSE,STK,504132,INE418E01018,PERMAGN,X,,,,,PERMANENT MAGNETS LTD.,857.00,857.00,835.00,837.15,835.50,836.80,,837.15,,,1383,1163367.00,125,F1,1,,,,,
2026-07-30,2026-07-30,CM,BSE,STK,504176,INE783E01023,HIGHENE,X,,,,,HIGH ENERGY BATTERIES (INDIA),578.95,578.95,560.00,565.00,565.00,564.00,,565.00,,,4386,2478599.00,201,F1,1,,,,,
2026-07-30,2026-07-30,CM,BSE,STK,504180,INE502C01039,STDBAT,X,,,,,STANDARD BATTERIES LTD.,48.90,48.90,45.50,46.16,46.90,47.98,,46.16,,,1531,71429.00,67,F1,1,,,,,
2026-07-30,2026-07-30,CM,BSE,STK,504212,INE279A01012,UNIVCABLES,B,,,,,UNIVERSAL CABLES LTD.,1345.85,1345.85,1303.25,1329.95,1329.00,1346.75,,1331.20,,,6513,8624064.00,512,F1,1,,,,,
2026-07-30,2026-07-30,CM,BSE,STK,504220,INE100D01014,WSI,B,,,,,W.S.INDUSTRIES (INDIA) LTD.,62.40,62.40,60.45,60.83,60.83,61.17,,60.23,,,329,20005.00,13,F1,1,,,,,
2026-07-30,2026-07-30,CM,BSE,STK,504240,INE872E01016,DLTNCBL,X,,,,,DELTON CABLES LTD.,432.55,436.10,426.10,427.95,428.00,444.15,,427.95,,,1271,545365.00,91,F1,1,,,,,
2026-07-30,2026-07-30,CM,BSE,STK,504258,INE284C01018,LAKSELEC,X,,,,,LAKSHMI ELECTRICAL CONTROL SYS,785.05,785.05,762.00,780.85,780.85,786.60,,780.85,,,113,87253.00,27,F1,1,,,,,
2026-07-30,2026-07-30,CM,BSE,STK,504273,INE064R01012,MODULEX,Z,,,,,MODULEX CONSTRUCTION TECHNOLOG,19.98,19.98,18.31,19.04,19.24,19.10,,19.04,,,15865,297379.00,44,F1,1,,,,,
2026-07-30,2026-07-30,CM,BSE,STK,504286,INE393A01011,DELTAMAGNT,B,,,,,DELTA MANUFACTURING LIMITED,63.40,63.40,57.50,57.66,57.50,58.38,,57.41,,,2366,138318.00,49,F1,1,,,,,
2026-07-30,2026-07-30,CM,BSE,STK,504340,INE180M01033,LONGSPUR,X,,,,,Longspur International Venture,9.70,9.99,9.45,9.93,9.95,9.64,,9.93,,,135851,1350190.00,64,F1,1,,,,,
2026-07-30,2026-07-30,CM,BSE,STK,504341,INE206N01018,RELTD,B,,,,,RAVINDRA ENERGY LIMITED,172.25,174.10,169.50,170.90,171.00,172.75,,170.82,,,23025,3953196.00,453,F1,1,,,,,
2026-07-30,2026-07-30,CM,BSE,STK,504351,INE507F01023,EMPOWER,T,,,,,EMPOWER INDIA LTD.,2.49,2.50,2.45,2.47,2.48,2.44,,2.46,,,1042888,2568130.00,458,F1,1,,,,,
2026-07-30,2026-07-30,CM,BSE,STK,504356,INE017P01014,ZMULTIPU,X,,,,,MULTIPURPOSE TRADING & AGENCIE,11.02,11.02,10.00,10.38,11.00,10.50,,10.38,,,120,1277.00,7,F1,1,,,,,
2026-07-30,2026-07-30,CM,BSE,STK,504369,INE927M01029,GRANDMA,X,,,,,GRANDMA TRADING & AGENCIES LTD,0.34,0.34,0.34,0.34,0.34,0.33,,0.34,,,36573,12434.00,6,F1,1,,,,,
2026-07-30,2026-07-30,CM,BSE,STK,504378,INE812K01027,NYSSACORP,X,,,,,NYSSA CORPORATION LIMITED,2.18,2.30,2.10,2.17,2.13,2.22,,2.17,,,74037,160575.00,126,F1,1,,,,,
2026-07-30,2026-07-30,CM,BSE,STK,504380,INE952M01019,FLOMIC,X,,,,,FLOMIC GLOBAL LOGISTICS LIMITE,45.00,45.00,43.25,43.32,43.25,45.00,,43.32,,,1231,54537.00,33,F1,1,,,,,
2026-07-30,2026-07-30,CM,BSE,STK,504392,INE537L01010,KRISHNA,XT,,,,,KRISHNA VENTURES LIMITED,41.45,41.45,41.45,41.45,41.45,42.29,,41.45,,,100,4145.00,1,F1,1,,,,,
2026-07-30,2026-07-30,CM,BSE,STK,504397,INE932M01011,GANHOLD,XT,,,,,GANESH HOLDINGS LTD.,112.56,112.56,110.88,112.56,112.56,107.20,,112.56,,,6656,742801.00,41,F1,1,,,,,
2026-07-30,2026-07-30,CM,BSE,STK,504605,INE361D01012,UNIABEXAL,XT,,,,,UNI ABEX ALLOY PRODUCTS LTD.,4819.00,4819.00,4650.05,4682.85,4760.00,4825.00,,4682.85,,,101,475666.00,44,F1,1,,,,,
2026-07-30,2026-07-30,CM,BSE,STK,504614,INE385C01021,SARDAEN,A,,,,,SARDA ENERGY & MINERALS LTD.,523.50,525.00,510.85,511.95,511.00,523.35,,511.80,,,12842,6624836.00,351,F1,1,,,,,
2026-07-30,2026-07-30,CM,BSE,STK,504646,INE106G01014,BGWTATO,X,,,,,BHAGWATI AUTOCAST LTD.,689.00,689.00,665.00,673.25,673.00,650.50,,673.25,,,4592,3108419.00,187,F1,1,,,,,
2026-07-30,2026-07-30,CM,BSE,STK,504648,INE089T01023,BOMBWIR,X,,,,,BOMBAY WIRE ROPES LTD.,45.82,46.26,45.82,46.26,46.26,47.00,,46.26,,,170,7822.00,8,F1,1,,,,,
2026-07-30,2026-07-30,CM,BSE,STK,504731,INE566M01017,AZADIND,X,,,,,AZAD INDIA MOBILITY LIMITED,94.41,94.41,89.60,92.50,92.50,92.56,,92.50,,,366,33622.00,24,F1,1,,,,,
2026-07-30,2026-07-30,CM,BSE,STK,504741,INE323C01030,INDIANHUME,B,,,,,INDIAN HUME PIPE CO.LTD.,392.00,393.00,385.40,387.15,386.10,393.25,,386.65,,,1240,483034.00,83,F1,1,,,,,
2026-07-30,2026-07-30,CM,BSE,STK,504746,INE359D01024,INLCM,X,,,,,INDIAN LINK CHAIN MANUFACTURES,515.85,533.40,500.55,533.40,533.40,508.00,,533.40,,,1041,542589.00,71,F1,1,,,,,
2026-07-30,2026-07-30,CM,BSE,STK,504786,INE155E01016,INVPRECQ,T,,,,,INVESTMENT & PRECISION CASTING,1018.00,1054.95,1018.00,1038.50,1045.00,1015.75,,1046.45,,,3397,3523343.00,64,F1,1,,,,,
2026-07-30,2026-07-30,CM,BSE,STK,504810,INE123E01014,INFORTEC,X,,,,,INFORMED TECHNOLOGIES INDIA LT,75.30,91.00,75.30,81.00,81.00,80.00,,81.00,,,98,7993.00,11,F1,1,,,,,
2026-07-30,2026-07-30,CM,BSE,STK,504840,INE375D01012,KAIRA,X,,,,,KAIRA CAN CO.LTD.,1610.00,1654.95,1552.05,1654.95,1654.95,1604.20,,1654.95,,,29,46664.00,5,F1,1,,,,,
2026-07-30,2026-07-30,CM,BSE,STK,504879,INE569C01020,ORIENTCER,B,,,,,ORIENT CERATECH LIMITED,40.00,40.00,39.60,39.74,39.65,40.31,,39.75,,,3149,125021.00,149,F1,1,,,,,
2026-07-30,2026-07-30,CM,BSE,STK,504882,INE166R01015,NATIONSTD,B,,,,,NATIONAL STANDARD (INDIA) LTD.,262.90,262.90,262.90,262.90,262.90,276.70,,261.10,,,3867,1016634.00,31,F1,1,,,,,
2026-07-30,2026-07-30,CM,BSE,STK,504903,INE336C01016,RATHIST,X,,,,,RATHI STEEL & POWER LTD.,26.00,27.80,26.00,27.39,27.39,26.27,,27.39,,,229561,6265919.00,517,F1,1,,,,,
2026-07-30,2026-07-30,CM,BSE,STK,504908,INE340F01011,DUNCANENG,X,,,,,Duncan Engineering Limited,392.95,394.00,380.00,380.05,380.00,378.00,,380.05,,,145,56587.00,13,F1,1,,,,,
2026-07-30,2026-07-30,CM,BSE,STK,504918,INE149K01016,SANDUMA,A,,,,,SANDUR MANGANESE & IRON ORES L,209.85,218.20,209.70,214.10,214.10,208.45,,213.88,,,182087,39222702.00,3802,F1,1,,,,,
2026-07-30,2026-07-30,CM,BSE,STK,504959,INE755D01015,STOVACQ,X,,,,,STOVEC INDUSTRIES LTD.,1708.20,1719.00,1680.05,1713.70,1713.70,1699.75,,1713.70,,,71,121275.00,10,F1,1,,,,,
2026-07-30,2026-07-30,CM,BSE,STK,504973,INE149A01033,CHOLAHLDNG,A,,,,,CHOLAMANDALAM FINANCIAL HOLDIN,1515.45,1516.15,1494.10,1502.40,1504.10,1515.40,,1503.40,,,103568,156283038.00,972,F1,1,,,,,
2026-07-30,2026-07-30,CM,BSE,STK,504988,INE380G01015,ZWELCAST,X,,,,,WELCAST STEELS LTD.,700.00,700.00,699.90,699.90,699.90,700.00,,699.90,,,31,21698.00,4,F1,1,,,,,
2026-07-30,2026-07-30,CM,BSE,STK,505010,INE449A01011,AUTOAXLES,B,,,,,AUTOMOTIVE AXLES LTD.,1806.40,1830.00,1791.10,1799.45,1797.00,1808.95,,1800.30,,,570,1032627.00,61,F1,1,,,,,
2026-07-30,2026-07-30,CM,BSE,STK,505029,INE446A01025,ATLASCYCLE,B,,,,,ATLAS CYCLES (HARYANA) LTD.,97.30,99.50,96.84,98.10,98.00,97.06,,97.75,,,128,12481.00,14,F1,1,,,,,
2026-07-30,2026-07-30,CM,BSE,STK,505036,INE451C01013,ACGL,B,,,,,AUTOMOBILE CORPORATION OF GOA,2061.10,2175.90,2061.10,2147.90,2147.90,2087.35,,2147.90,,,1156,2482398.00,209,F1,1,,,,,
2026-07-30,2026-07-30,CM,BSE,STK,505075,INE878E01021,SETCO,T,,,,,SETCO AUTOMOTIVE LTD.,17.91,17.91,17.91,17.91,17.91,18.27,,17.91,,,581,10405.00,14,F1,1,,,,,
2026-07-30,2026-07-30,CM,BSE,STK,505160,INE187D01029,TALBROAUTO,B,,,,,TALBROS AUTOMOTIVE COMPONENTS,396.00,401.35,394.35,399.75,401.35,397.80,,399.05,,,2629,1046710.00,101,F1,1,,,,,
2026-07-30,2026-07-30,CM,BSE,STK,505163,INE116C01012,ZFSTEERING,B,,,,,Z.F.STEERING GEAR (INDIA) LTD.,673.05,680.80,657.05,669.35,667.30,680.90,,664.60,,,1473,985126.00,131,F1,1,,,,,
2026-07-30,2026-07-30,CM,BSE,STK,505192,INE294B01019,SMLMAH,A,,,,,SML Mahindra Limited,5100.00,5478.60,4997.35,5478.60,5478.60,4565.50,,5479.20,,,87665,461151461.00,8965,F1,1,,,,,
2026-07-30,2026-07-30,CM,BSE,STK,505196,INE806C01018,TIL,B,,,,,TIL LTD.,269.00,271.55,239.00,241.65,241.65,262.45,,241.56,,,300238,77756566.00,4187,F1,1,,,,,
2026-07-30,2026-07-30,CM,BSE,STK,505200,INE066A01021,EICHERMOT,A,,,,,EICHER MOTORS LTD.,7862.50,7929.00,7730.55,7912.00,7912.00,7781.40,,7912.50,,,185506,1454217786.00,12341,F1,1,,,,,
2026-07-30,2026-07-30,CM,BSE,STK,505212,INE280F01019,JAINEX,X,,,,,JAINEX AAMCOL LTD.,117.00,125.70,114.10,118.30,114.10,111.40,,118.30,,,1076,129086.00,34,F1,1,,,,,
2026-07-30,2026-07-30,CM,BSE,STK,505216,INE782D01027,ALFREDHE,X,,,,,ALFRED HERBERT (INDIA) LTD.,2700.00,2750.00,2671.00,2671.50,2671.50,2700.15,,2671.50,,,162,441852.00,20,F1,1,,,,,
2026-07-30,2026-07-30,CM,BSE,STK,505232,INE232E01013,VELJAN,T,,,,,VELJAN DENISON LIMITED,1795.00,1795.00,1770.00,1770.00,1770.00,1791.30,,1767.00,,,4,7125.00,4,F1,1,,,,,
2026-07-30,2026-07-30,CM,BSE,STK,505242,INE221B01012,DYNAMATECH,A,,,,,DYNAMATIC TECHNOLOGIES LTD.,10286.95,10439.35,10223.85,10266.10,10240.40,10295.35,,10272.00,,,231,2395354.00,100,F1,1,,,,,
2026-07-30,2026-07-30,CM,BSE,STK,505250,INE631D01026,GGDPROP,X,,,,,G. G. Dandekar Properties Limi,74.95,75.00,70.00,70.41,70.00,73.61,,70.41,,,2317,166806.00,25,F1,1,,,,,
2026-07-30,2026-07-30,CM,BSE,STK,505255,INE541A01023,GMMPFAUDLR,A,,,,,GMM PFAUDLER LTD.,810.05,816.85,797.10,813.65,810.00,803.50,,814.25,,,2587,2088598.00,204,F1,1,,,,,
2026-07-30,2026-07-30,CM,BSE,STK,505283,INE811A01020,KIRLPNU,A,,,,,KIRLOSKAR PNEUMATIC CO.LTD.,1501.75,1514.30,1458.60,1461.25,1460.00,1501.70,,1460.80,,,6546,9646094.00,576,F1,1,,,,,
2026-07-30,2026-07-30,CM,BSE,STK,505299,INE731D01024,KPT,X,,,,,KPT INDUSTRIES LIMITED,501.70,514.80,490.00,495.50,507.80,507.00,,495.50,,,1298,647642.00,67,F1,1,,,,,
2026-07-30,2026-07-30,CM,BSE,STK,505302,INE718M01022,LAKSHMIEW,X,,,,,LAKSHMI ENGINEERING AND WAREHO,2299.00,2299.00,2299.00,2299.00,2299.00,2227.60,,2299.00,,,2,4598.00,1,F1,1,,,,,
2026-07-30,2026-07-30,CM,BSE,STK,505324,INE867A01022,MANUGRAPH,T,,,,,MANUGRAPH INDIA LTD.,15.45,15.45,15.14,15.45,15.45,14.72,,15.45,,,20907,322388.00,47,F1,1,,,,,
2026-07-30,2026-07-30,CM,BSE,STK,505336,INE098E01026,HARSHILAGR,XT,,,,,HARSHIL AGROTECH LIMITED,0.30,0.30,0.28,0.29,0.29,0.29,,0.29,,,1323973,389085.00,467,F1,1,,,,,
2026-07-30,2026-07-30,CM,BSE,STK,505343,INE811D01024,MONOT,X,,,,,MONOTYPE INDIA LTD.,0.32,0.33,0.31,0.32,0.32,0.31,,0.32,,,1114725,355754.00,311,F1,1,,,,,
2026-07-30,2026-07-30,CM,BSE,STK,505355,INE317F01035,NESCO,A,,,,,NESCO LTD.,1069.70,1083.00,1065.00,1081.00,1076.80,1089.75,,1080.50,,,1124,1206017.00,182,F1,1,,,,,
2026-07-30,2026-07-30,CM,BSE,STK,505358,INE984B01023,INTEGRAEN,XT,,,,,INTEGRA ENGINEERING INDIA LTD.,166.55,169.70,162.25,166.40,166.45,166.80,,166.40,,,8349,1388486.00,84,F1,1,,,,,
2026-07-30,2026-07-30,CM,BSE,STK,505368,INE617A01013,SEMAC,T,,,,,Semac Construction Limited,319.90,319.90,304.15,304.15,304.15,319.90,,307.80,,,102,31057.00,6,F1,1,,,,,
2026-07-30,2026-07-30,CM,BSE,STK,505400,INE435C01024,TEXINFRA,B,,,,,TEXMACO INFRASTRUCTURE & HOLDI,114.90,114.95,113.80,114.55,114.55,114.65,,114.74,,,1507,171853.00,22,F1,1,,,,,
2026-07-30,2026-07-30,CM,BSE,STK,505412,INE274C01019,WENDT,B,,,,,WENDT (INDIA) LTD.,8200.00,8246.45,8072.85,8098.30,8090.00,8235.80,,8103.50,,,357,2919007.00,119,F1,1,,,,,
2026-07-30,2026-07-30,CM,BSE,STK,505502,INE953M01033,PSITINFRA,XT,,,,,PS IT INFRASTRUCTURE & SERVICE,1.30,1.30,1.26,1.30,1.26,1.28,,1.30,,,13677,17773.00,23,F1,1,,,,,
2026-07-30,2026-07-30,CM,BSE,STK,505504,INE809Q01020,GHVINFRA,X,,,,,GHV INFRA PROJECTS LIMITED,281.00,293.50,281.00,293.50,293.50,279.55,,293.50,,,87880,25718569.00,972,F1,1,,,,,
2026-07-30,2026-07-30,CM,BSE,STK,505509,INE688D01026,RESPONIND,B,,,,,RESPONSIVE INDUSTRIES LTD.,173.90,173.90,169.40,171.25,171.25,173.90,,171.01,,,12181,2093705.00,197,F1,1,,,,,
2026-07-30,2026-07-30,CM,BSE,STK,505515,INE203N01015,SHYMINV,X,,,,,SHYAMKAMAL INVESTMENTS LTD.,12.25,12.25,12.00,12.03,12.09,12.00,,12.03,,,702,8555.00,10,F1,1,,,,,
2026-07-30,2026-07-30,CM,BSE,STK,505523,INE272E01027,MAHACORP,X,,,,,MAHARASHTRA CORPORATION LTD.,0.33,0.34,0.32,0.32,0.32,0.32,,0.32,,,758588,251423.00,191,F1,1,,,,,
2026-07-30,2026-07-30,CM,BSE,STK,505526,INE966A01022,DOLATALGO,B,,,,,DOLAT ALGOTECH LIMITED,68.10,68.84,67.40,67.76,67.40,68.67,,67.84,,,1813,123561.00,111,F1,1,,,,,
2026-07-30,2026-07-30,CM,BSE,STK,505533,INE274F01020,WESTLIFE,A,,,,,WESTLIFE FOODWORLD LIMITED,488.00,501.00,474.00,486.65,496.05,488.60,,486.95,,,15047,7328221.00,667,F1,1,,,,,
2026-07-30,2026-07-30,CM,BSE,STK,505537,INE256A01028,ZEEL,A,,,,,ZEE ENTERTAINMENT ENTERPRISES,108.30,113.50,106.55,112.25,112.25,108.10,,112.21,,,1131999,124697568.00,4863,F1,1,,,,,
2026-07-30,2026-07-30,CM,BSE,STK,505590,INE308E01029,SVPGLOB,T,,,,,SVP GLOBAL TEXTILES LIMITED,3.89,3.89,3.75,3.87,3.87,3.92,,3.71,,,403,1521.00,12,F1,1,,,,,
2026-07-30,2026-07-30,CM,BSE,STK,505650,INE178E01026,SKYLMILAR,X,,,,,SKYLINE MILLARS LTD.,15.50,15.99,14.90,15.00,15.02,15.41,,15.00,,,16789,251626.00,35,F1,1,,,,,
2026-07-30,2026-07-30,CM,BSE,STK,505681,INE469A01019,BIMETAL,B,,,,,BIMETAL BEARINGS LTD.,673.95,675.00,635.00,657.50,665.30,645.35,,665.20,,,126,82260.00,15,F1,1,,,,,
2026-07-30,2026-07-30,CM,BSE,STK,505688,INE561C01019,BHARATGEAR,T,,,,,BHARAT GEARS LTD.,126.30,127.00,122.30,126.80,126.80,126.30,,124.56,,,1235,154313.00,36,F1,1,,,,,
2026-07-30,2026-07-30,CM,BSE,STK,505690,INE856A01017,BRADYM,X,,,,,BRADY & MORRIS ENGINEERING CO.,708.00,724.80,708.00,711.30,711.30,729.20,,711.30,,,69,49342.00,31,F1,1,,,,,
2026-07-30,2026-07-30,CM,BSE,STK,505693,INE501N01020,LATIMMETAL,X,,,,,La Tim Metal & Industries Limi,10.00,10.25,9.21,9.63,9.63,9.83,,9.63,,,511575,4972992.00,471,F1,1,,,,,
2026-07-30,2026-07-30,CM,BSE,STK,505700,INE205B01031,ELECON,A,,,,,ELECON ENGINEERING CO.LTD.,427.35,427.35,415.50,417.15,417.80,423.55,,417.25,,,20301,8503484.00,602,F1,1,,,,,
2026-07-30,2026-07-30,CM,BSE,STK,505710,INE266D01021,GRAUWEIL,B,,,,,GRAUER & WEIL (INDIA) LTD.,77.00,77.70,74.11,76.91,77.03,76.45,,76.94,,,21862,1656078.00,376,F1,1,,,,,
2026-07-30,2026-07-30,CM,BSE,STK,505712,INE705G01021,HIMTEK,X,,,,,HIM TEKNOFORGE LIMITED,259.05,273.40,253.25,259.30,259.30,263.10,,259.30,,,119014,30884980.00,473,F1,1,,,,,
2026-07-30,2026-07-30,CM,BSE,STK,505714,INE524A01029,GABRIEL,A,,,,,GABRIEL INDIA LTD.,1419.90,1444.05,1383.90,1392.20,1392.20,1414.80,,1392.00,,,25117,35456389.00,1515,F1,1,,,,,
2026-07-30,2026-07-30,CM,BSE,STK,505720,INE688E01024,HERCULES,X,,,,,Hercules Investments Limited,118.00,123.00,114.50,120.35,120.00,117.40,,120.35,,,9519,1142696.00,195,F1,1,,,,,
2026-07-30,2026-07-30,CM,BSE,STK,505725,INE598D01035,ALGOQUANT,B,,,,,ALGOQUANT FINTECH LIMITED,67.90,69.02,66.15,67.97,68.48,67.20,,67.66,,,320748,21444008.00,1239,F1,1,,,,,
2026-07-30,2026-07-30,CM,BSE,STK,505726,INE559A01017,IFBIND,B,,,,,IFB INDUSTRIES LTD.,1319.40,1334.00,1300.25,1306.65,1311.80,1332.75,,1312.10,,,2044,2685717.00,224,F1,1,,,,,
2026-07-30,2026-07-30,CM,BSE,STK,505729,INE638A01035,SINGERIND,B,,,,,SINGER INDIA LTD.,65.30,66.00,63.84,64.30,64.30,65.30,,64.36,,,9666,623672.00,144,F1,1,,,,,
2026-07-30,2026-07-30,CM,BSE,STK,505737,INE403C01014,INTLCOMBQ,X,,,,,INTERNATIONAL COMBUSTION (INDI,621.00,648.80,541.20,565.30,565.30,618.90,,565.30,,,12660,7415426.00,1049,F1,1,,,,,
2026-07-30,2026-07-30,CM,BSE,STK,505744,INE529A01010,FMGOETZE,B,,,,,FEDERAL-MOGUL GOETZE (INDIA) L,471.00,478.15,471.00,472.10,472.10,474.20,,473.70,,,703,333834.00,43,F1,1,,,,,
2026-07-30,2026-07-30,CM,BSE,STK,505750,INE636D01041,JOSTS,X,,,,,JOSTS ENGINEERING CO.LTD.,253.15,265.00,248.00,252.20,252.15,251.95,,252.20,,,20895,5290711.00,200,F1,1,,,,,
2026-07-30,2026-07-30,CM,BSE,STK,505790,INE513A01022,SCHAEFFLER,A,,,,,Schaeffler India Limited,4156.90,4156.90,4024.85,4036.25,4049.00,4156.85,,4040.00,,,1429,5808110.00,379,F1,1,,,,,
2026-07-30,2026-07-30,CM,BSE,STK,505800,INE384A01010,RANEHOLDIN,B,,,,,RANE HOLDINGS LTD.,1725.00,1775.00,1725.00,1745.80,1746.55,1728.70,,1743.60,,,1262,2218711.00,193,F1,1,,,,,
2026-07-30,2026-07-30,CM,BSE,STK,505827,INE568F01017,SNL,X,,,,,SNL BEARINGS LTD.,385.85,385.85,378.00,381.90,378.05,382.30,,381.90,,,419,159390.00,27,F1,1,,,,,
2026-07-30,2026-07-30,CM,BSE,STK,505840,INE058D01030,JAIPAN,X,,,,,JAIPAN INDUSTRIES LTD.,35.00,36.05,35.00,35.85,35.90,34.36,,35.85,,,3671,130205.00,42,F1,1,,,,,
2026-07-30,2026-07-30,CM,BSE,STK,505850,INE545L01039,MANCREDIT,B,,,,,MANGAL CREDIT AND FINCORP LTD.,220.40,240.20,216.80,236.05,235.30,218.55,,236.02,,,14153,3300192.00,295,F1,1,,,,,
2026-07-30,2026-07-30,CM,BSE,STK,505854,INE391D01019,TRF,B,,,,,TRF LTD.,233.90,233.90,224.00,224.95,225.00,230.05,,225.46,,,9636,2222850.00,261,F1,1,,,,,
2026-07-30,2026-07-30,CM,BSE,STK,505872,INE765D01022,WPIL,B,,,,,WPIL LTD.,430.55,440.35,430.50,435.90,437.50,430.50,,435.30,,,4517,1970471.00,266,F1,1,,,,,
2026-07-30,2026-07-30,CM,BSE,STK,505890,INE717A01029,KENNAMET,B,,,,,KENNAMETAL INDIA LTD.,2775.00,2900.00,2775.00,2823.75,2900.00,2880.10,,2819.10,,,533,1508315.00,239,F1,1,,,,,
2026-07-30,2026-07-30,CM,BSE,STK,505893,INE724D01011,HINDHARD,X,,,,,HINDUSTAN HARDY LIMITED,824.00,824.00,810.30,818.20,821.00,810.25,,818.20,,,47,38312.00,20,F1,1,,,,,
2026-07-30,2026-07-30,CM,BSE,STK,505978,INE440G01017,TRITONV,X,,,,,TRITON VALVES LTD.,1008.95,1020.50,982.00,983.20,983.20,990.40,,983.20,,,2529,2532134.00,195,F1,1,,,,,
2026-07-30,2026-07-30,CM,BSE,STK,506003,INE618D01015,SUDAI,X,,,,,SUDAL INDUSTRIES LTD.,31.00,31.00,28.65,28.98,28.98,30.02,,28.98,,,2847,82812.00,42,F1,1,,,,,
2026-07-30,2026-07-30,CM,BSE,STK,506022,INE603A01013,PRAKASH,B,,,,,PRAKASH INDUSTRIES LTD.,125.05,126.05,123.35,123.70,123.75,126.50,,123.56,,,13502,1683308.00,220,F1,1,,,,,
2026-07-30,2026-07-30,CM,BSE,STK,506074,INE968D01022,ARSHIYA,Z,,,,,ARSHIYA LIMITED,0.96,0.99,0.95,0.96,0.99,0.99,,0.97,,,55343,52961.00,52,F1,1,,,,,
2026-07-30,2026-07-30,CM,BSE,STK,506076,INE536A01023,GRINDWELL,A,,,,,GRINDWELL NORTON LTD.,2112.70,2148.00,2055.00,2102.00,2114.00,2119.65,,2101.80,,,9196,19345972.00,914,F1,1,,,,,
2026-07-30,2026-07-30,CM,BSE,STK,506079,INE651C01018,LAKPRE,Z,,,,,LAKSHMI PRECISION SCREWS LTD.,5.15,5.15,5.00,5.00,5.00,5.00,,4.97,,,1001,5005.00,2,F1,1,,,,,
2026-07-30,2026-07-30,CM,BSE,STK,506105,INE441L01015,STANROS,X,,,,,STANROSE MAFATLAL INVESTMENTS,68.10,68.69,64.45,66.70,66.70,65.10,,66.70,,,698,46165.00,16,F1,1,,,,,
2026-07-30,2026-07-30,CM,BSE,STK,506109,INE727B01026,GENESYS,B,,,,,GENESYS INTERNATIONAL CORPORAT,282.55,285.00,265.05,267.25,267.30,276.60,,267.45,,,17434,4786332.00,445,F1,1,,,,,
2026-07-30,2026-07-30,CM,BSE,STK,506122,INE820M01018,VOLKAI,XT,,,,,Kairosoft AI Solutions Limited,89.48,91.15,85.70,91.14,91.15,86.86,,91.14,,,18074,1634868.00,59,F1,1,,,,,
2026-07-30,2026-07-30,CM,BSE,STK,506128,INE383L01019,PARNAXLAB,X,,,,,PARNAX LAB LTD.,140.00,141.00,134.10,138.20,137.55,142.00,,138.20,,,886,122055.00,20,F1,1,,,,,
2026-07-30,2026-07-30,CM,BSE,STK,506134,INE512D01028,GOURMET,XT,,,,,GOURMET GATEWAY INDIA LIMITED,12.12,12.12,11.45,11.50,11.50,12.00,,11.50,,,12841,147614.00,24,F1,1,,,,,
2026-07-30,2026-07-30,CM,BSE,STK,506146,INE370E01029,VIVIDHA,B,,,,,VISAGAR POLYTEX LTD.,0.51,0.52,0.50,0.51,0.51,0.52,,0.51,,,52002,26549.00,59,F1,1,,,,,
2026-07-30,2026-07-30,CM,BSE,STK,506166,INE070K01014,APIS,B,,,,,APIS INDIA LTD.,56.16,59.80,56.16,57.31,57.31,58.71,,57.31,,,14868,860725.00,200,F1,1,,,,,
2026-07-30,2026-07-30,CM,BSE,STK,506180,INE668L01013,EMERGENT,XT,,,,,EMERGENT INDUSTRIAL SOLUTIONS,428.40,428.40,405.00,405.00,405.00,408.05,,405.00,,,154,63426.00,7,F1,1,,,,,
2026-07-30,2026-07-30,CM,BSE,STK,506184,INE879E01037,KANANIIND,B,,,,,KANANI INDUSTRIES LTD.,1.45,1.52,1.32,1.51,1.51,1.51,,1.49,,,17947,26549.00,49,F1,1,,,,,
2026-07-30,2026-07-30,CM,BSE,STK,506186,INE403B01016,GSLTD,X,,,,,GALAXY SUPERMARKET LIMITED,18.30,18.99,18.05,18.13,18.05,18.47,,18.13,,,15295,278205.00,35,F1,1,,,,,
2026-07-30,2026-07-30,CM,BSE,STK,506194,INE643K01018,ARIHANTSUP,B,,,,,ARIHANT SUPERSTRUCTURES LIMITE,260.55,260.55,255.50,257.00,255.50,258.60,,258.60,,,14,3627.00,8,F1,1,,,,,
2026-07-30,2026-07-30,CM,BSE,STK,506197,INE416D01022,BLISSGVS,T,,,,,BLISS GVS PHARMA LTD.,456.00,467.75,452.55,454.10,452.70,458.05,,455.05,,,6509,2961273.00,146,F1,1,,,,,
2026-07-30,2026-07-30,CM,BSE,STK,506222,INE189B01011,STYRENIX,B,,,,,Styrenix Performance Materials,2480.05,2496.95,2426.60,2453.80,2453.80,2481.50,,2457.40,,,984,2424302.00,237,F1,1,,,,,
2026-07-30,2026-07-30,CM,BSE,STK,506235,INE426A01027,ALEMBICLTD,B,,,,,ALEMBIC LTD.,91.27,91.27,89.27,89.52,89.82,90.04,,89.62,,,14230,1279873.00,216,F1,1,,,,,
2026-07-30,2026-07-30,CM,BSE,STK,506248,INE275D01022,AMNPLST,B,,,,,AMINES & PLASTICIZERS LTD.,207.35,207.95,199.30,201.75,202.00,203.25,,200.54,,,1153,232622.00,44,F1,1,,,,,
2026-07-30,2026-07-30,CM,BSE,STK,506260,INE489G01022,ANUHPHR,B,,,,,ANUH PHARMA LTD.,79.01,79.55,79.00,79.04,79.00,79.31,,79.65,,,2753,217551.00,30,F1,1,,,,,
2026-07-30,2026-07-30,CM,BSE,STK,506261,INE737D01021,MODISONLTD,T,,,,,MODISON LIMITED,262.65,270.65,261.00,264.00,264.00,263.95,,263.20,,,6670,1773004.00,61,F1,1,,,,,
2026-07-30,2026-07-30,CM,BSE,STK,506285,INE462A01022,BAYERCROP,A,,,,,BAYER CROPSCIENCE LTD.,4240.95,4269.60,4215.85,4221.50,4218.85,4237.95,,4226.20,,,1543,6551188.00,296,F1,1,,,,,
2026-07-30,2026-07-30,CM,BSE,STK,506365,INE320M01019,STARSOURCE,X,,,,,STARSOURCE MULTITRADE LIMITED,75.00,80.00,75.00,76.36,76.25,76.62,,76.36,,,243,19286.00,16,F1,1,,,,,
2026-07-30,2026-07-30,CM,BSE,STK,506390,INE492A01029,SUDARCOLOR,B,,,,,Sudarshan Colorants India Limi,361.00,368.00,354.00,354.00,354.00,360.00,,353.90,,,234,83979.00,46,F1,1,,,,,
2026-07-30,2026-07-30,CM,BSE,STK,506395,INE169A01031,COROMANDEL,A,,,,,COROMANDEL INTERNATIONAL LTD.,2068.70,2068.70,2023.95,2056.00,2058.30,2037.30,,2054.20,,,3284,6724164.00,321,F1,1,,,,,
2026-07-30,2026-07-30,CM,BSE,STK,506401,INE288B01029,DEEPAKNTR,A,,,,,DEEPAK NITRITE LTD.,1674.05,1680.20,1634.95,1638.75,1638.75,1674.80,,1642.90,,,28897,47597680.00,1903,F1,1,,,,,
2026-07-30,2026-07-30,CM,BSE,STK,506405,INE505A01010,DMCC,B,,,,,DMCC SPECIALITY CHEMICALS LIMI,266.70,269.00,263.25,263.85,263.25,266.00,,262.85,,,374,99283.00,24,F1,1,,,,,
2026-07-30,2026-07-30,CM,BSE,STK,506414,INE225B01021,FERMENTA,B,,,,,FERMENTA BIOTECH LIMITED,447.00,482.70,440.55,465.55,462.85,451.45,,465.40,,,13806,6396228.00,617,F1,1,,,,,
2026-07-30,2026-07-30,CM,BSE,STK,506480,INE077F01035,GOCLCORP,B,,,,,GOCL Corporation Limited,382.90,390.15,381.40,387.95,388.00,382.40,,387.70,,,3111,1203234.00,170,F1,1,,,,,
2026-07-30,2026-07-30,CM,BSE,STK,506520,INE693E01016,JAYCH,X,,,,,JAYSHREE CHEMICALS LTD.,6.14,6.14,5.55,5.86,5.95,6.15,,5.86,,,23251,135024.00,83,F1,1,,,,,
2026-07-30,2026-07-30,CM,BSE,STK,506525,INE138C01024,KANORICHEM,T,,,,,KANORIA CHEMICALS & INDUSTRIES,144.40,150.00,144.40,144.40,144.40,152.00,,143.18,,,1678,245445.00,31,F1,1,,,,,
2026-07-30,2026-07-30,CM,BSE,STK,506528,INE881E01017,KELENRG,XT,,,,,KELTECH ENERGIES LTD.,9393.85,9393.85,9393.85,9393.85,9393.85,8946.55,,9393.85,,,1722,16176209.00,111,F1,1,,,,,
2026-07-30,2026-07-30,CM,BSE,STK,506532,INE265B01019,NITTAGELA,B,,,,,NITTA GELATIN INDIA LTD.,1860.85,1860.85,1819.30,1828.80,1827.25,1858.40,,1832.40,,,490,897324.00,108,F1,1,,,,,
2026-07-30,2026-07-30,CM,BSE,STK,506543,INE468C01017,MPAGI,X,,,,,M.P.AGRO INDUSTRIES LTD.,8.01,9.10,8.01,8.55,8.55,8.62,,8.55,,,699,5784.00,10,F1,1,,,,,
2026-07-30,2026-07-30,CM,BSE,STK,506579,INE321D01016,AGVENTURES,X,,,,,AG VENTURES LIMITED,110.60,114.00,110.60,113.75,114.00,112.20,,113.75,,,2843,321270.00,73,F1,1,,,,,
2026-07-30,2026-07-30,CM,BSE,STK,506590,INE602A01031,PCBL,A,,,,,PCBL Chemical Limited,360.05,363.70,325.80,328.05,328.05,365.85,,328.00,,,1030634,354600387.00,18046,F1,1,,,,,
2026-07-30,2026-07-30,CM,BSE,STK,506597,INE841D01013,AMAL,X,,,,,AMAL LTD.,755.50,769.00,722.30,747.05,745.00,755.50,,747.05,,,10963,8120869.00,470,F1,1,,,,,
2026-07-30,2026-07-30,CM,BSE,STK,506605,INE752B01024,POLYCHEM,X,,,,,POLYCHEM LTD.,1960.00,1960.00,1901.00,1901.00,1901.00,1960.00,,1901.00,,,33,63519.00,9,F1,1,,,,,
2026-07-30,2026-07-30,CM,BSE,STK,506618,INE277B01014,PUNJABCHEM,B,,,,,PUNJAB CHEMICALS AND CROP PROT,1149.75,1240.00,1141.00,1223.10,1230.00,1149.75,,1206.10,,,773,927970.00,107,F1,1,,,,,
2026-07-30,2026-07-30,CM,BSE,STK,506640,INE218N01021,ZR2,X,,,,,ZR2 BIOENERGY LIMITED,104.60,104.65,104.10,104.10,104.10,104.60,,104.10,,,93,9727.00,6,F1,1,,,,,
2026-07-30,2026-07-30,CM,BSE,STK,506642,INE888C01040,SADHNANIQ,T,,,,,SADHANA NITROCHEM LTD.,2.63,2.63,2.63,2.63,2.63,2.68,,2.63,,,268145,705221.00,55,F1,1,,,,,
2026-07-30,2026-07-30,CM,BSE,STK,506655,INE659A01023,SUDARSCHEM,A,,,,,SUDARSHAN CHEMICAL INDUSTRIES,1023.65,1025.00,1005.00,1008.75,1010.20,1031.35,,1008.15,,,154620,155442198.00,485,F1,1,,,,,
2026-07-30,2026-07-30,CM,BSE,STK,506680,INE014B01011,TECILCHEM,B,,,,,TECIL CHEMICALS & HYDRO POWER,10.40,10.40,9.56,9.57,9.57,10.45,,9.63,,,1026,10307.00,8,F1,1,,,,,
2026-07-30,2026-07-30,CM,BSE,STK,506685,INE405A01021,ULTRAMAR,B,,,,,ULTRAMARINE & PIGMENTS LTD.,373.75,380.00,369.35,371.70,371.00,372.45,,373.55,,,4964,1856930.00,272,F1,1,,,,,
2026-07-30,2026-07-30,CM,BSE,STK,506687,INE687A01016,TRANSPEK,B,,,,,TRANSPEK INDUSTRY LTD.,1040.00,1125.00,1034.70,1094.50,1125.00,1041.60,,1101.00,,,4043,4250592.00,364,F1,1,,,,,
2026-07-30,2026-07-30,CM,BSE,STK,506690,INE351A01035,UNICHEMLAB,B,,,,,UNICHEM LABORATORIES LTD.,534.00,537.55,517.80,523.20,521.30,533.70,,523.65,,,5137,2703312.00,312,F1,1,,,,,
2026-07-30,2026-07-30,CM,BSE,STK,506734,INE741A01011,MYSORPETRO,X,,,,,MYSORE PETRO CHEMICALS LTD.,100.21,103.99,99.60,100.80,100.80,100.21,,100.80,,,339,34101.00,26,F1,1,,,,,
2026-07-30,2026-07-30,CM,BSE,STK,506767,INE150B01039,ALKYLAMINE,A,,,,,ALKYL AMINES CHEMICALS LTD.,1813.05,1838.90,1784.00,1786.45,1786.45,1811.80,,1787.20,,,2035,3659346.00,229,F1,1,,,,,
2026-07-30,2026-07-30,CM,BSE,STK,506808,INE400A01014,TUTIALKA,X,,,,,TUTICORIN ALKALI CHEMICALS AND,60.99,60.99,59.09,59.78,60.00,59.27,,59.78,,,7923,473225.00,99,F1,1,,,,,
2026-07-30,2026-07-30,CM,BSE,STK,506820,INE203A01020,ASTRAZEN,A,,,,,ASTRAZENECA PHARMA INDIA LTD.,8268.30,8268.30,8087.00,8090.05,8090.05,8179.35,,8094.50,,,53,431178.00,31,F1,1,,,,,
2026-07-30,2026-07-30,CM,BSE,STK,506852,INE607A01022,PRIMO,B,,,,,Primo Chemicals Limited,22.81,26.10,22.49,25.15,25.10,22.68,,25.07,,,148804,3733296.00,1097,F1,1,,,,,
2026-07-30,2026-07-30,CM,BSE,STK,506854,INE639B01023,TANFACIND,B,,,,,TANFAC INDUSTRIES LTD.,2815.00,2925.00,2726.50,2864.60,2864.60,2790.80,,2864.60,,,19747,56342771.00,2013,F1,1,,,,,
2026-07-30,2026-07-30,CM,BSE,STK,506858,INE636P01011,GUJPETR,X,,,,,GUJARAT PETROSYNTHESE LTD.,53.50,55.00,53.50,55.00,55.00,53.50,,55.00,,,13,702.00,3,F1,1,,,,,
2026-07-30,2026-07-30,CM,BSE,STK,506863,INE716M01034,SWADEIN,X,,,,,SWADESHI INDUSTRIES LEASING CO,97.90,97.90,89.65,93.30,93.30,94.33,,93.30,,,5024,473739.00,100,F1,1,,,,,
2026-07-30,2026-07-30,CM,BSE,STK,506879,INE942C01045,GUJTHEM,B,,,,,GUJARAT THEMIS BIOSYN LTD.,359.95,359.95,350.80,351.75,351.75,357.35,,351.50,,,3812,1353453.00,185,F1,1,,,,,
2026-07-30,2026-07-30,CM,BSE,STK,506919,INE987A01010,MAKERSL,X,,,,,MAKERS LABORATORIES LTD.,155.00,155.00,146.20,151.50,153.00,152.30,,151.50,,,3343,506975.00,28,F1,1,,,,,
2026-07-30,2026-07-30,CM,BSE,STK,506947,INE334N01018,ADVPETR-B,XT,,,,,ADVANCE PETROCHEMICALS LTD.,164.30,164.30,164.30,164.30,164.30,172.90,,164.30,,,1,164.00,1,F1,1,,,,,
2026-07-30,2026-07-30,CM,BSE,STK,506975,INE374C01017,RAJSPTR,P,,,,,RAJASTHAN PETRO SYNTHETICS LTD,11.71,11.71,11.71,11.71,11.71,12.15,,11.71,,,100,1171.00,1,F1,100,,,,,
2026-07-30,2026-07-30,CM,BSE,STK,506979,INE046E01025,APTPACK,X,,,,,APT PACKAGING LTD.,66.46,69.95,66.46,66.46,66.46,69.95,,66.46,,,16402,1090546.00,80,F1,1,,,,,
2026-07-30,2026-07-30,CM,BSE,STK,506981,INE472D01017,BLUECHIPT,X,,,,,BLUE CHIP TEX INDUSTRIES LTD.,117.00,123.00,117.00,122.90,122.90,120.00,,122.90,,,15,1814.00,7,F1,1,,,,,
2026-07-30,2026-07-30,CM,BSE,STK,507155,INE574A01016,JAGAJITIND,X,,,,,JAGATJIT INDUSTRIES LTD.,129.40,129.70,125.60,127.35,127.25,125.85,,127.35,,,11742,1509619.00,93,F1,1,,,,,
2026-07-30,2026-07-30,CM,BSE,STK,507180,INE133B01027,KESARENT,X,,,,,KESAR ENTERPRISES LTD.,6.20,6.20,5.53,5.80,5.80,5.97,,5.80,,,14116,80403.00,38,F1,1,,,,,
2026-07-30,2026-07-30,CM,BSE,STK,507205,INE133E01013,TI,A,,,,,TILAKNAGAR INDUSTRIES LTD.,469.30,476.80,459.50,466.80,466.80,465.35,,467.10,,,45287,21205889.00,1490,F1,1,,,,,
2026-07-30,2026-07-30,CM,BSE,STK,507265,INE044N01021,EMERALL,X,,,,,Emerald Leisures Limited,175.00,175.00,168.30,169.25,169.00,179.90,,169.25,,,2105,356351.00,9,F1,1,,,,,
2026-07-30,2026-07-30,CM,BSE,STK,507300,INE615A01025,RAVALSUGAR,X,,,,,The Ravalgaon Sugar Farm Limit,975.00,975.00,941.00,945.00,945.00,960.00,,945.00,,,140,133304.00,6,F1,1,,,,,
2026-07-30,2026-07-30,CM,BSE,STK,507315,INE623A01011,SAKHTISUG,B,,,,,SAKTHI SUGARS LTD.,16.75,16.99,16.60,16.95,16.95,16.79,,16.77,,,1423,23740.00,22,F1,1,,,,,
2026-07-30,2026-07-30,CM,BSE,STK,507410,INE711A01022,WALCHANNAG,B,,,,,WALCHANDNAGAR INDUSTRIES LTD.,223.90,232.90,219.05,230.65,230.65,222.20,,230.80,,,66575,15062103.00,1039,F1,1,,,,,
2026-07-30,2026-07-30,CM,BSE,STK,507438,INE076C01018,IFBAGRO,T,,,,,IFB AGRO INDUSTRIES LTD.,990.00,990.00,950.00,950.10,950.10,996.95,,962.25,,,402,391257.00,41,F1,1,,,,,
2026-07-30,2026-07-30,CM,BSE,STK,507474,INE991B01010,KFBL,X,,,,,KOTHARI FERMENTATION & BIOCHEM,44.31,47.00,44.31,46.76,46.76,45.67,,46.76,,,1382,64369.00,8,F1,1,,,,,
2026-07-30,2026-07-30,CM,BSE,STK,507486,INE470N01010,CAPRO,X,,,,,CAPROLACTAM CHEMICALS LTD.,45.65,45.65,45.65,45.65,45.65,48.00,,45.65,,,100,4565.00,1,F1,1,,,,,
2026-07-30,2026-07-30,CM,BSE,STK,507488,INE075D01018,GMBREW,B,,,,,G.M.BREWERIES LTD.,904.70,910.80,898.00,901.15,898.00,902.35,,900.80,,,1718,1553668.00,113,F1,1,,,,,
2026-07-30,2026-07-30,CM,BSE,STK,507490,INE625B01014,RANASUG,B,,,,,RANA SUGARS LTD.,11.90,12.01,11.75,11.77,11.77,11.98,,11.76,,,13690,162339.00,70,F1,1,,,,,
2026-07-30,2026-07-30,CM,BSE,STK,507498,INE544C01023,PICCASUG,X,,,,,PICCADILY SUGAR & ALLIED INDUS,34.54,35.47,33.50,34.29,33.82,35.60,,34.29,,,2716,93269.00,65,F1,1,,,,,
2026-07-30,2026-07-30,CM,BSE,STK,507514,INE480C01038,SDBL,B,,,,,SOM DISTILLERIES & BREWERIES L,72.04,72.04,69.78,70.23,70.30,71.13,,70.24,,,27676,1940911.00,221,F1,1,,,,,
2026-07-30,2026-07-30,CM,BSE,STK,507515,INE557D01015,CJGEL,XT,,,,,C.J.GELATINE PRODUCTS LTD.,18.07,18.97,17.17,18.14,17.40,18.07,,18.14,,,498,9041.00,9,F1,1,,,,,
2026-07-30,2026-07-30,CM,BSE,STK,507526,INE073G01016,ASALCBR,B,,,,,ASSOCIATED ALCOHOLS & BREWERIE,768.90,791.65,765.00,777.00,777.00,765.00,,777.05,,,2879,2250976.00,341,F1,1,,,,,
2026-07-30,2026-07-30,CM,BSE,STK,507552,INE976E01023,FOODSIN,B,,,,,FOODS & INNS LTD.,54.41,54.60,53.91,54.16,54.46,54.41,,54.14,,,1072,58154.00,33,F1,1,,,,,
2026-07-30,2026-07-30,CM,BSE,STK,507598,INE014E01015,KLRFM,X,,,,,KOVILPATTI LAKSHMI ROLLER FLOU,92.00,93.50,89.95,92.50,93.50,93.15,,92.50,,,8333,758595.00,127,F1,1,,,,,
2026-07-30,2026-07-30,CM,BSE,STK,507621,INE588G01021,MLKFOOD,X,,,,,MILKFOOD LTD.,68.90,68.96,67.00,68.76,68.96,67.96,,68.76,,,3825,261056.00,41,F1,1,,,,,
2026-07-30,2026-07-30,CM,BSE,STK,507685,INE075A01022,WIPRO,A,,,,,WIPRO LTD.,183.60,191.30,181.75,186.35,186.35,183.55,,186.33,,,2029510,382263626.00,15385,F1,1,,,,,
2026-07-30,2026-07-30,CM,BSE,STK,507690,INE247F01018,ORIBEVER,X,,,,,ORIENT BEVERAGES LTD.,183.85,184.10,183.85,184.00,184.10,179.65,,184.00,,,185,34030.00,11,F1,1,,,,,
2026-07-30,2026-07-30,CM,BSE,STK,507717,INE435G01025,DHANUKA,B,,,,,DHANUKA AGRITECH LTD.,1023.00,1042.95,1011.80,1030.95,1034.00,1015.40,,1032.70,,,2420,2501621.00,159,F1,1,,,,,
2026-07-30,2026-07-30,CM,BSE,STK,507747,INE910C01018,TTKHLTCARE,B,,,,,TTK HEALTHCARE LTD.,1038.00,1060.40,980.10,1001.90,999.00,1047.40,,1000.95,,,4285,4280916.00,551,F1,1,,,,,
2026-07-30,2026-07-30,CM,BSE,STK,507753,INE284B01028,TGVSL,B,,,,,TGV SRAAC Limited,104.00,105.60,102.65,103.25,103.25,103.50,,103.25,,,121232,12655481.00,897,F1,1,,,,,
2026-07-30,2026-07-30,CM,BSE,STK,507759,INE891G01011,LIMECHM,X,,,,,LIME CHEMICALS LTD.,13.45,13.45,13.45,13.45,13.45,13.50,,13.45,,,2,26.00,2,F1,1,,,,,
2026-07-30,2026-07-30,CM,BSE,STK,507779,INE694E01014,KANPRPLA,B,,,,,KANPUR PLASTIPACK LTD.,214.05,214.10,210.50,211.05,211.00,215.80,,210.84,,,4627,981318.00,102,F1,1,,,,,
2026-07-30,2026-07-30,CM,BSE,STK,507785,INE123C01018,TAINWALCHM,B,,,,,TAINWALA CHEMICALS & PLASTICS,197.95,201.40,195.30,201.30,201.30,199.00,,199.79,,,407,81182.00,30,F1,1,,,,,
2026-07-30,2026-07-30,CM,BSE,STK,507789,INE048B01035,JAGSNPHARM,B,,,,,JAGSONPAL PHARMACEUTICALS LTD.,235.95,263.50,232.15,236.80,232.15,230.50,,236.07,,,533946,134449382.00,6254,F1,1,,,,,
2026-07-30,2026-07-30,CM,BSE,STK,507794,INE745B01028,KHAICHEM,B,,,,,KHAITAN CHEMICALS & FERTILIZER,48.25,48.50,47.50,47.50,47.50,48.13,,47.43,,,3119,149755.00,49,F1,1,,,,,
2026-07-30,2026-07-30,CM,BSE,STK,507808,INE357P01014,UNTTEMI,P,,,,,UNITED LEASING & INDUSTRIES LT,35.80,35.80,35.80,35.80,35.80,34.10,,35.80,,,350,12530.00,3,F1,50,,,,,
2026-07-30,2026-07-30,CM,BSE,STK,507813,INE296D01010,NOL,X,,,,,NATIONAL OXYGEN LTD.,55.95,56.00,54.00,54.54,54.54,54.63,,54.54,,,3456,192838.00,41,F1,1,,,,,
2026-07-30,2026-07-30,CM,BSE,STK,507815,INE322A01010,GILLETTE,A,,,,,GILLETTE INDIA LTD.,7939.95,7939.95,7690.00,7708.85,7733.10,7887.95,,7718.50,,,2403,18623247.00,695,F1,1,,,,,
2026-07-30,2026-07-30,CM,BSE,STK,507817,INE469D01013,WIREFABR,X,,,,,WIRES & FABRIKS (SA) LTD.,124.60,124.60,120.00,123.70,123.90,118.90,,123.70,,,173,21307.00,7,F1,1,,,,,
2026-07-30,2026-07-30,CM,BSE,STK,507828,INE880B01015,ANSALHSG,X,,,,,ANSAL HOUSING LIMITED,5.86,6.03,5.39,5.69,5.69,5.82,,5.69,,,22018,124816.00,81,F1,1,,,,,
2026-07-30,2026-07-30,CM,BSE,STK,507833,INE607B01012,COMPUPN,X,,,,,COMPUTER POINT LTD.,3.47,3.58,3.32,3.36,3.36,3.53,,3.36,,,6114,20807.00,52,F1,1,,,,,
2026-07-30,2026-07-30,CM,BSE,STK,507836,INE435D01014,MCCHRLS-B,B,,,,,MAC CHARLES (INDIA) LTD.,680.30,698.45,675.10,694.75,694.75,698.85,,699.15,,,764,519731.00,24,F1,1,,,,,
2026-07-30,2026-07-30,CM,BSE,STK,507852,INE757C01021,ADDIND,X,,,,,ADDI INDUSTRIES LTD.,83.00,83.00,77.00,81.82,83.00,81.43,,81.82,,,1189,97789.00,47,F1,1,,,,,
2026-07-30,2026-07-30,CM,BSE,STK,507864,INE746D01014,PIONRINV,T,,,,,PIONEER INVESTCORP LTD.,88.64,90.95,84.56,90.95,90.95,89.01,,85.10,,,1111,94409.00,14,F1,1,,,,,
2026-07-30,2026-07-30,CM,BSE,STK,507872,INE372I01018,ASHNOOR,X,,,,,ASHNOOR TEXTILE MILLS LTD.,41.48,41.48,41.48,41.48,41.48,40.67,,41.48,,,65,2696.00,3,F1,1,,,,,
2026-07-30,2026-07-30,CM,BSE,STK,507878,INE694A01020,UNITECH,B,,,,,UNITECH LTD.,4.26,4.32,4.19,4.20,4.19,4.28,,4.19,,,787900,3335450.00,605,F1,1,,,,,
2026-07-30,2026-07-30,CM,BSE,STK,507880,INE054A01027,VIPIND,A,,,,,V.I.P.INDUSTRIES LTD.,294.50,299.75,293.85,296.45,296.70,296.75,,296.10,,,4717,1395876.00,167,F1,1,,,,,
2026-07-30,2026-07-30,CM,BSE,STK,507910,INE296C01020,FIBERWEB,B,,,,,FIBERWEB (INDIA) LTD.,30.00,30.00,29.50,29.99,29.99,30.15,,29.51,,,1100,32971.00,11,F1,1,,,,,
2026-07-30,2026-07-30,CM,BSE,STK,507912,INE724A01017,GYFTR,B,,,,,GYFTR LIMITED,155.00,170.00,152.10,153.75,154.90,152.45,,154.76,,,47489,7550360.00,612,F1,1,,,,,
2026-07-30,2026-07-30,CM,BSE,STK,507944,INE704G01024,BAJAJST,B,,,,,BAJAJ STEEL INDUSTRIES LTD.,390.40,395.95,385.05,389.65,392.00,384.05,,390.75,,,2579,1003913.00,162,F1,1,,,,,
2026-07-30,2026-07-30,CM,BSE,STK,507946,INE845A01028,KIDUJA,X,,,,,KIDUJA INDIA LTD.,16.21,16.21,14.68,16.15,16.15,15.45,,16.15,,,2172,32142.00,14,F1,1,,,,,
2026-07-30,2026-07-30,CM,BSE,STK,507948,INE130F01016,KEYCORP,X,,,,,KEY CORP LTD.,78.39,78.39,71.41,72.25,71.41,75.00,,72.25,,,2038,148130.00,28,F1,1,,,,,
2026-07-30,2026-07-30,CM,BSE,STK,507960,INE621C01011,GUJHOTE,X,,,,,GUJARAT HOTELS LTD.,185.00,185.65,174.00,184.00,184.00,184.35,,184.00,,,6046,1101592.00,77,F1,1,,,,,
2026-07-30,2026-07-30,CM,BSE,STK,507962,INE455H01021,FYNX,X,,,,,FYNX CAPITAL LIMITED,4.65,4.67,4.37,4.66,4.65,4.45,,4.66,,,216339,1007976.00,55,F1,1,,,,,
2026-07-30,2026-07-30,CM,BSE,STK,507968,INE289M01016,JOLYPLS,XT,,,,,JOLLY PLASTIC INDUSTRIES LTD.,38.51,41.94,38.51,41.92,41.92,39.95,,41.92,,,901,36907.00,10,F1,1,,,,,
2026-07-30,2026-07-30,CM,BSE,STK,507970,INE143I01013,PARMCOS-B,X,,,,,PARAMOUNT COSMETICS (INDIA) LT,38.00,41.00,38.00,38.72,38.79,37.46,,38.72,,,4148,160418.00,47,F1,1,,,,,
2026-07-30,2026-07-30,CM,BSE,STK,507981,INE726D01016,JINDHOT,X,,,,,JINDAL HOTELS LTD.,63.00,64.17,62.90,63.83,64.17,64.49,,63.83,,,274,17339.00,10,F1,1,,,,,
2026-07-30,2026-07-30,CM,BSE,STK,507998,INE657D01021,SIMMOND,XT,,,,,SIMMONDS MARSHALL LTD.,201.00,202.90,191.10,194.00,194.00,194.05,,194.00,,,4419,859698.00,43,F1,1,,,,,
2026-07-30,2026-07-30,CM,BSE,STK,508486,INE979B01015,HAWKINCOOK,B,,,,,HAWKINS COOKERS LTD.,8589.90,8596.00,8458.80,8542.75,8458.80,8518.90,,8531.00,,,142,1216139.00,49,F1,1,,,,,
2026-07-30,2026-07-30,CM,BSE,STK,508494,INE712A01012,WARRENTEA,X,,,,,WARREN TEA LTD.,47.10,49.35,47.10,48.11,48.50,48.54,,48.11,,,473,22809.00,22,F1,1,,,,,
2026-07-30,2026-07-30,CM,BSE,STK,508571,INE788M01017,COCHMAL,X,,,,,COCHIN MALABAR ESTATES & INDUS,133.00,139.00,132.30,133.35,133.25,148.00,,133.35,,,191,25431.00,14,F1,1,,,,,
2026-07-30,2026-07-30,CM,BSE,STK,508664,INE553F01035,BESTEAST,XT,,,,,BEST EASTERN HOTELS LTD.,16.80,17.64,16.80,17.62,17.40,16.80,,17.62,,,37130,652894.00,55,F1,1,,,,,
2026-07-30,2026-07-30,CM,BSE,STK,508807,INE684B01029,ISTLTD,X,,,,,IST LTD.,615.15,648.00,615.00,644.35,644.35,615.85,,644.35,,,1928,1220067.00,79,F1,1,,,,,
2026-07-30,2026-07-30,CM,BSE,STK,508814,INE757A01017,COSMOFIRST,B,,,,,Cosmo First Limited,882.00,902.60,876.95,879.75,878.10,890.30,,882.90,,,3566,3182613.00,248,F1,1,,,,,
2026-07-30,2026-07-30,CM,BSE,STK,508867,INE800K01014,NEWMKTAVE,XT,,,,,NEW MARKETS AVENUE LIMITED,43.12,43.12,43.12,43.12,43.12,41.07,,43.12,,,1,43.00,1,F1,1,,,,,
2026-07-30,2026-07-30,CM,BSE,STK,508869,INE437A01024,APOLLOHOSP,A,,,,,APOLLO HOSPITALS ENTERPRISE LT,8931.55,9009.00,8862.30,8986.40,8986.40,8931.65,,8988.00,,,3969,35559862.00,981,F1,1,,,,,
2026-07-30,2026-07-30,CM,BSE,STK,508875,INE861H01020,NITINCAST,X,,,,,Nitin Castings Limited,500.00,544.95,496.95,496.95,496.95,523.10,,496.95,,,578,292906.00,83,F1,1,,,,,
2026-07-30,2026-07-30,CM,BSE,STK,508905,INE641A01013,NEXOME,XT,,,,,NEXOME CAPITAL MARKETS LIMITED,123.00,123.00,118.00,121.75,121.75,118.15,,121.75,,,130,15440.00,13,F1,1,,,,,
2026-07-30,2026-07-30,CM,BSE,STK,508906,INE295A01018,EVERESTIND,T,,,,,EVEREST INDUSTRIES LTD.,482.00,489.00,470.55,470.60,470.60,495.30,,471.05,,,1108,523819.00,73,F1,1,,,,,
2026-07-30,2026-07-30,CM,BSE,STK,508918,INE791H01011,IRONWOOD,X,,,,,IRONWOOD EDUCATION LIMITED,55.00,55.00,50.00,50.39,50.00,55.00,,50.39,,,12048,615529.00,66,F1,1,,,,,
2026-07-30,2026-07-30,CM,BSE,STK,508933,INE193B01039,AYMSYNTEX,B,,,,,AYM Syntex Limited,237.00,246.00,237.00,246.00,246.00,240.10,,245.48,,,284,68599.00,19,F1,1,,,,,
2026-07-30,2026-07-30,CM,BSE,STK,508941,INE013E01017,PANCARBON,X,,,,,PANASONIC CARBON INDIA CO.LTD.,460.15,462.95,455.10,458.95,458.75,458.05,,458.95,,,706,323624.00,40,F1,1,,,,,
2026-07-30,2026-07-30,CM,BSE,STK,508954,INE734I01027,FINKURVE,B,,,,,FINKURVE FINANCIAL SERVICES LT,61.21,61.56,60.00,60.47,60.18,62.17,,60.93,,,1543,94041.00,48,F1,1,,,,,
2026-07-30,2026-07-30,CM,BSE,STK,508956,INE549B01016,HBLEAS,X,,,,,HB LEASING & FINANCE CO.LTD.,10.05,10.49,10.00,10.38,10.38,10.03,,10.38,,,5571,55987.00,43,F1,1,,,,,
2026-07-30,2026-07-30,CM,BSE,STK,508961,INE753D01010,SHRICON,XT,,,,,SHRICON INDUSTRIES LTD.,217.70,220.00,211.00,211.00,211.00,222.10,,211.00,,,6,1308.00,3,F1,1,,,,,
2026-07-30,2026-07-30,CM,BSE,STK,508969,INE673M01029,SULABEN,X,,,,,SULABH ENGINEERS & SERVICES LT,2.74,2.74,2.63,2.70,2.70,2.74,,2.70,,,10561,28405.00,41,F1,1,,,,,
2026-07-30,2026-07-30,CM,BSE,STK,508980,INE977E01013,FRONTCAP,X,,,,,FRONTIER CAPITAL LIMITED,9.80,10.24,9.28,10.08,10.24,9.76,,10.08,,,89591,904301.00,67,F1,1,,,,,
2026-07-30,2026-07-30,CM,BSE,STK,508989,INE060A01024,NAVNETEDUL,B,,,,,NAVNEET EDUCATION LIMITED,138.65,139.05,136.55,137.10,137.25,139.75,,137.07,,,4870,672239.00,86,F1,1,,,,,
2026-07-30,2026-07-30,CM,BSE,STK,509009,INE218C01016,AUSOMENT,T,,,,,AUSOM ENTERPRISE LIMITED,138.60,138.60,134.00,136.25,137.00,140.85,,138.67,,,515,71322.00,6,F1,1,,,,,
2026-07-30,2026-07-30,CM,BSE,STK,509015,INE190F01028,THAKRAL,X,,,,,THAKRAL SERVICES (INDIA) LTD.,13.72,13.72,13.44,13.49,13.50,13.72,,13.49,,,2764,37642.00,11,F1,1,,,,,
2026-07-30,2026-07-30,CM,BSE,STK,509020,INE413B01023,RUCHINFRA,B,,,,,RUCHI INFRASTRUCTURE LTD.,6.11,6.11,5.75,5.76,5.89,5.84,,5.78,,,10947,63914.00,90,F1,1,,,,,
2026-07-30,2026-07-30,CM,BSE,STK,509024,INE088E01019,GOLDLEG,X,,,,,GOLDEN LEGAND LEASING & FINANC,8.50,8.50,7.18,8.40,8.40,8.16,,8.40,,,8639,71474.00,82,F1,1,,,,,
2026-07-30,2026-07-30,CM,BSE,STK,509026,INE117F01013,VJTFEDU,X,,,,,VJTF EDUSERVICES LTD.,71.90,74.82,66.20,72.48,74.82,76.45,,72.48,,,973,68338.00,21,F1,1,,,,,
2026-07-30,2026-07-30,CM,BSE,STK,509038,INE763D01019,VOLLF,X,,,,,VOLTAIRE LEASING & FINANCE LTD,14.37,14.37,13.23,13.80,14.36,13.69,,13.80,,,3,41.00,3,F1,1,,,,,
2026-07-30,2026-07-30,CM,BSE,STK,509040,INE040F01033,NETLINK,X,,,,,NETLINK SOLUTIONS (INDIA) LTD.,175.00,179.75,174.00,179.75,179.75,180.00,,179.75,,,254,44228.00,12,F1,1,,,,,
2026-07-30,2026-07-30,CM,BSE,STK,509046,INE778N01016,TRILIANCE,XT,,,,,TRILIANCE POLYMERS LIMITED,39.80,39.80,38.00,38.00,38.00,40.00,,38.00,,,1262,48409.00,5,F1,1,,,,,
2026-07-30,2026-07-30,CM,BSE,STK,509048,INE572G01025,LANCORHOL,B,,,,,LANCOR HOLDINGS LTD.,25.62,27.00,25.62,26.63,26.63,25.62,,26.30,,,6281,166322.00,95,F1,1,,,,,
2026-07-30,2026-07-30,CM,BSE,STK,509051,INE300B01022,INDINFO,X,,,,,INDIAN INFOTECH & SOFTWARE LTD,0.60,0.61,0.59,0.60,0.60,0.60,,0.60,,,736232,442583.00,467,F1,1,,,,,
2026-07-30,2026-07-30,CM,BSE,STK,509053,INE521L01030,BANASFN,X,,,,,BANAS FINANCE LTD.,7.15,7.19,7.00,7.16,7.18,7.19,,7.16,,,23092,163514.00,63,F1,1,,,,,
2026-07-30,2026-07-30,CM,BSE,STK,509055,INE392A01021,VISAKAIND,B,,,,,VISAKA INDUSTRIES LTD.,82.50,83.99,80.49,81.48,81.29,83.15,,81.61,,,5678,464999.00,72,F1,1,,,,,
2026-07-30,2026-07-30,CM,BSE,STK,509069,INE669A01022,INFOMEDIA,B,,,,,INFOMEDIA PRESS LTD.,5.46,5.65,5.30,5.65,5.65,5.29,,5.48,,,6988,38228.00,11,F1,1,,,,,
2026-07-30,2026-07-30,CM,BSE,STK,509073,INE525B01016,HATHWAYB,X,,,,,HATHWAY BHAWANI CABLETEL & DAT,12.00,12.00,11.13,11.90,11.90,12.00,,11.90,,,120,1431.00,6,F1,1,,,,,
2026-07-30,2026-07-30,CM,BSE,STK,509079,INE742B01025,GUFICBIO,B,,,,,GUFIC BIOSCIENCES LTD.,383.00,388.60,380.00,382.40,382.15,382.15,,383.95,,,1958,754046.00,236,F1,1,,,,,
2026-07-30,2026-07-30,CM,BSE,STK,509152,INE137I01015,GRPLTD,B,,,,,GRP LTD.,1985.05,2108.60,1985.00,2067.05,2108.60,1973.85,,2060.40,,,37,75814.00,9,F1,1,,,,,
2026-07-30,2026-07-30,CM,BSE,STK,509162,INE802D01023,INDAG,XT,,,,,INDAG RUBBER LTD.,98.00,100.00,96.00,97.15,97.05,95.85,,97.15,,,3572,351167.00,68,F1,1,,,,,
2026-07-30,2026-07-30,CM,BSE,STK,509196,INE159E01026,MMRUBBR-B,X,,,,,MM RUBBER COMPANY LTD.,54.00,56.00,54.00,54.20,54.15,57.40,,54.20,,,197,10868.00,16,F1,1,,,,,
2026-07-30,2026-07-30,CM,BSE,STK,509220,INE034D01049,PTL,B,,,,,PTL ENTERPRISES LTD.,38.51,39.98,38.51,39.28,39.26,39.43,,39.31,,,2207,87047.00,45,F1,1,,,,,
2026-07-30,2026-07-30,CM,BSE,STK,509243,INE421C01016,TVSSRICHAK,B,,,,,TVS SRICHAKRA LTD.,3960.00,3960.00,3911.10,3925.05,3941.65,3956.20,,3920.70,,,504,1993733.00,53,F1,1,,,,,
2026-07-30,2026-07-30,CM,BSE,STK,509423,INE367E01033,SEL,X,,,,,SANATHNAGAR ENTERPRISES LIMITE,35.00,35.00,35.00,35.00,35.00,35.38,,35.00,,,10,350.00,2,F1,1,,,,,
2026-07-30,2026-07-30,CM,BSE,STK,509438,INE664D01019,BENARAS,B,,,,,BENARES HOTELS LTD.,10179.95,10269.95,10130.10,10239.90,10239.95,10200.10,,10239.90,,,222,2270074.00,209,F1,1,,,,,
2026-07-30,2026-07-30,CM,BSE,STK,509449,INE026I01010,BHAGWOX,X,,,,,BHAGWATI OXYGEN LTD.,38.01,38.01,37.00,37.24,37.24,36.20,,37.24,,,1376,52283.00,19,F1,1,,,,,
2026-07-30,2026-07-30,CM,BSE,STK,509470,INE01TL01014,BOMOXY-B1,X,,,,,BOMBAY OXYGEN INVESTMENTS LIMI,19100.00,19100.00,18866.50,18955.00,18955.00,19032.75,,18955.00,,,15,283767.00,9,F1,1,,,,,
2026-07-30,2026-07-30,CM,BSE,STK,509472,INE145E01017,CRAVATEX,X,,,,,CRAVATEX LTD.,346.55,354.85,345.15,345.60,345.15,346.20,,345.60,,,272,94186.00,42,F1,1,,,,,
2026-07-30,2026-07-30,CM,BSE,STK,509480,INE463A01038,BERGEPAINT,A,,,,,BERGER PAINTS INDIA LTD.,516.00,526.00,512.45,520.95,520.95,520.30,,521.35,,,37279,19419640.00,1328,F1,1,,,,,
2026-07-30,2026-07-30,CM,BSE,STK,509486,INE479A01018,CAPRIHANS,X,,,,,CAPRIHANS INDIA LTD.,73.25,74.49,71.33,74.49,74.49,73.25,,74.49,,,156,11224.00,10,F1,1,,,,,
2026-07-30,2026-07-30,CM,BSE,STK,509488,INE371A01025,GRAPHITE,A,,,,,GRAPHITE INDIA LTD.,660.35,675.90,658.55,666.95,666.95,666.75,,665.80,,,98539,66107203.00,1919,F1,1,,,,,
2026-07-30,2026-07-30,CM,BSE,STK,509496,INE686A01026,CEMPRO,A,,,,,Cemindia Projects Limited,1365.50,1385.00,1278.45,1361.45,1361.45,1345.70,,1358.80,,,65588,86176303.00,3321,F1,1,,,,,
2026-07-30,2026-07-30,CM,BSE,STK,509525,INE515H01014,EMPIND,X,,,,,EMPIRE INDUSTRIES LTD.,1033.95,1040.00,1025.05,1029.30,1027.00,1035.00,,1029.30,,,604,622703.00,51,F1,1,,,,,
2026-07-30,2026-07-30,CM,BSE,STK,509546,INE214F01026,GRAVISSHO,B,,,,,GRAVISS HOSPITALITY LIMITED,30.66,31.98,29.70,29.70,29.70,30.05,,29.71,,,864,26304.00,5,F1,1,,,,,
2026-07-30,2026-07-30,CM,BSE,STK,509557,INE276A01018,GARFIBRES,A,,,,,GARWARE TECHNICAL FIBRES LIMIT,733.65,738.25,720.95,722.10,722.10,725.55,,722.80,,,716,521268.00,99,F1,1,,,,,
2026-07-30,2026-07-30,CM,BSE,STK,509563,INE925D01014,GARWAMAR,X,,,,,GARWARE MARINE INDUSTRIES LTD.,21.55,21.55,21.02,21.14,21.10,21.13,,21.14,,,871,18553.00,28,F1,1,,,,,
2026-07-30,2026-07-30,CM,BSE,STK,509567,INE426D01013,GOACARBON,B,,,,,GOA CARBON LTD.,377.25,387.00,377.25,379.30,378.00,391.60,,379.05,,,1542,589854.00,180,F1,1,,,,,
2026-07-30,2026-07-30,CM,BSE,STK,509597,INE722D01015,HARDCAS,X,,,,,HARDCASTLE & WAUD MFG.CO.LTD.,849.90,849.90,835.00,835.00,835.00,842.35,,835.00,,,12,10106.00,3,F1,1,,,,,
2026-07-30,2026-07-30,CM,BSE,STK,509631,INE545A01024,HEG,A,,,,,HEG LTD.,676.90,683.00,656.25,659.15,658.00,672.10,,659.25,,,91832,61515004.00,2267,F1,1,,,,,
2026-07-30,2026-07-30,CM,BSE,STK,509635,INE310C01029,HINDCOMPOS,B,,,,,HINDUSTAN COMPOSITES LTD.,429.10,429.10,425.00,425.00,425.00,425.00,,426.15,,,16,6827.00,6,F1,1,,,,,
2026-07-30,2026-07-30,CM,BSE,STK,509675,INE557A01011,BIRLANU,B,,,,,BIRLANU LIMITED,1360.05,1384.40,1332.00,1334.25,1338.00,1380.10,,1336.90,,,575,778595.00,150,F1,1,,,,,
2026-07-30,2026-07-30,CM,BSE,STK,509692,INE061A01014,INDIANCARD,B,,,,,INDIAN CARD CLOTHING CO.LTD.,220.00,220.00,220.00,220.00,220.00,226.00,,223.25,,,1,220.00,1,F1,1,,,,,
2026-07-30,2026-07-30,CM,BSE,STK,509709,INE575C01027,INTLCONV,B,,,,,INTERNATIONAL CONVEYORS LTD.,76.60,76.60,72.69,73.89,74.00,74.74,,74.37,,,2610,191315.00,232,F1,1,,,,,
2026-07-30,2026-07-30,CM,BSE,STK,509715,INE364A01020,JAYSREETEA,B,,,,,JAY SHREE TEA & INDUSTRIES LTD,82.15,82.80,80.37,80.45,80.37,82.38,,80.83,,,2004,164329.00,40,F1,1,,,,,
2026-07-30,2026-07-30,CM,BSE,STK,509732,INE972A01020,KOTIC,B,,,,,KOTHARI INDUSTRIAL CORPORATION,170.00,170.00,157.60,157.60,157.60,159.10,,159.11,,,697,111754.00,32,F1,1,,,,,
2026-07-30,2026-07-30,CM,BSE,STK,509760,INE370A01019,MODRNSH,X,,,,,MODERN SHARES & STOCKBROKERS L,35.09,37.68,33.50,36.93,36.93,34.40,,36.93,,,708,24864.00,23,F1,1,,,,,
2026-07-30,2026-07-30,CM,BSE,STK,509762,INE848M01019,MAPROIN,XT,,,,,MAPRO INDUSTRIES LTD.,53.67,53.67,53.67,53.67,53.67,51.12,,53.67,,,15445,828933.00,59,F1,1,,,,,
2026-07-30,2026-07-30,CM,BSE,STK,509820,INE275B01026,HUHTAMAKI,B,,,,,HUHTAMAKI INDIA LIMITED,294.00,302.00,291.05,298.60,299.00,297.00,,298.58,,,23617,7031652.00,455,F1,1,,,,,
2026-07-30,2026-07-30,CM,BSE,STK,509835,INE940N01012,PREMSYN,X,,,,,PREMIER SYNTHETICS LTD.,16.25,16.44,14.44,15.13,15.25,16.00,,15.13,,,4373,64707.00,28,F1,1,,,,,
2026-07-30,2026-07-30,CM,BSE,STK,509874,INE849C01026,SHALPAINTS,B,,,,,SHALIMAR PAINTS LTD.,69.85,70.00,66.36,67.12,66.92,69.12,,67.23,,,9859,676565.00,176,F1,1,,,,,
2026-07-30,2026-07-30,CM,BSE,STK,509895,INE832D01020,HINDMILL,X,,,,,HINDOOSTAN MILLS LTD.,155.00,165.00,155.00,165.00,165.00,162.80,,165.00,,,42,6530.00,3,F1,1,,,,,
2026-07-30,2026-07-30,CM,BSE,STK,509930,INE195A01028,SUPREMEIND,A,,,,,SUPREME INDUSTRIES LTD.,3487.65,3530.00,3430.10,3458.85,3455.00,3487.70,,3459.90,,,9193,31933232.00,1535,F1,1,,,,,
2026-07-30,2026-07-30,CM,BSE,STK,509945,INE077P01034,THACKER,T,,,,,THACKER & CO.LTD.,971.00,1068.95,971.00,1068.95,1068.95,1020.00,,1007.20,,,2,2039.00,2,F1,1,,,,,
2026-07-30,2026-07-30,CM,BSE,STK,509953,INE961E01017,TRADWIN,XT,,,,,TRADE WINGS LTD.,536.10,592.50,536.10,591.00,591.00,564.30,,591.00,,,109,58938.00,6,F1,1,,,,,
2026-07-30,2026-07-30,CM,BSE,STK,509960,INE726E01014,UPHOT,X,,,,,U.P.HOTELS LTD.,1430.00,1430.00,1400.00,1400.00,1400.00,1430.00,,1400.00,,,22,30970.00,4,F1,1,,,,,
2026-07-30,2026-07-30,CM,BSE,STK,509966,INE710A01016,VSTIND,B,,,,,VST INDUSTRIES LTD.,219.85,220.55,217.85,219.20,219.00,219.85,,219.40,,,21900,4800429.00,583,F1,1,,,,,
2026-07-30,2026-07-30,CM,BSE,STK,510245,INE804A01025,SWASTIVI,X,,,,,SWASTI VINAYAKA SYNTHETICS LTD,3.70,3.85,3.59,3.61,3.64,3.70,,3.61,,,37283,135157.00,102,F1,1,,,,,
2026-07-30,2026-07-30,CM,BSE,STK,511000,INE856D01011,MSLGLOBAL,X,,,,,MSL GLOBAL LIMITED,15.84,16.00,15.50,15.98,15.98,15.88,,15.98,,,1120,17740.00,13,F1,1,,,,,
2026-07-30,2026-07-30,CM,BSE,STK,511012,INE457N01025,YAMNINV,XT,,,,,YAMINI INVESTMENTS COMPANY LTD,0.61,0.61,0.60,0.60,0.60,0.61,,0.60,,,258623,156492.00,256,F1,1,,,,,
2026-07-30,2026-07-30,CM,BSE,STK,511016,INE946K01023,PREMCAP,XT,,,,,PREMIER CAPITAL SERVICES LTD.,5.31,5.85,5.31,5.85,5.85,5.58,,5.85,,,22006,117931.00,10,F1,1,,,,,
2026-07-30,2026-07-30,CM,BSE,STK,511018,INE679T01013,ZMILGFIN,X,,,,,MILGREY FINANCE & INVESTMENT L,41.55,43.67,40.50,41.39,41.35,42.54,,41.39,,,36850,1572653.00,80,F1,1,,,,,
2026-07-30,2026-07-30,CM,BSE,STK,511034,INE742C01031,JINDRILL,B,,,,,JINDAL DRILLING & INDUSTRIES L,572.60,610.00,572.60,602.80,600.40,578.80,,600.65,,,34193,20420493.00,1179,F1,1,,,,,
2026-07-30,2026-07-30,CM,BSE,STK,511066,INE302E01014,SAKTHIFIN,X,,,,,SAKTHI FINANCE LTD.,27.70,28.44,27.37,27.79,27.70,27.78,,27.79,,,6473,179449.00,37,F1,1,,,,,
2026-07-30,2026-07-30,CM,BSE,STK,511076,INE065D01027,AEROENTER,B,,,,,AEROFLEX ENTERPRISES LIMITED,123.90,123.90,118.50,119.30,118.50,121.75,,118.96,,,12973,1549060.00,441,F1,1,,,,,
2026-07-30,2026-07-30,CM,BSE,STK,511092,INE047E01031,JMDVL,XT,,,,,JMD Ventures Limited,7.62,8.40,7.62,8.05,8.23,8.00,,8.05,,,8199,67238.00,35,F1,1,,,,,
2026-07-30,2026-07-30,CM,BSE,STK,511108,INE705C01020,SHIVATEX,B,,,,,SHIVA TEXYARN LTD.,155.00,165.00,155.00,162.50,162.50,157.20,,164.43,,,1184,193993.00,52,F1,1,,,,,
2026-07-30,2026-07-30,CM,BSE,STK,511122,INE609B01018,1STCUS,X,,,,,FIRST CUSTODIAN FUND (INDIA) L,63.00,66.18,62.70,66.18,66.18,66.99,,66.18,,,255,16218.00,16,F1,1,,,,,
2026-07-30,2026-07-30,CM,BSE,STK,511131,INE344D01018,KAMANWALA,X,,,,,KAMANWALA HOUSING CONSTRUCTION,15.20,15.40,14.51,15.02,14.51,15.30,,15.02,,,47102,708967.00,30,F1,1,,,,,
2026-07-30,2026-07-30,CM,BSE,STK,511147,INE549D01012,WSFX,X,,,,,WSFX Global Pay Limited,64.20,64.20,61.37,63.94,63.93,62.76,,63.94,,,69,4325.00,9,F1,1,,,,,
2026-07-30,2026-07-30,CM,BSE,STK,511153,INE096I01021,ANJANIFOODS,XT,,,,,Anjani Foods Limited,20.19,20.20,18.70,18.75,18.75,19.24,,18.75,,,7951,154020.00,52,F1,1,,,,,
2026-07-30,2026-07-30,CM,BSE,STK,511169,INE552N01023,RKDAGRRTL,XT,,,,,RKD AGRI AND RETAIL LIMITED,5.13,5.13,5.13,5.13,5.13,5.40,,5.13,,,2000,10260.00,2,F1,1,,,,,
2026-07-30,2026-07-30,CM,BSE,STK,511176,INE635I01018,PARSHWANA,X,,,,,PARSHWANATH CORPORATION LTD.,79.80,79.80,75.75,75.75,75.75,76.00,,75.75,,,4,307.00,2,F1,1,,,,,
2026-07-30,2026-07-30,CM,BSE,STK,511187,INE570N01025,MILLENNIUM,X,,,,,Millennium Online Solutions (I,1.70,1.70,1.70,1.70,1.70,1.70,,1.70,,,1181,2007.00,10,F1,1,,,,,
2026-07-30,2026-07-30,CM,BSE,STK,511194,INE613B01010,ICDSLTD,B,,,,,ICDS LTD.,39.00,39.06,39.00,39.00,39.00,43.00,,40.99,,,51,1990.00,5,F1,1,,,,,
2026-07-30,2026-07-30,CM,BSE,STK,511196,INE477A01020,CANFINHOME,A,,,,,CAN FIN HOMES LTD.,829.20,829.20,812.70,816.05,815.25,822.00,,816.30,,,108680,89087769.00,493,F1,1,,,,,
2026-07-30,2026-07-30,CM,BSE,STK,511208,INE050B01023,IVC,B,,,,,IL&FS INVESTMENT MANAGERS LTD.,8.38,8.90,8.25,8.26,8.26,8.22,,8.28,,,8998,75073.00,123,F1,1,,,,,
2026-07-30,2026-07-30,CM,BSE,STK,511218,INE721A01047,SHRIRAMFIN,A,,,,,Shriram Finance Limited,1044.60,1046.00,1019.80,1027.05,1027.05,1044.60,,1027.20,,,145747,149792138.00,3862,F1,1,,,,,
2026-07-30,2026-07-30,CM,BSE,STK,511243,INE121A01024,CHOLAFIN,A,,,,,CHOLAMANDALAM INVESTMENT AND F,1790.00,1807.45,1758.65,1773.40,1776.00,1804.15,,1773.80,,,532087,946882364.00,2713,F1,1,,,,,
2026-07-30,2026-07-30,CM,BSE,STK,511246,INE910D01024,BOMTALKIES,X,,,,,BOMBAY TALKIES LIMITED,3.37,3.37,3.05,3.05,3.05,3.21,,3.05,,,128,415.00,6,F1,1,,,,,
2026-07-30,2026-07-30,CM,BSE,STK,511260,INE088P01015,ICONIKSPEV,X,,,,,ICONIK SPORTS AND EVENTS LIMIT,33.99,34.65,32.00,33.88,34.65,33.00,,33.88,,,46897,1601636.00,154,F1,1,,,,,
2026-07-30,2026-07-30,CM,BSE,STK,511333,INE709A01018,VLSFINANCE,B,,,,,VLS FINANCE LTD.,255.35,255.35,252.15,252.50,253.00,253.75,,251.90,,,605,152941.00,40,F1,1,,,,,
2026-07-30,2026-07-30,CM,BSE,STK,511355,INE429D01017,INDCEMCAP,XT,,,,,INDIA CEMENTS CAPITAL LTD.,21.11,21.11,21.11,21.11,21.11,20.70,,21.11,,,28303,597476.00,26,F1,1,,,,,
2026-07-30,2026-07-30,CM,BSE,STK,511359,INE556D01017,ADMANUM,X,,,,,AD-MANUM FINANCE LTD.,55.81,56.60,52.15,53.30,53.00,54.72,,53.30,,,2679,145216.00,43,F1,1,,,,,
2026-07-30,2026-07-30,CM,BSE,STK,511391,INE661M01016,INTRGLB,X,,,,,INTER GLOBE FINANCE LTD.,60.40,60.40,56.50,56.53,56.53,59.00,,56.53,,,437,25852.00,8,F1,1,,,,,
2026-07-30,2026-07-30,CM,BSE,STK,511401,INE410E01015,MCLTD,X,,,,,MUNOTH COMMUNICATION LIMITED,4.32,4.76,4.32,4.76,4.76,4.54,,4.76,,,9,41.00,2,F1,1,,,,,
2026-07-30,2026-07-30,CM,BSE,STK,511411,INE472C01027,SHRISTI,X,,,,,SHRISTI INFRASTRUCTURE DEVELOP,33.00,33.00,28.60,31.90,31.90,30.00,,31.90,,,2421,75063.00,15,F1,1,,,,,
2026-07-30,2026-07-30,CM,BSE,STK,511431,INE051B01021,VAKRANGEE,B,,,,,VAKRANGEE LIMITED,6.08,6.09,5.92,6.00,6.08,6.09,,6.00,,,78669,470415.00,351,F1,1,,,,,
2026-07-30,2026-07-30,CM,BSE,STK,511441,INE034B01019,GUJCRED,X,,,,,GUJARAT CREDIT CORPORATION LTD,23.00,23.00,23.00,23.00,23.00,22.01,,23.00,,,50,1150.00,1,F1,1,,,,,
2026-07-30,2026-07-30,CM,BSE,STK,511447,INE706F01021,SYLPH,X,,,,,Sylph Industries Limited,0.26,0.27,0.25,0.25,0.25,0.26,,0.25,,,5484383,1389657.00,865,F1,1,,,,,
2026-07-30,2026-07-30,CM,BSE,STK,511451,INE899D01011,DHARFIN,XT,,,,,DHARANI FINANCE LTD.,11.62,12.50,11.62,12.50,12.50,12.23,,12.50,,,499,5999.00,12,F1,1,,,,,
2026-07-30,2026-07-30,CM,BSE,STK,511463,INE191N01012,ALEXANDER,X,,,,,Alexander Stamps And Coin Limi,8.20,8.20,7.02,7.02,7.02,7.25,,7.02,,,2107,15191.00,19,F1,1,,,,,
2026-07-30,2026-07-30,CM,BSE,STK,511473,INE841B01017,INDBANK,B,,,,,INDBANK MERCHANT BANKING SERVI,32.60,32.60,32.02,32.02,32.02,32.44,,31.86,,,3331,107462.00,73,F1,1,,,,,
2026-07-30,2026-07-30,CM,BSE,STK,511493,INE488C01015,SHRYDUS,XT,,,,,SHRYDUS INDUSTRIES LIMITED,5.55,5.74,5.35,5.44,5.70,5.55,,5.44,,,17876,99009.00,50,F1,1,,,,,
2026-07-30,2026-07-30,CM,BSE,STK,511501,INE900A01013,BHARAT,X,,,,,Bharat Bhushan Finance & Commo,23.00,24.88,23.00,24.13,24.85,23.68,,24.13,,,3074,75248.00,51,F1,1,,,,,
2026-07-30,2026-07-30,CM,BSE,STK,511505,INE707C01018,CAPTRUST,B,,,,,CAPITAL TRUST LTD.,15.75,16.99,15.70,16.99,16.99,16.19,,17.30,,,7070,118439.00,133,F1,1,,,,,
2026-07-30,2026-07-30,CM,BSE,STK,511507,INE697C01011,USHAKIRA,X,,,,,USHAKIRAN FINANCE LTD.,31.55,31.55,30.06,30.24,30.16,31.55,,30.24,,,547,16703.00,5,F1,1,,,,,
2026-07-30,2026-07-30,CM,BSE,STK,511509,INE380K01017,VIVOBIOT,X,,,,,VIVO BIO TECH LTD.,21.44,21.87,20.50,21.42,21.54,20.94,,21.42,,,15200,321660.00,134,F1,1,,,,,
2026-07-30,2026-07-30,CM,BSE,STK,511523,INE882C01035,VEERHEALTH,XT,,,,,VEERHEALTH CARE LIMITED,41.37,42.20,41.00,42.06,42.06,42.19,,42.06,,,43965,1847035.00,169,F1,1,,,,,
2026-07-30,2026-07-30,CM,BSE,STK,511525,INE376A01032,PANINDIAC,X,,,,,PAN INDIA CORPORATION LTD.,1.66,1.72,1.61,1.67,1.69,1.67,,1.67,,,74390,123597.00,102,F1,1,,,,,
2026-07-30,2026-07-30,CM,BSE,STK,511533,INE135C01012,SAHARAHOUS,X,,,,,SAHARA HOUSINGFINA CORPORATION,39.13,41.00,39.00,40.97,40.97,39.50,,40.97,,,656,26449.00,14,F1,1,,,,,
2026-07-30,2026-07-30,CM,BSE,STK,511535,INE026C01013,NDASEC,X,,,,,NDA SECURITIES LTD.,30.00,30.00,29.00,29.00,29.00,30.00,,29.00,,,1066,31096.00,12,F1,1,,,,,
2026-07-30,2026-07-30,CM,BSE,STK,511539,INE533B01028,SUPRATRE,X,,,,,Supra Trends Limited,14.79,14.79,14.79,14.79,14.79,14.50,,14.79,,,22,325.00,4,F1,1,,,,,
2026-07-30,2026-07-30,CM,BSE,STK,511543,INE777C01011,GSBFIN,XT,,,,,GSB FINANCE LTD.,42.00,44.95,41.80,41.98,41.85,44.00,,41.98,,,460,19325.00,20,F1,1,,,,,
2026-07-30,2026-07-30,CM,BSE,STK,511549,INE367A01015,MORARKFI,X,,,,,MORARKA FINANCE LTD.,60.00,61.98,60.00,60.17,60.17,60.39,,60.17,,,1356,82668.00,23,F1,1,,,,,
2026-07-30,2026-07-30,CM,BSE,STK,511551,INE903D01011,MONARCH,B,,,,,Monarch Networth Capital Limit,391.95,398.45,381.05,385.00,385.00,388.20,,386.10,,,5227,2023112.00,215,F1,1,,,,,
2026-07-30,2026-07-30,CM,BSE,STK,511557,INE732K01027,PROFINC,Z,,,,,PRO FIN CAPITAL SERVICES LTD.,2.97,3.00,2.84,2.85,2.95,2.97,,2.85,,,424964,1225508.00,189,F1,1,,,,,
2026-07-30,2026-07-30,CM,BSE,STK,511559,INE289C01025,TEAMGTY,B,,,,,TEAM INDIA GUARANTY LIMITED,220.00,229.50,209.00,217.80,217.80,219.20,,219.40,,,178,39157.00,14,F1,1,,,,,
2026-07-30,2026-07-30,CM,BSE,STK,511571,INE754C01010,CRESCENTIS,X,,,,,Crescentis Capital Limited,108.90,109.50,103.70,108.50,108.50,104.10,,108.50,,,2812,301821.00,69,F1,1,,,,,
2026-07-30,2026-07-30,CM,BSE,STK,511577,INE304E01010,MANTRA,X,,,,,Mantra Capital Limited,15.85,15.85,14.71,15.59,15.78,15.30,,15.59,,,1755,26629.00,12,F1,1,,,,,
2026-07-30,2026-07-30,CM,BSE,STK,511585,INE425F01028,BEFOUNDMOL,X,,,,,BEFOUND MOVEMENT LIMITED,3.18,3.18,3.10,3.10,3.10,3.03,,3.10,,,698,2205.00,4,F1,1,,,,,
2026-07-30,2026-07-30,CM,BSE,STK,511589,INE323B01024,AVONMORE,B,,,,,AVONMORE CAPITAL & MANAGEMENT,11.99,12.37,11.01,11.05,11.01,10.96,,11.15,,,173030,2027298.00,978,F1,1,,,,,
2026-07-30,2026-07-30,CM,BSE,STK,511601,INE216B01012,YASHMGM,X,,,,,YASH MANAGEMENT & SATELLITE LT,9.60,9.60,9.20,9.50,9.50,9.30,,9.50,,,852,8051.00,15,F1,1,,,,,
2026-07-30,2026-07-30,CM,BSE,STK,511605,INE420B01036,ARIHANTCAP,B,,,,,ARIHANT CAPITAL MARKETS LTD.,75.86,78.00,75.86,76.93,78.00,76.87,,77.33,,,3619,277901.00,381,F1,1,,,,,
2026-07-30,2026-07-30,CM,BSE,STK,511609,INE569B01022,ISLCONSUL,X,,,,,ISL CONSULTING LTD.,17.97,17.97,15.50,15.81,17.79,16.52,,15.81,,,1221,19316.00,15,F1,1,,,,,
2026-07-30,2026-07-30,CM,BSE,STK,511626,INE229D01011,RRFIN,XT,,,,,RR FINANCIAL CONSULTANTS LTD.,73.63,77.50,73.63,73.63,73.63,77.50,,73.63,,,2360,173864.00,36,F1,1,,,,,
2026-07-30,2026-07-30,CM,BSE,STK,511628,INE417D01020,FEDDERSHOL,B,,,,,FEDDERS HOLDING LIMITED,44.40,45.78,42.53,43.07,42.76,43.88,,42.85,,,116325,5087688.00,896,F1,1,,,,,
2026-07-30,2026-07-30,CM,BSE,STK,511630,INE699B01027,SAMBHAAV,B,,,,,SAMBHAAV MEDIA LTD.,6.25,6.44,5.90,6.16,6.16,6.38,,6.24,,,3351,20277.00,24,F1,1,,,,,
2026-07-30,2026-07-30,CM,BSE,STK,511636,INE234E01027,DJSSS,X,,,,,DJS STOCK & SHARES LTD.,1.66,1.71,1.63,1.64,1.63,1.68,,1.64,,,12208,20328.00,62,F1,1,,,,,
2026-07-30,2026-07-30,CM,BSE,STK,511644,INE113B01037,OMEGAIN,X,,,,,OMEGA INTERACTIVE TECHNOLOGIES,42.86,42.86,42.86,42.86,42.86,45.11,,42.86,,,102670,4400436.00,304,F1,1,,,,,
2026-07-30,2026-07-30,CM,BSE,STK,511654,INE309D01011,SUGALDAM,X,,,,,SUGAL & DAMANI SHARE BROKERS L,67.00,67.33,61.10,61.75,62.00,66.26,,61.75,,,3434,214225.00,75,F1,1,,,,,
2026-07-30,2026-07-30,CM,BSE,STK,511658,INE027D01019,NETTLINX,X,,,,,NETTLINX LTD.,15.40,15.79,14.21,15.40,15.47,15.31,,15.40,,,1342,20558.00,41,F1,1,,,,,
2026-07-30,2026-07-30,CM,BSE,STK,511664,INE443D01018,BGIL,X,,,,,BGIL FILMS & TECHNOLOGIES LTD.,7.59,7.59,7.11,7.39,7.50,7.33,,7.39,,,65874,480079.00,107,F1,1,,,,,
2026-07-30,2026-07-30,CM,BSE,STK,511672,INE099G01011,SCANSTL,B,,,,,Scan Steels Limited,58.97,62.72,58.00,60.43,60.30,59.12,,60.64,,,110438,6693679.00,1335,F1,1,,,,,
2026-07-30,2026-07-30,CM,BSE,STK,511676,INE289B01019,GICHSGFIN,B,,,,,GIC HOUSING FINANCE LTD.,148.45,148.60,147.00,147.85,147.25,147.70,,147.79,,,891,131834.00,37,F1,1,,,,,
2026-07-30,2026-07-30,CM,BSE,STK,511692,INE759C01027,AJCON,X,,,,,AJCON GLOBAL SERVICES LTD.,6.00,6.00,5.56,5.70,5.70,5.73,,5.70,,,1410,7984.00,17,F1,1,,,,,
2026-07-30,2026-07-30,CM,BSE,STK,511696,INE953B01010,CHRTEDCA,X,,,,,CHARTERED CAPITAL & INVESTMENT,279.00,279.00,279.00,279.00,279.00,270.40,,279.00,,,1,279.00,1,F1,1,,,,,
2026-07-30,2026-07-30,CM,BSE,STK,511700,INE625D01028,STANCAP,X,,,,,STANDARD CAPITAL MARKETS LTD.,0.40,0.40,0.39,0.39,0.39,0.40,,0.39,,,4066594,1607401.00,833,F1,1,,,,,
2026-07-30,2026-07-30,CM,BSE,STK,511702,INE290E01011,YOGI,X,,,,,YOGI LIMITED,168.80,168.80,165.05,168.75,168.75,168.80,,168.75,,,1176,196231.00,18,F1,1,,,,,
2026-07-30,2026-07-30,CM,BSE,STK,511710,INE717D01023,CUBIFIN,XT,,,,,CUBICAL FINANCIAL SERVICES LTD,5.30,5.30,5.30,5.30,5.30,5.20,,5.30,,,19632,104049.00,33,F1,1,,,,,
2026-07-30,2026-07-30,CM,BSE,STK,511712,INE452B01013,RELICTEC,X,,,,,RELIC TECHNOLOGIES LTD.,62.00,62.00,60.00,60.00,60.00,61.76,,60.00,,,200,12200.00,2,F1,1,,,,,
2026-07-30,2026-07-30,CM,BSE,STK,511716,INE359A01012,INVIGO,X,,,,,Invigorated Business Consultin,6.50,6.50,6.40,6.45,6.45,6.50,,6.45,,,3584,23143.00,14,F1,1,,,,,
2026-07-30,2026-07-30,CM,BSE,STK,511724,INE020D01022,BAIDFIN,B,,,,,BAID FINSERV LIMITED,9.88,9.94,9.83,9.83,9.83,9.87,,9.85,,,1917,18902.00,11,F1,1,,,,,
2026-07-30,2026-07-30,CM,BSE,STK,511726,INE946H01037,VIPULLTD,T,,,,,VIPUL LTD.,12.61,13.49,12.50,12.55,12.55,12.85,,12.65,,,37277,485519.00,163,F1,1,,,,,
2026-07-30,2026-07-30,CM,BSE,STK,511740,INE239B01014,RFL,XT,,,,,RUPAREL FOOD PRODUCTS LIMITED,123.30,123.30,123.30,123.30,123.30,117.45,,123.30,,,1,123.00,1,F1,1,,,,,
2026-07-30,2026-07-30,CM,BSE,STK,511742,INE583D01011,UGROCAP,B,,,,,UGRO CAPITAL LIMITED,96.09,96.09,94.34,95.10,95.10,96.38,,95.28,,,5138,486766.00,113,F1,1,,,,,
2026-07-30,2026-07-30,CM,BSE,STK,511754,INE861D01011,SAHLIBHFI,B,,,,,SHALIBHADRA FINANCE LTD.,80.15,82.90,80.15,81.50,81.50,79.50,,81.48,,,1824,150518.00,74,F1,1,,,,,
2026-07-30,2026-07-30,CM,BSE,STK,511756,INE195I01013,ABIRAFN,Z,,,,,ABIRAMI FINANCIAL SERVICES (IN,31.50,31.50,30.17,30.17,30.17,31.10,,30.17,,,231,6972.00,3,F1,1,,,,,
2026-07-30,2026-07-30,CM,BSE,STK,511758,INE094E01017,MANSIFIN,X,,,,,MANSI FINANCE (CHENNAI) LTD.,61.00,61.00,56.50,57.56,56.50,58.36,,57.56,,,135,7890.00,5,F1,1,,,,,
2026-07-30,2026-07-30,CM,BSE,STK,511764,INE819K01014,AASTAFIN,X,,,,,Aastamangalam Finance Limited,32.84,35.99,31.47,34.98,34.98,32.57,,34.98,,,12609,426918.00,74,F1,1,,,,,
2026-07-30,2026-07-30,CM,BSE,STK,511766,INE296G01013,MUTHOOTCAP,B,,,,,MUTHOOT CAPITAL SERVICES LTD.,220.85,232.05,218.00,227.75,229.00,221.70,,228.47,,,2477,560042.00,257,F1,1,,,,,
2026-07-30,2026-07-30,CM,BSE,STK,511768,INE677D01037,MASTERTR,B,,,,,MASTER TRUST LTD.,81.71,83.84,81.22,81.58,81.57,82.32,,81.41,,,24473,2026532.00,96,F1,1,,,,,
2026-07-30,2026-07-30,CM,BSE,STK,512008,INE886D01026,EFCIL,B,,,,,EFC (I) LIMITED,199.90,199.90,188.50,190.05,190.05,201.25,,190.07,,,87366,16771328.00,1141,F1,1,,,,,
2026-07-30,2026-07-30,CM,BSE,STK,512014,INE754D01018,SOBME,X,,,,,SOBHAGYA MERCHANTILE LTD.,915.00,915.00,865.00,906.50,914.00,897.65,,906.50,,,782,700582.00,59,F1,1,,,,,
2026-07-30,2026-07-30,CM,BSE,STK,512018,INE135H01029,TTGIL,X,,,,,TOMORROW TECHNOLOGIES GLOBAL I,8.00,8.16,7.91,8.09,8.09,8.00,,8.09,,,11300,90436.00,40,F1,1,,,,,
2026-07-30,2026-07-30,CM,BSE,STK,512020,INE967G01019,ZSARACOM,B,,,,,SARASWATI COMMERCIAL (INDIA) L,12238.50,12490.45,12150.00,12389.90,12389.90,12495.00,,12317.00,,,7,85807.00,4,F1,1,,,,,
2026-07-30,2026-07-30,CM,BSE,STK,512025,INE767M01029,ASGARD,X,,,,,ASGARD ALCOBEV LIMITED,31.97,31.97,30.61,30.97,31.40,31.39,,30.97,,,9845,305574.00,89,F1,1,,,,,
2026-07-30,2026-07-30,CM,BSE,STK,512026,INE603D01017,VEGA,XT,,,,,VEGA JEWELLERS LIMITED,61.95,61.95,61.95,61.95,61.95,61.95,,61.95,,,86,5327.00,1,F1,1,,,,,
2026-07-30,2026-07-30,CM,BSE,STK,512036,INE393H01016,SKYBIOTECH,XT,,,,,SKYBIOTECH HEALTHCARE LIMITED,170.45,170.45,168.00,168.00,168.00,169.95,,168.00,,,41,6986.00,2,F1,1,,,,,
2026-07-30,2026-07-30,CM,BSE,STK,512038,INE887D01016,TCC,B,,,,,TCC CONCEPT LIMITED,279.00,299.00,278.00,286.40,290.00,275.75,,286.35,,,135068,38160000.00,2033,F1,1,,,,,
2026-07-30,2026-07-30,CM,BSE,STK,512047,INE510H01015,ROYALIND,X,,,,,ROYAL INDIA CORPORATION LIMITE,5.88,5.93,5.80,5.83,5.83,5.81,,5.83,,,28493,166762.00,153,F1,1,,,,,
2026-07-30,2026-07-30,CM,BSE,STK,512048,INE195E01020,DHANSAFAL,X,,,,,DHANSAFAL FINSERVE LIMITED,2.25,2.28,2.15,2.18,2.16,2.25,,2.18,,,56067,124713.00,103,F1,1,,,,,
2026-07-30,2026-07-30,CM,BSE,STK,512062,INE896J01014,TANDHANIN,XT,,,,,TANDHAN INDUSTRIES LIMITED,146.70,146.70,135.05,144.00,144.00,141.00,,144.00,,,2264,322615.00,36,F1,1,,,,,
2026-07-30,2026-07-30,CM,BSE,STK,512064,INE762D01011,VISVEN,X,,,,,VISHVPRABHA VENTURES LIMITED,34.10,35.99,34.10,34.75,34.75,35.11,,34.75,,,253,9018.00,7,F1,1,,,,,
2026-07-30,2026-07-30,CM,BSE,STK,512065,INE738D01029,MRUTR,XT,,,,,MRUGESH TRADING LTD.,85.61,85.61,85.61,85.61,85.61,83.94,,85.61,,,279,23885.00,7,F1,1,,,,,
2026-07-30,2026-07-30,CM,BSE,STK,512068,INE945F01025,DECNGOLD,B,,,,,DECCAN GOLD MINES LTD.,193.10,193.45,189.00,191.20,191.20,192.15,,191.16,,,117075,22315993.00,1219,F1,1,,,,,
2026-07-30,2026-07-30,CM,BSE,STK,512070,INE628A01036,UPL,A,,,,,UPL LIMITED,605.05,607.90,600.40,601.95,603.00,609.55,,602.55,,,26453,15946932.00,882,F1,1,,,,,
2026-07-30,2026-07-30,CM,BSE,STK,512093,INE234B01023,CRANESSOFT,Z,,,,,CRANES SOFTWARE INTERNATIONAL,3.42,3.53,3.25,3.46,3.49,3.42,,3.46,,,70088,232193.00,106,F1,1,,,,,
2026-07-30,2026-07-30,CM,BSE,STK,512097,INE092G01024,SAICOM,X,,,,,SAIANAND COMMERCIAL LIMITED,0.22,0.23,0.22,0.22,0.22,0.22,,0.22,,,139020,30902.00,43,F1,1,,,,,
2026-07-30,2026-07-30,CM,BSE,STK,512103,INE276H01013,NIDHGRN,XT,,,,,NIDHI GRANITES LTD.,310.00,310.00,306.00,308.80,308.85,305.35,,308.80,,,76,23406.00,17,F1,1,,,,,
2026-07-30,2026-07-30,CM,BSE,STK,512109,INE461H01011,AVIVA,X,,,,,AVIVA INDUSTRIES LTD.,57.43,58.57,57.43,58.57,58.57,57.43,,58.57,,,868,50698.00,10,F1,1,,,,,
2026-07-30,2026-07-30,CM,BSE,STK,512115,INE649C01012,ROSEMER,X,,,,,ROSE MERC.LTD.,70.89,70.89,63.25,64.96,65.00,65.60,,64.96,,,10235,685451.00,20,F1,1,,,,,
2026-07-30,2026-07-30,CM,BSE,STK,512131,INE529F01035,SIGIND,B,,,,,SIGNET INDUSTRIES LIMITED,52.40,52.40,48.18,49.22,49.81,49.38,,49.38,,,39303,1956264.00,95,F1,1,,,,,
2026-07-30,2026-07-30,CM,BSE,STK,512149,INE758A01072,AVANCE,X,,,,,AVANCE TECHNOLOGIES LTD.,0.93,0.93,0.90,0.90,0.90,0.92,,0.90,,,3637095,3332220.00,1723,F1,1,,,,,
2026-07-30,2026-07-30,CM,BSE,STK,512161,INE650K01021,SECURKLOUD,B,,,,,SECUREKLOUD TECHNOLOGIES LIMIT,18.00,18.00,17.42,18.00,18.00,17.88,,17.51,,,140,2462.00,11,F1,1,,,,,
2026-07-30,2026-07-30,CM,BSE,STK,512165,INE365O01028,ABANSENT,T,,,,,ABANS ENTERPRISES LTD,26.40,26.40,25.30,26.26,26.26,26.01,,26.44,,,871,22289.00,17,F1,1,,,,,
2026-07-30,2026-07-30,CM,BSE,STK,512169,INE968E01012,CAPRICORN,XT,,,,,CAPRICORN SYSTEMS GLOBAL SOLUT,17.13,17.50,17.13,17.13,17.13,17.47,,17.13,,,3253,55803.00,14,F1,1,,,,,
2026-07-30,2026-07-30,CM,BSE,STK,512175,INE685D01022,VAMA,X,,,,,VAMA INDUSTRIES LTD.,3.77,3.95,3.73,3.80,3.84,3.76,,3.80,,,20532,78410.00,65,F1,1,,,,,
2026-07-30,2026-07-30,CM,BSE,STK,512179,INE805D01034,SUNTECK,B,,,,,SUNTECK REALTY LTD.,313.25,313.25,302.15,303.65,303.70,309.90,,303.50,,,10557,3207633.00,365,F1,1,,,,,
2026-07-30,2026-07-30,CM,BSE,STK,512197,INE798C01017,SILVERO,Z,,,,,SILVER OAK COMMERCIAL LTD.,6.34,6.34,6.08,6.30,6.30,6.34,,6.30,,,191,1210.00,7,F1,1,,,,,
2026-07-30,2026-07-30,CM,BSE,STK,512217,INE730E01016,PRISMMEDI,X,,,,,PRISM MEDICO AND PHARMACY LTD.,28.41,29.41,27.30,27.53,28.30,28.41,,27.53,,,2417,68419.00,39,F1,1,,,,,
2026-07-30,2026-07-30,CM,BSE,STK,512229,INE379J01029,VERITAS,XT,,,,,VERITAS (INDIA) LTD.,173.90,177.30,170.80,177.00,177.00,173.90,,177.00,,,4276,745754.00,54,F1,1,,,,,
2026-07-30,2026-07-30,CM,BSE,STK,512237,INE070D01027,JAICORPLTD,B,,,,,JAI CORP LTD.,101.95,101.95,99.95,101.50,101.50,101.95,,101.47,,,19063,1918451.00,261,F1,1,,,,,
2026-07-30,2026-07-30,CM,BSE,STK,512247,INE894A01026,ASHCAP,X,,,,,ASHIRWAD CAPITAL LTD.,2.66,2.80,2.66,2.70,2.70,2.71,,2.70,,,25459,68959.00,132,F1,1,,,,,
2026-07-30,2026-07-30,CM,BSE,STK,512257,INE895A01023,SVARTCORP,X,,,,,SWASTI VINAYAKA ART AND HERITA,3.58,3.75,3.58,3.70,3.70,3.62,,3.70,,,33829,125104.00,86,F1,1,,,,,
2026-07-30,2026-07-30,CM,BSE,STK,512267,INE200D01020,MMWL,T,,,,,MEDIA MATRIX WORLDWIDE LTD.,13.51,14.29,13.51,14.25,14.25,14.00,,14.24,,,10690,148342.00,35,F1,1,,,,,
2026-07-30,2026-07-30,CM,BSE,STK,512277,INE340U01010,AUTOINT,X,,,,,AUTORIDERS INTERNATIONAL LTD.,294.00,295.65,292.50,295.65,295.65,281.60,,295.65,,,1110,326994.00,46,F1,1,,,,,
2026-07-30,2026-07-30,CM,BSE,STK,512296,INE458B01036,BHAGYANGR,T,,,,,BHAGYANAGAR INDIA LTD.,389.90,399.40,363.75,370.00,370.00,382.85,,368.30,,,20819,7735481.00,374,F1,1,,,,,
2026-07-30,2026-07-30,CM,BSE,STK,512301,INE417N01011,CHMBBRW,XT,,,,,CHAMBAL BREWERIES & DISTILLERI,44.96,44.96,44.96,44.96,44.96,44.08,,44.96,,,36463,1639376.00,29,F1,1,,,,,
2026-07-30,2026-07-30,CM,BSE,STK,512329,INE385F01024,SGMART,B,,,,,SG MART LIMITED,700.15,707.20,690.00,692.80,690.00,708.25,,692.15,,,118514,82576912.00,2112,F1,1,,,,,
2026-07-30,2026-07-30,CM,BSE,STK,512344,INE068C01015,ARAVALIS,X,,,,,ARAVALI SECURITIES & FINANCE L,3.94,3.94,3.93,3.93,3.93,3.90,,3.93,,,101,397.00,4,F1,1,,,,,
2026-07-30,2026-07-30,CM,BSE,STK,512345,INE745A01012,LEXGLOBAL,XT,,,,,LEXORA GLOBAL LIMITED,196.00,196.00,196.00,196.00,196.00,196.00,,196.00,,,21,4116.00,2,F1,1,,,,,
2026-07-30,2026-07-30,CM,BSE,STK,512361,INE108G01010,CUPIDALBV,XT,,,,,CUPID BREWERIES AND DISTILLERI,28.00,28.00,27.30,27.53,27.50,28.05,,27.53,,,16831,465040.00,202,F1,1,,,,,
2026-07-30,2026-07-30,CM,BSE,STK,512379,INE716D01033,CRSL,X,,,,,CRESSANDA RAILWAY SOLUTIONS LI,2.29,2.29,2.16,2.19,2.19,2.22,,2.19,,,299283,662821.00,441,F1,1,,,,,
2026-07-30,2026-07-30,CM,BSE,STK,512381,INE992I01013,STARTECK,B,,,,,STARTECK FINANCE LIMITED,266.00,266.30,265.70,266.10,266.10,266.20,,266.70,,,3000,798045.00,10,F1,1,,,,,
2026-07-30,2026-07-30,CM,BSE,STK,512393,INE037B01020,SHARDUL,T,,,,,SHARDUL SECURITIES LTD.,43.81,43.81,43.81,43.81,43.81,46.11,,43.75,,,49,2146.00,3,F1,1,,,,,
2026-07-30,2026-07-30,CM,BSE,STK,512399,INE017I01027,SERA,X,,,,,SERA INVESTMENTS & FINANCE IND,40.21,40.98,38.70,39.55,39.65,40.09,,39.55,,,17718,697630.00,84,F1,1,,,,,
2026-07-30,2026-07-30,CM,BSE,STK,512415,INE319T01016,MERCTRD,X,,,,,MERCURY TRADE LINKS LTD.,4.94,5.07,4.84,4.94,4.98,4.94,,4.94,,,46485,230186.00,41,F1,1,,,,,
2026-07-30,2026-07-30,CM,BSE,STK,512437,INE412D01013,APOLLOFI,X,,,,,APOLLO FINVEST (INDIA) LTD.,349.90,350.00,341.05,342.15,341.05,350.00,,342.15,,,217,75395.00,23,F1,1,,,,,
2026-07-30,2026-07-30,CM,BSE,STK,512441,INE993I01029,ENBETRD,X,,,,,Enbee Trade &amp; Finance Ltd,0.30,0.30,0.28,0.28,0.29,0.29,,0.28,,,3031831,870353.00,338,F1,1,,,,,
2026-07-30,2026-07-30,CM,BSE,STK,512443,INE162L01017,GANONPRO,X,,,,,Ganon Products Limited,8.42,9.21,8.41,9.15,9.21,8.85,,9.15,,,147050,1339251.00,109,F1,1,,,,,
2026-07-30,2026-07-30,CM,BSE,STK,512453,INE564J01026,SHRJAGP,X,,,,,SHRI JAGDAMBA POLYMERS LTD.,577.10,595.00,577.10,594.35,594.40,581.00,,594.35,,,145,85744.00,28,F1,1,,,,,
2026-07-30,2026-07-30,CM,BSE,STK,512455,INE281B01032,LLOYDSME,A,,,,,LLOYDS METALS AND ENERGY LTD.,2051.30,2055.15,1998.05,2016.40,2016.40,2050.85,,2015.10,,,24430,49587975.00,1142,F1,1,,,,,
2026-07-30,2026-07-30,CM,BSE,STK,512463,INE080I01025,LLOYDSENT,A,,,,,LLOYDS ENTERPRISES LIMITED,80.00,81.28,78.09,79.03,79.15,80.49,,79.04,,,220025,17561745.00,1094,F1,1,,,,,
2026-07-30,2026-07-30,CM,BSE,STK,512477,INE765L01017,BETXIND,X,,,,,BETEX INDIA LTD.,523.50,523.50,476.00,484.65,480.00,476.60,,484.65,,,150,72939.00,20,F1,1,,,,,
2026-07-30,2026-07-30,CM,BSE,STK,512485,INE977F01010,DHANCOT,XT,,,,,DHANLAXMI COTEX LTD.,118.15,118.15,118.15,118.15,118.15,115.85,,118.15,,,2,236.00,1,F1,1,,,,,
2026-07-30,2026-07-30,CM,BSE,STK,512489,INE876A01023,OASISEC,XT,,,,,OASIS SECURITIES LTD.,12.06,12.06,11.11,12.06,12.06,11.49,,12.06,,,68355,819398.00,53,F1,1,,,,,
2026-07-30,2026-07-30,CM,BSE,STK,512493,INE590B01010,GARNETINT,X,,,,,GARNET INTERNATIONAL LTD.,65.30,66.00,64.10,64.84,65.85,65.35,,64.84,,,11160,733140.00,55,F1,1,,,,,
2026-07-30,2026-07-30,CM,BSE,STK,512499,INE435E01020,SHALPRO,XT,,,,,SHALIMAR PRODUCTIONS LTD.,0.29,0.29,0.29,0.29,0.29,0.30,,0.29,,,1043509,302617.00,263,F1,1,,,,,
2026-07-30,2026-07-30,CM,BSE,STK,512527,INE091C01017,SUPER,X,,,,,SUPER SALES INDIA LTD.,1141.05,1164.65,1140.00,1143.50,1150.00,1144.65,,1143.50,,,375,428776.00,36,F1,1,,,,,
2026-07-30,2026-07-30,CM,BSE,STK,512529,INE807F01027,VIYASH,A,,,,,VIYASH SCIENTIFIC LIMITED,254.30,255.40,249.20,251.90,250.85,256.80,,251.90,,,63575,15968263.00,1117,F1,1,,,,,
2026-07-30,2026-07-30,CM,BSE,STK,512531,INE655A01013,STCINDIA,B,,,,,STATE TRADING CORPORATION OF I,118.90,119.10,117.05,117.70,118.00,118.50,,117.36,,,608,71793.00,30,F1,1,,,,,
2026-07-30,2026-07-30,CM,BSE,STK,512559,INE080B01012,KOHINOOR,B,,,,,KOHINOOR FOODS LTD.,22.78,23.20,22.57,23.12,23.18,22.77,,22.96,,,2371,54085.00,183,F1,1,,,,,
2026-07-30,2026-07-30,CM,BSE,STK,512573,INE871C01038,AVANTIFEED,A,,,,,AVANTI FEEDS LTD.,940.00,965.20,928.00,931.40,930.90,950.20,,930.70,,,23544,22195419.00,1605,F1,1,,,,,
2026-07-30,2026-07-30,CM,BSE,STK,512587,INE077B01018,ZODJRDMKJ,X,,,,,ZODIAC-JRD-MKJ LTD.,35.75,38.99,34.75,35.50,35.00,35.63,,35.50,,,17523,620711.00,161,F1,1,,,,,
2026-07-30,2026-07-30,CM,BSE,STK,512589,INE579D01019,SITAENT,X,,,,,SITA ENTERPRISES LTD.,127.60,145.00,127.00,138.70,137.00,135.70,,138.70,,,5858,834244.00,42,F1,1,,,,,
2026-07-30,2026-07-30,CM,BSE,STK,512591,INE183U01022,PULSRIN,X,,,,,PULSAR INTERNATIONAL LTD.,0.42,0.42,0.42,0.42,0.42,0.40,,0.42,,,744884,312851.00,64,F1,1,,,,,
2026-07-30,2026-07-30,CM,BSE,STK,512595,INE348N01042,MANBRO,X,,,,,Manbro Industries Limited,53.10,55.44,51.99,55.29,55.41,52.84,,55.29,,,277283,15112959.00,1020,F1,1,,,,,
2026-07-30,2026-07-30,CM,BSE,STK,512597,INE681C01015,KEYFINSERV,B,,,,,KEYNOTE FINANCIAL SERVICES LIM,256.55,266.00,254.00,261.55,266.00,254.25,,257.34,,,240,62629.00,20,F1,1,,,,,
2026-07-30,2026-07-30,CM,BSE,STK,512599,INE423A01024,ADANIENT,A,,,,,ADANI ENTERPRISES LTD.,3029.85,3063.20,2995.00,3049.95,3055.40,3024.45,,3049.10,,,44653,135660840.00,2978,F1,1,,,,,
2026-07-30,2026-07-30,CM,BSE,STK,512600,INE307N01014,ASTALLTD,X,,,,,ASTAL LABORATORIES LIMITED,84.19,84.19,81.31,82.04,81.52,82.81,,82.04,,,12629,1047644.00,92,F1,1,,,,,
2026-07-30,2026-07-30,CM,BSE,STK,512604,INE772B01014,HARIAEXPO,X,,,,,HARIA EXPORTS LTD.,5.83,5.83,5.83,5.83,5.83,5.83,,5.83,,,18,104.00,2,F1,1,,,,,
2026-07-30,2026-07-30,CM,BSE,STK,512608,INE474E01029,BHANDARI,T,,,,,BHANDARI HOSIERY EXPORTS LTD.,2.98,2.98,2.81,2.88,2.88,2.84,,2.84,,,15485,44499.00,34,F1,1,,,,,
2026-07-30,2026-07-30,CM,BSE,STK,512618,INE629C01014,RLF,X,,,,,RLF LTD.,8.33,8.50,8.33,8.50,8.50,8.75,,8.50,,,115,974.00,4,F1,1,,,,,
2026-07-30,2026-07-30,CM,BSE,STK,512624,INE769D01016,REGENTRP,X,,,,,Regent Enterprises Limited,5.21,5.21,4.88,5.15,5.15,5.17,,5.15,,,11207,56737.00,49,F1,1,,,,,
2026-07-30,2026-07-30,CM,BSE,STK,512626,INE231G01010,ORBTEXP,T,,,,,ORBIT EXPORTS LTD.,233.10,248.60,233.05,248.25,248.50,245.00,,234.73,,,1656,388166.00,25,F1,1,,,,,
2026-07-30,2026-07-30,CM,BSE,STK,512634,INE104E01014,SAVERA,X,,,,,SAVERA INDUSTRIES LTD.,165.00,165.95,160.25,165.10,165.95,165.75,,165.10,,,311,50886.00,12,F1,1,,,,,
2026-07-30,2026-07-30,CM,BSE,STK,513005,INE114E01013,CHROME,X,,,,,Chrome Silicon Limited,41.40,46.00,41.40,41.79,41.79,41.58,,41.79,,,329,13818.00,10,F1,1,,,,,
2026-07-30,2026-07-30,CM,BSE,STK,513023,INE725A01030,NAVA,A,,,,,NAVA LIMITED,567.30,567.30,550.00,553.75,554.95,561.45,,553.15,,,3995,2217445.00,320,F1,1,,,,,
2026-07-30,2026-07-30,CM,BSE,STK,513043,INE158G01015,REMIEDEL,X,,,,,REMI EDELSTAHL TUBULARS LIMITE,198.00,198.00,189.50,194.60,195.85,191.80,,194.60,,,62,12043.00,10,F1,1,,,,,
2026-07-30,2026-07-30,CM,BSE,STK,513059,INE736H01024,GSAUTO,X,,,,,G.S.AUTO INTERNATIONAL LTD.,14.59,14.59,13.57,13.78,14.07,14.30,,13.78,,,7896,110778.00,76,F1,1,,,,,
2026-07-30,2026-07-30,CM,BSE,STK,513063,INE360D01014,TRANSFRE,X,,,,,TRANS-FREIGHT CONTAINERS LTD.,20.25,21.70,20.00,20.23,20.13,20.25,,20.23,,,1190,24014.00,18,F1,1,,,,,
2026-07-30,2026-07-30,CM,BSE,STK,513097,INE386D01027,SBCL,B,,,,,SHIVALIK BIMETAL CONTROLS LTD.,744.95,744.95,723.05,734.50,737.20,738.80,,735.80,,,9412,6879625.00,536,F1,1,,,,,
2026-07-30,2026-07-30,CM,BSE,STK,513108,INE524B01027,GANDHITUBE,B,,,,,GANDHI SPECIAL TUBES LTD.,880.80,880.80,873.00,873.00,873.00,872.00,,874.20,,,363,318227.00,46,F1,1,,,,,
2026-07-30,2026-07-30,CM,BSE,STK,513117,INE991A01020,AMFORG,X,,,,,AMFORGE INDUSTRIES LTD.,6.21,6.21,5.84,6.21,6.21,6.25,,6.21,,,2563,15413.00,22,F1,1,,,,,
2026-07-30,2026-07-30,CM,BSE,STK,513119,INE173M01012,ONIXSOLAR,X,,,,,ONIX SOLAR ENERGY LIMITED,604.00,612.00,592.30,594.35,592.30,604.35,,594.35,,,66349,39905794.00,341,F1,1,,,,,
2026-07-30,2026-07-30,CM,BSE,STK,513121,INE730A01022,ORICONENT,B,,,,,ORICON ENTERPRISES LTD.,59.70,59.70,52.50,52.78,52.50,53.68,,53.17,,,4095,219687.00,50,F1,1,,,,,
2026-07-30,2026-07-30,CM,BSE,STK,513173,INE205F01016,STLSTRINF,X,,,,,STEEL STRIPS INFRASTRUCTURES L,18.70,19.40,18.70,18.75,18.75,19.40,,18.75,,,3646,68918.00,15,F1,1,,,,,
2026-07-30,2026-07-30,CM,BSE,STK,513228,INE932A01024,PENIND,A,,,,,PENNAR INDUSTRIES LTD.,166.30,168.50,164.15,165.95,168.50,167.45,,166.58,,,10441,1729388.00,156,F1,1,,,,,
2026-07-30,2026-07-30,CM,BSE,STK,513250,INE197A01024,JYOTISTRUC,B,,,,,JYOTI STRUCTURES LTD.,10.91,10.97,10.72,10.78,10.72,10.98,,10.78,,,204810,2214234.00,496,F1,1,,,,,
2026-07-30,2026-07-30,CM,BSE,STK,513252,INE289D01015,JAYUSH,X,,,,,JAY USHIN LTD.,853.00,877.80,851.70,877.80,877.80,851.50,,877.80,,,36,30690.00,5,F1,1,,,,,
2026-07-30,2026-07-30,CM,BSE,STK,513262,INE802C01033,SSWL,B,,,,,STEEL STRIPS WHEELS LTD.,300.55,304.20,296.00,296.95,298.25,297.65,,297.18,,,29820,8926626.00,491,F1,1,,,,,
2026-07-30,2026-07-30,CM,BSE,STK,513269,INE993A01026,MANINDS,B,,,,,MAN INDUSTRIES (INDIA) LTD.,532.90,532.90,521.20,528.20,531.70,528.75,,529.15,,,8022,4225597.00,243,F1,1,,,,,
2026-07-30,2026-07-30,CM,BSE,STK,513295,INE611C01020,IMEC,X,,,,,IMEC SERVICES LIMITED,101.00,109.90,101.00,106.00,106.00,103.00,,106.00,,,879,93988.00,35,F1,1,,,,,
2026-07-30,2026-07-30,CM,BSE,STK,513303,INE001F01019,MDRNSTL,X,,,,,MODERN STEELS LTD.,13.69,13.69,13.10,13.13,13.65,13.67,,13.13,,,1507,19788.00,18,F1,1,,,,,
2026-07-30,2026-07-30,CM,BSE,STK,513307,INE363L01045,BELDING,X,,,,,BELDING INDIA LIMITED,983.65,990.00,959.95,984.75,984.75,969.95,,984.75,,,47720,46502354.00,154,F1,1,,,,,
2026-07-30,2026-07-30,CM,BSE,STK,513337,INE145J01032,GUJTLRM,B,,,,,GUJARAT TOOLROOM LTD.,0.48,0.48,0.46,0.47,0.47,0.48,,0.47,,,3692432,1734731.00,994,F1,1,,,,,
2026-07-30,2026-07-30,CM,BSE,STK,513349,INE298G01035,AJMERA,B,,,,,AJMERA REALTY & INFRA INDIA LT,127.15,127.55,125.10,125.25,125.10,128.10,,125.46,,,8476,1068051.00,173,F1,1,,,,,
2026-07-30,2026-07-30,CM,BSE,STK,513353,INE105D01013,COCHINM,X,,,,,COCHIN MINERALS & RUTILE LTD.,246.50,246.50,243.20,245.25,245.00,244.60,,245.25,,,3717,909163.00,93,F1,1,,,,,
2026-07-30,2026-07-30,CM,BSE,STK,513361,INE072A01029,INDIAHOMES,XT,,,,,India Homes Limited,21.41,22.00,21.20,21.67,21.67,21.66,,21.67,,,285942,6160036.00,299,F1,1,,,,,
2026-07-30,2026-07-30,CM,BSE,STK,513369,INE013J01016,KVFORGE,XT,,,,,KRISHANVEER FORGE LIMITED,152.70,152.70,148.00,149.50,149.50,150.00,,149.50,,,618,92394.00,25,F1,1,,,,,
2026-07-30,2026-07-30,CM,BSE,STK,513375,INE120A01034,CARBORUNIV,A,,,,,CARBORUNDUM UNIVERSAL LTD.,1055.05,1061.50,1042.85,1049.80,1045.00,1057.80,,1050.90,,,3415,3591498.00,449,F1,1,,,,,
2026-07-30,2026-07-30,CM,BSE,STK,513377,INE123F01029,MMTC,B,,,,,MMTC LTD.,61.01,61.24,60.00,60.15,60.15,61.29,,60.10,,,131817,7971978.00,960,F1,1,,,,,
2026-07-30,2026-07-30,CM,BSE,STK,513397,INE457E01016,VALLABHSQ,X,,,,,VALLABH STEELS LTD.,7.62,7.62,7.62,7.62,7.62,7.67,,7.62,,,215,1638.00,4,F1,1,,,,,
2026-07-30,2026-07-30,CM,BSE,STK,513418,INE728B01032,SMFIL,XT,,,,,SMITHS & FOUNDERS (INDIA) LIMI,13.97,13.97,13.91,13.97,13.97,13.31,,13.97,,,289313,4041699.00,131,F1,1,,,,,
2026-07-30,2026-07-30,CM,BSE,STK,513422,INE373E01015,BLOIN,X,,,,,BLOOM INDUSTRIES LTD.,33.00,34.10,33.00,34.10,34.10,33.39,,34.10,,,77,2624.00,3,F1,1,,,,,
2026-07-30,2026-07-30,CM,BSE,STK,513430,INE501L01024,MAITRI,XT,,,,,Maitri Enterprises Limited,43.00,43.00,38.95,38.95,38.95,41.00,,38.95,,,252,10642.00,30,F1,1,,,,,
2026-07-30,2026-07-30,CM,BSE,STK,513436,INE640C01011,SHAHALLOYS,B,,,,,SHAH ALLOYS LTD.,67.00,67.00,66.99,66.99,66.99,68.30,,66.69,,,1188,79584.00,27,F1,1,,,,,
2026-07-30,2026-07-30,CM,BSE,STK,513456,INE791E01018,KANSHST,X,,,,,KANISHK STEEL INDUSTRIES LTD.,54.00,55.85,50.00,51.08,51.08,52.99,,51.08,,,19835,1046068.00,69,F1,1,,,,,
2026-07-30,2026-07-30,CM,BSE,STK,513460,INE257F01017,MAHALXSE,Z,,,,,MAHALAXMI SEAMLESS LTD.,9.69,10.18,9.69,10.00,10.00,10.20,,10.00,,,1900,18811.00,9,F1,1,,,,,
2026-07-30,2026-07-30,CM,BSE,STK,513472,INE658D01029,SIMPLEXCAS,X,,,,,SIMPLEX CASTINGS LTD.,100.50,100.50,97.95,99.00,97.95,101.20,,99.00,,,442452,43934367.00,580,F1,1,,,,,
2026-07-30,2026-07-30,CM,BSE,STK,513488,INE387D01025,SSWRL,XT,,,,,SHREE STEEL WIRE ROPES LTD.,30.00,30.09,30.00,30.09,30.09,28.66,,30.09,,,2616,78683.00,15,F1,1,,,,,
2026-07-30,2026-07-30,CM,BSE,STK,513496,INE235U01012,SIZEMASTER,XT,,,,,SIZEMASTERS TECHNOLOGY LIMITED,354.90,360.00,326.80,351.00,351.00,344.00,,351.00,,,13,4470.00,4,F1,1,,,,,
2026-07-30,2026-07-30,CM,BSE,STK,513498,INE308N01012,SOUTHMG,X,,,,,SOUTHERN MAGNESIUM & CHEMICALS,71.70,71.70,70.71,71.00,71.00,70.71,,71.00,,,396,28122.00,10,F1,1,,,,,
2026-07-30,2026-07-30,CM,BSE,STK,513502,INE927K01023,BAROEXT,X,,,,,BARODA EXTRUSION LTD.,7.94,8.28,7.94,8.13,8.12,8.12,,8.13,,,73928,600724.00,162,F1,1,,,,,
2026-07-30,2026-07-30,CM,BSE,STK,513507,INE276I01011,GUJCONT,P,,,,,GUJARAT CONTAINERS LTD.,163.90,164.00,163.90,164.00,164.00,164.95,,164.00,,,700,114750.00,2,F1,100,,,,,
2026-07-30,2026-07-30,CM,BSE,STK,513511,INE798F01010,PANCHMAHQ,X,,,,,PANCHMAHAL STEEL LTD.,275.15,285.00,275.00,275.10,275.00,289.75,,275.10,,,216,59712.00,19,F1,1,,,,,
2026-07-30,2026-07-30,CM,BSE,STK,513513,INE570B01012,ADITYA,X,,,,,ADITYA ISPAT LTD.,8.90,8.90,8.30,8.30,8.30,8.90,,8.30,,,780,6483.00,16,F1,1,,,,,
2026-07-30,2026-07-30,CM,BSE,STK,513517,INE124E01038,STEELCAS,B,,,,,STEELCAST LTD.,307.85,321.20,301.00,318.50,321.20,304.05,,318.05,,,14606,4579088.00,293,F1,1,,,,,
2026-07-30,2026-07-30,CM,BSE,STK,513519,INE450D01021,PITTIENG,B,,,,,PITTI ENGINEERING LIMITED,948.05,999.00,924.70,929.25,949.00,953.05,,928.30,,,2421,2304548.00,317,F1,1,,,,,
2026-07-30,2026-07-30,CM,BSE,STK,513528,INE741B01027,GLITTEKG,XT,,,,,GLITTEK GRANITES LTD.,62.60,62.60,62.60,62.60,62.60,61.38,,62.60,,,12434,778368.00,28,F1,1,,,,,
2026-07-30,2026-07-30,CM,BSE,STK,513532,INE770A01010,PRADPME,T,,,,,PRADEEP METALS LTD.,528.00,529.85,512.00,512.10,512.00,510.20,,512.45,,,1100,564967.00,6,F1,1,,,,,
2026-07-30,2026-07-30,CM,BSE,STK,513536,INE207H01018,GNRL,B,,,,,GUJARAT NATURAL RESOURCES LIMI,94.50,94.70,93.20,94.25,93.45,94.80,,94.24,,,11353,1065921.00,327,F1,1,,,,,
2026-07-30,2026-07-30,CM,BSE,STK,513544,INE277E01026,MSCTC,X,,,,,MARDIA SAMYOUNG CAPILLARY TUBE,41.68,43.75,40.70,42.91,41.20,41.68,,42.91,,,12667,531290.00,33,F1,1,,,,,
2026-07-30,2026-07-30,CM,BSE,STK,513548,INE385M01012,SHRDAIS,X,,,,,SHARDA ISPAT LTD.,173.00,173.00,145.60,153.05,150.40,172.55,,153.05,,,7752,1187016.00,152,F1,1,,,,,
2026-07-30,2026-07-30,CM,BSE,STK,513554,INE451L01014,MAHASTEEL,B,,,,,MAHAMAYA STEEL INDUSTRIES LTD.,936.35,970.00,927.20,962.70,960.00,902.65,,966.10,,,849,812416.00,115,F1,1,,,,,
2026-07-30,2026-07-30,CM,BSE,STK,513566,INE608C01026,NOVIS,X,,,,,NOVA IRON & STEEL LTD.,12.42,12.79,12.15,12.76,12.76,12.52,,12.76,,,94,1163.00,11,F1,1,,,,,
2026-07-30,2026-07-30,CM,BSE,STK,513575,INE067E01013,STERPOW,XT,,,,,STERLING POWERGENSYS LTD,36.75,39.10,36.52,37.98,38.00,37.50,,37.98,,,4508,172316.00,50,F1,1,,,,,
2026-07-30,2026-07-30,CM,BSE,STK,513579,INE617C01027,FFPL,Z,,,,,FOUNDRY FUEL PRODUCTS LTD.,5.60,5.60,5.60,5.60,5.60,5.60,,5.60,,,50,280.00,1,F1,1,,,,,
2026-07-30,2026-07-30,CM,BSE,STK,513599,INE531E01026,HINDCOPPER,A,,,,,HINDUSTAN COPPER LTD.,481.00,489.60,477.60,480.60,480.60,483.45,,480.30,,,416416,200323090.00,8168,F1,1,,,,,
2026-07-30,2026-07-30,CM,BSE,STK,513629,INE463D01016,TULSYAN,X,,,,,TULSYAN NEC LTD.,32.69,32.80,32.69,32.80,32.80,31.24,,32.80,,,1598,52403.00,6,F1,1,,,,,
2026-07-30,2026-07-30,CM,BSE,STK,513642,INE197C01012,AXELPOLY,X,,,,,AXEL POLYMERS LTD.,45.00,47.45,45.00,45.00,46.00,45.00,,45.00,,,2037,91911.00,13,F1,1,,,,,
2026-07-30,2026-07-30,CM,BSE,STK,513683,INE589A01014,NLCINDIA,A,,,,,NLC India Limited,296.75,297.05,291.00,292.45,292.45,296.75,,291.90,,,111290,32762491.00,3967,F1,1,,,,,
2026-07-30,2026-07-30,CM,BSE,STK,513687,INE848B01012,SPECTRA,Z,,,,,SPECTRA INDUSTRIES LTD.,4.68,4.68,4.68,4.68,4.68,4.68,,4.68,,,109,510.00,5,F1,1,,,,,
2026-07-30,2026-07-30,CM,BSE,STK,513693,INE434C01027,KAJARIR,XT,,,,,KIC METALIKS LTD.,33.81,34.99,32.87,34.57,34.29,34.42,,34.57,,,4791,162666.00,18,F1,1,,,,,
2026-07-30,2026-07-30,CM,BSE,STK,513699,INE584G01012,SOLIDSTON,X,,,,,SOLID STONE COMPANY LTD.,25.64,25.64,25.00,25.36,25.36,25.67,,25.36,,,351,8976.00,7,F1,1,,,,,
2026-07-30,2026-07-30,CM,BSE,STK,513709,INE960A01017,SHILGRAVQ,X,,,,,SHILP GRAVURES LTD.,142.95,145.00,137.00,137.75,137.00,139.60,,137.75,,,3410,475762.00,80,F1,1,,,,,
2026-07-30,2026-07-30,CM,BSE,STK,513713,INE146C01019,WHITEORG,X,,,,,White Organic Agro Limited,3.36,3.50,3.30,3.38,3.38,3.32,,3.38,,,31941,107489.00,64,F1,1,,,,,
2026-07-30,2026-07-30,CM,BSE,STK,513721,INE614F01019,MFSINTRCRP,XT,,,,,MFS INTERCORP LTD.,14.83,14.90,14.83,14.83,14.83,15.29,,14.83,,,18,267.00,3,F1,1,,,,,
2026-07-30,2026-07-30,CM,BSE,STK,513729,INE210C01013,AROGRANITE,B,,,,,ARO GRANITE INDUSTRIES LTD.,25.24,25.24,24.95,24.95,24.95,25.50,,25.08,,,2335,58515.00,8,F1,1,,,,,
2026-07-30,2026-07-30,CM,BSE,STK,514010,INE723D01021,RUDRAECO,X,,,,,RUDRA ECOVATION LIMITED,18.33,18.50,17.39,18.09,18.00,18.30,,18.09,,,103724,1839519.00,164,F1,1,,,,,
2026-07-30,2026-07-30,CM,BSE,STK,514028,INE376L01013,RAJKSYN,X,,,,,RAJKAMAL SYNTHETICS LTD.,28.78,28.78,22.05,23.39,23.49,24.28,,23.39,,,7119,161130.00,44,F1,1,,,,,
2026-07-30,2026-07-30,CM,BSE,STK,514030,INE272C01013,DEEPAKSP,X,,,,,DEEPAK SPINNERS LTD.,138.90,141.40,135.05,139.35,141.40,138.00,,139.35,,,4304,593705.00,48,F1,1,,,,,
2026-07-30,2026-07-30,CM,BSE,STK,514036,INE970D01010,LOYALTEX,B,,,,,LOYAL TEXTILE MILLS LTD.,209.00,209.00,208.00,208.25,208.40,208.80,,208.25,,,206,42905.00,5,F1,1,,,,,
2026-07-30,2026-07-30,CM,BSE,STK,514043,INE049A01027,HIMATSEIDE,B,,,,,HIMATSINGKA SEIDE LTD.,80.64,80.64,79.01,79.16,79.33,80.64,,79.22,,,21759,1732439.00,324,F1,1,,,,,
2026-07-30,2026-07-30,CM,BSE,STK,514045,INE594B01012,BSL,B,,,,,BSL LTD.,126.00,126.00,123.25,123.60,123.60,124.55,,124.66,,,122,15101.00,8,F1,1,,,,,
2026-07-30,2026-07-30,CM,BSE,STK,514060,INE229N01010,NEWTRAC,X,,,,,NEWTRAC FOODS & BEVERAGES LIMI,2.99,2.99,2.77,2.84,2.92,2.83,,2.84,,,90939,263020.00,171,F1,1,,,,,
2026-07-30,2026-07-30,CM,BSE,STK,514087,INE501F01018,PBMPOLY,X,,,,,PBM POLYTEX LTD.,56.00,57.07,55.00,57.07,57.07,57.09,,57.07,,,245,13555.00,5,F1,1,,,,,
2026-07-30,2026-07-30,CM,BSE,STK,514113,INE207C01019,ADINATH,XT,,,,,ADINATH TEXTILES LTD.,20.50,21.47,19.76,20.01,20.01,20.50,,20.01,,,1062,21250.00,15,F1,1,,,,,
2026-07-30,2026-07-30,CM,BSE,STK,514138,INE132C01027,SURYALA,B,,,,,SURYALATA SPINNING MILLS LTD.,422.25,431.00,405.00,408.30,408.30,444.95,,406.60,,,1216,503945.00,94,F1,1,,,,,
2026-07-30,2026-07-30,CM,BSE,STK,514142,INE592B01024,TTL,B,,,,,T T LTD.,6.35,6.62,6.11,6.17,6.11,6.26,,6.21,,,11337,73001.00,35,F1,1,,,,,
2026-07-30,2026-07-30,CM,BSE,STK,514162,INE192B01031,WELSPUNLIV,A,,,,,WELSPUN LIVING LIMITED,161.60,163.55,159.55,160.25,160.25,162.35,,160.16,,,85500,13819896.00,1372,F1,1,,,,,
2026-07-30,2026-07-30,CM,BSE,STK,514165,INE862B01013,INDIANACRY,X,,,,,INDIAN ACRYLICS LTD.,5.70,5.97,5.66,5.72,5.70,5.76,,5.72,,,16028,92025.00,53,F1,1,,,,,
2026-07-30,2026-07-30,CM,BSE,STK,514167,INE845D01014,GANECOS,B,,,,,GANESHA ECOSPHERE LTD.,1254.35,1254.35,1197.10,1204.70,1198.25,1200.40,,1204.95,,,2089,2524201.00,256,F1,1,,,,,
2026-07-30,2026-07-30,CM,BSE,STK,514171,INE760J01012,CEETAIN,X,,,,,CEETA INDUSTRIES LTD.,39.99,39.99,39.48,39.48,39.48,37.49,,39.48,,,53,2101.00,4,F1,1,,,,,
2026-07-30,2026-07-30,CM,BSE,STK,514175,INE835A01029,VARDMNPOLY,B,,,,,VARDHMAN POLYTEX LTD.,5.75,6.09,5.75,6.00,5.96,6.09,,5.95,,,18720,112318.00,61,F1,1,,,,,
2026-07-30,2026-07-30,CM,BSE,STK,514177,INE351D01013,RISHYRN,X,,,,,RISHAB SPECIAL YARNS LTD.,62.70,62.70,62.70,62.70,62.70,65.99,,62.70,,,120,7524.00,2,F1,1,,,,,
2026-07-30,2026-07-30,CM,BSE,STK,514183,INE761G01016,BLACKROSE,T,,,,,BLACK ROSE INDUSTRIES LTD.,108.80,113.95,104.80,105.05,104.80,110.20,,105.27,,,5966,651204.00,66,F1,1,,,,,
2026-07-30,2026-07-30,CM,BSE,STK,514197,INE110Q01023,STCORP,XT,,,,,S&T CORPORATION LTD.,3.95,3.95,3.64,3.89,3.89,3.83,,3.89,,,1636,6152.00,21,F1,1,,,,,
2026-07-30,2026-07-30,CM,BSE,STK,514211,INE235C01036,SUMEETINDS,B,,,,,SUMEET INDUSTRIES LTD.,23.54,23.54,23.54,23.54,23.54,24.77,,23.49,,,5546,130552.00,43,F1,1,,,,,
2026-07-30,2026-07-30,CM,BSE,STK,514223,INE410D01017,RAMGOPOLY,X,,,,,RAMGOPAL POLYTEX LTD.,25.09,25.09,25.09,25.09,25.09,23.90,,25.09,,,4616,115815.00,12,F1,1,,,,,
2026-07-30,2026-07-30,CM,BSE,STK,514234,INE495C01010,SANGAMIND,B,,,,,SANGAM (INDIA) LTD.,604.45,623.40,597.95,620.10,612.30,598.10,,615.65,,,1001,602147.00,75,F1,1,,,,,
2026-07-30,2026-07-30,CM,BSE,STK,514238,INE874A01010,MKVENTURES,X,,,,,MKVENTURES CAPITAL LIMITED,1095.05,1129.95,1063.00,1112.90,1129.50,1094.75,,1112.90,,,455,499461.00,48,F1,1,,,,,
2026-07-30,2026-07-30,CM,BSE,STK,514240,INE979D01011,KUSHIND,X,,,,,Kush Industries Limited,6.20,6.20,5.90,6.10,6.10,6.13,,6.10,,,756,4633.00,27,F1,1,,,,,
2026-07-30,2026-07-30,CM,BSE,STK,514260,INE899E01019,SURBHIN,XT,,,,,SURBHI INDUSTRIES LTD.,116.50,116.52,105.44,116.52,116.52,110.98,,116.52,,,28354,3250280.00,259,F1,1,,,,,
2026-07-30,2026-07-30,CM,BSE,STK,514264,INE707B01010,SEASONST,X,,,,,SEASONS TEXTILES LTD.,16.20,17.53,15.67,16.59,16.10,16.53,,16.59,,,1166,18909.00,34,F1,1,,,,,
2026-07-30,2026-07-30,CM,BSE,STK,514266,INE106C01013,ZENIFIB,X,,,,,ZENITH FIBRES LTD.,53.90,53.90,52.02,52.02,52.02,51.52,,52.02,,,211,10981.00,6,F1,1,,,,,
2026-07-30,2026-07-30,CM,BSE,STK,514272,INE436C01014,BHILSPIN,X,,,,,BHILWARA SPINNERS LTD.,129.80,129.80,124.80,125.00,129.20,126.80,,125.00,,,1104,138020.00,13,F1,1,,,,,
2026-07-30,2026-07-30,CM,BSE,STK,514274,INE273D01027,VGL,B,,,,,VARVEE GLOBAL LIMITED,60.00,61.76,59.11,61.18,61.18,60.80,,62.23,,,1574,95200.00,23,F1,1,,,,,
2026-07-30,2026-07-30,CM,BSE,STK,514280,INE589J01015,SANTETX,X,,,,,SANRHEA TECHNICAL TEXTILES LTD,147.00,149.00,145.00,146.25,147.85,143.75,,146.25,,,316,46823.00,12,F1,1,,,,,
2026-07-30,2026-07-30,CM,BSE,STK,514286,INE440A01010,ASHIMASYN,B,,,,,ASHIMA LTD.,18.16,18.50,18.00,18.21,18.20,18.13,,18.33,,,7940,144235.00,51,F1,1,,,,,
2026-07-30,2026-07-30,CM,BSE,STK,514300,INE156C01018,PIONEEREMB,B,,,,,PIONEER EMBROIDERIES LTD.,24.86,27.00,24.86,25.36,25.36,23.83,,25.69,,,9288,237039.00,98,F1,1,,,,,
2026-07-30,2026-07-30,CM,BSE,STK,514312,INE156E01014,JAIHIND,X,,,,,JAIHIND INDUSTRIES LIMITED,36.60,39.00,36.00,37.03,37.03,39.23,,37.03,,,49166,1848451.00,43,F1,1,,,,,
2026-07-30,2026-07-30,CM,BSE,STK,514316,INE969C01022,RAGHUSYN,X,,,,,RAGHUVIR SYNTHETICS LTD.,102.45,102.45,98.20,98.65,101.00,100.00,,98.65,,,532,52284.00,7,F1,1,,,,,
2026-07-30,2026-07-30,CM,BSE,STK,514318,INE722N01014,JATTAINDUS,X,,,,,JATTASHANKAR INDUSTIES LTD.,434.00,434.00,434.00,434.00,434.00,410.30,,434.00,,,1,434.00,1,F1,1,,,,,
2026-07-30,2026-07-30,CM,BSE,STK,514322,INE535C01013,KAMADGIRI,XT,,,,,KAMADGIRI FASHION LTD.,130.50,130.50,124.00,124.00,124.00,130.50,,124.00,,,280,34799.00,6,F1,1,,,,,
2026-07-30,2026-07-30,CM,BSE,STK,514324,INE814D01010,OMNITEX,XT,,,,,OMNITEX INDUSTRIES (INDIA) LTD,753.00,753.00,749.40,749.40,749.40,754.80,,749.40,,,228,171005.00,4,F1,1,,,,,
2026-07-30,2026-07-30,CM,BSE,STK,514326,INE790C01014,PATSPINLTD,X,,,,,PATSPIN INDIA LTD.,6.90,6.90,6.55,6.60,6.60,6.98,,6.60,,,444,2946.00,12,F1,1,,,,,
2026-07-30,2026-07-30,CM,BSE,STK,514330,INE670O01013,ONEGLOBAL,X,,,,,ONE GLOBAL SERVICE PROVIDER LI,584.00,584.00,561.00,565.65,569.95,576.95,,565.65,,,3155,1793501.00,322,F1,1,,,,,
2026-07-30,2026-07-30,CM,BSE,STK,514332,INE216I01017,NEOINFRA,X,,,,,NEO INFRACON LTD.,40.45,42.94,38.00,39.21,39.20,43.00,,39.21,,,2485,96976.00,45,F1,1,,,,,
2026-07-30,2026-07-30,CM,BSE,STK,514336,INE194N01016,CCME,XT,,,,,CCME GLOBAL LIMITED,117.00,117.00,109.80,113.90,113.90,115.55,,113.90,,,18388,2077631.00,126,F1,1,,,,,
2026-07-30,2026-07-30,CM,BSE,STK,514348,INE784B01035,WINSOME,Z,,,,,WINSOME YARNS LTD.,2.34,2.34,2.34,2.34,2.34,2.30,,2.51,,,41378,96824.00,9,F1,1,,,,,
2026-07-30,2026-07-30,CM,BSE,STK,514354,INE309M01020,PREMIERPOL,B,,,,,PREMIER POLYFILM LTD.,72.85,74.80,72.49,73.36,73.08,74.00,,73.50,,,29376,2153396.00,345,F1,1,,,,,
2026-07-30,2026-07-30,CM,BSE,STK,514360,INE078T01026,KRRAIL,X,,,,,K&R RAIL ENGINEERING LIMITED,22.43,23.80,22.00,22.56,22.56,23.18,,22.56,,,158229,3566253.00,657,F1,1,,,,,
2026-07-30,2026-07-30,CM,BSE,STK,514378,INE564C01013,YARNSYN,X,,,,,YARN SYNDICATE LTD.,13.75,14.88,12.40,13.53,13.94,13.87,,13.53,,,6027,82896.00,56,F1,1,,,,,
2026-07-30,2026-07-30,CM,BSE,STK,514386,INE004C01028,GUJCOTEX,XT,,,,,GUJARAT COTEX LTD.,2.60,2.62,2.53,2.59,2.59,2.51,,2.59,,,554462,1438171.00,241,F1,1,,,,,
2026-07-30,2026-07-30,CM,BSE,STK,514400,INE340D01016,GARWSYN,X,,,,,GARWARE SYNTHETICS LTD.,18.88,18.88,17.77,18.50,18.50,18.70,,18.50,,,592,10572.00,11,F1,1,,,,,
2026-07-30,2026-07-30,CM,BSE,STK,514402,INE638N01012,ECOHOTELS,XT,,,,,ECO HOTELS AND RESORTS LIMITED,11.79,11.90,11.16,11.70,11.70,11.74,,11.70,,,24121,273347.00,45,F1,1,,,,,
2026-07-30,2026-07-30,CM,BSE,STK,514412,INE305D01019,SARUPINDUS,X,,,,,SARUP INDUSTRIES LTD.,120.70,120.70,120.70,120.70,120.70,115.00,,120.70,,,11,1327.00,2,F1,1,,,,,
2026-07-30,2026-07-30,CM,BSE,STK,514414,INE114D01015,OXFORDIN,XT,,,,,OXFORD INDUSTRIES LTD.,5.60,5.60,5.60,5.60,5.60,5.89,,5.60,,,2736,15321.00,15,F1,1,,,,,
2026-07-30,2026-07-30,CM,BSE,STK,514418,INE370D01013,MANORG,T,,,,,MANGALAM ORGANICS LIMITED,510.00,510.00,502.30,502.30,502.30,528.70,,500.45,,,530,267654.00,32,F1,1,,,,,
2026-07-30,2026-07-30,CM,BSE,STK,514428,INE074C01013,HINDADH,X,,,,,HINDUSTAN ADHESIVES LTD.,263.00,263.00,258.00,260.90,261.00,255.80,,260.90,,,698,181875.00,31,F1,1,,,,,
2026-07-30,2026-07-30,CM,BSE,STK,514440,INE439N01031,BPAGRI,B,,,,,Blue Pearl Agriventures Limite,9.08,9.15,8.70,8.77,8.77,9.04,,8.77,,,14151,126073.00,90,F1,1,,,,,
2026-07-30,2026-07-30,CM,BSE,STK,514442,INE009C01019,SRIKPRIND,X,,,,,SRI KPR INDUSTRIES LTD.,20.26,21.05,20.26,21.05,21.05,21.13,,21.05,,,86,1757.00,11,F1,1,,,,,
2026-07-30,2026-07-30,CM,BSE,STK,514448,INE577D01013,JYOTIRES,B,,,,,JYOTI RESINS & ADHESIVES LTD.,911.35,940.00,911.35,933.25,935.95,924.30,,933.25,,,3064,2841584.00,342,F1,1,,,,,
2026-07-30,2026-07-30,CM,BSE,STK,514454,INE410M01018,SOUTLAT,XT,,,,,SOUTHERN LATEX LTD.,22.80,22.80,21.66,21.67,21.67,22.80,,21.67,,,336,7279.00,7,F1,1,,,,,
2026-07-30,2026-07-30,CM,BSE,STK,514470,INE837B01031,WINSOMTX,X,,,,,WINSOME TEXTILE INDUSTRIES LTD,93.33,94.90,91.10,94.42,94.80,93.80,,94.42,,,8730,814507.00,94,F1,1,,,,,
2026-07-30,2026-07-30,CM,BSE,STK,515008,INE219W01012,MODINSU,XT,,,,,MODERN INSULATORS LTD.,477.00,479.40,448.10,451.50,448.10,471.65,,451.50,,,33126,15320316.00,733,F1,1,,,,,
2026-07-30,2026-07-30,CM,BSE,STK,515018,INE277C01012,REGENCERAM,B,,,,,REGENCY CERAMICS LTD.,29.61,31.00,29.51,31.00,31.00,29.50,,31.51,,,520,15396.00,4,F1,1,,,,,
2026-07-30,2026-07-30,CM,BSE,STK,515030,INE439A01020,ASAHIINDIA,A,,,,,ASAHI INDIA GLASS LTD.,881.20,881.20,867.00,870.40,872.20,876.25,,869.30,,,562,489723.00,84,F1,1,,,,,
2026-07-30,2026-07-30,CM,BSE,STK,515037,INE692B01014,MURUDCERA,B,,,,,MURUDESHWAR CERAMICS LTD.,30.60,31.58,30.11,30.55,30.55,30.60,,30.60,,,386,11844.00,17,F1,1,,,,,
2026-07-30,2026-07-30,CM,BSE,STK,515043,INE068B01017,SEKURITIND,X,,,,,SAINT-GOBAIN SEKURIT INDIA LTD,132.45,133.00,123.00,123.85,123.85,131.65,,123.85,,,108368,13785268.00,1207,F1,1,,,,,
2026-07-30,2026-07-30,CM,BSE,STK,515055,INE242C01024,ANANTRAJ,A,,,,,ANANT RAJ LIMITED,613.45,619.60,602.75,609.25,609.25,613.45,,609.60,,,205166,124883417.00,4439,F1,1,,,,,
2026-07-30,2026-07-30,CM,BSE,STK,515059,INE469C01023,MADHUDIN,X,,,,,MADHUSUDAN INDUSTRIES LTD.,35.00,35.61,35.00,35.61,35.61,38.50,,35.61,,,198,6989.00,8,F1,1,,,,,
2026-07-30,2026-07-30,CM,BSE,STK,515085,INE298E01022,RESTILE,X,,,,,RESTILE CERAMICS LTD.,6.55,6.73,6.55,6.69,6.69,6.52,,6.69,,,2164,14488.00,15,F1,1,,,,,
2026-07-30,2026-07-30,CM,BSE,STK,515093,INE925C01016,MADHAV,B,,,,,MADHAV MARBLES & GRANITES LTD.,33.50,33.50,33.30,33.30,33.30,33.55,,33.59,,,523,17515.00,8,F1,1,,,,,
2026-07-30,2026-07-30,CM,BSE,STK,515147,INE506D01020,HALDYNGL,T,,,,,HALDYN GLASS LTD,117.20,122.95,117.20,121.90,120.00,121.30,,121.05,,,4042,489156.00,45,F1,1,,,,,
2026-07-30,2026-07-30,CM,BSE,STK,516003,INE932D01010,DUROPLY,X,,,,,DUROPLY INDUSTRIES LIMITED,107.60,107.60,103.00,104.00,104.00,104.50,,104.00,,,8976,936787.00,37,F1,1,,,,,
2026-07-30,2026-07-30,CM,BSE,STK,516016,INE231C01019,SHREYANIND,B,,,,,SHREYANS INDUSTRIES LTD.,137.50,137.50,137.50,137.50,137.50,139.65,,139.09,,,150,20625.00,1,F1,1,,,,,
2026-07-30,2026-07-30,CM,BSE,STK,516020,INE112C01011,AGIOPAPER,X,,,,,AGIO PAPER & INDUSTRIES LTD.,3.59,3.60,3.26,3.26,3.26,3.43,,3.26,,,248,850.00,6,F1,1,,,,,
2026-07-30,2026-07-30,CM,BSE,STK,516022,INE733A01018,STARPAPER,B,,,,,STAR PAPER MILLS LTD.,145.00,148.95,145.00,147.70,147.70,147.75,,148.59,,,3,441.00,3,F1,1,,,,,
2026-07-30,2026-07-30,CM,BSE,STK,516030,INE551D01018,PAKKA,B,,,,,PAKKA LIMITED,70.70,71.91,70.08,70.63,70.63,70.70,,70.82,,,3208,225708.00,91,F1,1,,,,,
2026-07-30,2026-07-30,CM,BSE,STK,516032,INE385D01029,TAHMARENT,XT,,,,,TAHMAR ENTERPRISES LIMITED,3.90,4.00,3.71,3.98,3.79,3.90,,3.98,,,31447,119199.00,53,F1,1,,,,,
2026-07-30,2026-07-30,CM,BSE,STK,516038,INE737E01011,KSSMART,X,,,,,KS Smart Technologies Limited,113.00,113.00,107.20,107.35,107.50,112.80,,107.35,,,28697,3116080.00,190,F1,1,,,,,
2026-07-30,2026-07-30,CM,BSE,STK,516062,INE497C01016,NATPLY,Z,,,,,NATIONAL PLYWOOD INDUSTRIES LT,2.68,2.68,2.68,2.68,2.68,2.63,,2.68,,,19978,53541.00,19,F1,1,,,,,
2026-07-30,2026-07-30,CM,BSE,STK,516064,INE570D01018,ARROWGREEN,T,,,,,Arrow Greentech Limited,733.00,733.00,691.20,724.60,727.00,722.95,,725.25,,,1103,783277.00,47,F1,1,,,,,
2026-07-30,2026-07-30,CM,BSE,STK,516072,INE270I01022,VISHNU,B,,,,,VISHNU CHEMICALS LTD.,613.70,628.30,613.70,616.10,615.35,618.30,,617.95,,,4032,2492239.00,216,F1,1,,,,,
2026-07-30,2026-07-30,CM,BSE,STK,516078,INE699D01015,JUMBO,X,,,,,JUMBO BAG LTD.,71.39,84.07,68.81,84.07,84.07,70.06,,84.07,,,80825,6548526.00,294,F1,1,,,,,
2026-07-30,2026-07-30,CM,BSE,STK,516082,INE740D01017,NRAIL,B,,,,,N.R.AGARWAL INDUSTRIES LTD.,470.50,470.50,461.30,461.60,463.00,471.30,,461.55,,,114,52857.00,10,F1,1,,,,,
2026-07-30,2026-07-30,CM,BSE,STK,516092,INE105C01023,3PLAND,B,,,,,3P LAND HOLDINGS LTD.,32.73,33.10,32.16,32.16,32.16,33.01,,31.79,,,261,8403.00,5,F1,1,,,,,
2026-07-30,2026-07-30,CM,BSE,STK,516096,INE384D01022,SANPA,X,,,,,SANGAL PAPERS LTD.,145.00,151.05,145.00,151.00,151.00,151.05,,151.00,,,155,23135.00,4,F1,1,,,,,
2026-07-30,2026-07-30,CM,BSE,STK,516098,INE810C01044,VENTURA,X,,,,,VENTURA TEXTILES LTD.,8.01,8.89,8.01,8.75,8.89,8.90,,8.75,,,1002,8633.00,21,F1,1,,,,,
2026-07-30,2026-07-30,CM,BSE,STK,516106,INE538D01015,SHKARTP,X,,,,,SHREE KARTHIK PAPERS LTD.,7.00,7.65,6.81,7.23,7.23,6.72,,7.23,,,10244,73693.00,53,F1,1,,,,,
2026-07-30,2026-07-30,CM,BSE,STK,516108,INE088G01014,STHINPA,X,,,,,SOUTH INDIA PAPER MILLS LTD.,106.20,111.00,103.00,108.60,108.50,103.90,,108.60,,,5622,599627.00,54,F1,1,,,,,
2026-07-30,2026-07-30,CM,BSE,STK,516110,INE146N01016,FAMILYCARE,X,,,,,FAMILY CARE HOSPITALS LIMITED,2.85,3.00,2.76,2.87,2.88,2.78,,2.87,,,144888,421724.00,174,F1,1,,,,,
2026-07-30,2026-07-30,CM,BSE,STK,517015,INE707A01012,VINDHYATEL,B,,,,,VINDHYA TELELINKS LTD.,1878.90,1975.00,1867.35,1953.05,1952.95,1886.35,,1951.30,,,1803,3499741.00,284,F1,1,,,,,
2026-07-30,2026-07-30,CM,BSE,STK,517035,INE302D01024,RIR,B,,,,,RIR POWER ELECTRONICS LIMITED,159.45,160.65,155.50,157.40,157.40,159.45,,156.98,,,21258,3366780.00,737,F1,1,,,,,
2026-07-30,2026-07-30,CM,BSE,STK,517041,INE045A01017,ADOR,B,,,,,ADOR WELDING LTD.,1419.80,1493.85,1404.55,1483.10,1490.00,1412.85,,1480.30,,,1842,2676395.00,225,F1,1,,,,,
2026-07-30,2026-07-30,CM,BSE,STK,517059,INE457F01013,SALZERELEC,B,,,,,SALZER ELECTRONICS LTD.,565.50,577.10,564.45,571.05,571.95,572.80,,570.35,,,5724,3262306.00,315,F1,1,,,,,
2026-07-30,2026-07-30,CM,BSE,STK,517063,INE919C01019,JETKINGQ,X,,,,,JETKING INFOTRAIN LTD.,100.00,100.00,94.03,100.00,100.00,96.95,,100.00,,,3501,343270.00,50,F1,1,,,,,
2026-07-30,2026-07-30,CM,BSE,STK,517077,INE115E01010,INDAGIV,XT,,,,,IND-AGIV COMMERCE LTD.,41.93,41.93,41.52,41.52,41.52,41.52,,41.52,,,19,789.00,2,F1,1,,,,,
2026-07-30,2026-07-30,CM,BSE,STK,517096,INE273A01015,APLAB,XT,,,,,APLAB LTD.,85.00,87.00,79.11,81.30,83.25,83.10,,81.30,,,2644,219933.00,31,F1,1,,,,,
2026-07-30,2026-07-30,CM,BSE,STK,517119,INE834B01012,PCS,X,,,,,PCS TECHNOLOGY LTD.,19.99,19.99,18.90,19.83,19.90,19.56,,19.83,,,3047,59054.00,39,F1,1,,,,,
2026-07-30,2026-07-30,CM,BSE,STK,517146,INE228A01035,USHAMART,A,,,,,USHA MARTIN LTD.,506.80,512.90,501.00,502.65,502.65,511.45,,502.40,,,25484,12889209.00,797,F1,1,,,,,
2026-07-30,2026-07-30,CM,BSE,STK,517166,INE252A01019,SPELS,X,,,,,SPEL SEMICONDUCTOR LTD.,153.00,156.20,151.10,152.05,152.05,153.45,,152.05,,,33602,5125022.00,728,F1,1,,,,,
2026-07-30,2026-07-30,CM,BSE,STK,517168,INE287B01021,SUBROS,B,,,,,SUBROS LTD.,778.40,786.30,778.00,782.05,785.50,786.90,,783.20,,,1291,1008658.00,161,F1,1,,,,,
2026-07-30,2026-07-30,CM,BSE,STK,517170,INE125G01014,EDVENSWA,XT,,,,,Edvenswa Enterprises Limited,21.54,22.61,21.54,22.60,22.60,21.54,,22.60,,,1954,43431.00,21,F1,1,,,,,
2026-07-30,2026-07-30,CM,BSE,STK,517172,INE443P01038,PERVASIVE,XT,,,,,Pervasive Commodities Limited,5.31,5.31,5.31,5.31,5.31,5.21,,5.31,,,148,785.00,1,F1,1,,,,,
2026-07-30,2026-07-30,CM,BSE,STK,517174,INE671A01010,HONAUT,A,,,,,HONEYWELL AUTOMATION INDIA LTD,39834.20,40329.25,39400.00,39581.50,39581.50,40034.35,,39505.00,,,656,26127143.00,339,F1,1,,,,,
2026-07-30,2026-07-30,CM,BSE,STK,517201,INE311D01017,SWITCHTE,XT,,,,,SWITCHING TECHNOLOGIES GUNTHER,129.65,129.65,123.20,123.20,123.20,129.65,,123.20,,,4222,520328.00,44,F1,1,,,,,
2026-07-30,2026-07-30,CM,BSE,STK,517206,INE162B01018,LUMAXIND,B,,,,,LUMAX INDUSTRIES LTD.,5125.05,5355.00,5125.00,5195.40,5188.20,5137.90,,5205.50,,,3109,16295034.00,354,F1,1,,,,,
2026-07-30,2026-07-30,CM,BSE,STK,517214,INE927C01020,DIGISPICE,T,,,,,DIGISPICE TECHNOLOGIES LIMITED,18.32,18.32,17.80,18.00,18.00,18.31,,18.09,,,4590,82338.00,26,F1,1,,,,,
2026-07-30,2026-07-30,CM,BSE,STK,517236,INE216C01010,CALCOM,X,,,,,CALCOM VISION LTD.,78.00,78.75,76.99,78.01,78.75,78.01,,78.01,,,1746,135015.00,21,F1,1,,,,,
2026-07-30,2026-07-30,CM,BSE,STK,517238,INE083E01010,DYNAVSN,X,,,,,DYNAVISION LTD.,206.00,207.00,200.00,200.25,200.00,200.30,,200.25,,,251,50384.00,22,F1,1,,,,,
2026-07-30,2026-07-30,CM,BSE,STK,517246,INE788D01016,BCCFUBA,XT,,,,,BCC FUBA INDIA LTD.,190.00,193.25,181.05,186.40,186.50,190.00,,186.40,,,14623,2715363.00,180,F1,1,,,,,
2026-07-30,2026-07-30,CM,BSE,STK,517258,INE143C01024,PRECISIO,XT,,,,,PRECISION ELECTRONICS LTD.,197.05,208.00,197.05,208.00,208.00,198.85,,208.00,,,64,13246.00,6,F1,1,,,,,
2026-07-30,2026-07-30,CM,BSE,STK,517264,INE087E01011,FINELINE,XT,,,,,FINE-LINE CIRCUITS LTD.,72.40,72.40,66.05,70.36,70.36,69.50,,70.36,,,637,43843.00,20,F1,1,,,,,
2026-07-30,2026-07-30,CM,BSE,STK,517271,INE292B01021,HBLENGINE,A,,,,,HBL ENGINEERING LIMITED,704.05,705.75,696.85,699.90,699.90,708.45,,699.35,,,54135,37925492.00,2371,F1,1,,,,,
2026-07-30,2026-07-30,CM,BSE,STK,517273,INE902B01017,S&SPOWER,B,,,,,S&S POWER SWITCHGEAR LTD.,320.00,320.00,316.00,316.05,316.00,315.20,,316.80,,,373,118280.00,18,F1,1,,,,,
2026-07-30,2026-07-30,CM,BSE,STK,517286,INE335Q01026,RNITAI,X,,,,,RNIT AI SOLUTIONS LIMITED,55.68,61.54,55.68,61.35,61.35,58.61,,61.35,,,459681,27688161.00,679,F1,1,,,,,
2026-07-30,2026-07-30,CM,BSE,STK,517288,INE541F01022,GUJARATPOLY,XT,,,,,Gujarat Poly Electronics Limit,69.39,71.90,67.00,70.73,70.73,69.77,,70.73,,,2425,167479.00,43,F1,1,,,,,
2026-07-30,2026-07-30,CM,BSE,STK,517300,INE162A01010,GIPCL,B,,,,,GUJARAT INDUSTRIES POWER CO.LT,164.05,164.05,161.05,162.00,161.65,162.35,,162.01,,,7926,1286605.00,183,F1,1,,,,,
2026-07-30,2026-07-30,CM,BSE,STK,517320,INE898E01011,MAGNUS,XT,,,,,MAGNUS STEEL AND INFRA LIMITED,66.40,66.40,60.08,60.08,60.08,63.24,,60.08,,,220594,14559902.00,672,F1,1,,,,,
2026-07-30,2026-07-30,CM,BSE,STK,517334,INE775A01035,MOTHERSON,A,,,,,Samvardhana Motherson Internat,146.50,147.35,144.80,146.65,146.65,146.00,,146.72,,,593592,86738093.00,3512,F1,1,,,,,
2026-07-30,2026-07-30,CM,BSE,STK,517344,INE110B01017,MINDTECK,B,,,,,MINDTECK (INDIA) LTD.,195.60,196.15,191.75,191.80,191.75,195.45,,191.95,,,1253,243307.00,43,F1,1,,,,,
2026-07-30,2026-07-30,CM,BSE,STK,517354,INE176B01034,HAVELLS,A,,,,,HAVELLS INDIA LTD.,1233.65,1263.75,1228.00,1261.60,1261.60,1237.30,,1261.70,,,214486,265941510.00,5879,F1,1,,,,,
2026-07-30,2026-07-30,CM,BSE,STK,517356,INE167B01025,ACIIN,X,,,,,ACI INFOCOM LTD.,1.22,1.28,1.22,1.28,1.28,1.22,,1.28,,,143357,181772.00,144,F1,1,,,,,
2026-07-30,2026-07-30,CM,BSE,STK,517360,INE689V01018,SBECSYS,X,,,,,SBEC SYSTEMS (INDIA) LTD.,20.90,21.00,19.56,19.72,19.65,20.00,,19.72,,,946,19492.00,17,F1,1,,,,,
2026-07-30,2026-07-30,CM,BSE,STK,517370,INE437C01012,INCAP,XT,,,,,INCAP LTD.,91.00,91.00,91.00,91.00,91.00,91.00,,91.00,,,47,4277.00,1,F1,1,,,,,
2026-07-30,2026-07-30,CM,BSE,STK,517372,INE877E01015,GUJINTRX,X,,,,,GUJARAT INTRUX LTD.,424.00,428.00,422.00,426.30,427.20,426.45,,426.30,,,665,282845.00,98,F1,1,,,,,
2026-07-30,2026-07-30,CM,BSE,STK,517380,INE188B01013,IGARASHI,B,,,,,IGARASHI MOTORS INDIA LTD.,458.20,458.25,442.10,444.55,445.30,457.00,,445.00,,,994,445287.00,99,F1,1,,,,,
2026-07-30,2026-07-30,CM,BSE,STK,517385,INE225D01027,SYMPHONY,B,,,,,SYMPHONY LIMITED,695.00,696.00,680.00,684.15,688.95,694.00,,683.60,,,8807,6042451.00,786,F1,1,,,,,
2026-07-30,2026-07-30,CM,BSE,STK,517393,INE043B01028,REGANTO,Z,,,,,REGANTO ENTERPRISES LIMITED,6.27,6.27,6.00,6.12,6.20,6.18,,6.12,,,140938,875000.00,181,F1,1,,,,,
2026-07-30,2026-07-30,CM,BSE,STK,517397,INE648E01010,PANELEC,X,,,,,PAN ELECTRONICS INDIA LTD.,24.31,26.50,23.45,26.24,26.50,25.97,,26.24,,,3755,98132.00,21,F1,1,,,,,
2026-07-30,2026-07-30,CM,BSE,STK,517399,INE756A01019,VXLINSTR,XT,,,,,VXL INSTRUMENTS LTD.,3.72,3.80,3.61,3.63,3.70,3.80,,3.63,,,46645,169250.00,17,F1,1,,,,,
2026-07-30,2026-07-30,CM,BSE,STK,517411,INE635A01023,SHYAMTEL,T,,,,,SHYAM TELECOM LTD.,15.53,16.00,15.53,16.00,16.00,15.84,,16.00,,,889,13806.00,5,F1,1,,,,,
2026-07-30,2026-07-30,CM,BSE,STK,517415,INE791B01014,LEENEE,X,,,,,LEE & NEE SOFTWARES (EXPORTS),7.74,7.74,7.32,7.50,7.57,7.44,,7.50,,,5593,41901.00,38,F1,1,,,,,
2026-07-30,2026-07-30,CM,BSE,STK,517417,INE082C01024,PATELSAI,X,,,,,PATELS AIRTEMP (INDIA) LTD.,351.45,351.45,333.25,347.75,346.70,339.55,,347.75,,,5282,1822171.00,201,F1,1,,,,,
2026-07-30,2026-07-30,CM,BSE,STK,517421,INE295F01017,BUTTERFLY,B,,,,,BUTTERFLY GANDHIMATHI APPLIANC,731.05,735.05,715.50,721.90,721.90,729.40,,722.30,,,2568,1872723.00,133,F1,1,,,,,
2026-07-30,2026-07-30,CM,BSE,STK,517429,INE576B01019,ATHENAGLO,XT,,,,,Athena Global Technologies Lim,57.00,57.00,57.00,57.00,57.00,56.99,,57.00,,,1,57.00,1,F1,1,,,,,
2026-07-30,2026-07-30,CM,BSE,STK,517431,INE060D01028,NARMP,XT,,,,,NARMADA MACPLAST DRIP IRRIGATI,20.50,20.50,20.00,20.14,20.10,20.27,,20.14,,,5394,109009.00,26,F1,1,,,,,
2026-07-30,2026-07-30,CM,BSE,STK,517447,INE165B01029,RSSOFTWARE,T,,,,,R.S.SOFTWARE INDIA LTD.,31.00,31.00,30.15,30.90,30.90,31.25,,30.83,,,3713,113883.00,24,F1,1,,,,,
2026-07-30,2026-07-30,CM,BSE,STK,517449,INE437D01010,MAGNAELQ,XT,,,,,MAGNA ELECTRO CASTINGS LTD.,1165.95,1174.95,1121.00,1164.25,1159.50,1161.25,,1164.25,,,182,211025.00,18,F1,1,,,,,
2026-07-30,2026-07-30,CM,BSE,STK,517467,INE415B01044,MARSONS,B,,,,,MARSONS LIMITED,110.40,111.00,108.50,109.50,109.50,109.65,,109.40,,,44147,4848372.00,545,F1,1,,,,,
2026-07-30,2026-07-30,CM,BSE,STK,517477,INE033C01019,ELNET,X,,,,,ELNET TECHNOLOGIES LTD.,315.00,318.95,314.05,318.55,318.75,315.05,,318.55,,,530,167776.00,19,F1,1,,,,,
2026-07-30,2026-07-30,CM,BSE,STK,517494,INE258C01038,ACCEL,X,,,,,ACCEL LIMITED,12.78,12.78,12.25,12.39,12.38,12.52,,12.39,,,2936,36855.00,39,F1,1,,,,,
2026-07-30,2026-07-30,CM,BSE,STK,517498,INE855C01023,WEBELSOLAR,A,,,,,WEBSOL ENERGY SYSTEM LTD.,98.25,98.75,94.00,95.00,95.00,98.65,,94.97,,,145577,14047957.00,1320,F1,1,,,,,
2026-07-30,2026-07-30,CM,BSE,STK,517500,INE535D01037,ROTO,B,,,,,ROTO PUMPS LTD.,69.57,69.89,68.34,68.61,68.38,68.95,,68.78,,,32147,2218847.00,382,F1,1,,,,,
2026-07-30,2026-07-30,CM,BSE,STK,517506,INE690A01028,TTKPRESTIG,B,,,,,TTK PRESTIGE LTD.,673.15,676.95,653.90,658.35,653.90,677.70,,656.85,,,20944,13919814.00,957,F1,1,,,,,
2026-07-30,2026-07-30,CM,BSE,STK,517514,INE589D01018,DHINDIA,X,,,,,D&H INDIA LTD,230.05,232.00,225.00,230.50,231.90,228.35,,230.50,,,6840,1572883.00,50,F1,1,,,,,
2026-07-30,2026-07-30,CM,BSE,STK,517522,INE451D01029,RAJRATAN,B,,,,,RAJRATAN GLOBAL WIRE LTD.,498.30,498.80,478.60,483.05,482.20,498.25,,482.10,,,4798,2349474.00,255,F1,1,,,,,
2026-07-30,2026-07-30,CM,BSE,STK,517530,INE130B01031,SURANAT&P,B,,,,,SURANA TELECOM AND POWER LIMIT,17.00,18.50,17.00,18.01,18.00,17.94,,17.77,,,10072,183535.00,177,F1,1,,,,,
2026-07-30,2026-07-30,CM,BSE,STK,517536,INE229A01017,ONWARDTEC,B,,,,,ONWARD TECHNOLOGIES LTD.,294.75,300.15,290.00,291.50,292.90,297.90,,293.90,,,3195,938945.00,111,F1,1,,,,,
2026-07-30,2026-07-30,CM,BSE,STK,517544,INE320B01020,CENTUM,B,,,,,CENTUM ELECTRONICS LTD.,3585.55,3585.55,3426.40,3441.20,3443.60,3578.05,,3446.60,,,1183,4110349.00,244,F1,1,,,,,
2026-07-30,2026-07-30,CM,BSE,STK,517546,INE209C01015,ALFATRAN,XT,,,,,ALFA TRANSFORMERS LTD.,39.14,39.46,37.50,38.79,38.80,38.52,,38.79,,,5119,196897.00,59,F1,1,,,,,
2026-07-30,2026-07-30,CM,BSE,STK,517554,INE141C01036,NHCFOODS,XT,,,,,NHC FOODS LTD.,1.02,1.05,1.01,1.01,1.01,1.01,,1.01,,,699871,718699.00,388,F1,1,,,,,
2026-07-30,2026-07-30,CM,BSE,STK,517556,INE362A01016,PVP,B,,,,,PVP VENTURES LTD.,27.90,27.90,27.00,27.15,27.26,27.22,,27.28,,,4623,125397.00,43,F1,1,,,,,
2026-07-30,2026-07-30,CM,BSE,STK,517562,INE948A01012,TRIGYN,B,,,,,TRIGYN TECHNOLOGIES LTD.,54.38,54.38,53.31,53.92,53.92,53.54,,53.59,,,610,32853.00,22,F1,1,,,,,
2026-07-30,2026-07-30,CM,BSE,STK,517569,INE878B01027,KEI,A,,,,,KEI INDUSTRIES LTD.,4949.45,4949.45,4746.00,4796.15,4802.55,4850.05,,4799.50,,,14337,68488376.00,4017,F1,1,,,,,
2026-07-30,2026-07-30,CM,BSE,STK,518011,INE145L01012,KEERTHI,X,,,,,KEERTHI INDUSTRIES LTD.,40.00,40.00,38.05,38.05,38.05,40.00,,38.05,,,69,2645.00,5,F1,1,,,,,
2026-07-30,2026-07-30,CM,BSE,STK,518053,INE827D01020,SRICC,X,,,,,Sri Chakra Cement Limited,31.01,34.10,31.01,33.99,33.99,33.96,,33.99,,,928,31208.00,29,F1,1,,,,,
2026-07-30,2026-07-30,CM,BSE,STK,518075,INE069E01019,SURAJ,Z,,,,,SURAJ PRODUCTS LTD.,218.75,218.75,210.35,215.00,215.00,214.55,,215.00,,,766,164950.00,20,F1,1,,,,,
2026-07-30,2026-07-30,CM,BSE,STK,518091,INE071F01012,APCL,B,,,,,ANJANI PORTLAND CEMENT LTD.,102.50,102.50,102.50,102.50,102.50,102.50,,101.77,,,1,102.00,1,F1,1,,,,,
2026-07-30,2026-07-30,CM,BSE,STK,519003,INE537F01012,MODINATUR,T,,,,,MODI NATURALS LIMITED,386.00,401.00,386.00,392.00,392.00,405.00,,397.25,,,57,22104.00,9,F1,1,,,,,
2026-07-30,2026-07-30,CM,BSE,STK,519031,INE455D01012,SHAHFOOD,XT,,,,,SHAH FOODS LTD.,421.40,421.40,421.40,421.40,421.40,413.15,,421.40,,,324,136533.00,12,F1,1,,,,,
2026-07-30,2026-07-30,CM,BSE,STK,519091,INE488B01017,TASTYBITE,B,,,,,TASTY BITE EATABLES LTD.,9180.00,9211.90,9085.85,9085.85,9085.85,9289.30,,9052.50,,,34,311476.00,16,F1,1,,,,,
2026-07-30,2026-07-30,CM,BSE,STK,519097,INE534D01014,RITESHIN,XT,,,,,RITESH INTERNATIONAL LTD.,80.59,80.59,76.57,78.83,78.83,80.59,,78.83,,,8749,675667.00,72,F1,1,,,,,
2026-07-30,2026-07-30,CM,BSE,STK,519105,INE488D01021,AVTNPL,B,,,,,AVT NATURAL PRODUCTS LTD.,70.37,72.10,70.00,71.07,71.07,69.72,,70.45,,,2496,177989.00,137,F1,1,,,,,
2026-07-30,2026-07-30,CM,BSE,STK,519126,INE254N01026,HNDFDS,B,,,,,HINDUSTAN FOODS LTD.,572.95,579.70,566.65,573.50,573.40,567.10,,574.00,,,1247,715294.00,122,F1,1,,,,,
2026-07-30,2026-07-30,CM,BSE,STK,519136,INE289A01011,NAHARINDUS,B,,,,,NAHAR INDUSTRIAL ENTERPRISES L,115.15,115.15,113.65,114.00,114.00,117.25,,113.21,,,502,57293.00,14,F1,1,,,,,
2026-07-30,2026-07-30,CM,BSE,STK,519152,INE693D01018,VADILENT,X,,,,,VADILAL ENTERPRISES LTD.,9800.00,9800.00,9799.95,9800.00,9800.00,9832.70,,9800.00,,,116,1136799.00,11,F1,1,,,,,
2026-07-30,2026-07-30,CM,BSE,STK,519156,INE694D01016,VADILALIND,B,,,,,VADILAL INDUSTRIES LTD.,7296.65,7464.10,7124.15,7262.55,7273.30,7224.45,,7263.50,,,4606,33714028.00,896,F1,1,,,,,
2026-07-30,2026-07-30,CM,BSE,STK,519174,INE709D01012,ASHAI,XT,,,,,ASHIANA AGRO INDUSTRIES LTD.,12.44,13.00,11.82,12.76,12.78,12.44,,12.76,,,983,12334.00,29,F1,1,,,,,
2026-07-30,2026-07-30,CM,BSE,STK,519183,INE982B01027,ADFFOODS,B,,,,,ADF FOODS LTD.,299.85,299.85,260.80,263.30,263.30,300.75,,262.40,,,64417,17473539.00,1279,F1,1,,,,,
2026-07-30,2026-07-30,CM,BSE,STK,519191,INE601N01010,RGRL,Z,,,,,Retro Green Revolution Limited,1.45,1.45,1.37,1.44,1.44,1.44,,1.44,,,3829,5293.00,36,F1,1,,,,,
2026-07-30,2026-07-30,CM,BSE,STK,519214,INE188E01017,WILLIMFI,X,,,,,WILLIAMSON FINANCIAL SERVICES,6.90,6.90,6.90,6.90,6.90,7.26,,6.90,,,20,138.00,3,F1,1,,,,,
2026-07-30,2026-07-30,CM,BSE,STK,519216,INE601B01023,AJANTSOY,X,,,,,AJANTA SOYA LTD.,21.21,21.21,20.00,20.20,20.20,21.10,,20.20,,,52889,1083601.00,299,F1,1,,,,,
2026-07-30,2026-07-30,CM,BSE,STK,519224,INE210A01017,WILLAMAGOR,B,,,,,WILLIAMSON MAGOR & COMPANY LTD,25.90,25.90,25.90,25.90,25.90,24.00,,25.30,,,38,984.00,1,F1,1,,,,,
2026-07-30,2026-07-30,CM,BSE,STK,519230,INE102C01020,KISAAN,X,,,,,KISAAN PARIVAR INDUSTRIES LIMI,11.58,11.58,10.25,11.28,11.30,11.31,,11.28,,,6373,70327.00,63,F1,1,,,,,
2026-07-30,2026-07-30,CM,BSE,STK,519234,INE843L01012,SIEL,X,,,,,SUPERIOR INDUSTRIAL ENTERPRISE,31.37,31.37,30.00,30.69,31.37,31.52,,30.69,,,12,375.00,3,F1,1,,,,,
2026-07-30,2026-07-30,CM,BSE,STK,519238,INE233P01017,SPTRSHI,X,,,,,SAPTARISHI AGRO INDUSTRIES LTD,23.85,23.85,22.80,23.50,23.50,24.00,,23.50,,,152,3475.00,9,F1,1,,,,,
2026-07-30,2026-07-30,CM,BSE,STK,519260,INE890C01046,SANWARIA,Z,,,,,SANWARIA CONSUMER LIMITED,0.49,0.49,0.49,0.49,0.49,0.49,,0.20,,,1166,571.00,11,F1,1,,,,,
2026-07-30,2026-07-30,CM,BSE,STK,519262,INE297D01018,PRIMAGR,X,,,,,PRIMA AGRO LTD.,13.04,14.35,13.04,14.35,14.35,13.71,,14.35,,,1067,14688.00,7,F1,1,,,,,
2026-07-30,2026-07-30,CM,BSE,STK,519285,INE906C01016,TARAI,Z,,,,,TARAI FOODS LTD.,4.20,4.20,4.20,4.20,4.20,4.20,,4.20,,,846,3553.00,4,F1,1,,,,,
2026-07-30,2026-07-30,CM,BSE,STK,519287,INE617B01011,MODAIRY,X,,,,,MODERN DAIRIES LTD.,30.34,30.34,26.56,28.84,28.85,30.00,,28.84,,,33098,951856.00,242,F1,1,,,,,
2026-07-30,2026-07-30,CM,BSE,STK,519295,INE921D01013,BAMBINO,X,,,,,BAMBINO AGRO INDUSTRIES LTD.,208.05,210.00,200.00,204.25,204.25,211.00,,204.25,,,2576,525374.00,45,F1,1,,,,,
2026-07-30,2026-07-30,CM,BSE,STK,519299,INE543F01028,PRIMIND,X,,,,,PRIME INDUSTRIES LTD.,43.87,43.87,41.68,43.78,43.78,43.87,,43.78,,,6576,282238.00,32,F1,1,,,,,
2026-07-30,2026-07-30,CM,BSE,STK,519307,INE706A01022,VIKASWSP,Z,,,,,VIKAS WSP LTD.,0.99,0.99,0.92,0.96,0.96,0.96,,0.96,,,103742,97276.00,72,F1,1,,,,,
2026-07-30,2026-07-30,CM,BSE,STK,519331,INE923K01014,VSFPROJ,X,,,,,VSF PROJECTS LTD.,36.44,36.50,36.44,36.50,36.50,35.94,,36.50,,,51,1860.00,3,F1,1,,,,,
2026-07-30,2026-07-30,CM,BSE,STK,519359,INE809E01018,POONADAL,X,,,,,POONA DAL & OIL INDUSTRIES LTD,62.00,62.00,62.00,62.00,62.00,62.00,,62.00,,,10,620.00,2,F1,1,,,,,
2026-07-30,2026-07-30,CM,BSE,STK,519367,INE213P01027,TRANSFD,X,,,,,TRANSGLOBE FOODS LTD.,430.05,430.05,430.05,430.05,430.05,450.00,,430.05,,,11,4730.00,2,F1,1,,,,,
2026-07-30,2026-07-30,CM,BSE,STK,519383,INE087B01017,ANIKINDS,B,,,,,ANIK INDUSTRIES LTD.,43.20,44.85,41.10,43.24,44.85,43.20,,42.21,,,757,32574.00,17,F1,1,,,,,
2026-07-30,2026-07-30,CM,BSE,STK,519397,INE220Z01013,SHINDL,B,,,,,SHARAT INDUSTRIES LTD.,162.00,163.35,157.35,161.85,163.35,160.70,,162.09,,,63832,10218230.00,482,F1,1,,,,,
2026-07-30,2026-07-30,CM,BSE,STK,519413,INE673U01014,DATIWARE,P,,,,,DATIWARE MARITIME INFRA LIMITE,44.36,44.36,44.36,44.36,44.36,42.25,,44.36,,,3600,159696.00,9,F1,100,,,,,
2026-07-30,2026-07-30,CM,BSE,STK,519421,INE953E01022,KSE,X,,,,,KSE LTD.,196.95,197.00,192.55,193.95,194.40,194.85,,193.95,,,12480,2428353.00,271,F1,1,,,,,
2026-07-30,2026-07-30,CM,BSE,STK,519463,INE678B01039,IBINFO,XT,,,,,IB INFOTECH ENTERPRISES LTD.,43.60,43.60,43.60,43.60,43.60,45.89,,43.60,,,441,19227.00,16,F1,1,,,,,
2026-07-30,2026-07-30,CM,BSE,STK,519471,INE072V01017,AMBARPIL,X,,,,,Ambar Protein Industries Limit,192.05,195.00,191.00,195.00,195.00,195.05,,195.00,,,271,52048.00,10,F1,1,,,,,
2026-07-30,2026-07-30,CM,BSE,STK,519475,INE975C01011,CHORDIA,X,,,,,CHORDIA FOOD PRODUCTS LTD.,68.68,68.68,68.44,68.44,68.44,72.00,,68.44,,,150,10269.00,5,F1,1,,,,,
2026-07-30,2026-07-30,CM,BSE,STK,519477,INE052V01019,CIANAGRO,T,,,,,CIAN Agro Ind & Infra Ltd,1431.00,1460.40,1380.00,1430.40,1431.00,1422.00,,1430.40,,,24806,35511423.00,1407,F1,1,,,,,
2026-07-30,2026-07-30,CM,BSE,STK,519494,INE542C01019,NKIND,B,,,,,N.K.INDUSTRIES LTD.,60.30,60.51,60.30,60.51,60.51,60.00,,58.62,,,69,4173.00,6,F1,1,,,,,
2026-07-30,2026-07-30,CM,BSE,STK,519500,INE356C01022,BKV,X,,,,,BKV INDUSTRIES LTD.,9.23,9.85,9.21,9.22,9.56,9.44,,9.22,,,4885,45585.00,33,F1,1,,,,,
2026-07-30,2026-07-30,CM,BSE,STK,519528,INE369C01017,NORBTEAEXP,B,,,,,NORBEN TEA & EXPORTS LTD.,64.19,69.40,64.07,69.40,69.40,67.44,,68.39,,,1275,82773.00,24,F1,1,,,,,
2026-07-30,2026-07-30,CM,BSE,STK,519532,INE822B01017,ASIANTNE,X,,,,,ASIAN TEA & EXPORTS LTD.,8.70,9.17,8.70,9.00,9.00,8.85,,9.00,,,12144,108483.00,49,F1,1,,,,,
2026-07-30,2026-07-30,CM,BSE,STK,519552,INE978A01027,HERITGFOOD,B,,,,,HERITAGE FOODS LIMITED,329.00,337.60,327.95,329.15,330.00,329.25,,329.40,,,23721,7921699.00,477,F1,1,,,,,
2026-07-30,2026-07-30,CM,BSE,STK,519566,INE354D01017,SIMRAN,X,,,,,SIMRAN FARMS LTD.,155.45,155.45,148.20,149.00,149.00,149.50,,149.00,,,951,141941.00,37,F1,1,,,,,
2026-07-30,2026-07-30,CM,BSE,STK,519574,INE092301014,HINDUST,X,,,,,HINDUSTAN AGRIGENETICS LTD.,40.00,40.00,36.65,37.46,37.46,40.10,,37.46,,,10647,405337.00,110,F1,1,,,,,
2026-07-30,2026-07-30,CM,BSE,STK,519600,INE421D01022,CCL,A,,,,,CCL PRODUCTS (INDIA) LTD.,1185.10,1203.90,1172.00,1174.20,1172.00,1199.20,,1174.00,,,9222,10920538.00,727,F1,1,,,,,
2026-07-30,2026-07-30,CM,BSE,STK,519602,INE164B01030,KELLTONTEC,B,,,,,KELLTON TECH SOLUTIONS LTD.,14.00,14.12,13.82,13.89,13.92,14.12,,13.89,,,187635,2615961.00,394,F1,1,,,,,
2026-07-30,2026-07-30,CM,BSE,STK,519604,INE565E01016,SURFI,X,,,,,SURYO FOODS & INDUSTRIES LTD.,17.86,18.80,17.86,18.80,18.80,18.80,,18.80,,,121,2188.00,3,F1,1,,,,,
2026-07-30,2026-07-30,CM,BSE,STK,519606,INE177M01013,INTEGFD,XT,,,,,INTEGRATED PROTEINS LTD.,144.90,144.90,137.75,137.85,137.75,145.00,,137.85,,,834,116558.00,25,F1,1,,,,,
2026-07-30,2026-07-30,CM,BSE,STK,519612,INE734D01010,LAKESHORE,X,,,,,LAKE SHORE REALTY LIMITED,77.50,78.50,75.26,78.46,78.50,75.45,,78.46,,,3240,252934.00,37,F1,1,,,,,
2026-07-30,2026-07-30,CM,BSE,STK,520008,INE209B01025,RICOAUTO,B,,,,,RICO AUTO INDUSTRIES LTD.,140.65,144.05,138.00,138.50,138.20,140.10,,138.44,,,61841,8691512.00,649,F1,1,,,,,
2026-07-30,2026-07-30,CM,BSE,STK,520021,INE090B01011,OMAXAUTO,T,,,,,OMAX AUTOS LTD.,190.00,196.00,186.25,186.25,186.25,196.05,,186.38,,,27599,5152792.00,155,F1,1,,,,,
2026-07-30,2026-07-30,CM,BSE,STK,520043,INE577A01027,MUNJALSHOW,B,,,,,MUNJAL SHOWA LTD.,137.15,137.95,133.50,136.15,136.20,137.15,,136.16,,,4113,560329.00,90,F1,1,,,,,
2026-07-30,2026-07-30,CM,BSE,STK,520051,INE039C01032,JAMNAAUTO,A,,,,,JAMNA AUTO INDUSTRIES LTD.,131.80,131.80,130.00,130.40,130.25,132.00,,130.32,,,40047,5234306.00,748,F1,1,,,,,
2026-07-30,2026-07-30,CM,BSE,STK,520056,INE105A01035,TVSHLTD,A,,,,,TVS Holdings Limited,14867.95,15150.00,14867.95,15003.50,14870.00,14793.05,,14988.00,,,612,9204441.00,251,F1,1,,,,,
2026-07-30,2026-07-30,CM,BSE,STK,520057,INE643A01035,JTEKTINDIA,B,,,,,JTEKT India Ltd,133.55,137.50,132.40,135.55,135.55,134.30,,134.90,,,18016,2439841.00,327,F1,1,,,,,
2026-07-30,2026-07-30,CM,BSE,STK,520059,INE672B01032,MUNJALAU,B,,,,,MUNJAL AUTO INDUSTRIES LTD.,101.71,102.39,100.45,101.62,101.60,102.03,,101.44,,,7437,753193.00,130,F1,1,,,,,
2026-07-30,2026-07-30,CM,BSE,STK,520066,INE571B01036,JAYBARMARU,B,,,,,JAY BHARAT MARUTI LTD.,148.00,155.90,146.50,153.00,152.70,153.35,,152.95,,,43044,6550940.00,598,F1,1,,,,,
2026-07-30,2026-07-30,CM,BSE,STK,520073,INE704B01017,RACLGEAR,B,,,,,RACL Geartech Limited,1287.10,1293.55,1237.00,1248.75,1257.35,1285.80,,1245.30,,,1114,1417876.00,165,F1,1,,,,,
2026-07-30,2026-07-30,CM,BSE,STK,520075,INE706B01012,SAMKRG,X,,,,,SAMKRG PISTONS & RINGS LTD.,121.45,121.45,118.25,118.30,118.25,119.05,,118.30,,,716,84857.00,26,F1,1,,,,,
2026-07-30,2026-07-30,CM,BSE,STK,520086,INE075B01020,SICALLOG,B,,,,,SICAL LOGISTICS LTD.,112.00,116.57,112.00,116.57,116.57,111.02,,116.95,,,5004,581457.00,48,F1,1,,,,,
2026-07-30,2026-07-30,CM,BSE,STK,520111,INE703B01027,RATNAMANI,A,,,,,RATNAMANI METALS & TUBES LTD.,2393.05,2421.05,2358.00,2387.70,2385.00,2391.35,,2385.20,,,1252,2986730.00,230,F1,1,,,,,
2026-07-30,2026-07-30,CM,BSE,STK,520113,INE386A01023,VESUVIUS,A,,,,,VESUVIUS INDIA LTD.,455.00,455.00,444.00,445.80,445.35,452.75,,446.70,,,1739,777207.00,97,F1,1,,,,,
2026-07-30,2026-07-30,CM,BSE,STK,520119,INE900C01027,ASAL,B,,,,,AUTOMOTIVE STAMPINGS & ASSEMBL,509.95,511.80,497.00,504.80,497.50,504.20,,503.40,,,490,248575.00,52,F1,1,,,,,
2026-07-30,2026-07-30,CM,BSE,STK,520123,INE125D01011,ABCINDQ,X,,,,,ABC INDIA LTD.,65.98,65.98,61.80,62.86,63.50,65.66,,62.86,,,1094,69019.00,25,F1,1,,,,,
2026-07-30,2026-07-30,CM,BSE,STK,520141,INE441C01014,SIBARAUT,X,,,,,SIBAR AUTO PARTS LTD.,7.70,8.25,7.70,7.70,7.70,7.94,,7.70,,,6972,53772.00,30,F1,1,,,,,
2026-07-30,2026-07-30,CM,BSE,STK,520155,INE580C01019,STARLOG,X,,,,,Starlog Enterprises Limited,45.00,45.00,39.02,41.49,41.49,39.70,,41.49,,,2113,84535.00,22,F1,1,,,,,
2026-07-30,2026-07-30,CM,BSE,STK,521005,INE807M01031,TITANIN,X,,,,,TITAN INTECH LIMITED,1.03,1.04,1.00,1.02,1.04,1.03,,1.02,,,4629106,4712301.00,925,F1,1,,,,,
2026-07-30,2026-07-30,CM,BSE,STK,521014,INE022C01012,EUROTEXIND,T,,,,,EUROTEX INDUSTRIES & EXPORTS L,14.13,14.13,14.13,14.13,14.13,14.13,,14.13,,,29,409.00,1,F1,1,,,,,
2026-07-30,2026-07-30,CM,BSE,STK,521016,INE483B01026,ICIL,A,,,,,INDO COUNT INDUSTRIES LTD.,412.00,412.00,398.20,402.10,401.50,412.90,,402.60,,,22213,8954126.00,1424,F1,1,,,,,
2026-07-30,2026-07-30,CM,BSE,STK,521018,INE882A01013,MARALOVER,T,,,,,MARAL OVERSEAS LTD.,60.79,62.00,60.00,60.54,60.35,59.60,,61.36,,,1528,93316.00,17,F1,1,,,,,
2026-07-30,2026-07-30,CM,BSE,STK,521034,INE314C01013,SOMATEX,B,,,,,SOMA TEXTILES & INDUSTRIES LTD,94.69,99.60,94.69,97.67,97.50,96.62,,98.66,,,1579,155069.00,24,F1,1,,,,,
2026-07-30,2026-07-30,CM,BSE,STK,521036,INE695C01015,SOURCEIND,XT,,,,,SOURCE INDUSTRIES (INDIA) LTD.,30.49,30.49,30.49,30.49,30.49,29.90,,30.49,,,300,9147.00,3,F1,1,,,,,
2026-07-30,2026-07-30,CM,BSE,STK,521048,INE900E01015,ADVLIFE,X,,,,,ADVANCE LIFESTYLES LTD.,29.92,29.92,29.92,29.92,29.92,29.92,,29.92,,,1,29.00,1,F1,1,,,,,
2026-07-30,2026-07-30,CM,BSE,STK,521062,INE814L01013,OCTAVE,X,,,,,PERFECT-OCTAVE MEDIA PROJECTS,3.80,3.98,3.66,3.66,3.66,3.80,,3.66,,,543,2028.00,14,F1,1,,,,,
2026-07-30,2026-07-30,CM,BSE,STK,521064,INE064C01022,TRIDENT,A,,,,,TRIDENT LTD.,24.85,24.86,24.67,24.70,24.70,24.86,,24.71,,,320338,7932506.00,1862,F1,1,,,,,
2026-07-30,2026-07-30,CM,BSE,STK,521068,INE689E01014,HISARSP,P,,,,,HISAR SPINNING MILLS LTD.,47.31,47.31,47.31,47.31,47.31,45.06,,47.31,,,100,4731.00,1,F1,100,,,,,
2026-07-30,2026-07-30,CM,BSE,STK,521070,INE270A01029,ALOKINDS,A,,,,,ALOK INDUSTRIES LTD.,12.09,12.09,11.84,11.87,11.87,11.99,,11.85,,,274978,3272428.00,701,F1,1,,,,,
2026-07-30,2026-07-30,CM,BSE,STK,521080,INE604F01010,PASARI,X,,,,,PASARI SPINNING MILLS LTD.,6.00,6.00,6.00,6.00,6.00,6.00,,6.00,,,6849,41094.00,4,F1,1,,,,,
2026-07-30,2026-07-30,CM,BSE,STK,521097,INE484D01012,AMARJOTHI,X,,,,,AMARJOTHI SPINNING MILLS LTD.,170.00,170.00,166.00,169.10,169.95,170.00,,169.10,,,260,43370.00,15,F1,1,,,,,
2026-07-30,2026-07-30,CM,BSE,STK,521105,INE482O01021,OLYMPTX,X,,,,,OLYMPIA INDUSTRIES LTD.,30.95,30.95,28.55,29.10,29.10,29.62,,29.10,,,135,3865.00,16,F1,1,,,,,
2026-07-30,2026-07-30,CM,BSE,STK,521109,INE123B01028,NAGREEKEXP,B,,,,,NAGREEKA EXPORTS LTD.,21.00,21.81,21.00,21.71,21.71,22.01,,21.38,,,221,4722.00,15,F1,1,,,,,
2026-07-30,2026-07-30,CM,BSE,STK,521113,INE691D01012,SUDTIND-B,X,,,,,SUDITI INDUSTRIES LTD.,77.70,82.00,74.98,80.59,80.89,80.55,,80.59,,,96413,7732247.00,265,F1,1,,,,,
2026-07-30,2026-07-30,CM,BSE,STK,521131,INE363D01018,SBFL,X,,,,,Shree Bhavya Fabrics Limited,22.81,23.94,22.80,23.83,23.90,23.99,,23.83,,,823,18791.00,8,F1,1,,,,,
2026-07-30,2026-07-30,CM,BSE,STK,521137,INE958A01011,EUREKAI,XT,,,,,EUREKA INDUSTRIES LTD.,7.83,7.83,7.83,7.83,7.83,8.24,,7.83,,,17861,139851.00,27,F1,1,,,,,
2026-07-30,2026-07-30,CM,BSE,STK,521141,INE122D01026,ADITYASP,X,,,,,ADITYA SPINNERS LTD.,15.40,16.29,15.40,16.05,16.05,16.20,,16.05,,,1306,20357.00,19,F1,1,,,,,
2026-07-30,2026-07-30,CM,BSE,STK,521149,INE419E01024,PRIMEURB,X,,,,,PRIME URBAN DEVELOPMENT INDIA,8.38,8.94,8.29,8.51,8.74,7.70,,8.51,,,10709,90349.00,54,F1,1,,,,,
2026-07-30,2026-07-30,CM,BSE,STK,521151,INE953D01016,DHANFAB,X,,,,,DHANLAXMI FABRICS LTD.,49.01,51.45,49.01,51.05,51.05,49.01,,51.05,,,352,17967.00,10,F1,1,,,,,
2026-07-30,2026-07-30,CM,BSE,STK,521161,INE456D01010,SLSTLQ,X,,,,,SRI LAKSHMI SARASWATHI TEXTILE,32.02,32.02,32.02,32.02,32.02,30.50,,32.02,,,10,320.00,1,F1,1,,,,,
2026-07-30,2026-07-30,CM,BSE,STK,521163,INE206B01013,ZODIACLOTH,B,,,,,ZODIAC CLOTHING CO.LTD.,76.98,77.87,76.98,77.87,77.87,75.61,,77.08,,,4,310.00,4,F1,1,,,,,
2026-07-30,2026-07-30,CM,BSE,STK,521178,INE306D01017,SRMCL,XT,,,,,SRI RAMAKRISHNA MILLS (COIMBAT,58.99,58.99,54.17,56.48,56.48,56.99,,56.48,,,234,13204.00,16,F1,1,,,,,
2026-07-30,2026-07-30,CM,BSE,STK,521194,INE923A01015,SILINV,B,,,,,SIL INVESTMENTS LTD.,415.00,421.00,415.00,418.15,418.15,415.00,,427.60,,,19,7921.00,7,F1,1,,,,,
2026-07-30,2026-07-30,CM,BSE,STK,521200,INE713B01026,SURYALAXMI,B,,,,,SURYALAKSHMI COTTON MILLS LTD.,56.70,58.55,56.70,58.54,58.54,58.69,,59.13,,,131,7649.00,5,F1,1,,,,,
2026-07-30,2026-07-30,CM,BSE,STK,521206,INE931D01020,SAMTEX,X,,,,,SAMTEX FASHIONS LTD.,1.45,1.52,1.41,1.49,1.52,1.48,,1.49,,,22094,32814.00,42,F1,1,,,,,
2026-07-30,2026-07-30,CM,BSE,STK,521210,INE117C01010,CITYMAN,X,,,,,CITYMAN LTD.,15.50,15.50,15.50,15.50,15.50,15.50,,15.50,,,6,93.00,1,F1,1,,,,,
2026-07-30,2026-07-30,CM,BSE,STK,521216,INE220C01012,DHANROTO,X,,,,,DHANALAXMI ROTO SPINNERS LTD.,73.00,74.50,73.00,73.54,73.01,72.49,,73.54,,,84,6177.00,13,F1,1,,,,,
2026-07-30,2026-07-30,CM,BSE,STK,521226,INE980D01019,UNIROYAL,X,,,,,UNIROYAL INDUSTRIES LTD.,19.50,19.50,19.50,19.50,19.50,19.50,,19.50,,,64,1248.00,6,F1,1,,,,,
2026-07-30,2026-07-30,CM,BSE,STK,521228,INE083G01031,TATIAGLOB,X,,,,,TATIA GLOBAL VENNTURE LTD.,2.27,2.32,2.26,2.30,2.27,2.29,,2.30,,,41523,94434.00,113,F1,1,,,,,
2026-07-30,2026-07-30,CM,BSE,STK,521232,INE124M01015,SUNILTX,P,,,,,SUNIL INDUSTRIES LTD.,78.00,78.00,78.00,78.00,78.00,82.00,,78.00,,,300,23400.00,2,F1,100,,,,,
2026-07-30,2026-07-30,CM,BSE,STK,521234,INE443E01016,SRINACHA,X,,,,,SRI NACHAMMAI COTTON MILLS LTD,26.70,26.70,25.60,25.60,25.60,26.45,,25.60,,,150,3895.00,3,F1,1,,,,,
2026-07-30,2026-07-30,CM,BSE,STK,521238,INE893C01032,BGDL,B,,,,,BHARAT GLOBAL DEVELOPERS LIMIT,88.46,89.89,88.00,89.28,89.60,88.34,,89.28,,,4374,389433.00,138,F1,1,,,,,
2026-07-30,2026-07-30,CM,BSE,STK,521240,INE304D01012,SAMBANDAM,X,,,,,SAMBANDAM SPINNING MILLS LTD.,103.00,103.00,99.95,99.95,99.95,99.90,,99.95,,,211,21503.00,9,F1,1,,,,,
2026-07-30,2026-07-30,CM,BSE,STK,521244,INE676G01024,MKPMOB,X,,,,,MKP Mobility Limited,139.00,140.00,135.40,138.10,140.00,142.50,,138.10,,,31,4291.00,10,F1,1,,,,,
2026-07-30,2026-07-30,CM,BSE,STK,521246,INE162C01024,PARASPETRO,B,,,,,PARAS PETROFILS LTD.,2.45,2.54,2.40,2.44,2.50,2.52,,2.45,,,158650,386845.00,149,F1,1,,,,,
2026-07-30,2026-07-30,CM,BSE,STK,521248,INE602G01020,KITEX,A,,,,,KITEX GARMENTS LTD.,144.65,146.00,144.65,145.45,145.55,146.10,,145.20,,,12629,1836691.00,273,F1,1,,,,,
2026-07-30,2026-07-30,CM,BSE,STK,522001,INE608B01010,CRANEX,XT,,,,,CRANEX LTD.,94.85,95.75,91.75,91.75,91.75,94.85,,91.75,,,2933,274566.00,25,F1,1,,,,,
2026-07-30,2026-07-30,CM,BSE,STK,522004,INE177C01022,BATLIBOI,B,,,,,BATLIBOI LTD.,84.61,84.61,82.10,82.32,83.20,84.61,,82.36,,,2646,218954.00,94,F1,1,,,,,
2026-07-30,2026-07-30,CM,BSE,STK,522005,INE759F01012,AUSTENG,X,,,,,AUSTIN ENGINEERING CO.LTD.,131.05,138.65,131.05,134.90,134.35,135.90,,134.90,,,728,98922.00,39,F1,1,,,,,
2026-07-30,2026-07-30,CM,BSE,STK,522014,INE961D01019,UNIDT,T,,,,,UNITED DRILLING TOOLS LTD.,221.00,224.95,220.00,221.20,224.95,224.95,,221.45,,,1187,261970.00,22,F1,1,,,,,
2026-07-30,2026-07-30,CM,BSE,STK,522017,INE459C01016,FLUIDOM,X,,,,,FLUIDOMAT LTD.,889.00,899.95,869.55,885.45,895.00,897.55,,885.45,,,816,722308.00,101,F1,1,,,,,
2026-07-30,2026-07-30,CM,BSE,STK,522027,INE279D01016,EMAINDIA,XT,,,,,EMA INDIA LTD.,688.00,716.00,688.00,688.00,688.00,702.00,,688.00,,,844,583703.00,35,F1,1,,,,,
2026-07-30,2026-07-30,CM,BSE,STK,522029,INE052A01021,WINDMACHIN,B,,,,,WINDSOR MACHINES LTD.,281.95,285.00,278.50,278.70,278.60,283.55,,278.90,,,1917,537161.00,113,F1,1,,,,,
2026-07-30,2026-07-30,CM,BSE,STK,522034,INE631A01022,SHANTIGEAR,B,,,,,SHANTHI GEARS LTD.,410.90,416.85,407.05,409.25,410.55,420.90,,411.35,,,3275,1340719.00,418,F1,1,,,,,
2026-07-30,2026-07-30,CM,BSE,STK,522036,INE338P01014,MIVENMACH,X,,,,,MIVEN MACHINE TOOLS LTD.,83.15,83.15,83.15,83.15,83.15,87.20,,83.15,,,6,498.00,4,F1,1,,,,,
2026-07-30,2026-07-30,CM,BSE,STK,522064,INE634A01018,HONDAPOWER,B,,,,,HONDA INDIA POWER PRODUCTS LIM,2125.25,2149.90,2103.00,2104.90,2103.00,2114.20,,2114.20,,,869,1839010.00,157,F1,1,,,,,
2026-07-30,2026-07-30,CM,BSE,STK,522073,INE127B01011,HITECHGEAR,T,,,,,The Hi-Tech Gears Ltd,570.00,575.00,570.00,575.00,575.00,567.30,,573.70,,,52,29645.00,5,F1,1,,,,,
2026-07-30,2026-07-30,CM,BSE,STK,522074,INE285A01027,ELGIEQUIP,A,,,,,ELGI EQUIPMENTS LTD.,570.85,577.20,566.00,568.70,568.00,577.20,,569.10,,,9677,5519984.00,501,F1,1,,,,,
2026-07-30,2026-07-30,CM,BSE,STK,522091,INE890G01047,UVDRHOR,XT,,,,,UNITED VAN DER HORST LTD.,38.00,38.00,35.00,36.69,36.69,36.81,,36.69,,,1346,47799.00,20,F1,1,,,,,
2026-07-30,2026-07-30,CM,BSE,STK,522101,INE338F01015,KLBRENG-B,B,,,,,KILBURN ENGINEERING LTD.,430.55,438.00,423.60,430.35,431.10,436.10,,431.50,,,17710,7624028.00,473,F1,1,,,,,
2026-07-30,2026-07-30,CM,BSE,STK,522105,INE372E01025,BIRLAPREC,B,,,,,BIRLA PRECISION TECHNOLOGIES L,34.44,34.72,34.00,34.59,34.60,33.85,,34.44,,,1350,46581.00,28,F1,1,,,,,
2026-07-30,2026-07-30,CM,BSE,STK,522108,INE384C01016,YUKEN,B,,,,,YUKEN INDIA LTD.,716.05,716.25,700.45,705.30,705.30,702.45,,709.50,,,147,103635.00,31,F1,1,,,,,
2026-07-30,2026-07-30,CM,BSE,STK,522113,INE325A01013,TIMKEN,A,,,,,TIMKEN INDIA LTD.,3080.25,3142.40,3080.25,3097.60,3088.75,3097.30,,3097.60,,,1452,4520100.00,394,F1,1,,,,,
2026-07-30,2026-07-30,CM,BSE,STK,522122,INE285C01015,VOITHPAPR,X,,,,,VOITH PAPER FABRICS INDIA LTD.,1490.00,1490.00,1444.75,1469.70,1469.95,1474.75,,1469.70,,,221,322414.00,26,F1,1,,,,,
2026-07-30,2026-07-30,CM,BSE,STK,522134,INE133D01023,ARTSON,XT,,,,,ARTSON LIMITED,142.50,152.90,142.50,151.65,152.90,148.20,,151.65,,,2765,415268.00,25,F1,1,,,,,
2026-07-30,2026-07-30,CM,BSE,STK,522152,INE410A01013,SOLIMAC,X,,,,,SOLITAIRE MACHINE TOOLS LTD.,102.00,107.80,102.00,106.53,106.10,104.56,,106.53,,,1742,185805.00,49,F1,1,,,,,
2026-07-30,2026-07-30,CM,BSE,STK,522163,INE989C01038,DIACABS,B,,,,,DIAMOND POWER INFRASTRUCTURE L,343.60,343.60,320.20,328.85,328.85,337.05,,328.51,,,2451641,787311537.00,5522,F1,1,,,,,
2026-07-30,2026-07-30,CM,BSE,STK,522165,INE867D01018,INDSILHYD,X,,,,,INDSIL HYDRO POWER AND MANGANE,38.57,39.50,38.20,39.41,39.50,38.57,,39.41,,,10369,407343.00,63,F1,1,,,,,
2026-07-30,2026-07-30,CM,BSE,STK,522183,INE478D01014,ITL,X,,,,,ITL INDUSTRIES LTD.,308.90,308.90,289.35,295.55,297.80,302.05,,295.55,,,1100,324267.00,73,F1,1,,,,,
2026-07-30,2026-07-30,CM,BSE,STK,522195,INE572D01014,FRONTSP,B,,,,,FRONTIER SPRINGS LTD.,1326.25,1337.95,1313.00,1314.75,1314.50,1326.25,,1313.40,,,3038,4021003.00,321,F1,1,,,,,
2026-07-30,2026-07-30,CM,BSE,STK,522205,INE074A01025,PRAJIND,A,,,,,PRAJ INDUSTRIES LTD.,311.40,311.40,306.85,309.00,308.50,310.15,,309.00,,,17916,5529944.00,809,F1,1,,,,,
2026-07-30,2026-07-30,CM,BSE,STK,522207,INE682D01011,RASANDIK,X,,,,,RASANDIK ENGINEERING INDUSTRIE,61.30,62.95,60.77,61.08,60.77,61.10,,61.08,,,974,60127.00,16,F1,1,,,,,
2026-07-30,2026-07-30,CM,BSE,STK,522209,INE429B01011,YOGISUNG,X,,,,,YOGI SUNG-WON (INDIA) LTD.,6.13,7.50,6.13,7.07,7.10,6.61,,7.07,,,3006,21336.00,28,F1,1,,,,,
2026-07-30,2026-07-30,CM,BSE,STK,522215,INE461D01028,HLEGLAS,B,,,,,HLE GLASCOAT LIMITED,418.80,433.30,417.55,424.65,419.85,429.40,,424.45,,,12675,5402833.00,556,F1,1,,,,,
2026-07-30,2026-07-30,CM,BSE,STK,522217,INE826C01016,GUJAPOLLO,B,,,,,GUJARAT APOLLO INDUSTRIES LTD.,347.00,349.25,339.25,340.25,340.25,351.35,,343.10,,,691,236532.00,62,F1,1,,,,,
2026-07-30,2026-07-30,CM,BSE,STK,522229,INE692C01020,TANAA,X,,,,,TANEJA AEROSPACE & AVIATION LT,300.00,302.40,295.00,297.30,298.40,299.90,,297.30,,,6126,1826208.00,197,F1,1,,,,,
2026-07-30,2026-07-30,CM,BSE,STK,522231,INE714D01020,CONART,X,,,,,CONART ENGINEERS LTD.,98.50,98.50,85.15,86.62,86.62,88.97,,86.62,,,2628,228501.00,59,F1,1,,,,,
2026-07-30,2026-07-30,CM,BSE,STK,522235,INE097E01028,MINALIND,X,,,,,MINAL INDUSTRIES LIMITED,2.09,2.16,2.03,2.14,2.14,2.09,,2.14,,,10463,22188.00,27,F1,1,,,,,
2026-07-30,2026-07-30,CM,BSE,STK,522237,INE092H01014,SHIVAGR,X,,,,,SHIVAGRICO IMPLEMENTS LTD.,24.00,24.00,23.30,23.30,23.30,23.37,,23.30,,,418,9765.00,9,F1,1,,,,,
2026-07-30,2026-07-30,CM,BSE,STK,522241,INE227C01017,MMFL,B,,,,,M.M.FORGINGS LTD.,542.15,544.55,532.45,533.90,532.45,547.00,,535.00,,,704,378426.00,129,F1,1,,,,,
2026-07-30,2026-07-30,CM,BSE,STK,522249,INE040D01038,MAYURUNIQ,B,,,,,MAYUR UNIQUOTERS LTD.,796.15,796.20,766.85,768.15,771.00,797.55,,768.85,,,7978,6173807.00,569,F1,1,,,,,
2026-07-30,2026-07-30,CM,BSE,STK,522251,INE627F01011,CENLUB,X,,,,,CENLUB INDUSTRIES LTD.,210.80,212.90,203.00,209.50,209.70,208.05,,209.50,,,1539,317343.00,98,F1,1,,,,,
2026-07-30,2026-07-30,CM,BSE,STK,522257,INE535F01024,RAJOOENG,T,,,,,RAJOO ENGINEERS LTD.,53.49,53.49,51.25,51.80,52.15,51.99,,51.76,,,15152,789559.00,78,F1,1,,,,,
2026-07-30,2026-07-30,CM,BSE,STK,522261,INE920A01037,DOLPHIN,B,,,,,DOLPHIN OFFSHORE ENTERPRISES (,401.00,401.00,374.00,374.00,374.00,374.95,,375.80,,,298,113037.00,45,F1,1,,,,,
2026-07-30,2026-07-30,CM,BSE,STK,522267,INE466D01019,VJLAXMIE,X,,,,,VEEJAY LAKSHMI ENGINEERING WOR,39.00,39.00,38.99,38.99,38.99,37.82,,38.99,,,2,77.00,2,F1,1,,,,,
2026-07-30,2026-07-30,CM,BSE,STK,522273,INE868C01018,AHMDSTE,X,,,,,AHMEDABAD STEELCRAFT LTD.,166.20,169.00,160.25,163.05,163.05,164.55,,163.05,,,959,158203.00,47,F1,1,,,,,
2026-07-30,2026-07-30,CM,BSE,STK,522275,INE200A01026,GVT&D,A,,,,,GE Vernova T&D India Limited,4080.30,4228.00,4001.40,4199.85,4216.40,4100.45,,4202.40,,,30908,127025176.00,4852,F1,1,,,,,
2026-07-30,2026-07-30,CM,BSE,STK,522281,INE207E01023,RAMRAT,B,,,,,RAM RATNA WIRES LTD.,454.40,463.00,450.10,458.00,455.05,456.55,,460.20,,,17486,7985655.00,567,F1,1,,,,,
2026-07-30,2026-07-30,CM,BSE,STK,522285,INE854B01010,JAYNECOIND,A,,,,,JAYASWAL NECO INDUSTRIES LTD.,88.14,88.78,86.50,87.08,86.50,88.77,,86.94,,,123034,10776746.00,638,F1,1,,,,,
2026-07-30,2026-07-30,CM,BSE,STK,522287,INE220B01022,KPIL,A,,,,,KALPATARU PROJECTS INTERNATION,1313.45,1313.45,1275.00,1282.90,1282.00,1302.80,,1282.70,,,2562,3291793.00,272,F1,1,,,,,
2026-07-30,2026-07-30,CM,BSE,STK,522289,INE169F01014,NMSGLOBAL,X,,,,,NMS GLOBAL LIMITED,62.96,62.96,57.13,62.67,62.80,60.02,,62.67,,,42572,2602343.00,242,F1,1,,,,,
2026-07-30,2026-07-30,CM,BSE,STK,522292,INE713D01055,CANDOUR,X,,,,,CANDOUR TECHTEX LIMITED,79.20,80.50,76.02,78.59,79.57,79.91,,78.59,,,35040,2764985.00,133,F1,1,,,,,
2026-07-30,2026-07-30,CM,BSE,STK,522294,INE811B01010,TIGLOB,X,,,,,T & I GLOBAL LTD.,173.00,173.00,163.05,163.20,163.25,162.90,,163.20,,,689,112706.00,22,F1,1,,,,,
2026-07-30,2026-07-30,CM,BSE,STK,522295,INE663B01015,CONTROLPR,B,,,,,CONTROL PRINT LIMITED,587.30,587.30,570.55,571.00,571.10,587.15,,570.95,,,1990,1141632.00,180,F1,1,,,,,
2026-07-30,2026-07-30,CM,BSE,STK,522650,INE142E01022,BEMHY,X,,,,,BEMCO HYDRAULICS LTD.,108.00,109.90,105.73,106.33,105.90,108.50,,106.33,,,8479,914346.00,177,F1,1,,,,,
2026-07-30,2026-07-30,CM,BSE,STK,523011,INE080A01014,WEIZMANIND,B,,,,,WEIZMANN LTD.,77.01,78.00,77.00,77.00,77.00,77.50,,76.90,,,608,46818.00,68,F1,1,,,,,
2026-07-30,2026-07-30,CM,BSE,STK,523019,INE710D01028,BNRSEC,X,,,,,B.N.RATHI SECURITIES LTD.,17.49,17.67,17.02,17.24,17.45,17.22,,17.24,,,22695,394821.00,154,F1,1,,,,,
2026-07-30,2026-07-30,CM,BSE,STK,523021,INE989D01010,RISHITECH,X,,,,,RISHI TECHTEX LTD.,43.99,43.99,39.31,40.59,40.93,40.81,,40.59,,,1714,71126.00,33,F1,1,,,,,
2026-07-30,2026-07-30,CM,BSE,STK,523023,INE985A01022,SINCLAIR,B,,,,,SINCLAIRS HOTELS LIMITED,74.99,75.05,73.52,73.52,73.52,74.18,,73.76,,,1439,107811.00,19,F1,1,,,,,
2026-07-30,2026-07-30,CM,BSE,STK,523025,INE429E01023,SAFARI,A,,,,,SAFARI INDUSTRIES (INDIA) LTD.,1593.35,1600.45,1555.00,1564.20,1566.60,1604.70,,1563.80,,,2257,3553432.00,260,F1,1,,,,,
2026-07-30,2026-07-30,CM,BSE,STK,523062,INE584C01011,JJFINCOR,XT,,,,,J.J.FINANCE CORPORATION LTD.,58.70,58.70,58.70,58.70,58.70,58.99,,58.70,,,5,293.00,1,F1,1,,,,,
2026-07-30,2026-07-30,CM,BSE,STK,523100,INE124B01018,COSMOFE,XT,,,,,COSMO FERRITES LTD.,205.00,218.00,205.00,213.85,209.50,209.50,,213.85,,,1336,276601.00,19,F1,1,,,,,
2026-07-30,2026-07-30,CM,BSE,STK,523105,INE293E01031,CROPSTER,T,,,,,CROPSTER AGRO LIMITED,5.64,5.64,5.64,5.64,5.64,5.93,,5.64,,,490187,2764654.00,1150,F1,1,,,,,
2026-07-30,2026-07-30,CM,BSE,STK,523113,INE425D01015,FUTURSEC,X,,,,,FUTURISTIC SECURITIES LTD.,24.45,24.45,23.23,23.24,23.23,24.45,,23.24,,,3653,85349.00,12,F1,1,,,,,
2026-07-30,2026-07-30,CM,BSE,STK,523120,INE628D01014,THRIVE,X,,,,,THRIVE FUTURE HABITATS LIMITED,87.90,87.90,85.00,85.00,85.00,82.46,,85.00,,,183,15632.00,9,F1,1,,,,,
2026-07-30,2026-07-30,CM,BSE,STK,523127,INE276C01014,EIHAHOTELS,B,,,,,EIH ASSOCIATED HOTELS LTD.,314.90,319.45,311.55,314.25,312.50,315.75,,313.80,,,1428,450514.00,89,F1,1,,,,,
2026-07-30,2026-07-30,CM,BSE,STK,523144,INE442D01010,MEDICAPQ,X,,,,,MEDI-CAPS LTD.,26.95,26.95,26.17,26.23,26.17,26.16,,26.23,,,130,3410.00,9,F1,1,,,,,
2026-07-30,2026-07-30,CM,BSE,STK,523151,INE910B01028,OTCO,XT,,,,,OTCO INTERNATIONAL LTD.,9.66,9.66,9.66,9.66,9.66,9.20,,9.66,,,346,3342.00,4,F1,1,,,,,
2026-07-30,2026-07-30,CM,BSE,STK,523160,INE599F01020,FOSECOC,X,,,,,FOSECO CRUCIBLE INDIA LIMITED,1323.35,1323.40,1296.00,1322.95,1323.40,1323.40,,1322.95,,,473,621184.00,50,F1,1,,,,,
2026-07-30,2026-07-30,CM,BSE,STK,523186,INE00FM01013,BAPACK,X,,,,,B&A PACKAGING INDIA LIMITED,187.15,187.15,185.00,185.00,185.00,185.65,,185.00,,,312,57916.00,17,F1,1,,,,,
2026-07-30,2026-07-30,CM,BSE,STK,523204,INE421A01028,ABAN,T,,,,,ABAN OFFSHORE LTD.,15.25,15.48,15.06,15.07,15.06,15.24,,15.04,,,2462,37310.00,40,F1,1,,,,,
2026-07-30,2026-07-30,CM,BSE,STK,523207,INE760A01029,KOKUYOCMLN,B,,,,,KOKUYO CAMLIN LTD.,85.28,85.75,83.45,84.47,84.47,84.33,,83.93,,,3650,308999.00,109,F1,1,,,,,
2026-07-30,2026-07-30,CM,BSE,STK,523222,INE173J01018,SRMENERGY,XT,,,,,SRM ENERGY LTD.,23.29,23.69,22.13,23.69,23.69,23.29,,23.69,,,12946,289459.00,27,F1,1,,,,,
2026-07-30,2026-07-30,CM,BSE,STK,523229,INE415D01024,BHARATSE,B,,,,,BHARAT SEATS LTD.,209.75,211.90,205.85,208.90,209.00,209.75,,208.58,,,23756,4975566.00,411,F1,1,,,,,
2026-07-30,2026-07-30,CM,BSE,STK,523232,INE369D01023,CONTPTR,X,,,,,CONTINENTAL PETROLEUMS LTD.,82.89,83.43,81.45,81.63,82.35,80.18,,81.63,,,8431,697373.00,69,F1,1,,,,,
2026-07-30,2026-07-30,CM,BSE,STK,523242,INE006F01018,NBFOOT,P,,,,,NB FOOTWEAR LTD.,6.79,6.79,6.36,6.66,6.65,6.69,,6.66,,,15600,103730.00,11,F1,100,,,,,
2026-07-30,2026-07-30,CM,BSE,STK,523248,INE082B01018,MACPLASQ,X,,,,,MACHINO PLASTICS LTD.,277.65,277.65,258.00,263.25,264.95,269.95,,263.25,,,536,141111.00,43,F1,1,,,,,
2026-07-30,2026-07-30,CM,BSE,STK,523260,INE844A01013,PEARLPOLY,T,,,,,PEARL POLYMERS LTD.,17.00,17.00,17.00,17.00,17.00,17.00,,17.20,,,5,85.00,2,F1,1,,,,,
2026-07-30,2026-07-30,CM,BSE,STK,523261,INE398A01010,VENKEYS,B,,,,,VENKYS (INDIA) LTD.,1510.50,1510.50,1491.15,1493.55,1491.20,1509.50,,1494.20,,,1281,1920755.00,118,F1,1,,,,,
2026-07-30,2026-07-30,CM,BSE,STK,523269,INE199C01026,ADVANIHOTR,B,,,,,ADVANI HOTELS & RESORTS (INDIA,50.50,51.64,50.50,51.34,51.35,51.02,,51.29,,,2243,114814.00,36,F1,1,,,,,
2026-07-30,2026-07-30,CM,BSE,STK,523277,INE395B01048,GVFILM,XT,,,,,GV FILMS LTD.,0.30,0.30,0.30,0.30,0.30,0.29,,0.30,,,1591834,477550.00,171,F1,1,,,,,
2026-07-30,2026-07-30,CM,BSE,STK,523283,INE712B01010,SUPERHOUSE,B,,,,,SUPERHOUSE LTD.,158.20,158.20,157.15,157.15,157.15,156.10,,157.11,,,8,1258.00,2,F1,1,,,,,
2026-07-30,2026-07-30,CM,BSE,STK,523289,INE763B01013,RAMAVISION,X,,,,,RAMA VISION LTD.,140.00,140.00,130.75,137.75,137.75,135.00,,137.75,,,637,86468.00,13,F1,1,,,,,
2026-07-30,2026-07-30,CM,BSE,STK,523301,INE822C01015,TCPLPACK,B,,,,,TCPL PACKAGING LTD.,3190.00,3199.20,3125.00,3171.50,3171.50,3198.95,,3155.40,,,103,325543.00,42,F1,1,,,,,
2026-07-30,2026-07-30,CM,BSE,STK,523309,INE241V01018,SHRIGANG,X,,,,,SHRI GANG INDUSTRIES AND ALLIE,67.00,67.79,64.00,64.24,64.00,66.35,,64.24,,,8683,560941.00,126,F1,1,,,,,
2026-07-30,2026-07-30,CM,BSE,STK,523319,INE164A01016,BALMLAWRIE,B,,,,,BALMER LAWRIE AND COMPANY LIMI,180.80,181.60,176.00,176.40,176.50,179.45,,176.23,,,10151,1816531.00,283,F1,1,,,,,
2026-07-30,2026-07-30,CM,BSE,STK,523323,INE177F01017,KOVAI,B,,,,,KOVAI MEDICAL CENTER & HOSPITA,5955.00,5999.80,5925.35,5951.50,5979.00,5940.30,,5948.50,,,114,679648.00,75,F1,1,,,,,
2026-07-30,2026-07-30,CM,BSE,STK,523329,INE668G01021,ELDEHSG,B,,,,,ELDECO HOUSING & INDUSTRIES LT,774.90,775.00,774.75,774.75,774.75,757.40,,771.00,,,25,19373.00,4,F1,1,,,,,
2026-07-30,2026-07-30,CM,BSE,STK,523367,INE499A01024,DCMSHRIRAM,A,,,,,DCM SHRIRAM LIMITED,1060.00,1068.30,1033.20,1054.45,1054.45,1053.85,,1055.80,,,15824,16644349.00,838,F1,1,,,,,
2026-07-30,2026-07-30,CM,BSE,STK,523369,INE843D01027,DCMSRIND,B,,,,,DCM SHRIRAM INDUSTRIES LTD.,40.03,40.03,38.50,39.28,38.94,39.62,,39.05,,,2957,115855.00,58,F1,1,,,,,
2026-07-30,2026-07-30,CM,BSE,STK,523371,INE636A01039,MAWANASUG,T,,,,,MAWANA SUGARS LTD.,106.00,108.85,104.80,105.00,105.00,109.00,,105.06,,,2581,272517.00,61,F1,1,,,,,
2026-07-30,2026-07-30,CM,BSE,STK,523373,INE281E01028,MINID,X,,,,,MINI DIAMONDS (INDIA) LTD.,5.33,5.39,5.20,5.21,5.20,5.25,,5.21,,,184010,969943.00,270,F1,1,,,,,
2026-07-30,2026-07-30,CM,BSE,STK,523384,INE843B01013,MAHAPEXLTD,B,,,,,MAHA RASHTRA APEX CORPORATION,45.99,46.40,45.99,46.40,46.40,44.64,,44.01,,,162,7450.00,5,F1,1,,,,,
2026-07-30,2026-07-30,CM,BSE,STK,523385,INE310A01015,NILKAMAL,B,,,,,NILKAMAL LTD.,1825.15,1883.15,1736.05,1754.40,1762.00,1874.85,,1753.50,,,8716,15686475.00,881,F1,1,,,,,
2026-07-30,2026-07-30,CM,BSE,STK,523387,INE982C01033,HOM,XT,,,,,HOMRE LIMITED,2.21,2.21,2.17,2.17,2.17,2.21,,2.17,,,147021,319827.00,65,F1,1,,,,,
2026-07-30,2026-07-30,CM,BSE,STK,523391,INE308A01027,NAHARPOLY,B,,,,,NAHAR POLYFILMS LTD.,248.00,272.50,248.00,269.05,267.00,271.85,,271.05,,,5859,1582765.00,177,F1,1,,,,,
2026-07-30,2026-07-30,CM,BSE,STK,523395,INE470A01017,3MINDIA,A,,,,,3M INDIA LTD.,35744.55,35744.55,34820.00,34832.35,34820.00,35382.55,,34930.00,,,265,9282867.00,96,F1,1,,,,,
2026-07-30,2026-07-30,CM,BSE,STK,523398,INE782A01015,BOSCH-HCIL,B,,,,,BOSCH HOME COMFORT INDIA LIMIT,1321.05,1327.65,1306.90,1310.10,1312.00,1314.75,,1310.50,,,507,667194.00,67,F1,1,,,,,
2026-07-30,2026-07-30,CM,BSE,STK,523405,INE780C01023,JMFINANCIL,A,,,,,JM FINANCIAL LTD.,123.00,123.25,121.15,121.35,121.35,123.20,,121.35,,,77230,9417586.00,843,F1,1,,,,,
2026-07-30,2026-07-30,CM,BSE,STK,523411,INE833A01016,ADCINDIA,XT,,,,,ADC INDIA COMMUNICATIONS LIMIT,2135.10,2174.95,2073.00,2103.45,2112.95,2150.00,,2103.45,,,1362,2884334.00,184,F1,1,,,,,
2026-07-30,2026-07-30,CM,BSE,STK,523419,INE141D01018,TNTELE,B,,,,,TAMILNADU TELECOMMUNICATIONS L,9.17,9.26,8.96,9.26,9.26,9.19,,9.01,,,2279,21035.00,9,F1,1,,,,,
2026-07-30,2026-07-30,CM,BSE,STK,523445,INE046A01015,RIIL,B,,,,,RELIANCE INDUSTRIAL INFRASTRUC,730.10,736.55,726.05,728.15,727.50,738.30,,727.90,,,2623,1917871.00,144,F1,1,,,,,
2026-07-30,2026-07-30,CM,BSE,STK,523457,INE473A01011,LINDEINDIA,A,,,,,Linde India Limited,6747.70,6754.95,6627.00,6641.70,6649.45,6722.45,,6637.00,,,1675,11251139.00,247,F1,1,,,,,
2026-07-30,2026-07-30,CM,BSE,STK,523465,INE969D01012,INDBNK,B,,,,,IND BANK HOUSING LTD.,55.99,55.99,49.00,49.00,49.00,49.21,,49.00,,,83,4298.00,12,F1,1,,,,,
2026-07-30,2026-07-30,CM,BSE,STK,523467,INE250C01027,JAIMATAG,XT,,,,,JAI MATA GLASS LTD.,2.99,3.02,2.74,2.74,2.74,2.88,,2.74,,,361996,1035811.00,185,F1,1,,,,,
2026-07-30,2026-07-30,CM,BSE,STK,523475,INE026D01011,LOTUSCHO,B,,,,,LOTUS CHOCOLATE CO.LTD.,646.05,648.45,640.00,643.35,643.25,644.35,,643.35,,,2931,1887050.00,253,F1,1,,,,,
2026-07-30,2026-07-30,CM,BSE,STK,523483,INE883C01025,PACIFICI,X,,,,,PACIFIC INDUSTRIES LTD.,130.05,131.95,124.65,129.25,131.95,132.55,,129.25,,,422,54050.00,21,F1,1,,,,,
2026-07-30,2026-07-30,CM,BSE,STK,523489,INE889F01017,CMMHOSP,X,,,,,CHENNAI MEENAKSHI MULTISPECIAL,38.50,38.90,35.50,37.98,37.98,37.85,,37.98,,,2301,85010.00,23,F1,1,,,,,
2026-07-30,2026-07-30,CM,BSE,STK,523519,INE951C01012,UNIOFFICE,XT,,,,,UNIVERSAL OFFICE AUTOMATION LT,7.15,7.15,7.15,7.15,7.15,7.29,,7.15,,,1,7.00,1,F1,1,,,,,
2026-07-30,2026-07-30,CM,BSE,STK,523537,INE170D01025,APMIN,X,,,,,APM INDUSTRIES LTD.,46.51,47.99,46.31,46.38,46.36,47.98,,46.38,,,1376,63855.00,17,F1,1,,,,,
2026-07-30,2026-07-30,CM,BSE,STK,523539,INE372C01037,PRECWIRE,B,,,,,PRECISION WIRES INDIA LTD.,365.00,365.70,352.05,354.65,356.45,360.20,,354.35,,,13517,4809668.00,590,F1,1,,,,,
2026-07-30,2026-07-30,CM,BSE,STK,523550,INE951B01014,KRYPTONQ,X,,,,,KRYPTON INDUSTRIES LTD.,36.50,37.30,35.00,36.25,36.25,36.20,,36.25,,,988,35836.00,19,F1,1,,,,,
2026-07-30,2026-07-30,CM,BSE,STK,523558,INE010C01025,SWISSMLTRY,X,,,,,SWISS MILITARY CONSUMER GOODS,14.90,15.25,14.51,14.91,14.87,14.91,,14.91,,,37580,560745.00,315,F1,1,,,,,
2026-07-30,2026-07-30,CM,BSE,STK,523566,INE199D01016,MARBU,X,,,,,MARTIN BURN LTD.,43.60,43.60,43.60,43.60,43.60,43.97,,43.60,,,581,25331.00,8,F1,1,,,,,
2026-07-30,2026-07-30,CM,BSE,STK,523574,INE623B01027,FEL,Z,,,,,Future Enterprises Limited,0.49,0.49,0.49,0.49,0.49,0.49,,0.38,,,1501,735.00,5,F1,1,,,,,
2026-07-30,2026-07-30,CM,BSE,STK,523586,INE826B01026,INDTONER,X,,,,,INDIAN TONERS & DEVELOPERS LTD,46.75,48.00,45.05,46.60,46.50,46.75,,46.60,,,20067,931524.00,287,F1,1,,,,,
2026-07-30,2026-07-30,CM,BSE,STK,523594,INE638D01021,KUNSTOFF,X,,,,,KUNSTSTOFFE INDUSTRIES LTD.,22.29,22.89,22.29,22.88,22.88,22.94,,22.88,,,79,1790.00,3,F1,1,,,,,
2026-07-30,2026-07-30,CM,BSE,STK,523598,INE109A01011,SCI,A,,,,,SHIPPING CORPORATION OF INDIA,278.80,281.00,275.45,278.55,277.35,278.80,,278.45,,,135642,37664579.00,1717,F1,1,,,,,
2026-07-30,2026-07-30,CM,BSE,STK,523606,INE438E01032,SIKA,B,,,,,SIKA INTERPLANT SYSTEMS LTD.,1104.95,1104.95,1065.00,1077.10,1080.80,1105.60,,1077.60,,,8358,9027118.00,826,F1,1,,,,,
2026-07-30,2026-07-30,CM,BSE,STK,523610,INE248A01017,ITI,B,,,,,ITI LTD.,275.05,275.55,273.00,273.50,273.95,277.05,,273.45,,,14421,3954033.00,360,F1,1,,,,,
2026-07-30,2026-07-30,CM,BSE,STK,523618,INE506A01018,DREDGECORP,B,,,,,DREDGING CORPORATION OF INDIA,1098.10,1125.00,1086.90,1119.30,1120.00,1102.30,,1120.00,,,10476,11680773.00,722,F1,1,,,,,
2026-07-30,2026-07-30,CM,BSE,STK,523620,INE486I01016,PHRMASI,X,,,,,PHAARMASIA LTD.,92.00,92.00,84.80,85.00,85.00,89.25,,85.00,,,186,15883.00,7,F1,1,,,,,
2026-07-30,2026-07-30,CM,BSE,STK,523630,INE870D01012,NFL,B,,,,,NATIONAL FERTILIZERS LTD.,71.98,71.98,71.00,71.14,71.14,71.99,,71.11,,,14939,1066253.00,257,F1,1,,,,,
2026-07-30,2026-07-30,CM,BSE,STK,523638,INE558A01019,IPRINGLTD,X,,,,,IP RINGS LTD.,128.05,128.05,126.20,126.70,126.25,128.05,,126.70,,,252,32090.00,12,F1,1,,,,,
2026-07-30,2026-07-30,CM,BSE,STK,523642,INE603J01030,PIIND,A,,,,,P.I.INDUSTRIES LTD.,2773.40,2790.00,2720.00,2780.80,2773.45,2752.95,,2777.60,,,6761,18690949.00,711,F1,1,,,,,
2026-07-30,2026-07-30,CM,BSE,STK,523648,INE083C01022,PLASTIBLEN,B,,,,,PLASTIBLENDS INDIA LTD.,189.40,189.40,183.05,184.45,185.50,187.25,,184.76,,,796,148036.00,48,F1,1,,,,,
2026-07-30,2026-07-30,CM,BSE,STK,523650,INE823D01011,YASHINNO,X,,,,,YASH INNOVENTURES LIMITED,37.00,37.99,35.75,36.17,36.17,37.63,,36.17,,,137665,4977852.00,153,F1,1,,,,,
2026-07-30,2026-07-30,CM,BSE,STK,523660,INE054C01015,WATERBASE,X,,,,,WATERBASE LTD.,42.98,42.98,42.14,42.47,42.60,42.51,,42.47,,,8516,361037.00,154,F1,1,,,,,
2026-07-30,2026-07-30,CM,BSE,STK,523672,INE954B01018,FLEXFO,X,,,,,FLEX FOODS LTD.,47.89,47.89,43.00,45.30,45.59,44.07,,45.30,,,657,29605.00,18,F1,1,,,,,
2026-07-30,2026-07-30,CM,BSE,STK,523676,INE798D01015,GOLKUNDIA,X,,,,,GOLKUNDA DIAMONDS & JEWELLERY,240.00,241.00,235.00,236.00,236.00,240.00,,236.00,,,1535,367146.00,28,F1,1,,,,,
2026-07-30,2026-07-30,CM,BSE,STK,523694,INE116A01032,APCOTEXIND,B,,,,,APCOTEX INDUSTRIES LTD.,698.30,712.45,629.35,638.05,638.05,681.75,,637.45,,,188234,127975072.00,5112,F1,1,,,,,
2026-07-30,2026-07-30,CM,BSE,STK,523696,INE842B01015,FORTISMLR,X,,,,,FORTIS MALAR HOSPITALS LIMITED,49.00,50.90,49.00,50.32,50.50,50.02,,50.32,,,5287,263341.00,124,F1,1,,,,,
2026-07-30,2026-07-30,CM,BSE,STK,523704,INE759A01021,MASTEK,A,,,,,MASTEK LTD.,1895.45,1945.00,1888.85,1929.85,1921.00,1904.40,,1930.20,,,6368,12259694.00,718,F1,1,,,,,
2026-07-30,2026-07-30,CM,BSE,STK,523708,INE158B01016,EIMCOELECO,B,,,,,EIMCO ELECON (INDIA) LTD.,1810.40,1810.40,1740.05,1747.05,1746.70,1788.15,,1748.10,,,1164,2044059.00,150,F1,1,,,,,
2026-07-30,2026-07-30,CM,BSE,STK,523710,INE318C01014,SAYAJIHOTL,B,,,,,SAYAJI HOTELS LIMITED,299.25,299.25,299.25,299.25,299.25,285.00,,290.40,,,1,299.00,1,F1,1,,,,,
2026-07-30,2026-07-30,CM,BSE,STK,523716,INE365D01021,ASHIANA,B,,,,,ASHIANA HOUSING LTD.,390.85,395.00,382.75,386.65,390.00,383.25,,386.55,,,6601,2567392.00,183,F1,1,,,,,
2026-07-30,2026-07-30,CM,BSE,STK,523722,INE119B01018,SVAMSOF,X,,,,,SVAM SOFTWARE LTD.,5.20,5.46,5.20,5.46,5.46,5.20,,5.46,,,3063,16466.00,16,F1,1,,,,,
2026-07-30,2026-07-30,CM,BSE,STK,523732,INE866A01016,ECOBOAR,X,,,,,ECOBOARD INDUSTRIES LTD.,55.00,55.00,54.50,54.50,54.50,54.29,,54.50,,,182,9924.00,4,F1,1,,,,,
2026-07-30,2026-07-30,CM,BSE,STK,523736,INE477B01010,DVL,B,,,,,Dhunseri Ventures Limited,243.20,243.20,237.00,237.70,237.00,238.05,,238.40,,,856,206201.00,110,F1,1,,,,,
2026-07-30,2026-07-30,CM,BSE,STK,523752,INE502D01011,TIHIL,XT,,,,,TRANS INDIA HOUSE IMPEX LIMITE,3.50,3.55,3.42,3.54,3.54,3.51,,3.54,,,10278,36166.00,48,F1,1,,,,,
2026-07-30,2026-07-30,CM,BSE,STK,523754,INE215D01010,MAHEPC,B,,,,,MAHINDRA EPC IRRIGATION LIMITE,103.10,107.65,103.10,105.15,105.05,107.75,,105.27,,,2474,261370.00,36,F1,1,,,,,
2026-07-30,2026-07-30,CM,BSE,STK,523782,INE844D01017,MITSHI,X,,,,,Mitshi India Limited,11.83,12.87,11.83,12.48,12.48,11.84,,12.48,,,171279,2110638.00,546,F1,1,,,,,
2026-07-30,2026-07-30,CM,BSE,STK,523790,INE344E01016,SHUKJEW,P,,,,,SHUKRA JEWELLERS LTD.,9.50,9.50,9.50,9.50,9.50,9.50,,9.50,,,100,950.00,1,F1,100,,,,,
2026-07-30,2026-07-30,CM,BSE,STK,523792,INE885E01042,MAZDA,T,,,,,MAZDA LTD.,206.25,223.75,206.25,214.75,214.75,213.75,,214.52,,,314,68013.00,31,F1,1,,,,,
2026-07-30,2026-07-30,CM,BSE,STK,523796,INE048C01025,VHLTD,T,,,,,VICEROY HOTELS LTD.,137.60,137.60,130.00,130.25,130.00,132.50,,130.15,,,179,23521.00,25,F1,1,,,,,
2026-07-30,2026-07-30,CM,BSE,STK,523826,INE959D01013,SOVERDIA,X,,,,,SOVEREIGN DIAMONDS LTD.,24.55,25.90,23.84,25.17,24.99,23.82,,25.17,,,13838,349282.00,58,F1,1,,,,,
2026-07-30,2026-07-30,CM,BSE,STK,523828,INE071D01033,MENONBE,T,,,,,MENON BEARINGS LTD.,225.00,225.00,210.00,214.80,215.75,220.50,,214.96,,,6738,1421551.00,139,F1,1,,,,,
2026-07-30,2026-07-30,CM,BSE,STK,523832,INE862C01029,MUKATPIP,XT,,,,,MUKAT PIPES LTD.,17.00,17.00,16.66,16.66,16.66,17.00,,16.66,,,1236,20598.00,7,F1,1,,,,,
2026-07-30,2026-07-30,CM,BSE,STK,523836,INE610B01024,GUJRAFFIA,B,,,,,GUJARAT RAFFIA INDUSTRIES LTD.,39.50,39.50,38.01,38.69,38.69,39.55,,40.44,,,97,3812.00,3,F1,1,,,,,
2026-07-30,2026-07-30,CM,BSE,STK,523838,INE059B01024,SIMPLEXINF,B,,,,,SIMPLEX INFRASTRUCTURES LTD.,230.90,235.10,230.20,230.65,231.65,230.45,,233.30,,,148,34327.00,30,F1,1,,,,,
2026-07-30,2026-07-30,CM,BSE,STK,523840,INE965C01038,INNOVTEC,X,,,,,INNOVATIVE TECH PACK LTD.,13.70,13.70,13.07,13.60,13.61,13.35,,13.60,,,3664,49221.00,23,F1,1,,,,,
2026-07-30,2026-07-30,CM,BSE,STK,523842,INE460D01038,SUPTANERY,X,,,,,SUPER TANNERY LIMITED,6.80,6.90,6.61,6.64,6.70,6.88,,6.64,,,33883,226532.00,98,F1,1,,,,,
2026-07-30,2026-07-30,CM,BSE,STK,523844,INE537B01011,CONSTRONIC,X,,,,,CONSTRONICS INFRA LIMITED,51.00,51.00,49.15,49.15,49.15,49.79,,49.15,,,502,24854.00,12,F1,1,,,,,
2026-07-30,2026-07-30,CM,BSE,STK,523850,INE767C01012,AXTEL,X,,,,,AXTEL INDUSTRIES LTD.,446.00,462.00,432.00,452.55,446.00,446.00,,452.55,,,6160,2730768.00,171,F1,1,,,,,
2026-07-30,2026-07-30,CM,BSE,STK,523862,INE926B01016,GRANDOAK,B,,,,,GRAND OAK CANYONS DISTILLERY L,34.67,35.74,34.64,34.64,34.64,36.46,,33.85,,,4622,160141.00,24,F1,1,,,,,
2026-07-30,2026-07-30,CM,BSE,STK,523874,INE191C01023,EASTINDIA,XT,,,,,East India Drums and Barrels M,105.00,107.14,104.20,104.92,105.00,102.04,,104.92,,,7165,757404.00,96,F1,1,,,,,
2026-07-30,2026-07-30,CM,BSE,STK,523888,INE317D01014,MEGAMONT,XT,,,,,MEGAMONT LIMITED,140.00,142.00,140.00,142.00,142.00,142.85,,142.00,,,432,60734.00,10,F1,1,,,,,
2026-07-30,2026-07-30,CM,BSE,STK,524000,INE511C01022,POONAWALLA,A,,,,,POONAWALLA FINCORP LIMITED,481.40,483.00,472.10,476.90,473.05,481.35,,476.90,,,57684,27539209.00,1292,F1,1,,,,,
2026-07-30,2026-07-30,CM,BSE,STK,524019,INE473D01015,KINGFA,B,,,,,Kingfa Science & Technology (I,5032.00,5117.70,5032.00,5100.65,5117.70,5043.60,,5101.00,,,117,595916.00,27,F1,1,,,,,
2026-07-30,2026-07-30,CM,BSE,STK,524037,INE809A01032,RAMAPHO,B,,,,,RAMA PHOSPHATES LTD.,128.00,128.90,125.50,126.30,127.00,127.40,,125.88,,,1440,183253.00,55,F1,1,,,,,
2026-07-30,2026-07-30,CM,BSE,STK,524038,INE204D01022,VENLONENT,X,,,,,VENLON ENTERPRISES LTD.,3.69,3.94,3.45,3.62,3.75,3.66,,3.62,,,2264,8049.00,16,F1,1,,,,,
2026-07-30,2026-07-30,CM,BSE,STK,524051,INE633B01018,POLYPLEX,B,,,,,POLYPLEX CORPORATION LTD.,1125.00,1128.45,1099.05,1102.90,1103.00,1122.80,,1103.40,,,2174,2409251.00,318,F1,1,,,,,
2026-07-30,2026-07-30,CM,BSE,STK,524075,INE155C01010,ALBERTDAVD,B,,,,,ALBERT DAVID LTD.,686.00,686.00,685.00,685.15,685.00,693.20,,689.60,,,10,6851.00,3,F1,1,,,,,
2026-07-30,2026-07-30,CM,BSE,STK,524091,INE482D01024,CARYSIL,B,,,,,CARYSIL LIMITED,1163.00,1213.10,1156.60,1195.05,1174.55,1178.75,,1189.40,,,2915,3463966.00,161,F1,1,,,,,
2026-07-30,2026-07-30,CM,BSE,STK,524109,INE900B01029,KABRAEXTRU,B,,,,,KABRA EXTRUSIONTECHNIK LTD.,385.00,389.00,350.80,362.80,362.80,390.90,,365.05,,,26909,9919671.00,706,F1,1,,,,,
2026-07-30,2026-07-30,CM,BSE,STK,524129,INE250B01029,VINYLINDIA,B,,,,,VINYL CHEMICALS (INDIA) LTD.,248.00,263.65,235.00,237.25,237.00,245.45,,238.00,,,2121,516188.00,168,F1,1,,,,,
2026-07-30,2026-07-30,CM,BSE,STK,524136,INE417E01010,PCCOSMA,X,,,,,PEE CEE COSMA SOPE LTD.,361.80,378.95,343.25,346.30,347.50,354.70,,346.30,,,3506,1258007.00,161,F1,1,,,,,
2026-07-30,2026-07-30,CM,BSE,STK,524156,INE034F01010,TCMLMTD,X,,,,,TCM LTD.,46.00,46.00,43.70,45.00,45.00,45.00,,45.00,,,368,16428.00,8,F1,1,,,,,
2026-07-30,2026-07-30,CM,BSE,STK,524164,INE485C01029,IOLCP,B,,,,,IOL CHEMICALS & PHARMACEUTICAL,147.65,147.65,144.10,144.30,144.20,147.55,,144.64,,,80726,11729282.00,776,F1,1,,,,,
2026-07-30,2026-07-30,CM,BSE,STK,524174,INE133C01033,KESARPE,X,,,,,KESAR PETROPRODUCTS LTD.,17.01,17.75,17.00,17.27,17.07,17.27,,17.27,,,27860,481349.00,57,F1,1,,,,,
2026-07-30,2026-07-30,CM,BSE,STK,524200,INE410B01037,VINATIORGA,A,,,,,VINATI ORGANICS LTD.,1303.35,1306.50,1286.00,1294.45,1296.00,1309.85,,1296.10,,,6353,8228316.00,541,F1,1,,,,,
2026-07-30,2026-07-30,CM,BSE,STK,524202,INE058I01013,LACTOSE,X,,,,,LACTOSE (INDIA) LTD.,103.05,110.00,103.00,106.85,108.30,105.10,,106.85,,,13732,1479016.00,144,F1,1,,,,,
2026-07-30,2026-07-30,CM,BSE,STK,524204,INE757D01011,TEEAI,X,,,,,TEESTA AGRO INDUSTRIES LTD.,113.00,114.45,110.25,114.45,114.45,113.30,,114.45,,,314,35278.00,16,F1,1,,,,,
2026-07-30,2026-07-30,CM,BSE,STK,524208,INE769A01020,AARTIIND,A,,,,,AARTI INDUSTRIES LTD.,481.50,488.00,477.00,480.55,480.55,485.10,,480.20,,,19288,9267896.00,730,F1,1,,,,,
2026-07-30,2026-07-30,CM,BSE,STK,524210,INE702E01015,PNTKYOR,X,,,,,PENTOKEY ORGANY (INDIA) LTD.,36.00,36.00,32.02,33.08,33.08,36.39,,33.08,,,34,1146.00,10,F1,1,,,,,
2026-07-30,2026-07-30,CM,BSE,STK,524212,INE107F01022,WANBURY,B,,,,,WANBURY LTD.,305.90,317.05,296.40,298.40,296.50,306.20,,297.70,,,22416,6809151.00,770,F1,1,,,,,
2026-07-30,2026-07-30,CM,BSE,STK,524218,INE486D01017,RESONANCE,XT,,,,,RESONANCE SPECIALTIES LTD.,143.75,149.00,138.00,138.90,138.90,143.75,,138.90,,,5247,761494.00,56,F1,1,,,,,
2026-07-30,2026-07-30,CM,BSE,STK,524226,INE036B01030,GAEL,B,,,,,GUJARAT AMBUJA EXPORTS LTD.,164.35,173.60,163.30,172.45,172.10,164.35,,172.59,,,234973,39884659.00,3411,F1,1,,,,,
2026-07-30,2026-07-30,CM,BSE,STK,524230,INE027A01015,RCF,A,,,,,RASHTRIYA CHEMICALS & FERTILIZ,127.00,127.45,125.10,125.45,126.20,127.85,,125.54,,,47571,6006865.00,522,F1,1,,,,,
2026-07-30,2026-07-30,CM,BSE,STK,524238,INE659F01022,GUJINJEC,XT,,,,,GUJARAT INJECT (KERALA) LTD.,10.55,11.00,10.20,10.20,10.20,10.70,,10.20,,,504716,5217891.00,413,F1,1,,,,,
2026-07-30,2026-07-30,CM,BSE,STK,524280,INE082A01010,KOPRAN,T,,,,,KOPRAN LTD.,196.00,196.40,186.00,186.15,186.15,190.40,,188.02,,,9073,1733226.00,90,F1,1,,,,,
2026-07-30,2026-07-30,CM,BSE,STK,524288,INE008B01013,AIMCOPEST,X,,,,,AIMCO PESTICIDES LTD.,48.02,51.94,48.02,51.94,51.94,50.94,,51.94,,,53,2610.00,4,F1,1,,,,,
2026-07-30,2026-07-30,CM,BSE,STK,524314,INE499G01013,GUJTERC,X,,,,,GUJARAT TERCE LABORATORIES LTD,38.00,38.00,36.25,36.25,36.25,37.88,,36.25,,,3342,124597.00,36,F1,1,,,,,
2026-07-30,2026-07-30,CM,BSE,STK,524322,INE323K01017,KABRADG,X,,,,,KABRA DRUGS LTD.,25.81,25.81,23.50,24.55,24.54,25.02,,24.55,,,31592,763713.00,90,F1,1,,,,,
2026-07-30,2026-07-30,CM,BSE,STK,524324,INE573R01012,SEYAIND,T,,,,,SEYA INDUSTRIES LTD.,12.38,12.38,12.14,12.29,12.29,12.38,,12.22,,,423,5142.00,6,F1,1,,,,,
2026-07-30,2026-07-30,CM,BSE,STK,524330,INE785A01026,JAYAGROGN,B,,,,,JAYANT AGRO-ORGANICS LTD.,223.90,224.90,218.25,218.90,218.90,223.60,,220.38,,,213,46964.00,16,F1,1,,,,,
2026-07-30,2026-07-30,CM,BSE,STK,524332,INE412G01024,BCLIND,B,,,,,BCL INDUSTRIES LIMITED,34.06,34.87,34.06,34.62,34.70,34.70,,34.70,,,21976,755498.00,167,F1,1,,,,,
2026-07-30,2026-07-30,CM,BSE,STK,524336,INE065E01017,SHHARICH,X,,,,,SHREE HARI CHEMICALS EXPORT LT,134.15,134.15,131.50,134.15,134.15,134.15,,134.15,,,1061,142106.00,19,F1,1,,,,,
2026-07-30,2026-07-30,CM,BSE,STK,524342,INE803D01021,INDOBORAX,B,,,,,INDO BORAX & CHEMICALS LTD.,380.55,389.25,379.30,383.25,385.00,386.40,,383.30,,,6390,2452891.00,219,F1,1,,,,,
2026-07-30,2026-07-30,CM,BSE,STK,524348,INE767A01016,AARTIDRUGS,B,,,,,AARTI DRUGS LTD.,414.35,420.00,411.65,412.60,413.80,413.00,,412.80,,,8863,3684880.00,444,F1,1,,,,,
2026-07-30,2026-07-30,CM,BSE,STK,524370,INE338D01028,BODALCHEM,T,,,,,BODAL CHEMICALS LTD.,73.00,74.00,69.00,69.71,69.13,70.84,,69.80,,,21347,1537042.00,196,F1,1,,,,,
2026-07-30,2026-07-30,CM,BSE,STK,524372,INE191A01027,ORCHPHARMA,B,,,,,Orchid Pharma Limited,995.50,1006.00,981.30,999.15,998.75,1001.65,,1000.25,,,2179,2169436.00,168,F1,1,,,,,
2026-07-30,2026-07-30,CM,BSE,STK,524394,INE579C01029,VIMTALABS,B,,,,,VIMTA LABS LTD.,597.90,607.10,586.95,605.25,604.00,599.35,,605.45,,,18450,11105471.00,596,F1,1,,,,,
2026-07-30,2026-07-30,CM,BSE,STK,524396,INE829A01014,BIOFILCHEM,B,,,,,BIOFIL CHEMICALS & PHARMACEUTI,32.50,32.52,32.06,32.06,32.06,32.40,,32.05,,,23,747.00,6,F1,1,,,,,
2026-07-30,2026-07-30,CM,BSE,STK,524400,INE806D01016,ISHITADR,X,,,,,ISHITA DRUGS & INDUSTRIES LTD.,75.64,75.64,75.27,75.27,75.27,74.90,,75.27,,,3,226.00,3,F1,1,,,,,
2026-07-30,2026-07-30,CM,BSE,STK,524404,INE750C01026,MARKSANS,A,,,,,MARKSANS PHARMA LTD.,259.45,263.60,258.05,258.60,258.70,259.45,,258.60,,,42804,11185712.00,1142,F1,1,,,,,
2026-07-30,2026-07-30,CM,BSE,STK,524408,INE113E01015,UNIVSTAR,XT,,,,,UNIVERSAL STARCH-CHEM ALLIED L,201.50,206.50,197.00,197.55,197.50,201.50,,197.55,,,879,175850.00,26,F1,1,,,,,
2026-07-30,2026-07-30,CM,BSE,STK,524412,INE198H01019,AAREYDRUGS,T,,,,,AAREY DRUGS & PHARMACEUTICALS,74.61,77.47,74.61,77.47,77.47,75.97,,77.47,,,1101,82431.00,8,F1,1,,,,,
2026-07-30,2026-07-30,CM,BSE,STK,524414,INE744C01029,NORRIS,X,,,,,NORRIS MEDICINES LTD.,15.13,15.13,14.82,14.82,14.82,15.13,,14.82,,,781,11637.00,10,F1,1,,,,,
2026-07-30,2026-07-30,CM,BSE,STK,524434,INE810M01019,ASINPET,X,,,,,ASIAN PETROPRODUCTS & EXPORTS,9.20,9.28,8.90,9.26,9.26,9.28,,9.26,,,1359,12346.00,32,F1,1,,,,,
2026-07-30,2026-07-30,CM,BSE,STK,524440,INE198C01010,CAMEXLTD,X,,,,,CAMEX LTD.,43.00,43.00,39.05,39.50,39.05,40.99,,39.50,,,743,29670.00,25,F1,1,,,,,
2026-07-30,2026-07-30,CM,BSE,STK,524444,INE313M01030,EVEXIA,XT,,,,,EVEXIA LIFECARE LIMITED,1.56,1.61,1.47,1.51,1.51,1.54,,1.51,,,7603925,11627598.00,8459,F1,1,,,,,
2026-07-30,2026-07-30,CM,BSE,STK,524458,INE319N01019,INDOEURO,X,,,,,INDO EURO INDCHEM LTD.,9.00,9.00,9.00,9.00,9.00,9.00,,9.00,,,1132,10188.00,5,F1,1,,,,,
2026-07-30,2026-07-30,CM,BSE,STK,524470,INE312C01025,SYNCOMF,B,,,,,SYNCOM FORMULATIONS (INDIA) LT,13.10,13.25,12.99,13.03,13.03,13.21,,13.01,,,127981,1672484.00,527,F1,1,,,,,
2026-07-30,2026-07-30,CM,BSE,STK,524480,INE249D01019,RIDDHI,XT,,,,,RIDDHI SIDDHI GLUCO BIOLS LTD.,745.00,745.00,715.15,730.00,730.00,745.00,,730.00,,,482,353304.00,12,F1,1,,,,,
2026-07-30,2026-07-30,CM,BSE,STK,524488,INE038B01010,SVCIND,X,,,,,SVC INDUSTRIES LIMITED,2.19,2.23,2.05,2.06,2.06,2.09,,2.06,,,53161,112569.00,73,F1,1,,,,,
2026-07-30,2026-07-30,CM,BSE,STK,524494,INE571A01038,IPCALAB,A,,,,,IPCA LABORATORIES LTD.,1791.80,1791.80,1743.70,1761.50,1760.10,1774.30,,1758.80,,,3513,6204010.00,428,F1,1,,,,,
2026-07-30,2026-07-30,CM,BSE,STK,524500,INE729D01010,KILITCH,T,,,,,KILITCH DRUGS (INDIA) LTD.,194.00,194.90,187.00,188.45,188.45,189.00,,190.58,,,565,107619.00,26,F1,1,,,,,
2026-07-30,2026-07-30,CM,BSE,STK,524506,INE683E01017,CORALAB,XT,,,,,CORAL LABORATORIES LTD.,574.45,583.00,561.10,580.00,580.00,555.25,,580.00,,,1283,745320.00,41,F1,1,,,,,
2026-07-30,2026-07-30,CM,BSE,STK,524516,INE711D01018,BACPHAR,X,,,,,BACIL PHARMA LTD.,22.99,22.99,22.99,22.99,22.99,24.19,,22.99,,,3995,91845.00,35,F1,1,,,,,
2026-07-30,2026-07-30,CM,BSE,STK,524518,INE268B01013,KREBSBIO,B,,,,,KREBS BIOCHEMICALS & INDUSTRIE,55.00,55.00,53.00,53.04,53.00,54.39,,53.48,,,279,14910.00,29,F1,1,,,,,
2026-07-30,2026-07-30,CM,BSE,STK,524520,INE879K01018,KMCSHIL,B,,,,,KMC SPECIALITY HOSPITALS (INDI,128.30,130.85,127.05,127.75,127.75,128.30,,127.75,,,88839,11437987.00,1585,F1,1,,,,,
2026-07-30,2026-07-30,CM,BSE,STK,524522,INE919B01011,LAFFANSQ,X,,,,,LAFFANS PETROCHEMICALS LTD.,31.29,31.29,28.20,28.20,28.20,29.90,,28.20,,,1483,42060.00,18,F1,1,,,,,
2026-07-30,2026-07-30,CM,BSE,STK,524534,INE972C01018,BHASKAGR,X,,,,,BHASKAR AGROCHEMICALS LTD.,114.65,114.75,103.15,110.05,111.00,113.55,,110.05,,,4446,480270.00,86,F1,1,,,,,
2026-07-30,2026-07-30,CM,BSE,STK,524542,INE450E01029,SUKHJITS,B,,,,,SUKHJIT STARCH & CHEMICALS LTD,162.95,165.10,158.25,162.80,162.80,157.85,,160.31,,,1565,251653.00,61,F1,1,,,,,
2026-07-30,2026-07-30,CM,BSE,STK,524548,INE465H01012,SHARMEH,X,,,,,SHARMA EAST INDIA HOSPITALS &,96.00,100.90,96.00,100.90,100.90,100.90,,100.90,,,14,1392.00,8,F1,1,,,,,
2026-07-30,2026-07-30,CM,BSE,STK,524558,INE794A01010,NEULANDLAB,A,,,,,NEULAND LABORATORIES LTD.,19700.05,19700.05,18950.00,19217.00,19250.00,19716.30,,19202.00,,,7265,139701149.00,806,F1,1,,,,,
2026-07-30,2026-07-30,CM,BSE,STK,524564,INE052E01015,GAYATRIBI,X,,,,,GAYATRI BIOORGANICS LTD.,7.23,7.23,6.81,6.87,6.81,7.09,,6.87,,,7837,54456.00,41,F1,1,,,,,
2026-07-30,2026-07-30,CM,BSE,STK,524570,INE371C01013,PODDARMENT,B,,,,,PODDAR PIGMENTS LTD.,256.05,260.00,256.00,260.00,260.00,252.45,,261.10,,,114,29224.00,3,F1,1,,,,,
2026-07-30,2026-07-30,CM,BSE,STK,524572,INE117D01018,PHARMAID,X,,,,,PHARMAIDS PHARMACEUTICALS LTD.,29.51,31.79,29.50,30.78,30.89,30.30,,30.78,,,3591,109757.00,54,F1,1,,,,,
2026-07-30,2026-07-30,CM,BSE,STK,524582,INE314D01011,TIRUSTA,X,,,,,TIRUPATI STARCH & CHEMICALS LT,168.00,168.00,157.15,164.00,164.00,161.95,,164.00,,,1649,271653.00,22,F1,1,,,,,
2026-07-30,2026-07-30,CM,BSE,STK,524592,INE263B01022,JAYSYNTH,X,,,,,JAYSYNTH ORGOCHEM LIMITED,13.25,13.75,12.76,13.02,12.80,13.11,,13.02,,,40077,526849.00,120,F1,1,,,,,
2026-07-30,2026-07-30,CM,BSE,STK,524594,INE994D01010,AEONXDIGI,X,,,,,Aeonx Digital Technology Limit,128.00,128.00,120.00,120.60,122.00,121.05,,120.60,,,2216,272302.00,61,F1,1,,,,,
2026-07-30,2026-07-30,CM,BSE,STK,524602,INE875N01036,BANDARAM,X,,,,,BANDARAM PHARMA PACKTECH LIMIT,22.00,22.00,21.94,21.94,21.94,21.18,,21.94,,,769,16907.00,14,F1,1,,,,,
2026-07-30,2026-07-30,CM,BSE,STK,524606,INE415H01017,BERLDRG,X,,,,,BERYL DRUGS LTD.,21.25,21.25,20.50,20.50,20.50,21.21,,20.50,,,865,18062.00,12,F1,1,,,,,
2026-07-30,2026-07-30,CM,BSE,STK,524614,INE056E01024,INDXTRA,X,,,,,IEL LIMITED,6.20,6.39,6.20,6.23,6.28,6.28,,6.23,,,16767,105325.00,87,F1,1,,,,,
2026-07-30,2026-07-30,CM,BSE,STK,524622,INE532B01020,ISTRNETWK,X,,,,,ISTREET NETWORK LIMITED,48.40,48.90,44.76,45.10,46.42,46.98,,45.10,,,22690,1037001.00,120,F1,1,,,,,
2026-07-30,2026-07-30,CM,BSE,STK,524624,INE076D01016,GAGAN,XT,,,,,GAGAN GASES LTD.,21.45,21.50,19.55,20.89,20.89,20.52,,20.89,,,2640,54784.00,36,F1,1,,,,,
2026-07-30,2026-07-30,CM,BSE,STK,524628,INE750B01010,PARKERAC,X,,,,,PARKER AGROCHEM EXPORTS LTD.,15.61,15.61,15.20,15.20,15.20,14.87,,15.20,,,12,183.00,5,F1,1,,,,,
2026-07-30,2026-07-30,CM,BSE,STK,524632,INE551C01044,SHUKRAPHAR,B,,,,,Shukra Pharmaceuticals Limited,31.00,32.00,30.02,31.06,31.00,30.10,,31.06,,,220873,6871448.00,1072,F1,1,,,,,
2026-07-30,2026-07-30,CM,BSE,STK,524634,INE058F01019,ALUFLUOR,X,,,,,ALUFLUORIDE LTD.,436.00,453.90,425.00,444.60,448.05,433.20,,444.60,,,22632,9938981.00,559,F1,1,,,,,
2026-07-30,2026-07-30,CM,BSE,STK,524636,INE102E01018,OXYGENTAPH,X,,,,,OXYGENTA PHARMACEUTICAL LIMITE,49.98,50.42,48.12,48.29,48.29,49.00,,48.29,,,7646,373331.00,67,F1,1,,,,,
2026-07-30,2026-07-30,CM,BSE,STK,524640,INE078I01011,ARCHITORG,XT,,,,,ARCHIT ORGANOSYS LTD.,58.50,58.50,56.50,57.28,57.30,57.95,,57.28,,,8670,497116.00,49,F1,1,,,,,
2026-07-30,2026-07-30,CM,BSE,STK,524648,INE760F01028,INDOAMIN,T,,,,,INDO AMINES LTD.,129.95,132.00,128.00,129.65,129.65,127.00,,128.60,,,3773,488996.00,64,F1,1,,,,,
2026-07-30,2026-07-30,CM,BSE,STK,524654,INE936B01015,NATCAPSUQ,B,,,,,NATURAL CAPSULES LTD.,152.50,152.50,143.00,145.00,145.00,144.35,,144.23,,,563,81028.00,11,F1,1,,,,,
2026-07-30,2026-07-30,CM,BSE,STK,524661,INE331C01025,WELCURE,X,,,,,WELCURE DRUGS & PHARMACEUTICAL,0.25,0.25,0.22,0.24,0.24,0.24,,0.24,,,7906474,1830990.00,794,F1,1,,,,,
2026-07-30,2026-07-30,CM,BSE,STK,524663,INE994B01014,BIBCL,B,,,,,BHARAT IMMUNOLOGICALS & BIOLOG,15.50,15.84,15.32,15.38,15.38,15.47,,15.38,,,30309,468571.00,143,F1,1,,,,,
2026-07-30,2026-07-30,CM,BSE,STK,524667,INE035D01020,SOTL,B,,,,,SAVITA OIL TECHNOLOGIES LTD.,600.05,607.55,584.10,586.85,585.00,609.65,,588.05,,,14523,8637061.00,719,F1,1,,,,,
2026-07-30,2026-07-30,CM,BSE,STK,524669,INE782E01017,HESTERBIO,B,,,,,HESTER BIOSCIENCES LTD.,2501.00,2669.00,2375.25,2461.35,2523.60,2493.65,,2477.80,,,16109,41022734.00,1916,F1,1,,,,,
2026-07-30,2026-07-30,CM,BSE,STK,524675,INE645C01010,KABSON,X,,,,,KABSONS INDUSTRIES LTD.,20.00,21.60,20.00,21.57,21.00,20.88,,21.57,,,3610,76585.00,28,F1,1,,,,,
2026-07-30,2026-07-30,CM,BSE,STK,524687,INE473E01021,BASANTGL,X,,,,,BASANT AGRO TECH (INDIA) LTD.,11.00,13.03,11.00,12.87,12.96,11.10,,12.87,,,604979,7429250.00,834,F1,1,,,,,
2026-07-30,2026-07-30,CM,BSE,STK,524703,INE751D01014,SANDUPHQ,X,,,,,SANDU PHARMACEUTICALS LTD.,39.01,40.40,38.15,39.50,39.50,38.40,,39.50,,,330,12965.00,13,F1,1,,,,,
2026-07-30,2026-07-30,CM,BSE,STK,524709,INE295D01020,NACLIND,B,,,,,NACL Industries Limited,194.05,194.20,186.20,188.95,188.90,195.20,,188.58,,,22177,4248595.00,411,F1,1,,,,,
2026-07-30,2026-07-30,CM,BSE,STK,524711,INE427C01021,VISTAPH,X,,,,,VISTA PHARMACEUTICALS LTD.,6.49,7.33,6.28,6.57,6.56,6.49,,6.57,,,19046,126317.00,76,F1,1,,,,,
2026-07-30,2026-07-30,CM,BSE,STK,524715,INE044A01036,SUNPHARMA,A,,,,,SUN PHARMACEUTICAL INDUSTRIES,1999.45,2017.25,1989.75,2000.75,2007.00,1989.75,,2001.10,,,120557,242011587.00,14967,F1,1,,,,,
2026-07-30,2026-07-30,CM,BSE,STK,524717,INE150C01029,TITANBIO,XT,,,,,TITAN BIOTECH LTD.,428.00,428.00,416.00,417.85,421.45,419.15,,417.85,,,6336,2657319.00,215,F1,1,,,,,
2026-07-30,2026-07-30,CM,BSE,STK,524723,INE491D01017,ARVAYA,XT,,,,,Arvaya Healthcare Limited,137.00,137.00,134.26,134.26,134.26,137.00,,134.26,,,295,40390.00,8,F1,1,,,,,
2026-07-30,2026-07-30,CM,BSE,STK,524727,INE004E01016,SDL,X,,,,,Span Divergent Limited,33.52,34.11,33.49,33.49,33.49,35.25,,33.49,,,1406,47089.00,11,F1,1,,,,,
2026-07-30,2026-07-30,CM,BSE,STK,524731,INE354A01013,JENBURPH,X,,,,,JENBURKT PHARMACEUTICALS LTD.,1069.45,1085.00,1036.05,1081.70,1070.05,1060.00,,1081.70,,,2516,2670123.00,148,F1,1,,,,,
2026-07-30,2026-07-30,CM,BSE,STK,524735,INE475B01022,HIKAL,B,,,,,HIKAL LTD.,221.75,223.00,216.35,216.70,216.45,221.10,,216.97,,,9069,1985079.00,204,F1,1,,,,,
2026-07-30,2026-07-30,CM,BSE,STK,524742,INE475E01026,CAPLIPOINT,A,,,,,CAPLIN POINT LABORATORIES LTD.,2590.05,2637.00,2515.70,2534.10,2534.10,2610.60,,2536.20,,,4279,10983888.00,474,F1,1,,,,,
2026-07-30,2026-07-30,CM,BSE,STK,524743,INE771F01041,FISCHER,B,,,,,FISCHER MEDICAL VENTURES LIMIT,35.71,39.30,35.38,38.81,38.81,35.84,,39.00,,,146212,5496442.00,795,F1,1,,,,,
2026-07-30,2026-07-30,CM,BSE,STK,524748,INE302F01011,LINKPH,X,,,,,LINK PHARMA CHEM LTD.,24.47,25.00,23.51,24.01,23.51,24.47,,24.01,,,667,16154.00,6,F1,1,,,,,
2026-07-30,2026-07-30,CM,BSE,STK,524752,INE643N01012,DECIPHER,X,,,,,DECIPHER LABS LIMITED,5.90,6.50,5.90,5.91,5.91,5.92,,5.91,,,8826,52110.00,20,F1,1,,,,,
2026-07-30,2026-07-30,CM,BSE,STK,524768,INE634B01016,EMMESSA,X,,,,,EMMESSAR BIOTECH & NUTRITION L,25.40,25.50,24.14,24.86,25.50,25.28,,24.86,,,861,21459.00,20,F1,1,,,,,
2026-07-30,2026-07-30,CM,BSE,STK,524774,INE887E01022,NGLFINE,B,,,,,NGL FINE-CHEM LTD.,3255.05,3288.95,3231.00,3273.70,3267.65,3248.75,,3279.60,,,219,715408.00,66,F1,1,,,,,
2026-07-30,2026-07-30,CM,BSE,STK,524790,INE334C01029,EVERESTO,X,,,,,EVEREST ORGANICS LTD.,298.00,309.95,290.00,303.55,306.90,300.25,,303.55,,,519,156441.00,29,F1,1,,,,,
2026-07-30,2026-07-30,CM,BSE,STK,524804,INE406A01037,AUROPHARMA,A,,,,,AUROBINDO PHARMA LTD.,1573.10,1607.00,1566.70,1575.45,1572.00,1590.80,,1576.30,,,27789,44207756.00,2592,F1,1,,,,,
2026-07-30,2026-07-30,CM,BSE,STK,524808,INE037C01010,PHYTO,X,,,,,PHYTO CHEM (INDIA) LTD.,20.80,21.65,20.01,20.02,20.02,20.80,,20.02,,,1012,20866.00,15,F1,1,,,,,
2026-07-30,2026-07-30,CM,BSE,STK,524816,INE987B01026,NATCOPHARM,A,,,,,NATCO PHARMA LTD.,926.10,945.00,926.10,930.70,930.70,935.60,,929.85,,,14666,13731848.00,1060,F1,1,,,,,
2026-07-30,2026-07-30,CM,BSE,STK,524818,INE457C01010,DYNAMIND,X,,,,,DYNAMIC INDUSTRIES LTD.,109.00,109.00,100.00,106.95,108.05,112.00,,106.95,,,12035,1253193.00,91,F1,1,,,,,
2026-07-30,2026-07-30,CM,BSE,STK,524820,INE305C01029,PANAMAPET,B,,,,,PANAMA PETROCHEM LTD.,450.85,451.45,433.00,435.35,435.95,446.65,,435.40,,,11180,4901051.00,255,F1,1,,,,,
2026-07-30,2026-07-30,CM,BSE,STK,524824,INE083D01012,BALPHARMA,B,,,,,BAL PHARMA LTD.,87.45,88.13,87.44,87.67,88.13,88.14,,87.90,,,273,23897.00,15,F1,1,,,,,
2026-07-30,2026-07-30,CM,BSE,STK,524828,INE278D01018,BDH,X,,,,,BDH INDUSTRIES LTD.,565.30,573.95,555.50,561.40,567.00,564.05,,561.40,,,673,379253.00,56,F1,1,,,,,
2026-07-30,2026-07-30,CM,BSE,STK,526001,INE593O01017,JAUSPOL,X,,,,,JAUSS POLYMERS LTD.,23.94,25.15,23.94,25.15,25.15,25.20,,25.15,,,106,2538.00,3,F1,1,,,,,
2026-07-30,2026-07-30,CM,BSE,STK,526025,INE064L01015,GLOBUSCON,X,,,,,GLOBUS CONSTRUCTORS & DEVELOPE,12.55,12.55,12.20,12.50,12.50,12.50,,12.50,,,1975,24511.00,19,F1,1,,,,,
2026-07-30,2026-07-30,CM,BSE,STK,526027,INE144D01012,CUBEXTUB,B,,,,,CUBEX TUBINGS LTD.,77.23,77.23,75.50,76.07,76.00,77.23,,75.97,,,7600,582058.00,137,F1,1,,,,,
2026-07-30,2026-07-30,CM,BSE,STK,526043,INE809B01014,POLYCHMP,X,,,,,POLYMECHPLAST MACHINES LTD.,49.75,49.99,45.00,46.25,46.25,50.90,,46.25,,,12365,573597.00,121,F1,1,,,,,
2026-07-30,2026-07-30,CM,BSE,STK,526071,INE395F01023,STELLANT,XT,,,,,STELLANT SECURITIES (INDIA) LT,738.95,758.30,690.20,758.30,758.30,722.20,,758.30,,,22841,17120291.00,197,F1,1,,,,,
2026-07-30,2026-07-30,CM,BSE,STK,526073,INE020S01012,GALXBRG,XT,,,,,GALAXY BEARINGS LTD.,830.10,867.95,792.10,815.05,815.05,829.80,,815.05,,,928,750361.00,46,F1,1,,,,,
2026-07-30,2026-07-30,CM,BSE,STK,526075,INE092O01028,VINRKLB,XT,,,,,REKVINA LABORATORIES LTD.,25.32,25.32,25.25,25.25,25.25,25.32,,25.25,,,1579,39910.00,6,F1,1,,,,,
2026-07-30,2026-07-30,CM,BSE,STK,526081,INE895E01017,SCAGRO,XT,,,,,SC Agrotech Limited,36.14,36.14,36.13,36.14,36.14,34.42,,36.14,,,35699,1289997.00,45,F1,1,,,,,
2026-07-30,2026-07-30,CM,BSE,STK,526095,INE427E01027,RALEGRA,XT,,,,,RAVILEELA GRANITES LTD.,62.47,62.47,59.35,60.00,60.00,62.47,,60.00,,,1276,76616.00,18,F1,1,,,,,
2026-07-30,2026-07-30,CM,BSE,STK,526113,INE602H01010,UNRYLMA,X,,,,,UNIROYAL MARINE EXPORTS LTD.,14.93,14.93,14.91,14.91,14.91,15.00,,14.91,,,80,1193.00,7,F1,1,,,,,
2026-07-30,2026-07-30,CM,BSE,STK,526115,INE327D01013,KARANWO,X,,,,,KARAN WOO-SIN LTD.,7.60,7.61,7.60,7.61,7.61,7.60,,7.61,,,4,30.00,2,F1,1,,,,,
2026-07-30,2026-07-30,CM,BSE,STK,526117,INE011D01013,SHERVANI,X,,,,,SHERVANI INDUSTRIAL SYNDICATE,298.50,309.90,298.30,300.00,309.90,300.00,,300.00,,,200,59998.00,9,F1,1,,,,,
2026-07-30,2026-07-30,CM,BSE,STK,526133,INE881B01054,SUPERTEX,X,,,,,SUPERTEX INDUSTRIES LTD.,5.32,5.32,5.30,5.30,5.30,5.44,,5.30,,,5652,29957.00,10,F1,1,,,,,
2026-07-30,2026-07-30,CM,BSE,STK,526137,INE278C01010,SHETR,X,,,,,SHETRON LTD.,92.50,93.98,91.21,92.97,91.21,94.96,,92.97,,,463,42680.00,23,F1,1,,,,,
2026-07-30,2026-07-30,CM,BSE,STK,526139,INE773D01018,TRABI,X,,,,,TRANSGENE BIOTEK LTD.,2.90,3.02,2.87,2.91,2.88,3.02,,2.91,,,2479,7336.00,26,F1,1,,,,,
2026-07-30,2026-07-30,CM,BSE,STK,526143,INE343A01016,MPL,X,,,,,MPL PLASTICS LTD.,6.49,6.49,6.11,6.29,6.29,5.81,,6.29,,,5583,35550.00,16,F1,1,,,,,
2026-07-30,2026-07-30,CM,BSE,STK,526159,INE926C01022,NIKHILAD,X,,,,,NIKHIL ADHESIVES LTD.,72.06,72.85,71.67,71.85,71.85,72.04,,71.85,,,5765,416074.00,58,F1,1,,,,,
2026-07-30,2026-07-30,CM,BSE,STK,526161,INE175C01018,SPENTA,XT,,,,,SPENTA INTERNATIONAL LTD.,152.97,152.97,145.68,148.43,150.00,153.34,,148.43,,,264,39230.00,7,F1,1,,,,,
2026-07-30,2026-07-30,CM,BSE,STK,526169,INE678F01014,MULTIBASE,X,,,,,MULTIBASE INDIA LTD.,183.00,183.00,176.50,177.25,177.45,178.85,,177.25,,,1011,179889.00,80,F1,1,,,,,
2026-07-30,2026-07-30,CM,BSE,STK,526173,INE449C01025,ANDREWYU,B,,,,,ANDREW YULE & COMPANY LTD.,28.99,29.29,27.45,27.84,27.96,28.52,,27.84,,,189905,5317725.00,996,F1,1,,,,,
2026-07-30,2026-07-30,CM,BSE,STK,526179,INE983C01015,LUDLOWJUT,XT,,,,,LUDLOW JUTE & SPECIALITIES LTD,389.45,389.45,371.00,375.00,375.00,385.60,,375.00,,,1557,584970.00,22,F1,1,,,,,
2026-07-30,2026-07-30,CM,BSE,STK,526187,INE293C01019,ASHRAM,X,,,,,ASHRAM ONLINE.COM LTD.,5.00,5.02,5.00,5.02,5.02,5.00,,5.02,,,1521,7625.00,2,F1,1,,,,,
2026-07-30,2026-07-30,CM,BSE,STK,526193,INE618A01011,ROYALCU,X,,,,,ROYAL CUSHION VINYL PRODUCTS L,15.50,15.50,14.90,15.05,15.10,15.41,,15.05,,,9,137.00,6,F1,1,,,,,
2026-07-30,2026-07-30,CM,BSE,STK,526211,INE170U01011,SURJIND,XT,,,,,SURAJ INDUSTRIES LTD.,56.00,57.00,54.71,56.06,56.00,57.58,,56.06,,,2807,156101.00,44,F1,1,,,,,
2026-07-30,2026-07-30,CM,BSE,STK,526217,INE120D01012,HITECHCORP,T,,,,,Hitech Corporation Limited,318.05,323.85,318.05,320.25,320.25,318.05,,322.00,,,78,24993.00,4,F1,1,,,,,
2026-07-30,2026-07-30,CM,BSE,STK,526225,INE253C01013,BLOOM,X,,,,,BLOOM DEKOR LTD.,7.35,7.35,6.65,6.65,6.65,7.00,,6.65,,,3694,25116.00,14,F1,1,,,,,
2026-07-30,2026-07-30,CM,BSE,STK,526227,INE816B01035,FILATEX,B,,,,,FILATEX INDIA LTD.,71.55,72.50,67.65,68.19,68.19,71.56,,68.33,,,192547,13501127.00,1057,F1,1,,,,,
2026-07-30,2026-07-30,CM,BSE,STK,526231,INE307D01015,STDSFAC,X,,,,,STANDARD SURFACTANTS LTD.,48.06,50.00,48.06,50.00,50.00,51.00,,50.00,,,123,5922.00,8,F1,1,,,,,
2026-07-30,2026-07-30,CM,BSE,STK,526237,INE902C01015,MORGAN,X,,,,,MORGAN VENTURES LTD.,44.15,45.50,44.15,45.13,45.10,46.30,,45.13,,,1588,71453.00,14,F1,1,,,,,
2026-07-30,2026-07-30,CM,BSE,STK,526241,INE762C01021,AMRAPLIN,XT,,,,,AMRAPALI INDUSTRIES LTD.,37.07,37.07,34.00,35.28,34.21,35.49,,35.28,,,6893,239626.00,34,F1,1,,,,,
2026-07-30,2026-07-30,CM,BSE,STK,526247,INE863B01029,PREMEXPLN,A,,,,,PREMIER EXPLOSIVES LTD.,658.95,662.15,654.45,654.95,654.95,663.20,,655.25,,,10126,6659305.00,329,F1,1,,,,,
2026-07-30,2026-07-30,CM,BSE,STK,526251,INE033E01015,MIDEASTP,XT,,,,,MID EAST PORTFOLIO MANAGEMENT,40.00,40.00,39.88,39.88,39.88,39.88,,39.88,,,528,21119.00,5,F1,1,,,,,
2026-07-30,2026-07-30,CM,BSE,STK,526263,INE835B01035,MOLDTECH,B,,,,,MOLD-TEK TECHNOLOGIES LTD.,144.75,159.90,143.15,152.95,153.95,143.75,,152.99,,,33308,5059258.00,805,F1,1,,,,,
2026-07-30,2026-07-30,CM,BSE,STK,526269,INE293N01016,CRSTCHM,XT,,,,,CRESTCHEM LTD.,139.95,139.95,128.25,131.00,131.75,133.35,,131.00,,,38,5007.00,12,F1,1,,,,,
2026-07-30,2026-07-30,CM,BSE,STK,526299,INE356A01018,MPHASIS,A,,,,,MPHASIS LTD.,2332.95,2419.90,2332.95,2347.60,2354.00,2361.90,,2346.70,,,23468,56020180.00,2750,F1,1,,,,,
2026-07-30,2026-07-30,CM,BSE,STK,526315,INE410G01010,DIVSHKT,X,,,,,DIVYASHAKTI LIMITED,48.94,48.94,47.90,48.82,48.82,48.18,,48.82,,,5327,260422.00,24,F1,1,,,,,
2026-07-30,2026-07-30,CM,BSE,STK,526325,INE609C01024,ORIENTLTD,T,,,,,ORIENT PRESS LTD.,83.01,87.10,78.86,78.87,78.86,83.01,,78.87,,,5198,410639.00,13,F1,1,,,,,
2026-07-30,2026-07-30,CM,BSE,STK,526335,INE115F01017,SHREYASI,X,,,,,SHREYAS INTERMEDIATES LTD.,6.64,6.79,6.26,6.27,6.27,6.64,,6.27,,,1605,10213.00,22,F1,1,,,,,
2026-07-30,2026-07-30,CM,BSE,STK,526345,INE744D01019,PANJON,X,,,,,PANJON LTD.,18.25,18.25,17.25,17.67,17.67,17.81,,17.67,,,4047,70941.00,32,F1,1,,,,,
2026-07-30,2026-07-30,CM,BSE,STK,526355,INE138B01018,DUROPACK,X,,,,,DUROPACK LTD.,58.00,58.00,55.90,55.90,55.90,58.35,,55.90,,,1192,67036.00,10,F1,1,,,,,
2026-07-30,2026-07-30,CM,BSE,STK,526365,INE967A01012,SWARNSAR,X,,,,,SWARNSARITA JEWELS INDIA LIMIT,32.59,32.59,31.50,32.55,32.56,32.60,,32.55,,,1076,34544.00,13,F1,1,,,,,
2026-07-30,2026-07-30,CM,BSE,STK,526367,INE460C01014,GANESHHOU,B,,,,,GANESH HOUSING LIMITED,757.10,761.45,743.85,746.40,745.00,771.25,,746.70,,,3513,2646100.00,231,F1,1,,,,,
2026-07-30,2026-07-30,CM,BSE,STK,526371,INE584A01023,NMDC,A,,,,,NMDC LTD.,85.88,86.08,84.70,84.99,84.99,85.88,,85.01,,,615655,52463408.00,4303,F1,1,,,,,
2026-07-30,2026-07-30,CM,BSE,STK,526381,INE529D01014,PATINTLOG,T,,,,,PATEL INTEGRATED LOGISTICS LTD,14.18,14.18,14.00,14.00,14.18,14.27,,13.97,,,743,10417.00,10,F1,1,,,,,
2026-07-30,2026-07-30,CM,BSE,STK,526397,INE137C01018,ALPHAGEO,B,,,,,ALPHAGEO (INDIA) LTD.,205.10,211.00,198.10,205.65,206.50,206.05,,207.13,,,624,128198.00,45,F1,1,,,,,
2026-07-30,2026-07-30,CM,BSE,STK,526407,INE299D01022,HAMPTON,X,,,,,HAMPTON SKY REALTY LIMITED,9.16,9.16,8.57,8.62,8.60,9.04,,8.62,,,322720,2837255.00,160,F1,1,,,,,
2026-07-30,2026-07-30,CM,BSE,STK,526409,INE301C01028,KKALPANAIND,X,,,,,KKALPANA INDUSTRIES (INDIA) LT,7.00,7.32,6.99,7.19,7.20,7.13,,7.19,,,27797,200032.00,42,F1,1,,,,,
2026-07-30,2026-07-30,CM,BSE,STK,526415,INE870B01024,OKPLA,XT,,,,,OK PLAY INDIA LTD.,4.08,4.08,3.86,3.90,3.90,4.06,,3.90,,,198749,784663.00,223,F1,1,,,,,
2026-07-30,2026-07-30,CM,BSE,STK,526423,INE479D01038,KRITI,T,,,,,KRITI INDUSTRIES (INDIA) LTD.,69.00,70.94,67.20,69.42,70.45,69.23,,69.75,,,1671,114839.00,11,F1,1,,,,,
2026-07-30,2026-07-30,CM,BSE,STK,526433,INE867C01010,ASMTEC,B,,,,,ASM TECHNOLOGIES LTD.,4572.00,4750.00,4571.95,4689.25,4697.00,4549.50,,4689.25,,,31402,146964921.00,2439,F1,1,,,,,
2026-07-30,2026-07-30,CM,BSE,STK,526435,INE759I01024,PERFEPA,X,,,,,PERFECTPAC LTD.,72.10,72.10,70.66,72.09,72.09,72.00,,72.09,,,7,501.00,3,F1,1,,,,,
2026-07-30,2026-07-30,CM,BSE,STK,526439,INE267C01013,AMBIT,X,,,,,AMBITIOUS PLASTOMAC COMPANY LT,11.96,11.96,9.81,9.83,9.83,10.89,,9.83,,,3130,35165.00,16,F1,1,,,,,
2026-07-30,2026-07-30,CM,BSE,STK,526441,INE515B01025,VISIONCINE,XT,,,,,VISION CINEMAS LTD.,1.25,1.25,1.15,1.17,1.17,1.20,,1.17,,,15145,17620.00,38,F1,1,,,,,
2026-07-30,2026-07-30,CM,BSE,STK,526443,INE072B01027,AEIM,X,,,,,Artificial Electronics Intelli,88.25,89.95,85.25,86.55,87.05,88.25,,86.55,,,29050,2520971.00,323,F1,1,,,,,
2026-07-30,2026-07-30,CM,BSE,STK,526445,INE007C01021,INDRANIB,X,,,,,INDRAYANI BIOTECH LTD.,8.00,8.00,7.22,7.86,7.86,7.43,,7.86,,,19402,151409.00,84,F1,1,,,,,
2026-07-30,2026-07-30,CM,BSE,STK,526468,INE940E01011,EUROLED,X,,,,,EURO LEDER FASHION LTD.,15.75,16.40,15.60,16.18,16.00,16.50,,16.18,,,473,7511.00,18,F1,1,,,,,
2026-07-30,2026-07-30,CM,BSE,STK,526471,INE391C01011,WINSOMBR,X,,,,,WINSOME BREWERIES LTD.,19.04,19.69,19.00,19.18,19.49,19.04,,19.18,,,2581,49735.00,68,F1,1,,,,,
2026-07-30,2026-07-30,CM,BSE,STK,526473,INE152E01013,ELEFLOR,X,,,,,ELEGANT FLORICULTURE & AGROTEC,4.90,5.10,4.82,4.94,4.95,5.04,,4.94,,,18730,91043.00,44,F1,1,,,,,
2026-07-30,2026-07-30,CM,BSE,STK,526479,INE765B01018,SKYIND,X,,,,,SKY INDUSTRIES LTD.,103.40,103.40,95.31,97.44,97.44,95.03,,97.44,,,3532,351476.00,178,F1,1,,,,,
2026-07-30,2026-07-30,CM,BSE,STK,526481,INE245B01011,PHOENXINTL,X,,,,,PHOENIX INTERNATIONAL LTD.,27.70,30.40,27.70,29.01,29.00,29.05,,29.01,,,4689,135994.00,18,F1,1,,,,,
2026-07-30,2026-07-30,CM,BSE,STK,526488,INE432N01010,BHUDEVI,XT,,,,,BHUDEVI INFRA PROJECTS LIMITED,131.80,131.80,131.75,131.75,131.75,138.65,,131.75,,,186,24508.00,10,F1,1,,,,,
2026-07-30,2026-07-30,CM,BSE,STK,526490,INE206C01029,PRATIK,X,,,,,PRATIK PANELS LTD.,5.76,5.76,5.54,5.66,5.66,5.76,,5.66,,,4421,25106.00,20,F1,1,,,,,
2026-07-30,2026-07-30,CM,BSE,STK,526492,INE582D01013,RISHIROOP,X,,,,,Rishiroop Limited,95.90,95.95,93.51,94.40,94.40,95.00,,94.40,,,2027,191736.00,22,F1,1,,,,,
2026-07-30,2026-07-30,CM,BSE,STK,526494,INE818D01011,PROMACT,X,,,,,Promact Plastics Limited,8.60,8.60,8.60,8.60,8.60,8.60,,8.60,,,511,4394.00,2,F1,1,,,,,
2026-07-30,2026-07-30,CM,BSE,STK,526506,INE356B01024,SYSTMTXC,T,,,,,SYSTEMATIX CORPORATE SERVICES,59.50,60.00,57.55,60.00,60.00,59.70,,60.09,,,753,44322.00,17,F1,1,,,,,
2026-07-30,2026-07-30,CM,BSE,STK,526508,INE825D01016,SHAHISHIP,X,,,,,Shahi Shipping Limited,12.85,12.85,12.06,12.09,12.07,12.59,,12.09,,,7555,93493.00,52,F1,1,,,,,
2026-07-30,2026-07-30,CM,BSE,STK,526519,INE840D01015,ALPINEHOU,X,,,,,ALPINE HOUSING DEVELOPMENT COR,141.89,149.70,140.90,143.96,143.96,141.92,,143.96,,,6408,923140.00,100,F1,1,,,,,
2026-07-30,2026-07-30,CM,BSE,STK,526530,INE670C01026,IIRM,XT,,,,,IIRM HOLDINGS INDIA LIMITED,143.95,144.25,137.00,143.70,144.25,137.40,,143.70,,,92448,13061170.00,321,F1,1,,,,,
2026-07-30,2026-07-30,CM,BSE,STK,526532,INE716K01020,SFPIL,X,,,,,SQUARE FOUR PROJECTS INDIA LIM,7.50,8.48,7.11,8.10,8.38,7.99,,8.10,,,2231,18371.00,20,F1,1,,,,,
2026-07-30,2026-07-30,CM,BSE,STK,526544,INE967B01028,SGLRES,XT,,,,,SGL RESOURCES LIMITED,2.55,2.65,2.55,2.65,2.65,2.60,,2.65,,,69148,179762.00,21,F1,1,,,,,
2026-07-30,2026-07-30,CM,BSE,STK,526546,INE493D01013,CHOKSILA,XT,,,,,CHOKSI LABORATORIES LTD.,115.00,115.00,114.60,114.60,114.60,111.00,,114.60,,,10254,1175149.00,8,F1,1,,,,,
2026-07-30,2026-07-30,CM,BSE,STK,526550,INE652F01027,CCHHL,B,,,,,COUNTRY CLUB HOSPITALITY AND H,12.70,12.99,12.70,12.80,12.80,12.90,,12.81,,,153,1958.00,6,F1,1,,,,,
2026-07-30,2026-07-30,CM,BSE,STK,526554,INE159C01012,SALGUTI,X,,,,,SALGUTI INDUSTRIES LTD.,35.25,35.25,35.25,35.25,35.25,34.00,,35.25,,,4,141.00,1,F1,1,,,,,
2026-07-30,2026-07-30,CM,BSE,STK,526570,INE519N01014,REMAGNET,B,,,,,MIDWEST ENERGY LIMITED,3760.05,3883.95,3760.05,3825.20,3825.20,3841.90,,3825.20,,,8395,32030103.00,262,F1,1,,,,,
2026-07-30,2026-07-30,CM,BSE,STK,526574,INE439G01019,ENTRINT,X,,,,,ENTERPRISE INTERNATIONAL LTD.,19.58,19.65,18.69,18.69,18.99,19.67,,18.69,,,2329,43666.00,12,F1,1,,,,,
2026-07-30,2026-07-30,CM,BSE,STK,526582,INE413G01022,TPLPLASTEH,B,,,,,TPL PLASTECH LTD.,78.50,79.87,78.49,79.32,79.32,78.90,,79.41,,,1601,126684.00,96,F1,1,,,,,
2026-07-30,2026-07-30,CM,BSE,STK,526596,INE557B01019,LIBERTSHOE,B,,,,,LIBERTY SHOES LTD.,269.85,269.85,260.45,262.35,262.65,262.85,,261.55,,,1114,292510.00,93,F1,1,,,,,
2026-07-30,2026-07-30,CM,BSE,STK,526604,INE845B01018,LIPPISYS,XT,,,,,LIPPI SYSTEMS LTD.,265.00,265.00,265.00,265.00,265.00,259.85,,265.00,,,1645,435925.00,22,F1,1,,,,,
2026-07-30,2026-07-30,CM,BSE,STK,526608,INE822G01016,ELECTHERM,B,,,,,ELECTROTHERM (INDIA) LTD.,1011.70,1026.60,995.80,1008.25,1012.00,1012.20,,1008.10,,,340,343340.00,57,F1,1,,,,,
2026-07-30,2026-07-30,CM,BSE,STK,526612,INE233B01017,BLUEDART,A,,,,,BLUE DART EXPRESS LTD.,5029.15,5072.00,5021.80,5029.15,5034.15,5067.95,,5026.00,,,20345,102877549.00,128,F1,1,,,,,
2026-07-30,2026-07-30,CM,BSE,STK,526614,INE561D01025,EXPOEAPL,X,,,,,EXPO ENGINEERING AND PROJECTS,74.80,74.80,72.80,73.53,72.80,73.00,,73.53,,,9681,715434.00,38,F1,1,,,,,
2026-07-30,2026-07-30,CM,BSE,STK,526616,INE233D01013,NATPLAS,X,,,,,NATIONAL PLASTIC INDUSTRIES LT,41.51,42.87,41.38,41.61,42.78,42.65,,41.61,,,1737,72392.00,16,F1,1,,,,,
2026-07-30,2026-07-30,CM,BSE,STK,526622,INE244C01020,MFLINDIA,X,,,,,MFL INDIA LTD.,0.38,0.38,0.37,0.38,0.38,0.37,,0.38,,,532478,199937.00,178,F1,1,,,,,
2026-07-30,2026-07-30,CM,BSE,STK,526628,INE863E01015,AJWAFUN,P,,,,,AJWA FUN WORLD & RESORT LTD.,42.65,42.65,42.65,42.65,42.65,40.62,,42.65,,,100,4265.00,1,F1,100,,,,,
2026-07-30,2026-07-30,CM,BSE,STK,526638,INE594V01028,TEXELIN,X,,,,,TEXEL INDUSTRIES LTD.,73.50,73.50,72.00,72.05,72.00,73.05,,72.05,,,2398,173745.00,32,F1,1,,,,,
2026-07-30,2026-07-30,CM,BSE,STK,526640,INE008C01011,RAYALEMA,X,,,,,ROYALE MANOR HOTELS & INDUSTRI,31.50,31.50,29.50,29.50,29.50,29.05,,29.50,,,269,8124.00,12,F1,1,,,,,
2026-07-30,2026-07-30,CM,BSE,STK,526642,INE771A01026,MIRZAINT,B,,,,,MIRZA INTERNATIONAL LTD.,35.20,35.20,34.24,34.41,34.56,35.20,,34.41,,,12648,437231.00,140,F1,1,,,,,
2026-07-30,2026-07-30,CM,BSE,STK,526650,INE305A01023,TFCILTD,A,,,,,TOURISM FINANCE CORPORATION OF,100.00,102.04,99.35,101.25,101.25,100.65,,101.01,,,325529,32708582.00,1796,F1,1,,,,,
2026-07-30,2026-07-30,CM,BSE,STK,526662,INE610C01014,ARENTERP,B,,,,,RAJDARSHAN INDUSTRIES LTD.,40.50,41.25,39.52,40.91,41.08,39.89,,40.50,,,8111,333444.00,36,F1,1,,,,,
2026-07-30,2026-07-30,CM,BSE,STK,526666,INE828A01016,BIL,B,,,,,BHARTIYA INTERNATIONAL LTD.,752.00,752.00,752.00,752.00,752.00,753.75,,749.95,,,1,752.00,1,F1,1,,,,,
2026-07-30,2026-07-30,CM,BSE,STK,526668,INE967C01018,KAMATHOTEL,B,,,,,KAMAT HOTELS (INDIA) LTD.,171.00,171.00,166.20,166.75,166.20,170.45,,167.01,,,4616,776336.00,96,F1,1,,,,,
2026-07-30,2026-07-30,CM,BSE,STK,526675,INE008N01018,TIRTPLS,X,,,,,TIRTH PLASTIC LTD.,30.09,30.79,28.31,30.10,30.79,29.80,,30.10,,,140,4032.00,12,F1,1,,,,,
2026-07-30,2026-07-30,CM,BSE,STK,526677,INE055C01020,KEEPLEARN,B,,,,,DSJ KEEP LEARNING LIMITED,1.90,1.95,1.86,1.94,1.95,1.94,,1.94,,,767,1471.00,15,F1,1,,,,,
2026-07-30,2026-07-30,CM,BSE,STK,526703,INE423D01010,ECOPLAST,X,,,,,ECOPLAST LTD.,504.00,504.00,491.20,495.05,495.05,504.00,,495.05,,,33,16389.00,6,F1,1,,,,,
2026-07-30,2026-07-30,CM,BSE,STK,526705,INE095B01010,ELEMARB,X,,,,,ELEGANT MARBLES & GRANI INDUST,178.50,179.80,172.30,178.00,178.00,173.75,,178.00,,,23,4044.00,16,F1,1,,,,,
2026-07-30,2026-07-30,CM,BSE,STK,526709,INE839A01021,BITS,X,,,,,BITS LTD.,7.55,7.55,7.35,7.48,7.40,7.42,,7.48,,,13634,101622.00,154,F1,1,,,,,
2026-07-30,2026-07-30,CM,BSE,STK,526711,INE627D01016,ADARSHPL,X,,,,,ADARSH PLANT PROTECT LTD.,29.50,31.30,29.30,30.64,31.30,29.82,,30.64,,,15501,472556.00,37,F1,1,,,,,
2026-07-30,2026-07-30,CM,BSE,STK,526717,INE136C01044,HPBL,XT,,,,,HCP PLASTENE BULKPACK LIMITED,183.00,188.00,176.00,177.00,177.00,184.30,,177.00,,,8344,1497912.00,54,F1,1,,,,,
2026-07-30,2026-07-30,CM,BSE,STK,526721,INE653C01022,NICCOPAR,X,,,,,NICCO PARKS & RESORTS LTD.,70.60,74.50,70.60,73.63,74.50,70.86,,73.63,,,644,47288.00,19,F1,1,,,,,
2026-07-30,2026-07-30,CM,BSE,STK,526723,INE920C01017,NTCIND,X,,,,,NTC INDUSTRIES LTD.,137.00,138.40,130.35,136.05,138.40,135.00,,136.05,,,1683,228924.00,53,F1,1,,,,,
2026-07-30,2026-07-30,CM,BSE,STK,526727,INE797D01017,GARNET,X,,,,,GARNET CONSTRUCTION LTD.,69.00,69.00,66.20,67.29,67.25,67.18,,67.29,,,4110,273945.00,47,F1,1,,,,,
2026-07-30,2026-07-30,CM,BSE,STK,526729,INE025B01025,GOLDIAM,A,,,,,GOLDIAM INTERNATIONAL LTD.,356.00,373.90,354.50,361.60,361.20,352.65,,361.50,,,73539,26836069.00,1609,F1,1,,,,,
2026-07-30,2026-07-30,CM,BSE,STK,526731,INE630D01010,BRIGHTBR,X,,,,,BRIGHT BROTHERS LTD.,228.15,230.80,222.00,228.35,228.45,229.10,,228.35,,,1793,406758.00,33,F1,1,,,,,
2026-07-30,2026-07-30,CM,BSE,STK,526739,INE869A01010,SHAWGELTIN,X,,,,,NARMADA GELATINES LTD.,504.95,506.70,500.00,504.00,504.50,500.90,,504.00,,,4076,2054770.00,178,F1,1,,,,,
2026-07-30,2026-07-30,CM,BSE,STK,526747,INE078D01012,PGFOILQ,X,,,,,PG FOILS LTD.,182.05,192.85,182.05,189.00,191.00,186.50,,189.00,,,10486,1958606.00,159,F1,1,,,,,
2026-07-30,2026-07-30,CM,BSE,STK,526755,INE548D01014,VELHO,X,,,,,VELAN HOTELS LTD.,6.09,6.58,6.09,6.58,6.58,6.27,,6.58,,,16845,108819.00,27,F1,1,,,,,
2026-07-30,2026-07-30,CM,BSE,STK,526761,INE931B01016,HOWARHO,X,,,,,HOWARD HOTELS LTD.,20.50,21.50,20.00,20.11,20.10,20.50,,20.11,,,1132,23020.00,17,F1,1,,,,,
2026-07-30,2026-07-30,CM,BSE,STK,526775,INE760B01019,VALIANT,X,,,,,VALIANT COMMUNICATIONS LTD.,998.00,1000.00,929.95,935.75,935.75,994.55,,935.75,,,19436,18437885.00,1102,F1,1,,,,,
2026-07-30,2026-07-30,CM,BSE,STK,526783,INE934C01018,DRAGARWQ,B,,,,,DR.AGARWALS EYE HOSPITAL LTD.,5032.65,5039.95,4957.05,5016.60,4976.00,5032.70,,4999.00,,,302,1506449.00,47,F1,1,,,,,
2026-07-30,2026-07-30,CM,BSE,STK,526797,INE461C01038,GREENPLY,B,,,,,GREENPLY INDUSTRIES LTD.,284.20,294.10,284.20,285.05,284.50,287.30,,285.20,,,13446,3882816.00,368,F1,1,,,,,
2026-07-30,2026-07-30,CM,BSE,STK,526807,INE497B01018,SEAMECLTD,B,,,,,SEAMEC LTD.,1439.70,1457.50,1421.50,1426.90,1427.00,1440.30,,1427.60,,,882,1271486.00,112,F1,1,,,,,
2026-07-30,2026-07-30,CM,BSE,STK,526813,INE753B01014,RAGHUNAT,X,,,,,RAGHUNATH INTERNATIONAL LTD.,10.75,11.26,10.50,10.50,10.50,10.25,,10.50,,,224,2382.00,5,F1,1,,,,,
2026-07-30,2026-07-30,CM,BSE,STK,526817,INE974B01016,CHEVIOT,B,,,,,CHEVIOT CO.LTD.,1140.40,1140.40,1107.40,1130.00,1130.00,1180.15,,1127.70,,,1873,2095134.00,181,F1,1,,,,,
2026-07-30,2026-07-30,CM,BSE,STK,526821,INE928C01010,DAICHI,T,,,,,DAI-ICHI KARKARIA LTD.,313.45,317.00,302.00,316.15,316.70,302.00,,313.35,,,1590,494506.00,24,F1,1,,,,,
2026-07-30,2026-07-30,CM,BSE,STK,526823,INE016C01014,RAJINFRA,Z,,,,,RAJESWARI INFRASTRUCTURE LIMIT,4.80,4.94,4.48,4.80,4.80,4.71,,4.80,,,1407,6426.00,9,F1,1,,,,,
2026-07-30,2026-07-30,CM,BSE,STK,526827,INE882D01017,SPICEISLIN,XT,,,,,SPICE ISLANDS INDUSTRIES LIMIT,497.50,510.00,487.00,495.75,498.50,487.45,,495.75,,,3490,1738608.00,292,F1,1,,,,,
2026-07-30,2026-07-30,CM,BSE,STK,526829,INE552D01024,CONFIPET,B,,,,,CONFIDENCE PETROLEUM INDIA LTD,79.50,79.50,77.01,78.44,78.68,78.26,,78.27,,,143210,11178802.00,909,F1,1,,,,,
2026-07-30,2026-07-30,CM,BSE,STK,526839,INE413C01013,SIPL,X,,,,,SHELTER INFRA PROJECTS LTD.,15.02,15.76,15.02,15.76,15.76,15.01,,15.76,,,141,2192.00,8,F1,1,,,,,
2026-07-30,2026-07-30,CM,BSE,STK,526841,INE794C01016,SHAKTIPR,XT,,,,,SHAKTI PRESS LTD.,12.90,13.56,12.33,13.56,13.56,12.92,,13.56,,,408478,5248911.00,1178,F1,1,,,,,
2026-07-30,2026-07-30,CM,BSE,STK,526847,INE338C01012,ASHSI,X,,,,,ASHIRWAD STEELS & INDUSTRIES L,22.80,22.80,22.00,22.59,22.59,22.80,,22.59,,,256,5655.00,14,F1,1,,,,,
2026-07-30,2026-07-30,CM,BSE,STK,526849,INE655B01011,BANARBEADS,B,,,,,BANARAS BEADS LTD.,119.90,119.90,115.45,115.45,115.45,115.00,,115.88,,,24,2833.00,7,F1,1,,,,,
2026-07-30,2026-07-30,CM,BSE,STK,526851,INE480H01011,AREXMIS,X,,,,,AREX INDUSTRIES LTD.,115.80,115.80,115.80,115.80,115.80,110.30,,115.80,,,84,9727.00,2,F1,1,,,,,
2026-07-30,2026-07-30,CM,BSE,STK,526853,INE986A01012,BI,B,,,,,BILCARE LTD.,59.85,59.85,58.00,58.05,58.00,58.00,,58.30,,,493,29010.00,10,F1,1,,,,,
2026-07-30,2026-07-30,CM,BSE,STK,526859,INE973B01026,ISFL,X,,,,,ISF LIMITED,0.66,0.69,0.66,0.69,0.69,0.65,,0.69,,,110767,76247.00,35,F1,1,,,,,
2026-07-30,2026-07-30,CM,BSE,STK,526861,INE988D01012,RISHILASE,X,,,,,RISHI LASER LTD.,119.60,124.50,119.60,122.25,124.50,119.60,,122.25,,,350,42789.00,7,F1,1,,,,,
2026-07-30,2026-07-30,CM,BSE,STK,526865,INE966C01010,JAINCO,X,,,,,JAINCO PROJECTS (INDIA) LTD.,4.32,4.32,4.30,4.30,4.30,4.32,,4.30,,,504,2167.00,10,F1,1,,,,,
2026-07-30,2026-07-30,CM,BSE,STK,526869,INE795E01019,KUMPFIN,X,,,,,KUMBHAT FINANCIAL SERVICES LTD,24.00,24.00,24.00,24.00,24.00,23.00,,24.00,,,2,48.00,2,F1,1,,,,,
2026-07-30,2026-07-30,CM,BSE,STK,526871,INE017E01018,INTECCAP,XT,,,,,INTEC CAPITAL LTD.,15.95,15.95,15.49,15.49,15.49,15.39,,15.49,,,947,14867.00,11,F1,1,,,,,
2026-07-30,2026-07-30,CM,BSE,STK,526873,INE184D01026,RAJSEC,X,,,,,RAJASTHAN SECURITIES LIMITED,54.40,54.40,54.20,54.20,54.20,54.50,,54.20,,,3889,210807.00,20,F1,1,,,,,
2026-07-30,2026-07-30,CM,BSE,STK,526877,INE797C01019,SIDDHEGA,X,,,,,SIDDHESWARI GARMENTS LTD.,17.19,17.19,16.30,16.44,16.30,17.11,,16.44,,,12,197.00,3,F1,1,,,,,
2026-07-30,2026-07-30,CM,BSE,STK,526881,INE111B01023,63MOONS,A,,,,,63 Moons Technologies Limited,809.00,873.40,773.70,847.05,847.05,778.40,,847.35,,,512245,431454174.00,13107,F1,1,,,,,
2026-07-30,2026-07-30,CM,BSE,STK,526885,INE453D01025,SARLAPOLY,B,,,,,SARLA PERFORMANCE FIBERS LTD.,98.91,99.01,97.66,98.07,97.66,98.20,,97.84,,,2162,212785.00,52,F1,1,,,,,
2026-07-30,2026-07-30,CM,BSE,STK,526891,INE944C01017,MKTCREAT,X,,,,,MARKET CREATORS LTD.,15.76,15.76,15.76,15.76,15.76,15.84,,15.76,,,100,1576.00,6,F1,1,,,,,
2026-07-30,2026-07-30,CM,BSE,STK,526899,INE552B01010,HFIL,X,,,,,HIMALAYA FOOD INTERNATIONAL LI,9.07,9.10,8.96,9.00,9.00,8.99,,9.00,,,29877,269262.00,66,F1,1,,,,,
2026-07-30,2026-07-30,CM,BSE,STK,526905,INE743D01011,PADMAIND,X,,,,,Padmanabh Industries Ltd,8.89,8.89,8.80,8.80,8.80,8.89,,8.80,,,33,291.00,6,F1,1,,,,,
2026-07-30,2026-07-30,CM,BSE,STK,526921,INE253B01015,21STCENMGM,B,,,,,TWENTYFIRST CENTURY MANAGEMENT,39.39,39.48,39.39,39.48,39.48,38.71,,39.41,,,1475,58151.00,7,F1,1,,,,,
2026-07-30,2026-07-30,CM,BSE,STK,526931,INE400G01011,HRYNSHP,X,,,,,HARIYANA SHIP BREAKERS LTD.,100.40,101.85,99.60,100.45,100.50,100.10,,100.45,,,618,62280.00,48,F1,1,,,,,
2026-07-30,2026-07-30,CM,BSE,STK,526935,INE377D01026,KALIND,XT,,,,,Kalind Limited,10.90,10.90,10.06,10.40,10.40,10.41,,10.40,,,1650350,17281300.00,728,F1,1,,,,,
2026-07-30,2026-07-30,CM,BSE,STK,526941,INE116E01018,VAICC,P,,,,,VAISHNO CEMENT CO.LTD.,2.95,2.95,2.67,2.67,2.67,2.81,,2.67,,,300,829.00,3,F1,100,,,,,
2026-07-30,2026-07-30,CM,BSE,STK,526947,INE059D01020,LAOPALA,B,,,,,LA OPALA RG LTD.,186.45,186.45,183.80,184.95,184.75,186.40,,185.00,,,1962,362772.00,80,F1,1,,,,,
2026-07-30,2026-07-30,CM,BSE,STK,526951,INE239C01020,STYLAMIND,B,,,,,STYLAM INDUSTRIES LIMITED,3396.10,3409.90,3292.00,3361.55,3363.45,3366.05,,3359.50,,,2956,9885615.00,440,F1,1,,,,,
2026-07-30,2026-07-30,CM,BSE,STK,526953,INE411B01019,VENUSREM,T,,,,,VENUS REMEDIES LTD.,1610.05,1620.00,1535.00,1546.20,1567.50,1608.65,,1540.00,,,3448,5397038.00,347,F1,1,,,,,
2026-07-30,2026-07-30,CM,BSE,STK,526961,INE404B01022,LASTMILE,XT,,,,,LAST MILE ENTERPRISES LIMITED,6.06,6.15,5.88,5.99,6.12,6.09,,5.99,,,17448,105184.00,82,F1,1,,,,,
2026-07-30,2026-07-30,CM,BSE,STK,526965,INE372D01019,GUJCRAFT,X,,,,,GUJARAT CRAFT INDUSTRIES LTD.,95.00,96.92,92.00,92.02,92.00,94.05,,92.02,,,487,44919.00,20,F1,1,,,,,
2026-07-30,2026-07-30,CM,BSE,STK,526967,INE025D01013,HEERAISP,X,,,,,HEERA ISPAT LTD.,6.00,6.00,6.00,6.00,6.00,6.00,,6.00,,,20,120.00,2,F1,1,,,,,
2026-07-30,2026-07-30,CM,BSE,STK,526971,INE313G01016,DHOOTIN,X,,,,,DHOOT INDUSTRIAL FINANCE LTD.,242.00,246.80,230.10,245.85,245.00,243.30,,245.85,,,1175,285206.00,36,F1,1,,,,,
2026-07-30,2026-07-30,CM,BSE,STK,526981,INE402H01015,SHBAJRG,B,,,,,SHRI BAJRANG ALLIANCE LIMITED,180.40,186.75,180.40,182.05,182.05,186.60,,182.10,,,1286,233924.00,9,F1,1,,,,,
2026-07-30,2026-07-30,CM,BSE,STK,526987,INE550C01020,URJA,B,,,,,URJA GLOBAL LTD.,8.91,9.10,8.91,8.99,8.99,9.03,,9.00,,,128363,1158639.00,640,F1,1,,,,,
2026-07-30,2026-07-30,CM,BSE,STK,527001,INE348A01023,ASHAPURMIN,A,,,,,ASHAPURA MINECHEM LTD.,709.00,726.50,701.95,705.85,703.35,708.65,,706.45,,,48716,34891130.00,1822,F1,1,,,,,
2026-07-30,2026-07-30,CM,BSE,STK,527005,INE847D01010,SHREEPAC,X,,,,,SHREE PACETRONIX LTD.,139.95,139.95,134.00,136.80,136.90,137.05,,136.80,,,125,17367.00,15,F1,1,,,,,
2026-07-30,2026-07-30,CM,BSE,STK,530001,INE186A01019,GUJALKALI,B,,,,,GUJARAT ALKALIES & CHEMICALS L,684.95,690.05,666.15,667.80,667.80,684.10,,668.25,,,8762,5927003.00,449,F1,1,,,,,
2026-07-30,2026-07-30,CM,BSE,STK,530005,INE383A01012,INDIACEM,A,,,,,INDIA CEMENTS LTD.,401.30,401.30,392.45,399.25,398.80,398.15,,399.40,,,5132,2040330.00,232,F1,1,,,,,
2026-07-30,2026-07-30,CM,BSE,STK,530007,INE573A01042,JKTYRE,A,,,,,JK TYRE & INDUSTRIES LTD.,400.00,404.10,393.55,397.25,398.70,401.20,,397.25,,,36700,14637652.00,1117,F1,1,,,,,
2026-07-30,2026-07-30,CM,BSE,STK,530017,INE173A01025,SIL,B,,,,,STANDARD INDUSTRIES LTD.,17.80,17.80,16.52,16.72,16.72,16.30,,16.77,,,2720,45478.00,134,F1,1,,,,,
2026-07-30,2026-07-30,CM,BSE,STK,530019,INE700A01033,JUBLPHARMA,A,,,,,JUBILANT PHARMOVA LIMITED,970.75,977.80,957.60,961.20,957.75,977.90,,961.65,,,6229,6015379.00,394,F1,1,,,,,
2026-07-30,2026-07-30,CM,BSE,STK,530023,INE924D01017,THEINVEST,B,,,,,THE INVESTMENT TRUST OF INDIA,97.10,97.10,95.20,96.98,96.98,97.50,,94.73,,,69,6666.00,8,F1,1,,,,,
2026-07-30,2026-07-30,CM,BSE,STK,530025,INE607G01011,SAMYAKINT,X,,,,,SAMYAK INTERNATIONAL LTD.,17.99,17.99,16.55,17.60,17.60,17.40,,17.60,,,53,908.00,12,F1,1,,,,,
2026-07-30,2026-07-30,CM,BSE,STK,530027,INE563D01013,AADIIND,X,,,,,AADI INDUSTRIES LTD.,8.55,8.75,8.55,8.75,8.75,8.75,,8.75,,,554,4747.00,14,F1,1,,,,,
2026-07-30,2026-07-30,CM,BSE,STK,530037,INE618F01010,SPARKLEGR,X,,,,,SPARKLE GOLD ROCK LIMITED,71.95,72.01,60.00,72.01,72.01,60.01,,72.01,,,22541,1589404.00,103,F1,1,,,,,
2026-07-30,2026-07-30,CM,BSE,STK,530043,INE326C01017,ACKNIT,X,,,,,ACKNIT INDUSTRIES LTD.,314.00,315.00,310.00,310.00,310.00,315.00,,310.00,,,67,21008.00,5,F1,1,,,,,
2026-07-30,2026-07-30,CM,BSE,STK,530045,INE090D01017,TITANSEC,X,,,,,TITAN SECURITIES LTD.,42.60,42.60,42.00,42.00,42.00,41.91,,42.00,,,28252,1189767.00,60,F1,1,,,,,
2026-07-30,2026-07-30,CM,BSE,STK,530053,INE055E01034,REALECO,X,,,,,REAL ECO-ENERGY LIMITED,3.98,3.98,3.87,3.92,3.95,4.00,,3.92,,,3981,15733.00,62,F1,1,,,,,
2026-07-30,2026-07-30,CM,BSE,STK,530057,INE984E01035,VIVANZA,X,,,,,Vivanza Biosciences Limited,1.94,1.98,1.90,1.90,1.90,1.94,,1.90,,,2035,3877.00,9,F1,1,,,,,
2026-07-30,2026-07-30,CM,BSE,STK,530063,INE095C01018,YASHRAJC,XT,,,,,YASHRAJ CONTAINEURS LTD.,4.83,4.83,4.80,4.81,4.81,4.83,,4.81,,,155,746.00,4,F1,1,,,,,
2026-07-30,2026-07-30,CM,BSE,STK,530067,INE718F01018,CSLFINANCE,B,,,,,CSL Finance Limited,213.35,213.85,212.00,212.70,212.70,211.10,,212.13,,,106,22556.00,7,F1,1,,,,,
2026-07-30,2026-07-30,CM,BSE,STK,530073,INE989A01032,SANGHVIMOV,B,,,,,SANGHVI MOVERS LTD.,437.90,442.40,431.00,433.95,432.00,437.15,,433.95,,,20891,9074823.00,709,F1,1,,,,,
2026-07-30,2026-07-30,CM,BSE,STK,530075,INE818A01017,ANTELOPUS,B,,,,,Antelopus Selan Energy Limited,817.95,817.95,791.00,797.10,799.00,790.50,,797.60,,,5899,4731451.00,606,F1,1,,,,,
2026-07-30,2026-07-30,CM,BSE,STK,530077,INE795D01011,PURETROP,X,,,,,PURETROP FRUITS LIMITED,150.00,156.00,145.05,155.05,155.00,148.65,,155.05,,,6737,1024463.00,114,F1,1,,,,,
2026-07-30,2026-07-30,CM,BSE,STK,530079,INE963C01033,FAZE3Q,B,,,,,FAZE THREE LTD.,539.85,545.10,532.05,541.60,541.60,538.00,,544.40,,,418,224208.00,40,F1,1,,,,,
2026-07-30,2026-07-30,CM,BSE,STK,530093,INE715F01014,ACEEDU,Z,,,,,ACE EDUTREND LTD.,4.74,4.74,4.70,4.70,4.70,4.55,,4.70,,,15,70.00,3,F1,1,,,,,
2026-07-30,2026-07-30,CM,BSE,STK,530109,INE069B01023,ANUPAM,X,,,,,ANUPAM FINSERV LIMITED,1.90,1.93,1.88,1.90,1.91,1.89,,1.90,,,35339,67179.00,88,F1,1,,,,,
2026-07-30,2026-07-30,CM,BSE,STK,530111,INE639C01013,RAJPACK,X,,,,,RAJ PACKAGING INDUSTRIES LTD.,27.00,29.60,26.06,26.92,29.60,27.00,,26.92,,,59,1588.00,3,F1,1,,,,,
2026-07-30,2026-07-30,CM,BSE,STK,530117,INE959A01019,PRIVISCL,A,,,,,PRIVI SPECIALITY CHEMICALS LIM,3707.65,3732.35,3502.90,3568.10,3600.00,3696.10,,3573.00,,,10295,37355466.00,1483,F1,1,,,,,
2026-07-30,2026-07-30,CM,BSE,STK,530119,INE444D01016,NATRAJPR,X,,,,,NATRAJ PROTEINS LTD.,35.70,35.70,35.60,35.60,35.60,35.60,,35.60,,,62,2207.00,3,F1,1,,,,,
2026-07-30,2026-07-30,CM,BSE,STK,530125,INE103E01016,SAMRATPH,XT,,,,,SAMRAT PHARMACHEM LTD.,247.85,252.95,246.00,251.95,251.95,247.85,,251.95,,,326,80540.00,15,F1,1,,,,,
2026-07-30,2026-07-30,CM,BSE,STK,530127,INE446D01011,NPRFIN,X,,,,,NPR FINANCE LTD.,21.25,22.49,21.25,21.65,21.65,21.85,,21.65,,,29,623.00,5,F1,1,,,,,
2026-07-30,2026-07-30,CM,BSE,STK,530129,INE445D01013,NILE,B,,,,,NILE LTD.,1888.60,1910.15,1860.15,1890.00,1890.00,1885.15,,1880.10,,,760,1438417.00,66,F1,1,,,,,
2026-07-30,2026-07-30,CM,BSE,STK,530133,INE924B01011,AMCOIND,X,,,,,AMCO INDIA LTD.,70.00,73.00,67.15,68.82,69.00,70.15,,68.82,,,1343,92286.00,36,F1,1,,,,,
2026-07-30,2026-07-30,CM,BSE,STK,530135,INE350C01017,OPTIEMUS,B,,,,,OPTIEMUS INFRACOM LTD,615.25,625.00,607.85,619.45,614.30,624.95,,618.85,,,5846,3606479.00,334,F1,1,,,,,
2026-07-30,2026-07-30,CM,BSE,STK,530139,INE302C01018,KREONFIN,XT,,,,,KREON FINNANCIAL SERVICES LTD.,90.00,90.00,85.30,87.40,87.40,87.28,,87.40,,,14524,1273874.00,65,F1,1,,,,,
2026-07-30,2026-07-30,CM,BSE,STK,530141,INE487G01018,GYANDEV,XT,,,,,GYAN DEVELOPERS & BUILDERS LTD,55.08,55.08,55.08,55.08,55.08,55.08,,55.08,,,1,55.00,1,F1,1,,,,,
2026-07-30,2026-07-30,CM,BSE,STK,530145,INE017C01012,KISAN,XT,,,,,KISAN MOULDINGS LTD.,22.45,22.45,21.80,21.83,21.80,22.56,,21.83,,,56749,1252629.00,194,F1,1,,,,,
2026-07-30,2026-07-30,CM,BSE,STK,530163,INE817B01025,KERALAYUR,X,,,,,KERALA AYURVEDA LTD.,153.25,156.00,150.30,153.10,150.30,153.40,,153.10,,,4285,657703.00,82,F1,1,,,,,
2026-07-30,2026-07-30,CM,BSE,STK,530167,INE153K01018,MONGIPA,X,,,,,MOONGIPA CAPITAL FINANCE LTD.,16.00,16.25,16.00,16.21,16.23,16.00,,16.21,,,5292,84750.00,20,F1,1,,,,,
2026-07-30,2026-07-30,CM,BSE,STK,530169,INE388C01017,MOHITPPR,X,,,,,MOHIT PAPER MILLS LTD.,26.55,27.38,26.55,27.38,27.38,27.38,,27.38,,,268,7317.00,4,F1,1,,,,,
2026-07-30,2026-07-30,CM,BSE,STK,530171,INE108C01019,DAULAT,X,,,,,DAULAT SECURITIES LTD.,28.25,28.25,26.11,26.38,27.29,25.93,,26.38,,,607,16472.00,16,F1,1,,,,,
2026-07-30,2026-07-30,CM,BSE,STK,530175,INE213B01019,ODYSSEY,X,,,,,ODYSSEY TECHNOLOGIES LTD.,42.25,42.25,37.20,38.61,38.61,43.25,,38.61,,,33702,1327324.00,292,F1,1,,,,,
2026-07-30,2026-07-30,CM,BSE,STK,530179,INE015F01019,RSCINT,XT,,,,,RSC INTERNATIONAL LTD.,47.91,47.91,47.91,47.91,47.91,46.98,,47.91,,,7540,361241.00,17,F1,1,,,,,
2026-07-30,2026-07-30,CM,BSE,STK,530185,INE936A01025,SURATRAML,X,,,,,Surat Trade and Mercantile Lim,4.90,4.94,4.60,4.85,4.87,4.82,,4.85,,,44377,212499.00,161,F1,1,,,,,
2026-07-30,2026-07-30,CM,BSE,STK,530187,INE354E01031,ATHARVENT,X,,,,,ATHARV ENTERPRISES LTD.,3.90,4.78,3.80,4.69,4.69,3.99,,4.69,,,116426,553190.00,66,F1,1,,,,,
2026-07-30,2026-07-30,CM,BSE,STK,530197,INE365H01014,FUNDVISER,XT,,,,,FUNDVISER CAPITAL (INDIA) LIMI,390.00,390.00,385.00,385.00,385.00,385.00,,385.00,,,2015,775840.00,8,F1,1,,,,,
2026-07-30,2026-07-30,CM,BSE,STK,530199,INE083B01024,THEMISMED,B,,,,,THEMIS MEDICARE LTD.,106.90,107.60,103.75,104.10,104.70,107.55,,104.19,,,5637,591683.00,114,F1,1,,,,,
2026-07-30,2026-07-30,CM,BSE,STK,530201,INE629F01025,KALLAM,XT,,,,,KALLAM TEXTILES LTD,2.35,2.43,2.34,2.37,2.38,2.39,,2.37,,,5324,12530.00,42,F1,1,,,,,
2026-07-30,2026-07-30,CM,BSE,STK,530207,INE899B01015,BRAWN,X,,,,,BRAWN BIOTECH LTD.,22.00,22.00,21.10,21.10,21.10,21.95,,21.10,,,1101,24221.00,6,F1,1,,,,,
2026-07-30,2026-07-30,CM,BSE,STK,530213,INE501D01013,FORINTL,X,,,,,FORTUNE INTERNATIONAL LTD.,80.97,80.97,80.97,80.97,80.97,80.97,,80.97,,,5,404.00,1,F1,1,,,,,
2026-07-30,2026-07-30,CM,BSE,STK,530215,INE050N01010,KINGSINFR,X,,,,,KINGS INFRA VENTURES LIMITED,115.80,115.85,113.10,113.95,114.00,114.85,,113.95,,,7667,874455.00,134,F1,1,,,,,
2026-07-30,2026-07-30,CM,BSE,STK,530217,INE295B01016,SWOJAS,XT,,,,,SWOJAS FOODS LIMITED,9.10,9.10,9.06,9.06,9.06,9.10,,9.06,,,105,953.00,4,F1,1,,,,,
2026-07-30,2026-07-30,CM,BSE,STK,530233,INE292C01011,AUROLAB,X,,,,,AURO LABORATORIES LTD.,237.00,242.85,232.00,234.75,235.00,235.00,,234.75,,,315,74773.00,25,F1,1,,,,,
2026-07-30,2026-07-30,CM,BSE,STK,530235,INE533C01018,KJMCFIN,X,,,,,KJMC FINANCIAL SERVICES LTD.,53.00,53.00,52.99,53.00,53.00,52.53,,53.00,,,91,4822.00,10,F1,1,,,,,
2026-07-30,2026-07-30,CM,BSE,STK,530239,INE495B01038,SUVEN,B,,,,,SUVEN LIFE SCIENCES LTD.,313.50,314.65,298.00,299.60,298.65,313.25,,299.30,,,42526,12844810.00,798,F1,1,,,,,
2026-07-30,2026-07-30,CM,BSE,STK,530245,INE032E01017,ARYAMAN,X,,,,,ARYAMAN FINANCIAL SERVICES LTD,584.95,593.00,565.00,565.75,565.00,584.95,,565.75,,,2754,1579406.00,37,F1,1,,,,,
2026-07-30,2026-07-30,CM,BSE,STK,530249,INE958C01025,BRIDGESE,X,,,,,BRIDGE SECURITIES LTD.,14.80,15.19,13.82,14.06,14.06,14.95,,14.06,,,180026,2557368.00,740,F1,1,,,,,
2026-07-30,2026-07-30,CM,BSE,STK,530251,INE001O01029,RISAINTL,X,,,,,RISA INTERNATIONAL LTD.,0.40,0.42,0.40,0.42,0.42,0.42,,0.42,,,11654,4794.00,24,F1,1,,,,,
2026-07-30,2026-07-30,CM,BSE,STK,530253,INE497E01020,RAJTUBE,XT,,,,,RAJASTHAN TUBE MANUFACTURING C,11.80,11.80,11.21,11.23,11.23,11.80,,11.23,,,27715,311785.00,49,F1,1,,,,,
2026-07-30,2026-07-30,CM,BSE,STK,530255,INE961B01013,KAYPOWR,X,,,,,KAY POWER AND PAPER LTD.,9.82,9.82,8.86,8.86,8.86,9.84,,8.86,,,29034,264613.00,100,F1,1,,,,,
2026-07-30,2026-07-30,CM,BSE,STK,530259,INE003B01014,INTSTOIL,X,,,,,INTER STATE OIL CARRIER LTD.,42.00,42.00,38.15,38.25,38.25,38.69,,38.25,,,407,16022.00,12,F1,1,,,,,
2026-07-30,2026-07-30,CM,BSE,STK,530263,INE062C01042,GLOBALCA,X,,,,,GLOBAL CAPITAL MARKETS LTD.,0.48,0.48,0.45,0.47,0.47,0.46,,0.47,,,208443,98227.00,119,F1,1,,,,,
2026-07-30,2026-07-30,CM,BSE,STK,530265,INE584B01013,SAINIK,X,,,,,SAINIK FINANCE & INDUSTRIES LT,39.83,39.83,33.35,36.56,37.00,37.40,,36.56,,,670,23785.00,20,F1,1,,,,,
2026-07-30,2026-07-30,CM,BSE,STK,530267,INE021N01011,ARIGATO,XT,,,,,ARIGATO UNIVERSE LIMITED,43.45,43.47,43.42,43.42,43.42,45.70,,43.42,,,176,7645.00,9,F1,1,,,,,
2026-07-30,2026-07-30,CM,BSE,STK,530271,INE652D01014,RICHUNV,XT,,,,,RICH UNIVERSE NETWORK LTD.,8.97,9.88,8.95,8.95,8.95,9.41,,8.95,,,351,3149.00,9,F1,1,,,,,
2026-07-30,2026-07-30,CM,BSE,STK,530281,INE373C01019,QUANTDIA,XT,,,,,QUANTUM DIGITAL VISION (INDIA),35.70,35.82,35.70,35.82,35.82,34.12,,35.82,,,4628,165659.00,14,F1,1,,,,,
2026-07-30,2026-07-30,CM,BSE,STK,530299,INE823A01017,KOTHARIPRO,B,,,,,KOTHARI PRODUCTS LTD.,66.95,67.65,65.30,67.31,66.10,66.38,,66.51,,,1100,73833.00,82,F1,1,,,,,
2026-07-30,2026-07-30,CM,BSE,STK,530305,INE546C01010,PICCADIL,B,,,,,PICCADILY AGRO INDUSTRIES LTD.,732.00,733.45,715.00,717.10,721.85,732.05,,719.10,,,16668,12065675.00,1118,F1,1,,,,,
2026-07-30,2026-07-30,CM,BSE,STK,530307,INE419D01026,CLSEL,B,,,,,CHAMAN LAL SETIA EXPORTS LIMIT,274.00,285.30,273.35,280.50,280.00,278.95,,279.95,,,56113,15702033.00,221,F1,1,,,,,
2026-07-30,2026-07-30,CM,BSE,STK,530309,INE368D01025,CHANDRAP,X,,,,,CHANDRA PRABHU INTERNATIONAL L,12.15,12.50,11.13,12.39,12.49,11.68,,12.39,,,45234,545138.00,80,F1,1,,,,,
2026-07-30,2026-07-30,CM,BSE,STK,530313,INE285U01025,KIMIABL,X,,,,,KIMIA BIOSCIENCES LIMITED,32.00,32.50,31.00,31.00,31.00,31.01,,31.00,,,30011,951569.00,26,F1,1,,,,,
2026-07-30,2026-07-30,CM,BSE,STK,530315,INE428D01019,HINDTIN,X,,,,,HINDUSTAN TIN WORKS LTD.,103.00,103.30,100.00,102.65,102.00,102.05,,102.65,,,724,73859.00,33,F1,1,,,,,
2026-07-30,2026-07-30,CM,BSE,STK,530317,INE362C01012,GODAVARI,XT,,,,,GODAVARI DRUGS LTD.,110.00,110.50,106.00,106.50,106.50,109.00,,106.50,,,2814,303323.00,27,F1,1,,,,,
2026-07-30,2026-07-30,CM,BSE,STK,530331,INE001E01012,PREMCO,B,,,,,PREMCO GLOBAL LTD.,373.50,373.50,366.20,371.00,371.00,373.50,,367.10,,,31,11542.00,7,F1,1,,,,,
2026-07-30,2026-07-30,CM,BSE,STK,530341,INE596B01017,MUKESHB,X,,,,,MUKESH BABU FINANCIAL SERVICES,134.30,134.70,131.00,133.95,134.70,128.30,,133.95,,,551,74109.00,11,F1,1,,,,,
2026-07-30,2026-07-30,CM,BSE,STK,530343,INE955D01029,GENUSPOWER,A,,,,,GENUS POWER INFRASTRUCTURES LT,314.60,314.60,306.60,307.25,307.90,313.65,,307.40,,,99571,30794961.00,1530,F1,1,,,,,
2026-07-30,2026-07-30,CM,BSE,STK,530355,INE276G01015,ASIANENE,B,,,,,ASIAN ENERGY SERVICES LTD,394.65,403.50,385.00,392.55,392.80,388.80,,392.25,,,35219,13971485.00,1271,F1,1,,,,,
2026-07-30,2026-07-30,CM,BSE,STK,530357,INE883D01023,KBSINDIA,X,,,,,KBS INDIA LIMITED,1.47,1.49,1.37,1.39,1.40,1.49,,1.39,,,63913,89877.00,65,F1,1,,,,,
2026-07-30,2026-07-30,CM,BSE,STK,530361,INE428P01013,PRABHHANS,XT,,,,,PRABHHANS INDUSTRIES LIMITED,35.99,36.03,33.50,36.03,36.03,34.32,,36.03,,,6151,220574.00,24,F1,1,,,,,
2026-07-30,2026-07-30,CM,BSE,STK,530363,INE071E01023,UGARSUGAR,B,,,,,UGAR SUGAR WORKS LTD.,40.00,40.78,39.89,40.03,40.03,40.59,,40.02,,,6010,241795.00,103,F1,1,,,,,
2026-07-30,2026-07-30,CM,BSE,STK,530365,INE607D01018,ORIENTBELL,B,,,,,ORIENT BELL LIMITED,316.75,321.90,313.80,321.90,321.90,319.35,,321.10,,,206,65750.00,35,F1,1,,,,,
2026-07-30,2026-07-30,CM,BSE,STK,530367,INE349A01021,NRBBEARING,B,,,,,NRB BEARINGS LTD.,420.60,427.55,412.70,417.00,418.50,427.60,,416.20,,,20011,8325412.00,744,F1,1,,,,,
2026-07-30,2026-07-30,CM,BSE,STK,530369,INE380C01014,VAMSHIRU,X,,,,,VAMSHI RUBBER LTD.,39.80,45.12,39.50,45.12,45.12,37.60,,45.12,,,18959,848862.00,95,F1,1,,,,,
2026-07-30,2026-07-30,CM,BSE,STK,530377,INE937C01029,NILAINFRA,B,,,,,NILA INFRASTRUCTURES LTD.,7.21,7.39,7.20,7.23,7.29,7.40,,7.24,,,18653,135512.00,101,F1,1,,,,,
2026-07-30,2026-07-30,CM,BSE,STK,530393,INE921B01025,DBSTOCKBRO,T,,,,,DB (INTERNATIONAL) STOCK BROKE,33.50,33.50,33.45,33.45,33.45,34.58,,33.52,,,51834,1733901.00,14,F1,1,,,,,
2026-07-30,2026-07-30,CM,BSE,STK,530401,INE526H01011,VINYOFL,X,,,,,VINYOFLEX LTD.,51.87,57.00,51.50,55.13,57.00,51.87,,55.13,,,977,53289.00,13,F1,1,,,,,
2026-07-30,2026-07-30,CM,BSE,STK,530405,INE356F01017,JINDCAP,X,,,,,JINDAL CAPITAL LTD.,30.60,31.75,30.02,30.73,30.68,30.49,,30.73,,,1763,54319.00,41,F1,1,,,,,
2026-07-30,2026-07-30,CM,BSE,STK,530407,INE932F01015,EPIC,X,,,,,EPIC ENERGY LTD.,34.15,36.95,33.50,35.28,35.49,34.15,,35.28,,,13763,477659.00,108,F1,1,,,,,
2026-07-30,2026-07-30,CM,BSE,STK,530419,INE886B01012,SUMEDHA,X,,,,,SUMEDHA FISCAL SERVICES LTD.,39.00,39.00,37.70,38.81,38.95,38.05,,38.81,,,1989,76855.00,23,F1,1,,,,,
2026-07-30,2026-07-30,CM,BSE,STK,530421,INE430F01010,KUWERIN,X,,,,,KUWER INDUSTRIES LTD.,9.97,10.49,9.77,10.12,10.29,9.98,,10.12,,,2550,25340.00,29,F1,1,,,,,
2026-07-30,2026-07-30,CM,BSE,STK,530427,INE865B01016,CHOKSI,X,,,,,CHOKSI ASIA LIMITED,236.00,236.00,214.45,220.20,222.00,220.35,,220.20,,,1942,430725.00,51,F1,1,,,,,
2026-07-30,2026-07-30,CM,BSE,STK,530429,INE831C01016,ASHISHPO,X,,,,,ASHISH POLYPLAST LTD.,28.60,28.60,28.60,28.60,28.60,28.11,,28.60,,,28,800.00,2,F1,1,,,,,
2026-07-30,2026-07-30,CM,BSE,STK,530433,INE960E01019,SHIVAAGRO,X,,,,,SHIVA GLOBAL AGRO INDUSTRIES L,38.76,39.00,38.20,38.80,38.70,38.95,,38.80,,,814,31493.00,13,F1,1,,,,,
2026-07-30,2026-07-30,CM,BSE,STK,530439,INE140C01012,SIDDHA,X,,,,,SIDDHA VENTURES LTD.,4.12,4.13,4.12,4.12,4.12,4.20,,4.12,,,3049,12562.00,14,F1,1,,,,,
2026-07-30,2026-07-30,CM,BSE,STK,530445,INE764B01029,SUMERUIND,X,,,,,SUMERU INDUSTRIES LTD.,1.46,1.65,1.44,1.46,1.47,1.49,,1.46,,,28190,41290.00,45,F1,1,,,,,
2026-07-30,2026-07-30,CM,BSE,STK,530449,INE347C01013,RUNGTAIR,X,,,,,RUNGTA IRRIGATION LTD.,47.66,48.90,47.45,48.80,48.80,48.30,,48.80,,,305,14523.00,15,F1,1,,,,,
2026-07-30,2026-07-30,CM,BSE,STK,530457,INE959B01017,GTTDATA,X,,,,,GTT DATA SOLUTIONS LIMITED,52.00,52.90,47.10,50.04,50.04,52.68,,50.04,,,62401,3075450.00,590,F1,1,,,,,
2026-07-30,2026-07-30,CM,BSE,STK,530459,INE808A01018,VALSONQ,X,,,,,VALSON INDUSTRIES LTD.,35.83,37.82,33.13,36.39,36.39,35.83,,36.39,,,1008,33975.00,15,F1,1,,,,,
2026-07-30,2026-07-30,CM,BSE,STK,530461,INE440C01016,SABOOSOD,X,,,,,SABOO SODIUM CHLORO LTD.,12.94,12.94,12.07,12.73,12.73,12.42,,12.73,,,30258,382172.00,87,F1,1,,,,,
2026-07-30,2026-07-30,CM,BSE,STK,530469,INE721D01017,GSLSEC,XT,,,,,GSL SECURITIES LTD.,43.66,43.66,41.90,41.90,41.90,42.80,,41.90,,,51,2138.00,5,F1,1,,,,,
2026-07-30,2026-07-30,CM,BSE,STK,530475,INE015C01016,TINNARUBR,B,,,,,TINNA RUBBER AND INFRASTRUCTUR,1149.75,1149.75,1032.00,1043.20,1042.20,1098.80,,1042.25,,,10498,11043783.00,754,F1,1,,,,,
2026-07-30,2026-07-30,CM,BSE,STK,530477,INE337E01010,VIKRAMTH,XT,,,,,VIKRAM THERMO (INDIA) LTD.,247.00,247.00,232.75,244.70,245.10,245.00,,244.70,,,15600,3799572.00,133,F1,1,,,,,
2026-07-30,2026-07-30,CM,BSE,STK,530495,INE473C01025,STRATMONT,XT,,,,,STRATMONT INDUSTRIES LIMITED,62.90,62.90,59.77,59.77,59.77,62.86,,59.77,,,262,16460.00,6,F1,1,,,,,
2026-07-30,2026-07-30,CM,BSE,STK,530499,INE701G01012,AKCAPIT,B,,,,,A.K.CAPITAL SERVICES LTD.,1700.00,1741.20,1690.00,1705.40,1706.00,1703.25,,1703.40,,,3307,5647373.00,285,F1,1,,,,,
2026-07-30,2026-07-30,CM,BSE,STK,530517,INE131B01039,RELAXO,A,,,,,RELAXO FOOTWEARS LTD.,416.70,416.70,400.00,408.00,406.00,408.55,,408.15,,,29687,12164079.00,828,F1,1,,,,,
2026-07-30,2026-07-30,CM,BSE,STK,530521,INE467D01017,VIRAT,X,,,,,VIRAT INDUSTRIES LTD.,333.50,334.00,313.70,325.20,325.80,333.50,,325.20,,,808,267030.00,54,F1,1,,,,,
2026-07-30,2026-07-30,CM,BSE,STK,530525,INE786J01033,RRETAIL,X,,,,,RAJNISH RETAIL LIMITED,2.42,2.43,2.30,2.37,2.36,2.35,,2.37,,,82572,195917.00,133,F1,1,,,,,
2026-07-30,2026-07-30,CM,BSE,STK,530533,INE390D01011,TERAI,X,,,,,TERAI TEA CO.LTD.,116.50,116.55,116.50,116.55,116.55,116.50,,116.55,,,21,2447.00,3,F1,1,,,,,
2026-07-30,2026-07-30,CM,BSE,STK,530545,INE949B01018,COSCO,X,,,,,COSCO (INDIA) LTD.,186.40,189.80,185.00,185.60,189.80,189.00,,185.60,,,277,51456.00,21,F1,1,,,,,
2026-07-30,2026-07-30,CM,BSE,STK,530549,INE790G01031,SHILPAMED,A,,,,,SHILPA MEDICARE LTD.,609.05,612.60,601.35,603.60,604.65,604.65,,602.95,,,12429,7552354.00,535,F1,1,,,,,
2026-07-30,2026-07-30,CM,BSE,STK,530555,INE074B01023,PARACABLES,B,,,,,PARAMOUNT COMMUNICATIONS LTD.,63.00,64.48,62.42,62.65,62.68,63.57,,62.69,,,71805,4564996.00,522,F1,1,,,,,
2026-07-30,2026-07-30,CM,BSE,STK,530557,INE132F01038,NCLRESE,XT,,,,,NCL RESEARCH & FINANCIAL SERVI,0.75,0.78,0.75,0.77,0.77,0.78,,0.77,,,4568760,3470590.00,1091,F1,1,,,,,
2026-07-30,2026-07-30,CM,BSE,STK,530579,INE152C01025,UYFINCORP,B,,,,,U. Y. FINCORP LIMITED,19.89,19.95,19.15,19.83,19.83,19.62,,19.79,,,62640,1244231.00,328,F1,1,,,,,
2026-07-30,2026-07-30,CM,BSE,STK,530581,INE906L01025,EKAMLEA,XT,,,,,EKAM LEASING & FINANCE CO.LTD.,7.86,7.93,7.51,7.92,7.90,7.56,,7.92,,,8080,64002.00,13,F1,1,,,,,
2026-07-30,2026-07-30,CM,BSE,STK,530585,INE691C01022,SWASTIKA,XT,,,,,SWASTIKA INVESTMART LIMITED,119.65,120.64,112.10,112.91,112.10,115.03,,112.91,,,18244,2132854.00,107,F1,1,,,,,
2026-07-30,2026-07-30,CM,BSE,STK,530589,INE573B01016,PRIMAPLA,XT,,,,,PRIMA PLASTICS LTD.,123.20,123.20,121.00,122.00,122.00,123.20,,122.00,,,2731,334202.00,34,F1,1,,,,,
2026-07-30,2026-07-30,CM,BSE,STK,530595,INE381G01013,TELECANOR,X,,,,,TELECANOR GLOBAL LTD.,24.10,25.59,24.10,24.92,25.00,24.69,,24.92,,,3953,97019.00,65,F1,1,,,,,
2026-07-30,2026-07-30,CM,BSE,STK,530601,INE582C01015,JAGSONSER,X,,,,,JAGSONPAL SERVICES LIMITED,57.28,57.78,57.22,57.50,57.50,57.00,,57.50,,,331,19048.00,10,F1,1,,,,,
2026-07-30,2026-07-30,CM,BSE,STK,530615,INE194E01015,GARGFUR,X,,,,,GARG FURNACE LTD.,121.70,143.95,120.20,136.25,135.00,120.50,,136.25,,,107406,14659738.00,598,F1,1,,,,,
2026-07-30,2026-07-30,CM,BSE,STK,530617,INE375C01022,SAMPRE,X,,,,,SAMPRE NUTRITIONS LTD.,5.50,5.50,5.17,5.17,5.17,5.44,,5.17,,,190938,996437.00,208,F1,1,,,,,
2026-07-30,2026-07-30,CM,BSE,STK,530621,INE864E01021,AAIL,X,,,,,Akar Auto Industries Limited,122.00,122.00,113.05,114.94,113.05,115.07,,114.94,,,6452,747212.00,63,F1,1,,,,,
2026-07-30,2026-07-30,CM,BSE,STK,530627,INE834D01018,VIPULORG,X,,,,,Vipul Organics Limited,266.00,266.00,245.25,252.80,253.00,265.25,,252.80,,,11426,2877395.00,184,F1,1,,,,,
2026-07-30,2026-07-30,CM,BSE,STK,530643,INE316A01038,ECORECO,XT,,,,,ECO RECYCLING LTD.,504.00,504.00,484.05,490.30,493.50,492.60,,490.30,,,6281,3106509.00,323,F1,1,,,,,
2026-07-30,2026-07-30,CM,BSE,STK,530655,INE127I01024,GOODLUCK,B,,,,,Goodluck India Limited,1528.05,1530.00,1477.20,1484.50,1483.00,1529.70,,1484.70,,,5134,7697779.00,512,F1,1,,,,,
2026-07-30,2026-07-30,CM,BSE,STK,530663,INE912B01032,GOYALASS,X,,,,,GOYAL ASSOCIATES LTD.,0.89,0.91,0.88,0.91,0.91,0.78,,0.91,,,68543,61418.00,33,F1,1,,,,,
2026-07-30,2026-07-30,CM,BSE,STK,530665,INE812B01026,ZENITHHE,X,,,,,ZENITH HEALTH CARE LTD.,3.11,3.22,3.11,3.18,3.19,3.15,,3.18,,,8620,27360.00,67,F1,1,,,,,
2026-07-30,2026-07-30,CM,BSE,STK,530675,INE057Q01018,YORKEXP,X,,,,,YORK EXPORTS LTD.,55.00,56.00,55.00,56.00,56.00,54.60,,56.00,,,116,6484.00,7,F1,1,,,,,
2026-07-30,2026-07-30,CM,BSE,STK,530677,INE822E01011,SUPREME,B,,,,,SUPREME HOLDINGS & HOSPITALITY,46.00,49.00,45.02,45.52,46.25,45.14,,45.31,,,7228,338284.00,226,F1,1,,,,,
2026-07-30,2026-07-30,CM,BSE,STK,530689,INE624M01014,LYKISLTD,X,,,,,LYKIS LIMITED,46.00,47.90,44.30,45.08,45.50,46.93,,45.08,,,31125,1432712.00,59,F1,1,,,,,
2026-07-30,2026-07-30,CM,BSE,STK,530695,INE233C01023,PRIMEPRO,XT,,,,,PRIME PROPERTY DEVELOPMENT COR,28.28,28.28,25.66,27.80,27.80,27.01,,27.80,,,2002,55033.00,13,F1,1,,,,,
2026-07-30,2026-07-30,CM,BSE,STK,530697,INE546F01013,ZENLABS,XT,,,,,Zenlabs Ethica Limited,28.50,29.98,28.50,29.98,29.98,28.92,,29.98,,,2,58.00,2,F1,1,,,,,
2026-07-30,2026-07-30,CM,BSE,STK,530699,INE533D01032,RAJRILTD,T,,,,,RAJ RAYON INDUSTRIES LIMITED,20.50,20.50,20.26,20.40,20.40,20.15,,20.41,,,441,8989.00,11,F1,1,,,,,
2026-07-30,2026-07-30,CM,BSE,STK,530705,INE161F01011,ANIRIT,XT,,,,,ANIRIT VENTURES LIMITED,44.59,44.59,44.59,44.59,44.59,44.59,,44.59,,,458,20422.00,4,F1,1,,,,,
2026-07-30,2026-07-30,CM,BSE,STK,530709,INE225G01012,GOWRALE,XT,,,,,GOWRA LEASING & FINANCE LTD.,94.50,98.55,94.00,98.05,98.55,98.50,,98.05,,,804,78755.00,22,F1,1,,,,,
2026-07-30,2026-07-30,CM,BSE,STK,530711,INE144C01014,JAGANLAM,X,,,,,JAGAN LAMPS LTD.,46.89,47.00,43.01,45.00,44.99,44.76,,45.00,,,3147,143589.00,54,F1,1,,,,,
2026-07-30,2026-07-30,CM,BSE,STK,530723,INE041B01014,ASITCFIN,X,,,,,ASIT C.MEHTA FINANCIAL SERVICE,114.00,114.50,114.00,114.50,114.50,109.30,,114.50,,,303,34593.00,6,F1,1,,,,,
2026-07-30,2026-07-30,CM,BSE,STK,530733,INE900O01014,ENCODE,X,,,,,ENCODE PACKAGING INDIA LIMITED,11.93,11.93,11.39,11.39,11.39,11.98,,11.39,,,51,607.00,3,F1,1,,,,,
2026-07-30,2026-07-30,CM,BSE,STK,530741,INE812S01012,OVOBELE,XT,,,,,OVOBEL FOODS LTD.,182.90,182.90,168.50,169.10,174.60,177.35,,169.10,,,8005,1375805.00,172,F1,1,,,,,
2026-07-30,2026-07-30,CM,BSE,STK,530745,INE366C01021,ACSTECH,B,,,,,ACS TECHNOLOGIES LIMITED,39.66,40.06,39.40,40.00,40.00,39.50,,39.91,,,4795,191737.00,29,F1,1,,,,,
2026-07-30,2026-07-30,CM,BSE,STK,530755,INE715D01019,CORNE,X,,,,,CORAL NEWSPRINTS LTD.,9.90,9.90,9.81,9.81,9.81,9.91,,9.81,,,55,543.00,6,F1,1,,,,,
2026-07-30,2026-07-30,CM,BSE,STK,530757,INE0OUS01011,SHENTRA,XT,,,,,SHENTRACON CHEMICALS LTD.,131.00,133.60,131.00,131.00,131.00,131.00,,131.00,,,216,28337.00,5,F1,1,,,,,
2026-07-30,2026-07-30,CM,BSE,STK,530759,INE334A01023,STERTOOLS,T,,,,,STERLING TOOLS LTD.,239.80,249.00,236.90,247.75,249.00,239.80,,246.53,,,3300,805067.00,91,F1,1,,,,,
2026-07-30,2026-07-30,CM,BSE,STK,530789,INE358C01010,CEEJAY,X,,,,,CEEJAY FINANCE LTD.,168.00,171.00,165.15,171.00,171.00,173.80,,171.00,,,98,16228.00,19,F1,1,,,,,
2026-07-30,2026-07-30,CM,BSE,STK,530795,INE584D01019,SUNCITYSY,X,,,,,SUNCITY SYNTHETICS LTD.,7.93,7.93,7.55,7.55,7.55,7.93,,7.55,,,21,166.00,2,F1,1,,,,,
2026-07-30,2026-07-30,CM,BSE,STK,530799,INE336D01014,ANNAINFRA,X,,,,,ANNA INFRASTRUCTURES LTD.,27.00,27.00,25.05,25.99,26.00,26.22,,25.99,,,312,8176.00,10,F1,1,,,,,
2026-07-30,2026-07-30,CM,BSE,STK,530803,INE354C01027,BHAGERIA,T,,,,,Bhageria Industries Limited,208.00,209.00,199.65,201.00,201.00,206.10,,202.05,,,2262,458936.00,54,F1,1,,,,,
2026-07-30,2026-07-30,CM,BSE,STK,530805,INE125F01032,OIVL,XT,,,,,ONESOURCE INDUSTRIES AND VENTU,5.52,5.90,5.52,5.59,5.60,5.71,,5.59,,,16743,93508.00,59,F1,1,,,,,
2026-07-30,2026-07-30,CM,BSE,STK,530809,INE355C01016,BNRUDY,X,,,,,BNR UDYOG LTD.,35.01,37.00,30.00,32.38,36.39,35.01,,32.38,,,300,10109.00,21,F1,1,,,,,
2026-07-30,2026-07-30,CM,BSE,STK,530813,INE001B01026,KRBL,A,,,,,KRBL LTD.,348.05,352.30,345.05,349.95,349.65,348.30,,350.65,,,6983,2443694.00,169,F1,1,,,,,
2026-07-30,2026-07-30,CM,BSE,STK,530821,INE838C01011,SSPDL,X,,,,,SSPDL LTD.,17.79,17.79,17.74,17.74,17.74,16.99,,17.74,,,236,4197.00,6,F1,1,,,,,
2026-07-30,2026-07-30,CM,BSE,STK,530825,INE789B01018,DAIKAFFI,XT,,,,,DAIKAFFIL CHEMICALS INDIA LTD.,46.50,46.50,45.06,45.58,45.06,45.73,,45.58,,,625,28679.00,11,F1,1,,,,,
2026-07-30,2026-07-30,CM,BSE,STK,530829,INE830A01012,CILSEC,X,,,,,CIL SECURITIES LIMITED,35.00,36.55,35.00,36.52,35.51,35.37,,36.52,,,210,7508.00,11,F1,1,,,,,
2026-07-30,2026-07-30,CM,BSE,STK,530839,INE011B01017,CLIOINFO,XT,,,,,CLIO INFOTECH LTD.,12.59,12.65,11.55,12.53,12.65,12.05,,12.53,,,16213,201688.00,77,F1,1,,,,,
2026-07-30,2026-07-30,CM,BSE,STK,530843,INE509F01029,CUPID,A,,,,,CUPID LTD.,234.20,234.60,226.35,228.95,228.95,233.90,,228.94,,,2235295,515552588.00,14805,F1,1,,,,,
2026-07-30,2026-07-30,CM,BSE,STK,530845,INE199E01014,SUNSHIEL,X,,,,,SUNSHIELD CHEMICALS LTD.,1204.60,1204.60,1150.00,1165.50,1180.50,1178.10,,1165.50,,,773,901998.00,91,F1,1,,,,,
2026-07-30,2026-07-30,CM,BSE,STK,530853,INE963A01011,HIPOLIN,XT,,,,,HIPOLIN LTD.,109.86,109.86,109.86,109.86,109.86,107.71,,109.86,,,1245,136775.00,12,F1,1,,,,,
2026-07-30,2026-07-30,CM,BSE,STK,530855,INE545E01018,GDLLEAS,XT,,,,,GDL LEASING & FINANCE LTD.,68.99,68.99,68.99,68.99,68.99,68.99,,68.99,,,1,68.00,1,F1,1,,,,,
2026-07-30,2026-07-30,CM,BSE,STK,530871,INE995D01025,CHEMBOND,T,,,,,Chembond Material Technologies,170.00,170.00,170.00,170.00,170.00,178.00,,167.24,,,16,2720.00,3,F1,1,,,,,
2026-07-30,2026-07-30,CM,BSE,STK,530879,INE345H01024,CIFL,B,,,,,CAPITAL INDIA FINANCE LIMITED,20.64,21.39,20.22,20.92,21.39,20.58,,20.99,,,17511,362760.00,278,F1,1,,,,,
2026-07-30,2026-07-30,CM,BSE,STK,530881,INE485K01022,ABVL,X,,,,,Arunjyoti Bio Ventures Limited,5.16,5.20,5.05,5.14,5.17,5.16,,5.14,,,96106,494606.00,248,F1,1,,,,,
2026-07-30,2026-07-30,CM,BSE,STK,530883,INE366G01022,SUCROSA,X,,,,,SUPER CROP SAFE LTD.,14.24,14.40,14.04,14.31,14.31,14.18,,14.31,,,111273,1587077.00,172,F1,1,,,,,
2026-07-30,2026-07-30,CM,BSE,STK,530897,INE825C01018,NGIND,X,,,,,N.G.INDUSTRIES LTD.,112.00,112.00,111.00,111.00,111.00,116.00,,111.00,,,120,13388.00,6,F1,1,,,,,
2026-07-30,2026-07-30,CM,BSE,STK,530907,INE417F01017,SICAPIT,XT,,,,,SI CAPITAL & FINANCIAL SERVICE,32.60,32.60,29.51,30.21,30.21,31.06,,30.21,,,23396,702085.00,151,F1,1,,,,,
2026-07-30,2026-07-30,CM,BSE,STK,530919,INE474C01023,REMSONSIND,B,,,,,REMSONS INDUSTRIES LTD.,79.13,84.60,78.82,83.57,83.50,80.00,,83.79,,,32669,2693752.00,599,F1,1,,,,,
2026-07-30,2026-07-30,CM,BSE,STK,530925,INE609D01014,RAMSONS,X,,,,,RAMSONS PROJECTS LTD.,94.50,94.50,85.50,91.99,91.99,90.00,,91.99,,,334,28827.00,13,F1,1,,,,,
2026-07-30,2026-07-30,CM,BSE,STK,530943,INE416A01051,AQYLON,B,,,,,Aqylon Nexus Limited,24.00,25.30,23.48,25.28,25.28,24.10,,25.27,,,2365434,59785540.00,829,F1,1,,,,,
2026-07-30,2026-07-30,CM,BSE,STK,530951,INE357B01022,RAMINFO,X,,,,,RAMINFO LIMITED,42.64,44.68,42.64,43.36,43.79,43.94,,43.36,,,3086,133249.00,50,F1,1,,,,,
2026-07-30,2026-07-30,CM,BSE,STK,530953,INE224D01012,SUNILAGR,X,,,,,SUNIL AGRO FOODS LTD.,85.90,85.90,85.89,85.89,85.89,84.09,,85.89,,,10,858.00,2,F1,1,,,,,
2026-07-30,2026-07-30,CM,BSE,STK,530959,INE012E01035,DIANATEA,X,,,,,DIANA TEA CO.LTD.,24.00,24.79,24.00,24.31,24.77,24.86,,24.31,,,2167,52599.00,22,F1,1,,,,,
2026-07-30,2026-07-30,CM,BSE,STK,530961,INE806A01020,VIKASECO,B,,,,,Vikas EcoTech Limited,1.12,1.12,1.08,1.10,1.10,1.11,,1.09,,,455644,503738.00,235,F1,1,,,,,
2026-07-30,2026-07-30,CM,BSE,STK,530965,INE242A01010,IOC,A,,,,,INDIAN OIL CORPORATION LTD.,140.15,141.00,139.35,139.95,139.80,140.05,,139.94,,,1355050,190470937.00,4071,F1,1,,,,,
2026-07-30,2026-07-30,CM,BSE,STK,530973,INE042C01010,ALFAICA,X,,,,,ALFA ICA (INDIA) LTD.,75.40,75.60,75.40,75.50,75.60,72.00,,75.50,,,20,1510.00,2,F1,1,,,,,
2026-07-30,2026-07-30,CM,BSE,STK,530977,INE260E01014,SKCIL,X,,,,,Shri Keshav Cements and Infra,120.00,122.00,114.35,115.85,120.95,120.70,,115.85,,,367,43128.00,91,F1,1,,,,,
2026-07-30,2026-07-30,CM,BSE,STK,530979,INE274E01015,INDIAHOME,X,,,,,INDIA HOME LOAN LTD.,32.00,32.00,29.80,29.82,30.80,30.50,,29.82,,,2528,75610.00,29,F1,1,,,,,
2026-07-30,2026-07-30,CM,BSE,STK,530991,INE443C01010,ROOPAIND,X,,,,,ROOPA INDUSTRIES LTD.,50.40,50.40,47.71,48.02,47.75,50.99,,48.02,,,199,9566.00,12,F1,1,,,,,
2026-07-30,2026-07-30,CM,BSE,STK,530997,INE333E01019,UNIQUEO,X,,,,,UNIQUE ORGANICS LTD.,79.50,82.35,78.00,79.54,80.95,79.48,,79.54,,,1989,158382.00,35,F1,1,,,,,
2026-07-30,2026-07-30,CM,BSE,STK,530999,INE050E01027,BALAMINES,B,,,,,BALAJI AMINES LTD.,2268.85,2268.85,2220.00,2245.65,2235.95,2269.80,,2243.50,,,9109,20346528.00,667,F1,1,,,,,
2026-07-30,2026-07-30,CM,BSE,STK,531003,INE595G01018,SWRNASE,X,,,,,SWARNA SECURITIES LTD.,91.41,91.41,91.00,91.00,91.00,87.06,,91.00,,,8,728.00,3,F1,1,,,,,
2026-07-30,2026-07-30,CM,BSE,STK,531015,INE154G01022,VENMAX,X,,,,,VENMAX DRUGS AND PHARMACEUTICA,20.00,20.00,16.70,19.40,19.46,17.89,,19.40,,,5683,105176.00,47,F1,1,,,,,
2026-07-30,2026-07-30,CM,BSE,STK,531017,INE190D01015,ARISE,X,,,,,ARIHANTS SECURITIES LTD.,19.29,19.29,17.18,18.98,18.98,18.96,,18.98,,,41,762.00,13,F1,1,,,,,
2026-07-30,2026-07-30,CM,BSE,STK,531025,INE309H01038,VISAGAR,X,,,,,VISAGAR FINANCIAL SERVICES LTD,0.32,0.32,0.31,0.32,0.32,0.31,,0.32,,,470359,146938.00,201,F1,1,,,,,
2026-07-30,2026-07-30,CM,BSE,STK,531033,INE101E01010,REGAL,X,,,,,REGAL ENTERTAINMENT & CONSULTA,15.60,15.66,14.07,15.13,14.08,15.55,,15.13,,,27519,430676.00,14,F1,1,,,,,
2026-07-30,2026-07-30,CM,BSE,STK,531035,INE432F01032,EBIX,XT,,,,,EBIX LIMITED,20.70,21.49,20.35,20.59,20.90,20.70,,20.59,,,119500,2486352.00,257,F1,1,,,,,
2026-07-30,2026-07-30,CM,BSE,STK,531039,INE0P4R01017,SWADHATURE,XT,,,,,Swadha Nature Limited,9.12,9.12,9.12,9.12,9.12,9.59,,9.12,,,66,601.00,2,F1,1,,,,,
2026-07-30,2026-07-30,CM,BSE,STK,531041,INE823B01015,COMPEAU,X,,,,,COMPETENT AUTOMOBILES CO.LTD.,373.05,373.05,355.15,359.45,360.00,366.65,,359.45,,,6148,2228652.00,85,F1,1,,,,,
2026-07-30,2026-07-30,CM,BSE,STK,531043,INE239F01015,ZDHJERK,X,,,,,DHANVANTRI JEEVAN REKHA LTD.,26.71,26.71,25.50,25.50,25.50,25.44,,25.50,,,2,52.00,2,F1,1,,,,,
2026-07-30,2026-07-30,CM,BSE,STK,531049,INE741D01015,NEELKAN,Z,,,,,NEELKANTH ROCKMINERALS LTD.,48.80,48.80,48.80,48.80,48.80,47.85,,48.80,,,6170,301096.00,11,F1,1,,,,,
2026-07-30,2026-07-30,CM,BSE,STK,531067,INE080G01029,CONTILI,X,,,,,CONTIL INDIA LTD.,21.22,23.22,20.11,20.63,20.57,20.80,,20.63,,,875,18458.00,28,F1,1,,,,,
2026-07-30,2026-07-30,CM,BSE,STK,531069,INE362D01010,VIJSOLX,XT,,,,,VIJAY SOLVEX LTD.,709.00,709.00,685.00,685.10,685.10,691.90,,685.10,,,395,271282.00,19,F1,1,,,,,
2026-07-30,2026-07-30,CM,BSE,STK,531082,INE914E01040,ALANKIT,B,,,,,ALANKIT,7.89,7.94,7.81,7.84,7.83,7.85,,7.87,,,5584,43824.00,35,F1,1,,,,,
2026-07-30,2026-07-30,CM,BSE,STK,531083,INE876E01033,NIHARINF,X,,,,,NIHAR INFO GLOBAL LTD.,5.99,5.99,5.95,5.95,5.95,5.99,,5.95,,,512,3046.00,9,F1,1,,,,,
2026-07-30,2026-07-30,CM,BSE,STK,531091,INE858C01027,UNITDCR,X,,,,,UNITED CREDIT LTD.,27.00,27.00,24.35,26.85,26.85,27.00,,26.85,,,1958,51652.00,25,F1,1,,,,,
2026-07-30,2026-07-30,CM,BSE,STK,531092,INE239D01028,OMINFRAL,B,,,,,OM INFRA LIMITED,89.01,90.00,87.50,88.00,88.22,89.99,,88.01,,,8763,778701.00,192,F1,1,,,,,
2026-07-30,2026-07-30,CM,BSE,STK,531099,INE396H01019,CENTUPLE,X,,,,,CENTUPLE GLOBAL LIMITED,34.20,37.25,33.72,35.80,37.25,36.53,,35.80,,,265,9247.00,18,F1,1,,,,,
2026-07-30,2026-07-30,CM,BSE,STK,531109,INE561M01018,ISHANCH,B,,,,,Ishan Dyes and Chemicals Limit,51.51,51.51,50.67,51.00,50.67,52.00,,50.84,,,647,33054.00,11,F1,1,,,,,
2026-07-30,2026-07-30,CM,BSE,STK,531112,INE011E01029,BALUFORGE,A,,,,,BALU FORGE INDUSTRIES LIMITED,445.20,445.20,431.60,433.20,433.45,441.15,,433.00,,,6935,3011655.00,264,F1,1,,,,,
2026-07-30,2026-07-30,CM,BSE,STK,531119,INE418D01010,CEENIK,XT,,,,,CEENIK EXPORTS (INDIA) LTD.,275.90,275.90,256.50,257.45,268.00,269.00,,257.45,,,1276,328646.00,28,F1,1,,,,,
2026-07-30,2026-07-30,CM,BSE,STK,531120,INE244B01030,PATELENG,A,,,,,PATEL ENGINEERING LTD.,27.80,27.96,27.27,27.35,27.41,27.80,,27.38,,,348223,9604030.00,952,F1,1,,,,,
2026-07-30,2026-07-30,CM,BSE,STK,531126,INE237C01016,KATIPATANG,X,,,,,KATI PATANG LIFESTYLE LIMITED,13.75,13.98,13.01,13.13,13.36,13.48,,13.13,,,20998,281198.00,82,F1,1,,,,,
2026-07-30,2026-07-30,CM,BSE,STK,531127,INE148B01033,MENAMANI,XT,,,,,MENA MANI INDUSTRIES LIMITED,11.79,11.79,11.50,11.60,11.68,11.57,,11.60,,,121439,1400188.00,100,F1,1,,,,,
2026-07-30,2026-07-30,CM,BSE,STK,531129,INE635D01027,INANI,X,,,,,INANI MARBLES & INDUSTRIES LTD,10.89,10.89,8.83,8.92,9.14,10.50,,8.92,,,184962,1677382.00,351,F1,1,,,,,
2026-07-30,2026-07-30,CM,BSE,STK,531137,INE503D01027,GEMSI,X,,,,,GEMSTONE INVESTMENTS LTD.,1.48,1.48,1.42,1.46,1.44,1.44,,1.46,,,30906,45048.00,119,F1,1,,,,,
2026-07-30,2026-07-30,CM,BSE,STK,531144,INE158F01017,ELFORGE,X,,,,,EL FORGE LTD.,18.98,18.98,18.00,18.11,18.38,18.39,,18.11,,,10961,198933.00,55,F1,1,,,,,
2026-07-30,2026-07-30,CM,BSE,STK,531146,INE646B01010,MEDICAMEQ,B,,,,,MEDICAMEN BIOTECH LTD.,235.30,237.25,235.20,237.15,237.25,235.25,,235.80,,,1011,239798.00,137,F1,1,,,,,
2026-07-30,2026-07-30,CM,BSE,STK,531147,INE062D01024,ALICON,B,,,,,ALICON CASTALLOY LIMITED,676.90,694.00,673.90,680.90,681.50,680.20,,680.55,,,366,251653.00,56,F1,1,,,,,
2026-07-30,2026-07-30,CM,BSE,STK,531153,INE650C01036,DILIGENT,X,,,,,DILIGENT INDUSTRIES LTD.,2.00,2.04,1.97,1.98,1.98,2.00,,1.98,,,57884,114922.00,132,F1,1,,,,,
2026-07-30,2026-07-30,CM,BSE,STK,531155,INE601F01016,EPSOMPRO,XT,,,,,EPSOM PROPERTIES LTD.,8.32,8.32,8.32,8.32,8.32,8.32,,8.32,,,101,840.00,2,F1,1,,,,,
2026-07-30,2026-07-30,CM,BSE,STK,531156,INE883B01027,ALFAVIO,X,,,,,ALFAVISION OVERSEAS (INDIA) LT,10.99,11.51,10.99,11.44,11.51,10.97,,11.44,,,25759,295636.00,94,F1,1,,,,,
2026-07-30,2026-07-30,CM,BSE,STK,531157,INE412E01011,ORGCOAT,X,,,,,ORGANIC COATINGS LTD.,20.50,20.60,19.71,19.76,19.71,20.70,,19.76,,,627,12567.00,17,F1,1,,,,,
2026-07-30,2026-07-30,CM,BSE,STK,531158,INE660B01011,CATVISION,X,,,,,CATVISION  LIMITED,20.80,20.80,19.27,19.52,19.54,20.20,,19.52,,,1150,22697.00,19,F1,1,,,,,
2026-07-30,2026-07-30,CM,BSE,STK,531162,INE548C01032,EMAMILTD,A,,,,,EMAMI LTD.,408.50,408.50,401.90,403.20,404.25,408.55,,403.35,,,17063,6885842.00,721,F1,1,,,,,
2026-07-30,2026-07-30,CM,BSE,STK,531163,INE971L01029,KEMISTAR,X,,,,,KEMISTAR CORPORATION LIMITED,52.00,52.00,48.00,50.00,50.00,49.77,,50.00,,,931,46547.00,16,F1,1,,,,,
2026-07-30,2026-07-30,CM,BSE,STK,531168,INE771E01010,ASSOCER,X,,,,,ASSOCIATED CERAMICS LTD.,166.25,169.00,166.25,169.00,169.00,175.00,,169.00,,,14,2338.00,3,F1,1,,,,,
2026-07-30,2026-07-30,CM,BSE,STK,531169,INE709B01016,SKPSEC,X,,,,,SKP SECURITIES LTD.,99.70,102.45,96.80,100.70,101.45,97.35,,100.70,,,676,67629.00,36,F1,1,,,,,
2026-07-30,2026-07-30,CM,BSE,STK,531173,INE121D01036,SYSCHEM,X,,,,,SYSCHEM (INDIA) LTD.,42.39,42.39,41.77,41.90,41.77,41.56,,41.90,,,10514,441560.00,62,F1,1,,,,,
2026-07-30,2026-07-30,CM,BSE,STK,531176,INE186C01023,MEFCOMCAP,X,,,,,MEFCOM CAPITAL MARKETS LTD.,10.18,10.18,9.63,9.70,9.70,10.01,,9.70,,,1132,11029.00,24,F1,1,,,,,
2026-07-30,2026-07-30,CM,BSE,STK,531178,INE930A01010,HEMANG,X,,,,,HEMANG RESOURCES LIMITED,12.99,13.25,12.85,13.24,13.24,12.09,,13.24,,,4660,61231.00,30,F1,1,,,,,
2026-07-30,2026-07-30,CM,BSE,STK,531179,INE109C01017,ARMANFIN,B,,,,,ARMAN FINANCIAL SERVICES LTD.,1899.95,1929.95,1888.65,1900.55,1895.00,1911.10,,1896.30,,,1158,2202988.00,168,F1,1,,,,,
2026-07-30,2026-07-30,CM,BSE,STK,531190,INE355H01015,EFORU,X,,,,,EFORU ENTERTAINMENT LIMITED,93.90,94.50,91.01,94.03,94.50,94.08,,94.03,,,7158,667905.00,70,F1,1,,,,,
2026-07-30,2026-07-30,CM,BSE,STK,531191,INE589N01017,FILTRON,XT,,,,,FILTRON ENGINEERS LTD.,66.37,66.37,66.37,66.37,66.37,65.07,,66.37,,,2321,154044.00,20,F1,1,,,,,
2026-07-30,2026-07-30,CM,BSE,STK,531199,INE580D01017,GLANCE,X,,,,,GLANCE FINANCE LTD.,151.95,151.95,151.95,151.95,151.95,144.90,,151.95,,,1,151.00,1,F1,1,,,,,
2026-07-30,2026-07-30,CM,BSE,STK,531201,INE024F01011,SHILCTECH,B,,,,,SHILCHAR TECHNOLOGIES LTD.,4501.05,4504.40,4434.55,4483.80,4444.00,4547.25,,4491.90,,,936,4180475.00,311,F1,1,,,,,
2026-07-30,2026-07-30,CM,BSE,STK,531205,INE179O01031,SPRIGHT,X,,,,,SPRIGHT AGRO LIMITED,0.44,0.44,0.43,0.43,0.43,0.44,,0.43,,,2621724,1136085.00,792,F1,1,,,,,
2026-07-30,2026-07-30,CM,BSE,STK,531209,INE096B01018,NUCLEUS,B,,,,,NUCLEUS SOFTWARE EXPORTS LTD.,748.75,766.10,731.90,736.20,735.45,740.05,,738.10,,,3183,2391250.00,347,F1,1,,,,,
2026-07-30,2026-07-30,CM,BSE,STK,531210,INE923C01011,COLINZ,XT,,,,,COLINZ LABORATORIES LTD.,78.00,82.00,74.86,80.00,80.00,78.80,,80.00,,,4816,378805.00,45,F1,1,,,,,
2026-07-30,2026-07-30,CM,BSE,STK,531212,INE606C01012,NLFL,X,,,,,NALIN LEASE FINANCE LTD.,37.85,39.60,37.85,39.36,39.60,37.12,,39.36,,,1548,59363.00,15,F1,1,,,,,
2026-07-30,2026-07-30,CM,BSE,STK,531213,INE522D01027,MANAPPURAM,A,,,,,Manappuram Finance Ltd,370.30,381.40,366.50,368.20,368.20,370.15,,368.35,,,765143,287724580.00,7940,F1,1,,,,,
2026-07-30,2026-07-30,CM,BSE,STK,531215,INE005C01017,RTSPOWR,X,,,,,RTS POWER CORPORATION LTD.,104.45,104.45,99.20,99.20,99.20,102.15,,99.20,,,2277,226984.00,45,F1,1,,,,,
2026-07-30,2026-07-30,CM,BSE,STK,531216,INE819A01049,COMFINTE,B,,,,,COMFORT INTECH LTD.,6.11,6.66,5.93,6.51,6.50,6.11,,6.50,,,298555,1897034.00,491,F1,1,,,,,
2026-07-30,2026-07-30,CM,BSE,STK,531219,INE861E01019,SHYAMACOMP,P,,,,,Shyama Computronics and Servic,3.29,3.31,3.29,3.31,3.31,3.17,,3.31,,,2200,7248.00,6,F1,100,,,,,
2026-07-30,2026-07-30,CM,BSE,STK,531221,INE262W01012,MAYURFL,XT,,,,,MAYUR FLOORINGS LTD.,14.50,14.50,14.43,14.43,14.43,14.50,,14.43,,,103,1491.00,4,F1,1,,,,,
2026-07-30,2026-07-30,CM,BSE,STK,531223,INE364D01032,ANJANI,X,,,,,ANJANI SYNTHETICS LTD.,22.58,22.70,22.21,22.53,22.70,22.76,,22.53,,,592,13179.00,10,F1,1,,,,,
2026-07-30,2026-07-30,CM,BSE,STK,531225,INE547B01028,XTGLOBAL,B,,,,,XTGLOBAL INFOTECH LIMITED,32.00,32.30,30.11,32.01,32.00,31.13,,32.03,,,2261,70232.00,156,F1,1,,,,,
2026-07-30,2026-07-30,CM,BSE,STK,531228,INE821D01031,RANDER,XT,,,,,RANDER CORPORATION LTD.,11.82,12.28,11.20,12.28,12.28,11.70,,12.28,,,703,8105.00,13,F1,1,,,,,
2026-07-30,2026-07-30,CM,BSE,STK,531233,INE822D01021,RASIELEC,X,,,,,RASI ELECTRODES LTD.,12.30,12.67,12.25,12.28,12.44,12.47,,12.28,,,5406,66648.00,45,F1,1,,,,,
2026-07-30,2026-07-30,CM,BSE,STK,531234,INE962E01015,SCOOBEEDAY,X,,,,,SCOOBEE DAY GARMENTS (INDIA) L,73.94,75.50,68.10,68.15,68.15,69.04,,68.15,,,55,3819.00,14,F1,1,,,,,
2026-07-30,2026-07-30,CM,BSE,STK,531235,INE494D01011,CITIPOR,X,,,,,CITIPORT FINANCIAL SERVICES LT,36.69,36.69,36.69,36.69,36.69,36.70,,36.69,,,10,366.00,1,F1,1,,,,,
2026-07-30,2026-07-30,CM,BSE,STK,531237,INE972E01014,DHRUVCA,X,,,,,DHRUVA CAPITAL SERVICES LTD.,135.20,135.20,135.20,135.20,135.20,142.30,,135.20,,,309,41776.00,13,F1,1,,,,,
2026-07-30,2026-07-30,CM,BSE,STK,531241,INE802B01027,LINC,B,,,,,LINC LIMITED,101.80,101.80,98.05,100.50,100.50,101.80,,100.15,,,1268,127150.00,63,F1,1,,,,,
2026-07-30,2026-07-30,CM,BSE,STK,531246,INE723N01012,PRIMAIN,X,,,,,PRIMA INDUSTRIES LTD.,17.10,18.00,17.10,17.10,17.10,19.00,,17.10,,,4053,69309.00,8,F1,1,,,,,
2026-07-30,2026-07-30,CM,BSE,STK,531253,INE342D01012,INDGELA,X,,,,,INDIA GELATINE & CHEMICALS LTD,380.85,387.85,375.00,378.60,375.25,388.15,,378.60,,,2827,1078631.00,73,F1,1,,,,,
2026-07-30,2026-07-30,CM,BSE,STK,531254,INE031G01022,OPTIFIN,X,,,,,Optimus Finance Limited,12.19,12.19,11.63,11.91,11.95,11.81,,11.91,,,12930,153255.00,65,F1,1,,,,,
2026-07-30,2026-07-30,CM,BSE,STK,531255,INE015E01012,PARAGONF,X,,,,,PARAGON FINANCE LTD.,51.57,52.09,51.32,52.09,52.09,52.62,,52.09,,,95,4917.00,4,F1,1,,,,,
2026-07-30,2026-07-30,CM,BSE,STK,531257,INE530D01012,PRATIKSH,X,,,,,PRATIKSHA CHEMICALS LTD.,13.98,16.40,13.60,15.40,15.40,13.96,,15.40,,,193625,2948984.00,650,F1,1,,,,,
2026-07-30,2026-07-30,CM,BSE,STK,531259,INE328F01016,ESHAMEDIA,XT,,,,,ESHA MEDIA RESEARCH LIMITED,50.99,51.00,48.20,50.56,50.00,49.48,,50.56,,,11374,572389.00,45,F1,1,,,,,
2026-07-30,2026-07-30,CM,BSE,STK,531262,INE060N01019,EQUILATERA,X,,,,,EQUILATERAL ENTERPRISES LIMITE,16.00,16.00,16.00,16.00,16.00,16.63,,16.00,,,2,32.00,1,F1,1,,,,,
2026-07-30,2026-07-30,CM,BSE,STK,531266,INE764D01017,VSTTILLERS,B,,,,,V.S.T.TILLERS TRACTORS LTD.,4459.95,4489.15,4403.15,4459.30,4470.00,4374.65,,4458.30,,,186,827822.00,69,F1,1,,,,,
2026-07-30,2026-07-30,CM,BSE,STK,531268,INE151B01011,B2BSOFT,X,,,,,B2B SOFTWARE TECHNOLOGIES LTD.,26.99,27.90,26.20,26.93,27.15,26.04,,26.93,,,27367,735644.00,315,F1,1,,,,,
2026-07-30,2026-07-30,CM,BSE,STK,531272,INE526C01012,NIKKIGL,X,,,,,NIKKI GLOBAL FINANCE LTD.,17.64,17.64,17.64,17.64,17.64,17.30,,17.64,,,163,2875.00,1,F1,1,,,,,
2026-07-30,2026-07-30,CM,BSE,STK,531273,INE986B01044,RADHEDE,X,,,,,RADHE DEVELOPERS (INDIA) LTD.,1.49,1.49,1.44,1.46,1.49,1.49,,1.46,,,188785,275096.00,151,F1,1,,,,,
2026-07-30,2026-07-30,CM,BSE,STK,531274,INE674M01019,KINETRU,XT,,,,,KINETIC TRUST LTD.,41.04,42.10,41.04,42.10,42.10,42.10,,42.10,,,426,17824.00,5,F1,1,,,,,
2026-07-30,2026-07-30,CM,BSE,STK,531278,INE785D01012,ELIXIR,X,,,,,Elixir Capital Limited,120.00,120.00,115.00,118.60,118.85,117.20,,118.60,,,419,48612.00,21,F1,1,,,,,
2026-07-30,2026-07-30,CM,BSE,STK,531279,INE238C01022,TRISHAKT,XT,,,,,Trishakti Industries Limited,218.50,221.00,210.05,215.00,215.00,218.10,,215.00,,,9733,2103226.00,175,F1,1,,,,,
2026-07-30,2026-07-30,CM,BSE,STK,531280,INE698B01011,PANKAJPO,X,,,,,PANKAJ POLYMERS LTD.,86.01,86.01,84.26,84.26,84.26,88.69,,84.26,,,522,44008.00,18,F1,1,,,,,
2026-07-30,2026-07-30,CM,BSE,STK,531281,INE807H01023,MARBLE,X,,,,,MARBLE CITY INDIA LIMITED,117.80,124.00,113.00,119.95,120.00,117.80,,119.95,,,1389,160950.00,27,F1,1,,,,,
2026-07-30,2026-07-30,CM,BSE,STK,531286,INE586D01014,ADHHATA,X,,,,,ADHATA GLOBAL LIMITED,24.50,24.50,23.02,23.10,23.10,24.23,,23.10,,,154,3551.00,4,F1,1,,,,,
2026-07-30,2026-07-30,CM,BSE,STK,531287,INE896D01017,NATPLASTI,X,,,,,NATIONAL PLASTIC TECHNOLOGIES,253.95,253.95,226.00,226.80,226.10,236.00,,226.80,,,1256,297652.00,53,F1,1,,,,,
2026-07-30,2026-07-30,CM,BSE,STK,531289,INE643C01015,NATFIT,X,,,,,NATIONAL FITTINGS LIMITED,159.00,159.00,151.10,152.50,152.50,155.05,,152.50,,,1882,286852.00,21,F1,1,,,,,
2026-07-30,2026-07-30,CM,BSE,STK,531297,INE885B01014,ARTEFACT,X,,,,,ARTEFACT PROJECTS LTD.,53.90,53.92,53.60,53.61,53.60,52.66,,53.61,,,551,29655.00,15,F1,1,,,,,
2026-07-30,2026-07-30,CM,BSE,STK,531301,INE319M01011,TUSALDAH,XT,,,,,TUSALDAH LIMITED,147.45,147.45,139.75,139.75,139.75,140.50,,139.75,,,71,9929.00,2,F1,1,,,,,
2026-07-30,2026-07-30,CM,BSE,STK,531304,INE960H01012,NUTECGLOB,X,,,,,NUTECH GLOBAL LTD.,25.20,25.20,25.20,25.20,25.20,24.00,,25.20,,,5,126.00,1,F1,1,,,,,
2026-07-30,2026-07-30,CM,BSE,STK,531306,INE590D01016,DHPIND,X,,,,,DHP INDIA LTD.,506.35,510.00,506.15,508.00,508.00,509.15,,508.00,,,185,93699.00,12,F1,1,,,,,
2026-07-30,2026-07-30,CM,BSE,STK,531307,INE951M01037,RRIL,B,,,,,RRIL LIMITED,20.40,20.40,17.00,17.39,17.40,17.50,,17.28,,,3143,55604.00,37,F1,1,,,,,
2026-07-30,2026-07-30,CM,BSE,STK,531310,INE325G01010,AVAILFC,B,,,,,AVAILABLE FINANCE LTD.,143.05,145.65,139.95,141.25,143.00,142.95,,141.25,,,2258,320805.00,54,F1,1,,,,,
2026-07-30,2026-07-30,CM,BSE,STK,531319,INE368C01019,MGIL,XT,,,,,MARUTI GLOBAL INDUSTRIES LIMIT,39.40,39.40,37.96,38.07,38.50,39.95,,38.07,,,3647,138900.00,40,F1,1,,,,,
2026-07-30,2026-07-30,CM,BSE,STK,531322,INE293B01029,HAVISHA,B,,,,,SRI HAVISHA HOSPITALITY INFRAS,1.32,1.32,1.22,1.25,1.22,1.29,,1.26,,,8836,11315.00,21,F1,1,,,,,
2026-07-30,2026-07-30,CM,BSE,STK,531323,INE250D01017,JAYIND,X,,,,,JAYATMA INDUSTRIES LIMITED,12.40,12.40,12.40,12.40,12.40,12.26,,12.40,,,155,1922.00,2,F1,1,,,,,
2026-07-30,2026-07-30,CM,BSE,STK,531324,INE475C01012,ROSELABS,X,,,,,ROSELABS FINANCE LTD.,23.05,23.05,23.00,23.00,23.00,23.10,,23.00,,,11,253.00,2,F1,1,,,,,
2026-07-30,2026-07-30,CM,BSE,STK,531328,INE128R01023,KRETTOSYS,XT,,,,,KRETTO SYSCON LIMITED,0.49,0.49,0.47,0.49,0.49,0.49,,0.49,,,3962859,1933794.00,348,F1,1,,,,,
2026-07-30,2026-07-30,CM,BSE,STK,531335,INE768C01028,ZYDUSWELL,A,,,,,ZYDUS WELLNESS LTD.,572.00,577.00,562.50,565.85,565.90,579.65,,566.00,,,12019,6857771.00,720,F1,1,,,,,
2026-07-30,2026-07-30,CM,BSE,STK,531340,INE348I01018,BERVINL,X,,,,,BERVIN INVESTMENT & LEASING LT,47.00,47.00,42.71,44.20,46.94,44.95,,44.20,,,118,5497.00,6,F1,1,,,,,
2026-07-30,2026-07-30,CM,BSE,STK,531341,INE373D01017,GUJINV,X,,,,,GUJARAT INVESTA LTD.,21.00,21.00,19.76,20.76,20.85,20.80,,20.76,,,66,1377.00,5,F1,1,,,,,
2026-07-30,2026-07-30,CM,BSE,STK,531344,INE111A01025,CONCOR,A,,,,,CONTAINER CORPORATION OF INDIA,526.00,529.80,522.00,524.75,524.70,525.80,,525.15,,,52228,27455651.00,1763,F1,1,,,,,
2026-07-30,2026-07-30,CM,BSE,STK,531346,INE500D01015,EASTRED,X,,,,,EASTERN TREADS LTD.,30.00,32.00,29.25,30.04,30.20,30.00,,30.04,,,419,12733.00,20,F1,1,,,,,
2026-07-30,2026-07-30,CM,BSE,STK,531349,INE922B01023,PANACEABIO,B,,,,,PANACEA BIOTEC LTD.,425.05,429.00,407.75,414.10,413.75,424.20,,414.45,,,14448,5999590.00,493,F1,1,,,,,
2026-07-30,2026-07-30,CM,BSE,STK,531352,INE328D01011,PEETISEC,X,,,,,PEETI SECURITIES LTD.,18.90,18.90,18.90,18.90,18.90,18.00,,18.90,,,175,3307.00,3,F1,1,,,,,
2026-07-30,2026-07-30,CM,BSE,STK,531357,INE763M01028,MERCURYEV,B,,,,,MERCURY EV-TECH LIMITED,35.30,35.97,35.26,35.80,35.80,35.63,,35.73,,,10073,359422.00,214,F1,1,,,,,
2026-07-30,2026-07-30,CM,BSE,STK,531358,INE102B01014,CHOICEIN,A,,,,,CHOICE INTERNATIONAL LTD.,801.90,802.85,794.65,797.70,797.70,800.50,,798.60,,,24718,19735632.00,1237,F1,1,,,,,
2026-07-30,2026-07-30,CM,BSE,STK,531359,INE777G01012,SRAMSET,X,,,,,SHRIRAM ASSET MANAGEMENT CO.LT,288.10,294.00,278.65,281.90,281.90,290.30,,281.90,,,1437,407893.00,81,F1,1,,,,,
2026-07-30,2026-07-30,CM,BSE,STK,531360,INE427D01011,GOLECHA,X,,,,,GOLECHHA GLOBAL FINANCE LTD.,30.00,31.00,29.90,31.00,31.00,30.97,,31.00,,,6885,208021.00,12,F1,1,,,,,
2026-07-30,2026-07-30,CM,BSE,STK,531364,INE005E01013,EKANSH,X,,,,,Ekansh Concepts Limited,231.00,231.00,228.00,228.00,228.00,230.65,,228.00,,,687,157714.00,11,F1,1,,,,,
2026-07-30,2026-07-30,CM,BSE,STK,531370,INE960B01015,SPAR,X,,,,,SPARC ELECTREX LIMITED,4.97,4.97,4.67,4.68,4.67,4.91,,4.68,,,12670,59918.00,32,F1,1,,,,,
2026-07-30,2026-07-30,CM,BSE,STK,531373,INE319B01014,BYKE,T,,,,,THE BYKE HOSPITALITY LTD.,33.90,34.10,33.60,34.10,34.10,32.48,,34.48,,,4547,154794.00,12,F1,1,,,,,
2026-07-30,2026-07-30,CM,BSE,STK,531380,INE405H01018,CSURGSU,X,,,,,CENTENIAL SURGICAL SUTURE LTD.,88.00,88.00,80.00,80.00,80.00,84.00,,80.00,,,432,36238.00,8,F1,1,,,,,
2026-07-30,2026-07-30,CM,BSE,STK,531381,INE413D01011,ARIHANT,B,,,,,ARIHANT FOUNDATIONS & HOUSING,1060.00,1153.00,1060.00,1093.10,1114.85,1145.10,,1087.90,,,579,628771.00,101,F1,1,,,,,
2026-07-30,2026-07-30,CM,BSE,STK,531390,INE890B01014,UPSURGE,X,,,,,UPSURGE INVESTMENT & FINANCE L,68.55,72.00,68.11,71.78,72.00,70.51,,71.78,,,14555,1040543.00,32,F1,1,,,,,
2026-07-30,2026-07-30,CM,BSE,STK,531395,INE448D01025,PADAMCO,X,,,,,PADAM COTTON YARNS LTD.,0.95,0.95,0.93,0.95,0.95,0.94,,0.95,,,645806,610107.00,348,F1,1,,,,,
2026-07-30,2026-07-30,CM,BSE,STK,531396,INE905B01010,WOMENNET,X,,,,,WOMEN NETWORKS LTD.,8.52,8.60,8.52,8.60,8.60,8.52,,8.60,,,801,6888.00,3,F1,1,,,,,
2026-07-30,2026-07-30,CM,BSE,STK,531397,INE262C01014,POLYCON,X,,,,,POLYCON INTERNATIONAL LTD.,22.52,23.50,21.40,21.42,21.40,22.51,,21.42,,,500,11441.00,11,F1,1,,,,,
2026-07-30,2026-07-30,CM,BSE,STK,531398,INE679C01027,SOURCENTRL,X,,,,,SOURCE NATURAL FOODS & HERBAL,114.00,114.00,104.50,105.85,105.50,109.00,,105.85,,,1234,131801.00,28,F1,1,,,,,
2026-07-30,2026-07-30,CM,BSE,STK,531399,INE493B01017,GGAUTO,X,,,,,G.G.AUTOMOTIVE GEARS LTD.,161.95,161.95,157.95,158.50,158.50,157.20,,158.50,,,4569,726050.00,100,F1,1,,,,,
2026-07-30,2026-07-30,CM,BSE,STK,531400,INE326B01035,ALMONDZ,B,,,,,ALMONDZ GLOBAL SECURITIES LTD.,15.50,15.78,13.61,14.49,14.22,15.32,,14.38,,,103658,1499397.00,363,F1,1,,,,,
2026-07-30,2026-07-30,CM,BSE,STK,531402,INE281M01013,LWSKNIT,X,,,,,LWS KNITWEAR LTD.,15.30,15.50,15.30,15.50,15.50,15.40,,15.50,,,1226,18793.00,8,F1,1,,,,,
2026-07-30,2026-07-30,CM,BSE,STK,531411,INE560D01027,TUNITEX,X,,,,,TUNI TEXTILE MILLS LTD.,1.02,1.02,1.00,1.01,1.01,1.01,,1.01,,,255486,258009.00,89,F1,1,,,,,
2026-07-30,2026-07-30,CM,BSE,STK,531412,INE576N01014,RADIXIND,XT,,,,,RADIX INDUSTRIES (INDIA) LIMIT,141.10,155.50,141.10,150.90,155.50,148.45,,150.90,,,27,3884.00,9,F1,1,,,,,
2026-07-30,2026-07-30,CM,BSE,STK,531416,INE603F01012,NARPROP,X,,,,,NARENDRA PROPERTIES LTD.,38.50,38.50,35.01,36.48,36.49,37.85,,36.48,,,406,14328.00,16,F1,1,,,,,
2026-07-30,2026-07-30,CM,BSE,STK,531417,INE804B01023,MEGACOR,XT,,,,,MEGA CORPORATION LTD.,2.70,2.75,2.65,2.75,2.75,2.70,,2.75,,,18064,49628.00,30,F1,1,,,,,
2026-07-30,2026-07-30,CM,BSE,STK,531420,INE644K01016,BMBMUMG,XT,,,,,BMB MUSIC & MAGNETICS LTD.,6.57,6.89,6.30,6.89,6.89,6.57,,6.89,,,3319,21193.00,17,F1,1,,,,,
2026-07-30,2026-07-30,CM,BSE,STK,531426,INE107A01015,TNPL,B,,,,,TAMIL NADU NEWSPRINT & PAPERS,151.90,151.90,149.00,149.05,149.05,150.15,,149.45,,,9378,1410075.00,154,F1,1,,,,,
2026-07-30,2026-07-30,CM,BSE,STK,531431,INE908D01010,SHAKTIPUMP,A,,,,,SHAKTI PUMPS (INDIA) LTD.,528.75,528.75,517.90,523.90,526.40,522.25,,523.55,,,27123,14204745.00,852,F1,1,,,,,
2026-07-30,2026-07-30,CM,BSE,STK,531433,INE271D01013,SUNGOLD,X,,,,,SUNGOLD CAPITAL LTD.,2.80,2.80,2.80,2.80,2.80,2.80,,2.80,,,73,204.00,3,F1,1,,,,,
2026-07-30,2026-07-30,CM,BSE,STK,531436,INE474D01013,SAFFRON,X,,,,,SAFFRON INDUSTRIES LIMITED,25.35,27.35,25.35,26.11,26.11,27.05,,26.11,,,6371,164741.00,63,F1,1,,,,,
2026-07-30,2026-07-30,CM,BSE,STK,531437,INE523I01016,PWASML,X,,,,,Prakash Woollen & Synthetic Mi,25.40,25.40,22.00,22.00,22.00,22.84,,22.00,,,578,12827.00,27,F1,1,,,,,
2026-07-30,2026-07-30,CM,BSE,STK,531439,INE805A01014,GOLDTECH,T,,,,,AION TECH SOLUTIONS LIMITED,56.40,57.90,55.32,55.32,55.32,56.35,,55.92,,,586,33290.00,20,F1,1,,,,,
2026-07-30,2026-07-30,CM,BSE,STK,531441,INE100F01019,LYONSCO,X,,,,,LYONS CORPORATE MARKET LTD.,22.75,22.75,22.75,22.75,22.75,22.50,,22.75,,,31,705.00,4,F1,1,,,,,
2026-07-30,2026-07-30,CM,BSE,STK,531449,INE192H01020,GRMOVER,B,,,,,GRM OVERSEAS LTD.,90.49,90.75,86.42,88.21,90.75,88.81,,88.08,,,32876,2934236.00,405,F1,1,,,,,
2026-07-30,2026-07-30,CM,BSE,STK,531453,INE954E01012,MOHITIND,B,,,,,MOHIT INDUSTRIES LTD.,22.75,23.10,22.52,22.95,22.95,22.66,,22.63,,,957,21996.00,27,F1,1,,,,,
2026-07-30,2026-07-30,CM,BSE,STK,531454,INE323D01020,POLYLINK,X,,,,,POLYLINK POLYMERS (INDIA) LTD.,22.00,22.00,21.25,21.26,21.77,21.29,,21.26,,,1807,38679.00,27,F1,1,,,,,
2026-07-30,2026-07-30,CM,BSE,STK,531456,INE952C01028,MINAXI,X,,,,,MINAXI TEXTILES LTD.,1.38,1.38,1.31,1.32,1.32,1.38,,1.32,,,15755,20796.00,16,F1,1,,,,,
2026-07-30,2026-07-30,CM,BSE,STK,531458,INE109B01019,BOSTON,X,,,,,BOSTON COMMERCE LIMITED,5.49,5.49,4.97,4.97,4.97,5.23,,4.97,,,11813,58835.00,12,F1,1,,,,,
2026-07-30,2026-07-30,CM,BSE,STK,531460,INE545B01022,CONTICON,X,,,,,CONTINENTAL CONTROLS LTD.,12.30,12.30,11.31,11.31,11.31,11.90,,11.31,,,163,1944.00,7,F1,1,,,,,
2026-07-30,2026-07-30,CM,BSE,STK,531465,INE317B01042,NOUVEAU,X,,,,,NOUVEAU GLOBAL VENTURES LTD.,0.25,0.26,0.25,0.25,0.25,0.25,,0.25,,,151273,37958.00,41,F1,1,,,,,
2026-07-30,2026-07-30,CM,BSE,STK,531471,INE397G01019,DUKEOFS,XT,,,,,DUKE OFFSHORE LTD.,37.49,37.49,37.49,37.49,37.49,36.76,,37.49,,,4183,156820.00,21,F1,1,,,,,
2026-07-30,2026-07-30,CM,BSE,STK,531472,INE183D01010,CYBELEIND,X,,,,,CYBELE INDUSTRIES LTD.,46.73,46.73,44.03,44.19,45.30,44.51,,44.19,,,1026,46461.00,29,F1,1,,,,,
2026-07-30,2026-07-30,CM,BSE,STK,531486,INE600B01033,FILME,XT,,,,,FILMCITY MEDIA LTD.,1.63,1.72,1.56,1.56,1.71,1.64,,1.56,,,215689,337342.00,40,F1,1,,,,,
2026-07-30,2026-07-30,CM,BSE,STK,531489,INE084D01010,CGVAK,X,,,,,CG-VAK SOFTWARE & EXPORTS LTD.,173.75,173.80,160.00,160.95,160.95,167.65,,160.95,,,4238,696138.00,134,F1,1,,,,,
2026-07-30,2026-07-30,CM,BSE,STK,531494,INE268H01044,NAVKARURB,T,,,,,NAVKAR URBANSTRUCTURE LIMITED,1.04,1.04,1.02,1.02,1.02,1.07,,1.02,,,88636,90719.00,30,F1,1,,,,,
2026-07-30,2026-07-30,CM,BSE,STK,531497,INE378D01032,MADHUCON,T,,,,,MADHUCON PROJECTS LTD.,5.16,5.16,5.16,5.16,5.16,5.43,,5.02,,,6931,35763.00,20,F1,1,,,,,
2026-07-30,2026-07-30,CM,BSE,STK,531500,INE343B01030,RAJESHEXPO,Z,,,,,RAJESH EXPORTS LTD.,85.65,87.99,84.00,84.55,84.55,86.65,,84.98,,,19590,1678527.00,266,F1,1,,,,,
2026-07-30,2026-07-30,CM,BSE,STK,531502,INE404L01039,ESARIND,X,,,,,ESAAR (INDIA) LTD.,11.45,11.45,11.03,11.04,11.04,11.25,,11.04,,,8494,95131.00,41,F1,1,,,,,
2026-07-30,2026-07-30,CM,BSE,STK,531503,INE866D01010,MARIS,X,,,,,MARIS SPINNERS LTD.,28.40,28.99,27.82,28.85,28.94,28.98,,28.85,,,180,5089.00,9,F1,1,,,,,
2026-07-30,2026-07-30,CM,BSE,STK,531505,INE628F01019,INDERGR,XT,,,,,INDERGIRI FINANCE LTD.,31.00,31.49,31.00,31.49,31.49,30.00,,31.49,,,14,435.00,2,F1,1,,,,,
2026-07-30,2026-07-30,CM,BSE,STK,531508,INE128A01029,EVEREADY,B,,,,,EVEREADY INDUSTRIES INDIA LTD.,346.60,348.30,343.00,344.10,346.70,346.70,,344.25,,,1915,662157.00,202,F1,1,,,,,
2026-07-30,2026-07-30,CM,BSE,STK,531512,INE681D01039,ORIENTTR,X,,,,,ORIENT TRADELINK LTD.,5.32,5.32,4.86,4.97,4.91,5.10,,4.97,,,198726,1001991.00,244,F1,1,,,,,
2026-07-30,2026-07-30,CM,BSE,STK,531518,INE767B01022,VIKASPROP,Z,,,,,VIKAS PROPPANT & GRANITE LTD.,0.27,0.27,0.25,0.26,0.27,0.26,,0.26,,,311975,79935.00,106,F1,1,,,,,
2026-07-30,2026-07-30,CM,BSE,STK,531525,INE849B01010,ACESOFT,X,,,,,ACE SOFTWARE EXPORTS LTD.,145.70,152.00,145.00,148.90,150.00,147.15,,148.90,,,32314,4799022.00,282,F1,1,,,,,
2026-07-30,2026-07-30,CM,BSE,STK,531529,INE562E01021,SOFTRAKV,XT,,,,,SOFTRAK VENTURE INVESTMENT LTD,1.60,1.60,1.49,1.58,1.58,1.56,,1.58,,,20441,31086.00,45,F1,1,,,,,
2026-07-30,2026-07-30,CM,BSE,STK,531531,INE473B01035,HATSUN,A,,,,,HATSUN AGRO PRODUCT LTD.,883.10,888.25,875.25,880.90,877.00,885.20,,879.85,,,1371,1208413.00,86,F1,1,,,,,
2026-07-30,2026-07-30,CM,BSE,STK,531533,INE578B01015,ACCEDERE,XT,,,,,ACCEDERE LIMITED,70.86,70.86,70.45,70.45,70.45,70.87,,70.45,,,473,33330.00,4,F1,1,,,,,
2026-07-30,2026-07-30,CM,BSE,STK,531537,INE681K01026,MIZVEN,X,,,,,MIZZEN VENTURES LIMITED,56.15,56.15,56.15,56.15,56.15,59.10,,56.15,,,775,43516.00,12,F1,1,,,,,
2026-07-30,2026-07-30,CM,BSE,STK,531539,INE864D01015,RISHDIGA,X,,,,,RISHABH DIGHA STEEL & ALLIED P,36.00,36.00,36.00,36.00,36.00,35.96,,36.00,,,2,72.00,2,F1,1,,,,,
2026-07-30,2026-07-30,CM,BSE,STK,531540,INE392G01028,MAINFRA,XT,,,,,MARUTI INFRASTRUCTURE LTD.,10.99,10.99,10.42,10.87,10.95,10.67,,10.87,,,3498,37596.00,39,F1,1,,,,,
2026-07-30,2026-07-30,CM,BSE,STK,531541,INE881A01015,KOBO,Z,,,,,KOBO BIOTECH LIMITED,8.23,8.23,8.23,8.23,8.23,8.39,,8.23,,,183108,1506978.00,75,F1,1,,,,,
2026-07-30,2026-07-30,CM,BSE,STK,531543,INE247D01039,JINDWORLD,B,,,,,JINDAL WORLDWIDE LTD.,38.00,38.84,37.56,38.62,38.62,38.35,,38.52,,,473586,18094162.00,1157,F1,1,,,,,
2026-07-30,2026-07-30,CM,BSE,STK,531548,INE355A01028,SOMANYCERA,B,,,,,SOMANY CERAMICS LTD.,483.05,491.15,483.05,489.60,489.70,485.00,,489.10,,,1859,908242.00,148,F1,1,,,,,
2026-07-30,2026-07-30,CM,BSE,STK,531550,INE865D01012,JHACC,X,,,,,JHAVERI CREDITS & CAPITAL LTD.,179.00,184.90,179.00,180.30,179.00,179.65,,180.30,,,815,147262.00,22,F1,1,,,,,
2026-07-30,2026-07-30,CM,BSE,STK,531552,INE754B01012,RAGHUTOB,X,,,,,RAGHUNATH TOBACCO CO.LTD.,13.75,14.05,13.11,13.50,13.50,13.79,,13.50,,,681,9370.00,28,F1,1,,,,,
2026-07-30,2026-07-30,CM,BSE,STK,531553,INE193D01019,DRL,XT,,,,,DISHA RESOURCES LIMITED,26.07,27.38,26.07,27.38,27.38,27.43,,27.38,,,253,6923.00,3,F1,1,,,,,
2026-07-30,2026-07-30,CM,BSE,STK,531556,INE558D01021,CORALFINAC,B,,,,,CORAL INDIA FINANCE & HOUSING,32.00,33.60,32.00,32.80,32.80,33.21,,32.83,,,218,7309.00,44,F1,1,,,,,
2026-07-30,2026-07-30,CM,BSE,STK,531557,INE137E01014,AMITSEC,X,,,,,AMIT SECURITIES LTD.,48.90,48.90,47.50,48.45,48.45,46.58,,48.45,,,72,3422.00,3,F1,1,,,,,
2026-07-30,2026-07-30,CM,BSE,STK,531569,INE860D01013,SANJIVIN,X,,,,,SANJIVANI PARANTERAL LTD.,161.00,179.95,150.55,160.65,160.65,165.70,,160.65,,,6600,1049478.00,218,F1,1,,,,,
2026-07-30,2026-07-30,CM,BSE,STK,531572,INE863D01017,RANJITSE,XT,,,,,RANJIT SECURITIES LTD.,67.70,67.70,61.28,61.28,61.28,64.50,,61.28,,,31,2069.00,6,F1,1,,,,,
2026-07-30,2026-07-30,CM,BSE,STK,531574,INE192C01013,VASINFRA,XT,,,,,VAS INFRASTRUCTURE LTD.,8.58,8.61,7.80,8.60,8.60,8.20,,8.60,,,7456,63205.00,17,F1,1,,,,,
2026-07-30,2026-07-30,CM,BSE,STK,531582,INE508J01015,BERYLSE,XT,,,,,BERYL SECURITIES LTD.,36.50,36.50,33.25,35.99,35.99,35.00,,35.99,,,1029,34304.00,8,F1,1,,,,,
2026-07-30,2026-07-30,CM,BSE,STK,531583,INE483D01014,RAP,X,,,,,RAP CORP LIMITED,40.21,40.21,38.21,38.21,38.21,40.22,,38.21,,,704,26972.00,9,F1,1,,,,,
2026-07-30,2026-07-30,CM,BSE,STK,531591,INE802A01037,BAMPSL,X,,,,,BAMPSL SECURITIES LTD.,19.54,19.54,19.04,19.49,19.49,19.35,,19.49,,,7363,143001.00,19,F1,1,,,,,
2026-07-30,2026-07-30,CM,BSE,STK,531592,INE861N01036,GENPHARMA,X,,,,,GENPHARMASEC LIMITED,1.04,1.05,1.02,1.04,1.03,1.03,,1.04,,,179169,186466.00,148,F1,1,,,,,
2026-07-30,2026-07-30,CM,BSE,STK,531594,INE507D01010,INCON,XT,,,,,INCON ENGINEERS LTD.,27.98,27.98,27.98,27.98,27.98,28.55,,27.98,,,1,27.00,1,F1,1,,,,,
2026-07-30,2026-07-30,CM,BSE,STK,531595,INE180C01042,CGCL,A,,,,,CAPRI GLOBAL CAPITAL LIMITED,227.25,227.25,218.50,221.05,221.05,226.55,,220.82,,,232464,51613302.00,3227,F1,1,,,,,
2026-07-30,2026-07-30,CM,BSE,STK,531599,INE258B01022,FDC,B,,,,,FDC LTD.,414.30,414.35,405.05,406.10,405.95,414.30,,407.20,,,27341,11134943.00,1058,F1,1,,,,,
2026-07-30,2026-07-30,CM,BSE,STK,531600,INE832C01014,GOGIACAPGL,X,,,,,GOGIA CAPITAL GROWTH LIMITED,47.75,47.75,47.75,47.75,47.75,50.10,,47.75,,,13,620.00,1,F1,1,,,,,
2026-07-30,2026-07-30,CM,BSE,STK,531608,INE792J01015,GORANIN,XT,,,,,GORANI INDUSTRIES LTD.,49.10,49.15,47.00,48.95,48.95,47.15,,48.95,,,1341,64372.00,15,F1,1,,,,,
2026-07-30,2026-07-30,CM,BSE,STK,531609,INE902G01016,KGPETRO,X,,,,,KG PETROCHEM LTD.,176.00,176.00,176.00,176.00,176.00,176.00,,176.00,,,21,3696.00,3,F1,1,,,,,
2026-07-30,2026-07-30,CM,BSE,STK,531613,INE100C01024,MAL,XT,,,,,Meyer Apparel Limited,1.70,1.70,1.56,1.56,1.56,1.62,,1.56,,,5500,8650.00,7,F1,1,,,,,
2026-07-30,2026-07-30,CM,BSE,STK,531624,INE695B01025,COUNCODOS,B,,,,,COUNTRY CONDOS LTD.,6.25,6.30,5.84,6.26,6.30,6.25,,6.17,,,11458,69332.00,46,F1,1,,,,,
2026-07-30,2026-07-30,CM,BSE,STK,531626,INE628B01034,OROSMITHS,XT,,,,,OROSIL SMITHS INDIA LTD.,6.84,6.98,6.38,6.46,6.45,6.71,,6.46,,,56898,377668.00,163,F1,1,,,,,
2026-07-30,2026-07-30,CM,BSE,STK,531628,INE173E01019,TEJASSVI,XT,,,,,TEJASSVI AAHARAM LIMITED,64.44,64.44,64.44,64.44,64.44,63.18,,64.44,,,87457,5635729.00,20,F1,1,,,,,
2026-07-30,2026-07-30,CM,BSE,STK,531633,INE405C01035,LINCOLN,B,,,,,LINCOLN PHARMACEUTICALS LTD.,576.70,585.05,570.20,572.05,571.30,580.50,,572.15,,,2209,1276665.00,137,F1,1,,,,,
2026-07-30,2026-07-30,CM,BSE,STK,531635,INE870J01019,SILVOAK,X,,,,,SILVER OAK (INDIA) LTD.,76.01,78.00,60.80,77.07,78.00,76.00,,77.07,,,483,37116.00,29,F1,1,,,,,
2026-07-30,2026-07-30,CM,BSE,STK,531637,INE722B01019,PRAVEG,B,,,,,PRAVEG LIMITED,288.00,288.00,281.25,285.20,283.00,288.75,,285.18,,,5800,1645310.00,262,F1,1,,,,,
2026-07-30,2026-07-30,CM,BSE,STK,531638,INE713C01016,SURAJLTD,B,,,,,SURAJ LTD.,223.45,223.45,223.45,223.45,223.45,223.45,,223.95,,,8,1787.00,2,F1,1,,,,,
2026-07-30,2026-07-30,CM,BSE,STK,531640,INE936N01010,SICL,P,,,,,SUVIDHA INFRAESTATE CORPORATIO,13.95,13.95,13.95,13.95,13.95,13.84,,13.95,,,200,2790.00,2,F1,100,,,,,
2026-07-30,2026-07-30,CM,BSE,STK,531642,INE196A01026,MARICO,A,,,,,MARICO LTD.,879.95,889.15,873.75,885.20,886.75,878.50,,885.35,,,56865,50282852.00,2592,F1,1,,,,,
2026-07-30,2026-07-30,CM,BSE,STK,531644,INE546D01018,TOKYOFIN,X,,,,,TOKYO FINANCE LTD.,20.32,20.32,18.29,18.44,18.40,20.32,,18.44,,,2914,54265.00,27,F1,1,,,,,
2026-07-30,2026-07-30,CM,BSE,STK,531651,INE654H01011,NATGENI,X,,,,,NATIONAL GENERAL INDUSTRIES LT,58.80,58.80,53.25,57.69,57.69,56.03,,57.69,,,58,3265.00,7,F1,1,,,,,
2026-07-30,2026-07-30,CM,BSE,STK,531652,INE528C01018,UVS,X,,,,,UVS HOSPITALITY AND SERVICES L,80.94,89.70,80.67,87.11,87.11,80.98,,87.11,,,19969,1691291.00,140,F1,1,,,,,
2026-07-30,2026-07-30,CM,BSE,STK,531658,INE454E01013,ABATEAS,X,,,,,ABATE AS INDUSTRIES LIMITED,9.80,9.80,9.60,9.60,9.60,9.72,,9.60,,,2383,23124.00,34,F1,1,,,,,
2026-07-30,2026-07-30,CM,BSE,STK,531661,INE863C01019,HITTCO,XT,,,,,HITTCO TOOLS LTD.,11.25,12.33,11.25,11.61,11.61,11.75,,11.61,,,7107,86168.00,20,F1,1,,,,,
2026-07-30,2026-07-30,CM,BSE,STK,531663,INE139D01020,YUVRAAJHPL,X,,,,,YUVRAAJ HYGIENE PRODUCTS LTD.,7.49,7.55,7.22,7.55,7.55,7.30,,7.55,,,167816,1259168.00,77,F1,1,,,,,
2026-07-30,2026-07-30,CM,BSE,STK,531667,INE117K01013,RRMETAL,XT,,,,,RR METALMAKERS INDIA LIMITED,67.23,67.23,67.23,67.23,67.23,64.03,,67.23,,,2013,135333.00,16,F1,1,,,,,
2026-07-30,2026-07-30,CM,BSE,STK,531668,INE661D01015,VISIONCO,X,,,,,VISION CORPORATION LTD.,2.12,2.12,2.00,2.00,2.00,2.00,,2.00,,,1813,3680.00,8,F1,1,,,,,
2026-07-30,2026-07-30,CM,BSE,STK,531671,INE214D01021,KARNAWATI,X,,,,,Karnawati Innovation Limited,1.31,1.31,1.21,1.22,1.25,1.25,,1.22,,,52121,65088.00,139,F1,1,,,,,
2026-07-30,2026-07-30,CM,BSE,STK,531672,INE224C01014,INANISEC,XT,,,,,INANI SECURITIES LTD.,20.03,20.03,19.93,19.93,19.93,19.55,,19.93,,,315,6282.00,4,F1,1,,,,,
2026-07-30,2026-07-30,CM,BSE,STK,531673,INE067C01025,ANKIN,X,,,,,ANKA INDIA LTD.,25.73,26.87,25.20,25.25,25.99,25.73,,25.25,,,29560,755414.00,82,F1,1,,,,,
2026-07-30,2026-07-30,CM,BSE,STK,531676,INE554H01021,EMROCK,XT,,,,,EMROCK CORPORATION LIMITED,273.70,273.70,255.00,267.75,267.75,265.00,,267.75,,,4404,1154854.00,84,F1,1,,,,,
2026-07-30,2026-07-30,CM,BSE,STK,531680,INE799E01011,MAYUR,X,,,,,MAYUR LEATHER PRODUCTS LTD.,23.70,23.70,22.28,22.68,23.30,23.45,,22.68,,,3140,71697.00,33,F1,1,,,,,
2026-07-30,2026-07-30,CM,BSE,STK,531681,INE673C01020,AMERISE,X,,,,,AMERISE BIOSCIENCES LIMITED,1.01,1.01,0.96,1.01,1.01,0.99,,1.01,,,219460,220504.00,78,F1,1,,,,,
2026-07-30,2026-07-30,CM,BSE,STK,531688,INE621B01021,PRITHVIEXCH,X,,,,,Prithvi Exchange (India) Limit,100.55,100.55,98.10,100.55,100.55,100.55,,100.55,,,520,51900.00,37,F1,1,,,,,
2026-07-30,2026-07-30,CM,BSE,STK,531692,INE593B01030,KHYATI,XT,,,,,KHYATI MULTIMEDIA-ENTERTAINMEN,3.50,3.50,3.28,3.28,3.28,3.45,,3.28,,,9112,29887.00,10,F1,1,,,,,
2026-07-30,2026-07-30,CM,BSE,STK,531694,INE230F01014,RAINBOWF,X,,,,,RAINBOW FOUNDATIONS LTD.,38.45,38.45,36.61,38.13,38.38,36.58,,38.13,,,3642,137372.00,32,F1,1,,,,,
2026-07-30,2026-07-30,CM,BSE,STK,531716,INE843F01014,TRICOMFRU,XT,,,,,TRICOM FRUIT PRODUCTS LIMITED,1.83,1.83,1.76,1.76,1.76,1.75,,1.76,,,2995,5286.00,15,F1,1,,,,,
2026-07-30,2026-07-30,CM,BSE,STK,531717,INE632C01026,VIDHIING,B,,,,,Vidhi Specialty Food Ingredien,304.65,311.40,297.40,309.95,311.40,300.65,,309.90,,,7868,2379108.00,487,F1,1,,,,,
2026-07-30,2026-07-30,CM,BSE,STK,531719,INE414D01027,BHAGCHEM,B,,,,,BHAGIRADHA CHEMICALS & INDUSTR,267.45,270.00,264.75,269.95,270.00,267.30,,269.10,,,1184,318127.00,73,F1,1,,,,,
2026-07-30,2026-07-30,CM,BSE,STK,531723,INE224E01028,GATECH,B,,,,,GACM Technologies Limited,0.50,0.60,0.49,0.60,0.60,0.50,,0.59,,,24494611,14449070.00,1234,F1,1,,,,,
2026-07-30,2026-07-30,CM,BSE,STK,531726,INE316G01019,PANCHSHEEL,X,,,,,PANCHSHEEL ORGANICS LTD.,118.15,121.30,117.00,117.05,117.00,119.70,,117.05,,,3637,428764.00,46,F1,1,,,,,
2026-07-30,2026-07-30,CM,BSE,STK,531727,INE650G01029,MENNPIS,B,,,,,MENON PISTONS LTD.,73.23,74.40,72.05,72.25,72.05,72.58,,72.33,,,11044,804851.00,162,F1,1,,,,,
2026-07-30,2026-07-30,CM,BSE,STK,531735,INE429Q01019,PRISMFN,P,,,,,PRISM FINANCE LTD.,27.00,27.00,27.00,27.00,27.00,26.96,,27.00,,,100,2700.00,1,F1,100,,,,,
2026-07-30,2026-07-30,CM,BSE,STK,531737,INE414C01045,GREENCREST,X,,,,,GREENCREST FINANCIAL SERVICES,0.47,0.48,0.47,0.48,0.48,0.47,,0.48,,,36045,17050.00,110,F1,1,,,,,
2026-07-30,2026-07-30,CM,BSE,STK,531739,INE509C01026,GENNEX,X,,,,,GENNEX LABORATORIES LTD.,8.82,8.97,8.75,8.78,8.78,8.87,,8.78,,,194739,1719809.00,396,F1,1,,,,,
2026-07-30,2026-07-30,CM,BSE,STK,531744,INE548B01018,GINISILK,X,,,,,GINI SILK MILLS LTD.,58.90,58.90,53.60,57.00,57.00,55.20,,57.00,,,59,3198.00,10,F1,1,,,,,
2026-07-30,2026-07-30,CM,BSE,STK,531746,INE505C01016,PRAENG,B,,,,,PRAJAY ENGINEERS SYNDICATE LTD,22.40,22.40,20.11,20.21,20.20,20.79,,20.15,,,16183,332113.00,53,F1,1,,,,,
2026-07-30,2026-07-30,CM,BSE,STK,531752,INE703D01023,BIOGEN,X,,,,,BIOGEN PHARMACHEM INDUSTRIES L,0.29,0.30,0.28,0.30,0.30,0.29,,0.30,,,3970285,1162884.00,1018,F1,1,,,,,
2026-07-30,2026-07-30,CM,BSE,STK,531758,INE131D01019,GKCONS,X,,,,,G.K.CONSULTANTS LTD.,10.56,11.50,10.56,11.50,11.50,11.50,,11.50,,,131,1412.00,5,F1,1,,,,,
2026-07-30,2026-07-30,CM,BSE,STK,531761,INE126J01016,APOLLOPIPE,B,,,,,APOLLO PIPES LIMITED,491.05,519.00,486.00,491.65,505.15,500.80,,495.80,,,26586,13342675.00,774,F1,1,,,,,
2026-07-30,2026-07-30,CM,BSE,STK,531762,INE576D01015,UNJHAFOR,X,,,,,UNJHA FORMULATIONS LTD.,29.50,29.50,28.10,28.10,28.10,27.50,,28.10,,,13265,384285.00,43,F1,1,,,,,
2026-07-30,2026-07-30,CM,BSE,STK,531768,INE205C01021,POLYMED,A,,,,,POLY MEDICURE LTD.,1676.00,1682.95,1663.30,1670.30,1666.10,1675.90,,1667.20,,,1710,2861296.00,174,F1,1,,,,,
2026-07-30,2026-07-30,CM,BSE,STK,531769,INE600F01018,PFLINFOTC,X,,,,,PFL INFOTECH LTD.,4.00,4.00,4.00,4.00,4.00,4.00,,4.00,,,1990,7960.00,8,F1,1,,,,,
2026-07-30,2026-07-30,CM,BSE,STK,531771,INE311M01018,SHRADDHA,X,,,,,SHRADDHA PRIME PROJECTS LTD,156.15,159.90,145.60,147.20,147.55,154.40,,147.20,,,6151,924438.00,85,F1,1,,,,,
2026-07-30,2026-07-30,CM,BSE,STK,531778,INE059E01010,KACHCHH,XT,,,,,KACHCHH MINERALS LTD.,23.52,23.96,23.52,23.95,23.95,24.75,,23.95,,,1581,37755.00,8,F1,1,,,,,
2026-07-30,2026-07-30,CM,BSE,STK,531779,INE630U01014,PADALPO,X,,,,,PADMANABH ALLOYS & POLYMERS LT,13.50,13.50,13.50,13.50,13.50,13.30,,13.50,,,1,13.00,1,F1,1,,,,,
2026-07-30,2026-07-30,CM,BSE,STK,531780,INE229G01022,KACL,XT,,,,,KAISER CORPORATION LIMITED,6.25,6.39,6.25,6.35,6.35,6.37,,6.35,,,241666,1534392.00,35,F1,1,,,,,
2026-07-30,2026-07-30,CM,BSE,STK,531784,INE469F01026,KCLINFRA,X,,,,,KCL Infra Projects Limited,1.14,1.18,1.13,1.16,1.18,1.16,,1.16,,,86989,99676.00,112,F1,1,,,,,
2026-07-30,2026-07-30,CM,BSE,STK,531795,INE951D01028,ATULAUTO,B,,,,,ATUL AUTO LTD.,500.00,522.00,491.60,515.80,515.80,494.75,,516.00,,,55403,28519806.00,1596,F1,1,,,,,
2026-07-30,2026-07-30,CM,BSE,STK,531797,INE393D01015,SCANPRO,XT,,,,,SCAN PROJECTS LTD.,105.05,105.05,104.10,104.10,104.10,103.05,,104.10,,,126,13225.00,3,F1,1,,,,,
2026-07-30,2026-07-30,CM,BSE,STK,531802,INE426H01014,PRERINFRA,X,,,,,PRERNA INFRABUILD LTD.,26.25,26.25,25.10,25.46,25.10,26.15,,25.46,,,7023,180403.00,29,F1,1,,,,,
2026-07-30,2026-07-30,CM,BSE,STK,531810,INE161E01014,METALCO,X,,,,,METAL COATINGS (INDIA) LTD.,50.99,54.00,50.99,53.75,53.75,50.99,,53.75,,,731,39339.00,13,F1,1,,,,,
2026-07-30,2026-07-30,CM,BSE,STK,531812,INE266C01023,SGNTE,X,,,,,SGN TELECOMS LTD.,0.50,0.50,0.50,0.50,0.50,0.50,,0.50,,,3531,1765.00,14,F1,1,,,,,
2026-07-30,2026-07-30,CM,BSE,STK,531814,INE297J01023,TIRSARJ,X,,,,,TIRUPATI SARJAN LTD.,8.99,8.99,8.42,8.70,8.70,8.51,,8.70,,,5872,50316.00,22,F1,1,,,,,
2026-07-30,2026-07-30,CM,BSE,STK,531822,INE513E01024,RODIUM,X,,,,,RODIUM REALTY LIMITED,175.00,176.75,160.00,164.80,164.80,159.65,,164.80,,,88,14502.00,14,F1,1,,,,,
2026-07-30,2026-07-30,CM,BSE,STK,531832,INE793H01017,NAGTECH,XT,,,,,NAGARJUNA AGRI TECH LTD.,43.65,46.69,42.32,46.00,46.00,44.54,,46.00,,,13173,558161.00,21,F1,1,,,,,
2026-07-30,2026-07-30,CM,BSE,STK,531834,INE487B01019,NATHUEC,XT,,,,,NATURA HUE CHEM LTD.,31.41,31.41,31.00,31.41,31.41,29.92,,31.41,,,1210,37965.00,5,F1,1,,,,,
2026-07-30,2026-07-30,CM,BSE,STK,531840,INE172B01017,IECEDU,X,,,,,IEC EDUCATION LTD.,21.95,21.95,21.00,21.10,21.00,21.50,,21.10,,,127,2686.00,10,F1,1,,,,,
2026-07-30,2026-07-30,CM,BSE,STK,531841,INE935D01013,INDUSFINL,XT,,,,,Indus Finance Limited,161.90,161.90,147.10,156.00,156.00,154.65,,156.00,,,7216,1117688.00,51,F1,1,,,,,
2026-07-30,2026-07-30,CM,BSE,STK,531842,INE515C01023,LAHOTIOV,B,,,,,LAHOTI OVERSEAS LTD.,43.55,47.00,40.30,42.06,40.30,43.86,,40.77,,,1281,55318.00,22,F1,1,,,,,
2026-07-30,2026-07-30,CM,BSE,STK,531845,INE318D01020,ZENITHSTL,B,,,,,ZENITH STEEL PIPES AND  INDUST,5.62,5.62,5.62,5.62,5.62,5.50,,5.54,,,1,5.00,1,F1,1,,,,,
2026-07-30,2026-07-30,CM,BSE,STK,531846,INE884X01011,TRINITYLEA,X,,,,,TRINITY LEAGUE INDIA LTD.,11.15,11.15,11.15,11.15,11.15,10.64,,11.15,,,104,1159.00,4,F1,1,,,,,
2026-07-30,2026-07-30,CM,BSE,STK,531847,INE194D01017,ASTAR,B,,,,,ASIAN STAR CO.LTD.,625.00,625.00,577.00,578.20,577.00,610.05,,582.10,,,36,21329.00,5,F1,1,,,,,
2026-07-30,2026-07-30,CM,BSE,STK,531859,INE457G01029,ORIRAIL,X,,,,,ORIENTAL RAIL INFRASTRUCTURE L,111.00,111.00,108.20,109.30,109.30,109.55,,109.30,,,17602,1920659.00,327,F1,1,,,,,
2026-07-30,2026-07-30,CM,BSE,STK,531861,INE024B01010,JOINDRE,X,,,,,JOINDRE CAPITAL SERVICES LTD.,50.39,50.90,49.00,49.50,49.50,50.54,,49.50,,,1685,83945.00,41,F1,1,,,,,
2026-07-30,2026-07-30,CM,BSE,STK,531862,INE842D01029,BHARATAGRI,X,,,,,BHARAT AGRI FERT & REALTY LTD.,23.28,23.30,23.00,23.13,23.13,23.30,,23.13,,,2304,53190.00,48,F1,1,,,,,
2026-07-30,2026-07-30,CM,BSE,STK,531867,INE929K01011,UNITINT,Z,,,,,UNITECH INTERNATIONAL LTD.,3.25,3.25,3.09,3.24,3.24,3.25,,3.24,,,1399,4369.00,12,F1,1,,,,,
2026-07-30,2026-07-30,CM,BSE,STK,531869,INE433G01020,SACHEMT,X,,,,,SACHETA METALS LTD.,3.84,3.90,3.84,3.85,3.85,3.85,,3.85,,,30570,117619.00,44,F1,1,,,,,
2026-07-30,2026-07-30,CM,BSE,STK,531870,INE370C01015,POPULARES,X,,,,,POPULAR ESTATE MANAGEMENT LTD.,19.84,19.84,17.96,17.96,17.96,18.90,,17.96,,,67,1205.00,4,F1,1,,,,,
2026-07-30,2026-07-30,CM,BSE,STK,531878,INE283D01018,ANJANIFIN,X,,,,,ANJANI FINANCE LTD.,9.30,9.30,9.30,9.30,9.30,9.30,,9.30,,,100,930.00,2,F1,1,,,,,
2026-07-30,2026-07-30,CM,BSE,STK,531888,INE687C01012,REXNORD,XT,,,,,REXNORD ELECTRONICS & CONTROLS,79.79,80.00,79.63,80.00,80.00,77.29,,80.00,,,3957,316130.00,28,F1,1,,,,,
2026-07-30,2026-07-30,CM,BSE,STK,531889,INE882B01037,NWIL,X,,,,,NURTURE WELL INDUSTRIES LIMITE,25.02,25.02,24.36,24.45,24.45,24.88,,24.45,,,140762,3456299.00,535,F1,1,,,,,
2026-07-30,2026-07-30,CM,BSE,STK,531892,INE060B01014,KHANDSE,B,,,,,KHANDWALA SECURITIES LTD.,15.05,17.93,15.05,17.00,17.89,17.80,,17.33,,,1995,32275.00,30,F1,1,,,,,
2026-07-30,2026-07-30,CM,BSE,STK,531893,INE248B01023,SAWACA,X,,,,,SAWACA ENTERPRISES LIMITED,0.30,0.30,0.28,0.29,0.29,0.29,,0.29,,,1348268,392267.00,283,F1,1,,,,,
2026-07-30,2026-07-30,CM,BSE,STK,531900,INE778E01031,CCLINTER,X,,,,,CCL INTERNATIONAL LTD.,24.45,24.45,24.20,24.24,24.20,22.75,,24.24,,,157,3811.00,9,F1,1,,,,,
2026-07-30,2026-07-30,CM,BSE,STK,531902,INE755J01012,GALLOPENT,XT,,,,,GALLOPS ENTERPRISE LTD.,37.50,37.50,37.50,37.50,37.50,37.76,,37.50,,,1,37.00,1,F1,1,,,,,
2026-07-30,2026-07-30,CM,BSE,STK,531909,INE587J01027,CROISSANCE,X,,,,,CROISSANCE LIMITED,1.45,1.45,1.40,1.45,1.45,1.44,,1.45,,,33159,47640.00,79,F1,1,,,,,
2026-07-30,2026-07-30,CM,BSE,STK,531910,INE312M01016,JOJO,X,,,,,JOJO LIMITED,247.95,254.80,243.20,247.85,246.60,240.20,,247.85,,,3901,978307.00,106,F1,1,,,,,
2026-07-30,2026-07-30,CM,BSE,STK,531911,INE803L01016,GALAGEX,X,,,,,GALAXY AGRICO EXPORTS LTD.,69.25,69.89,65.11,65.23,65.23,68.53,,65.23,,,259236,17400902.00,225,F1,1,,,,,
2026-07-30,2026-07-30,CM,BSE,STK,531918,INE02XD01011,HINDAPL,XT,,,,,HINDUSTAN APPLIANCES LTD.,104.75,104.75,100.00,100.00,100.00,104.75,,100.00,,,177,17774.00,9,F1,1,,,,,
2026-07-30,2026-07-30,CM,BSE,STK,531921,INE204E01012,AGARIND,B,,,,,AGARWAL INDUSTRIAL CORPORATION,506.50,508.15,495.10,502.30,499.30,506.25,,501.40,,,5104,2562743.00,199,F1,1,,,,,
2026-07-30,2026-07-30,CM,BSE,STK,531923,INE956B01013,DHAMPURE,X,,,,,DHAMPURE SPECIALITY SUGARS LTD,125.95,128.15,118.00,119.90,119.90,123.15,,119.90,,,6235,757206.00,62,F1,1,,,,,
2026-07-30,2026-07-30,CM,BSE,STK,531925,INE545N01019,SHAQUAK,X,,,,,SHANTANU SHEOREY AQUAKULT LTD.,1.04,1.12,1.04,1.12,1.12,1.08,,1.12,,,5871,6505.00,6,F1,1,,,,,
2026-07-30,2026-07-30,CM,BSE,STK,531930,INE074H01012,SARTHAKIND,X,,,,,SARTHAK INDUSTRIES LTD.,25.85,25.90,25.00,25.00,25.00,25.90,,25.00,,,703,17585.00,13,F1,1,,,,,
2026-07-30,2026-07-30,CM,BSE,STK,531931,INE531X01018,SAICAPI,X,,,,,SAI CAPITAL LTD.,146.05,146.05,137.00,140.05,140.05,142.55,,140.05,,,4739,668890.00,41,F1,1,,,,,
2026-07-30,2026-07-30,CM,BSE,STK,531936,INE657B01025,BLUECHIP,T,,,,,BLUE CHIP INDIA LTD.,2.38,2.38,2.38,2.38,2.38,2.42,,2.09,,,1000,2380.00,1,F1,1,,,,,
2026-07-30,2026-07-30,CM,BSE,STK,531944,INE185D01015,LEXORAA,XT,,,,,LEXORAA INDUSTRIES LIMITED,17.71,17.71,17.70,17.70,17.70,17.85,,17.70,,,500,8852.00,2,F1,1,,,,,
2026-07-30,2026-07-30,CM,BSE,STK,531950,INE316D01024,VERTEX,XT,,,,,VERTEX SECURITIES LTD.,3.24,3.39,3.24,3.30,3.30,3.33,,3.30,,,3059,10139.00,34,F1,1,,,,,
2026-07-30,2026-07-30,CM,BSE,STK,531952,INE811H01017,RIBATEX,XT,,,,,RIBA TEXTILES LTD.,82.95,82.95,77.15,79.66,80.95,80.11,,79.66,,,1897,149376.00,22,F1,1,,,,,
2026-07-30,2026-07-30,CM,BSE,STK,531959,INE997D01021,NEWINFRA,X,,,,,NEWTIME INFRASTRUCTURE LIMITED,2.06,2.15,1.97,1.99,1.97,2.03,,1.99,,,34343,70506.00,137,F1,1,,,,,
2026-07-30,2026-07-30,CM,BSE,STK,531962,INE914B01012,SHREMETAL,X,,,,,SHREE METALLOYS LTD.,39.00,39.05,36.71,39.03,39.02,39.25,,39.03,,,960,36777.00,14,F1,1,,,,,
2026-07-30,2026-07-30,CM,BSE,STK,531977,INE558F01026,CHLOGIST,X,,,,,CHARTERED LOGISTICS LTD.,5.50,5.82,5.40,5.71,5.78,5.47,,5.71,,,59477,335931.00,84,F1,1,,,,,
2026-07-30,2026-07-30,CM,BSE,STK,531978,INE540G01014,AMBIKCO,B,,,,,AMBIKA COTTON MILLS LTD.,1701.60,1719.90,1688.00,1695.45,1688.00,1707.35,,1699.60,,,612,1044757.00,89,F1,1,,,,,
2026-07-30,2026-07-30,CM,BSE,STK,531979,INE227B01019,HINDALUMI,X,,,,,HIND ALUMINIUM INDUSTRIES LTD.,95.60,96.50,93.20,95.25,95.05,94.10,,95.25,,,1738,165266.00,72,F1,1,,,,,
2026-07-30,2026-07-30,CM,BSE,STK,531982,INE547C01018,SPECFOOD,XT,,,,,SPECTRUM FOODS LTD.,16.70,17.80,16.32,16.43,16.43,17.00,,16.43,,,18811,319421.00,51,F1,1,,,,,
2026-07-30,2026-07-30,CM,BSE,STK,531989,INE132E01015,DECPO,X,,,,,DECCAN POLYPACKS LTD.,30.40,30.40,30.40,30.40,30.40,30.40,,30.40,,,2,60.00,1,F1,1,,,,,
2026-07-30,2026-07-30,CM,BSE,STK,531991,INE735C01027,AMRAAGRI,X,,,,,AMRAWORLD AGRICO LTD.,0.50,0.51,0.50,0.51,0.51,0.51,,0.51,,,43301,22060.00,43,F1,1,,,,,
2026-07-30,2026-07-30,CM,BSE,STK,531994,INE706C01028,AUTOPINS,XT,,,,,AUTO PINS (INDIA) LTD.,147.50,147.50,147.50,147.50,147.50,155.25,,147.50,,,1,147.00,1,F1,1,,,,,
2026-07-30,2026-07-30,CM,BSE,STK,531996,INE839E01023,ODYCORP,X,,,,,ODYSSEY CORPORATION LTD.,6.20,6.20,5.80,6.15,5.92,6.18,,6.15,,,22389,134830.00,57,F1,1,,,,,
2026-07-30,2026-07-30,CM,BSE,STK,531997,INE164D01010,IKOMA,XT,,,,,IKOMA TECHNOLOGIES LIMITED,66.32,66.32,63.20,64.71,64.71,66.32,,64.71,,,21523,1380097.00,89,F1,1,,,,,
2026-07-30,2026-07-30,CM,BSE,STK,532001,INE146H01018,INDCTST,X,,,,,INDUCTO STEEL LTD.,49.90,51.85,46.36,48.40,48.40,49.81,,48.40,,,1071,51395.00,22,F1,1,,,,,
2026-07-30,2026-07-30,CM,BSE,STK,532005,INE653D01012,SAMINDUS,X,,,,,SAM INDUSTRIES LTD.,44.90,44.90,37.56,38.60,38.60,41.20,,38.60,,,468,18182.00,18,F1,1,,,,,
2026-07-30,2026-07-30,CM,BSE,STK,532011,INE147C01017,POOJAENT,X,,,,,VASHU BHAGNANI INDUSTRIES LIMI,72.41,75.49,72.40,73.48,75.49,72.01,,73.48,,,18150,1327589.00,117,F1,1,,,,,
2026-07-30,2026-07-30,CM,BSE,STK,532015,INE995A01013,GRAVITY,XT,,,,,GRAVITY (INDIA) LTD.,11.37,11.37,10.81,11.27,10.95,11.37,,11.27,,,10634,116333.00,81,F1,1,,,,,
2026-07-30,2026-07-30,CM,BSE,STK,532016,INE176O01011,ESPIRE,X,,,,,ESPIRE HOSPITALITY LIMITED,164.40,165.00,158.45,163.15,164.00,164.50,,163.15,,,3555,585255.00,30,F1,1,,,,,
2026-07-30,2026-07-30,CM,BSE,STK,532019,INE938A01021,LCCINFOTEC,B,,,,,LCC INFOTECH LTD.,4.41,4.41,4.17,4.18,4.17,4.32,,4.22,,,3303,13895.00,32,F1,1,,,,,
2026-07-30,2026-07-30,CM,BSE,STK,532022,INE185E01021,FILATFASH,T,,,,,FILATEX FASHIONS LTD.,0.19,0.19,0.19,0.19,0.19,0.19,,0.18,,,662010,125781.00,132,F1,1,,,,,
2026-07-30,2026-07-30,CM,BSE,STK,532029,INE325D01025,SINDHUTRAD,B,,,,,SINDHU TRADE LINKS LIMITED,25.00,25.00,23.95,24.18,24.25,24.91,,24.16,,,135450,3262559.00,252,F1,1,,,,,
2026-07-30,2026-07-30,CM,BSE,STK,532039,INE486F01012,ZENOTECH,X,,,,,ZENOTECH LABORATORIES LTD.,44.44,44.89,44.00,44.45,44.85,44.39,,44.45,,,3439,152369.00,70,F1,1,,,,,
2026-07-30,2026-07-30,CM,BSE,STK,532041,INE597C01021,HINDBIO,X,,,,,HINDUSTAN BIO SCIENCES LTD.,6.83,7.13,6.83,7.04,7.13,6.83,,7.04,,,1680,11813.00,25,F1,1,,,,,
2026-07-30,2026-07-30,CM,BSE,STK,532051,INE409B01013,SWELECTES,B,,,,,SWELECT ENERGY SYSTEMS LIMITED,605.55,605.55,599.20,601.85,600.00,608.20,,601.55,,,199,119822.00,25,F1,1,,,,,
2026-07-30,2026-07-30,CM,BSE,STK,532053,INE121B01014,WALLFORT,X,,,,,WALLFORT FINANCIAL SERVICES LT,78.90,78.90,75.20,77.88,77.88,74.65,,77.88,,,2672,207201.00,73,F1,1,,,,,
2026-07-30,2026-07-30,CM,BSE,STK,532054,INE291D01011,KDDL,B,,,,,KDDL LTD.,3167.90,3235.65,3124.40,3184.00,3204.10,3137.60,,3191.70,,,898,2860732.00,186,F1,1,,,,,
2026-07-30,2026-07-30,CM,BSE,STK,532056,INE398H01015,TRUSTEDGE,X,,,,,Trustedge Capital Limited,135.35,142.00,135.00,135.30,135.00,134.00,,135.30,,,1255,170956.00,18,F1,1,,,,,
2026-07-30,2026-07-30,CM,BSE,STK,532057,INE516F01016,ABHICAP,X,,,,,ABHINAV CAPITAL SERVICES LTD.,110.00,113.00,104.30,109.65,112.90,114.90,,109.65,,,35,3858.00,14,F1,1,,,,,
2026-07-30,2026-07-30,CM,BSE,STK,532067,INE994E01018,3BBLACKBIO,B,,,,,3B BlackBio Dx Limited,1270.00,1277.00,1244.85,1250.05,1250.00,1271.90,,1250.00,,,2277,2850170.00,175,F1,1,,,,,
2026-07-30,2026-07-30,CM,BSE,STK,532070,INE311N01016,GUJJUBHAI,X,,,,,GUJJUBHAI INDUSTRIES LIMITED,117.60,133.75,116.00,129.20,130.00,117.25,,129.20,,,752355,92960485.00,683,F1,1,,,,,
2026-07-30,2026-07-30,CM,BSE,STK,532090,INE219M01021,ATVOENT,XT,,,,,Atvo Enterprises Limited,31.20,31.82,31.20,31.50,31.50,31.20,,31.50,,,11579,366864.00,31,F1,1,,,,,
2026-07-30,2026-07-30,CM,BSE,STK,532092,INE807D01030,EPUJA,X,,,,,EPUJA SPIRITECH LIMITED,1.49,1.56,1.43,1.43,1.43,1.50,,1.43,,,75850,110865.00,105,F1,1,,,,,
2026-07-30,2026-07-30,CM,BSE,STK,532100,INE456B01014,INDOCITY,XT,,,,,INDO-CITY INFOTECH LTD.,11.33,12.28,11.33,12.17,12.17,11.70,,12.17,,,1869,21545.00,24,F1,1,,,,,
2026-07-30,2026-07-30,CM,BSE,STK,532102,INE948G01019,SBECSUG,XT,,,,,SBEC SUGAR LTD.,63.92,63.92,61.50,61.94,62.00,62.85,,61.94,,,1752,107865.00,14,F1,1,,,,,
2026-07-30,2026-07-30,CM,BSE,STK,532113,INE957E01031,BRIJLEAS,X,,,,,BRIJLAXMI LEASING & FINANCE LT,8.43,9.17,8.43,8.60,8.60,8.35,,8.60,,,12235,110925.00,10,F1,1,,,,,
2026-07-30,2026-07-30,CM,BSE,STK,532123,INE395A01016,BSELALGO,X,,,,,BSEL ALGO LIMITED,4.08,4.15,3.96,4.04,4.04,4.08,,4.04,,,58122,236110.00,176,F1,1,,,,,
2026-07-30,2026-07-30,CM,BSE,STK,532124,INE419H01019,RELIABVEN,XT,,,,,RELIABLE VENTURES INDIA LTD.,26.29,26.29,24.15,26.29,26.29,25.19,,26.29,,,6517,168707.00,24,F1,1,,,,,
2026-07-30,2026-07-30,CM,BSE,STK,532131,INE382B01012,TRIUMPIN,X,,,,,TRIUMPH INTERNATIONAL FINANCE,16.94,16.94,15.31,15.31,15.31,16.99,,15.31,,,519,7966.00,11,F1,1,,,,,
2026-07-30,2026-07-30,CM,BSE,STK,532134,INE028A01039,BANKBARODA,A,,,,,BANK OF BARODA,243.20,243.20,240.35,241.40,241.40,243.20,,241.65,,,350044,84610683.00,2223,F1,1,,,,,
2026-07-30,2026-07-30,CM,BSE,STK,532140,INE154B01023,MOHITE,X,,,,,MOHITE INDUSTRIES LIMITED,2.51,2.61,2.51,2.55,2.55,2.54,,2.55,,,32700,83244.00,51,F1,1,,,,,
2026-07-30,2026-07-30,CM,BSE,STK,532141,INE666E01020,ACL,B,,,,,ANDHRA CEMENTS LTD.,48.37,48.37,47.00,47.62,47.68,47.75,,47.57,,,757,36090.00,16,F1,1,,,,,
2026-07-30,2026-07-30,CM,BSE,STK,532143,INE411D01023,SKMEGGPROD,B,,,,,SKM EGG PRODUCTS EXPORT (INDIA,268.60,272.15,247.00,249.65,249.65,273.60,,249.90,,,185066,47755206.00,3045,F1,1,,,,,
2026-07-30,2026-07-30,CM,BSE,STK,532144,INE191B01025,WELCORP,A,,,,,WELSPUN CORP LIMITED,1707.95,1707.95,1651.20,1655.75,1653.20,1696.35,,1655.00,,,13543,22568144.00,1006,F1,1,,,,,
2026-07-30,2026-07-30,CM,BSE,STK,532145,INE731B01010,HOTLSILV,X,,,,,H.S.INDIA LTD.,10.75,11.00,10.75,10.99,10.99,10.97,,10.99,,,2303,25138.00,21,F1,1,,,,,
2026-07-30,2026-07-30,CM,BSE,STK,532149,INE084A01016,BANKINDIA,A,,,,,BANK OF INDIA,136.75,137.65,136.10,137.25,137.25,137.75,,137.22,,,351491,48184358.00,2935,F1,1,,,,,
2026-07-30,2026-07-30,CM,BSE,STK,532150,INE681B01017,INDRAMEDCO,A,,,,,INDRAPRASTHA MEDICAL CORP.LTD.,361.40,363.55,359.00,360.05,360.35,363.35,,359.80,,,4376,1579892.00,237,F1,1,,,,,
2026-07-30,2026-07-30,CM,BSE,STK,532154,INE560F01022,JOHNPHARMA,X,,,,,JOHNSON PHARMACARE LIMITED,0.47,0.48,0.47,0.48,0.48,0.47,,0.48,,,201393,95354.00,280,F1,1,,,,,
2026-07-30,2026-07-30,CM,BSE,STK,532155,INE129A01019,GAIL,A,,,,,GAIL (INDIA) LTD.,174.20,175.80,173.05,173.55,173.55,175.20,,173.64,,,1522495,266701169.00,2786,F1,1,,,,,
2026-07-30,2026-07-30,CM,BSE,STK,532156,INE884A01027,VAIBHAVGBL,B,,,,,VAIBHAV GLOBAL LTD,268.30,271.75,262.30,263.60,263.20,266.80,,263.60,,,15095,4012053.00,510,F1,1,,,,,
2026-07-30,2026-07-30,CM,BSE,STK,532159,INE088D01011,TRESCON,X,,,,,TRESCON LIMITED,7.26,8.19,7.26,7.88,7.88,7.70,,7.88,,,1615,12488.00,21,F1,1,,,,,
2026-07-30,2026-07-30,CM,BSE,STK,532160,INE944A01011,GUJSTATFIN,B,,,,,GUJARAT STATE FINANCIAL CORPOR,10.84,10.84,10.06,10.40,10.66,10.61,,10.40,,,15220,157510.00,71,F1,1,,,,,
2026-07-30,2026-07-30,CM,BSE,STK,532162,INE789E01012,JKPAPER,A,,,,,JK PAPER LTD.,384.35,388.30,377.75,378.50,378.55,388.60,,378.35,,,25201,9624342.00,863,F1,1,,,,,
2026-07-30,2026-07-30,CM,BSE,STK,532163,INE979A01025,SAREGAMA,A,,,,,SAREGAMA INDIA LTD.,534.80,535.00,519.60,521.10,521.25,530.35,,521.40,,,13670,7197090.00,508,F1,1,,,,,
2026-07-30,2026-07-30,CM,BSE,STK,532164,INE514C01026,MINOLTAF,XT,,,,,MINOLTA FINANCE LTD.,1.20,1.20,1.13,1.19,1.20,1.18,,1.19,,,31868,36404.00,26,F1,1,,,,,
2026-07-30,2026-07-30,CM,BSE,STK,532167,INE501C01015,OMKARPH,X,,,,,OMKAR PHARMACHEM LTD.,16.00,16.00,16.00,16.00,16.00,16.00,,16.00,,,14,224.00,2,F1,1,,,,,
2026-07-30,2026-07-30,CM,BSE,STK,532172,INE737B01033,ADROITINFO,B,,,,,Adroit Infotech Limited,9.83,10.45,9.06,9.60,9.90,9.83,,9.70,,,21225,210723.00,78,F1,1,,,,,
2026-07-30,2026-07-30,CM,BSE,STK,532173,INE214A01019,CYBERTECH,T,,,,,CYBERTECH SYSTEMS AND SOFTWARE,138.10,140.95,137.00,140.00,140.00,139.55,,139.30,,,304,42021.00,21,F1,1,,,,,
2026-07-30,2026-07-30,CM,BSE,STK,532174,INE090A01021,ICICIBANK,A,,,,,ICICI BANK LTD.,1434.85,1445.00,1423.00,1436.50,1436.50,1437.35,,1434.40,,,2194319,3147915108.00,25241,F1,1,,,,,
2026-07-30,2026-07-30,CM,BSE,STK,532175,INE136B01020,CYIENT,A,,,,,CYIENT LIMITED,873.85,875.00,843.00,847.00,847.00,867.05,,847.70,,,28696,24713796.00,2514,F1,1,,,,,
2026-07-30,2026-07-30,CM,BSE,STK,532178,INE510A01028,ENGINERSIN,A,,,,,ENGINEERS INDIA LTD.,225.80,225.80,219.50,220.80,222.00,225.40,,221.74,,,97243,21587630.00,799,F1,1,,,,,
2026-07-30,2026-07-30,CM,BSE,STK,532180,INE680A01011,DHANBANK,B,,,,,DHANLAXMI BANK LIMITED,32.05,33.07,32.00,32.27,32.27,32.05,,32.34,,,104037,3371024.00,655,F1,1,,,,,
2026-07-30,2026-07-30,CM,BSE,STK,532181,INE131A01031,GMDCLTD,A,,,,,GUJARAT MINERAL DEVELOPMENT CO,577.55,579.40,558.40,559.75,559.75,574.55,,559.65,,,75318,42821945.00,1988,F1,1,,,,,
2026-07-30,2026-07-30,CM,BSE,STK,532183,INE622E01023,GAYATRI,X,,,,,GAYATRI SUGARS LTD.,7.91,8.10,7.54,7.78,7.73,7.90,,7.78,,,31905,247845.00,131,F1,1,,,,,
2026-07-30,2026-07-30,CM,BSE,STK,532187,INE095A01012,INDUSINDBK,A,,,,,INDUSIND BANK LTD.,1008.50,1013.70,999.00,1011.40,1010.80,1012.15,,1011.45,,,780444,786026444.00,2201,F1,1,,,,,
2026-07-30,2026-07-30,CM,BSE,STK,532189,INE353K01014,ITDC,B,,,,,INDIA TOURISM DEVELOPMENT CORP,719.50,720.20,695.00,697.90,697.90,719.50,,696.95,,,15948,11253029.00,611,F1,1,,,,,
2026-07-30,2026-07-30,CM,BSE,STK,532209,INE168A01041,J&KBANK,A,,,,,JAMMU & KASHMIR BANK LTD.,155.60,155.70,146.90,153.85,153.95,154.60,,153.75,,,1033673,155847225.00,7224,F1,1,,,,,
2026-07-30,2026-07-30,CM,BSE,STK,532210,INE491A01021,CUB,A,,,,,CITY UNION BANK LIMITED,228.45,228.45,214.80,215.80,216.00,228.70,,215.50,,,365162,79770014.00,4018,F1,1,,,,,
2026-07-30,2026-07-30,CM,BSE,STK,532212,INE731A01020,ARCHIES,B,,,,,ARCHIES LTD.,13.85,14.14,13.47,13.68,13.64,13.89,,13.78,,,5729,78387.00,41,F1,1,,,,,
2026-07-30,2026-07-30,CM,BSE,STK,532215,INE238A01034,AXISBANK,A,,,,,AXIS BANK LTD.,1230.00,1231.90,1220.25,1228.85,1228.85,1235.90,,1228.90,,,298458,365769132.00,20773,F1,1,,,,,
2026-07-30,2026-07-30,CM,BSE,STK,532217,INE027F01014,CMXLTD,X,,,,,CMX HOLDINGS LIMITED,18.99,18.99,17.86,18.41,18.41,18.80,,18.41,,,9200,164973.00,38,F1,1,,,,,
2026-07-30,2026-07-30,CM,BSE,STK,532218,INE683A01023,SOUTHBANK,A,,,,,SOUTH INDIAN BANK LTD.,46.55,47.12,46.27,46.86,46.86,46.52,,46.89,,,528358,24669753.00,2540,F1,1,,,,,
2026-07-30,2026-07-30,CM,BSE,STK,532219,INE306C01019,ENERGYDEV,B,,,,,ENERGY DEVELOPMENT COMPANY LTD,17.45,17.54,16.78,16.84,16.93,16.90,,16.80,,,816,13937.00,22,F1,1,,,,,
2026-07-30,2026-07-30,CM,BSE,STK,532221,INE269A01021,SONATSOFTW,A,,,,,SONATA SOFTWARE LTD.,319.30,327.25,308.00,309.25,309.25,317.10,,308.90,,,156620,50130219.00,3038,F1,1,,,,,
2026-07-30,2026-07-30,CM,BSE,STK,532230,INE665D01016,BENGALT,X,,,,,BENGAL TEA & FABRICS LTD.,149.85,149.85,144.00,145.60,147.95,143.95,,145.60,,,31,4542.00,9,F1,1,,,,,
2026-07-30,2026-07-30,CM,BSE,STK,532234,INE139A01034,NATIONALUM,A,,,,,NATIONAL ALUMINIUM CO.LTD.,345.00,349.65,342.65,347.85,347.85,344.75,,347.65,,,250601,86815936.00,4114,F1,1,,,,,
2026-07-30,2026-07-30,CM,BSE,STK,532240,INE092B01025,INDNIPPON,B,,,,,INDIA NIPPON ELECTRICALS LTD.,1171.65,1175.05,1155.05,1157.80,1158.65,1174.55,,1160.20,,,2202,2559347.00,178,F1,1,,,,,
2026-07-30,2026-07-30,CM,BSE,STK,532256,INE023A01030,NSIL,B,,,,,NALWA SONS INVESTMENTS LTD.,5513.95,5522.95,5474.95,5516.65,5489.00,5526.20,,5504.00,,,41,225888.00,21,F1,1,,,,,
2026-07-30,2026-07-30,CM,BSE,STK,532259,INE372A01015,APARINDS,A,,,,,APAR INDUSTRIES LTD.,13700.00,13854.05,13480.00,13769.85,13769.85,13836.40,,13747.00,,,5111,69920194.00,1257,F1,1,,,,,
2026-07-30,2026-07-30,CM,BSE,STK,532262,INE920B01019,TCIIND,X,,,,,TCI INDUSTRIES LTD.,1314.95,1314.95,1314.95,1314.95,1314.95,1288.00,,1314.95,,,1,1314.00,1,F1,1,,,,,
2026-07-30,2026-07-30,CM,BSE,STK,532268,INE793A01012,ACCELYA,B,,,,,ACCELYA SOLUTIONS INDIA LIMITE,1150.60,1161.00,1137.35,1141.25,1142.85,1167.35,,1142.40,,,1121,1286000.00,185,F1,1,,,,,
2026-07-30,2026-07-30,CM,BSE,STK,532271,INE215B01022,ORCHASP,B,,,,,ORCHASP LIMITED,1.64,1.74,1.42,1.55,1.54,1.68,,1.51,,,275518,413382.00,198,F1,1,,,,,
2026-07-30,2026-07-30,CM,BSE,STK,532275,INE394C01023,LANDMARC,X,,,,,LANDMARC LEISURE CORPORATION L,1.94,1.98,1.90,1.91,1.90,1.94,,1.91,,,4705599,9033017.00,296,F1,1,,,,,
2026-07-30,2026-07-30,CM,BSE,STK,532281,INE860A01027,HCLTECH,A,,,,,HCL TECHNOLOGIES LTD.,1350.00,1369.80,1345.50,1353.20,1353.20,1343.60,,1352.70,,,261267,355436414.00,17107,F1,1,,,,,
2026-07-30,2026-07-30,CM,BSE,STK,532284,INE389D01013,TCFCFINQ,X,,,,,TCFC FINANCE LTD.,26.30,26.33,25.11,25.23,25.11,26.38,,25.23,,,892,22463.00,20,F1,1,,,,,
2026-07-30,2026-07-30,CM,BSE,STK,532285,INE007B01023,GEOJITFSL,B,,,,,Geojit Financial Services Limi,74.94,76.99,74.51,75.41,75.64,75.40,,75.44,,,15986,1204024.00,217,F1,1,,,,,
2026-07-30,2026-07-30,CM,BSE,STK,532286,INE749A01030,JINDALSTEL,A,,,,,JINDAL STEEL LIMITED,1076.20,1102.40,1076.20,1093.25,1090.00,1089.00,,1093.70,,,47656,52093580.00,2238,F1,1,,,,,
2026-07-30,2026-07-30,CM,BSE,STK,532290,INE791A01024,BLBLIMITED,B,,,,,BLB LTD.,15.65,15.89,15.31,15.64,15.50,15.80,,15.53,,,1151,17999.00,18,F1,1,,,,,
2026-07-30,2026-07-30,CM,BSE,STK,532296,INE935A01035,GLENMARK,A,,,,,GLENMARK PHARMACEUTICALS LTD.,2266.60,2268.80,2185.00,2191.05,2205.15,2261.95,,2190.30,,,15794,35071204.00,2093,F1,1,,,,,
2026-07-30,2026-07-30,CM,BSE,STK,532300,INE049B01025,WOCKPHARMA,A,,,,,WOCKHARDT LTD.,1916.80,1921.60,1878.70,1906.95,1906.95,1916.45,,1904.20,,,27891,52986363.00,2437,F1,1,,,,,
2026-07-30,2026-07-30,CM,BSE,STK,532303,INE934A01012,INTEGHIT,X,,,,,INTEGRATED HITECH LTD.,3.35,3.69,3.35,3.69,3.69,3.52,,3.69,,,1923,6476.00,5,F1,1,,,,,
2026-07-30,2026-07-30,CM,BSE,STK,532304,INE602C01011,KJMCCORP,X,,,,,KJMC CORPORATE ADVISORS (INDIA,59.00,59.00,57.88,57.88,57.88,55.95,,57.88,,,16,931.00,3,F1,1,,,,,
2026-07-30,2026-07-30,CM,BSE,STK,532305,INE915B01019,INDSWFTLAB,B,,,,,IND-SWIFT LABORATORIES LTD.,223.60,228.00,216.15,219.60,218.50,224.20,,219.81,,,21007,4652423.00,432,F1,1,,,,,
2026-07-30,2026-07-30,CM,BSE,STK,532309,INE878A01011,GVPIL,B,,,,,GE Power India Ltd,751.45,752.00,726.65,740.90,745.00,751.05,,739.70,,,6697,4954480.00,384,F1,1,,,,,
2026-07-30,2026-07-30,CM,BSE,STK,532310,INE879A01019,SHREERAMA,B,,,,,SHREE RAMA MULTI-TECH LTD.,38.81,39.61,38.75,38.82,38.75,38.81,,38.82,,,1740,68457.00,54,F1,1,,,,,
2026-07-30,2026-07-30,CM,BSE,STK,532313,INE813A01018,MAHLIFE,A,,,,,MAHINDRA LIFESPACE DEVELOPERS,389.95,389.95,381.15,385.60,386.15,387.15,,385.40,,,4917,1894420.00,211,F1,1,,,,,
2026-07-30,2026-07-30,CM,BSE,STK,532315,INE042B01012,GROARC,X,,,,,GROARC INDUSTRIES INDIA LIMITE,5.85,5.85,5.50,5.76,5.85,5.80,,5.76,,,3130,17635.00,19,F1,1,,,,,
2026-07-30,2026-07-30,CM,BSE,STK,532320,INE418B01048,VAARAD,X,,,,,VAARAD VENTURES LTD,10.00,10.00,9.00,9.03,9.02,10.00,,9.03,,,6306,59129.00,27,F1,1,,,,,
2026-07-30,2026-07-30,CM,BSE,STK,532321,INE010B01027,ZYDUSLIFE,A,,,,,Zydus Lifesciences Limited,1123.00,1130.45,1113.00,1115.50,1113.75,1122.40,,1115.10,,,30879,34622511.00,1642,F1,1,,,,,
2026-07-30,2026-07-30,CM,BSE,STK,532323,INE555C01029,SHIVACEM,X,,,,,SHIVA CEMENT LTD.,17.27,17.33,16.60,16.96,16.95,17.24,,16.96,,,128093,2163226.00,251,F1,1,,,,,
2026-07-30,2026-07-30,CM,BSE,STK,532324,INE039B01026,CINEVISTA,B,,,,,CINEVISTA LTD.,15.10,15.32,15.00,15.21,15.21,15.15,,15.00,,,889,13416.00,14,F1,1,,,,,
2026-07-30,2026-07-30,CM,BSE,STK,532326,INE781A01025,INTENTECH,B,,,,,INTENSE TECHNOLOGIES LTD.,88.61,88.61,82.72,83.79,83.79,87.90,,84.47,,,11963,1009627.00,109,F1,1,,,,,
2026-07-30,2026-07-30,CM,BSE,STK,532329,INE310B01013,DANLAW,XT,,,,,DANLAW TECHNOLOGIES INDIA LTD.,1015.00,1015.00,976.00,991.40,991.40,988.05,,991.40,,,875,872984.00,54,F1,1,,,,,
2026-07-30,2026-07-30,CM,BSE,STK,532331,INE031B01049,AJANTPHARM,A,,,,,AJANTA PHARMA LTD.,3444.90,3528.60,3370.00,3429.15,3429.15,3397.40,,3436.00,,,24886,85931804.00,2418,F1,1,,,,,
2026-07-30,2026-07-30,CM,BSE,STK,532332,INE117B01020,CURAA,B,,,,,CURA TECHNOLOGIES LTD.,71.04,77.00,71.03,71.03,71.03,70.00,,71.79,,,125,8998.00,6,F1,1,,,,,
2026-07-30,2026-07-30,CM,BSE,STK,532333,INE638B01025,HBPOR,X,,,,,HB PORTFOLIO LTD.,53.76,56.78,53.76,56.70,56.70,56.81,,56.70,,,452,24908.00,19,F1,1,,,,,
2026-07-30,2026-07-30,CM,BSE,STK,532334,INE640B01021,HBESD,B,,,,,HB ESTATE DEVELOPERS LTD.,76.77,79.20,70.05,78.99,78.99,73.05,,78.94,,,2160,165303.00,45,F1,1,,,,,
2026-07-30,2026-07-30,CM,BSE,STK,532335,INE792B01012,AMBICAAGAR,B,,,,,AMBICA AGARBATHIES & AROMA IND,25.25,25.25,23.57,23.57,23.57,23.97,,24.42,,,165,4057.00,3,F1,1,,,,,
2026-07-30,2026-07-30,CM,BSE,STK,532339,INE453B01029,COMPUSOFT,B,,,,,COMPUCOM SOFTWARE LTD.,13.19,13.36,13.10,13.11,13.10,13.29,,13.09,,,4440,58309.00,37,F1,1,,,,,
2026-07-30,2026-07-30,CM,BSE,STK,532340,INE369B01019,OMNIAX,X,,,,,OMNI AXS SOFTWARE LTD.,3.02,3.03,3.02,3.03,3.03,3.02,,3.03,,,487,1473.00,4,F1,1,,,,,
2026-07-30,2026-07-30,CM,BSE,STK,532341,INE848A01014,IZMO,B,,,,,IZMO Limited,1031.00,1067.20,1001.95,1002.10,1002.10,1054.65,,1002.70,,,7583,7728358.00,553,F1,1,,,,,
2026-07-30,2026-07-30,CM,BSE,STK,532343,INE494B01023,TVSMOTOR,A,,,,,TVS MOTOR COMPANY LTD.,4080.05,4219.00,4071.20,4211.85,4211.85,4071.20,,4208.70,,,319993,1336232065.00,7300,F1,1,,,,,
2026-07-30,2026-07-30,CM,BSE,STK,532344,INE002B01016,MADALA,X,,,,,MADALA HOLDINGS LIMITED,190.00,194.50,187.10,194.50,194.50,188.75,,194.50,,,189,35747.00,8,F1,1,,,,,
2026-07-30,2026-07-30,CM,BSE,STK,532348,INE754A01055,SUBEXLTD,T,,,,,SUBEX LTD.,12.15,12.40,11.50,11.76,11.80,12.08,,11.75,,,116040,1370468.00,327,F1,1,,,,,
2026-07-30,2026-07-30,CM,BSE,STK,532349,INE688A01022,TCI,B,,,,,TRANSPORT CORPORATION OF INDIA,915.90,941.40,910.00,934.45,941.40,919.05,,931.20,,,4364,4059611.00,388,F1,1,,,,,
2026-07-30,2026-07-30,CM,BSE,STK,532350,INE243B01016,PADMALAYAT,Z,,,,,PADMALAYA TELEFILMS LTD.,3.93,3.93,3.65,3.66,3.65,3.75,,3.66,,,1200,4524.00,13,F1,1,,,,,
2026-07-30,2026-07-30,CM,BSE,STK,532351,INE523B01011,AKSHOPTFBR,T,,,,,AKSH OPTIFIBRE LTD.,5.55,5.56,5.36,5.36,5.36,5.46,,5.36,,,39649,216500.00,63,F1,1,,,,,
2026-07-30,2026-07-30,CM,BSE,STK,532354,INE400B01020,VIRGOGLOB,XT,,,,,Virgo Global Limited,3.50,3.50,3.48,3.48,3.48,3.66,,3.48,,,15729,54859.00,48,F1,1,,,,,
2026-07-30,2026-07-30,CM,BSE,STK,532355,INE448B01029,PICTUREHS,X,,,,,PICTUREHOUSE MEDIA LTD.,7.21,7.21,7.21,7.21,7.21,7.65,,7.21,,,144,1038.00,2,F1,1,,,,,
2026-07-30,2026-07-30,CM,BSE,STK,532356,INE256C01024,TRIVENI,T,,,,,TRIVENI ENGINEERING & INDUSTRI,230.10,236.20,223.80,229.15,229.80,235.55,,226.55,,,21076,4810117.00,513,F1,1,,,,,
2026-07-30,2026-07-30,CM,BSE,STK,532357,INE374B01019,MUKTAARTS,T,,,,,MUKTA ARTS LTD.,58.00,58.00,55.20,55.28,55.20,58.00,,55.60,,,105,6076.00,3,F1,1,,,,,
2026-07-30,2026-07-30,CM,BSE,STK,532359,INE309B01023,HITKITGLO,X,,,,,HIT KIT GLOBAL SOLUTIONS LTD.,2.17,2.17,2.17,2.17,2.17,2.07,,2.17,,,21774,47249.00,22,F1,1,,,,,
2026-07-30,2026-07-30,CM,BSE,STK,532362,INE099E01016,NAGPI,X,,,,,NAGPUR POWER & INDUSTRIES LTD.,142.20,148.75,142.20,148.35,143.50,142.20,,148.35,,,12179,1773433.00,31,F1,1,,,,,
2026-07-30,2026-07-30,CM,BSE,STK,532365,INE417B01040,DSSL,B,,,,,DYNACONS SYSTEMS & SOLUTIONS L,1250.15,1271.00,1205.15,1209.65,1209.65,1242.10,,1208.10,,,2852,3489080.00,320,F1,1,,,,,
2026-07-30,2026-07-30,CM,BSE,STK,532366,INE859A01011,PNBGILTS,B,,,,,PNB GILTS LTD.,83.94,83.94,82.50,82.63,82.50,83.94,,82.65,,,23635,1961128.00,322,F1,1,,,,,
2026-07-30,2026-07-30,CM,BSE,STK,532368,INE425B01027,BCG,B,,,,,BRIGHTCOM GROUP LIMITED,9.40,9.40,9.09,9.27,9.27,9.40,,9.28,,,606120,5638473.00,717,F1,1,,,,,
2026-07-30,2026-07-30,CM,BSE,STK,532369,INE614A01028,RAMCOIND,B,,,,,RAMCO INDUSTRIES LTD.,336.00,336.30,326.05,328.05,329.65,333.10,,329.00,,,4417,1455167.00,142,F1,1,,,,,
2026-07-30,2026-07-30,CM,BSE,STK,532370,INE246B01019,RAMCOSYS,B,,,,,RAMCO SYSTEMS LTD.,599.10,618.95,576.35,604.75,604.75,589.50,,605.40,,,65561,39501894.00,2101,F1,1,,,,,
2026-07-30,2026-07-30,CM,BSE,STK,532371,INE517B01013,TTML,A,,,,,TATA TELESERVICES (MAHARASHTRA,40.29,40.58,39.30,39.55,39.55,39.75,,39.57,,,292640,11688266.00,1876,F1,1,,,,,
2026-07-30,2026-07-30,CM,BSE,STK,532372,INE539B01017,VIRINCHI,B,,,,,Virinchi Limited,15.67,15.70,15.30,15.48,15.48,15.63,,15.49,,,4635,71387.00,31,F1,1,,,,,
2026-07-30,2026-07-30,CM,BSE,STK,532373,INE434B01029,WEPSOLN,X,,,,,WEP SOLUTIONS LTD.,31.94,31.98,30.70,31.11,31.11,30.46,,31.11,,,43349,1374767.00,144,F1,1,,,,,
2026-07-30,2026-07-30,CM,BSE,STK,532374,INE089C01029,STLTECH,T,,,,,STERLITE TECHNOLOGIES LTD.,518.00,534.50,498.00,530.00,530.00,519.90,,530.55,,,122948,63087887.00,4439,F1,1,,,,,
2026-07-30,2026-07-30,CM,BSE,STK,532375,INE716B01029,TIPSMUSIC,A,,,,,TIPS MUSIC LIMITED,687.45,687.45,661.00,665.65,664.00,684.95,,664.90,,,10220,6839245.00,554,F1,1,,,,,
2026-07-30,2026-07-30,CM,BSE,STK,532376,INE398B01018,UMIYA-MRO,B,,,,,UMIYA BUILDCON LIMITED,88.11,88.11,88.11,88.11,88.11,90.54,,89.04,,,6,528.00,1,F1,1,,,,,
2026-07-30,2026-07-30,CM,BSE,STK,532378,INE464B01018,UNIVARTS,X,,,,,UNIVERSAL ARTS LTD.,5.10,5.10,5.10,5.10,5.10,5.48,,5.10,,,6000,30600.00,5,F1,1,,,,,
2026-07-30,2026-07-30,CM,BSE,STK,532379,INE683B01047,FIRSTFIN,XT,,,,,FIRST FINTEC LIMITED,7.35,7.35,6.93,7.23,7.23,7.29,,7.23,,,6595,45706.00,21,F1,1,,,,,
2026-07-30,2026-07-30,CM,BSE,STK,532380,INE893A01036,BABA,X,,,,,BABA ARTS LTD.,14.45,14.45,13.67,13.79,14.24,14.37,,13.79,,,6393,89281.00,63,F1,1,,,,,
2026-07-30,2026-07-30,CM,BSE,STK,532382,INE794B01026,BALAJITELE,B,,,,,BALAJI TELEFILMS LTD.,83.48,83.73,81.01,82.32,82.36,84.00,,82.23,,,907,74603.00,74,F1,1,,,,,
2026-07-30,2026-07-30,CM,BSE,STK,532384,INE443B01012,TYCHE,X,,,,,TYCHE INDUSTRIES LTD.,123.45,124.80,121.20,122.15,122.15,122.15,,122.15,,,1694,207283.00,48,F1,1,,,,,
2026-07-30,2026-07-30,CM,BSE,STK,532386,INE526B01014,CALSOFT,T,,,,,CALIFORNIA SOFTWARE CO.LTD.,20.96,22.17,20.96,21.02,20.96,21.39,,21.06,,,14484,308653.00,31,F1,1,,,,,
2026-07-30,2026-07-30,CM,BSE,STK,532387,INE392B01011,PNC,B,,,,,PRITISH NANDY COMMUNICATIONS L,19.69,20.00,19.69,19.69,19.69,19.60,,20.47,,,13,256.00,4,F1,1,,,,,
2026-07-30,2026-07-30,CM,BSE,STK,532388,INE565A01014,IOB,A,,,,,INDIAN OVERSEAS BANK,33.76,33.82,33.50,33.73,33.72,33.76,,33.73,,,141004,4745480.00,891,F1,1,,,,,
2026-07-30,2026-07-30,CM,BSE,STK,532390,INE586B01026,TAJGVK,B,,,,,TAJGVK HOTELS & RESORTS LTD.,360.00,366.50,358.00,360.00,359.40,359.55,,360.80,,,5650,2044218.00,209,F1,1,,,,,
2026-07-30,2026-07-30,CM,BSE,STK,532392,INE230B01021,CREATIVEYE,B,,,,,CREATIVE EYE LTD.,6.01,6.16,6.00,6.00,6.00,6.01,,5.99,,,71,429.00,3,F1,1,,,,,
2026-07-30,2026-07-30,CM,BSE,STK,532395,INE555B01013,AXISCADES,B,,,,,AXISCADES TECHNOLOGIES LIMITED,1597.00,1597.00,1518.90,1523.90,1523.90,1566.05,,1523.50,,,6178,9619808.00,920,F1,1,,,,,
2026-07-30,2026-07-30,CM,BSE,STK,532397,INE971A01014,KONNDOR,XT,,,,,KONNDOR INDUSTRIES LIMITED,15.85,16.00,15.13,15.15,15.15,15.92,,15.15,,,5933,90314.00,9,F1,1,,,,,
2026-07-30,2026-07-30,CM,BSE,STK,532398,INE240C01028,UMESLTD,B,,,,,USHA MARTIN EDUCATION & SOLUTI,5.48,5.73,5.43,5.44,5.44,5.46,,5.48,,,1400,7639.00,9,F1,1,,,,,
2026-07-30,2026-07-30,CM,BSE,STK,532400,INE836A01035,BSOFT,A,,,,,BIRLASOFT LIMITED,308.85,318.60,305.45,306.40,306.75,310.75,,306.30,,,134239,41837080.00,2688,F1,1,,,,,
2026-07-30,2026-07-30,CM,BSE,STK,532402,INE718B01017,USGTECH,XT,,,,,USG TECH SOLUTIONS LTD.,10.17,10.18,10.17,10.18,10.18,10.37,,10.18,,,2,20.00,2,F1,1,,,,,
2026-07-30,2026-07-30,CM,BSE,STK,532403,INE739B01039,4THGEN,XT,,,,,FOURTH GENERATION INFORMATION,6.25,6.25,6.20,6.20,6.20,6.52,,6.20,,,15,93.00,3,F1,1,,,,,
2026-07-30,2026-07-30,CM,BSE,STK,532404,INE856B01023,7TEC,X,,,,,SAVEN TECHNOLOGIES LTD.,42.70,42.70,35.80,35.94,35.94,39.67,,35.94,,,172359,6684585.00,603,F1,1,,,,,
2026-07-30,2026-07-30,CM,BSE,STK,532406,INE005B01027,AVANTEL,A,,,,,AVANTEL LTD.,161.90,161.90,158.20,159.75,159.75,161.20,,159.78,,,103449,16479390.00,829,F1,1,,,,,
2026-07-30,2026-07-30,CM,BSE,STK,532407,INE935B01025,MOSCHIP,A,,,,,MOSCHIP TECHNOLOGIES LIMITED,212.95,213.05,204.20,205.40,205.40,211.05,,205.40,,,185673,38491279.00,2682,F1,1,,,,,
2026-07-30,2026-07-30,CM,BSE,STK,532408,INE933B01012,SIGMAADV,T,,,,,SIGMA ADVANCED SYSTEMS LIMITED,633.70,633.70,578.50,603.20,603.20,603.55,,599.75,,,83796,51443955.00,1373,F1,1,,,,,
2026-07-30,2026-07-30,CM,BSE,STK,532410,INE330E01023,TRANSCOR,X,,,,,TRANSCORP INTERNATIONAL LTD.,25.50,26.46,25.00,26.00,26.00,25.63,,26.00,,,10013,261619.00,80,F1,1,,,,,
2026-07-30,2026-07-30,CM,BSE,STK,532413,INE345B01019,CEREBRAINT,Z,,,,,CEREBRA INTEGRATED TECHNOLOGIE,3.04,3.05,2.90,3.04,3.04,2.97,,2.93,,,12393,36691.00,27,F1,1,,,,,
2026-07-30,2026-07-30,CM,BSE,STK,532416,INE747B01016,NEXTMEDIA,B,,,,,NEXT MEDIAWORKS LTD.,4.25,4.25,3.86,3.92,3.92,4.06,,3.92,,,2290,8915.00,10,F1,1,,,,,
2026-07-30,2026-07-30,CM,BSE,STK,532419,INE178C01020,SMARTLINK,T,,,,,Smartlink Holdings Limited,200.00,203.00,194.30,197.15,197.15,204.00,,203.96,,,596,116229.00,13,F1,1,,,,,
2026-07-30,2026-07-30,CM,BSE,STK,532424,INE102D01028,GODREJCP,A,,,,,GODREJ CONSUMER PRODUCTS LTD.,1076.90,1078.00,1066.65,1072.20,1069.70,1076.35,,1072.10,,,115373,123457584.00,545,F1,1,,,,,
2026-07-30,2026-07-30,CM,BSE,STK,532425,INE256D01014,GENUSPRIME,X,,,,,GENUS PRIME INFRA LIMITED,28.75,28.75,28.01,28.27,28.30,28.15,,28.27,,,3150,89204.00,35,F1,1,,,,,
2026-07-30,2026-07-30,CM,BSE,STK,532430,INE243D01012,BFUTILITIE,B,,,,,BF UTILITIES LTD.,573.35,573.35,557.90,560.00,560.00,573.95,,561.10,,,2450,1375512.00,170,F1,1,,,,,
2026-07-30,2026-07-30,CM,BSE,STK,532432,INE854D01024,UNITDSPR,A,,,,,UNITED SPIRITS LTD.,1517.80,1535.90,1508.95,1525.20,1525.20,1503.60,,1531.60,,,45036,68629554.00,2991,F1,1,,,,,
2026-07-30,2026-07-30,CM,BSE,STK,532435,INE799C01049,SANINFRA,XT,,,,,SANMIT INFRA LIMITED,50.67,52.99,50.67,52.79,52.60,50.66,,52.79,,,7822,408716.00,99,F1,1,,,,,
2026-07-30,2026-07-30,CM,BSE,STK,532439,INE260D01016,OLECTRA,A,,,,,OLECTRA GREENTECH LIMITED,1302.05,1345.30,1302.05,1327.50,1326.00,1330.15,,1327.00,,,11325,14999866.00,695,F1,1,,,,,
2026-07-30,2026-07-30,CM,BSE,STK,532440,INE943D01017,MPSLTD,B,,,,,MPS LTD.,2693.75,2717.85,2637.45,2663.00,2652.50,2680.60,,2650.60,,,2196,5914260.00,209,F1,1,,,,,
2026-07-30,2026-07-30,CM,BSE,STK,532443,INE739E01017,CERA,A,,,,,CERA SANITARYWARE LTD.,6145.95,6161.60,6081.15,6111.15,6110.95,6145.70,,6116.50,,,217,1328725.00,96,F1,1,,,,,
2026-07-30,2026-07-30,CM,BSE,STK,532444,INE541C01037,TSPIRITUAL,XT,,,,,T.SPIRITUAL WORLD LTD.,1.77,1.78,1.69,1.69,1.69,1.77,,1.69,,,1192,2110.00,7,F1,1,,,,,
2026-07-30,2026-07-30,CM,BSE,STK,532454,INE397D01024,BHARTIARTL,A,,,,,BHARTI AIRTEL LTD.,1951.15,1965.65,1943.80,1955.75,1955.75,1950.30,,1956.70,,,361493,705770105.00,21117,F1,1,,,,,
2026-07-30,2026-07-30,CM,BSE,STK,532455,INE655D01025,SHALIWIR,X,,,,,SHALIMAR WIRES INDUSTRIES LTD.,18.03,18.50,17.94,18.42,18.46,18.03,,18.42,,,2843,52477.00,41,F1,1,,,,,
2026-07-30,2026-07-30,CM,BSE,STK,532456,INE070C01037,COMPINFO,Z,,,,,COMPUAGE INFOCOM LTD.,1.18,1.18,1.08,1.15,1.15,1.13,,1.15,,,2270,2548.00,5,F1,1,,,,,
2026-07-30,2026-07-30,CM,BSE,STK,532457,INE255D01024,GULPOLY,B,,,,,GULSHAN POLYOLS LTD.,198.00,198.00,193.00,193.55,194.55,198.15,,193.97,,,25228,4917178.00,349,F1,1,,,,,
2026-07-30,2026-07-30,CM,BSE,STK,532460,INE838E01017,PONNIERODE,B,,,,,PONNI SUGARS (ERODE) LTD.,338.90,338.90,304.00,307.30,308.30,306.00,,305.40,,,105,32136.00,10,F1,1,,,,,
2026-07-30,2026-07-30,CM,BSE,STK,532461,INE160A01022,PNB,A,,,,,PUNJAB NATIONAL BANK,111.35,111.80,110.40,111.60,111.60,111.00,,111.64,,,301946,33568689.00,3682,F1,1,,,,,
2026-07-30,2026-07-30,CM,BSE,STK,532466,INE881D01027,OFSS,A,,,,,ORACLE FINANCIAL SERVICES SOFT,11499.85,11499.85,11082.40,11131.55,11131.55,11426.75,,11136.00,,,15959,180596766.00,5204,F1,1,,,,,
2026-07-30,2026-07-30,CM,BSE,STK,532467,INE550F01049,HAZOOR,B,,,,,HAZOOR MULTI PROJECTS LTD.,22.51,22.90,21.60,22.23,22.23,22.51,,22.23,,,597962,13285349.00,631,F1,1,,,,,
2026-07-30,2026-07-30,CM,BSE,STK,532468,INE411F01010,KAMAHOLD,B,,,,,KAMA HOLDINGS LIMITED,2549.00,2549.00,2500.00,2509.15,2509.15,2550.00,,2507.80,,,439,1107046.00,53,F1,1,,,,,
2026-07-30,2026-07-30,CM,BSE,STK,532475,INE266F01018,APTECHT,T,,,,,APTECH LTD.,92.10,92.90,90.00,91.60,92.45,92.15,,90.79,,,4350,395191.00,77,F1,1,,,,,
2026-07-30,2026-07-30,CM,BSE,STK,532477,INE692A01016,UNIONBANK,A,,,,,UNION BANK OF INDIA,171.00,171.00,167.90,170.45,170.45,171.05,,170.40,,,278928,47279145.00,1664,F1,1,,,,,
2026-07-30,2026-07-30,CM,BSE,STK,532478,INE686F01025,UBL,A,,,,,UNITED BREWERIES LTD.,1449.85,1460.00,1433.95,1437.95,1447.90,1438.65,,1436.20,,,10374,15032788.00,639,F1,1,,,,,
2026-07-30,2026-07-30,CM,BSE,STK,532481,INE781B01015,NOIDATOLL,T,,,,,NOIDA TOLL BRIDGE COMPANY LTD.,4.36,4.46,4.35,4.36,4.36,4.47,,4.31,,,4785,20965.00,51,F1,1,,,,,
2026-07-30,2026-07-30,CM,BSE,STK,532482,INE101D01020,GRANULES,A,,,,,GRANULES INDIA LTD.,845.85,850.35,833.00,834.00,835.10,841.65,,833.95,,,19235,16196925.00,747,F1,1,,,,,
2026-07-30,2026-07-30,CM,BSE,STK,532483,INE476A01022,CANBK,A,,,,,CANARA BANK,124.55,124.85,123.75,124.30,124.30,124.75,,124.28,,,888828,110339098.00,5449,F1,1,,,,,
2026-07-30,2026-07-30,CM,BSE,STK,532485,INE525F01025,BLIL,B,,,,,BALMER LAWRIE INVESTMENTS LTD.,70.05,70.63,69.72,70.17,70.25,70.05,,70.01,,,7042,494172.00,183,F1,1,,,,,
2026-07-30,2026-07-30,CM,BSE,STK,532486,INE637C01025,POKARNA,B,,,,,POKARNA LTD.,917.95,934.00,907.25,919.20,931.65,919.50,,918.00,,,984,902901.00,137,F1,1,,,,,
2026-07-30,2026-07-30,CM,BSE,STK,532488,INE361B01024,DIVISLAB,A,,,,,DIVIS LABORATORIES LTD.,7864.30,7937.00,7795.00,7840.50,7840.50,7794.00,,7835.00,,,37977,298443971.00,6676,F1,1,,,,,
2026-07-30,2026-07-30,CM,BSE,STK,532493,INE386C01029,ASTRAMICRO,A,,,,,ASTRA MICROWAVE PRODUCTS LTD.,1771.60,1771.60,1719.00,1725.35,1727.00,1774.15,,1726.00,,,12072,21027595.00,1374,F1,1,,,,,
2026-07-30,2026-07-30,CM,BSE,STK,532497,INE944F01028,RADICO,A,,,,,RADICO KHAITAN LTD.,4374.30,4494.75,4338.75,4367.85,4356.80,4374.30,,4366.60,,,26960,119212268.00,4165,F1,1,,,,,
2026-07-30,2026-07-30,CM,BSE,STK,532500,INE585B01010,MARUTI,A,,,,,MARUTI SUZUKI INDIA LTD.,13950.00,14250.00,13832.00,14188.90,14188.90,13942.25,,14188.00,,,30680,429351033.00,7346,F1,1,,,,,
2026-07-30,2026-07-30,CM,BSE,STK,532503,INE296E01026,RAJPALAYAM,B,,,,,RAJAPALAYAM MILLS LTD.,825.95,825.95,825.95,825.95,825.95,808.10,,813.95,,,1,825.00,1,F1,1,,,,,
2026-07-30,2026-07-30,CM,BSE,STK,532504,INE048G01026,NAVINFLUOR,A,,,,,NAVIN FLUORINE INTERNATIONAL L,7569.05,7571.00,7371.00,7385.95,7385.95,7593.50,,7386.50,,,3005,22344652.00,525,F1,1,,,,,
2026-07-30,2026-07-30,CM,BSE,STK,532505,INE691A01018,UCOBANK,A,,,,,UCO BANK,26.50,26.55,25.71,25.86,25.86,26.53,,25.82,,,444392,11587531.00,2228,F1,1,,,,,
2026-07-30,2026-07-30,CM,BSE,STK,532507,INE116D01028,BAGFILMS,B,,,,,B.A.G.FILMS & MEDIA LTD.,4.60,4.60,4.43,4.43,4.43,4.49,,4.43,,,20668,92051.00,38,F1,1,,,,,
2026-07-30,2026-07-30,CM,BSE,STK,532508,INE220G01021,JSL,A,,,,,JINDAL STAINLESS LTD.,730.05,739.00,726.65,737.65,737.65,729.85,,737.75,,,20388,14991744.00,1128,F1,1,,,,,
2026-07-30,2026-07-30,CM,BSE,STK,532509,INE399C01030,SUPRAJIT,A,,,,,SUPRAJIT ENGINEERING LTD.,498.50,503.90,493.75,501.05,500.00,493.15,,499.45,,,4409,2200011.00,339,F1,1,,,,,
2026-07-30,2026-07-30,CM,BSE,STK,532513,INE236G01019,TVSELECT,B,,,,,TVS ELECTRONICS LTD.,490.00,500.00,479.20,482.85,483.00,491.00,,481.40,,,2436,1183113.00,143,F1,1,,,,,
2026-07-30,2026-07-30,CM,BSE,STK,532514,INE203G01027,IGL,A,,,,,INDRAPRASTHA GAS LTD.,153.25,153.40,151.55,151.80,152.00,152.75,,151.74,,,36434,5559820.00,1269,F1,1,,,,,
2026-07-30,2026-07-30,CM,BSE,STK,532515,INE038F01029,TVTODAY,B,,,,,TV TODAY NETWORK LTD.,115.40,116.80,113.50,113.65,113.50,115.40,,113.67,,,3219,367811.00,70,F1,1,,,,,
2026-07-30,2026-07-30,CM,BSE,STK,532521,INE218G01033,PALREDTEC,T,,,,,PALRED TECHNOLOGIES LIMITED,46.74,46.74,45.75,45.75,45.75,46.74,,45.88,,,506,23647.00,13,F1,1,,,,,
2026-07-30,2026-07-30,CM,BSE,STK,532522,INE347G01014,PETRONET,A,,,,,PETRONET LNG LTD.,270.05,281.30,270.05,279.10,279.10,277.25,,278.90,,,71477,19943126.00,1415,F1,1,,,,,
2026-07-30,2026-07-30,CM,BSE,STK,532523,INE376G01013,BIOCON,A,,,,,BIOCON LTD.,432.95,433.00,421.65,425.55,425.90,430.85,,425.35,,,144320,61383820.00,3141,F1,1,,,,,
2026-07-30,2026-07-30,CM,BSE,STK,532524,INE877F01012,PTC,A,,,,,PTC INDIA LTD.,167.90,169.50,166.70,169.15,169.15,167.80,,169.13,,,14480,2444136.00,293,F1,1,,,,,
2026-07-30,2026-07-30,CM,BSE,STK,532525,INE457A01014,MAHABANK,A,,,,,BANK OF MAHARASHTRA,80.85,80.86,79.12,79.26,79.26,80.71,,79.26,,,254175,20283959.00,1634,F1,1,,,,,
2026-07-30,2026-07-30,CM,BSE,STK,532527,INE399G01023,RKFORGE,A,,,,,RAMKRISHNA FORGINGS LTD.,639.10,641.60,623.20,626.20,626.05,642.60,,626.40,,,54161,34098198.00,1211,F1,1,,,,,
2026-07-30,2026-07-30,CM,BSE,STK,532528,INE365B01017,DATAMATICS,A,,,,,DATAMATICS GLOBAL SERVICES LTD,840.45,852.00,820.50,822.60,825.35,840.45,,821.65,,,6647,5559176.00,426,F1,1,,,,,
2026-07-30,2026-07-30,CM,BSE,STK,532529,INE155G01029,NDTV,B,,,,,NEW DELHI TELEVISION LTD.,76.01,76.74,75.90,76.16,76.14,76.22,,76.23,,,21561,1643057.00,170,F1,1,,,,,
2026-07-30,2026-07-30,CM,BSE,STK,532531,INE939A01011,STAR,A,,,,,STRIDES PHARMA SCIENCE LIMITED,1069.60,1093.80,1062.00,1073.40,1073.70,1060.00,,1072.80,,,3996,4308300.00,328,F1,1,,,,,
2026-07-30,2026-07-30,CM,BSE,STK,532538,INE481G01011,ULTRACEMCO,A,,,,,ULTRATECH CEMENT LTD.,11773.05,11863.80,11755.00,11847.75,11847.75,11998.00,,11847.00,,,12743,150443760.00,3044,F1,1,,,,,
2026-07-30,2026-07-30,CM,BSE,STK,532539,INE405E01023,UNOMINDA,A,,,,,UNO Minda Limited,1178.75,1182.95,1161.00,1173.40,1172.00,1168.60,,1172.80,,,25684,30210824.00,1282,F1,1,,,,,
2026-07-30,2026-07-30,CM,BSE,STK,532540,INE467B01029,TCS,A,,,,,TATA CONSULTANCY SERVICES LTD.,2445.55,2494.20,2423.00,2431.90,2431.90,2445.60,,2431.80,,,235401,578665031.00,21817,F1,1,,,,,
2026-07-30,2026-07-30,CM,BSE,STK,532541,INE591G01025,COFORGE,A,,,,,COFORGE LIMITED,1684.30,1763.70,1684.30,1746.05,1746.05,1716.65,,1746.90,,,716954,1253330641.00,21515,F1,1,,,,,
2026-07-30,2026-07-30,CM,BSE,STK,532543,INE586G01017,GULFPETRO,T,,,,,GP PETROLEUMS LTD,43.03,47.55,43.03,47.55,47.55,45.29,,47.59,,,34129,1601256.00,70,F1,1,,,,,
2026-07-30,2026-07-30,CM,BSE,STK,532548,INE348B01021,CENTURYPLY,A,,,,,CENTURY PLYBOARDS (I) LTD.,772.15,795.90,772.15,794.00,786.95,782.65,,793.75,,,1496,1182135.00,160,F1,1,,,,,
2026-07-30,2026-07-30,CM,BSE,STK,532553,INE625G01013,WELENT,A,,,,,WELSPUN ENTERPRISES LIMTED,599.70,599.70,585.35,589.70,589.00,592.60,,589.65,,,4495,2653012.00,138,F1,1,,,,,
2026-07-30,2026-07-30,CM,BSE,STK,532555,INE733E01010,NTPC,A,,,,,NTPC LTD.,343.50,347.35,342.00,344.50,344.50,343.50,,344.85,,,815148,281284257.00,19150,F1,1,,,,,
2026-07-30,2026-07-30,CM,BSE,STK,532604,INE658G01014,SALSTEEL,T,,,,,S.A.L.STEEL LTD.,62.69,62.69,59.28,59.28,59.28,62.39,,59.36,,,4955,294883.00,33,F1,1,,,,,
2026-07-30,2026-07-30,CM,BSE,STK,532605,INE927D01051,JBMA,A,,,,,JBM AUTO LTD.,675.90,689.05,665.00,678.35,678.35,675.15,,678.45,,,69608,47217502.00,2081,F1,1,,,,,
2026-07-30,2026-07-30,CM,BSE,STK,532610,INE366A01041,DWARKESH,B,,,,,DWARIKESH SUGAR INDUSTRIES LTD,37.80,38.11,36.50,36.65,36.65,38.03,,36.68,,,300575,11086883.00,1065,F1,1,,,,,
2026-07-30,2026-07-30,CM,BSE,STK,532612,INE873D01024,INDOCO,B,,,,,INDOCO REMEDIES LTD.,222.80,222.80,216.00,217.00,218.50,225.15,,216.69,,,12886,2827055.00,341,F1,1,,,,,
2026-07-30,2026-07-30,CM,BSE,STK,532613,INE450G01024,VIPCLOTHNG,T,,,,,VIP Clothing Limited,21.20,21.30,21.05,21.14,21.05,21.21,,21.06,,,2663,56284.00,20,F1,1,,,,,
2026-07-30,2026-07-30,CM,BSE,STK,532616,INE692G01013,XCHANGING,B,,,,,XCHANGING SOLUTIONS LTD.,63.10,68.73,63.10,67.04,67.08,67.08,,67.08,,,18302,1241225.00,400,F1,1,,,,,
2026-07-30,2026-07-30,CM,BSE,STK,532624,INE796G01012,JINDALPHOT,B,,,,,JINDAL PHOTO LTD.,1054.70,1090.00,1052.00,1057.10,1057.10,1065.15,,1062.40,,,47,50193.00,23,F1,1,,,,,
2026-07-30,2026-07-30,CM,BSE,STK,532626,INE063E01061,POCL,A,,,,,PONDY OXIDES & CHEMICALS LTD.,533.20,533.20,514.00,527.30,526.00,528.80,,527.60,,,24148,12628076.00,846,F1,1,,,,,
2026-07-30,2026-07-30,CM,BSE,STK,532627,INE351F01018,JPPOWER,A,,,,,JAIPRAKASH POWER VENTURES LIMI,17.02,17.60,16.93,17.34,17.34,17.05,,17.32,,,6427381,110820478.00,5193,F1,1,,,,,
2026-07-30,2026-07-30,CM,BSE,STK,532628,INE748C01038,3IINFOLTD,B,,,,,3I INFOTECH LTD.,22.00,22.70,21.50,22.56,22.53,22.10,,22.59,,,56341,1248063.00,433,F1,1,,,,,
2026-07-30,2026-07-30,CM,BSE,STK,532630,INE887G01027,GOKEX,A,,,,,GOKALDAS EXPORTS LTD.,819.50,822.05,802.45,804.45,805.45,826.40,,804.40,,,6255,5068574.00,389,F1,1,,,,,
2026-07-30,2026-07-30,CM,BSE,STK,532633,INE835G01018,ALLDIGI,B,,,,,Alldigi Tech Limited,884.95,884.95,851.40,856.35,859.10,869.80,,855.20,,,1610,1382485.00,141,F1,1,,,,,
2026-07-30,2026-07-30,CM,BSE,STK,532636,INE530B01024,IIFL,A,,,,,IIFL FINANCE LIMITED,606.55,619.55,600.80,608.20,608.20,594.90,,607.85,,,159359,97212137.00,3411,F1,1,,,,,
2026-07-30,2026-07-30,CM,BSE,STK,532637,INE584F01014,MANGALAM,B,,,,,MANGALAM DRUGS & ORGANICS LTD.,27.35,27.53,26.92,27.03,27.02,27.26,,27.07,,,1827,50117.00,23,F1,1,,,,,
2026-07-30,2026-07-30,CM,BSE,STK,532638,INE498B01024,SHOPERSTOP,B,,,,,SHOPPERS STOP LTD.,385.85,395.00,385.00,389.65,388.40,393.65,,390.10,,,2670,1034896.00,100,F1,1,,,,,
2026-07-30,2026-07-30,CM,BSE,STK,532640,INE278G01037,CYBERMEDIA,T,,,,,CYBER MEDIA (INDIA) LTD.,15.99,16.50,15.20,15.98,15.98,15.99,,16.06,,,312,4791.00,10,F1,1,,,,,
2026-07-30,2026-07-30,CM,BSE,STK,532641,INE875G01048,NDL,B,,,,,NANDAN DENIM LIMITED,2.42,2.42,2.34,2.36,2.36,2.35,,2.35,,,27433,64834.00,74,F1,1,,,,,
2026-07-30,2026-07-30,CM,BSE,STK,532642,INE824G01012,JSWHL,A,,,,,JSW HOLDINGS LIMITED,11190.05,11249.95,10923.60,11186.80,11170.00,11187.45,,11195.00,,,401,4482156.00,109,F1,1,,,,,
2026-07-30,2026-07-30,CM,BSE,STK,532644,INE823G01014,JKCEMENT,A,,,,,J.K.CEMENT LTD.,5661.85,5661.85,5540.00,5567.10,5569.10,5635.85,,5567.00,,,804,4475105.00,227,F1,1,,,,,
2026-07-30,2026-07-30,CM,BSE,STK,532645,INE052B01011,BEEYU,X,,,,,BEEYU OVERSEAS LTD.,2.60,2.60,2.55,2.55,2.55,2.51,,2.55,,,64,164.00,5,F1,1,,,,,
2026-07-30,2026-07-30,CM,BSE,STK,532648,INE528G01035,YESBANK,A,,,,,YES BANK LTD.,22.82,22.87,22.45,22.54,22.54,22.85,,22.54,,,4051216,91595317.00,18374,F1,1,,,,,
2026-07-30,2026-07-30,CM,BSE,STK,532649,INE023H01027,NECLIFE,T,,,,,NECTAR LIFESCIENCES LTD.,10.20,10.20,10.01,10.18,10.20,10.20,,10.18,,,6457,65646.00,41,F1,1,,,,,
2026-07-30,2026-07-30,CM,BSE,STK,532650,INE752G01015,MSPL,B,,,,,MSP STEEL & POWER LTD.,37.48,37.48,35.22,36.07,36.07,37.07,,36.05,,,39582,1433647.00,259,F1,1,,,,,
2026-07-30,2026-07-30,CM,BSE,STK,532651,INE978G01016,SPLIL,B,,,,,SPL INDUSTRIES LTD.,30.26,30.26,30.26,30.26,30.26,30.26,,30.75,,,33,998.00,1,F1,1,,,,,
2026-07-30,2026-07-30,CM,BSE,STK,532652,INE614B01018,KTKBANK,A,,,,,KARNATAKA BANK LTD.,280.85,292.50,279.60,291.20,291.20,278.90,,290.75,,,384294,110732818.00,5530,F1,1,,,,,
2026-07-30,2026-07-30,CM,BSE,STK,532654,INE942G01012,MCLEODRUSS,T,,,,,MCLEOD RUSSEL INDIA LTD.,51.10,52.90,51.10,52.00,52.00,51.80,,51.71,,,3758,194474.00,48,F1,1,,,,,
2026-07-30,2026-07-30,CM,BSE,STK,532656,INE828G01013,FACORALL,XT,,,,,FACOR ALLOYS LTD.,3.79,3.79,3.64,3.65,3.64,3.77,,3.65,,,38766,142553.00,102,F1,1,,,,,
2026-07-30,2026-07-30,CM,BSE,STK,532660,INE526G01021,VIVIMEDLAB,T,,,,,VIVIMED LABS LTD.,5.24,5.24,5.13,5.16,5.23,5.21,,5.14,,,2906,14928.00,12,F1,1,,,,,
2026-07-30,2026-07-30,CM,BSE,STK,532661,INE050H01012,RML,B,,,,,RANE (MADRAS) LTD.,1100.10,1185.00,1100.10,1145.25,1150.05,1116.95,,1153.10,,,2739,3168261.00,284,F1,1,,,,,
2026-07-30,2026-07-30,CM,BSE,STK,532662,INE501G01024,HTMEDIA,B,,,,,HT MEDIA LIMITED,25.05,25.30,24.50,24.51,24.51,24.98,,24.53,,,3416,84568.00,33,F1,1,,,,,
2026-07-30,2026-07-30,CM,BSE,STK,532663,INE231F01020,SASKEN,B,,,,,Sasken Technologies Limited,1817.85,1830.05,1743.05,1744.85,1743.05,1791.15,,1746.80,,,1067,1889037.00,226,F1,1,,,,,
2026-07-30,2026-07-30,CM,BSE,STK,532666,INE512B01022,FCSSOFT,B,,,,,FCS SOFTWARE SOLUTIONS LTD.,1.52,1.53,1.48,1.50,1.51,1.52,,1.50,,,1151390,1735257.00,396,F1,1,,,,,
2026-07-30,2026-07-30,CM,BSE,STK,532667,INE040H01021,SUZLON,A,,,,,SUZLON ENERGY LTD.,47.45,47.87,46.24,47.42,47.42,47.45,,47.40,,,8892212,418152996.00,19275,F1,1,,,,,
2026-07-30,2026-07-30,CM,BSE,STK,532668,INE132H01018,AURIONPRO,A,,,,,AURIONPRO SOLUTIONS LTD.,732.00,741.00,732.00,734.60,734.00,731.70,,734.40,,,26055,19187648.00,932,F1,1,,,,,
2026-07-30,2026-07-30,CM,BSE,STK,532670,INE087H01022,RENUKA,A,,,,,SHREE RENUKA SUGARS LTD.,21.97,21.97,21.57,21.63,21.63,21.79,,21.64,,,107733,2332324.00,445,F1,1,,,,,
2026-07-30,2026-07-30,CM,BSE,STK,532673,INE157H01023,KMSUGAR,B,,,,,K.M.SUGAR MILLS LTD.,27.70,28.27,26.82,27.02,27.64,28.01,,27.29,,,6913,188828.00,85,F1,1,,,,,
2026-07-30,2026-07-30,CM,BSE,STK,532674,INE186H01022,BASML,T,,,,,BANNARI AMMAN SPINNING MILLS L,27.80,27.80,27.00,27.00,27.00,26.89,,26.91,,,1896,51194.00,13,F1,1,,,,,
2026-07-30,2026-07-30,CM,BSE,STK,532676,INE160H01019,PBAINFRA,XT,,,,,PBA INFRASTRUCTURE LTD.,12.27,12.27,11.61,12.09,12.09,11.82,,12.09,,,1710,20194.00,21,F1,1,,,,,
2026-07-30,2026-07-30,CM,BSE,STK,532683,INE212H01026,AIAENG,A,,,,,AIA ENGINEERING LTD.,4582.05,4656.70,4525.65,4562.10,4560.00,4651.20,,4563.50,,,6267,28688077.00,562,F1,1,,,,,
2026-07-30,2026-07-30,CM,BSE,STK,532684,INE184H01027,EKC,B,,,,,EVEREST KANTO CYLINDER LTD.,107.25,107.50,104.00,104.80,105.15,106.90,,104.77,,,17308,1820519.00,329,F1,1,,,,,
2026-07-30,2026-07-30,CM,BSE,STK,532686,INE202H01019,KERNEX,B,,,,,KERNEX MICROSYSTEMS (INDIA) LT,2196.55,2244.20,2185.00,2212.00,2212.00,2196.55,,2215.00,,,4714,10410840.00,392,F1,1,,,,,
2026-07-30,2026-07-30,CM,BSE,STK,532687,INE461B01014,REPRO,B,,,,,REPRO INDIA LTD.,376.85,387.00,371.50,380.75,383.00,369.60,,380.60,,,742,280082.00,46,F1,1,,,,,
2026-07-30,2026-07-30,CM,BSE,STK,532689,INE191H01014,PVRINOX,A,,,,,PVR INOX LIMITED,1140.15,1150.00,1118.80,1130.95,1125.00,1140.00,,1131.45,,,22485,25474682.00,1401,F1,1,,,,,
2026-07-30,2026-07-30,CM,BSE,STK,532694,INE855F01042,ASMS,T,,,,,Avio Smart Market Stack Limite,6.91,7.19,6.91,7.09,7.09,7.10,,7.10,,,15769,111958.00,91,F1,1,,,,,
2026-07-30,2026-07-30,CM,BSE,STK,532695,INE185H01016,CELEBRITY,B,,,,,CELEBRITY FASHIONS LTD.,7.00,7.24,6.84,6.85,6.84,7.01,,6.97,,,2024,14076.00,16,F1,1,,,,,
2026-07-30,2026-07-30,CM,BSE,STK,532698,INE229H01012,NITINSPIN,B,,,,,NITIN SPINNERS LTD.,530.95,542.20,519.65,526.50,524.20,536.55,,525.30,,,1682,895426.00,140,F1,1,,,,,
2026-07-30,2026-07-30,CM,BSE,STK,532699,INE283H01019,ROHLTD,B,,,,,ROYAL ORCHID HOTELS LTD.,319.10,319.10,310.20,311.25,310.20,318.00,,311.55,,,2176,678739.00,146,F1,1,,,,,
2026-07-30,2026-07-30,CM,BSE,STK,532700,INE265F01028,ENIL,B,,,,,ENTERTAINMENT NETWORK (INDIA),106.75,108.75,106.55,108.30,108.30,107.80,,108.55,,,788,85151.00,29,F1,1,,,,,
2026-07-30,2026-07-30,CM,BSE,STK,532701,INE266H01014,CELLA,Z,,,,,CELLA SPACE LIMITED,27.82,27.82,27.82,27.82,27.82,29.28,,27.82,,,18670,519399.00,55,F1,1,,,,,
2026-07-30,2026-07-30,CM,BSE,STK,532705,INE199G01027,JAGRAN,B,,,,,JAGRAN PRAKASHAN LTD.,62.90,63.82,62.48,63.55,63.50,62.51,,63.67,,,23435,1479164.00,236,F1,1,,,,,
2026-07-30,2026-07-30,CM,BSE,STK,532707,INE256H01015,DYNPRO,B,,,,,DYNEMIC PRODUCTS LTD.,249.60,255.20,249.60,250.95,250.95,250.95,,251.57,,,400,101083.00,30,F1,1,,,,,
2026-07-30,2026-07-30,CM,BSE,STK,532708,INE251H01024,GVKPIL,T,,,,,GVK POWER & INFRASTRUCTURE LTD,2.39,2.41,2.35,2.35,2.35,2.39,,2.35,,,178247,421635.00,219,F1,1,,,,,
2026-07-30,2026-07-30,CM,BSE,STK,532710,INE226H01026,SADBHAV,B,,,,,SADBHAV ENGINEERING LTD.,10.28,10.42,9.44,9.49,9.53,9.93,,9.53,,,147135,1443333.00,485,F1,1,,,,,
2026-07-30,2026-07-30,CM,BSE,STK,532712,INE330H01018,RCOM,T,,,,,RELIANCE COMMUNICATIONS LTD.,0.83,0.84,0.82,0.82,0.83,0.83,,0.82,,,300040,248140.00,149,F1,1,,,,,
2026-07-30,2026-07-30,CM,BSE,STK,532713,INE190H01024,SAKUMA,B,,,,,SAKUMA EXPORTS LTD.,1.67,1.67,1.61,1.62,1.62,1.63,,1.62,,,124291,203416.00,176,F1,1,,,,,
2026-07-30,2026-07-30,CM,BSE,STK,532714,INE389H01022,KEC,A,,,,,KEC INTERNATIONAL LTD.,475.05,475.95,467.15,468.95,469.00,477.50,,468.75,,,26645,12564956.00,777,F1,1,,,,,
2026-07-30,2026-07-30,CM,BSE,STK,532716,INE047B01011,GILLANDERS,B,,,,,GILLANDERS ARBUTHNOT & CO.LTD.,94.00,94.00,86.01,88.00,88.00,89.90,,88.67,,,154,13564.00,15,F1,1,,,,,
2026-07-30,2026-07-30,CM,BSE,STK,532717,INE332H01014,INDOTECH,T,,,,,INDO TECH TRANSFORMERS LTD.,3362.00,3473.95,3362.00,3423.05,3423.05,3479.30,,3389.30,,,916,3096759.00,80,F1,1,,,,,
2026-07-30,2026-07-30,CM,BSE,STK,532719,INE350H01032,BLKASHYAP,B,,,,,B.L.KASHYAP AND SONS LTD.,54.00,54.10,53.43,53.75,54.09,53.97,,53.68,,,12539,673300.00,148,F1,1,,,,,
2026-07-30,2026-07-30,CM,BSE,STK,532720,INE774D01024,M&MFIN,A,,,,,MAHINDRA & MAHINDRA FINANCIAL,393.35,398.75,388.90,392.75,392.75,393.55,,392.55,,,748022,294203839.00,6939,F1,1,,,,,
2026-07-30,2026-07-30,CM,BSE,STK,532721,INE286H01012,VISACHROME,T,,,,,VISA Chrome Limited,39.00,39.00,39.00,39.00,39.00,37.94,,37.59,,,10,390.00,1,F1,1,,,,,
2026-07-30,2026-07-30,CM,BSE,STK,532722,INE858F01012,NITCO,B,,,,,NITCO LTD.,104.75,104.75,100.30,100.55,100.45,103.75,,100.39,,,18477,1868635.00,253,F1,1,,,,,
2026-07-30,2026-07-30,CM,BSE,STK,532723,INE493H01014,MPDL,X,,,,,MPDL LIMITED,27.44,28.03,27.44,27.99,27.99,26.30,,27.99,,,1002,27960.00,10,F1,1,,,,,
2026-07-30,2026-07-30,CM,BSE,STK,532725,INE343H01029,SOLARINDS,A,,,,,SOLAR INDUSTRIES INDIA LTD.,18090.00,18120.00,17854.05,18050.35,18070.00,18073.45,,18053.00,,,2919,52581791.00,589,F1,1,,,,,
2026-07-30,2026-07-30,CM,BSE,STK,532726,INE297H01019,GALLANTT,A,,,,,GALLANTT ISPAT LIMITED,632.50,636.70,582.00,585.80,589.55,606.40,,585.40,,,121391,75108026.00,3115,F1,1,,,,,
2026-07-30,2026-07-30,CM,BSE,STK,532728,INE383H01017,MALUPAPER,B,,,,,MALU PAPER MILLS LTD.,32.95,32.95,31.08,32.00,32.00,33.06,,31.76,,,4110,131224.00,271,F1,1,,,,,
2026-07-30,2026-07-30,CM,BSE,STK,532729,INE786F01031,UTTAMSUGAR,B,,,,,UTTAM SUGAR MILLS LTD.,222.40,225.10,220.60,224.95,224.95,222.40,,225.07,,,1328,296518.00,79,F1,1,,,,,
2026-07-30,2026-07-30,CM,BSE,STK,532730,INE353H01010,SGL,B,,,,,STL GLOBAL LTD.,9.95,9.95,9.84,9.85,9.84,9.80,,9.84,,,1584,15606.00,18,F1,1,,,,,
2026-07-30,2026-07-30,CM,BSE,STK,532732,INE401H01017,KKCL,B,,,,,KEWAL KIRAN CLOTHING LTD.,503.60,508.00,501.45,503.30,503.25,507.20,,505.60,,,618,311751.00,58,F1,1,,,,,
2026-07-30,2026-07-30,CM,BSE,STK,532733,INE424H01027,SUNTV,A,,,,,SUN TV NETWORK LTD.,516.20,519.00,509.85,511.30,511.00,512.85,,511.50,,,11728,6028184.00,577,F1,1,,,,,
2026-07-30,2026-07-30,CM,BSE,STK,532734,INE177H01039,GPIL,A,,,,,GODAWARI POWER & ISPAT LTD.,245.60,252.60,244.30,249.70,249.90,251.75,,249.35,,,28596,7112577.00,540,F1,1,,,,,
2026-07-30,2026-07-30,CM,BSE,STK,532735,INE411H01032,RSYSTEMS,B,,,,,R SYSTEMS INTERNATIONAL LTD.,262.20,269.80,261.20,263.05,262.50,264.35,,263.45,,,31554,8372023.00,910,F1,1,,,,,
2026-07-30,2026-07-30,CM,BSE,STK,532737,INE296H01011,EMKAY,B,,,,,EMKAY GLOBAL FINANCIAL SERVICE,242.85,242.85,235.85,236.55,235.85,241.00,,236.55,,,1063,254703.00,56,F1,1,,,,,
2026-07-30,2026-07-30,CM,BSE,STK,532738,INE388G01026,TICL,T,,,,,TwamevConstruction and Infrast,9.15,9.46,9.00,9.38,9.38,9.15,,9.36,,,5056,45648.00,15,F1,1,,,,,
2026-07-30,2026-07-30,CM,BSE,STK,532740,INE397H01017,LOKESHMACH,T,,,,,LOKESH MACHINES LTD.,325.10,337.80,325.10,337.80,337.80,331.20,,338.15,,,609,203407.00,18,F1,1,,,,,
2026-07-30,2026-07-30,CM,BSE,STK,532741,INE390H01020,KAMDHENU,T,,,,,Kamdhenu Limited,34.26,35.25,34.17,34.17,34.17,35.96,,34.06,,,93736,3215745.00,251,F1,1,,,,,
2026-07-30,2026-07-30,CM,BSE,STK,532742,INE111F01024,PAUSHAKLTD,B,,,,,PAUSHAK LTD.,582.00,628.05,572.95,604.05,604.05,581.50,,604.90,,,13827,8381460.00,765,F1,1,,,,,
2026-07-30,2026-07-30,CM,BSE,STK,532744,INE302H01017,GTNTEX,X,,,,,GTN TEXTILES LTD.,8.40,8.73,8.33,8.67,8.67,8.33,,8.67,,,550,4700.00,9,F1,1,,,,,
2026-07-30,2026-07-30,CM,BSE,STK,532748,INE367G01038,PFOCUS,B,,,,,PRIME FOCUS LTD.,312.95,312.95,288.80,290.65,290.65,308.70,,290.27,,,58847,17678857.00,1472,F1,1,,,,,
2026-07-30,2026-07-30,CM,BSE,STK,532749,INE418H01029,ALLCARGO,B,,,,,ALLCARGO LOGISTICS LTD.,8.01,8.04,7.93,7.94,7.96,8.02,,7.94,,,724595,5775544.00,740,F1,1,,,,,
2026-07-30,2026-07-30,CM,BSE,STK,532754,INE776C01039,GMRAIRPORT,A,,,,,GMR Airports Limited,106.55,106.70,103.30,103.90,103.90,107.05,,103.91,,,307371,32219216.00,1814,F1,1,,,,,
2026-07-30,2026-07-30,CM,BSE,STK,532755,INE669C01036,TECHM,A,,,,,TECH MAHINDRA LTD.,1644.35,1685.50,1640.60,1668.85,1660.15,1644.35,,1669.00,,,209895,351379788.00,21008,F1,1,,,,,
2026-07-30,2026-07-30,CM,BSE,STK,532756,INE536H01010,CIEINDIA,A,,,,,CIE Automotive India Limited,414.80,416.45,410.00,411.55,411.55,414.65,,411.90,,,10437,4322982.00,384,F1,1,,,,,
2026-07-30,2026-07-30,CM,BSE,STK,532757,INE540H01012,VOLTAMP,A,,,,,VOLTAMP TRANSFORMERS LTD.,9253.60,9326.15,9240.00,9302.45,9318.00,9328.10,,9302.00,,,611,5667583.00,195,F1,1,,,,,
2026-07-30,2026-07-30,CM,BSE,STK,532759,INE285H01022,ATLANTAA,B,,,,,ATLANTAA LIMITED,35.23,35.33,35.23,35.33,35.33,35.23,,35.41,,,250,8827.00,11,F1,1,,,,,
2026-07-30,2026-07-30,CM,BSE,STK,532761,INE596H01014,HGM,B,,,,,HANDSON GLOBAL MANAGEMENT (HGM,50.00,52.44,50.00,51.90,51.90,52.44,,52.70,,,1095,56119.00,34,F1,1,,,,,
2026-07-30,2026-07-30,CM,BSE,STK,532762,INE731H01025,ACE,A,,,,,ACTION CONSTRUCTION EQUIPMENT,1043.50,1068.65,1032.25,1059.85,1054.00,1051.90,,1057.50,,,36462,38081175.00,1641,F1,1,,,,,
2026-07-30,2026-07-30,CM,BSE,STK,532767,INE336H01023,GAYAPROJ,T,,,,,GAYATRI PROJECTS LTD.,20.72,20.72,19.40,19.40,19.40,20.42,,19.32,,,54253,1058724.00,152,F1,1,,,,,
2026-07-30,2026-07-30,CM,BSE,STK,532768,INE737H01014,FIEMIND,B,,,,,FIEM INDUSTRIES LTD.,2324.00,2386.00,2324.00,2374.00,2369.40,2333.40,,2367.20,,,2850,6766092.00,338,F1,1,,,,,
2026-07-30,2026-07-30,CM,BSE,STK,532771,INE544H01014,JHS,B,,,,,JHS SVENDGAARD LABORATORIES LT,7.61,8.10,7.24,7.30,7.26,7.68,,7.28,,,6794,50607.00,73,F1,1,,,,,
2026-07-30,2026-07-30,CM,BSE,STK,532772,INE503A01015,DCBBANK,A,,,,,DCB BANK LIMITED,192.35,192.35,187.00,187.35,187.50,192.55,,187.53,,,36163,6826265.00,779,F1,1,,,,,
2026-07-30,2026-07-30,CM,BSE,STK,532773,INE792H01019,GLOBALVECT,B,,,,,GLOBAL VECTRA HELICORP LTD.,166.30,166.50,165.20,165.70,165.70,165.50,,167.92,,,114,18948.00,11,F1,1,,,,,
2026-07-30,2026-07-30,CM,BSE,STK,532774,INE020G01017,INSPIRISYS,T,,,,,Inspirisys Solutions Limited,95.20,103.25,95.20,99.95,99.95,99.00,,99.97,,,278,27404.00,7,F1,1,,,,,
2026-07-30,2026-07-30,CM,BSE,STK,532775,INE221H01019,GTLINFRA,B,,,,,GTL INFRASTRUCTURE LTD.,1.21,1.23,1.19,1.19,1.19,1.21,,1.19,,,3501106,4221157.00,9882,F1,1,,,,,
2026-07-30,2026-07-30,CM,BSE,STK,532776,INE637H01024,SHIVAMAUTO,T,,,,,SHIVAM AUTOTECH LTD.,18.12,18.12,18.12,18.12,18.12,18.34,,18.12,,,1024,18554.00,14,F1,1,,,,,
2026-07-30,2026-07-30,CM,BSE,STK,532777,INE663F01032,NAUKRI,A,,,,,INFO EDGE (INDIA) LTD.,1249.10,1265.00,1237.00,1242.60,1240.00,1248.00,,1244.00,,,56007,70068160.00,2208,F1,1,,,,,
2026-07-30,2026-07-30,CM,BSE,STK,532779,INE813H01021,TORNTPOWER,A,,,,,TORRENT POWER LTD.,1441.85,1441.85,1413.60,1423.35,1425.15,1431.25,,1423.50,,,36142,51243573.00,1138,F1,1,,,,,
2026-07-30,2026-07-30,CM,BSE,STK,532780,INE561H01026,PARSVNATH,T,,,,,PARSVNATH DEVELOPERS LTD.,1.82,1.82,1.82,1.82,1.82,1.85,,1.83,,,41235,75047.00,64,F1,1,,,,,
2026-07-30,2026-07-30,CM,BSE,STK,532782,INE645H01027,SUTLEJTEX,T,,,,,SUTLEJ TEXTILES & INDUSTRIES L,37.02,37.02,37.02,37.02,37.02,38.03,,38.03,,,22,814.00,1,F1,1,,,,,
2026-07-30,2026-07-30,CM,BSE,STK,532783,INE818H01020,LTFOODS,A,,,,,LT FOODS LTD.,376.40,403.00,376.05,397.55,397.55,378.60,,397.10,,,398692,157583408.00,6599,F1,1,,,,,
2026-07-30,2026-07-30,CM,BSE,STK,532784,INE671H01015,SOBHA,A,,,,,SOBHA,1354.90,1362.50,1339.00,1343.75,1345.00,1363.65,,1344.40,,,5450,7362382.00,416,F1,1,,,,,
2026-07-30,2026-07-30,CM,BSE,STK,532785,INE803H01014,RUCHIRA,B,,,,,RUCHIRA PAPERS LTD.,108.30,108.40,106.65,107.20,107.20,108.30,,106.96,,,233,25051.00,23,F1,1,,,,,
2026-07-30,2026-07-30,CM,BSE,STK,532790,INE483C01032,TANLA,A,,,,,TANLA PLATFORMS LIMITED,610.00,627.50,591.45,592.60,593.55,610.55,,593.05,,,56925,34627381.00,1605,F1,1,,,,,
2026-07-30,2026-07-30,CM,BSE,STK,532794,INE966H01019,ZEEMEDIA,B,,,,,ZEE MEDIA CORPORATION LIMITED,7.52,7.80,7.42,7.48,7.48,7.68,,7.46,,,182737,1381243.00,807,F1,1,,,,,
2026-07-30,2026-07-30,CM,BSE,STK,532795,INE965H01011,SITINET,Z,,,,,Siti Networks Ltd.,0.49,0.49,0.49,0.49,0.49,0.49,,0.30,,,54,26.00,7,F1,1,,,,,
2026-07-30,2026-07-30,CM,BSE,STK,532796,INE872H01027,LUMAXTECH,A,,,,,LUMAX AUTO TECHNOLOGIES LTD.,1492.00,1522.75,1487.45,1515.65,1515.65,1498.90,,1516.50,,,4821,7274953.00,514,F1,1,,,,,
2026-07-30,2026-07-30,CM,BSE,STK,532797,INE718H01014,AUTOIND,T,,,,,AUTOLINE INDUSTRIES LTD.,87.52,89.75,85.50,88.00,88.00,87.52,,87.69,,,2621,229283.00,63,F1,1,,,,,
2026-07-30,2026-07-30,CM,BSE,STK,532798,INE870H01013,NETWORK18,A,,,,,NETWORK18 MEDIA & INVESTMENTS,29.09,29.40,28.82,29.32,29.32,29.36,,29.29,,,165399,4806119.00,1245,F1,1,,,,,
2026-07-30,2026-07-30,CM,BSE,STK,532799,INE703H01016,HUBTOWN,A,,,,,HUBTOWN LTD.,179.40,191.40,179.40,187.35,186.20,191.60,,187.29,,,18333,3463167.00,329,F1,1,,,,,
2026-07-30,2026-07-30,CM,BSE,STK,532801,INE627H01017,CTE,B,,,,,CAMBRIDGE TECHNOLOGY ENTERPRIS,32.67,36.00,32.45,34.02,33.96,33.80,,34.00,,,19982,686519.00,144,F1,1,,,,,
2026-07-30,2026-07-30,CM,BSE,STK,532804,INE545H01011,TIIL,B,,,,,TECHNOCRAFT INDUSTRIES (INDIA),2526.05,2568.70,2525.00,2550.50,2550.30,2549.20,,2556.30,,,570,1449502.00,87,F1,1,,,,,
2026-07-30,2026-07-30,CM,BSE,STK,532805,INE891D01026,REDINGTON,A,,,,,Redington Limited,306.35,338.20,306.35,310.95,310.95,287.65,,310.95,,,2894828,933327114.00,49043,F1,1,,,,,
2026-07-30,2026-07-30,CM,BSE,STK,532806,INE768E01024,AICHAMP,XT,,,,,AI CHAMPDANY INDUSTRIES LTD.,37.04,37.80,35.92,36.00,36.00,37.80,,36.00,,,121,4352.00,6,F1,1,,,,,
2026-07-30,2026-07-30,CM,BSE,STK,532807,INE704H01022,CINELINE,B,,,,,CINELINE INDIA LIMITED,81.45,81.45,80.40,81.00,81.00,80.25,,81.00,,,451,36390.00,6,F1,1,,,,,
2026-07-30,2026-07-30,CM,BSE,STK,532808,INE940H01022,PGIL,A,,,,,PEARL GLOBAL INDUSTRIES LIMITE,2077.75,2077.75,2019.95,2030.05,2019.95,2059.90,,2028.00,,,2984,6114046.00,304,F1,1,,,,,
2026-07-30,2026-07-30,CM,BSE,STK,532809,INE684F01012,FSL,A,,,,,FIRSTSOURCE SOLUTIONS LTD.,290.05,302.00,287.15,299.35,299.35,293.75,,299.59,,,477667,140979202.00,7871,F1,1,,,,,
2026-07-30,2026-07-30,CM,BSE,STK,532810,INE134E01011,PFC,A,,,,,POWER FINANCE CORPORATION LTD.,427.00,429.00,423.35,426.20,426.90,427.00,,426.25,,,124789,53197429.00,1691,F1,1,,,,,
2026-07-30,2026-07-30,CM,BSE,STK,532811,INE758C01029,AHLUCONT,A,,,,,AHLUWALIA CONTRACTS (INDIA) LT,811.85,826.80,810.00,818.05,813.00,818.15,,819.25,,,1847,1503085.00,118,F1,1,,,,,
2026-07-30,2026-07-30,CM,BSE,STK,532814,INE562A01011,INDIANB,A,,,,,INDIAN BANK,827.00,832.40,819.20,827.50,826.60,827.20,,827.25,,,26430,21857175.00,1165,F1,1,,,,,
2026-07-30,2026-07-30,CM,BSE,STK,532815,INE812G01025,SMSPHARMA,B,,,,,SMS PHARMACEUTICALS LTD.,397.00,400.00,372.05,373.75,375.25,396.15,,374.65,,,27124,10389277.00,775,F1,1,,,,,
2026-07-30,2026-07-30,CM,BSE,STK,532817,INE998H01012,ORIENTALTL,B,,,,,ORIENTAL TRIMEX LTD.,5.48,5.48,5.22,5.25,5.25,5.25,,5.23,,,2768,14591.00,17,F1,1,,,,,
2026-07-30,2026-07-30,CM,BSE,STK,532820,INE311H01018,ELAND,X,,,,,E-Land Apparel Limited,12.73,13.08,12.11,12.99,12.99,12.05,,12.99,,,1333,17084.00,12,F1,1,,,,,
2026-07-30,2026-07-30,CM,BSE,STK,532822,INE669E01016,IDEA,A,,,,,VODAFONE IDEA  LIMITED,13.05,13.19,12.85,12.87,12.87,13.06,,12.87,,,17452000,226941255.00,554270,F1,1,,,,,
2026-07-30,2026-07-30,CM,BSE,STK,532825,INE702H01018,JAGJANANI,X,,,,,JAGJANANI TEXTILES LTD.,5.00,5.00,4.60,4.79,4.79,4.60,,4.79,,,4954,24163.00,13,F1,1,,,,,
2026-07-30,2026-07-30,CM,BSE,STK,532826,INE952H01027,RAJTV,B,,,,,RAJ TELEVISION NETWORK LTD.,11.95,12.00,11.93,11.93,11.93,11.99,,11.91,,,746,8903.00,17,F1,1,,,,,
2026-07-30,2026-07-30,CM,BSE,STK,532827,INE761H01022,PAGEIND,A,,,,,PAGE INDUSTRIES LTD.,40429.95,41615.05,40380.50,41142.00,41119.95,40199.95,,41085.00,,,674,27654446.00,390,F1,1,,,,,
2026-07-30,2026-07-30,CM,BSE,STK,532828,INE005I01014,AMDIND,B,,,,,AMD INDUSTRIES LTD.,45.10,46.35,45.10,46.21,46.21,47.55,,46.84,,,230,10626.00,9,F1,1,,,,,
2026-07-30,2026-07-30,CM,BSE,STK,532829,INE976H01018,LEHAR,X,,,,,LEHAR FOOTWEARS LIMITED,248.95,248.95,241.00,244.55,244.10,245.20,,244.55,,,15157,3721646.00,170,F1,1,,,,,
2026-07-30,2026-07-30,CM,BSE,STK,532830,INE006I01046,ASTRAL,A,,,,,ASTRAL LIMITED,1490.00,1503.65,1469.00,1472.35,1471.00,1475.40,,1471.90,,,28051,41611240.00,2043,F1,1,,,,,
2026-07-30,2026-07-30,CM,BSE,STK,532832,INE069I01010,EMBDL,A,,,,,EMBASSY DEVELOPMENTS LIMITED,62.10,62.29,61.10,61.42,61.36,62.08,,61.41,,,136314,8417816.00,366,F1,1,,,,,
2026-07-30,2026-07-30,CM,BSE,STK,532834,INE052I01032,CAMLINFINE,B,,,,,Camlin Fine Sciences Ltd,130.95,130.95,125.15,125.65,125.70,129.15,,125.71,,,30359,3834587.00,344,F1,1,,,,,
2026-07-30,2026-07-30,CM,BSE,STK,532835,INE725G01011,ICRA,B,,,,,ICRA LTD.,4819.20,4947.00,4767.00,4927.90,4927.90,4780.15,,4923.00,,,1199,5840872.00,284,F1,1,,,,,
2026-07-30,2026-07-30,CM,BSE,STK,532839,INE836F01026,DISHTV,T,,,,,DISH TV INDIA LTD.,2.81,2.86,2.81,2.83,2.83,2.84,,2.81,,,88992,251392.00,207,F1,1,,,,,
2026-07-30,2026-07-30,CM,BSE,STK,532841,INE280H01015,SAHYADRI,B,,,,,SAHYADRI INDUSTRIES LTD.,301.80,312.00,297.05,300.20,300.00,298.35,,303.45,,,833,252284.00,86,F1,1,,,,,
2026-07-30,2026-07-30,CM,BSE,STK,532842,INE917H01012,SRHHYPOLTD,B,,,,,SREE RAYALASEEMA HI-STRENGTH H,484.00,490.95,480.60,484.45,484.45,479.75,,486.50,,,52,25238.00,11,F1,1,,,,,
2026-07-30,2026-07-30,CM,BSE,STK,532843,INE061F01013,FORTIS,A,,,,,FORTIS HEALTHCARE LTD.,935.00,955.80,935.00,948.45,947.90,952.70,,948.85,,,103038,97878161.00,970,F1,1,,,,,
2026-07-30,2026-07-30,CM,BSE,STK,532845,INE797H01018,TGBHOTELS,B,,,,,TGB BANQUETS AND HOTELS LTD.,9.79,9.79,9.36,9.70,9.70,9.71,,9.63,,,1967,18590.00,75,F1,1,,,,,
2026-07-30,2026-07-30,CM,BSE,STK,532847,INE788H01017,HILTON,T,,,,,HILTON METAL FORGING LTD.,21.97,21.97,21.18,21.60,21.60,22.00,,21.73,,,3551,76384.00,25,F1,1,,,,,
2026-07-30,2026-07-30,CM,BSE,STK,532848,INE124G01033,DELTACORP,B,,,,,DELTA CORP LTD.,62.50,62.86,61.71,61.98,61.98,62.86,,61.96,,,41637,2598909.00,335,F1,1,,,,,
2026-07-30,2026-07-30,CM,BSE,STK,532850,INE287C01037,MICEL,T,,,,,MIC ELECTRONICS LTD.,36.90,36.95,36.00,36.46,36.87,36.61,,36.56,,,25559,932211.00,263,F1,1,,,,,
2026-07-30,2026-07-30,CM,BSE,STK,532851,INE070I01018,INSECTICID,B,,,,,INSECTICIDES (INDIA) LTD.,625.90,633.15,615.00,619.05,615.00,629.45,,622.05,,,242,151619.00,75,F1,1,,,,,
2026-07-30,2026-07-30,CM,BSE,STK,532853,INE228I01012,ASAHISONG,B,,,,,ASAHI SONGWON COLORS LTD.,366.80,414.90,366.80,376.15,373.05,354.60,,376.10,,,45146,17208499.00,1770,F1,1,,,,,
2026-07-30,2026-07-30,CM,BSE,STK,532855,INE928H01019,HARYNACAP,X,,,,,HARYANA CAPFIN LTD.,142.00,142.00,136.50,141.10,141.10,135.90,,141.10,,,362,50697.00,16,F1,1,,,,,
2026-07-30,2026-07-30,CM,BSE,STK,532856,INE508G01029,TIMETECHNO,A,,,,,TIME TECHNOPLAST LTD.,217.00,217.00,207.25,208.45,209.00,216.40,,208.36,,,199224,42158003.00,1759,F1,1,,,,,
2026-07-30,2026-07-30,CM,BSE,STK,532859,INE170I01016,HGS,B,,,,,HINDUJA GLOBAL SOLUTIONS LTD.,428.00,428.00,424.10,425.40,425.40,421.70,,425.55,,,593,253244.00,84,F1,1,,,,,
2026-07-30,2026-07-30,CM,BSE,STK,532864,INE189I01024,NELCAST,B,,,,,NELCAST LTD.,116.30,116.30,114.60,115.20,115.20,116.20,,115.12,,,11467,1323759.00,184,F1,1,,,,,
2026-07-30,2026-07-30,CM,BSE,STK,532867,INE945H01021,V2RETAIL,B,,,,,V2 RETAIL LTD.,221.05,222.35,217.65,218.45,218.45,222.20,,218.68,,,46249,10162379.00,850,F1,1,,,,,
2026-07-30,2026-07-30,CM,BSE,STK,532868,INE271C01023,DLF,A,,,,,DLF LTD.,667.25,669.80,652.05,655.05,656.30,670.40,,654.85,,,3053543,2034531849.00,3141,F1,1,,,,,
2026-07-30,2026-07-30,CM,BSE,STK,532869,INE924H01018,TARMAT,B,,,,,TARMAT LTD.,50.74,50.74,49.21,50.23,50.25,51.18,,49.65,,,621,31320.00,9,F1,1,,,,,
2026-07-30,2026-07-30,CM,BSE,STK,532870,INE106I01010,ANKITMETAL,Z,,,,,ANKIT METAL & POWER LTD.,1.48,1.54,1.48,1.54,1.54,1.55,,1.54,,,2315,3433.00,11,F1,1,,,,,
2026-07-30,2026-07-30,CM,BSE,STK,532872,INE232I01014,SPARC,B,,,,,SUN PHARMA ADVANCED RESEARCH C,213.00,215.00,207.65,208.50,209.05,213.00,,208.43,,,99587,20997109.00,1193,F1,1,,,,,
2026-07-30,2026-07-30,CM,BSE,STK,532873,INE191I01012,HDIL,Z,,,,,HOUSING DEVELOPMENT & INFRASTR,1.63,1.69,1.63,1.63,1.67,1.65,,1.63,,,5979,9812.00,24,F1,1,,,,,
2026-07-30,2026-07-30,CM,BSE,STK,532875,INE102I01027,ADSL,B,,,,,ALLIED DIGITAL SERVICES LTD.,114.95,115.00,113.00,113.90,114.00,114.20,,113.91,,,8505,966387.00,249,F1,1,,,,,
2026-07-30,2026-07-30,CM,BSE,STK,532878,INE385I01010,ALPA,B,,,,,ALPA LABORATORIES LTD.,69.20,69.20,67.20,67.36,67.20,68.99,,67.48,,,703,48176.00,19,F1,1,,,,,
2026-07-30,2026-07-30,CM,BSE,STK,532880,INE800H01010,OMAXE,B,,,,,OMAXE LTD.,85.60,87.00,84.94,85.81,85.25,85.45,,85.63,,,10700,913678.00,127,F1,1,,,,,
2026-07-30,2026-07-30,CM,BSE,STK,532884,INE056I01025,REFEX,A,,,,,REFEX INDUSTRIES LTD.,320.45,320.45,296.80,299.05,301.90,314.60,,298.65,,,72020,22029591.00,1225,F1,1,,,,,
2026-07-30,2026-07-30,CM,BSE,STK,532885,INE483A01010,CENTRALBK,A,,,,,CENTRAL BANK OF INDIA,31.19,31.19,30.95,31.02,31.02,31.17,,31.02,,,174007,5398892.00,785,F1,1,,,,,
2026-07-30,2026-07-30,CM,BSE,STK,532886,INE105I01020,SELMC,B,,,,,SEL MANUFACTURING COMPANY LTD.,27.40,28.05,27.40,28.05,28.05,27.40,,27.59,,,11,307.00,2,F1,1,,,,,
2026-07-30,2026-07-30,CM,BSE,STK,532888,INE022I01019,ASIANTILES,B,,,,,ASIAN GRANITO INDIA LTD.,60.73,63.58,58.45,60.75,60.75,60.81,,60.71,,,1244836,76372291.00,3518,F1,1,,,,,
2026-07-30,2026-07-30,CM,BSE,STK,532889,INE930H01031,KPRMILL,A,,,,,K.P.R.MILL LIMITED,1051.95,1069.95,1031.10,1033.80,1033.80,1060.70,,1033.30,,,9634,10101719.00,663,F1,1,,,,,
2026-07-30,2026-07-30,CM,BSE,STK,532890,INE142I01023,TAKE,B,,,,,TAKE SOLUTIONS LTD.,21.42,21.42,20.00,20.70,20.80,20.66,,20.57,,,20459,422952.00,187,F1,1,,,,,
2026-07-30,2026-07-30,CM,BSE,STK,532891,INE323I01011,PURVA,B,,,,,Puravankara Limited,214.95,217.60,210.50,211.25,211.25,214.05,,212.84,,,8918,1886925.00,191,F1,1,,,,,
2026-07-30,2026-07-30,CM,BSE,STK,532892,INE338I01027,MOTILALOFS,A,,,,,MOTILAL OSWAL FINANCIAL SERVIC,859.80,859.80,835.90,837.25,837.25,855.50,,836.95,,,76941,64750671.00,3554,F1,1,,,,,
2026-07-30,2026-07-30,CM,BSE,STK,532893,INE222F01029,VTMLTD,X,,,,,VTM LTD.,63.55,63.75,61.60,62.21,62.49,63.55,,62.21,,,15698,983771.00,128,F1,1,,,,,
2026-07-30,2026-07-30,CM,BSE,STK,532894,INE227G01018,INDOWIND,T,,,,,INDOWIND ENERGY LTD.,9.00,9.48,9.00,9.22,9.22,9.29,,9.16,,,18705,172814.00,61,F1,1,,,,,
2026-07-30,2026-07-30,CM,BSE,STK,532895,INE245I01016,NAGREEKCAP,B,,,,,NAGREEKA CAPITAL & INFRASTRUCT,22.01,24.00,22.01,23.08,23.08,23.17,,22.76,,,260,6133.00,10,F1,1,,,,,
2026-07-30,2026-07-30,CM,BSE,STK,532896,INE387I01016,MAGNUM,B,,,,,MAGNUM VENTURES LTD.,19.60,19.60,19.08,19.46,19.46,19.60,,19.18,,,406,7904.00,10,F1,1,,,,,
2026-07-30,2026-07-30,CM,BSE,STK,532898,INE752E01010,POWERGRID,A,,,,,POWER GRID CORPORATION OF INDI,283.50,287.00,283.10,285.70,285.70,282.75,,285.70,,,142524,40646556.00,11894,F1,1,,,,,
2026-07-30,2026-07-30,CM,BSE,STK,532899,INE455I01029,KSCL,B,,,,,KAVERI SEED COMPANY LTD.,809.00,813.75,794.00,797.25,797.25,807.00,,797.60,,,5219,4191254.00,369,F1,1,,,,,
2026-07-30,2026-07-30,CM,BSE,STK,532900,INE420C01059,PAISALO,A,,,,,PAISALO DIGITAL LIMITED,70.72,71.75,69.40,70.98,70.98,71.49,,71.06,,,381327,26983272.00,1457,F1,1,,,,,
2026-07-30,2026-07-30,CM,BSE,STK,532902,INE429I01024,CCCL,B,,,,,CONSOLIDATED CONSTRUCTION CONS,15.90,15.91,15.41,15.43,15.43,15.72,,15.54,,,41193,638520.00,156,F1,1,,,,,
2026-07-30,2026-07-30,CM,BSE,STK,532904,INE550H01011,SUPREMEINF,B,,,,,SUPREME INFRASTRUCTURE INDIA L,82.75,85.00,81.60,85.00,85.00,82.02,,85.34,,,1551,128813.00,76,F1,1,,,,,
2026-07-30,2026-07-30,CM,BSE,STK,532906,INE215I01027,MAANALU,B,,,,,MAAN ALUMINIUM LTD.,113.10,120.20,113.10,117.60,117.95,120.20,,116.89,,,4062,480210.00,134,F1,1,,,,,
2026-07-30,2026-07-30,CM,BSE,STK,532907,INE369I01014,IL&FSENGG,Z,,,,,IL&FS ENGINEERING AND CONSTRUC,36.36,36.36,35.00,36.36,36.36,34.63,,35.93,,,24989,905793.00,69,F1,1,,,,,
2026-07-30,2026-07-30,CM,BSE,STK,532911,INE272G01014,PARLEIND,XT,,,,,PARLE INDUSTRIES LIMITED,6.01,6.01,6.01,6.01,6.01,6.32,,6.01,,,110027,661262.00,318,F1,1,,,,,
2026-07-30,2026-07-30,CM,BSE,STK,532915,INE621H01010,RELIGARE,A,,,,,RELIGARE ENTERPRISES LTD.,249.90,253.00,247.20,252.60,253.00,250.20,,252.40,,,10029,2498027.00,184,F1,1,,,,,
2026-07-30,2026-07-30,CM,BSE,STK,532916,INE139I01011,BVCL,B,,,,,BARAK VALLEY CEMENTS LTD.,42.00,43.01,41.37,42.77,42.56,42.05,,42.38,,,3045,129758.00,35,F1,1,,,,,
2026-07-30,2026-07-30,CM,BSE,STK,532918,INE575I01016,RATHIBAR,X,,,,,RATHI BARS LTD.,19.99,19.99,19.31,19.31,19.31,19.75,,19.31,,,1573,30765.00,19,F1,1,,,,,
2026-07-30,2026-07-30,CM,BSE,STK,532921,INE742F01042,ADANIPORTS,A,,,,,ADANI PORTS AND SPECIAL ECONOM,1725.00,1730.00,1659.00,1664.30,1664.30,1720.45,,1664.10,,,314890,526817519.00,29237,F1,1,,,,,
2026-07-30,2026-07-30,CM,BSE,STK,532922,INE532F01054,EDELWEISS,A,,,,,EDELWEISS FINANCIAL SERVICES L,115.15,116.25,114.30,115.00,115.00,116.15,,115.14,,,120276,13840014.00,955,F1,1,,,,,
2026-07-30,2026-07-30,CM,BSE,STK,532923,INE722H01024,RGL,B,,,,,RENAISSANCE GLOBAL LIMITED,120.05,121.50,118.95,119.15,119.00,120.95,,119.55,,,18652,2237493.00,169,F1,1,,,,,
2026-07-30,2026-07-30,CM,BSE,STK,532924,INE094I01018,KOLTEPATIL,B,,,,,KOLTE-PATIL DEVELOPERS LTD.,393.75,393.75,377.50,383.35,383.55,389.75,,382.95,,,4217,1616286.00,212,F1,1,,,,,
2026-07-30,2026-07-30,CM,BSE,STK,532925,INE234I01028,KAUSHALYA,T,,,,,KAUSHALYA INFRASTRUCTURE DEVEL,890.25,890.25,890.25,890.25,890.25,890.25,,901.65,,,25,22256.00,6,F1,1,,,,,
2026-07-30,2026-07-30,CM,BSE,STK,532926,INE668F01031,JYOTHYLAB,A,,,,,JYOTHY LABS LIMITED,202.15,206.30,201.85,202.60,203.00,206.35,,202.79,,,46852,9534834.00,1993,F1,1,,,,,
2026-07-30,2026-07-30,CM,BSE,STK,532927,INE738I01010,ECLERX,A,,,,,ECLERX SERVICES LTD.,1950.90,1995.25,1900.00,1905.30,1905.30,1950.95,,1910.70,,,7693,15019586.00,566,F1,1,,,,,
2026-07-30,2026-07-30,CM,BSE,STK,532928,INE763I01026,TARIL,A,,,,,TRANSFORMERS AND RECTIFIERS (I,300.70,300.70,292.90,293.30,293.30,297.90,,293.50,,,69378,20441479.00,1106,F1,1,,,,,
2026-07-30,2026-07-30,CM,BSE,STK,532929,INE791I01019,BRIGADE,A,,,,,BRIGADE ENTERPRISES LTD.,566.10,570.30,561.40,565.25,565.55,564.75,,565.10,,,31778,17968056.00,1203,F1,1,,,,,
2026-07-30,2026-07-30,CM,BSE,STK,532930,INE661I01014,BGRENERGY,T,,,,,BGR ENERGY SYSTEMS LTD.,284.45,298.65,284.45,298.65,298.65,284.45,,301.60,,,3123,931685.00,50,F1,1,,,,,
2026-07-30,2026-07-30,CM,BSE,STK,532932,INE015D01022,MANAKSIA,B,,,,,MANAKSIA LTD.,56.70,56.80,55.69,55.79,55.92,56.03,,55.66,,,2051,115231.00,106,F1,1,,,,,
2026-07-30,2026-07-30,CM,BSE,STK,532933,INE386I01018,PORWAL,X,,,,,PORWAL AUTO COMPONENTS LTD.,54.26,55.50,53.55,55.49,55.50,55.37,,55.49,,,7686,418886.00,41,F1,1,,,,,
2026-07-30,2026-07-30,CM,BSE,STK,532934,INE095I01015,PPAP,T,,,,,PPAP,287.00,290.90,277.90,280.05,283.00,290.90,,281.65,,,1242,350764.00,62,F1,1,,,,,
2026-07-30,2026-07-30,CM,BSE,STK,532935,INE298I01015,ARIES,B,,,,,ARIES AGRO LTD.,341.65,341.65,337.05,337.55,337.05,342.75,,338.30,,,209,70958.00,19,F1,1,,,,,
2026-07-30,2026-07-30,CM,BSE,STK,532937,INE529I01021,KUANTUM,B,,,,,KUANTUM PAPERS LTD.,77.90,79.19,77.01,78.83,78.85,77.82,,78.18,,,1990,154327.00,59,F1,1,,,,,
2026-07-30,2026-07-30,CM,BSE,STK,532939,INE614G01033,RPOWER,A,,,,,RELIANCE POWER LTD.,23.18,23.60,23.18,23.34,23.34,23.58,,23.33,,,1357633,31709051.00,4011,F1,1,,,,,
2026-07-30,2026-07-30,CM,BSE,STK,532940,INE576I01022,JKIL,B,,,,,J.KUMAR INFRAPROJECTS LTD.,481.40,488.75,480.25,484.10,484.00,481.40,,485.45,,,3443,1666599.00,225,F1,1,,,,,
2026-07-30,2026-07-30,CM,BSE,STK,532941,INE792I01017,CORDSCABLE,T,,,,,CORDS CABLE INDUSTRIES LTD.,202.00,207.50,200.50,204.00,204.00,202.55,,203.27,,,233,47174.00,18,F1,1,,,,,
2026-07-30,2026-07-30,CM,BSE,STK,532942,INE634I01029,KNRCON,A,,,,,KNR CONSTRUCTIONS LTD.,121.75,121.75,119.85,120.35,120.45,121.40,,120.19,,,35228,4239689.00,730,F1,1,,,,,
2026-07-30,2026-07-30,CM,BSE,STK,532944,INE809I01019,ONMOBILE,T,,,,,ONMOBILE,60.31,63.00,60.31,61.66,61.50,62.21,,61.81,,,6316,390282.00,65,F1,1,,,,,
2026-07-30,2026-07-30,CM,BSE,STK,532945,INE964H01014,SEPC,B,,,,,SEPC LIMITED,6.02,6.02,5.80,5.87,5.87,6.02,,5.85,,,1319468,7768721.00,1048,F1,1,,,,,
2026-07-30,2026-07-30,CM,BSE,STK,532946,INE863I01016,BANG,B,,,,,BANG OVERSEAS LTD.,28.55,31.20,28.55,30.80,31.20,28.83,,30.51,,,2448,73920.00,98,F1,1,,,,,
2026-07-30,2026-07-30,CM,BSE,STK,532947,INE821I01022,IRB,A,,,,,IRB INFRASTRUCTURE DEVELOPERS,19.75,21.00,19.71,20.26,20.26,19.98,,20.25,,,5117243,104079530.00,6937,F1,1,,,,,
2026-07-30,2026-07-30,CM,BSE,STK,532951,INE871H01011,GSS,B,,,,,GSS INFOTECH LTD.,12.70,12.75,12.25,12.69,12.69,12.50,,12.67,,,5315,65932.00,20,F1,1,,,,,
2026-07-30,2026-07-30,CM,BSE,STK,532952,INE049I01012,NAHARCAP,B,,,,,NAHAR CAPITAL & FINANCIAL SERV,246.50,246.50,246.50,246.50,246.50,246.50,,249.46,,,35,8627.00,1,F1,1,,,,,
2026-07-30,2026-07-30,CM,BSE,STK,532953,INE951I01027,VGUARD,A,,,,,V-GUARD INDUSTRIES LTD.,304.55,338.70,298.00,316.80,316.80,302.25,,316.65,,,1203911,391658285.00,15010,F1,1,,,,,
2026-07-30,2026-07-30,CM,BSE,STK,532955,INE020B01018,RECLTD,A,,,,,REC LIMITED,374.75,377.20,371.15,374.80,374.80,374.10,,374.90,,,178003,66736079.00,2540,F1,1,,,,,
2026-07-30,2026-07-30,CM,BSE,STK,532957,INE642I01014,GOKAKTEX,X,,,,,GOKAK TEXTILES LTD.,59.00,59.29,59.00,59.00,59.00,59.00,,59.00,,,517,30504.00,10,F1,1,,,,,
2026-07-30,2026-07-30,CM,BSE,STK,532966,INE615H01020,TITAGARH,A,,,,,TITAGARH RAIL SYSTEMS LIMITED,830.15,832.65,822.00,825.45,825.45,834.10,,824.85,,,32280,26675672.00,1351,F1,1,,,,,
2026-07-30,2026-07-30,CM,BSE,STK,532967,INE415I01015,KIRIINDUS,A,,,,,KIRI INDUSTRIES LTD.,409.00,413.00,402.00,410.45,410.00,407.45,,410.40,,,7130,2910520.00,219,F1,1,,,,,
2026-07-30,2026-07-30,CM,BSE,STK,532974,INE865C01022,BIRLAMONEY,B,,,,,ADITYA BIRLA MONEY LTD.,131.90,133.45,130.95,131.45,132.35,132.30,,131.25,,,6580,871274.00,146,F1,1,,,,,
2026-07-30,2026-07-30,CM,BSE,STK,532975,INE778I01024,TELOGICA,XT,,,,,TELOGICA LIMITED,9.00,9.30,9.00,9.30,9.30,8.99,,9.30,,,5525,50602.00,9,F1,1,,,,,
2026-07-30,2026-07-30,CM,BSE,STK,532976,INE091G01026,JAIBALAJI,T,,,,,JAI BALAJI INDUSTRIES LTD.,60.16,61.50,58.60,59.80,58.60,61.37,,59.02,,,27138,1626038.00,172,F1,1,,,,,
2026-07-30,2026-07-30,CM,BSE,STK,532977,INE917I01010,BAJAJ-AUTO,A,,,,,BAJAJ AUTO LTD.,11430.85,11521.00,11300.25,11434.80,11434.80,11330.20,,11432.00,,,13062,149584827.00,5604,F1,1,,,,,
2026-07-30,2026-07-30,CM,BSE,STK,532978,INE918I01026,BAJAJFINSV,A,,,,,BAJAJ FINSERV LTD.,1928.45,1932.90,1891.35,1909.05,1909.05,1925.00,,1909.40,,,2218000,4227637282.00,13190,F1,1,,,,,
2026-07-30,2026-07-30,CM,BSE,STK,532980,INE020J01029,GOKUL,B,,,,,GOKUL REFOILS & SOLVENT LTD.,39.14,39.49,38.94,39.09,39.49,39.14,,39.16,,,16000,627401.00,134,F1,1,,,,,
2026-07-30,2026-07-30,CM,BSE,STK,532983,INE105J01010,RPGLIFE,B,,,,,RPG LIFE SCIENCES LTD.,2884.60,2891.45,2770.00,2777.65,2770.00,2846.90,,2778.10,,,892,2498507.00,161,F1,1,,,,,
2026-07-30,2026-07-30,CM,BSE,STK,532985,INF174KA1JD7,SENSEX1,A,,,,,KOTAK MAHINDRA MUTUAL FUND,85.49,85.54,84.96,85.01,85.01,85.49,,85.01,,,2711,231037.00,47,F1,1,,,,,
2026-07-30,2026-07-30,CM,BSE,STK,532986,INE368I01016,NIRAJ,T,,,,,NIRAJ CEMENT STRUCTURALS LTD.,29.00,29.00,28.56,28.56,28.56,29.00,,28.87,,,118,3418.00,4,F1,1,,,,,
2026-07-30,2026-07-30,CM,BSE,STK,532989,INE878I01022,BAFNAPH,T,,,,,BAFNA PHARMACEUTICALS LTD.,263.95,263.95,263.95,263.95,263.95,258.80,,263.95,,,6078,1604288.00,37,F1,1,,,,,
2026-07-30,2026-07-30,CM,BSE,STK,532992,INE790D01020,CHLLTD,X,,,,,CHL LTD.,29.57,29.57,28.30,28.30,28.30,28.72,,28.30,,,1221,34709.00,5,F1,1,,,,,
2026-07-30,2026-07-30,CM,BSE,STK,532993,INE955I01044,SEJALLTD,T,,,,,SEJAL GLASS LIMITED,750.90,764.95,735.05,757.30,764.00,756.40,,757.10,,,371,279602.00,27,F1,1,,,,,
2026-07-30,2026-07-30,CM,BSE,STK,532994,INE877I01016,ARCHIDPLY,B,,,,,ARCHIDPLY INDUSTRIES LTD.,83.50,83.50,78.55,83.43,83.43,83.50,,80.74,,,870,70913.00,16,F1,1,,,,,
2026-07-30,2026-07-30,CM,BSE,STK,532998,INE947I01017,LOTUSEYE,B,,,,,Lotus Eye Hospital And Institu,118.60,119.00,118.25,119.00,119.00,118.60,,118.48,,,413,49023.00,25,F1,1,,,,,
2026-07-30,2026-07-30,CM,BSE,STK,533001,INE323J01019,SOMICONVEY,B,,,,,SOMI CONVEYOR BELTINGS LTD.,96.05,96.05,94.35,95.05,96.00,95.90,,95.01,,,144,13697.00,21,F1,1,,,,,
2026-07-30,2026-07-30,CM,BSE,STK,533007,INE201J01017,LGBFORGE,XT,,,,,LGB FORGE LTD.,5.64,5.68,5.35,5.55,5.56,5.55,,5.55,,,83122,460481.00,135,F1,1,,,,,
2026-07-30,2026-07-30,CM,BSE,STK,533012,INE197J01017,LPDC,B,,,,,LANDMARK PROPERTY DEVELOPMENT,6.70,6.70,6.12,6.15,6.15,6.29,,6.13,,,3054,19077.00,21,F1,1,,,,,
2026-07-30,2026-07-30,CM,BSE,STK,533014,INE176J01011,SICAGEN,B,,,,,SICAGEN INDIA LTD.,50.73,50.73,47.50,48.81,48.81,50.73,,49.23,,,1451,72188.00,21,F1,1,,,,,
2026-07-30,2026-07-30,CM,BSE,STK,533018,INE457H01027,SIMPLXMIL,X,,,,,SIMPLEX MILLS COMPANY LTD.,5092.00,5092.45,5091.90,5092.45,5092.45,4850.05,,5092.45,,,14,71289.00,7,F1,1,,,,,
2026-07-30,2026-07-30,CM,BSE,STK,533022,INE144J01027,20MICRONS,B,,,,,20 MICRONS LTD.,198.75,204.35,198.75,200.45,199.20,201.70,,200.09,,,5641,1138213.00,165,F1,1,,,,,
2026-07-30,2026-07-30,CM,BSE,STK,533023,INE342J01019,ZFCVINDIA,A,,,,,ZF Commercial Vehicle Control,2387.95,2432.00,2370.75,2380.00,2385.00,2388.80,,2381.30,,,3008,7211356.00,447,F1,1,,,,,
2026-07-30,2026-07-30,CM,BSE,STK,533029,INE773I01017,ALKALI,T,,,,,ALKALI METALS LTD.,71.24,71.24,68.70,69.97,71.00,71.24,,70.12,,,1678,117620.00,14,F1,1,,,,,
2026-07-30,2026-07-30,CM,BSE,STK,533033,INE858B01029,ISGEC,B,,,,,ISGEC HEAVY ENGINEERING LTD.,845.55,851.75,844.00,845.05,845.00,857.95,,846.00,,,723,612396.00,89,F1,1,,,,,
2026-07-30,2026-07-30,CM,BSE,STK,533047,INE919H01018,IMFA,A,,,,,INDIAN METALS & FERRO ALLOYS L,1372.60,1413.85,1367.00,1384.05,1372.00,1372.55,,1382.70,,,3599,5003190.00,426,F1,1,,,,,
2026-07-30,2026-07-30,CM,BSE,STK,533048,INE065J01024,TPHQ,B,,,,,Teamo Productions HQ Limited,0.41,0.43,0.41,0.43,0.43,0.42,,0.43,,,369302,155047.00,86,F1,1,,,,,
2026-07-30,2026-07-30,CM,BSE,STK,533056,INE359B01010,VEDAVAAG,X,,,,,VEDAVAAG SYSTEMS LTD.,19.43,19.43,18.00,18.84,18.82,19.00,,18.84,,,19678,367771.00,143,F1,1,,,,,
2026-07-30,2026-07-30,CM,BSE,STK,533080,INE893J01029,MOLDTKPAC,B,,,,,MOLD-TEK PACKAGING LIMITED,651.30,697.80,646.05,676.10,675.80,656.90,,676.35,,,10419,6995932.00,424,F1,1,,,,,
2026-07-30,2026-07-30,CM,BSE,STK,533088,INE998I01010,MHRIL,B,,,,,MAHINDRA HOLIDAYS & RESORTS IN,217.15,217.15,214.10,216.50,216.75,214.95,,215.98,,,9308,2002839.00,228,F1,1,,,,,
2026-07-30,2026-07-30,CM,BSE,STK,533090,INE688J01023,LANDSMILL,B,,,,,Landsmill Green Limited,0.82,0.84,0.80,0.82,0.82,0.84,,0.81,,,596688,488954.00,199,F1,1,,,,,
2026-07-30,2026-07-30,CM,BSE,STK,533095,INE083K01017,BENGALASM,B,,,,,BENGAL & ASSAM COMPANY LTD.,6390.00,6390.00,6166.30,6202.10,6202.10,6294.80,,6202.50,,,47,295856.00,15,F1,1,,,,,
2026-07-30,2026-07-30,CM,BSE,STK,533096,INE814H01029,ADANIPOWER,A,,,,,ADANI POWER LTD.,209.00,211.20,207.15,208.90,208.90,209.55,,208.97,,,1307874,273583066.00,10370,F1,1,,,,,
2026-07-30,2026-07-30,CM,BSE,STK,533098,INE848E01016,NHPC,A,,,,,NHPC LTD.,77.90,78.29,77.25,78.14,78.14,77.90,,78.07,,,249324,19379646.00,2257,F1,1,,,,,
2026-07-30,2026-07-30,CM,BSE,STK,533100,INE429K01012,PEIL,X,,,,,PREMIER ENERGY AND INFRASTRUCT,7.73,7.75,6.62,7.28,7.27,7.27,,7.28,,,69263,514446.00,105,F1,1,,,,,
2026-07-30,2026-07-30,CM,BSE,STK,533104,INE615I01010,GLOBUSSPR,B,,,,,GLOBUS SPIRITS LTD.,875.05,887.15,875.00,881.55,881.55,878.85,,880.10,,,3734,3289767.00,378,F1,1,,,,,
2026-07-30,2026-07-30,CM,BSE,STK,533106,INE274J01014,OIL,A,,,,,OIL INDIA LTD.,450.65,459.25,447.65,456.75,456.75,447.65,,456.90,,,100156,45612310.00,1788,F1,1,,,,,
2026-07-30,2026-07-30,CM,BSE,STK,533107,INE542F01020,SWANDEF,T,,,,,SWAN DEFENCE AND HEAVY INDUSTR,2304.00,2449.00,2270.00,2431.85,2431.85,2337.90,,2435.00,,,1569,3733279.00,143,F1,1,,,,,
2026-07-30,2026-07-30,CM,BSE,STK,533108,INE274K01012,BTTL,T,,,,,BHILWARA TECHNICAL TEXTILES LT,47.85,47.85,45.40,46.28,46.65,45.60,,46.73,,,19,874.00,6,F1,1,,,,,
2026-07-30,2026-07-30,CM,BSE,STK,533110,INE318K01025,SPSL,X,,,,,SHREE PRECOATED STEELS LTD.,13.45,13.45,12.83,12.86,12.86,12.81,,12.86,,,330,4433.00,7,F1,1,,,,,
2026-07-30,2026-07-30,CM,BSE,STK,533121,INE201K01015,EXPLEOSOL,B,,,,,EXPLEO SOLUTIONS LIMITED,931.35,945.00,902.05,908.05,908.05,927.45,,906.65,,,15241,14030632.00,864,F1,1,,,,,
2026-07-30,2026-07-30,CM,BSE,STK,533122,INE399K01017,RTNPOWER,A,,,,,RATTANINDIA POWER LTD.,8.52,8.52,8.38,8.39,8.39,8.50,,8.39,,,924649,7774524.00,1501,F1,1,,,,,
2026-07-30,2026-07-30,CM,BSE,STK,533137,INE947J01015,DEN,B,,,,,DEN NETWORKS LTD,27.60,27.60,27.27,27.38,27.45,27.61,,27.42,,,2232,61078.00,83,F1,1,,,,,
2026-07-30,2026-07-30,CM,BSE,STK,533138,INE563J01010,ASTEC,B,,,,,ASTEC LIFESCIENCES LIMITED,640.05,650.00,622.95,627.85,627.90,642.45,,627.05,,,1832,1171617.00,183,F1,1,,,,,
2026-07-30,2026-07-30,CM,BSE,STK,533146,INE250K01012,DLINKINDIA,B,,,,,D-LINK (INDIA) LTD,447.05,458.10,445.05,452.45,453.25,448.20,,452.00,,,7463,3389349.00,303,F1,1,,,,,
2026-07-30,2026-07-30,CM,BSE,STK,533148,INE121E01018,JSWENERGY,A,,,,,JSW ENERGY LTD,537.65,546.00,537.65,543.30,543.30,545.50,,543.70,,,37768,20511363.00,981,F1,1,,,,,
2026-07-30,2026-07-30,CM,BSE,STK,533149,INE143K01019,YUNIKM,X,,,,,Yunik Managing Advisors Limite,5.77,6.65,5.77,6.10,6.10,6.10,,6.10,,,163,1076.00,5,F1,1,,,,,
2026-07-30,2026-07-30,CM,BSE,STK,533150,INE484J01027,GODREJPROP,A,,,,,GODREJ PROPERTIES LTD,2156.15,2156.15,2099.70,2110.25,2110.25,2156.15,,2110.90,,,19920,42198362.00,2349,F1,1,,,,,
2026-07-30,2026-07-30,CM,BSE,STK,533151,INE950I01011,DBCORP,B,,,,,D B CORP LTD,208.70,212.00,208.70,211.55,210.75,210.55,,211.04,,,4048,852247.00,109,F1,1,,,,,
2026-07-30,2026-07-30,CM,BSE,STK,533152,INE912H01013,MBLINFRA,T,,,,,MBL Infrastructure Ltd,24.56,24.90,24.56,24.74,24.58,25.19,,24.90,,,5240,129797.00,21,F1,1,,,,,
2026-07-30,2026-07-30,CM,BSE,STK,533155,INE797F01020,JUBLFOOD,A,,,,,JUBILANT FOODWORKS LTD,440.10,441.60,433.80,439.80,441.00,440.05,,439.80,,,2547274,1112234507.00,5846,F1,1,,,,,
2026-07-30,2026-07-30,CM,BSE,STK,533156,INE893I01013,VASCONEQ,T,,,,,VASCON ENGINEERS LTD,31.51,32.45,31.50,31.79,31.99,31.94,,31.66,,,27894,887202.00,81,F1,1,,,,,
2026-07-30,2026-07-30,CM,BSE,STK,533158,INE085J01014,THANGAMAYL,A,,,,,THANGAMAYIL JEWELLERY LTD,6125.05,6149.95,5815.30,5815.30,5815.30,6461.40,,5807.00,,,40232,236171390.00,3575,F1,1,,,,,
2026-07-30,2026-07-30,CM,BSE,STK,533160,INE879I01012,DBREALTY,T,,,,,VALOR ESTATE LIMITED,113.70,114.10,112.00,113.10,112.70,114.05,,113.78,,,21301,2398384.00,168,F1,1,,,,,
2026-07-30,2026-07-30,CM,BSE,STK,533161,INE753K01015,EMMBI,T,,,,,EMMBI INDUSTRIES LTD,86.10,87.00,85.52,85.52,85.52,85.52,,87.91,,,2092,180165.00,3,F1,1,,,,,
2026-07-30,2026-07-30,CM,BSE,STK,533162,INE982F01036,HATHWAY,B,,,,,HATHWAY CABLE & DATACOM LTD,10.85,10.85,10.69,10.75,10.77,10.78,,10.75,,,70189,754277.00,220,F1,1,,,,,
2026-07-30,2026-07-30,CM,BSE,STK,533164,INE141K01013,TEXMOPIPES,B,,,,,TEXMO PIPES & PRODUCTS LTD.,42.65,42.70,42.25,42.50,42.50,42.66,,42.55,,,1144,48533.00,13,F1,1,,,,,
2026-07-30,2026-07-30,CM,BSE,STK,533166,INE108E01023,SUNDARAM,B,,,,,SUNDARAM MULTI PAP LTD.,1.30,1.30,1.23,1.25,1.24,1.28,,1.24,,,198181,246605.00,67,F1,1,,,,,
2026-07-30,2026-07-30,CM,BSE,STK,533167,INE312J01012,COROENGG,X,,,,,COROMANDEL ENGINEERING COMPANY,54.50,56.49,54.50,55.92,56.00,54.52,,55.92,,,553,31145.00,13,F1,1,,,,,
2026-07-30,2026-07-30,CM,BSE,STK,533168,INE847C01020,ROSSELLIND,B,,,,,ROSSELL INDIA LTD.,57.80,59.39,57.00,57.81,57.72,58.22,,57.82,,,5214,301143.00,79,F1,1,,,,,
2026-07-30,2026-07-30,CM,BSE,STK,533169,INE949H01023,MANINFRA,B,,,,,MAN INFRACONSTRUCTION LTD.,96.10,97.00,95.80,96.15,96.00,97.05,,96.09,,,14397,1388297.00,124,F1,1,,,,,
2026-07-30,2026-07-30,CM,BSE,STK,533170,INE864J01012,TAMBOLIIN,T,,,,,TAMBOLI INDUSTRIES LIMITED,220.00,220.00,211.85,213.00,213.00,223.00,,213.00,,,1067,226651.00,19,F1,1,,,,,
2026-07-30,2026-07-30,CM,BSE,STK,533172,INF205KA1BP1,IVZINGOLD,E,,,,,INVESCO India Gold Exchange Tr,123.72,124.62,123.00,123.51,124.00,122.90,,123.65,,,1795,221820.00,41,F1,1,,,,,
2026-07-30,2026-07-30,CM,BSE,STK,533177,INE975G01012,IL&FSTRANS,Z,,,,,IL&FS TRANSPORTATION NETWORKS,2.20,2.25,2.12,2.13,2.13,2.21,,2.14,,,2953,6532.00,9,F1,1,,,,,
2026-07-30,2026-07-30,CM,BSE,STK,533179,INE262H01021,PERSISTENT,A,,,,,PERSISTENT SYSTEMS LTD.,5517.25,5696.00,5466.55,5511.65,5501.00,5476.85,,5514.60,,,50159,281767716.00,6785,F1,1,,,,,
2026-07-30,2026-07-30,CM,BSE,STK,533181,INE566K01011,ISFT,B,,,,,INTRASOFT TECHNOLOGIES LTD.,78.89,79.90,78.83,79.15,79.15,80.08,,79.70,,,177,14115.00,13,F1,1,,,,,
2026-07-30,2026-07-30,CM,BSE,STK,533192,INE790B01024,KCPSUGIND,B,,,,,KCP SUGAR & INDUSTRIES CORPORA,32.89,33.74,31.53,31.72,32.00,32.41,,31.85,,,27211,887667.00,274,F1,1,,,,,
2026-07-30,2026-07-30,CM,BSE,STK,533193,INE134B01017,KECL,B,,,,,KIRLOSKAR ELECTRIC COMPANY LTD,143.00,143.05,135.50,135.85,135.85,142.85,,136.15,,,17973,2468800.00,327,F1,1,,,,,
2026-07-30,2026-07-30,CM,BSE,STK,533202,INE639K01016,SATCH,XT,,,,,SATCHMO HOLDINGS LIMITED,4.99,5.23,4.75,4.75,4.75,4.99,,4.75,,,369849,1783446.00,254,F1,1,,,,,
2026-07-30,2026-07-30,CM,BSE,STK,533203,INE747K01017,TARAPUR,B,,,,,TARAPUR TRANSFORMERS LTD,16.34,16.80,15.53,15.81,15.81,16.30,,15.82,,,6525,104630.00,43,F1,1,,,,,
2026-07-30,2026-07-30,CM,BSE,STK,533206,INE002L01015,SJVN,A,,,,,SJVN LTD,69.04,69.04,68.28,68.45,68.60,69.03,,68.45,,,159541,10939142.00,2082,F1,1,,,,,
2026-07-30,2026-07-30,CM,BSE,STK,533208,INE830C01026,EMAMIPAP,T,,,,,EMAMI PAPER MILLS LTD.,103.60,109.00,103.60,105.87,106.75,108.66,,104.47,,,13745,1435544.00,112,F1,1,,,,,
2026-07-30,2026-07-30,CM,BSE,STK,533210,INE798K01010,KRITINUT,B,,,,,KRITI NUTRIENTS LTD,72.00,73.98,71.95,72.00,72.00,71.95,,72.24,,,1002,72194.00,7,F1,1,,,,,
2026-07-30,2026-07-30,CM,BSE,STK,533212,INE265D01015,GKB,X,,,,,GKB OPHTHALMICS LTD.,55.00,55.53,55.00,55.53,55.53,57.00,,55.53,,,30,1658.00,5,F1,1,,,,,
2026-07-30,2026-07-30,CM,BSE,STK,533217,INE871K01015,HMVL,B,,,,,HINDUSTAN MEDIA VENTURES LTD.,95.18,96.14,93.98,94.49,94.58,95.00,,95.08,,,963,91238.00,87,F1,1,,,,,
2026-07-30,2026-07-30,CM,BSE,STK,533218,INE778K01012,EMAMIREAL,T,,,,,EMAMI REALTY LIMITED,78.00,78.00,78.00,78.00,78.00,78.00,,77.53,,,300,23400.00,1,F1,1,,,,,
2026-07-30,2026-07-30,CM,BSE,STK,533229,INE933K01021,BAJAJCON,A,,,,,BAJAJ CONSUMER CARE LIMITED,532.60,546.00,532.55,537.60,539.25,535.40,,538.10,,,50441,27353242.00,399,F1,1,,,,,
2026-07-30,2026-07-30,CM,BSE,STK,533230,INF179KC1981,HDFCGOLD,E,,,,,HDFC MUTUAL FUND - HDFC GOLD E,117.73,121.39,117.73,121.22,121.20,120.75,,121.28,,,72547,8779343.00,1194,F1,1,,,,,
2026-07-30,2026-07-30,CM,BSE,STK,533239,INE696K01024,PRAKASHSTL,B,,,,,PRAKASH STEELAGE LTD.,4.01,4.11,3.96,4.02,4.02,4.02,,4.01,,,7616,30596.00,58,F1,1,,,,,
2026-07-30,2026-07-30,CM,BSE,STK,533244,INF109KC1NT3,GOLDIETF,E,,,,,ICICI Prudential Gold ETF,121.25,121.81,121.00,121.61,121.61,121.10,,121.52,,,319090,38730325.00,2275,F1,1,,,,,
2026-07-30,2026-07-30,CM,BSE,STK,533248,INE517F01014,GPPL,A,,,,,GUJARAT PIPAVAV PORT LTD.,150.40,152.95,149.15,150.75,150.50,150.25,,150.61,,,51727,7807817.00,1042,F1,1,,,,,
2026-07-30,2026-07-30,CM,BSE,STK,533257,INE866K01023,WAAREEINDO,B,,,,,INDOSOLAR LTD.,309.75,310.00,294.30,294.30,294.30,309.75,,294.90,,,29663,8830832.00,680,F1,1,,,,,
2026-07-30,2026-07-30,CM,BSE,STK,533259,INE019J01013,HEALTHX,B,,,,,HEALTH X PLATFORM LIMITED,305.30,312.00,304.45,312.00,312.00,305.40,,310.20,,,196,60812.00,18,F1,1,,,,,
2026-07-30,2026-07-30,CM,BSE,STK,533260,INE521J01018,CPCAP,T,,,,,CP CAPITAL LIMITED,113.90,115.00,109.55,109.55,109.55,112.00,,112.62,,,101,11600.00,5,F1,1,,,,,
2026-07-30,2026-07-30,CM,BSE,STK,533262,INE874I01013,RAMKY,B,,,,,RAMKY INFRASTRUCTURE LTD.,377.05,377.05,367.00,368.75,368.40,369.60,,369.10,,,6064,2236763.00,79,F1,1,,,,,
2026-07-30,2026-07-30,CM,BSE,STK,533263,INE999K01014,GREENPOWER,B,,,,,ORIENT GREEN POWER COMPANY LTD,9.80,9.94,9.80,9.86,9.86,9.90,,9.83,,,192739,1899209.00,713,F1,1,,,,,
2026-07-30,2026-07-30,CM,BSE,STK,533267,INE068L01024,CANTABIL,B,,,,,CANTABIL RETAIL INDIA LTD.,237.10,244.60,235.50,240.55,244.60,237.75,,240.65,,,4510,1071411.00,148,F1,1,,,,,
2026-07-30,2026-07-30,CM,BSE,STK,533269,INE956G01038,WABAG,A,,,,,VA TECH WABAG LTD.,1878.95,1905.00,1860.85,1889.25,1903.00,1875.35,,1889.40,,,20146,38053433.00,1196,F1,1,,,,,
2026-07-30,2026-07-30,CM,BSE,STK,533270,INE844K01012,BEDMUTHA,B,,,,,BEDMUTHA INDUSTRIES LTD.,108.00,109.55,108.00,109.55,109.55,108.00,,109.64,,,786,85725.00,3,F1,1,,,,,
2026-07-30,2026-07-30,CM,BSE,STK,533271,INE442H01029,ASHOKA,A,,,,,ASHOKA BUILDCON LTD.,123.75,124.30,122.30,123.20,123.20,123.75,,123.23,,,42763,5269696.00,713,F1,1,,,,,
2026-07-30,2026-07-30,CM,BSE,STK,533272,INE209L01016,JWL,A,,,,,JUPITER WAGONS LIMITED,255.20,261.00,255.00,259.00,260.95,259.30,,259.35,,,87177,22440676.00,1351,F1,1,,,,,
2026-07-30,2026-07-30,CM,BSE,STK,533273,INE093I01010,OBEROIRLTY,A,,,,,OBEROI REALTY LTD.,1840.05,1840.05,1803.00,1812.85,1813.20,1838.70,,1814.40,,,8594,15584476.00,1042,F1,1,,,,,
2026-07-30,2026-07-30,CM,BSE,STK,533274,INE811K01011,PRESTIGE,A,,,,,PRESTIGE ESTATES PROJECTS LTD.,1590.15,1630.40,1590.15,1594.50,1594.50,1672.00,,1594.80,,,70938,114414072.00,3792,F1,1,,,,,
2026-07-30,2026-07-30,CM,BSE,STK,533275,INE482J01021,SHAH,B,,,,,SHAH METACORP LIMITED,3.61,3.95,3.61,3.92,3.92,3.73,,3.91,,,578296,2223563.00,520,F1,1,,,,,
2026-07-30,2026-07-30,CM,BSE,STK,533278,INE522F01014,COALINDIA,A,,,,,COAL INDIA LTD.,412.95,418.25,410.10,417.30,417.30,410.00,,417.20,,,662386,274948979.00,7835,F1,1,,,,,
2026-07-30,2026-07-30,CM,BSE,STK,533282,INE024L01027,GRAVITA,A,,,,,GRAVITA INDIA LTD.,1628.45,1639.00,1576.00,1578.65,1581.15,1614.25,,1578.10,,,17328,27893994.00,1156,F1,1,,,,,
2026-07-30,2026-07-30,CM,BSE,STK,533284,INE324L01013,RPPINFRA,B,,,,,RPP INFRA PROJECTS LTD.,61.40,62.64,61.00,61.21,61.50,62.32,,61.05,,,1383,85549.00,45,F1,1,,,,,
2026-07-30,2026-07-30,CM,BSE,STK,533285,INE245L01028,RDBIPL,B,,,,,RDB INFRASTRUCTURE AND POWER L,18.42,18.50,17.01,18.49,18.50,17.62,,18.49,,,156802,2853655.00,456,F1,1,,,,,
2026-07-30,2026-07-30,CM,BSE,STK,533286,INE490G01020,MOIL,A,,,,,MOIL LTD.,280.80,304.30,278.00,288.30,288.30,273.95,,287.95,,,2809739,834649857.00,27481,F1,1,,,,,
2026-07-30,2026-07-30,CM,BSE,STK,533287,INE565L01011,ZEELEARN,T,,,,,ZEE LEARN LTD.,8.42,8.59,8.21,8.21,8.21,8.64,,8.10,,,56854,471774.00,120,F1,1,,,,,
2026-07-30,2026-07-30,CM,BSE,STK,533289,INE096L01025,KTIL,X,,,,,KESAR TERMINALS & INFRASTRUCTU,61.00,62.50,61.00,62.13,61.00,61.00,,62.13,,,18,1107.00,5,F1,1,,,,,
2026-07-30,2026-07-30,CM,BSE,STK,533292,INE619I01012,A2ZINFRA,B,,,,,A2Z INFRA ENGINEERING LIMITED,13.58,14.77,13.42,14.77,14.77,13.43,,14.62,,,374637,5486718.00,383,F1,1,,,,,
2026-07-30,2026-07-30,CM,BSE,STK,533293,INE146L01010,KIRLOSENG,A,,,,,KIRLOSKAR OIL ENGINES LTD.,2191.00,2191.00,2110.60,2132.35,2139.00,2180.00,,2132.90,,,13992,29866073.00,1082,F1,1,,,,,
2026-07-30,2026-07-30,CM,BSE,STK,533294,INE722J01012,RKDL,B,,,,,RAVI KUMAR DISTILLERIES LTD.,17.62,19.70,17.61,19.10,19.10,19.60,,19.26,,,1208,22974.00,19,F1,1,,,,,
2026-07-30,2026-07-30,CM,BSE,STK,533295,INE608A01012,PSB,B,,,,,PUNJAB & SIND BANK,23.67,23.67,22.91,22.99,22.99,23.67,,22.97,,,137090,3178376.00,926,F1,1,,,,,
2026-07-30,2026-07-30,CM,BSE,STK,533296,INE360L01017,FMNL,T,,,,,FUTURE MARKET NETWORKS LTD.,9.10,9.10,9.10,9.10,9.10,9.10,,9.17,,,100,910.00,2,F1,1,,,,,
2026-07-30,2026-07-30,CM,BSE,STK,533298,INE272L01022,SURANASOL,B,,,,,SURANA SOLAR LTD.,25.52,26.63,25.52,26.20,26.20,26.53,,26.27,,,12845,335034.00,86,F1,1,,,,,
2026-07-30,2026-07-30,CM,BSE,STK,533301,INE268L01046,SHEKHAWATI,B,,,,,SHEKHAWATI INDUSTRIES LIMITED,13.85,13.85,12.04,12.68,12.17,12.79,,12.19,,,857,10528.00,13,F1,1,,,,,
2026-07-30,2026-07-30,CM,BSE,STK,533302,INE029L01018,KICL,B,,,,,KALYANI INVESTMENT COMPANY LTD,5396.50,5413.60,5309.50,5392.55,5392.55,5351.05,,5326.00,,,29,155504.00,16,F1,1,,,,,
2026-07-30,2026-07-30,CM,BSE,STK,533303,INE878K01010,BFINVEST,B,,,,,BF INVESTMENT LTD.,450.05,450.05,445.00,445.25,445.25,453.20,,445.60,,,1612,720072.00,189,F1,1,,,,,
2026-07-30,2026-07-30,CM,BSE,STK,533306,INE519C01017,SUMMITSEC,B,,,,,SUMMIT SECURITIES LTD.,1516.75,1520.00,1496.05,1496.05,1496.05,1490.00,,1509.60,,,101,152940.00,11,F1,1,,,,,
2026-07-30,2026-07-30,CM,BSE,STK,533316,INE577L01016,STEL,B,,,,,STEL HOLDINGS LIMITED,550.00,564.20,545.00,564.20,564.20,551.00,,560.05,,,225,123815.00,22,F1,1,,,,,
2026-07-30,2026-07-30,CM,BSE,STK,533326,INE621L01012,TEXRAIL,A,,,,,TEXMACO RAIL & ENGINEERING LTD,111.80,111.85,110.10,110.50,110.50,112.40,,110.40,,,55241,6117315.00,798,F1,1,,,,,
2026-07-30,2026-07-30,CM,BSE,STK,533329,INE611L01021,INDTERRAIN,B,,,,,INDIAN TERRAIN FASHIONS LTD.,28.00,28.95,27.55,27.99,27.99,28.25,,28.05,,,2537,70768.00,16,F1,1,,,,,
2026-07-30,2026-07-30,CM,BSE,STK,533333,INE045J01034,FCL,B,,,,,FINEOTEX CHEMICAL LTD.,39.31,39.31,37.56,37.82,37.82,39.35,,37.73,,,484891,18493754.00,1804,F1,1,,,,,
2026-07-30,2026-07-30,CM,BSE,STK,533339,INE251B01027,ZENTEC,A,,,,,ZEN TECHNOLOGIES LTD.,1659.15,1659.15,1602.60,1616.30,1616.30,1645.90,,1615.40,,,19908,32337171.00,1468,F1,1,,,,,
2026-07-30,2026-07-30,CM,BSE,STK,533343,INE597L01014,LOVABLE,B,,,,,LOVABLE LINGERIE LTD.,71.00,71.90,70.03,70.25,70.25,70.86,,70.46,,,488,34540.00,11,F1,1,,,,,
2026-07-30,2026-07-30,CM,BSE,STK,533344,INE560K01014,PFS,B,,,,,PTC INDIA FINANCIAL SERVICES L,27.82,27.83,27.43,27.45,27.45,27.78,,27.44,,,25886,711899.00,239,F1,1,,,,,
2026-07-30,2026-07-30,CM,BSE,STK,533385,INF247L01AP3,MON100,E,,,,,MOTILAL OSWAL MOST SHARES NASD,312.19,312.19,311.21,312.19,312.19,315.36,,312.19,,,28729,8967894.00,535,F1,1,,,,,
2026-07-30,2026-07-30,CM,BSE,STK,533398,INE414G01012,MUTHOOTFIN,A,,,,,MUTHOOT FINANCE LTD.,3043.85,3043.85,2995.20,3008.55,3011.00,3017.15,,3008.70,,,19990,60180890.00,2006,F1,1,,,,,
2026-07-30,2026-07-30,CM,BSE,STK,533407,INE672K01025,TRUEGREEN,XT,,,,,TRUE GREEN BIO ENERGY LIMITED,188.00,192.00,182.05,190.95,192.00,191.05,,190.95,,,10203,1924137.00,44,F1,1,,,,,
2026-07-30,2026-07-30,CM,BSE,STK,533408,INF209KB18D3,BSLGOLDETF,E,,,,,Aditya Birla Sun Life Mutual F,124.42,124.93,124.06,124.70,124.69,124.27,,124.82,,,3093,384462.00,36,F1,1,,,,,
2026-07-30,2026-07-30,CM,BSE,STK,533427,INE932K01015,VMS,X,,,,,VMS INDUSTRIES LTD.,21.95,21.95,21.00,21.06,21.40,20.86,,21.06,,,9878,209293.00,75,F1,1,,,,,
2026-07-30,2026-07-30,CM,BSE,STK,533451,INE725L01011,KARMAENG,B,,,,,KARMA ENERGY LTD.,37.17,37.17,37.17,37.17,37.17,37.17,,37.45,,,5,185.00,1,F1,1,,,,,
2026-07-30,2026-07-30,CM,BSE,STK,533452,INE726L01027,DELPHIFX,T,,,,,DELPHI WORLD MONEY LIMITED,7.13,7.13,6.66,6.67,6.90,6.95,,6.70,,,5355,36650.00,57,F1,1,,,,,
2026-07-30,2026-07-30,CM,BSE,STK,533470,INE573K01025,RUSHIL,B,,,,,RUSHIL DECOR LTD.,18.30,18.30,17.18,17.31,17.45,17.83,,17.30,,,17519,309782.00,165,F1,1,,,,,
2026-07-30,2026-07-30,CM,BSE,STK,533477,INE130L01014,ENKEIWHEL,X,,,,,ENKEI WHEELS (INDIA) LTD.,366.05,367.00,364.00,366.95,367.00,366.00,,366.95,,,5252,1916781.00,126,F1,1,,,,,
2026-07-30,2026-07-30,CM,BSE,STK,533482,INE524L01026,KRIDHANINF,T,,,,,KRIDHAN INFRA LIMITED,2.35,2.35,2.24,2.30,2.30,2.35,,2.30,,,19995,46327.00,25,F1,1,,,,,
2026-07-30,2026-07-30,CM,BSE,STK,533506,INE878H01024,INVENTURE,B,,,,,INVENTURE GROWTH & SECURITIES,0.91,0.92,0.90,0.91,0.91,0.91,,0.90,,,150801,137154.00,67,F1,1,,,,,
2026-07-30,2026-07-30,CM,BSE,STK,533519,INE498L01015,LTF,A,,,,,L&T Finance Limited,309.40,309.70,303.90,306.25,306.25,309.35,,306.25,,,182369,55790369.00,3603,F1,1,,,,,
2026-07-30,2026-07-30,CM,BSE,STK,533520,INE126M01010,IBULLSLTD,T,,,,,Indiabulls Limited,27.90,27.90,26.74,26.74,26.74,28.14,,26.73,,,884802,23972249.00,1397,F1,1,,,,,
2026-07-30,2026-07-30,CM,BSE,STK,533540,INE040M01013,TREEHOUSE,B,,,,,TREE HOUSE EDUCATION & ACCESSO,6.30,6.30,6.14,6.14,6.14,6.26,,6.21,,,5,31.00,2,F1,1,,,,,
2026-07-30,2026-07-30,CM,BSE,STK,533543,INE650L01011,BROOKS,T,,,,,BROOKS LABORATORIES LTD.,60.90,60.90,58.16,58.81,58.60,60.09,,59.27,,,2275,135637.00,42,F1,1,,,,,
2026-07-30,2026-07-30,CM,BSE,STK,533552,INE895B01021,RUPA,B,,,,,RUPA & COMPANY LTD.,162.05,162.80,158.30,161.30,161.90,161.00,,161.15,,,4696,751887.00,139,F1,1,,,,,
2026-07-30,2026-07-30,CM,BSE,STK,533553,INE419M01027,TDPOWERSYS,A,,,,,T D POWER SYSTEMS LTD.,1035.00,1068.55,930.00,1057.50,1057.50,1036.55,,1057.20,,,704645,701769044.00,18723,F1,1,,,,,
2026-07-30,2026-07-30,CM,BSE,STK,533570,INF846K01W80,GOLDAXIS,E,,,,,AXIS MUTUAL FUND - AXIS GOLD E,118.18,118.47,117.55,118.28,118.23,117.71,,118.28,,,6040,713061.00,1007,F1,1,,,,,
2026-07-30,2026-07-30,CM,BSE,STK,533573,INE901L01018,APLLTD,A,,,,,ALEMBIC PHARMACEUTICALS LTD.,806.65,808.60,799.70,802.15,803.30,811.60,,802.70,,,19512,15693499.00,575,F1,1,,,,,
2026-07-30,2026-07-30,CM,BSE,STK,533576,INE590L01019,VASWANI,B,,,,,VASWANI INDUSTRIES LTD.,54.39,54.39,52.04,52.05,52.05,52.13,,52.27,,,746,40368.00,16,F1,1,,,,,
2026-07-30,2026-07-30,CM,BSE,STK,533581,INE457L01029,PGEL,A,,,,,PG ELECTROPLAST LTD.,615.10,622.00,606.30,612.90,612.90,612.60,,613.00,,,143087,87722995.00,3827,F1,1,,,,,
2026-07-30,2026-07-30,CM,BSE,STK,533602,INE050L01048,LESHAIND,X,,,,,LESHA INDUSTRIES LTD.,0.77,0.77,0.74,0.75,0.75,0.75,,0.75,,,182163,136592.00,141,F1,1,,,,,
2026-07-30,2026-07-30,CM,BSE,STK,533608,INE123M01017,RDBRL,X,,,,,RDB RASAYANS LTD.,165.80,165.80,160.00,162.20,162.20,163.85,,162.20,,,4671,754315.00,87,F1,1,,,,,
2026-07-30,2026-07-30,CM,BSE,STK,533629,INE440L01017,TIJARIA,B,,,,,TIJARIA POLYPIPES LTD.,4.79,4.90,4.52,4.71,4.71,4.70,,4.58,,,2039,9748.00,38,F1,1,,,,,
2026-07-30,2026-07-30,CM,BSE,STK,533632,INE912L01015,ONELIFECAP,T,,,,,ONELIFE CAPITAL ADVISORS LTD.,38.00,38.00,35.90,36.05,36.07,37.78,,36.04,,,26219,946639.00,39,F1,1,,,,,
2026-07-30,2026-07-30,CM,BSE,STK,533638,INE060J01017,FLEXITUFF,T,,,,,FLEXITUFF VENTURES INTERNATION,4.55,4.60,4.41,4.59,4.59,4.53,,4.55,,,23645,106337.00,19,F1,1,,,,,
2026-07-30,2026-07-30,CM,BSE,STK,533644,INE899L01030,UEL,B,,,,,UJAAS ENERGY LIMITED,131.50,135.50,118.60,133.30,135.50,122.25,,128.24,,,554,68656.00,24,F1,1,,,,,
2026-07-30,2026-07-30,CM,BSE,STK,533655,INE152M01016,TRITURBINE,A,,,,,TRIVENI TURBINE LTD.,616.00,616.00,604.75,607.15,607.40,616.25,,607.50,,,25403,15448382.00,916,F1,1,,,,,
2026-07-30,2026-07-30,CM,BSE,STK,533676,INE337M01021,INDOTHAI,B,,,,,INDO THAI SECURITIES LTD.,221.65,226.00,217.00,218.05,217.80,217.85,,218.09,,,112455,24882744.00,1314,F1,1,,,,,
2026-07-30,2026-07-30,CM,BSE,STK,533704,INE122M01019,ESSARSHPNG,B,,,,,ESSAR SHIPPING LTD.,20.54,20.54,19.92,20.02,20.04,20.14,,20.03,,,7116,142945.00,120,F1,1,,,,,
2026-07-30,2026-07-30,CM,BSE,STK,533719,INF767K01SM1,LICMFGOLD,E,,,,,LIC MUTUAL FUND - LIC MF GOLD,124.03,128.41,124.03,127.37,127.37,127.22,,127.55,,,10049,1274543.00,90,F1,1,,,,,
2026-07-30,2026-07-30,CM,BSE,STK,533758,INE702C01027,APLAPOLLO,A,,,,,APL APOLLO TUBES LTD.,1885.80,1896.15,1855.00,1893.15,1895.90,1869.55,,1893.10,,,11856,22341687.00,1748,F1,1,,,,,
2026-07-30,2026-07-30,CM,BSE,STK,533761,INE390G01014,GPTINFRA,B,,,,,GPT INFRAPROJECTS LTD.,121.40,121.40,119.10,119.60,120.05,121.65,,119.58,,,3751,449345.00,116,F1,1,,,,,
2026-07-30,2026-07-30,CM,BSE,STK,533896,INE258M01011,FERVENTSYN,X,,,,,FERVENT SYNERGIES LTD.,15.00,15.85,14.02,15.22,15.21,15.50,,15.22,,,5678,83726.00,47,F1,1,,,,,
2026-07-30,2026-07-30,CM,BSE,STK,533941,INE480M01011,THOMASCOTT,B,,,,,THOMAS SCOTT (INDIA) LIMITED,307.95,309.50,295.75,297.40,297.50,302.15,,298.10,,,1949,587418.00,114,F1,1,,,,,
2026-07-30,2026-07-30,CM,BSE,STK,533982,INE482B01010,TERASOFT,B,,,,,TERA SOFTWARE LTD.,397.00,397.00,377.00,384.35,384.35,383.90,,380.05,,,1189,456719.00,55,F1,1,,,,,
2026-07-30,2026-07-30,CM,BSE,STK,534060,INE793G01035,PMCFIN,X,,,,,PMC FINCORP LIMITED,1.73,1.75,1.73,1.74,1.74,1.75,,1.74,,,126156,219882.00,226,F1,1,,,,,
2026-07-30,2026-07-30,CM,BSE,STK,534063,INE241F01011,FUTSOL,X,,,,,FUTURISTIC SOLUTIONS LTD.,49.64,49.64,44.92,45.73,44.92,47.28,,45.73,,,280,13567.00,10,F1,1,,,,,
2026-07-30,2026-07-30,CM,BSE,STK,534064,INE123D01024,AIML,XT,,,,,ALLIANCE INTEGRATED METALIKS L,2.29,2.35,2.16,2.27,2.34,2.24,,2.27,,,146016,332498.00,181,F1,1,,,,,
2026-07-30,2026-07-30,CM,BSE,STK,534076,INE743M01012,RHIM,A,,,,,RHI MAGNESITA INDIA LIMITED,392.55,394.05,383.80,390.00,393.10,395.70,,390.55,,,15657,6082385.00,361,F1,1,,,,,
2026-07-30,2026-07-30,CM,BSE,STK,534091,INE745G01043,MCX,A,,,,,MULTI COMMODITY EXCHANGE OF IN,2737.95,2737.95,2662.15,2677.95,2677.95,2716.35,,2677.00,,,67966,182518338.00,5962,F1,1,,,,,
2026-07-30,2026-07-30,CM,BSE,STK,534139,INE839M01018,SCHNEIDER,A,,,,,SCHNEIDER ELECTRIC INFRASTRUCT,1280.70,1306.60,1243.60,1297.95,1301.80,1280.70,,1298.40,,,27858,35399735.00,1829,F1,1,,,,,
2026-07-30,2026-07-30,CM,BSE,STK,534190,INE550L01013,OLPCL,X,,,,,OLYMPIC CARDS LTD.,3.10,3.10,2.76,3.09,3.09,3.10,,3.09,,,1322,3996.00,9,F1,1,,,,,
2026-07-30,2026-07-30,CM,BSE,STK,534309,INE095N01031,NBCC,A,,,,,NBCC (India) Limited,94.90,94.90,93.10,93.60,93.60,94.60,,93.57,,,426094,39862690.00,3028,F1,1,,,,,
2026-07-30,2026-07-30,CM,BSE,STK,534312,INE472M01018,MTEDUCARE,T,,,,,MT EDUCARE LTD.,1.90,2.00,1.90,2.00,2.00,2.00,,1.94,,,387,745.00,5,F1,1,,,,,
2026-07-30,2026-07-30,CM,BSE,STK,534328,INE750M01017,HEXATRADEX,B,,,,,HEXA TRADEX LTD.,156.00,157.00,156.00,157.00,157.00,157.00,,157.41,,,33,5161.00,3,F1,1,,,,,
2026-07-30,2026-07-30,CM,BSE,STK,534338,INE393F01010,MAXHEIGHTS,X,,,,,Max heights Infrastucture Ltd,12.00,13.49,11.16,11.52,12.30,11.94,,11.52,,,3548,42677.00,33,F1,1,,,,,
2026-07-30,2026-07-30,CM,BSE,STK,534369,INE760L01018,TBZ,B,,,,,TRIBHOVANDAS BHIMJI ZAVERI LTD,275.35,286.90,271.85,279.75,276.35,274.25,,279.59,,,142766,39974582.00,2072,F1,1,,,,,
2026-07-30,2026-07-30,CM,BSE,STK,534392,INE050M01012,VSSL,B,,,,,VARDHMAN SPECIAL STEELS LTD.,303.85,304.60,297.80,298.55,300.70,306.90,,300.00,,,10125,3042225.00,143,F1,1,,,,,
2026-07-30,2026-07-30,CM,BSE,STK,534422,INE204N01013,LOOKS,XT,,,,,LOOKS HEALTH SERVICES LIMITED,9.38,9.56,9.21,9.56,9.56,9.38,,9.56,,,6321,60133.00,20,F1,1,,,,,
2026-07-30,2026-07-30,CM,BSE,STK,534425,INE247M01014,SPECIALITY,B,,,,,SPECIALITY RESTAURANTS LTD.,130.55,135.00,129.90,132.70,135.00,132.05,,133.77,,,2013,266893.00,93,F1,1,,,,,
2026-07-30,2026-07-30,CM,BSE,STK,534532,INE142K01011,AURUS,B,,,,,AURUS GEM CORPORATION LIMITED,4.75,4.80,4.51,4.53,4.53,4.75,,4.55,,,1708,7861.00,20,F1,1,,,,,
2026-07-30,2026-07-30,CM,BSE,STK,534535,INE958L01034,META,T,,,,,STRING METAVERSE LIMITED,4.90,5.40,4.90,5.40,5.40,5.15,,5.40,,,5046626,25382677.00,1795,F1,1,,,,,
2026-07-30,2026-07-30,CM,BSE,STK,534597,INE834M01019,RTNINDIA,B,,,,,RATTANINDIA ENTERPRISES LIMITE,31.78,31.78,31.01,31.10,31.10,31.51,,31.07,,,62674,1952747.00,555,F1,1,,,,,
2026-07-30,2026-07-30,CM,BSE,STK,534598,INE735M01018,SAMPANN,B,,,,,Sampann Utpadan India Limited,27.98,28.35,26.91,27.55,27.55,27.98,,27.20,,,4914,134437.00,36,F1,1,,,,,
2026-07-30,2026-07-30,CM,BSE,STK,534600,INE391J01032,JTLIND,B,,,,,JTL INDUSTRIES LIMITED,73.68,73.68,72.11,73.17,73.17,73.68,,73.06,,,45527,3316013.00,376,F1,1,,,,,
2026-07-30,2026-07-30,CM,BSE,STK,534612,INE436N01029,AMTL,X,,,,,ADVANCE METERING TECHNOLOGY LT,18.79,18.79,17.00,17.83,17.51,18.79,,17.83,,,8071,141999.00,84,F1,1,,,,,
2026-07-30,2026-07-30,CM,BSE,STK,534615,INE553C01016,NECCLTD,T,,,,,NORTH EASTERN CARRYING CORPORA,15.49,15.49,15.49,15.49,15.49,15.00,,15.05,,,2,30.00,2,F1,1,,,,,
2026-07-30,2026-07-30,CM,BSE,STK,534618,INE299N01021,WAAREERTL,A,,,,,WAAREE RENEWABLE TECHNOLOGIES,916.85,917.00,895.05,913.35,915.00,913.50,,913.20,,,50395,45672279.00,1718,F1,1,,,,,
2026-07-30,2026-07-30,CM,BSE,STK,534623,INE524N01014,JUPITERIN,X,,,,,JUPITER INFOMEDIA LTD.,53.95,53.95,50.75,50.90,50.90,52.94,,50.90,,,8090,418867.00,50,F1,1,,,,,
2026-07-30,2026-07-30,CM,BSE,STK,534674,INE741L01018,DUCON,B,,,,,Ducon Infratechnologies Ltd,2.92,3.09,2.91,2.98,2.98,2.98,,2.95,,,38534,113728.00,277,F1,1,,,,,
2026-07-30,2026-07-30,CM,BSE,STK,534675,INE195N01013,PROZONER,B,,,,,PROZONE REALTY LIMITED,42.71,43.00,41.05,41.52,41.35,42.57,,41.53,,,22319,935240.00,233,F1,1,,,,,
2026-07-30,2026-07-30,CM,BSE,STK,534680,INE559N01010,SRGHFL,B,,,,,SRG HOUSING FINANCE LTD.,280.55,292.65,280.55,286.00,286.00,296.75,,292.20,,,188,54046.00,11,F1,1,,,,,
2026-07-30,2026-07-30,CM,BSE,STK,534691,INE456N01019,COMCL,XT,,,,,COMFORT COMMOTRADE LTD.,15.02,15.49,14.57,15.37,15.37,15.33,,15.37,,,1171,17153.00,16,F1,1,,,,,
2026-07-30,2026-07-30,CM,BSE,STK,534732,INE176N01039,CASPIAN,XT,,,,,CASPIAN CORPORATE SERVICES LIM,33.76,34.00,33.14,33.35,33.21,33.43,,33.35,,,4628,153539.00,41,F1,1,,,,,
2026-07-30,2026-07-30,CM,BSE,STK,534733,INE175N01023,AERPACE,XT,,,,,Aerpace Industries Limited,31.50,32.20,29.58,31.38,31.38,31.13,,31.38,,,407677,12770918.00,581,F1,1,,,,,
2026-07-30,2026-07-30,CM,BSE,STK,534741,INE247C01023,VIRTUALG,X,,,,,VIRTUAL GLOBAL EDUCATION LTD.,0.44,0.44,0.41,0.42,0.42,0.43,,0.42,,,770292,324924.00,176,F1,1,,,,,
2026-07-30,2026-07-30,CM,BSE,STK,534742,INE840M01016,ZUARI,B,,,,,ZUARI AGRO CHEMICALS LTD.,235.95,242.25,234.30,237.75,238.55,235.25,,238.18,,,34668,8321272.00,473,F1,1,,,,,
2026-07-30,2026-07-30,CM,BSE,STK,534748,INE503B01021,STEELXIND,B,,,,,STEEL EXCHANGE INDIA LTD.,11.27,11.27,11.06,11.12,11.11,11.20,,11.12,,,49665,552787.00,141,F1,1,,,,,
2026-07-30,2026-07-30,CM,BSE,STK,534755,INE234G01022,TRIOMERC,XT,,,,,TRIO MERCANTILE & TRADING LTD.,2.81,2.81,2.71,2.80,2.80,2.76,,2.80,,,304591,848528.00,78,F1,1,,,,,
2026-07-30,2026-07-30,CM,BSE,STK,534796,INE198N01017,CDG,XT,,,,,CDG PETCHEM LIMITED,274.55,289.00,274.55,289.00,289.00,289.00,,289.00,,,848,234353.00,20,F1,1,,,,,
2026-07-30,2026-07-30,CM,BSE,STK,534804,INE752H01013,CARERATING,A,,,,,CARE Ratings Limited,1704.00,1725.00,1690.95,1707.00,1713.20,1689.05,,1707.60,,,3703,6321254.00,272,F1,1,,,,,
2026-07-30,2026-07-30,CM,BSE,STK,534809,INE785M01021,PCJEWELLER,A,,,,,PC JEWELLER LTD.,9.11,9.20,8.98,9.12,9.12,9.11,,9.12,,,7827356,70957621.00,6321,F1,1,,,,,
2026-07-30,2026-07-30,CM,BSE,STK,534816,INE121J01017,INDUSTOWER,A,,,,,INDUS TOWERS LIMITED,383.25,396.45,383.25,392.80,391.85,386.30,,392.90,,,128150,50395303.00,2612,F1,1,,,,,
2026-07-30,2026-07-30,CM,BSE,STK,534920,INE899M01020,ISERA,XT,,,,,iSERA LIFESCIENCES LIMITED,143.90,143.90,143.90,143.90,143.90,143.90,,143.90,,,1,143.00,1,F1,1,,,,,
2026-07-30,2026-07-30,CM,BSE,STK,534976,INE665J01013,VMART,A,,,,,V-MART RETAIL LTD.,741.75,765.10,736.75,763.00,758.20,745.75,,764.15,,,18281,13729870.00,461,F1,1,,,,,
2026-07-30,2026-07-30,CM,BSE,STK,535136,INE149O01018,NIBE,B,,,,,NIBE LIMITED,1400.00,1418.00,1325.00,1330.75,1350.00,1403.45,,1330.20,,,8508,11574774.00,720,F1,1,,,,,
2026-07-30,2026-07-30,CM,BSE,STK,535204,INE160O01031,MUKTA,X,,,,,Mukta Agriculture Limited,2.99,2.99,2.99,2.99,2.99,2.85,,2.99,,,724,2164.00,8,F1,1,,,,,
2026-07-30,2026-07-30,CM,BSE,STK,535205,INE159O01033,MYSTICELE,X,,,,,Mystic Electronics Limited,4.05,4.05,3.40,3.51,3.59,3.76,,3.51,,,12373,44375.00,62,F1,1,,,,,
2026-07-30,2026-07-30,CM,BSE,STK,535267,INE274M01026,COMFINCAP,X,,,,,COMFORT FINCAP LTD.,7.74,7.94,7.15,7.36,7.44,7.74,,7.36,,,57130,418550.00,238,F1,1,,,,,
2026-07-30,2026-07-30,CM,BSE,STK,535276,INF200K01VT2,SBISENSEX,A,,,,,SBI MUTUAL FUND - SBI ETF SENS,865.99,867.02,855.00,866.26,855.00,863.98,,866.26,,,8083,6987304.00,384,F1,1,,,,,
2026-07-30,2026-07-30,CM,BSE,STK,535322,INE612J01015,REPCOHOME,B,,,,,REPCO HOME FINANCE LTD.,391.60,391.60,386.00,386.70,386.60,394.35,,387.05,,,586,227851.00,70,F1,1,,,,,
2026-07-30,2026-07-30,CM,BSE,STK,535387,INE191O01010,LAKHOTIA,X,,,,,LAKHOTIA POLYESTERS (INDIA) LT,61.90,61.90,58.00,58.00,58.00,61.90,,58.00,,,32,1861.00,4,F1,1,,,,,
2026-07-30,2026-07-30,CM,BSE,STK,535431,INE168O01026,GCMSECU,B,,,,,GCM SECURITIES LTD,0.68,0.70,0.67,0.68,0.68,0.70,,0.68,,,130792,88756.00,57,F1,1,,,,,
2026-07-30,2026-07-30,CM,BSE,STK,535458,INE047O01014,NIBL,B,,,,,NRB INDUSTRIAL BEARINGS LTD.,36.90,43.99,35.00,35.94,35.94,37.36,,35.91,,,4307,162536.00,73,F1,1,,,,,
2026-07-30,2026-07-30,CM,BSE,STK,535566,INE902D01013,KIFS,X,,,,,KIFS FINANCIAL SERVICES LTD.,110.00,110.00,107.25,108.60,109.95,110.95,,108.60,,,3,327.00,3,F1,1,,,,,
2026-07-30,2026-07-30,CM,BSE,STK,535601,INE099F01013,SREEL,B,,,,,SREELEATHERS LTD.,214.20,214.20,214.20,214.20,214.20,211.60,,215.03,,,5,1071.00,1,F1,1,,,,,
2026-07-30,2026-07-30,CM,BSE,STK,535602,INE597I01028,SHARDAMOTR,B,,,,,SHARDA MOTOR INDUSTRIES LTD,840.00,892.45,834.80,855.55,858.00,844.20,,855.55,,,14239,12394269.00,1017,F1,1,,,,,
2026-07-30,2026-07-30,CM,BSE,STK,535621,INE159L01013,SVGLOBAL,X,,,,,S V GLOBAL MILL LTD.,119.00,125.95,115.00,121.70,125.95,119.00,,121.70,,,80,9409.00,11,F1,1,,,,,
2026-07-30,2026-07-30,CM,BSE,STK,535648,INE599M01018,JUSTDIAL,A,,,,,JUST DIAL LTD.,754.00,755.65,732.85,744.65,741.10,751.00,,741.75,,,15280,11356425.00,526,F1,1,,,,,
2026-07-30,2026-07-30,CM,BSE,STK,535657,INE860E01011,OONE,X,,,,,OBJECTONE INFORMATION SYSTEMS,6.75,6.75,6.75,6.75,6.75,6.85,,6.75,,,190,1282.00,2,F1,1,,,,,
2026-07-30,2026-07-30,CM,BSE,STK,535693,INE320I01017,BRAHMINFRA,X,,,,,BRAHMAPUTRA INFRASTRUCTURE LTD,161.55,167.50,161.55,164.80,167.50,162.75,,164.80,,,6030,987202.00,102,F1,1,,,,,
2026-07-30,2026-07-30,CM,BSE,STK,535719,INE989J01017,AMPVOLTS,X,,,,,AMPVOLTS LIMITED,26.00,27.60,25.55,26.79,27.13,26.31,,26.79,,,15541,419820.00,59,F1,1,,,,,
2026-07-30,2026-07-30,CM,BSE,STK,535730,INE731G01027,KHOOBSURAT,X,,,,,KHOOBSURAT LTD,0.49,0.50,0.49,0.49,0.49,0.49,,0.49,,,856797,421209.00,214,F1,1,,,,,
2026-07-30,2026-07-30,CM,BSE,STK,535754,INE876N01018,ORIENTCEM,B,,,,,ORIENT CEMENT LTD,137.55,137.55,134.50,136.00,136.65,137.40,,136.57,,,2341,316398.00,85,F1,1,,,,,
2026-07-30,2026-07-30,CM,BSE,STK,535755,INE647O01011,ABFRL,A,,,,,Aditya Birla Fashion and Retai,57.81,61.00,57.70,58.98,58.80,58.08,,58.94,,,786980,46910736.00,6748,F1,1,,,,,
2026-07-30,2026-07-30,CM,BSE,STK,535789,INE148I01020,SAMMAANCAP,A,,,,,Sammaan Capital Limited,160.90,161.70,159.75,160.00,160.00,162.05,,160.00,,,193418,31027912.00,1206,F1,1,,,,,
2026-07-30,2026-07-30,CM,BSE,STK,535910,INE340O01021,MMLF,B,,,,,MONEY MASTERS LEASING & FINANC,0.70,0.70,0.70,0.70,0.70,0.67,,0.70,,,52731,36911.00,26,F1,1,,,,,
2026-07-30,2026-07-30,CM,BSE,STK,535916,INE030P01017,ALSL,B,,,,,ALACRITY SECURITIES LTD,67.54,67.59,64.60,65.61,65.61,66.56,,65.61,,,7663,502996.00,65,F1,1,,,,,
2026-07-30,2026-07-30,CM,BSE,STK,535958,INE418N01035,ESSENTIA,T,,,,,Integra Essentia Limited,1.05,1.06,1.04,1.06,1.06,1.05,,1.05,,,133046,139795.00,89,F1,1,,,,,
2026-07-30,2026-07-30,CM,BSE,STK,536073,INE890N01027,JULIEN,X,,,,,JULIEN AGRO INFRATECH LIMITED,1.26,1.28,1.25,1.26,1.26,1.27,,1.26,,,95012,120699.00,86,F1,1,,,,,
2026-07-30,2026-07-30,CM,BSE,STK,536264,INE906O01029,TIGERLOGS,T,,,,,TIGER LOGISTICS (INDIA) LTD,29.99,30.39,28.95,29.07,29.07,30.18,,29.05,,,12786,375500.00,151,F1,1,,,,,
2026-07-30,2026-07-30,CM,BSE,STK,536493,INE690O01011,JKAGRI,X,,,,,JK AGRI GENETICS LTD,308.70,317.60,308.70,310.55,317.40,314.95,,310.55,,,429,132460.00,9,F1,1,,,,,
2026-07-30,2026-07-30,CM,BSE,STK,536507,INE452O01016,FLFL,Z,,,,,FUTURE LIFESTYLE FASHIONS LTD,1.27,1.29,1.25,1.26,1.26,1.31,,1.27,,,6867,8592.00,14,F1,1,,,,,
2026-07-30,2026-07-30,CM,BSE,STK,536565,INE314I01036,NOVELIX,XT,,,,,NOVELIX PHARMACEUTICALS LIMITE,70.38,70.95,69.00,69.24,69.00,69.00,,69.24,,,1744,121177.00,14,F1,1,,,,,
2026-07-30,2026-07-30,CM,BSE,STK,536659,INE428B01021,PVVINFRA,X,,,,,PVV Infra Limited,3.40,3.42,3.28,3.29,3.29,3.36,,3.29,,,402152,1343784.00,350,F1,1,,,,,
2026-07-30,2026-07-30,CM,BSE,STK,536672,INE962O01014,VCU,XT,,,,,VCU DATA MANAGEMENT LTD,7.65,7.65,7.30,7.44,7.46,7.38,,7.44,,,15513,115000.00,35,F1,1,,,,,
2026-07-30,2026-07-30,CM,BSE,STK,536709,INE138O01029,INDRENEW,Z,,,,,IND Renewable Energy Ltd,14.00,14.69,14.00,14.09,14.45,14.07,,14.09,,,83125,1180505.00,97,F1,1,,,,,
2026-07-30,2026-07-30,CM,BSE,STK,536737,INE218P01018,ACFSL,MT,,,,,AMRAPALI CAPITAL AND FINANCE S,64.42,64.42,64.42,64.42,64.42,61.36,,64.42,,,18000,1159560.00,15,F1,1200,,,,,
2026-07-30,2026-07-30,CM,BSE,STK,536773,INE147P01019,JPOLYINVST,B,,,,,JINDAL POLY INVESTMENT AND FIN,1029.05,1044.00,1029.05,1035.10,1035.00,1046.40,,1035.00,,,102,105924.00,28,F1,1,,,,,
2026-07-30,2026-07-30,CM,BSE,STK,536846,INE156M01017,YURANUS,X,,,,,YURANUS INFRASTRUCTURE LTD,95.05,103.30,93.50,103.30,103.30,98.40,,103.30,,,14662,1501912.00,29,F1,1,,,,,
2026-07-30,2026-07-30,CM,BSE,STK,536960,INF247L01023,MOM100,B,,,,,MOTILAL OSWAL MUTUAL FUND - MO,67.32,67.96,67.32,67.64,67.65,67.86,,67.62,,,18728,1266313.00,226,F1,1,,,,,
2026-07-30,2026-07-30,CM,BSE,STK,536974,INE536P01021,CPL,B,,,,,CAPTAIN POLYPLAST LTD,71.00,72.80,70.30,72.52,71.73,70.90,,72.48,,,21427,1537609.00,266,F1,1,,,,,
2026-07-30,2026-07-30,CM,BSE,STK,537007,INF109K012R6,NIFTYIETF,B,,,,,ICICI Prudential Nifty ETF,274.00,275.48,274.00,275.22,275.47,274.34,,275.03,,,9402,2581383.00,745,F1,1,,,,,
2026-07-30,2026-07-30,CM,BSE,STK,537008,INF109KC16V9,NIF100IETF,B,,,,,ICICI Prudential Nifty 100 ETF,28.26,28.32,27.96,28.19,28.30,28.26,,28.25,,,2318,65173.00,44,F1,1,,,,,
2026-07-30,2026-07-30,CM,BSE,STK,537069,INE185K01036,ARNOLD,X,,,,,ARNOLD HOLDINGS LTD,12.38,12.80,11.80,12.14,12.35,12.16,,12.14,,,3770,45664.00,40,F1,1,,,,,
2026-07-30,2026-07-30,CM,BSE,STK,537253,INE671C01016,SUNLOC,X,,,,,SUNIL HEALTHCARE LTD,72.50,72.50,70.90,70.90,70.90,71.90,,70.90,,,24,1715.00,4,F1,1,,,,,
2026-07-30,2026-07-30,CM,BSE,STK,537259,INE442P01014,SUYOG,B,,,,,SUYOG TELEMATICS LTD,872.95,872.95,852.45,865.65,858.60,878.60,,861.60,,,1840,1594663.00,87,F1,1,,,,,
2026-07-30,2026-07-30,CM,BSE,STK,537291,INE448G01010,NATHBIOGEN,B,,,,,NATH BIO-GENES (INDIA) LTD,169.90,169.90,161.10,161.80,161.10,161.15,,161.41,,,5731,946791.00,267,F1,1,,,,,
2026-07-30,2026-07-30,CM,BSE,STK,537292,INE449G01018,AGRITECH,T,,,,,AGRI- TECH (INDIA) LTD,112.15,112.20,109.30,109.35,109.30,115.00,,110.39,,,476,52224.00,17,F1,1,,,,,
2026-07-30,2026-07-30,CM,BSE,STK,537326,INE212P01011,CHEMTECH,X,,,,,CHEMTECH INDUSTRIAL VALVES LTD,74.70,74.70,70.61,71.25,71.05,73.94,,71.25,,,3068,218517.00,35,F1,1,,,,,
2026-07-30,2026-07-30,CM,BSE,STK,537483,INF204K014N5,NIF100BEES,B,,,,,NIPPON INDIA ETF NIFTY 100,269.49,269.49,267.37,268.70,268.56,267.98,,268.60,,,1274,342137.00,234,F1,1,,,,,
2026-07-30,2026-07-30,CM,BSE,STK,537536,INE051G01012,DENISCHEM,X,,,,,DENIS CHEM LAB LTD,69.13,71.00,69.13,69.70,69.65,69.67,,69.70,,,25131,1764875.00,59,F1,1,,,,,
2026-07-30,2026-07-30,CM,BSE,STK,537573,INE826P01018,POLYMAC,M,,,,,POLYMAC THERMOFORMERS LTD,7.38,7.38,7.30,7.30,7.30,7.03,,7.30,,,3200,23552.00,4,F1,800,,,,,
2026-07-30,2026-07-30,CM,BSE,STK,537582,INE210P01015,UNISHIRE,MT,,,,,UNISHIRE URBAN INFRA LTD,1.38,1.38,1.38,1.38,1.38,1.38,,1.38,,,10000,13800.00,1,F1,10000,,,,,
2026-07-30,2026-07-30,CM,BSE,STK,537707,INE546I01025,LADDU,X,,,,,LADDU GOPAL ONLINE SERVICES LI,0.48,0.48,0.48,0.48,0.48,0.50,,0.48,,,101125,48540.00,88,F1,1,,,,,
2026-07-30,2026-07-30,CM,BSE,STK,537708,INF174K014P6,NIFTY1,B,,,,,KOTAK MAHINDRA MUTUAL FUND - K,269.09,269.78,268.54,269.48,269.78,268.32,,269.27,,,1966,528623.00,216,F1,1,,,,,
2026-07-30,2026-07-30,CM,BSE,STK,537709,INE101H01013,HANSUGAR,XT,,,,,SHREE HANUMAN SUGAR & INDUSTRI,3.36,3.57,3.36,3.49,3.50,3.43,,3.49,,,5706,19999.00,39,F1,1,,,,,
2026-07-30,2026-07-30,CM,BSE,STK,537750,INE555P01013,KIRANVYPAR,B,,,,,KIRAN VYAPAR LTD,198.50,200.00,192.60,200.00,200.00,197.25,,200.69,,,285,56481.00,17,F1,1,,,,,
2026-07-30,2026-07-30,CM,BSE,STK,537766,INE905P01028,BCP,X,,,,,B.C. POWER CONTROLS LTD,1.71,1.74,1.71,1.74,1.74,1.72,,1.74,,,40108,69422.00,92,F1,1,,,,,
2026-07-30,2026-07-30,CM,BSE,STK,537785,INE084Q01012,RACE,B,,,,,RACE ECO CHAIN LIMITED,110.00,110.00,106.50,110.00,110.00,110.00,,110.14,,,581,63170.00,30,F1,1,,,,,
2026-07-30,2026-07-30,CM,BSE,STK,537800,INE717C01025,MANGIND,X,,,,,MANGALAM INDUSTRIAL FINANCE LT,0.59,0.61,0.58,0.59,0.59,0.60,,0.59,,,4871340,2875234.00,675,F1,1,,,,,
2026-07-30,2026-07-30,CM,BSE,STK,537820,INE159N01027,VIJIFIN,T,,,,,VIJI FINANCE LTD,10.08,10.08,10.08,10.08,10.08,9.89,,10.08,,,211307,2129974.00,82,F1,1,,,,,
2026-07-30,2026-07-30,CM,BSE,STK,537839,INE977M01024,HBGHOTELS,X,,,,,HBG HOTELS LIMITED,82.50,87.00,82.50,87.00,87.00,87.00,,87.00,,,10639,914738.00,8,F1,1,,,,,
2026-07-30,2026-07-30,CM,BSE,STK,537985,INE463B01036,INFRONICS,X,,,,,INFRONICS SYSTEMS LTD,19.95,19.95,18.50,19.95,19.95,19.00,,19.95,,,4222,83699.00,26,F1,1,,,,,
2026-07-30,2026-07-30,CM,BSE,STK,538057,INF457M01133,CPSEETF,A,,,,,CPSE ETF,93.00,94.76,92.90,94.67,94.67,94.06,,94.59,,,49349,4656816.00,805,F1,1,,,,,
2026-07-30,2026-07-30,CM,BSE,STK,538081,INE493N01012,HARIAAPL,X,,,,,HARIA APPARELS LTD,5.99,5.99,5.30,5.69,5.69,5.25,,5.69,,,429,2326.00,12,F1,1,,,,,
2026-07-30,2026-07-30,CM,BSE,STK,538092,INE574G01013,VASUPRADA,X,,,,,SHRI VASUPRADA PLANTATIONS LIM,104.05,104.05,102.00,102.00,102.00,107.00,,102.00,,,270,27950.00,2,F1,1,,,,,
2026-07-30,2026-07-30,CM,BSE,STK,538119,INE012Q01039,RNBDENIMS,B,,,,,R&B DENIMS LTD,9.20,9.20,8.97,9.01,9.01,9.11,,9.02,,,102853,929098.00,216,F1,1,,,,,
2026-07-30,2026-07-30,CM,BSE,STK,538212,INE909D01026,SHARPINV,X,,,,,SHARP INVESTMENTS LTD,0.34,0.35,0.32,0.34,0.35,0.34,,0.34,,,457954,151978.00,132,F1,1,,,,,
2026-07-30,2026-07-30,CM,BSE,STK,538268,INE066O01014,WONDERLA,B,,,,,WONDERLA HOLIDAYS LTD,469.25,475.00,465.50,471.10,473.50,469.25,,472.75,,,1118,526901.00,91,F1,1,,,,,
2026-07-30,2026-07-30,CM,BSE,STK,538273,INE401B01010,RESPONSINF,X,,,,,RESPONSE INFORMATICS LTD,18.79,18.80,18.50,18.50,18.50,18.70,,18.50,,,485,9026.00,19,F1,1,,,,,
2026-07-30,2026-07-30,CM,BSE,STK,538351,INE663P01015,AFEL,Z,,,,,A.F. ENTERPRISES LTD,1.61,1.70,1.61,1.68,1.68,1.64,,1.68,,,28293,45882.00,41,F1,1,,,,,
2026-07-30,2026-07-30,CM,BSE,STK,538365,INE452L01012,INCREDIBLE,B,,,,,INCREDIBLE INDUSTRIES LIMITED,32.63,32.63,32.63,32.63,32.63,33.70,,32.61,,,2600,84838.00,2,F1,1,,,,,
2026-07-30,2026-07-30,CM,BSE,STK,538395,INE792G01011,NAM,X,,,,,NAM SECURITIES LTD,94.38,94.38,94.38,94.38,94.38,94.66,,94.38,,,1,94.00,1,F1,1,,,,,
2026-07-30,2026-07-30,CM,BSE,STK,538401,INE318N01011,METSL,X,,,,,MAESTROS ELECTRONICS & TELECOM,148.90,148.90,140.30,146.05,147.30,148.90,,146.05,,,2272,329735.00,54,F1,1,,,,,
2026-07-30,2026-07-30,CM,BSE,STK,538422,INE508N01025,JACKSON,X,,,,,JACKSON INVESTMENTS LTD,0.41,0.41,0.39,0.40,0.40,0.41,,0.40,,,133553,53284.00,92,F1,1,,,,,
2026-07-30,2026-07-30,CM,BSE,STK,538451,INE114O01020,WORTH,XT,,,,,WORTH INVESTMENT & TRADING CO,3.85,3.90,3.85,3.90,3.90,3.92,,3.90,,,186001,723105.00,72,F1,1,,,,,
2026-07-30,2026-07-30,CM,BSE,STK,538464,INE901C01017,TPROJECT,X,,,,,THIRANI PROJECTS LTD,3.30,3.50,3.20,3.35,3.35,3.30,,3.35,,,3508,11286.00,12,F1,1,,,,,
2026-07-30,2026-07-30,CM,BSE,STK,538465,INE745P01010,AMARSEC,X,,,,,AMARNATH SECURITIES LTD,16.01,17.50,16.01,17.00,17.00,15.50,,17.00,,,11545,197755.00,23,F1,1,,,,,
2026-07-30,2026-07-30,CM,BSE,STK,538476,INE172D01021,CTL,XT,,,,,CAPITAL TRADE LINKS LTD,25.72,28.20,25.72,27.01,27.01,26.91,,27.01,,,28042,758801.00,75,F1,1,,,,,
2026-07-30,2026-07-30,CM,BSE,STK,538496,INE849M01017,TARINI,M,,,,,TARINI INTERNATIONAL LTD,6.96,6.96,6.96,6.96,6.96,7.70,,6.96,,,3000,20880.00,1,F1,3000,,,,,
2026-07-30,2026-07-30,CM,BSE,STK,538521,INE969E01010,YAANENT,X,,,,,YAAN ENTERPRISES LIMITED,103.00,106.00,103.00,105.50,105.50,103.00,,105.50,,,5579,587982.00,21,F1,1,,,,,
2026-07-30,2026-07-30,CM,BSE,STK,538539,INE075K01013,ANVRDHI,X,,,,,ANNVRRIDHHI VENTURES LIMITED,9.95,9.95,9.75,9.75,9.75,9.75,,9.75,,,2094,20645.00,24,F1,1,,,,,
2026-07-30,2026-07-30,CM,BSE,STK,538540,INE516P01015,RAAMA,XT,,,,,RAAMA FINANCE LIMITED,19.55,19.55,19.36,19.36,19.36,19.75,,19.36,,,25655,496778.00,58,F1,1,,,,,
2026-07-30,2026-07-30,CM,BSE,STK,538542,INE634J01027,GOLDCOINHF,X,,,,,GOLD COIN HEALTH FOODS LTD,31.50,32.75,30.11,30.21,30.15,32.05,,30.21,,,4811,150560.00,23,F1,1,,,,,
2026-07-30,2026-07-30,CM,BSE,STK,538546,INE319Q01012,BRPL,B,,,,,BANSAL ROOFING PRODUCTS LTD,129.00,131.65,126.60,128.80,128.75,128.80,,128.80,,,6120,792646.00,181,F1,1,,,,,
2026-07-30,2026-07-30,CM,BSE,STK,538556,INE510P01018,ARMAN,X,,,,,ARMAN HOLDINGS LTD,116.95,116.95,110.50,114.20,114.90,113.45,,114.20,,,53070,5906510.00,248,F1,1,,,,,
2026-07-30,2026-07-30,CM,BSE,STK,538562,INE439E01022,SKIPPER,B,,,,,SKIPPER LTD,524.90,536.00,519.00,527.85,526.00,526.40,,527.10,,,18497,9787284.00,551,F1,1,,,,,
2026-07-30,2026-07-30,CM,BSE,STK,538563,INE673E01018,SMTEL,X,,,,,SMT ENGINEERING LIMITED,438.10,438.10,438.10,438.10,438.10,461.15,,438.10,,,606,265488.00,30,F1,1,,,,,
2026-07-30,2026-07-30,CM,BSE,STK,538564,INE718P01017,JAMESWARREN,X,,,,,JAMES WARREN TEA LTD,263.45,264.10,257.75,264.00,264.00,262.15,,264.00,,,253,65950.00,16,F1,1,,,,,
2026-07-30,2026-07-30,CM,BSE,STK,538565,INE878P01019,VISTARAMAR,X,,,,,Vistar Amar Limited,215.00,222.00,214.00,215.00,215.00,219.00,,215.00,,,339,73688.00,26,F1,1,,,,,
2026-07-30,2026-07-30,CM,BSE,STK,538567,INE635Q01029,GULFOILLUB,B,,,,,GULF OIL LUBRICANTS INDIA LTD,1059.95,1061.45,1045.00,1053.00,1058.50,1060.90,,1054.20,,,1693,1784714.00,157,F1,1,,,,,
2026-07-30,2026-07-30,CM,BSE,STK,538568,INE836C01015,FRUTION,XT,,,,,FRUITION VENTURE LTD,41.20,41.20,41.10,41.20,41.20,41.20,,41.20,,,30,1234.00,3,F1,1,,,,,
2026-07-30,2026-07-30,CM,BSE,STK,538569,INE916P01025,TRIVENIENT,X,,,,,TRIVENI ENTERPRISES LTD,1.00,1.00,0.97,1.00,1.00,1.00,,1.00,,,56832,56566.00,23,F1,1,,,,,
2026-07-30,2026-07-30,CM,BSE,STK,538596,INE222B01028,CEMAINFRA,X,,,,,CEMANTIC INFRA-TECH LIMITED,5.00,5.02,4.83,5.00,5.00,5.08,,5.00,,,265,1290.00,11,F1,1,,,,,
2026-07-30,2026-07-30,CM,BSE,STK,538597,INE404F01031,TTIENT,X,,,,,TTI ENTERPRISE LTD,7.88,7.99,7.70,7.99,7.99,7.88,,7.99,,,392,3085.00,15,F1,1,,,,,
2026-07-30,2026-07-30,CM,BSE,STK,538598,INE755Q01025,VISHAL,B,,,,,VISHAL FABRICS LTD,18.02,18.55,18.01,18.13,18.19,18.37,,18.13,,,19876,362747.00,175,F1,1,,,,,
2026-07-30,2026-07-30,CM,BSE,STK,538607,INE457P01020,TOYAMSL,X,,,,,TOYAM SPORTS LIMITED,0.70,0.71,0.68,0.70,0.70,0.69,,0.70,,,388453,272870.00,197,F1,1,,,,,
2026-07-30,2026-07-30,CM,BSE,STK,538609,INE868G01019,GAJANANSEC,X,,,,,GAJANAN SECURITIES SERVICES LT,54.00,54.00,50.55,50.92,50.70,51.99,,50.92,,,331,17365.00,24,F1,1,,,,,
2026-07-30,2026-07-30,CM,BSE,STK,538610,INE099D01026,UNISON,XT,,,,,UNISON METALS LTD,0.67,0.68,0.64,0.65,0.64,0.66,,0.65,,,220361,143562.00,202,F1,1,,,,,
2026-07-30,2026-07-30,CM,BSE,STK,538611,INE840I01014,RTFL,Z,,,,,Real Touch Finance Limited,48.93,48.93,48.93,48.93,48.93,51.50,,48.93,,,6,293.00,2,F1,1,,,,,
2026-07-30,2026-07-30,CM,BSE,STK,538634,INE406F01010,VRL,XT,,,,,VASUNDHARA RASAYANS LTD,174.90,175.00,173.00,174.95,174.95,173.00,,174.95,,,17,2957.00,11,F1,1,,,,,
2026-07-30,2026-07-30,CM,BSE,STK,538635,INE734N01019,SNOWMAN,B,,,,,SNOWMAN LOGISTICS LTD,36.21,36.70,35.76,36.57,36.70,36.21,,36.60,,,28076,1015723.00,166,F1,1,,,,,
2026-07-30,2026-07-30,CM,BSE,STK,538646,INE837C01013,QGO,X,,,,,QGO FINANCE LIMITED,40.80,42.84,40.80,41.01,41.00,40.80,,41.01,,,442,18193.00,14,F1,1,,,,,
2026-07-30,2026-07-30,CM,BSE,STK,538647,INE729C01020,PURSHOTTAM,X,,,,,PURSHOTTAM INVESTOFIN LTD,34.00,34.50,32.25,32.25,32.25,35.09,,32.25,,,498,16920.00,12,F1,1,,,,,
2026-07-30,2026-07-30,CM,BSE,STK,538666,INE221J01015,SHARDACROP,A,,,,,Sharda Cropchem Limited,812.15,839.00,812.15,819.95,819.50,825.05,,820.00,,,19779,16335118.00,1045,F1,1,,,,,
2026-07-30,2026-07-30,CM,BSE,STK,538668,INE898Q01015,MIIL,B,,,,,Meghna Infracon Infrastructure,739.90,739.90,721.15,726.30,731.90,733.85,,726.30,,,57762,42481443.00,258,F1,1,,,,,
2026-07-30,2026-07-30,CM,BSE,STK,538683,INF204KA1UN7,SENSEXBEES,A,,,,,NIPPON INDIA ETF SENSEX,889.36,894.90,889.35,893.79,894.16,892.22,,893.79,,,4171,3724308.00,163,F1,1,,,,,
2026-07-30,2026-07-30,CM,BSE,STK,538685,INE363M01019,SHEMAROO,T,,,,,SHEMAROO ENTERTAINMENT LIMITED,117.10,118.95,116.00,116.20,118.95,120.00,,116.92,,,1654,193244.00,18,F1,1,,,,,
2026-07-30,2026-07-30,CM,BSE,STK,538706,INE010R01023,ULTRACAB,X,,,,,Ultracab (India) Limited,6.85,6.96,6.77,6.80,6.80,6.90,,6.80,,,94290,645303.00,241,F1,1,,,,,
2026-07-30,2026-07-30,CM,BSE,STK,538707,INE929D01016,RCCL,X,,,,,Rajasthan Cylinders & Containe,32.25,32.25,32.15,32.15,32.15,32.50,,32.15,,,37,1192.00,5,F1,1,,,,,
2026-07-30,2026-07-30,CM,BSE,STK,538708,INE937K01014,ETIL,X,,,,,Econo Trade (India) Limited,6.37,6.55,6.14,6.46,6.46,6.37,,6.46,,,452,2904.00,13,F1,1,,,,,
2026-07-30,2026-07-30,CM,BSE,STK,538713,INE011R01013,ATISHAY,X,,,,,Atishay Limited,167.85,171.15,158.65,160.95,160.95,168.65,,160.95,,,5305,868670.00,121,F1,1,,,,,
2026-07-30,2026-07-30,CM,BSE,STK,538714,INE475D01010,SANGAMFIN,X,,,,,Sangam Finserv Limited,39.00,39.00,36.59,36.70,36.70,39.00,,36.70,,,173,6418.00,14,F1,1,,,,,
2026-07-30,2026-07-30,CM,BSE,STK,538715,INE260R01016,DHABRIYA,X,,,,,Dhabriya Polywood Limited,447.70,459.25,439.00,440.55,440.55,447.70,,440.55,,,25127,11320042.00,479,F1,1,,,,,
2026-07-30,2026-07-30,CM,BSE,STK,538716,INE229R01011,ARYACAPM,B,,,,,Aryaman Capital Markets Limite,404.95,404.95,399.95,400.00,400.00,391.35,,400.00,,,12,4804.00,3,F1,1,,,,,
2026-07-30,2026-07-30,CM,BSE,STK,538730,INE111Q01021,PDSL,B,,,,,PDS LIMITED,354.50,357.45,340.00,342.45,346.45,350.80,,345.00,,,8813,3052678.00,260,F1,1,,,,,
2026-07-30,2026-07-30,CM,BSE,STK,538732,INE761Q01015,VGCL,XT,,,,,Vibrant Global Capital Limited,50.64,53.30,50.64,53.30,53.30,53.30,,53.30,,,5644,285834.00,29,F1,1,,,,,
2026-07-30,2026-07-30,CM,BSE,STK,538734,INE016Q01014,CEINSYS,B,,,,,CEINSYS TECH LIMITED,868.75,868.75,836.05,840.40,841.00,853.80,,840.25,,,7689,6496738.00,463,F1,1,,,,,
2026-07-30,2026-07-30,CM,BSE,STK,538742,INE516E01019,PANABYTE,X,,,,,PANABYTE TECHNOLOGIES LIMITED,19.00,19.00,18.19,18.85,18.85,19.14,,18.85,,,1341,24570.00,15,F1,1,,,,,
2026-07-30,2026-07-30,CM,BSE,STK,538765,INE401Q01018,JSHL,MT,,,,,JLA Infraville Shoppers Limite,2.24,2.25,2.24,2.24,2.24,2.35,,2.24,,,90000,201750.00,13,F1,5000,,,,,
2026-07-30,2026-07-30,CM,BSE,STK,538770,INE176L01017,CRANEINFRA,X,,,,,Crane Infrastructure Limited,12.89,12.89,11.50,12.68,12.68,12.70,,12.68,,,4632,54177.00,19,F1,1,,,,,
2026-07-30,2026-07-30,CM,BSE,STK,538772,INE480D01010,NIYOGIN,X,,,,,Niyogin Fintech Limited,42.00,42.18,40.61,41.51,40.75,41.28,,41.51,,,11196,461369.00,109,F1,1,,,,,
2026-07-30,2026-07-30,CM,BSE,STK,538777,INE131Q01011,ASIACAP,XT,,,,,ASIA CAPITAL LIMITED,84.43,86.11,84.43,86.11,86.11,84.43,,86.11,,,1645,139058.00,11,F1,1,,,,,
2026-07-30,2026-07-30,CM,BSE,STK,538778,INE149Q01021,KALYANCAP,XT,,,,,Kalyan Capitals Limited,7.86,7.86,7.41,7.50,7.68,7.71,,7.50,,,13148,99907.00,52,F1,1,,,,,
2026-07-30,2026-07-30,CM,BSE,STK,538786,INE473L01018,CITIZEN,X,,,,,Citizen Solar Limited,311.10,311.10,305.00,309.50,305.00,305.00,,309.50,,,1125,347846.00,45,F1,1,,,,,
2026-07-30,2026-07-30,CM,BSE,STK,538787,INE997C01015,GBFL,X,,,,,Goenka Business & Finance Limi,9.27,9.90,9.26,9.83,9.86,9.96,,9.83,,,9093,86260.00,73,F1,1,,,,,
2026-07-30,2026-07-30,CM,BSE,STK,538788,INE918C01029,GILADAFINS,X,,,,,Gilada Finance & Investments L,13.31,13.85,13.31,13.79,13.79,13.89,,13.79,,,894,12014.00,7,F1,1,,,,,
2026-07-30,2026-07-30,CM,BSE,STK,538795,INE185C01017,SAPPL,B,,,,,Shree Ajit Pulp And Paper Ltd.,304.95,304.95,304.95,304.95,304.95,286.00,,296.15,,,1,304.00,1,F1,1,,,,,
2026-07-30,2026-07-30,CM,BSE,STK,538812,INE322R01022,AANCHALISP,XT,,,,,Aanchal Ispat Limited,71.95,72.25,65.50,72.10,72.10,68.85,,72.10,,,44628,3045560.00,133,F1,1,,,,,
2026-07-30,2026-07-30,CM,BSE,STK,538817,INE513R01026,CAPPIPES,B,,,,,Captain Pipes Limited,9.32,9.32,9.05,9.09,9.07,9.10,,9.09,,,45109,411946.00,278,F1,1,,,,,
2026-07-30,2026-07-30,CM,BSE,STK,538833,INE891N01017,KAIZENAGRO,XT,,,,,KAIZEN AGRO INFRABUILD LIMITED,9.70,10.72,9.70,10.23,10.23,10.21,,10.23,,,2464,24917.00,21,F1,1,,,,,
2026-07-30,2026-07-30,CM,BSE,STK,538834,INE242Q01016,JMJFIN,X,,,,,JMJ Fintech Limited,9.06,9.47,9.00,9.20,9.38,9.06,,9.20,,,9688,89937.00,53,F1,1,,,,,
2026-07-30,2026-07-30,CM,BSE,STK,538835,INE306R01017,INTELLECT,A,,,,,INTELLECT DESIGN ARENA LIMITED,720.05,725.00,701.90,706.00,706.00,719.80,,705.50,,,23210,16486136.00,1227,F1,1,,,,,
2026-07-30,2026-07-30,CM,BSE,STK,538836,INE950M01013,MONTECARLO,B,,,,,Monte Carlo Fashions Limited,530.60,535.00,523.00,527.25,527.25,530.80,,526.30,,,1520,802182.00,158,F1,1,,,,,
2026-07-30,2026-07-30,CM,BSE,STK,538837,INE237B01018,JSTL,X,,,,,Jeevan Scientific Technology L,75.86,75.86,72.10,72.52,72.52,72.10,,72.52,,,7827,568733.00,120,F1,1,,,,,
2026-07-30,2026-07-30,CM,BSE,STK,538838,INE407P01017,ICL,XT,,,,,Indo Cotspin Limited,39.71,40.50,37.91,38.28,40.00,39.90,,38.28,,,456,17339.00,24,F1,1,,,,,
2026-07-30,2026-07-30,CM,BSE,STK,538860,INE655P01029,PANAFIC,XT,,,,,PANAFIC INDUSTRIALS LTD,1.95,1.95,1.95,1.95,1.95,1.92,,1.95,,,245677,479070.00,79,F1,1,,,,,
2026-07-30,2026-07-30,CM,BSE,STK,538862,INE232L01018,MYMONEY,X,,,,,My Money Securities Ltd.,37.98,37.98,35.00,35.12,35.12,34.74,,35.12,,,280,9877.00,15,F1,1,,,,,
2026-07-30,2026-07-30,CM,BSE,STK,538868,INE183Q01020,CSL,X,,,,,Continental Securities Limited,13.10,13.59,12.76,12.98,13.00,12.72,,12.98,,,9102,118520.00,55,F1,1,,,,,
2026-07-30,2026-07-30,CM,BSE,STK,538874,INE370Q01015,NEXUSSURGL,X,,,,,NEXUS SURGICAL AND MEDICARE LI,19.00,19.00,18.00,18.96,18.96,18.73,,18.96,,,3509,64311.00,24,F1,1,,,,,
2026-07-30,2026-07-30,CM,BSE,STK,538882,INE030Q01015,EMERALD,X,,,,,Emerald Finance Limited,50.35,51.84,48.50,49.10,49.00,51.27,,49.10,,,54672,2715570.00,469,F1,1,,,,,
2026-07-30,2026-07-30,CM,BSE,STK,538890,INE227F01010,MKEXIM,X,,,,,M. K. Exim (India) Ltd.,54.12,56.49,54.12,55.94,55.70,55.09,,55.94,,,10985,614217.00,56,F1,1,,,,,
2026-07-30,2026-07-30,CM,BSE,STK,538891,INE613C01026,MCLOUD,B,,,,,MAGELLANIC CLOUD LIMITED,29.57,30.00,28.80,29.66,29.66,29.61,,29.60,,,341109,10012348.00,775,F1,1,,,,,
2026-07-30,2026-07-30,CM,BSE,STK,538895,INE779Q01017,MIHIKA,X,,,,,Mihika Industries Ltd.,10.94,10.94,9.90,10.36,10.58,9.94,,10.36,,,23237,239516.00,38,F1,1,,,,,
2026-07-30,2026-07-30,CM,BSE,STK,538896,INE081G01019,KANCHI,T,,,,,Kanchi Karpooram Ltd.,371.90,371.90,368.00,368.00,368.00,374.00,,370.70,,,25,9219.00,4,F1,1,,,,,
2026-07-30,2026-07-30,CM,BSE,STK,538897,INE201F01015,SHRINIWAS,X,,,,,Shri Niwas Leasing and Finance,11.43,11.43,10.91,10.91,10.91,11.48,,10.91,,,52,570.00,7,F1,1,,,,,
2026-07-30,2026-07-30,CM,BSE,STK,538902,INE341R01014,DTIL,B,,,,,Dhunseri Tea & Industries Ltd,130.00,130.65,125.45,127.45,125.45,130.00,,127.13,,,181,23256.00,13,F1,1,,,,,
2026-07-30,2026-07-30,CM,BSE,STK,538918,INE661Q01017,VANICOM,X,,,,,Vani Commercials Limited,7.78,7.78,7.52,7.59,7.70,7.80,,7.59,,,10331,80319.00,10,F1,1,,,,,
2026-07-30,2026-07-30,CM,BSE,STK,538920,INE498Q01014,VINCOFE,B,,,,,VINTAGE COFFEE AND BEVERAGES L,155.65,158.00,146.95,147.85,148.15,154.50,,148.07,,,155515,23463897.00,1879,F1,1,,,,,
2026-07-30,2026-07-30,CM,BSE,STK,538922,INE029B01019,COSYN,X,,,,,COSYN Limited,21.50,21.70,20.51,21.03,21.69,21.78,,21.03,,,3324,70175.00,31,F1,1,,,,,
2026-07-30,2026-07-30,CM,BSE,STK,538923,INE499Q01012,SOFCOM,XT,,,,,SOFCOM SYSTEMS LIMITED,19.28,20.00,18.65,19.50,19.59,19.32,,19.50,,,119027,2319429.00,99,F1,1,,,,,
2026-07-30,2026-07-30,CM,BSE,STK,538926,INE223R01014,NAPL,X,,,,,Naturite Agro Products Limited,183.25,193.25,177.60,190.75,192.90,184.30,,190.75,,,20623,3863844.00,273,F1,1,,,,,
2026-07-30,2026-07-30,CM,BSE,STK,538928,INE554R01020,KARNAVATI,X,,,,,Karnavati Finance Limited,1.36,1.40,1.32,1.32,1.32,1.35,,1.32,,,7014,9563.00,30,F1,1,,,,,
2026-07-30,2026-07-30,CM,BSE,STK,538935,INE723C01015,ABHIFIN,XT,,,,,Abhishek Finlease limited,56.17,56.17,56.17,56.17,56.17,53.50,,56.17,,,3,168.00,2,F1,1,,,,,
2026-07-30,2026-07-30,CM,BSE,STK,538942,INE689O01013,MERCANTILE,B,,,,,Mercantile Ventures Limited,25.00,25.00,25.00,25.00,25.00,25.50,,23.71,,,1,25.00,1,F1,1,,,,,
2026-07-30,2026-07-30,CM,BSE,STK,538943,INE321M01017,SONAL,B,,,,,Sonal Mercantile Limited,93.45,93.45,93.45,93.45,93.45,89.00,,88.18,,,2,186.00,1,F1,1,,,,,
2026-07-30,2026-07-30,CM,BSE,STK,538952,INE211D01027,ALFL,X,,,,,Abhinav Leasing & Finance Limi,1.15,1.15,1.05,1.14,1.14,1.15,,1.14,,,1623,1806.00,15,F1,1,,,,,
2026-07-30,2026-07-30,CM,BSE,STK,538961,INE949P01018,GENUSPAPER,B,,,,,GENUS PAPER & BOARDS LIMITED,12.30,12.39,12.00,12.01,12.19,12.39,,12.05,,,11731,141411.00,38,F1,1,,,,,
2026-07-30,2026-07-30,CM,BSE,STK,538962,INE842C01021,MINDACORP,A,,,,,Minda Corporation Limited,698.20,711.00,685.35,707.20,707.20,692.05,,706.90,,,20596,14471377.00,768,F1,1,,,,,
2026-07-30,2026-07-30,CM,BSE,STK,538964,INE947G01011,MERCURYLAB,X,,,,,Mercury Laboratories Limited,819.00,819.00,796.00,796.00,796.00,786.30,,796.00,,,3,2434.00,3,F1,1,,,,,
2026-07-30,2026-07-30,CM,BSE,STK,538965,INE858L01010,CONCORD,X,,,,,Concord Drugs Limited,72.03,75.47,71.16,75.00,74.99,72.98,,75.00,,,4055,300181.00,51,F1,1,,,,,
2026-07-30,2026-07-30,CM,BSE,STK,538970,INE945P01024,WARDINMOBI,X,,,,,WARDWIZARD INNOVATIONS AND MOB,6.85,6.90,6.62,6.76,6.76,6.81,,6.76,,,177861,1196398.00,658,F1,1,,,,,
2026-07-30,2026-07-30,CM,BSE,STK,538975,INE397C01026,SHREESEC,Z,,,,,Shree Securities Ltd.,0.20,0.21,0.20,0.20,0.20,0.21,,0.20,,,276868,55713.00,81,F1,1,,,,,
2026-07-30,2026-07-30,CM,BSE,STK,538979,INE544R01021,GREENLAM,B,,,,,Greenlam Industries Ltd,252.30,254.60,250.40,252.50,251.00,253.95,,252.20,,,801,202065.00,45,F1,1,,,,,
2026-07-30,2026-07-30,CM,BSE,STK,538987,INE717E01013,TALBROSENG,X,,,,,TALBROS ENGINEERING LIMITED,708.40,708.75,688.40,691.55,691.55,695.55,,691.55,,,2101,1453876.00,60,F1,1,,,,,
2026-07-30,2026-07-30,CM,BSE,STK,538992,INE002E01010,SAPL,X,,,,,Sar  Auto Products Limited,4199.85,4199.85,3980.00,4199.85,4199.85,3999.90,,4199.85,,,154,643478.00,32,F1,1,,,,,
2026-07-30,2026-07-30,CM,BSE,STK,539005,INE246D01015,JAYATMA,XT,,,,,JAYATMA ENTERPRISES LIMITED,33.95,33.95,33.75,33.75,33.75,35.50,,33.75,,,1148,38757.00,5,F1,1,,,,,
2026-07-30,2026-07-30,CM,BSE,STK,539006,INE596F01018,PTCIL,A,,,,,PTC Industries Ltd.,17883.55,17973.80,17727.90,17802.75,17811.85,17941.65,,17795.00,,,277,4932214.00,122,F1,1,,,,,
2026-07-30,2026-07-30,CM,BSE,STK,539011,INE777O01016,CHENFERRO,X,,,,,CHENNAI FERROUS INDUSTRIES LIM,80.99,81.99,74.00,80.26,81.94,80.99,,80.26,,,1717,136710.00,50,F1,1,,,,,
2026-07-30,2026-07-30,CM,BSE,STK,539012,INE756R01013,MEGRISOFT,X,,,,,Megri Soft Limited,84.99,84.99,83.00,83.00,83.00,82.85,,83.00,,,114,9479.00,5,F1,1,,,,,
2026-07-30,2026-07-30,CM,BSE,STK,539013,INE776O01018,GITARENEW,X,,,,,GITA RENEWABLE ENERGY LIMITED,72.10,72.10,71.16,71.51,71.16,72.10,,71.51,,,170,12215.00,13,F1,1,,,,,
2026-07-30,2026-07-30,CM,BSE,STK,539014,INE059Q01014,KALPACOMME,X,,,,,Kalpa Commercial Limited,8.60,8.60,8.01,8.60,8.60,8.60,,8.60,,,7317,62893.00,14,F1,1,,,,,
2026-07-30,2026-07-30,CM,BSE,STK,539016,INE396C01010,NEIL,X,,,,,Neil Industries Ltd.,6.35,7.27,6.34,7.25,7.27,6.06,,7.25,,,190992,1343548.00,315,F1,1,,,,,
2026-07-30,2026-07-30,CM,BSE,STK,539017,INE526R01028,STARHFL,XT,,,,,STAR HOUSING FINANCE LIMITED,6.29,6.37,6.05,6.06,6.06,6.17,,6.06,,,6843,41593.00,52,F1,1,,,,,
2026-07-30,2026-07-30,CM,BSE,STK,539018,INE213D01015,BEEKAY,B,,,,,Beekay Steel Industries Ltd.,390.25,396.00,389.75,396.00,396.00,401.00,,397.45,,,169,65892.00,8,F1,1,,,,,
2026-07-30,2026-07-30,CM,BSE,STK,539031,INF200KA1572,SETFBSE100,A,,,,,SBI Mutual Fund,287.60,288.31,285.91,287.76,288.31,287.60,,287.76,,,7026,2021250.00,29,F1,1,,,,,
2026-07-30,2026-07-30,CM,BSE,STK,539032,INE184Q01010,FRASER,X,,,,,Fraser And Company Limited,10.19,10.19,9.37,9.70,9.70,9.77,,9.70,,,5894,56753.00,19,F1,1,,,,,
2026-07-30,2026-07-30,CM,BSE,STK,539040,INE812Q01016,TIRUPATIIN,XT,,,,,TIRUPATI INNOVAR LIMITED,6.69,6.69,6.69,6.69,6.69,7.04,,6.69,,,97883,654837.00,346,F1,1,,,,,
2026-07-30,2026-07-30,CM,BSE,STK,539041,INE369Q01017,GANVERSE,MT,,,,,GANESHA ECOVERSE LIMITED,29.50,29.50,28.50,28.98,28.98,30.00,,28.98,,,6250,181175.00,4,F1,1250,,,,,
2026-07-30,2026-07-30,CM,BSE,STK,539042,INE976R01033,AGIIL,B,,,,,AGI Infra Limited,312.95,312.95,302.05,310.20,311.45,305.85,,310.20,,,26779,8224576.00,522,F1,1,,,,,
2026-07-30,2026-07-30,CM,BSE,STK,539044,INE824Q01011,MANAKSTEEL,B,,,,,Manaksia Steels Limited,68.30,68.30,66.62,67.57,66.62,67.68,,67.10,,,2137,144249.00,25,F1,1,,,,,
2026-07-30,2026-07-30,CM,BSE,STK,539045,INE859Q01017,MANAKALUCO,B,,,,,Manaksia Aluminium Company Ltd,37.90,37.90,34.98,35.14,35.36,36.49,,35.13,,,5848,208134.00,92,F1,1,,,,,
2026-07-30,2026-07-30,CM,BSE,STK,539046,INE830Q01018,MANAKCOAT,B,,,,,Manaksia Coated Metals & Indus,123.15,123.85,121.20,121.85,121.80,122.80,,122.08,,,2865,351388.00,81,F1,1,,,,,
2026-07-30,2026-07-30,CM,BSE,STK,539056,INE172N01012,IMAGICAA,B,,,,,IMAGICAAWORLD ENTERTAINMENT LI,46.00,46.00,45.18,45.57,45.57,46.22,,45.49,,,9516,433966.00,120,F1,1,,,,,
2026-07-30,2026-07-30,CM,BSE,STK,539083,INE066P01011,INOXWIND,A,,,,,Inox Wind Limited,77.00,77.01,73.84,75.00,75.00,76.75,,74.98,,,1336365,99905472.00,7576,F1,1,,,,,
2026-07-30,2026-07-30,CM,BSE,STK,539090,INE751R01014,RAJPUTANA,X,,,,,Rajputana Investment and Finan,33.00,33.90,33.00,33.90,33.90,33.30,,33.90,,,36,1188.00,3,F1,1,,,,,
2026-07-30,2026-07-30,CM,BSE,STK,539091,INE187R01029,CCDL,XT,,,,,Consecutive Commodities Limite,1.20,1.22,1.20,1.20,1.20,1.19,,1.20,,,420073,505832.00,219,F1,1,,,,,
2026-07-30,2026-07-30,CM,BSE,STK,539097,INE904R01027,URSUGAR,B,,,,,UR SUGAR INDUSTRIES LIMITED,2.78,2.80,2.63,2.65,2.65,2.72,,2.65,,,35322,95556.00,54,F1,1,,,,,
2026-07-30,2026-07-30,CM,BSE,STK,539111,INE193R01019,SHESHAINDS,X,,,,,SHESHADRI INDUSTRIES LIMITED,17.00,17.00,17.00,17.00,17.00,17.00,,17.00,,,13,221.00,2,F1,1,,,,,
2026-07-30,2026-07-30,CM,BSE,STK,539113,INE291E01019,PML,B,,,,,Paul Merchants Ltd.,494.95,494.95,494.95,494.95,494.95,494.95,,496.90,,,10,4949.00,4,F1,1,,,,,
2026-07-30,2026-07-30,CM,BSE,STK,539115,INE273F01022,ALANSCOTT,XT,,,,,ALAN SCOTT ENTERPRISES LIMITED,325.00,325.00,325.00,325.00,325.00,325.00,,325.00,,,104,33800.00,2,F1,1,,,,,
2026-07-30,2026-07-30,CM,BSE,STK,539117,INE029H01016,SUJALA,X,,,,,Sujala Trading & Holding Ltd.,16.79,16.79,15.80,16.40,16.45,16.44,,16.40,,,56095,915440.00,136,F1,1,,,,,
2026-07-30,2026-07-30,CM,BSE,STK,539118,INE366I01010,VRLLOG,B,,,,,VRL Logistics Limited,263.85,265.00,257.90,259.40,259.05,262.60,,259.15,,,13905,3631076.00,329,F1,1,,,,,
2026-07-30,2026-07-30,CM,BSE,STK,539120,INE578R01011,GRAMEVA,XT,,,,,GRAMEVA LIMITED,100.00,100.00,100.00,100.00,100.00,95.95,,100.00,,,11,1100.00,2,F1,1,,,,,
2026-07-30,2026-07-30,CM,BSE,STK,539121,INE239L01013,PALCO,X,,,,,Palco Metals Limited,147.80,147.80,140.00,140.00,140.00,144.15,,140.00,,,318,44736.00,7,F1,1,,,,,
2026-07-30,2026-07-30,CM,BSE,STK,539122,INE104F01029,BODHTREE,X,,,,,Bodhtree Consulting Limited,16.98,16.98,15.90,15.92,15.90,16.98,,15.92,,,14968,241689.00,32,F1,1,,,,,
2026-07-30,2026-07-30,CM,BSE,STK,539123,INE334E01017,VBIND,X,,,,,V B INDUSTRIES LIMITED,8.28,8.40,7.65,8.13,8.15,8.05,,8.13,,,34196,272830.00,55,F1,1,,,,,
2026-07-30,2026-07-30,CM,BSE,STK,539124,INE822Q01015,SARVOTTAM,X,,,,,Survottam Finvest Ltd.,19.33,19.33,19.33,19.33,19.33,19.33,,19.33,,,833,16101.00,4,F1,1,,,,,
2026-07-30,2026-07-30,CM,BSE,STK,539126,INE776I01010,MEP,Z,,,,,MEP Infrastructure Developers,0.52,0.52,0.52,0.52,0.52,0.53,,0.51,,,33042,17181.00,22,F1,1,,,,,
2026-07-30,2026-07-30,CM,BSE,STK,539132,INE761D01021,WARDWIZFBL,X,,,,,Wardwizard Foods and Beverages,9.19,9.45,8.98,9.40,9.40,9.14,,9.40,,,194580,1790320.00,191,F1,1,,,,,
2026-07-30,2026-07-30,CM,BSE,STK,539141,INE527H01019,UFO,B,,,,,UFO Moviez India Limited,68.58,68.58,65.10,65.54,65.49,66.93,,65.33,,,7474,494114.00,177,F1,1,,,,,
2026-07-30,2026-07-30,CM,BSE,STK,539143,INE945O01019,PANTH,XT,,,,,PANTH INFINITY LIMITED,10.10,10.19,9.92,10.11,10.14,10.40,,10.11,,,18492,185535.00,63,F1,1,,,,,
2026-07-30,2026-07-30,CM,BSE,STK,539148,INE788J01021,SHIVALIK,T,,,,,Shivalik Rasayan Ltd.,251.70,260.90,246.10,260.00,260.00,255.50,,251.08,,,1002,258024.00,28,F1,1,,,,,
2026-07-30,2026-07-30,CM,BSE,STK,539149,INE682B01023,ICSL,X,,,,,Integrated Capital Services Lt,3.75,3.76,3.74,3.74,3.74,3.76,,3.74,,,542,2037.00,6,F1,1,,,,,
2026-07-30,2026-07-30,CM,BSE,STK,539150,INE195J01029,PNCINFRA,A,,,,,PNC Infratech Limited,240.05,243.00,237.50,239.40,238.90,240.30,,239.63,,,22284,5333759.00,429,F1,1,,,,,
2026-07-30,2026-07-30,CM,BSE,STK,539151,INE784R01023,ARFIN,B,,,,,Arfin India Limited,88.19,89.25,87.00,88.89,88.00,87.23,,88.60,,,6957,612256.00,145,F1,1,,,,,
2026-07-30,2026-07-30,CM,BSE,STK,539167,INE347L01022,VLL,X,,,,,Virat Leasing Limited,58.67,58.67,57.00,57.00,57.00,58.67,,57.00,,,11,643.00,2,F1,1,,,,,
2026-07-30,2026-07-30,CM,BSE,STK,539174,INE738P01015,HELPAGE,X,,,,,Helpage Finlease Ltd.,20.50,21.50,19.58,20.99,21.40,21.29,,20.99,,,258,5423.00,14,F1,1,,,,,
2026-07-30,2026-07-30,CM,BSE,STK,539176,INE230I01018,HAWAENG,X,,,,,Hawa Engineers ltd.,83.52,83.52,78.19,78.19,78.19,78.19,,78.19,,,1002,78439.00,8,F1,1,,,,,
2026-07-30,2026-07-30,CM,BSE,STK,539177,INE206F01022,AIIL,A,,,,,Authum Investment & Infrastruc,545.10,551.85,540.10,546.60,545.00,550.60,,545.95,,,12449,6795631.00,558,F1,1,,,,,
2026-07-30,2026-07-30,CM,BSE,STK,539189,INE578L01014,ADHBHUTIN,X,,,,,Adhbhut Infrastructure Ltd.,14.30,14.50,14.09,14.50,14.14,14.30,,14.50,,,421,6059.00,5,F1,1,,,,,
2026-07-30,2026-07-30,CM,BSE,STK,539190,INE848N01017,DFL,X,,,,,Decillion Finance Ltd.,35.00,35.01,35.00,35.01,35.01,35.02,,35.01,,,18,630.00,2,F1,1,,,,,
2026-07-30,2026-07-30,CM,BSE,STK,539195,INE035S01028,POEL,X,,,,,POCL ENTERPRISES LTD,173.80,174.95,171.00,173.50,174.00,171.60,,173.50,,,9983,1724466.00,149,F1,1,,,,,
2026-07-30,2026-07-30,CM,BSE,STK,539196,INE829P01020,AEL,X,,,,,Amba Enterprises Ltd.,109.35,112.85,109.35,112.35,112.45,109.30,,112.35,,,3600,403149.00,46,F1,1,,,,,
2026-07-30,2026-07-30,CM,BSE,STK,539199,INE618R01015,SGFIN,B,,,,,SG FINSERVE LIMITED,690.00,690.00,657.30,659.65,660.00,680.70,,658.85,,,22262,14851015.00,740,F1,1,,,,,
2026-07-30,2026-07-30,CM,BSE,STK,539200,INE203Q01026,NOBPOL,XT,,,,,NOBLE POLYMERS LIMITED,7.52,7.52,7.52,7.52,7.52,7.38,,7.52,,,35907,270020.00,9,F1,1,,,,,
2026-07-30,2026-07-30,CM,BSE,STK,539201,INE170E01023,SATIA,B,,,,,SATIA INDUSTRIES LIMITED,60.65,62.00,59.57,61.70,62.00,60.71,,61.78,,,11194,671668.00,118,F1,1,,,,,
2026-07-30,2026-07-30,CM,BSE,STK,539206,INE574D01010,GVBL,X,,,,,GENOMIC VALLEY BIOTECH LIMITED,28.00,28.00,27.50,27.50,27.50,28.50,,27.50,,,1001,27905.00,5,F1,1,,,,,
2026-07-30,2026-07-30,CM,BSE,STK,539216,INE653S01028,GARMNTMNTR,X,,,,,GARMENT MANTRA LIFESTYLE LIMIT,1.15,1.19,1.14,1.15,1.15,1.16,,1.15,,,721348,842277.00,267,F1,1,,,,,
2026-07-30,2026-07-30,CM,BSE,STK,539217,INE606K01049,SRESTHA,XT,,,,,Srestha Finvest Limited,0.30,0.32,0.30,0.31,0.31,0.31,,0.31,,,5445927,1669249.00,441,F1,1,,,,,
2026-07-30,2026-07-30,CM,BSE,STK,539218,INE563C01015,SAUMYA,X,,,,,Saumya Consultants Ltd.,114.05,114.05,114.05,114.05,114.05,120.05,,114.05,,,80,9124.00,4,F1,1,,,,,
2026-07-30,2026-07-30,CM,BSE,STK,539219,INE150D01027,MUL,X,,,,,MAURIA UDYOG LIMITED,8.28,8.34,7.68,8.00,8.00,8.08,,8.00,,,17963,143887.00,67,F1,1,,,,,
2026-07-30,2026-07-30,CM,BSE,STK,539220,INE540S01019,MISHKA,X,,,,,Mishka Exim Limited,40.00,40.00,40.00,40.00,40.00,40.00,,40.00,,,54,2160.00,3,F1,1,,,,,
2026-07-30,2026-07-30,CM,BSE,STK,539221,INE885H01029,SPORTKING,B,,,,,Sportking India Ltd.,214.00,214.75,194.40,195.80,196.90,214.35,,196.34,,,50598,10312222.00,1053,F1,1,,,,,
2026-07-30,2026-07-30,CM,BSE,STK,539222,INE451S01027,GROWINGTON,B,,,,,GROWINGTON VENTURES INDIA LIMI,0.69,0.69,0.64,0.66,0.66,0.69,,0.66,,,2933679,1936835.00,569,F1,1,,,,,
2026-07-30,2026-07-30,CM,BSE,STK,539224,INE345Q01017,HCKKVENTURE,XT,,,,,HCKK Ventures Limited,33.17,33.17,33.17,33.17,33.17,34.91,,33.17,,,502,16651.00,5,F1,1,,,,,
2026-07-30,2026-07-30,CM,BSE,STK,539226,INE027T01023,RUDRA,B,,,,,RUDRA GLOBAL INFRA PRODUCTS LI,17.02,18.34,17.02,17.15,17.15,17.68,,17.26,,,395,6832.00,18,F1,1,,,,,
2026-07-30,2026-07-30,CM,BSE,STK,539227,INE876S01017,LOYAL,X,,,,,Loyal Equipments Limited,159.80,159.80,153.00,153.50,153.50,158.15,,153.50,,,2544,398128.00,46,F1,1,,,,,
2026-07-30,2026-07-30,CM,BSE,STK,539228,INE480S01026,GGPL,Z,,,,,Gala Global Products Limited,1.45,1.58,1.45,1.49,1.48,1.52,,1.49,,,16572,25226.00,51,F1,1,,,,,
2026-07-30,2026-07-30,CM,BSE,STK,539251,INE875R01011,BALKRISHNA,B,,,,,Balkrishna Paper Mills Ltd.,16.81,18.01,16.81,17.79,17.72,17.84,,17.41,,,4652,81310.00,32,F1,1,,,,,
2026-07-30,2026-07-30,CM,BSE,STK,539252,INE979R01011,SHYAMCENT,T,,,,,Shyam Century Ferrous Limited,5.10,5.14,4.95,5.12,5.13,5.18,,5.11,,,5565,28183.00,37,F1,1,,,,,
2026-07-30,2026-07-30,CM,BSE,STK,539254,INE931S01010,ADANIENSOL,A,,,,,Adani Energy Solutions Limited,1654.25,1674.25,1632.65,1659.05,1657.00,1669.05,,1659.00,,,83301,137991737.00,4332,F1,1,,,,,
2026-07-30,2026-07-30,CM,BSE,STK,539255,INE541K01014,STARDELTA,X,,,,,STAR DELTA TRANSFORMERS LIMITE,584.80,584.80,566.80,569.70,566.80,570.40,,569.70,,,838,478722.00,59,F1,1,,,,,
2026-07-30,2026-07-30,CM,BSE,STK,539265,INE990S01016,AMRAFIN,MT,,,,,Amrapali Fincap Limited,33.99,33.99,33.99,33.99,33.99,33.33,,33.99,,,3600,122364.00,2,F1,1200,,,,,
2026-07-30,2026-07-30,CM,BSE,STK,539267,INE579N01018,SAMSRITA,X,,,,,SAMSRITA LABS LIMITED,11.45,11.67,11.00,11.01,11.01,11.50,,11.01,,,5034,55507.00,16,F1,1,,,,,
2026-07-30,2026-07-30,CM,BSE,STK,539268,INE398R01022,SYNGENE,A,,,,,Syngene International Limited,383.05,403.10,375.50,398.85,398.85,413.65,,399.20,,,1569286,605587829.00,20574,F1,1,,,,,
2026-07-30,2026-07-30,CM,BSE,STK,539275,INE829S01016,MSL,X,,,,,Mangalam Seeds Limited,143.80,143.80,132.25,134.00,134.00,140.05,,134.00,,,153,20555.00,10,F1,1,,,,,
2026-07-30,2026-07-30,CM,BSE,STK,539276,INE587G01015,KAYA,B,,,,,Kaya Limited,285.70,285.70,278.45,279.40,279.40,281.10,,277.37,,,366,102596.00,16,F1,1,,,,,
2026-07-30,2026-07-30,CM,BSE,STK,539278,INE653R01012,SYMBIOX,X,,,,,Symbiox Investment & Trading C,1.61,1.65,1.61,1.65,1.65,1.65,,1.65,,,16049,26465.00,13,F1,1,,,,,
2026-07-30,2026-07-30,CM,BSE,STK,539287,INE749B01020,ORTINGLOBE,T,,,,,ORTIN GLOBAL LIMITED,15.82,15.82,15.00,15.05,15.00,15.19,,14.93,,,90,1379.00,55,F1,1,,,,,
2026-07-30,2026-07-30,CM,BSE,STK,539289,INE898S01029,AURUM,B,,,,,AURUM PROPTECH LIMITED,215.00,218.20,213.95,217.00,217.15,217.00,,216.82,,,2636,569041.00,101,F1,1,,,,,
2026-07-30,2026-07-30,CM,BSE,STK,539290,INE143A01010,OSWALGREEN,B,,,,,Oswal Greentech Limited,20.09,22.73,20.09,21.35,21.35,20.18,,21.35,,,202354,4456827.00,1057,F1,1,,,,,
2026-07-30,2026-07-30,CM,BSE,STK,539300,INE671K01027,SUNRAKSHAK,X,,,,,SUNRAKSHAKK INDUSTRIES INDIA L,352.95,357.95,339.95,340.75,339.95,345.25,,340.75,,,10333,3549536.00,200,F1,1,,,,,
2026-07-30,2026-07-30,CM,BSE,STK,539301,INE034S01021,ARVSMART,B,,,,,Arvind SmartSpaces Limited,596.85,598.10,590.00,594.80,596.70,594.00,,594.45,,,485,287706.00,37,F1,1,,,,,
2026-07-30,2026-07-30,CM,BSE,STK,539302,INE211R01019,POWERMECH,A,,,,,Power Mech Projects Limited,2650.00,2688.00,2622.45,2633.85,2633.00,2658.80,,2635.20,,,1250,3315315.00,217,F1,1,,,,,
2026-07-30,2026-07-30,CM,BSE,STK,539309,INE230R01035,RAMASTEEL,T,,,,,Rama Steel Tubes Limited,4.22,4.22,4.10,4.11,4.11,4.16,,4.11,,,183374,759758.00,353,F1,1,,,,,
2026-07-30,2026-07-30,CM,BSE,STK,539310,INE365S01045,THINKINK,XT,,,,,THINKINK PICTUREZ LIMITED,0.19,0.19,0.19,0.19,0.19,0.19,,0.19,,,368918,70094.00,137,F1,1,,,,,
2026-07-30,2026-07-30,CM,BSE,STK,539312,INF789FB1X58,SENSEXBETA,A,,,,,UTI BSE Sensex ETF,860.00,862.33,855.02,858.68,855.02,860.00,,859.89,,,154,132338.00,11,F1,1,,,,,
2026-07-30,2026-07-30,CM,BSE,STK,539313,INF789F1AZC0,NIFTYBETA,B,,,,,UTI Mutual Fund,266.64,269.52,266.64,269.30,269.30,269.34,,269.26,,,4334,1163209.00,36,F1,1,,,,,
2026-07-30,2026-07-30,CM,BSE,STK,539314,INE203T01012,UNIAUTO,B,,,,,Universal Autofoundry Limited,54.50,55.99,53.00,53.14,53.14,54.75,,53.14,,,2300,124117.00,33,F1,1,,,,,
2026-07-30,2026-07-30,CM,BSE,STK,539331,INE918N01018,VETO,T,,,,,VETO SWITCHGEARS AND CABLES LI,122.00,123.65,120.00,123.45,123.45,120.95,,121.92,,,1537,188172.00,42,F1,1,,,,,
2026-07-30,2026-07-30,CM,BSE,STK,539332,INE278M01019,NAVKARCORP,B,,,,,Navkar Corporation Limited,103.20,103.25,101.05,101.80,101.95,103.20,,101.75,,,16588,1691833.00,260,F1,1,,,,,
2026-07-30,2026-07-30,CM,BSE,STK,539334,INE712K01011,SHREEPUSHK,B,,,,,Shree Pushkar Chemicals & Fert,388.05,392.00,385.00,390.45,391.40,388.25,,393.80,,,2379,920977.00,140,F1,1,,,,,
2026-07-30,2026-07-30,CM,BSE,STK,539335,INE714Q01014,CALLISTA,XT,,,,,Callista Industries Limited,176.00,177.85,160.95,177.15,177.85,169.40,,177.15,,,10919,1832641.00,56,F1,1,,,,,
2026-07-30,2026-07-30,CM,BSE,STK,539336,INE844O01030,GUJENERGY,A,,,,,Gujarat Energy Limited,274.90,278.90,271.00,275.30,275.30,272.90,,275.25,,,31514,8677734.00,1988,F1,1,,,,,
2026-07-30,2026-07-30,CM,BSE,STK,539337,INE725P01012,WAAREE,MT,,,,,WAAREE TECHNOLOGIES LIMITED,234.50,235.90,232.00,232.05,232.50,232.20,,232.05,,,6300,1468923.00,27,F1,175,,,,,
2026-07-30,2026-07-30,CM,BSE,STK,539346,INE764L01010,SADBHIN,T,,,,,Sadbhav Infrastructure Project,2.41,2.52,2.41,2.52,2.52,2.40,,2.52,,,52052,130919.00,28,F1,1,,,,,
2026-07-30,2026-07-30,CM,BSE,STK,539353,INE724G01014,SALAUTO,X,,,,,SAL AUTOMOTIVE LIMITED,178.10,183.90,175.50,180.60,176.00,178.10,,180.60,,,1114,200795.00,19,F1,1,,,,,
2026-07-30,2026-07-30,CM,BSE,STK,539354,INE914G01029,POLYSPIN,X,,,,,Polyspin Exports Ltd.,29.84,29.84,28.05,28.08,28.08,28.23,,28.08,,,339,9589.00,11,F1,1,,,,,
2026-07-30,2026-07-30,CM,BSE,STK,539359,INE583R01029,PRITIKAUTO,T,,,,,Pritika Auto Industries Limite,17.80,18.30,17.25,17.70,17.70,17.80,,17.65,,,35668,634551.00,71,F1,1,,,,,
2026-07-30,2026-07-30,CM,BSE,STK,539378,INE848R01018,SML,X,,,,,Soni Medicare Limited,52.00,55.12,50.50,55.12,55.12,52.50,,55.12,,,209,11493.00,13,F1,1,,,,,
2026-07-30,2026-07-30,CM,BSE,STK,539383,INE019D01016,MAHAVEER,Z,,,,,Mahaveer Infoway Limited,14.50,14.60,14.17,14.17,14.17,14.90,,14.17,,,3678,52270.00,13,F1,1,,,,,
2026-07-30,2026-07-30,CM,BSE,STK,539391,INE636B01011,ACME,Z,,,,,Acme Resources Limited,30.69,30.69,29.21,29.41,29.41,30.69,,29.41,,,1541,46547.00,11,F1,1,,,,,
2026-07-30,2026-07-30,CM,BSE,STK,539398,INE060T01024,VISHALBL,B,,,,,Vishal Bearings Limited,50.85,50.85,48.50,48.56,48.55,50.84,,48.56,,,1138,56208.00,30,F1,1,,,,,
2026-07-30,2026-07-30,CM,BSE,STK,539399,INE344T01014,BELLACASA,B,,,,,Bella Casa Fashion & Retail Li,237.00,237.60,230.15,235.20,231.80,237.00,,234.65,,,937,218324.00,57,F1,1,,,,,
2026-07-30,2026-07-30,CM,BSE,STK,539400,INE389C01015,MALLCOM,B,,,,,MALLCOM (INDIA) LTD.,1029.00,1033.00,1015.00,1029.35,1015.50,1029.00,,1031.50,,,47,48267.00,10,F1,1,,,,,
2026-07-30,2026-07-30,CM,BSE,STK,539402,INE256S01012,NAKSH,Z,,,,,Naksh Precious Metals Limited,3.71,3.80,3.71,3.72,3.72,3.68,,3.72,,,5087,18923.00,8,F1,1,,,,,
2026-07-30,2026-07-30,CM,BSE,STK,539404,INE836B01017,SATIN,B,,,,,SATIN CREDITCARE NETWORK LIMIT,260.50,266.00,256.20,259.50,259.50,258.35,,257.53,,,27142,7080972.00,760,F1,1,,,,,
2026-07-30,2026-07-30,CM,BSE,STK,539405,INE183R01010,DITCO,X,,,,,Decorous Investment and Tradin,12.25,13.48,12.25,12.94,12.94,12.84,,12.94,,,3,38.00,3,F1,1,,,,,
2026-07-30,2026-07-30,CM,BSE,STK,539407,INE854S01022,GENCON,B,,,,,Generic Engineering Constructi,39.84,40.27,39.25,39.45,39.45,39.84,,39.55,,,2790,110860.00,62,F1,1,,,,,
2026-07-30,2026-07-30,CM,BSE,STK,539408,INE594R01018,KUBERJI,XT,,,,,Kuber Udyog Limited,21.31,22.37,20.45,22.37,22.37,21.31,,22.37,,,4906,104359.00,21,F1,1,,,,,
2026-07-30,2026-07-30,CM,BSE,STK,539428,INE030T01027,TEJNAKSH,X,,,,,Tejnaksh Healthcare Limited,14.39,14.40,13.50,13.72,14.10,13.96,,13.72,,,5754,80543.00,41,F1,1,,,,,
2026-07-30,2026-07-30,CM,BSE,STK,539435,INE201C01012,RFSL,X,,,,,Richfield Financial Services L,25.11,25.11,24.20,25.00,25.00,24.25,,25.00,,,97,2352.00,4,F1,1,,,,,
2026-07-30,2026-07-30,CM,BSE,STK,539436,INE335K01011,COFFEEDAY,T,,,,,Coffee Day Enterprises Limited,30.89,30.99,30.12,30.94,30.99,30.91,,30.77,,,26353,803007.00,179,F1,1,,,,,
2026-07-30,2026-07-30,CM,BSE,STK,539437,INE092T01019,IDFCFIRSTB,A,,,,,IDFC FIRST BANK LIMITED,84.98,84.98,83.68,84.73,84.73,84.99,,84.76,,,569635,48014585.00,4546,F1,1,,,,,
2026-07-30,2026-07-30,CM,BSE,STK,539448,INE646L01027,INDIGO,A,,,,,InterGlobe Aviation Limited,5200.30,5257.25,5190.45,5231.70,5231.70,5277.50,,5230.50,,,25840,135075468.00,4436,F1,1,,,,,
2026-07-30,2026-07-30,CM,BSE,STK,539449,INE099S01016,IGCIL,X,,,,,IGC Industries Limited,2.05,2.15,2.05,2.14,2.13,2.15,,2.14,,,29039,61461.00,55,F1,1,,,,,
2026-07-30,2026-07-30,CM,BSE,STK,539450,INE500L01026,SHK,B,,,,,S H Kelkar and Company Limited,166.10,173.00,162.00,170.15,170.15,164.45,,170.03,,,235918,39627072.00,2544,F1,1,,,,,
2026-07-30,2026-07-30,CM,BSE,STK,539455,INE360S01012,ARYAVAN,X,,,,,ARYAVAN ENTERPRISE LIMITED,67.39,69.40,63.74,66.59,66.78,65.38,,66.59,,,17589,1174441.00,128,F1,1,,,,,
2026-07-30,2026-07-30,CM,BSE,STK,539468,INE761R01013,TFSL,XT,,,,,Typhoon Financial Services Lim,41.85,41.85,41.85,41.85,41.85,39.86,,41.85,,,1,41.00,1,F1,1,,,,,
2026-07-30,2026-07-30,CM,BSE,STK,539469,INE258R01028,PANORAMA,B,,,,,PANORAMA STUDIOS INTERNATIONAL,49.10,51.99,49.10,49.65,50.00,49.94,,49.65,,,313409,15734629.00,430,F1,1,,,,,
2026-07-30,2026-07-30,CM,BSE,STK,539470,INE051N01026,SHREEGANES,X,,,,,Shree Ganesh Biotech (India) L,0.54,0.56,0.52,0.56,0.56,0.53,,0.56,,,956080,516846.00,248,F1,1,,,,,
2026-07-30,2026-07-30,CM,BSE,STK,539479,INE910R01024,GTV,X,,,,,GTV Engineering Limited,69.90,69.90,67.00,68.01,68.40,69.00,,68.01,,,24639,1662985.00,145,F1,1,,,,,
2026-07-30,2026-07-30,CM,BSE,STK,539480,INF767K01OS7,LICNETFN50,B,,,,,LIC MF EXHGE TRADED FUND-NIFTY,271.37,272.85,267.00,271.65,271.65,271.37,,271.65,,,43,11674.00,7,F1,1,,,,,
2026-07-30,2026-07-30,CM,BSE,STK,539487,INF767K01OT5,LICNETFSEN,A,,,,,LIC MF EXCHNG TRADED FUND-SENS,879.89,879.89,879.89,879.89,879.89,876.00,,877.18,,,14,12318.00,1,F1,1,,,,,
2026-07-30,2026-07-30,CM,BSE,STK,539492,INE721C01019,GARBIFIN,X,,,,,Garbi Finvest Limited,9.40,9.40,9.10,9.10,9.10,9.02,,9.10,,,115,1052.00,14,F1,1,,,,,
2026-07-30,2026-07-30,CM,BSE,STK,539494,INE766D01020,SMARTFIN,X,,,,,Smart Finsec Limited,7.67,8.09,7.65,7.81,7.84,8.04,,7.81,,,3384,26166.00,71,F1,1,,,,,
2026-07-30,2026-07-30,CM,BSE,STK,539495,INE176R01014,RAJKOTINV,X,,,,,Rajkot Investment Trust Limite,47.85,47.90,47.85,47.90,47.90,47.90,,47.90,,,2,95.00,2,F1,1,,,,,
2026-07-30,2026-07-30,CM,BSE,STK,539506,INE805Q01028,ADCON,XT,,,,,Adcon Capital Services Limited,0.50,0.52,0.49,0.50,0.50,0.51,,0.50,,,462587,231008.00,133,F1,1,,,,,
2026-07-30,2026-07-30,CM,BSE,STK,539515,INE641R01017,QUINT,B,,,,,Quint Digital Limited,38.16,38.16,36.70,36.70,36.70,38.05,,38.99,,,2622,96230.00,3,F1,1,,,,,
2026-07-30,2026-07-30,CM,BSE,STK,539516,INF179KC1965,HDFCNIFTY,B,,,,,HDFC Mutual Fund,273.71,273.79,272.58,273.51,273.49,272.84,,273.48,,,1765,482002.00,188,F1,1,,,,,
2026-07-30,2026-07-30,CM,BSE,STK,539517,INF179KC1HX2,HDFCSENSEX,A,,,,,HDFC Mutual Fund,87.51,88.41,87.51,88.40,88.40,87.83,,88.23,,,8287,728271.00,49,F1,1,,,,,
2026-07-30,2026-07-30,CM,BSE,STK,539518,INE551B01012,UDAYJEW,X,,,,,Uday Jewellery Industries Limi,140.35,147.00,140.00,143.95,144.00,140.45,,143.95,,,3899,556232.00,35,F1,1,,,,,
2026-07-30,2026-07-30,CM,BSE,STK,539519,INE280E01038,SATTVASUKU,X,,,,,SATTVA SUKUN LIFECARE LIMITED,0.75,0.77,0.75,0.76,0.76,0.76,,0.76,,,66995,50397.00,73,F1,1,,,,,
2026-07-30,2026-07-30,CM,BSE,STK,539522,INE343C01012,GROVY,X,,,,,Grovy India Limited,53.49,53.49,51.70,52.15,52.10,53.49,,52.15,,,2033,106277.00,26,F1,1,,,,,
2026-07-30,2026-07-30,CM,BSE,STK,539523,INE540L01014,ALKEM,A,,,,,Alkem Laboratories Limited,5685.00,5875.80,5680.20,5816.45,5815.00,5673.50,,5816.50,,,77118,449640368.00,1936,F1,1,,,,,
2026-07-30,2026-07-30,CM,BSE,STK,539524,INE600L01024,LALPATHLAB,A,,,,,Dr. Lal Pathlabs Limited,1893.40,1919.00,1870.00,1878.40,1887.15,1882.15,,1878.80,,,14249,27028251.00,1414,F1,1,,,,,
2026-07-30,2026-07-30,CM,BSE,STK,539526,INE452S01025,SCTL,X,,,,,Suncare Traders Limited,0.46,0.48,0.45,0.46,0.46,0.47,,0.46,,,269116,123166.00,134,F1,1,,,,,
2026-07-30,2026-07-30,CM,BSE,STK,539527,INE146E01015,CREATIVE,X,,,,,Creative Castings Limited,546.00,555.00,546.00,547.70,555.00,543.15,,547.70,,,103,56473.00,20,F1,1,,,,,
2026-07-30,2026-07-30,CM,BSE,STK,539528,INE430R01023,AAYUSH,X,,,,,AAYUSH WELLNESS LIMITED,23.50,23.95,23.15,23.19,23.47,23.52,,23.19,,,58964,1373534.00,446,F1,1,,,,,
2026-07-30,2026-07-30,CM,BSE,STK,539533,INE669R01026,ELITECON,B,,,,,ELITECON INTERNATIONAL LIMITED,16.19,16.19,15.63,15.76,15.76,15.82,,15.74,,,154117,2431437.00,661,F1,1,,,,,
2026-07-30,2026-07-30,CM,BSE,STK,539542,INE150G01020,LUXIND,B,,,,,LUX Industries Limited,1262.75,1272.60,1238.50,1250.00,1250.10,1244.50,,1253.90,,,1938,2430223.00,125,F1,1,,,,,
2026-07-30,2026-07-30,CM,BSE,STK,539545,INE217S01014,APOORVA,X,,,,,Apoorva Leasing Finance & Inve,31.90,31.90,31.90,31.90,31.90,32.00,,31.90,,,30,957.00,2,F1,1,,,,,
2026-07-30,2026-07-30,CM,BSE,STK,539546,INE679E01015,AGRIBIO,X,,,,,AGRIBIO SPIRITS LIMITED,319.00,322.90,315.00,315.00,315.00,319.35,,315.00,,,9820,3143628.00,80,F1,1,,,,,
2026-07-30,2026-07-30,CM,BSE,STK,539551,INE410P01011,NH,A,,,,,Narayana Hrudayalaya Limited,2070.00,2088.00,2058.30,2079.35,2079.35,2073.35,,2080.30,,,13886,28829508.00,1375,F1,1,,,,,
2026-07-30,2026-07-30,CM,BSE,STK,539552,INE108T01021,FMEC,XT,,,,,F MEC INTERNATIONAL FINANCIAL,13.40,13.40,12.49,13.02,13.00,13.14,,13.02,,,366362,4681560.00,230,F1,1,,,,,
2026-07-30,2026-07-30,CM,BSE,STK,539559,INE005G01026,DEEPAI,XT,,,,,Deep Health AI India Limited,2.06,2.08,2.01,2.06,2.06,2.06,,2.06,,,177931,364729.00,350,F1,1,,,,,
2026-07-30,2026-07-30,CM,BSE,STK,539561,INE549S01036,SUPHA,XT,,,,,SUPHA PHARMACHEM LIMITED,0.33,0.33,0.32,0.32,0.32,0.33,,0.32,,,964777,311816.00,397,F1,1,,,,,
2026-07-30,2026-07-30,CM,BSE,STK,539562,INE750R01016,AARNAV,B,,,,,AARNAV FASHIONS LIMITED,29.02,31.13,29.02,30.69,30.82,29.54,,31.10,,,26721,822071.00,156,F1,1,,,,,
2026-07-30,2026-07-30,CM,BSE,STK,539593,INE728Q01014,SHIVA,X,,,,,Shivansh Finserv Limited,11.39,11.50,10.51,11.50,11.50,10.96,,11.50,,,69695,799152.00,40,F1,1,,,,,
2026-07-30,2026-07-30,CM,BSE,STK,539594,INE094S01041,MISHTANN,X,,,,,Mishtann Foods Limited,3.62,3.65,3.55,3.56,3.56,3.59,,3.56,,,565973,2023443.00,1206,F1,1,,,,,
2026-07-30,2026-07-30,CM,BSE,STK,539596,INE681Q01015,DELTA,X,,,,,Delta Industrial Resources Lim,11.35,11.35,11.35,11.35,11.35,11.94,,11.35,,,4,45.00,1,F1,1,,,,,
2026-07-30,2026-07-30,CM,BSE,STK,539598,INE727C01024,AMPL,X,,,,,AMPL Capital Limited,32.15,33.20,30.55,30.86,30.90,32.31,,30.86,,,32120,1015226.00,111,F1,1,,,,,
2026-07-30,2026-07-30,CM,BSE,STK,539599,INE079C01012,KEL,X,,,,,Kotia Enterprises Limited,29.95,29.95,29.95,29.95,29.95,28.79,,29.95,,,58,1737.00,5,F1,1,,,,,
2026-07-30,2026-07-30,CM,BSE,STK,539607,INE373T01047,BLUECLOUDS,B,,,,,Blue Cloud Softech Solutions L,19.79,19.80,19.32,19.41,19.41,19.67,,19.41,,,886021,17296646.00,2874,F1,1,,,,,
2026-07-30,2026-07-30,CM,BSE,STK,539620,INE534E01020,KEIL,X,,,,,KANORIA ENERGY & INFRASTRUCTUR,16.38,17.14,16.38,17.14,17.14,16.51,,17.14,,,7669,128585.00,21,F1,1,,,,,
2026-07-30,2026-07-30,CM,BSE,STK,539636,INE484I01029,PRECAM,B,,,,,Precision Camshafts Limited,140.25,144.55,138.10,142.05,142.90,139.00,,141.65,,,30144,4280866.00,425,F1,1,,,,,
2026-07-30,2026-07-30,CM,BSE,STK,539658,INE985S01024,TEAMLEASE,B,,,,,TeamLease Services Limited,1309.85,1309.85,1262.00,1267.45,1269.70,1298.05,,1266.10,,,1667,2127172.00,405,F1,1,,,,,
2026-07-30,2026-07-30,CM,BSE,STK,539659,INE564S01019,KAMATS,B,,,,,VIKRAM KAMATS HOSPITALITY LIMI,38.50,38.90,38.00,38.90,38.90,38.80,,38.90,,,157,5971.00,12,F1,1,,,,,
2026-07-30,2026-07-30,CM,BSE,STK,539660,INE052T01021,BESTAGRO,B,,,,,BEST AGROLIFE LIMITED,17.31,17.50,16.35,16.68,16.68,16.76,,16.60,,,179130,3032670.00,855,F1,1,,,,,
2026-07-30,2026-07-30,CM,BSE,STK,539661,INE023R01018,ACEMEN,X,,,,,ACE MEN ENGG WORKS LIMITED,100.00,104.00,95.00,99.80,104.00,99.13,,99.80,,,18565,1843897.00,101,F1,1,,,,,
2026-07-30,2026-07-30,CM,BSE,STK,539662,INE948Q01018,BFLAFL,X,,,,,BFL Asset Finvest Limited,6.74,6.74,6.17,6.18,6.18,6.16,,6.18,,,13321,85253.00,24,F1,1,,,,,
2026-07-30,2026-07-30,CM,BSE,STK,539669,INE684D01025,RGF,XT,,,,,RGF Capital Markets Limited,2.52,2.52,2.52,2.52,2.52,2.57,,2.52,,,1301716,3280324.00,125,F1,1,,,,,
2026-07-30,2026-07-30,CM,BSE,STK,539673,INE792P01020,RCL,Z,,,,,Radhagobind Commercial Limited,2.32,2.32,2.16,2.16,2.16,2.27,,2.16,,,43332,93622.00,17,F1,1,,,,,
2026-07-30,2026-07-30,CM,BSE,STK,539678,INE306L01010,QUICKHEAL,T,,,,,Quick Heal Technologies Limite,158.00,160.00,153.10,158.20,158.00,159.95,,158.77,,,2923,459005.00,69,F1,1,,,,,
2026-07-30,2026-07-30,CM,BSE,STK,539679,INE332Q01023,KAPILRAJ,X,,,,,Kapil Raj Finance Ltd.,1.56,1.72,1.56,1.59,1.59,1.64,,1.59,,,1511787,2401880.00,282,F1,1,,,,,
2026-07-30,2026-07-30,CM,BSE,STK,539682,INE622Q01027,MOBAVENUE,X,,,,,Mobavenue AI Tech Limited,306.05,315.40,303.55,304.85,304.00,311.00,,304.85,,,44422,13739735.00,506,F1,1,,,,,
2026-07-30,2026-07-30,CM,BSE,STK,539686,INE127T01021,KPEL,B,,,,,K.P. Energy Limited,312.40,313.00,305.00,306.05,306.05,310.90,,305.95,,,13172,4070509.00,454,F1,1,,,,,
2026-07-30,2026-07-30,CM,BSE,STK,539692,INE064T01018,IFINSER,X,,,,,INTERACTIVE FINANCIAL SERVICES,12.98,12.98,11.71,12.34,12.34,12.90,,12.34,,,453,5596.00,26,F1,1,,,,,
2026-07-30,2026-07-30,CM,BSE,STK,539697,INE966Q01010,HILIKS,XT,,,,,HILIKS TECHNOLOGIES LIMITED,69.10,72.00,68.25,71.56,72.00,69.10,,71.56,,,3772,265037.00,45,F1,1,,,,,
2026-07-30,2026-07-30,CM,BSE,STK,539724,INE039D01014,HYPERSOFT,XT,,,,,HYPERSOFT TECHNOLOGIES LIMITED,218.95,218.95,199.00,213.00,213.00,209.30,,213.00,,,4546,947905.00,86,F1,1,,,,,
2026-07-30,2026-07-30,CM,BSE,STK,539725,INE314T01033,GOKULAGRO,B,,,,,Gokul Agro Resources Ltd,228.05,238.25,222.90,225.25,224.85,222.65,,225.15,,,157327,36186961.00,2641,F1,1,,,,,
2026-07-30,2026-07-30,CM,BSE,STK,539730,INE194R01017,FREDUN,X,,,,,Fredun Pharmaceuticals Limited,917.00,948.95,910.00,935.15,948.95,907.20,,935.15,,,30944,28519418.00,792,F1,1,,,,,
2026-07-30,2026-07-30,CM,BSE,STK,539742,INE748T01016,SIMBHALS,Z,,,,,Simbhaoli Sugars Ltd,6.85,6.88,6.51,6.77,6.78,6.78,,6.71,,,629,4159.00,16,F1,1,,,,,
2026-07-30,2026-07-30,CM,BSE,STK,539760,INE773T01014,RELICAB,B,,,,,Relicab Cable Manufacturing Li,36.44,36.54,35.26,35.75,35.98,36.18,,35.75,,,3026,109264.00,65,F1,1,,,,,
2026-07-30,2026-07-30,CM,BSE,STK,539761,INE427T01025,VKAL,X,,,,,Vantage Knowledge Academy Limi,0.89,0.89,0.86,0.88,0.88,0.88,,0.88,,,83879,73336.00,159,F1,1,,,,,
2026-07-30,2026-07-30,CM,BSE,STK,539762,INE250S01015,MEAPL,X,,,,,MODERN ENGINEERING AND PROJECT,26.99,27.20,26.50,26.85,26.75,27.06,,26.85,,,3214,86118.00,49,F1,1,,,,,
2026-07-30,2026-07-30,CM,BSE,STK,539767,INE216Q01010,MNIL,X,,,,,Mega Nirman & Industries Limit,34.95,34.95,30.18,33.26,34.69,31.98,,33.26,,,10242,324970.00,54,F1,1,,,,,
2026-07-30,2026-07-30,CM,BSE,STK,539770,INE830S01014,DARJEELING,X,,,,,DARJEELING INDUSTRIIES LIMITED,12.58,12.94,11.72,12.94,12.94,12.33,,12.94,,,46874,596209.00,105,F1,1,,,,,
2026-07-30,2026-07-30,CM,BSE,STK,539773,INE178T01024,ADVIKCA,X,,,,,Advik Capital Limited,1.23,1.28,1.23,1.25,1.25,1.24,,1.25,,,184037,229232.00,218,F1,1,,,,,
2026-07-30,2026-07-30,CM,BSE,STK,539784,INF767K01PC8,LICNFNHGP,B,,,,,LIC MF EXHNGE TRADED FUND NIFT,269.48,278.00,269.48,277.31,278.00,277.78,,277.45,,,343,94595.00,7,F1,1,,,,,
2026-07-30,2026-07-30,CM,BSE,STK,539785,INE865T01018,PDMJEPAPER,B,,,,,Pudumjee Paper Products Limite,99.24,99.75,96.01,96.63,96.63,98.38,,96.58,,,27219,2662776.00,220,F1,1,,,,,
2026-07-30,2026-07-30,CM,BSE,STK,539787,INE075I01017,HCG,A,,,,,HealthCare Global Enterprises,674.95,679.15,662.00,668.65,668.00,674.95,,669.65,,,10591,7084441.00,557,F1,1,,,,,
2026-07-30,2026-07-30,CM,BSE,STK,539798,INE173U01015,UMIYA,X,,,,,Umiya Tubes Limited,24.50,24.90,23.67,23.83,23.75,24.87,,23.83,,,12849,311392.00,73,F1,1,,,,,
2026-07-30,2026-07-30,CM,BSE,STK,539799,INE316L01019,BHARATWIRE,B,,,,,Bharat Wire Ropes Limited,201.85,201.85,195.30,197.35,195.30,201.85,,196.83,,,7731,1530098.00,228,F1,1,,,,,
2026-07-30,2026-07-30,CM,BSE,STK,539800,INE043U01010,CHDCHEM,X,,,,,CHD Chemicals Limited,5.00,5.57,5.00,5.57,5.57,5.01,,5.57,,,6507,32538.00,10,F1,1,,,,,
2026-07-30,2026-07-30,CM,BSE,STK,539807,INE483S01020,CCAVENUE,A,,,,,AvenuesAI Limited,16.66,16.66,15.95,15.99,16.03,16.70,,15.98,,,1639993,26480945.00,2488,F1,1,,,,,
2026-07-30,2026-07-30,CM,BSE,STK,539814,INE204S01012,LELAVOIR,X,,,,,LE LAVOIR LIMITED,43.70,43.70,43.70,43.70,43.70,45.95,,43.70,,,3594,157057.00,35,F1,1,,,,,
2026-07-30,2026-07-30,CM,BSE,STK,539834,INE119R01014,BALGOPAL,X,,,,,Balgopal Commercial limited,206.95,206.95,190.40,205.70,205.85,193.00,,205.70,,,267,52102.00,20,F1,1,,,,,
2026-07-30,2026-07-30,CM,BSE,STK,539835,INE574R01028,SUPERIOR,X,,,,,Superior Finlease Limited,1.68,1.68,1.66,1.66,1.66,1.70,,1.66,,,1832,3059.00,8,F1,1,,,,,
2026-07-30,2026-07-30,CM,BSE,STK,539837,INE912T01018,RPEL,B,,,,,RAGHAV PRODUCTIVITY ENHANCERS,1290.00,1290.00,1272.00,1276.15,1276.45,1297.70,,1274.90,,,1764,2263243.00,235,F1,1,,,,,
2026-07-30,2026-07-30,CM,BSE,STK,539841,INE359U01028,LANCER,X,,,,,Lancer Container Lines Limited,10.32,10.51,10.03,10.12,10.06,10.31,,10.12,,,158460,1624994.00,446,F1,1,,,,,
2026-07-30,2026-07-30,CM,BSE,STK,539843,INE395U01014,NINSYS,T,,,,,NINtec Systems Limited,840.00,840.00,831.00,831.00,831.00,830.00,,823.30,,,25,20917.00,6,F1,1,,,,,
2026-07-30,2026-07-30,CM,BSE,STK,539854,INE115S01010,HALDER,B,,,,,Halder Venture Limited,242.35,248.95,242.35,244.05,244.40,241.15,,247.07,,,4955,1228506.00,72,F1,1,,,,,
2026-07-30,2026-07-30,CM,BSE,STK,539871,INE594H01019,THYROCARE,A,,,,,Thyrocare Technologies Limited,580.00,598.95,577.05,590.20,588.85,579.75,,591.30,,,49801,29492888.00,1149,F1,1,,,,,
2026-07-30,2026-07-30,CM,BSE,STK,539872,INE411U01027,BAJAJHCARE,B,,,,,Bajaj Healthcare Limited,324.65,331.45,323.80,328.35,325.10,326.65,,327.50,,,10760,3531746.00,325,F1,1,,,,,
2026-07-30,2026-07-30,CM,BSE,STK,539875,INE616F01022,RSDFIN,B,,,,,RSD Finance Limited,88.39,92.40,80.15,92.40,92.40,77.00,,92.30,,,2914,261933.00,60,F1,1,,,,,
2026-07-30,2026-07-30,CM,BSE,STK,539876,INE299U01018,CROMPTON,A,,,,,Crompton Greaves Consumer Elec,261.80,266.00,258.45,260.05,260.05,264.55,,260.30,,,166234,43411600.00,2828,F1,1,,,,,
2026-07-30,2026-07-30,CM,BSE,STK,539883,INE417C01014,PILANIINVS,B,,,,,Pilani Investment And Industri,4323.55,4330.00,4310.00,4316.65,4330.00,4330.35,,4317.70,,,39,168574.00,7,F1,1,,,,,
2026-07-30,2026-07-30,CM,BSE,STK,539884,INE671T01028,DARSHANORNA,X,,,,,Darshan Orna Limited,2.15,2.22,2.15,2.21,2.22,2.18,,2.21,,,7179,15790.00,26,F1,1,,,,,
2026-07-30,2026-07-30,CM,BSE,STK,539889,INE883N01014,PARAGMILK,A,,,,,Parag Milk Foods Limited,216.55,216.65,212.95,214.10,214.85,216.35,,213.92,,,9912,2126890.00,386,F1,1,,,,,
2026-07-30,2026-07-30,CM,BSE,STK,539894,INE631R01026,MADHAVIPL,B,,,,,Madhav Infra Projects Limited,7.90,8.14,7.90,7.96,7.96,8.03,,8.03,,,2490,19992.00,20,F1,1,,,,,
2026-07-30,2026-07-30,CM,BSE,STK,539895,INE631E01024,SPICELOUNG,B,,,,,SPICE LOUNGE FOOD WORKS LIMITE,22.45,23.35,21.65,23.20,23.20,22.28,,23.20,,,21854,494799.00,263,F1,1,,,,,
2026-07-30,2026-07-30,CM,BSE,STK,539911,INE730R01042,SNIM,X,,,,,Svarnim Trade Udyog Limited,11.51,11.51,11.46,11.46,11.46,10.97,,11.46,,,55,630.00,7,F1,1,,,,,
2026-07-30,2026-07-30,CM,BSE,STK,539921,INE440T01028,SEIL,B,,,,,Shanti Educational Initiatives,209.00,211.00,203.65,204.10,205.00,208.10,,204.28,,,55003,11414154.00,659,F1,1,,,,,
2026-07-30,2026-07-30,CM,BSE,STK,539922,INE364S01014,RGIL,XT,,,,,Rotographics (India) Limited,288.00,288.00,283.05,283.05,283.05,288.80,,283.05,,,8,2299.00,3,F1,1,,,,,
2026-07-30,2026-07-30,CM,BSE,STK,539927,INE920T01011,LIKHAMI,X,,,,,LIKHAMI CONSULTING LIMITED,299.00,299.00,299.00,299.00,299.00,299.00,,299.00,,,4,1196.00,1,F1,1,,,,,
2026-07-30,2026-07-30,CM,BSE,STK,539938,INE858Q01019,MIL,X,,,,,Medico Intercontinental Limite,25.99,25.99,24.00,24.32,24.99,24.75,,24.32,,,1643,40001.00,29,F1,1,,,,,
2026-07-30,2026-07-30,CM,BSE,STK,539939,INE571U01010,YASHCHEM,X,,,,,Yash Chemex Limited,46.02,50.20,46.02,49.60,49.60,49.50,,49.60,,,128,6335.00,21,F1,1,,,,,
2026-07-30,2026-07-30,CM,BSE,STK,539945,INF109KC11V0,NV20IETF,B,,,,,ICICI Prudential NV20 ETF,13.70,13.80,13.70,13.75,13.79,13.70,,13.75,,,45667,627289.00,382,F1,1,,,,,
2026-07-30,2026-07-30,CM,BSE,STK,539946,INE217E01014,BAZELINTER,X,,,,,Bazel International Limited,18.00,18.99,17.65,18.53,18.00,18.38,,18.53,,,278,4961.00,12,F1,1,,,,,
2026-07-30,2026-07-30,CM,BSE,STK,539947,INE919T01013,JLL,XT,,,,,JINDAL LEASEFIN LIMITED,139.30,139.30,139.30,139.30,139.30,142.10,,139.30,,,15,2089.00,1,F1,1,,,,,
2026-07-30,2026-07-30,CM,BSE,STK,539956,INE524T01011,TAALTECH,B,,,,,TAAL TECH LIMITED,3949.00,3994.80,3949.00,3968.85,3970.00,3950.00,,3964.00,,,114,452079.00,18,F1,1,,,,,
2026-07-30,2026-07-30,CM,BSE,STK,539957,INE002S01010,MGL,A,,,,,Mahanagar Gas Limited,1107.00,1165.55,1089.95,1117.70,1124.05,1104.70,,1118.50,,,177135,201255543.00,5661,F1,1,,,,,
2026-07-30,2026-07-30,CM,BSE,STK,539963,INE819S01025,ZEAL,X,,,,,Zeal Aqua Limited,11.12,11.20,11.05,11.07,11.10,11.17,,11.07,,,22803,252401.00,129,F1,1,,,,,
2026-07-30,2026-07-30,CM,BSE,STK,539978,INE615P01015,QUESS,B,,,,,Quess Corp Limited,314.95,319.70,301.45,310.00,310.25,307.35,,309.70,,,107939,33680202.00,2287,F1,1,,,,,
2026-07-30,2026-07-30,CM,BSE,STK,539979,INE731U01028,DIGJAMLMTD,B,,,,,DIGJAM LIMITED,48.00,49.00,45.19,48.34,46.80,45.71,,47.33,,,3986,189527.00,54,F1,1,,,,,
2026-07-30,2026-07-30,CM,BSE,STK,539980,INF109KC10W0,MIDSELIETF,B,,,,,ICICI Prudential BSE Midcap Se,19.03,19.56,19.03,19.56,19.56,19.52,,19.45,,,2618,50992.00,39,F1,1,,,,,
2026-07-30,2026-07-30,CM,BSE,STK,539986,INE073V01015,COMSYN,B,,,,,Commercial Syn Bags Limited,207.90,228.25,194.35,213.30,216.00,208.05,,213.71,,,120730,26339999.00,2304,F1,1,,,,,
2026-07-30,2026-07-30,CM,BSE,STK,539991,INE700F01024,CFEL,X,,,,,CONFIDENCE FUTURISTIC ENERGETE,31.01,31.42,31.00,31.00,31.00,31.42,,31.00,,,11374,353057.00,46,F1,1,,,,,
2026-07-30,2026-07-30,CM,BSE,STK,539992,INE093R01011,LLOYDSENGG,A,,,,,LLOYDS ENGINEERING WORKS LIMIT,90.02,90.64,87.63,88.09,88.09,90.02,,88.07,,,680455,60600459.00,3028,F1,1,,,,,
2026-07-30,2026-07-30,CM,BSE,STK,539997,INE552U01010,KPL,B,,,,,Kwality Pharmaceuticals Limite,2579.05,2580.00,2521.80,2542.30,2565.00,2603.05,,2545.20,,,2482,6320406.00,409,F1,1,,,,,
2026-07-30,2026-07-30,CM,BSE,STK,540005,INE214T01019,LTM,A,,,,,LTM LIMITED,4447.35,4518.00,4428.00,4439.00,4446.20,4422.05,,4441.40,,,15565,69688738.00,2828,F1,1,,,,,
2026-07-30,2026-07-30,CM,BSE,STK,540006,INE595R01023,EASTWEST,X,,,,,EAST WEST FREIGHT CARRIERS LTD,2.55,2.60,2.47,2.55,2.55,2.55,,2.55,,,23571,59464.00,54,F1,1,,,,,
2026-07-30,2026-07-30,CM,BSE,STK,540008,INF209KB10E8,BSLSENETFG,A,,,,,Aditya Birla Sun Life BSE Sens,77.07,78.64,77.07,78.56,78.56,78.40,,78.30,,,640,50030.00,19,F1,1,,,,,
2026-07-30,2026-07-30,CM,BSE,STK,540023,INE621I01042,COLORCHIPS,X,,,,,COLORCHIPS NEW MEDIA LIMITED,9.87,10.79,9.87,10.55,10.55,9.91,,10.55,,,4786,50869.00,43,F1,1,,,,,
2026-07-30,2026-07-30,CM,BSE,STK,540025,INE837H01020,ADVENZYMES,B,,,,,Advanced Enzyme Technologies L,309.95,310.00,304.35,305.80,308.65,311.60,,306.20,,,6391,1957574.00,383,F1,1,,,,,
2026-07-30,2026-07-30,CM,BSE,STK,540026,INE213U01019,LAHL,X,,,,,Ladam Affortable Housing Limit,7.72,7.72,6.54,6.79,6.79,7.17,,6.79,,,5345,35789.00,30,F1,1,,,,,
2026-07-30,2026-07-30,CM,BSE,STK,540047,INE917M01012,DBL,A,,,,,Dilip Buildcon Limited,426.70,430.30,419.65,420.45,419.85,431.45,,420.55,,,5470,2322915.00,223,F1,1,,,,,
2026-07-30,2026-07-30,CM,BSE,STK,540048,INE212I01016,SPAL,B,,,,,S.P. Apparels Limited,1005.00,1015.00,981.60,983.55,981.60,1008.00,,986.10,,,1896,1882969.00,167,F1,1,,,,,
2026-07-30,2026-07-30,CM,BSE,STK,540061,INE412U01025,BIGBLOC,B,,,,,Bigbloc Construction Limited,46.64,46.64,45.30,45.38,45.80,46.18,,45.41,,,2854,130628.00,125,F1,1,,,,,
2026-07-30,2026-07-30,CM,BSE,STK,540065,INE976G01028,RBLBANK,A,,,,,RBL Bank Limited,370.05,383.50,367.85,377.50,375.80,371.10,,378.05,,,261399,98694404.00,3250,F1,1,,,,,
2026-07-30,2026-07-30,CM,BSE,STK,540066,INE345U01019,AMS,XT,,,,,AMS POLYMERS LIMITED,69.36,71.00,65.00,71.00,71.00,68.00,,71.00,,,861,60827.00,17,F1,1,,,,,
2026-07-30,2026-07-30,CM,BSE,STK,540073,INE153T01027,BLS,A,,,,,BLS International Services Ltd,243.00,243.60,238.10,239.00,239.00,242.10,,238.80,,,86146,20659905.00,2041,F1,1,,,,,
2026-07-30,2026-07-30,CM,BSE,STK,540078,INE317V01016,MITSU,XT,,,,,Mitsu Chem Plast Limited,143.00,150.15,139.00,147.05,146.40,143.00,,147.05,,,36297,5394500.00,171,F1,1,,,,,
2026-07-30,2026-07-30,CM,BSE,STK,540079,INE537U01037,SPRAYKING,B,,,,,Sprayking Limited,1.41,1.41,1.38,1.41,1.41,1.40,,1.41,,,178600,249772.00,132,F1,1,,,,,
2026-07-30,2026-07-30,CM,BSE,STK,540080,INE715T01031,DHATRE,X,,,,,Dhatre Udyog Limited,4.05,4.12,4.01,4.07,4.08,4.09,,4.07,,,27220,110794.00,114,F1,1,,,,,
2026-07-30,2026-07-30,CM,BSE,STK,540081,INE860T01019,SABEVENTS,B,,,,,Sab Events & Governance Now Me,6.15,6.15,6.15,6.15,6.15,6.47,,6.16,,,15623,96081.00,28,F1,1,,,,,
2026-07-30,2026-07-30,CM,BSE,STK,540083,INE871L01013,TVVISION,B,,,,,TV VISION LIMITED,4.90,4.90,4.54,4.89,4.90,4.90,,4.79,,,203,958.00,7,F1,1,,,,,
2026-07-30,2026-07-30,CM,BSE,STK,540097,INE890S01026,GAMCO,X,,,,,GAMCO LIMITED,50.00,50.75,47.65,49.09,49.65,50.44,,49.09,,,47321,2342455.00,188,F1,1,,,,,
2026-07-30,2026-07-30,CM,BSE,STK,540115,INE010V01017,LTTS,A,,,,,L&T Technology Services Limite,3584.50,3633.95,3550.80,3564.95,3560.80,3584.60,,3559.30,,,4405,15836723.00,589,F1,1,,,,,
2026-07-30,2026-07-30,CM,BSE,STK,540124,INE934S01014,GNA,B,,,,,G N A Axles Limited,534.95,546.45,526.85,530.90,527.00,533.05,,530.80,,,36876,19798874.00,1108,F1,1,,,,,
2026-07-30,2026-07-30,CM,BSE,STK,540125,INE583V01021,RADHIKAJWE,B,,,,,Radhika Jeweltech Limited,66.56,70.49,65.18,68.66,68.66,67.43,,68.52,,,118980,8117466.00,948,F1,1,,,,,
2026-07-30,2026-07-30,CM,BSE,STK,540132,INE400R01018,SIIL,XT,,,,,Sabrimala Industries India Lim,11.95,12.51,11.95,12.10,12.10,11.92,,12.10,,,44488,555844.00,26,F1,1,,,,,
2026-07-30,2026-07-30,CM,BSE,STK,540133,INE726G01019,ICICIPRULI,A,,,,,ICICI Prudential Life Insuranc,515.50,515.50,506.50,510.35,510.00,511.45,,510.60,,,12888,6569662.00,637,F1,1,,,,,
2026-07-30,2026-07-30,CM,BSE,STK,540134,INE818R01011,IISL,XT,,,,,ISHAAN INFRASTRUCTURE AND SHEL,14.00,15.46,14.00,14.00,14.00,14.73,,14.00,,,143,2032.00,10,F1,1,,,,,
2026-07-30,2026-07-30,CM,BSE,STK,540135,INE202R01026,ARCFIN,X,,,,,ARC Finance Limited,0.50,0.51,0.49,0.50,0.50,0.49,,0.50,,,1327206,665570.00,768,F1,1,,,,,
2026-07-30,2026-07-30,CM,BSE,STK,540136,INE495S01016,HPL,B,,,,,HPL Electric & Power Limited,338.30,338.30,330.10,331.10,333.05,336.05,,330.90,,,2904,966193.00,159,F1,1,,,,,
2026-07-30,2026-07-30,CM,BSE,STK,540143,INE184B01012,SAGARSOFT,X,,,,,Sagarsoft (India) Limited,77.99,77.99,72.10,73.26,72.80,77.99,,73.26,,,2540,185397.00,43,F1,1,,,,,
2026-07-30,2026-07-30,CM,BSE,STK,540145,INE565V01010,VALIANTORG,T,,,,,Valiant Organics Limited,262.45,270.00,262.45,262.80,262.50,269.65,,265.40,,,218,57472.00,15,F1,1,,,,,
2026-07-30,2026-07-30,CM,BSE,STK,540146,INE427V01013,ACML,M,,,,,ADITYA CONSUMER MARKETING LIMI,30.13,30.13,30.13,30.13,30.13,32.49,,30.13,,,1000,30130.00,1,F1,1000,,,,,
2026-07-30,2026-07-30,CM,BSE,STK,540147,INE700V01021,SHASHIJIT,X,,,,,Shashijit Infraprojects Limite,2.39,2.60,2.39,2.56,2.60,2.50,,2.56,,,18652,46747.00,18,F1,1,,,,,
2026-07-30,2026-07-30,CM,BSE,STK,540150,INE957U01011,MHEL,MT,,,,,Mewar Hi-Tech Engineering Limi,61.75,63.99,61.75,63.99,63.99,65.00,,63.99,,,3000,188610.00,3,F1,750,,,,,
2026-07-30,2026-07-30,CM,BSE,STK,540153,INE913H01037,ENDURANCE,A,,,,,Endurance Technologies Limited,2797.70,2825.00,2756.70,2804.00,2805.00,2781.65,,2804.30,,,8453,23731360.00,1272,F1,1,,,,,
2026-07-30,2026-07-30,CM,BSE,STK,540154,INF194KA1T91,IDFSENSEXE,A,,,,,Bandhan Mutual Fund,842.74,842.74,842.74,842.74,842.74,837.69,,842.74,,,30,25282.00,1,F1,1,,,,,
2026-07-30,2026-07-30,CM,BSE,STK,540159,INE905R01016,PURPLE,X,,,,,PURPLE AGROTECH INDUSTRIES LIM,5.92,5.92,5.69,5.69,5.69,5.98,,5.69,,,22,127.00,3,F1,1,,,,,
2026-07-30,2026-07-30,CM,BSE,STK,540168,INE268T01015,SUPRAPFSL,X,,,,,Supra Pacific Financial Servic,34.19,34.19,33.20,33.86,33.90,33.85,,33.86,,,31799,1072319.00,615,F1,1,,,,,
2026-07-30,2026-07-30,CM,BSE,STK,540173,INE572E01012,PNBHOUSING,A,,,,,PNB Housing Finance Limited,1059.15,1059.15,1024.75,1032.55,1030.00,1056.00,,1033.10,,,26363,27287453.00,2432,F1,1,,,,,
2026-07-30,2026-07-30,CM,BSE,STK,540175,INE964R01013,REGENCY,XT,,,,,REGENCY FINCORP LIMITED,43.40,43.40,41.11,42.03,42.50,43.07,,42.03,,,281370,11868315.00,270,F1,1,,,,,
2026-07-30,2026-07-30,CM,BSE,STK,540180,INE200M01039,VBL,A,,,,,Varun Beverages Limited,446.05,455.00,446.05,451.30,451.30,447.35,,451.35,,,433168,195432317.00,6239,F1,1,,,,,
2026-07-30,2026-07-30,CM,BSE,STK,540181,INE894E01028,SALEM,X,,,,,Salem Erode Investments Ltd.,34.70,36.18,34.00,36.18,36.18,36.88,,36.18,,,205,7411.00,6,F1,1,,,,,
2026-07-30,2026-07-30,CM,BSE,STK,540190,INE789R01022,FRANKLININD,X,,,,,Franklin Industries Limited,0.35,0.35,0.34,0.34,0.34,0.35,,0.34,,,2211309,755728.00,640,F1,1,,,,,
2026-07-30,2026-07-30,CM,BSE,STK,540192,INE341H01023,LKPSEC,XT,,,,,LKP Securities Limited,15.40,15.98,15.40,15.79,15.79,15.54,,15.79,,,9018,140125.00,48,F1,1,,,,,
2026-07-30,2026-07-30,CM,BSE,STK,540198,INE186R01013,OSIAJEE,X,,,,,OSIAJEE TEXFAB LIMITED,330.00,330.00,312.00,317.50,314.00,319.85,,317.50,,,4177,1328553.00,65,F1,1,,,,,
2026-07-30,2026-07-30,CM,BSE,STK,540199,INE850R01014,CMBL,X,,,,,Corporate Merchant Bankers Lim,48.00,48.00,44.19,45.45,47.91,46.50,,45.45,,,218,10285.00,11,F1,1,,,,,
2026-07-30,2026-07-30,CM,BSE,STK,540203,INE916U01025,SFL,A,,,,,Sheela Foam Limited,777.70,796.20,770.05,777.60,770.05,789.75,,776.55,,,14571,11415412.00,462,F1,1,,,,,
2026-07-30,2026-07-30,CM,BSE,STK,540204,INE666Q01016,EIKO,X,,,,,EIKO LIFESCIENCES LIMITED,49.85,49.85,48.40,48.90,48.99,49.31,,48.90,,,3140,152799.00,53,F1,1,,,,,
2026-07-30,2026-07-30,CM,BSE,STK,540205,INE679V01027,AVL,A,,,,,Aditya Vision Limited,640.00,640.00,617.35,625.95,625.60,626.35,,625.35,,,6814,4251820.00,374,F1,1,,,,,
2026-07-30,2026-07-30,CM,BSE,STK,540210,INE759V01019,HEADSUP,B,,,,,Heads UP Ventures Limited,6.80,7.05,6.50,6.50,6.50,6.86,,6.57,,,8353,55567.00,56,F1,1,,,,,
2026-07-30,2026-07-30,CM,BSE,STK,540212,INE586V01016,TCIEXP,B,,,,,TCI Express Limited,547.35,547.35,534.50,534.95,534.50,545.45,,535.55,,,2086,1120566.00,164,F1,1,,,,,
2026-07-30,2026-07-30,CM,BSE,STK,540222,INE947Q01028,LAURUSLABS,A,,,,,Laurus Labs Limited,1781.80,1799.00,1774.20,1781.40,1784.75,1781.65,,1781.30,,,109544,195290666.00,6934,F1,1,,,,,
2026-07-30,2026-07-30,CM,BSE,STK,540243,INE835U01027,NEWLIGHT,X,,,,,NEW LIGHT INDUSTRIES LIMITED,1.49,1.75,1.46,1.66,1.58,1.47,,1.66,,,891177,1435672.00,349,F1,1,,,,,
2026-07-30,2026-07-30,CM,BSE,STK,540252,INE607V01028,VSL,B,,,,,Viram Suvarn Limited,10.95,11.06,10.70,10.80,10.86,10.79,,10.80,,,146513,1593241.00,359,F1,1,,,,,
2026-07-30,2026-07-30,CM,BSE,STK,540254,INE245H01018,MTPL,XT,,,,,MARG TECHNO PROJECTS LIMITED,19.92,19.93,19.92,19.92,19.92,20.32,,19.92,,,1023,20378.00,5,F1,1,,,,,
2026-07-30,2026-07-30,CM,BSE,STK,540259,INE118R01032,SHANGAR,X,,,,,SHANGAR DECOR LIMITED,0.24,0.26,0.23,0.25,0.25,0.24,,0.25,,,2116192,511130.00,141,F1,1,,,,,
2026-07-30,2026-07-30,CM,BSE,STK,540266,INE804Q01013,GLCL,X,,,,,Globe Commercials Limited,19.97,20.00,19.06,19.60,19.50,19.75,,19.60,,,6129,120129.00,57,F1,1,,,,,
2026-07-30,2026-07-30,CM,BSE,STK,540267,INE318U01016,FLORACORP,X,,,,,Flora Corporation Limited,8.40,8.40,8.40,8.40,8.40,8.09,,8.40,,,1,8.00,1,F1,1,,,,,
2026-07-30,2026-07-30,CM,BSE,STK,540268,INE615R01029,TRU,B,,,,,TruCap Finance Limited,4.52,4.85,4.47,4.72,4.72,4.68,,4.67,,,45673,212670.00,110,F1,1,,,,,
2026-07-30,2026-07-30,CM,BSE,STK,540269,INE459U01018,SKL,MT,,,,,SUPER FINE KNITTERS LIMITED,10.04,10.04,10.04,10.04,10.04,9.57,,10.04,,,20000,200800.00,1,F1,10000,,,,,
2026-07-30,2026-07-30,CM,BSE,STK,540293,INE726V01018,PRICOLLTD,A,,,,,Pricol Limited,659.00,699.65,654.65,681.60,681.60,661.10,,681.10,,,227272,153671604.00,3450,F1,1,,,,,
2026-07-30,2026-07-30,CM,BSE,STK,540311,INE863T01013,JITFINFRA,B,,,,,JITF INFRALOGISTICS LIMITED,350.05,350.85,344.05,345.70,344.05,353.55,,344.95,,,2265,786916.00,71,F1,1,,,,,
2026-07-30,2026-07-30,CM,BSE,STK,540358,INE655V01019,RMC,B,,,,,RMC SWITCHGEARS LIMITED,259.90,269.80,259.00,259.85,259.00,259.90,,259.90,,,10169,2677379.00,396,F1,1,,,,,
2026-07-30,2026-07-30,CM,BSE,STK,540359,INE240T01014,PARMAX,XT,,,,,Parmax Pharma Limited,111.27,111.27,106.91,106.91,106.91,109.09,,106.91,,,113605,12517177.00,57,F1,1,,,,,
2026-07-30,2026-07-30,CM,BSE,STK,540360,INE715Q01029,LLFICL,T,,,,,LEADING LEASING FINANCE AND IN,1.06,1.08,1.00,1.03,1.05,1.05,,1.03,,,2242796,2273694.00,1174,F1,1,,,,,
2026-07-30,2026-07-30,CM,BSE,STK,540361,INE575D01041,DANUBE,XT,,,,,DANUBE INDUSTRIES LIMITED,6.62,6.98,6.57,6.72,6.61,6.86,,6.72,,,36257,241315.00,84,F1,1,,,,,
2026-07-30,2026-07-30,CM,BSE,STK,540366,INE919I01024,RADIOCITY,B,,,,,Music Broadcast Limited,7.65,7.65,6.73,6.80,6.78,6.99,,6.89,,,9018,64287.00,43,F1,1,,,,,
2026-07-30,2026-07-30,CM,BSE,STK,540376,INE192R01011,DMART,A,,,,,Avenue Supermarts Limited,3845.25,3966.50,3838.00,3880.85,3880.85,3846.95,,3874.40,,,36469,142025443.00,5473,F1,1,,,,,
2026-07-30,2026-07-30,CM,BSE,STK,540377,INE714U01024,IFL,B,,,,,IFL ENTERPRISES LIMITED,0.37,0.38,0.36,0.37,0.37,0.38,,0.37,,,2311038,849508.00,430,F1,1,,,,,
2026-07-30,2026-07-30,CM,BSE,STK,540386,INE989S01042,ONTIC,XT,,,,,Ontic Finserve Limited,2.02,2.02,1.86,1.94,1.95,1.94,,1.94,,,113838,221924.00,115,F1,1,,,,,
2026-07-30,2026-07-30,CM,BSE,STK,540393,INE017W01010,SMLT,B,,,,,Sarthak Metals Limited,69.50,69.50,66.46,66.54,68.30,68.72,,66.75,,,565,37799.00,93,F1,1,,,,,
2026-07-30,2026-07-30,CM,BSE,STK,540395,INE298W01016,CHEMCRUX,B,,,,,Chemcrux Enterprises Limited,89.21,92.50,89.21,90.86,90.86,89.21,,90.86,,,6758,616572.00,136,F1,1,,,,,
2026-07-30,2026-07-30,CM,BSE,STK,540396,INE784W01015,MANOMAY,B,,,,,Manomay Tex India Limited,210.95,211.00,205.15,209.50,210.20,208.95,,209.08,,,23336,4894433.00,323,F1,1,,,,,
2026-07-30,2026-07-30,CM,BSE,STK,540401,INE544W01021,MAXIMUS,X,,,,,Maximus International Limited,13.45,13.68,13.45,13.67,13.66,13.61,,13.67,,,25901,351994.00,97,F1,1,,,,,
2026-07-30,2026-07-30,CM,BSE,STK,540403,INE201M01029,CLEDUCATE,T,,,,,CL Educate Limited,56.81,57.89,56.00,56.50,56.50,56.81,,55.48,,,352,19864.00,4,F1,1,,,,,
2026-07-30,2026-07-30,CM,BSE,STK,540404,INE442V01012,PRIMEFRESH,B,,,,,PRIME FRESH LIMITED,194.65,194.95,181.95,188.40,190.00,191.05,,188.40,,,24143,4584234.00,205,F1,1,,,,,
2026-07-30,2026-07-30,CM,BSE,STK,540405,INE711V01010,OCEANIC,X,,,,,Oceanic Foods Limited,53.44,53.44,51.00,53.19,53.19,53.44,,53.19,,,385,20062.00,9,F1,1,,,,,
2026-07-30,2026-07-30,CM,BSE,STK,540425,INE274V01019,SHANKARA,B,,,,,Shankara Building Products Lim,141.45,142.95,139.20,139.50,139.55,139.90,,139.31,,,4980,700542.00,72,F1,1,,,,,
2026-07-30,2026-07-30,CM,BSE,STK,540455,INE953W01016,ESCORP,B,,,,,Escorp Asset Management Limite,100.00,103.00,100.00,100.05,100.05,103.25,,100.05,,,498,50401.00,6,F1,1,,,,,
2026-07-30,2026-07-30,CM,BSE,STK,540467,INE808R01012,PARMSILK,XT,,,,,PARMESHWARI SILK MILLS LIMITED,361.95,361.95,329.35,353.95,353.90,344.75,,353.95,,,2891,1002747.00,121,F1,1,,,,,
2026-07-30,2026-07-30,CM,BSE,STK,540481,INE949C01016,CLFL,X,,,,,Classic Leasing & Finance Ltd.,57.12,57.12,54.60,57.12,57.12,54.40,,57.12,,,170,9659.00,7,F1,1,,,,,
2026-07-30,2026-07-30,CM,BSE,STK,540492,INE594W01042,STARLENT,B,,,,,STARLINEPS ENTERPRISES LIMITED,9.99,10.23,9.90,9.95,9.99,10.04,,9.95,,,501263,5056071.00,305,F1,1,,,,,
2026-07-30,2026-07-30,CM,BSE,STK,540497,INE807K01035,SCHAND,B,,,,,S Chand And Company Limited,146.00,146.30,144.60,144.60,144.60,146.00,,144.55,,,131,19132.00,24,F1,1,,,,,
2026-07-30,2026-07-30,CM,BSE,STK,540515,INE453S01015,KANUNGO,X,,,,,KANUNGO FINANCIERS LIMITED,11.41,11.41,11.41,11.41,11.41,10.87,,11.41,,,510,5819.00,2,F1,1,,,,,
2026-07-30,2026-07-30,CM,BSE,STK,540519,INE343X01026,MEERA,T,,,,,Meera Industries Limited,40.00,40.00,38.40,39.20,39.17,40.00,,39.20,,,3442,135052.00,48,F1,1,,,,,
2026-07-30,2026-07-30,CM,BSE,STK,540526,INE183W23014,IRBINVIT,IF,,,,,IRB InvIT Fund,61.60,63.20,61.60,62.45,62.45,62.13,,62.54,,,97350,6062963.00,893,F1,1,,,,,
2026-07-30,2026-07-30,CM,BSE,STK,540530,INE031A01017,HUDCO,A,,,,,Housing &Urban Development Cor,194.95,198.10,194.00,197.35,197.35,195.15,,197.13,,,122370,24075956.00,1238,F1,1,,,,,
2026-07-30,2026-07-30,CM,BSE,STK,540544,INE488V01015,PSPPROJECT,B,,,,,PSP Projects Limited,1018.95,1041.25,933.70,950.75,950.75,1023.35,,951.10,,,23886,23553793.00,1389,F1,1,,,,,
2026-07-30,2026-07-30,CM,BSE,STK,540545,INE986W01016,GKL,X,,,,,GURU KRUPA GEMS AND JEWELLERY,31.82,31.82,30.21,30.80,30.80,31.03,,30.80,,,7878,242420.00,41,F1,1,,,,,
2026-07-30,2026-07-30,CM,BSE,STK,540565,INE219X23014,INDIGRID,IF,,,,,IndiGrid Infrastructure Trust,177.30,179.24,177.30,177.63,178.54,178.13,,178.37,,,13515,2407018.00,231,F1,1,,,,,
2026-07-30,2026-07-30,CM,BSE,STK,540570,INE717F01028,VARIMAN,XT,,,,,VARIMAN GLOBAL ENTERPRISES LIM,3.88,3.95,3.62,3.78,3.85,3.80,,3.78,,,117392,442012.00,133,F1,1,,,,,
2026-07-30,2026-07-30,CM,BSE,STK,540575,INE460H01021,STARCEMENT,B,,,,,Star Cement Limited,204.90,204.90,200.00,202.30,202.95,203.35,,202.52,,,8805,1774768.00,230,F1,1,,,,,
2026-07-30,2026-07-30,CM,BSE,STK,540590,INE325X01015,RIDDHICORP,X,,,,,Riddhi Corporate Services Limi,60.89,60.90,60.89,60.90,60.90,59.63,,60.90,,,12,730.00,3,F1,1,,,,,
2026-07-30,2026-07-30,CM,BSE,STK,540595,INE010J01012,TEJASNET,A,,,,,Tejas Networks Limited,518.00,518.00,505.50,508.00,508.00,520.20,,507.15,,,67328,34511149.00,1623,F1,1,,,,,
2026-07-30,2026-07-30,CM,BSE,STK,540596,INE406M01024,ERIS,A,,,,,Eris Lifesciences Limited,1391.10,1399.20,1346.00,1375.60,1383.20,1427.20,,1375.20,,,9461,12935952.00,938,F1,1,,,,,
2026-07-30,2026-07-30,CM,BSE,STK,540597,INE319U01022,CONTAINER,X,,,,,Containerway International Lim,17.90,17.90,17.84,17.84,17.84,17.90,,17.84,,,2,35.00,2,F1,1,,,,,
2026-07-30,2026-07-30,CM,BSE,STK,540602,INE869I01013,GTPL,B,,,,,GTPL Hathway Limited,60.01,60.06,59.01,59.47,59.47,60.01,,59.90,,,1731,102849.00,55,F1,1,,,,,
2026-07-30,2026-07-30,CM,BSE,STK,540611,INE949L01017,AUBANK,A,,,,,AU Small Finance Bank Limited,1048.80,1048.80,1022.00,1030.05,1030.05,1041.40,,1030.70,,,437992,450086785.00,2891,F1,1,,,,,
2026-07-30,2026-07-30,CM,BSE,STK,540612,INF109KC19U5,LOWVOLIETF,B,,,,,ICICI Prudential Nifty Low Vol,22.64,22.75,22.64,22.73,22.73,22.64,,22.73,,,23424,531492.00,208,F1,1,,,,,
2026-07-30,2026-07-30,CM,BSE,STK,540613,INE721X01023,GEL,M,,,,,Gautam Exim Limited,30.50,32.05,30.50,32.05,32.05,32.10,,32.05,,,15000,462150.00,2,F1,3000,,,,,
2026-07-30,2026-07-30,CM,BSE,STK,540615,INE413X01035,7NR,XT,,,,,7NR Retail Limited,6.10,6.10,6.07,6.07,6.07,6.18,,6.07,,,19940,121106.00,16,F1,1,,,,,
2026-07-30,2026-07-30,CM,BSE,STK,540642,INE170V01027,SALASAR,B,,,,,Salasar Techno Engineering Lim,5.80,5.90,5.80,5.85,5.88,5.88,,5.85,,,396150,2317586.00,1254,F1,1,,,,,
2026-07-30,2026-07-30,CM,BSE,STK,540647,INE335W01016,GANGESSECU,B,,,,,Ganges Securities Ltd.,112.90,112.95,112.00,112.10,112.10,115.80,,113.07,,,278,31164.00,6,F1,1,,,,,
2026-07-30,2026-07-30,CM,BSE,STK,540648,INE471W01019,PALASHSECU,B,,,,,Palash Securities Limited,85.61,85.85,85.60,85.63,85.60,88.41,,86.27,,,13,1113.00,4,F1,1,,,,,
2026-07-30,2026-07-30,CM,BSE,STK,540649,INE349W01017,AVADHSUGAR,B,,,,,AVADH SUGAR & ENERGY LIMITED,520.00,520.00,495.95,511.30,511.30,517.00,,511.90,,,9296,4686901.00,133,F1,1,,,,,
2026-07-30,2026-07-30,CM,BSE,STK,540650,INE347W01011,MAGADSUGAR,B,,,,,Magadh Sugar & Energy Limited,485.30,511.20,484.40,502.05,503.25,477.95,,500.55,,,2185,1077303.00,113,F1,1,,,,,
2026-07-30,2026-07-30,CM,BSE,STK,540651,INE943X01015,JIGAR,M,,,,,Jigar Cables Limited,55.55,66.95,55.55,66.95,66.95,65.00,,66.95,,,6000,366980.00,3,F1,2000,,,,,
2026-07-30,2026-07-30,CM,BSE,STK,540654,INE632W01016,GSTL,XT,,,,,GlobalSpace Technologies Limit,24.89,24.90,23.65,24.14,24.60,24.89,,24.14,,,36051,860016.00,68,F1,1,,,,,
2026-07-30,2026-07-30,CM,BSE,STK,540669,INF789F1AUW9,NEXT50BETA,B,,,,,UTI Mutual Fund,78.20,78.52,77.91,78.21,78.21,77.84,,78.29,,,8018,627016.00,16,F1,1,,,,,
2026-07-30,2026-07-30,CM,BSE,STK,540673,INE285J01028,SIS,B,,,,,SIS LIMITED,432.00,432.00,422.90,425.15,426.35,430.05,,424.30,,,2446,1041422.00,109,F1,1,,,,,
2026-07-30,2026-07-30,CM,BSE,STK,540678,INE704P01025,COCHINSHIP,A,,,,,Cochin Shipyard Limited,1402.60,1406.00,1386.00,1401.40,1401.40,1402.90,,1402.10,,,37960,52966003.00,2209,F1,1,,,,,
2026-07-30,2026-07-30,CM,BSE,STK,540679,INE320X01016,HALEOSLABS,B,,,,,HALEOS LABS LIMITED,1597.90,1600.00,1530.00,1542.00,1530.00,1546.00,,1540.40,,,74,114845.00,20,F1,1,,,,,
2026-07-30,2026-07-30,CM,BSE,STK,540680,INE880L01014,KIOCL,B,,,,,KIOCL Limited,366.20,366.20,352.05,354.95,358.50,361.75,,356.15,,,9267,3299902.00,292,F1,1,,,,,
2026-07-30,2026-07-30,CM,BSE,STK,540686,INE172E01011,SMRUTHIORG,X,,,,,Smruthi Organics Limited,117.55,117.55,114.45,115.90,115.90,117.05,,115.90,,,2150,248688.00,36,F1,1,,,,,
2026-07-30,2026-07-30,CM,BSE,STK,540691,INE674K01013,ABCAPITAL,A,,,,,Aditya Birla Capital Ltd,396.65,398.30,392.00,394.25,394.25,397.50,,394.05,,,28483,11228944.00,727,F1,1,,,,,
2026-07-30,2026-07-30,CM,BSE,STK,540692,INE346W01013,APEX,B,,,,,Apex Frozen Foods Limited,374.95,375.00,368.35,369.60,368.60,378.55,,370.60,,,3105,1158149.00,179,F1,1,,,,,
2026-07-30,2026-07-30,CM,BSE,STK,540693,INE145Y01023,SHISHIND,X,,,,,Shish Industries Limited,12.85,12.94,12.30,12.74,12.74,12.61,,12.74,,,253542,3218783.00,330,F1,1,,,,,
2026-07-30,2026-07-30,CM,BSE,STK,540694,INE236W01016,ANG,T,,,,,ANG Lifesciences India Limited,36.60,36.60,35.01,35.74,35.01,35.00,,35.74,,,935,33602.00,23,F1,1,,,,,
2026-07-30,2026-07-30,CM,BSE,STK,540696,INE185U01035,KCDGROUP,X,,,,,KCD INDUSTRIES INDIA LIMITED,3.94,3.94,3.51,3.67,3.65,3.79,,3.67,,,88451,328801.00,78,F1,1,,,,,
2026-07-30,2026-07-30,CM,BSE,STK,540699,INE935N01020,DIXON,A,,,,,Dixon Technologies (India) Lim,14288.00,14484.90,14168.70,14337.15,14337.15,14282.15,,14338.00,,,51440,737795075.00,11496,F1,1,,,,,
2026-07-30,2026-07-30,CM,BSE,STK,540700,INE727S01012,BRNL,B,,,,,Bharat Road Network Limited,18.67,18.67,17.36,17.39,17.36,17.41,,17.51,,,1870,32610.00,30,F1,1,,,,,
2026-07-30,2026-07-30,CM,BSE,STK,540701,INE385W01011,DCAL,B,,,,,Dishman Carbogen Amcis Limited,186.55,189.65,184.50,185.45,185.30,188.20,,185.30,,,9320,1735214.00,277,F1,1,,,,,
2026-07-30,2026-07-30,CM,BSE,STK,540703,INE438C01010,PROCLB,X,,,,,PRO CLB GLOBAL LIMITED,26.59,28.14,26.59,28.14,28.14,26.80,,28.14,,,13272,371681.00,14,F1,1,,,,,
2026-07-30,2026-07-30,CM,BSE,STK,540704,INE866R01028,MATRIMONY,B,,,,,Matrimony.com Limited,439.00,439.00,433.55,435.40,435.40,438.25,,437.20,,,167,72859.00,41,F1,1,,,,,
2026-07-30,2026-07-30,CM,BSE,STK,540709,INE217K01011,RHFL,Z,,,,,Reliance Home Finance Limited,1.92,1.99,1.91,1.95,1.96,1.94,,1.94,,,97531,188891.00,162,F1,1,,,,,
2026-07-30,2026-07-30,CM,BSE,STK,540710,INE264T01014,CAPACITE,B,,,,,Capacite Infraprojects Limited,219.00,219.05,215.00,216.80,216.55,219.20,,216.55,,,6748,1459082.00,188,F1,1,,,,,
2026-07-30,2026-07-30,CM,BSE,STK,540716,INE765G01017,ICICIGI,A,,,,,ICICI Lombard General Insuranc,1648.70,1648.70,1621.10,1637.85,1634.25,1648.70,,1637.90,,,17980,29449048.00,764,F1,1,,,,,
2026-07-30,2026-07-30,CM,BSE,STK,540717,INE689M01025,PQIF,X,,,,,Polo Queen Industrial and Fint,11.31,11.31,11.31,11.31,11.31,10.78,,11.31,,,18787,212480.00,48,F1,1,,,,,
2026-07-30,2026-07-30,CM,BSE,STK,540718,INE777X01017,AAYUSHBULL,M,,,,,AAYUSH ART AND BULLION LIMITED,1183.50,1194.00,1183.50,1186.35,1186.30,1185.55,,1186.35,,,92750,110228712.00,640,F1,125,,,,,
2026-07-30,2026-07-30,CM,BSE,STK,540719,INE123W01016,SBILIFE,A,,,,,SBI Life Insurance Company Lim,1879.50,1909.60,1860.80,1876.90,1865.00,1895.65,,1877.50,,,137951,260589452.00,3071,F1,1,,,,,
2026-07-30,2026-07-30,CM,BSE,STK,540724,INE393P01035,DIAMONDYD,B,,,,,Prataap Snacks Limited,1117.45,1133.80,1100.10,1124.25,1126.00,1130.25,,1125.20,,,997,1108904.00,137,F1,1,,,,,
2026-07-30,2026-07-30,CM,BSE,STK,540725,INE932X01026,SHAREINDIA,B,,,,,Share India Securities Limited,175.90,175.90,171.00,171.95,171.60,174.80,,171.68,,,16858,2930309.00,286,F1,1,,,,,
2026-07-30,2026-07-30,CM,BSE,STK,540726,INE071Y01013,TTFL,X,,,,,Trident Texofab Limited,28.69,28.69,26.93,26.93,26.93,28.34,,26.93,,,31651,862344.00,233,F1,1,,,,,
2026-07-30,2026-07-30,CM,BSE,STK,540727,INE973X01012,POOJA,B,,,,,Poojawestern Metaliks Limited,17.56,17.89,17.12,17.32,17.25,17.55,,17.32,,,5081,88525.00,71,F1,1,,,,,
2026-07-30,2026-07-30,CM,BSE,STK,540728,INE327G01032,SAYAJIIND,X,,,,,Sayaji Industries Limited,99.90,100.40,98.85,100.40,100.40,100.50,,100.40,,,513,51369.00,7,F1,1,,,,,
2026-07-30,2026-07-30,CM,BSE,STK,540730,INE062Y01020,MEHAI,X,,,,,Mehai Technology  Limited,1.18,1.18,1.13,1.16,1.16,1.16,,1.16,,,162814,186696.00,199,F1,1,,,,,
2026-07-30,2026-07-30,CM,BSE,STK,540735,INE864K01010,IRIS,B,,,,,IRIS RegTech Solutions Limited,247.30,247.30,240.15,240.15,240.15,247.25,,241.55,,,2272,553146.00,111,F1,1,,,,,
2026-07-30,2026-07-30,CM,BSE,STK,540737,INE414Y01015,SGRL,X,,,,,Shree Ganesh Remedies Limited,611.05,660.00,611.05,654.20,655.90,611.90,,654.20,,,4015,2575132.00,166,F1,1,,,,,
2026-07-30,2026-07-30,CM,BSE,STK,540738,INE402Y01028,STL,B,,,,,Shreeji Translogistics Limited,8.29,8.30,8.03,8.21,8.20,8.23,,8.21,,,15038,123372.00,81,F1,1,,,,,
2026-07-30,2026-07-30,CM,BSE,STK,540743,INE850D01014,GODREJAGRO,A,,,,,Godrej Agrovet Limited,560.35,564.45,557.50,558.95,560.00,560.35,,559.35,,,6669,3740547.00,352,F1,1,,,,,
2026-07-30,2026-07-30,CM,BSE,STK,540749,INE348L01012,MASFIN,B,,,,,MAS Financial Services Limited,324.90,325.55,317.50,319.90,319.55,324.15,,319.50,,,6834,2189665.00,231,F1,1,,,,,
2026-07-30,2026-07-30,CM,BSE,STK,540750,INE022Q01020,IEX,A,,,,,Indian Energy Exchange Limited,134.20,134.20,131.00,131.40,131.40,134.15,,131.40,,,233274,30850515.00,2114,F1,1,,,,,
2026-07-30,2026-07-30,CM,BSE,STK,540755,INE481Y01014,GICRE,A,,,,,General Insurance Corporation,358.90,359.10,356.55,356.90,356.90,358.85,,356.70,,,9932,3547699.00,624,F1,1,,,,,
2026-07-30,2026-07-30,CM,BSE,STK,540756,INE282Y01016,KAARYAFSL,M,,,,,Kaarya Facilities and Services,13.15,13.15,13.15,13.15,13.15,13.00,,13.15,,,6000,78900.00,1,F1,6000,,,,,
2026-07-30,2026-07-30,CM,BSE,STK,540757,INE501Y01019,SCPL,B,,,,,SHEETAL COOL PRODUCTS LIMITED,569.35,569.35,546.80,550.10,546.80,576.50,,551.05,,,1409,780205.00,112,F1,1,,,,,
2026-07-30,2026-07-30,CM,BSE,STK,540762,INE974X01010,TIINDIA,A,,,,,Tube Investments of India Ltd,2790.00,2790.05,2667.05,2688.25,2690.00,2788.20,,2688.80,,,74501,200424077.00,3332,F1,1,,,,,
2026-07-30,2026-07-30,CM,BSE,STK,540767,INE298J01013,NAM-INDIA,A,,,,,NIPPON LIFE INDIA ASSET MANAGE,1168.75,1175.55,1144.00,1148.15,1146.20,1167.90,,1146.90,,,27475,31686838.00,1599,F1,1,,,,,
2026-07-30,2026-07-30,CM,BSE,STK,540768,INE766P01016,MAHLOG,B,,,,,Mahindra Logistics Limited,413.75,413.75,401.60,402.05,401.70,409.10,,402.65,,,5590,2273431.00,185,F1,1,,,,,
2026-07-30,2026-07-30,CM,BSE,STK,540769,INE470Y01017,NIACL,A,,,,,The New India Assurance Compan,163.15,167.25,162.10,165.85,165.85,164.30,,165.89,,,95279,15662373.00,1206,F1,1,,,,,
2026-07-30,2026-07-30,CM,BSE,STK,540774,INE133Y01011,IFGLEXPOR,B,,,,,IFGL Refractories Limited,196.25,197.15,193.00,193.95,195.00,196.25,,194.77,,,704,137542.00,60,F1,1,,,,,
2026-07-30,2026-07-30,CM,BSE,STK,540775,INE834I01025,KHADIM,T,,,,,Khadim India Limited,95.10,96.70,93.10,95.40,96.00,95.10,,96.07,,,1434,135988.00,32,F1,1,,,,,
2026-07-30,2026-07-30,CM,BSE,STK,540776,INE618L01018,5PAISA,B,,,,,5paisa Capital Limited,347.45,350.85,343.80,346.70,346.00,347.40,,347.00,,,2079,719875.00,153,F1,1,,,,,
2026-07-30,2026-07-30,CM,BSE,STK,540777,INE795G01014,HDFCLIFE,A,,,,,HDFC LIFE INSURANCE COMPANY LI,555.20,558.60,544.90,545.35,545.35,556.35,,545.40,,,301818,164943823.00,4247,F1,1,,,,,
2026-07-30,2026-07-30,CM,BSE,STK,540786,INE669Y01022,SHARIKA,T,,,,,SHARIKA ENTERPRISES LIMITED,17.48,17.48,17.48,17.48,17.48,17.83,,17.48,,,34911,610244.00,41,F1,1,,,,,
2026-07-30,2026-07-30,CM,BSE,STK,540787,INF109KB15Y7,ICICIB22,A,,,,,ICICI Prudential Mutual Fund,114.25,115.79,114.25,115.71,115.68,115.24,,115.55,,,11351,1308112.00,193,F1,1,,,,,
2026-07-30,2026-07-30,CM,BSE,STK,540788,INE500C01017,ASPIRA,XT,,,,,Aspira Pathlab & Diagnostics L,115.85,115.85,115.85,115.85,115.85,113.60,,115.85,,,252,29194.00,6,F1,1,,,,,
2026-07-30,2026-07-30,CM,BSE,STK,540789,INE016M01021,DNAMEDIA,B,,,,,Diligent Media Corporation Lim,2.82,2.99,2.82,2.85,2.85,2.99,,2.86,,,6555,18712.00,13,F1,1,,,,,
2026-07-30,2026-07-30,CM,BSE,STK,540795,INE600Y01019,DYCL,B,,,,,Dynamic Cables Limited,391.00,393.45,383.25,384.30,384.80,394.15,,384.60,,,26958,10425467.00,845,F1,1,,,,,
2026-07-30,2026-07-30,CM,BSE,STK,540797,INE597J01018,SHALBY,B,,,,,Shalby Limited,163.25,163.25,160.05,160.40,161.80,162.45,,161.04,,,1914,308690.00,78,F1,1,,,,,
2026-07-30,2026-07-30,CM,BSE,STK,540809,INE333Y01017,MRCAGRO,B,,,,,MRC AGROTECH LIMITED,35.31,36.50,35.31,35.89,35.89,36.43,,35.89,,,76379,2755679.00,202,F1,1,,,,,
2026-07-30,2026-07-30,CM,BSE,STK,540821,INE994R01028,CRYSTAL,XT,,,,,CRYSTAL BUSINESS SYSTEM LIMITE,2.00,2.00,1.90,1.91,1.91,1.97,,1.91,,,12152,23684.00,57,F1,1,,,,,
2026-07-30,2026-07-30,CM,BSE,STK,540824,INE646X01014,ASTRON,T,,,,,Astron Paper & Board Mill Limi,3.88,3.88,3.73,3.73,3.73,3.82,,3.85,,,507,1892.00,5,F1,1,,,,,
2026-07-30,2026-07-30,CM,BSE,STK,540829,INE371F01024,CHANDRIMA,X,,,,,Chandrima Mercantiles limited,7.15,7.20,7.15,7.16,7.17,7.09,,7.16,,,42221,303324.00,91,F1,1,,,,,
2026-07-30,2026-07-30,CM,BSE,STK,540850,INE841Y01019,JFL,M,,,,,Jhandewalas Foods Limited,21.00,21.00,20.42,20.43,20.42,21.99,,20.43,,,4000,82850.00,3,F1,1000,,,,,
2026-07-30,2026-07-30,CM,BSE,STK,540874,INE454F01010,7SEASL,X,,,,,7SEAS ENTERTAINMENT LIMITED,84.25,89.00,77.70,78.32,78.32,84.31,,78.32,,,32066,2678244.00,383,F1,1,,,,,
2026-07-30,2026-07-30,CM,BSE,STK,540879,INE713T01028,APOLLO,A,,,,,Apollo Micro Systems Limited,381.95,381.95,374.65,377.10,377.10,383.05,,378.00,,,557936,211198499.00,3685,F1,1,,,,,
2026-07-30,2026-07-30,CM,BSE,STK,540900,INE619B01017,NEWGEN,A,,,,,Newgen Software Technologies L,563.05,571.50,549.75,553.65,553.65,560.10,,553.00,,,114656,64346961.00,2395,F1,1,,,,,
2026-07-30,2026-07-30,CM,BSE,STK,540901,INE546Y01022,PRAXIS,T,,,,,Praxis Home Retail Limited,6.70,6.71,6.56,6.56,6.56,6.90,,6.45,,,6488,43356.00,20,F1,1,,,,,
2026-07-30,2026-07-30,CM,BSE,STK,540902,INE371P01015,AMBER,A,,,,,Amber Enterprises India Limite,7400.05,7535.20,7367.95,7405.10,7381.50,7409.70,,7401.00,,,16760,125666122.00,1240,F1,1,,,,,
2026-07-30,2026-07-30,CM,BSE,STK,540904,INE115G01015,TIRUFOAM,X,,,,,TIRUPATI FOAM LIMITED,100.27,100.27,100.27,100.27,100.27,95.50,,100.27,,,1457,146093.00,15,F1,1,,,,,
2026-07-30,2026-07-30,CM,BSE,STK,540914,INE425C01017,SRUSTEELS,XT,,,,,SRU Steels Limited,1.48,1.50,1.41,1.49,1.49,1.48,,1.49,,,122184,176724.00,137,F1,1,,,,,
2026-07-30,2026-07-30,CM,BSE,STK,540923,INE760Y01011,ASHOKAMET,B,,,,,Ashoka Metcast Limited,14.35,14.48,14.15,14.40,14.40,14.23,,14.30,,,719,10251.00,35,F1,1,,,,,
2026-07-30,2026-07-30,CM,BSE,STK,540935,INE600K01018,GALAXYSURF,B,,,,,Galaxy Surfactants Limited,1950.30,1954.65,1940.00,1951.35,1940.00,1959.35,,1950.20,,,1056,2055412.00,86,F1,1,,,,,
2026-07-30,2026-07-30,CM,BSE,STK,540936,INE063Z01017,GGL,X,,,,,Gautam Gems Limited,3.05,3.05,2.88,2.90,2.94,2.97,,2.90,,,23628,68748.00,73,F1,1,,,,,
2026-07-30,2026-07-30,CM,BSE,STK,540937,INE630Y01024,MEDICO,B,,,,,MEDICO REMEDIES LIMITED,50.10,50.10,44.77,47.48,47.04,46.04,,47.54,,,11129,519085.00,137,F1,1,,,,,
2026-07-30,2026-07-30,CM,BSE,STK,540952,INE740X01023,LAL,B,,,,,LORENZINI APPARELS LIMITED,7.97,8.58,7.97,8.57,8.57,7.99,,8.55,,,17313,145199.00,79,F1,1,,,,,
2026-07-30,2026-07-30,CM,BSE,STK,540953,INE923Y01023,KENVI,B,,,,,Kenvi Jewels Limited,1.99,1.99,1.85,1.95,1.96,1.99,,1.95,,,167614,321962.00,176,F1,1,,,,,
2026-07-30,2026-07-30,CM,BSE,STK,540954,INE586E01020,IWP,B,,,,,The Indian Wood Products Co. L,33.00,33.00,33.00,33.00,33.00,32.55,,32.92,,,620,20460.00,6,F1,1,,,,,
2026-07-30,2026-07-30,CM,BSE,STK,540955,INE773Y01014,TDSL,Z,,,,,Tasty Dairy Specialities Limit,4.05,4.09,4.00,4.00,4.00,3.91,,4.00,,,2572,10478.00,17,F1,1,,,,,
2026-07-30,2026-07-30,CM,BSE,STK,540956,INE341Z01025,BHATIA,X,,,,,Bhatia Communications & Retail,23.50,23.68,23.00,23.19,23.19,23.50,,23.19,,,42758,991134.00,172,F1,1,,,,,
2026-07-30,2026-07-30,CM,BSE,STK,540961,INE644Y01017,SHIVAMILLS,T,,,,,Shiva Mills Limited,60.90,60.90,60.90,60.90,60.90,58.00,,61.91,,,62,3775.00,3,F1,1,,,,,
2026-07-30,2026-07-30,CM,BSE,STK,540975,INE914M01019,ASTERDM,A,,,,,ASTER DM QUALITY CARE LIMITED,811.00,838.90,811.00,814.20,811.35,817.95,,814.00,,,21665,17877796.00,1042,F1,1,,,,,
2026-07-30,2026-07-30,CM,BSE,STK,540980,INE868X01014,YSL,X,,,,,The Yamuna Syndicate Ltd,26000.00,26000.00,26000.00,26000.00,26000.00,26100.00,,26000.00,,,10,260000.00,5,F1,1,,,,,
2026-07-30,2026-07-30,CM,BSE,STK,541005,INE398L01017,KANCOTEA,X,,,,,KANCO TEA & INDUSTRIES LIMITED,45.65,47.30,45.65,46.99,46.99,46.00,,46.99,,,937,43012.00,27,F1,1,,,,,
2026-07-30,2026-07-30,CM,BSE,STK,541019,INE926X01010,HGINFRA,B,,,,,H.G. Infra Engineering Limited,528.00,538.25,528.00,532.65,532.00,534.65,,533.05,,,2901,1549508.00,276,F1,1,,,,,
2026-07-30,2026-07-30,CM,BSE,STK,541083,INE464Z01017,INFLAME,M,,,,,Inflame Appliances Limited,225.80,227.85,221.20,224.15,223.30,222.50,,224.15,,,5750,1289662.00,18,F1,250,,,,,
2026-07-30,2026-07-30,CM,BSE,STK,541096,INE365Y01019,BPLPHARMA,X,,,,,Bharat Parenterals Limited,1475.00,1510.00,1451.30,1480.40,1510.00,1494.75,,1480.40,,,203,299689.00,18,F1,1,,,,,
2026-07-30,2026-07-30,CM,BSE,STK,541097,INF740KA1EU7,LIQUIDETF,F,,,,,DSP NIFTY 1D Rate Liquid ETF,1000.00,1000.01,999.99,1000.00,1000.00,1000.00,,1000.00,,,247,247000.00,7,F1,1,,,,,
2026-07-30,2026-07-30,CM,BSE,STK,541112,INE452Z01012,SHREESHAY,M,,,,,Shreeshay Engineers Limited,29.64,29.64,29.64,29.64,29.64,26.30,,29.64,,,2000,59280.00,1,F1,2000,,,,,
2026-07-30,2026-07-30,CM,BSE,STK,541143,INE171Z01026,BDL,A,,,,,Bharat Dynamics Limited,1261.65,1264.30,1201.40,1238.95,1238.95,1261.70,,1245.60,,,29178,36383091.00,2152,F1,1,,,,,
2026-07-30,2026-07-30,CM,BSE,STK,541152,INE705X01026,GOYALALUM,B,,,,,GOYAL ALUMINIUMS LIMITED,6.41,6.65,6.13,6.40,6.39,6.68,,6.42,,,40325,258945.00,210,F1,1,,,,,
2026-07-30,2026-07-30,CM,BSE,STK,541153,INE545U01014,BANDHANBNK,A,,,,,Bandhan Bank Limited,171.25,174.15,171.25,172.65,172.65,173.55,,172.72,,,382018,66007193.00,2646,F1,1,,,,,
2026-07-30,2026-07-30,CM,BSE,STK,541154,INE066F01020,HAL,A,,,,,Hindustan Aeronautics Limited,4580.00,4594.10,4540.00,4579.95,4579.95,4590.00,,4581.40,,,16354,74654124.00,2299,F1,1,,,,,
2026-07-30,2026-07-30,CM,BSE,STK,541161,INE278R01034,DHARAN,Z,,,,,DHARAN INFRA-EPC LIMITED,0.19,0.19,0.19,0.19,0.19,0.19,,0.14,,,426147,80967.00,53,F1,1,,,,,
2026-07-30,2026-07-30,CM,BSE,STK,541163,INE278H01035,SANDHAR,B,,,,,Sandhar Technologies Limited,591.05,609.75,583.95,599.80,601.75,591.15,,599.85,,,37961,22771036.00,1955,F1,1,,,,,
2026-07-30,2026-07-30,CM,BSE,STK,541167,INE616Z01012,YASHO,B,,,,,YASHO INDUSTRIES LIMITED,3153.45,3278.75,3117.50,3218.55,3205.60,3120.60,,3215.80,,,2192,7054709.00,371,F1,1,,,,,
2026-07-30,2026-07-30,CM,BSE,STK,541195,INE099Z01011,MIDHANI,A,,,,,Mishra Dhatu Nigam Limited,395.00,396.65,387.65,389.20,388.60,397.30,,389.10,,,15142,5922113.00,713,F1,1,,,,,
2026-07-30,2026-07-30,CM,BSE,STK,541206,INE426Z01016,OBCL,B,,,,,OBCL Limited,54.25,59.50,51.80,53.00,53.00,52.54,,52.59,,,1512,82595.00,68,F1,1,,,,,
2026-07-30,2026-07-30,CM,BSE,STK,541228,INE459Z01017,TRL,B,,,,,Taylormade Renewables Limited,60.53,61.74,57.89,58.66,58.79,59.94,,58.66,,,22161,1304156.00,322,F1,1,,,,,
2026-07-30,2026-07-30,CM,BSE,STK,541233,INE970X01018,LEMONTREE,A,,,,,Lemon Tree Hotels Limited,110.60,110.60,108.90,109.30,109.30,110.20,,109.20,,,146264,15998415.00,1848,F1,1,,,,,
2026-07-30,2026-07-30,CM,BSE,STK,541269,INE783X01023,CHEMFAB,T,,,,,Chemfab Alkalis Ltd,375.00,375.00,371.30,371.30,371.30,375.00,,372.00,,,221,82079.00,4,F1,1,,,,,
2026-07-30,2026-07-30,CM,BSE,STK,541276,INE626Z01029,HARDWYN,B,,,,,HARDWYN INDIA LIMITED,11.69,11.69,11.20,11.22,11.22,11.50,,11.20,,,195608,2204286.00,267,F1,1,,,,,
2026-07-30,2026-07-30,CM,BSE,STK,541299,INE871Z01013,DLCL,M,,,,,DR LALCHANDANI LABS LIMITED,7.77,7.77,7.33,7.76,7.76,7.41,,7.76,,,16000,120840.00,4,F1,4000,,,,,
2026-07-30,2026-07-30,CM,BSE,STK,541301,INE142Z01019,ORIENTELEC,B,,,,,Orient Electric Limited,172.30,174.70,171.00,173.20,173.25,173.65,,173.02,,,6415,1110066.00,219,F1,1,,,,,
2026-07-30,2026-07-30,CM,BSE,STK,541302,INE506Z01015,DHRUV,T,,,,,Dhruv Consultancy Services Lim,24.40,24.40,24.40,24.40,24.40,25.15,,24.67,,,127,3098.00,3,F1,1,,,,,
2026-07-30,2026-07-30,CM,BSE,STK,541303,INE256Z01025,AKSHAR,B,,,,,Akshar Spintex Limited,0.41,0.41,0.39,0.40,0.40,0.41,,0.39,,,100084,39861.00,75,F1,1,,,,,
2026-07-30,2026-07-30,CM,BSE,STK,541304,INE250Z01010,INDOUS,B,,,,,Indo US Bio-Tech Limited,99.00,100.80,82.40,82.40,82.40,84.00,,82.57,,,613,53871.00,26,F1,1,,,,,
2026-07-30,2026-07-30,CM,BSE,STK,541313,INF109KC1V59,BSE500IETF,A,,,,,ICICI Prudential BSE 500 ETF,39.03,39.51,39.03,39.44,39.38,39.43,,39.42,,,1648,64890.00,49,F1,1,,,,,
2026-07-30,2026-07-30,CM,BSE,STK,541336,INE896L01010,INDOSTAR,B,,,,,IndoStar Capital Finance Limit,261.10,264.00,257.50,260.90,258.00,275.05,,260.55,,,14779,3841181.00,326,F1,1,,,,,
2026-07-30,2026-07-30,CM,BSE,STK,541338,INE556Z01010,UHZAVERI,B,,,,,U. H. ZAVERI LIMITED,10.19,10.44,9.92,9.99,10.39,10.27,,9.99,,,7011,70276.00,48,F1,1,,,,,
2026-07-30,2026-07-30,CM,BSE,STK,541347,INE295Z01015,PARVATI,X,,,,,Parvati Sweetners and Power Lt,6.50,6.50,6.33,6.41,6.49,6.43,,6.41,,,2155,13749.00,35,F1,1,,,,,
2026-07-30,2026-07-30,CM,BSE,STK,541352,INE00EM01016,MEGASTAR,B,,,,,Megastar Foods Limited,335.00,345.60,323.10,339.55,340.00,326.35,,340.90,,,580,195099.00,56,F1,1,,,,,
2026-07-30,2026-07-30,CM,BSE,STK,541353,INE870Z01015,INNOVATORS,M,,,,,Innovators Facade Systems Limi,117.00,117.05,112.00,112.00,112.00,115.10,,112.00,,,6400,742800.00,8,F1,800,,,,,
2026-07-30,2026-07-30,CM,BSE,STK,541358,INE926R01012,UCIL,XT,,,,,UNIFINZ CAPITAL INDIA LIMITED,104.00,104.50,104.00,104.50,104.50,104.00,,104.50,,,6722,702378.00,17,F1,1,,,,,
2026-07-30,2026-07-30,CM,BSE,STK,541400,INE518E01015,ZIMLAB,T,,,,,ZIM Laboratories Limited,115.00,115.00,115.00,115.00,115.00,113.10,,113.25,,,2000,230000.00,9,F1,1,,,,,
2026-07-30,2026-07-30,CM,BSE,STK,541402,INE692Z01013,AFFORDABLE,T,,,,,Affordable Robotic & Automatio,175.65,184.00,175.65,182.55,183.30,181.75,,181.80,,,1347,244605.00,41,F1,1,,,,,
2026-07-30,2026-07-30,CM,BSE,STK,541403,INE325C01035,DOLLAR,B,,,,,Dollar Industries Limited,253.80,269.15,253.80,267.80,267.00,256.25,,267.50,,,14701,3908548.00,351,F1,1,,,,,
2026-07-30,2026-07-30,CM,BSE,STK,541418,INE236Y01012,NGIL,T,,,,,NAKODA GROUP OF INDUSTRIES LIM,40.25,40.25,40.00,40.05,40.25,38.40,,40.09,,,126,5046.00,3,F1,1,,,,,
2026-07-30,2026-07-30,CM,BSE,STK,541444,INE838Z01012,PALMJEWELS,X,,,,,Palm Jewels Limited,14.90,15.15,14.90,14.92,15.15,14.90,,14.92,,,2443,36426.00,11,F1,1,,,,,
2026-07-30,2026-07-30,CM,BSE,STK,541445,INE799N01012,WAA,M,,,,,Waa Solar Limited,47.75,47.75,45.01,45.61,45.61,46.00,,45.61,,,7200,334816.00,8,F1,800,,,,,
2026-07-30,2026-07-30,CM,BSE,STK,541450,INE364U01010,ADANIGREEN,A,,,,,Adani Green Energy Limited,1373.40,1373.40,1350.10,1358.70,1358.70,1373.40,,1358.70,,,1956267,2664562684.00,6581,F1,1,,,,,
2026-07-30,2026-07-30,CM,BSE,STK,541503,INE250G01010,UNICK,X,,,,,Unick Fix-A- Form and Printers,42.11,42.21,42.11,42.21,42.21,44.32,,42.21,,,583,24568.00,10,F1,1,,,,,
2026-07-30,2026-07-30,CM,BSE,STK,541540,INE624Z01016,SOLARA,B,,,,,SOLARA ACTIVE PHARMA SCIENCES,506.30,517.95,502.45,507.05,507.05,506.25,,508.00,,,10844,5542125.00,572,F1,1,,,,,
2026-07-30,2026-07-30,CM,BSE,STK,541546,INE287Z01012,GAYAHWS,B,,,,,GAYATRI HIGHWAYS LTD,1.97,2.10,1.93,1.99,1.99,2.02,,2.00,,,26363,52882.00,77,F1,1,,,,,
2026-07-30,2026-07-30,CM,BSE,STK,541556,INE320J01015,RITES,A,,,,,RITES Limited,219.00,219.00,216.20,217.95,217.95,218.90,,217.84,,,24312,5282563.00,506,F1,1,,,,,
2026-07-30,2026-07-30,CM,BSE,STK,541557,INE686Y01026,FINEORG,A,,,,,Fine Organic Industries Limite,4802.15,4902.15,4800.85,4882.10,4879.20,4798.55,,4877.50,,,716,3474026.00,185,F1,1,,,,,
2026-07-30,2026-07-30,CM,BSE,STK,541578,INE665L01035,VARROC,A,,,,,Varroc Engineering Limited,670.15,675.40,657.70,664.25,665.45,664.45,,664.60,,,4763,3177553.00,264,F1,1,,,,,
2026-07-30,2026-07-30,CM,BSE,STK,541601,INE685Z01033,RAJNISH,B,,,,,Rajnish Wellness Limited,0.42,0.43,0.41,0.42,0.42,0.43,,0.42,,,5806596,2450256.00,483,F1,1,,,,,
2026-07-30,2026-07-30,CM,BSE,STK,541627,INE173V01013,GUJWIND,X,,,,,Gujarat Winding Systems Limite,6.33,6.40,6.33,6.40,6.40,6.65,,6.40,,,111,709.00,2,F1,1,,,,,
2026-07-30,2026-07-30,CM,BSE,STK,541634,INE960Z01014,RAWEDGE,B,,,,,Raw Edge Industrial Solutions,13.50,13.69,12.54,12.70,12.70,13.19,,12.70,,,12857,166325.00,70,F1,1,,,,,
2026-07-30,2026-07-30,CM,BSE,STK,541701,INE00SY01011,SUPERSHAKT,M,,,,,Supershakti Metaliks Limited,227.00,255.95,227.00,250.90,250.90,250.00,,250.90,,,900,220155.00,3,F1,300,,,,,
2026-07-30,2026-07-30,CM,BSE,STK,541702,INE694W01024,ASHNI,XT,,,,,Ashnisha Industries Limited,4.34,4.35,4.34,4.35,4.35,4.15,,4.35,,,5702653,24786395.00,3716,F1,1,,,,,
2026-07-30,2026-07-30,CM,BSE,STK,541729,INE127D01025,HDFCAMC,A,,,,,HDFC Asset Management Company,2539.95,2552.90,2527.90,2546.25,2546.25,2542.35,,2546.30,,,13843,35192816.00,1348,F1,1,,,,,
2026-07-30,2026-07-30,CM,BSE,STK,541735,INE299W01022,VIVANTA,X,,,,,Vivanta Industries Limited,1.60,1.65,1.57,1.59,1.59,1.60,,1.59,,,145635,233180.00,228,F1,1,,,,,
2026-07-30,2026-07-30,CM,BSE,STK,541741,INE401Z01019,FRATELLI,XT,,,,,Fratelli Vineyards Limited,91.15,99.75,90.25,99.42,99.75,95.00,,99.42,,,42847,4197393.00,135,F1,1,,,,,
2026-07-30,2026-07-30,CM,BSE,STK,541770,INE741K01010,CREDITACC,A,,,,,CreditAccess Grameen Ltd.,1575.30,1620.10,1575.30,1614.30,1608.50,1588.95,,1614.00,,,20146,32425525.00,963,F1,1,,,,,
2026-07-30,2026-07-30,CM,BSE,STK,541771,INE572Z01017,AMINTAN,XT,,,,,AMIN TANNERY LIMITED,1.47,1.50,1.43,1.43,1.43,1.50,,1.43,,,129432,185669.00,59,F1,1,,,,,
2026-07-30,2026-07-30,CM,BSE,STK,541778,INE00IY01012,DEEP,X,,,,,Deep Polymers Limited,35.00,36.20,32.11,35.19,35.67,35.56,,35.19,,,38995,1349109.00,283,F1,1,,,,,
2026-07-30,2026-07-30,CM,BSE,STK,541799,INE266S01011,SMEL,MT,,,,,Sungold Media and Entertainmen,12.35,12.35,12.35,12.35,12.35,11.80,,12.35,,,25000,308750.00,3,F1,5000,,,,,
2026-07-30,2026-07-30,CM,BSE,STK,541809,INF109KC1NS5,NEXT50IETF,B,,,,,ICICI Prudential Mutual Fund,76.58,76.68,76.11,76.61,76.63,76.39,,76.51,,,25057,1915407.00,236,F1,1,,,,,
2026-07-30,2026-07-30,CM,BSE,STK,541865,INE01B501018,ASRL,X,,,,,Add-Shop E-Retail Limited,6.73,6.84,6.53,6.67,6.67,6.73,,6.67,,,17622,117008.00,101,F1,1,,,,,
2026-07-30,2026-07-30,CM,BSE,STK,541890,INE797Z01028,SPACEINCUBA,XT,,,,,Space Incubatrics Technologies,0.18,0.18,0.18,0.18,0.18,0.18,,0.18,,,24543,4417.00,46,F1,1,,,,,
2026-07-30,2026-07-30,CM,BSE,STK,541929,INE00QT01015,SGIL,B,,,,,Synergy Green Industries Limit,620.00,620.00,582.50,594.40,594.45,592.70,,596.15,,,1387,814820.00,39,F1,1,,,,,
2026-07-30,2026-07-30,CM,BSE,STK,541946,INF109KC1KT9,LIQUIDIETF,F,,,,,ICICI Prudential BSE Liquid Ra,1000.00,1000.00,1000.00,1000.00,1000.00,1000.00,,999.99,,,170000,170000000.00,36,F1,1,,,,,
2026-07-30,2026-07-30,CM,BSE,STK,541956,INE962Y01021,IRCON,A,,,,,IRCON International Ltd,126.50,126.50,125.10,125.65,125.65,126.75,,125.63,,,105224,13228960.00,1535,F1,1,,,,,
2026-07-30,2026-07-30,CM,BSE,STK,541967,INE01IU01018,SKYGOLD,A,,,,,Sky Gold And Diamonds Limited,657.00,676.50,632.15,638.95,638.55,653.55,,638.30,,,79822,51439225.00,2980,F1,1,,,,,
2026-07-30,2026-07-30,CM,BSE,STK,541972,INF200KA1VQ2,SETFSN50,A,,,,,SBI Mutual Fund,950.00,950.90,944.12,948.71,948.72,949.97,,948.71,,,3981,3775851.00,21,F1,1,,,,,
2026-07-30,2026-07-30,CM,BSE,STK,541973,INE004Z01011,MACH,M,,,,,Mac Hotels Limited,77.00,85.80,77.00,81.64,85.80,85.00,,81.64,,,6000,482865.00,4,F1,1500,,,,,
2026-07-30,2026-07-30,CM,BSE,STK,541974,INE00VM01036,MANORAMA,A,,,,,Manorama Industries Limited,1626.05,1650.75,1621.00,1634.00,1648.70,1646.70,,1635.20,,,3153,5150656.00,374,F1,1,,,,,
2026-07-30,2026-07-30,CM,BSE,STK,541988,INE216P01012,AAVAS,A,,,,,AAVAS Financiers Limited,1384.95,1385.00,1356.75,1361.65,1361.65,1389.90,,1362.60,,,3045,4178955.00,440,F1,1,,,,,
2026-07-30,2026-07-30,CM,BSE,STK,542011,INE382Z01011,GRSE,A,,,,,Garden Reach Shipbuilders & En,2647.65,2647.65,2567.30,2586.15,2586.15,2624.90,,2586.20,,,29245,75749499.00,2313,F1,1,,,,,
2026-07-30,2026-07-30,CM,BSE,STK,542012,INE911Z01025,A1L,B,,,,,A-1 LIMITED,5.70,5.70,5.70,5.70,5.70,5.99,,5.70,,,793923,4525361.00,1333,F1,1,,,,,
2026-07-30,2026-07-30,CM,BSE,STK,542013,INE666Y01010,DOLFIN,B,,,,,Dolfin Rubbers Limited,173.60,173.60,170.10,170.10,170.10,171.90,,170.10,,,720,122844.00,22,F1,1,,,,,
2026-07-30,2026-07-30,CM,BSE,STK,542019,INE01J501010,SHUBHAM,X,,,,,Shubham Polyspin Limited,37.70,37.70,34.71,35.43,35.43,36.25,,35.43,,,7187,258342.00,89,F1,1,,,,,
2026-07-30,2026-07-30,CM,BSE,STK,542020,INE642Z01026,AKI,B,,,,,AKI India Limited,4.00,4.34,3.97,4.16,4.22,4.19,,4.16,,,30542,127154.00,65,F1,1,,,,,
2026-07-30,2026-07-30,CM,BSE,STK,542025,INE206Z01020,SUNRETAIL,M,,,,,Sun Retail Limited,0.31,0.31,0.31,0.31,0.31,0.30,,0.31,,,240000,74400.00,5,F1,48000,,,,,
2026-07-30,2026-07-30,CM,BSE,STK,542034,INE00Q901014,SMGOLD,B,,,,,S. M. Gold Limited,11.81,12.09,11.81,11.98,11.99,11.83,,11.98,,,4142,49367.00,35,F1,1,,,,,
2026-07-30,2026-07-30,CM,BSE,STK,542046,INE647Z01025,VIVIDM,B,,,,,VIVID MERCANTILE LIMITED,6.00,6.13,5.80,5.91,5.80,5.92,,5.91,,,145575,870370.00,113,F1,1,,,,,
2026-07-30,2026-07-30,CM,BSE,STK,542057,INE00SW01015,BCPL,B,,,,,BCPL Railway Infrastructure Li,69.70,70.74,69.21,69.72,69.80,70.36,,69.72,,,781,54783.00,47,F1,1,,,,,
2026-07-30,2026-07-30,CM,BSE,STK,542066,INE399L01023,ATGL,A,,,,,ADANI TOTAL GAS LIMITED,650.65,654.25,645.80,649.85,649.85,656.50,,650.15,,,76439,49614002.00,2109,F1,1,,,,,
2026-07-30,2026-07-30,CM,BSE,STK,542123,INE398C01016,PHOSPHATE,X,,,,,The Phosphate Company Limited,142.00,142.50,142.00,142.50,142.50,142.00,,142.50,,,53,7536.00,6,F1,1,,,,,
2026-07-30,2026-07-30,CM,BSE,STK,542131,INF769K01EG9,NIFTYETF,B,,,,,Mirae Asset Mutual Fund,263.61,264.78,263.19,264.27,264.23,263.47,,264.56,,,5241,1381819.00,151,F1,1,,,,,
2026-07-30,2026-07-30,CM,BSE,STK,542141,INE285K01026,TECHNOE,A,,,,,Techno Electric & Engineering,998.75,998.75,963.00,966.95,966.95,989.95,,967.20,,,34057,33157014.00,2189,F1,1,,,,,
2026-07-30,2026-07-30,CM,BSE,STK,542145,INE02AP01013,RONI,M,,,,,Roni Households Limited,36.01,36.01,36.01,36.01,36.01,36.00,,36.01,,,1800,64818.00,1,F1,1800,,,,,
2026-07-30,2026-07-30,CM,BSE,STK,542146,INE951Z01013,SKIFL,M,,,,,Shree Krishna Infrastructure L,7.66,7.66,7.66,7.66,7.66,7.30,,7.66,,,1250,9575.00,1,F1,1250,,,,,
2026-07-30,2026-07-30,CM,BSE,STK,542176,INE016X01010,ARYAN,X,,,,,Aryan Share & Stock Brokers Lt,20.17,20.17,20.17,20.17,20.17,21.23,,20.17,,,200,4034.00,2,F1,1,,,,,
2026-07-30,2026-07-30,CM,BSE,STK,542206,INE139E01028,NIVAKA,X,,,,,NIVAKA FASHIONS LIMITED,0.41,0.42,0.39,0.39,0.39,0.41,,0.39,,,359833,140453.00,106,F1,1,,,,,
2026-07-30,2026-07-30,CM,BSE,STK,542216,INE00R701025,DALBHARAT,A,,,,,DALMIA BHARAT LIMITED,1808.65,1832.05,1781.05,1793.85,1796.65,1823.05,,1794.20,,,243109,436404770.00,794,F1,1,,,,,
2026-07-30,2026-07-30,CM,BSE,STK,542230,INF209KB16D7,ABSLNN50ET,B,,,,,Aditya Birla Sun Life Mutual F,75.29,76.74,75.25,76.51,76.51,76.59,,76.44,,,499,38093.00,17,F1,1,,,,,
2026-07-30,2026-07-30,CM,BSE,STK,542231,INE00S901012,NILASPACES,B,,,,,Nila Spaces Ltd,11.72,12.03,11.72,11.85,11.85,11.92,,11.84,,,19742,234657.00,114,F1,1,,,,,
2026-07-30,2026-07-30,CM,BSE,STK,542232,INE01NE01012,SRD,B,,,,,Shankar Lal Rampal Dye-Chem Li,40.00,40.00,37.79,37.96,38.37,37.99,,37.75,,,110,4174.00,11,F1,1,,,,,
2026-07-30,2026-07-30,CM,BSE,STK,542233,INE00CA01015,TREJHARA,B,,,,,Trejhara Solutions Limited,136.55,136.55,134.90,135.00,135.00,136.50,,134.87,,,1175,158944.00,21,F1,1,,,,,
2026-07-30,2026-07-30,CM,BSE,STK,542248,INE452W01019,DECCAN,T,,,,,Deccan Health Care Limited,13.45,13.45,12.41,12.53,12.80,13.06,,12.53,,,13925,175172.00,50,F1,1,,,,,
2026-07-30,2026-07-30,CM,BSE,STK,542285,INE02EZ01022,AXITA,B,,,,,Axita Cotton Limited,7.51,7.51,7.34,7.37,7.41,7.37,,7.35,,,202678,1499603.00,292,F1,1,,,,,
2026-07-30,2026-07-30,CM,BSE,STK,542323,INE542W01025,KPIGREEN,A,,,,,KPI Green Energy Limited,378.15,390.65,378.15,383.85,383.85,390.55,,383.75,,,28437,10972539.00,1051,F1,1,,,,,
2026-07-30,2026-07-30,CM,BSE,STK,542332,INE302R01024,HIKLASS,XT,,,,,Hi-Klass Trading and Investmen,84.00,84.00,84.00,84.00,84.00,83.00,,84.00,,,5,420.00,1,F1,1,,,,,
2026-07-30,2026-07-30,CM,BSE,STK,542333,INE425Y01011,RPSGVENT,B,,,,,RPSG VENTURES LIMITED,939.85,959.00,921.15,923.85,926.75,939.20,,924.20,,,1468,1370355.00,253,F1,1,,,,,
2026-07-30,2026-07-30,CM,BSE,STK,542337,INE020801028,SPENCERS,B,,,,,Spencer's Retail Limited,32.60,32.75,32.37,32.43,32.49,32.90,,32.61,,,1689,55169.00,534,F1,1,,,,,
2026-07-30,2026-07-30,CM,BSE,STK,542351,INE350Z01018,GLOSTERLTD,B,,,,,Gloster Ltd,678.00,678.00,650.00,656.30,650.00,674.00,,653.50,,,41,27264.00,17,F1,1,,,,,
2026-07-30,2026-07-30,CM,BSE,STK,542367,INE01P501012,XELPMOC,B,,,,,Xelpmoc Design and Tech Limite,80.40,80.65,79.30,80.42,80.65,79.39,,80.16,,,141,11260.00,24,F1,1,,,,,
2026-07-30,2026-07-30,CM,BSE,STK,542376,INE726X01014,SPACAPS,XT,,,,,SPA Capital Services Limited,213.45,213.45,213.45,213.45,213.45,203.30,,213.45,,,1,213.00,1,F1,1,,,,,
2026-07-30,2026-07-30,CM,BSE,STK,542383,INE01EG01016,RITCO,B,,,,,Ritco Logistics Limited,302.75,302.75,288.45,291.50,288.45,299.05,,293.00,,,9068,2687333.00,205,F1,1,,,,,
2026-07-30,2026-07-30,CM,BSE,STK,542399,INE427F01016,CHALET,A,,,,,Chalet Hotels Limited,792.00,812.30,785.15,805.15,804.20,836.90,,805.00,,,17809,14219973.00,1734,F1,1,,,,,
2026-07-30,2026-07-30,CM,BSE,STK,542437,INE02AR01019,ANMOL,B,,,,,Anmol India Limited,10.19,10.19,9.72,9.86,10.15,10.19,,9.86,,,10963,108399.00,77,F1,1,,,,,
2026-07-30,2026-07-30,CM,BSE,STK,542446,INE793Z01027,JONJUA,MT,,,,,Jonjua Overseas Limited,3.75,3.81,3.60,3.81,3.81,3.63,,3.81,,,125346,468215.00,25,F1,4821,,,,,
2026-07-30,2026-07-30,CM,BSE,STK,542459,INE911T01010,KRANTI,B,,,,,Kranti Industries Limited,53.98,53.98,48.01,49.26,49.26,49.88,,49.26,,,10973,547863.00,245,F1,1,,,,,
2026-07-30,2026-07-30,CM,BSE,STK,542460,INE294Z01018,ANUP,B,,,,,The Anup Engineering Ltd,2072.85,2170.00,2067.15,2155.30,2160.00,2088.70,,2154.80,,,1252,2673749.00,214,F1,1,,,,,
2026-07-30,2026-07-30,CM,BSE,STK,542484,INE955V01021,ARVINDFASN,A,,,,,Arvind Fashions Limited,445.50,455.65,442.75,447.55,446.35,448.95,,446.90,,,7402,3321803.00,393,F1,1,,,,,
2026-07-30,2026-07-30,CM,BSE,STK,542503,INE00CX01017,MAHIP,MT,,,,,Mahip Industries Limited,18.43,18.43,18.43,18.43,18.43,19.40,,18.43,,,44000,810920.00,8,F1,4000,,,,,
2026-07-30,2026-07-30,CM,BSE,STK,542524,INE342U01016,AIHL,X,,,,,AMBASSADOR INTRA HOLDINGS LIMI,34.80,34.80,33.37,33.37,33.37,35.12,,33.37,,,143,4816.00,4,F1,1,,,,,
2026-07-30,2026-07-30,CM,BSE,STK,542543,INE05KD23015,ENERGYINF,IF,,,,,Energy Infrastructure Trust,73.99,74.09,73.50,74.00,74.00,73.80,,74.00,,,475000,35088000.00,18,F1,25000,,,,,
2026-07-30,2026-07-30,CM,BSE,STK,542579,INE05FR01029,AGOL,B,,,,,Ashapuri Gold Ornament Limited,3.82,3.85,3.70,3.76,3.76,3.78,,3.76,,,325945,1230040.00,687,F1,1,,,,,
2026-07-30,2026-07-30,CM,BSE,STK,542580,INE01C001026,AARTECH,T,,,,,Aartech Solonics Limited,46.09,47.48,45.01,45.01,45.01,46.09,,45.16,,,1117,50684.00,9,F1,1,,,,,
2026-07-30,2026-07-30,CM,BSE,STK,542597,INE255X01014,MSTCLTD,B,,,,,MSTC Limited,603.05,609.30,601.05,603.80,602.00,610.85,,604.70,,,11538,6971199.00,451,F1,1,,,,,
2026-07-30,2026-07-30,CM,BSE,STK,542602,INE041025011,EMBASSY,IF,,,,,Embassy Office Parks REIT,436.98,442.62,436.00,438.36,438.36,436.73,,437.73,,,109824,48014113.00,815,F1,1,,,,,
2026-07-30,2026-07-30,CM,BSE,STK,542627,INE01GZ01011,CHANDNIMACH,XT,,,,,Chandni Machines Limited,108.70,110.00,106.00,106.80,107.90,106.43,,106.80,,,24183,2640462.00,103,F1,1,,,,,
2026-07-30,2026-07-30,CM,BSE,STK,542628,INE01BL01012,NSL,B,,,,,Northern Spirits Limited,130.00,130.00,128.45,129.25,129.00,130.05,,129.25,,,3476,449607.00,53,F1,1,,,,,
2026-07-30,2026-07-30,CM,BSE,STK,542649,INE415G01027,RVNL,A,,,,,Rail Vikas Nigam Limited,224.35,224.35,222.05,222.90,222.90,224.80,,222.88,,,258541,57612888.00,2373,F1,1,,,,,
2026-07-30,2026-07-30,CM,BSE,STK,542650,INE112L01020,METROPOLIS,A,,,,,Metropolis Healthcare Limited,585.00,608.95,580.20,585.55,580.20,591.75,,585.20,,,27915,16644730.00,1275,F1,1,,,,,
2026-07-30,2026-07-30,CM,BSE,STK,542651,INE04I401011,KPITTECH,A,,,,,KPIT Technologies Ltd,614.65,620.00,580.25,588.20,588.20,638.60,,589.70,,,675250,402300976.00,14461,F1,1,,,,,
2026-07-30,2026-07-30,CM,BSE,STK,542652,INE455K01017,POLYCAB,A,,,,,Polycab India Limited,9099.80,9099.80,8856.75,8894.80,8888.00,9041.40,,8896.00,,,13919,124052182.00,2418,F1,1,,,,,
2026-07-30,2026-07-30,CM,BSE,STK,542654,INE06LG01010,VRFILMS,B,,,,,V R FILMS & STUDIOS LIMITED,15.00,15.00,15.00,15.00,15.00,15.00,,15.00,,,1551,23265.00,7,F1,1,,,,,
2026-07-30,2026-07-30,CM,BSE,STK,542655,INE161L01027,VIKASLIFE,B,,,,,VIKAS LIFECARE LIMITED,1.30,1.30,1.27,1.27,1.27,1.29,,1.27,,,359281,459374.00,7069,F1,1,,,,,
2026-07-30,2026-07-30,CM,BSE,STK,542665,INE136S01016,NEOGEN,B,,,,,Neogen Chemicals Limited,2052.75,2052.75,1964.65,1989.60,1992.00,2048.30,,1988.20,,,5095,10133675.00,523,F1,1,,,,,
2026-07-30,2026-07-30,CM,BSE,STK,542666,INE05QJ01015,GKP,B,,,,,G. K. P. Printing & Packaging,5.78,5.98,5.60,5.78,5.89,5.69,,5.78,,,27150,157062.00,48,F1,1,,,,,
2026-07-30,2026-07-30,CM,BSE,STK,542668,INE06TD01010,EVANS,M,,,,,EVANS ELECTRIC LIMITED,66.60,66.60,66.60,66.60,66.60,66.99,,66.60,,,1000,66600.00,1,F1,1000,,,,,
2026-07-30,2026-07-30,CM,BSE,STK,542669,INE374E01021,BMW,X,,,,,BMW INDUSTRIES LIMITED,53.60,54.50,49.53,50.06,50.06,52.78,,50.06,,,324672,16617298.00,1485,F1,1,,,,,
2026-07-30,2026-07-30,CM,BSE,STK,542670,INE757T01025,AEPL,B,,,,,Artemis Electricals and Projec,14.50,14.97,14.30,14.35,14.30,14.50,,14.35,,,2523,36448.00,34,F1,1,,,,,
2026-07-30,2026-07-30,CM,BSE,STK,542677,INE01MO01013,MAHESH,X,,,,,Mahesh Developers Limited,30.96,30.96,30.96,30.96,30.96,32.58,,30.96,,,3,92.00,3,F1,1,,,,,
2026-07-30,2026-07-30,CM,BSE,STK,542679,INE413F01016,DEL,X,,,,,Dhanashree Electronics Limited,135.00,135.20,134.95,134.95,134.95,133.00,,134.95,,,1944,262648.00,14,F1,1,,,,,
2026-07-30,2026-07-30,CM,BSE,STK,542682,INE01K301012,HARISH,X,,,,,Harish Textile Engineers Limit,65.75,65.75,65.75,65.75,65.75,65.98,,65.75,,,7,460.00,2,F1,1,,,,,
2026-07-30,2026-07-30,CM,BSE,STK,542684,INE050001010,PPL,T,,,,,Prakash Pipes Limited,266.30,279.25,260.10,260.40,260.40,266.20,,269.20,,,2170,583760.00,33,F1,1,,,,,
2026-07-30,2026-07-30,CM,BSE,STK,542685,INE03JI01017,DGCONTENT,B,,,,,Digicontent Limited,24.82,24.82,24.82,24.82,24.82,25.00,,24.35,,,40,992.00,1,F1,1,,,,,
2026-07-30,2026-07-30,CM,BSE,STK,542721,INE02GA01012,ARL,B,,,,,Anand Rayons Limited,48.00,48.00,43.89,43.89,43.89,46.20,,43.89,,,32351,1432398.00,347,F1,1,,,,,
2026-07-30,2026-07-30,CM,BSE,STK,542725,INE04AK01028,SBC,B,,,,,SBC EXPORTS LIMITED,41.72,42.36,41.65,41.85,42.10,42.08,,42.11,,,528214,22225599.00,478,F1,1,,,,,
2026-07-30,2026-07-30,CM,BSE,STK,542726,INE933S01016,INDIAMART,A,,,,,IndiaMART InterMESH Limited,1752.20,1759.05,1730.50,1742.70,1740.00,1751.80,,1743.10,,,16915,29446556.00,2631,F1,1,,,,,
2026-07-30,2026-07-30,CM,BSE,STK,542728,INE04ST01013,SKIEL,MT,,,,,SK International Export Limite,23.05,23.05,23.05,23.05,23.05,22.75,,23.05,,,6000,138300.00,1,F1,6000,,,,,
2026-07-30,2026-07-30,CM,BSE,STK,542729,INE08KP01019,DCMNVL,T,,,,,DCM NOUVELLE LIMITED,135.55,135.55,135.55,135.55,135.55,141.70,,136.73,,,3,406.00,3,F1,1,,,,,
2026-07-30,2026-07-30,CM,BSE,STK,542730,INF109KC15I8,BANKIETF,B,,,,,ICICI Prudential Mutual Fund,58.10,58.71,58.10,58.66,58.67,58.72,,58.61,,,18604,1090089.00,195,F1,1,,,,,
2026-07-30,2026-07-30,CM,BSE,STK,542747,INF204KB15D0,SNXT50BEES,A,,,,,NIPPON INDIA ETF SENSEX NEXT 5,92.75,92.83,92.32,92.51,92.75,92.40,,92.51,,,2209,204521.00,60,F1,1,,,,,
2026-07-30,2026-07-30,CM,BSE,STK,542752,INE00WC01027,AFFLE,A,,,,,AFFLE 3I LIMITED,1640.25,1665.00,1612.80,1623.25,1623.25,1654.10,,1622.70,,,14772,24206882.00,997,F1,1,,,,,
2026-07-30,2026-07-30,CM,BSE,STK,542758,INF109KC18U7,PVTBANIETF,B,,,,,ICICI Prudential Mutual Fund,27.67,27.83,27.64,27.76,27.79,27.87,,27.76,,,21667,599772.00,138,F1,1,,,,,
2026-07-30,2026-07-30,CM,BSE,STK,542759,INE572J01011,SPANDANA,B,,,,,Spandana Sphoorty Financial Li,263.15,266.25,257.50,259.30,260.40,266.50,,259.75,,,17001,4424104.00,741,F1,1,,,,,
2026-07-30,2026-07-30,CM,BSE,STK,542760,INE00M201021,SWSOLAR,B,,,,,STERLING AND WILSON RENEWABLE,209.10,209.10,203.15,204.10,204.10,209.15,,203.99,,,45933,9404674.00,793,F1,1,,,,,
2026-07-30,2026-07-30,CM,BSE,STK,542765,INE06YD01010,TRANSPACT,MS,,,,,Transpact Enterprises Limited,131.80,131.80,131.80,131.80,131.80,138.70,,131.80,,,500,65900.00,1,F1,500,,,,,
2026-07-30,2026-07-30,CM,BSE,STK,542770,INE08E401029,ALPHALOGIC,B,,,,,Alphalogic Techsys Limited,39.12,42.85,39.12,39.99,40.94,41.45,,39.99,,,3013,121986.00,80,F1,1,,,,,
2026-07-30,2026-07-30,CM,BSE,STK,542772,INE466L01038,360ONE,A,,,,,360 ONE WAM LIMITED,1168.80,1168.80,1126.45,1142.10,1143.80,1160.25,,1142.90,,,104605,120196798.00,1444,F1,1,,,,,
2026-07-30,2026-07-30,CM,BSE,STK,542773,INE489L01022,IIFLCAPS,A,,,,,IIFL CAPITAL SERVICES LIMITED,332.65,336.10,332.65,335.25,335.05,336.00,,335.60,,,5486,1838710.00,133,F1,1,,,,,
2026-07-30,2026-07-30,CM,BSE,STK,542774,INE08KJ01020,MUFIN,B,,,,,MUFIN GREEN FINANCE LIMITED,130.20,130.40,128.05,129.35,129.50,130.45,,129.09,,,54287,7013757.00,389,F1,1,,,,,
2026-07-30,2026-07-30,CM,BSE,STK,542802,INE906Y01028,GALACTICO,B,,,,,Galactico Corporate Services L,1.92,1.96,1.90,1.92,1.92,1.94,,1.92,,,66352,126659.00,154,F1,1,,,,,
2026-07-30,2026-07-30,CM,BSE,STK,542803,INE560T01015,VEL,X,,,,,Vaxfab Enterprises Limited,62.63,62.75,60.01,60.18,62.39,62.32,,60.18,,,968,59134.00,26,F1,1,,,,,
2026-07-30,2026-07-30,CM,BSE,STK,542812,INE09N301011,FLUOROCHEM,A,,,,,Gujarat Fluorochemicals Limite,4588.85,4588.85,4378.15,4395.55,4395.55,4580.15,,4395.00,,,5162,23041725.00,562,F1,1,,,,,
2026-07-30,2026-07-30,CM,BSE,STK,542830,INE335Y01020,IRCTC,A,,,,,Indian Railway Catering and To,499.75,499.75,491.30,493.25,493.25,495.95,,493.15,,,24746,12205250.00,1046,F1,1,,,,,
2026-07-30,2026-07-30,CM,BSE,STK,542852,INE430N01022,VISHWARAJ,B,,,,,Vishwaraj Sugar Industries Lim,5.13,5.25,5.05,5.25,5.25,5.25,,5.18,,,17240,87802.00,55,F1,1,,,,,
2026-07-30,2026-07-30,CM,BSE,STK,542857,INE08ZM01014,GREENPANEL,B,,,,,Greenpanel Industries Limited,191.50,193.90,190.00,192.60,192.80,191.50,,192.87,,,5017,966364.00,181,F1,1,,,,,
2026-07-30,2026-07-30,CM,BSE,STK,542862,INE052001026,SHAHLON,X,,,,,Shahlon Silk Industries Limite,25.99,26.85,25.52,25.74,25.65,26.06,,25.74,,,4111,106807.00,15,F1,1,,,,,
2026-07-30,2026-07-30,CM,BSE,STK,542863,INF209KB17D5,ABSLBANETF,B,,,,,Aditya Birla Sun Life Mutual F,58.21,58.58,58.14,58.56,58.56,58.51,,58.52,,,171,9969.00,14,F1,1,,,,,
2026-07-30,2026-07-30,CM,BSE,STK,542865,INE490Z01012,ANUROOP,B,,,,,Anuroop Packaging Limited,12.44,12.44,11.58,12.03,11.70,11.87,,12.03,,,12065,140698.00,21,F1,1,,,,,
2026-07-30,2026-07-30,CM,BSE,STK,542867,INE679A01013,CSBBANK,A,,,,,CSB Bank Limited,330.05,333.35,326.10,327.55,327.80,333.10,,326.95,,,16440,5405443.00,546,F1,1,,,,,
2026-07-30,2026-07-30,CM,BSE,STK,542904,INE551W01018,UJJIVANSFB,A,,,,,Ujjivan Small Finance Bank Lim,70.96,71.23,69.69,70.25,70.25,70.36,,70.33,,,759534,53417768.00,2547,F1,1,,,,,
2026-07-30,2026-07-30,CM,BSE,STK,542905,INE05AN01011,HINDWAREAP,B,,,,,Hindware Home Innovation Limit,219.90,219.90,215.80,217.55,217.50,219.60,,218.30,,,6938,1501984.00,180,F1,1,,,,,
2026-07-30,2026-07-30,CM,BSE,STK,542906,INE771C01014,EASUN,XT,,,,,Easun Capital Markets Limited,36.33,36.33,36.33,36.33,36.33,36.33,,36.33,,,40,1453.00,3,F1,1,,,,,
2026-07-30,2026-07-30,CM,BSE,STK,542907,INE689W01016,PRINCEPIPE,B,,,,,Prince Pipes and Fittings Limi,262.15,265.50,261.10,262.25,265.00,265.60,,262.60,,,4777,1259610.00,261,F1,1,,,,,
2026-07-30,2026-07-30,CM,BSE,STK,542909,INF754K01KO2,EBBETF0430,F,,,,,Edelweiss Mutual Fund,1618.68,1618.68,1608.57,1614.55,1614.55,1614.70,,1611.15,,,147,237011.00,17,F1,1,,,,,
2026-07-30,2026-07-30,CM,BSE,STK,542911,INE165G01010,ASSAMENT,X,,,,,Assam Entrade Limited,649.35,649.35,649.35,649.35,649.35,618.45,,649.35,,,2,1298.00,1,F1,1,,,,,
2026-07-30,2026-07-30,CM,BSE,STK,542918,INE063601012,GIANLIFE,Z,,,,,Gian Life Care Limited,4.89,4.98,4.70,4.90,4.90,4.89,,4.90,,,4402,21153.00,38,F1,1,,,,,
2026-07-30,2026-07-30,CM,BSE,STK,542919,INE025R01021,ARTEMISMED,B,,,,,Artemis Medicare Services Limi,301.15,308.00,296.20,302.75,302.75,299.10,,302.20,,,52227,15760608.00,1528,F1,1,,,,,
2026-07-30,2026-07-30,CM,BSE,STK,542920,INE258G01013,SUMICHEM,A,,,,,SUMITOMO CHEMICAL INDIA LIMITE,497.25,510.50,488.00,509.20,510.35,502.00,,508.45,,,38161,19051950.00,1151,F1,1,,,,,
2026-07-30,2026-07-30,CM,BSE,STK,542921,INF109KC11W8,MIDCAPIETF,B,,,,,ICICI Prudential Mutual Fund,23.80,23.93,23.79,23.82,23.83,23.89,,23.80,,,54148,1289762.00,202,F1,1,,,,,
2026-07-30,2026-07-30,CM,BSE,STK,542922,INF769K01FN2,NEXT50,B,,,,,Mirae Asset Mutual Fund,748.98,750.50,747.15,748.87,750.00,748.11,,748.99,,,424,317456.00,46,F1,1,,,,,
2026-07-30,2026-07-30,CM,BSE,STK,542933,INE03V001013,UNIVPHOTO,T,,,,,UNIVERSUS PHOTO IMAGINGS LIMIT,479.85,479.85,479.85,479.85,479.85,480.55,,474.75,,,2,959.00,1,F1,1,,,,,
2026-07-30,2026-07-30,CM,BSE,STK,542934,INE07QQ01016,CBPL,M,,,,,Chandra Bhagat Pharma Limited,33.00,36.12,33.00,36.12,36.12,34.40,,36.12,,,7000,249290.00,7,F1,1000,,,,,
2026-07-30,2026-07-30,CM,BSE,STK,542938,INE117S01016,OCTAVIUSPL,X,,,,,Octavius Plantations Limited,42.50,42.50,42.50,42.50,42.50,44.65,,42.50,,,99,4207.00,2,F1,1,,,,,
2026-07-30,2026-07-30,CM,BSE,STK,543064,INE03QK01018,COHANCE,A,,,,,Cohance Lifesciences Limited,430.05,431.30,420.90,425.70,426.00,431.45,,425.30,,,213764,90863621.00,912,F1,1,,,,,
2026-07-30,2026-07-30,CM,BSE,STK,543066,INE018E01016,SBICARD,A,,,,,SBI CARDS AND PAYMENT SERVICES,660.70,662.40,653.80,657.55,657.55,660.70,,657.80,,,61935,40797567.00,2241,F1,1,,,,,
2026-07-30,2026-07-30,CM,BSE,STK,543071,INF204KB10R1,07AGG,F,,,,,Nippon India Mutual Fund,12.23,12.23,12.09,12.09,12.09,11.12,,12.09,,,9,108.00,3,F1,1,,,,,
2026-07-30,2026-07-30,CM,BSE,STK,543079,INF204KB16R8,07GPG,F,,,,,Nippon India Mutual Fund,3.85,3.85,3.85,3.85,3.85,3.50,,3.85,,,686,2641.00,3,F1,1,,,,,
2026-07-30,2026-07-30,CM,BSE,STK,543083,INF204KB10P5,09MPD,F,,,,,Nippon India Mutual Fund,0.39,0.39,0.39,0.39,0.39,0.36,,0.39,,,1,0.00,1,F1,1,,,,,
2026-07-30,2026-07-30,CM,BSE,STK,543087,INF204KB14O0,09AGG,F,,,,,Nippon India Mutual Fund,325.40,325.40,325.40,325.40,325.40,295.88,,325.40,,,1,325.00,1,F1,1,,,,,
2026-07-30,2026-07-30,CM,BSE,STK,543092,INF204KB19O9,09GPG,F,,,,,Nippon India Mutual Fund,10.04,10.04,10.04,10.04,10.04,9.13,,10.04,,,2,20.00,2,F1,1,,,,,
2026-07-30,2026-07-30,CM,BSE,STK,543099,INF789F1ARF0,UTCRFS2DGR,F,,,,,UTI Mutual Fund,57.37,57.37,57.37,57.37,57.37,57.48,,57.37,,,5,286.00,1,F1,1,,,,,
2026-07-30,2026-07-30,CM,BSE,STK,543110,INF789F1ARQ7,UTCRFS2RGR,F,,,,,UTI Mutual Fund,4.66,4.66,4.49,4.65,4.65,4.24,,4.65,,,4,18.00,4,F1,1,,,,,
2026-07-30,2026-07-30,CM,BSE,STK,543144,INF204KB11T5,08MPD,B,,,,,Nippon India Mutual Fund,5.17,5.17,4.90,5.17,5.17,5.00,,5.17,,,358,1847.00,8,F1,1,,,,,
2026-07-30,2026-07-30,CM,BSE,STK,543150,INF204KB16S6,08GPG,B,,,,,Nippon India Mutual Fund,1.83,1.83,1.71,1.77,1.77,1.83,,1.77,,,2462,4275.00,21,F1,1,,,,,
2026-07-30,2026-07-30,CM,BSE,STK,543161,INF204KB14P7,10AGG,F,,,,,Nippon India Mutual Fund,98.00,98.00,88.26,89.00,89.00,98.00,,89.00,,,117,10558.00,6,F1,1,,,,,
2026-07-30,2026-07-30,CM,BSE,STK,543167,INF204KB19P6,10GPG,F,,,,,Nippon India Mutual Fund,1.99,2.00,1.99,2.00,2.00,1.94,,2.00,,,402,803.00,3,F1,1,,,,,
2026-07-30,2026-07-30,CM,BSE,STK,543171,INE0BDU01028,ROJL,B,,,,,RO Jewels Limited,1.62,1.74,1.62,1.63,1.63,1.61,,1.63,,,7008,11380.00,18,F1,1,,,,,
2026-07-30,2026-07-30,CM,BSE,STK,543172,INE0CQB01010,COSPOWER,MT,,,,,Cospower Engineering Limited,1948.95,1950.00,1948.95,1950.00,1950.00,1951.00,,1950.00,,,375,730993.00,3,F1,125,,,,,
2026-07-30,2026-07-30,CM,BSE,STK,543173,INF204KB14U7,11DPR,B,,,,,Nippon India Mutual Fund,16.20,17.78,14.58,14.58,14.58,16.20,,14.58,,,135,2095.00,13,F1,1,,,,,
2026-07-30,2026-07-30,CM,BSE,STK,543174,INF204KB10U5,11GPG,B,,,,,Nippon India Mutual Fund,1.62,1.68,1.61,1.65,1.66,1.62,,1.65,,,4864,8010.00,37,F1,1,,,,,
2026-07-30,2026-07-30,CM,BSE,STK,543175,INF204KB15U4,11MPD,B,,,,,Nippon India Mutual Fund,2.64,2.64,2.64,2.64,2.64,2.63,,2.64,,,355,937.00,5,F1,1,,,,,
2026-07-30,2026-07-30,CM,BSE,STK,543176,INF204KB16U2,11MPR,B,,,,,Nippon India Mutual Fund,50.32,50.52,50.32,50.52,50.52,50.06,,50.52,,,2,100.00,2,F1,1,,,,,
2026-07-30,2026-07-30,CM,BSE,STK,543178,INF204KB12U1,11QPR,B,,,,,Nippon India Mutual Fund,14.32,14.32,14.32,14.32,14.32,15.91,,14.32,,,1,14.00,1,F1,1,,,,,
2026-07-30,2026-07-30,CM,BSE,STK,543181,INF204KB13T1,11AGG,B,,,,,Nippon India Mutual Fund,22.62,24.74,21.62,22.09,24.58,22.51,,22.09,,,197,4543.00,10,F1,1,,,,,
2026-07-30,2026-07-30,CM,BSE,STK,543182,INF204KB18T0,11AMD,B,,,,,Nippon India Mutual Fund,32.52,32.52,29.28,32.38,32.38,32.53,,32.38,,,6,191.00,5,F1,1,,,,,
2026-07-30,2026-07-30,CM,BSE,STK,543184,INF204KB14T9,11AQD,B,,,,,Nippon India Mutual Fund,34.74,34.74,29.50,30.25,30.25,31.72,,30.25,,,74,2364.00,7,F1,1,,,,,
2026-07-30,2026-07-30,CM,BSE,STK,543186,INF204KB13U9,11DPD,B,,,,,Nippon India Mutual Fund,4.10,4.10,3.90,3.98,3.98,3.79,,3.98,,,1336,5211.00,10,F1,1,,,,,
2026-07-30,2026-07-30,CM,BSE,STK,543187,INE07Y701011,POWERINDIA,A,,,,,HITACHI ENERGY INDIA LIMITED,31499.95,31700.00,31020.05,31241.05,31350.00,31670.15,,31250.00,,,5433,170030092.00,1782,F1,1,,,,,
2026-07-30,2026-07-30,CM,BSE,STK,543193,INE0B1K01014,DJML,B,,,,,DJ Mediaprint & Logistics Limi,115.40,116.40,112.80,115.80,115.50,116.10,,115.79,,,51665,5951952.00,520,F1,1,,,,,
2026-07-30,2026-07-30,CM,BSE,STK,543207,INE06MM01016,NATURAL,X,,,,,Natural Biocon (India) Limited,3.43,4.10,3.33,3.89,3.89,3.43,,3.89,,,181287,694281.00,151,F1,1,,,,,
2026-07-30,2026-07-30,CM,BSE,STK,543208,INE745R01024,REGIS,X,,,,,REGIS INDUSTRIES LIMITED,2.16,2.16,2.09,2.12,2.10,2.14,,2.12,,,6469,13796.00,38,F1,1,,,,,
2026-07-30,2026-07-30,CM,BSE,STK,543210,INE09EO01013,AARTISURF,B,,,,,Aarti Surfactants Limited,392.20,397.00,387.35,392.80,387.40,389.00,,393.10,,,379,148295.00,39,F1,1,,,,,
2026-07-30,2026-07-30,CM,BSE,STK,543211,INE0B9A01018,BONLON,B,,,,,BONLON INDUSTRIES LIMITED,40.27,40.99,40.00,40.92,40.99,40.07,,40.49,,,2394,97365.00,32,F1,1,,,,,
2026-07-30,2026-07-30,CM,BSE,STK,543212,INE02PY01013,BOROLTD,B,,,,,Borosil Limited,229.90,240.95,229.90,236.00,236.00,232.25,,235.82,,,8368,1965718.00,232,F1,1,,,,,
2026-07-30,2026-07-30,CM,BSE,STK,543213,INE02A801020,ROSSARI,B,,,,,ROSSARI BIOTECH LIMITED,506.00,515.00,506.00,508.00,506.10,506.40,,507.55,,,1710,872629.00,130,F1,1,,,,,
2026-07-30,2026-07-30,CM,BSE,STK,543214,INE07OG01012,NDRAUTO,B,,,,,NDR Auto Components Limited,801.05,817.60,799.00,808.45,804.00,805.85,,808.90,,,1785,1444305.00,158,F1,1,,,,,
2026-07-30,2026-07-30,CM,BSE,STK,543216,INF754K01LE1,EBBETF0431,F,,,,,Edelweiss Mutual Fund,1444.60,1444.60,1439.30,1439.30,1439.30,1444.10,,1440.95,,,4,5763.00,3,F1,1,,,,,
2026-07-30,2026-07-30,CM,BSE,STK,543217,INE0CCU25019,MINDSPACE,IF,,,,,Mindspace Business Parks REIT,495.20,497.69,494.68,495.50,495.10,495.29,,495.76,,,3628,1798852.00,287,F1,1,,,,,
2026-07-30,2026-07-30,CM,BSE,STK,543218,INE05ST01028,SBGLP,B,,,,,SURATWWALA BUSINESS GROUP LIMI,23.85,23.85,23.85,23.85,23.85,24.10,,24.62,,,2,47.00,2,F1,1,,,,,
2026-07-30,2026-07-30,CM,BSE,STK,543219,INF109KC17V7,ALPL30IETF,B,,,,,ICICI Prudential Mutual Fund,28.20,28.29,28.18,28.26,28.29,28.12,,28.24,,,2015,56927.00,18,F1,1,,,,,
2026-07-30,2026-07-30,CM,BSE,STK,543220,INE027H01010,MAXHEALTH,A,,,,,Max Healthcare Institute Limit,1105.25,1135.00,1105.25,1126.50,1124.65,1111.25,,1124.90,,,76523,86157068.00,2063,F1,1,,,,,
2026-07-30,2026-07-30,CM,BSE,STK,543221,INF109KC16I6,ITIETF,B,,,,,ICICI Prudential Mutual Fund,34.82,35.35,34.63,34.65,34.64,34.50,,34.64,,,79108,2768376.00,149,F1,1,,,,,
2026-07-30,2026-07-30,CM,BSE,STK,543223,INE0CG601016,MAXIND,B,,,,,Max India Limited,173.30,174.20,169.85,170.40,169.85,175.35,,170.26,,,5821,1002534.00,236,F1,1,,,,,
2026-07-30,2026-07-30,CM,BSE,STK,543224,INF179KC1HY0,HDFCNIFBAN,B,,,,,HDFC Mutual Fund,58.49,58.81,58.43,58.73,58.73,58.88,,58.74,,,355,20820.00,27,F1,1,,,,,
2026-07-30,2026-07-30,CM,BSE,STK,543225,INE0BWS23018,ALTIUSINVIT,IF,,,,,Altius Telecom Infrastructure,171.05,171.05,171.05,171.05,171.05,172.00,,171.05,,,100000,17105000.00,1,F1,25000,,,,,
2026-07-30,2026-07-30,CM,BSE,STK,543226,INF789F1AUV1,BANKBETA,B,,,,,UTI Mutual Fund,58.90,59.16,58.75,59.02,59.02,59.09,,59.02,,,1044,61477.00,16,F1,1,,,,,
2026-07-30,2026-07-30,CM,BSE,STK,543227,INE419U01012,HAPPSTMNDS,A,,,,,Happiest Minds Technologies Li,391.75,391.75,377.50,380.10,380.10,385.25,,380.45,,,58651,22665273.00,1392,F1,1,,,,,
2026-07-30,2026-07-30,CM,BSE,STK,543228,INE450U01017,ROUTE,B,,,,,Route Mobile Limited,554.60,570.35,545.50,552.10,552.10,548.10,,549.35,,,27991,15596766.00,759,F1,1,,,,,
2026-07-30,2026-07-30,CM,BSE,STK,543229,INE412J01010,SAMRATFORG,X,,,,,Samrat Forgings Limited,227.00,227.00,227.00,227.00,227.00,236.00,,227.00,,,1,227.00,1,F1,1,,,,,
2026-07-30,2026-07-30,CM,BSE,STK,543230,INE0ALI01010,ADVAIT,B,,,,,ADVAIT ENERGY TRANSITIONS LIMI,2223.20,2252.55,2155.00,2180.65,2190.40,2255.25,,2178.50,,,5052,11077085.00,468,F1,1,,,,,
2026-07-30,2026-07-30,CM,BSE,STK,543232,INE596I01020,CAMS,A,,,,,Computer Age Management Servic,799.30,799.30,785.00,793.00,793.00,792.05,,793.15,,,30363,24072854.00,1234,F1,1,,,,,
2026-07-30,2026-07-30,CM,BSE,STK,543233,INE03YM01018,CHEMCON,T,,,,,Chemcon Speciality Chemicals L,176.00,177.85,173.05,173.35,177.70,175.10,,173.42,,,515,89467.00,20,F1,1,,,,,
2026-07-30,2026-07-30,CM,BSE,STK,543235,INE732I01021,ANGELONE,A,,,,,ANGEL ONE LIMITED,302.00,302.00,290.10,291.80,291.80,302.55,,291.65,,,608377,179235451.00,9104,F1,1,,,,,
2026-07-30,2026-07-30,CM,BSE,STK,543236,INE09KD01013,ATAM,B,,,,,Atam Valves Limited,66.54,66.61,63.25,64.33,63.90,66.28,,64.80,,,2684,174748.00,61,F1,1,,,,,
2026-07-30,2026-07-30,CM,BSE,STK,543237,INE249Z01020,MAZDOCK,A,,,,,Mazagon Dock Shipbuilders Limi,2306.15,2341.00,2270.20,2319.65,2319.65,2308.00,,2319.10,,,148097,341805162.00,11555,F1,1,,,,,
2026-07-30,2026-07-30,CM,BSE,STK,543238,INE094J01016,UTIAMC,A,,,,,UTI Asset Management Company L,915.00,915.00,900.00,909.10,909.95,914.30,,909.30,,,21684,19623909.00,252,F1,1,,,,,
2026-07-30,2026-07-30,CM,BSE,STK,543240,INE060901027,LIKHITHA,B,,,,,Likhitha Infrastructure Limite,220.00,226.80,218.70,220.80,221.70,223.85,,219.80,,,2081,463700.00,124,F1,1,,,,,
2026-07-30,2026-07-30,CM,BSE,STK,543241,INE244W01010,VGIL,T,,,,,Veer Global Infraconstruction,133.75,134.00,130.00,134.00,134.00,134.95,,134.00,,,200,26488.00,10,F1,1,,,,,
2026-07-30,2026-07-30,CM,BSE,STK,543242,INE0AJG01018,HEMIPROP,B,,,,,Hemisphere Properties India Li,134.80,135.90,134.20,134.50,134.50,134.80,,134.56,,,6330,853272.00,121,F1,1,,,,,
2026-07-30,2026-07-30,CM,BSE,STK,543243,INE063P01018,EQUITASBNK,A,,,,,Equitas Small Finance Bank Lim,73.18,73.95,72.38,72.64,72.64,73.06,,72.58,,,99416,7285147.00,943,F1,1,,,,,
2026-07-30,2026-07-30,CM,BSE,STK,543245,INE068V01023,GLAND,A,,,,,Gland Pharma Limited,2569.80,2586.00,2492.25,2514.85,2514.10,2544.15,,2516.90,,,149407,382838824.00,3451,F1,1,,,,,
2026-07-30,2026-07-30,CM,BSE,STK,543246,INF769K01GS9,ESG,B,,,,,Mirae Asset Mutual Fund,41.75,41.90,41.71,41.84,41.80,41.86,,41.80,,,1759,73496.00,11,F1,1,,,,,
2026-07-30,2026-07-30,CM,BSE,STK,543248,INE07T201019,RBA,A,,,,,Restaurant Brands Asia Limited,67.10,67.86,66.50,67.30,67.27,67.10,,67.01,,,43353,2898708.00,377,F1,1,,,,,
2026-07-30,2026-07-30,CM,BSE,STK,543249,INE0EK901012,TARC,B,,,,,TARC LIMITED,132.80,134.80,131.65,133.70,133.60,134.20,,133.96,,,43603,5794325.00,326,F1,1,,,,,
2026-07-30,2026-07-30,CM,BSE,STK,543250,INF247L01AK4,MOGSEC,F,,,,,Motilal Oswal Mutual Fund,65.01,65.99,64.92,65.60,65.60,64.96,,65.34,,,10065,656757.00,64,F1,1,,,,,
2026-07-30,2026-07-30,CM,BSE,STK,543251,INE09E501017,RVHL,B,,,,,Ravinder Heights Limited,44.20,44.20,44.05,44.10,44.10,44.30,,44.27,,,58,2556.00,5,F1,1,,,,,
2026-07-30,2026-07-30,CM,BSE,STK,543252,INE0DNW01011,FAIRCHEMOR,T,,,,,Fairchem Organics Limited,794.15,796.50,794.15,794.15,794.15,810.35,,794.15,,,1277,1014164.00,43,F1,1,,,,,
2026-07-30,2026-07-30,CM,BSE,STK,543253,INE495P01020,BECTORFOOD,B,,,,,Mrs. Bectors Food Specialities,213.20,219.00,211.00,213.75,212.20,216.50,,213.86,,,197676,42406668.00,1727,F1,1,,,,,
2026-07-30,2026-07-30,CM,BSE,STK,543254,INE01BK01022,AWHCL,B,,,,,Antony Waste Handling Cell Lim,432.85,433.15,423.15,425.40,425.00,432.30,,425.10,,,3059,1309492.00,234,F1,1,,,,,
2026-07-30,2026-07-30,CM,BSE,STK,543255,INF732E01268,INFRABEES,B,,,,,Nippon India Mutual Fund,963.92,970.47,960.19,966.09,970.47,962.77,,968.64,,,252,242972.00,161,F1,1,,,,,
2026-07-30,2026-07-30,CM,BSE,STK,543256,INE018S01016,RFLL,X,,,,,RITA FINANCE AND LEASING LIMIT,13.40,13.40,12.53,12.59,12.53,13.12,,12.59,,,754,9488.00,10,F1,1,,,,,
2026-07-30,2026-07-30,CM,BSE,STK,543257,INE053F01010,IRFC,A,,,,,Indian Railway Finance Corpora,89.44,89.48,87.71,88.94,88.94,89.05,,88.92,,,1236754,109646327.00,5087,F1,1,,,,,
2026-07-30,2026-07-30,CM,BSE,STK,543258,INE09VQ01012,INDIGOPNTS,A,,,,,Indigo Paints Limited,1108.50,1108.50,1069.30,1082.70,1069.30,1101.85,,1080.90,,,2325,2530912.00,209,F1,1,,,,,
2026-07-30,2026-07-30,CM,BSE,STK,543259,INE481N01025,HOMEFIRST,A,,,,,Home First Finance Company Ind,1185.30,1202.40,1170.40,1188.90,1196.85,1173.35,,1188.20,,,4962,5879418.00,404,F1,1,,,,,
2026-07-30,2026-07-30,CM,BSE,STK,543260,INE00IN01015,STOVEKRAFT,B,,,,,STOVE KRAFT LIMITED,803.80,812.40,795.75,800.40,801.65,804.55,,801.20,,,1602,1288987.00,146,F1,1,,,,,
2026-07-30,2026-07-30,CM,BSE,STK,543261,INE0FDU25010,BIRET,IF,,,,,Brookfield India Real Estate T,343.90,345.00,338.27,341.78,341.39,342.95,,341.13,,,12194,4170161.00,1065,F1,1,,,,,
2026-07-30,2026-07-30,CM,BSE,STK,543263,INE103C01036,SMCGLOBAL,B,,,,,SMC Global Securities Limited,80.75,82.42,78.57,81.50,81.50,79.90,,81.54,,,26548,2146444.00,244,F1,1,,,,,
2026-07-30,2026-07-30,CM,BSE,STK,543264,INE0DSF01015,NURECA,B,,,,,Nureca Limited,321.20,326.50,318.70,322.50,321.00,326.75,,322.22,,,647,209910.00,67,F1,1,,,,,
2026-07-30,2026-07-30,CM,BSE,STK,543265,INE0DD101019,RAILTEL,A,,,,,RailTel Corporation of India L,290.90,295.90,290.05,294.30,293.40,293.45,,294.25,,,49002,14406329.00,1066,F1,1,,,,,
2026-07-30,2026-07-30,CM,BSE,STK,543266,INE694N01015,HERANBA,B,,,,,Heranba Industries Limited,178.00,178.90,174.10,175.25,175.25,177.75,,174.97,,,1011,177407.00,72,F1,1,,,,,
2026-07-30,2026-07-30,CM,BSE,STK,543267,INE179G01029,DAVANGERE,B,,,,,Davangere Sugar Company Limite,3.22,3.22,3.14,3.17,3.17,3.20,,3.17,,,240614,764151.00,370,F1,1,,,,,
2026-07-30,2026-07-30,CM,BSE,STK,543268,INE03RS01027,DRCSYSTEMS,B,,,,,DRC Systems India Limited,13.45,13.82,13.40,13.50,13.40,13.64,,13.48,,,1465,19886.00,31,F1,1,,,,,
2026-07-30,2026-07-30,CM,BSE,STK,543270,INE864I01014,MTARTECH,T,,,,,MTAR Technologies Limited,5290.00,5442.25,5277.00,5442.25,5442.25,5183.10,,5453.50,,,22315,119974950.00,2905,F1,1,,,,,
2026-07-30,2026-07-30,CM,BSE,STK,543271,INE0BY001018,JUBLINGREA,A,,,,,Jubilant Ingrevia Limited,745.70,745.70,725.75,728.45,726.85,737.05,,728.45,,,9860,7208145.00,375,F1,1,,,,,
2026-07-30,2026-07-30,CM,BSE,STK,543272,INE07O001026,EASEMYTRIP,B,,,,,Easy Trip Planners Limited,6.73,6.77,6.53,6.57,6.57,6.73,,6.56,,,1648881,10927081.00,1630,F1,1,,,,,
2026-07-30,2026-07-30,CM,BSE,STK,543273,INE0CJD01029,KMEW,B,,,,,Knowledge Marine & Engineering,2622.30,2624.40,2499.40,2534.25,2534.25,2683.55,,2529.60,,,29052,74670599.00,2934,F1,1,,,,,
2026-07-30,2026-07-30,CM,BSE,STK,543275,INE930P01018,ANURAS,A,,,,,Anupam Rasayan India Limited,1210.00,1214.15,1203.50,1211.65,1211.65,1211.50,,1210.80,,,4082,4941598.00,149,F1,1,,,,,
2026-07-30,2026-07-30,CM,BSE,STK,543276,INE00LO01017,CRAFTSMAN,A,,,,,Craftsman Automation Limited,9949.95,10175.00,9585.00,10046.65,10046.65,9915.30,,10047.00,,,9458,93891862.00,2333,F1,1,,,,,
2026-07-30,2026-07-30,CM,BSE,STK,543277,INE576O01020,LXCHEM,B,,,,,Laxmi Organic Industries Limit,200.95,201.30,181.10,182.25,182.25,200.95,,182.17,,,705895,133218273.00,7087,F1,1,,,,,
2026-07-30,2026-07-30,CM,BSE,STK,543278,INE303R01014,KALYANKJIL,A,,,,,Kalyan Jewellers India Limited,631.00,649.00,627.10,634.40,634.40,628.90,,634.60,,,2289424,1462083609.00,29729,F1,1,,,,,
2026-07-30,2026-07-30,CM,BSE,STK,543279,INE428Q01011,SURYODAY,B,,,,,Suryoday Small Finance Bank Li,160.90,163.55,158.60,161.60,161.15,162.60,,161.65,,,119853,19302658.00,943,F1,1,,,,,
2026-07-30,2026-07-30,CM,BSE,STK,543280,INE418L01047,NAZARA,A,,,,,Nazara Technologies Limited,305.00,311.90,303.70,308.50,307.70,303.30,,308.05,,,49351,15214085.00,3186,F1,1,,,,,
2026-07-30,2026-07-30,CM,BSE,STK,543281,INE018401013,SUVIDHAA,B,,,,,Suvidhaa Infoserve Limited,2.52,2.65,2.50,2.62,2.63,2.51,,2.57,,,17770,45746.00,50,F1,1,,,,,
2026-07-30,2026-07-30,CM,BSE,STK,543282,INE0GX601011,NIKSTECH,TS,,,,,Niks Technology Limited,290.30,290.30,290.30,290.30,290.30,276.50,,290.30,,,300,87090.00,1,F1,300,,,,,
2026-07-30,2026-07-30,CM,BSE,STK,543283,INE382M01027,UFBL,B,,,,,UNITED FOODBRANDS LIMITED,710.25,722.05,670.70,677.65,677.65,706.00,,676.25,,,1937,1336744.00,170,F1,1,,,,,
2026-07-30,2026-07-30,CM,BSE,STK,543284,INE0CPR01018,EKI,B,,,,,EKI Energy Services Limited,83.03,84.70,82.60,83.00,82.80,83.59,,83.00,,,4401,365469.00,175,F1,1,,,,,
2026-07-30,2026-07-30,CM,BSE,STK,543285,INE0CQ101015,RCAN,M,,,,,Rajeshwari Cans Limited,16.60,17.30,15.50,16.90,16.90,15.90,,16.90,,,7200,118000.00,16,F1,400,,,,,
2026-07-30,2026-07-30,CM,BSE,STK,543287,INE670K01029,LODHA,A,,,,,Lodha Developers Limited,1300.20,1328.00,1281.60,1287.05,1287.05,1316.55,,1287.15,,,151041,197294630.00,6975,F1,1,,,,,
2026-07-30,2026-07-30,CM,BSE,STK,543288,INE0FHS01024,DEEPINDS,B,,,,,Deep Industries Limited,546.90,575.70,541.05,549.00,552.00,542.35,,548.80,,,60553,34029066.00,1965,F1,1,,,,,
2026-07-30,2026-07-30,CM,BSE,STK,543290,INE0GGX23010,PGINVIT,IF,,,,,POWERGRID Infrastructure Inves,101.44,101.75,100.36,101.40,101.40,101.69,,101.38,,,199577,20211749.00,1461,F1,1,,,,,
2026-07-30,2026-07-30,CM,BSE,STK,543291,INF769K01HF4,MAFANG,B,,,,,Mirae Asset Mutual Fund,189.09,189.09,188.15,189.09,189.09,191.34,,189.08,,,13234,2501938.00,603,F1,1,,,,,
2026-07-30,2026-07-30,CM,BSE,STK,543292,INF109KC1Q72,HEALTHIETF,B,,,,,ICICI Prudential Mutual Fund,172.15,172.47,170.81,171.89,172.27,171.39,,171.39,,,7835,1345848.00,137,F1,1,,,,,
2026-07-30,2026-07-30,CM,BSE,STK,543298,INE505Y01010,VINEETLAB,T,,,,,Vineet Laboratories Limited,40.95,40.95,38.30,39.30,39.30,39.00,,38.86,,,5034,200597.00,21,F1,1,,,,,
2026-07-30,2026-07-30,CM,BSE,STK,543299,INE810G01011,SHYAMMETL,A,,,,,Shyam Metalics and Energy Limi,1025.05,1033.95,1013.70,1022.15,1021.85,1033.80,,1022.30,,,13735,14016472.00,680,F1,1,,,,,
2026-07-30,2026-07-30,CM,BSE,STK,543300,INE073K01018,SONACOMS,A,,,,,Sona BLW Precision Forgings Li,716.20,767.25,716.20,762.75,762.75,720.40,,763.70,,,461650,344628313.00,10300,F1,1,,,,,
2026-07-30,2026-07-30,CM,BSE,STK,543306,INE021O01019,DODLA,A,,,,,Dodla Dairy Limited,1039.95,1048.05,1037.45,1042.00,1043.00,1066.45,,1041.80,,,766,797565.00,115,F1,1,,,,,
2026-07-30,2026-07-30,CM,BSE,STK,543308,INE967H01025,KIMS,A,,,,,Krishna Institute of Medical S,799.75,815.85,786.15,807.30,807.30,796.95,,807.00,,,33010,26485714.00,2056,F1,1,,,,,
2026-07-30,2026-07-30,CM,BSE,STK,543309,INE0H8J01015,ADESHWAR,M,,,,,Adeshwar Meditex Limited,14.10,16.30,14.10,16.30,16.30,16.93,,16.30,,,30000,456060.00,5,F1,6000,,,,,
2026-07-30,2026-07-30,CM,BSE,STK,543311,INE0D6701023,IPL,B,,,,,India Pesticides Limited,153.20,153.20,151.50,152.15,152.70,152.70,,152.25,,,4511,686198.00,128,F1,1,,,,,
2026-07-30,2026-07-30,CM,BSE,STK,543312,INE0DXR01010,FOCUS,M,,,,,Focus Business Solution Limite,202.00,202.00,202.00,202.00,202.00,195.00,,202.00,,,2133,430866.00,1,F1,2133,,,,,
2026-07-30,2026-07-30,CM,BSE,STK,543317,INE201P01022,GRINFRA,B,,,,,G R Infraprojects Limited,884.95,893.85,879.00,890.65,890.00,884.90,,891.50,,,721,641137.00,89,F1,1,,,,,
2026-07-30,2026-07-30,CM,BSE,STK,543318,INE227W01023,CLEAN,A,,,,,Clean Science and Technology L,736.75,740.50,722.65,728.10,727.00,736.75,,729.00,,,18595,13601123.00,1255,F1,1,,,,,
2026-07-30,2026-07-30,CM,BSE,STK,543320,INE758T01015,ETERNAL,A,,,,,Eternal Limited,306.95,312.50,304.95,310.80,310.80,311.40,,310.65,,,2220983,682544406.00,20066,F1,1,,,,,
2026-07-30,2026-07-30,CM,BSE,STK,543321,INE0GK401011,TATVA,B,,,,,Tatva Chintan Pharma Chem Limi,1758.20,1758.20,1669.20,1679.30,1673.90,1742.15,,1680.20,,,4089,6949665.00,437,F1,1,,,,,
2026-07-30,2026-07-30,CM,BSE,STK,543322,INE03Q201024,ALIVUS,A,,,,,ALIVUS LIFE SCIENCES LIMITED,1108.65,1140.40,1090.10,1095.45,1111.00,1119.70,,1095.70,,,6501,7270626.00,697,F1,1,,,,,
2026-07-30,2026-07-30,CM,BSE,STK,543323,INF769K01HI8,BFSI,B,,,,,Mirae Asset Mutual Fund,27.26,27.28,27.13,27.26,27.28,27.31,,27.21,,,1335,36315.00,167,F1,1,,,,,
2026-07-30,2026-07-30,CM,BSE,STK,543324,INE199P01028,GCSL,B,,,,,Gretex Corporate Services Limi,517.20,525.50,516.90,523.50,523.50,516.40,,522.30,,,1434,746578.00,113,F1,1,,,,,
2026-07-30,2026-07-30,CM,BSE,STK,543325,INE645S01024,ROLEXRINGS,B,,,,,Rolex Rings Limited,139.95,140.00,136.55,137.25,137.25,138.95,,137.00,,,30220,4171418.00,486,F1,1,,,,,
2026-07-30,2026-07-30,CM,BSE,STK,543326,INF109KC19V3,FMCGIETF,B,,,,,ICICI Prudential Mutual Fund,53.52,53.64,53.13,53.21,53.27,53.24,,53.23,,,24290,1296630.00,217,F1,1,,,,,
2026-07-30,2026-07-30,CM,BSE,STK,543327,INE0GFE01026,EXXARO,B,,,,,Exxaro Tiles Limited,6.40,6.54,6.30,6.34,6.34,6.39,,6.32,,,26434,167333.00,103,F1,1,,,,,
2026-07-30,2026-07-30,CM,BSE,STK,543328,INE08LI01020,KRSNAA,B,,,,,Krsnaa Diagnostics Limited,532.55,532.55,521.40,523.95,523.70,533.90,,524.05,,,5396,2840766.00,265,F1,1,,,,,
2026-07-30,2026-07-30,CM,BSE,STK,543329,INE0H5O01029,WINDLAS,B,,,,,Windlas Biotech Limited,869.95,879.95,852.65,856.65,858.65,855.40,,859.75,,,4125,3575161.00,402,F1,1,,,,,
2026-07-30,2026-07-30,CM,BSE,STK,543330,INE872J01023,DEVYANI,A,,,,,Devyani International Limited,118.70,121.80,114.25,118.45,118.45,118.40,,118.53,,,1049432,123326843.00,11749,F1,1,,,,,
2026-07-30,2026-07-30,CM,BSE,STK,543331,INE0CT101020,MOL,B,,,,,Meghmani Organics Limited,56.51,58.24,55.00,55.21,55.14,56.30,,55.30,,,128998,7334786.00,812,F1,1,,,,,
2026-07-30,2026-07-30,CM,BSE,STK,543332,INE071N01016,EPIGRAL,B,,,,,Epigral Limited,1133.25,1133.25,1100.65,1106.30,1104.00,1125.85,,1105.40,,,3740,4150568.00,329,F1,1,,,,,
2026-07-30,2026-07-30,CM,BSE,STK,543333,INE290S01011,CARTRADE,A,,,,,CarTrade Tech Limited,2845.25,2853.95,2707.00,2793.40,2793.40,2857.95,,2791.80,,,47645,131877911.00,4574,F1,1,,,,,
2026-07-30,2026-07-30,CM,BSE,STK,543334,INE118D01016,NUVOCO,A,,,,,Nuvoco Vistas Corporation Limi,348.50,353.00,347.35,348.85,348.85,352.00,,349.15,,,425451,150019179.00,895,F1,1,,,,,
2026-07-30,2026-07-30,CM,BSE,STK,543335,INE852O01025,APTUS,A,,,,,Aptus Value Housing Finance In,280.15,283.85,276.45,277.05,277.05,281.85,,277.20,,,43077,11997442.00,921,F1,1,,,,,
2026-07-30,2026-07-30,CM,BSE,STK,543336,INE488A01050,CHEMPLASTS,B,,,,,Chemplast Sanmar Limited,203.65,203.85,200.50,202.10,201.80,203.65,,201.73,,,13143,2653651.00,672,F1,1,,,,,
2026-07-30,2026-07-30,CM,BSE,STK,543341,INE647W01014,SHARPLINE,X,,,,,SHARPLINE BROADCAST LIMITED,10.00,10.73,10.00,10.20,10.20,10.15,,10.20,,,4750,47507.00,14,F1,1,,,,,
2026-07-30,2026-07-30,CM,BSE,STK,543346,INE0EAX01014,AASHKA,M,,,,,Aashka Hospitals Limited,71.50,73.70,71.50,73.70,73.70,74.25,,73.70,,,2000,145200.00,2,F1,1000,,,,,
2026-07-30,2026-07-30,CM,BSE,STK,543347,INF846K01Y96,ITAXIS,B,,,,,Axis Mutual Fund,354.00,354.00,342.15,343.86,343.99,342.71,,342.72,,,1012,350661.00,31,F1,1,,,,,
2026-07-30,2026-07-30,CM,BSE,STK,543348,INF846K01Z12,HEALTHAXIS,B,,,,,Axis Mutual Fund,171.26,171.26,170.21,170.61,170.61,169.35,,169.83,,,102,17387.00,17,F1,1,,,,,
2026-07-30,2026-07-30,CM,BSE,STK,543349,INE00FF01025,ACUTAAS,A,,,,,ACUTAAS CHEMICALS LIMITED,3255.15,3327.95,3150.00,3233.50,3233.50,3307.85,,3233.80,,,35035,112208812.00,3893,F1,1,,,,,
2026-07-30,2026-07-30,CM,BSE,STK,543350,INE043W01024,VIJAYA,A,,,,,Vijaya Diagnostic Centre Limit,1384.85,1384.85,1350.00,1360.30,1350.85,1370.25,,1360.20,,,2661,3633794.00,225,F1,1,,,,,
2026-07-30,2026-07-30,CM,BSE,STK,543351,INE0GOA01018,NBL,TS,,,,,Naapbooks Limited,126.20,126.25,126.20,126.25,126.20,132.80,,126.25,,,4800,605820.00,4,F1,1200,,,,,
2026-07-30,2026-07-30,CM,BSE,STK,543358,INE953O01021,SANSERA,A,,,,,Sansera Engineering Limited,3210.00,3250.00,3176.30,3236.70,3245.00,3235.10,,3235.30,,,5644,18151780.00,793,F1,1,,,,,
2026-07-30,2026-07-30,CM,BSE,STK,543363,INE0GAO01018,PREVEST,M,,,,,Prevest Denpro Limited,389.00,392.00,389.00,391.00,391.00,389.00,,391.00,,,4000,1561600.00,14,F1,200,,,,,
2026-07-30,2026-07-30,CM,BSE,STK,543364,INE0FW001016,MARKOLINES,B,,,,,Markolines Pavement Technologi,177.55,178.85,175.90,177.65,176.50,177.80,,177.90,,,24104,4284794.00,322,F1,1,,,,,
2026-07-30,2026-07-30,CM,BSE,STK,543365,INF769K01HP3,MASPTOP50,B,,,,,Mirae Asset Mutual Fund,76.96,76.96,76.96,76.96,76.96,77.37,,76.96,,,2531,194785.00,68,F1,1,,,,,
2026-07-30,2026-07-30,CM,BSE,STK,543366,INE0DLM01024,SBLI,M,,,,,SBL Infratech Limited,47.00,47.50,47.00,47.50,47.50,48.00,,47.50,,,3600,169800.00,2,F1,1200,,,,,
2026-07-30,2026-07-30,CM,BSE,STK,543367,INE045601023,PARAS,A,,,,,Paras Defence and Space Techno,1219.90,1222.00,1192.05,1211.95,1216.40,1211.55,,1212.40,,,28232,34061143.00,1510,F1,1,,,,,
2026-07-30,2026-07-30,CM,BSE,STK,543373,INE0HLJ01013,SVRL,T,,,,,Shri Venkatesh Refineries Limi,404.00,410.00,395.00,408.95,409.00,400.30,,408.95,,,40789,16648318.00,179,F1,1,,,,,
2026-07-30,2026-07-30,CM,BSE,STK,543374,INE404A01024,ABSLAMC,A,,,,,Aditya Birla Sun Life AMC Limi,1023.25,1023.30,1007.00,1008.90,1017.60,1019.30,,1008.80,,,4404,4470469.00,393,F1,1,,,,,
2026-07-30,2026-07-30,CM,BSE,STK,543375,INE0I2F01015,PROMAX,M,,,,,Promax Power Limited,12.83,12.83,12.25,12.25,12.25,12.10,,12.25,,,5000,62700.00,2,F1,2500,,,,,
2026-07-30,2026-07-30,CM,BSE,STK,543376,INE0GD201014,SAMOR,B,,,,,Samor Reality Limited,94.50,95.00,94.50,95.00,95.00,95.00,,95.00,,,11,1040.00,2,F1,1,,,,,
2026-07-30,2026-07-30,CM,BSE,STK,543377,INE0CWK01019,ADISHAKTI,M,,,,,Adishakti Loha and Ispat Limit,12.00,12.27,12.00,12.23,12.23,12.19,,12.23,,,170000,2077500.00,8,F1,10000,,,,,
2026-07-30,2026-07-30,CM,BSE,STK,543378,INE0H8H01019,CWD,MS,,,,,CWD Limited,319.70,319.70,312.10,312.80,312.10,319.70,,312.80,,,13500,4242600.00,17,F1,500,,,,,
2026-07-30,2026-07-30,CM,BSE,STK,543383,INF109KC1V42,CONSUMIETF,B,,,,,ICICI Prudential Mutual Fund,124.69,125.26,124.52,125.14,125.26,124.36,,125.02,,,509,63635.00,14,F1,1,,,,,
2026-07-30,2026-07-30,CM,BSE,STK,543384,INE388Y01029,NYKAA,A,,,,,FSN E-Commerce Ventures Limite,328.90,334.20,326.90,333.90,334.00,327.35,,333.75,,,156880,52100947.00,2248,F1,1,,,,,
2026-07-30,2026-07-30,CM,BSE,STK,543386,INE02NC01014,FINOPB,B,,,,,Fino Payments Bank Limited,162.95,163.00,159.20,160.50,160.15,163.00,,160.72,,,27770,4458771.00,287,F1,1,,,,,
2026-07-30,2026-07-30,CM,BSE,STK,543387,INE284S01014,SJS,A,,,,,S.J.S. Enterprises Limited,2349.90,2405.15,2349.90,2362.00,2365.00,2346.65,,2359.10,,,4628,10998852.00,588,F1,1,,,,,
2026-07-30,2026-07-30,CM,BSE,STK,543388,INF740KA1QK2,EQUAL50ADD,B,,,,,DSP Nifty 50 Equal Weight ETF,346.41,346.74,345.90,346.74,346.74,346.50,,346.72,,,1419,491563.00,4,F1,1,,,,,
2026-07-30,2026-07-30,CM,BSE,STK,543389,INE0D0K01022,SIGACHI,T,,,,,Sigachi Industries Limited,26.43,26.43,26.43,26.43,26.43,25.92,,26.43,,,59875,1582496.00,26,F1,1,,,,,
2026-07-30,2026-07-30,CM,BSE,STK,543390,INE417T01026,POLICYBZR,A,,,,,PB Fintech Limited,1595.95,1605.15,1580.65,1593.90,1593.90,1610.40,,1593.50,,,21842,34792173.00,1285,F1,1,,,,,
2026-07-30,2026-07-30,CM,BSE,STK,543391,INE07GA01011,SGFRL,M,,,,,Suyog Gurbaxani Funicular Rope,105.00,105.00,100.00,101.00,101.00,103.00,,101.00,,,121500,12154500.00,9,F1,750,,,,,
2026-07-30,2026-07-30,CM,BSE,STK,543396,INE982J01020,PAYTM,A,,,,,One 97 Communications Limited,1301.00,1350.00,1301.00,1331.05,1331.05,1331.45,,1332.50,,,328843,439581609.00,6824,F1,1,,,,,
2026-07-30,2026-07-30,CM,BSE,STK,543397,INE806T01020,SAPPHIRE,A,,,,,Sapphire Foods India Limited,195.00,205.00,191.45,195.15,194.80,193.40,,195.25,,,2414030,472729665.00,4900,F1,1,,,,,
2026-07-30,2026-07-30,CM,BSE,STK,543398,INE0I7C01011,LATENTVIEW,A,,,,,Latent View Analytics Limited,317.50,317.50,309.30,310.40,312.00,317.60,,310.45,,,28918,9060579.00,740,F1,1,,,,,
2026-07-30,2026-07-30,CM,BSE,STK,543399,INE144Z01023,TARSONS,B,,,,,Tarsons Products Limited,320.00,320.00,313.05,317.50,315.05,320.15,,316.55,,,3901,1233411.00,152,F1,1,,,,,
2026-07-30,2026-07-30,CM,BSE,STK,543400,INE0JFE01012,OMNIPOTENT,M,,,,,Omnipotent Industries Limited,2.45,2.48,2.45,2.48,2.48,2.37,,2.48,,,8000,19720.00,4,F1,2000,,,,,
2026-07-30,2026-07-30,CM,BSE,STK,543401,INE0BJS01011,GOCOLORS,B,,,,,Go Fashion (India) Limited,326.45,353.85,309.40,341.80,341.80,322.65,,342.95,,,51895,16979795.00,1326,F1,1,,,,,
2026-07-30,2026-07-30,CM,BSE,STK,543411,INE106T01025,HITECH,B,,,,,HI-TECH PIPES LIMITED,86.49,86.49,84.56,84.78,84.88,86.06,,84.74,,,24888,2120441.00,338,F1,1,,,,,
2026-07-30,2026-07-30,CM,BSE,STK,543412,INE575P01011,STARHEALTH,A,,,,,Star Health and Allied Insuran,615.20,624.20,599.50,609.10,609.95,598.90,,610.35,,,1101447,667837507.00,5782,F1,1,,,,,
2026-07-30,2026-07-30,CM,BSE,STK,543413,INE011K01018,TEGA,A,,,,,Tega Industries Limited,1510.05,1519.35,1474.00,1477.45,1474.90,1503.40,,1477.40,,,3304,4918743.00,373,F1,1,,,,,
2026-07-30,2026-07-30,CM,BSE,STK,543414,INF769K01HS7,MAHKTECH,B,,,,,Mirae Asset Mutual Fund,23.29,23.29,23.29,23.29,23.29,23.16,,23.29,,,3555,82795.00,20,F1,1,,,,,
2026-07-30,2026-07-30,CM,BSE,STK,543415,INE463V01026,ANANDRATHI,A,,,,,Anand Rathi Wealth Limited,2030.15,2064.75,2030.15,2038.20,2034.55,2034.85,,2039.30,,,5460,11190740.00,285,F1,1,,,,,
2026-07-30,2026-07-30,CM,BSE,STK,543416,INE761Y01019,ZODIAC,T,,,,,Zodiac Energy Limited,244.00,244.00,236.60,240.90,240.90,243.00,,239.75,,,807,193975.00,54,F1,1,,,,,
2026-07-30,2026-07-30,CM,BSE,STK,543417,INE0CLI01024,RATEGAIN,A,,,,,RateGain Travel Technologies L,923.15,923.15,893.50,896.85,897.15,922.00,,896.45,,,6895,6254030.00,506,F1,1,,,,,
2026-07-30,2026-07-30,CM,BSE,STK,543418,INF754K01OB1,BBETF0432,F,,,,,Edelweiss Mutual Fund,1350.50,1358.25,1350.50,1358.25,1358.25,1350.50,,1356.53,,,3,4059.00,2,F1,1,,,,,
2026-07-30,2026-07-30,CM,BSE,STK,543419,INE217L01019,SHRIRAMPPS,B,,,,,Shriram Properties Limited,85.46,85.82,83.60,84.05,84.33,86.24,,83.91,,,182789,15422047.00,702,F1,1,,,,,
2026-07-30,2026-07-30,CM,BSE,STK,543420,INE982V01025,JETFREIGHT,B,,,,,Jet Freight Logistics Limited,20.95,22.36,20.66,22.06,22.06,21.20,,22.13,,,17605,374952.00,124,F1,1,,,,,
2026-07-30,2026-07-30,CM,BSE,STK,543425,INE0BV301023,MAPMYINDIA,A,,,,,C.E. Info Systems Limited,1177.00,1199.00,1158.50,1183.90,1183.90,1165.15,,1184.70,,,16929,19945065.00,1068,F1,1,,,,,
2026-07-30,2026-07-30,CM,BSE,STK,543426,INE317I01021,METROBRAND,A,,,,,Metro Brands Limited,1025.00,1042.00,1023.00,1029.85,1027.30,1031.75,,1029.70,,,3311,3414559.00,183,F1,1,,,,,
2026-07-30,2026-07-30,CM,BSE,STK,543427,INE804L01022,MEDPLUS,A,,,,,Medplus Health Services Limite,720.00,726.95,712.50,714.55,716.25,721.20,,714.75,,,3191,2298530.00,193,F1,1,,,,,
2026-07-30,2026-07-30,CM,BSE,STK,543428,INE0IX101010,DATAPATTNS,A,,,,,Data Patterns (India) Limited,4436.15,4488.80,4362.85,4459.85,4470.00,4436.25,,4461.90,,,24819,109867717.00,2081,F1,1,,,,,
2026-07-30,2026-07-30,CM,BSE,STK,543433,INE0GSL01024,HPAL,B,,,,,HP Adhesives Limited,32.69,33.31,32.48,32.84,32.80,32.69,,32.91,,,4559,149808.00,83,F1,1,,,,,
2026-07-30,2026-07-30,CM,BSE,STK,543434,INE07RO01027,SUPRIYA,B,,,,,Supriya Lifescience Limited,860.00,873.00,851.80,860.00,858.05,859.65,,859.90,,,16629,14390138.00,761,F1,1,,,,,
2026-07-30,2026-07-30,CM,BSE,STK,543437,INF247L01AU3,MONQ50,B,,,,,Motilal Oswal Mutual Fund,140.08,140.08,140.08,140.08,140.08,140.71,,140.08,,,1161,162632.00,86,F1,1,,,,,
2026-07-30,2026-07-30,CM,BSE,STK,543438,INF740KA1ZF3,MIDQ50ADD,B,,,,,DSP Nifty Midcap 150 Quality 5,25.25,25.28,25.12,25.24,25.24,25.18,,25.17,,,2260,56804.00,8,F1,1,,,,,
2026-07-30,2026-07-30,CM,BSE,STK,543440,INF740KA1CL0,NIFTYADD,B,,,,,DSP Nifty 50 ETF,255.16,256.25,254.71,255.58,256.00,255.16,,255.88,,,972,248089.00,32,F1,1,,,,,
2026-07-30,2026-07-30,CM,BSE,STK,543441,INE925R01014,CMSINFO,A,,,,,CMS Info Systems Limited,276.05,278.70,267.70,268.40,268.40,277.70,,268.50,,,21890,5968364.00,1044,F1,1,,,,,
2026-07-30,2026-07-30,CM,BSE,STK,543442,INE977Y01011,BCONCEPTS,B,,,,,Brand Concepts Limited,187.00,191.50,186.45,187.05,187.05,188.05,,186.37,,,73,13698.00,35,F1,1,,,,,
2026-07-30,2026-07-30,CM,BSE,STK,543443,INE0E4I01027,ASCENSIVE,MS,,,,,Ascensive Educare Limited,19.00,19.02,19.00,19.00,19.00,20.08,,19.00,,,50000,950200.00,4,F1,10000,,,,,
2026-07-30,2026-07-30,CM,BSE,STK,543449,INE02WG01024,WEL,B,,,,,WONDER ELECTRICALS LIMITED,113.95,119.50,113.95,117.45,117.25,116.60,,117.73,,,16026,1871761.00,471,F1,1,,,,,
2026-07-30,2026-07-30,CM,BSE,STK,543450,INF109KC10V2,AUTOIETF,B,,,,,ICICI Prudential Mutual Fund,29.11,29.31,28.73,29.23,29.31,28.81,,29.27,,,23511,684341.00,386,F1,1,,,,,
2026-07-30,2026-07-30,CM,BSE,STK,543452,INF109KC1Y56,SILVERIETF,E,,,,,ICICI Prudential Mutual Fund,221.09,221.09,213.96,215.81,215.90,215.70,,215.85,,,231700,49780974.00,2324,F1,1,,,,,
2026-07-30,2026-07-30,CM,BSE,STK,543454,INF769K01IB1,MAKEINDIA,B,,,,,Mirae Asset Mutual Fund,163.68,164.10,163.06,163.99,163.99,163.33,,164.25,,,3141,514914.00,24,F1,1,,,,,
2026-07-30,2026-07-30,CM,BSE,STK,543458,INE699H01024,AWL,A,,,,,AWL AGRI BUSINESS LIMITED,189.05,189.75,187.00,187.65,187.50,189.90,,187.58,,,56537,10622273.00,881,F1,1,,,,,
2026-07-30,2026-07-30,CM,BSE,STK,543460,INE0KAF01018,QRIL,M,,,,,Quality RO Industries Limited,41.00,41.00,41.00,41.00,41.00,41.31,,41.00,,,500,20500.00,1,F1,500,,,,,
2026-07-30,2026-07-30,CM,BSE,STK,543462,INE060X01034,DEVIT,B,,,,,DEV INFORMATION TECHNOLOGY LIM,27.00,27.43,26.15,26.55,26.55,27.32,,26.34,,,2422,64441.00,204,F1,1,,,,,
2026-07-30,2026-07-30,CM,BSE,STK,543463,INE825V01034,MANYAVAR,A,,,,,Vedant Fashions Limited,403.00,419.20,400.50,417.65,417.65,403.10,,417.70,,,24861,10214353.00,1342,F1,1,,,,,
2026-07-30,2026-07-30,CM,BSE,STK,543464,INE0JSJ01014,SPITZE,M,,,,,Maruti Interior Products Limit,56.50,57.00,55.09,55.09,55.09,57.00,,55.09,,,5000,282440.00,5,F1,1000,,,,,
2026-07-30,2026-07-30,CM,BSE,STK,543465,INF247L01BK2,MOMOMENTUM,B,,,,,Motilal Oswal Mutual Fund,60.96,61.10,60.50,61.10,61.10,61.00,,61.01,,,484,29449.00,27,F1,1,,,,,
2026-07-30,2026-07-30,CM,BSE,STK,543470,INE728Z01015,SOFTTECH,T,,,,,SoftTech Engineers Limited,419.00,419.00,411.00,411.00,411.00,419.95,,413.00,,,22,9130.00,2,F1,1,,,,,
2026-07-30,2026-07-30,CM,BSE,STK,543471,INF209KB19F6,SILVER,E,,,,,Aditya Birla Sun Life Mutual F,213.52,215.99,213.52,215.58,215.58,215.83,,215.72,,,66753,14357143.00,1226,F1,1,,,,,
2026-07-30,2026-07-30,CM,BSE,STK,543472,INF209KB11D8,TECH,B,,,,,Aditya Birla Sun Life Mutual F,34.23,34.83,33.43,34.32,34.32,34.06,,34.17,,,20446,706616.00,80,F1,1,,,,,
2026-07-30,2026-07-30,CM,BSE,STK,543473,INF209KB10C2,HEALTHY,B,,,,,Aditya Birla Sun Life Mutual F,16.76,17.30,16.76,17.20,17.25,17.19,,17.21,,,12474,214596.00,143,F1,1,,,,,
2026-07-30,2026-07-30,CM,BSE,STK,543474,INF209KB19D1,BSLNIFTY,B,,,,,Aditya Birla Sun Life Mutual F,29.12,29.12,27.69,28.45,28.45,28.41,,28.48,,,102882,2926240.00,594,F1,1,,,,,
2026-07-30,2026-07-30,CM,BSE,STK,543480,INF109KC14A8,GSEC5IETF,F,,,,,ICICI Prudential Mutual Fund,66.59,66.59,66.59,66.59,66.59,66.00,,66.40,,,3,199.00,1,F1,1,,,,,
2026-07-30,2026-07-30,CM,BSE,STK,543481,INF769K01IC9,MIDCAPETF,B,,,,,Mirae Asset Mutual Fund,23.04,24.11,23.04,23.57,23.58,23.64,,23.54,,,85441,2013350.00,474,F1,1,,,,,
2026-07-30,2026-07-30,CM,BSE,STK,543482,INE0KCE01017,EUREKAFORB,A,,,,,Eureka Forbes Limited,450.00,456.35,445.00,450.30,450.75,451.40,,450.55,,,2392,1078663.00,153,F1,1,,,,,
2026-07-30,2026-07-30,CM,BSE,STK,543489,INE079J01017,GATEWAY,B,,,,,Gateway Distriparks Limited,58.61,58.61,57.70,57.85,57.97,58.18,,57.86,,,33709,1962198.00,534,F1,1,,,,,
2026-07-30,2026-07-30,CM,BSE,STK,543490,INE0CU601026,GMRP&UI,A,,,,,GMR Power and Urban Infra Limi,97.64,99.65,96.00,99.42,99.31,96.80,,99.48,,,34465,3394095.00,423,F1,1,,,,,
2026-07-30,2026-07-30,CM,BSE,STK,543497,INE0KQ001017,BCCL,M,,,,,Bhatia Colour Chem Limited,36.25,36.50,34.44,34.77,34.77,36.25,,34.77,,,19200,672656.00,41,F1,400,,,,,
2026-07-30,2026-07-30,CM,BSE,STK,543498,INE0FS801015,MSUMI,A,,,,,Motherson Sumi Wiring India Li,41.15,41.30,40.55,41.06,41.15,41.26,,41.05,,,414595,16973926.00,2272,F1,1,,,,,
2026-07-30,2026-07-30,CM,BSE,STK,543499,INE0K1401020,ACHYUT,T,,,,,Achyut Healthcare Limited,7.00,7.01,6.60,6.63,6.83,6.91,,6.63,,,24629,165410.00,151,F1,1,,,,,
2026-07-30,2026-07-30,CM,BSE,STK,543500,INE0JVD01011,EVOQ,MT,,,,,Evoq Remedies Limited,1.75,1.75,1.70,1.71,1.71,1.75,,1.71,,,12000,20640.00,3,F1,4000,,,,,
2026-07-30,2026-07-30,CM,BSE,STK,543501,INF247L01BL0,MOLOWVOL,B,,,,,Motilal Oswal Mutual Fund,37.33,37.33,37.33,37.33,37.33,37.75,,37.49,,,259,9668.00,3,F1,1,,,,,
2026-07-30,2026-07-30,CM,BSE,STK,543512,INE652Z01025,AVROIND,B,,,,,Avro India Limited,8.75,9.09,8.49,8.72,9.00,8.76,,8.62,,,205786,1821215.00,197,F1,1,,,,,
2026-07-30,2026-07-30,CM,BSE,STK,543513,INE0GIU01018,UMAEXPORTS,T,,,,,Uma Exports Limited,20.35,20.50,19.80,20.15,20.15,20.34,,19.91,,,1297,26022.00,19,F1,1,,,,,
2026-07-30,2026-07-30,CM,BSE,STK,543514,INE0IQ001011,VERANDA,B,,,,,Veranda Learning Solutions Lim,231.75,234.35,229.00,232.25,231.25,230.55,,232.00,,,5326,1236342.00,96,F1,1,,,,,
2026-07-30,2026-07-30,CM,BSE,STK,543515,INE0KPY01017,SEML,MT,,,,,Sunrise Efficient Marketing Li,42.00,42.50,40.20,40.83,40.20,42.00,,40.83,,,13875,580560.00,21,F1,375,,,,,
2026-07-30,2026-07-30,CM,BSE,STK,543516,INE0K5F01014,DHYAANITR,MT,,,,,DHYAANI TRADEVENTTURES LIMITED,5.72,5.72,5.72,5.72,5.72,5.61,,5.72,,,50400,288288.00,5,F1,2800,,,,,
2026-07-30,2026-07-30,CM,BSE,STK,543517,INE00EV01017,HARIOMPIPE,B,,,,,Hariom Pipe Industries Limited,391.90,391.90,382.00,387.15,387.00,391.85,,387.10,,,7816,3019090.00,249,F1,1,,,,,
2026-07-30,2026-07-30,CM,BSE,STK,543518,INE0KSN01014,EIGHTY,MT,,,,,Eighty Jewellers Limited,41.95,41.95,41.95,41.95,41.95,44.10,,41.95,,,3000,125850.00,1,F1,3000,,,,,
2026-07-30,2026-07-30,CM,BSE,STK,543520,INE0J2K01014,GLHRL,M,,,,,Global Longlife Hospital and R,11.68,12.68,11.68,12.24,12.48,12.08,,12.24,,,507000,6405670.00,62,F1,1000,,,,,
2026-07-30,2026-07-30,CM,BSE,STK,543522,INE0E5R01017,NVENTURES,M,,,,,Nanavati Ventures Limited,83.10,83.10,79.00,81.30,82.50,82.00,,81.30,,,17250,1416000.00,8,F1,750,,,,,
2026-07-30,2026-07-30,CM,BSE,STK,543523,INE278Y01022,CAMPUS,A,,,,,Campus Activewear Limited,223.90,224.70,219.05,220.05,219.85,223.90,,220.31,,,43561,9653763.00,1147,F1,1,,,,,
2026-07-30,2026-07-30,CM,BSE,STK,543524,INE961O01016,RAINBOW,A,,,,,Rainbow Children's Medicare Li,1480.00,1531.00,1480.00,1516.00,1518.25,1495.90,,1520.40,,,11446,17277633.00,1023,F1,1,,,,,
2026-07-30,2026-07-30,CM,BSE,STK,543525,INE625X01026,SILVERTUC,B,,,,,Silver Touch Technologies Limi,214.85,216.85,203.60,206.70,206.70,209.80,,206.79,,,144704,30861288.00,1811,F1,1,,,,,
2026-07-30,2026-07-30,CM,BSE,STK,543526,INE0J1Y01017,LICI,A,,,,,LIFE INSURANCE CORPORATION OF,425.00,426.50,419.50,422.70,422.70,423.75,,422.85,,,59209,25081629.00,1244,F1,1,,,,,
2026-07-30,2026-07-30,CM,BSE,STK,543527,INE00F201020,PRUDENT,A,,,,,Prudent Corporate Advisory Ser,3153.00,3229.50,3090.05,3218.20,3223.00,3152.55,,3221.30,,,1650,5252186.00,311,F1,1,,,,,
2026-07-30,2026-07-30,CM,BSE,STK,543528,INE0JA001018,VENUSPIPES,B,,,,,Venus Pipes & Tubes Limited,1670.05,1697.05,1652.00,1660.00,1655.40,1684.00,,1661.10,,,2528,4220364.00,248,F1,1,,,,,
2026-07-30,2026-07-30,CM,BSE,STK,543529,INE148O01028,DELHIVERY,A,,,,,Delhivery Limited,470.00,471.10,463.35,468.60,467.50,469.40,,468.30,,,240483,112384175.00,1767,F1,1,,,,,
2026-07-30,2026-07-30,CM,BSE,STK,543530,INE088F01024,PARADEEP,A,,,,,Paradeep Phosphates Limited,158.50,158.70,151.30,153.25,153.50,156.80,,153.37,,,1213771,187560781.00,8237,F1,1,,,,,
2026-07-30,2026-07-30,CM,BSE,STK,543531,INE05CY01014,TIERRA,X,,,,,Tierra Agrotech Limited,41.99,41.99,39.66,39.96,40.06,41.48,,39.96,,,159,6593.00,10,F1,1,,,,,
2026-07-30,2026-07-30,CM,BSE,STK,543532,INE04TZ01018,ETHOSLTD,A,,,,,ETHOS LIMITED,2562.75,2581.45,2509.90,2539.35,2514.20,2556.70,,2536.20,,,303,771907.00,87,F1,1,,,,,
2026-07-30,2026-07-30,CM,BSE,STK,543533,INE01QM01018,EMUDHRA,B,,,,,eMudhra Limited,477.20,484.10,453.75,455.80,453.75,454.20,,456.55,,,33692,15778687.00,1058,F1,1,,,,,
2026-07-30,2026-07-30,CM,BSE,STK,543534,INE0BWX01014,AETHER,A,,,,,Aether Industries Limited,1476.10,1527.40,1468.65,1489.25,1493.50,1491.55,,1490.70,,,32988,49431947.00,1689,F1,1,,,,,
2026-07-30,2026-07-30,CM,BSE,STK,543535,INE082W01014,WEWIN,T,,,,,We Win Limited,45.00,45.00,44.32,44.32,44.32,45.00,,45.11,,,330,14628.00,6,F1,1,,,,,
2026-07-30,2026-07-30,CM,BSE,STK,543538,INE0K6L01010,GOEL,M,,,,,Goel Food Products Limited,11.70,11.70,11.70,11.70,11.70,12.30,,11.70,,,4000,46800.00,2,F1,2000,,,,,
2026-07-30,2026-07-30,CM,BSE,STK,543539,INE0L0L01012,MODIS,B,,,,,MODI'S NAVNIRMAN LIMITED,398.35,408.80,392.20,394.55,392.20,398.85,,393.75,,,3409,1360041.00,365,F1,1,,,,,
2026-07-30,2026-07-30,CM,BSE,STK,543540,INE0GTX01019,PGCRL,M,,,,,Pearl Green Clubs and Resorts,120.00,120.00,119.95,119.95,119.95,120.00,,119.95,,,1800,215970.00,3,F1,600,,,,,
2026-07-30,2026-07-30,CM,BSE,STK,543542,INE0L1C01019,KESAR,M,,,,,KESAR INDIA LIMITED,1280.10,1284.80,1250.00,1250.00,1250.00,1284.85,,1250.00,,,167300,209508335.00,109,F1,100,,,,,
2026-07-30,2026-07-30,CM,BSE,STK,543543,INE0IZQ01016,BRRL,M,,,,,B-RIGHT REALESTATE LIMITED,950.00,950.00,855.00,889.95,889.95,868.90,,889.95,,,3400,3006580.00,16,F1,200,,,,,
2026-07-30,2026-07-30,CM,BSE,STK,543544,INE0KR801019,JAYANT,MT,,,,,JAYANT INFRATECH LIMITED,79.50,82.66,76.55,79.48,79.50,78.75,,79.48,,,7500,593205.00,9,F1,750,,,,,
2026-07-30,2026-07-30,CM,BSE,STK,543545,INE0ID001024,VEERKRUPA,M,,,,,Veerkrupa Jewellers Limited,0.51,0.53,0.51,0.53,0.53,0.51,,0.53,,,50100,26052.00,3,F1,16700,,,,,
2026-07-30,2026-07-30,CM,BSE,STK,543546,INE0L3501015,HEALTHYLIFE,MT,,,,,HEALTHY LIFE AGRITEC LIMITED,5.55,5.55,5.50,5.53,5.50,5.55,,5.53,,,16000,88700.00,8,F1,2000,,,,,
2026-07-30,2026-07-30,CM,BSE,STK,543547,INE0HR601026,DDEVPLSTIK,B,,,,,DDEV PLASTIKS INDUSTRIES LIMIT,270.90,272.60,264.40,266.75,266.75,273.50,,266.70,,,7769,2071899.00,193,F1,1,,,,,
2026-07-30,2026-07-30,CM,BSE,STK,543563,INF247L01BB1,MOHEALTH,B,,,,,Motilal Oswal Mutual Fund,51.48,51.85,51.23,51.50,51.50,51.48,,51.70,,,6098,314440.00,46,F1,1,,,,,
2026-07-30,2026-07-30,CM,BSE,STK,543568,INF109KC17C7,MOM30IETF,B,,,,,ICICI Prudential Mutual Fund,30.47,30.71,30.43,30.60,30.65,30.68,,30.61,,,28989,886136.00,361,F1,1,,,,,
2026-07-30,2026-07-30,CM,BSE,STK,543569,INF179KC1HR4,HDFCNIF100,B,,,,,HDFC Mutual Fund,25.80,26.34,25.80,26.31,26.31,26.11,,26.19,,,626,16329.00,20,F1,1,,,,,
2026-07-30,2026-07-30,CM,BSE,STK,543570,INF179KC1HS2,HDFCNEXT50,B,,,,,HDFC Mutual Fund,74.10,74.25,73.83,74.17,74.17,73.86,,74.11,,,7483,554534.00,52,F1,1,,,,,
2026-07-30,2026-07-30,CM,BSE,STK,543571,INF109KC16E5,INFRAIETF,B,,,,,ICICI Prudential Mutual Fund,94.56,96.54,94.56,96.38,96.54,95.76,,96.19,,,4265,410275.00,37,F1,1,,,,,
2026-07-30,2026-07-30,CM,BSE,STK,543572,INF740KA1RE3,SILVERADD,E,,,,,DSP Silver ETF,207.63,208.96,206.40,208.38,208.44,208.28,,208.57,,,19257,3991135.00,136,F1,1,,,,,
2026-07-30,2026-07-30,CM,BSE,STK,543573,INE0DYJ01015,SYRMA,A,,,,,Syrma SGS Technology Limited,1383.85,1468.95,1361.90,1377.80,1377.80,1343.30,,1377.80,,,594566,838629757.00,19926,F1,1,,,,,
2026-07-30,2026-07-30,CM,BSE,STK,543574,INF209KB15K4,NIFTYQLITY,B,,,,,Aditya Birla Sun Life Mutual F,21.80,21.80,21.60,21.60,21.60,21.61,,21.65,,,2442,52899.00,18,F1,1,,,,,
2026-07-30,2026-07-30,CM,BSE,STK,543575,INF209KB14K7,MOMENTUM,B,,,,,Aditya Birla Sun Life Mutual F,29.74,30.75,29.74,30.40,30.40,30.51,,30.45,,,14836,449565.00,17,F1,1,,,,,
2026-07-30,2026-07-30,CM,BSE,STK,543576,INF247L01BE5,MOVALUE,B,,,,,Motilal Oswal Mutual Fund,113.66,113.80,113.10,113.37,113.49,113.40,,113.46,,,3509,397960.00,112,F1,1,,,,,
2026-07-30,2026-07-30,CM,BSE,STK,543590,INE0KKN01029,RHETAN,B,,,,,Rhetan TMT Limited,30.67,31.44,30.23,30.31,30.31,29.86,,30.26,,,61838,1886897.00,294,F1,1,,,,,
2026-07-30,2026-07-30,CM,BSE,STK,543591,INE0JS101016,DREAMFOLKS,B,,,,,DREAMFOLKS SERVICES LIMITED,67.00,68.27,66.68,66.76,67.07,67.60,,66.80,,,4445,298063.00,312,F1,1,,,,,
2026-07-30,2026-07-30,CM,BSE,STK,543592,INF179KC1DI2,HDFCSILVER,E,,,,,HDFC Mutual Fund,205.88,206.92,205.03,206.54,206.70,206.52,,206.67,,,73775,15213366.00,1587,F1,1,,,,,
2026-07-30,2026-07-30,CM,BSE,STK,543593,INE0I3401014,DBOL,B,,,,,Dhampur Bio Organics Limited,100.45,100.45,97.90,98.50,98.60,100.45,,98.43,,,4495,445052.00,113,F1,1,,,,,
2026-07-30,2026-07-30,CM,BSE,STK,543594,INE0MC401013,DPL,M,,,,,DIPNA PHARMACHEM LIMITED,4.32,4.45,4.26,4.26,4.26,4.23,,4.26,,,18000,78960.00,4,F1,3000,,,,,
2026-07-30,2026-07-30,CM,BSE,STK,543596,INE668A01016,TMB,A,,,,,Tamilnad Mercantile Bank Limit,874.00,877.00,845.90,852.25,851.00,865.75,,851.75,,,22840,19637958.00,920,F1,1,,,,,
2026-07-30,2026-07-30,CM,BSE,STK,543597,INE0I0T01010,VOEPL,B,,,,,Virtuoso Optoelectronics Limit,488.85,489.20,462.60,469.20,474.95,489.35,,469.15,,,8375,3969833.00,262,F1,1,,,,,
2026-07-30,2026-07-30,CM,BSE,STK,543599,INE0D6I01023,KSOLVES,B,,,,,Ksolves India Limited,283.95,285.15,279.00,279.30,279.10,281.60,,279.25,,,2056,578590.00,134,F1,1,,,,,
2026-07-30,2026-07-30,CM,BSE,STK,543600,INE0JUS01029,HARSHA,B,,,,,Harsha Engineers International,407.30,407.55,396.30,397.95,396.30,410.00,,398.05,,,4495,1798410.00,444,F1,1,,,,,
2026-07-30,2026-07-30,CM,BSE,STK,543605,INF179KC1DL6,HDFCQUAL,B,,,,,HDFC Mutual Fund,58.40,59.23,58.40,58.90,58.90,58.79,,59.01,,,2593,152794.00,32,F1,1,,,,,
2026-07-30,2026-07-30,CM,BSE,STK,543607,INF179KC1DJ0,HDFCGROWTH,B,,,,,HDFC Mutual Fund,121.21,122.72,121.03,121.77,121.03,121.37,,121.89,,,9188,1120824.00,86,F1,1,,,,,
2026-07-30,2026-07-30,CM,BSE,STK,543608,INF179KC1DK8,HDFCVALUE,B,,,,,HDFC Mutual Fund,126.49,126.49,126.48,126.48,126.48,127.00,,126.76,,,3,379.00,2,F1,1,,,,,
2026-07-30,2026-07-30,CM,BSE,STK,543614,INE0LQS01015,TIPSFILMS,B,,,,,Tips Films Limited,403.95,410.00,377.00,386.10,387.00,404.25,,387.30,,,1692,664494.00,178,F1,1,,,,,
2026-07-30,2026-07-30,CM,BSE,STK,543615,INE0MNV01014,SRSOLTD,M,,,,,SILICON RENTAL SOLUTIONS LIMIT,94.00,94.00,87.00,88.45,89.89,88.40,,88.45,,,3200,286704.00,4,F1,800,,,,,
2026-07-30,2026-07-30,CM,BSE,STK,543616,INE0MKA01014,TLL,M,,,,,Trident Lifeline Limited,265.55,270.00,263.05,269.00,270.00,265.55,,269.00,,,28200,7436940.00,47,F1,600,,,,,
2026-07-30,2026-07-30,CM,BSE,STK,543619,INE0N0J01014,CNCRD,M,,,,,Concord Control Systems Limite,2436.45,2436.45,2370.00,2388.00,2370.00,2436.45,,2388.00,,,7700,18451690.00,124,F1,50,,,,,
2026-07-30,2026-07-30,CM,BSE,STK,543620,INE0LGX01024,INA,B,,,,,INSOLATION ENERGY LIMITED,113.70,113.70,108.90,110.15,112.00,111.45,,110.06,,,39299,4319456.00,404,F1,1,,,,,
2026-07-30,2026-07-30,CM,BSE,STK,543626,INE02YR01019,EMIL,B,,,,,Electronics Mart India Limited,131.10,133.20,129.00,129.75,129.00,132.55,,129.87,,,99611,12958949.00,2195,F1,1,,,,,
2026-07-30,2026-07-30,CM,BSE,STK,543628,INF179KC1HV6,HDFCMOMENT,B,,,,,HDFC Mutual Fund,30.14,30.75,30.08,30.44,30.44,30.44,,30.41,,,1929,58628.00,20,F1,1,,,,,
2026-07-30,2026-07-30,CM,BSE,STK,543635,INE0DK501011,PPLPHARMA,A,,,,,PIRAMAL PHARMA LIMITED,195.00,202.20,192.80,196.85,196.85,195.75,,196.73,,,3575597,713359951.00,13192,F1,1,,,,,
2026-07-30,2026-07-30,CM,BSE,STK,543636,INE0A1101019,DCI,B,,,,,Dc Infotech and Communication,275.50,276.75,271.75,275.10,271.75,270.90,,276.70,,,1034,283399.00,49,F1,1,,,,,
2026-07-30,2026-07-30,CM,BSE,STK,543637,INE0N1L01018,PACE,M,,,,,PACE E-COMMERCE VENTURES LIMIT,14.26,14.26,14.10,14.13,14.12,14.57,,14.13,,,6000,84864.00,4,F1,1200,,,,,
2026-07-30,2026-07-30,CM,BSE,STK,543638,INE0HMF01019,TRACXN,B,,,,,Tracxn Technologies Limited,29.98,30.25,29.56,29.91,29.90,30.04,,29.99,,,3812,113581.00,74,F1,1,,,,,
2026-07-30,2026-07-30,CM,BSE,STK,543643,INE117Z01011,NARMADA,B,,,,,Narmada Agrobase Limited,34.30,36.45,33.49,36.09,36.09,34.22,,36.19,,,43545,1530712.00,403,F1,1,,,,,
2026-07-30,2026-07-30,CM,BSE,STK,543644,INE344S01016,INFOBEAN,B,,,,,InfoBeans Technologies Limited,170.00,175.65,166.10,170.00,168.80,168.15,,170.10,,,49563,8501359.00,521,F1,1,,,,,
2026-07-30,2026-07-30,CM,BSE,STK,543645,INE05X901010,HPIL,B,,,,,HINDPRAKASH INDUSTRIES LIMITED,128.35,128.35,128.35,128.35,128.35,132.00,,129.85,,,36,4620.00,1,F1,1,,,,,
2026-07-30,2026-07-30,CM,BSE,STK,543650,INE0KL801015,DCXINDIA,B,,,,,DCX Systems Limited,179.15,180.85,176.45,177.15,178.20,180.10,,177.30,,,50142,8907663.00,718,F1,1,,,,,
2026-07-30,2026-07-30,CM,BSE,STK,543652,INE139R01012,FUSION,B,,,,,FUSION FINANCE LIMITED,205.50,205.65,197.05,198.30,197.05,205.55,,198.57,,,33536,6771768.00,725,F1,1,,,,,
2026-07-30,2026-07-30,CM,BSE,STK,543653,INE00E101023,BIKAJI,A,,,,,Bikaji Foods International Lim,643.00,652.90,641.80,643.60,643.60,641.55,,643.70,,,4353,2819704.00,220,F1,1,,,,,
2026-07-30,2026-07-30,CM,BSE,STK,543654,INE474Q01031,MEDANTA,A,,,,,Global Health Limited,1430.85,1430.85,1395.10,1415.60,1415.60,1432.60,,1416.40,,,7500,10569199.00,691,F1,1,,,,,
2026-07-30,2026-07-30,CM,BSE,STK,543656,INE0MXP01015,TECHNOPACK,M,,,,,Technopack Polymers Limited,14.22,14.40,12.70,13.49,12.70,14.64,,13.49,,,24000,330280.00,6,F1,4000,,,,,
2026-07-30,2026-07-30,CM,BSE,STK,543657,INE128X01021,ACI,A,,,,,Archean Chemical Industries Li,566.20,569.00,553.95,561.70,560.00,565.05,,561.20,,,4083,2293383.00,262,F1,1,,,,,
2026-07-30,2026-07-30,CM,BSE,STK,543663,INE128S01021,FIVESTAR,A,,,,,Five-Star Business Finance Ltd,574.35,574.35,548.50,551.45,551.45,569.00,,552.90,,,32440,17998559.00,2015,F1,1,,,,,
2026-07-30,2026-07-30,CM,BSE,STK,543664,INE918Z01012,KAYNES,A,,,,,KAYNES TECHNOLOGY INDIA LIMITE,3640.40,3728.05,3575.00,3622.40,3622.40,3640.35,,3621.60,,,226452,823691613.00,18617,F1,1,,,,,
2026-07-30,2026-07-30,CM,BSE,STK,543665,INF179KC1IA8,HDFCNIFIT,B,,,,,HDFC Mutual Fund,33.34,34.00,33.16,33.32,33.16,33.34,,33.33,,,55339,1864036.00,121,F1,1,,,,,
2026-07-30,2026-07-30,CM,BSE,STK,543666,INF179KC1HZ7,HDFCPVTBAN,B,,,,,HDFC Mutual Fund,27.92,28.13,27.87,28.11,28.12,28.06,,28.06,,,5355,149442.00,24,F1,1,,,,,
2026-07-30,2026-07-30,CM,BSE,STK,543667,INE510W01014,INOXGREEN,A,,,,,INOX GREEN ENERGY SERVICES LIM,179.05,182.80,172.70,175.15,176.60,182.75,,175.25,,,115631,20338542.00,1680,F1,1,,,,,
2026-07-30,2026-07-30,CM,BSE,STK,543668,INE01EE01011,BBTCL,B,,,,,B&B Triplewall Containers Limi,220.00,229.50,217.00,225.80,229.50,215.00,,226.52,,,441,98931.00,105,F1,1,,,,,
2026-07-30,2026-07-30,CM,BSE,STK,543669,INE263M01029,RUSTOMJEE,B,,,,,Keystone Realtors Limited,408.35,408.40,400.25,405.10,406.70,405.15,,404.75,,,709,285499.00,44,F1,1,,,,,
2026-07-30,2026-07-30,CM,BSE,STK,543670,INE01KI01027,VINNY,B,,,,,VINNY OVERSEAS LIMITED,1.06,1.08,1.05,1.06,1.06,1.07,,1.06,,,38918,41316.00,33,F1,1,,,,,
2026-07-30,2026-07-30,CM,BSE,STK,543671,INE0D0U01013,AAATECH,B,,,,,AAA TECHNOLOGIES LIMITED,91.90,91.90,88.15,89.90,89.90,89.77,,88.63,,,546,48935.00,29,F1,1,,,,,
2026-07-30,2026-07-30,CM,BSE,STK,543677,INF109KC17L8,FINIETF,B,,,,,ICICI Prudential Mutual Fund,32.40,32.79,32.35,32.58,32.62,32.75,,32.58,,,18390,599035.00,71,F1,1,,,,,
2026-07-30,2026-07-30,CM,BSE,STK,543678,INE0N6V01016,AMBOAGRI,M,,,,,AMBO AGRITEC LIMITED,8.90,9.43,8.90,9.20,9.20,8.99,,9.20,,,15000,139960.00,8,F1,1000,,,,,
2026-07-30,2026-07-30,CM,BSE,STK,543686,INE792Z01011,SIRCA,B,,,,,Sirca Paints India Limited,403.90,409.95,399.10,407.85,407.85,402.85,,407.00,,,13638,5543333.00,487,F1,1,,,,,
2026-07-30,2026-07-30,CM,BSE,STK,543687,INE00OQ01016,DHARMAJ,B,,,,,Dharmaj Crop Guard Limited,287.70,287.70,265.35,269.60,269.00,265.05,,269.65,,,299,80904.00,40,F1,1,,,,,
2026-07-30,2026-07-30,CM,BSE,STK,543688,INE324X01026,SARVESHWAR,B,,,,,Sarveshwar Foods Limited,3.35,3.39,3.29,3.35,3.35,3.33,,3.35,,,129294,432416.00,269,F1,1,,,,,
2026-07-30,2026-07-30,CM,BSE,STK,543689,INE244O01017,UNIPARTS,B,,,,,Uniparts India Limited,728.00,745.80,714.20,737.90,734.80,727.05,,738.20,,,16728,12323680.00,1320,F1,1,,,,,
2026-07-30,2026-07-30,CM,BSE,STK,543699,INF754K01QX0,EBBETF0433,F,,,,,Edelweiss Mutual Fund,1312.61,1319.56,1312.60,1312.60,1312.60,1319.29,,1317.68,,,10,13139.00,6,F1,1,,,,,
2026-07-30,2026-07-30,CM,BSE,STK,543709,INE0NT601018,GARGI,M,,,,,PNGS GARGI FASHION JEWELLERY L,612.00,624.95,589.95,613.45,613.45,610.35,,613.45,,,22750,13783256.00,139,F1,125,,,,,
2026-07-30,2026-07-30,CM,BSE,STK,543710,INF109KC19O8,COMMOIETF,B,,,,,ICICI Prudential Mutual Fund,99.89,100.17,99.52,100.14,100.14,99.99,,99.92,,,2867,285534.00,46,F1,1,,,,,
2026-07-30,2026-07-30,CM,BSE,STK,543711,INE142Q01026,SULA,B,,,,,Sula Vineyards Limited,167.45,171.40,165.00,168.15,166.45,167.20,,167.88,,,62559,10572225.00,1010,F1,1,,,,,
2026-07-30,2026-07-30,CM,BSE,STK,543712,INE00ZE01026,AFSL,B,,,,,ABANS FINANCIAL SERVICES LIMIT,201.00,202.00,201.00,202.00,202.00,201.00,,201.00,,,269,54260.00,14,F1,1,,,,,
2026-07-30,2026-07-30,CM,BSE,STK,543713,INE0MQD01015,DRONACHRYA,M,,,,,Droneacharya Aerial Innovation,35.85,35.85,34.65,35.14,35.14,35.48,,35.14,,,17000,595060.00,17,F1,1000,,,,,
2026-07-30,2026-07-30,CM,BSE,STK,543714,INE559R01029,LANDMARK,B,,,,,LANDMARK CARS LIMITED,529.00,565.00,527.65,540.55,542.35,540.15,,539.70,,,29110,15896796.00,798,F1,1,,,,,
2026-07-30,2026-07-30,CM,BSE,STK,543720,INE138Y01010,KFINTECH,A,,,,,KFin Technologies Limited,937.10,948.40,922.35,939.80,939.80,948.95,,940.45,,,128458,119707701.00,4689,F1,1,,,,,
2026-07-30,2026-07-30,CM,BSE,STK,543725,INE050401020,ELIN,B,,,,,Elin Electronics Limited,100.65,100.65,98.35,98.85,99.15,100.55,,98.72,,,3685,366773.00,95,F1,1,,,,,
2026-07-30,2026-07-30,CM,BSE,STK,543732,INE855R01021,RADIANTCMS,B,,,,,Radiant Cash Management Servic,38.45,38.45,36.72,36.87,37.13,37.25,,36.99,,,1191,44318.00,50,F1,1,,,,,
2026-07-30,2026-07-30,CM,BSE,STK,543737,INE09BN01011,AVEER,X,,,,,Aveer Foods Limited,610.00,610.00,610.00,610.00,610.00,610.00,,610.00,,,59,35990.00,3,F1,1,,,,,
2026-07-30,2026-07-30,CM,BSE,STK,543743,INE035801013,AERONEU,B,,,,,Aeroflex Neu Limited,85.55,86.20,84.65,85.15,85.15,85.15,,85.32,,,898,77071.00,25,F1,1,,,,,
2026-07-30,2026-07-30,CM,BSE,STK,543744,INE0MFT01014,REXSEAL,M,,,,,Rex Sealing and Packing Indust,120.00,120.00,120.00,120.00,120.00,145.00,,120.00,,,500,60000.00,1,F1,500,,,,,
2026-07-30,2026-07-30,CM,BSE,STK,543745,INE0MID01012,SVS,M,,,,,SVS VENTURES LIMITED,6.00,6.00,5.85,5.88,5.85,6.49,,5.88,,,60000,357060.00,10,F1,6000,,,,,
2026-07-30,2026-07-30,CM,BSE,STK,543746,INE0BSU01018,LOGICA,M,,,,,LOGICA INFOWAY LIMITED,150.10,153.75,150.00,153.50,153.45,153.05,,153.50,,,15600,2383980.00,9,F1,600,,,,,
2026-07-30,2026-07-30,CM,BSE,STK,543747,INE0BTI01037,KAMOPAINTS,B,,,,,Kamdhenu Ventures Limited,4.50,4.75,4.50,4.54,4.57,4.59,,4.55,,,23727,107949.00,74,F1,1,,,,,
2026-07-30,2026-07-30,CM,BSE,STK,543748,INE0LRU01027,AARTIPHARM,A,,,,,Aarti Pharmalabs Limited,679.95,681.10,672.75,674.05,673.75,682.85,,674.30,,,5594,3795300.00,223,F1,1,,,,,
2026-07-30,2026-07-30,CM,BSE,STK,543753,INE0M9Q01011,DHARNI,M,,,,,DHARNI CAPITAL SERVICES LIMITE,65.05,66.05,65.00,65.00,65.00,65.05,,65.00,,,30000,1953450.00,5,F1,3000,,,,,
2026-07-30,2026-07-30,CM,BSE,STK,543754,INE0MPU01011,TRANSVOY,MT,,,,,TRANSVOY LOGISTICS INDIA LIMIT,102.00,102.00,102.00,102.00,102.00,107.20,,102.00,,,800,81600.00,1,F1,800,,,,,
2026-07-30,2026-07-30,CM,BSE,STK,543766,INE094B01013,ASHIKAG,B,,,,,Ashika Global Securities Limit,484.45,497.65,473.00,478.60,489.85,484.95,,481.90,,,56438,27752173.00,878,F1,1,,,,,
2026-07-30,2026-07-30,CM,BSE,STK,543767,INE0EEJ01023,BTML,B,,,,,BODHI TREE MULTIMEDIA LIMITED,6.32,6.40,6.12,6.24,6.18,6.32,,6.16,,,12488,78110.00,79,F1,1,,,,,
2026-07-30,2026-07-30,CM,BSE,STK,543768,INE0NNS01018,NSLNISP,A,,,,,NMDC Steel Limited,43.06,43.07,42.55,42.65,42.86,43.04,,42.64,,,122617,5237321.00,993,F1,1,,,,,
2026-07-30,2026-07-30,CM,BSE,STK,543769,INE0KN201016,INDONG,M,,,,,INDONG TEA COMPANY LIMITED,9.00,9.65,9.00,9.65,9.65,9.62,,9.65,,,64000,604400.00,6,F1,4000,,,,,
2026-07-30,2026-07-30,CM,BSE,STK,543774,INF179KC1EZ4,HDFCBSE500,B,,,,,HDFC Mutual Fund,37.51,37.69,37.51,37.55,37.55,37.60,,37.67,,,85,3191.00,5,F1,1,,,,,
2026-07-30,2026-07-30,CM,BSE,STK,543775,INF179KC1FB2,HDFCSML250,B,,,,,HDFC Mutual Fund,176.78,181.74,176.78,179.79,179.87,181.32,,179.85,,,44063,7936040.00,711,F1,1,,,,,
2026-07-30,2026-07-30,CM,BSE,STK,543776,INF179KC1HT0,HDFCMID150,B,,,,,HDFC Mutual Fund,22.84,23.45,22.84,23.28,23.34,23.43,,23.30,,,11972,279037.00,299,F1,1,,,,,
2026-07-30,2026-07-30,CM,BSE,STK,543781,INF769K01JP9,GOLDETF,E,,,,,Mirae Asset Mutual Fund,137.77,138.28,137.23,138.01,137.96,137.33,,138.04,,,37449,5159841.00,1392,F1,1,,,,,
2026-07-30,2026-07-30,CM,BSE,STK,543782,INE0O4601016,SEALMATIC,M,,,,,Sealmatic India Limited,396.50,399.00,390.00,390.00,390.00,396.50,,390.00,,,3780,1480554.00,14,F1,180,,,,,
2026-07-30,2026-07-30,CM,BSE,STK,543787,INE0OLH01013,ROBU,M,,,,,Macfos Limited,1120.00,1150.00,1090.00,1096.70,1090.00,1129.60,,1096.70,,,3135,3482242.00,18,F1,165,,,,,
2026-07-30,2026-07-30,CM,BSE,STK,543798,INE0NPA01011,PATRON,M,,,,,Patron Exim Limited,2.07,2.15,2.00,2.15,2.15,2.07,,2.15,,,20000,40880.00,5,F1,4000,,,,,
2026-07-30,2026-07-30,CM,BSE,STK,543799,INE0JZS01010,SVJ,M,,,,,S. V. J. Enterprises Limited,184.90,184.90,182.40,182.40,182.40,192.00,,182.40,,,3000,549550.00,12,F1,250,,,,,
2026-07-30,2026-07-30,CM,BSE,STK,543805,INE0NYN01016,RESGEN,M,,,,,RESGEN LIMITED,49.30,50.00,49.00,49.00,49.00,50.25,,49.00,,,7500,373012.00,6,F1,750,,,,,
2026-07-30,2026-07-30,CM,BSE,STK,543806,INE0O6A01019,ITCONS,M,,,,,ITCONS E-Solutions Limited,313.70,313.70,296.35,300.55,300.55,299.45,,300.55,,,39600,12016160.00,162,F1,200,,,,,
2026-07-30,2026-07-30,CM,BSE,STK,543811,INE645W01026,AIRAN,B,,,,,AIRAN LIMITED,15.29,15.29,15.02,15.21,15.19,15.02,,15.06,,,1327,19979.00,17,F1,1,,,,,
2026-07-30,2026-07-30,CM,BSE,STK,543812,INE753U01022,DIVGIITTS,B,,,,,DIVGI TORQTRANSFER SYSTEMS LIM,954.95,975.15,949.05,956.30,954.00,962.80,,954.20,,,1569,1501074.00,189,F1,1,,,,,
2026-07-30,2026-07-30,CM,BSE,STK,543813,INF209KB18T9,ABSLLIQUID,F,,,,,Aditya Birla Sun Life Mutual F,1000.01,1000.01,1000.01,1000.01,1000.01,999.99,,999.99,,,98,98000.00,1,F1,1,,,,,
2026-07-30,2026-07-30,CM,BSE,STK,543814,INE0OKG01017,PCL,M,,,,,PROSPECT CONSUMER PRODUCTS LIM,40.99,41.00,40.00,40.00,40.00,41.00,,40.00,,,5000,202990.00,4,F1,1000,,,,,
2026-07-30,2026-07-30,CM,BSE,STK,543819,INF109KC10S8,PSUBNKIETF,B,,,,,ICICI Prudential Mutual Fund,84.17,84.45,83.88,84.30,84.28,84.49,,84.35,,,716,60317.00,41,F1,1,,,,,
2026-07-30,2026-07-30,CM,BSE,STK,543828,INE00TV01023,SUDARSHAN,MT,,,,,SUDARSHAN PHARMA INDUSTRIES LI,39.98,40.00,38.40,38.62,38.40,40.42,,38.62,,,192000,7505600.00,36,F1,4000,,,,,
2026-07-30,2026-07-30,CM,BSE,STK,543829,INE0JSX01015,GSLSU,B,,,,,Global Surfaces Limited,27.06,28.50,26.79,26.79,26.79,28.20,,26.71,,,12506,338803.00,153,F1,1,,,,,
2026-07-30,2026-07-30,CM,BSE,STK,543831,INE0OMI01019,BRIGHT,M,,,,,Bright Outdoor Media Limited,363.00,363.00,356.10,357.05,358.00,363.00,,357.05,,,3375,1214718.00,9,F1,375,,,,,
2026-07-30,2026-07-30,CM,BSE,STK,543848,INE0NIJ01025,DEVLAB,M,,,,,Dev Labtech Venture Limited,17.03,17.03,17.03,17.03,17.03,17.31,,17.03,,,4000,68120.00,1,F1,4000,,,,,
2026-07-30,2026-07-30,CM,BSE,STK,543853,INF846K010Q0,SENSEXAXIS,B,,,,,AXIS BSE SENSEX ETF,80.46,81.37,79.77,81.37,81.37,80.75,,80.50,,,234,18873.00,5,F1,1,,,,,
2026-07-30,2026-07-30,CM,BSE,STK,543858,INF769K01JU9,LOWVOL,B,,,,,Mirae Asset Mutual Fund,211.29,211.29,211.29,211.29,211.29,207.32,,211.59,,,2,422.00,1,F1,1,,,,,
2026-07-30,2026-07-30,CM,BSE,STK,543860,INE825B01010,JAFINANCE,X,,,,,J.A. Finance Limited,95.95,99.75,95.50,99.75,99.75,95.00,,99.75,,,1233,118324.00,9,F1,1,,,,,
2026-07-30,2026-07-30,CM,BSE,STK,543861,INE0N0Y01013,USK,B,,,,,Udayshivakumar infra limited,22.45,23.00,22.15,22.15,22.15,22.42,,22.47,,,1151,25871.00,48,F1,1,,,,,
2026-07-30,2026-07-30,CM,BSE,STK,543874,INE0O1T01010,MAIDEN,M,,,,,Maiden Forgings Limited,97.90,97.90,96.00,96.50,96.50,96.43,,96.50,,,25000,2421870.00,17,F1,1000,,,,,
2026-07-30,2026-07-30,CM,BSE,STK,543895,INE0O8901016,EXHICON,M,,,,,Exhicon Events Media Solutions,512.00,512.00,496.00,498.45,496.00,511.50,,498.45,,,11500,5751500.00,41,F1,250,,,,,
2026-07-30,2026-07-30,CM,BSE,STK,543896,INE0LCL01028,AVALON,A,,,,,Avalon Technologies Limited,1690.95,1801.40,1690.90,1762.75,1768.80,1678.35,,1759.60,,,37963,66520522.00,2178,F1,1,,,,,
2026-07-30,2026-07-30,CM,BSE,STK,543898,INE0N7W01012,BLAL,B,,,,,BEML Land Assets Limited,177.85,179.75,171.00,174.10,173.60,177.95,,175.05,,,1216,214125.00,47,F1,1,,,,,
2026-07-30,2026-07-30,CM,BSE,STK,543900,INF789F1AYK6,SILVERBETA,E,,,,,UTI Mutual Fund,208.29,209.10,207.00,208.64,208.72,208.77,,208.59,,,10659,2215098.00,753,F1,1,,,,,
2026-07-30,2026-07-30,CM,BSE,STK,543901,INE508K01013,RHL,B,,,,,ROBUST HOTELS LIMITED,170.00,170.00,170.00,170.00,170.00,170.65,,169.39,,,3,510.00,3,F1,1,,,,,
2026-07-30,2026-07-30,CM,BSE,STK,543902,INE0NTC01019,RETINA,M,,,,,Retina Paints Limited,39.42,39.42,38.99,38.99,38.99,39.00,,38.99,,,6000,234800.00,2,F1,2000,,,,,
2026-07-30,2026-07-30,CM,BSE,STK,543903,INF740KA1SW3,GOLDADD,E,,,,,DSP GOLD ETF,138.07,138.17,137.30,137.84,138.16,137.42,,137.96,,,188,25846.00,21,F1,1,,,,,
2026-07-30,2026-07-30,CM,BSE,STK,543904,INE634S01028,MANKIND,A,,,,,Mankind Pharma Limited,2599.95,2605.00,2561.10,2576.95,2576.95,2592.55,,2575.90,,,53754,139153768.00,3568,F1,1,,,,,
2026-07-30,2026-07-30,CM,BSE,STK,543910,INE680Z01018,AVG,T,,,,,AVG Logistics Limited,204.25,207.00,204.00,207.00,207.00,204.25,,205.15,,,582,118783.00,7,F1,1,,,,,
2026-07-30,2026-07-30,CM,BSE,STK,543911,INE0ALR01029,ATALREAL,B,,,,,Atal Realtech Limited,32.93,33.25,31.80,32.99,33.10,32.41,,33.00,,,168160,5485956.00,510,F1,1,,,,,
2026-07-30,2026-07-30,CM,BSE,STK,543912,INE557Z01018,PIGL,B,,,,,Power & Instrumentation (Gujar,105.10,105.10,100.00,101.30,102.80,105.05,,102.21,,,8056,821700.00,170,F1,1,,,,,
2026-07-30,2026-07-30,CM,BSE,STK,543913,INE0NDH25011,NXST,IF,,,,,Nexus Select Trust,166.90,168.57,166.90,167.82,167.50,167.44,,167.91,,,4155,697924.00,210,F1,1,,,,,
2026-07-30,2026-07-30,CM,BSE,STK,543914,INE210F01016,SWATIPRO,X,,,,,Swati Projects Limited,29.57,32.00,29.57,30.66,30.55,30.72,,30.66,,,2049,63039.00,29,F1,1,,,,,
2026-07-30,2026-07-30,CM,BSE,STK,543915,INE07S101038,PAVNAIND,B,,,,,Pavna Industries Limited,18.49,19.10,17.66,17.69,17.67,18.54,,18.00,,,5919,109534.00,60,F1,1,,,,,
2026-07-30,2026-07-30,CM,BSE,STK,543916,INE0GYI01028,HSIL,MT,,,,,Hemant Surgical Industries Lim,371.00,371.00,365.00,365.00,365.00,370.00,,365.00,,,13600,5022880.00,17,F1,400,,,,,
2026-07-30,2026-07-30,CM,BSE,STK,543917,INE0A0S01028,SIGMA,B,,,,,SIGMA SOLVE LIMITED,49.80,52.40,45.30,48.46,47.76,44.86,,48.30,,,90819,4467366.00,1138,F1,1,,,,,
2026-07-30,2026-07-30,CM,BSE,STK,543918,INE0PA801013,GHCLTEXTIL,B,,,,,GHCL Textiles Limited,119.00,124.86,109.91,114.21,114.21,119.81,,114.12,,,515321,60633282.00,4318,F1,1,,,,,
2026-07-30,2026-07-30,CM,BSE,STK,543919,INE964W01021,MKPL,B,,,,,M.K.Proteins Limited,4.35,4.35,4.16,4.17,4.22,4.25,,4.17,,,11202,47110.00,71,F1,1,,,,,
2026-07-30,2026-07-30,CM,BSE,STK,543920,INE0NJ001013,CFF,M,,,,,CFF FLUID CONTROL LIMITED,950.00,955.00,932.10,943.05,936.50,952.65,,943.05,,,14200,13378150.00,71,F1,200,,,,,
2026-07-30,2026-07-30,CM,BSE,STK,543921,INE0NXA01015,COMRADE,MT,,,,,Comrade Appliances Limited,43.70,43.70,43.70,43.70,43.70,45.93,,43.70,,,1000,43700.00,1,F1,1000,,,,,
2026-07-30,2026-07-30,CM,BSE,STK,543922,INF769K01KG6,SILVERAG,E,,,,,Mirae Asset Mutual Fund,209.79,210.67,208.68,210.62,210.59,210.50,,210.39,,,5436,1139242.00,86,F1,1,,,,,
2026-07-30,2026-07-30,CM,BSE,STK,543923,INE0LOJ01019,IKIO,B,,,,,IKIO Technologies Limited,201.90,204.30,196.90,199.85,197.45,205.05,,199.28,,,29384,5870886.00,486,F1,1,,,,,
2026-07-30,2026-07-30,CM,BSE,STK,543924,INE0N5O01013,SONALIS,M,,,,,Sonalis Consumer Products Limi,52.36,52.36,48.51,48.51,48.51,49.87,,48.51,,,8000,397720.00,4,F1,2000,,,,,
2026-07-30,2026-07-30,CM,BSE,STK,543926,INE0OJ401014,BIZOTIC,M,,,,,Bizotic Commercial Limited,566.90,566.90,545.00,559.70,559.70,541.50,,559.70,,,3000,1662560.00,12,F1,200,,,,,
2026-07-30,2026-07-30,CM,BSE,STK,543927,INE04Z101016,ASIAN,X,,,,,Asian Warehousing Limited,35.00,35.00,34.55,34.55,34.55,34.45,,34.55,,,14,487.00,5,F1,1,,,,,
2026-07-30,2026-07-30,CM,BSE,STK,543928,INE0ORA01015,COSMICCRF,MT,,,,,Cosmic CRF Limited,1393.40,1393.40,1310.00,1361.00,1360.00,1327.05,,1361.00,,,8200,11090005.00,58,F1,100,,,,,
2026-07-30,2026-07-30,CM,BSE,STK,543929,INE0ECP01024,HMAAGRO,B,,,,,HMA Agro Industries Limited,22.23,22.23,20.91,21.04,21.04,22.01,,21.00,,,41100,873880.00,896,F1,1,,,,,
2026-07-30,2026-07-30,CM,BSE,STK,543930,INE568Z01015,URAVIDEF,T,,,,,Uravi Defence and Technology L,115.00,116.15,112.50,112.50,112.50,115.00,,112.95,,,390,44014.00,12,F1,1,,,,,
2026-07-30,2026-07-30,CM,BSE,STK,543931,INE0Q0M01015,VEEFIN,M,,,,,VEEFIN SOLUTIONS LIMITED,303.25,307.40,294.00,297.95,300.00,304.75,,297.95,,,16400,4895240.00,60,F1,200,,,,,
2026-07-30,2026-07-30,CM,BSE,STK,543932,INE349Y01013,IDEAFORGE,T,,,,,IDEAFORGE TECHNOLOGY LIMITED,851.00,864.90,840.30,850.95,851.05,849.60,,851.10,,,9500,8076078.00,295,F1,1,,,,,
2026-07-30,2026-07-30,CM,BSE,STK,543933,INE055S01018,CYIENTDLM,B,,,,,Cyient DLM Limited,684.50,700.80,670.00,677.00,675.00,682.70,,678.05,,,24424,16791148.00,968,F1,1,,,,,
2026-07-30,2026-07-30,CM,BSE,STK,543935,INF740KA1SX1,ITADD,B,,,,,DSP NIFTY IT ETF,33.37,33.75,33.02,33.03,33.21,33.00,,33.15,,,5482,183557.00,62,F1,1,,,,,
2026-07-30,2026-07-30,CM,BSE,STK,543936,INE602W01027,SENCO,A,,,,,Senco Gold Limited,414.00,414.00,403.00,405.25,405.25,413.15,,404.85,,,102791,41933007.00,1757,F1,1,,,,,
2026-07-30,2026-07-30,CM,BSE,STK,543937,INE0NZF01019,ALPHAIND,M,,,,,ALPHALOGIC INDUSTRIES LIMITED,140.40,146.00,140.40,146.00,146.00,155.10,,146.00,,,1800,257430.00,3,F1,600,,,,,
2026-07-30,2026-07-30,CM,BSE,STK,543939,INE0P3N01018,KAKA,M,,,,,Kaka Industries Limited,210.00,210.60,206.50,210.10,209.15,213.00,,210.10,,,6000,1258975.00,12,F1,500,,,,,
2026-07-30,2026-07-30,CM,BSE,STK,543940,INE758E01017,JIOFIN,A,,,,,Jio Financial Services Limited,248.30,249.90,245.00,246.90,246.90,249.60,,246.95,,,1752161,432643324.00,13969,F1,1,,,,,
2026-07-30,2026-07-30,CM,BSE,STK,543942,INE735W01017,UTKARSHBNK,B,,,,,UTKARSH SMALL FINANCE BANK LIM,14.46,14.46,14.25,14.34,14.34,14.46,,14.31,,,169164,2420046.00,426,F1,1,,,,,
2026-07-30,2026-07-30,CM,BSE,STK,543943,INE0DN001027,ASARFI,M,,,,,ASARFI HOSPITAL LIMITED,209.00,211.00,208.00,210.30,208.95,208.60,,210.30,,,11000,2301100.00,11,F1,1000,,,,,
2026-07-30,2026-07-30,CM,BSE,STK,543944,INF769K01KR3,BANKETF,B,,,,,Mirae Asset Mutual Fund,580.48,582.66,578.84,581.66,582.66,583.10,,581.65,,,12213,7103450.00,8,F1,1,,,,,
2026-07-30,2026-07-30,CM,BSE,STK,543945,INE0NT901020,NETWEB,A,,,,,NETWEB TECHNOLOGIES INDIA LIMI,4344.00,4348.00,4180.00,4197.05,4197.05,4368.10,,4195.30,,,86307,366650824.00,8106,F1,1,,,,,
2026-07-30,2026-07-30,CM,BSE,STK,543946,INF769K01KS1,LIQUID,F,,,,,Mirae Asset Mutual Fund,1000.00,1000.00,1000.00,1000.00,1000.00,1000.00,,999.99,,,23711,23711000.00,13,F1,1,,,,,
2026-07-30,2026-07-30,CM,BSE,STK,543947,INF740KA1SZ6,SENSEXADD,A,,,,,DSP BSE Sensex ETF,79.90,80.89,79.90,80.28,80.89,80.22,,80.19,,,159,12755.00,3,F1,1,,,,,
2026-07-30,2026-07-30,CM,BSE,STK,543948,INF740KA1SY9,PSUBANKADD,B,,,,,DSP NIFTY PSU BANK ETF,84.04,84.65,83.51,84.59,84.65,83.93,,84.17,,,1177,98973.00,308,F1,1,,,,,
2026-07-30,2026-07-30,CM,BSE,STK,543949,INF740KA1TA7,PVTBANKADD,B,,,,,DSP NIFTY PRIVATE BANK ETF,27.78,27.98,27.74,27.98,27.98,28.03,,27.96,,,39803,1105725.00,18,F1,1,,,,,
2026-07-30,2026-07-30,CM,BSE,STK,543950,INE0JO301016,YATHARTH,A,,,,,YATHARTH HOSPITAL & TRAUMA CAR,833.00,837.15,822.10,826.10,827.50,832.95,,826.05,,,14448,11955080.00,994,F1,1,,,,,
2026-07-30,2026-07-30,CM,BSE,STK,543952,INE342G01023,NIITMTS,B,,,,,NIIT Learning Systems Limited,247.55,247.90,239.30,240.00,244.00,241.50,,239.96,,,18629,4525686.00,685,F1,1,,,,,
2026-07-30,2026-07-30,CM,BSE,STK,543953,INE0OWC01011,KHAZANCHI,M,,,,,Khazanchi Jewellers Limited,703.00,718.95,700.00,713.55,714.00,702.70,,713.55,,,31000,21938087.00,85,F1,250,,,,,
2026-07-30,2026-07-30,CM,BSE,STK,543954,INE0NN701020,ATL,B,,,,,Allcargo Terminals Limited,22.29,23.26,22.29,22.99,22.81,23.34,,22.96,,,4273,98259.00,40,F1,1,,,,,
2026-07-30,2026-07-30,CM,BSE,STK,543955,INE0O3901029,TREL,B,,,,,Transindia Real Estate Limited,24.61,24.84,23.81,23.90,23.90,24.13,,23.98,,,6677,160427.00,58,F1,1,,,,,
2026-07-30,2026-07-30,CM,BSE,STK,543956,INF109KC18V5,QUAL30IETF,B,,,,,ICICI Prudential Mutual Fund,21.48,21.54,21.38,21.38,21.40,21.40,,21.39,,,3334,71444.00,23,F1,1,,,,,
2026-07-30,2026-07-30,CM,BSE,STK,543957,INE0LXT01019,REDTAPE,B,,,,,REDTAPE Limited,132.05,135.65,131.00,133.80,133.40,131.60,,133.80,,,29711,3974645.00,372,F1,1,,,,,
2026-07-30,2026-07-30,CM,BSE,STK,543958,INE03HW01020,VLEGOV,T,,,,,VL E-Governance & IT Solutions,10.40,10.82,10.40,10.41,10.41,10.61,,10.41,,,2364,24806.00,26,F1,1,,,,,
2026-07-30,2026-07-30,CM,BSE,STK,543959,INE423Y01016,SBFC,A,,,,,SBFC Finance Limited,89.80,90.89,89.00,90.19,90.15,90.12,,90.16,,,122349,10972822.00,9608,F1,1,,,,,
2026-07-30,2026-07-30,CM,BSE,STK,543960,INE338H01029,CONCORDBIO,A,,,,,Concord Biotech Limited,1340.45,1360.00,1323.90,1333.20,1329.15,1330.10,,1330.10,,,5608,7535280.00,484,F1,1,,,,,
2026-07-30,2026-07-30,CM,BSE,STK,543962,INE864X01013,DPWIRES,T,,,,,D.P. WIRES LIMITED,165.00,165.00,161.25,165.00,165.00,167.20,,165.70,,,92,15120.00,11,F1,1,,,,,
2026-07-30,2026-07-30,CM,BSE,STK,543963,INE013V01011,SHELTER,M,,,,,SHELTER PHARMA LIMITED,26.75,26.75,26.75,26.75,26.75,26.77,,26.75,,,6000,160500.00,2,F1,3000,,,,,
2026-07-30,2026-07-30,CM,BSE,STK,543965,INE395N01027,TVSSCS,B,,,,,TVS Supply Chain Solutions Lim,138.00,138.00,135.20,135.65,135.70,137.15,,135.65,,,19978,2717885.00,347,F1,1,,,,,
2026-07-30,2026-07-30,CM,BSE,STK,543969,INE0MIS01010,PYRAMID,B,,,,,Pyramid Technoplast Limited,185.70,187.75,178.85,181.10,181.35,185.75,,180.87,,,6580,1209797.00,161,F1,1,,,,,
2026-07-30,2026-07-30,CM,BSE,STK,543971,INE0Q8P01029,BONDADA,M,,,,,Bondada Engineering Limited,299.00,304.30,295.60,298.05,298.05,299.15,,298.05,,,129600,38803750.00,446,F1,200,,,,,
2026-07-30,2026-07-30,CM,BSE,STK,543972,INE024001021,AEROFLEX,B,,,,,Aeroflex Industries Limited,452.95,453.75,422.35,427.35,427.30,450.25,,426.65,,,68484,29637561.00,2311,F1,1,,,,,
2026-07-30,2026-07-30,CM,BSE,STK,543973,INF179KC1JG3,HDFCLIQUID,F,,,,,HDFC Mutual Fund,1071.48,1071.50,1071.48,1071.50,1071.50,1071.36,,1071.49,,,11,11786.00,3,F1,1,,,,,
2026-07-30,2026-07-30,CM,BSE,STK,543974,INE0AE001013,VPRPL,T,,,,,VISHNU PRAKASH R PUNGLIA LIMIT,25.66,26.83,25.50,25.86,25.99,26.42,,25.79,,,44882,1162754.00,237,F1,1,,,,,
2026-07-30,2026-07-30,CM,BSE,STK,543975,INF789F1AYX9,MIDCAPBETA,B,,,,,UTI Mutual Fund,232.49,232.49,232.49,232.49,232.49,235.92,,232.94,,,1,232.00,1,F1,1,,,,,
2026-07-30,2026-07-30,CM,BSE,STK,543976,INE489B01031,SHRAAITECH,X,,,,,Shradha AI Technologies Limite,23.15,23.90,23.15,23.61,23.70,23.48,,23.61,,,8828,206745.00,91,F1,1,,,,,
2026-07-30,2026-07-30,CM,BSE,STK,543977,INE0N2P01017,RISHABH,B,,,,,Rishabh Instruments Limited,613.90,617.35,598.00,611.55,604.30,606.60,,610.55,,,6185,3746412.00,279,F1,1,,,,,
2026-07-30,2026-07-30,CM,BSE,STK,543978,INE05CZ01011,RATNAVEER,B,,,,,Ratnaveer Precision Engineerin,185.90,186.50,182.30,184.60,184.50,186.25,,184.74,,,52345,9659642.00,608,F1,1,,,,,
2026-07-30,2026-07-30,CM,BSE,STK,543979,INE04T901017,KAHAN,MT,,,,,Kahan Packaging Limited,55.89,55.89,55.89,55.89,55.89,58.83,,55.89,,,1600,89424.00,1,F1,1600,,,,,
2026-07-30,2026-07-30,CM,BSE,STK,543980,INE682M01020,JLHL,A,,,,,Jupiter Life Line Hospitals Li,331.10,337.90,319.50,332.30,327.40,327.05,,332.40,,,13872,4546341.00,576,F1,1,,,,,
2026-07-30,2026-07-30,CM,BSE,STK,543981,INE777K01022,RRKABEL,A,,,,,R R KABEL LIMITED,2552.45,2620.60,2541.00,2569.55,2562.00,2567.65,,2562.60,,,51157,132078326.00,3886,F1,1,,,,,
2026-07-30,2026-07-30,CM,BSE,STK,543982,INE0OYE01013,QUESTFLOW,MT,,,,,QUEST FLOW CONTROLS LIMITED,190.20,195.80,188.40,188.40,188.40,192.20,,188.40,,,7200,1362630.00,26,F1,200,,,,,
2026-07-30,2026-07-30,CM,BSE,STK,543983,INE0OV601013,EMSLIMITED,B,,,,,EMS LIMITED,402.00,402.00,380.00,383.70,382.80,396.05,,383.55,,,7538,2895069.00,292,F1,1,,,,,
2026-07-30,2026-07-30,CM,BSE,STK,543984,INE08U801020,SAMHI,A,,,,,Samhi Hotels Limited,182.00,186.60,179.25,185.55,186.60,181.90,,186.04,,,70800,13036657.00,1098,F1,1,,,,,
2026-07-30,2026-07-30,CM,BSE,STK,543985,INE07K301024,ZAGGLE,A,,,,,ZAGGLE PREPAID OCEAN SERVICES,205.95,208.70,204.40,204.95,204.95,207.95,,204.80,,,27113,5578107.00,697,F1,1,,,,,
2026-07-30,2026-07-30,CM,BSE,STK,543986,INE980Y01015,SOUTHWEST,B,,,,,South West Pinnacle Exploratio,228.10,232.35,225.50,226.20,226.30,230.30,,225.96,,,4550,1032542.00,225,F1,1,,,,,
2026-07-30,2026-07-30,CM,BSE,STK,543988,INE531F01023,NUVAMA,A,,,,,Nuvama Wealth Management Limit,1823.00,1831.85,1784.05,1795.20,1795.20,1829.15,,1793.50,,,13489,24425585.00,962,F1,1,,,,,
2026-07-30,2026-07-30,CM,BSE,STK,543989,INE438K01021,KALAMANDIR,B,,,,,Sai Silks (Kalamandir) Limited,89.40,89.50,88.00,88.55,88.60,88.75,,88.64,,,22367,1980056.00,289,F1,1,,,,,
2026-07-30,2026-07-30,CM,BSE,STK,543990,INE903U01023,SIGNATURE,A,,,,,SIGNATUREGLOBAL (INDIA) LIMITE,827.25,827.25,806.10,814.10,814.00,819.30,,813.50,,,17419,14242257.00,457,F1,1,,,,,
2026-07-30,2026-07-30,CM,BSE,STK,543991,INE0P4P01011,TECHKGREEN,M,,,,,TECHKNOWGREEN SOLUTIONS LIMITE,147.00,147.00,145.55,146.90,146.90,143.00,,146.90,,,2000,292740.00,5,F1,400,,,,,
2026-07-30,2026-07-30,CM,BSE,STK,543992,INE0JR601024,YATRA,B,,,,,YATRA ONLINE LIMITED,107.35,107.90,105.90,106.10,106.20,108.15,,106.13,,,25618,2729335.00,315,F1,1,,,,,
2026-07-30,2026-07-30,CM,BSE,STK,543993,INE372M01010,ARCL,X,,,,,ARCL Organics Ltd,208.90,208.90,202.00,202.30,202.00,206.40,,202.30,,,19,3912.00,6,F1,1,,,,,
2026-07-30,2026-07-30,CM,BSE,STK,543994,INE880J01026,JSWINFRA,A,,,,,JSW Infrastructure Limited,315.15,320.10,310.15,318.95,319.35,316.25,,319.05,,,108568,34261951.00,3869,F1,1,,,,,
2026-07-30,2026-07-30,CM,BSE,STK,543995,INE0KNT01012,MVGJL,B,,,,,MANOJ VAIBHAV GEMS 'N' JEWELLE,167.20,173.20,166.90,168.15,167.80,173.80,,167.26,,,3002,508425.00,164,F1,1,,,,,
2026-07-30,2026-07-30,CM,BSE,STK,543996,INE851I01011,UDS,B,,,,,Updater Services Limited,199.00,200.65,195.10,196.10,196.40,200.30,,196.24,,,11573,2284782.00,320,F1,1,,,,,
2026-07-30,2026-07-30,CM,BSE,STK,543997,INE0MIO01019,ORGANICREC,M,,,,,ORGANIC RECYCLING SYSTEMS LIMI,233.00,233.00,229.50,229.50,229.50,231.50,,229.50,,,62400,14464860.00,94,F1,600,,,,,
2026-07-30,2026-07-30,CM,BSE,STK,543998,INE0JWS01017,VALIANTLAB,T,,,,,Valiant Laboratories Limited,63.99,63.99,61.00,61.00,61.00,62.99,,60.67,,,266,16243.00,9,F1,1,,,,,
2026-07-30,2026-07-30,CM,BSE,STK,543999,INF769K01KT9,SENSEXETF,A,,,,,Mirae Asset Mutual Fund,80.18,80.44,80.01,80.34,80.44,79.96,,80.25,,,4420,354555.00,28,F1,1,,,,,
2026-07-30,2026-07-30,CM,BSE,STK,544001,INE0Q1S01010,SUNITATOOL,MT,,,,,Sunita Tools Limited,995.80,1036.40,995.80,1036.40,1036.40,1016.10,,1036.40,,,41500,42800150.00,131,F1,125,,,,,
2026-07-30,2026-07-30,CM,BSE,STK,544002,INE0PA601017,VIVAA,MT,,,,,Vivaa Tradecom Limited,102.96,102.96,102.96,102.96,102.96,105.06,,102.96,,,20000,2059200.00,9,F1,2000,,,,,
2026-07-30,2026-07-30,CM,BSE,STK,544003,INE0INJ01017,PLAZACABLE,T,,,,,Plaza Wires Limited,42.25,42.45,42.05,42.45,42.45,42.25,,42.33,,,1415,59879.00,9,F1,1,,,,,
2026-07-30,2026-07-30,CM,BSE,STK,544004,INE07U701015,IRMENERGY,B,,,,,IRM ENERGY LIMITED,255.30,261.90,255.30,257.40,256.80,257.20,,257.45,,,2889,744955.00,143,F1,1,,,,,
2026-07-30,2026-07-30,CM,BSE,STK,544006,INF769K01KV5,ITETF,B,,,,,Mirae Asset Mutual Fund,33.20,33.75,32.99,33.10,33.11,32.93,,33.05,,,50184,1679299.00,234,F1,1,,,,,
2026-07-30,2026-07-30,CM,BSE,STK,544007,INF769K01KU7,ALPHAETF,B,,,,,Mirae Asset Mutual Fund,25.80,25.91,25.72,25.86,25.87,25.87,,25.73,,,25126,647709.00,232,F1,1,,,,,
2026-07-30,2026-07-30,CM,BSE,STK,544008,INE03EI01018,MAXESTATES,B,,,,,Max Estates Limited,386.00,390.10,386.00,388.60,387.00,391.45,,387.90,,,465,180433.00,57,F1,1,,,,,
2026-07-30,2026-07-30,CM,BSE,STK,544009,INE0KBH01020,BLUEJET,A,,,,,Blue Jet Healthcare Limited,602.05,614.95,600.00,612.55,614.00,602.00,,612.45,,,48223,29349299.00,1601,F1,1,,,,,
2026-07-30,2026-07-30,CM,BSE,STK,544012,INE0LMW01024,CELLO,A,,,,,Cello World Limited,348.50,348.50,339.05,340.40,341.30,345.00,,340.30,,,7654,2625695.00,416,F1,1,,,,,
2026-07-30,2026-07-30,CM,BSE,STK,544013,INE0OH401016,KKSHL,M,,,,,KK Shah Hospitals Limited,39.00,39.00,39.00,39.00,39.00,38.99,,39.00,,,3000,117000.00,1,F1,3000,,,,,
2026-07-30,2026-07-30,CM,BSE,STK,544014,INE0J5401028,HONASA,A,,,,,Honasa Consumer Limited,449.90,451.90,442.10,444.35,447.90,449.05,,445.95,,,22311,9976045.00,459,F1,1,,,,,
2026-07-30,2026-07-30,CM,BSE,STK,544015,INE0QI101019,MISHDESIGN,M,,,,,Mish Designs Limited,33.33,33.33,33.33,33.33,33.33,31.75,,33.33,,,500,16665.00,1,F1,500,,,,,
2026-07-30,2026-07-30,CM,BSE,STK,544020,INE818W01011,ESAFSFB,B,,,,,ESAF Small Finance Bank Ltd,37.46,37.58,36.29,36.49,36.49,37.46,,36.48,,,86683,3199575.00,357,F1,1,,,,,
2026-07-30,2026-07-30,CM,BSE,STK,544021,INE004A01022,PROTEAN,A,,,,,Protean eGov Technologies Limi,631.45,636.00,618.00,619.60,619.60,631.65,,619.55,,,9569,5991696.00,657,F1,1,,,,,
2026-07-30,2026-07-30,CM,BSE,STK,544022,INE491J01022,ASKAUTOLTD,B,,,,,ASK Automotive Limited,517.00,523.55,505.30,507.95,507.55,517.45,,508.00,,,8170,4210290.00,442,F1,1,,,,,
2026-07-30,2026-07-30,CM,BSE,STK,544023,INE0N6U01018,KALYANI,M,,,,,Kalyani Cast-Tech Limited,765.00,765.00,750.30,760.00,760.00,774.95,,760.00,,,3250,2473812.00,9,F1,250,,,,,
2026-07-30,2026-07-30,CM,BSE,STK,544026,INE202E01016,IREDA,A,,,,,Indian Renewable Energy Develo,120.80,120.80,119.35,119.80,119.80,120.75,,119.88,,,187294,22445569.00,3581,F1,1,,,,,
2026-07-30,2026-07-30,CM,BSE,STK,544027,INE007N01010,FEDFINA,B,,,,,Fedbank Financial Services Lim,154.85,155.05,152.15,152.80,152.95,154.90,,152.85,,,32678,5023730.00,398,F1,1,,,,,
2026-07-30,2026-07-30,CM,BSE,STK,544028,INE142M01025,TATATECH,A,,,,,Tata Technologies Limited,743.00,778.00,743.00,751.60,751.60,742.20,,751.35,,,129542,98890568.00,4357,F1,1,,,,,
2026-07-30,2026-07-30,CM,BSE,STK,544029,INE717W01049,GANDHAR,B,,,,,Gandhar Oil Refinery (India) L,230.50,230.50,216.00,217.15,217.15,232.35,,216.94,,,193591,42745923.00,3835,F1,1,,,,,
2026-07-30,2026-07-30,CM,BSE,STK,544030,INE00Y201027,FLAIR,B,,,,,Flair Writing Industries Limit,257.00,257.70,254.00,255.55,256.70,255.40,,255.30,,,61895,15791541.00,240,F1,1,,,,,
2026-07-30,2026-07-30,CM,BSE,STK,544035,INE0RDR01012,SPL,M,,,,,Swashthik Plascon Limited,24.50,24.50,20.20,22.50,22.50,24.50,,22.50,,,12800,281136.00,8,F1,1600,,,,,
2026-07-30,2026-07-30,CM,BSE,STK,544036,INE0RDM01013,DEEPAKCHEM,M,,,,,DEEPAK CHEMTEX LIMITED,76.25,76.50,73.51,76.50,76.50,78.00,,76.50,,,4800,363120.00,6,F1,800,,,,,
2026-07-30,2026-07-30,CM,BSE,STK,544037,INE0P9J01013,AMIC,M,,,,,Amic Forging Limited,1784.45,1825.00,1779.00,1806.65,1786.00,1779.50,,1806.65,,,105300,189775845.00,565,F1,100,,,,,
2026-07-30,2026-07-30,CM,BSE,STK,544042,INE0KQN01018,BAJEL,B,,,,,Bajel Projects Limited,180.15,180.15,174.50,176.00,176.10,177.35,,175.97,,,6673,1177831.00,155,F1,1,,,,,
2026-07-30,2026-07-30,CM,BSE,STK,544043,INF251K01SU9,BBNPPGOLD,E,,,,,BARODA BNP PARIBAS MUTUAL FUND,137.25,137.25,137.25,137.25,137.25,137.36,,137.85,,,25,3431.00,1,F1,1,,,,,
2026-07-30,2026-07-30,CM,BSE,STK,544044,INE922K01024,INDIASHLTR,A,,,,,India Shelter Finance Corporat,690.10,727.60,690.10,718.45,716.75,724.85,,719.30,,,10212,7350938.00,550,F1,1,,,,,
2026-07-30,2026-07-30,CM,BSE,STK,544045,INE321T01012,DOMS,A,,,,,DOMS Industries Limited,2274.75,2279.20,2250.00,2254.00,2254.70,2280.10,,2255.00,,,1335,3016398.00,211,F1,1,,,,,
2026-07-30,2026-07-30,CM,BSE,STK,544046,INE616N01034,INOXINDIA,A,,,,,INOX India Limited,1898.85,1925.95,1878.00,1891.75,1882.00,1885.65,,1897.40,,,9154,17369306.00,893,F1,1,,,,,
2026-07-30,2026-07-30,CM,BSE,STK,544047,INE0QSK01017,SIYARAM,M,,,,,Siyaram Recycling Industries L,42.39,42.39,40.00,40.12,40.00,41.49,,40.12,,,18000,732870.00,12,F1,1500,,,,,
2026-07-30,2026-07-30,CM,BSE,STK,544052,INE0Q2Z01013,BENCHMARK,MT,,,,,Benchmark Computer Solutions L,32.82,32.82,32.82,32.82,32.82,34.54,,32.82,,,20000,656400.00,10,F1,2000,,,,,
2026-07-30,2026-07-30,CM,BSE,STK,544053,INE0FRK01020,MOTISONS,B,,,,,Motisons Jewellers Limited,14.49,14.51,14.14,14.25,14.20,14.59,,14.23,,,376863,5394083.00,703,F1,1,,,,,
2026-07-30,2026-07-30,CM,BSE,STK,544054,INE843S01025,SURAJEST,B,,,,,Suraj Estate Developers Limite,194.65,197.75,194.00,194.40,195.60,195.50,,194.84,,,906,176646.00,47,F1,1,,,,,
2026-07-30,2026-07-30,CM,BSE,STK,544055,INE046W01019,MUTHOOTMF,B,,,,,Muthoot Microfin Limited,255.90,255.90,245.70,246.95,246.95,254.70,,246.88,,,10830,2717197.00,295,F1,1,,,,,
2026-07-30,2026-07-30,CM,BSE,STK,544056,INE0PSJ01011,SMARITIME,M,,,,,Sahara Maritime Limited,20.00,21.06,20.00,21.06,21.06,19.15,,21.06,,,6400,133088.00,4,F1,1600,,,,,
2026-07-30,2026-07-30,CM,BSE,STK,544057,INE330T01021,HAPPYFORGE,B,,,,,Happy Forgings Limited,1649.05,1671.50,1640.25,1658.25,1656.00,1659.15,,1661.40,,,4161,6869755.00,543,F1,1,,,,,
2026-07-30,2026-07-30,CM,BSE,STK,544058,INE220Q01020,MUFTI,B,,,,,Credo Brands Marketing Limited,82.50,82.50,80.00,81.19,80.75,81.73,,80.72,,,4784,384838.00,125,F1,1,,,,,
2026-07-30,2026-07-30,CM,BSE,STK,544059,INE0QZQ01019,SHANTIDENM,M,,,,,SHANTI SPINTEX LIMITED,36.00,36.00,34.50,34.50,34.50,35.69,,34.50,,,10000,350500.00,5,F1,2000,,,,,
2026-07-30,2026-07-30,CM,BSE,STK,544060,INE0PEQ01016,RBZJEWEL,B,,,,,RBZ Jewellers Limited,141.50,142.55,140.10,140.90,140.80,140.80,,141.50,,,1238,175080.00,80,F1,1,,,,,
2026-07-30,2026-07-30,CM,BSE,STK,544061,INE02IJ01035,AZAD,A,,,,,Azad Engineering Limited,2395.50,2395.50,2251.00,2258.55,2258.55,2394.40,,2259.60,,,53726,123447682.00,2846,F1,1,,,,,
2026-07-30,2026-07-30,CM,BSE,STK,544066,INE0Q3R01026,SUNCLAY,B,,,,,SUNDARAM-CLAYTON LIMITED,1279.00,1279.00,1230.00,1231.10,1231.10,1276.75,,1235.20,,,15215,18743943.00,207,F1,1,,,,,
2026-07-30,2026-07-30,CM,BSE,STK,544067,INE0DUT01020,INNOVACAP,B,,,,,INNOVA CAPTAB LIMITED,980.00,980.00,960.00,967.35,961.65,969.95,,969.40,,,1924,1868173.00,217,F1,1,,,,,
2026-07-30,2026-07-30,CM,BSE,STK,544072,INE0QFT01015,AIKPIPES,M,,,,,AIK Pipes and Polymers Limited,25.44,25.44,25.44,25.44,25.44,25.44,,25.44,,,800,20352.00,1,F1,800,,,,,
2026-07-30,2026-07-30,CM,BSE,STK,544073,INE0A6N01026,MCPL,M,,,,,Manoj Ceramic Limited,75.25,75.25,75.25,75.25,75.25,74.95,,75.25,,,1000,75250.00,1,F1,1000,,,,,
2026-07-30,2026-07-30,CM,BSE,STK,544074,INE0RNZ01014,SBVCL,MT,,,,,Shri Balaji Valve Components L,103.80,103.90,103.60,103.90,103.90,105.00,,103.90,,,9600,995310.00,6,F1,600,,,,,
2026-07-30,2026-07-30,CM,BSE,STK,544079,INE0PSC01024,DIGIDRIVE,B,,,,,DIGIDRIVE DISTRIBUTORS LIMITED,17.98,17.98,17.89,17.96,17.96,17.61,,17.87,,,32,574.00,4,F1,1,,,,,
2026-07-30,2026-07-30,CM,BSE,STK,544080,INE0MGS01014,SHILINDORE,X,,,,,Sayaji Hotels (Indore) Limited,1320.00,1320.00,1263.50,1263.50,1263.50,1330.00,,1263.50,,,18,22995.00,4,F1,1,,,,,
2026-07-30,2026-07-30,CM,BSE,STK,544081,INE980O01024,JYOTICNC,A,,,,,Jyoti CNC Automation Limited,826.85,832.20,805.50,813.15,808.85,823.00,,812.75,,,45768,37549168.00,2058,F1,1,,,,,
2026-07-30,2026-07-30,CM,BSE,STK,544083,INE0QIS01011,SHREE,M,,,,,Shree Marutinandan Tubes Limit,49.30,57.00,49.30,53.70,53.70,48.50,,53.70,,,4500,244075.00,9,F1,500,,,,,
2026-07-30,2026-07-30,CM,BSE,STK,544088,INE456Z01021,MEDIASSIST,A,,,,,Medi Assist Healthcare Service,349.25,363.40,349.25,357.70,358.25,349.75,,357.45,,,13803,4930974.00,559,F1,1,,,,,
2026-07-30,2026-07-30,CM,BSE,STK,544089,INF0R8F01034,LIQUIDCASE,F,,,,,Zerodha Mutual Fund,116.37,116.37,115.23,115.24,115.24,115.22,,115.24,,,653028,75254724.00,427,F1,1,,,,,
2026-07-30,2026-07-30,CM,BSE,STK,544090,INE07G501017,SHPLPUNE,X,,,,,Sayaji Hotels (Pune) Limited,849.20,849.20,776.30,823.55,823.55,815.00,,823.55,,,71,56088.00,16,F1,1,,,,,
2026-07-30,2026-07-30,CM,BSE,STK,544091,INE0Q1R01012,QLL,M,,,,,Qualitek Labs Limited,429.00,440.00,425.00,432.00,432.00,435.00,,432.00,,,3200,1384820.00,8,F1,400,,,,,
2026-07-30,2026-07-30,CM,BSE,STK,544092,INF0QA701722,NIFTYBETF,B,,,,,Bajaj Finserv Mutual Fund,253.98,253.98,245.03,252.03,252.03,249.00,,251.05,,,35,8804.00,6,F1,1,,,,,
2026-07-30,2026-07-30,CM,BSE,STK,544093,INF0QA701714,BANKBETF,B,,,,,Bajaj Finserv Mutual Fund,58.39,58.39,57.22,58.36,58.36,58.39,,57.99,,,391,22718.00,26,F1,1,,,,,
2026-07-30,2026-07-30,CM,BSE,STK,544095,INE0G5901015,EPACK,B,,,,,EPACK Durable Limited,235.65,237.80,230.50,231.50,231.00,233.50,,231.79,,,32018,7500344.00,512,F1,1,,,,,
2026-07-30,2026-07-30,CM,BSE,STK,544100,INE02H701025,NOVAAGRI,T,,,,,Nova Agritech Limited,23.40,23.40,22.23,22.98,23.00,23.01,,22.95,,,4866,111731.00,36,F1,1,,,,,
2026-07-30,2026-07-30,CM,BSE,STK,544105,INE0OLZ01015,HARSHDEEP,M,,,,,HARSHDEEP HORTICO LIMITED,81.00,81.00,79.09,79.09,79.09,80.28,,79.09,,,3000,240135.00,2,F1,1500,,,,,
2026-07-30,2026-07-30,CM,BSE,STK,544106,INE0R5Z01015,MCFL,MT,,,,,Mayank Cattle Food Limited,212.05,212.05,212.05,212.05,212.05,212.00,,212.05,,,600,127230.00,1,F1,600,,,,,
2026-07-30,2026-07-30,CM,BSE,STK,544107,INE0NLT01010,BLSE,B,,,,,BLS E-Services Limited,303.90,303.90,293.85,294.80,295.05,298.55,,294.72,,,29298,8695428.00,494,F1,1,,,,,
2026-07-30,2026-07-30,CM,BSE,STK,544109,INF740KA1ZG1,HEALTHADD,B,,,,,DSP NIFTY Healthcare ETF,17.16,17.18,16.91,16.92,16.95,16.82,,16.85,,,683,11597.00,10,F1,1,,,,,
2026-07-30,2026-07-30,CM,BSE,STK,544110,INF179KC1HW4,HDFCPSUBK,B,,,,,HDFC Mutual Fund,83.90,84.58,83.57,84.18,83.99,84.24,,84.19,,,3445,289149.00,172,F1,1,,,,,
2026-07-30,2026-07-30,CM,BSE,STK,544111,INE988S01028,PARKHOTELS,B,,,,,Apeejay Surrendra Park Hotels,123.00,123.00,120.30,120.65,120.30,121.50,,121.01,,,10867,1313101.00,151,F1,1,,,,,
2026-07-30,2026-07-30,CM,BSE,STK,544112,INE0QXV01014,JGTL,X,,,,,JASCH GAUGING TECHNOLOGIES LIM,517.60,521.00,510.00,520.10,519.00,517.60,,520.10,,,411,212495.00,22,F1,1,,,,,
2026-07-30,2026-07-30,CM,BSE,STK,544117,INE0KGZ01021,SIGNPOST,B,,,,,Signpost India Limited,306.75,312.10,303.85,311.30,311.85,307.75,,311.20,,,4222,1303678.00,126,F1,1,,,,,
2026-07-30,2026-07-30,CM,BSE,STK,544118,INE953L01027,JSFB,A,,,,,JANA SMALL FINANCE BANK LIMITE,559.90,579.00,559.90,563.75,562.65,572.10,,563.40,,,133346,75857274.00,2834,F1,1,,,,,
2026-07-30,2026-07-30,CM,BSE,STK,544119,INE0J1F01024,RPTECH,B,,,,,Rashi Peripherals Limited,769.80,841.30,767.70,811.50,814.15,770.30,,812.95,,,78046,63649297.00,3574,F1,1,,,,,
2026-07-30,2026-07-30,CM,BSE,STK,544120,INE646H01017,CAPITALSFB,B,,,,,Capital Small Finance Bank Ltd,299.00,299.00,294.95,295.45,295.45,297.45,,296.05,,,747,221449.00,20,F1,1,,,,,
2026-07-30,2026-07-30,CM,BSE,STK,544122,INE010601016,ENTERO,B,,,,,Entero Healthcare Solutions Li,1227.35,1251.00,1212.05,1248.05,1251.00,1224.65,,1243.20,,,2404,2974396.00,278,F1,1,,,,,
2026-07-30,2026-07-30,CM,BSE,STK,544123,INF767K01RN1,LICNMID100,B,,,,,LIC Mutual Fund,63.26,63.31,62.89,62.89,62.89,63.21,,62.79,,,131,8272.00,6,F1,1,,,,,
2026-07-30,2026-07-30,CM,BSE,STK,544124,INE0QTF01015,VSTL,B,,,,,VIBHOR STEEL TUBES LIMITED,109.20,112.00,108.05,110.00,111.00,110.95,,110.42,,,4289,471840.00,141,F1,1,,,,,
2026-07-30,2026-07-30,CM,BSE,STK,544129,INE696F01016,JUNIPER,B,,,,,Juniper Hotels Limited,196.05,197.75,194.35,195.30,195.05,196.50,,195.62,,,2383,466125.00,89,F1,1,,,,,
2026-07-30,2026-07-30,CM,BSE,STK,544130,INF769K01LC3,SMALLCAP,B,,,,,Mirae Asset Mutual Fund,47.05,47.11,46.64,46.74,46.74,47.17,,46.79,,,86095,4029820.00,383,F1,1,,,,,
2026-07-30,2026-07-30,CM,BSE,STK,544131,INE486R01017,GPTHEALTH,B,,,,,GPT Healthcare Limited,167.00,167.55,162.95,166.00,166.00,167.20,,166.03,,,15270,2521980.00,302,F1,1,,,,,
2026-07-30,2026-07-30,CM,BSE,STK,544132,INF0R8F01042,GOLDCASE,E,,,,,Zerodha Mutual Fund,22.66,22.66,22.18,22.33,22.33,22.22,,22.33,,,142178,3170646.00,993,F1,1,,,,,
2026-07-30,2026-07-30,CM,BSE,STK,544133,INE777F01014,EXICOM,B,,,,,EXICOM TELE-SYSTEMS LIMITED,158.65,160.25,155.70,157.65,157.45,159.90,,157.51,,,74716,11774835.00,758,F1,1,,,,,
2026-07-30,2026-07-30,CM,BSE,STK,544134,INE0PT501018,PLATIND,B,,,,,Platinum Industries Limited,237.05,237.05,224.60,226.10,228.70,237.60,,226.85,,,14198,3270868.00,299,F1,1,,,,,
2026-07-30,2026-07-30,CM,BSE,STK,544135,INE0CG401037,MUKKA,B,,,,,Mukka Proteins Limited,23.45,23.45,22.44,22.67,22.76,22.96,,22.64,,,7414,170340.00,83,F1,1,,,,,
2026-07-30,2026-07-30,CM,BSE,STK,544136,INE0NQ801033,RKSWAMY,B,,,,,R K Swamy Limited,110.00,110.00,102.45,103.25,103.80,103.50,,104.30,,,3423,356843.00,98,F1,1,,,,,
2026-07-30,2026-07-30,CM,BSE,STK,544137,INE0NHL23019,INDUSINVIT,IF,,,,,Indus Infra Trust,131.22,131.78,130.77,131.55,131.27,131.00,,131.26,,,3457,454316.00,408,F1,1,,,,,
2026-07-30,2026-07-30,CM,BSE,STK,544138,INE0MB501011,JGCHEM,B,,,,,J.G.Chemicals Limited,498.70,502.85,487.05,491.50,487.50,502.70,,491.65,,,3576,1769931.00,214,F1,1,,,,,
2026-07-30,2026-07-30,CM,BSE,STK,544139,INE0M8R01011,KOURA,M,,,,,KOURA FINE DIAMOND JEWELRY LIM,35.50,35.50,35.50,35.50,35.50,35.00,,35.50,,,2000,71000.00,1,F1,2000,,,,,
2026-07-30,2026-07-30,CM,BSE,STK,544140,INE0L9R01028,GOPAL,B,,,,,Gopal Snacks Limited,265.00,276.60,263.00,263.35,264.65,264.10,,264.00,,,23299,6194516.00,431,F1,1,,,,,
2026-07-30,2026-07-30,CM,BSE,STK,544141,INE510U01018,PESB,MT,,,,,Pune E - Stock Broking Limited,261.00,261.00,260.00,260.00,260.00,264.00,,260.00,,,1600,416800.00,2,F1,800,,,,,
2026-07-30,2026-07-30,CM,BSE,STK,544142,INE0PB301013,SCILAL,B,,,,,Shipping Corporation of India,40.96,41.60,40.70,40.74,40.82,41.39,,40.81,,,6971,285741.00,141,F1,1,,,,,
2026-07-30,2026-07-30,CM,BSE,STK,544143,INE0QQG01019,ROYAL,M,,,,,Royal Sense Limited,103.00,103.00,103.00,103.00,103.00,104.00,,103.00,,,1000,103000.00,2,F1,500,,,,,
2026-07-30,2026-07-30,CM,BSE,STK,544144,INE772T01024,PVSL,B,,,,,Popular Vehicles and Services,112.76,112.76,108.21,108.34,108.33,110.01,,108.59,,,1791,200166.00,20,F1,1,,,,,
2026-07-30,2026-07-30,CM,BSE,STK,544149,INE0QN801017,KRYSTAL,B,,,,,KRYSTAL INTEGRATED SERVICES LI,600.00,601.75,600.00,600.05,601.50,600.20,,600.20,,,1030,618245.00,16,F1,1,,,,,
2026-07-30,2026-07-30,CM,BSE,STK,544150,INE0QVH01025,KPGEL,M,,,,,KP GREEN ENGINEERING LIMITED,331.15,339.20,329.00,337.75,337.75,332.30,,337.75,,,32500,10897025.00,96,F1,250,,,,,
2026-07-30,2026-07-30,CM,BSE,STK,544151,INE0AH901011,CHATHA,M,,,,,CHATHA FOODS LIMITED,88.10,88.10,86.00,86.05,86.05,88.98,,86.05,,,22000,1923790.00,21,F1,1000,,,,,
2026-07-30,2026-07-30,CM,BSE,STK,544156,INE0QHY01011,GCONNECT,M,,,,,Gconnect Logitech and Supply C,9.48,9.48,9.48,9.48,9.48,9.03,,9.48,,,3000,28440.00,2,F1,1500,,,,,
2026-07-30,2026-07-30,CM,BSE,STK,544157,INE0OMZ01013,VRUDDHI,M,,,,,Vruddhi Engineering Works Limi,220.00,223.45,220.00,223.45,223.45,225.00,,223.45,,,2500,554450.00,5,F1,500,,,,,
2026-07-30,2026-07-30,CM,BSE,STK,544158,INE0R6Z01013,SRM,B,,,,,SRM CONTRACTORS LIMITED,501.05,508.00,497.30,498.10,498.25,507.15,,498.20,,,8224,4116467.00,241,F1,1,,,,,
2026-07-30,2026-07-30,CM,BSE,STK,544159,INF740KA1UM0,LIQUIDADD,F,,,,,DSP BSE LIQUID RATE ETF,1137.97,1137.97,1137.95,1137.97,1137.97,1137.81,,1137.96,,,19231,21884142.00,20,F1,1,,,,,
2026-07-30,2026-07-30,CM,BSE,STK,544160,INE0MSS01019,JAYKAILASH,MT,,,,,Jay Kailash Namkeen Limited,44.50,44.63,44.50,44.63,44.63,42.51,,44.63,,,62400,2783248.00,28,F1,1600,,,,,
2026-07-30,2026-07-30,CM,BSE,STK,544161,INE266Y01019,DPABHUSHAN,B,,,,,D P ABHUSHAN LIMITED,1403.00,1403.00,1332.00,1342.20,1344.00,1399.05,,1341.75,,,1227,1657645.00,169,F1,1,,,,,
2026-07-30,2026-07-30,CM,BSE,STK,544162,INE343G01021,BHARTIHEXA,A,,,,,Bharti Hexacom Limited,1653.90,1675.00,1636.05,1650.30,1650.30,1653.90,,1653.70,,,3904,6465799.00,469,F1,1,,,,,
2026-07-30,2026-07-30,CM,BSE,STK,544164,INE0Q9W01015,FAALCON,M,,,,,Faalcon Concepts Limited,39.01,39.01,39.01,39.01,39.01,39.50,,39.01,,,4000,156040.00,2,F1,2000,,,,,
2026-07-30,2026-07-30,CM,BSE,STK,544165,INE0SGR01013,SHIVAM,M,,,,,SHIVAM CHEMICALS LIMITED,102.00,102.00,102.00,102.00,102.00,101.85,,102.00,,,1500,153000.00,1,F1,1500,,,,,
2026-07-30,2026-07-30,CM,BSE,STK,544166,INE0SDC01012,EMMFORCE,MT,,,,,EMMFORCE AUTOTECH LIMITED,178.60,183.00,178.60,183.00,183.00,179.70,,183.00,,,3600,653460.00,3,F1,1200,,,,,
2026-07-30,2026-07-30,CM,BSE,STK,544167,INE0OAF01028,JNKINDIA,B,,,,,JNK India Limited,458.60,461.40,456.70,460.25,458.85,456.65,,458.60,,,8312,3815490.00,254,F1,1,,,,,
2026-07-30,2026-07-30,CM,BSE,STK,544168,INE0R6801013,VARYAA,M,,,,,VARYAA CREATIONS LIMITED,30.99,30.99,26.85,28.29,29.30,29.20,,28.29,,,9000,260570.00,9,F1,1000,,,,,
2026-07-30,2026-07-30,CM,BSE,STK,544170,INE0QXT01018,DKUAL,M,,,,,Dolphin Kitchen Utensils and A,7.90,7.90,7.90,7.90,7.90,7.95,,7.90,,,4000,31600.00,1,F1,2000,,,,,
2026-07-30,2026-07-30,CM,BSE,STK,544171,INE0RGM01016,STAL,MT,,,,,Storage Technologies and Autom,35.00,35.00,33.75,33.75,33.75,35.00,,33.75,,,3200,111000.00,2,F1,800,,,,,
2026-07-30,2026-07-30,CM,BSE,STK,544172,INE065X01017,INDGN,A,,,,,Indegene Limited,519.30,538.55,510.00,514.50,510.00,523.65,,514.70,,,30668,16088454.00,2310,F1,1,,,,,
2026-07-30,2026-07-30,CM,BSE,STK,544174,INE673O01025,TBOTEK,A,,,,,TBO TEK LIMITED,1579.65,1579.65,1473.20,1497.05,1500.60,1521.20,,1498.50,,,1148892,1755717434.00,8160,F1,1,,,,,
2026-07-30,2026-07-30,CM,BSE,STK,544175,INE0SMU01015,TGIF,M,,,,,TGIF AGRIBUSINESS LIMITED,103.75,103.75,96.00,96.00,96.00,104.00,,96.00,,,2400,239700.00,2,F1,1200,,,,,
2026-07-30,2026-07-30,CM,BSE,STK,544176,INE883F01010,AADHARHFC,A,,,,,Aadhar Housing Finance Limited,494.25,499.05,487.00,494.00,497.35,494.25,,490.75,,,258593,126492908.00,545,F1,1,,,,,
2026-07-30,2026-07-30,CM,BSE,STK,544179,INE03JT01014,GODIGIT,A,,,,,Go Digit General Insurance Lim,254.10,258.00,252.00,255.00,254.25,253.40,,254.95,,,339326,86758622.00,1686,F1,1,,,,,
2026-07-30,2026-07-30,CM,BSE,STK,544180,INF769K01LJ8,MIDSMALL,B,,,,,Mirae Asset Mutual Fund,50.53,51.19,50.53,50.80,50.83,51.06,,50.79,,,30613,1555211.00,115,F1,1,,,,,
2026-07-30,2026-07-30,CM,BSE,STK,544181,INE108V01019,AWFIS,A,,,,,Awfis Space Solutions Limited,280.80,281.00,274.30,275.65,275.65,281.60,,275.95,,,23501,6526676.00,604,F1,1,,,,,
2026-07-30,2026-07-30,CM,BSE,STK,544182,INF0QA701854,LIQUIDBETF,F,,,,,Bajaj Finserv Mutual Fund,1092.39,1092.39,1092.39,1092.39,1092.39,1092.24,,1092.39,,,4,4369.00,1,F1,1,,,,,
2026-07-30,2026-07-30,CM,BSE,STK,544184,INE02L001032,BOROSCI,B,,,,,Borosil Scientific Limited,155.00,159.25,154.45,155.60,155.70,157.45,,155.42,,,14218,2246207.00,211,F1,1,,,,,
2026-07-30,2026-07-30,CM,BSE,STK,544185,INE257C01014,ADTECH,X,,,,,ADTECH SYSTEMS LIMITED,55.50,55.90,52.99,53.47,54.50,55.90,,53.47,,,6702,365165.00,88,F1,1,,,,,
2026-07-30,2026-07-30,CM,BSE,STK,544186,INE0TT901016,TOTEM,X,,,,,Forbes Precision Tools and Mac,131.90,131.95,119.20,120.00,120.00,127.25,,120.00,,,68039,8301632.00,800,F1,1,,,,,
2026-07-30,2026-07-30,CM,BSE,STK,544187,INE0ATZ01017,KRONOX,B,,,,,KRONOX LAB SCIENCES LIMITED,152.95,153.40,151.20,151.75,151.40,154.00,,152.08,,,4152,631761.00,147,F1,1,,,,,
2026-07-30,2026-07-30,CM,BSE,STK,544189,INE0QUV01010,SATTRIX,M,,,,,SATTRIX INFORMATION SECURITY L,375.00,393.65,370.00,393.65,393.65,374.95,,393.65,,,10000,3858900.00,19,F1,500,,,,,
2026-07-30,2026-07-30,CM,BSE,STK,544190,INE0R7D01018,3CIT,M,,,,,3C IT Solutions and Telecoms (,16.86,16.86,16.86,16.86,16.86,16.86,,16.86,,,2000,33720.00,1,F1,2000,,,,,
2026-07-30,2026-07-30,CM,BSE,STK,544191,INE0CYK01015,PURPLEFIN,X,,,,,Purple Finance Limited,70.00,72.60,67.11,71.85,71.25,70.69,,71.85,,,950084,66486776.00,354,F1,1,,,,,
2026-07-30,2026-07-30,CM,BSE,STK,544192,INE0HV901016,IXIGO,A,,,,,Le Travenues Technology Limite,194.00,195.75,190.80,193.50,193.90,194.20,,193.48,,,36199,6987261.00,548,F1,1,,,,,
2026-07-30,2026-07-30,CM,BSE,STK,544193,INF0R8F01059,MID150CASE,B,,,,,Zerodha Mutual Fund,11.48,11.63,11.48,11.57,11.61,11.62,,11.57,,,61494,712852.00,242,F1,1,,,,,
2026-07-30,2026-07-30,CM,BSE,STK,544194,INF0R8F01067,TOP100CASE,B,,,,,Zerodha Mutual Fund,10.63,10.69,10.45,10.64,10.69,10.63,,10.66,,,33300,353928.00,180,F1,1,,,,,
2026-07-30,2026-07-30,CM,BSE,STK,544195,INE0S0I01011,COTFAB,M,,,,,United Cotfab Limited,14.90,14.90,14.00,14.00,14.00,14.70,,14.00,,,20000,282460.00,7,F1,2000,,,,,
2026-07-30,2026-07-30,CM,BSE,STK,544196,INF251K01TL6,BBNPNBETF,B,,,,,BARODA BNP PARIBAS MUTUAL FUND,57.62,57.62,57.62,57.62,57.62,56.97,,57.43,,,1000,57620.00,1,F1,1,,,,,
2026-07-30,2026-07-30,CM,BSE,STK,544198,INE841L01016,DEEDEV,T,,,,,DEE DEVELOPMENT ENGINEERS LIMI,678.55,678.55,637.00,644.00,643.00,663.60,,646.15,,,3715,2428331.00,164,F1,1,,,,,
2026-07-30,2026-07-30,CM,BSE,STK,544199,INE0RUJ01013,GEMENVIRO,M,,,,,GEM Enviro Management Limited,37.50,37.50,36.25,36.83,36.65,37.50,,36.83,,,8800,323712.00,10,F1,800,,,,,
2026-07-30,2026-07-30,CM,BSE,STK,544200,INE916Y01027,AFIL,B,,,,,Akme Fintrade (India) Limited,9.50,9.50,9.11,9.20,9.27,9.32,,9.21,,,22021,204436.00,99,F1,1,,,,,
2026-07-30,2026-07-30,CM,BSE,STK,544201,INE0S6R01027,DFPL,M,,,,,DINDIGUL FARM PRODUCT LIMITED,14.20,14.40,14.00,14.15,14.00,13.98,,14.15,,,14000,198100.00,7,F1,2000,,,,,
2026-07-30,2026-07-30,CM,BSE,STK,544202,INE01A001028,STANLEY,B,,,,,STANLEY LIFESTYLES LIMITED,155.70,156.00,153.80,154.40,153.80,156.00,,154.62,,,5038,779834.00,232,F1,1,,,,,
2026-07-30,2026-07-30,CM,BSE,STK,544203,INE552Z01027,ABDL,A,,,,,Allied Blenders and Distillers,654.75,655.00,638.10,648.00,648.30,644.40,,648.45,,,11812,7641010.00,696,F1,1,,,,,
2026-07-30,2026-07-30,CM,BSE,STK,544204,INE0S2V01010,VRAJ,B,,,,,VRAJ IRON AND STEEL LIMITED,126.40,131.00,123.35,123.60,123.40,126.70,,123.68,,,2178,275146.00,144,F1,1,,,,,
2026-07-30,2026-07-30,CM,BSE,STK,544205,INE0PO601011,NPL,XT,,,,,National Peroxide Limited,573.95,573.95,562.80,568.85,565.30,576.95,,568.85,,,163,93224.00,14,F1,1,,,,,
2026-07-30,2026-07-30,CM,BSE,STK,544206,INF200KB1217,SBISILVER,E,,,,,SBI Mutual Fund,210.80,212.25,209.63,211.95,212.25,211.90,,211.92,,,263697,55645053.00,1994,F1,1,,,,,
2026-07-30,2026-07-30,CM,BSE,STK,544207,INE375Y01018,RELIABLE,B,,,,,Reliable Data Services Limited,140.00,140.90,135.85,139.95,140.00,139.30,,140.06,,,850,118877.00,16,F1,1,,,,,
2026-07-30,2026-07-30,CM,BSE,STK,544208,INF680P01422,LIQUIDSHRI,F,,,,,Shriram Mutual Fund,1115.14,1115.14,1115.14,1115.14,1115.14,1114.68,,1115.13,,,1,1115.00,1,F1,1,,,,,
2026-07-30,2026-07-30,CM,BSE,STK,544209,INE0B9K01025,BANSALWIRE,B,,,,,Bansal Wire Industries Limited,322.95,322.95,314.05,316.30,314.50,318.45,,315.05,,,2625,830316.00,136,F1,1,,,,,
2026-07-30,2026-07-30,CM,BSE,STK,544210,INE168P01015,EMCURE,A,,,,,Emcure Pharmaceuticals Limited,1903.00,1935.00,1901.70,1909.95,1911.00,1904.80,,1910.90,,,9014,17310079.00,644,F1,1,,,,,
2026-07-30,2026-07-30,CM,BSE,STK,544212,INF769K01LQ3,EVINDIA,B,,,,,Mirae Asset Mutual Fund,32.05,32.44,32.05,32.37,32.39,32.14,,32.37,,,38271,1233926.00,198,F1,1,,,,,
2026-07-30,2026-07-30,CM,BSE,STK,544213,INE0T3401029,ACLD,M,,,,,AELEA COMMODITIES LIMITED,143.80,146.30,142.00,143.85,146.30,142.55,,143.85,,,9600,1378170.00,15,F1,600,,,,,
2026-07-30,2026-07-30,CM,BSE,STK,544214,INE0UK501010,THREEMPAPE,M,,,,,THREE M PAPER BOARDS LIMITED,24.35,24.35,24.35,24.35,24.35,25.25,,24.35,,,4000,97400.00,1,F1,2000,,,,,
2026-07-30,2026-07-30,CM,BSE,STK,544215,INF200KB1282,SBINEQWETF,B,,,,,SBI Mutual Fund,33.71,34.00,33.59,33.90,33.90,33.71,,33.84,,,1225,41375.00,27,F1,1,,,,,
2026-07-30,2026-07-30,CM,BSE,STK,544216,INF109KC18W3,OILIETF,B,,,,,ICICI Prudential Mutual Fund,11.33,11.34,11.24,11.31,11.28,11.22,,11.30,,,34355,387217.00,505,F1,1,,,,,
2026-07-30,2026-07-30,CM,BSE,STK,544217,INE08NE01025,SANSTAR,B,,,,,SANSTAR LIMITED,111.85,113.30,108.90,112.95,113.30,111.55,,113.01,,,32218,3529912.00,489,F1,1,,,,,
2026-07-30,2026-07-30,CM,BSE,STK,544218,INF209KB19Z4,ABSLPSE,B,,,,,Aditya Birla Sun Life Mutual F,10.25,10.30,10.24,10.27,10.27,10.25,,10.28,,,3790,38876.00,31,F1,1,,,,,
2026-07-30,2026-07-30,CM,BSE,STK,544219,INE0MNP01016,VVIPIL,M,,,,,VVIP Infratech Limited,111.25,123.00,111.25,122.65,123.00,111.15,,122.65,,,22200,2689530.00,37,F1,600,,,,,
2026-07-30,2026-07-30,CM,BSE,STK,544221,INE0RMR01013,KIZI,M,,,,,Kizi Apparels Limited,19.90,20.48,19.50,20.12,20.48,19.90,,20.12,,,30000,599430.00,8,F1,3000,,,,,
2026-07-30,2026-07-30,CM,BSE,STK,544222,INE09XN01023,AKUMS,B,,,,,Akums Drugs and Pharmaceutical,663.50,667.40,657.90,660.55,660.55,664.55,,660.60,,,4049,2684542.00,346,F1,1,,,,,
2026-07-30,2026-07-30,CM,BSE,STK,544223,INE0AG901020,CEIGALL,B,,,,,Ceigall India Limited,331.95,341.35,330.00,335.40,334.00,334.10,,334.70,,,10850,3656778.00,549,F1,1,,,,,
2026-07-30,2026-07-30,CM,BSE,STK,544224,INE0OXY01013,AFCOM,M,,,,,Afcom Holdings Limited,1394.65,1415.00,1380.00,1404.30,1405.00,1394.65,,1404.30,,,24960,34984998.00,159,F1,120,,,,,
2026-07-30,2026-07-30,CM,BSE,STK,544225,INE0LXG01040,OLAELEC,A,,,,,Ola Electric Mobility Limited,38.06,38.25,37.60,37.76,37.76,38.41,,37.78,,,2094982,79320019.00,5423,F1,1,,,,,
2026-07-30,2026-07-30,CM,BSE,STK,544226,INE02RE01045,FIRSTCRY,A,,,,,Brainbees Solutions Limited,216.60,216.60,211.25,212.15,212.15,214.90,,211.94,,,27626,5863427.00,477,F1,1,,,,,
2026-07-30,2026-07-30,CM,BSE,STK,544227,INE00U401027,UNIECOM,B,,,,,UNICOMMERCE ESOLUTIONS LIMITED,85.91,85.91,83.84,84.71,84.50,84.99,,84.78,,,11774,999788.00,132,F1,1,,,,,
2026-07-30,2026-07-30,CM,BSE,STK,544229,INF109KC19W1,METALIETF,B,,,,,ICICI Prudential Mutual Fund,13.05,13.05,12.60,12.78,12.78,12.74,,12.77,,,173925,2218783.00,717,F1,1,,,,,
2026-07-30,2026-07-30,CM,BSE,STK,544230,INE0PQ101010,SSDL,B,,,,,SARASWATI SAREE DEPOT LIMITED,53.29,55.00,52.93,53.62,53.21,53.56,,53.66,,,23822,1274792.00,106,F1,1,,,,,
2026-07-30,2026-07-30,CM,BSE,STK,544231,INE0SFZ01018,BROACH,M,,,,,BROACH LIFECARE HOSPITAL LIMIT,13.25,14.99,13.25,14.99,14.99,13.88,,14.99,,,12000,169440.00,2,F1,6000,,,,,
2026-07-30,2026-07-30,CM,BSE,STK,544232,INE00M901018,INTERARCH,B,,,,,Interarch Building Solutions L,1815.10,1840.00,1779.95,1796.60,1801.75,1798.85,,1790.50,,,1202,2178571.00,188,F1,1,,,,,
2026-07-30,2026-07-30,CM,BSE,STK,544233,INE0US801024,MFML,B,,,,,Mahalaxmi Fabric Mills Limited,18.12,20.26,18.00,18.45,18.45,19.07,,18.54,,,3740,70276.00,28,F1,1,,,,,
2026-07-30,2026-07-30,CM,BSE,STK,544234,INE0URU01010,GLOBALE,T,,,,,Globale Tessile Limited,10.51,10.94,10.51,10.94,10.94,11.00,,10.80,,,259,2722.00,4,F1,1,,,,,
2026-07-30,2026-07-30,CM,BSE,STK,544235,INE0PPK01015,ORIENTTECH,B,,,,,Orient Technologies Limited,268.55,272.00,264.75,270.35,269.20,268.00,,270.34,,,14687,3935995.00,363,F1,1,,,,,
2026-07-30,2026-07-30,CM,BSE,STK,544238,INE0BS701011,PREMIERENE,A,,,,,Premier Energies Limited,1020.00,1020.05,977.10,982.95,985.00,1035.10,,982.70,,,131456,130074319.00,5654,F1,1,,,,,
2026-07-30,2026-07-30,CM,BSE,STK,544239,INE06HJ01020,ECOSMOBLTY,T,,,,,ECOS (India) Mobility & Hospit,133.00,134.95,130.20,132.55,134.70,131.65,,134.85,,,1837,242795.00,42,F1,1,,,,,
2026-07-30,2026-07-30,CM,BSE,STK,544240,INE02ID01020,RAYMONDLSL,A,,,,,Raymond Lifestyle Limited,714.95,752.30,707.10,732.70,731.05,713.55,,731.80,,,23510,17297673.00,1217,F1,1,,,,,
2026-07-30,2026-07-30,CM,BSE,STK,544241,INF769K01LX9,MULTICAP,B,,,,,Mirae Asset Mutual Fund,16.71,16.72,16.65,16.68,16.66,16.72,,16.64,,,10437,173959.00,277,F1,1,,,,,
2026-07-30,2026-07-30,CM,BSE,STK,544242,INE0SG001011,TRAVELS,M,,,,,Travels & rentals Limited,8.00,8.00,8.00,8.00,8.00,8.00,,8.00,,,3000,24000.00,1,F1,3000,,,,,
2026-07-30,2026-07-30,CM,BSE,STK,544243,INE01FR01028,STYLEBAAZA,T,,,,,Baazar Style Retail Limited,272.50,274.00,263.00,265.00,266.90,269.50,,264.55,,,1587,427511.00,79,F1,1,,,,,
2026-07-30,2026-07-30,CM,BSE,STK,544244,INE0RE001014,GALAPREC,B,,,,,Gala Precision Engineering Lim,1070.00,1074.65,1045.50,1053.35,1045.50,1077.70,,1054.00,,,3976,4191599.00,380,F1,1,,,,,
2026-07-30,2026-07-30,CM,BSE,STK,544246,INE0DAB01012,RVTH,B,,,,,Revathi Equipment India Limite,706.50,707.70,706.45,707.00,707.00,735.00,,703.70,,,51,36065.00,5,F1,1,,,,,
2026-07-30,2026-07-30,CM,BSE,STK,544247,INF740KA1UR9,TOP10ADD,B,,,,,DSP Nifty Top 10 Equal Weight,89.00,89.23,88.61,88.77,88.88,88.98,,88.75,,,4842,430554.00,147,F1,1,,,,,
2026-07-30,2026-07-30,CM,BSE,STK,544248,INE0UYT01018,MACHLTD,M,,,,,MACH TRAVEL SOLUTIONS LIMITED,149.50,154.95,149.00,152.50,152.50,149.60,,152.50,,,4800,727260.00,7,F1,600,,,,,
2026-07-30,2026-07-30,CM,BSE,STK,544249,INE0S2G01011,BALAJEE,B,,,,,SHREE TIRUPATI BALAJEE AGRO TR,27.35,27.35,26.77,27.33,27.33,26.78,,27.07,,,684,18418.00,19,F1,1,,,,,
2026-07-30,2026-07-30,CM,BSE,STK,544250,INE0UOS01011,SANOFICONR,B,,,,,Sanofi Consumer Healthcare Ind,4670.05,4716.00,4603.00,4617.25,4603.00,4704.40,,4619.70,,,88,410452.00,36,F1,1,,,,,
2026-07-30,2026-07-30,CM,BSE,STK,544251,INE0LY301010,SSL,M,,,,,Share Samadhan Limited,32.50,34.60,32.50,34.60,34.60,32.50,,34.60,,,3200,107360.00,2,F1,1600,,,,,
2026-07-30,2026-07-30,CM,BSE,STK,544252,INE377Y01014,BAJAJHFL,A,,,,,Bajaj Housing Finance Limited,87.80,87.80,85.32,86.50,86.50,87.53,,86.52,,,596257,51486657.00,3178,F1,1,,,,,
2026-07-30,2026-07-30,CM,BSE,STK,544253,INE0O6601022,KROSS,B,,,,,Kross Limited,196.65,198.65,191.60,192.50,192.40,198.15,,192.55,,,15956,3109931.00,330,F1,1,,,,,
2026-07-30,2026-07-30,CM,BSE,STK,544254,INE0RWQ01014,TOLINS,B,,,,,Tolins Tyres Limited,103.20,103.20,101.45,101.65,101.60,103.20,,101.82,,,2856,291396.00,207,F1,1,,,,,
2026-07-30,2026-07-30,CM,BSE,STK,544256,INE953R01016,PNGJL,B,,,,,P N GADGIL JEWELLERS LIMITED,678.25,683.30,662.00,665.55,662.00,669.55,,666.10,,,53200,35865027.00,1928,F1,1,,,,,
2026-07-30,2026-07-30,CM,BSE,STK,544257,INE0Q3401017,SAFE,M,,,,,Sodhani Academy of Fintech Ena,148.95,163.00,148.95,163.00,163.00,149.80,,163.00,,,1500,230475.00,3,F1,500,,,,,
2026-07-30,2026-07-30,CM,BSE,STK,544258,INE0CJF01024,WCIL,B,,,,,Western Carriers (India) Limit,90.00,90.00,88.50,88.70,88.55,89.65,,88.85,,,1602,142599.00,76,F1,1,,,,,
2026-07-30,2026-07-30,CM,BSE,STK,544259,INE0PZB01013,PFL,M,,,,,POPULAR FOUNDATIONS LIMITED,30.50,31.75,30.00,30.59,31.75,31.37,,30.59,,,18000,546870.00,6,F1,3000,,,,,
2026-07-30,2026-07-30,CM,BSE,STK,544260,INE850M01015,NORTHARC,A,,,,,Northern Arc Capital Ltd.,289.70,289.70,282.10,285.75,285.50,289.70,,285.90,,,44564,12744648.00,473,F1,1,,,,,
2026-07-30,2026-07-30,CM,BSE,STK,544261,INE0QRL01017,ARKADE,B,,,,,ARKADE DEVELOPERS LIMITED,138.30,141.70,137.25,140.85,141.70,138.45,,140.95,,,13161,1829550.00,207,F1,1,,,,,
2026-07-30,2026-07-30,CM,BSE,STK,544262,INE939X01013,MANBA,B,,,,,Manba Finance Limited,133.00,136.75,132.95,135.75,134.85,133.45,,135.71,,,11991,1611412.00,199,F1,1,,,,,
2026-07-30,2026-07-30,CM,BSE,STK,544263,INE0Q3J01015,KRN,T,,,,,KRN HEAT EXCHANGER AND REFRIGE,1194.75,1225.00,1148.40,1161.10,1161.10,1208.80,,1156.90,,,10102,11819214.00,718,F1,1,,,,,
2026-07-30,2026-07-30,CM,BSE,STK,544264,INE184O01015,DIFFNKG,B,,,,,Diffusion Engineers Limited,385.00,387.60,379.35,380.80,379.90,387.70,,380.55,,,4382,1671575.00,214,F1,1,,,,,
2026-07-30,2026-07-30,CM,BSE,STK,544266,INF769K01LZ4,BANKPSU,B,,,,,Mirae Asset Mutual Fund,83.91,84.18,83.39,84.18,84.18,84.19,,84.20,,,266,22241.00,11,F1,1,,,,,
2026-07-30,2026-07-30,CM,BSE,STK,544267,INE0U6201010,SUBAM,M,,,,,SUBAM PAPERS LIMITED,218.00,221.90,218.00,219.00,219.00,217.35,,219.00,,,8000,1755880.00,9,F1,800,,,,,
2026-07-30,2026-07-30,CM,BSE,STK,544268,INF769K01LY7,METAL,B,,,,,Mirae Asset Mutual Fund,12.82,12.88,12.75,12.80,12.84,12.82,,12.84,,,151312,1937233.00,425,F1,1,,,,,
2026-07-30,2026-07-30,CM,BSE,STK,544269,INE471R01019,NPFL,M,,,,,NEOPOLITAN PIZZA AND FOODS LIM,7.20,7.20,7.20,7.20,7.20,7.54,,7.20,,,6000,43200.00,1,F1,6000,,,,,
2026-07-30,2026-07-30,CM,BSE,STK,544270,INE0S9501014,KGVL,M,,,,,Khyati Global Ventures Limited,50.00,53.00,50.00,50.25,50.25,46.00,,50.25,,,3600,183900.00,3,F1,1200,,,,,
2026-07-30,2026-07-30,CM,BSE,STK,544271,INE0JVO01026,GARUDA,B,,,,,Garuda Construction and Engine,171.40,172.00,167.25,168.00,168.40,170.95,,168.14,,,18687,3162004.00,291,F1,1,,,,,
2026-07-30,2026-07-30,CM,BSE,STK,544272,INE0YRO01015,SHIVTEXCHEM,M,,,,,SHIV TEXCHEM LIMITED,123.00,123.00,113.00,113.00,113.00,117.00,,113.00,,,6800,790200.00,16,F1,400,,,,,
2026-07-30,2026-07-30,CM,BSE,STK,544273,INE0APB01032,MGEL,T,,,,,MANGALAM GLOBAL ENTERPRISE LIM,16.50,16.50,15.80,15.81,15.95,16.03,,15.55,,,11757,186826.00,33,F1,1,,,,,
2026-07-30,2026-07-30,CM,BSE,STK,544274,INE0V6F01027,HYUNDAI,A,,,,,HYUNDAI MOTOR INDIA LIMITED,1994.00,2046.00,1980.00,2024.55,2024.55,1992.10,,2018.50,,,30929,62170697.00,2487,F1,1,,,,,
2026-07-30,2026-07-30,CM,BSE,STK,544275,INF109KC16X5,VAL30IETF,B,,,,,ICICI Prudential Mutual Fund,15.39,15.47,15.28,15.36,15.36,15.32,,15.37,,,3094,47608.00,30,F1,1,,,,,
2026-07-30,2026-07-30,CM,BSE,STK,544276,INE0OPA01027,DBEIL,T,,,,,Deepak Builders and Engineers,7.71,7.71,7.32,7.46,7.46,7.50,,7.40,,,6291,46465.00,27,F1,1,,,,,
2026-07-30,2026-07-30,CM,BSE,STK,544277,INE377N01017,WAAREEENER,A,,,,,Waaree Energies Limited,2600.00,2650.00,2563.00,2624.40,2624.40,2738.00,,2624.90,,,361478,940452224.00,27578,F1,1,,,,,
2026-07-30,2026-07-30,CM,BSE,STK,544278,INE0PK601023,OCCLLTD,T,,,,,OCCL Limited,152.15,159.75,151.30,159.45,159.45,152.15,,158.32,,,29412,4615243.00,152,F1,1,,,,,
2026-07-30,2026-07-30,CM,BSE,STK,544279,INE497S01012,GODAVARIB,B,,,,,Godavari Biorefineries Limited,269.35,271.55,265.55,267.25,268.80,269.55,,266.85,,,5287,1411325.00,165,F1,1,,,,,
2026-07-30,2026-07-30,CM,BSE,STK,544280,INE101I01011,AFCONS,A,,,,,Afcons Infrastructure Limited,278.45,281.35,271.60,273.30,273.00,283.15,,273.25,,,60567,16735986.00,2074,F1,1,,,,,
2026-07-30,2026-07-30,CM,BSE,STK,544281,INE00YB01025,ABINFRA,B,,,,,A B INFRABUILD LIMITED,10.16,10.46,9.99,10.05,10.01,10.13,,10.09,,,8674,86937.00,41,F1,1,,,,,
2026-07-30,2026-07-30,CM,BSE,STK,544282,INE0W2G01015,SAGILITY,A,,,,,Sagility Limited,44.50,46.20,44.15,45.99,45.99,44.86,,45.98,,,2243986,101938608.00,6003,F1,1,,,,,
2026-07-30,2026-07-30,CM,BSE,STK,544283,INE622W01025,ACMESOLAR,A,,,,,ACME Solar Holdings Limited,365.95,366.65,347.55,361.00,361.50,366.40,,360.70,,,192864,69056626.00,5420,F1,1,,,,,
2026-07-30,2026-07-30,CM,BSE,STK,544284,INF769K01MY5,LIQUIDPLUS,F,,,,,Mirae Asset Mutual Fund,1096.63,1096.63,1096.63,1096.63,1096.63,1096.47,,1096.62,,,151,165591.00,2,F1,1,,,,,
2026-07-30,2026-07-30,CM,BSE,STK,544285,INE00H001014,SWIGGY,A,,,,,SWIGGY LIMITED,287.05,298.75,281.40,295.80,295.80,287.20,,295.91,,,1773447,514568254.00,11881,F1,1,,,,,
2026-07-30,2026-07-30,CM,BSE,STK,544286,INE995S01015,NIVABUPA,A,,,,,NIVA BUPA HEALTH INSURANCE COM,86.23,87.44,85.50,85.95,85.50,85.89,,85.92,,,53157,4598636.00,649,F1,1,,,,,
2026-07-30,2026-07-30,CM,BSE,STK,544288,INE0UIZ01018,BLACKBUCK,A,,,,,BlackBuck Limited,529.90,574.90,523.60,545.95,541.10,522.60,,544.70,,,588470,312535071.00,6094,F1,1,,,,,
2026-07-30,2026-07-30,CM,BSE,STK,544289,INE0ONG01011,NTPCGREEN,A,,,,,NTPC GREEN ENERGY LIMITED,91.60,91.95,90.10,90.76,90.76,91.44,,90.62,,,361732,32988811.00,2621,F1,1,,,,,
2026-07-30,2026-07-30,CM,BSE,STK,544290,INE0LLY01014,EIEL,B,,,,,ENVIRO INFRA ENGINEERS LIMITED,215.05,216.85,212.30,213.55,214.25,216.00,,213.61,,,46560,9954076.00,781,F1,1,,,,,
2026-07-30,2026-07-30,CM,BSE,STK,544291,INE0VN801010,RAJESH,M,,,,,RAJESH POWER SERVICES LIMITED,838.00,841.30,830.00,839.35,838.30,835.65,,839.35,,,19400,16224830.00,156,F1,100,,,,,
2026-07-30,2026-07-30,CM,BSE,STK,544292,INE013P01021,ONESOURCE,A,,,,,Onesource Specialty Pharma Lim,1735.00,1735.00,1670.20,1683.95,1679.05,1748.10,,1688.00,,,9983,17030296.00,567,F1,1,,,,,
2026-07-30,2026-07-30,CM,BSE,STK,544293,INE877V01027,SURAKSHA,B,,,,,SURAKSHA DIAGNOSTIC LIMITED,248.05,252.35,246.60,247.05,246.90,249.15,,247.10,,,3112,777670.00,211,F1,1,,,,,
2026-07-30,2026-07-30,CM,BSE,STK,544294,INE0OJW01016,ROSSTECH,B,,,,,Rossell Techsys Limited,937.05,986.45,916.30,923.30,921.90,935.25,,923.25,,,23142,21808982.00,832,F1,1,,,,,
2026-07-30,2026-07-30,CM,BSE,STK,544296,INE0DQN01013,NISUS,M,,,,,NISUS FINANCE SERVICES CO LIMI,182.05,189.95,181.20,187.15,185.55,184.60,,187.15,,,16800,3120340.00,36,F1,400,,,,,
2026-07-30,2026-07-30,CM,BSE,STK,544301,INE054301028,ODIGMA,T,,,,,Odigma Consultancy Solutions L,23.16,23.16,22.12,22.32,22.32,22.60,,22.48,,,5249,117428.00,32,F1,1,,,,,
2026-07-30,2026-07-30,CM,BSE,STK,544302,INE403Y01018,INNOVANA,B,,,,,Innovana Thinklabs Limited,339.35,340.70,317.95,317.95,317.95,328.75,,321.00,,,156,51039.00,76,F1,1,,,,,
2026-07-30,2026-07-30,CM,BSE,STK,544303,INE0XAY01012,TTC,M,,,,,TOSS THE COIN LIMITED,205.30,205.30,205.30,205.30,205.30,209.00,,205.30,,,300,61590.00,1,F1,300,,,,,
2026-07-30,2026-07-30,CM,BSE,STK,544304,INE0WCH01015,JUNGLECAMP,M,,,,,JUNGLE CAMPS INDIA LIMITED,46.50,46.50,46.00,46.00,46.00,48.50,,46.00,,,6400,295552.00,4,F1,1600,,,,,
2026-07-30,2026-07-30,CM,BSE,STK,544305,INE0HLU01028,MOBIKWIK,B,,,,,One Mobikwik Systems Limited,202.30,203.00,198.50,199.10,199.80,201.95,,198.74,,,35961,7215477.00,421,F1,1,,,,,
2026-07-30,2026-07-30,CM,BSE,STK,544306,INE570L01029,SAILIFE,A,,,,,Sai Life Sciences Limited,1317.95,1320.00,1300.25,1314.45,1313.90,1313.70,,1315.20,,,8402,11004298.00,521,F1,1,,,,,
2026-07-30,2026-07-30,CM,BSE,STK,544307,INE01EA01019,VMM,A,,,,,Vishal Mega Mart Limited,108.80,108.80,107.35,107.65,107.60,108.10,,107.88,,,183641,19840807.00,1135,F1,1,,,,,
2026-07-30,2026-07-30,CM,BSE,STK,544308,INE168C01013,HILLTONE,X,,,,,Hilltone Software and Gases Lt,41.95,44.10,41.51,41.70,41.70,41.95,,41.70,,,65579,2798802.00,23,F1,1,,,,,
2026-07-30,2026-07-30,CM,BSE,STK,544309,INE115Q01022,IKS,A,,,,,INVENTURUS KNOWLEDGE SOLUTIONS,1811.05,1815.00,1778.40,1782.50,1783.00,1818.70,,1782.30,,,3808,6838419.00,333,F1,1,,,,,
2026-07-30,2026-07-30,CM,BSE,STK,544310,INE00GK01023,YASHHV,M,,,,,Yash Highvoltage Limited,949.00,949.00,914.30,920.20,920.00,941.85,,920.20,,,37500,34639112.00,137,F1,250,,,,,
2026-07-30,2026-07-30,CM,BSE,STK,544311,INE0Q9301021,IGIL,A,,,,,International Gemological Inst,348.95,350.65,339.50,345.50,344.55,347.00,,345.45,,,33842,11667098.00,1166,F1,1,,,,,
2026-07-30,2026-07-30,CM,BSE,STK,544312,INE0QBD01018,HAMPS,MT,,,,,HAMPS BIO LIMITED,25.50,26.58,25.50,26.58,26.58,25.50,,26.58,,,8000,208320.00,2,F1,4000,,,,,
2026-07-30,2026-07-30,CM,BSE,STK,544314,INE0JPD01013,SANATHAN,B,,,,,Sanathan Textiles Limited,476.90,476.90,463.65,466.50,469.35,470.45,,464.35,,,719,336931.00,37,F1,1,,,,,
2026-07-30,2026-07-30,CM,BSE,STK,544315,INE037Z01029,CEWATER,B,,,,,Concord Enviro Systems Limited,289.05,294.50,283.50,288.30,288.30,291.35,,286.45,,,3964,1151589.00,219,F1,1,,,,,
2026-07-30,2026-07-30,CM,BSE,STK,544316,INE284H01025,DAMCAPITAL,B,,,,,DAM Capital Advisors Limited,155.50,155.60,149.80,150.45,151.35,154.60,,150.34,,,22743,3455460.00,368,F1,1,,,,,
2026-07-30,2026-07-30,CM,BSE,STK,544317,INE454P01035,TRANSRAILL,A,,,,,Transrail Lighting Limited,495.55,496.10,486.95,490.55,488.65,497.60,,489.20,,,16874,8306294.00,455,F1,1,,,,,
2026-07-30,2026-07-30,CM,BSE,STK,544318,INE0TO701015,MAMATA,B,,,,,MAMATA MACHINERY LIMITED,383.15,389.95,382.00,387.75,389.95,386.05,,386.75,,,2967,1145062.00,73,F1,1,,,,,
2026-07-30,2026-07-30,CM,BSE,STK,544319,INE0RB801010,SENORES,A,,,,,SENORES PHARMACEUTICALS LIMITE,1315.05,1320.25,1279.45,1291.95,1293.65,1320.10,,1292.30,,,32112,41812264.00,1332,F1,1,,,,,
2026-07-30,2026-07-30,CM,BSE,STK,544320,INE0V7W01012,CARRARO,B,,,,,CARRARO INDIA LIMITED,526.05,538.20,524.65,536.85,534.40,530.50,,536.20,,,4064,2154028.00,265,F1,1,,,,,
2026-07-30,2026-07-30,CM,BSE,STK,544321,INE781S01027,VENTIVE,B,,,,,Ventive Hospitality Limited,634.50,634.50,625.85,631.30,633.05,632.05,,632.15,,,781,490211.00,39,F1,1,,,,,
2026-07-30,2026-07-30,CM,BSE,STK,544322,INE0U3I01011,UNIMECH,B,,,,,Unimech Aerospace and Manufact,1192.05,1196.05,1167.60,1174.55,1178.85,1191.35,,1173.50,,,6411,7546937.00,480,F1,1,,,,,
2026-07-30,2026-07-30,CM,BSE,STK,544323,INF769K01NS5,CONSUMER,B,,,,,Mirae Asset Mutual Fund,12.01,12.05,11.98,12.05,12.05,12.00,,12.04,,,24758,297378.00,22,F1,1,,,,,
2026-07-30,2026-07-30,CM,BSE,STK,544324,INE0A8401016,CITICHEM,M,,,,,Citichem India Limited,15.50,15.50,15.50,15.50,15.50,15.95,,15.50,,,2000,31000.00,1,F1,2000,,,,,
2026-07-30,2026-07-30,CM,BSE,STK,544325,INE379A01028,ITCHOTELS,A,,,,,ITC Hotels Limited,162.90,162.90,160.05,160.65,160.65,163.00,,160.54,,,83992,13543011.00,1771,F1,1,,,,,
2026-07-30,2026-07-30,CM,BSE,STK,544326,INF754K01TX4,ECAPINSURE,B,,,,,Edelweiss Mutual Fund,23.89,24.10,23.59,23.69,24.10,23.88,,23.68,,,2593,61494.00,38,F1,1,,,,,
2026-07-30,2026-07-30,CM,BSE,STK,544327,INE0ZHT01012,TECHNICHEM,M,,,,,TECHNICHEM ORGANICS LIMITED,45.12,45.12,44.49,44.49,44.49,46.83,,44.49,,,22000,985380.00,10,F1,2000,,,,,
2026-07-30,2026-07-30,CM,BSE,STK,544328,INE622H01018,INDOFARM,B,,,,,INDO FARM EQUIPMENT LIMITED,158.00,158.45,151.45,152.05,152.00,154.60,,152.00,,,6054,932288.00,174,F1,1,,,,,
2026-07-30,2026-07-30,CM,BSE,STK,544329,INE0RH001011,VANDU,M,,,,,LEO DRYFRUITS & SPICES TRADING,52.06,53.75,52.00,53.38,53.75,51.00,,53.38,,,20000,1054140.00,10,F1,2000,,,,,
2026-07-30,2026-07-30,CM,BSE,STK,544330,INE0QQJ01021,PARMESHWAR,MT,,,,,PARMESHWAR METAL LIMITED,189.00,189.00,184.10,185.25,184.10,184.10,,185.25,,,7000,1300600.00,5,F1,1000,,,,,
2026-07-30,2026-07-30,CM,BSE,STK,544331,INE0Q2L01013,DAVIN,M,,,,,Davin Sons Retail Limited,32.35,32.35,32.35,32.35,32.35,29.40,,32.35,,,2000,64700.00,1,F1,2000,,,,,
2026-07-30,2026-07-30,CM,BSE,STK,544332,INE0HSD01011,FABCLEAN,MT,,,,,FABTECH TECHNOLOGIES CLEANROOM,380.00,385.00,375.00,375.00,375.00,386.00,,375.00,,,2800,1062000.00,6,F1,400,,,,,
2026-07-30,2026-07-30,CM,BSE,STK,544333,INE0M4D01010,SETL,B,,,,,STANDARD ENGINEERING TECHNOLOG,260.00,273.20,260.00,270.00,270.00,262.95,,270.20,,,22102,5895431.00,470,F1,1,,,,,
2026-07-30,2026-07-30,CM,BSE,STK,544334,INE0FK501019,INDOBELL,MT,,,,,Indobell Insulations Limited,67.51,67.59,67.51,67.59,67.59,70.00,,67.59,,,2250,152017.00,3,F1,750,,,,,
2026-07-30,2026-07-30,CM,BSE,STK,544335,INE00ST01011,BRGIL,M,,,,,B.R.GOYAL INFRASTRUCTURE LIMIT,152.95,166.80,143.95,145.15,144.00,157.20,,145.15,,,174000,27261350.00,141,F1,1000,,,,,
2026-07-30,2026-07-30,CM,BSE,STK,544336,INE0LRY01011,QUADFUTURE,B,,,,,Quadrant Future Tek Limited,352.05,354.10,343.00,344.25,343.00,350.75,,344.40,,,4995,1733579.00,251,F1,1,,,,,
2026-07-30,2026-07-30,CM,BSE,STK,544337,INE0NQ401024,AVAX,MT,,,,,Avax Apparels and Ornaments Li,48.45,51.10,48.45,51.10,51.10,51.00,,51.10,,,4000,196450.00,4,F1,1000,,,,,
2026-07-30,2026-07-30,CM,BSE,STK,544338,INE0Z8Z23013,CAPINVIT,IF,,,,,Capital Infra Trust,74.06,74.31,73.32,73.78,73.78,74.41,,73.81,,,48527,3583769.00,437,F1,1,,,,,
2026-07-30,2026-07-30,CM,BSE,STK,544339,INE0WO601020,LAXMIDENTL,B,,,,,Laxmi Dental Limited,220.65,221.00,210.85,212.15,212.15,217.70,,211.91,,,7360,1588378.00,265,F1,1,,,,,
2026-07-30,2026-07-30,CM,BSE,STK,544340,INE0CFH01028,RIKHAV,M,,,,,Rikhav Securities Limited,46.99,47.54,46.57,47.54,47.54,46.50,,47.54,,,11200,526048.00,7,F1,1600,,,,,
2026-07-30,2026-07-30,CM,BSE,STK,544341,INE12QA01010,LGLL,M,,,,,LANDMARK GLOBAL LEARNING LIMIT,11.36,11.36,11.05,11.05,11.05,10.82,,11.05,,,27200,308496.00,12,F1,1600,,,,,
2026-07-30,2026-07-30,CM,BSE,STK,544342,INE0RYC01010,STALLION,B,,,,,Stallion India Fluorochemicals,240.05,248.50,239.60,244.35,244.35,244.45,,244.25,,,94042,22944372.00,1331,F1,1,,,,,
2026-07-30,2026-07-30,CM,BSE,STK,544343,INE0WXM01011,CNINFOTECH,M,,,,,CAPITALNUMBERS INFOTECH  LIMIT,89.70,90.90,89.70,90.90,90.90,90.00,,90.90,,,1600,144120.00,4,F1,400,,,,,
2026-07-30,2026-07-30,CM,BSE,STK,544344,INE526E01018,SHRIPISTON,A,,,,,SPR Auto Technologies Limited,4288.00,4366.30,4257.20,4331.65,4321.80,4322.90,,4339.30,,,1279,5507388.00,316,F1,1,,,,,
2026-07-30,2026-07-30,CM,BSE,STK,544345,INE0R4L01018,DENTA,B,,,,,Denta Water and Infra Solution,334.55,348.30,334.55,343.40,344.00,337.75,,343.55,,,45224,15469453.00,1066,F1,1,,,,,
2026-07-30,2026-07-30,CM,BSE,STK,544346,INE0AK901016,RRECL,X,,,,,RDB Real Estate Constructions,176.00,179.10,169.75,174.55,175.10,176.50,,174.55,,,5601,985538.00,42,F1,1,,,,,
2026-07-30,2026-07-30,CM,BSE,STK,544347,INE0WDX01010,CLN,MT,,,,,CLN ENERGY LIMITED,475.00,500.00,475.00,475.50,475.00,500.00,,475.50,,,1000,481200.00,5,F1,200,,,,,
2026-07-30,2026-07-30,CM,BSE,STK,544349,INE0DZD01015,HMEML,M,,,,,H.M. ELECTRO MECH LIMITED,50.00,50.00,49.99,50.00,50.00,49.20,,50.00,,,4800,239984.00,3,F1,1600,,,,,
2026-07-30,2026-07-30,CM,BSE,STK,544350,INE943P01029,AGARWALEYE,A,,,,,Dr. Agarwal's Health Care Limi,495.15,497.05,480.95,481.50,483.05,489.55,,482.20,,,3957,1944299.00,244,F1,1,,,,,
2026-07-30,2026-07-30,CM,BSE,STK,544353,INE0U2L01017,AMWILL,M,,,,,Amwill Health Care Limited,42.50,42.50,42.50,42.50,42.50,42.79,,42.50,,,2400,102000.00,2,F1,1200,,,,,
2026-07-30,2026-07-30,CM,BSE,STK,544354,INE0W0H01017,SOLARIUM,M,,,,,SOLARIUM GREEN ENERGY LIMITED,177.70,177.80,171.50,172.80,172.80,177.70,,172.80,,,4200,730650.00,14,F1,300,,,,,
2026-07-30,2026-07-30,CM,BSE,STK,544355,INE03CC01015,JUBLCPL,B,,,,,Jubilant Agri and Consumer Pro,1865.50,1865.50,1799.10,1808.25,1799.10,1847.00,,1805.30,,,106,192477.00,46,F1,1,,,,,
2026-07-30,2026-07-30,CM,BSE,STK,544356,INE274Y01021,AJAXENGG,B,,,,,AJAX Engineering Limited,580.90,583.80,572.55,580.90,580.70,576.50,,581.25,,,1207,696818.00,130,F1,1,,,,,
2026-07-30,2026-07-30,CM,BSE,STK,544361,INE0R8101016,COVANCE,XT,,,,,COVANCE SOFTSOL LIMITED,254.95,254.95,242.00,243.25,247.90,254.70,,243.25,,,5228,1275637.00,111,F1,1,,,,,
2026-07-30,2026-07-30,CM,BSE,STK,544362,INE093A01041,HEXT,A,,,,,Hexaware Technologies Limited,598.95,598.95,566.00,574.75,574.75,617.95,,575.55,,,165702,95522886.00,3596,F1,1,,,,,
2026-07-30,2026-07-30,CM,BSE,STK,544363,INF582M01KS4,UNIONGOLD,E,,,,,UNION MUTUAL FUND,139.01,143.00,139.01,139.05,139.05,138.10,,139.25,,,65,9106.00,4,F1,1,,,,,
2026-07-30,2026-07-30,CM,BSE,STK,544364,INE0O9T01021,BAJAJINDEF,B,,,,,Indef Manufacturing Limited,235.40,235.40,228.80,230.00,230.00,234.05,,232.75,,,796,185340.00,76,F1,1,,,,,
2026-07-30,2026-07-30,CM,BSE,STK,544366,INE0FFF01017,LKMEHTA,M,,,,,L.K.MEHTA POLYMERS LIMITED,40.33,40.33,38.00,38.20,38.20,41.00,,38.20,,,8000,313408.00,5,F1,1600,,,,,
2026-07-30,2026-07-30,CM,BSE,STK,544367,INE0SII01026,QPOWER,T,,,,,QUALITY POWER ELECTRICAL EQUIP,1106.00,1106.00,1062.20,1081.30,1082.00,1112.25,,1079.60,,,8117,8744111.00,515,F1,1,,,,,
2026-07-30,2026-07-30,CM,BSE,STK,544368,INE0TIR01017,SWASTH,M,,,,,Swasth Foodtech India Limited,16.60,16.70,16.40,16.50,16.50,16.00,,16.50,,,4800,79440.00,4,F1,1200,,,,,
2026-07-30,2026-07-30,CM,BSE,STK,544369,INE13VU01016,BEEZAASAN,MT,,,,,Beezaasan Explotech Limited,395.00,395.00,380.00,389.90,389.90,388.80,,389.90,,,4800,1856720.00,5,F1,800,,,,,
2026-07-30,2026-07-30,CM,BSE,STK,544370,INE0VYX01018,NUKLEUS,M,,,,,NUKLEUS OFFICE SOLUTIONS LIMIT,200.50,214.95,200.50,214.95,214.95,210.95,,214.95,,,13800,2907570.00,8,F1,600,,,,,
2026-07-30,2026-07-30,CM,BSE,STK,544371,INE0NR501012,VIKRAMAR,X,,,,,VIKRAM AROMA LIMITED,71.14,71.15,68.55,68.69,68.69,71.14,,68.69,,,357,25107.00,18,F1,1,,,,,
2026-07-30,2026-07-30,CM,BSE,STK,544372,INE0RXS01018,SHREENATH,M,,,,,SHREENATH PAPER PRODUCTS LIMIT,13.50,13.50,13.00,13.00,13.00,12.88,,13.00,,,15000,198000.00,5,F1,3000,,,,,
2026-07-30,2026-07-30,CM,BSE,STK,544373,INE0VNH01014,NAPSGLOBAL,M,,,,,NAPS Global India Limited,44.00,44.00,42.80,44.00,44.00,41.00,,44.00,,,8000,348160.00,5,F1,1600,,,,,
2026-07-30,2026-07-30,CM,BSE,STK,544375,INF579M01BB5,GOLD360,E,,,,,360 ONE Mutual Fund,138.61,139.30,137.90,138.19,138.19,138.09,,138.75,,,175,24227.00,36,F1,1,,,,,
2026-07-30,2026-07-30,CM,BSE,STK,544376,INF769K01ON4,SELECTIPO,B,,,,,Mirae Asset Mutual Fund,46.74,46.80,46.74,46.74,46.74,46.33,,46.74,,,178,8328.00,3,F1,1,,,,,
2026-07-30,2026-07-30,CM,BSE,STK,544377,INF769K01OA1,EQUAL200,B,,,,,Mirae Asset Mutual Fund,13.90,13.90,13.87,13.87,13.87,13.87,,13.87,,,1615,22431.00,3,F1,1,,,,,
2026-07-30,2026-07-30,CM,BSE,STK,544378,INE0ABU01016,PSPL,M,,,,,PDP Shipping & Projects Limite,48.43,48.43,48.43,48.43,48.43,48.43,,48.43,,,1000,48430.00,1,F1,1000,,,,,
2026-07-30,2026-07-30,CM,BSE,STK,544379,INE0I0M01023,PRABHA,B,,,,,Prabha Energy Limited,141.60,145.00,139.55,144.95,141.30,142.30,,144.34,,,1896,268924.00,48,F1,1,,,,,
2026-07-30,2026-07-30,CM,BSE,STK,544380,INF109K1A021,CASHIETF,F,,,,,ICICI Prudential Mutual Fund,1073.05,1073.05,1073.05,1073.05,1073.05,1072.90,,1073.05,,,325,348741.00,2,F1,1,,,,,
2026-07-30,2026-07-30,CM,BSE,STK,544381,INE16IQ01014,SUPERIRON,M,,,,,Super Iron Foundry Limited,39.95,40.17,39.90,40.17,40.17,42.00,,40.17,,,6000,240288.00,5,F1,1200,,,,,
2026-07-30,2026-07-30,CM,BSE,STK,544382,INF846KA1119,VALUEAXIS,B,,,,,Axis Mutual Fund,32.95,32.97,32.55,32.96,32.96,33.13,,32.78,,,2684,87472.00,20,F1,1,,,,,
2026-07-30,2026-07-30,CM,BSE,STK,544383,INE0SMW01011,PPARIVAH,MT,,,,,PARADEEP PARIVAHAN LIMITED,226.00,228.50,219.05,228.40,228.40,224.70,,228.40,,,18000,4035180.00,15,F1,1200,,,,,
2026-07-30,2026-07-30,CM,BSE,STK,544384,INF0R8F01091,SILVERCASE,E,,,,,Zerodha Mutual Fund,22.43,22.43,21.71,21.90,21.91,21.89,,21.91,,,226413,4939339.00,764,F1,1,,,,,
2026-07-30,2026-07-30,CM,BSE,STK,544385,INF200KB1712,SBIBPB,B,,,,,SBI Mutual Fund,48.23,48.43,47.91,48.43,48.43,48.17,,48.26,,,1762,84608.00,31,F1,1,,,,,
2026-07-30,2026-07-30,CM,BSE,STK,544386,INE01EO01010,SPECTRUM,B,,,,,Spectrum Electrical Industries,2442.45,2474.90,2371.30,2437.50,2448.00,2452.85,,2439.90,,,1779,4291910.00,227,F1,1,,,,,
2026-07-30,2026-07-30,CM,BSE,STK,544387,INE0TGG01014,DESCO,MT,,,,,Desco Infratech Limited,190.80,193.95,184.20,186.95,185.55,189.90,,186.95,,,12500,2363475.00,23,F1,500,,,,,
2026-07-30,2026-07-30,CM,BSE,STK,544389,INF579M01BC3,SILVER360,E,,,,,360 ONE Mutual Fund,211.00,212.56,210.77,211.58,211.13,212.13,,212.19,,,94,19894.00,13,F1,1,,,,,
2026-07-30,2026-07-30,CM,BSE,STK,544390,INE1NPP01017,ENRIN,A,,,,,Siemens Energy India Limited,3185.70,3190.00,3075.05,3120.00,3120.00,3170.10,,3121.70,,,14382,44694134.00,1806,F1,1,,,,,
2026-07-30,2026-07-30,CM,BSE,STK,544393,INE12IB01015,INFONATIVE,M,,,,,INFONATIVE SOLUTIONS LIMITED,33.92,34.55,32.62,33.92,34.00,32.50,,33.92,,,36800,1243360.00,22,F1,1600,,,,,
2026-07-30,2026-07-30,CM,BSE,STK,544394,INF109K1A153,EVIETF,B,,,,,ICICI Prudential Mutual Fund,32.12,32.61,32.03,32.46,32.61,32.29,,32.41,,,9713,313133.00,73,F1,1,,,,,
2026-07-30,2026-07-30,CM,BSE,STK,544395,INE1VXE01018,STLNETWORK,T,,,,,STL Networks Limited,23.58,24.30,23.00,24.03,24.15,23.51,,23.88,,,69738,1635918.00,205,F1,1,,,,,
2026-07-30,2026-07-30,CM,BSE,STK,544396,INE0FFK01017,NPST,B,,,,,Network People Services Techno,1536.00,1536.00,1494.50,1499.05,1495.00,1536.20,,1504.80,,,434,653869.00,47,F1,1,,,,,
2026-07-30,2026-07-30,CM,BSE,STK,544397,INE0LEZ01016,ATHERENERG,A,,,,,Ather Energy Limited,1254.80,1265.35,1233.50,1241.55,1241.55,1246.20,,1240.90,,,211667,264953499.00,6829,F1,1,,,,,
2026-07-30,2026-07-30,CM,BSE,STK,544399,INE0RJ901010,SRIGEE,M,,,,,SRIGEE DLM LIMITED,79.00,79.00,75.00,75.00,75.00,77.20,,75.00,,,4800,368412.00,4,F1,1200,,,,,
2026-07-30,2026-07-30,CM,BSE,STK,544401,INF769K01OO2,EQUAL50,B,,,,,Mirae Asset Mutual Fund,336.66,336.66,336.66,336.66,336.66,335.50,,336.66,,,50,16833.00,1,F1,1,,,,,
2026-07-30,2026-07-30,CM,BSE,STK,544402,INE039O01029,JASH,B,,,,,JASH ENGINEERING LIMITED,494.55,497.15,486.90,492.70,492.70,494.40,,492.45,,,4430,2176233.00,200,F1,1,,,,,
2026-07-30,2026-07-30,CM,BSE,STK,544403,INE14LE01019,ABLBL,A,,,,,Aditya Birla Lifestyle Brands,95.42,97.18,94.20,94.50,94.57,95.34,,94.45,,,62137,5914608.00,605,F1,1,,,,,
2026-07-30,2026-07-30,CM,BSE,STK,544404,INE16SF01016,BORANA,B,,,,,BORANA WEAVES LIMITED,324.95,327.80,318.25,324.80,322.00,326.05,,324.30,,,5732,1853314.00,140,F1,1,,,,,
2026-07-30,2026-07-30,CM,BSE,STK,544405,INE894V01022,BELRISE,A,,,,,BELRISE INDUSTRIES LIMITED,231.40,233.35,228.55,232.85,232.85,230.35,,232.79,,,112748,26051408.00,1492,F1,1,,,,,
2026-07-30,2026-07-30,CM,BSE,STK,544406,INE1ABX01018,UNIFIED,M,,,,,UNIFIED DATA TECH SOLUTIONS LI,359.00,359.95,353.05,353.20,353.05,358.00,,353.20,,,5600,1983000.00,13,F1,400,,,,,
2026-07-30,2026-07-30,CM,BSE,STK,544407,INE0INX01018,AEGISVOPAK,A,,,,,AEGIS VOPAK TERMINALS LIMITED,297.80,297.80,290.30,292.45,291.05,295.15,,292.30,,,41156,12027912.00,689,F1,1,,,,,
2026-07-30,2026-07-30,CM,BSE,STK,544408,INE0AQ201015,THELEELA,A,,,,,Leela Palaces Hotels & Resorts,478.65,478.65,464.00,468.65,470.00,471.20,,468.10,,,7927,3713036.00,273,F1,1,,,,,
2026-07-30,2026-07-30,CM,BSE,STK,544410,INE0BX301013,PROSTARM,B,,,,,PROSTARM INFO SYSTEMS LIMITED,123.95,124.40,121.35,122.00,122.00,124.00,,122.01,,,4094,501064.00,194,F1,1,,,,,
2026-07-30,2026-07-30,CM,BSE,STK,544411,INE090501011,SCODATUBES,B,,,,,Scoda Tubes Limited,150.00,150.00,144.15,145.50,145.50,147.65,,145.76,,,3833,564393.00,90,F1,1,,,,,
2026-07-30,2026-07-30,CM,BSE,STK,544412,INE0TE101010,3BFILMS,MT,,,,,3B FILMS LIMITED,16.02,16.70,16.02,16.70,16.70,16.00,,16.70,,,6000,98160.00,2,F1,3000,,,,,
2026-07-30,2026-07-30,CM,BSE,STK,544413,INE0U4701011,DIGITIDE,B,,,,,Digitide Solutions Limited,100.00,106.00,98.30,101.88,100.50,100.01,,101.19,,,56350,5753998.00,447,F1,1,,,,,
2026-07-30,2026-07-30,CM,BSE,STK,544414,INE0U4101014,BLUSPRING,B,,,,,Bluspring Enterprises Limited,114.00,115.05,110.65,114.05,114.50,113.90,,114.11,,,17213,1951598.00,236,F1,1,,,,,
2026-07-30,2026-07-30,CM,BSE,STK,544415,INF204KC1EZ3,SNXT30BEES,B,,,,,Nippon India Mutual Fund,42.82,42.89,42.63,42.82,42.82,42.95,,42.79,,,1718,73568.00,8,F1,1,,,,,
2026-07-30,2026-07-30,CM,BSE,STK,544416,INE0GGO01015,KRISHIVAL,B,,,,,KRISHIVAL FOODS LIMITED,393.60,399.90,388.00,388.40,388.00,393.85,,387.30,,,343,133984.00,66,F1,1,,,,,
2026-07-30,2026-07-30,CM,BSE,STK,544418,INE0BYP01024,OSWALPUMPS,B,,,,,Oswal Pumps Limited,349.80,349.80,330.65,332.70,332.70,344.90,,333.80,,,47523,15927965.00,1274,F1,1,,,,,
2026-07-30,2026-07-30,CM,BSE,STK,544419,INE0H9P01028,ARIS,B,,,,,ArisInfra Solutions Limited,127.05,132.00,126.50,128.05,128.05,128.55,,128.02,,,38276,4952092.00,489,F1,1,,,,,
2026-07-30,2026-07-30,CM,BSE,STK,544420,INE1SY401010,RAYMONDREL,B,,,,,Raymond Realty Limited,657.00,657.00,641.90,645.55,642.15,659.35,,644.60,,,16697,10819789.00,633,F1,1,,,,,
2026-07-30,2026-07-30,CM,BSE,STK,544421,INE236E01022,ELLEN,B,,,,,ELLENBARRIE INDUSTRIAL GASES L,270.90,270.95,256.00,257.75,256.55,270.85,,257.45,,,47285,12299086.00,1116,F1,1,,,,,
2026-07-30,2026-07-30,CM,BSE,STK,544423,INE227J01012,KALPATARU,B,,,,,Kalpataru Limited,304.00,311.45,289.00,291.85,291.00,297.10,,290.75,,,18076,5497337.00,562,F1,1,,,,,
2026-07-30,2026-07-30,CM,BSE,STK,544424,INE0V3U01015,GLOBECIVIL,B,,,,,GLOBE CIVIL PROJECTS LIMITED,38.81,41.48,38.45,38.94,38.94,40.50,,38.84,,,3088,121470.00,41,F1,1,,,,,
2026-07-30,2026-07-30,CM,BSE,STK,544425,INE0XRR01010,AJCJEWEL,M,,,,,AJC Jewel Manufacturers Limite,109.30,109.50,109.00,109.00,109.00,113.00,,109.00,,,6000,655572.00,5,F1,1200,,,,,
2026-07-30,2026-07-30,CM,BSE,STK,544426,INE0Y0E01012,ICON,MT,,,,,Icon Facilitators Limited,79.20,79.20,73.15,73.15,73.15,76.99,,73.15,,,7200,538512.00,6,F1,1200,,,,,
2026-07-30,2026-07-30,CM,BSE,STK,544427,INF109K1A344,TOP15IETF,B,,,,,ICICI Prudential Mutual Fund,9.97,10.14,9.95,10.10,10.14,9.93,,9.99,,,3468,34994.00,9,F1,1,,,,,
2026-07-30,2026-07-30,CM,BSE,STK,544428,INE0SC101013,SEVL,M,,,,,SUPERTECH EV LIMITED,39.05,39.49,38.10,39.26,39.26,38.99,,39.26,,,9600,375336.00,7,F1,1200,,,,,
2026-07-30,2026-07-30,CM,BSE,STK,544429,INE756I01012,HDBFS,A,,,,,HDB FINANCIAL SERVICES LIMITED,675.15,688.20,672.85,681.05,680.00,679.40,,680.95,,,14992,10234957.00,1798,F1,1,,,,,
2026-07-30,2026-07-30,CM,BSE,STK,544430,INE12NJ01018,SAMBHV,B,,,,,SAMBHV STEEL TUBES LIMITED,115.35,119.00,115.05,115.60,116.20,115.65,,115.64,,,68200,7976859.00,559,F1,1,,,,,
2026-07-30,2026-07-30,CM,BSE,STK,544432,INE05J901018,IGCL,B,,,,,Indogulf Cropsciences Limited,77.20,80.90,75.53,77.11,77.30,77.91,,77.15,,,31610,2478825.00,278,F1,1,,,,,
2026-07-30,2026-07-30,CM,BSE,STK,544433,INE130701019,VALINDIA,M,,,,,Valencia India Limited,17.88,17.88,17.88,17.88,17.88,17.80,,17.88,,,1200,21456.00,1,F1,1200,,,,,
2026-07-30,2026-07-30,CM,BSE,STK,544434,INE0UZO01024,NEETUYOSHI,MT,,,,,Neetu Yoshi Limited,166.00,166.00,159.00,159.75,159.20,165.05,,159.75,,,36000,5810360.00,40,F1,800,,,,,
2026-07-30,2026-07-30,CM,BSE,STK,544435,INE0W1601012,ADCOUNTY,M,,,,,ADCOUNTY MEDIA INDIA LIMITED,85.00,88.00,84.00,87.05,87.80,83.97,,87.05,,,19200,1648616.00,22,F1,800,,,,,
2026-07-30,2026-07-30,CM,BSE,STK,544436,INE0RDJ01019,VANDAN,M,,,,,VANDAN FOODS LIMITED,23.62,23.62,23.62,23.62,23.62,23.62,,23.62,,,1200,28344.00,1,F1,1200,,,,,
2026-07-30,2026-07-30,CM,BSE,STK,544438,INF769K01PB6,INTERNET,B,,,,,Mirae Asset Mutual Fund,13.58,13.64,13.55,13.55,13.55,13.64,,13.63,,,2753,37434.00,11,F1,1,,,,,
2026-07-30,2026-07-30,CM,BSE,STK,544439,INE0S4R01014,CRIZAC,B,,,,,CRIZAC LIMITED,191.00,192.80,189.85,191.95,191.00,191.90,,192.13,,,7610,1453239.00,256,F1,1,,,,,
2026-07-30,2026-07-30,CM,BSE,STK,544440,INE0TL001013,CRYOGENIC,MT,,,,,CRYOGENIC OGS LIMITED,300.00,305.00,300.00,305.00,305.00,303.75,,305.00,,,5250,1582500.00,7,F1,750,,,,,
2026-07-30,2026-07-30,CM,BSE,STK,544441,INE162901016,METAINFO,MT,,,,,META INFOTECH LIMITED,85.69,89.97,82.85,88.54,88.60,85.69,,88.54,,,64800,5714824.00,62,F1,800,,,,,
2026-07-30,2026-07-30,CM,BSE,STK,544442,INE0VWL01017,CHEMKART,MT,,,,,Chemkart India Limited,204.00,214.20,200.50,202.00,204.95,204.00,,202.00,,,19800,4053420.00,21,F1,600,,,,,
2026-07-30,2026-07-30,CM,BSE,STK,544443,INE103V01028,TRAVELFOOD,B,,,,,TRAVEL FOOD SERVICES LIMITED,1287.50,1294.70,1274.85,1280.90,1286.00,1287.85,,1279.30,,,1135,1457624.00,184,F1,1,,,,,
2026-07-30,2026-07-30,CM,BSE,STK,544444,INE0UMC01019,GLEN,M,,,,,Glen Industries Limited,79.05,79.15,79.05,79.10,79.10,81.17,,79.10,,,6000,474600.00,4,F1,1200,,,,,
2026-07-30,2026-07-30,CM,BSE,STK,544445,INE0SJX01015,APL,M,,,,,ASSTON PHARMACEUTICALS LIMITED,64.50,67.50,64.50,67.40,67.50,64.90,,67.40,,,6000,401500.00,6,F1,1000,,,,,
2026-07-30,2026-07-30,CM,BSE,STK,544446,INE28GN01010,ADVENTHTL,B,,,,,Advent Hotels International Li,148.75,149.20,147.25,148.05,148.15,150.35,,147.68,,,3630,537239.00,133,F1,1,,,,,
2026-07-30,2026-07-30,CM,BSE,STK,544447,INE0NAZ01010,SMARTWORKS,B,,,,,SMARTWORKS COWORKING SPACES LI,475.95,484.60,464.15,471.80,470.40,481.00,,469.10,,,6021,2839747.00,249,F1,1,,,,,
2026-07-30,2026-07-30,CM,BSE,STK,544448,INE124Y01028,PASHUPATI,B,,,,,Pashupati Cotspin Limited,88.25,88.25,85.85,86.27,87.15,86.86,,86.24,,,13191,1141635.00,318,F1,1,,,,,
2026-07-30,2026-07-30,CM,BSE,STK,544449,INE0CZ201020,ANTHEM,A,,,,,Anthem Biosciences Limited,789.60,799.90,780.00,783.50,783.50,789.60,,784.35,,,15378,12144261.00,882,F1,1,,,,,
2026-07-30,2026-07-30,CM,BSE,STK,544450,INE0TGX01019,CHEMBONDCH,T,,,,,CHEMBOND CHEMICALS  LIMITED,224.75,224.75,216.00,220.40,223.90,224.75,,218.73,,,415,92135.00,23,F1,1,,,,,
2026-07-30,2026-07-30,CM,BSE,STK,544451,INE0LCG01010,MONIKA,M,,,,,MONIKA ALCOBEV LIMITED,212.00,213.95,209.00,213.95,213.95,219.00,,213.95,,,131600,27619580.00,32,F1,400,,,,,
2026-07-30,2026-07-30,CM,BSE,STK,544452,INE0PTF01017,SWASTIKAAL,MT,,,,,Swastika Castal Limited,99.00,100.12,94.56,95.50,95.50,95.36,,95.50,,,22000,2155080.00,11,F1,2000,,,,,
2026-07-30,2026-07-30,CM,BSE,STK,544453,INE0V0L01028,MSECL,MT,,,,,Monarch Surveyors and Engineer,220.05,221.05,220.05,221.05,221.05,220.00,,221.05,,,1800,397260.00,3,F1,600,,,,,
2026-07-30,2026-07-30,CM,BSE,STK,544454,INE06ST01018,INDIQUBE,B,,,,,INDIQUBE SPACES LIMITED,177.30,179.50,170.00,171.45,170.00,180.45,,170.60,,,2312,409078.00,247,F1,1,,,,,
2026-07-30,2026-07-30,CM,BSE,STK,544455,INE18JU01028,EBGNG,B,,,,,GNG Electronics Limited,551.45,571.00,536.00,557.05,556.75,561.35,,555.90,,,34541,19196421.00,1503,F1,1,,,,,
2026-07-30,2026-07-30,CM,BSE,STK,544456,INE219Y01026,RMDRIP,T,,,,,R M DRIP AND SPRINKLERS SYSTEM,18.40,18.80,17.66,18.23,18.44,18.31,,18.44,,,12359,223928.00,56,F1,1,,,,,
2026-07-30,2026-07-30,CM,BSE,STK,544457,INE03NU01014,BRIGHOTEL,B,,,,,Brigade Hotel Ventures Limited,60.00,60.21,59.22,60.04,60.21,60.18,,60.04,,,4873,290503.00,163,F1,1,,,,,
2026-07-30,2026-07-30,CM,BSE,STK,544458,INE0FMZ01045,SHREEREF,M,,,,,SHREE REFRIGERATIONS LIMITED,331.00,333.00,319.15,329.35,329.50,337.55,,329.35,,,349500,113498700.00,578,F1,500,,,,,
2026-07-30,2026-07-30,CM,BSE,STK,544459,INE06ZD01017,SHANTIGOLD,B,,,,,SHANTI GOLD INTERNATIONAL LIMI,223.50,223.50,215.20,216.40,216.40,223.50,,216.26,,,35025,7655128.00,644,F1,1,,,,,
2026-07-30,2026-07-30,CM,BSE,STK,544460,INE161701011,PATELCHEM,MT,,,,,PATEL CHEM SPECIALITIES LIMITE,91.05,91.05,91.00,91.05,91.05,93.05,,91.05,,,4800,436960.00,3,F1,1600,,,,,
2026-07-30,2026-07-30,CM,BSE,STK,544461,INE505V01016,EUROBOND,B,,,,,Euro Panel Products Limited,161.05,161.85,160.15,161.35,161.85,159.90,,160.39,,,452,72777.00,27,F1,1,,,,,
2026-07-30,2026-07-30,CM,BSE,STK,544462,INE19RO25021,PSTITANIA,IF,,,,,PropShare Titania,1100000.00,1100000.00,1100000.00,1100000.00,1100000.00,1150000.00,,1100000.00,,,1,1100000.00,1,F1,1,,,,,
2026-07-30,2026-07-30,CM,BSE,STK,544463,INE15WN01014,REPONO,MT,,,,,REPONO LIMITED,75.15,75.43,71.66,73.00,73.00,75.43,,73.00,,,20400,1491156.00,16,F1,1200,,,,,
2026-07-30,2026-07-30,CM,BSE,STK,544464,INE1P1A01018,UML,M,,,,,Umiya Mobile Limited,51.95,52.10,51.95,52.00,52.00,50.70,,52.00,,,12000,624040.00,6,F1,2000,,,,,
2026-07-30,2026-07-30,CM,BSE,STK,544465,INE06WU01026,LAXMIINDIA,T,,,,,LAXMI INDIA FINANCE LIMITED,123.60,128.00,119.00,120.07,119.00,123.60,,120.44,,,6420,785915.00,79,F1,1,,,,,
2026-07-30,2026-07-30,CM,BSE,STK,544466,INE819V01029,CPPLUS,A,,,,,Aditya Infotech Limited,3405.15,3440.25,3250.55,3257.60,3257.60,3421.60,,3259.60,,,22574,74011556.00,2291,F1,1,,,,,
2026-07-30,2026-07-30,CM,BSE,STK,544467,INE301O01023,NSDL,A,,,,,National Securities Depository,830.00,830.05,821.00,823.30,823.30,826.70,,823.30,,,357279,294790510.00,12366,F1,1,,,,,
2026-07-30,2026-07-30,CM,BSE,STK,544468,INE1LJ801017,BDI,M,,,,,B. D. Industries (Pune) Limite,108.75,108.75,108.75,108.75,108.75,107.75,,108.75,,,60000,6525000.00,4,F1,1200,,,,,
2026-07-30,2026-07-30,CM,BSE,STK,544469,INE0V9Q01010,LOTUSDEV,B,,,,,Sri Lotus Developers and Realt,189.70,193.90,189.65,193.30,193.00,189.65,,193.24,,,96299,18482057.00,623,F1,1,,,,,
2026-07-30,2026-07-30,CM,BSE,STK,544470,INE08N601015,MBEL,B,,,,,M & B ENGINEERING LIMITED,299.00,299.95,291.70,292.65,294.80,301.40,,292.90,,,2863,849804.00,329,F1,1,,,,,
2026-07-30,2026-07-30,CM,BSE,STK,544471,INE14OX01013,TAKYON,M,,,,,TAKYON NETWORKS LIMITED,19.55,20.50,19.55,20.00,20.00,20.25,,20.00,,,6000,120100.00,3,F1,2000,,,,,
2026-07-30,2026-07-30,CM,BSE,STK,544472,INE1KH601014,MEHUL,M,,,,,MEHUL COLOURS LIMITED,53.50,53.50,53.50,53.50,53.50,55.09,,53.50,,,1600,85600.00,1,F1,1600,,,,,
2026-07-30,2026-07-30,CM,BSE,STK,544473,INF666M01LM6,GROWWPOWER,B,,,,,Groww Mutual Fund,11.70,11.70,11.27,11.38,11.46,11.42,,11.40,,,147256,1674101.00,318,F1,1,,,,,
2026-07-30,2026-07-30,CM,BSE,STK,544476,INE0J5801029,JSLL,A,,,,,Jeena Sikho Lifecare Limited,555.00,570.00,554.95,566.10,565.00,565.35,,567.00,,,18284,10322159.00,512,F1,1,,,,,
2026-07-30,2026-07-30,CM,BSE,STK,544477,INE00RL01028,HILINFRA,B,,,,,Highway Infrastructure Limited,46.80,47.94,45.92,45.93,45.92,47.03,,45.92,,,8485,392292.00,97,F1,1,,,,,
2026-07-30,2026-07-30,CM,BSE,STK,544478,INF200KB1969,SBILIQETF,F,,,,,SBI Mutual Fund,1049.63,1049.63,1049.61,1049.62,1049.61,1049.47,,1049.62,,,42,44084.00,4,F1,1,,,,,
2026-07-30,2026-07-30,CM,BSE,STK,544479,INE0GV601021,ALLTIME,B,,,,,ALL TIME PLASTICS LIMITED,228.90,229.45,223.90,224.10,224.10,229.15,,224.60,,,2606,589034.00,90,F1,1,,,,,
2026-07-30,2026-07-30,CM,BSE,STK,544480,INE718I01012,JSWCEMENT,A,,,,,JSW CEMENT LIMITED,133.25,133.25,130.75,131.75,131.75,132.30,,131.32,,,80625,10667351.00,828,F1,1,,,,,
2026-07-30,2026-07-30,CM,BSE,STK,544481,INE1JAR25012,KRT,IF,,,,,KNOWLEDGE REALTY TRUST,120.00,120.06,118.76,119.22,119.22,118.01,,119.38,,,22201,2646445.00,1188,F1,1,,,,,
2026-07-30,2026-07-30,CM,BSE,STK,544482,INE0YG001013,STARIMAGIN,MT,,,,,STAR IMAGING AND PATH LAB LIMI,87.15,90.00,87.00,87.00,87.00,90.75,,87.00,,,8000,701260.00,7,F1,1000,,,,,
2026-07-30,2026-07-30,CM,BSE,STK,544483,INE111601014,ICODEX,M,,,,,ICODEX PUBLISHING SOLUTIONS LI,40.41,40.41,40.00,40.00,40.00,37.00,,40.00,,,2400,96492.00,2,F1,1200,,,,,
2026-07-30,2026-07-30,CM,BSE,STK,544484,INE304W01038,BLUESTONE,A,,,,,BlueStone Jewellery and Lifest,779.95,784.30,755.00,762.95,762.95,770.50,,762.60,,,305647,234426965.00,5598,F1,1,,,,,
2026-07-30,2026-07-30,CM,BSE,STK,544485,INE0MHO01029,REGAAL,T,,,,,REGAAL RESOURCES LIMITED,84.90,84.90,80.01,80.71,80.71,81.84,,81.18,,,2156,177000.00,21,F1,1,,,,,
2026-07-30,2026-07-30,CM,BSE,STK,544486,INF0R8F01133,LTGILTCASE,F,,,,,Zerodha Mutual Fund,30.08,30.51,30.08,30.45,30.45,30.53,,30.48,,,394,11865.00,5,F1,1,,,,,
2026-07-30,2026-07-30,CM,BSE,STK,544487,INE0R8B01010,PATELRMART,B,,,,,PATEL RETAIL LIMITED,225.30,233.10,220.70,224.50,224.20,223.05,,223.96,,,9810,2201551.00,570,F1,1,,,,,
2026-07-30,2026-07-30,CM,BSE,STK,544488,INE078V01014,VIKRAMSOLR,A,,,,,Vikram Solar Limited,183.05,183.25,175.00,175.75,175.75,181.55,,175.61,,,165443,29224144.00,2138,F1,1,,,,,
2026-07-30,2026-07-30,CM,BSE,STK,544489,INE191201016,LGT,M,,,,,LGT GLOBAL HOSPITALITY LIMITED,45.18,45.18,42.11,44.55,44.55,43.03,,44.55,,,8400,367488.00,7,F1,1200,,,,,
2026-07-30,2026-07-30,CM,BSE,STK,544490,INE1B6101010,SHREEJISPG,B,,,,,Shreeji Shipping Global Limite,635.95,646.05,622.75,644.00,641.25,623.65,,643.45,,,5863,3733754.00,312,F1,1,,,,,
2026-07-30,2026-07-30,CM,BSE,STK,544491,INE06XZ01023,GEMAROMA,B,,,,,Gem Aromatics Limited,187.85,188.55,182.65,183.90,182.65,189.35,,183.87,,,4119,762885.00,184,F1,1,,,,,
2026-07-30,2026-07-30,CM,BSE,STK,544492,INE0PKD01011,MEIL,B,,,,,MANGAL ELECTRICAL INDUSTRIES L,290.80,290.80,279.60,284.05,283.60,293.25,,284.65,,,3519,998004.00,227,F1,1,,,,,
2026-07-30,2026-07-30,CM,BSE,STK,544494,INE12P601017,GLOBTIER,MT,,,,,Globtier Infotech limited,16.15,16.15,16.15,16.15,16.15,17.00,,16.15,,,1600,25840.00,1,F1,1600,,,,,
2026-07-30,2026-07-30,CM,BSE,STK,544495,INE0M3X01010,NISMGMT,M,,,,,NIS MANAGEMENT LIMITED,44.10,44.10,44.00,44.00,44.00,44.10,,44.00,,,2400,105720.00,2,F1,1200,,,,,
2026-07-30,2026-07-30,CM,BSE,STK,544496,INE01R501028,VIKRAN,B,,,,,Vikran Engineering Limited,73.69,73.69,71.34,71.60,71.65,73.14,,71.62,,,38438,2752510.00,387,F1,1,,,,,
2026-07-30,2026-07-30,CM,BSE,STK,544497,INE0Y8W01025,AHCL,B,,,,,ANLON HEALTHCARE LIMITED,15.89,15.89,14.21,14.54,14.54,15.89,,14.52,,,1635269,24092265.00,1882,F1,1,,,,,
2026-07-30,2026-07-30,CM,BSE,STK,544498,INE0RTI01017,OVAL,M,,,,,OVAL PROJECTS ENGINEERING LIMI,53.00,53.00,53.00,53.00,53.00,52.00,,53.00,,,3200,169600.00,2,F1,1600,,,,,
2026-07-30,2026-07-30,CM,BSE,STK,544499,INE0P6P01016,CPEDU,B,,,,,Career Point Edutech Limited,217.95,218.40,203.10,206.35,207.15,212.80,,206.67,,,2665,567352.00,424,F1,1,,,,,
2026-07-30,2026-07-30,CM,BSE,STK,544500,INE15MX01014,ABRIL,M,,,,,ABRIL PAPER TECH LIMITED,35.99,35.99,34.90,34.90,34.90,36.00,,34.90,,,4000,141780.00,2,F1,2000,,,,,
2026-07-30,2026-07-30,CM,BSE,STK,544501,INE0XX801016,SUGSLLOYD,MT,,,,,SUGS LLOYD LIMITED,144.00,144.00,132.05,135.10,135.00,138.95,,135.10,,,119000,16013750.00,81,F1,1000,,,,,
2026-07-30,2026-07-30,CM,BSE,STK,544502,INE084K01015,AMANTA,T,,,,,Amanta Healthcare Limited,163.00,166.00,163.00,165.00,165.00,163.00,,165.00,,,6648,1096082.00,22,F1,1,,,,,
2026-07-30,2026-07-30,CM,BSE,STK,544504,INE0ZOM01013,GOELCONS,MT,,,,,GOEL CONSTRUCTION COMPANY LIMI,465.00,467.90,455.00,455.00,455.00,459.00,,455.00,,,3600,1660340.00,8,F1,400,,,,,
2026-07-30,2026-07-30,CM,BSE,STK,544505,INE104201012,AUSTERE,M,,,,,AUSTERE SYSTEMS LIMITED,42.01,42.01,42.00,42.00,42.00,42.00,,42.00,,,4000,168020.00,2,F1,2000,,,,,
2026-07-30,2026-07-30,CM,BSE,STK,544506,INE0UJF01018,SHARVAYA,MT,,,,,SHARVAYA METALS LIMITED,121.80,125.80,120.10,125.80,125.80,119.85,,125.80,,,51600,6445020.00,66,F1,600,,,,,
2026-07-30,2026-07-30,CM,BSE,STK,544507,INF0R8F01141,SML100CASE,B,,,,,Zerodha Mutual Fund,11.02,11.03,10.94,10.94,10.94,10.98,,10.95,,,15763,172691.00,53,F1,1,,,,,
2026-07-30,2026-07-30,CM,BSE,STK,544511,INE0V8A01016,KARBON,M,,,,,Karbonsteel Engineering Limite,99.00,101.00,97.50,100.70,100.10,101.50,,100.70,,,11200,1119920.00,14,F1,800,,,,,
2026-07-30,2026-07-30,CM,BSE,STK,544512,INE1B3L01017,SHRINGARMS,B,,,,,SHRINGAR HOUSE OF MANGALSUTRA,220.00,221.40,218.15,219.55,220.30,219.55,,219.89,,,8880,1956048.00,97,F1,1,,,,,
2026-07-30,2026-07-30,CM,BSE,STK,544513,INE0VOV01021,DEVX,B,,,,,Dev Accelerator Limited,34.10,34.49,33.92,34.42,34.44,34.32,,34.22,,,681,23277.00,18,F1,1,,,,,
2026-07-30,2026-07-30,CM,BSE,STK,544515,INE0CAZ01013,URBANCO,A,,,,,Urban Company Limited,131.95,131.95,129.75,130.30,130.30,131.15,,130.49,,,63733,8321364.00,1009,F1,1,,,,,
2026-07-30,2026-07-30,CM,BSE,STK,544516,INE0XBS01012,AIRFLOA,M,,,,,AIRFLOA RAIL TECHNOLOGY LIMITE,317.00,320.15,313.40,314.65,315.00,317.15,,314.65,,,28500,8995825.00,48,F1,500,,,,,
2026-07-30,2026-07-30,CM,BSE,STK,544517,INE24OJ01011,BUILDPRO,B,,,,,Shankara Buildpro Limited,1219.50,1229.95,1203.15,1213.75,1209.20,1229.50,,1212.20,,,809,982062.00,112,F1,1,,,,,
2026-07-30,2026-07-30,CM,BSE,STK,544518,INE0TJ801010,LTELEVATOR,MT,,,,,L. T. ELEVATOR LIMITED,261.00,266.20,258.00,266.20,266.20,253.55,,266.20,,,100000,26307120.00,73,F1,800,,,,,
2026-07-30,2026-07-30,CM,BSE,STK,544519,INE198501012,EUROPRATIK,B,,,,,EURO PRATIK SALES LIMITED,310.30,313.60,302.25,304.50,304.50,312.20,,304.25,,,2285,705141.00,56,F1,1,,,,,
2026-07-30,2026-07-30,CM,BSE,STK,544520,INE10XS01012,SAMPAT,MT,,,,,SAMPAT ALUMINIUM LIMITED,36.00,37.49,35.32,37.49,37.49,36.25,,37.49,,,7200,260652.00,6,F1,1200,,,,,
2026-07-30,2026-07-30,CM,BSE,STK,544521,INE0SJA01013,VMSTMT,T,,,,,VMS TMT LIMITED,43.01,44.00,41.80,43.31,43.15,43.99,,43.19,,,15574,659582.00,86,F1,1,,,,,
2026-07-30,2026-07-30,CM,BSE,STK,544522,INE08PH01015,ABCOTS,B,,,,,A B Cotspin India Limited,204.05,204.05,199.00,200.10,201.00,202.45,,199.50,,,45,9028.00,29,F1,1,,,,,
2026-07-30,2026-07-30,CM,BSE,STK,544523,INE056801025,IVALUE,B,,,,,IVALUE INFOSOLUTIONS LIMITED,271.15,278.55,263.00,274.30,272.00,284.50,,273.80,,,30884,8324379.00,867,F1,1,,,,,
2026-07-30,2026-07-30,CM,BSE,STK,544524,INE14VP01014,JDCABLES,M,,,,,JD CABLES LIMITED,219.00,219.00,210.00,213.00,216.00,219.95,,213.00,,,28000,5984520.00,33,F1,800,,,,,
2026-07-30,2026-07-30,CM,BSE,STK,544525,INE1AG301022,GKENERGY,B,,,,,GK ENERGY LIMITED,134.60,134.65,127.25,129.10,129.10,135.05,,128.54,,,44510,5809795.00,724,F1,1,,,,,
2026-07-30,2026-07-30,CM,BSE,STK,544526,INE13B501022,SAATVIKGL,B,,,,,Saatvik Green Energy Limited,431.05,435.95,428.45,430.40,430.20,438.80,,431.00,,,6426,2778179.00,395,F1,1,,,,,
2026-07-30,2026-07-30,CM,BSE,STK,544527,INE0Z4F01028,ATLANTAELE,B,,,,,Atlanta Electricals Limited,1548.30,1548.30,1496.05,1520.20,1521.00,1548.40,,1521.00,,,5766,8722358.00,637,F1,1,,,,,
2026-07-30,2026-07-30,CM,BSE,STK,544528,INE652V01016,GANESHCP,B,,,,,Ganesh Consumer Products Limit,166.10,168.35,163.00,164.50,164.15,167.20,,164.09,,,7708,1278007.00,292,F1,1,,,,,
2026-07-30,2026-07-30,CM,BSE,STK,544529,INE15XJ01010,APPL,MT,,,,,Aptus Pharma Limited,260.00,270.00,260.00,269.50,269.50,260.05,,269.50,,,5200,1379680.00,13,F1,400,,,,,
2026-07-30,2026-07-30,CM,BSE,STK,544530,INE549H01021,ARSSBL,B,,,,,ANAND RATHI SHARE AND STOCK BR,502.15,513.55,502.15,508.50,508.50,513.05,,508.80,,,5506,2805578.00,274,F1,1,,,,,
2026-07-30,2026-07-30,CM,BSE,STK,544531,INE1LDV01015,TRUECOLORS,M,,,,,TRUE COLORS LIMITED,157.20,161.95,157.20,159.05,157.60,160.00,,159.05,,,7200,1144410.00,10,F1,600,,,,,
2026-07-30,2026-07-30,CM,BSE,STK,544532,INE0TY101024,SOLARWORLD,B,,,,,Solarworld Energy Solutions Li,195.95,196.05,189.00,189.90,189.40,195.90,,189.36,,,10979,2100393.00,274,F1,1,,,,,
2026-07-30,2026-07-30,CM,BSE,STK,544533,INE04VU01023,STYL,B,,,,,Seshaasai Technologies Limited,351.30,361.65,343.55,346.75,343.55,351.35,,345.45,,,10468,3672651.00,382,F1,1,,,,,
2026-07-30,2026-07-30,CM,BSE,STK,544534,INE00YJ01010,JARO,B,,,,,Jaro Institute of Technology M,480.55,480.55,466.20,467.65,466.20,475.85,,466.95,,,8297,3915791.00,214,F1,1,,,,,
2026-07-30,2026-07-30,CM,BSE,STK,544535,INE0QMV01017,BHARATROHAN,M,,,,,BHARATROHAN AIRBORNE INNOVATIO,125.25,135.00,125.20,135.00,135.00,127.55,,135.00,,,6400,835040.00,8,F1,800,,,,,
2026-07-30,2026-07-30,CM,BSE,STK,544536,INE658T01017,WEALTH,B,,,,,Wealth First Portfolio Manager,930.75,952.25,907.50,927.35,928.45,964.90,,924.75,,,270,246944.00,33,F1,1,,,,,
2026-07-30,2026-07-30,CM,BSE,STK,544537,INE0YD401026,JAINREC,B,,,,,Jain Resource Recycling Limite,334.15,344.20,333.05,343.00,343.00,335.65,,343.15,,,91062,30839825.00,1630,F1,1,,,,,
2026-07-30,2026-07-30,CM,BSE,STK,544538,INE0TI501017,PRARUH,M,,,,,PRARUH TECHNOLOGIES LIMITED,63.00,63.00,63.00,63.00,63.00,65.00,,63.00,,,2000,126000.00,1,F1,2000,,,,,
2026-07-30,2026-07-30,CM,BSE,STK,544540,INE0MLS01022,EPACKPEB,B,,,,,Epack Prefab Technologies Limi,270.05,271.65,264.65,268.15,268.15,263.90,,268.09,,,50265,13470638.00,1191,F1,1,,,,,
2026-07-30,2026-07-30,CM,BSE,STK,544541,INE1KLZ01011,SYSTEMATIC,MT,,,,,SYSTEMATIC INDUSTRIES LIMITED,196.00,203.00,195.00,195.00,195.00,197.60,,195.00,,,33600,6677430.00,35,F1,600,,,,,
2026-07-30,2026-07-30,CM,BSE,STK,544542,INE0W5Q01017,JUSTO,M,,,,,Justo Realfintech Limited,88.00,88.00,88.00,88.00,88.00,89.00,,88.00,,,2000,176000.00,2,F1,1000,,,,,
2026-07-30,2026-07-30,CM,BSE,STK,544543,INE965W01036,BMWVENTLTD,B,,,,,BMW VENTURES LIMITED,57.02,57.30,56.25,56.38,56.40,57.42,,56.32,,,7471,422551.00,211,F1,1,,,,,
2026-07-30,2026-07-30,CM,BSE,STK,544544,INE0SRP01014,TELGE,MT,,,,,TELGE PROJECTS LIMITED,188.80,189.00,174.00,174.00,174.00,183.00,,174.00,,,6000,1100160.00,5,F1,1200,,,,,
2026-07-30,2026-07-30,CM,BSE,STK,544545,INE0MWH01014,TRUALT,B,,,,,TRUALT BIOENERGY LIMITED,437.70,443.55,426.95,435.80,430.50,429.30,,435.80,,,24085,10452532.00,769,F1,1,,,,,
2026-07-30,2026-07-30,CM,BSE,STK,544546,INE1B4801017,CHTR,M,,,,,Chatterbox Technologies Limite,39.40,43.99,39.40,41.50,41.50,42.42,,41.50,,,12000,500856.00,8,F1,1200,,,,,
2026-07-30,2026-07-30,CM,BSE,STK,544547,INE1FF001016,JKIPL,T,,,,,Jinkushal Industries Limited,100.00,102.50,96.25,98.20,98.20,99.65,,98.17,,,490,47732.00,14,F1,1,,,,,
2026-07-30,2026-07-30,CM,BSE,STK,544548,INE0SIK01014,GPAPL,M,,,,,GUJARAT PEANUT AND AGRI PRODUC,74.00,78.00,72.00,72.25,72.00,70.20,,72.25,,,24000,1819216.00,8,F1,1600,,,,,
2026-07-30,2026-07-30,CM,BSE,STK,544550,INE0S3G01027,PACEDIGITK,B,,,,,Pace Digitek Limited,195.60,204.30,194.90,203.45,203.90,197.65,,203.35,,,101225,20306921.00,1229,F1,1,,,,,
2026-07-30,2026-07-30,CM,BSE,STK,544551,INE18PB01017,BHAVIK,M,,,,,BHAVIK ENTERPRISES LIMITED,140.00,154.60,140.00,154.30,154.60,141.00,,154.30,,,6000,869600.00,6,F1,1000,,,,,
2026-07-30,2026-07-30,CM,BSE,STK,544552,INE0S5T01017,RDGAIL,M,,,,,RUKMANI DEVI GARG AGRO IMPEX L,108.00,108.00,108.00,108.00,108.00,108.00,,108.00,,,1200,129600.00,1,F1,1200,,,,,
2026-07-30,2026-07-30,CM,BSE,STK,544555,INE14QA01016,AMEENJI,M,,,,,AMEENJI RUBBER LIMITED,142.00,142.00,138.00,138.00,138.00,134.60,,138.00,,,3600,506400.00,3,F1,1200,,,,,
2026-07-30,2026-07-30,CM,BSE,STK,544557,INE0TQE01026,GLOTTIS,T,,,,,Glottis Limited,67.00,67.50,66.07,67.00,67.00,67.00,,67.01,,,3753,250861.00,53,F1,1,,,,,
2026-07-30,2026-07-30,CM,BSE,STK,544558,INE0HF201011,FABTECH,B,,,,,Fabtech Technologies Limited,148.00,151.10,147.00,150.10,149.00,149.65,,150.08,,,22759,3386531.00,240,F1,1,,,,,
2026-07-30,2026-07-30,CM,BSE,STK,544559,INE0R8Q01018,OML,MT,,,,,OM METALLOGIC LIMITED,31.99,32.95,31.29,32.95,32.95,31.40,,32.95,,,30400,979936.00,14,F1,1600,,,,,
2026-07-30,2026-07-30,CM,BSE,STK,544560,INE0QU501030,SODHACAP,M,,,,,SODHANI CAPITAL LIMITED,64.25,64.25,62.10,62.10,62.10,61.10,,62.10,,,4000,252700.00,2,F1,2000,,,,,
2026-07-30,2026-07-30,CM,BSE,STK,544562,INE1B0W01010,ADVANCE,B,,,,,Advance Agrolife Limited,119.00,122.95,118.00,119.00,119.00,118.25,,119.38,,,44165,5324598.00,630,F1,1,,,,,
2026-07-30,2026-07-30,CM,BSE,STK,544563,INE1B3501014,ZELIO,MT,,,,,Zelio E Mobility Limited,752.00,765.00,750.00,765.00,765.00,765.00,,765.00,,,5500,4153500.00,8,F1,500,,,,,
2026-07-30,2026-07-30,CM,BSE,STK,544564,INE1BZC01019,OMFREIGHT,T,,,,,Om Freight Forwarders Limited,91.00,91.00,87.40,87.44,87.41,92.00,,88.79,,,1188,104117.00,21,F1,1,,,,,
2026-07-30,2026-07-30,CM,BSE,STK,544567,INE16XA01017,INFINITY,M,,,,,Infinity Infoway Limited,388.00,388.00,388.00,388.00,388.00,388.00,,388.00,,,800,310400.00,2,F1,400,,,,,
2026-07-30,2026-07-30,CM,BSE,STK,544568,INE0SUM01015,ZAPPFRESH,M,,,,,DSM Fresh Foods Limited,74.45,77.50,73.11,73.34,73.20,75.65,,73.34,,,78000,5852616.00,46,F1,1200,,,,,
2026-07-30,2026-07-30,CM,BSE,STK,544569,INE1TAE01010,TMCV,B,,,,,Tata Motors Limited,410.10,417.00,409.30,415.25,415.25,411.40,,414.95,,,406205,167949483.00,8118,F1,1,,,,,
2026-07-30,2026-07-30,CM,BSE,STK,544570,INE085001019,WEWORK,B,,,,,WeWork India Management Limite,701.70,711.50,697.65,710.10,710.00,705.40,,710.60,,,2898,2042448.00,211,F1,1,,,,,
2026-07-30,2026-07-30,CM,BSE,STK,544572,INE2J8701016,SKFINDUS,B,,,,,SKF INDIA (INDUSTRIAL) LIMITED,2668.00,2685.00,2663.45,2668.85,2672.10,2668.50,,2671.60,,,599,1599179.00,79,F1,1,,,,,
2026-07-30,2026-07-30,CM,BSE,STK,544574,INE976I01016,TATACAP,A,,,,,Tata Capital Limited,361.80,362.80,355.25,360.55,360.55,361.45,,360.90,,,76675,27527776.00,2068,F1,1,,,,,
2026-07-30,2026-07-30,CM,BSE,STK,544576,INE324D01010,LGEINDIA,B,,,,,LG Electronics India Limited,1520.00,1520.00,1494.25,1499.75,1500.70,1517.65,,1499.60,,,9842,14785986.00,1046,F1,1,,,,,
2026-07-30,2026-07-30,CM,BSE,STK,544577,INE196Y01018,WORTHPERI,B,,,,,Worth Peripherals Limited,141.85,146.00,141.85,146.00,146.00,146.00,,144.65,,,40,5826.00,4,F1,1,,,,,
2026-07-30,2026-07-30,CM,BSE,STK,544578,INE506V01022,RUBICON,B,,,,,RUBICON RESEARCH LIMITED,1505.05,1523.95,1485.00,1495.70,1490.00,1529.30,,1499.90,,,10605,15915257.00,1079,F1,1,,,,,
2026-07-30,2026-07-30,CM,BSE,STK,544579,INE1UA823019,ANANTAM,IF,,,,,Anantam Highways Trust,105.45,105.50,105.01,105.43,105.43,105.45,,105.10,,,2044,215532.00,9,F1,1,,,,,
2026-07-30,2026-07-30,CM,BSE,STK,544580,INE218I01013,CRAMC,B,,,,,Canara Robeco Asset Management,260.90,261.00,257.00,259.80,260.00,261.60,,259.96,,,30998,8030301.00,774,F1,1,,,,,
2026-07-30,2026-07-30,CM,BSE,STK,544581,INF740KA1WU9,FLEXIADD,B,,,,,DSP Nifty500 Flexicap Quality,10.23,10.27,10.21,10.22,10.21,10.22,,10.23,,,3945,40425.00,21,F1,1,,,,,
2026-07-30,2026-07-30,CM,BSE,STK,544582,INE1EUB01016,SHLOKKA,MT,,,,,SHLOKKA DYES LIMITED,22.50,22.50,22.20,22.20,22.20,22.20,,22.20,,,4800,106920.00,4,F1,1200,,,,,
2026-07-30,2026-07-30,CM,BSE,STK,544583,INE01TY01017,CANHLIFE,B,,,,,Canara HSBC Life Insurance Com,147.10,148.45,145.80,147.15,147.15,147.05,,147.13,,,38396,5656120.00,406,F1,1,,,,,
2026-07-30,2026-07-30,CM,BSE,STK,544584,INE13YH01017,SKM,MT,,,,,SK Minerals & Additives Limite,470.00,470.00,445.00,445.10,445.10,463.50,,445.10,,,7000,3165600.00,7,F1,1000,,,,,
2026-07-30,2026-07-30,CM,BSE,STK,544586,INF0R8F01166,NIFTYCASE,B,,,,,Zerodha Mutual Fund,9.95,9.95,9.71,9.77,9.78,9.71,,9.74,,,7940,77432.00,89,F1,1,,,,,
2026-07-30,2026-07-30,CM,BSE,STK,544587,INE0XAD01024,MIDWESTLTD,B,,,,,Midwest Limited,1206.00,1207.00,1196.30,1201.10,1200.00,1209.15,,1202.60,,,275,330610.00,63,F1,1,,,,,
2026-07-30,2026-07-30,CM,BSE,STK,544594,INE1GUJ01014,TRADEUNO,M,,,,,GAME CHANGERS TEXFAB LIMITED,98.75,102.80,98.75,100.70,99.00,96.00,,100.70,,,10800,1086360.00,9,F1,1200,,,,,
2026-07-30,2026-07-30,CM,BSE,STK,544595,INE16NZ01023,ORKLAINDIA,B,,,,,Orkla India Limited,569.35,571.70,557.95,561.10,561.10,565.70,,560.85,,,4137,2337318.00,398,F1,1,,,,,
2026-07-30,2026-07-30,CM,BSE,STK,544596,INE0SVZ01015,SAFECURE,M,,,,,Safecure Services Limited,22.10,23.00,21.01,21.51,21.51,22.48,,21.51,,,14400,320772.00,10,F1,1200,,,,,
2026-07-30,2026-07-30,CM,BSE,STK,544597,INE202B01038,PIRAMALFIN,B,,,,,Piramal Finance Limited,2030.00,2050.00,2014.50,2028.85,2032.20,2042.50,,2028.70,,,27011,54677776.00,563,F1,1,,,,,
2026-07-30,2026-07-30,CM,BSE,STK,544598,INE648Z01023,ACCURACY,T,,,,,Accuracy Shipping Limited,4.90,4.90,4.78,4.78,4.78,4.86,,4.83,,,2270,10882.00,15,F1,1,,,,,
2026-07-30,2026-07-30,CM,BSE,STK,544599,INE00Q601028,STUDDS,B,,,,,Studds Accessories Limited,441.25,451.00,435.10,440.80,442.00,441.95,,441.20,,,18190,8034601.00,511,F1,1,,,,,
2026-07-30,2026-07-30,CM,BSE,STK,544600,INE956O01016,LENSKART,B,,,,,Lenskart Solutions Limited,564.70,567.15,558.80,563.30,563.35,559.40,,563.20,,,279737,157160261.00,4283,F1,1,,,,,
2026-07-30,2026-07-30,CM,BSE,STK,544601,INF2KCX01012,CHOICEGOLD,E,,,,,Choice Mutual Fund,140.93,140.93,140.93,140.93,140.93,140.73,,141.42,,,1,140.00,1,F1,1,,,,,
2026-07-30,2026-07-30,CM,BSE,STK,544602,INE1YPB01014,AGL,B,,,,,Allcargo Global Limited,12.31,12.42,12.10,12.19,12.19,12.47,,12.19,,,110212,1347649.00,464,F1,1,,,,,
2026-07-30,2026-07-30,CM,BSE,STK,544603,INE0HOQ01053,GROWW,B,,,,,Billionbrains Garage Ventures,193.50,194.95,190.45,192.40,192.40,193.80,,192.34,,,1425068,274205164.00,15519,F1,1,,,,,
2026-07-30,2026-07-30,CM,BSE,STK,544604,INF769K01PR2,ENERGY,B,,,,,Mirae Asset Mutual Fund,38.40,38.56,38.29,38.53,38.53,38.33,,38.52,,,22701,871505.00,278,F1,1,,,,,
2026-07-30,2026-07-30,CM,BSE,STK,544605,INF769K01PQ4,SMALL250,B,,,,,Mirae Asset Mutual Fund,18.05,18.05,17.83,17.90,17.92,18.05,,17.87,,,72741,1303544.00,115,F1,1,,,,,
2026-07-30,2026-07-30,CM,BSE,STK,544606,INE15B701018,PINELABS,B,,,,,Pine Labs Limited,144.80,145.30,139.60,140.15,140.15,144.75,,140.17,,,1198352,170185267.00,10972,F1,1,,,,,
2026-07-30,2026-07-30,CM,BSE,STK,544608,INE1C6T01020,EMMVEE,B,,,,,Emmvee Photovoltaic Power Limi,315.05,319.10,306.30,307.55,307.55,317.00,,307.45,,,222859,69394222.00,4677,F1,1,,,,,
2026-07-30,2026-07-30,CM,BSE,STK,544609,INE0LP301011,PWL,B,,,,,Physicswallah Limited,126.50,127.50,124.70,125.20,125.50,126.60,,125.22,,,178806,22515836.00,1594,F1,1,,,,,
2026-07-30,2026-07-30,CM,BSE,STK,544610,INE1I1301016,WORKMATES,M,,,,,WORKMATES CORE2CLOUD SOLUTION,323.05,325.00,314.00,318.70,317.05,324.80,,318.70,,,9600,3068280.00,14,F1,600,,,,,
2026-07-30,2026-07-30,CM,BSE,STK,544611,INE0U9D01019,MAHALIFE,M,,,,,MAHAMAYA LIFESCIENCES LIMITED,171.00,173.00,166.45,166.45,166.45,168.00,,166.45,,,7200,1222140.00,6,F1,1200,,,,,
2026-07-30,2026-07-30,CM,BSE,STK,544612,INE19RI01016,TENNIND,B,,,,,Tenneco Clean Air India Limite,540.00,543.90,534.55,539.00,540.00,538.60,,538.90,,,21845,11775325.00,927,F1,1,,,,,
2026-07-30,2026-07-30,CM,BSE,STK,544613,INE12UR01024,UTLSOLAR,B,,,,,Fujiyama Power Systems Limited,370.95,371.90,360.10,367.25,366.70,368.55,,367.05,,,14040,5157155.00,943,F1,1,,,,,
2026-07-30,2026-07-30,CM,BSE,STK,544614,INE0ILV01024,CAPILLARY,B,,,,,Capillary Technologies India L,520.05,528.65,508.55,512.50,516.00,527.75,,513.90,,,5956,3087297.00,395,F1,1,,,,,
2026-07-30,2026-07-30,CM,BSE,STK,544615,INE1SPP01016,KSR,B,,,,,KSR Footwear Limited,29.99,29.99,28.53,28.53,28.53,28.61,,29.19,,,1233,36172.00,15,F1,1,,,,,
2026-07-30,2026-07-30,CM,BSE,STK,544616,INE0BUQ01012,GALLARD,M,,,,,Gallard Steel Limited,154.05,157.05,150.30,150.50,150.30,161.50,,150.50,,,9000,1380750.00,8,F1,1000,,,,,
2026-07-30,2026-07-30,CM,BSE,STK,544617,INE606N01019,EXCELSOFT,B,,,,,Excelsoft Technologies Limited,77.13,77.98,76.49,77.09,77.00,77.76,,76.94,,,8859,685222.00,373,F1,1,,,,,
2026-07-30,2026-07-30,CM,BSE,STK,544618,INF754K01VY8,ESENSEX,B,,,,,Edelweiss Mutual Fund,77.78,79.02,77.00,79.02,79.02,78.23,,78.19,,,42,3241.00,9,F1,1,,,,,
2026-07-30,2026-07-30,CM,BSE,STK,544619,INE0QPI01025,SUDEEPPHRM,B,,,,,Sudeep Pharma Limited,879.15,879.20,854.90,857.00,860.90,878.75,,856.30,,,22175,19199312.00,2909,F1,1,,,,,
2026-07-30,2026-07-30,CM,BSE,STK,544622,INE2KCE01013,KWIL,B,,,,,Kwality Walls (India) Limited,31.18,31.18,30.16,30.25,30.25,31.07,,30.25,,,373274,11364742.00,2644,F1,1,,,,,
2026-07-30,2026-07-30,CM,BSE,STK,544625,INE1BA901016,LOGICIEL,M,,,,,Logiciel Solutions Limited,31.05,31.50,30.95,31.15,31.15,32.57,,31.15,,,4800,149130.00,8,F1,600,,,,,
2026-07-30,2026-07-30,CM,BSE,STK,544626,INE1E4401010,EXATO,MT,,,,,EXATO TECHNOLOGIES LIMITED,565.00,589.95,565.00,573.00,573.00,569.45,,573.00,,,21500,12422300.00,41,F1,500,,,,,
2026-07-30,2026-07-30,CM,BSE,STK,544627,INE0VDK01019,PURPLEWAVE,M,,,,,PURPLE WAVE INFOCOM LIMITED,165.00,165.05,151.70,152.00,152.30,160.60,,152.00,,,21000,3305800.00,19,F1,1000,,,,,
2026-07-30,2026-07-30,CM,BSE,STK,544628,INE0RUY01012,ASTRONMULT,MT,,,,,Astron Multigrain Limited,16.81,18.56,16.81,18.03,18.56,17.69,,18.03,,,20000,352560.00,10,F1,2000,,,,,
2026-07-30,2026-07-30,CM,BSE,STK,544630,INE1FJE01010,HELLOJI,M,,,,,HELLOJI HOLIDAYS LIMITED,107.00,107.00,107.00,107.00,107.00,107.00,,107.00,,,2400,256800.00,2,F1,1200,,,,,
2026-07-30,2026-07-30,CM,BSE,STK,544631,INE985W01018,CNL,B,,,,,CREATIVE NEWTECH LIMITED,992.00,1015.05,985.00,997.50,994.60,990.40,,997.20,,,9195,9204482.00,312,F1,1,,,,,
2026-07-30,2026-07-30,CM,BSE,STK,544632,INE0VDM01015,MEESHO,B,,,,,Meesho Limited,179.40,182.90,173.50,181.90,181.80,179.40,,182.14,,,812530,144386083.00,6748,F1,1,,,,,
2026-07-30,2026-07-30,CM,BSE,STK,544633,INE14UN01029,VIDYAWIRES,B,,,,,VIDYA WIRES LIMITED,88.55,90.33,88.28,89.52,89.30,89.40,,89.47,,,65776,5884931.00,543,F1,1,,,,,
2026-07-30,2026-07-30,CM,BSE,STK,544634,INE947N01017,AEQUS,B,,,,,Aequs Limited,218.85,229.80,215.55,228.55,228.55,229.05,,228.39,,,473967,105207237.00,4663,F1,1,,,,,
2026-07-30,2026-07-30,CM,BSE,STK,544637,INE0QZR01017,METHODHUB,M,,,,,Methodhub Software Limited,72.10,73.40,68.70,69.29,70.75,72.31,,69.29,,,49800,3470832.00,73,F1,600,,,,,
2026-07-30,2026-07-30,CM,BSE,STK,544638,INF194KB1KJ7,GOLDBND,E,,,,,Bandhan Mutual Fund,142.09,142.58,140.06,141.49,140.91,141.75,,142.10,,,174,24618.00,120,F1,1,,,,,
2026-07-30,2026-07-30,CM,BSE,STK,544639,INF194KB1KI9,SILVERBND,E,,,,,Bandhan Mutual Fund,216.16,218.07,215.50,217.74,218.07,218.19,,217.10,,,1175,253793.00,17,F1,1,,,,,
2026-07-30,2026-07-30,CM,BSE,STK,544640,INE1DKT01011,RDEL,M,,,,,Riddhi Display Equipments Limi,36.97,36.97,35.30,35.48,36.00,37.15,,35.48,,,13200,474072.00,10,F1,1200,,,,,
2026-07-30,2026-07-30,CM,BSE,STK,544641,INE1IE301018,KVTOYS,M,,,,,K. V. TOYS INDIA LIMITED,280.00,280.00,276.30,277.45,278.00,282.55,,277.45,,,2400,667380.00,4,F1,600,,,,,
2026-07-30,2026-07-30,CM,BSE,STK,544642,INE0E7301029,WAKEFIT,B,,,,,Wakefit Innovations Limited,126.20,130.15,123.00,125.40,125.55,127.70,,125.46,,,169098,21266820.00,1129,F1,1,,,,,
2026-07-30,2026-07-30,CM,BSE,STK,544644,INE02ZQ01018,CORONA,B,,,,,Corona Remedies Limited,2119.75,2147.60,2075.00,2089.65,2076.10,2105.80,,2090.90,,,4068,8596762.00,489,F1,1,,,,,
2026-07-30,2026-07-30,CM,BSE,STK,544645,INE119201023,PARKHOSPS,B,,,,,PARK MEDI WORLD LIMITED,276.20,283.95,276.20,279.10,279.10,279.25,,279.30,,,18282,5146451.00,463,F1,1,,,,,
2026-07-30,2026-07-30,CM,BSE,STK,544646,INE0O9L01010,SHIPWAVES,M,,,,,Shipwaves Online Limited,3.20,3.26,3.19,3.24,3.26,3.25,,3.24,,,110000,353000.00,10,F1,10000,,,,,
2026-07-30,2026-07-30,CM,BSE,STK,544647,INE428V01029,NEPHROPLUS,B,,,,,Nephrocare Health Services Lim,710.55,710.55,680.05,682.75,682.00,703.90,,683.05,,,7979,5499307.00,422,F1,1,,,,,
2026-07-30,2026-07-30,CM,BSE,STK,544648,INE1FHV01026,UNISEM,M,,,,,UNISEM AGRITECH LIMITED,51.00,52.00,51.00,52.00,52.00,49.01,,52.00,,,8000,411980.00,4,F1,2000,,,,,
2026-07-30,2026-07-30,CM,BSE,STK,544654,INF740KA1WX3,SMALLADD,B,,,,,DSP Nifty Smallcap 250 ETF,18.01,18.04,17.99,17.99,17.99,18.01,,17.97,,,402,7249.00,4,F1,1,,,,,
2026-07-30,2026-07-30,CM,BSE,STK,544655,INF740KA1WW5,MIDCAPADD,B,,,,,DSP Nifty Midcap 150 ETF,23.18,23.20,23.01,23.01,23.01,23.06,,23.06,,,309,7112.00,4,F1,1,,,,,
2026-07-30,2026-07-30,CM,BSE,STK,544656,INE1E1V01017,HRS,M,,,,,HRS ALUGLAZE LIMITED,247.25,247.25,246.00,246.00,246.00,245.95,,246.00,,,2000,493500.00,5,F1,400,,,,,
2026-07-30,2026-07-30,CM,BSE,STK,544657,INE14LM01012,PAJSON,M,,,,,Pajson Agro India Limited,184.00,185.00,183.00,183.50,183.00,184.00,,183.50,,,6000,1104000.00,9,F1,600,,,,,
2026-07-30,2026-07-30,CM,BSE,STK,544658,INE346A01027,ICICIAMC,A,,,,,ICICI Prudential Asset Managem,3129.80,3129.80,3046.00,3050.70,3050.00,3106.75,,3051.40,,,5327,16361437.00,816,F1,1,,,,,
2026-07-30,2026-07-30,CM,BSE,STK,544660,INF769K01PZ5,TOP20,B,,,,,Mirae Asset Mutual Fund,9.00,9.03,8.99,9.03,9.03,8.99,,9.01,,,11231,101101.00,12,F1,1,,,,,
2026-07-30,2026-07-30,CM,BSE,STK,544661,INF769K01PY8,DIVIDEND,B,,,,,Mirae Asset Mutual Fund,36.20,36.31,35.98,36.12,36.12,36.02,,36.12,,,85174,3076438.00,19,F1,1,,,,,
2026-07-30,2026-07-30,CM,BSE,STK,544662,INE0VI201010,SIMANDHAR,X,,,,,SIMANDHAR IMPEX LIMITED,155.00,155.00,141.30,149.75,149.75,156.95,,149.75,,,1933,284093.00,40,F1,1,,,,,
2026-07-30,2026-07-30,CM,BSE,STK,544664,INE987S01020,KSHINTL,B,,,,,KSH INTERNATIONAL LIMITED,825.65,839.15,812.50,830.50,830.50,825.65,,830.90,,,19548,16171552.00,960,F1,1,,,,,
2026-07-30,2026-07-30,CM,BSE,STK,544666,INE0V0W01025,GKSL,B,,,,,GUJARAT KIDNEY AND SUPER SPECI,128.00,128.40,127.00,127.05,127.00,127.10,,127.04,,,12144,1544193.00,465,F1,1,,,,,
2026-07-30,2026-07-30,CM,BSE,STK,544667,INE1F9M01018,DACHEPALLI,MT,,,,,Dachepalli Publishers Limited,80.25,83.00,79.30,82.03,83.00,83.47,,82.03,,,16800,1357260.00,10,F1,1200,,,,,
2026-07-30,2026-07-30,CM,BSE,STK,544668,INE0YJA01011,NANTA,MT,,,,,NANTA TECH LIMITED,450.00,450.00,450.00,450.00,450.00,458.40,,450.00,,,600,270000.00,1,F1,600,,,,,
2026-07-30,2026-07-30,CM,BSE,STK,544669,INE0XLO01010,ADMACH,MT,,,,,ADMACH SYSTEMS LIMITED,400.00,400.00,400.00,400.00,400.00,409.00,,400.00,,,2400,960000.00,4,F1,600,,,,,
2026-07-30,2026-07-30,CM,BSE,STK,544670,INE1IJQ01026,BAIKAKAJI,M,,,,,BAI-KAKAJI POLYMERS LIMITED,200.00,240.00,198.00,240.00,240.00,200.00,,240.00,,,1312800,282528210.00,770,F1,600,,,,,
2026-07-30,2026-07-30,CM,BSE,STK,544671,INE0X4A01013,ATIL,M,,,,,APOLLO TECHNO INDUSTRIES LIMIT,93.00,93.54,93.00,93.53,93.52,93.81,,93.53,,,7000,654120.00,6,F1,1000,,,,,
2026-07-30,2026-07-30,CM,BSE,STK,544673,INE1HK501016,MDRC,M,,,,,MODERN DIAGNOSTIC & RESEARCH C,51.00,51.00,51.00,51.00,51.00,52.00,,51.00,,,3200,163200.00,2,F1,1600,,,,,
2026-07-30,2026-07-30,CM,BSE,STK,544674,INF740KA1XU7,NEXT50ADD,B,,,,,DSP Nifty Next 50 ETF,72.84,72.84,72.61,72.61,72.61,72.84,,71.96,,,12,873.00,2,F1,1,,,,,
2026-07-30,2026-07-30,CM,BSE,STK,544675,INE1H1501013,GTIL,M,,,,,Gabion Technologies India Limi,83.10,85.00,83.10,84.25,85.00,82.50,,84.25,,,14400,1210800.00,8,F1,1600,,,,,
2026-07-30,2026-07-30,CM,BSE,STK,544676,INE0CNJ01010,YAJUR,MT,,,,,YAJUR FIBRES LIMITED,37.00,37.00,36.01,36.92,36.95,36.42,,36.92,,,13600,496584.00,16,F1,800,,,,,
2026-07-30,2026-07-30,CM,BSE,STK,544677,INE0ZE201010,DEFRAIL,M,,,,,Defrail Technologies Limited,67.01,67.10,67.01,67.10,67.10,70.00,,67.10,,,4800,321792.00,3,F1,1600,,,,,
2026-07-30,2026-07-30,CM,BSE,STK,544678,INE05XR01022,BHARATCOAL,B,,,,,BHARAT COKING COAL LIMITED,34.20,34.20,33.60,33.82,33.82,34.29,,33.79,,,1028507,34856119.00,3542,F1,1,,,,,
2026-07-30,2026-07-30,CM,BSE,STK,544679,INE121R01077,AMAGI,B,,,,,Amagi Media Labs Limited,654.65,670.20,641.45,659.80,651.50,650.35,,658.70,,,24832,16385283.00,1303,F1,1,,,,,
2026-07-30,2026-07-30,CM,BSE,STK,544680,INE0S1B01014,NARMADESH,MT,,,,,Narmadesh Brass Industries Lim,309.00,309.00,309.00,309.00,309.00,309.75,,309.00,,,32640,10085760.00,31,F1,240,,,,,
2026-07-30,2026-07-30,CM,BSE,STK,544681,INE0WKY01013,INDOSMC,MT,,,,,INDO SMC Limited,435.00,443.75,414.10,419.55,422.00,430.70,,419.55,,,34000,14407900.00,31,F1,1000,,,,,
2026-07-30,2026-07-30,CM,BSE,STK,544682,INE0U8P01015,GRERENEW,MT,,,,,GRE Renew Enertech Limited,187.00,187.00,177.65,177.65,177.65,187.00,,177.65,,,20400,3661020.00,16,F1,1200,,,,,
2026-07-30,2026-07-30,CM,BSE,STK,544683,INE1D8001016,ARITAS,MT,,,,,Aritas Vinyl Limited,13.10,13.48,12.62,13.48,13.48,13.10,,13.48,,,45000,585900.00,9,F1,3000,,,,,
2026-07-30,2026-07-30,CM,BSE,STK,544684,INE1OOT01028,DIGILOGIC,M,,,,,DIGILOGIC SYSTEMS LIMITED,119.50,120.00,118.00,119.50,119.50,118.20,,119.50,,,16800,2003400.00,13,F1,1200,,,,,
2026-07-30,2026-07-30,CM,BSE,STK,544685,INE12UN01015,SHADOWFAX,B,,,,,SHADOWFAX TECHNOLOGIES LIMITED,215.10,221.55,214.75,220.25,220.60,216.30,,220.17,,,337180,73716347.00,3969,F1,1,,,,,
2026-07-30,2026-07-30,CM,BSE,STK,544686,INE0UCL01011,SHAYONAENG,M,,,,,SHAYONA ENGINEERING LIMITED,140.00,140.00,140.00,140.00,140.00,140.00,,140.00,,,1000,140000.00,1,F1,1000,,,,,
2026-07-30,2026-07-30,CM,BSE,STK,544687,INE0JVH01012,HANNAH,MT,,,,,Hannah Joseph Hospital Limited,116.00,116.00,113.30,113.30,113.30,115.80,,113.30,,,8000,911800.00,4,F1,2000,,,,,
2026-07-30,2026-07-30,CM,BSE,STK,544695,INE2B5L01011,MSAFE,MT,,,,,Msafe Equipments Limited,179.40,190.25,176.60,190.00,190.00,181.20,,190.00,,,29000,5393100.00,26,F1,1000,,,,,
2026-07-30,2026-07-30,CM,BSE,STK,544698,INE1N9E01015,PANHR,MT,,,,,PAN HR SOLUTION LIMITED,53.82,53.82,53.82,53.82,53.82,56.65,,53.82,,,3200,172224.00,2,F1,1600,,,,,
2026-07-30,2026-07-30,CM,BSE,STK,544699,INE501X01029,AYE,B,,,,,Aye Finance Limited,164.85,165.00,158.70,161.60,161.75,165.90,,161.12,,,40065,6506126.00,635,F1,1,,,,,
2026-07-30,2026-07-30,CM,BSE,STK,544700,INE212S01015,FRACTAL,B,,,,,Fractal Analytics Limited,785.85,799.90,770.00,771.70,771.70,786.85,,771.80,,,200504,156926144.00,1659,F1,1,,,,,
2026-07-30,2026-07-30,CM,BSE,STK,544701,INF769K01QA6,HEALTHCARE,B,,,,,Mirae Asset Mutual Fund,21.66,21.71,21.58,21.60,21.60,21.59,,21.54,,,5359,116014.00,17,F1,1,,,,,
2026-07-30,2026-07-30,CM,BSE,STK,544702,INE0OU201013,DCMSIL,T,,,,,DCM SHRIRAM INTERNATIONAL LIMI,76.38,77.15,74.37,74.37,74.37,75.88,,74.37,,,11056,842600.00,35,F1,1,,,,,
2026-07-30,2026-07-30,CM,BSE,STK,544703,INE0OFM01015,DSFCL,T,,,,,DCM SHRIRAM FINE CHEMICALS LIM,26.80,27.20,26.16,26.16,26.16,26.69,,26.16,,,2225,59754.00,18,F1,1,,,,,
2026-07-30,2026-07-30,CM,BSE,STK,544704,INF769K01QB4,INFRA,B,,,,,Mirae Asset Mutual Fund,12.02,12.04,11.98,12.02,12.02,12.05,,12.01,,,645,7742.00,8,F1,1,,,,,
2026-07-30,2026-07-30,CM,BSE,STK,544705,INF769K01QC2,DEFENCE,B,,,,,Mirae Asset Mutual Fund,77.40,77.40,76.80,77.07,77.05,77.43,,77.10,,,6150,473794.00,61,F1,1,,,,,
2026-07-30,2026-07-30,CM,BSE,STK,544706,INF209KC1662,ABSLMSCIN,B,,,,,Aditya Birla Sun Life Mutual F,29.70,29.70,29.70,29.70,29.70,29.46,,29.64,,,1,29.00,1,F1,1,,,,,
2026-07-30,2026-07-30,CM,BSE,STK,544707,INE1W3Q01011,FIL,M,,,,,Fractal Industries Limited,208.00,217.00,208.00,214.45,216.50,211.80,,214.45,,,16200,3473160.00,14,F1,600,,,,,
2026-07-30,2026-07-30,CM,BSE,STK,544708,INE1O6P01016,YASHHTEJ,M,,,,,Yashhtej Industries (India) Li,55.00,56.00,55.00,56.00,56.00,55.00,,56.00,,,9600,531576.00,8,F1,1200,,,,,
2026-07-30,2026-07-30,CM,BSE,STK,544709,INE0P8B01020,GAUDIUMIVF,T,,,,,Gaudium IVF and Women Health L,139.75,139.75,139.75,139.75,139.75,142.60,,139.75,,,3636,508131.00,93,F1,1,,,,,
2026-07-30,2026-07-30,CM,BSE,STK,544710,INE132201018,ACCORDTS,M,,,,,ACCORD TRANSFORMER & SWITCHGEA,59.90,64.00,59.47,61.46,61.85,58.21,,61.46,,,399000,24744900.00,119,F1,3000,,,,,
2026-07-30,2026-07-30,CM,BSE,STK,544711,INE1C3F01018,KIAASA,M,,,,,KIAASA RETAIL LIMITED,34.05,34.10,32.40,32.47,32.47,34.05,,32.47,,,24000,800710.00,22,F1,1000,,,,,
2026-07-30,2026-07-30,CM,BSE,STK,544716,INE19GK01015,SRTL,B,,,,,SHREE RAM TWISTEX LIMITED,40.63,40.63,39.53,39.55,39.72,40.19,,39.53,,,1190,47384.00,29,F1,1,,,,,
2026-07-30,2026-07-30,CM,BSE,STK,544717,INE647U01026,CLEANMAX,B,,,,,Clean Max Enviro Energy Soluti,1324.90,1331.35,1291.60,1309.90,1312.15,1327.60,,1309.00,,,75738,98702274.00,385,F1,1,,,,,
2026-07-30,2026-07-30,CM,BSE,STK,544718,INE1RDG01013,PNGSREVA,B,,,,,PNGS Reva Diamond Jewellery Li,459.85,476.65,425.30,433.20,434.35,448.20,,432.90,,,61693,28026688.00,2111,F1,1,,,,,
2026-07-30,2026-07-30,CM,BSE,STK,544719,INF209KC1670,ABSL10BANK,B,,,,,Aditya Birla Sun Life Mutual F,170.25,170.25,170.25,170.25,170.25,169.25,,170.04,,,1,170.00,1,F1,1,,,,,
2026-07-30,2026-07-30,CM,BSE,STK,544720,INE0UH301010,OMNI,B,,,,,Omnitech Engineering Limited,571.60,597.55,571.60,585.65,587.60,598.30,,585.60,,,37980,22168116.00,1244,F1,1,,,,,
2026-07-30,2026-07-30,CM,BSE,STK,544721,INF666M01OD9,GROWWHOSPI,B,,,,,Groww Mutual Fund,54.88,54.89,54.35,54.51,54.70,54.42,,54.65,,,13832,754796.00,59,F1,1,,,,,
2026-07-30,2026-07-30,CM,BSE,STK,544722,INF200KB1AJ0,SBIMIDMOM,B,,,,,SBI Mutual Fund,61.56,62.58,61.46,62.36,62.36,62.18,,62.25,,,1752,107762.00,11,F1,1,,,,,
2026-07-30,2026-07-30,CM,BSE,STK,544723,INE00XB01019,SEDEMAC,B,,,,,SEDEMAC MECHATRONICS LIMITED,2709.45,2709.45,2626.35,2648.65,2641.45,2662.40,,2648.80,,,34787,92607688.00,1375,F1,1,,,,,
2026-07-30,2026-07-30,CM,BSE,STK,544724,INE1FEW01013,ELFIN,MT,,,,,Elfin Agro India Limited,83.00,83.00,83.00,83.00,83.00,82.79,,83.00,,,3000,249000.00,1,F1,3000,,,,,
2026-07-30,2026-07-30,CM,BSE,STK,544725,INF740KA1YH2,BANK10ADD,B,,,,,DSP BSE Top 10 Banks ETF,16.98,16.98,16.98,16.98,16.98,16.98,,17.01,,,25,424.00,1,F1,1,,,,,
2026-07-30,2026-07-30,CM,BSE,STK,544726,INE0J0B01017,KOTYARK,T,,,,,Kotyark Industries Limited,34.57,35.00,32.85,32.85,33.69,34.57,,32.89,,,11138,370437.00,61,F1,1,,,,,
2026-07-30,2026-07-30,CM,BSE,STK,544731,INE313L01016,RSL,B,,,,,RAJPUTANA STAINLESS LIMITED,148.90,148.90,140.10,141.90,141.80,140.45,,142.00,,,10561,1497386.00,319,F1,1,,,,,
2026-07-30,2026-07-30,CM,BSE,STK,544732,INE0ADB01012,INNOVISION,B,,,,,Innovision Limited,282.00,286.00,278.00,285.80,285.60,282.15,,285.15,,,4618,1295990.00,318,F1,1,,,,,
2026-07-30,2026-07-30,CM,BSE,STK,544733,INE713R01022,GSPCROP,B,,,,,GSP CROP SCIENCE LIMITED,585.00,592.40,570.40,586.25,589.00,582.30,,586.40,,,9518,5518608.00,402,F1,1,,,,,
2026-07-30,2026-07-30,CM,BSE,STK,544734,INE2PB023011,RIIT,IF,,,,,Raajmarg Infra Investment Trus,117.17,117.50,116.56,117.01,117.06,117.09,,116.99,,,771,90304.00,44,F1,1,,,,,
2026-07-30,2026-07-30,CM,BSE,STK,544735,INE1TFS01019,NOVUS,M,,,,,Novus Loyalty Limited,141.85,141.85,136.05,136.05,136.05,138.40,,136.05,,,17000,2366950.00,16,F1,1000,,,,,
2026-07-30,2026-07-30,CM,BSE,STK,544736,INF336L01RX2,HSBCGOLD,E,,,,,HSBC Mutual Fund,123.60,123.60,123.60,123.60,123.60,123.20,,123.89,,,4,494.00,1,F1,1,,,,,
2026-07-30,2026-07-30,CM,BSE,STK,544737,INF769K01QV2,VALUE,B,,,,,Mirae Asset Mutual Fund,16.14,16.17,16.12,16.17,16.17,16.06,,16.15,,,104,1676.00,3,F1,1,,,,,
2026-07-30,2026-07-30,CM,BSE,STK,544739,INE05HV01027,CMPDI,B,,,,,Central Mine Planning & Design,244.55,244.55,237.85,238.80,239.60,244.55,,238.95,,,120129,28752175.00,1634,F1,1,,,,,
2026-07-30,2026-07-30,CM,BSE,STK,544740,INE1U6D01014,TIPCO,MT,,,,,Tipco Engineering India Limite,175.00,178.90,172.00,172.00,172.00,179.55,,172.00,,,161600,28296960.00,39,F1,1600,,,,,
2026-07-30,2026-07-30,CM,BSE,STK,544741,INE1KI801019,HIGHNESS,MT,,,,,Highness Microelectronics Limi,186.95,186.95,171.35,176.00,176.00,180.35,,176.00,,,28800,5047500.00,24,F1,1200,,,,,
2026-07-30,2026-07-30,CM,BSE,STK,544742,INE0H9F01037,SAIPARENT,B,,,,,Sai Parenteral's Limited,543.80,547.30,533.00,535.20,535.20,552.10,,534.95,,,4415,2368413.00,245,F1,1,,,,,
2026-07-30,2026-07-30,CM,BSE,STK,544743,INE05TO01019,AEROPLANE,B,,,,,Amir Chand Jagdish Kumar (Expo,180.00,191.25,179.05,191.20,191.20,182.15,,191.50,,,41179,7649103.00,415,F1,1,,,,,
2026-07-30,2026-07-30,CM,BSE,STK,544744,INE921L01032,POWERICA,B,,,,,Powerica Ltd.,533.85,538.75,522.95,524.85,525.00,533.00,,524.65,,,13296,7008506.00,519,F1,1,,,,,
2026-07-30,2026-07-30,CM,BSE,STK,544745,INF200KB1AK8,SBINMID150,B,,,,,SBI Mutual Fund,23.33,23.33,23.00,23.00,23.00,23.10,,23.13,,,1622,37740.00,11,F1,1,,,,,
2026-07-30,2026-07-30,CM,BSE,STK,544746,INE0UMH01018,SCDL,M,,,,,SAFETY CONTROLS & DEVICES LIMI,69.00,75.00,69.00,74.43,73.70,69.50,,74.43,,,238400,17398240.00,55,F1,1600,,,,,
2026-07-30,2026-07-30,CM,BSE,STK,544748,INE840Y01029,ONEPOINT,B,,,,,ONE POINT ONE SOLUTIONS LIMITE,56.61,57.29,56.25,56.95,56.94,56.55,,57.08,,,10694,607552.00,101,F1,1,,,,,
2026-07-30,2026-07-30,CM,BSE,STK,544750,INE25E901019,OMPOWER,B,,,,,OM POWER TRANSMISSION LIMITED,164.00,164.50,158.45,159.45,160.00,164.00,,159.17,,,9343,1515673.00,236,F1,1,,,,,
2026-07-30,2026-07-30,CM,BSE,STK,544752,INE19RO25039,PSCELESTIA,IF,,,,,PropShare Celestia,1006600.00,1006600.00,1006600.00,1006600.00,1006600.00,1006600.00,,1006600.00,,,1,1006600.00,1,F1,1,,,,,
2026-07-30,2026-07-30,CM,BSE,STK,544753,INE2Q7823014,CITIUSINVT,IF,,,,,Citius TransNet Investment Tru,109.85,110.03,109.12,109.45,109.45,109.85,,109.48,,,648,71176.00,26,F1,1,,,,,
2026-07-30,2026-07-30,CM,BSE,STK,544754,INE12F801023,KISSHT,B,,,,,OnEMI Technology Solutions Lim,346.80,346.80,309.40,317.25,319.00,343.20,,317.55,,,794347,258112428.00,8473,F1,1,,,,,
2026-07-30,2026-07-30,CM,BSE,STK,544755,INE2B6701015,RECODE,M,,,,,RECODE STUDIOS LIMITED,226.00,228.55,222.50,224.00,224.00,224.75,,224.00,,,40000,8973920.00,49,F1,800,,,,,
2026-07-30,2026-07-30,CM,BSE,STK,544756,INE368U01029,UNITEDPOLY,T,,,,,United Polyfab Gujarat Limited,30.49,31.14,29.67,31.14,31.14,29.67,,29.80,,,146,4404.00,11,F1,1,,,,,
2026-07-30,2026-07-30,CM,BSE,STK,544758,INE2OVN25015,BAGMANE,IF,,,,,Bagmane Prime Office REIT,105.15,105.15,104.50,104.79,104.79,104.93,,104.84,,,8489,890617.00,621,F1,1,,,,,
2026-07-30,2026-07-30,CM,BSE,STK,544759,INE1CLW01015,GLPL,M,,,,,GOLDLINE PHARMACEUTICAL LIMITE,37.66,40.42,37.66,40.11,40.40,37.66,,40.11,,,66000,2591550.00,16,F1,3000,,,,,
2026-07-30,2026-07-30,CM,BSE,STK,544760,INF740KA1ZA4,FMCGADD,B,,,,,DSP Nifty FMCG ETF,49.86,49.86,49.48,49.48,49.48,49.49,,49.89,,,210,10394.00,4,F1,1,,,,,
2026-07-30,2026-07-30,CM,BSE,STK,544761,INF754K01XF3,ENEXT50,B,,,,,Edelweiss Mutual Fund,72.50,72.50,71.88,71.88,71.88,71.81,,72.16,,,8,575.00,2,F1,1,,,,,
2026-07-30,2026-07-30,CM,BSE,STK,544762,INF200KB1AX1,SBIVALETF,B,,,,,SBI Mutual Fund,14.93,14.93,14.93,14.93,14.93,14.95,,14.92,,,1,14.00,1,F1,1,,,,,
2026-07-30,2026-07-30,CM,BSE,STK,544763,INF200KB1AY9,SBISMLETF,B,,,,,SBI Mutual Fund,18.10,18.10,17.79,17.93,17.88,18.04,,17.91,,,2939,52609.00,21,F1,1,,,,,
2026-07-30,2026-07-30,CM,BSE,STK,544764,INE0JYY01029,MWL,B,,,,,Mangalam Worldwide Limited,36.00,36.00,34.80,35.70,35.70,35.50,,35.80,,,10571,374744.00,38,F1,1,,,,,
2026-07-30,2026-07-30,CM,BSE,STK,544765,INE1L3801017,VPAL,M,,,,,Vegorama Punjabi Angithi Limit,165.00,172.00,161.95,168.00,168.00,168.05,,168.00,,,38400,6428640.00,24,F1,1600,,,,,
2026-07-30,2026-07-30,CM,BSE,STK,544766,INF579M01BP5,MSCI360,B,,,,,360 ONE Mutual Fund,10.11,11.00,10.10,10.43,10.30,10.18,,10.19,,,321,3248.00,10,F1,1,,,,,
2026-07-30,2026-07-30,CM,BSE,STK,544767,INE18HI01019,AFLTD,M,,,,,Autofurnish Limited,59.00,59.00,59.00,59.00,59.00,58.00,,59.00,,,6000,354000.00,2,F1,3000,,,,,
2026-07-30,2026-07-30,CM,BSE,STK,544768,INE0YD301010,MANIVENI,M,,,,,M.R.MANIVENI FOODS LIMITED,30.00,30.00,30.00,30.00,30.00,31.83,,30.00,,,2000,60000.00,1,F1,2000,,,,,
2026-07-30,2026-07-30,CM,BSE,STK,544769,INE1UYW01010,HARIKANTA,M,,,,,HARIKANTA OVERSEAS LIMITED,79.50,79.50,73.00,73.89,73.00,78.95,,73.89,,,24000,1812816.00,19,F1,1200,,,,,
2026-07-30,2026-07-30,CM,BSE,STK,544770,INE1T6L01010,YAASHVI,M,,,,,YAASHVI JEWELLERS LIMITED,73.00,74.70,72.00,73.60,73.85,72.35,,73.60,,,80000,5864560.00,34,F1,1600,,,,,
2026-07-30,2026-07-30,CM,BSE,STK,544771,INE1GM501015,RFIL,M,,,,,Rajnandini Fashion India Limit,34.03,34.50,34.03,34.50,34.50,34.60,,34.50,,,4000,137060.00,2,F1,2000,,,,,
2026-07-30,2026-07-30,CM,BSE,STK,544772,INE1KVL01010,AUREATE,M,,,,,AUREATE TRADDE LIMITED,31.50,31.50,31.50,31.50,31.50,32.65,,31.50,,,2000,63000.00,1,F1,2000,,,,,
2026-07-30,2026-07-30,CM,BSE,STK,544773,INE1RQS01010,MRTX,M,,,,,Merritronix Limited,350.30,354.05,342.95,344.30,344.30,350.30,,344.30,,,65000,22554000.00,61,F1,1000,,,,,
2026-07-30,2026-07-30,CM,BSE,STK,544774,INE11XK01017,SMR,M,,,,,SMR Jewels Limited,88.45,88.45,88.40,88.40,88.40,87.20,,88.40,,,2000,176850.00,2,F1,1000,,,,,
2026-07-30,2026-07-30,CM,BSE,STK,544777,INE00WV01027,CMRGREEN,B,,,,,CMR Green Technologies Limited,215.05,217.80,213.00,214.10,214.10,215.05,,213.90,,,30690,6597125.00,980,F1,1,,,,,
2026-07-30,2026-07-30,CM,BSE,STK,544778,INE0H3U01013,VAHH,M,,,,,Vahh Chemicals Limited,48.34,48.34,47.00,48.00,48.00,48.34,,48.00,,,8000,380880.00,4,F1,2000,,,,,
2026-07-30,2026-07-30,CM,BSE,STK,544779,INE0YZ901011,UHMVL,M,,,,,UHM Vacation Limited,34.87,34.98,33.11,33.13,33.15,34.54,,33.13,,,20000,676664.00,23,F1,800,,,,,
2026-07-30,2026-07-30,CM,BSE,STK,544780,INE1CDF01017,VAML,B,,,,,Vedanta Aluminium Metal Limite,439.95,463.55,433.10,456.35,456.35,439.75,,457.00,,,1391097,622415446.00,22502,F1,1,,,,,
2026-07-30,2026-07-30,CM,BSE,STK,544781,INE694L01019,VEDPOWER,B,,,,,Vedanta Power Limited,34.20,35.03,33.67,33.83,33.83,35.31,,33.82,,,1797021,61395835.00,6320,F1,1,,,,,
2026-07-30,2026-07-30,CM,BSE,STK,544782,INE704J01044,VOGL,B,,,,,Vedanta Oil and Gas Limited,35.15,35.75,33.20,33.65,33.65,35.16,,33.64,,,7485205,254835062.00,17226,F1,1,,,,,
2026-07-30,2026-07-30,CM,BSE,STK,544783,INE255Z01027,E2E,B,,,,,E2E Networks Limited,492.20,499.00,474.00,492.70,492.70,491.95,,492.55,,,275178,134465092.00,5928,F1,1,,,,,
2026-07-30,2026-07-30,CM,BSE,STK,544784,INE1CLE01013,VISL,B,,,,,Vedanta Iron and Steel Limited,31.71,31.71,30.10,30.75,30.75,30.80,,30.75,,,4325611,133261757.00,11109,F1,1,,,,,
2026-07-30,2026-07-30,CM,BSE,STK,544785,INE0JUI01012,HEXAGON,T,,,,,Hexagon Nutrition Limited,61.17,63.50,59.30,62.02,63.45,62.42,,62.56,,,121236,7353625.00,583,F1,1,,,,,
2026-07-30,2026-07-30,CM,BSE,STK,544786,INE155D01018,SELECTRIC,B,,,,,Schneider Electric President S,2237.90,2290.00,2175.00,2227.15,2245.00,2237.90,,2227.15,,,3666,8246497.00,264,F1,1,,,,,
2026-07-30,2026-07-30,CM,BSE,STK,544793,INE2L0V01019,SUSAN,M,,,,,Susan Electricals India Limite,219.10,219.10,213.00,214.70,215.50,218.80,,214.70,,,109000,23435450.00,99,F1,1000,,,,,
2026-07-30,2026-07-30,CM,BSE,STK,544794,INE1SEO01013,HORIZON,M,,,,,HORIZON RECLAIM (INDIA) LIMITE,140.00,140.00,136.55,138.40,140.00,139.85,,138.40,,,54000,7485780.00,29,F1,1200,,,,,
2026-07-30,2026-07-30,CM,BSE,STK,544795,INF109K1A476,SMALLIETF,B,,,,,ICICI Prudential Mutual Fund,17.99,17.99,17.89,17.89,17.89,18.03,,17.84,,,1999,35838.00,17,F1,1,,,,,
2026-07-30,2026-07-30,CM,BSE,STK,544796,INE0TKX01011,LIOTECH,M,,,,,LIOTECH INDUSTRIES LIMITED,97.95,97.95,97.95,97.95,97.95,93.30,,97.95,,,3200,313440.00,8,F1,400,,,,,
2026-07-30,2026-07-30,CM,BSE,STK,544797,INE0X6O01027,LESL,M,,,,,LEAPFROG ENGINEERING SERVICES,22.10,22.10,22.00,22.00,22.00,22.00,,22.00,,,414000,9127860.00,20,F1,6000,,,,,
2026-07-30,2026-07-30,CM,BSE,STK,544798,INE1OSI01014,DIKSHA,M,,,,,DIKSHA POLYMERS LIMITED,121.50,124.00,120.00,123.50,124.00,120.00,,123.50,,,4800,586200.00,4,F1,1200,,,,,
2026-07-30,2026-07-30,CM,BSE,STK,544799,INE0OC301013,TURTLEMINT,B,,,,,Turtlemint Fintech Solutions L,115.90,120.10,115.25,115.65,115.25,117.75,,115.71,,,59702,6986056.00,934,F1,1,,,,,
2026-07-30,2026-07-30,CM,BSE,STK,544800,INE1O7201010,ANUBHAV,M,,,,,ANUBHAV PLAST LIMITED,51.00,51.00,50.00,50.00,50.00,50.00,,50.00,,,3200,161600.00,2,F1,1600,,,,,
2026-07-30,2026-07-30,CM,BSE,STK,544802,INE0LZF01013,CORDELIA,B,,,,,Waterways Leisure Tourism Limi,800.90,804.45,784.00,786.90,784.00,807.75,,787.10,,,21735,17202363.00,1046,F1,1,,,,,
2026-07-30,2026-07-30,CM,BSE,STK,544803,INE1SJO01012,RAMBHAJO,B,,,,,Advit Jewels Limited,181.95,186.40,176.50,178.40,177.70,185.85,,177.99,,,26819,4826345.00,449,F1,1,,,,,
2026-07-30,2026-07-30,CM,BSE,STK,544804,INE0KYI01012,RIYAASAT,M,,,,,Riyaasat Lifestyle Limited,60.00,60.00,60.00,60.00,60.00,60.00,,60.00,,,1200,72000.00,1,F1,1200,,,,,
2026-07-30,2026-07-30,CM,BSE,STK,544805,INE0V3T01017,JIVIAL,M,,,,,Jivial Industries Limited,83.00,83.00,79.00,79.00,79.00,83.00,,79.00,,,33600,2782980.00,8,F1,600,,,,,
2026-07-30,2026-07-30,CM,BSE,STK,544806,INE0ZK601013,CSM,B,,,,,CSM TECHNOLOGIES LIMITED,98.50,101.15,95.05,100.05,100.05,96.35,,100.18,,,51428,5026983.00,668,F1,1,,,,,
2026-07-30,2026-07-30,CM,BSE,STK,544808,INE2FMX01012,AASTHA,B,,,,,AASTHA SPINTEX LIMITED,77.50,77.55,75.45,76.70,76.70,76.05,,76.62,,,72066,5516250.00,651,F1,1,,,,,
2026-07-30,2026-07-30,CM,BSE,STK,544809,INE1SME01017,ADON,M,,,,,ADON AGRO COMMODITIES LIMITED,81.50,84.50,81.50,84.50,84.50,81.50,,84.50,,,180000,14896320.00,32,F1,2000,,,,,
2026-07-30,2026-07-30,CM,BSE,STK,544810,INE147701010,SILL,M,,,,,Sampark India Logistics Limite,91.00,91.00,91.00,91.00,91.00,93.33,,91.00,,,1600,145600.00,1,F1,1600,,,,,
2026-07-30,2026-07-30,CM,BSE,STK,544811,INE1L0M01019,KRATIKAL,M,,,,,KRATIKAL TECH LIMITED,165.00,165.00,159.25,160.10,160.85,165.40,,160.10,,,53000,8551300.00,47,F1,1000,,,,,
2026-07-30,2026-07-30,CM,BSE,STK,544812,INE226801012,ATHARVA,M,,,,,Atharva Poly-Plast Limited,77.80,78.50,75.70,77.29,76.10,77.80,,77.29,,,36000,2784240.00,16,F1,2000,,,,,
2026-07-30,2026-07-30,CM,BSE,STK,544813,INE1EVO01017,SEEMAX,M,,,,,Seemax Resources Limited,60.95,60.95,60.95,60.95,60.95,58.05,,60.95,,,6000,365700.00,4,F1,1000,,,,,
2026-07-30,2026-07-30,CM,BSE,STK,544814,INE17QZ01016,KNACK,B,,,,,KNACK PACKAGING LIMITED,184.80,191.95,184.80,190.85,190.85,190.15,,190.74,,,125722,23844393.00,1069,F1,1,,,,,
2026-07-30,2026-07-30,CM,BSE,STK,544821,INE0ISX01025,KUSUMGAR,B,,,,,Kusumgar Limited,590.00,592.90,568.00,570.95,570.95,591.70,,570.25,,,28439,16439591.00,961,F1,1,,,,,
2026-07-30,2026-07-30,CM,BSE,STK,544822,INE17IR01028,LASERPOWER,B,,,,,Laser Power & Infra Limited,311.95,311.95,295.10,301.25,302.00,306.50,,300.47,,,192090,57844292.00,2703,F1,1,,,,,
2026-07-30,2026-07-30,CM,BSE,STK,544823,INE2KRP01017,DEVSON,M,,,,,DEVSON CATALYST LIMITED,206.00,215.00,200.00,209.70,209.70,204.20,,209.70,,,356400,74094360.00,259,F1,1200,,,,,
2026-07-30,2026-07-30,CM,BSE,STK,544825,INE1JCQ01037,ALPINETEX,T,,,,,ALPINE TEXWORLD LIMITED,69.80,71.65,69.80,69.80,69.80,73.45,,69.71,,,181501,12689811.00,1497,F1,1,,,,,
2026-07-30,2026-07-30,CM,BSE,STK,544826,INE1SRC01010,MILLWORKS,MT,,,,,MILLWORKS TECHNOLOGIES LIMITED,744.00,746.85,722.00,734.65,734.00,747.75,,734.65,,,55200,40552680.00,113,F1,400,,,,,
2026-07-30,2026-07-30,CM,BSE,STK,544827,INF0QA701CI0,BANK10BETF,B,,,,,Bajaj Finserv Mutual Fund,21.37,21.90,20.79,20.79,20.79,20.85,,21.03,,,37,777.00,7,F1,1,,,,,
2026-07-30,2026-07-30,CM,BSE,STK,544829,INE640G01020,SBIFUNDS,A,,,,,SBI Funds Management Limited,576.15,579.85,565.00,570.45,570.45,576.15,,570.20,,,537227,306336855.00,22187,F1,1,,,,,
2026-07-30,2026-07-30,CM,BSE,STK,544830,INF769K01RC0,MOMMIDCAP,B,,,,,Mirae Asset Mutual Fund,12.55,12.55,12.42,12.46,12.49,12.55,,12.45,,,110430,1378111.00,86,F1,1,,,,,
2026-07-30,2026-07-30,CM,BSE,STK,544831,INE208H01016,MEEIND,T,,,,,MEENAKSHI INDIA LIMITED,326.42,326.42,326.42,326.42,326.42,310.88,,326.42,,,1130,368854.00,6,F1,1,,,,,
2026-07-30,2026-07-30,CM,BSE,STK,544832,INE12Z301012,SOTEFIN,MT,,,,,Sotefin Bharat Limited,209.00,209.75,200.00,208.60,209.50,208.00,,208.60,,,43200,8866470.00,55,F1,600,,,,,
2026-07-30,2026-07-30,CM,BSE,STK,544833,INE11XY01018,CMLL,B,,,,,CALIBER MINING AND LOGISTICS L,560.95,560.95,520.50,531.25,531.25,561.20,,529.55,,,194802,104575260.00,4049,F1,1,,,,,
2026-07-30,2026-07-30,CM,BSE,STK,544834,INE1WDC01012,GULFLLOYDS,MT,,,,,GULF LLOYDS (INDIA) LIMITED,81.46,81.46,81.46,81.46,81.46,85.74,,81.46,,,3600,293256.00,2,F1,1200,,,,,
2026-07-30,2026-07-30,CM,BSE,STK,544835,INE1N3Y01016,MALA,MT,,,,,Shree Balaji (Mala) Textiles L,120.04,120.04,120.04,120.04,120.04,126.35,,120.04,,,10000,1200400.00,5,F1,2000,,,,,
2026-07-30,2026-07-30,CM,BSE,STK,544837,INE084101034,INDOMIM,B,,,,,INDO-MIM Limited,703.00,757.50,701.00,741.80,741.80,0.00,,741.75,,,9737807,6934561295.00,346452,F1,1,,,,,
2026-07-30,2026-07-30,CM,BSE,STK,544838,INE0NG701011,XTRANET,T,,,,,XTRANET TECHNOLOGIES LIMITED,130.10,136.60,123.60,124.80,124.80,0.00,,124.95,,,799944,101350018.00,8985,F1,1,,,,,
2026-07-30,2026-07-30,CM,BSE,STK,544839,INE0QJW01029,LCL,B,,,,,Lohia Corp Limited,460.00,508.50,460.00,494.65,494.65,0.00,,494.60,,,1538359,745093093.00,48659,F1,1,,,,,
2026-07-30,2026-07-30,CM,BSE,STK,555555,INF346A01034,SENSEXIETF,A,,,,,ICICI Prudential BSE Sensex ET,891.09,895.37,890.01,895.37,895.37,892.98,,893.86,,,2462,2199056.00,39,F1,1,,,,,
2026-07-30,2026-07-30,CM,BSE,STK,570002,IN9623B01058,FELDVR,Z,,,,,Future Enterprises Limited,2.49,2.65,2.42,2.49,2.49,2.54,,2.31,,,3702,8961.00,11,F1,1,,,,,
2026-07-30,2026-07-30,CM,BSE,STK,570004,IN9175A01010,JISLDVREQS,B,,,,,JAIN IRRIGATION SYSTEMS LTD.,21.88,22.00,21.48,21.52,21.52,21.98,,21.61,,,11642,250749.00,19,F1,1,,,,,
2026-07-30,2026-07-30,CM,BSE,STK,570005,INE224E01036,GATECHDVR,B,,,,,GACM Technologies Limited - DV,0.45,0.54,0.43,0.49,0.49,0.45,,0.49,,,4516193,2292216.00,247,F1,1,,,,,
2026-07-30,2026-07-30,CM,BSE,STK,590003,INE036D01028,KARURVYSYA,B,,,,,KARUR VYSYA BANK LTD.,340.85,344.60,339.00,340.65,340.65,339.80,,340.30,,,143749,49045626.00,3824,F1,1,,,,,
2026-07-30,2026-07-30,CM,BSE,STK,590005,INE484C01030,VEEDOL,B,,,,,VEEDOL CORPORATION LIMITED,1383.95,1391.35,1372.25,1380.55,1375.70,1383.70,,1378.40,,,1043,1444232.00,127,F1,1,,,,,
2026-07-30,2026-07-30,CM,BSE,STK,590006,INE098F01031,AMRUTANJAN,B,,,,,AMRUTANJAN HEALTH CARE LTD.,519.20,519.20,513.75,518.30,518.60,516.80,,516.05,,,785,405054.00,121,F1,1,,,,,
2026-07-30,2026-07-30,CM,BSE,STK,590013,INE445C01015,XPROINDIA,B,,,,,XPRO INDIA LTD.,1339.30,1400.00,1339.30,1394.00,1394.00,1369.05,,1394.50,,,2716,3779026.00,150,F1,1,,,,,
2026-07-30,2026-07-30,CM,BSE,STK,590021,INE838B01021,BHARATRAS,B,,,,,BHARAT RASAYAN LTD.,1277.00,1283.20,1262.00,1268.80,1268.80,1279.00,,1267.30,,,600,763838.00,105,F1,1,,,,,
2026-07-30,2026-07-30,CM,BSE,STK,590024,INE188A01015,FACT,B,,,,,FERTILIZERS & CHEMICALS TRAVAN,819.95,824.00,812.00,815.80,812.00,825.55,,815.45,,,3895,3190413.00,193,F1,1,,,,,
2026-07-30,2026-07-30,CM,BSE,STK,590025,INE424C01010,GINNIFILA,T,,,,,GINNI FILAMENTS LTD.,45.75,45.79,44.20,45.73,45.73,45.77,,45.14,,,3051,137681.00,27,F1,1,,,,,
2026-07-30,2026-07-30,CM,BSE,STK,590030,INE147A01011,SPIC,B,,,,,SOUTHERN PETROCHEMICALS LTD.,66.74,66.74,66.00,66.44,66.44,66.85,,66.37,,,13471,893552.00,221,F1,1,,,,,
2026-07-30,2026-07-30,CM,BSE,STK,590031,INE244A01016,DENORA,B,,,,,DE NORA INDIA LTD.,865.85,870.50,855.05,863.85,856.60,865.90,,863.30,,,287,247888.00,99,F1,1,,,,,
2026-07-30,2026-07-30,CM,BSE,STK,590041,INE641C01019,KAVDEFENCE,B,,,,,Kavveri Defence &amp; Wireless,57.32,57.50,55.52,56.42,56.15,56.57,,56.05,,,4171,234573.00,141,F1,1,,,,,
2026-07-30,2026-07-30,CM,BSE,STK,590051,INE667G01023,SAKSOFT,B,,,,,SAKSOFT LTD.,170.05,171.75,165.50,167.30,167.65,169.55,,167.34,,,51847,8716828.00,682,F1,1,,,,,
2026-07-30,2026-07-30,CM,BSE,STK,590056,INE498E01010,SALONA,B,,,,,SALONA COTSPIN LTD.,246.60,246.60,226.00,235.55,226.00,252.00,,241.80,,,10,2355.00,6,F1,1,,,,,
2026-07-30,2026-07-30,CM,BSE,STK,590057,INE217G01035,EQUIPPP,T,,,,,EQUIPPP SOCIAL IMPACT TECHNOLO,23.55,23.55,23.18,23.18,23.18,24.40,,22.61,,,30625,710014.00,30,F1,1,,,,,
2026-07-30,2026-07-30,CM,BSE,STK,590062,INE715B01021,ANDHRSUGAR,B,,,,,ANDHRA SUGARS LTD.,83.60,83.60,82.12,82.27,82.25,83.98,,82.29,,,13035,1079987.00,373,F1,1,,,,,
2026-07-30,2026-07-30,CM,BSE,STK,590065,INE547E01014,IMPAL,B,,,,,INDIA MOTOR PARTS & ACCESSORIE,1095.50,1096.10,1056.65,1076.10,1075.00,1095.15,,1085.00,,,208,223238.00,59,F1,1,,,,,
2026-07-30,2026-07-30,CM,BSE,STK,590066,INE805C01028,KCP,B,,,,,K.C.P.LTD.,162.90,164.00,161.30,162.55,162.70,162.05,,161.79,,,3787,615095.00,71,F1,1,,,,,
2026-07-30,2026-07-30,CM,BSE,STK,590068,INE731C01018,KHAITANLTD,T,,,,,KHAITAN (INDIA) LTD.,133.00,134.50,133.00,134.40,134.40,128.10,,126.46,,,255,34222.00,9,F1,1,,,,,
2026-07-30,2026-07-30,CM,BSE,STK,590070,INE874F01027,RADAAN,B,,,,,RADAAN MEDIAWORKS (I) LTD.,3.48,3.48,3.22,3.23,3.23,3.31,,3.24,,,2455,8465.00,15,F1,1,,,,,
2026-07-30,2026-07-30,CM,BSE,STK,590071,INE660A01013,SUNDARMFIN,B,,,,,SUNDARAM FINANCE LTD.,4432.75,4507.30,4432.00,4489.35,4492.40,4483.45,,4490.90,,,1359,6069755.00,317,F1,1,,,,,
2026-07-30,2026-07-30,CM,BSE,STK,590072,INE073D01013,SUNDRMBRAK,T,,,,,SUNDARAM BRAKE LININGS LTD.,780.00,780.00,775.10,775.10,775.10,780.10,,780.00,,,50,38877.00,2,F1,1,,,,,
2026-07-30,2026-07-30,CM,BSE,STK,590073,INE715A01015,WHEELS,B,,,,,WHEELS INDIA LTD.,1424.70,1471.70,1405.65,1411.70,1415.40,1435.20,,1411.70,,,71792,102786999.00,649,F1,1,,,,,
2026-07-30,2026-07-30,CM,BSE,STK,590075,INE112F01022,LAMBODHARA,B,,,,,LAMBODHARA TEXTILES LTD.,110.70,113.80,110.70,113.30,113.80,112.35,,112.49,,,870,96411.00,9,F1,1,,,,,
2026-07-30,2026-07-30,CM,BSE,STK,590078,INE683C01011,MAITHANALL,B,,,,,MAITHAN ALLOYS LTD.,977.40,977.40,961.00,962.80,961.00,981.05,,963.20,,,1248,1202649.00,147,F1,1,,,,,
2026-07-30,2026-07-30,CM,BSE,STK,590086,INE725E01024,ORISSAMINE,B,,,,,ORISSA MINERALS DEVELOPMENT CO,4000.00,4160.00,3999.95,4071.45,4071.45,4027.75,,4084.00,,,1204,4912152.00,359,F1,1,,,,,
2026-07-30,2026-07-30,CM,BSE,STK,590095,INF204KB17I5,GOLDBEES,E,,,,,NIPPON INDIA ETF GOLD BEES,114.50,119.78,114.50,117.38,117.38,116.86,,117.37,,,842736,98736954.00,6998,F1,1,,,,,
2026-07-30,2026-07-30,CM,BSE,STK,590096,INF732E01037,LIQUIDBEES,F,,,,,NIPPON INDIA ETF LIQUID BEES,1000.00,1000.01,999.99,1000.00,999.99,1000.00,,999.99,,,193443,193442903.00,589,F1,1,,,,,
2026-07-30,2026-07-30,CM,BSE,STK,590097,INF174KA1HJ8,GOLD1,E,,,,,KOTAK MAHINDRA MUTUAL FUND - K,117.62,118.54,117.62,118.37,118.30,117.93,,118.39,,,47622,5624938.00,826,F1,1,,,,,
2026-07-30,2026-07-30,CM,BSE,STK,590098,INF200KA16D8,SETFGOLD,E,,,,,SBI MUTUAL FUND - SBI GOLD EXC,117.52,121.25,117.52,121.13,121.23,120.54,,121.13,,,65563,7921591.00,1389,F1,1,,,,,
2026-07-30,2026-07-30,CM,BSE,STK,590099,INF082J01408,QGOLDHALF,E,,,,,QUANTUM GOLD FUND - EXCHANGE T,117.10,117.85,117.10,117.74,117.80,117.06,,118.12,,,4520,530921.00,277,F1,1,,,,,
2026-07-30,2026-07-30,CM,BSE,STK,590101,INF789F1AUX7,GOLDBETA,E,,,,,UTI MUTUAL FUND - UTI GOLD EXC,115.90,119.59,115.90,119.48,119.57,118.88,,119.45,,,17259,2054939.00,1147,F1,1,,,,,
2026-07-30,2026-07-30,CM,BSE,STK,590103,INF204KB14I2,NIFTYBEES,B,,,,,NIPPON INDIA ETF NIFTY BEES,282.58,282.58,274.00,276.57,276.57,275.69,,276.49,,,199387,55058716.00,1665,F1,1,,,,,
2026-07-30,2026-07-30,CM,BSE,STK,590104,INF732E01045,JUNIORBEES,B,,,,,NIPPON INDIA ETF JUNIOR BEES,785.98,785.98,781.22,784.57,783.62,783.10,,784.35,,,12271,9611186.00,392,F1,1,,,,,
2026-07-30,2026-07-30,CM,BSE,STK,590106,INF204KB15I9,BANKBEES,B,,,,,NIPPON INDIA ETF BANK BEES,591.00,591.97,587.61,591.33,591.50,591.53,,591.09,,,25824,15231555.00,631,F1,1,,,,,
2026-07-30,2026-07-30,CM,BSE,STK,590107,INF174KA1A86,PSUBANK,B,,,,,KOTAK MAHINDRA MUTUAL FUND - K,82.56,83.61,82.56,83.26,83.61,83.26,,83.30,,,7563,627987.00,66,F1,1,,,,,
2026-07-30,2026-07-30,CM,BSE,STK,590108,INF204KB16I7,PSUBNKBEES,B,,,,,NIPPON INDIA ETF PSU BANK BEES,90.67,93.49,90.67,93.13,93.25,93.00,,93.16,,,62041,5761151.00,444,F1,1,,,,,
2026-07-30,2026-07-30,CM,BSE,STK,590109,INF732E01128,SHARIABEES,B,,,,,NIPPON INDIA ETF SHARIAH BEES,460.88,477.76,460.88,473.96,472.68,472.70,,474.28,,,1758,834950.00,105,F1,1,,,,,
2026-07-30,2026-07-30,CM,BSE,STK,590110,INF082J01499,QNIFTY,B,,,,,Quantum Nifty 50 ETF,267.60,267.60,267.00,267.40,267.40,266.80,,267.54,,,115,30746.00,10,F1,1,,,,,
2026-07-30,2026-07-30,CM,BSE,STK,590113,INF204KB19I1,HNGSNGBEES,E,,,,,NIPPON INDIA ETF HANG SENG BEE,491.19,496.00,491.00,495.34,496.00,490.95,,495.32,,,4608,2276336.00,251,F1,1,,,,,
2026-07-30,2026-07-30,CM,BSE,STK,590115,INF247L01536,MOM50,B,,,,,MOTILAL OSWAL MUTUAL FUND,253.36,254.45,242.05,247.59,247.59,253.52,,251.08,,,107,27089.00,16,F1,1,,,,,
2026-07-30,2026-07-30,CM,BSE,STK,590134,INE414A01015,MADRASFERT,B,,,,,Madras Fertilizer Limited,66.48,66.95,66.17,66.69,66.39,66.54,,66.66,,,1195,79466.00,44,F1,1,,,,,
2026-07-30,2026-07-30,CM,BSE,STK,590136,INF174KA1ZB7,BANKNIFTY1,B,,,,,Kotak Mahindra Mutual Fund - P,59.11,59.46,59.00,59.26,59.45,59.22,,59.31,,,5684,336723.00,103,F1,1,,,,,
2026-07-30,2026-07-30,CM,BSE,STK,590137,INF200KA1580,SETFNIFBK,B,,,,,SBI Mutual Fund-Permitted,586.00,587.49,584.00,586.47,587.49,588.00,,586.02,,,253,148105.00,28,F1,1,,,,,
2026-07-30,2026-07-30,CM,BSE,STK,590138,INF200KA1FS1,SETFNIF50,B,,,,,SBI Mutual Fund-Permitted,253.91,261.95,253.91,260.97,261.58,260.43,,261.26,,,14167,3695771.00,195,F1,1,,,,,
2026-07-30,2026-07-30,CM,BSE,STK,590139,INF174KA1LV5,LIQUID1,B,,,,,Kotak Mahindra Mutual Fund - P,1115.84,1115.84,1115.82,1115.82,1115.84,1115.66,,1115.82,,,773,862537.00,7,F1,1,,,,,
2026-07-30,2026-07-30,CM,BSE,STK,590140,INF277KA1976,TATAGOLD,E,,,,,Tata Mutual Fund - Permitted,13.94,13.94,13.55,13.80,13.80,13.74,,13.79,,,2729518,37591529.00,3294,F1,1,,,,,
2026-07-30,2026-07-30,CM,BSE,STK,590141,INF204KB15V2,ITBEES,B,,,,,Nippon India Mutual Fund - Per,35.39,35.39,34.18,34.62,34.62,34.53,,34.62,,,931699,32619336.00,1339,F1,1,,,,,
2026-07-30,2026-07-30,CM,BSE,STK,590142,INF204KC1089,PHARMABEES,B,,,,,Nippon India Mutual Fund - Per,27.08,27.27,27.06,27.12,27.12,27.08,,27.09,,,186342,5059393.00,998,F1,1,,,,,
2026-07-30,2026-07-30,CM,BSE,STK,590143,INF204KB1882,LTGILTBEES,F,,,,,Nippon India Mutual Fund - Per,29.99,29.99,29.90,29.94,29.98,29.94,,29.96,,,78527,2350686.00,24,F1,1,,,,,
2026-07-30,2026-07-30,CM,BSE,STK,590144,INF204KB1V68,MID150BEES,B,,,,,Nippon India Mutual Fund - Per,232.94,238.89,232.94,238.08,238.00,238.92,,238.00,,,18857,4484816.00,411,F1,1,,,,,
2026-07-30,2026-07-30,CM,BSE,STK,590145,INF204KC1402,SILVERBEES,E,,,,,Nippon India Mutual Fund - Per,206.50,206.97,204.65,206.71,206.71,206.72,,206.63,,,694667,143001007.00,6401,F1,1,,,,,
2026-07-30,2026-07-30,CM,BSE,STK,590146,INF247L01FY4,MOGOLD,E,,,,,Motilal Oswal Mutual Fund-Perm,140.50,141.15,139.25,141.15,141.15,139.15,,140.65,,,828,116432.00,148,F1,1,,,,,
2026-07-30,2026-07-30,CM,BSE,STK,590147,INF247L01FZ1,MOSILVER,E,,,,,Motilal Oswal Mutual Fund-Perm,213.15,216.00,212.40,213.39,213.39,216.41,,214.07,,,501545,107033621.00,57,F1,1,,,,,
2026-07-30,2026-07-30,CM,BSE,STK,590148,INF247L01CH6,MOSMALL250,B,,,,,Motilal Oswal Mutual Fund-Perm,18.10,18.10,17.91,17.95,17.97,18.07,,17.96,,,37135,668190.00,134,F1,1,,,,,
2026-07-30,2026-07-30,CM,BSE,STK,590149,INF247L01EV3,MOCAPITAL,B,,,,,Motilal Oswal Mutual Fund-Perm,54.32,54.32,52.46,52.63,52.71,53.17,,52.65,,,61136,3222805.00,413,F1,1,,,,,
2026-07-30,2026-07-30,CM,BSE,STK,590150,INF247L01CI4,MOREALTY,B,,,,,Motilal Oswal Mutual Fund-Perm,91.63,92.26,89.37,89.90,89.70,91.99,,89.68,,,78891,7129986.00,398,F1,1,,,,,
2026-07-30,2026-07-30,CM,BSE,STK,590151,INF247L01DK8,MOMENTUM50,B,,,,,Motilal Oswal Mutual Fund-Perm,51.26,52.17,51.08,51.82,51.76,51.97,,51.85,,,12196,630484.00,148,F1,1,,,,,
2026-07-30,2026-07-30,CM,BSE,STK,590152,INF247L01DJ0,MODEFENCE,B,,,,,Motilal Oswal Mutual Fund-Perm,101.31,101.31,100.32,100.75,100.81,101.17,,100.73,,,146357,14717399.00,908,F1,1,,,,,
2026-07-30,2026-07-30,CM,BSE,STK,590153,INF247L01BU1,MONIFTY500,B,,,,,Motilal Oswal Mutual Fund-Perm,23.73,23.91,23.73,23.82,23.75,23.87,,23.86,,,22693,540801.00,98,F1,1,,,,,
2026-07-30,2026-07-30,CM,BSE,STK,590154,INF174KA1IA5,ALPHA,B,,,,,Kotak Mahindra Mutual Fund - P,51.24,51.58,51.07,51.47,51.51,51.50,,51.40,,,10796,553382.00,68,F1,1,,,,,
2026-07-30,2026-07-30,CM,BSE,STK,590155,INF666M01OF4,GROWWSLVR,E,,,,,GROWW MUTUAL FUND  PERMITTED,21.12,21.18,20.30,21.11,20.30,21.19,,21.19,,,6558,138453.00,42,F1,1,,,,,
2026-07-30,2026-07-30,CM,BSE,STK,590156,INF666M01OE7,GROWWGOLD,E,,,,,GROWW MUTUAL FUND  PERMITTED,13.70,13.91,13.70,13.90,13.91,13.83,,13.87,,,80057,1107157.00,80,F1,1,,,,,
2026-07-30,2026-07-30,CM,BSE,STK,590157,INF666M01IO8,GROWWDEFNC,B,,,,,GROWW MUTUAL FUND  PERMITTED,92.28,92.28,91.10,91.41,91.42,92.20,,91.34,,,8883,813906.00,158,F1,1,,,,,
2026-07-30,2026-07-30,CM,BSE,STK,590158,INF666M01JJ6,GROWWRAIL,B,,,,,GROWW MUTUAL FUND  PERMITTED,29.22,29.22,28.96,29.05,29.08,29.08,,29.02,,,7260,211090.00,112,F1,1,,,,,
2026-07-30,2026-07-30,CM,BSE,STK,590159,INF666M01IP5,GROWWLIQID,F,,,,,GROWW MUTUAL FUND  PERMITTED,110.11,110.13,110.11,110.12,110.12,110.11,,110.12,,,1925,211981.00,6,F1,1,,,,,
2026-07-30,2026-07-30,CM,BSE,STK,590160,INF277K015R5,NETF,B,,,,,Tata Mutual Fund - Permitted,263.51,264.00,261.80,264.00,264.00,263.51,,263.97,,,74,19497.00,10,F1,1,,,,,
2026-07-30,2026-07-30,CM,BSE,STK,590161,INF277KA1984,TATSILV,E,,,,,Tata Mutual Fund - Permitted,20.48,21.21,20.48,21.01,21.01,21.01,,21.00,,,2069794,43314667.00,3362,F1,1,,,,,
2026-07-30,2026-07-30,CM,BSE,STK,717506,INE494B04019,TVSMNCRPS,F,,,,,TVS Motor Company Ltd.,10.36,10.53,10.36,10.47,10.51,10.38,,10.50,,,1442484,15016432.00,50,F1,1,,,,,
2026-07-30,2026-07-30,CM,BSE,STK,751127,INE514C20018,MINOLT-RE,R,,,,,Minolta Finance Ltd.,0.60,0.60,0.60,0.60,0.60,0.00,,0.60,,,103872,62323.00,21,F1,1,,,,,
2026-07-30,2026-07-30,CM,BSE,STK,800148,IN0020070036,826GS2027,G,,,,,8.26% CENTRAL GOVT 2027,109.60,109.60,109.60,109.60,109.60,104.45,,107.67,,,1,109.00,1,F1,1,,,,,
2026-07-30,2026-07-30,CM,BSE,STK,800318,IN0020200062,SGBAPR28I,G,,,,,Sovereign Gold Bonds 2020-21 S,14166.01,14200.00,14150.00,14180.00,14180.00,14165.00,,14163.47,,,24,340061.00,7,F1,1,,,,,
2026-07-30,2026-07-30,CM,BSE,STK,800319,IN0020200070,579GS2030,G,,,,,579GOI2030,97.00,97.00,97.00,97.00,97.00,95.20,,97.00,,,1,97.00,1,F1,1,,,,,
2026-07-30,2026-07-30,CM,BSE,STK,800320,IN0020200088,SGBMAY28,G,,,,,Sovereign Gold Bonds 2020-21 S,14041.02,14046.00,14041.02,14045.36,14045.04,14052.00,,14073.94,,,6,84259.00,3,F1,1,,,,,
2026-07-30,2026-07-30,CM,BSE,STK,800322,IN0020200104,SGBJUN28,G,,,,,Sovereign Gold Bonds 2020-21 S,14087.09,14090.55,14025.00,14087.58,14085.00,14087.09,,14084.30,,,68,955969.00,16,F1,1,,,,,
2026-07-30,2026-07-30,CM,BSE,STK,800324,IN0020200146,SGBJUL28IV,G,,,,,Sovereign Gold Bond 2020-21 IV,14072.00,14072.00,14072.00,14072.00,14072.00,14060.00,,14074.07,,,11,154792.00,4,F1,1,,,,,
2026-07-30,2026-07-30,CM,BSE,STK,800325,IN0020200161,SGBAUG28V,G,,,,,Sovereign Gold Bonds 2020-21 V,14059.35,14248.00,14059.35,14248.00,14248.00,14129.27,,14254.38,,,34,482588.00,6,F1,1,,,,,
2026-07-30,2026-07-30,CM,BSE,STK,800327,IN0020200195,SGBSEP28VI,G,,,,,Sovereign Gold Bonds 2020-21 S,14140.00,14140.00,14110.00,14126.00,14126.00,14140.00,,14153.50,,,5,70656.00,5,F1,1,,,,,
2026-07-30,2026-07-30,CM,BSE,STK,800328,IN0020200203,SGBOC28VII,G,,,,,Sovereign Gold Bonds 2020-21 S,14075.00,14086.00,14056.12,14056.12,14056.12,14240.00,,14101.15,,,17,239315.00,5,F1,1,,,,,
2026-07-30,2026-07-30,CM,BSE,STK,800331,IN0020200377,SGBJAN29IX,G,,,,,SGB 2020-21 Series IX,14071.00,14129.99,14071.00,14129.99,14129.99,14070.00,,14115.00,,,7,98555.00,2,F1,1,,,,,
2026-07-30,2026-07-30,CM,BSE,STK,800333,IN0020200393,SGBFEB29XI,G,,,,,SGB 2020-21 SERIES XI,14190.60,14398.00,14190.60,14190.60,14190.60,14120.00,,14213.84,,,21,298970.00,11,F1,1,,,,,
2026-07-30,2026-07-30,CM,BSE,STK,800339,IN0020200427,SGBMR29XII,G,,,,,SGB 2020-21 Series XII,14125.00,14125.00,14125.00,14125.00,14125.00,14100.00,,14155.20,,,1,14125.00,1,F1,1,,,,,
2026-07-30,2026-07-30,CM,BSE,STK,800340,IN0020210053,SGBMAY29I,G,,,,,SGB 2021-22 Series I,14115.00,14184.28,14102.44,14113.12,14106.00,14073.50,,14133.82,,,23,324503.00,8,F1,1,,,,,
2026-07-30,2026-07-30,CM,BSE,STK,800341,IN0020210061,SGBJUN29II,G,,,,,SGB 2021-22 Series II,14129.99,14148.00,14129.99,14148.00,14148.00,14064.00,,14133.00,,,4,56555.00,2,F1,1,,,,,
2026-07-30,2026-07-30,CM,BSE,STK,800342,IN0020210087,SGBJU29III,G,,,,,Sovereign Gold Bonds 2021-22,14124.99,14148.00,14124.99,14140.33,14148.00,14154.99,,14161.28,,,3,42420.00,2,F1,1,,,,,
2026-07-30,2026-07-30,CM,BSE,STK,800367,IN0020210111,SGBJUL29IV,G,,,,,Sovereign Gold Bond Series IV,14122.88,14122.88,14111.00,14111.00,14111.00,14160.00,,14109.60,,,2,28233.00,2,F1,1,,,,,
2026-07-30,2026-07-30,CM,BSE,STK,800385,IN0020210129,SGBAUG29V,G,,,,,Sovereign Gold Bonds 2021-22 S,14171.01,14220.01,14171.00,14180.00,14180.00,14279.50,,14194.29,,,67,950049.00,23,F1,1,,,,,
2026-07-30,2026-07-30,CM,BSE,STK,800386,IN0020210145,SGBSEP29VI,G,,,,,Sovereign Gold Bonds 2021-22 S,14200.00,14200.00,14199.99,14200.00,14199.99,14141.80,,14188.64,,,4,56799.00,3,F1,1,,,,,
2026-07-30,2026-07-30,CM,BSE,STK,800428,IN000629C054,GS15JUN29C,G,,,,,GS15JUN29C,78.00,78.00,78.00,78.00,78.00,78.00,,78.00,,,50,3900.00,1,F1,1,,,,,
2026-07-30,2026-07-30,CM,BSE,STK,800434,IN0020210178,SGBNV29VII,G,,,,,Sovereign Gold Bonds 2021-22 S,14105.00,14105.00,14101.02,14101.02,14101.02,14075.00,,14125.00,,,4,56412.00,2,F1,1,,,,,
2026-07-30,2026-07-30,CM,BSE,STK,800437,IN0020210228,SGBD29VIII,G,,,,,Sovereign Gold Bonds 2021-22 S,14032.83,14324.00,14032.83,14200.00,14200.00,14103.38,,14180.80,,,24,341812.00,9,F1,1,,,,,
2026-07-30,2026-07-30,CM,BSE,STK,800441,IN0020220029,754GS2036,G,,,,,754GOI2036,106.60,106.70,106.60,106.70,106.70,106.70,,106.65,,,18000,1918890.00,6,F1,1,,,,,
2026-07-30,2026-07-30,CM,BSE,STK,800442,IN0020220037,738GS2027,G,,,,,738GOI2027,102.25,102.25,102.25,102.25,102.25,101.70,,102.08,,,1,102.00,1,F1,1,,,,,
2026-07-30,2026-07-30,CM,BSE,STK,800488,IN0020220078,SGBAUG30,G,,,,,Sovereign Gold Bonds 2022-23 S,14247.09,14300.00,14247.09,14280.00,14280.00,14247.09,,14290.00,,,23,328212.00,8,F1,1,,,,,
2026-07-30,2026-07-30,CM,BSE,STK,800517,IN000958C024,GS19SEP2058,G,,,,,GS19SEP2058,22.00,22.00,22.00,22.00,22.00,23.00,,22.00,,,53,1166.00,4,F1,1,,,,,
2026-07-30,2026-07-30,CM,BSE,STK,800573,IN0020220110,SGBDE30III,G,,,,,Soverign Gold Bond 2022-23 Sr,14648.99,14649.00,14301.00,14391.95,14412.98,14305.01,,14394.71,,,77,1107932.00,23,F1,1,,,,,
2026-07-30,2026-07-30,CM,BSE,STK,800588,IN0020230044,725GS2063,G,,,,,725GOI2063,97.49,97.90,97.49,97.71,97.90,97.34,,97.88,,,7000,683980.00,9,F1,1,,,,,
2026-07-30,2026-07-30,CM,BSE,STK,800596,IN0020230093,SGBSEP31II,G,,,,,Sovereign Gold Bonds 2023-24 S,14429.01,14501.16,14411.10,14416.89,14416.00,14429.99,,14420.18,,,235,3390896.00,53,F1,1,,,,,
2026-07-30,2026-07-30,CM,BSE,STK,800597,IN0020230127,746GS2073,G,,,,,746GOI2073,100.05,100.05,100.05,100.05,100.05,100.50,,103.00,,,2400,240120.00,1,F1,1,,,,,
2026-07-30,2026-07-30,CM,BSE,STK,800603,IN0020230168,SGBDE31III,G,,,,,Sovereign Gold Bonds 2023-24 S,14450.00,14500.00,14450.00,14453.63,14450.00,14444.80,,14463.43,,,241,3486465.00,65,F1,1,,,,,
2026-07-30,2026-07-30,CM,BSE,STK,800605,IN0020230184,SGBFEB32IV,G,,,,,Sovereign Gold Bonds 2023-24 S,14550.00,14613.97,14522.01,14556.00,14556.00,14540.04,,14548.05,,,24,349704.00,14,F1,1,,,,,
2026-07-30,2026-07-30,CM,BSE,STK,800607,IN0020240035,734GS2064,G,,,,,734GOI2064,99.00,99.80,99.00,99.55,99.55,99.80,,99.54,,,35172,3498945.00,13,F1,1,,,,,
2026-07-30,2026-07-30,CM,BSE,STK,800645,IN000439P019,723GS39P,G,,,,,723GS39P,37.37,37.37,37.36,37.36,37.36,37.66,,37.36,,,1000000,37361000.00,4,F1,1,,,,,
2026-07-30,2026-07-30,CM,BSE,STK,800697,IN001038C032,GS22OCT38,G,,,,,GS22OCT38,39.00,39.00,39.00,39.00,39.00,38.38,,39.00,,,598380,23336820.00,1,F1,1,,,,,
2026-07-30,2026-07-30,CM,BSE,STK,800807,IN0020240142,709GOI74,G,,,,,709GOI74,95.49,95.50,95.49,95.50,95.50,95.13,,95.44,,,6281,599825.00,2,F1,1,,,,,
2026-07-30,2026-07-30,CM,BSE,STK,800808,IN0020250018,690GOI65,G,,,,,690GOI65,93.50,93.94,93.50,93.60,93.60,94.15,,93.92,,,3681,344488.00,4,F1,1,,,,,
2026-07-30,2026-07-30,CM,BSE,STK,800809,IN0020250075,724GOI55,G,,,,,724GOI55,100.50,100.80,100.50,100.80,100.80,100.50,,100.80,,,101,10150.00,3,F1,1,,,,,
2026-07-30,2026-07-30,CM,BSE,STK,800815,IN0020250117,743GOI2076,G,,,,,743GOI2076,99.65,101.65,99.65,101.55,101.55,99.75,,99.62,,,1003,99954.00,3,F1,1,,,,,
2026-07-30,2026-07-30,CM,BSE,STK,810931,IN1520220279,771GJ34,G,,,,,771GUJSDL34,99.10,99.10,99.10,99.10,99.10,99.00,,99.10,,,376,37261.00,4,F1,1,,,,,
2026-07-30,2026-07-30,CM,BSE,STK,811077,IN2220250129,704MAHSD40,G,,,,,704MAHSD40,92.51,92.51,92.51,92.51,92.51,92.94,,92.51,,,1,92.00,1,F1,1,,,,,
2026-07-30,2026-07-30,CM,BSE,STK,811133,IN1320260012,792BRSDL51,G,,,,,792BRSDL51,90.10,90.10,90.00,90.10,90.10,0.00,,90.10,,,3570,321579.00,60,F1,1,,,,,
2026-07-30,2026-07-30,CM,BSE,STK,890217,IN9273A01047,APLABPP,XT,,,,,Aplab Ltd.,58.20,58.20,53.20,53.20,53.20,56.00,,53.20,,,10914,581500.00,29,F1,1,,,,,
2026-07-30,2026-07-30,CM,BSE,STK,890221,IN9572J01019,SSFLPP,B,,,,,Spandana Sphoorty Financial Li,140.75,140.75,137.00,137.00,137.00,140.75,,142.45,,,212,29150.00,14,F1,1,,,,,
2026-07-30,2026-07-30,CM,BSE,STK,890228,IN90NN701011,ATLPP,B,,,,,Allcargo Terminals Limited,8.85,8.85,8.60,8.67,8.67,8.43,,8.69,,,203,1770.00,6,F1,1,,,,,
2026-07-30,2026-07-30,CM,BSE,STK,890230,IN9849B01026,ACESEPP,X,,,,,Ace Software Exports ltd.,65.13,65.13,60.11,62.92,62.92,63.88,,62.92,,,141,8692.00,15,F1,1,,,,,
2026-07-30,2026-07-30,CM,BSE,STK,890234,IN9316D01014,VERTEXPP,XT,,,,,Vertex Securities Ltd.,1.46,1.60,1.46,1.56,1.56,1.53,,1.56,,,22672,33316.00,15,F1,1,,,,,
2026-07-30,2026-07-30,CM,BSE,STK,890238,IN9736H01014,GSAILPP,X,,,,,G.S. Auto International Ltd.,7.26,7.26,7.10,7.10,7.10,7.27,,7.10,,,251,1790.00,4,F1,1,,,,,
2026-07-30,2026-07-30,CM,BSE,STK,935548,INE020B07JU4,743REC35,F,,,,,REC-7.43%-5-11-35-S-3B-NCD,1200.00,1200.00,1190.00,1190.00,1190.00,1220.00,,1190.00,,,214,256660.00,6,F1,1,,,,,
2026-07-30,2026-07-30,CM,BSE,STK,935574,INE053F07835,753IRFC30,F,,,,,IRFC-7.53%-21-12-30-TAXFREENCD,1130.00,1130.00,1130.00,1130.00,1130.00,1130.10,,1129.53,,,100,113000.00,1,F1,1,,,,,
2026-07-30,2026-07-30,CM,BSE,STK,935576,INE053F07843,750IRFC35,F,,,,,IRFC-7.50%-21-12-35-TAXFREENCD,1212.00,1212.00,1211.00,1211.20,1211.00,1211.00,,1210.84,,,302,365862.00,5,F1,1,,,,,
2026-07-30,2026-07-30,CM,BSE,STK,935582,INE906B07EI0,735NHAI31,F,,,,,NHAI-7.35%-11-1-31-TAXFREENCD,1100.30,1100.30,1100.30,1100.30,1100.30,1099.00,,1100.30,,,246,270673.00,1,F1,1,,,,,
2026-07-30,2026-07-30,CM,BSE,STK,935584,INE906B07EJ8,76NHAI31,F,,,,,NHAI-7.6%-11-1-31-TAXFREENCD,1106.15,1114.00,1106.15,1114.00,1114.00,1108.19,,1114.00,,,540,597496.00,3,F1,1,,,,,
2026-07-30,2026-07-30,CM,BSE,STK,935642,INE031A07AO5,764HUDCO31,F,,,,,HUDCO-7.64%-8-2-31-TAXFREENCD,1122.00,1122.00,1115.00,1117.99,1117.99,1115.00,,1116.51,,,313,351070.00,3,F1,1,,,,,
2026-07-30,2026-07-30,CM,BSE,STK,935690,INE261F07032,764NABAR31,F,,,,,NABARD-7.64%-23-3-31-NCDS,1105.65,1106.05,1105.65,1106.05,1106.05,1105.29,,1106.05,,,999,1104584.00,2,F1,1,,,,,
2026-07-30,2026-07-30,CM,BSE,STK,936044,INE774D08MK5,800MMFSL27,F,,,,,MMFSL-8.00%-24-07-27-NCD,1030.00,1030.00,1030.00,1030.00,1030.00,1034.50,,1030.00,,,25,25750.00,1,F1,1,,,,,
2026-07-30,2026-07-30,CM,BSE,STK,936048,INE774D08MM1,805MMFSL32,F,,,,,MMFSL-8.05%-24-07-32-NCD,1030.00,1035.00,1030.00,1035.00,1035.00,1030.02,,1035.00,,,134,138225.00,2,F1,1,,,,,
2026-07-30,2026-07-30,CM,BSE,STK,936224,INE651J07622,975JMFCS28,F,,,,,JMFCSL-9.75%-7-6-28-NCD,1052.00,1052.00,1052.00,1052.00,1052.00,1052.00,,1052.00,,,125,131500.00,1,F1,1,,,,,
2026-07-30,2026-07-30,CM,BSE,STK,936236,INE721A07NX5,94SFL28,F,,,,,SFL-9.40%-12-7-28-NCD,1044.00,1044.01,1044.00,1044.01,1044.00,1042.00,,1044.01,,,110,114840.00,3,F1,1,,,,,
2026-07-30,2026-07-30,CM,BSE,STK,936254,INE804I079Y6,985ECL28,F,,,,,EFL-9.85%-6-8-28-NCD,1003.00,1003.00,1003.00,1003.00,1003.00,1000.00,,1002.54,,,23,23069.00,2,F1,1,,,,,
2026-07-30,2026-07-30,CM,BSE,STK,936294,INE306N08292,910TCAP28,F,,,,,TCAP-9.10%-27-9-28-NCD,1103.00,1106.00,1102.25,1106.00,1106.00,1106.00,,1106.00,,,1386,1527798.00,4,F1,1,,,,,
2026-07-30,2026-07-30,CM,BSE,STK,936398,INE804IA7014,1015ECL29,F,,,,,EFL-10.15%-4-1-29-NCD,1020.00,1020.00,1020.00,1020.00,1020.00,1020.70,,1021.45,,,50,51000.00,2,F1,1,,,,,
2026-07-30,2026-07-30,CM,BSE,STK,936412,INE774D07SW9,93MMFSL27,F,,,,,MMFSL-9.3%-18-1-27-NCD,1035.55,1035.55,1031.00,1035.00,1035.00,1034.10,,1035.00,,,122,126030.00,4,F1,1,,,,,
2026-07-30,2026-07-30,CM,BSE,STK,936416,INE774D08MP4,95MMFSL29,F,,,,,MMFSL-9.5%-18-1-29-NCD,1065.10,1066.50,1065.10,1066.37,1065.16,1075.00,,1066.37,,,800,852143.00,3,F1,1,,,,,
2026-07-30,2026-07-30,CM,BSE,STK,936528,INE027E07972,935LTF29,F,,,,,LTF-9.35%-13-3-29-NCD,1075.00,1075.00,1075.00,1075.00,1075.00,1090.00,,1075.00,,,3,3225.00,1,F1,1,,,,,
2026-07-30,2026-07-30,CM,BSE,STK,936722,INE804IA7139,995ECL29A,F,,,,,EFL-9.95%-23-5-29-NCD,1000.00,1000.00,1000.00,1000.00,1000.00,1000.00,,1000.00,,,50,50000.00,1,F1,1,,,,,
2026-07-30,2026-07-30,CM,BSE,STK,936744,INE414G07DQ9,MFLZC26A,F,,,,,MFL-ZC-14-12-26-NCD,1919.00,1919.00,1910.20,1910.27,1910.20,1923.00,,1910.27,,,204,389782.00,4,F1,1,,,,,
2026-07-30,2026-07-30,CM,BSE,STK,936798,INE721A07PH3,SFLZC26A,F,,,,,SFL-ZC-22-8-26-NCD,1895.00,1895.00,1895.00,1895.00,1895.00,1890.00,,1895.00,,,9,17055.00,1,F1,1,,,,,
2026-07-30,2026-07-30,CM,BSE,STK,936810,INE306N07LM5,865TCAPS27,F,,,,,TCAP-8.65%-26-8-27-NCD,1087.01,1087.01,1087.01,1087.01,1087.01,1088.20,,1087.01,,,1010,1097880.00,1,F1,1,,,,,
2026-07-30,2026-07-30,CM,BSE,STK,936975,INE804IA7246,995ECL29,F,,,,,ECL-9.95%-28-11-29-NCD,1000.02,1000.02,1000.00,1000.00,1000.00,1000.00,,1000.00,,,500,500001.00,5,F1,1,,,,,
2026-07-30,2026-07-30,CM,BSE,STK,937057,INE033L07GU2,84TCHF28,F,,,,,TCHF-8.4%-14-1-28-NCD,1052.70,1060.00,1050.00,1060.00,1060.00,1050.00,,1060.00,,,1324,1392289.00,9,F1,1,,,,,
2026-07-30,2026-07-30,CM,BSE,STK,937091,INE918K07FU8,98NWFL30,F,,,,,NWFL-9.80%-5-2-30-NCD,1005.05,1010.00,950.00,1010.00,1010.00,1038.40,,1010.00,,,610,601076.00,8,F1,1,,,,,
2026-07-30,2026-07-30,CM,BSE,STK,937093,INE918K07FV6,1025NWFL30,F,,,,,NWFL-10.25%-5-2-30-NCD,1053.10,1053.10,1053.10,1053.10,1053.10,1112.00,,1053.10,,,1900,2000890.00,1,F1,1,,,,,
2026-07-30,2026-07-30,CM,BSE,STK,937241,INE01I507299,KAFLZC26A,F,,,,,KLM-ZC-1-10-26-NCD,1938.00,1938.00,1938.00,1938.00,1938.00,1965.25,,1938.00,,,2,3876.00,2,F1,1,,,,,
2026-07-30,2026-07-30,CM,BSE,STK,937345,INE532F07BP6,953EFSL31,F,,,,,EFSL-9.53%-8-1-31-NCD,999.00,999.00,999.00,999.00,999.00,989.70,,999.00,,,25,24975.00,2,F1,1,,,,,
2026-07-30,2026-07-30,CM,BSE,STK,937373,INE134E07AN1,7PFCL31,F,,,,,PFCL-7%-22-1-31-NCD,1010.00,1010.00,1010.00,1010.00,1010.00,1009.50,,1010.00,,,50,50500.00,1,F1,1,,,,,
2026-07-30,2026-07-30,CM,BSE,STK,937381,INE134E07AR2,697PFCL36,F,,,,,PFCL-6.97%-22-1-36-NCD,970.00,970.00,951.00,951.00,951.00,969.00,,951.00,,,50,48025.00,2,F1,1,,,,,
2026-07-30,2026-07-30,CM,BSE,STK,937385,INE134E07AT8,715PFCL36,F,,,,,PFCL-7.15%-22-1-36-NCD,1017.00,1017.00,1017.00,1017.00,1017.00,1010.00,,1017.00,,,15,15255.00,1,F1,1,,,,,
2026-07-30,2026-07-30,CM,BSE,STK,937441,INE549K08202,9MFL27A,F,,,,,MFL-9%-15-3-27-NCD,991.00,991.00,991.00,991.00,991.00,991.00,,991.00,,,40,39640.00,2,F1,1,,,,,
2026-07-30,2026-07-30,CM,BSE,STK,937455,INE530B08102,96IIFL28A,F,,,,,IFL-9.6%-24-6-28-NCD,1004.00,1004.00,1002.11,1003.25,1003.25,1002.89,,1004.96,,,314,314897.00,11,F1,1,,,,,
2026-07-30,2026-07-30,CM,BSE,STK,937537,INE219X07264,82IGT31,F,,,,,IGT-8.2%-6-5-31-INVIT-NCD,1029.50,1030.00,1029.50,1030.00,1030.00,1027.00,,1027.02,,,291,299715.00,8,F1,1,,,,,
2026-07-30,2026-07-30,CM,BSE,STK,937541,INE219X07280,797IGT31,F,,,,,IGT-7.97%-6-5-31-INVIT-NCD,1010.00,1010.00,1010.00,1010.00,1010.00,1010.00,,1010.00,,,30,30300.00,4,F1,1,,,,,
2026-07-30,2026-07-30,CM,BSE,STK,937581,INE516Y07428,9PFL31A,F,,,,,PFL-9%-23-07-31-NCD,1020.00,1020.00,1020.00,1020.00,1020.00,1024.80,,1020.00,,,25,25500.00,1,F1,1,,,,,
2026-07-30,2026-07-30,CM,BSE,STK,937597,INE302E08092,SFLZC26,F,,,,,SFL-ZC-29-8-26-NCD,1630.00,1630.00,1630.00,1630.00,1630.00,1400.00,,1630.00,,,10,16300.00,1,F1,1,,,,,
2026-07-30,2026-07-30,CM,BSE,STK,937619,INE477L08147,10IIFL28,F,,,,,IHFL-10%-3-11-28-NCD,1003.00,1003.00,999.50,999.50,999.50,1000.00,,999.75,,,315,314989.00,6,F1,1,,,,,
2026-07-30,2026-07-30,CM,BSE,STK,937621,INE477L08154,96IIFL28,F,,,,,IHFL-9.60%-3-11-28-NCD,1002.48,1003.50,1002.00,1002.00,1002.00,1003.00,,1002.93,,,90,90219.00,3,F1,1,,,,,
2026-07-30,2026-07-30,CM,BSE,STK,937633,INE532F07CG3,955EFSL26A,F,,,,,EFSL-9.55%-10-9-26-NCD,1073.55,1073.55,1073.55,1073.55,1073.55,1079.90,,1073.55,,,300,322065.00,2,F1,1,,,,,
2026-07-30,2026-07-30,CM,BSE,STK,937635,INE532F07CH1,EFSL26,F,,,,,EFSL-10-9-26-NCD,1551.90,1552.80,1551.90,1552.80,1552.80,1552.40,,1552.80,,,228,353942.00,5,F1,1,,,,,
2026-07-30,2026-07-30,CM,BSE,STK,937637,INE532F07CI9,93EFSL31,F,,,,,EFSL-9.30%-10-9-31-NCD,973.05,974.00,968.00,973.71,974.00,974.00,,973.71,,,2625,2554448.00,14,F1,1,,,,,
2026-07-30,2026-07-30,CM,BSE,STK,937639,INE532F07CJ7,97EFSL31,F,,,,,EFSL-9.70%-10-9-31-NCD,1054.80,1054.80,1054.80,1054.80,1054.80,1054.80,,1054.80,,,50,52740.00,1,F1,1,,,,,
2026-07-30,2026-07-30,CM,BSE,STK,937707,INE523H07BO4,820JMFPL26,F,,,,,JMFPL-8.20%-7-10-26-NCD,1053.50,1053.50,1053.50,1053.50,1053.50,1053.50,,1053.50,,,200,210700.00,2,F1,1,,,,,
2026-07-30,2026-07-30,CM,BSE,STK,937803,INE532F07CS8,EFSL26A,F,,,,,EFSL-28-12-26-NCD,1500.20,1500.20,1495.00,1495.00,1495.00,1495.00,,1495.00,,,500,749336.00,3,F1,1,,,,,
2026-07-30,2026-07-30,CM,BSE,STK,937805,INE532F07CT6,93EFSL31A,F,,,,,EFSL-9.30%-28-12-31-NCD,970.00,974.00,961.20,973.60,974.00,970.00,,973.60,,,715,693079.00,8,F1,1,,,,,
2026-07-30,2026-07-30,CM,BSE,STK,937999,INE530L07475,915NIDO27,F,,,,,NIDO-9.15%-29-4-27-NCD,999.50,999.50,999.50,999.50,999.50,994.50,,999.50,,,50,49975.00,1,F1,1,,,,,
2026-07-30,2026-07-30,CM,BSE,STK,938005,INE530L07509,930NIDO32,F,,,,,NIDO-9.30%-29-4-32-NCD,971.01,971.01,971.01,971.01,971.01,970.11,,971.01,,,10,9710.00,1,F1,1,,,,,
2026-07-30,2026-07-30,CM,BSE,STK,938007,INE530L07517,970NIDO32,F,,,,,NIDO-9.70%-29-4-32-NCD,969.00,1000.00,969.00,1000.00,1000.00,1015.00,,1000.00,,,131,127900.00,3,F1,1,,,,,
2026-07-30,2026-07-30,CM,BSE,STK,938011,INE414G07GE8,MFLII27B,F,,,,,MFL-II-5-5-27-NCD,989.00,989.00,989.00,989.00,989.00,989.00,,989.00,,,1,989.00,1,F1,1,,,,,
2026-07-30,2026-07-30,CM,BSE,STK,938129,INE403Q07CX9,KFL29,F,,,,,KFL-10-12-29-NCD,1400.00,1400.00,1400.00,1400.00,1400.00,1233.00,,1400.00,,,31,43400.00,1,F1,1,,,,,
2026-07-30,2026-07-30,CM,BSE,STK,938216,INE532F07DA4,EFSL27,F,,,,,EFSL-20-10-27-NCD,1410.00,1410.00,1410.00,1410.00,1410.00,1391.00,,1410.00,,,200,282000.00,1,F1,1,,,,,
2026-07-30,2026-07-30,CM,BSE,STK,938218,INE532F07DD8,965EFSL32,F,,,,,EFSL-9.65%-20-10-32-NCD,980.00,980.00,980.00,980.00,980.00,984.99,,980.00,,,27,26460.00,1,F1,1,,,,,
2026-07-30,2026-07-30,CM,BSE,STK,938220,INE532F07DE6,1010EFSL32,F,,,,,EFSL-10.10%-20-10-32-NCD,1032.81,1032.81,1032.80,1032.80,1032.80,1040.00,,1032.80,,,100,103280.00,3,F1,1,,,,,
2026-07-30,2026-07-30,CM,BSE,STK,938222,INE0H7R07017,79NHIT35,F,,,,,NHIT-25-10-35-INVIT,313.00,313.00,311.25,311.25,311.25,310.39,,310.50,,,3200,998850.00,13,F1,1,,,,,
2026-07-30,2026-07-30,CM,BSE,STK,938224,INE0H7R07025,79NHIT40,F,,,,,NHIT-25-10-40-INVIT,309.25,309.25,309.25,309.25,309.25,309.25,,309.25,,,100,30925.00,1,F1,1,,,,,
2026-07-30,2026-07-30,CM,BSE,STK,938330,INE051307AB8,115CCIL28,F,,,,,CCIL-11.50%-11-1-28-NCD,1000.00,1000.00,1000.00,1000.00,1000.00,1000.00,,1000.00,,,28,28000.00,1,F1,1,,,,,
2026-07-30,2026-07-30,CM,BSE,STK,938364,INE532F07DK3,967EFSL28D,F,,,,,EFSL-9.67%-20-1-28-NCD,1001.00,1001.00,1001.00,1001.00,1001.00,1000.81,,1001.00,,,104,104104.00,2,F1,1,,,,,
2026-07-30,2026-07-30,CM,BSE,STK,938370,INE532F07DH9,10EFSL33B,F,,,,,EFSL-10%-20-1-33-NCD,996.90,997.00,990.00,990.00,990.00,990.06,,990.00,,,161,160445.00,4,F1,1,,,,,
2026-07-30,2026-07-30,CM,BSE,STK,938372,INE532F07DI7,1045EFS33A,F,,,,,EFSL-10.45%-20-1-33-NCD,1035.01,1035.01,1035.00,1035.00,1035.00,1033.31,,1035.00,,,300,310501.00,3,F1,1,,,,,
2026-07-30,2026-07-30,CM,BSE,STK,938384,INE530B07260,9IIFL28A,F,,,,,IIFL-9%-24-1-28-NCD,1027.20,1027.20,1027.20,1027.20,1027.20,1033.00,,1032.10,,,5,5136.00,1,F1,1,,,,,
2026-07-30,2026-07-30,CM,BSE,STK,938436,INE414G07HM9,785MFL28,F,,,,,MFL-7.85%-10-4-28-NCD,991.00,991.00,991.00,991.00,991.00,988.64,,991.00,,,179,177389.00,1,F1,1,,,,,
2026-07-30,2026-07-30,CM,BSE,STK,938512,INE244L07523,890SFIL23A,F,,,,,SFIL-10.03%-25-4-28-NCD,381.00,499.99,381.00,385.00,385.00,450.00,,397.50,,,134,54760.00,6,F1,1,,,,,
2026-07-30,2026-07-30,CM,BSE,STK,938524,INE532F07DT4,967EFSL28,F,,,,,EFSL-9.67%-27-4-28-NCD,1000.00,1000.00,1000.00,1000.00,1000.00,995.00,,1000.00,,,79,79000.00,3,F1,1,,,,,
2026-07-30,2026-07-30,CM,BSE,STK,938530,INE532F07DX6,10EFSL33,F,,,,,EFSL-10%-27-4-33-NCD,998.00,998.00,998.00,998.00,998.00,998.00,,998.00,,,81,80838.00,2,F1,1,,,,,
2026-07-30,2026-07-30,CM,BSE,STK,938588,INE121A07QY9,840CIFCL28,F,,,,,CIFCL-8.40%-4-5-28-NCD,1025.00,1025.00,1025.00,1025.00,1025.00,1019.00,,1025.00,,,100,102500.00,8,F1,1,,,,,
2026-07-30,2026-07-30,CM,BSE,STK,938634,INE530B07377,9IIFL28,F,,,,,IIFL-9%-28-6-28-NCD,1023.00,1023.00,1023.00,1023.00,1023.00,1022.00,,1023.00,,,338,345774.00,3,F1,1,,,,,
2026-07-30,2026-07-30,CM,BSE,STK,938658,INE532F07EG9,967EFS28,F,,,,,EFSL-9.67%-21-7-28-NCD,999.00,999.50,999.00,999.50,999.50,999.90,,999.50,,,41,40963.00,2,F1,1,,,,,
2026-07-30,2026-07-30,CM,BSE,STK,938664,INE532F07EI5,10EFS33,F,,,,,EFSL-10%-21-7-33-NCD,998.50,998.50,997.00,997.00,997.00,995.00,,997.00,,,25,24940.00,3,F1,1,,,,,
2026-07-30,2026-07-30,CM,BSE,STK,938796,INE549K07CL7,944MFL28A,F,,,,,MFL-9.44%-20-9-28-NCD,1075.00,1075.00,1075.00,1075.00,1075.00,1068.80,,1075.00,,,48,51600.00,1,F1,1,,,,,
2026-07-30,2026-07-30,CM,BSE,STK,938824,INE148I07QB3,SCLZC26C,F,,,,,SC-ZC-26-9-26-NCD,1299.95,1299.95,1299.95,1299.95,1299.95,1284.00,,1299.98,,,5,6499.00,1,F1,1,,,,,
2026-07-30,2026-07-30,CM,BSE,STK,938846,INE148I07PT7,1075SCL33A,F,,,,,SCL-10.75%-26-9-33-NCD,865.30,865.30,865.30,865.30,865.30,850.30,,908.65,,,25,21632.00,1,F1,1,,,,,
2026-07-30,2026-07-30,CM,BSE,STK,938868,INE414G07IK1,775MFLTD26,F,,,,,MFLTD-7.75%-4-10-26-NCD,990.00,990.00,990.00,990.00,990.00,981.91,,990.00,,,250,247500.00,4,F1,1,,,,,
2026-07-30,2026-07-30,CM,BSE,STK,938878,INE414G07IP0,MFL26A,F,,,,,MFL-4-10-26-NCD,1260.00,1260.00,1259.00,1259.00,1259.00,1261.80,,1259.00,,,190,239350.00,3,F1,1,,,,,
2026-07-30,2026-07-30,CM,BSE,STK,938900,INE532F07EP0,960EFSLA,F,,,,,EFSL-9.60%-26-10-26-NCD,1058.53,1058.53,1058.00,1058.42,1058.00,1066.50,,1058.42,,,300,317526.00,4,F1,1,,,,,
2026-07-30,2026-07-30,CM,BSE,STK,938902,INE532F07ES4,EFSLZC26C,F,,,,,EFSL-ZC-26-10-26-NCD,1282.00,1282.00,1282.00,1282.00,1282.00,1278.00,,1282.00,,,19,24358.00,1,F1,1,,,,,
2026-07-30,2026-07-30,CM,BSE,STK,938910,INE532F07EL9,10EFSL33A,F,,,,,EFSL-10%-26-10-33-NCD,995.00,997.00,995.00,997.00,997.00,987.05,,997.00,,,11,10947.00,3,F1,1,,,,,
2026-07-30,2026-07-30,CM,BSE,STK,938958,INE140A07773,935PFL33,F,,,,,PFL-9.35%-3-11-33-NCD,1119.00,1119.00,1118.97,1118.97,1118.97,1081.00,,1118.97,,,15,16784.00,2,F1,1,,,,,
2026-07-30,2026-07-30,CM,BSE,STK,939010,INE321N07368,1030IFSL26,F,,,,,IFSL-10.30%-10-11-26-NCD,359.36,359.36,359.36,359.36,359.36,351.00,,359.36,,,213,76543.00,2,F1,1,,,,,
2026-07-30,2026-07-30,CM,BSE,STK,939038,INE01CY077J0,125ICFL26,F,,,,,ICLFL-12.5%-14-12-26-NCD,1310.00,1310.00,1310.00,1310.00,1310.00,1310.00,,1310.00,,,20,26200.00,2,F1,1,,,,,
2026-07-30,2026-07-30,CM,BSE,STK,939044,INE01CY077K8,ICLFLZC29,F,,,,,ICLFL-ZC-14-8-29-NCD,1335.00,1335.00,1334.90,1334.94,1335.00,1150.00,,1334.94,,,34,45388.00,3,F1,1,,,,,
2026-07-30,2026-07-30,CM,BSE,STK,939056,INE413U07251,1050ISFL28,F,,,,,ISFL-10.50%-21-12-28-NCD,1040.40,1040.40,1040.40,1040.40,1040.40,1036.30,,1045.20,,,20,20808.00,1,F1,1,,,,,
2026-07-30,2026-07-30,CM,BSE,STK,939116,INE148I07RJ4,948SCL26B,F,,,,,SCL-9.48%-27-12-26-NCD,1001.00,1001.00,1001.00,1001.00,1001.00,1001.00,,995.00,,,80,80080.00,1,F1,1,,,,,
2026-07-30,2026-07-30,CM,BSE,STK,939128,INE148I07RP1,980SCL33D,F,,,,,SCL-9.71%-27-12-28-NCD,1000.20,1000.20,1000.20,1000.20,1000.20,1050.00,,1000.20,,,148,148029.00,3,F1,1,,,,,
2026-07-30,2026-07-30,CM,BSE,STK,939196,INE532F07EY2,967EFSL29,F,,,,,EFSL-9.67%-29-1-29-NCD,999.75,999.75,999.75,999.75,999.75,999.00,,999.75,,,7,6998.00,2,F1,1,,,,,
2026-07-30,2026-07-30,CM,BSE,STK,939264,INE0BUS07AT5,1150IML29,F,,,,,IML-11.50%-15-2-29-NCD,900.00,921.00,900.00,900.00,900.00,1001.00,,900.00,,,605,545312.00,10,F1,1,,,,,
2026-07-30,2026-07-30,CM,BSE,STK,939276,INE302E07649,1025SFL29,F,,,,,SFL-10.25%-27-2-29-NCD,1005.00,1005.00,1005.00,1005.00,1005.00,1005.00,,1005.00,,,5,5025.00,1,F1,1,,,,,
2026-07-30,2026-07-30,CM,BSE,STK,939311,INE530L07681,1075NIDO34,F,,,,,NHFL-10.75%-1-3-34-NCD,1021.21,1021.21,1021.21,1021.21,1021.21,1030.00,,1021.21,,,1,1021.00,1,F1,1,,,,,
2026-07-30,2026-07-30,CM,BSE,STK,939335,INE342T07460,1065NFL27,F,,,,,NFL-10.65%-13-3-27-NCD,1032.00,1035.00,1030.00,1032.16,1030.00,1011.00,,1031.62,,,128,132116.00,11,F1,1,,,,,
2026-07-30,2026-07-30,CM,BSE,STK,939377,INE148I07SR5,1075SCFL34,F,,,,,SCL-10.75%-26-3-34-NCD,1000.30,1000.30,1000.30,1000.30,1000.30,1045.20,,1042.65,,,25,25007.00,1,F1,1,,,,,
2026-07-30,2026-07-30,CM,BSE,STK,939381,INE148I07SQ7,1025SCL34,F,,,,,SCL-10.25%-26-3-34-NCD,1040.00,1040.00,1040.00,1040.00,1040.00,1037.50,,1040.00,,,50,52000.00,2,F1,1,,,,,
2026-07-30,2026-07-30,CM,BSE,STK,939407,INE532F07FK8,920EFSL27A,F,,,,,EFSL-9.20%-29-4-27-NCD,992.00,992.00,992.00,992.00,992.00,995.00,,992.00,,,300,297600.00,2,F1,1,,,,,
2026-07-30,2026-07-30,CM,BSE,STK,939441,INE532F07FG6,1045EFS34A,F,,,,,EFSL-10.45%-39-4-34-NCD,950.00,1000.00,950.00,1000.00,1000.00,951.00,,1000.00,,,300,290000.00,3,F1,1,,,,,
2026-07-30,2026-07-30,CM,BSE,STK,939477,INE338I07164,897MOFSL29,F,,,,,MOFSL-8.97%-9-5-29-NCD,910.00,1030.00,910.00,1030.00,1030.00,1032.00,,1028.00,,,127,118045.00,5,F1,1,,,,,
2026-07-30,2026-07-30,CM,BSE,STK,939607,INE302E07706,1025SF29,F,,,,,SFL-10.25%-9-7-29-NCD,1000.00,1000.00,1000.00,1000.00,1000.00,1000.00,,1000.00,,,200,200000.00,1,F1,1,,,,,
2026-07-30,2026-07-30,CM,BSE,STK,939627,INE532F07FW3,EFSL26724A,F,,,,,EFSL-26-7-29-NCD,1176.00,1176.00,1176.00,1176.00,1176.00,1173.00,,1176.00,,,130,152880.00,1,F1,1,,,,,
2026-07-30,2026-07-30,CM,BSE,STK,939631,INE532F07FZ6,1049EFSL34,F,,,,,EFSL-10.49%-26-7-34-NCD,1015.00,1015.00,1015.00,1015.00,1015.00,1015.00,,1015.00,,,5,5075.00,1,F1,1,,,,,
2026-07-30,2026-07-30,CM,BSE,STK,939635,INE532F07FY9,11EFSL34A,F,,,,,EFSL-11%-26-7-34-NCD,1008.00,1008.00,1008.00,1008.00,1008.00,1008.00,,1008.00,,,422,425376.00,7,F1,1,,,,,
2026-07-30,2026-07-30,CM,BSE,STK,939647,INE103C07017,102SMCGS27,F,,,,,SMCGSL-10.20%-07-08-27-NCD,1005.20,1005.20,1005.20,1005.20,1005.20,1009.00,,1005.20,,,175,175910.00,1,F1,1,,,,,
2026-07-30,2026-07-30,CM,BSE,STK,939657,INE103C07066,104SMCGS29,F,,,,,SMCGSL-10.40%-07-08-29-NCD,999.80,999.80,996.00,996.04,999.20,955.00,,996.04,,,176,175400.00,4,F1,1,,,,,
2026-07-30,2026-07-30,CM,BSE,STK,939693,INE051307BD2,12CCI29,F,,,,,CCIL-12%-13-8-29-NCD,1000.00,1000.00,995.00,1000.00,1000.00,1000.00,,1000.00,,,382,380615.00,14,F1,1,,,,,
2026-07-30,2026-07-30,CM,BSE,STK,939723,INE423A07369,AEL120924,F,,,,,AEL-12-9-26-NCD,1174.99,1174.99,1171.00,1171.00,1171.00,1131.00,,1171.00,,,57,66894.00,2,F1,1,,,,,
2026-07-30,2026-07-30,CM,BSE,STK,939727,INE423A07328,965AEL27,F,,,,,AEL-9.65%-12-9-27-NCD,1099.95,1099.95,1095.00,1095.00,1095.00,1095.51,,1095.00,,,231,253831.00,5,F1,1,,,,,
2026-07-30,2026-07-30,CM,BSE,STK,939731,INE423A07336,956AEL29,F,,,,,AEL-9.56%-12-9-29-NCD,1040.00,1040.00,1040.00,1040.00,1040.00,1022.10,,1040.00,,,1,1040.00,1,F1,1,,,,,
2026-07-30,2026-07-30,CM,BSE,STK,939739,INE549K07EC2,925MFCL27,F,,,,,MFCL-9.25%-16-9-27-NCD,1032.00,1032.00,1032.00,1032.00,1032.00,1000.00,,1032.00,,,100,103200.00,1,F1,1,,,,,
2026-07-30,2026-07-30,CM,BSE,STK,939743,INE549K07EI9,965MFCL30,F,,,,,MFCL-9.65%-16-9-30-NCD,999.20,999.80,999.20,999.80,999.80,999.00,,999.80,,,10,9995.00,2,F1,1,,,,,
2026-07-30,2026-07-30,CM,BSE,STK,939745,INE549K07EH1,940MFCL26,F,,,,,MFCL-9.40%-16-9-26-NCD,1080.00,1080.00,1080.00,1080.00,1080.00,1080.00,,1080.00,,,10,10800.00,1,F1,1,,,,,
2026-07-30,2026-07-30,CM,BSE,STK,939751,INE549K07EB4,1010MFCL30,F,,,,,MFCL-10.10%-16-9-30-NCD,1085.00,1085.00,1085.00,1085.00,1085.00,1070.07,,1085.00,,,20,21700.00,1,F1,1,,,,,
2026-07-30,2026-07-30,CM,BSE,STK,939775,INE148I07UE9,990SCL27B,F,,,,,SCL-9.90%-25-9-27-NCD,1086.00,1086.00,1086.00,1086.00,1086.00,1058.11,,1086.00,,,12,13032.00,2,F1,1,,,,,
2026-07-30,2026-07-30,CM,BSE,STK,939779,INE148I07UC3,948SCL27D,F,,,,,SCL-9.48%-25-9-27-NCD,1003.00,1003.00,1003.00,1003.00,1003.00,990.00,,989.25,,,100,100300.00,1,F1,1,,,,,
2026-07-30,2026-07-30,CM,BSE,STK,939805,INE896L07AC3,ICFL250924,F,,,,,ICFL-ZC-25-9-26-NCD,1190.00,1190.00,1190.00,1190.00,1190.00,1190.00,,1190.00,,,11,13090.00,1,F1,1,,,,,
2026-07-30,2026-07-30,CM,BSE,STK,939835,INE583D07521,1025UCL26A,F,,,,,UCL-10.25%-24-10-26-NCD,1002.00,1003.00,1000.00,1003.00,1003.00,1000.43,,1003.00,,,116,116283.00,8,F1,1,,,,,
2026-07-30,2026-07-30,CM,BSE,STK,939837,INE583D07513,1040UCL27B,F,,,,,UCL-10.40%-24-4-27-NCD,1010.00,1030.00,1010.00,1024.14,1010.00,1001.00,,1024.17,,,509,520935.00,20,F1,1,,,,,
2026-07-30,2026-07-30,CM,BSE,STK,939841,INE532F07GC3,EFSL241024,F,,,,,EFSL-24-10-26-NCD,1169.15,1169.15,1169.15,1169.15,1169.15,1158.45,,1169.15,,,9,10522.00,1,F1,1,,,,,
2026-07-30,2026-07-30,CM,BSE,STK,939857,INE532F07GI0,1049EFS34A,F,,,,,EFSL-10.49%-24-10-34-NCD,1018.00,1018.00,1005.00,1005.00,1005.00,1018.00,,1005.00,,,60,60950.00,2,F1,1,,,,,
2026-07-30,2026-07-30,CM,BSE,STK,939863,INE549K07EU4,9MFCL2026,F,,,,,MFCL-9%-30-10-26-NCD,989.28,994.00,989.27,994.00,994.00,1000.21,,994.00,,,88,87245.00,4,F1,1,,,,,
2026-07-30,2026-07-30,CM,BSE,STK,939871,INE549K07EP4,94MFCL26,F,,,,,MFCL-9.40%-30-10-26-NCD,1069.00,1069.00,1069.00,1069.00,1069.00,1055.20,,1069.00,,,48,51312.00,1,F1,1,,,,,
2026-07-30,2026-07-30,CM,BSE,STK,939899,INE0BUS07BE5,12IML29,F,,,,,IML-12%-7-11-29-NCD,1065.00,1065.00,1065.00,1065.00,1065.00,1065.00,,1065.00,,,99,105435.00,1,F1,1,,,,,
2026-07-30,2026-07-30,CM,BSE,STK,939909,INE101Q07AY1,950MML27,F,,,,,MML-9.50%-18-11-27-NCD,984.84,984.84,984.84,984.84,984.84,980.51,,984.84,,,511,503253.00,3,F1,1,,,,,
2026-07-30,2026-07-30,CM,BSE,STK,939979,INE477L07BC0,9IHFL27,F,,,,,IHFL-9%-26-12-27-NCD,1036.00,1036.00,1036.00,1036.00,1036.00,1038.00,,1036.00,,,25,25900.00,2,F1,1,,,,,
2026-07-30,2026-07-30,CM,BSE,STK,940085,INE051307BK7,12CCIL30C,F,,,,,CCIL-12%-16-1-30-NCD,995.00,995.00,995.00,995.00,995.00,980.00,,995.00,,,40,39800.00,2,F1,1,,,,,
2026-07-30,2026-07-30,CM,BSE,STK,940099,INE532F07GP5,EFSL240125,F,,,,,EFSL-24-1-27-NCD,1138.50,1138.50,1138.50,1138.50,1138.50,1136.00,,1138.50,,,15,17077.00,1,F1,1,,,,,
2026-07-30,2026-07-30,CM,BSE,STK,940115,INE532F07GT7,1049EFSL35,F,,,,,EFSL-10.49%-24-1-35-NCD,1020.00,1020.00,1020.00,1020.00,1020.00,1016.00,,1020.00,,,10,10200.00,1,F1,1,,,,,
2026-07-30,2026-07-30,CM,BSE,STK,940163,INE549K07FR7,945MFLIV30,F,,,,,MFLIV-9.45%-24-2-30-NCD,999.00,999.00,999.00,999.00,999.00,999.00,,999.00,,,10,9990.00,1,F1,1,,,,,
2026-07-30,2026-07-30,CM,BSE,STK,940177,INE549K07FQ9,MFLIV24225,F,,,,,MFLIV-24-8-26-NCD,1130.00,1130.00,1130.00,1130.00,1130.00,1129.17,,1130.00,,,129,145770.00,6,F1,1,,,,,
2026-07-30,2026-07-30,CM,BSE,STK,940191,INE148I07WH8,925SCL27B,F,,,,,SCL-9.25%-19-03-27-NCD,999.00,999.00,999.00,999.00,999.00,976.70,,1000.00,,,57,56943.00,2,F1,1,,,,,
2026-07-30,2026-07-30,CM,BSE,STK,940227,INE0IID07553,13PCL30,F,,,,,PCL-13%-20-3-30-NCD,1000.00,1000.00,1000.00,1000.00,1000.00,1001.05,,1000.00,,,200,200000.00,8,F1,1,,,,,
2026-07-30,2026-07-30,CM,BSE,STK,940235,INE530L07AI5,958NHFL28B,F,,,,,NHFL-9.58%-3-4-28-NCD,990.00,994.00,990.00,994.00,994.00,990.00,,994.00,,,200,198400.00,5,F1,1,,,,,
2026-07-30,2026-07-30,CM,BSE,STK,940245,INE530L07AO3,1003NHF30,F,,,,,NHFL-10.03%-3-4-30-NCD,1000.00,1000.00,1000.00,1000.00,1000.00,995.00,,1000.00,,,202,202000.00,5,F1,1,,,,,
2026-07-30,2026-07-30,CM,BSE,STK,940299,INE530B07476,975IIFL28,F,,,,,IIFL-9.75%-21-4-28-NCD,1007.20,1007.20,1007.20,1007.20,1007.20,1007.01,,1007.20,,,10,10072.00,1,F1,1,,,,,
2026-07-30,2026-07-30,CM,BSE,STK,940311,INE583D07604,1015UCL27,F,,,,,UCL-10.15%-24-04-27-NCD,979.02,1027.00,979.02,1015.50,1004.00,999.00,,1019.33,,,12,12119.00,4,F1,1,,,,,
2026-07-30,2026-07-30,CM,BSE,STK,940315,INE583D07596,1050UCL28,F,,,,,UCL-10.50%-24-10-28-NCD,1035.00,1035.00,1035.00,1035.00,1035.00,1005.10,,1035.00,,,12,12420.00,1,F1,1,,,,,
2026-07-30,2026-07-30,CM,BSE,STK,940319,INE103C07124,SMCG240425,F,,,,,SMCGSL-24-04-27-NCD,1135.00,1135.00,1135.00,1135.00,1135.00,1110.00,,1135.00,,,87,98745.00,1,F1,1,,,,,
2026-07-30,2026-07-30,CM,BSE,STK,940325,INE103C07082,1003SMCG30,F,,,,,SMCGSL-10.03%-24-04-30-NCD,1003.00,1004.00,1003.00,1003.00,1003.00,1001.50,,1003.00,,,404,405366.00,5,F1,1,,,,,
2026-07-30,2026-07-30,CM,BSE,STK,940327,INE103C07090,1050SMCG30,F,,,,,SMCGSL-10.50%-24-04-30-NCD,1020.05,1020.05,1020.05,1020.05,1020.05,1019.51,,1020.05,,,20,20401.00,1,F1,1,,,,,
2026-07-30,2026-07-30,CM,BSE,STK,940329,INE532F07HA5,950EFSL27A,F,,,,,EFSL-9.50%-30-04-27-NCD,1005.50,1005.50,1005.50,1005.50,1005.50,1003.20,,1005.50,,,10,10055.00,1,F1,1,,,,,
2026-07-30,2026-07-30,CM,BSE,STK,940339,INE532F07HL2,1004EFS30D,F,,,,,EFSL-10.04%-30-04-30-NCD,1005.00,1005.00,1000.00,1000.00,1000.00,998.00,,1000.00,,,35,35125.00,2,F1,1,,,,,
2026-07-30,2026-07-30,CM,BSE,STK,940347,INE532F07HG2,1049EFS35F,F,,,,,EFSL-10.49%-30-04-35-NCD,1015.50,1015.50,1015.50,1015.50,1015.50,1015.50,,1015.50,,,10,10155.00,1,F1,1,,,,,
2026-07-30,2026-07-30,CM,BSE,STK,940361,INE101Q07BG6,1050MML30,F,,,,,MML-10.50%-12-5-30-NCD,1001.00,1001.00,1001.00,1001.00,1001.00,1099.00,,1001.00,,,7,7007.00,1,F1,1,,,,,
2026-07-30,2026-07-30,CM,BSE,STK,940401,INE549K07GG8,MFL190525,F,,,,,MFL-19-5-27-NCD,1100.00,1100.00,1100.00,1100.00,1100.00,1094.19,,1100.00,,,50,55000.00,1,F1,1,,,,,
2026-07-30,2026-07-30,CM,BSE,STK,940409,INE051307BQ4,105CCIL26A,F,,,,,CCIL-10.5%19-12-26-NCD,997.00,997.00,997.00,997.00,997.00,996.00,,997.00,,,30,29910.00,2,F1,1,,,,,
2026-07-30,2026-07-30,CM,BSE,STK,940415,INE051307BT8,12CCIL30D,F,,,,,CCIL-12%-19-6-30-NCD,1002.00,1006.00,994.00,994.00,994.00,1000.00,,994.00,,,286,284693.00,15,F1,1,,,,,
2026-07-30,2026-07-30,CM,BSE,STK,940421,INE051307BV4,CCIL20625G,F,,,,,CCIL-19-4-31-NCD,990.00,990.00,990.00,990.00,990.00,990.00,,990.00,,,10,9900.00,1,F1,1,,,,,
2026-07-30,2026-07-30,CM,BSE,STK,940435,INE530L07AS4,1030NHFL30,F,,,,,NHFL-10.30%-02-07-30-NCD,1001.05,1001.05,1001.05,1001.05,1001.05,1092.00,,1001.05,,,1,1001.00,1,F1,1,,,,,
2026-07-30,2026-07-30,CM,BSE,STK,940453,INE549K07GT1,945MFCL28,F,,,,,MFCL-9.45%-16-7-28-NCD,1000.00,1000.00,1000.00,1000.00,1000.00,999.00,,1000.00,,,40,40000.00,3,F1,1,,,,,
2026-07-30,2026-07-30,CM,BSE,STK,940473,INE423A07435,915AEL28,F,,,,,AEL-9.15%-17-07-28-NCD,1020.00,1020.00,1019.99,1019.99,1019.99,1020.00,,1019.99,,,101,103019.00,6,F1,1,,,,,
2026-07-30,2026-07-30,CM,BSE,STK,940483,INE403Q07FT0,KFL240725,F,,,,,KFL-23-1-27-NCD,1078.00,1078.00,1078.00,1078.00,1078.00,1077.00,,1078.00,,,4,4312.00,1,F1,1,,,,,
2026-07-30,2026-07-30,CM,BSE,STK,940485,INE403Q07FX2,10KFL28C,F,,,,,KFL-10%-23-7-28-NCD,1010.00,1010.00,990.00,990.00,990.00,1000.00,,990.00,,,35,35150.00,2,F1,1,,,,,
2026-07-30,2026-07-30,CM,BSE,STK,940501,INE532F07HX7,935EFSL28,F,,,,,EFSL-9.35%-24-7-28-NCD,988.20,988.20,988.00,988.00,988.00,990.00,,988.00,,,1700,1679663.00,15,F1,1,,,,,
2026-07-30,2026-07-30,CM,BSE,STK,940505,INE532F07HN8,975EFSL28,F,,,,,EFSL-9.75%-24-7-28-NCD,1002.00,1006.50,1002.00,1002.02,1002.02,1005.00,,1002.02,,,100,100218.00,5,F1,1,,,,,
2026-07-30,2026-07-30,CM,BSE,STK,940511,INE532F07HU3,1025EFSL30,F,,,,,EFSL-10.25%-24-7-30-NCD,998.09,998.09,998.09,998.09,998.09,998.09,,998.09,,,1,998.00,1,F1,1,,,,,
2026-07-30,2026-07-30,CM,BSE,STK,940515,INE532F07HW9,1025EFS30A,F,,,,,EFSLD-10.25%-24-7-30-NCD,1007.99,1007.99,1007.99,1007.99,1007.99,1094.99,,1007.99,,,300,302397.00,1,F1,1,,,,,
2026-07-30,2026-07-30,CM,BSE,STK,940523,INE01I507AN1,95KAFL26,F,,,,,KAFL-9.5%-1-9-26-NCD,990.20,997.00,963.00,997.00,997.00,997.50,,997.00,,,223,220427.00,5,F1,1,,,,,
2026-07-30,2026-07-30,CM,BSE,STK,940527,INE01I507AV4,985KAFL27,F,,,,,KAFL-9.85%-27-1-27-NCD,980.00,980.00,980.00,980.00,980.00,990.00,,980.00,,,5,4900.00,1,F1,1,,,,,
2026-07-30,2026-07-30,CM,BSE,STK,940543,INE05F407DK3,950MML26,F,,,,,MML-9.50%-4-9-26-NCD,992.90,992.90,992.20,992.55,992.20,1005.95,,992.55,,,10,9925.00,2,F1,1,,,,,
2026-07-30,2026-07-30,CM,BSE,STK,940545,INE05F407DH9,MML310725,F,,,,,MML-4-9-26-NCD,1075.80,1093.85,1075.80,1075.85,1075.85,1089.00,,1075.85,,,21,22772.00,3,F1,1,,,,,
2026-07-30,2026-07-30,CM,BSE,STK,940595,INE148I07XY1,995SCL2035,F,,,,,SCL-9.95%-01-08-35-NCD,1040.00,1040.00,1000.00,1000.00,1000.00,1040.50,,1000.00,,,20,20400.00,3,F1,1,,,,,
2026-07-30,2026-07-30,CM,BSE,STK,940599,INE148I07XF0,955SCL35,F,,,,,SCL-9.55%-01-08-35-NCD,970.00,994.00,970.00,994.00,994.00,980.00,,994.00,,,112,108928.00,2,F1,1,,,,,
2026-07-30,2026-07-30,CM,BSE,STK,940607,INE01CYA7047,12IFL30,F,,,,,IFL-12%-20-8-30-NCD,1000.99,1000.99,1000.99,1000.99,1000.99,990.01,,1000.99,,,10,10009.00,1,F1,1,,,,,
2026-07-30,2026-07-30,CM,BSE,STK,940635,INE101Q07BK8,9MML27A,F,,,,,MML-9%-28-2-27-NCD,997.00,997.50,997.00,997.11,997.50,988.73,,997.11,,,44,43873.00,2,F1,1,,,,,
2026-07-30,2026-07-30,CM,BSE,STK,940643,INE101Q07BJ0,105MML30,F,,,,,MML-10.5%-29-8-30-NCD,1060.02,1060.02,1060.02,1060.02,1060.02,1060.02,,1060.02,,,73,77381.00,1,F1,1,,,,,
2026-07-30,2026-07-30,CM,BSE,STK,940649,INE530L07BD4,935NHFL28,F,,,,,NHFL-9.35%-10-09-28-NCD,980.51,990.00,980.51,980.85,980.81,990.00,,980.85,,,233,229541.00,7,F1,1,,,,,
2026-07-30,2026-07-30,CM,BSE,STK,940663,INE530L07AZ9,1050NHFL35,F,,,,,NHFL-10.50%-10-09-35-NCD,1075.00,1075.00,1075.00,1075.00,1075.00,1078.00,,1075.00,,,10,10750.00,1,F1,1,,,,,
2026-07-30,2026-07-30,CM,BSE,STK,940665,INE532F07IC9,9EFSL27A,F,,,,,EFSL-9%-7-10-27-NCD,1044.26,1057.50,1044.26,1057.50,1057.50,1043.50,,1057.50,,,295,310600.00,4,F1,1,,,,,
2026-07-30,2026-07-30,CM,BSE,STK,940669,INE532F07IA3,912EFSL28,F,,,,,EFSL-9.12%-7-10-28-NCD,990.00,990.00,990.00,990.00,990.00,980.50,,990.00,,,25,24750.00,3,F1,1,,,,,
2026-07-30,2026-07-30,CM,BSE,STK,940675,INE532F07ID7,958EFSL30,F,,,,,EFSL-9.58%-7-10-30-NCD,1000.00,1000.00,998.50,998.50,998.50,995.50,,998.50,,,840,839925.00,27,F1,1,,,,,
2026-07-30,2026-07-30,CM,BSE,STK,940679,INE532F07IH8,EFSL71025A,F,,,,,EFSL-7-10-30-NCD,1100.00,1100.00,1054.00,1054.00,1054.00,1060.00,,1054.00,,,301,317309.00,8,F1,1,,,,,
2026-07-30,2026-07-30,CM,BSE,STK,940689,INE180C07189,855CGCL27,F,,,,,CGCL-8.55%-13-4-27-NCD,988.20,988.20,988.20,988.20,988.20,988.00,,988.20,,,10,9882.00,1,F1,1,,,,,
2026-07-30,2026-07-30,CM,BSE,STK,940693,INE180C07171,89CGCL28,F,,,,,CGCL-8.9%-13-10-28-NCD,1013.90,1013.95,1013.90,1013.95,1013.95,1014.00,,1013.95,,,10,10139.00,2,F1,1,,,,,
2026-07-30,2026-07-30,CM,BSE,STK,940701,INE0BUS07CB9,9IML26A,F,,,,,IML-9%-31-10-26-NCD,1000.00,1003.00,1000.00,1000.93,1003.00,990.00,,1000.93,,,600,600555.00,10,F1,1,,,,,
2026-07-30,2026-07-30,CM,BSE,STK,940705,INE0BUS07CE3,975IML27,F,,,,,IML-9.75%-30-10-27-NCD,987.13,997.80,981.03,997.80,997.80,998.80,,997.80,,,359,356012.00,7,F1,1,,,,,
2026-07-30,2026-07-30,CM,BSE,STK,940709,INE0BUS07CD5,1025IML28,F,,,,,IML-10.25%-30-10-28-NCD,992.00,992.00,992.00,992.00,992.00,992.00,,992.00,,,10,9920.00,1,F1,1,,,,,
2026-07-30,2026-07-30,CM,BSE,STK,940713,INE0BUS07CC7,1125IML30,F,,,,,IML-11.25%-30-10-30-NCD,1005.50,1005.50,1005.50,1005.50,1005.50,1005.25,,1005.50,,,306,307683.00,2,F1,1,,,,,
2026-07-30,2026-07-30,CM,BSE,STK,940715,INE0BUS07CA1,IML301025D,F,,,,,IML-30-10-31-NCD,1000.00,1000.00,1000.00,1000.00,1000.00,1000.00,,1000.00,,,40,40000.00,2,F1,1,,,,,
2026-07-30,2026-07-30,CM,BSE,STK,940719,INE103C07132,SGSL301025,F,,,,,SGSL-30-10-27-NCD,1085.00,1085.00,1085.00,1085.00,1085.00,1050.00,,1085.00,,,136,147560.00,1,F1,1,,,,,
2026-07-30,2026-07-30,CM,BSE,STK,940725,INE103C07173,98SGSL30,F,,,,,SGSL-9.8%-30-10-30-NCD,1000.00,1000.00,1000.00,1000.00,1000.00,1040.00,,1000.00,,,100,100000.00,1,F1,1,,,,,
2026-07-30,2026-07-30,CM,BSE,STK,940743,INE403Q07GH3,KFL101125D,F,,,,,KFL-09-11-32-NCD,970.00,970.00,970.00,970.00,970.00,960.00,,970.00,,,1,970.00,1,F1,1,,,,,
2026-07-30,2026-07-30,CM,BSE,STK,940753,INE051307CB4,CCIL101125,F,,,,,CCIL-11-11-26-NCD,1021.13,1021.13,1021.13,1021.13,1021.13,1021.19,,1021.13,,,20,20422.00,1,F1,1,,,,,
2026-07-30,2026-07-30,CM,BSE,STK,940763,INE01CYA7195,1150ICLF28,F,,,,,ICLFL-11.50%-02-12-28-NCD,951.00,951.00,951.00,951.00,951.00,975.00,,951.00,,,10,9510.00,1,F1,1,,,,,
2026-07-30,2026-07-30,CM,BSE,STK,940795,INE532F07IJ4,967EFSL35,F,,,,,EFSL-9.67-12-12-35-NCD,990.00,990.00,990.00,990.00,990.00,997.00,,990.00,,,10,9900.00,1,F1,1,,,,,
2026-07-30,2026-07-30,CM,BSE,STK,940799,INE01I507AY8,950KAFL27,F,,,,,KAFL-9.50%-19-1-27-NCD,986.00,997.50,986.00,995.75,997.50,991.00,,995.75,,,1298,1287617.00,8,F1,1,,,,,
2026-07-30,2026-07-30,CM,BSE,STK,940837,INE0IID07744,125PCL28,F,,,,,PCL-12.5%-29-12-28-NCD,1007.99,1007.99,995.00,995.00,995.00,999.00,,995.00,,,510,513945.00,2,F1,1,,,,,
2026-07-30,2026-07-30,CM,BSE,STK,940839,INE0IID07751,1275PCL29,F,,,,,PCL-12.75%-29-12-29-NCD,966.00,970.00,940.80,940.80,940.80,998.00,,940.80,,,500,481024.00,17,F1,1,,,,,
2026-07-30,2026-07-30,CM,BSE,STK,940841,INE0IID07769,13PCL30A,F,,,,,PCL-13%-29-12-30-NCD,997.00,997.00,997.00,997.00,997.00,1007.99,,997.00,,,43,42871.00,1,F1,1,,,,,
2026-07-30,2026-07-30,CM,BSE,STK,940849,INE423A07534,875AEL29,F,,,,,AEL-8.75%-12-1-29-NCD,1050.00,1050.00,1050.00,1050.00,1050.00,1029.00,,1050.00,,,95,99750.00,4,F1,1,,,,,
2026-07-30,2026-07-30,CM,BSE,STK,940855,INE423A07526,890AEL31,F,,,,,AEL-8.90%-12-1-31-NCD,1050.00,1050.00,1046.00,1047.00,1047.00,1047.00,,1048.50,,,192,200972.00,10,F1,1,,,,,
2026-07-30,2026-07-30,CM,BSE,STK,940857,INE423A07542,AEL1212026,F,,,,,AEL-12-1-31-NCD,1029.57,1029.57,1011.00,1011.00,1011.00,1029.57,,1020.00,,,24,24296.00,3,F1,1,,,,,
2026-07-30,2026-07-30,CM,BSE,STK,940859,INE549K07HE1,837MFL28,F,,,,,MFL-8.37%-12-2-28-NCD,980.00,980.01,980.00,980.01,980.01,982.00,,980.01,,,90,88200.00,4,F1,1,,,,,
2026-07-30,2026-07-30,CM,BSE,STK,940862,INE549K07HG6,865MFL31,F,,,,,MFL-8.65%-12-2-31-NCD,970.00,970.00,970.00,970.00,970.00,980.00,,970.00,,,200,194000.00,5,F1,1,,,,,
2026-07-30,2026-07-30,CM,BSE,STK,940866,INE549K07HL6,87MFL28,F,,,,,MFL-8.7%-12-2-28-NCD,1012.00,1012.00,1010.52,1011.20,1011.20,1007.22,,1011.20,,,40,40429.00,3,F1,1,,,,,
2026-07-30,2026-07-30,CM,BSE,STK,940872,INE549K07HI2,91MFL32,F,,,,,MFL-9.1%-12-2-32-NCD,980.00,1004.45,970.00,975.00,975.00,980.00,,975.00,,,376,375422.00,13,F1,1,,,,,
2026-07-30,2026-07-30,CM,BSE,STK,940874,INE549K07HP7,MFL120226,F,,,,,MFL-12-2-28-NCD,1013.00,1013.80,1008.60,1008.60,1008.60,1013.80,,1008.60,,,75,75969.00,6,F1,1,,,,,
2026-07-30,2026-07-30,CM,BSE,STK,940884,INE403Q07GW2,850KFL28,F,,,,,KFL-8.50%-19-2-28-NCD,956.20,956.20,956.20,956.20,956.20,975.00,,956.20,,,10,9562.00,1,F1,1,,,,,
2026-07-30,2026-07-30,CM,BSE,STK,940886,INE403Q07GU6,9KFL2029,F,,,,,KFL-9%-19-2-29-NCD,982.00,982.00,952.00,952.00,952.00,975.12,,952.00,,,186,180151.00,10,F1,1,,,,,
2026-07-30,2026-07-30,CM,BSE,STK,940902,INE01CYA7260,11ICLFL29,F,,,,,ICLFL-11%-23-02-29--NCD,980.00,980.00,980.00,980.00,980.00,980.00,,980.00,,,5,4900.00,1,F1,1,,,,,
2026-07-30,2026-07-30,CM,BSE,STK,940906,INE01CYA7286,ICLFL23226,F,,,,,ICLFL-ZC-23-03-27-NCD,1020.80,1020.80,1012.81,1012.81,1012.81,1010.25,,1012.81,,,54,55099.00,3,F1,1,,,,,
2026-07-30,2026-07-30,CM,BSE,STK,940951,INE0IID07793,125PCL29,F,,,,,PCL-12.5%-16-3-29-NCD,1000.00,1000.00,996.00,996.00,996.00,1000.00,,996.00,,,110,109600.00,3,F1,1,,,,,
2026-07-30,2026-07-30,CM,BSE,STK,940955,INE0IID07785,13PCL31,F,,,,,PCL-13%-16-3-31-NCD,1000.00,1005.00,997.00,1000.00,1000.00,999.01,,1000.00,,,153,152679.00,7,F1,1,,,,,
2026-07-30,2026-07-30,CM,BSE,STK,940957,INE051307CJ7,1025CCIL27,F,,,,,CCIL-10.25%-18-09-27-NCD,961.80,996.99,961.80,996.99,996.99,961.80,,996.99,,,152,148906.00,3,F1,1,,,,,
2026-07-30,2026-07-30,CM,BSE,STK,940959,INE051307CG3,1080CCIL28,F,,,,,CCIL-10.80%-18-03-28-NCD,975.00,975.00,974.00,974.00,974.00,975.00,,974.00,,,7,6820.00,2,F1,1,,,,,
2026-07-30,2026-07-30,CM,BSE,STK,940975,INE532F07IY3,880EFSL29,F,,,,,EFSL-8.80%-18-3-29-NCD,990.99,990.99,990.99,990.99,990.99,969.98,,990.99,,,2,1981.00,1,F1,1,,,,,
2026-07-30,2026-07-30,CM,BSE,STK,940977,INE532F07IZ0,915EFSL29,F,,,,,EFSL-9.15%-18-3-29-NCD,991.50,991.50,991.50,991.50,991.50,990.00,,991.50,,,10,9915.00,1,F1,1,,,,,
2026-07-30,2026-07-30,CM,BSE,STK,940985,INE532F07IX5,EFSL180326B,F,,,,,EFSL-18-3-31-NCD,1010.00,1010.00,1010.00,1010.00,1010.00,982.20,,1010.00,,,20,20200.00,1,F1,1,,,,,
2026-07-30,2026-07-30,CM,BSE,STK,940987,INE532F07JA1,958EFSL36,F,,,,,EFSL-9.58%-18-3-36-NCD,997.00,997.00,980.20,980.20,980.20,1008.00,,980.20,,,65,64528.00,3,F1,1,,,,,
2026-07-30,2026-07-30,CM,BSE,STK,940991,INE549K07HR3,837MFL28A,F,,,,,MFL-8.37%-25-3-28-NCD,983.80,983.80,983.80,983.80,983.80,980.00,,983.80,,,165,162327.00,1,F1,1,,,,,
2026-07-30,2026-07-30,CM,BSE,STK,941015,INE01CYA7369,10ICLFL027,F,,,,,ICLFL-10%-28-05-27-NCD,975.00,975.00,975.00,975.00,975.00,984.80,,975.00,,,100,97500.00,4,F1,1,,,,,
2026-07-30,2026-07-30,CM,BSE,STK,941021,INE01CYA7385,115ICLFL31,F,,,,,ICLFL-11.50%-28-04-31-NCD,975.00,990.49,951.01,990.49,990.49,1000.00,,990.49,,,110,107165.00,6,F1,1,,,,,
2026-07-30,2026-07-30,CM,BSE,STK,941041,INE180C07296,893CGCL31,F,,,,,CGCL-8.93%-30-4-31-NCD,993.00,995.00,985.00,995.00,995.00,1000.50,,995.00,,,310,307280.00,12,F1,1,,,,,
2026-07-30,2026-07-30,CM,BSE,STK,941043,INE180C07338,930CGCL31,F,,,,,CGCL-9.30%-30-4-31-NCD,1010.00,1010.00,1010.00,1010.00,1010.00,1010.00,,1010.00,,,10,10100.00,1,F1,1,,,,,
2026-07-30,2026-07-30,CM,BSE,STK,941047,INE549K07IE9,851MFL28,F,,,,,MFL-8.51%-12-5-28-NCD,1000.00,1000.00,972.20,972.20,972.20,983.50,,972.20,,,77,75356.00,3,F1,1,,,,,
2026-07-30,2026-07-30,CM,BSE,STK,941049,INE549K07IF6,865MFL29,F,,,,,MFL-8.65%-12-5-29-NCD,990.00,990.00,990.00,990.00,990.00,990.00,,990.00,,,26,25740.00,2,F1,1,,,,,
2026-07-30,2026-07-30,CM,BSE,STK,941051,INE549K07IG4,879MFL31,F,,,,,MFL-8.79%-12-5-31-NCD,990.00,990.00,990.00,990.00,990.00,1075.00,,990.00,,,24,23760.00,4,F1,1,,,,,
2026-07-30,2026-07-30,CM,BSE,STK,941057,INE549K07IJ8,9MFL29,F,,,,,MFL-9%-12-5-29-NCD,995.00,995.00,995.00,995.00,995.00,990.00,,995.00,,,1,995.00,1,F1,1,,,,,
2026-07-30,2026-07-30,CM,BSE,STK,941059,INE549K07IK6,915MFL31,F,,,,,MFL-9.15%-12-5-31-NCD,999.98,999.98,999.98,999.98,999.98,999.99,,999.98,,,100,99998.00,1,F1,1,,,,,
2026-07-30,2026-07-30,CM,BSE,STK,941063,INE549K07IM2,MFL120526,F,,,,,MFL-12-5-28-NCD,987.80,987.80,987.80,987.80,987.80,985.00,,987.80,,,35,34573.00,1,F1,1,,,,,
2026-07-30,2026-07-30,CM,BSE,STK,941069,INE549K07ID1,MFL12526B,F,,,,,MFL-12-5-32-NCD,1000.00,1000.00,1000.00,1000.00,1000.00,999.00,,1000.00,,,5,5000.00,1,F1,1,,,,,
2026-07-30,2026-07-30,CM,BSE,STK,941075,INE403Q07HB4,925KFL29,F,,,,,KFL-9.25%-27-05-29-NCD,999.00,999.00,999.00,999.00,999.00,975.00,,999.00,,,1,999.00,1,F1,1,,,,,
2026-07-30,2026-07-30,CM,BSE,STK,941081,INE403Q07GZ5,KFL27526A,F,,,,,KFL-27-07-30-NCD,1011.00,1011.00,1011.00,1011.00,1011.00,990.00,,1011.00,,,5,5055.00,1,F1,1,,,,,
2026-07-30,2026-07-30,CM,BSE,STK,941089,INE05F407DX6,MML120626,F,,,,,MML-17-7-27-NCD,981.00,981.00,981.00,981.00,981.00,981.00,,981.00,,,10,9810.00,1,F1,1,,,,,
2026-07-30,2026-07-30,CM,BSE,STK,941119,INE532F07JF0,10EFSL036,F,,,,,EFSL-10%-16-6-36-NCD,998.00,998.00,998.00,998.00,998.00,998.00,,998.00,,,168,167664.00,5,F1,1,,,,,
2026-07-30,2026-07-30,CM,BSE,STK,941125,INE0IID07827,1275PCL31,F,,,,,PCL-12.75%-22-6-31-NCD,999.99,1000.00,999.65,999.65,999.65,999.95,,999.65,,,10765,10761498.00,10,F1,1,,,,,
2026-07-30,2026-07-30,CM,BSE,STK,941127,INE549K07IP5,851MFL2028,F,,,,,MFL-8.51%-7-7-28-NCD,979.00,981.00,979.00,981.00,981.00,979.00,,981.00,,,526,515644.00,9,F1,1,,,,,
2026-07-30,2026-07-30,CM,BSE,STK,941129,INE549K07JA5,865MFL2029,F,,,,,MFL-8.65%-7-7-29-NCD,970.00,985.00,966.05,975.05,975.05,980.00,,975.05,,,79,77529.00,6,F1,1,,,,,
2026-07-30,2026-07-30,CM,BSE,STK,941131,INE549K07IR1,879MFL2031,F,,,,,MFL-8.79%-7-7-31-NCD,980.00,980.00,976.00,976.00,976.00,984.00,,976.00,,,50,48807.00,3,F1,1,,,,,
2026-07-30,2026-07-30,CM,BSE,STK,941135,INE549K07IT7,885MFL2028,F,,,,,MFL-8.85%-7-7-28-NCD,985.10,985.10,980.10,985.00,985.00,985.00,,985.00,,,242,237390.00,9,F1,1,,,,,
2026-07-30,2026-07-30,CM,BSE,STK,941139,INE549K07IV3,915MFL2031,F,,,,,MFL-9.15%-7-7-31-NCD,990.00,990.00,985.00,990.00,990.00,985.00,,990.00,,,55,54350.00,6,F1,1,,,,,
2026-07-30,2026-07-30,CM,BSE,STK,941143,INE549K07IX9,MFL070726,F,,,,,MFL-7-7-28-NCD,980.00,980.00,980.00,980.00,980.00,975.00,,980.00,,,50,49000.00,1,F1,1,,,,,
2026-07-30,2026-07-30,CM,BSE,STK,941145,INE549K07IZ4,MFL70726,F,,,,,MFL-7-7-29-NCD,990.00,990.00,990.00,990.00,990.00,975.00,,990.00,,,10,9900.00,1,F1,1,,,,,
2026-07-30,2026-07-30,CM,BSE,STK,958025,INE00WJ08019,JFCZC28,F,,,,,JFC-ZC-27-6-28-PVT,10000000.00,10000000.00,10000000.00,10000000.00,10000000.00,10000000.00,,10000000.00,,,2,20000000.00,1,F1,1,,,,,
2026-07-30,2026-07-30,CM,BSE,STK,961728,INE906B07CB9,830NHAI27,F,,,,,830NHAI27,1080.00,1080.00,1079.30,1079.35,1079.35,1079.06,,1079.48,,,2123,2291471.00,7,F1,1,,,,,
2026-07-30,2026-07-30,CM,BSE,STK,961730,INE134E07208,830PFCL27,F,,,,,830PFC2027,1076.00,1076.00,1076.00,1076.00,1076.00,1077.00,,1076.25,,,95,102220.00,1,F1,1,,,,,
2026-07-30,2026-07-30,CM,BSE,STK,961779,INE020B07HS2,871REC28,F,,,,,871REC28,1114.50,1118.00,1114.50,1118.00,1118.00,1115.19,,1115.05,,,21,23408.00,2,F1,1,,,,,
2026-07-30,2026-07-30,CM,BSE,STK,961785,INE031A07949,876HUDCO28,F,,,,,876HUDCO28,1141.00,1141.00,1141.00,1141.00,1141.00,1141.00,,1140.98,,,200,228200.00,2,F1,1,,,,,
2026-07-30,2026-07-30,CM,BSE,STK,961792,INE848E07567,892NHPC33,F,,,,,892NHPC33,1260.00,1260.00,1260.00,1260.00,1260.00,1248.00,,1260.00,,,100,126000.00,1,F1,1,,,,,
2026-07-30,2026-07-30,CM,BSE,STK,961795,INE787H07289,838IIFCL28,F,,,,,838IIFCL28,1118.02,1118.02,1118.02,1118.02,1118.02,1114.00,,1118.02,,,700,782614.00,1,F1,1,,,,,
2026-07-30,2026-07-30,CM,BSE,STK,961796,INE787H07297,863IIFCL28,F,,,,,863IIFCL28,1118.25,1118.25,1118.25,1118.25,1118.25,1330.00,,1118.25,,,575,642993.00,1,F1,1,,,,,
2026-07-30,2026-07-30,CM,BSE,STK,961803,INE134E07448,879PFCL28,F,,,,,879PFC28,1135.00,1135.00,1135.00,1135.00,1135.00,1127.00,,1135.00,,,100,113500.00,1,F1,1,,,,,
2026-07-30,2026-07-30,CM,BSE,STK,961804,INE134E07463,892PFCL33,F,,,,,892PFC33,1278.00,1278.00,1277.10,1277.55,1277.10,1277.00,,1277.20,,,2,2555.00,2,F1,1,,,,,
2026-07-30,2026-07-30,CM,BSE,STK,961816,INE031A07AB2,901HUDCO34,F,,,,,901HUDCO34,1276.01,1276.01,1276.01,1276.01,1276.01,1280.00,,1284.71,,,1,1276.00,1,F1,1,,,,,
2026-07-30,2026-07-30,CM,BSE,STK,961818,INE787H07339,848IIFC29A,F,,,,,848IIFCL29B,1112.06,1112.06,1112.06,1112.06,1112.06,1095.00,,1112.06,,,350,389221.00,1,F1,1,,,,,
2026-07-30,2026-07-30,CM,BSE,STK,961822,INE787H07370,891IIFCL34,F,,,,,891IIFCL34,1253.00,1253.00,1250.50,1250.50,1250.50,1250.00,,1252.00,,,389,487253.00,4,F1,1,,,,,
2026-07-30,2026-07-30,CM,BSE,STK,961830,INE053F07686,865IRFC29,F,,,,,IRFC-8.65%-18-2-29-NCD,1103.00,1103.00,1101.45,1101.45,1101.45,1102.00,,1103.00,,,210,231325.00,3,F1,1,,,,,
2026-07-30,2026-07-30,CM,BSE,STK,961839,INE202E07138,880IREDA29,F,,,,,IREDA-8.80%-13-03-29-BOND,1125.00,1125.00,1125.00,1125.00,1125.00,1122.00,,1125.00,,,1,1125.00,1,F1,1,,,,,
2026-07-30,2026-07-30,CM,BSE,STK,961853,INE363O07103,900KPL34,F,,,,,KPL-9%-25-3-34-TFBOND,1247.00,1247.00,1247.00,1247.00,1247.00,1250.00,,1247.00,,,20,24940.00,1,F1,1,,,,,
2026-07-30,2026-07-30,CM,BSE,STK,961863,INE031A07AG1,898HUDCO29,F,,,,,HUDCO-8.98%-24-3-29-TFBOND,1137.10,1153.50,1137.10,1153.50,1153.50,1140.00,,1153.50,,,301,342760.00,9,F1,1,,,,,
2026-07-30,2026-07-30,CM,BSE,STK,961897,INE787H07438,880IIFCL34,F,,,,,IIFCL-8.8%-27-3-24-TFBOND,1241.00,1241.00,1241.00,1241.00,1241.00,1240.00,,1241.00,,,50,62050.00,1,F1,1,,,,,
2026-07-30,2026-07-30,CM,BSE,STK,972715,INE039A09OG1,916IFCI27,F,,,,,IFCI-9.16%-IV-15-2-27-C-PVT,17190.51,17207.00,17190.51,17207.00,17207.00,17190.54,,17207.00,,,52,894231.00,7,F1,1,,,,,
2026-07-30,2026-07-30,CM,BSE,STK,972716,INE039A09OH9,916IFCI27A,F,,,,,IFCI-9.16%-IV-15-2-27-D-PVT,5110.07,5110.09,5110.07,5110.09,5110.09,5110.02,,5110.09,,,8,40880.00,2,F1,1,,,,,
2026-07-30,2026-07-30,CM,BSE,STK,972721,INE039A09OW8,872IFCI27,F,,,,,IFCI-8.72%-V-31-3-27-C-PVT,15980.00,15980.50,15980.00,15980.50,15980.50,16000.00,,15980.50,,,4,63921.00,3,F1,1,,,,,
2026-07-30,2026-07-30,CM,BSE,STK,972773,INE039A09PP9,990IFCI37D,F,,,,,990IFCI37D,28000.00,28000.00,28000.00,28000.00,28000.00,27872.00,,28000.00,,,32,896000.00,1,F1,4,,,,,
2026-07-30,2026-07-30,CM,BSE,STK,972878,INE039A09PU9,876IFCI29,F,,,,,IFCI-8.76%-IB-31-3-29-PVT,1045000.00,1070000.00,1045000.00,1045000.00,1045000.00,1016000.00,,1045000.00,,,8,8491000.00,5,F1,1,,,,,
2026-07-30,2026-07-30,CM,BSE,STK,973491,INE516Y07444,675PFL31,F,,,,,PFL-6.75%-26-9-31-PVT,745.50,745.50,745.35,745.35,745.35,745.30,,745.35,,,165,122997.00,3,F1,1,,,,,
2026-07-30,2026-07-30,CM,BSE,STK,973883,INE540P07434,97UPPCL32,F,,,,,UPCL-9.7%-22-3-32-PVT,1065000.01,1065000.01,1065000.01,1065000.01,1065000.01,1070000.00,,1065000.01,,,1,1065000.00,1,F1,1,,,,,
2026-07-30,2026-07-30,CM,BSE,STK,974634,INE468N07615,EELZC27,F,,,,,EEL-ZC-26-2-27-PVT,141100.00,141100.00,140690.00,140690.00,140690.00,140649.00,,140690.00,,,18,2536021.00,4,F1,1,,,,,
2026-07-30,2026-07-30,CM,BSE,STK,974654,INE348L08082,1075MFSL28,F,,,,,MFSL-10.75%-10-10-28-PVT,100000.00,100000.00,100000.00,100000.00,100000.00,99500.00,,100000.00,,,1,100000.00,1,F1,1,,,,,
2026-07-30,2026-07-30,CM,BSE,STK,974749,INE760I07086,1055MECL33,F,,,,,MECL-10.55%-3-4-33-PVT,111500.00,111500.00,111500.00,111500.00,111500.00,110001.00,,111500.00,,,1,111500.00,1,F1,1,,,,,
2026-07-30,2026-07-30,CM,BSE,STK,974963,INE519Q08178,1075AUSF29,F,,,,,AUSFB-10.75%-5-1-29-PVT,105242.74,105242.74,105242.74,105242.74,105242.74,103870.87,,105242.74,,,10,1052427.00,1,F1,1,,,,,
2026-07-30,2026-07-30,CM,BSE,STK,974998,INE515Q08226,1240AFPL29,F,,,,,AFPL-12.40%-24-4-29-PVT,102501.00,102501.00,102501.00,102501.00,102501.00,103001.00,,102501.00,,,6,615006.00,2,F1,1,,,,,
2026-07-30,2026-07-30,CM,BSE,STK,975059,INE572J07612,1075SSFL26,F,,,,,SSFL-10.75%-4-9-26-PVT,109711.00,109711.00,109711.00,109711.00,109711.00,109711.00,,109711.00,,,2,219422.00,2,F1,1,,,,,
2026-07-30,2026-07-30,CM,BSE,STK,975107,INE420C07049,995PDL26,F,,,,,PDL-9.95%-26-9-26-PVT,100705.65,100705.65,100705.65,100705.65,100705.65,100705.65,,100705.65,,,4,402822.00,3,F1,1,,,,,
2026-07-30,2026-07-30,CM,BSE,STK,975229,INE982X08091,1420SML29,F,,,,,SML-14.20%-30-4-29-PVT,96500.00,96500.00,96500.00,96500.00,96500.00,96500.00,,96500.00,,,1,96500.00,1,F1,1,,,,,
2026-07-30,2026-07-30,CM,BSE,STK,975239,INE342T07429,1025NFL26,F,,,,,NFL-10.25%-31-12-26-PVT,99500.00,99750.00,99500.00,99687.50,99750.00,98695.85,,99687.50,,,4,398750.00,4,F1,1,,,,,
2026-07-30,2026-07-30,CM,BSE,STK,975280,INE612U08041,13EFL29,F,,,,,EFL-13%-28-6-29-PVT,105300.00,105300.00,105300.00,105300.00,105300.00,105001.00,,105300.00,,,1,105300.00,1,F1,1,,,,,
2026-07-30,2026-07-30,CM,BSE,STK,975306,INE01ZK07KC5,1050HFL27B,F,,,,,HFLTD-10.50%-5-10-27-PVT,99942.50,99942.50,99942.50,99942.50,99942.50,99913.70,,99942.50,,,11,1099367.00,2,F1,1,,,,,
2026-07-30,2026-07-30,CM,BSE,STK,975375,INE982X08109,1385SML29,F,,,,,SML-13.85%-12-7-29-PVT,95600.00,96200.00,95600.00,96200.00,96200.00,95601.00,,96200.00,,,7,671442.00,5,F1,1,,,,,
2026-07-30,2026-07-30,CM,BSE,STK,975572,INE468N07BD3,EEL280324A,F,,,,,EEL-26-11-27-PVT,155488.00,155488.00,126412.00,150432.00,150432.00,147109.00,,150432.00,,,3,432332.00,3,F1,1,,,,,
2026-07-30,2026-07-30,CM,BSE,STK,975625,INE101Q07AQ7,10MML27A,F,,,,,MML-10%-25-4-27-PVT,99040.00,99040.00,99040.00,99040.00,99040.00,100000.00,,99040.00,,,1,99040.00,1,F1,1,,,,,
2026-07-30,2026-07-30,CM,BSE,STK,975662,INE296G07150,10MCSL27A,F,,,,,MCSL-10%-16-5-27-PVT,99500.00,99500.00,99500.00,99500.00,99500.00,99995.95,,99500.00,,,2,199000.00,2,F1,1,,,,,
2026-07-30,2026-07-30,CM,BSE,STK,975663,INE501X07588,1050AFL26,F,,,,,AFL-10.50%-17-11-26-PVT,100200.00,100200.00,100200.00,100200.00,100200.00,100081.02,,100200.00,,,1,100200.00,1,F1,1,,,,,
2026-07-30,2026-07-30,CM,BSE,STK,975690,INE146O08266,950HLFL29,F,,,,,HLFL-9.50%-29-11-29-PVT,105680.00,105680.00,105600.00,105600.00,105600.00,101505.00,,105600.00,,,2,211280.00,2,F1,1,,,,,
2026-07-30,2026-07-30,CM,BSE,STK,975905,INE468N07BI2,EEL130827,F,,,,,EEL-13-8-27-PVT,120558.00,120558.00,120558.00,120558.00,120558.00,120527.00,,120558.00,,,1,120558.00,1,F1,1,,,,,
2026-07-30,2026-07-30,CM,BSE,STK,976048,INE179P07548,11DKGF26,F,,,,,DKGFSPL-11%-27-12-26-PVT,2500.00,2500.00,2487.04,2487.04,2487.04,2500.00,,2487.04,,,68,169896.00,7,F1,1,,,,,
2026-07-30,2026-07-30,CM,BSE,STK,976113,INE090W07709,1325LFL26,F,,,,,LFL-13.25%-15-9-26-PVT,17254.54,17254.54,17254.54,17254.54,17254.54,17212.77,,17254.54,,,5,86272.00,1,F1,1,,,,,
2026-07-30,2026-07-30,CM,BSE,STK,976173,INE859C07204,990IKFFL27,F,,,,,IKFFL-9.90%-15-3-27-PVT,102633.44,102633.44,102633.44,102633.44,102633.44,103240.69,,102633.44,,,1,102633.00,1,F1,1,,,,,
2026-07-30,2026-07-30,CM,BSE,STK,976228,INE549K08517,1045MFL33,F,,,,,MFL-10.45%-11-3-33-PVT,10135.00,10135.00,10135.00,10135.00,10135.00,10115.00,,10135.00,,,9,91215.00,1,F1,1,,,,,
2026-07-30,2026-07-30,CM,BSE,STK,976261,INE348L07241,96MFSL26,F,,,,,MASFSL-9.60%-23-12-26-PVT,9951.00,9951.00,9951.00,9951.00,9951.00,9951.00,,9951.00,,,30,298530.00,1,F1,1,,,,,
2026-07-30,2026-07-30,CM,BSE,STK,976325,INE342T07544,1075NFL27,F,,,,,NFL-10.75%-31-12-27-PVT,10031.00,10031.00,10000.00,10012.67,10030.00,10045.47,,10012.67,,,304,3048284.00,22,F1,1,,,,,
2026-07-30,2026-07-30,CM,BSE,STK,976377,INE468N07BM4,EEL310125,F,,,,,EEL-DISC-31-1-28-PVT,115294.00,115294.00,115294.00,115294.00,115294.00,115113.00,,115294.00,,,1,115294.00,1,F1,1,,,,,
2026-07-30,2026-07-30,CM,BSE,STK,976411,INE08XP07282,12ACAPL28,F,,,,,ACAPL-12%-14-8-28-PVT,97799.99,97799.99,97799.99,97799.99,97799.99,98000.00,,97799.99,,,2,195599.00,2,F1,1,,,,,
2026-07-30,2026-07-30,CM,BSE,STK,976427,INE882Z08023,1115MHF30,F,,,,,MHFCL-11.15%-20-8-30-PVT,101300.01,101300.01,101300.01,101300.01,101300.01,101300.01,,101300.01,,,5,506500.00,2,F1,1,,,,,
2026-07-30,2026-07-30,CM,BSE,STK,976437,INE342T07569,1060NFL27,F,,,,,NFL-10.60%-21-5-27-PVT,10005.00,10060.00,10005.00,10059.99,10059.99,9999.06,,10059.99,,,63,631244.00,8,F1,1,,,,,
2026-07-30,2026-07-30,CM,BSE,STK,976445,INE836K07189,EFCL250225,F,,,,,EFCL-27-4-27-PVT,153488.00,153488.00,153488.00,153488.00,153488.00,148370.00,,153488.00,,,1,153488.00,1,F1,1,,,,,
2026-07-30,2026-07-30,CM,BSE,STK,976448,INE01YL07334,1090ESP26A,F,,,,,ESPL-10.90%-4-2-26-PVT,99811.00,99811.00,99811.00,99811.00,99811.00,99901.00,,99811.00,,,3,299433.00,3,F1,1,,,,,
2026-07-30,2026-07-30,CM,BSE,STK,976455,INE939X07176,115MFL26A,F,,,,,MFL-11.5%-28-9-26-PVT,9990.63,9990.63,9990.63,9990.63,9990.63,9997.58,,9990.63,,,5,49953.00,1,F1,1,,,,,
2026-07-30,2026-07-30,CM,BSE,STK,976483,INE0NES07162,113KFL27,F,,,,,KFL-11.30%-6-3-27-PVT,96700.00,96700.00,96700.00,96700.00,96700.00,96700.00,,96700.00,,,1,96700.00,1,F1,1,,,,,
2026-07-30,2026-07-30,CM,BSE,STK,976492,INE296Q07118,1175MBFL27,F,,,,,MFL-11.75%-13-3-27-PVT,7201.00,7250.00,7201.00,7250.00,7250.00,8985.60,,7250.00,,,18,130451.00,2,F1,1,,,,,
2026-07-30,2026-07-30,CM,BSE,STK,976526,INE101Q07BA9,10MMLD28,F,,,,,MML-10%-21-3-28-PVT,9930.00,9930.00,9930.00,9930.00,9930.00,9929.99,,9930.00,,,6,59580.00,2,F1,1,,,,,
2026-07-30,2026-07-30,CM,BSE,STK,976533,INE01YL07342,109ESPL27,F,,,,,ESPL-10.9%-4-1-27-PVT,99761.00,99761.00,99761.00,99761.00,99761.00,99851.00,,99761.00,,,2,199522.00,2,F1,1,,,,,
2026-07-30,2026-07-30,CM,BSE,STK,976535,INE836K07221,EFCL25325,F,,,,,EFCL-21-04-28-PVT,113712.00,113712.00,113712.00,113712.00,113712.00,113682.00,,113712.00,,,1,113712.00,1,F1,1,,,,,
2026-07-30,2026-07-30,CM,BSE,STK,976560,INE385W07042,10DCAL27,F,,,,,DCAL-10%-26-03-27-PVT,99704.55,100350.00,99704.55,100350.00,100350.00,99000.00,,100350.00,,,3,300404.00,3,F1,1,,,,,
2026-07-30,2026-07-30,CM,BSE,STK,976577,INE04VS07388,975OFSL27C,F,,,,,OFSL-9.75%-27-3-27-PVT,31500.00,36000.00,31500.00,36000.00,36000.00,31004.00,,36000.00,,,5,165500.00,5,F1,1,,,,,
2026-07-30,2026-07-30,CM,BSE,STK,976597,INE545L07036,1290MCFL27,F,,,,,MCFL-12.90%-3-10-27-PVT,100027.88,100027.88,100027.88,100027.88,100027.88,99958.79,,100027.88,,,3,300083.00,3,F1,1,,,,,
2026-07-30,2026-07-30,CM,BSE,STK,976600,INE076I07038,11RDCCIL28,F,,,,,RDCCIL-11%-02-04-28-PVT,98577.55,98577.55,98577.55,98577.55,98577.55,99036.64,,98577.55,,,7,690042.00,3,F1,1,,,,,
2026-07-30,2026-07-30,CM,BSE,STK,976653,INE0NES07170,1130KFL27A,F,,,,,KFL-11.30%-30-01-27-PVT,28455.21,28455.21,28455.21,28455.21,28455.21,25000.00,,28455.21,,,1,28455.00,1,F1,1,,,,,
2026-07-30,2026-07-30,CM,BSE,STK,976685,INE939X07192,1125MFL27,F,,,,,MFL-11.25%-9-2-27-PVT,9940.55,9940.55,9940.55,9940.55,9940.55,9911.00,,9940.55,,,41,407562.00,1,F1,1,,,,,
2026-07-30,2026-07-30,CM,BSE,STK,976708,INE836K07262,EFCL210525,F,,,,,EFCL-20-7-28-PVT,113044.00,113044.00,113044.00,113044.00,113044.00,113016.00,,113044.00,,,1,113044.00,1,F1,1,,,,,
2026-07-30,2026-07-30,CM,BSE,STK,976751,INE0BUS07BU1,1125IML27,F,,,,,IML-11.25%-03-02-27-PVT,98078.00,117019.00,98078.00,117019.00,117019.00,99900.00,,117019.00,,,2,215097.00,2,F1,1,,,,,
2026-07-30,2026-07-30,CM,BSE,STK,976752,INE420C07130,10PDL27,F,,,,,PDL-10%-3-6-27-PVT,99299.97,99299.97,99299.97,99299.97,99299.97,99504.11,,99299.97,,,3,297899.00,2,F1,1,,,,,
2026-07-30,2026-07-30,CM,BSE,STK,976767,INE01HV07551,986VCL27A,F,,,,,VCL-9.86%-06-01-27,10162.22,10162.22,10162.22,10162.22,10162.22,10106.91,,10162.22,,,7,71135.00,1,F1,1,,,,,
2026-07-30,2026-07-30,CM,BSE,STK,976776,INE0NES07188,112KFL26,F,,,,,KFL-11.20%-11-12-26-PVT,98162.47,100000.00,98162.47,100000.00,100000.00,99195.00,,100000.00,,,301,29548741.00,2,F1,1,,,,,
2026-07-30,2026-07-30,CM,BSE,STK,976789,INE605Y07205,970AXFPL28,F,,,,,AXFPL-9.70%-13-6-28-PVT,100141.52,100141.52,100141.52,100141.52,100141.52,103533.31,,100141.52,,,1,100141.00,1,F1,1,,,,,
2026-07-30,2026-07-30,CM,BSE,STK,976791,INE04VS07420,950OFSL26,F,,,,,OFSL-9.50%-14-12-26-PVT,100411.00,100411.00,100411.00,100411.00,100411.00,100000.00,,100411.00,,,1,100411.00,1,F1,1,,,,,
2026-07-30,2026-07-30,CM,BSE,STK,976792,INE04VS07438,960OFSL27,F,,,,,OFSL-9.60%-14-6-27-PVT,100598.87,100598.87,100598.87,100598.87,100598.87,100486.14,,100598.87,,,1,100598.00,1,F1,1,,,,,
2026-07-30,2026-07-30,CM,BSE,STK,976808,INE342T07601,1075NFL28,F,,,,,NFL-10.75%-19-8-28-PVT,10009.01,10060.00,10009.01,10060.00,10060.00,10060.00,,10060.00,,,14,140723.00,5,F1,1,,,,,
2026-07-30,2026-07-30,CM,BSE,STK,976831,INE0NES07204,1140KFL28,F,,,,,KFL-11.40%-25-06-28-PVT,97501.00,97501.00,97501.00,97501.00,97501.00,97500.00,,97501.00,,,1,97501.00,1,F1,1,,,,,
2026-07-30,2026-07-30,CM,BSE,STK,976855,INE342T07619,10NFL27,F,,,,,NFL-10%-25-03-27-PVT,99475.00,100000.00,98909.00,98909.00,98909.00,99001.11,,98909.00,,,3,298384.00,3,F1,1,,,,,
2026-07-30,2026-07-30,CM,BSE,STK,976857,INE01ZK07KQ5,1025HFL30,F,,,,,HFL-10.25%-26-12-30-PVT,99915.75,99915.75,99915.75,99915.75,99915.75,99663.01,,99915.75,,,1,99915.00,1,F1,1,,,,,
2026-07-30,2026-07-30,CM,BSE,STK,976859,INE01ZK07KR3,10HFL29,F,,,,,HFL-10%-26-2-29-PVT,99945.21,99945.21,99945.21,99945.21,99945.21,99890.41,,99945.21,,,1,99945.00,1,F1,1,,,,,
2026-07-30,2026-07-30,CM,BSE,STK,976868,INE08XP07324,125ACAP28,F,,,,,ACAPL-12.5%-27-12-28-PVT,96800.00,96800.00,96800.00,96800.00,96800.00,96800.00,,96800.00,,,5,484000.00,4,F1,1,,,,,
2026-07-30,2026-07-30,CM,BSE,STK,976870,INE101Q07BI2,10MML2028,F,,,,,MML-10%-27-06-28-PVT,9843.71,9843.71,9843.71,9843.71,9843.71,9900.00,,9843.71,,,25,246092.00,2,F1,1,,,,,
2026-07-30,2026-07-30,CM,BSE,STK,976924,INE179P07597,11DKGFS27,F,,,,,DKGFSPL-11%-18-7-27-PVT,9703.00,9703.00,9702.00,9702.20,9702.00,9700.00,,9702.20,,,5,48511.00,2,F1,1,,,,,
2026-07-30,2026-07-30,CM,BSE,STK,976928,INE0BUS07BW7,1125IMLD27,F,,,,,IML-11.25%-23-4-27-PVT,99805.95,99805.95,99805.95,99805.95,99805.95,97000.00,,99805.95,,,6,598835.00,3,F1,1,,,,,
2026-07-30,2026-07-30,CM,BSE,STK,976933,INE296G07291,95MCSL27,F,,,,,MCSL-9.5%-23-7-27-PVT,99390.00,100175.95,99390.00,100175.95,100175.95,98050.95,,100175.95,,,2,199565.00,2,F1,1,,,,,
2026-07-30,2026-07-30,CM,BSE,STK,976968,INE836K07312,EFCL300725,F,,,,,EFCL-30-10-28-PVT,109500.00,109500.00,109500.00,109500.00,109500.00,109473.00,,109500.00,,,1,109500.00,1,F1,1,,,,,
2026-07-30,2026-07-30,CM,BSE,STK,976976,INE01YL07383,1070ESPL27,F,,,,,ESPL-10.70%-5-3-27-PVT,99550.00,99550.00,99550.00,99550.00,99550.00,99550.01,,99550.00,,,6,597300.00,2,F1,1,,,,,
2026-07-30,2026-07-30,CM,BSE,STK,976985,INE0K0Y08011,0MCIBPL27,F,,,,,MCIBPL-ZC-05-08-27-PVT,105000.00,110810.00,105000.00,110810.00,110810.00,110499.99,,110810.00,,,52,5750500.00,3,F1,1,,,,,
2026-07-30,2026-07-30,CM,BSE,STK,977008,INE658F08458,967KIIFB31,F,,,,,KIIFB-9.67%-8-8-31-PVT,102990.00,102990.00,102990.00,102990.00,102990.00,102500.00,,102990.00,,,1,102990.00,1,F1,1,,,,,
2026-07-30,2026-07-30,CM,BSE,STK,977017,INE342T07635,1030NFL27,F,,,,,NFL-10.30%-30-09-27-PVT,10000.00,10000.00,9960.00,9984.00,9984.00,9966.51,,9984.00,,,119,1187498.00,21,F1,1,,,,,
2026-07-30,2026-07-30,CM,BSE,STK,977022,INE07HK07825,1065KSL27,F,,,,,KSL-10.65%-12-08-27-PVT,99999.00,100000.00,99650.00,100000.00,100000.00,99999.00,,100000.00,,,107,10668749.00,17,F1,1,,,,,
2026-07-30,2026-07-30,CM,BSE,STK,977040,INE939X07234,1095MBFL27,F,,,,,MBFL-10.95%-20-10-27-PVT,100095.00,100100.00,100095.00,100100.00,100100.00,99500.00,,100100.00,,,2,200195.00,2,F1,1,,,,,
2026-07-30,2026-07-30,CM,BSE,STK,977044,INE0NES07261,111KFL27,F,,,,,KFL-11.10%-19-8-27-PVT,9822.00,9822.00,9822.00,9822.00,9822.00,9910.00,,9822.00,,,1,9822.00,1,F1,1,,,,,
2026-07-30,2026-07-30,CM,BSE,STK,977093,INE138I08109,0MSFL27,F,,,,,MSFL-0%-9-9-27-PVT,109268.00,109268.00,109268.00,109268.00,109268.00,109000.00,,109268.00,,,5,546340.00,2,F1,1,,,,,
2026-07-30,2026-07-30,CM,BSE,STK,977117,INE583D08081,1165UCL31,F,,,,,UCL-11.65%-15-3-31-PVT,98000.00,98000.00,97750.00,97966.31,97989.99,97999.99,,97966.31,,,35,3425809.00,15,F1,1,,,,,
2026-07-30,2026-07-30,CM,BSE,STK,977123,INE07HK07841,1045KSL27,F,,,,,KSL-10.45%-16-03-27-PVT,100870.01,100870.01,100870.01,100870.01,100870.01,101020.00,,100870.01,,,4,403480.00,3,F1,1,,,,,
2026-07-30,2026-07-30,CM,BSE,STK,977200,INE146O08399,925HLFL31,F,,,,,HLFL-9.25%-9-7-31-PVT,107050.00,107050.00,107050.00,107050.00,107050.00,107000.00,,107050.00,,,4,428200.00,2,F1,1,,,,,
2026-07-30,2026-07-30,CM,BSE,STK,977226,INE0JZO07032,1350LLD29,F,,,,,LLDL-13.50%-30-01-29-PVT,101675.00,101680.00,101650.00,101660.00,101650.00,101100.00,,101660.00,,,6,609975.00,4,F1,1,,,,,
2026-07-30,2026-07-30,CM,BSE,STK,977228,INE583D07612,975UCL27,F,,,,,UCL-9.75%-15-10-27-PVT,9978.61,9978.61,9978.61,9978.61,9978.61,9978.61,,9978.61,,,10,99786.00,1,F1,1,,,,,
2026-07-30,2026-07-30,CM,BSE,STK,977241,INE0NES07287,1140KRFL27,F,,,,,KRFL-11.40%-24-10-27-PVT,9856.00,9882.68,9781.01,9870.87,9882.68,9874.94,,9870.87,,,266,2624419.00,22,F1,1,,,,,
2026-07-30,2026-07-30,CM,BSE,STK,977249,INE101Q07BS1,930MML28,F,,,,,MML-9.30%-27-1-28-PVT,9850.30,9950.00,9850.30,9950.00,9950.00,9864.00,,9950.00,,,13,128253.00,3,F1,1,,,,,
2026-07-30,2026-07-30,CM,BSE,STK,977260,INE08XP07407,13ACAPL28,F,,,,,ACAPL-13%-29-10-28-PVT,10000.00,10000.00,10000.00,10000.00,10000.00,9999.00,,10000.00,,,10,100000.00,1,F1,1,,,,,
2026-07-30,2026-07-30,CM,BSE,STK,977280,INE046W07305,98MML27A,F,,,,,MML-9.8%-4-11-27-PVT,74689.00,74800.00,74680.00,74700.00,74700.00,74812.46,,74700.00,,,5,373549.00,4,F1,1,,,,,
2026-07-30,2026-07-30,CM,BSE,STK,977289,INE046W07321,10MML28,F,,,,,MML-10%-11-11-28-PVT,99300.00,99500.00,99300.00,99500.00,99500.00,99300.00,,99500.00,,,40,3978000.00,8,F1,1,,,,,
2026-07-30,2026-07-30,CM,BSE,STK,977309,INE08XP07423,12ACAPL27B,F,,,,,ACAPL-12%-21-05-27-PVT,9850.00,9880.00,9850.00,9880.00,9880.00,9831.00,,9880.00,,,21,207420.00,2,F1,1,,,,,
2026-07-30,2026-07-30,CM,BSE,STK,977325,INE884Q07814,1075MML27B,F,,,,,MML-10.75%-27-11-27-PVT,98500.00,98750.00,98500.00,98562.50,98750.00,98399.50,,98562.50,,,4,394250.00,2,F1,1,,,,,
2026-07-30,2026-07-30,CM,BSE,STK,977330,INE296Q07159,1020MFL27,F,,,,,MFL-10.20%-28-11-27-PVT,9701.00,9701.00,9660.00,9660.00,9660.00,9601.00,,9660.00,,,5,48464.00,5,F1,1,,,,,
2026-07-30,2026-07-30,CM,BSE,STK,977331,INE07HK07866,1050KSL27,F,,,,,KSL-10.50%-2-12-27-PVT,101141.10,101141.10,99750.01,99750.01,99750.01,100900.00,,99750.01,,,5,501782.00,3,F1,1,,,,,
2026-07-30,2026-07-30,CM,BSE,STK,977333,INE104W07229,1155KFL27,F,,,,,KFL-11.55%-28-11-27-PVT,98500.00,99165.11,98442.43,99165.11,99165.11,99470.00,,99165.11,,,4,394607.00,4,F1,1,,,,,
2026-07-30,2026-07-30,CM,BSE,STK,977335,INE721A07SQ8,SFL011225,F,,,,,SFL-3-5-29-PVT,103554.80,103554.80,103554.80,103554.80,103554.80,103489.30,,103554.80,,,45,4659966.00,1,F1,1,,,,,
2026-07-30,2026-07-30,CM,BSE,STK,977367,INE08XP07431,12ACAP27,F,,,,,ACAPL-12%-11-6-27-PVT,9822.00,9959.99,9822.00,9959.99,9959.99,9822.00,,9959.99,,,12,119243.00,2,F1,1,,,,,
2026-07-30,2026-07-30,CM,BSE,STK,977382,INE583D07638,999UCL29,F,,,,,UCL-9.99%-16-06-29-PVT,9970.00,9970.00,9970.00,9970.00,9970.00,9970.00,,9970.00,,,200,1994000.00,9,F1,1,,,,,
2026-07-30,2026-07-30,CM,BSE,STK,977383,INE08XP07449,1250ACAP27,F,,,,,ACAPL-12.50%-17-01-27-PVT,4713.42,4713.42,4605.05,4630.31,4630.80,4621.00,,4630.31,,,135,627266.00,20,F1,1,,,,,
2026-07-30,2026-07-30,CM,BSE,STK,977396,INE08E807142,1050SRFC28,F,,,,,SRFCPL-10.50%-22-01-28-PVT,97550.55,97550.55,97550.55,97550.55,97550.55,99999.00,,97550.55,,,1,97550.00,1,F1,1,,,,,
2026-07-30,2026-07-30,CM,BSE,STK,977397,INE08E807134,1065SRFC28,F,,,,,SFCPL-10.65%-22-6-28-PVT,97560.56,97560.56,97560.55,97560.56,97560.55,100650.55,,97560.56,,,2,195121.00,2,F1,1,,,,,
2026-07-30,2026-07-30,CM,BSE,STK,977417,INE229U07160,1135NFL27,F,,,,,NFL-11.35%-30-12-27-PVT,80000.00,80000.00,80000.00,80000.00,80000.00,100000.00,,80000.00,,,1,80000.00,1,F1,1,,,,,
2026-07-30,2026-07-30,CM,BSE,STK,977424,INE0K0Y08037,0MCIBPL27A,F,,,,,MCIBPL-ZC-31-12-27-PVT,105050.00,105500.00,105050.00,105500.00,105500.00,105000.00,,105500.00,,,3,316050.00,3,F1,1,,,,,
2026-07-30,2026-07-30,CM,BSE,STK,977440,INE0JZO07040,13LLDL29,F,,,,,LLDL-13%-30-1-29-PVT,100300.00,100300.00,100296.00,100296.00,100296.00,100290.00,,100296.00,,,4,401188.00,2,F1,1,,,,,
2026-07-30,2026-07-30,CM,BSE,STK,977456,INE836B07907,1015SCNL28,F,,,,,SCNL-10.15%-13-7-28-PVT,9950.00,9950.00,9950.00,9950.00,9950.00,9900.00,,9950.00,,,3,29850.00,3,F1,1,,,,,
2026-07-30,2026-07-30,CM,BSE,STK,977464,INE612U08066,1125EFL31,F,,,,,EFL-11.25%-16-7-31-PVT,101000.00,101000.00,101000.00,101000.00,101000.00,0.00,,101000.00,,,2,202000.00,1,F1,1,,,,,
2026-07-30,2026-07-30,CM,BSE,STK,977468,INE658F08508,930KIIFB30,F,,,,,KIIFB-9.30%-21-01-30-PVT,101500.00,101500.00,101500.00,101500.00,101500.00,101500.00,,101500.00,,,1,101500.00,1,F1,1,,,,,
2026-07-30,2026-07-30,CM,BSE,STK,977470,INE658F08565,930KIIFB32,F,,,,,KIIFB-9.30%-21-01-32-PVT,101900.00,101985.00,101900.00,101985.00,101985.00,101839.32,,101985.00,,,3,305785.00,2,F1,1,,,,,
2026-07-30,2026-07-30,CM,BSE,STK,977471,INE658F08516,930KIIFB33,F,,,,,KIIFB-9.30%-21-01-33-PVT,102316.55,102316.55,102316.55,102316.55,102316.55,102095.89,,102316.55,,,5,511582.00,1,F1,1,,,,,
2026-07-30,2026-07-30,CM,BSE,STK,977474,INE658F08557,930KIIFB36,F,,,,,KIIFB-9.30%-21-01-36-PVT,102996.55,102996.55,102996.55,102996.55,102996.55,102970.87,,102996.55,,,1,102996.00,1,F1,1,,,,,
2026-07-30,2026-07-30,CM,BSE,STK,977477,INE342T07668,1075NFL28A,F,,,,,NFL-10.75%-31-12-28-PVT,10055.00,10060.00,10036.00,10060.00,10060.00,10060.00,,10060.00,,,290,2916918.00,14,F1,1,,,,,
2026-07-30,2026-07-30,CM,BSE,STK,977488,INE836B08319,12SCNL31,F,,,,,SCNL-12%-23-07-31-PVT,99000.00,99000.00,99000.00,99000.00,99000.00,99000.00,,99000.00,,,16,1584000.00,10,F1,1,,,,,
2026-07-30,2026-07-30,CM,BSE,STK,977495,INE836K07320,0EFCL29,F,,,,,EFCL-ZC-30-4-29-PVT,104479.99,104479.99,104479.99,104479.99,104479.99,104568.00,,104479.99,,,1,104479.00,1,F1,1,,,,,
2026-07-30,2026-07-30,CM,BSE,STK,977534,INE08XP07464,1250ACAPL29,F,,,,,ACAPL-12.50%-06-02-29-PVT,9889.31,9889.31,9889.31,9889.31,9889.31,9800.00,,9889.31,,,2,19778.00,1,F1,1,,,,,
2026-07-30,2026-07-30,CM,BSE,STK,977541,INE0NES07303,12KFL28,F,,,,,KFL-12%-10-5-28-KFL,9880.00,9880.00,9831.05,9855.01,9855.01,9880.00,,9855.01,,,109,1074418.00,25,F1,1,,,,,
2026-07-30,2026-07-30,CM,BSE,STK,977558,INE14H407116,11FCPL28,F,,,,,FCPL-11%-26-8-28-PVT,9975.00,10000.00,9975.00,10000.00,10000.00,9900.00,,10000.00,,,7,69950.00,2,F1,1,,,,,
2026-07-30,2026-07-30,CM,BSE,STK,977564,INE549K08590,104MFL33,F,,,,,MFL-10.4%-30-12-33-PVT,10124.00,10125.95,10124.00,10125.95,10125.95,10114.87,,10125.95,,,49,496134.00,6,F1,1,,,,,
2026-07-30,2026-07-30,CM,BSE,STK,977582,INE734I07081,12FFSL28,F,,,,,FFSL-12%-26-2-28-PVT,64001.00,96000.00,64001.00,71000.00,71000.00,80000.00,,71000.00,,,3,231001.00,3,F1,1,,,,,
2026-07-30,2026-07-30,CM,BSE,STK,977633,INE00DJ07052,1250TCL30,F,,,,,TCL-12.50%-12-3-30-PVT,100500.00,100500.00,100500.00,100500.00,100500.00,100525.00,,100500.00,,,3,301500.00,1,F1,1,,,,,
2026-07-30,2026-07-30,CM,BSE,STK,977642,INE09B308044,12SSFBL31,F,,,,,SSFBL-12%-17-12-31-PVT,99999.00,99999.00,99999.00,99999.00,99999.00,100000.00,,99999.00,,,4,399996.00,3,F1,1,,,,,
2026-07-30,2026-07-30,CM,BSE,STK,977645,INE583D07653,95UCL27,F,,,,,UCL-9.5%-18-4-27-PVT,9928.00,9928.00,9928.00,9928.00,9928.00,9928.00,,9928.00,,,10,99280.00,1,F1,1,,,,,
2026-07-30,2026-07-30,CM,BSE,STK,977649,INE101Q07BW3,965MMCL28,F,,,,,MML-9.65%-18-09-28-PVT,9899.73,9900.00,9894.97,9894.97,9894.97,9736.10,,9894.97,,,21,207871.00,6,F1,1,,,,,
2026-07-30,2026-07-30,CM,BSE,STK,977657,INE04UP07162,125BCSL29,F,,,,,BCSL-12.5%-18-3-29-PVT,9400.00,9400.00,9400.00,9400.00,9400.00,9383.33,,9400.00,,,51,479400.00,4,F1,1,,,,,
2026-07-30,2026-07-30,CM,BSE,STK,977662,INE03K307132,1025SFL28A,F,,,,,SFL-10.25%-20-3-28-PVT,9900.00,9977.00,9900.00,9977.00,9977.00,9900.00,,9977.00,,,9,89485.00,3,F1,1,,,,,
2026-07-30,2026-07-30,CM,BSE,STK,977671,INE836K07338,EFCL24326,F,,,,,EFCL-ZC-25-06-29-PVT,102100.00,102100.00,101865.00,101879.09,101879.09,102100.00,,101879.09,,,4,407709.00,4,F1,1,,,,,
2026-07-30,2026-07-30,CM,BSE,STK,977676,INE964R07069,14RFL2027,F,,,,,RFL-14%-23-6-27-PVT,8495.50,8495.50,8495.50,8495.50,8495.50,8000.00,,8495.50,,,1,8495.00,1,F1,1,,,,,
2026-07-30,2026-07-30,CM,BSE,STK,977680,INE01YL07441,105ESPL28A,F,,,,,ESPL-10.5%-4-7-28-PVT,99000.01,99000.01,98000.01,98000.01,98000.01,100000.00,,98000.01,,,2,197000.00,2,F1,1,,,,,
2026-07-30,2026-07-30,CM,BSE,STK,977730,INE342T07684,1030NFL28,F,,,,,NFL-10.30%-31-5-28-PVT,9981.00,9990.00,9981.00,9990.00,9990.00,9979.00,,9990.00,,,65,648774.00,3,F1,1,,,,,
2026-07-30,2026-07-30,CM,BSE,STK,977732,INE0NES07329,12KFL27,F,,,,,KFL-12%-22-09-27-PVT,9900.00,9953.95,9900.00,9902.50,9902.00,9909.23,,9902.50,,,100,992419.00,16,F1,1,,,,,
2026-07-30,2026-07-30,CM,BSE,STK,977740,INE926R07027,13UCIL28,F,,,,,UCIL-13%-23-4-28-PVT,9895.00,9900.00,9860.00,9890.00,9890.00,9856.01,,9890.00,,,73,721275.00,13,F1,1,,,,,
2026-07-30,2026-07-30,CM,BSE,STK,977753,INE572J07810,1125SSFL28,F,,,,,SSFL-11.25%-26-24-28-PVT,9970.00,9979.99,9915.06,9940.00,9940.00,9980.00,,9940.00,,,38,377791.00,11,F1,1,,,,,
2026-07-30,2026-07-30,CM,BSE,STK,977773,INE08XP07480,1280ACAP28,F,,,,,ACAP-12.80%-7-5-28-PVT,9890.00,9900.00,9890.00,9900.00,9900.00,9887.83,,9900.00,,,14,138550.00,2,F1,1,,,,,
2026-07-30,2026-07-30,CM,BSE,STK,977774,INE08XP07498,12ACAP27A,F,,,,,ACAP-12%-7-11-27-PVT,9794.00,9794.00,9760.00,9764.00,9760.00,9760.00,,9764.00,,,19,185782.00,6,F1,1,,,,,
2026-07-30,2026-07-30,CM,BSE,STK,977801,INE101Q07CA7,930MML2028,F,,,,,MML-9.30%-20-11-28-PVT,9750.00,9750.00,9711.01,9711.01,9711.01,9705.01,,9711.01,,,13,126516.00,6,F1,1,,,,,
2026-07-30,2026-07-30,CM,BSE,STK,977806,INE926R07035,13UCIL2028,F,,,,,UCIL-13%-20-5-28-PVT,9849.99,9945.00,9849.99,9945.00,9945.00,9824.00,,9945.00,,,3,29644.00,2,F1,1,,,,,
2026-07-30,2026-07-30,CM,BSE,STK,977846,INE0NES07345,12KFL2028,F,,,,,KFL-12%-4-9-28-PVT,9835.00,9850.00,9835.00,9850.00,9850.00,9869.00,,9850.00,,,13,128035.00,5,F1,1,,,,,
2026-07-30,2026-07-30,CM,BSE,STK,977855,INE0BUS08047,1225IML32,F,,,,,IML-12.25%-9-6-32-PVT,98000.00,98000.00,98000.00,98000.00,98000.00,98164.38,,98000.00,,,2,196000.00,2,F1,1,,,,,
2026-07-30,2026-07-30,CM,BSE,STK,977868,INE342T07718,1030NFL028,F,,,,,NFL-10.30%-31-3-28-PVT,10009.00,10009.00,9909.01,9976.00,9976.00,10009.05,,9976.00,,,85,849663.00,24,F1,1,,,,,
2026-07-30,2026-07-30,CM,BSE,STK,977869,INE342T07726,1075NFL29,F,,,,,NFL-10.75%-31-8-29-PVT,10060.00,10060.00,10060.00,10060.00,10060.00,10053.00,,10060.00,,,69,694140.00,11,F1,1,,,,,
2026-07-30,2026-07-30,CM,BSE,STK,977890,INE918K07QS9,922NWFL28,F,,,,,NWFL-9.22%-20-11-28-PVT,100943.39,100943.39,100943.39,100943.39,100943.39,0.00,,100943.39,,,1,100943.00,1,F1,1,,,,,
2026-07-30,2026-07-30,CM,BSE,STK,977913,INE0K0Y08052,0MCIBPL280M,F,,,,,MCIBPL-ZC-28-06-28-PVT,101250.00,101250.00,100800.00,100805.00,100805.00,100930.00,,100805.00,,,7,706075.00,4,F1,1,,,,,
2026-07-30,2026-07-30,CM,BSE,STK,977923,INE01ZK08679,11HFL31B,F,,,,,HFL-11%-25-12-31-PVT,99939.73,99939.73,99939.73,99939.73,99939.73,99879.45,,99939.73,,,3,299819.00,2,F1,1,,,,,
2026-07-30,2026-07-30,CM,BSE,STK,977935,INE0I5X07042,1440MFSP27,F,,,,,MFSP-14.40%-1-10-27-PVT,9975.00,9979.99,9970.99,9972.26,9972.90,9965.60,,9972.26,,,100,997373.00,24,F1,1,,,,,
2026-07-30,2026-07-30,CM,BSE,STK,977986,INE0I5X07067,1370MFSP27,F,,,,,MFSPL-13.70%-30-09-27-PVT,99300.00,99300.00,99300.00,99300.00,99300.00,97090.25,,99300.00,,,4,397200.00,2,F1,1,,,,,
