TradDt,BizDt,Sgmt,Src,FinInstrmTp,FinInstrmId,ISIN,TckrSymb,SctySrs,XpryDt,FininstrmActlXpryDt,StrkPric,OptnTp,FinInstrmNm,OpnPric,HghPric,LwPric,ClsPric,LastPric,PrvsClsgPric,UndrlygPric,SttlmPric,OpnIntrst,ChngInOpnIntrst,TtlTradgVol,TtlTrfVal,TtlNbOfTxsExctd,SsnId,NewBrdLotQty,Rmks,Rsvd1,Rsvd2,Rsvd3,Rsvd4
2026-07-24,2026-07-24,CM,BSE,STK,500002,INE117A01022,ABB,A,,,,,ABB INDIA LIMITED,7531.85,7578.85,7339.95,7369.70,7390.00,7523.85,,7375.50,,,13692,102461557.00,2439,F1,1,,,,,
2026-07-24,2026-07-24,CM,BSE,STK,500003,INE208C01025,AEGISLOG,A,,,,,AEGIS LOGISTICS LTD.,1360.05,1361.00,1299.10,1349.40,1349.40,1369.75,,1349.60,,,89003,117947502.00,4508,F1,1,,,,,
2026-07-24,2026-07-24,CM,BSE,STK,500008,INE885A01032,ARE&M,A,,,,,Amara Raja Energy & Mobility L,876.45,884.75,865.45,872.90,872.90,876.45,,872.90,,,75384,65902423.00,3753,F1,1,,,,,
2026-07-24,2026-07-24,CM,BSE,STK,500009,INE432A01017,AMBALALSA,B,,,,,AMBALAL SARABHAI ENTERPRISES L,31.06,33.02,31.06,32.45,32.45,32.67,,32.40,,,14477,473914.00,181,F1,1,,,,,
2026-07-24,2026-07-24,CM,BSE,STK,500012,INE714B01016,ANDHRAPET,X,,,,,ANDHRA PETROCHEMICALS LTD.,48.30,48.69,47.00,47.31,47.31,48.85,,47.31,,,98583,4675434.00,500,F1,1,,,,,
2026-07-24,2026-07-24,CM,BSE,STK,500013,INE436A01026,ANSALAPI,Z,,,,,ANSAL PROPERTIES & INFRASTRUCT,3.50,3.64,3.50,3.63,3.62,3.57,,3.63,,,131905,462452.00,30,F1,1,,,,,
2026-07-24,2026-07-24,CM,BSE,STK,500014,INE096A01010,UTIQUE,X,,,,,UTIQUE ENTERPRISES LIMITED,3.62,3.98,3.62,3.80,3.91,3.90,,3.80,,,1701,6424.00,31,F1,1,,,,,
2026-07-24,2026-07-24,CM,BSE,STK,500016,INE957C01019,ARUNAHTEL,X,,,,,ARUNA HOTELS LTD.,7.66,7.94,7.08,7.34,7.47,7.61,,7.34,,,2226,16475.00,41,F1,1,,,,,
2026-07-24,2026-07-24,CM,BSE,STK,500020,INE032A01023,BOMDYEING,B,,,,,BOMBAY DYEING & MFG.CO.LTD.,120.75,121.90,118.00,121.70,121.90,120.45,,121.71,,,24458,2936772.00,615,F1,1,,,,,
2026-07-24,2026-07-24,CM,BSE,STK,500023,INE363A01022,ASIANHOTNR,B,,,,,ASIAN HOTELS (NORTH) LIMITED,282.95,324.90,282.95,309.05,311.25,293.40,,306.75,,,15026,4645668.00,373,F1,1,,,,,
2026-07-24,2026-07-24,CM,BSE,STK,500027,INE100A01010,ATUL,A,,,,,ATUL LTD.,6153.00,6520.00,6077.35,6394.95,6394.95,6133.25,,6407.00,,,14217,89257864.00,2285,F1,1,,,,,
2026-07-24,2026-07-24,CM,BSE,STK,500028,INE447A01015,ATVPR,X,,,,,ATV PROJECTS INDIA LTD.,22.97,22.99,22.52,22.75,22.71,22.83,,22.75,,,9476,215153.00,98,F1,1,,,,,
2026-07-24,2026-07-24,CM,BSE,STK,500031,INE193E01025,BAJAJELEC,A,,,,,BAJAJ ELECTRICALS LTD.,325.00,332.35,321.95,328.75,332.35,326.50,,328.90,,,6351,2059599.00,240,F1,1,,,,,
2026-07-24,2026-07-24,CM,BSE,STK,500032,INE306A01021,BAJAJHIND,B,,,,,BAJAJ HINDUSTHAN SUGAR LIMITED,16.70,17.37,16.57,17.26,17.36,16.84,,17.29,,,356300,6028381.00,1591,F1,1,,,,,
2026-07-24,2026-07-24,CM,BSE,STK,500033,INE451A01017,FORCEMOT,A,,,,,FORCE MOTORS LTD.,17449.95,17860.15,17182.20,17627.10,17627.10,17418.35,,17621.00,,,11777,208066799.00,2462,F1,1,,,,,
2026-07-24,2026-07-24,CM,BSE,STK,500034,INE296A01032,BAJFINANCE,A,,,,,BAJAJ FINANCE LIMITED,1025.00,1030.40,1002.00,1012.65,1018.00,1039.50,,1012.80,,,1602537,1624960173.00,13055,F1,1,,,,,
2026-07-24,2026-07-24,CM,BSE,STK,500038,INE119A01028,BALRAMCHIN,A,,,,,BALRAMPUR CHINI MILLS LTD,610.55,619.75,607.10,610.15,610.15,612.85,,610.15,,,17916,10960805.00,562,F1,1,,,,,
2026-07-24,2026-07-24,CM,BSE,STK,500039,INE213C01025,BANCOINDIA,A,,,,,BANCO PRODUCTS (INDIA) LTD.,602.80,614.15,589.60,608.25,612.00,607.80,,608.45,,,13962,8355677.00,804,F1,1,,,,,
2026-07-24,2026-07-24,CM,BSE,STK,500040,INE055A01016,ABREL,A,,,,,ADITYA BIRLA REAL ESTATE LIMIT,1397.95,1397.95,1360.50,1374.00,1376.00,1396.05,,1374.20,,,6070,8355314.00,510,F1,1,,,,,
2026-07-24,2026-07-24,CM,BSE,STK,500042,INE373A01013,BASF,A,,,,,BASF INDIA LTD.,3671.30,3696.50,3624.00,3670.35,3670.00,3700.70,,3670.20,,,2061,7539001.00,284,F1,1,,,,,
2026-07-24,2026-07-24,CM,BSE,STK,500043,INE176A01028,BATAINDIA,A,,,,,BATA INDIA LTD.,676.00,693.85,667.50,688.85,688.85,677.00,,689.85,,,20856,14202752.00,985,F1,1,,,,,
2026-07-24,2026-07-24,CM,BSE,STK,500048,INE258A01024,BEML,A,,,,,BEML LTD.,1713.75,1730.35,1698.00,1713.10,1710.00,1728.15,,1713.20,,,8032,13773861.00,639,F1,1,,,,,
2026-07-24,2026-07-24,CM,BSE,STK,500049,INE263A01024,BEL,A,,,,,BHARAT ELECTRONICS LTD.,405.20,406.20,401.25,405.05,405.05,405.30,,405.00,,,914697,368928016.00,4761,F1,1,,,,,
2026-07-24,2026-07-24,CM,BSE,STK,500051,INE099C01010,BHAGGAS,XT,,,,,BHAGAWATI GAS LIMITED,12.41,12.41,12.17,12.41,12.41,12.17,,12.41,,,261254,3209880.00,307,F1,1,,,,,
2026-07-24,2026-07-24,CM,BSE,STK,500052,INE922A01025,BEPL,B,,,,,BHANSALI ENGINEERING POLYMERS,116.95,122.86,116.50,121.83,121.83,117.07,,121.81,,,312621,37468523.00,2576,F1,1,,,,,
2026-07-24,2026-07-24,CM,BSE,STK,500058,INE819C01011,BIHSPONG,X,,,,,BIHAR SPONGE IRON LTD.,12.70,12.70,12.10,12.25,12.25,12.21,,12.25,,,4115,50217.00,26,F1,1,,,,,
2026-07-24,2026-07-24,CM,BSE,STK,500059,INE071A01013,BILVYAPAR,T,,,,,BIL VYAPAR LIMITED,4.05,4.09,3.87,3.89,3.89,4.05,,3.99,,,666,2640.00,7,F1,1,,,,,
2026-07-24,2026-07-24,CM,BSE,STK,500060,INE800A01015,BIRLACABLE,T,,,,,Birla Cable Limited,198.10,200.80,192.00,197.45,198.00,198.25,,197.34,,,7428,1465750.00,179,F1,1,,,,,
2026-07-24,2026-07-24,CM,BSE,STK,500067,INE472A01039,BLUESTARCO,A,,,,,BLUE STAR LTD.,1640.20,1654.90,1603.20,1637.00,1633.85,1632.25,,1637.20,,,12027,19624192.00,1951,F1,1,,,,,
2026-07-24,2026-07-24,CM,BSE,STK,500068,INE131C01011,DISAQ,B,,,,,DISA INDIA LTD.,11800.00,12150.00,11800.00,11969.00,11960.00,12040.00,,12076.00,,,10,119894.00,6,F1,1,,,,,
2026-07-24,2026-07-24,CM,BSE,STK,500069,INE418C01012,QUESTCAP,X,,,,,QUEST CAPITAL MARKETS LIMITED,275.30,275.30,266.00,266.30,266.00,276.95,,266.30,,,651,173455.00,18,F1,1,,,,,
2026-07-24,2026-07-24,CM,BSE,STK,500074,INE110A01019,BPL,B,,,,,BPL LTD.,54.00,54.28,53.20,53.99,54.02,54.15,,53.80,,,1976,106125.00,91,F1,1,,,,,
2026-07-24,2026-07-24,CM,BSE,STK,500078,INE959C01023,OAL,B,,,,,ORIENTAL AROMATICS LIMITED,348.55,377.00,345.25,371.80,369.10,350.55,,373.00,,,1129,416834.00,128,F1,1,,,,,
2026-07-24,2026-07-24,CM,BSE,STK,500083,INE281A01026,CENTEXT,B,,,,,CENTURY EXTRUSIONS LTD.,18.60,19.08,18.60,18.89,19.00,18.98,,18.94,,,3008,56685.00,62,F1,1,,,,,
2026-07-24,2026-07-24,CM,BSE,STK,500084,INE486A01021,CESC,A,,,,,CESC LTD.,162.60,163.60,161.50,163.10,163.50,162.00,,163.18,,,427699,69317730.00,861,F1,1,,,,,
2026-07-24,2026-07-24,CM,BSE,STK,500085,INE085A01013,CHAMBLFERT,A,,,,,CHAMBAL FERTILISERS & CHEMICAL,430.20,434.25,425.00,431.50,432.10,431.90,,431.00,,,30627,13130192.00,1080,F1,1,,,,,
2026-07-24,2026-07-24,CM,BSE,STK,500086,INE302A01020,EXIDEIND,A,,,,,EXIDE INDUSTRIES LTD.,434.95,448.00,434.90,442.95,442.95,439.20,,443.00,,,390985,173026324.00,5928,F1,1,,,,,
2026-07-24,2026-07-24,CM,BSE,STK,500087,INE059A01026,CIPLA,A,,,,,CIPLA LTD.,1381.60,1444.40,1381.60,1410.90,1409.95,1393.75,,1410.60,,,368674,526340943.00,10945,F1,1,,,,,
2026-07-24,2026-07-24,CM,BSE,STK,500089,INE303A01010,DICIND,B,,,,,DIC INDIA LTD.,511.00,511.00,511.00,511.00,511.00,511.20,,517.50,,,1,511.00,1,F1,1,,,,,
2026-07-24,2026-07-24,CM,BSE,STK,500092,INE007A01025,CRISIL,A,,,,,CRISIL LTD.,4402.85,4420.25,4262.30,4350.30,4350.30,4399.35,,4347.60,,,6329,27467246.00,952,F1,1,,,,,
2026-07-24,2026-07-24,CM,BSE,STK,500093,INE067A01029,CGPOWER,A,,,,,CG Power and Industrial Soluti,861.25,893.90,839.25,866.35,866.35,884.05,,867.70,,,774211,674335463.00,24776,F1,1,,,,,
2026-07-24,2026-07-24,CM,BSE,STK,500096,INE016A01026,DABUR,A,,,,,DABUR INDIA LTD.,420.05,424.80,419.65,423.40,422.90,423.00,,423.20,,,34253,14457969.00,1040,F1,1,,,,,
2026-07-24,2026-07-24,CM,BSE,STK,500097,INE495A01022,DALMIASUG,B,,,,,DALMIA BHARAT SUGAR AND INDUST,361.90,364.65,357.20,363.15,363.05,362.20,,361.95,,,2223,798563.00,85,F1,1,,,,,
2026-07-24,2026-07-24,CM,BSE,STK,500101,INE034A01011,ARVIND,A,,,,,ARVIND LTD.,513.05,528.90,506.15,527.25,528.00,513.05,,527.20,,,11521,5984605.00,491,F1,1,,,,,
2026-07-24,2026-07-24,CM,BSE,STK,500103,INE257A01026,BHEL,A,,,,,BHARAT HEAVY ELECTRICALS LTD.,405.00,418.00,402.20,417.20,417.20,409.85,,417.30,,,1669630,676959033.00,11166,F1,1,,,,,
2026-07-24,2026-07-24,CM,BSE,STK,500104,INE094A01015,HINDPETRO,A,,,,,HINDUSTAN PETROLEUM CORPORATIO,380.95,383.20,372.10,381.25,381.25,385.20,,381.10,,,712567,269386770.00,13089,F1,1,,,,,
2026-07-24,2026-07-24,CM,BSE,STK,500106,INE039A01010,IFCI,A,,,,,IFCI LTD.,70.77,70.77,68.84,70.15,70.15,71.13,,70.12,,,874338,60961584.00,2893,F1,1,,,,,
2026-07-24,2026-07-24,CM,BSE,STK,500108,INE153A01019,MTNL,B,,,,,MAHANAGAR TELEPHONE NIGAM LTD.,26.55,27.20,26.30,27.04,27.04,26.83,,27.10,,,132824,3531668.00,733,F1,1,,,,,
2026-07-24,2026-07-24,CM,BSE,STK,500109,INE103A01014,MRPL,A,,,,,MANGALORE REFINERY & PETROCHEM,175.95,177.20,168.55,169.70,169.70,176.05,,169.75,,,605543,103425130.00,4870,F1,1,,,,,
2026-07-24,2026-07-24,CM,BSE,STK,500110,INE178A01016,CHENNPETRO,A,,,,,CHENNAI PETROLEUM CORPORATION,1277.45,1280.00,1209.00,1214.00,1214.00,1269.50,,1214.80,,,134455,164435686.00,4901,F1,1,,,,,
2026-07-24,2026-07-24,CM,BSE,STK,500112,INE062A01020,SBIN,A,,,,,STATE BANK OF INDIA,1005.00,1018.00,1000.50,1015.05,1015.05,1012.85,,1015.00,,,825259,833843558.00,27486,F1,1,,,,,
2026-07-24,2026-07-24,CM,BSE,STK,500113,INE114A01011,SAIL,A,,,,,STEEL AUTHORITY OF INDIA LTD.,160.30,162.75,158.00,161.55,161.55,160.80,,161.45,,,337071,54146072.00,4277,F1,1,,,,,
2026-07-24,2026-07-24,CM,BSE,STK,500114,INE280A01028,TITAN,A,,,,,TITAN COMPANY LIMITED,4651.00,4696.95,4615.45,4681.70,4681.70,4696.55,,4677.10,,,17775,83003627.00,2551,F1,1,,,,,
2026-07-24,2026-07-24,CM,BSE,STK,500116,INE008A01015,IDBI,A,,,,,IDBI BANK LTD.,84.11,85.46,82.75,84.96,84.65,85.19,,84.93,,,613418,51468278.00,3856,F1,1,,,,,
2026-07-24,2026-07-24,CM,BSE,STK,500117,INE500A01029,DCW,B,,,,,DCW LTD.,45.94,46.41,44.71,46.34,46.34,45.87,,46.25,,,72876,3337537.00,458,F1,1,,,,,
2026-07-24,2026-07-24,CM,BSE,STK,500119,INE041A01016,DHAMPURSUG,B,,,,,DHAMPUR SUGAR MILLS LTD.,141.25,142.40,139.30,142.10,141.70,142.15,,142.12,,,13204,1859072.00,157,F1,1,,,,,
2026-07-24,2026-07-24,CM,BSE,STK,500120,INE591D01014,DIAMINESQ,B,,,,,DIAMINES & CHEMICALS LTD.,247.65,254.70,246.00,246.15,246.00,250.50,,246.60,,,487,120301.00,19,F1,1,,,,,
2026-07-24,2026-07-24,CM,BSE,STK,500123,INE280B01018,ELANTAS,B,,,,,ELANTAS BECK INDIA LTD.,9389.10,9389.10,9246.10,9290.70,9310.00,9322.45,,9268.00,,,42,392611.00,15,F1,1,,,,,
2026-07-24,2026-07-24,CM,BSE,STK,500124,INE089A01031,DRREDDY,A,,,,,DR.REDDYS LABORATORIES LTD.,1149.90,1165.00,1129.10,1152.60,1152.60,1166.50,,1151.70,,,230444,264855956.00,15233,F1,1,,,,,
2026-07-24,2026-07-24,CM,BSE,STK,500125,INE126A01031,EIDPARRY,A,,,,,E.I.D.-PARRY (INDIA) LTD.,763.05,765.60,749.85,757.80,757.80,759.25,,758.00,,,10315,7808398.00,836,F1,1,,,,,
2026-07-24,2026-07-24,CM,BSE,STK,500126,INE199A01012,PGHL,A,,,,,PROCTER & GAMBLE HEALTH LIMITE,6650.55,6744.00,6633.00,6723.60,6744.00,6703.25,,6714.50,,,161,1078127.00,75,F1,1,,,,,
2026-07-24,2026-07-24,CM,BSE,STK,500128,INE086A01029,ELECTCAST,A,,,,,ELECTROSTEEL CASTINGS LTD.,70.09,72.35,69.50,72.15,72.15,70.45,,72.10,,,88188,6218367.00,822,F1,1,,,,,
2026-07-24,2026-07-24,CM,BSE,STK,500133,INE284A01012,ESABINDIA,B,,,,,ESAB INDIA LTD.,5717.00,5743.75,5644.00,5654.40,5644.00,5727.40,,5649.50,,,98,556240.00,40,F1,1,,,,,
2026-07-24,2026-07-24,CM,BSE,STK,500135,INE255A01020,EPL,A,,,,,EPL LIMITED,233.95,234.35,222.05,233.10,231.00,233.05,,233.06,,,55649,12682651.00,1050,F1,1,,,,,
2026-07-24,2026-07-24,CM,BSE,STK,500136,INE778B01029,ESTER,B,,,,,ESTER INDUSTRIES LTD.,89.00,89.40,87.14,88.13,88.10,89.71,,88.52,,,4225,373224.00,158,F1,1,,,,,
2026-07-24,2026-07-24,CM,BSE,STK,500142,INE512A01016,FGP,X,,,,,FGP LTD.,10.82,10.82,10.40,10.69,10.69,10.42,,10.69,,,1231,13133.00,14,F1,1,,,,,
2026-07-24,2026-07-24,CM,BSE,STK,500143,INE160F01013,PHCAP,XT,,,,,P H CAPITAL LIMITED,1010.00,1035.00,1005.00,1034.90,1035.00,1021.35,,1034.90,,,1565,1594023.00,36,F1,1,,,,,
2026-07-24,2026-07-24,CM,BSE,STK,500144,INE235A01022,FINCABLES,A,,,,,FINOLEX CABLES LTD.,966.15,1004.85,957.50,998.55,1000.75,978.95,,998.90,,,33584,32928131.00,2044,F1,1,,,,,
2026-07-24,2026-07-24,CM,BSE,STK,500147,INE515A01019,COCKERILL,B,,,,,JOHN COCKERILL INDIA LIMITED,8930.00,8974.30,8723.75,8915.15,8970.00,8927.05,,8935.50,,,314,2772223.00,132,F1,1,,,,,
2026-07-24,2026-07-24,CM,BSE,STK,500148,INE516A01017,UFLEX,B,,,,,UFLEX LTD.,484.65,485.00,470.00,478.10,476.00,484.40,,478.50,,,12482,5962882.00,469,F1,1,,,,,
2026-07-24,2026-07-24,CM,BSE,STK,500150,INE519A01011,FOSECOIND,B,,,,,FOSECO INDIA LTD.,5057.00,5129.00,5015.50,5050.80,5035.00,5007.35,,5048.00,,,33,167066.00,15,F1,1,,,,,
2026-07-24,2026-07-24,CM,BSE,STK,500153,INE388A01029,GANESHBE,B,,,,,GANESH BENZOPLAST LTD.,113.00,113.80,109.00,111.65,111.80,113.65,,111.42,,,30948,3442471.00,440,F1,1,,,,,
2026-07-24,2026-07-24,CM,BSE,STK,500159,INE085D01033,METROGLOBL,B,,,,,METROGLOBAL LIMITED,132.65,132.65,132.65,132.65,132.65,126.15,,129.79,,,170,22550.00,2,F1,1,,,,,
2026-07-24,2026-07-24,CM,BSE,STK,500160,INE043A01012,GTL,B,,,,,GTL LTD.,7.06,7.20,7.06,7.12,7.19,7.13,,7.16,,,48529,345297.00,194,F1,1,,,,,
2026-07-24,2026-07-24,CM,BSE,STK,500163,INE260B01028,GODFRYPHLP,A,,,,,GODFREY PHILLIPS INDIA LTD.,2045.00,2139.00,2025.65,2127.10,2127.10,2047.20,,2129.30,,,39543,82558790.00,2903,F1,1,,,,,
2026-07-24,2026-07-24,CM,BSE,STK,500164,INE233A01035,GODREJIND,A,,,,,GODREJ INDUSTRIES LTD.,1340.00,1340.00,1309.05,1331.95,1330.00,1345.40,,1332.20,,,3737,4953982.00,487,F1,1,,,,,
2026-07-24,2026-07-24,CM,BSE,STK,500165,INE531A01024,KANSAINER,A,,,,,KANSAI NEROLAC PAINTS LTD.,194.40,194.40,191.45,193.10,193.20,194.40,,193.19,,,14789,2851647.00,557,F1,1,,,,,
2026-07-24,2026-07-24,CM,BSE,STK,500166,INE300A01016,GOODRICKE,X,,,,,GOODRICKE GROUP LTD.,184.00,184.00,178.20,182.00,182.00,184.60,,182.00,,,1477,269996.00,22,F1,1,,,,,
2026-07-24,2026-07-24,CM,BSE,STK,500168,INE533A01012,GOODYEAR,B,,,,,GOODYEAR INDIA LTD.,823.00,829.30,817.20,824.25,822.40,825.20,,822.90,,,1695,1396457.00,146,F1,1,,,,,
2026-07-24,2026-07-24,CM,BSE,STK,500170,INE537A01013,GTNINDS,X,,,,,GTN INDUSTRIES LTD.,24.99,24.99,22.88,23.90,24.00,24.00,,23.90,,,132,3121.00,17,F1,1,,,,,
2026-07-24,2026-07-24,CM,BSE,STK,500171,INE539A01019,GHCL,A,,,,,GHCL LTD.,429.25,438.00,427.85,435.75,435.90,429.25,,436.20,,,3602,1559463.00,154,F1,1,,,,,
2026-07-24,2026-07-24,CM,BSE,STK,500173,INE538A01037,GFLLIMITED,B,,,,,GFL LIMITED,44.70,45.91,44.50,45.08,45.01,45.22,,45.86,,,1749,78854.00,62,F1,1,,,,,
2026-07-24,2026-07-24,CM,BSE,STK,500174,INE540A01017,GLFL,T,,,,,GUJARAT LEASE FINANCING LTD.,6.56,6.56,6.56,6.56,6.56,6.57,,5.79,,,1,6.00,1,F1,1,,,,,
2026-07-24,2026-07-24,CM,BSE,STK,500179,INE236A01020,HCL-INSYS,B,,,,,HCL INFOSYSTEMS LTD.,11.37,11.60,11.11,11.32,11.32,11.50,,11.33,,,53559,606984.00,325,F1,1,,,,,
2026-07-24,2026-07-24,CM,BSE,STK,500180,INE040A01034,HDFCBANK,A,,,,,HDFC BANK LTD.,737.50,748.00,737.20,742.60,742.60,748.00,,742.80,,,1968197,1462099675.00,48197,F1,1,,,,,
2026-07-24,2026-07-24,CM,BSE,STK,500182,INE158A01026,HEROMOTOCO,A,,,,,HERO MOTOCORP LTD.,5100.80,5100.85,4981.85,5010.80,5010.90,5174.00,,5011.10,,,38487,193735583.00,6271,F1,1,,,,,
2026-07-24,2026-07-24,CM,BSE,STK,500183,INE548A01028,HFCL,A,,,,,HFCL LIMITED,201.50,204.50,196.70,196.85,196.85,207.05,,196.85,,,1631334,323973404.00,11884,F1,1,,,,,
2026-07-24,2026-07-24,CM,BSE,STK,500184,INE019C01026,HSCL,A,,,,,Himadri Speciality Chemical Lt,774.00,792.55,769.70,789.30,789.30,777.50,,789.55,,,265291,207296013.00,4472,F1,1,,,,,
2026-07-24,2026-07-24,CM,BSE,STK,500185,INE549A01026,HCC,A,,,,,HINDUSTAN CONSTRUCTION CO.LTD.,21.17,21.67,20.94,21.45,21.45,21.42,,21.43,,,1389788,29542171.00,2188,F1,1,,,,,
2026-07-24,2026-07-24,CM,BSE,STK,500186,INE345A01011,HINDOILEXP,B,,,,,HINDUSTAN OIL EXPLORATION CO.L,168.85,168.85,160.50,162.15,161.75,167.00,,162.05,,,41419,6739087.00,572,F1,1,,,,,
2026-07-24,2026-07-24,CM,BSE,STK,500187,INE415A01038,AGI,B,,,,,AGI GREENPAC LIMITED,669.10,681.95,657.40,673.15,681.95,671.90,,672.85,,,5355,3576244.00,265,F1,1,,,,,
2026-07-24,2026-07-24,CM,BSE,STK,500188,INE267A01025,HINDZINC,A,,,,,HINDUSTAN ZINC LTD.,528.00,534.65,522.75,531.95,531.95,531.10,,531.95,,,263368,139517934.00,6705,F1,1,,,,,
2026-07-24,2026-07-24,CM,BSE,STK,500189,INE353A01023,NDLVENTURE,B,,,,,NDL Ventures Limited,126.15,127.05,124.35,125.80,124.35,127.00,,125.15,,,219,27565.00,10,F1,1,,,,,
2026-07-24,2026-07-24,CM,BSE,STK,500191,INE262A01018,HMT,Z,,,,,HMT LTD.,60.00,60.41,59.00,60.41,60.41,60.00,,61.30,,,235,13917.00,6,F1,1,,,,,
2026-07-24,2026-07-24,CM,BSE,STK,500192,INE962B01011,PRAGBOS,X,,,,,PRAG BOSIMI SYNTHETICS LTD.,1.83,1.92,1.74,1.87,1.85,1.83,,1.87,,,28005,49176.00,36,F1,1,,,,,
2026-07-24,2026-07-24,CM,BSE,STK,500193,INE102A01024,HLVLTD,B,,,,,HLV LIMITED,7.47,7.47,7.00,7.02,7.02,7.15,,7.05,,,43336,306867.00,126,F1,1,,,,,
2026-07-24,2026-07-24,CM,BSE,STK,500199,INE204A01010,IGPL,B,,,,,I G PETROCHEMICALS LTD.,449.55,453.30,444.00,450.80,450.10,450.90,,451.55,,,526,235003.00,47,F1,1,,,,,
2026-07-24,2026-07-24,CM,BSE,STK,500201,INE560A01023,INDIAGLYCO,A,,,,,INDIA GLYCOLS LTD.,1169.45,1175.00,1142.75,1158.10,1159.05,1172.95,,1157.80,,,3046,3532364.00,212,F1,1,,,,,
2026-07-24,2026-07-24,CM,BSE,STK,500206,INE680B01019,MARGOFIN,X,,,,,MARGO FINANCE LIMITED,64.86,65.00,62.10,65.00,65.00,64.86,,65.00,,,300,19024.00,6,F1,1,,,,,
2026-07-24,2026-07-24,CM,BSE,STK,500207,INE156A01020,INDORAMA,B,,,,,INDO RAMA SYNTHETICS (INDIA) L,47.69,48.88,46.00,48.67,48.67,47.55,,48.43,,,5956,276340.00,67,F1,1,,,,,
2026-07-24,2026-07-24,CM,BSE,STK,500209,INE009A01021,INFY,A,,,,,INFOSYS LTD.,1029.95,1043.40,1014.15,1040.95,1040.95,1051.80,,1040.90,,,2606471,2675548067.00,35208,F1,1,,,,,
2026-07-24,2026-07-24,CM,BSE,STK,500210,INE177A01018,INGERRAND,B,,,,,INGERSOLL-RAND (INDIA) LTD.,4377.95,4408.05,4313.00,4343.95,4375.00,4393.60,,4352.90,,,1619,7031103.00,225,F1,1,,,,,
2026-07-24,2026-07-24,CM,BSE,STK,500213,INE262B01016,ITHL,X,,,,,INTERNATIONAL TRAVEL HOUSE LTD,319.75,319.75,310.00,314.10,314.10,310.75,,314.10,,,1846,576414.00,48,F1,1,,,,,
2026-07-24,2026-07-24,CM,BSE,STK,500214,INE570A01022,IONEXCHANG,A,,,,,ION EXCHANGE (INDIA) LTD.,410.60,426.75,409.50,425.40,424.30,415.00,,425.10,,,26063,10886507.00,929,F1,1,,,,,
2026-07-24,2026-07-24,CM,BSE,STK,500215,INE209A01019,SUNDROP,B,,,,,SUNDROP BRANDS LIMITED,692.00,692.00,672.00,684.45,684.45,691.85,,687.05,,,1040,707341.00,85,F1,1,,,,,
2026-07-24,2026-07-24,CM,BSE,STK,500219,INE175A01038,JISLJALEQS,A,,,,,JAIN IRRIGATION SYSTEMS LTD.,29.30,30.50,29.20,30.44,30.30,29.51,,30.37,,,85476,2568272.00,600,F1,1,,,,,
2026-07-24,2026-07-24,CM,BSE,STK,500220,INE711C01028,JASCH,XT,,,,,JASCH INDUSTRIES LTD.,304.90,311.75,296.95,311.75,311.75,296.95,,311.75,,,41993,12998419.00,258,F1,1,,,,,
2026-07-24,2026-07-24,CM,BSE,STK,500227,INE197D01010,JINDALPOLY,B,,,,,JINDAL POLY FILMS LIMITED,634.65,642.40,628.60,637.90,636.00,640.35,,637.35,,,558,353519.00,53,F1,1,,,,,
2026-07-24,2026-07-24,CM,BSE,STK,500228,INE019A01038,JSWSTEEL,A,,,,,JSW STEEL LTD.,1243.65,1244.40,1228.70,1240.65,1240.85,1246.65,,1240.80,,,61540,76193855.00,2149,F1,1,,,,,
2026-07-24,2026-07-24,CM,BSE,STK,500233,INE217B01036,KAJARIACER,A,,,,,KAJARIA CERAMICS LTD.,1200.00,1222.15,1190.85,1212.65,1208.40,1210.25,,1214.90,,,10026,12056195.00,641,F1,1,,,,,
2026-07-24,2026-07-24,CM,BSE,STK,500234,INE437B01014,KAKATCEM,T,,,,,KAKATIYA CEMENT SUGAR & INDUST,122.95,126.85,122.95,124.00,124.95,124.00,,123.78,,,216,26915.00,12,F1,1,,,,,
2026-07-24,2026-07-24,CM,BSE,STK,500235,INE907A01026,KSL,B,,,,,KALYANI STEELS LTD.,883.95,899.95,871.70,893.10,895.00,888.00,,892.95,,,1071,950500.00,143,F1,1,,,,,
2026-07-24,2026-07-24,CM,BSE,STK,500238,INE716A01013,WHIRLPOOL,A,,,,,WHIRLPOOL OF INDIA LTD.,767.80,774.05,757.15,771.60,772.65,769.60,,771.45,,,5911,4522782.00,307,F1,1,,,,,
2026-07-24,2026-07-24,CM,BSE,STK,500239,INE104A01012,KGDENIM,X,,,,,KG DENIM LTD.,16.35,16.35,13.12,14.00,14.00,14.52,,14.00,,,35401,485426.00,118,F1,1,,,,,
2026-07-24,2026-07-24,CM,BSE,STK,500240,INE266B01017,KINETICENG,XT,,,,,KINETIC ENGINEERING LTD.,284.00,284.00,269.10,272.15,272.85,274.70,,272.15,,,7368,1998419.00,127,F1,1,,,,,
2026-07-24,2026-07-24,CM,BSE,STK,500241,INE732A01036,KIRLOSBROS,A,,,,,KIRLOSKAR BROTHERS LTD.,1835.00,1844.00,1798.35,1834.50,1840.80,1845.95,,1836.00,,,2618,4767587.00,286,F1,1,,,,,
2026-07-24,2026-07-24,CM,BSE,STK,500243,INE250A01039,KIRLOSIND,B,,,,,KIRLOSKAR INDUSTRIES LTD,3731.80,3794.00,3705.15,3791.90,3793.00,3731.80,,3787.70,,,332,1238756.00,55,F1,1,,,,,
2026-07-24,2026-07-24,CM,BSE,STK,500245,INE884B01025,KIRLFER,B,,,,,KIRLOSKAR FERROUS INDUSTRIES L,461.00,475.00,458.45,469.75,469.95,464.60,,470.55,,,12693,5960149.00,694,F1,1,,,,,
2026-07-24,2026-07-24,CM,BSE,STK,500246,INE601C01013,ENVAIREL,XT,,,,,ENVAIR ELECTRODYNE LTD.,49.17,49.17,49.17,49.17,49.17,51.75,,49.17,,,2683,131923.00,18,F1,1,,,,,
2026-07-24,2026-07-24,CM,BSE,STK,500247,INE237A01036,KOTAKBANK,A,,,,,KOTAK MAHINDRA BANK LTD.,377.50,386.40,377.50,384.70,384.70,383.45,,384.75,,,840387,323404755.00,5321,F1,1,,,,,
2026-07-24,2026-07-24,CM,BSE,STK,500248,INE073A01019,KRIFILIND,X,,,,,KRISHNA FILAMENT INDUSTRIES LI,5.55,5.55,5.28,5.29,5.29,5.55,,5.29,,,10129,53484.00,9,F1,1,,,,,
2026-07-24,2026-07-24,CM,BSE,STK,500249,INE999A01023,KSB,A,,,,,KSB LIMITED,869.95,876.35,851.80,866.80,876.35,869.60,,866.05,,,2447,2107768.00,229,F1,1,,,,,
2026-07-24,2026-07-24,CM,BSE,STK,500250,INE337A01034,LGBBROSLTD,A,,,,,L.G.BALAKRISHNAN & BROS.LTD.,1533.90,1549.30,1506.35,1536.10,1536.10,1542.45,,1540.30,,,517,789864.00,82,F1,1,,,,,
2026-07-24,2026-07-24,CM,BSE,STK,500251,INE849A01020,TRENT,A,,,,,TRENT LTD.,2830.05,2912.70,2830.05,2891.25,2888.00,2874.10,,2890.50,,,23070,66426518.00,2471,F1,1,,,,,
2026-07-24,2026-07-24,CM,BSE,STK,500252,INE269B01029,LMW,A,,,,,LMW Limited,15850.00,17604.45,15621.95,15763.95,15763.95,15950.00,,15763.00,,,1185,19400060.00,463,F1,1,,,,,
2026-07-24,2026-07-24,CM,BSE,STK,500253,INE115A01026,LICHSGFIN,A,,,,,LIC HOUSING FINANCE LTD.,531.00,541.80,529.50,538.90,539.00,533.30,,538.95,,,8795,4710781.00,513,F1,1,,,,,
2026-07-24,2026-07-24,CM,BSE,STK,500257,INE326A01037,LUPIN,A,,,,,LUPIN LTD.,2379.50,2385.90,2340.60,2369.45,2374.00,2396.00,,2370.50,,,10680,25257379.00,1298,F1,1,,,,,
2026-07-24,2026-07-24,CM,BSE,STK,500259,INE933A01014,LYKALABS,T,,,,,LYKA LABS LTD.,62.88,64.56,61.79,63.57,64.56,63.13,,62.75,,,596,37321.00,17,F1,1,,,,,
2026-07-24,2026-07-24,CM,BSE,STK,500260,INE331A01037,RAMCOCEM,A,,,,,THE RAMCO CEMENTS LIMITED,910.75,917.90,905.15,914.40,915.85,915.65,,914.80,,,3794,3463786.00,422,F1,1,,,,,
2026-07-24,2026-07-24,CM,BSE,STK,500262,INE965B01022,HYBRIDFIN,T,,,,,HYBRID FINANCIAL SERVICES LIMI,18.53,20.40,18.53,19.00,19.00,19.49,,18.14,,,239,4598.00,8,F1,1,,,,,
2026-07-24,2026-07-24,CM,BSE,STK,500264,INE270B01035,MAFATIND,B,,,,,MAFATLAL INDUSTRIES LTD.,130.00,134.60,130.00,132.30,132.30,132.60,,132.78,,,8357,1104725.00,199,F1,1,,,,,
2026-07-24,2026-07-24,CM,BSE,STK,500265,INE271B01025,MAHSEAMLES,A,,,,,MAHARASHTRA SEAMLESS LTD.,564.50,573.90,559.65,571.65,572.65,565.05,,571.55,,,2594,1472164.00,152,F1,1,,,,,
2026-07-24,2026-07-24,CM,BSE,STK,500266,INE288A01013,MAHSCOOTER,A,,,,,MAHARASHTRA SCOOTERS LTD.,12608.00,12797.25,12423.20,12681.20,12797.25,12580.75,,12673.00,,,198,2491729.00,101,F1,1,,,,,
2026-07-24,2026-07-24,CM,BSE,STK,500267,INE201B01022,MAJESAUT,B,,,,,MAJESTIC AUTO LTD.,429.00,429.00,409.20,422.80,425.00,428.05,,422.80,,,2808,1170586.00,162,F1,1,,,,,
2026-07-24,2026-07-24,CM,BSE,STK,500268,INE201A01024,MANALIPETC,B,,,,,MANALI PETROCHEMICAL LTD.,64.63,66.99,64.63,66.75,66.98,64.63,,66.77,,,78348,5195229.00,605,F1,1,,,,,
2026-07-24,2026-07-24,CM,BSE,STK,500270,INE461A01024,BARODARY,X,,,,,BARODA RAYON CORPORATION LTD.,129.30,129.30,126.00,127.40,129.30,129.30,,127.40,,,111,14145.00,16,F1,1,,,,,
2026-07-24,2026-07-24,CM,BSE,STK,500271,INE180A01020,MFSL,A,,,,,Max Financial Services Limited,1504.20,1520.80,1485.30,1516.65,1519.75,1504.70,,1515.50,,,7382,11094364.00,989,F1,1,,,,,
2026-07-24,2026-07-24,CM,BSE,STK,500277,INE401C01018,MIDINDIA,X,,,,,MID INDIA INDUSTRIES LTD.,6.41,6.50,6.29,6.29,6.29,6.38,,6.29,,,2087,13328.00,12,F1,1,,,,,
2026-07-24,2026-07-24,CM,BSE,STK,500279,INE831A01028,ONIDA,T,,,,,ONIDA ELECTRONICS LIMITED,38.76,38.76,36.51,38.12,38.35,38.09,,38.17,,,23833,886232.00,110,F1,1,,,,,
2026-07-24,2026-07-24,CM,BSE,STK,500280,INE485A01015,CENTENKA,B,,,,,CENTURY ENKA LTD.,568.95,582.35,557.05,573.30,574.00,564.95,,574.20,,,3451,1964043.00,173,F1,1,,,,,
2026-07-24,2026-07-24,CM,BSE,STK,500282,INE794W01014,MODTHREAD,B,,,,,MODERN THREADS (INDIA) LTD.,47.01,47.71,46.80,47.42,47.41,49.61,,47.63,,,78,3695.00,8,F1,1,,,,,
2026-07-24,2026-07-24,CM,BSE,STK,500284,INE846D01012,LORDSCHLO,B,,,,,LORDS CHLORO ALKALI LTD.,147.95,152.00,142.65,148.60,149.00,145.90,,149.00,,,11032,1627201.00,466,F1,1,,,,,
2026-07-24,2026-07-24,CM,BSE,STK,500285,INE285B01017,SPICEJET,B,,,,,SPICEJET LTD.,12.55,12.55,11.63,12.03,12.03,12.32,,12.03,,,20618438,249550559.00,11660,F1,1,,,,,
2026-07-24,2026-07-24,CM,BSE,STK,500288,INE083A01026,MOREPENLAB,B,,,,,MOREPEN LABORATORIES LTD.,52.00,54.17,51.43,53.79,53.88,52.44,,53.80,,,427315,22627161.00,1893,F1,1,,,,,
2026-07-24,2026-07-24,CM,BSE,STK,500290,INE883A01011,MRF,A,,,,,MRF LTD.,131689.25,131689.25,130350.00,130754.45,130754.45,131875.70,,130755.00,,,135,17657461.00,122,F1,1,,,,,
2026-07-24,2026-07-24,CM,BSE,STK,500292,INE578A01017,HEIDELBERG,B,,,,,HEIDELBERGCEMENT INDIA LTD.,156.20,157.70,155.35,156.85,157.65,156.85,,156.42,,,3928,613327.00,112,F1,1,,,,,
2026-07-24,2026-07-24,CM,BSE,STK,500294,INE868B01028,NCC,A,,,,,NCC LIMITED,135.00,137.75,134.05,136.95,136.95,136.40,,137.08,,,116491,15836525.00,1744,F1,1,,,,,
2026-07-24,2026-07-24,CM,BSE,STK,500295,INE205A01025,VEDL,A,,,,,VEDANTA LIMITED,263.55,266.00,260.20,264.60,264.60,264.55,,264.65,,,304042,79732386.00,4175,F1,1,,,,,
2026-07-24,2026-07-24,CM,BSE,STK,500296,INE290A01027,NAHARSPING,T,,,,,NAHAR SPINNING MILLS LTD.,266.00,278.00,266.00,278.00,278.00,273.00,,275.55,,,708,192094.00,15,F1,1,,,,,
2026-07-24,2026-07-24,CM,BSE,STK,500298,INE585A01020,NAPEROL,X,,,,,Naperol Investments Limited,640.00,650.00,640.00,642.00,642.00,643.25,,642.00,,,299,192498.00,22,F1,1,,,,,
2026-07-24,2026-07-24,CM,BSE,STK,500300,INE047A01021,GRASIM,A,,,,,GRASIM INDUSTRIES LTD.,3109.60,3109.60,3067.40,3087.45,3087.45,3112.70,,3089.40,,,4559,14058983.00,889,F1,1,,,,,
2026-07-24,2026-07-24,CM,BSE,STK,500304,INE161A01038,NIITLTD,B,,,,,NIIT LTD.,91.75,97.70,90.00,94.55,94.55,92.45,,94.62,,,55648,5206832.00,476,F1,1,,,,,
2026-07-24,2026-07-24,CM,BSE,STK,500306,INE903A01025,JAYKAY,B,,,,,Jaykay Enterprises Limited,166.80,166.80,161.30,165.45,164.75,163.25,,165.17,,,7654,1256862.00,215,F1,1,,,,,
2026-07-24,2026-07-24,CM,BSE,STK,500307,INE910A01012,NIRLON,B,,,,,NIRLON LTD.,629.40,629.40,615.00,625.10,624.25,617.05,,621.05,,,232,144537.00,23,F1,1,,,,,
2026-07-24,2026-07-24,CM,BSE,STK,500312,INE213A01029,ONGC,A,,,,,OIL AND NATURAL GAS CORPORATIO,253.40,253.55,248.20,248.75,248.75,252.35,,248.76,,,525514,131443167.00,13112,F1,1,,,,,
2026-07-24,2026-07-24,CM,BSE,STK,500313,INE591A01010,OILCOUNTUB,T,,,,,OIL COUNTRY TUBULAR LTD.,61.77,61.77,58.70,59.48,59.48,58.83,,58.70,,,3617,221731.00,26,F1,1,,,,,
2026-07-24,2026-07-24,CM,BSE,STK,500314,INE750A01020,ORIENTHOT,B,,,,,ORIENTAL HOTELS LTD.,128.05,137.00,125.65,134.65,134.10,127.50,,134.84,,,61175,8044981.00,759,F1,1,,,,,
2026-07-24,2026-07-24,CM,BSE,STK,500317,INE142A01012,OSWALAGRO,T,,,,,OSWAL AGRO MILLS LTD.,37.99,37.99,37.00,37.23,37.21,37.80,,37.42,,,5746,216670.00,31,F1,1,,,,,
2026-07-24,2026-07-24,CM,BSE,STK,500319,INE557C01017,INDSUCR,X,,,,,INDIAN SUCROSE LTD.,75.88,75.88,70.00,72.97,72.97,74.70,,72.97,,,4497,325567.00,108,F1,1,,,,,
2026-07-24,2026-07-24,CM,BSE,STK,500322,INE167E01037,PANCM,XT,,,,,PANYAM CEMENTS & MINERAL INDUS,115.00,115.00,114.88,114.88,114.88,109.90,,114.88,,,14,1609.00,4,F1,1,,,,,
2026-07-24,2026-07-24,CM,BSE,STK,500325,INE002A01018,RELIANCE,A,,,,,RELIANCE INDUSTRIES LTD.,1265.70,1283.30,1250.55,1278.15,1278.15,1275.35,,1278.00,,,467010,595022019.00,22736,F1,1,,,,,
2026-07-24,2026-07-24,CM,BSE,STK,500327,INE600A01035,PILITA,T,,,,,Pil Italica Lifestyle Limited,8.80,8.90,8.75,8.84,8.84,9.13,,8.85,,,4954,43593.00,16,F1,1,,,,,
2026-07-24,2026-07-24,CM,BSE,STK,500330,INE301A01014,RAYMOND,A,,,,,RAYMOND LTD.,604.55,604.55,581.70,588.10,589.00,604.50,,588.40,,,13478,7965823.00,588,F1,1,,,,,
2026-07-24,2026-07-24,CM,BSE,STK,500331,INE318A01026,PIDILITIND,A,,,,,PIDILITE INDUSTRIES LTD.,1559.10,1584.00,1536.65,1570.90,1571.00,1564.60,,1570.90,,,130437,203681573.00,3054,F1,1,,,,,
2026-07-24,2026-07-24,CM,BSE,STK,500333,INE751B01018,PIXTRANS,B,,,,,PIX TRANSMISSIONS LTD.,1783.40,1783.40,1749.65,1769.40,1770.00,1788.15,,1766.30,,,549,968892.00,90,F1,1,,,,,
2026-07-24,2026-07-24,CM,BSE,STK,500335,INE340A01012,BIRLACORPN,A,,,,,BIRLA CORPORATION LTD.,967.95,970.00,939.00,956.10,970.00,974.90,,956.55,,,12558,12029301.00,2017,F1,1,,,,,
2026-07-24,2026-07-24,CM,BSE,STK,500336,INE335A01020,SURYAROSNI,B,,,,,SURYA ROSHNI LTD.,233.10,241.55,232.90,237.65,238.20,236.65,,237.95,,,27201,6438109.00,495,F1,1,,,,,
2026-07-24,2026-07-24,CM,BSE,STK,500337,INE032B01021,PRIMESECU,B,,,,,PRIME SECURITIES LTD.,273.85,290.70,273.20,273.95,275.30,280.60,,274.45,,,2889,804758.00,135,F1,1,,,,,
2026-07-24,2026-07-24,CM,BSE,STK,500338,INE010A01011,PRSMJOHNSN,B,,,,,PRISM JOHNSON LIMITED.,107.30,110.05,105.95,107.45,110.05,108.00,,107.97,,,12705,1361074.00,222,F1,1,,,,,
2026-07-24,2026-07-24,CM,BSE,STK,500339,INE855B01025,RAIN,A,,,,,RAIN INDUSTRIES LIMITED,218.85,226.65,216.30,225.35,225.35,224.00,,225.24,,,355914,78953377.00,4024,F1,1,,,,,
2026-07-24,2026-07-24,CM,BSE,STK,500342,INE024D01016,PRUDMOULI,T,,,,,PRUDENTIAL SUGAR CORPORATION L,14.16,14.16,12.85,12.90,12.90,13.49,,12.91,,,1426,18690.00,7,F1,1,,,,,
2026-07-24,2026-07-24,CM,BSE,STK,500343,INE606A01024,AMJLAND,B,,,,,AMJ LAND HOLDINGS LIMITED,35.21,38.00,35.21,38.00,38.00,37.55,,37.99,,,3937,149169.00,134,F1,1,,,,,
2026-07-24,2026-07-24,CM,BSE,STK,500346,INE609A01010,PUNJCOMMU,B,,,,,PUNJAB COMMUNICATIONS LTD.,47.23,47.23,45.10,46.22,46.22,46.64,,46.22,,,365,16712.00,29,F1,1,,,,,
2026-07-24,2026-07-24,CM,BSE,STK,500350,INE611A01016,RSWM,T,,,,,RSWM LTD.,208.20,210.00,208.20,210.00,210.00,211.50,,211.71,,,7,1461.00,2,F1,1,,,,,
2026-07-24,2026-07-24,CM,BSE,STK,500354,INE562B01019,RAJSREESUG,B,,,,,RAJSHREE SUGARS & CHEMICALS LT,30.30,31.03,29.50,30.91,31.03,30.31,,29.99,,,1025,30763.00,41,F1,1,,,,,
2026-07-24,2026-07-24,CM,BSE,STK,500355,INE613A01020,RALLIS,A,,,,,RALLIS INDIA LTD.,221.45,221.95,216.55,218.90,218.90,222.00,,218.73,,,44841,9815202.00,1144,F1,1,,,,,
2026-07-24,2026-07-24,CM,BSE,STK,500356,INE278B01020,RAMANEWS,B,,,,,SHREE RAMA NEWSPRINT LTD.,28.00,29.23,27.90,28.49,28.47,28.21,,28.57,,,2557,74120.00,17,F1,1,,,,,
2026-07-24,2026-07-24,CM,BSE,STK,500360,INE350D01015,RAPICUT,XT,,,,,RAPICUT CARBIDES LTD.,251.05,251.05,250.30,250.30,250.30,251.95,,250.30,,,6,1505.00,3,F1,1,,,,,
2026-07-24,2026-07-24,CM,BSE,STK,500365,INE731F01037,WELSPLSOL,B,,,,,WELSPUN SPECIALTY SOLUTIONS LI,48.50,51.90,48.50,51.25,51.50,49.40,,51.29,,,86305,4373059.00,496,F1,1,,,,,
2026-07-24,2026-07-24,CM,BSE,STK,500367,INE642C01025,RUBFILA,B,,,,,RUBFILA INTERNATIONAL LTD.,72.36,73.00,71.73,72.98,73.00,72.36,,73.07,,,2364,169911.00,17,F1,1,,,,,
2026-07-24,2026-07-24,CM,BSE,STK,500368,INE619A01035,PATANJALI,A,,,,,Patanjali Foods Limited,337.00,342.75,330.65,341.00,341.00,337.35,,340.95,,,999570,337218093.00,601290,F1,1,,,,,
2026-07-24,2026-07-24,CM,BSE,STK,500371,INE538C01017,SAMTELIN,XT,,,,,SAMTEL INDIA LTD.,51.28,51.28,51.28,51.28,51.28,53.97,,51.28,,,3460,177428.00,32,F1,1,,,,,
2026-07-24,2026-07-24,CM,BSE,STK,500378,INE324A01032,JINDALSAW,A,,,,,JINDAL SAW LTD.,258.05,260.35,253.35,255.50,255.50,261.00,,255.35,,,87868,22581332.00,1805,F1,1,,,,,
2026-07-24,2026-07-24,CM,BSE,STK,500380,INE786A01032,JKLAKSHMI,A,,,,,JK LAKSHMI CEMENT LTD.,573.35,575.00,566.40,572.15,575.00,573.35,,572.50,,,3684,2099606.00,268,F1,1,,,,,
2026-07-24,2026-07-24,CM,BSE,STK,500387,INE070A01015,SHREECEM,A,,,,,SHREE CEMENT LTD.,26640.75,26992.00,26443.95,26739.35,26900.00,26802.25,,26740.00,,,241,6441716.00,155,F1,1,,,,,
2026-07-24,2026-07-24,CM,BSE,STK,500388,INE970C01012,SKPMIL,XT,,,,,SHREE KRISHNA PAPER MILLS & IN,105.00,110.10,105.00,106.00,106.00,105.00,,106.00,,,903,96329.00,9,F1,1,,,,,
2026-07-24,2026-07-24,CM,BSE,STK,500400,INE245A01021,TATAPOWER,A,,,,,TATA POWER CO.LTD.,374.00,375.90,371.50,374.55,374.55,376.10,,374.40,,,73692,27552296.00,2419,F1,1,,,,,
2026-07-24,2026-07-24,CM,BSE,STK,500402,INE937A01023,SPMLINFRA,B,,,,,SPML INFRA LIMITED,200.05,200.85,194.50,198.90,200.35,198.60,,199.33,,,16237,3199495.00,255,F1,1,,,,,
2026-07-24,2026-07-24,CM,BSE,STK,500403,INE387A01021,SUNDRMFAST,A,,,,,SUNDRAM FASTENERS LTD.,936.15,953.45,933.20,939.35,944.30,948.25,,940.55,,,104155,98770560.00,394,F1,1,,,,,
2026-07-24,2026-07-24,CM,BSE,STK,500404,INE947A01014,SUNFLAG,B,,,,,SUNFLAG IRON & STEEL CO.LTD.,345.10,351.75,340.35,348.85,348.85,349.90,,348.70,,,7430,2571815.00,316,F1,1,,,,,
2026-07-24,2026-07-24,CM,BSE,STK,500405,INE663A01033,SPLPETRO,A,,,,,SUPREME PETROCHEM LTD.,744.05,755.10,735.20,741.00,741.00,735.35,,741.60,,,12191,9060161.00,656,F1,1,,,,,
2026-07-24,2026-07-24,CM,BSE,STK,500407,INE277A01016,SWARAJENG,B,,,,,SWARAJ ENGINES LTD.,3570.00,3590.45,3523.55,3568.50,3584.90,3578.95,,3569.00,,,597,2123063.00,136,F1,1,,,,,
2026-07-24,2026-07-24,CM,BSE,STK,500408,INE670A01012,TATAELXSI,A,,,,,TATA ELXSI LTD.,3379.60,3555.00,3357.00,3539.40,3532.80,3387.25,,3538.10,,,74016,259071237.00,6917,F1,1,,,,,
2026-07-24,2026-07-24,CM,BSE,STK,500410,INE012A01025,ACC,A,,,,,ACC LTD.,1332.00,1353.00,1313.00,1339.20,1341.30,1334.40,,1340.80,,,15167,20178850.00,1393,F1,1,,,,,
2026-07-24,2026-07-24,CM,BSE,STK,500411,INE152A01029,THERMAX,A,,,,,THERMAX LTD.,4558.85,4558.85,4465.00,4517.50,4517.50,4581.75,,4514.50,,,5941,26781143.00,706,F1,1,,,,,
2026-07-24,2026-07-24,CM,BSE,STK,500412,INE338A01024,TIRUMALCHM,B,,,,,THIRUMALAI CHEMICALS LTD.,166.15,170.55,165.80,167.60,167.50,167.45,,167.73,,,13783,2314103.00,270,F1,1,,,,,
2026-07-24,2026-07-24,CM,BSE,STK,500413,INE332A01027,THOMASCOOK,A,,,,,THOMAS COOK (INDIA) LTD.,100.45,100.45,97.10,97.90,97.60,100.50,,97.86,,,151993,14916633.00,895,F1,1,,,,,
2026-07-24,2026-07-24,CM,BSE,STK,500414,INE064A01026,TIMEX,B,,,,,TIMEX GROUP INDIA LTD.,567.30,581.00,559.60,579.00,575.60,574.25,,578.90,,,59589,33935670.00,2594,F1,1,,,,,
2026-07-24,2026-07-24,CM,BSE,STK,500418,INE932C01012,TOKYOPLAST,T,,,,,TOKYO PLAST INTERNATIONAL LTD.,78.15,78.15,78.15,78.15,78.15,81.78,,80.15,,,2,156.00,2,F1,1,,,,,
2026-07-24,2026-07-24,CM,BSE,STK,500420,INE685A01028,TORNTPHARM,A,,,,,TORRENT PHARMACEUTICALS LTD.,4992.15,5045.30,4950.50,4959.80,4959.80,5065.80,,4961.50,,,5220,26109130.00,1424,F1,1,,,,,
2026-07-24,2026-07-24,CM,BSE,STK,500421,INE578C01021,TPINDIA,X,,,,,TPI INDIA LTD.,17.95,18.55,17.15,17.88,18.00,18.32,,17.88,,,197399,3514784.00,62,F1,1,,,,,
2026-07-24,2026-07-24,CM,BSE,STK,500422,INE019B01010,TRANSCHEM,XT,,,,,TRANSCHEM LTD.,355.35,355.35,355.35,355.35,355.35,362.60,,355.35,,,631,224225.00,7,F1,1,,,,,
2026-07-24,2026-07-24,CM,BSE,STK,500425,INE079A01024,AMBUJACEM,A,,,,,AMBUJA CEMENTS LTD.,419.05,427.30,415.40,424.95,426.40,423.65,,425.15,,,110435,46496136.00,3059,F1,1,,,,,
2026-07-24,2026-07-24,CM,BSE,STK,500426,INE184E01024,UTLINDS,X,,,,,UTL INDUSTRIES LIMITED,1.51,1.52,1.51,1.52,1.52,1.52,,1.52,,,27741,41926.00,31,F1,1,,,,,
2026-07-24,2026-07-24,CM,BSE,STK,500429,INE037A01022,UNIENTER,B,,,,,UNIPHOS ENTERPRISES LTD.,99.55,99.55,98.70,98.70,98.70,98.90,,98.27,,,149,14830.00,32,F1,1,,,,,
2026-07-24,2026-07-24,CM,BSE,STK,500439,INE701A01023,VHL,B,,,,,VARDHMAN HOLDINGS LTD.,3475.00,3543.70,3475.00,3492.40,3492.40,3492.35,,3503.30,,,39,137686.00,4,F1,1,,,,,
2026-07-24,2026-07-24,CM,BSE,STK,500440,INE038A01020,HINDALCO,A,,,,,HINDALCO INDUSTRIES LTD.,941.45,948.60,939.65,942.75,943.90,955.45,,942.80,,,620404,585505913.00,1913,F1,1,,,,,
2026-07-24,2026-07-24,CM,BSE,STK,500444,INE976A01021,WSTCSTPAPR,B,,,,,West Coast Paper Mills Limited,557.65,559.75,542.85,552.70,554.25,560.40,,553.55,,,19121,10492287.00,638,F1,1,,,,,
2026-07-24,2026-07-24,CM,BSE,STK,500449,INE048A01011,HOCL,T,,,,,HINDUSTAN ORGANIC CHEMICALS LT,36.28,37.00,36.28,36.74,37.00,36.75,,36.74,,,10655,392076.00,53,F1,1,,,,,
2026-07-24,2026-07-24,CM,BSE,STK,500450,INE844C01027,MPILCORPL,XT,,,,,MPIL CORPORATION LTD.,529.65,529.65,480.25,480.25,480.25,505.50,,480.25,,,4,2019.00,3,F1,1,,,,,
2026-07-24,2026-07-24,CM,BSE,STK,500456,INE818B01023,PASUPTAC,T,,,,,PASUPATI ACRYLON LTD.,57.80,58.90,56.31,58.49,58.49,57.90,,57.91,,,6716,384585.00,67,F1,1,,,,,
2026-07-24,2026-07-24,CM,BSE,STK,500458,INE601A01017,TEAM24,X,,,,,TEAM24 CONSUMER PRODUCTS LIMIT,28.50,29.70,26.51,29.20,29.14,29.37,,29.20,,,1271,36716.00,24,F1,1,,,,,
2026-07-24,2026-07-24,CM,BSE,STK,500459,INE179A01014,PGHH,A,,,,,PROCTER & GAMBLE HYGIENE & HEA,8955.00,8990.00,8908.95,8963.95,8989.00,8946.55,,8974.50,,,144,1289017.00,81,F1,1,,,,,
2026-07-24,2026-07-24,CM,BSE,STK,500460,INE304A01026,MUKANDLTD,B,,,,,MUKAND LTD.,138.05,139.50,136.10,138.60,138.80,139.15,,138.40,,,3629,501099.00,132,F1,1,,,,,
2026-07-24,2026-07-24,CM,BSE,STK,500463,INE676A01027,BBOX,A,,,,,BLACK BOX LIMITED,778.00,786.95,769.00,778.75,779.95,786.75,,778.45,,,16803,13033355.00,1027,F1,1,,,,,
2026-07-24,2026-07-24,CM,BSE,STK,500464,INE139B01016,UCAL,B,,,,,UCAL LIMITED,115.45,115.55,114.90,115.00,115.00,116.00,,114.90,,,553,63563.00,65,F1,1,,,,,
2026-07-24,2026-07-24,CM,BSE,STK,500467,INE544A01019,HARRMALAYA,B,,,,,HARRISONS MALAYALAM LTD.,216.95,220.50,216.45,220.50,220.50,220.50,,216.96,,,19,4151.00,6,F1,1,,,,,
2026-07-24,2026-07-24,CM,BSE,STK,500469,INE171A01029,FEDERALBNK,A,,,,,FEDERAL BANK LTD.,351.15,354.90,349.85,354.20,354.20,354.55,,354.30,,,1013109,356037816.00,3551,F1,1,,,,,
2026-07-24,2026-07-24,CM,BSE,STK,500470,INE081A01020,TATASTEEL,A,,,,,TATA STEEL LTD.,183.15,183.55,181.20,182.70,182.70,184.25,,182.67,,,810376,147858092.00,12065,F1,1,,,,,
2026-07-24,2026-07-24,CM,BSE,STK,500472,INE640A01023,SKFINDIA,A,,,,,SKF INDIA LIMITED,1470.95,1513.25,1455.05,1487.50,1485.20,1470.95,,1484.90,,,1809,2685396.00,282,F1,1,,,,,
2026-07-24,2026-07-24,CM,BSE,STK,500477,INE208A01029,ASHOKLEY,A,,,,,ASHOK LEYLAND LTD.,150.20,151.40,147.60,151.15,151.15,150.25,,151.07,,,613296,91487816.00,12650,F1,1,,,,,
2026-07-24,2026-07-24,CM,BSE,STK,500480,INE298A01020,CUMMINSIND,A,,,,,CUMMINS INDIA LTD.,5556.10,5651.80,5538.60,5601.85,5610.15,5599.15,,5600.50,,,8080,45299132.00,2218,F1,1,,,,,
2026-07-24,2026-07-24,CM,BSE,STK,500483,INE151A01013,TATACOMM,A,,,,,TATA COMMUNICATIONS LTD.,1795.00,1795.00,1754.95,1773.60,1773.60,1799.50,,1775.30,,,4909,8692614.00,487,F1,1,,,,,
2026-07-24,2026-07-24,CM,BSE,STK,500488,INE358A01014,ABBOTINDIA,A,,,,,ABBOTT INDIA LTD.,27500.70,28056.95,27500.70,28003.45,28030.00,28735.45,,28005.00,,,1173,32656223.00,488,F1,1,,,,,
2026-07-24,2026-07-24,CM,BSE,STK,500490,INE118A01012,BAJAJHLDNG,A,,,,,BAJAJ HOLDINGS & INVESTMENT LT,10640.80,10744.15,10550.65,10677.30,10663.00,10640.85,,10679.00,,,3716,39652807.00,945,F1,1,,,,,
2026-07-24,2026-07-24,CM,BSE,STK,500493,INE465A01025,BHARATFORG,A,,,,,BHARAT FORGE LTD.,2147.85,2167.45,2127.50,2151.85,2158.10,2176.75,,2151.60,,,76246,163409344.00,5395,F1,1,,,,,
2026-07-24,2026-07-24,CM,BSE,STK,500495,INE042A01014,ESCORTS,A,,,,,Escorts Kubota Limited,2903.00,2923.00,2878.05,2903.50,2918.25,2907.65,,2905.10,,,2649,7684554.00,530,F1,1,,,,,
2026-07-24,2026-07-24,CM,BSE,STK,500500,INE253A01025,HINDMOTORS,XT,,,,,HINDUSTAN MOTORS LTD.,15.57,15.57,15.30,15.47,15.47,15.57,,15.47,,,104936,1613875.00,779,F1,1,,,,,
2026-07-24,2026-07-24,CM,BSE,STK,500510,INE018A01030,LT,A,,,,,LARSEN & TOUBRO LTD.,3754.15,3805.00,3720.00,3785.25,3785.25,3793.60,,3785.60,,,100735,379055894.00,12901,F1,1,,,,,
2026-07-24,2026-07-24,CM,BSE,STK,500520,INE101A01026,M&M,A,,,,,MAHINDRA & MAHINDRA LTD.,3226.10,3226.10,3136.00,3161.00,3161.00,3228.70,,3161.40,,,71809,227092288.00,5900,F1,1,,,,,
2026-07-24,2026-07-24,CM,BSE,STK,500530,INE323A01026,BOSCHLTD,A,,,,,BOSCH LTD.,42300.50,42300.50,41500.00,41766.35,41795.00,42203.55,,41755.00,,,389,16256355.00,232,F1,1,,,,,
2026-07-24,2026-07-24,CM,BSE,STK,500540,INE342A01018,PREMIER,T,,,,,PREMIER LTD.,2.80,2.95,2.75,2.85,2.95,2.89,,2.84,,,459,1302.00,10,F1,1,,,,,
2026-07-24,2026-07-24,CM,BSE,STK,500547,INE029A01011,BPCL,A,,,,,BHARAT PETROLEUM CORPORATION L,306.60,311.75,305.50,310.20,310.20,309.90,,310.15,,,233231,71998657.00,3950,F1,1,,,,,
2026-07-24,2026-07-24,CM,BSE,STK,500550,INE003A01024,SIEMENS,A,,,,,SIEMENS LTD.,3628.50,3712.35,3622.95,3686.60,3675.00,3682.55,,3689.70,,,6279,23020678.00,1520,F1,1,,,,,
2026-07-24,2026-07-24,CM,BSE,STK,500570,INE155A01022,TMPV,A,,,,,TATA MOTORS PASSENGER VEHICLES,321.95,325.70,318.35,323.85,323.85,324.25,,323.80,,,271375,87182431.00,5436,F1,1,,,,,
2026-07-24,2026-07-24,CM,BSE,STK,500575,INE226A01021,VOLTAS,A,,,,,VOLTAS LTD.,1312.15,1332.50,1292.00,1327.40,1327.40,1310.20,,1327.30,,,18703,24638993.00,1277,F1,1,,,,,
2026-07-24,2026-07-24,CM,BSE,STK,500620,INE017A01032,GESHIP,A,,,,,GREAT EASTERN SHIPPING CO.LTD.,1449.40,1449.45,1419.50,1437.40,1430.00,1440.30,,1437.90,,,12534,17953036.00,1044,F1,1,,,,,
2026-07-24,2026-07-24,CM,BSE,STK,500645,INE501A01019,DEEPAKFERT,A,,,,,DEEPAK FERTILISERS & PETROCHEM,1575.00,1590.00,1563.35,1571.55,1574.10,1580.05,,1573.20,,,7299,11468602.00,376,F1,1,,,,,
2026-07-24,2026-07-24,CM,BSE,STK,500650,INE369A01029,EXCELINDUS,B,,,,,EXCEL INDUSTRIES LTD.,909.00,941.65,909.00,941.65,941.65,916.40,,932.15,,,149,136189.00,23,F1,1,,,,,
2026-07-24,2026-07-24,CM,BSE,STK,500655,INE291A01017,GRWRHITECH,A,,,,,GARWARE HI-TECH FILMS LIMITED,6859.90,6925.00,6747.35,6906.30,6906.30,6855.15,,6903.00,,,1426,9738123.00,414,F1,1,,,,,
2026-07-24,2026-07-24,CM,BSE,STK,500660,INE159A01016,GLAXO,A,,,,,GLAXOSMITHKLINE PHARMACEUTICAL,2494.20,2525.80,2455.00,2513.25,2516.05,2494.20,,2514.30,,,3064,7611635.00,526,F1,1,,,,,
2026-07-24,2026-07-24,CM,BSE,STK,500670,INE113A01013,GNFC,A,,,,,GUJARAT NARMADA VALLEY FERTILI,496.00,504.90,492.40,503.35,502.00,497.25,,503.05,,,7525,3752361.00,416,F1,1,,,,,
2026-07-24,2026-07-24,CM,BSE,STK,500672,INE234A01025,NOVARTIND,B,,,,,NOVARTIS INDIA LTD.,1670.05,1726.95,1614.30,1647.25,1657.35,1668.95,,1641.30,,,4012,6725407.00,506,F1,1,,,,,
2026-07-24,2026-07-24,CM,BSE,STK,500674,INE058A01010,SANOFI,A,,,,,SANOFI INDIA LTD,3401.70,3429.55,3361.80,3387.70,3401.35,3395.05,,3388.80,,,1656,5621939.00,254,F1,1,,,,,
2026-07-24,2026-07-24,CM,BSE,STK,500680,INE182A01018,PFIZER,A,,,,,PFIZER LTD.,4610.70,4638.40,4558.05,4617.70,4623.20,4650.60,,4623.40,,,1057,4880978.00,215,F1,1,,,,,
2026-07-24,2026-07-24,CM,BSE,STK,500690,INE026A01025,GSFC,A,,,,,GUJARAT STATE FERTILIZERS & CH,154.65,155.20,152.75,154.50,154.50,154.65,,154.55,,,69238,10664835.00,976,F1,1,,,,,
2026-07-24,2026-07-24,CM,BSE,STK,500696,INE030A01027,HINDUNILVR,A,,,,,HINDUSTAN UNILEVER LTD.,2152.45,2163.15,2139.50,2144.75,2146.50,2160.70,,2145.00,,,82047,175992045.00,11638,F1,1,,,,,
2026-07-24,2026-07-24,CM,BSE,STK,500710,INE133A01011,JSWDULUX,A,,,,,JSW Dulux Limited,2912.25,2958.85,2873.80,2937.65,2948.20,2916.55,,2943.30,,,874,2544477.00,188,F1,1,,,,,
2026-07-24,2026-07-24,CM,BSE,STK,500730,INE163A01018,NOCIL,B,,,,,NOCIL LTD.,161.80,162.20,158.80,160.15,161.70,162.25,,160.11,,,22243,3555642.00,524,F1,1,,,,,
2026-07-24,2026-07-24,CM,BSE,STK,500770,INE092A01019,TATACHEM,A,,,,,TATA CHEMICALS LTD.,678.05,688.90,676.00,684.50,684.50,679.80,,685.30,,,20798,14182803.00,1282,F1,1,,,,,
2026-07-24,2026-07-24,CM,BSE,STK,500777,INE148A01019,TNPETRO,B,,,,,TAMILNADU PETROPRODUCTS LTD.,93.66,95.80,93.20,94.79,95.36,94.76,,94.99,,,5009,471641.00,85,F1,1,,,,,
2026-07-24,2026-07-24,CM,BSE,STK,500780,INE217A01012,ZUARIIND,B,,,,,Zuari Industries Limited,254.55,260.40,254.55,258.30,258.50,255.60,,257.05,,,783,201176.00,39,F1,1,,,,,
2026-07-24,2026-07-24,CM,BSE,STK,500790,INE239A01024,NESTLEIND,A,,,,,NESTLE INDIA LTD.,1425.85,1467.70,1425.85,1443.70,1447.20,1449.70,,1443.50,,,81243,117945489.00,4570,F1,1,,,,,
2026-07-24,2026-07-24,CM,BSE,STK,500800,INE192A01025,TATACONSUM,A,,,,,TATA CONSUMER PRODUCTS LIMITED,1106.00,1117.15,1079.50,1088.60,1088.60,1107.00,,1088.00,,,30356,33409006.00,2156,F1,1,,,,,
2026-07-24,2026-07-24,CM,BSE,STK,500820,INE021A01026,ASIANPAINT,A,,,,,ASIAN PAINTS LTD.,2633.00,2655.00,2630.00,2638.30,2639.90,2669.00,,2637.90,,,17438,46075719.00,2245,F1,1,,,,,
2026-07-24,2026-07-24,CM,BSE,STK,500825,INE216A01030,BRITANNIA,A,,,,,BRITANNIA INDUSTRIES LTD.,5408.85,5456.80,5315.35,5383.75,5380.00,5388.60,,5379.50,,,7435,40049390.00,2168,F1,1,,,,,
2026-07-24,2026-07-24,CM,BSE,STK,500830,INE259A01022,COLPAL,A,,,,,COLGATE-PALMOLIVE (INDIA) LTD.,2085.30,2103.85,2072.05,2088.25,2091.70,2086.00,,2086.10,,,7318,15277912.00,1407,F1,1,,,,,
2026-07-24,2026-07-24,CM,BSE,STK,500840,INE230A01023,EIHOTEL,A,,,,,EIH LTD.,317.90,328.50,316.75,325.35,324.30,320.55,,326.40,,,4313,1396683.00,161,F1,1,,,,,
2026-07-24,2026-07-24,CM,BSE,STK,500850,INE053A01029,INDHOTEL,A,,,,,THE INDIAN HOTELS COMPANY LTD,716.80,728.45,713.45,727.40,724.90,724.35,,727.45,,,127823,92317831.00,2713,F1,1,,,,,
2026-07-24,2026-07-24,CM,BSE,STK,500870,INE172A01027,CASTROLIND,A,,,,,CASTROL INDIA LTD.,185.05,186.60,184.00,184.85,185.50,185.25,,184.79,,,43487,8052739.00,1037,F1,1,,,,,
2026-07-24,2026-07-24,CM,BSE,STK,500875,INE154A01025,ITC,A,,,,,ITC LTD.,279.75,284.80,279.70,283.60,283.60,281.40,,283.45,,,1207781,341677795.00,13926,F1,1,,,,,
2026-07-24,2026-07-24,CM,BSE,STK,500877,INE438A01022,APOLLOTYRE,A,,,,,APOLLO TYRES LTD.,420.00,420.10,413.65,419.45,419.35,423.95,,419.65,,,11667,4870827.00,415,F1,1,,,,,
2026-07-24,2026-07-24,CM,BSE,STK,500878,INE482A01020,CEATLTD,A,,,,,CEAT LTD.,3342.75,3351.20,3311.00,3325.45,3325.45,3344.15,,3328.30,,,9477,31561240.00,1870,F1,1,,,,,
2026-07-24,2026-07-24,CM,BSE,STK,500890,INE832A01018,MODIRUBBER,B,,,,,MODI RUBBER LTD.,125.20,129.00,123.40,129.00,129.00,124.90,,125.86,,,86,10841.00,9,F1,1,,,,,
2026-07-24,2026-07-24,CM,BSE,STK,500940,INE183A01024,FINPIPE,A,,,,,FINOLEX INDUSTRIES LTD.,159.70,164.15,158.50,163.60,163.40,159.95,,163.66,,,75189,12174758.00,1370,F1,1,,,,,
2026-07-24,2026-07-24,CM,BSE,STK,501148,INE422D01012,DSINVEST,XT,,,,,DALAL STREET INVESTMENTS LTD.,400.00,400.00,400.00,400.00,400.00,393.00,,400.00,,,2,800.00,2,F1,1,,,,,
2026-07-24,2026-07-24,CM,BSE,STK,501150,INE660C01027,CENTRUM,B,,,,,CENTRUM CAPITAL LTD.,22.91,24.01,22.91,23.50,23.46,23.75,,23.65,,,5579,129382.00,63,F1,1,,,,,
2026-07-24,2026-07-24,CM,BSE,STK,501151,INE524U01019,KARTKIN,XT,,,,,KARTIK INVESTMENTS TRUST LTD.,8359.00,8359.00,8359.00,8359.00,8359.00,8529.55,,8359.00,,,2,16718.00,2,F1,1,,,,,
2026-07-24,2026-07-24,CM,BSE,STK,501242,INE911B01018,TCIFINANCE,T,,,,,TCI FINANCE LTD.,15.80,15.80,14.65,15.00,15.00,15.07,,15.19,,,521,8171.00,19,F1,1,,,,,
2026-07-24,2026-07-24,CM,BSE,STK,501295,INE886A01014,IITL,B,,,,,INDUSTRIAL INVESTMENT TRUST LT,129.90,139.00,126.10,131.35,131.35,127.05,,131.97,,,7256,940491.00,60,F1,1,,,,,
2026-07-24,2026-07-24,CM,BSE,STK,501301,INE672A01026,TATAINVEST,A,,,,,TATA INVESTMENT CORPORATION LT,626.90,638.50,621.05,631.40,631.40,631.95,,630.75,,,14508,9112071.00,609,F1,1,,,,,
2026-07-24,2026-07-24,CM,BSE,STK,501311,INE998D01011,JAYBHCR,XT,,,,,JAYABHARAT CREDIT LTD.,13.10,13.10,13.10,13.10,13.10,13.10,,13.10,,,50,655.00,1,F1,1,,,,,
2026-07-24,2026-07-24,CM,BSE,STK,501314,INE286N01028,PRISMX,X,,,,,PRISMX GLOBAL VENTURES LIMITED,0.58,0.60,0.57,0.59,0.60,0.59,,0.59,,,145990,84835.00,112,F1,1,,,,,
2026-07-24,2026-07-24,CM,BSE,STK,501370,INE695D01021,WALCHPF,X,,,,,WALCHAND PEOPLEFIRST LTD.,123.10,127.25,123.00,127.25,127.25,123.00,,127.25,,,58,7160.00,9,F1,1,,,,,
2026-07-24,2026-07-24,CM,BSE,STK,501391,INE855A01019,WHBRADY,X,,,,,W.H.BRADY & CO.LTD.,525.00,534.00,520.00,520.00,520.00,527.00,,520.00,,,51,26897.00,12,F1,1,,,,,
2026-07-24,2026-07-24,CM,BSE,STK,501421,INE314H01012,TECHNVISN,B,,,,,TechNVision Ventures Limited,4800.05,5284.80,4528.20,4995.90,5284.80,4404.00,,5061.80,,,5796,27712062.00,830,F1,1,,,,,
2026-07-24,2026-07-24,CM,BSE,STK,501423,INE151G01028,SHAILY,A,,,,,SHAILY ENGINEERING PLASTICS LT,2973.10,2977.05,2903.80,2966.05,2950.40,2951.05,,2969.60,,,8737,25761387.00,795,F1,1,,,,,
2026-07-24,2026-07-24,CM,BSE,STK,501425,INE050A01025,BBTC,A,,,,,The Bombay Burmah Trading Corp,1450.55,1464.15,1432.55,1458.25,1464.00,1471.70,,1458.20,,,3174,4597314.00,388,F1,1,,,,,
2026-07-24,2026-07-24,CM,BSE,STK,501430,INE691K01017,BOMBCYC,X,,,,,BOMBAY CYCLE & MOTOR AGENCY LT,1598.80,1598.80,1532.00,1541.70,1541.70,1559.55,,1541.70,,,9,13979.00,5,F1,1,,,,,
2026-07-24,2026-07-24,CM,BSE,STK,501455,INE224A01026,GREAVESCOT,A,,,,,GREAVES COTTON LTD.,235.95,248.40,231.45,246.25,246.25,237.05,,246.32,,,160126,38405098.00,2085,F1,1,,,,,
2026-07-24,2026-07-24,CM,BSE,STK,501622,INE492N01022,AMALGAM,XT,,,,,AMALGAMATED ELECTRICITY CO.LTD,126.44,126.44,126.44,126.44,126.44,120.42,,126.44,,,177,22379.00,4,F1,1,,,,,
2026-07-24,2026-07-24,CM,BSE,STK,501700,INE131H01028,INDIANVSH,X,,,,,INDIANIVESH LTD.,6.42,6.79,6.42,6.50,6.50,6.52,,6.50,,,1118,7386.00,28,F1,1,,,,,
2026-07-24,2026-07-24,CM,BSE,STK,501831,INE377E01024,COASTCORP,B,,,,,COASTAL CORPORATION LTD.,50.08,50.63,49.89,50.00,50.00,50.03,,49.93,,,884,44230.00,22,F1,1,,,,,
2026-07-24,2026-07-24,CM,BSE,STK,501833,INE490A01015,CHOWGULSTM,X,,,,,CHOWGULE STEAMSHIPS LTD.,22.98,23.00,22.00,22.05,22.05,23.21,,22.05,,,673,14965.00,13,F1,1,,,,,
2026-07-24,2026-07-24,CM,BSE,STK,501848,INE446C01013,GARWAOFFS,XT,,,,,GARWARE OFFSHORE SERVICES LIMI,45.00,45.95,44.20,45.00,45.00,46.40,,45.00,,,14631,656371.00,47,F1,1,,,,,
2026-07-24,2026-07-24,CM,BSE,STK,501945,INE758D01027,DHENUBUILD,Z,,,,,DHENU BUILDCON INFRA LTD.,8.75,8.75,8.42,8.69,8.74,8.58,,8.69,,,18760,162688.00,106,F1,1,,,,,
2026-07-24,2026-07-24,CM,BSE,STK,502015,INE443A01030,ASIIL,X,,,,,ASI INDUSTRIES LIMITED,23.37,23.45,23.02,23.31,23.39,23.37,,23.31,,,3415,79683.00,37,F1,1,,,,,
2026-07-24,2026-07-24,CM,BSE,STK,502090,INE229C01021,SAGCEM,B,,,,,SAGAR CEMENTS LTD.,176.00,179.50,173.55,176.90,176.30,178.00,,177.53,,,1312,231740.00,67,F1,1,,,,,
2026-07-24,2026-07-24,CM,BSE,STK,502137,INE583C01021,DECCANCE,B,,,,,DECCAN CEMENTS LTD.,558.05,563.50,549.60,560.05,563.50,557.15,,553.70,,,98,54724.00,35,F1,1,,,,,
2026-07-24,2026-07-24,CM,BSE,STK,502157,INE347A01017,MANGLMCEM,B,,,,,MANGALAM CEMENT LTD.,968.60,984.00,966.00,984.00,983.35,984.20,,984.05,,,1859,1808524.00,89,F1,1,,,,,
2026-07-24,2026-07-24,CM,BSE,STK,502168,INE732C01016,NCLIND,B,,,,,NCL INDUSTRIES LTD.,184.05,185.00,182.80,184.35,184.35,184.05,,184.66,,,1597,293771.00,53,F1,1,,,,,
2026-07-24,2026-07-24,CM,BSE,STK,502175,INE626A01014,SAURASHCEM,B,,,,,SAURASHTRA CEMENT LTD.,56.12,57.41,55.05,56.64,56.50,57.18,,55.73,,,15241,859953.00,333,F1,1,,,,,
2026-07-24,2026-07-24,CM,BSE,STK,502180,INE232A01011,SHREDIGCEM,B,,,,,SHREE DIGVIJAY CEMENT CO.LTD.,74.62,77.32,73.99,76.27,76.20,74.86,,76.16,,,6575,501342.00,184,F1,1,,,,,
2026-07-24,2026-07-24,CM,BSE,STK,502219,INE666D01022,BORORENEW,A,,,,,BOROSIL RENEWABLES LIMITED,573.95,583.25,570.75,581.20,580.70,578.05,,580.65,,,24440,14104838.00,769,F1,1,,,,,
2026-07-24,2026-07-24,CM,BSE,STK,502250,INE347D01011,LERTHAI,XT,,,,,LERTHAI FINANCE LIMITED,452.00,452.00,452.00,452.00,452.00,475.00,,452.00,,,51,23052.00,3,F1,1,,,,,
2026-07-24,2026-07-24,CM,BSE,STK,502281,INE094C01011,TRIVENIGQ,X,,,,,TRIVENI GLASS LTD.,7.10,7.98,7.10,7.97,7.97,7.00,,7.97,,,51021,398607.00,51,F1,1,,,,,
2026-07-24,2026-07-24,CM,BSE,STK,502294,INE416N01013,NILACHAL,X,,,,,NILACHAL REFRACTORIES LTD.,38.83,38.83,38.45,38.45,38.45,38.45,,38.45,,,530,20579.00,4,F1,1,,,,,
2026-07-24,2026-07-24,CM,BSE,STK,502330,INE435A01051,ANDHRAPAP,B,,,,,ANDHRA PAPER LIMITED,62.17,62.99,60.65,61.21,60.65,62.17,,61.29,,,38828,2386366.00,299,F1,1,,,,,
2026-07-24,2026-07-24,CM,BSE,STK,502355,INE787D01026,BALKRISIND,A,,,,,BALKRISHNA INDUSTRIES LTD.,2007.95,2029.00,1980.90,2014.00,2020.00,2011.60,,2013.50,,,6870,13787030.00,923,F1,1,,,,,
2026-07-24,2026-07-24,CM,BSE,STK,502420,INE592A01026,ORIENTPPR,B,,,,,ORIENT PAPER & INDUSTRIES LTD.,17.11,17.83,17.11,17.70,17.83,17.97,,17.58,,,42418,732744.00,130,F1,1,,,,,
2026-07-24,2026-07-24,CM,BSE,STK,502445,INE906D01014,CITADEL,X,,,,,CITADEL REALTY AND DEVELOPERS,36.50,36.98,35.16,36.98,36.98,36.50,,36.98,,,73,2652.00,5,F1,1,,,,,
2026-07-24,2026-07-24,CM,BSE,STK,502448,INE927A01040,ROLLT,T,,,,,ROLLATAINERS LTD.,2.19,2.25,2.07,2.25,2.25,2.16,,2.17,,,19712,43043.00,27,F1,1,,,,,
2026-07-24,2026-07-24,CM,BSE,STK,502450,INE630A01024,SESHAPAPER,B,,,,,SESHASAYEE PAPER & BOARDS LTD.,231.45,232.00,225.00,231.05,230.35,230.00,,230.27,,,1551,355903.00,80,F1,1,,,,,
2026-07-24,2026-07-24,CM,BSE,STK,502587,INE777A01023,NATHIND,X,,,,,NATH INDUSTRIES LIMITED,46.12,47.60,46.12,47.52,47.51,48.98,,47.52,,,554,26156.00,10,F1,1,,,,,
2026-07-24,2026-07-24,CM,BSE,STK,502589,INE464D01014,VAPIENTER,X,,,,,VAPI ENTERPRISE LIMITED,120.00,128.10,120.00,128.10,128.10,122.00,,128.10,,,1000,126873.00,8,F1,1,,,,,
2026-07-24,2026-07-24,CM,BSE,STK,502820,INE498A01018,DCM,T,,,,,DCM LTD.,88.45,88.45,88.18,88.18,88.18,88.45,,88.90,,,51,4510.00,3,F1,1,,,,,
2026-07-24,2026-07-24,CM,BSE,STK,502865,INE518A01013,FORBESCO,X,,,,,FORBES & COMPANY LTD.,270.00,277.95,260.00,265.00,265.00,269.90,,265.00,,,3822,1014537.00,139,F1,1,,,,,
2026-07-24,2026-07-24,CM,BSE,STK,502893,INE706D01018,UNITEDINT,X,,,,,UNITED INTERACTIVE LTD.,67.95,67.95,67.95,67.95,67.95,68.00,,67.95,,,26,1766.00,2,F1,1,,,,,
2026-07-24,2026-07-24,CM,BSE,STK,502901,INE462D01034,JAMSHRI,X,,,,,JAMSHRI REALTY LIMITED,76.95,76.95,75.00,76.94,76.94,77.85,,76.94,,,572,43154.00,28,F1,1,,,,,
2026-07-24,2026-07-24,CM,BSE,STK,502937,INE087A01019,KESORAMIND,T,,,,,KESORAM INDUSTRIES LTD.,11.76,11.76,11.76,11.76,11.76,12.00,,11.76,,,2713,31904.00,26,F1,1,,,,,
2026-07-24,2026-07-24,CM,BSE,STK,502958,INE938C01019,LAKSHMIMIL,X,,,,,LAKSHMI MILLS COMPANY LTD.,7800.05,7981.00,7800.00,7800.35,7801.00,7907.40,,7800.35,,,30,234185.00,14,F1,1,,,,,
2026-07-24,2026-07-24,CM,BSE,STK,502986,INE825A01020,VTL,A,,,,,VARDHMAN TEXTILES LTD.,602.60,619.85,598.05,612.95,618.80,610.50,,614.50,,,14524,8852281.00,802,F1,1,,,,,
2026-07-24,2026-07-24,CM,BSE,STK,503031,INE138A01028,PENINLAND,T,,,,,PENINSULA LAND LTD.,16.11,16.11,16.08,16.08,16.08,16.40,,16.09,,,4807,77409.00,10,F1,1,,,,,
2026-07-24,2026-07-24,CM,BSE,STK,503092,INE909B01020,PASUSPG,X,,,,,PASUPATI SPG.& WVG.MILLS LTD.,36.00,36.00,36.00,36.00,36.00,35.03,,36.00,,,2,72.00,1,F1,1,,,,,
2026-07-24,2026-07-24,CM,BSE,STK,503100,INE211B01039,PHOENIXLTD,A,,,,,THE PHOENIX MILLS LTD,2026.00,2035.00,1977.60,2012.25,2016.60,2035.30,,2010.70,,,42087,84606883.00,2638,F1,1,,,,,
2026-07-24,2026-07-24,CM,BSE,STK,503101,INE182D01020,MARATHON,B,,,,,MARATHON NEXTGEN REALTY LTD.,380.25,389.80,377.45,384.55,380.00,384.65,,382.75,,,1294,498780.00,97,F1,1,,,,,
2026-07-24,2026-07-24,CM,BSE,STK,503162,INE750D01016,RELCHEMQ,B,,,,,RELIANCE CHEMOTEX INDUSTRIES L,125.00,126.30,125.00,126.30,126.30,126.50,,127.29,,,40,5006.00,3,F1,1,,,,,
2026-07-24,2026-07-24,CM,BSE,STK,503169,INE301D01026,RUBYMILLS,T,,,,,RUBY MILLS LTD.,415.95,420.00,393.05,408.00,408.00,413.70,,407.35,,,5552,2299473.00,64,F1,1,,,,,
2026-07-24,2026-07-24,CM,BSE,STK,503229,INE167H01014,SIMPLXREA,X,,,,,SIMPLEX REALTY LTD.,127.55,127.55,127.55,127.55,127.55,134.25,,127.55,,,5,637.00,1,F1,1,,,,,
2026-07-24,2026-07-24,CM,BSE,STK,503310,INE665A01038,SWANCORP,A,,,,,Swan Corp Limited,305.30,312.00,304.25,310.10,310.70,308.60,,310.30,,,37874,11651911.00,746,F1,1,,,,,
2026-07-24,2026-07-24,CM,BSE,STK,503349,INE203D01016,VICTMILL,X,,,,,VICTORIA MILLS LTD.,5000.00,5000.00,4950.00,4950.00,4950.00,5000.00,,4950.00,,,5,24900.00,4,F1,1,,,,,
2026-07-24,2026-07-24,CM,BSE,STK,503624,INE406N01014,ZSVARAJT,X,,,,,SVARAJ TRADING & AGENCIES LTD.,8.18,8.18,8.10,8.14,8.14,7.93,,8.14,,,457,3719.00,6,F1,1,,,,,
2026-07-24,2026-07-24,CM,BSE,STK,503635,INE315N01017,SALSAIN,XT,,,,,SHREE SALASAR INVESTMENT LTD.,412.75,412.75,412.75,412.75,412.75,393.10,,412.75,,,868,358267.00,14,F1,1,,,,,
2026-07-24,2026-07-24,CM,BSE,STK,503639,INE314N01028,APOLLOIN,XT,,,,,Apollo Ingredients Limited,124.72,124.72,124.72,124.72,124.72,122.28,,124.72,,,167,20828.00,4,F1,1,,,,,
2026-07-24,2026-07-24,CM,BSE,STK,503641,INE945J01027,ZODIACVEN,XT,,,,,ZODIAC VENTURES LIMITED,1.63,1.68,1.63,1.65,1.65,1.67,,1.65,,,38392,63543.00,77,F1,1,,,,,
2026-07-24,2026-07-24,CM,BSE,STK,503657,INE255E01030,VEERENRGY,X,,,,,VEER ENERGY & INFRASTRUCTURE L,12.00,12.49,12.00,12.43,12.44,12.20,,12.43,,,10317,126147.00,28,F1,1,,,,,
2026-07-24,2026-07-24,CM,BSE,STK,503659,INE948K01011,SW1,XT,,,,,SW INVESTMENTS LTD,180.00,180.00,180.00,180.00,180.00,183.65,,180.00,,,1,180.00,1,F1,1,,,,,
2026-07-24,2026-07-24,CM,BSE,STK,503663,INE026L01022,TILAK,XT,,,,,Tilak Ventures Limited,1.11,1.11,1.08,1.10,1.10,1.10,,1.10,,,331869,362516.00,313,F1,1,,,,,
2026-07-24,2026-07-24,CM,BSE,STK,503675,INE786K01023,WAGEND,X,,,,,WAGEND INFRA VENTURE LIMITED,1.19,1.20,1.19,1.20,1.20,1.20,,1.20,,,26235,31480.00,17,F1,1,,,,,
2026-07-24,2026-07-24,CM,BSE,STK,503685,INE828I01019,MEDIAONE,Z,,,,,MEDIAONE GLOBAL ENTERTAINMENT,15.30,15.50,14.54,15.25,15.25,15.30,,15.25,,,151,2304.00,7,F1,1,,,,,
2026-07-24,2026-07-24,CM,BSE,STK,503722,INE629D01020,BANSWRAS,B,,,,,BANSWARA SYNTEX LTD.,128.15,128.65,125.65,126.40,126.40,127.25,,127.94,,,703,89990.00,26,F1,1,,,,,
2026-07-24,2026-07-24,CM,BSE,STK,503776,INE170C01019,MODIPON,XT,,,,,MODIPON LTD.,31.62,31.67,31.16,31.49,31.16,31.15,,31.49,,,180,5668.00,13,F1,1,,,,,
2026-07-24,2026-07-24,CM,BSE,STK,503804,INE204C01024,SHRIDINE,XT,,,,,SHRI DINESH MILLS LTD.,369.00,369.00,346.15,350.00,350.00,355.00,,350.00,,,5255,1933617.00,23,F1,1,,,,,
2026-07-24,2026-07-24,CM,BSE,STK,503806,INE647A01010,SRF,A,,,,,SRF LTD.,2660.20,2697.50,2637.80,2661.20,2661.20,2622.05,,2664.10,,,299288,799598995.00,6668,F1,1,,,,,
2026-07-24,2026-07-24,CM,BSE,STK,503811,INE076B01028,SIYSIL,B,,,,,SIYARAM SILK MILLS LTD.,613.85,613.85,597.00,609.10,609.55,615.60,,609.45,,,3002,1813865.00,232,F1,1,,,,,
2026-07-24,2026-07-24,CM,BSE,STK,503816,INE243N01029,SWADPOL,X,,,,,SWADESHI POLYTEX LTD.,37.50,37.87,35.80,36.12,36.11,36.07,,36.12,,,1845,66804.00,29,F1,1,,,,,
2026-07-24,2026-07-24,CM,BSE,STK,503863,INE632A01012,SHRMFGC,X,,,,,SHREE MANUFACTURING CO.LTD.,10.50,10.50,10.50,10.50,10.50,10.50,,10.50,,,2,21.00,1,F1,1,,,,,
2026-07-24,2026-07-24,CM,BSE,STK,503960,INE464A01036,BBL,B,,,,,BHARAT BIJLEE LTD.,2508.10,2533.00,2450.00,2514.35,2514.00,2510.05,,2519.30,,,1608,4027271.00,308,F1,1,,,,,
2026-07-24,2026-07-24,CM,BSE,STK,504000,INE579B01039,ELPROINTL,B,,,,,ELPRO INTERNATIONAL LTD.,175.05,176.85,175.00,175.80,175.80,175.00,,176.51,,,4955,869968.00,62,F1,1,,,,,
2026-07-24,2026-07-24,CM,BSE,STK,504028,INE064H01021,GEE,XT,,,,,GEE LTD.,112.50,116.00,108.55,111.00,112.00,112.50,,111.00,,,30239,3401251.00,158,F1,1,,,,,
2026-07-24,2026-07-24,CM,BSE,STK,504036,INE835D01023,HIRECT,B,,,,,HIND RECTIFIERS LTD.,1272.00,1324.35,1254.25,1300.25,1304.80,1283.95,,1301.80,,,5427,6986060.00,416,F1,1,,,,,
2026-07-24,2026-07-24,CM,BSE,STK,504058,INE567A01028,NIPPOBATRY,B,,,,,INDO-NATIONAL LTD.,327.00,332.00,322.75,331.00,332.00,327.85,,326.65,,,236,76993.00,49,F1,1,,,,,
2026-07-24,2026-07-24,CM,BSE,STK,504067,INE520A01027,ZENSARTECH,A,,,,,ZENSAR TECHNOLOGIES LTD.,487.20,509.95,485.00,505.85,505.85,486.00,,505.90,,,222480,110932377.00,4100,F1,1,,,,,
2026-07-24,2026-07-24,CM,BSE,STK,504076,INE511D01012,JYOTI,X,,,,,JYOTI LTD.,55.00,56.40,54.00,55.19,54.61,55.09,,55.19,,,8808,485101.00,94,F1,1,,,,,
2026-07-24,2026-07-24,CM,BSE,STK,504080,INE581L01018,JSLINDL,X,,,,,JSL INDUSTRIES LTD.,890.00,890.00,850.00,857.00,857.00,895.00,,857.00,,,4,3453.00,4,F1,1,,,,,
2026-07-24,2026-07-24,CM,BSE,STK,504084,INE813G01023,KAYCEEI,X,,,,,KAYCEE INDUSTRIES LTD.,914.00,939.95,908.00,919.90,920.00,934.55,,919.90,,,289,265050.00,56,F1,1,,,,,
2026-07-24,2026-07-24,CM,BSE,STK,504092,INE716F01012,INDOKEM,B,,,,,INDOKEM LTD.,661.30,688.50,628.25,628.25,628.25,661.30,,628.25,,,12866,8269944.00,483,F1,1,,,,,
2026-07-24,2026-07-24,CM,BSE,STK,504093,INE795A01017,PANAENERG,X,,,,,PANASONIC ENERGY INDIA COMPANY,250.00,251.80,242.00,246.00,246.00,246.15,,246.00,,,1926,472277.00,113,F1,1,,,,,
2026-07-24,2026-07-24,CM,BSE,STK,504112,INE045B01015,NELCO,B,,,,,NELCO LTD.,935.05,944.05,915.70,934.20,933.00,933.65,,932.85,,,9059,8409198.00,403,F1,1,,,,,
2026-07-24,2026-07-24,CM,BSE,STK,504132,INE418E01018,PERMAGN,X,,,,,PERMANENT MAGNETS LTD.,854.35,867.05,825.00,855.75,842.50,855.00,,855.75,,,3315,2820156.00,140,F1,1,,,,,
2026-07-24,2026-07-24,CM,BSE,STK,504176,INE783E01023,HIGHENE,X,,,,,HIGH ENERGY BATTERIES (INDIA),597.45,627.80,588.10,612.05,612.05,602.55,,612.05,,,15005,9158252.00,476,F1,1,,,,,
2026-07-24,2026-07-24,CM,BSE,STK,504180,INE502C01039,STDBAT,X,,,,,STANDARD BATTERIES LTD.,49.76,49.76,47.90,49.22,49.22,49.76,,49.22,,,263,12892.00,19,F1,1,,,,,
2026-07-24,2026-07-24,CM,BSE,STK,504212,INE279A01012,UNIVCABLES,B,,,,,UNIVERSAL CABLES LTD.,1175.15,1250.00,1175.15,1233.80,1250.00,1204.10,,1234.80,,,13453,16197273.00,868,F1,1,,,,,
2026-07-24,2026-07-24,CM,BSE,STK,504220,INE100D01014,WSI,B,,,,,W.S.INDUSTRIES (INDIA) LTD.,61.02,62.90,60.15,62.54,62.53,61.02,,62.38,,,11467,711280.00,38,F1,1,,,,,
2026-07-24,2026-07-24,CM,BSE,STK,504240,INE872E01016,DLTNCBL,X,,,,,DELTON CABLES LTD.,408.00,415.85,405.50,410.00,410.00,411.85,,410.00,,,833,342956.00,52,F1,1,,,,,
2026-07-24,2026-07-24,CM,BSE,STK,504258,INE284C01018,LAKSELEC,X,,,,,LAKSHMI ELECTRICAL CONTROL SYS,810.05,828.95,798.00,822.85,822.85,807.85,,822.85,,,218,178340.00,37,F1,1,,,,,
2026-07-24,2026-07-24,CM,BSE,STK,504273,INE064R01012,MODULEX,Z,,,,,MODULEX CONSTRUCTION TECHNOLOG,18.25,18.25,17.00,17.80,17.80,17.49,,17.80,,,16571,292807.00,20,F1,1,,,,,
2026-07-24,2026-07-24,CM,BSE,STK,504286,INE393A01011,DELTAMAGNT,B,,,,,DELTA MANUFACTURING LIMITED,63.40,63.40,54.81,56.20,56.20,59.70,,55.96,,,2594,153174.00,51,F1,1,,,,,
2026-07-24,2026-07-24,CM,BSE,STK,504340,INE180M01033,LONGSPUR,X,,,,,Longspur International Venture,8.62,9.09,8.41,8.66,8.50,8.69,,8.66,,,1735,15234.00,22,F1,1,,,,,
2026-07-24,2026-07-24,CM,BSE,STK,504341,INE206N01018,RELTD,B,,,,,RAVINDRA ENERGY LIMITED,171.35,173.30,168.25,171.45,171.45,172.85,,171.45,,,14313,2446757.00,230,F1,1,,,,,
2026-07-24,2026-07-24,CM,BSE,STK,504351,INE507F01023,EMPOWER,T,,,,,EMPOWER INDIA LTD.,2.35,2.40,2.35,2.37,2.38,2.35,,2.38,,,1293909,3064022.00,597,F1,1,,,,,
2026-07-24,2026-07-24,CM,BSE,STK,504356,INE017P01014,ZMULTIPU,X,,,,,MULTIPURPOSE TRADING & AGENCIE,10.87,10.87,9.85,9.97,9.85,10.36,,9.97,,,272,2801.00,9,F1,1,,,,,
2026-07-24,2026-07-24,CM,BSE,STK,504369,INE927M01029,GRANDMA,X,,,,,GRANDMA TRADING & AGENCIES LTD,0.30,0.30,0.30,0.30,0.30,0.29,,0.30,,,5236,1570.00,5,F1,1,,,,,
2026-07-24,2026-07-24,CM,BSE,STK,504375,INE459E01012,IDREAM,P,,,,,IDream Film Infrastructure Com,638.00,638.00,635.00,635.00,635.00,628.00,,635.00,,,100,63650.00,2,F1,50,,,,,
2026-07-24,2026-07-24,CM,BSE,STK,504378,INE812K01027,NYSSACORP,X,,,,,NYSSA CORPORATION LIMITED,2.19,2.33,2.17,2.19,2.19,2.21,,2.19,,,32637,73418.00,71,F1,1,,,,,
2026-07-24,2026-07-24,CM,BSE,STK,504380,INE952M01019,FLOMIC,X,,,,,FLOMIC GLOBAL LOGISTICS LIMITE,47.50,49.00,47.00,48.79,48.79,47.50,,48.79,,,1231,58109.00,13,F1,1,,,,,
2026-07-24,2026-07-24,CM,BSE,STK,504392,INE537L01010,KRISHNA,XT,,,,,KRISHNA VENTURES LIMITED,44.03,44.03,44.03,44.03,44.03,44.92,,44.03,,,390,17171.00,5,F1,1,,,,,
2026-07-24,2026-07-24,CM,BSE,STK,504397,INE932M01011,GANHOLD,XT,,,,,GANESH HOLDINGS LTD.,92.61,92.61,92.61,92.61,92.61,88.20,,92.61,,,1183,109557.00,7,F1,1,,,,,
2026-07-24,2026-07-24,CM,BSE,STK,504605,INE361D01012,UNIABEXAL,XT,,,,,UNI ABEX ALLOY PRODUCTS LTD.,4724.60,4800.00,4525.00,4717.85,4726.25,4748.30,,4717.85,,,284,1335655.00,58,F1,1,,,,,
2026-07-24,2026-07-24,CM,BSE,STK,504614,INE385C01021,SARDAEN,A,,,,,SARDA ENERGY & MINERALS LTD.,502.40,504.10,491.05,501.50,501.50,502.25,,502.20,,,8981,4460257.00,262,F1,1,,,,,
2026-07-24,2026-07-24,CM,BSE,STK,504646,INE106G01014,BGWTATO,X,,,,,BHAGWATI AUTOCAST LTD.,705.00,733.90,651.30,696.40,696.40,687.95,,696.40,,,23346,16004485.00,803,F1,1,,,,,
2026-07-24,2026-07-24,CM,BSE,STK,504648,INE089T01023,BOMBWIR,X,,,,,BOMBAY WIRE ROPES LTD.,47.50,48.50,47.50,47.50,47.50,47.50,,47.50,,,25,1202.00,4,F1,1,,,,,
2026-07-24,2026-07-24,CM,BSE,STK,504697,INE255C01026,GALADA,XT,,,,,GALADA POWER & TELECOMMUNICATI,13.30,13.30,13.30,13.30,13.30,13.04,,13.30,,,76,1010.00,1,F1,1,,,,,
2026-07-24,2026-07-24,CM,BSE,STK,504731,INE566M01017,AZADIND,X,,,,,AZAD INDIA MOBILITY LIMITED,87.00,87.99,85.20,86.21,87.49,86.39,,86.21,,,1083,92930.00,34,F1,1,,,,,
2026-07-24,2026-07-24,CM,BSE,STK,504741,INE323C01030,INDIANHUME,B,,,,,INDIAN HUME PIPE CO.LTD.,368.80,389.65,368.80,385.35,385.35,372.25,,387.10,,,4056,1551154.00,205,F1,1,,,,,
2026-07-24,2026-07-24,CM,BSE,STK,504746,INE359D01024,INLCM,X,,,,,INDIAN LINK CHAIN MANUFACTURES,513.50,513.50,513.50,513.50,513.50,540.50,,513.50,,,580,297830.00,40,F1,1,,,,,
2026-07-24,2026-07-24,CM,BSE,STK,504786,INE155E01016,INVPRECQ,B,,,,,INVESTMENT & PRECISION CASTING,948.85,995.00,890.00,983.75,983.75,944.15,,980.35,,,5197,4968913.00,581,F1,1,,,,,
2026-07-24,2026-07-24,CM,BSE,STK,504810,INE123E01014,INFORTEC,X,,,,,INFORMED TECHNOLOGIES INDIA LT,82.00,85.00,79.60,84.31,85.00,83.00,,84.31,,,1236,104208.00,8,F1,1,,,,,
2026-07-24,2026-07-24,CM,BSE,STK,504840,INE375D01012,KAIRA,X,,,,,KAIRA CAN CO.LTD.,1600.05,1600.05,1600.05,1600.05,1600.05,1600.05,,1600.05,,,4,6400.00,1,F1,1,,,,,
2026-07-24,2026-07-24,CM,BSE,STK,504879,INE569C01020,ORIENTCER,B,,,,,ORIENT CERATECH LIMITED,38.90,40.80,38.90,40.29,40.29,40.60,,40.77,,,8663,343707.00,66,F1,1,,,,,
2026-07-24,2026-07-24,CM,BSE,STK,504882,INE166R01015,NATIONSTD,B,,,,,NATIONAL STANDARD (INDIA) LTD.,322.65,322.65,322.65,322.65,322.65,339.60,,320.70,,,118,38072.00,16,F1,1,,,,,
2026-07-24,2026-07-24,CM,BSE,STK,504903,INE336C01016,RATHIST,X,,,,,RATHI STEEL & POWER LTD.,24.39,24.50,23.50,24.23,24.23,23.95,,24.23,,,156081,3785289.00,343,F1,1,,,,,
2026-07-24,2026-07-24,CM,BSE,STK,504908,INE340F01011,DUNCANENG,X,,,,,Duncan Engineering Limited,379.15,396.00,379.10,382.05,379.10,396.90,,382.05,,,70,26567.00,7,F1,1,,,,,
2026-07-24,2026-07-24,CM,BSE,STK,504918,INE149K01016,SANDUMA,A,,,,,SANDUR MANGANESE & IRON ORES L,193.15,195.60,191.00,195.05,195.05,194.55,,195.04,,,35459,6851755.00,730,F1,1,,,,,
2026-07-24,2026-07-24,CM,BSE,STK,504959,INE755D01015,STOVACQ,X,,,,,STOVEC INDUSTRIES LTD.,1690.00,1729.00,1690.00,1728.00,1728.00,1702.95,,1728.00,,,94,159963.00,25,F1,1,,,,,
2026-07-24,2026-07-24,CM,BSE,STK,504973,INE149A01033,CHOLAHLDNG,A,,,,,CHOLAMANDALAM FINANCIAL HOLDIN,1502.00,1528.10,1492.45,1518.20,1514.30,1515.45,,1516.80,,,40127,60770197.00,373,F1,1,,,,,
2026-07-24,2026-07-24,CM,BSE,STK,504988,INE380G01015,ZWELCAST,X,,,,,WELCAST STEELS LTD.,710.00,710.00,710.00,710.00,710.00,690.00,,710.00,,,1,710.00,1,F1,1,,,,,
2026-07-24,2026-07-24,CM,BSE,STK,505010,INE449A01011,AUTOAXLES,B,,,,,AUTOMOTIVE AXLES LTD.,1807.60,1810.35,1783.00,1810.35,1810.35,1812.00,,1799.00,,,326,585043.00,36,F1,1,,,,,
2026-07-24,2026-07-24,CM,BSE,STK,505029,INE446A01025,ATLASCYCLE,B,,,,,ATLAS CYCLES (HARYANA) LTD.,96.85,99.13,96.85,97.10,97.10,97.03,,97.10,,,135,13114.00,6,F1,1,,,,,
2026-07-24,2026-07-24,CM,BSE,STK,505032,INE0NY101012,AUTOPRD,XT,,,,,AUTOMOBILE PRODUCTS OF INDIA L,6.48,6.48,6.48,6.48,6.48,6.18,,6.48,,,50,324.00,1,F1,1,,,,,
2026-07-24,2026-07-24,CM,BSE,STK,505036,INE451C01013,ACGL,B,,,,,AUTOMOBILE CORPORATION OF GOA,2231.20,2253.00,2202.10,2222.20,2202.10,2257.30,,2222.20,,,890,1985041.00,139,F1,1,,,,,
2026-07-24,2026-07-24,CM,BSE,STK,505075,INE878E01021,SETCO,T,,,,,SETCO AUTOMOTIVE LTD.,18.00,18.66,17.94,18.66,18.66,18.30,,18.66,,,6427,115931.00,35,F1,1,,,,,
2026-07-24,2026-07-24,CM,BSE,STK,505160,INE187D01029,TALBROAUTO,B,,,,,TALBROS AUTOMOTIVE COMPONENTS,392.25,395.50,387.50,391.85,392.20,394.60,,391.75,,,6920,2699583.00,364,F1,1,,,,,
2026-07-24,2026-07-24,CM,BSE,STK,505163,INE116C01012,ZFSTEERING,B,,,,,Z.F.STEERING GEAR (INDIA) LTD.,665.00,779.00,649.35,689.80,690.50,667.00,,693.65,,,6949,4946918.00,447,F1,1,,,,,
2026-07-24,2026-07-24,CM,BSE,STK,505192,INE294B01019,SMLMAH,A,,,,,SML Mahindra Limited,3900.90,3900.95,3770.90,3845.30,3845.05,3899.80,,3844.40,,,2786,10675728.00,523,F1,1,,,,,
2026-07-24,2026-07-24,CM,BSE,STK,505196,INE806C01018,TIL,B,,,,,TIL LTD.,203.80,214.15,202.65,211.45,211.50,205.50,,211.40,,,7312,1541038.00,128,F1,1,,,,,
2026-07-24,2026-07-24,CM,BSE,STK,505200,INE066A01021,EICHERMOT,A,,,,,EICHER MOTORS LTD.,7742.25,7742.25,7580.00,7628.40,7645.00,7719.10,,7628.00,,,26845,204687065.00,3051,F1,1,,,,,
2026-07-24,2026-07-24,CM,BSE,STK,505212,INE280F01019,JAINEX,X,,,,,JAINEX AAMCOL LTD.,122.95,122.95,115.00,120.00,120.00,115.60,,120.00,,,485,56395.00,14,F1,1,,,,,
2026-07-24,2026-07-24,CM,BSE,STK,505216,INE782D01027,ALFREDHE,X,,,,,ALFRED HERBERT (INDIA) LTD.,2641.00,2749.95,2641.00,2713.50,2713.50,2699.70,,2713.50,,,38,102785.00,21,F1,1,,,,,
2026-07-24,2026-07-24,CM,BSE,STK,505232,INE232E01013,VELJAN,T,,,,,VELJAN DENISON LIMITED,1848.00,1864.80,1730.00,1730.00,1730.00,1776.00,,1733.20,,,715,1252602.00,62,F1,1,,,,,
2026-07-24,2026-07-24,CM,BSE,STK,505242,INE221B01012,DYNAMATECH,A,,,,,DYNAMATIC TECHNOLOGIES LTD.,10135.00,10492.00,10135.00,10442.40,10492.00,10186.65,,10458.00,,,233,2394213.00,147,F1,1,,,,,
2026-07-24,2026-07-24,CM,BSE,STK,505250,INE631D01026,GGDPROP,X,,,,,G. G. Dandekar Properties Limi,75.00,77.00,70.65,77.00,77.00,75.10,,77.00,,,1133,85038.00,10,F1,1,,,,,
2026-07-24,2026-07-24,CM,BSE,STK,505255,INE541A01023,GMMPFAUDLR,A,,,,,GMM PFAUDLER LTD.,793.90,813.75,789.40,809.25,813.75,796.30,,808.10,,,5153,4141079.00,260,F1,1,,,,,
2026-07-24,2026-07-24,CM,BSE,STK,505283,INE811A01020,KIRLPNU,A,,,,,KIRLOSKAR PNEUMATIC CO.LTD.,1501.95,1523.00,1465.00,1495.60,1490.00,1513.15,,1496.90,,,72049,107895200.00,6311,F1,1,,,,,
2026-07-24,2026-07-24,CM,BSE,STK,505299,INE731D01024,KPT,X,,,,,KPT INDUSTRIES LIMITED,538.00,538.00,496.25,506.95,503.40,512.25,,506.95,,,859,433075.00,70,F1,1,,,,,
2026-07-24,2026-07-24,CM,BSE,STK,505302,INE718M01022,LAKSHMIEW,X,,,,,LAKSHMI ENGINEERING AND WAREHO,2260.50,2260.50,2200.00,2200.25,2200.00,2260.00,,2200.25,,,31,68738.00,6,F1,1,,,,,
2026-07-24,2026-07-24,CM,BSE,STK,505324,INE867A01022,MANUGRAPH,T,,,,,MANUGRAPH INDIA LTD.,13.79,13.79,13.79,13.79,13.79,14.51,,13.51,,,328,4523.00,4,F1,1,,,,,
2026-07-24,2026-07-24,CM,BSE,STK,505336,INE098E01026,HARSHILAGR,XT,,,,,HARSHIL AGROTECH LIMITED,0.30,0.30,0.28,0.29,0.29,0.29,,0.29,,,2019996,577510.00,427,F1,1,,,,,
2026-07-24,2026-07-24,CM,BSE,STK,505343,INE811D01024,MONOT,X,,,,,MONOTYPE INDIA LTD.,0.32,0.32,0.30,0.32,0.32,0.32,,0.32,,,1774856,556711.00,402,F1,1,,,,,
2026-07-24,2026-07-24,CM,BSE,STK,505355,INE317F01035,NESCO,A,,,,,NESCO LTD.,1050.00,1057.30,1037.00,1055.05,1055.00,1048.70,,1055.80,,,2823,2968125.00,234,F1,1,,,,,
2026-07-24,2026-07-24,CM,BSE,STK,505358,INE984B01023,INTEGRAEN,XT,,,,,INTEGRA ENGINEERING INDIA LTD.,178.00,178.00,166.60,169.15,169.75,169.55,,169.15,,,7045,1191316.00,99,F1,1,,,,,
2026-07-24,2026-07-24,CM,BSE,STK,505400,INE435C01024,TEXINFRA,B,,,,,TEXMACO INFRASTRUCTURE & HOLDI,112.25,112.85,111.60,111.90,111.90,113.05,,112.41,,,1825,204667.00,41,F1,1,,,,,
2026-07-24,2026-07-24,CM,BSE,STK,505412,INE274C01019,WENDT,B,,,,,WENDT (INDIA) LTD.,7409.55,8199.00,7300.00,8072.65,8072.65,7426.00,,8074.50,,,1728,13675881.00,558,F1,1,,,,,
2026-07-24,2026-07-24,CM,BSE,STK,505502,INE953M01033,PSITINFRA,XT,,,,,PS IT INFRASTRUCTURE & SERVICE,1.24,1.24,1.20,1.24,1.24,1.22,,1.24,,,17385,21061.00,18,F1,1,,,,,
2026-07-24,2026-07-24,CM,BSE,STK,505504,INE809Q01020,GHVINFRA,X,,,,,GHV INFRA PROJECTS LIMITED,245.05,245.10,238.35,241.55,244.00,233.45,,241.55,,,59049,14450550.00,485,F1,1,,,,,
2026-07-24,2026-07-24,CM,BSE,STK,505509,INE688D01026,RESPONIND,B,,,,,RESPONSIVE INDUSTRIES LTD.,176.05,177.10,172.90,175.65,175.65,177.05,,175.94,,,13321,2334409.00,247,F1,1,,,,,
2026-07-24,2026-07-24,CM,BSE,STK,505515,INE203N01015,SHYMINV,X,,,,,SHYAMKAMAL INVESTMENTS LTD.,12.33,12.94,11.50,12.94,12.94,12.63,,12.94,,,836,10409.00,29,F1,1,,,,,
2026-07-24,2026-07-24,CM,BSE,STK,505523,INE272E01027,MAHACORP,X,,,,,MAHARASHTRA CORPORATION LTD.,0.33,0.34,0.32,0.32,0.33,0.33,,0.32,,,645062,208883.00,195,F1,1,,,,,
2026-07-24,2026-07-24,CM,BSE,STK,505526,INE966A01022,DOLATALGO,B,,,,,DOLAT ALGOTECH LIMITED,68.50,69.26,67.09,68.11,68.05,68.50,,68.75,,,6594,448550.00,451,F1,1,,,,,
2026-07-24,2026-07-24,CM,BSE,STK,505533,INE274F01020,WESTLIFE,A,,,,,WESTLIFE FOODWORLD LIMITED,474.60,476.05,454.20,458.30,458.30,490.10,,459.10,,,8762,4058390.00,415,F1,1,,,,,
2026-07-24,2026-07-24,CM,BSE,STK,505537,INE256A01028,ZEEL,A,,,,,ZEE ENTERTAINMENT ENTERPRISES,102.95,106.50,101.25,104.85,104.85,103.40,,105.44,,,689738,71288762.00,2439,F1,1,,,,,
2026-07-24,2026-07-24,CM,BSE,STK,505590,INE308E01029,SVPGLOB,T,,,,,SVP GLOBAL TEXTILES LIMITED,3.89,3.95,3.89,3.95,3.95,4.09,,3.87,,,603,2353.00,9,F1,1,,,,,
2026-07-24,2026-07-24,CM,BSE,STK,505650,INE178E01026,SKYLMILAR,X,,,,,SKYLINE MILLARS LTD.,15.82,15.82,14.82,15.75,15.75,15.75,,15.75,,,176,2771.00,7,F1,1,,,,,
2026-07-24,2026-07-24,CM,BSE,STK,505688,INE561C01019,BHARATGEAR,T,,,,,BHARAT GEARS LTD.,119.60,122.00,118.90,122.00,122.00,118.45,,121.41,,,3963,480069.00,67,F1,1,,,,,
2026-07-24,2026-07-24,CM,BSE,STK,505690,INE856A01017,BRADYM,X,,,,,BRADY & MORRIS ENGINEERING CO.,741.00,753.00,741.00,744.25,753.00,741.00,,744.25,,,64,47496.00,9,F1,1,,,,,
2026-07-24,2026-07-24,CM,BSE,STK,505693,INE501N01020,LATIMMETAL,X,,,,,La Tim Metal & Industries Limi,8.14,8.37,8.00,8.09,8.10,8.23,,8.09,,,193934,1571814.00,241,F1,1,,,,,
2026-07-24,2026-07-24,CM,BSE,STK,505700,INE205B01031,ELECON,A,,,,,ELECON ENGINEERING CO.LTD.,439.20,439.20,419.05,421.50,426.05,432.75,,421.65,,,69232,29301023.00,2846,F1,1,,,,,
2026-07-24,2026-07-24,CM,BSE,STK,505710,INE266D01021,GRAUWEIL,B,,,,,GRAUER & WEIL (INDIA) LTD.,73.61,74.51,72.95,74.02,74.18,73.88,,73.99,,,25760,1898500.00,301,F1,1,,,,,
2026-07-24,2026-07-24,CM,BSE,STK,505712,INE705G01021,HIMTEK,X,,,,,HIM TEKNOFORGE LIMITED,253.00,272.80,242.25,252.95,252.95,248.90,,252.95,,,83289,21576166.00,839,F1,1,,,,,
2026-07-24,2026-07-24,CM,BSE,STK,505714,INE524A01029,GABRIEL,A,,,,,GABRIEL INDIA LTD.,1370.05,1385.50,1335.10,1364.05,1364.05,1380.05,,1363.50,,,42494,57727068.00,1962,F1,1,,,,,
2026-07-24,2026-07-24,CM,BSE,STK,505720,INE688E01024,HERCULES,X,,,,,Hercules Investments Limited,116.95,117.95,114.25,116.50,116.50,116.95,,116.50,,,5903,683588.00,110,F1,1,,,,,
2026-07-24,2026-07-24,CM,BSE,STK,505725,INE598D01035,ALGOQUANT,B,,,,,ALGOQUANT FINTECH LIMITED,65.20,69.90,65.15,68.45,68.55,65.38,,68.41,,,387574,25819767.00,1460,F1,1,,,,,
2026-07-24,2026-07-24,CM,BSE,STK,505726,INE559A01017,IFBIND,B,,,,,IFB INDUSTRIES LTD.,1300.45,1310.00,1276.00,1306.00,1302.55,1302.55,,1304.10,,,1335,1728833.00,195,F1,1,,,,,
2026-07-24,2026-07-24,CM,BSE,STK,505729,INE638A01035,SINGERIND,B,,,,,SINGER INDIA LTD.,68.00,68.00,64.85,66.26,66.49,67.01,,65.91,,,10801,710353.00,188,F1,1,,,,,
2026-07-24,2026-07-24,CM,BSE,STK,505737,INE403C01014,INTLCOMBQ,X,,,,,INTERNATIONAL COMBUSTION (INDI,564.15,580.95,542.60,564.90,561.20,588.05,,564.90,,,1251,706949.00,74,F1,1,,,,,
2026-07-24,2026-07-24,CM,BSE,STK,505744,INE529A01010,FMGOETZE,B,,,,,FEDERAL-MOGUL GOETZE (INDIA) L,475.90,478.35,473.05,477.70,477.70,480.65,,478.85,,,1668,793756.00,76,F1,1,,,,,
2026-07-24,2026-07-24,CM,BSE,STK,505750,INE636D01041,JOSTS,X,,,,,JOSTS ENGINEERING CO.LTD.,253.00,253.00,239.00,246.60,249.00,249.10,,246.60,,,11325,2753113.00,140,F1,1,,,,,
2026-07-24,2026-07-24,CM,BSE,STK,505790,INE513A01022,SCHAEFFLER,A,,,,,Schaeffler India Limited,4012.00,4123.60,3952.15,4103.90,4094.05,4093.55,,4107.60,,,2466,9938343.00,934,F1,1,,,,,
2026-07-24,2026-07-24,CM,BSE,STK,505800,INE384A01010,RANEHOLDIN,B,,,,,RANE HOLDINGS LTD.,1712.00,1743.15,1691.45,1742.80,1742.00,1721.45,,1738.40,,,1149,1958071.00,138,F1,1,,,,,
2026-07-24,2026-07-24,CM,BSE,STK,505827,INE568F01017,SNL,X,,,,,SNL BEARINGS LTD.,378.00,384.50,378.00,381.20,381.20,383.15,,381.20,,,730,277516.00,29,F1,1,,,,,
2026-07-24,2026-07-24,CM,BSE,STK,505840,INE058D01030,JAIPAN,X,,,,,JAIPAN INDUSTRIES LTD.,33.25,35.70,33.25,34.75,34.75,34.00,,34.75,,,5428,190433.00,43,F1,1,,,,,
2026-07-24,2026-07-24,CM,BSE,STK,505850,INE545L01039,MANCREDIT,B,,,,,MANGAL CREDIT AND FINCORP LTD.,212.00,218.00,209.65,215.95,215.50,215.15,,215.03,,,3879,836471.00,116,F1,1,,,,,
2026-07-24,2026-07-24,CM,BSE,STK,505854,INE391D01019,TRF,B,,,,,TRF LTD.,236.50,236.50,229.80,232.90,234.70,232.10,,232.96,,,17200,4018850.00,264,F1,1,,,,,
2026-07-24,2026-07-24,CM,BSE,STK,505872,INE765D01022,WPIL,B,,,,,WPIL LTD.,432.55,499.90,432.55,449.55,441.65,443.65,,450.40,,,60878,28114446.00,2590,F1,1,,,,,
2026-07-24,2026-07-24,CM,BSE,STK,505890,INE717A01029,KENNAMET,B,,,,,KENNAMETAL INDIA LTD.,2737.30,2793.05,2722.00,2779.45,2785.00,2774.95,,2782.80,,,322,890911.00,106,F1,1,,,,,
2026-07-24,2026-07-24,CM,BSE,STK,505893,INE724D01011,HINDHARD,X,,,,,HINDUSTAN HARDY LIMITED,792.30,804.95,785.05,797.55,790.25,792.30,,797.55,,,672,539324.00,25,F1,1,,,,,
2026-07-24,2026-07-24,CM,BSE,STK,505978,INE440G01017,TRITONV,X,,,,,TRITON VALVES LTD.,1021.00,1021.00,1000.00,1004.50,1004.50,1019.75,,1004.50,,,3268,3301996.00,223,F1,1,,,,,
2026-07-24,2026-07-24,CM,BSE,STK,506003,INE618D01015,SUDAI,X,,,,,SUDAL INDUSTRIES LTD.,31.58,31.99,29.58,31.64,31.64,31.13,,31.64,,,843,25353.00,35,F1,1,,,,,
2026-07-24,2026-07-24,CM,BSE,STK,506022,INE603A01013,PRAKASH,B,,,,,PRAKASH INDUSTRIES LTD.,123.10,124.40,122.45,123.80,123.80,123.35,,123.77,,,10286,1271201.00,122,F1,1,,,,,
2026-07-24,2026-07-24,CM,BSE,STK,506074,INE968D01022,ARSHIYA,Z,,,,,ARSHIYA LIMITED,1.00,1.06,0.97,0.97,0.97,1.02,,0.95,,,13489,13787.00,28,F1,1,,,,,
2026-07-24,2026-07-24,CM,BSE,STK,506076,INE536A01023,GRINDWELL,A,,,,,GRINDWELL NORTON LTD.,1991.05,2044.75,1985.25,2011.75,2009.00,2000.85,,2011.60,,,4865,9772249.00,612,F1,1,,,,,
2026-07-24,2026-07-24,CM,BSE,STK,506079,INE651C01018,LAKPRE,Z,,,,,LAKSHMI PRECISION SCREWS LTD.,5.15,5.15,5.10,5.10,5.10,4.99,,5.08,,,110,566.00,2,F1,1,,,,,
2026-07-24,2026-07-24,CM,BSE,STK,506105,INE441L01015,STANROS,X,,,,,STANROSE MAFATLAL INVESTMENTS,64.83,64.83,64.80,64.80,64.80,68.70,,64.80,,,113,7324.00,3,F1,1,,,,,
2026-07-24,2026-07-24,CM,BSE,STK,506109,INE727B01026,GENESYS,B,,,,,GENESYS INTERNATIONAL CORPORAT,291.00,301.95,290.00,296.90,298.95,299.65,,297.70,,,14836,4381239.00,329,F1,1,,,,,
2026-07-24,2026-07-24,CM,BSE,STK,506122,INE820M01018,VOLKAI,XT,,,,,Kairosoft AI Solutions Limited,82.00,85.88,80.55,83.04,83.00,82.99,,83.04,,,2046,169224.00,21,F1,1,,,,,
2026-07-24,2026-07-24,CM,BSE,STK,506128,INE383L01019,PARNAXLAB,X,,,,,PARNAX LAB LTD.,141.00,141.50,137.05,140.05,139.00,141.80,,140.05,,,1156,161953.00,23,F1,1,,,,,
2026-07-24,2026-07-24,CM,BSE,STK,506134,INE512D01028,GOURMET,XT,,,,,GOURMET GATEWAY INDIA LIMITED,11.74,11.74,11.00,11.69,11.69,11.19,,11.69,,,6473,74900.00,22,F1,1,,,,,
2026-07-24,2026-07-24,CM,BSE,STK,506146,INE370E01029,VIVIDHA,B,,,,,VISAGAR POLYTEX LTD.,0.51,0.54,0.51,0.54,0.53,0.52,,0.54,,,91182,48257.00,49,F1,1,,,,,
2026-07-24,2026-07-24,CM,BSE,STK,506166,INE070K01014,APIS,B,,,,,APIS INDIA LTD.,54.48,54.48,51.36,51.54,51.54,53.04,,51.54,,,12780,664297.00,323,F1,1,,,,,
2026-07-24,2026-07-24,CM,BSE,STK,506180,INE668L01013,EMERGENT,XT,,,,,EMERGENT INDUSTRIAL SOLUTIONS,427.00,430.00,427.00,427.70,430.00,427.00,,427.70,,,100,42772.00,3,F1,1,,,,,
2026-07-24,2026-07-24,CM,BSE,STK,506184,INE879E01037,KANANIIND,B,,,,,KANANI INDUSTRIES LTD.,1.46,1.54,1.46,1.48,1.48,1.50,,1.49,,,9590,14271.00,30,F1,1,,,,,
2026-07-24,2026-07-24,CM,BSE,STK,506186,INE403B01016,GSLTD,X,,,,,GALAXY SUPERMARKET LIMITED,18.80,18.94,17.43,17.65,17.43,18.22,,17.65,,,10501,193964.00,28,F1,1,,,,,
2026-07-24,2026-07-24,CM,BSE,STK,506194,INE643K01018,ARIHANTSUP,B,,,,,ARIHANT SUPERSTRUCTURES LIMITE,256.50,262.25,256.50,259.30,259.30,256.35,,262.60,,,205,52956.00,11,F1,1,,,,,
2026-07-24,2026-07-24,CM,BSE,STK,506197,INE416D01022,BLISSGVS,T,,,,,BLISS GVS PHARMA LTD.,455.00,467.30,446.20,463.55,461.00,462.85,,464.55,,,10255,4714444.00,280,F1,1,,,,,
2026-07-24,2026-07-24,CM,BSE,STK,506222,INE189B01011,STYRENIX,B,,,,,Styrenix Performance Materials,2441.30,2488.40,2425.00,2459.65,2455.00,2432.25,,2455.10,,,2092,5158009.00,276,F1,1,,,,,
2026-07-24,2026-07-24,CM,BSE,STK,506235,INE426A01027,ALEMBICLTD,B,,,,,ALEMBIC LTD.,87.86,88.80,86.90,87.72,88.00,88.32,,87.93,,,16048,1407058.00,306,F1,1,,,,,
2026-07-24,2026-07-24,CM,BSE,STK,506248,INE275D01022,AMNPLST,B,,,,,AMINES & PLASTICIZERS LTD.,194.90,196.95,191.00,193.20,193.00,194.50,,194.24,,,3410,662059.00,127,F1,1,,,,,
2026-07-24,2026-07-24,CM,BSE,STK,506260,INE489G01022,ANUHPHR,B,,,,,ANUH PHARMA LTD.,79.98,79.98,78.91,79.13,79.42,79.16,,79.08,,,1952,154656.00,29,F1,1,,,,,
2026-07-24,2026-07-24,CM,BSE,STK,506261,INE737D01021,MODISONLTD,T,,,,,MODISON LIMITED,296.50,296.50,275.50,277.95,277.95,290.00,,276.35,,,8894,2496651.00,132,F1,1,,,,,
2026-07-24,2026-07-24,CM,BSE,STK,506285,INE462A01022,BAYERCROP,A,,,,,BAYER CROPSCIENCE LTD.,4251.55,4260.85,4214.60,4218.45,4214.60,4275.50,,4217.50,,,1060,4488414.00,304,F1,1,,,,,
2026-07-24,2026-07-24,CM,BSE,STK,506365,INE320M01019,STARSOURCE,X,,,,,STARSOURCE MULTITRADE LIMITED,82.50,86.00,82.50,83.96,83.96,83.96,,83.96,,,10,842.00,8,F1,1,,,,,
2026-07-24,2026-07-24,CM,BSE,STK,506395,INE169A01031,COROMANDEL,A,,,,,COROMANDEL INTERNATIONAL LTD.,1967.10,1996.60,1957.20,1981.15,1987.35,2024.50,,1980.80,,,7326,14477227.00,874,F1,1,,,,,
2026-07-24,2026-07-24,CM,BSE,STK,506401,INE288B01029,DEEPAKNTR,A,,,,,DEEPAK NITRITE LTD.,1647.70,1660.90,1634.15,1649.50,1651.00,1653.20,,1649.60,,,6492,10722992.00,706,F1,1,,,,,
2026-07-24,2026-07-24,CM,BSE,STK,506405,INE505A01010,DMCC,B,,,,,DMCC SPECIALITY CHEMICALS LIMI,263.20,273.00,259.00,272.25,272.85,262.70,,272.75,,,7554,2003216.00,410,F1,1,,,,,
2026-07-24,2026-07-24,CM,BSE,STK,506414,INE225B01021,FERMENTA,B,,,,,FERMENTA BIOTECH LIMITED,393.95,437.40,393.95,432.60,432.60,401.95,,432.10,,,16831,7114054.00,614,F1,1,,,,,
2026-07-24,2026-07-24,CM,BSE,STK,506480,INE077F01035,GOCLCORP,B,,,,,GOCL Corporation Limited,387.85,398.00,384.45,396.95,395.00,391.35,,396.60,,,4270,1679807.00,129,F1,1,,,,,
2026-07-24,2026-07-24,CM,BSE,STK,506520,INE693E01016,JAYCH,X,,,,,JAYSHREE CHEMICALS LTD.,5.86,6.09,5.76,6.04,6.07,5.70,,6.04,,,31194,185639.00,66,F1,1,,,,,
2026-07-24,2026-07-24,CM,BSE,STK,506525,INE138C01024,KANORICHEM,T,,,,,KANORIA CHEMICALS & INDUSTRIES,161.85,161.85,154.00,161.40,161.85,154.15,,161.73,,,7892,1236269.00,74,F1,1,,,,,
2026-07-24,2026-07-24,CM,BSE,STK,506528,INE881E01017,KELENRG,XT,,,,,KELTECH ENERGIES LTD.,7710.00,7999.00,7510.15,7872.05,7849.00,7789.90,,7872.05,,,1230,9545113.00,103,F1,1,,,,,
2026-07-24,2026-07-24,CM,BSE,STK,506532,INE265B01019,NITTAGELA,B,,,,,NITTA GELATIN INDIA LTD.,1881.00,1917.50,1859.30,1910.20,1914.00,1937.85,,1909.10,,,1263,2392116.00,193,F1,1,,,,,
2026-07-24,2026-07-24,CM,BSE,STK,506543,INE468C01017,MPAGI,X,,,,,M.P.AGRO INDUSTRIES LTD.,9.30,9.30,9.30,9.30,9.30,9.30,,9.30,,,146,1357.00,4,F1,1,,,,,
2026-07-24,2026-07-24,CM,BSE,STK,506579,INE321D01016,AGVENTURES,X,,,,,AG VENTURES LIMITED,110.00,114.00,110.00,113.55,114.00,110.45,,113.55,,,5471,613824.00,45,F1,1,,,,,
2026-07-24,2026-07-24,CM,BSE,STK,506590,INE602A01031,PCBL,A,,,,,PCBL Chemical Limited,319.60,320.00,307.25,317.65,317.65,319.00,,317.90,,,53511,16878443.00,1204,F1,1,,,,,
2026-07-24,2026-07-24,CM,BSE,STK,506597,INE841D01013,AMAL,X,,,,,AMAL LTD.,724.90,781.60,692.10,774.60,774.60,728.75,,774.60,,,45301,34191830.00,1602,F1,1,,,,,
2026-07-24,2026-07-24,CM,BSE,STK,506605,INE752B01024,POLYCHEM,X,,,,,POLYCHEM LTD.,1910.00,1910.00,1861.30,1910.00,1910.00,1910.60,,1910.00,,,105,199782.00,19,F1,1,,,,,
2026-07-24,2026-07-24,CM,BSE,STK,506618,INE277B01014,PUNJABCHEM,B,,,,,PUNJAB CHEMICALS AND CROP PROT,1123.00,1130.45,1111.50,1130.45,1130.45,1132.80,,1121.60,,,71,79899.00,18,F1,1,,,,,
2026-07-24,2026-07-24,CM,BSE,STK,506640,INE218N01021,ZR2,XT,,,,,ZR2 BIOENERGY LIMITED,120.65,127.00,120.65,120.65,120.65,127.00,,120.65,,,4,488.00,4,F1,1,,,,,
2026-07-24,2026-07-24,CM,BSE,STK,506642,INE888C01040,SADHNANIQ,T,,,,,SADHANA NITROCHEM LTD.,2.73,2.73,2.73,2.73,2.73,2.78,,2.73,,,673071,1837483.00,93,F1,1,,,,,
2026-07-24,2026-07-24,CM,BSE,STK,506655,INE659A01023,SUDARSCHEM,A,,,,,SUDARSHAN CHEMICAL INDUSTRIES,1005.35,1045.65,991.00,1042.05,1043.00,1018.35,,1041.10,,,10680,10915068.00,686,F1,1,,,,,
2026-07-24,2026-07-24,CM,BSE,STK,506680,INE014B01011,TECILCHEM,B,,,,,TECIL CHEMICALS & HYDRO POWER,9.80,10.35,9.79,10.08,10.35,9.90,,10.03,,,2078,20642.00,15,F1,1,,,,,
2026-07-24,2026-07-24,CM,BSE,STK,506685,INE405A01021,ULTRAMAR,B,,,,,ULTRAMARINE & PIGMENTS LTD.,383.00,384.80,377.00,379.25,379.25,384.25,,379.50,,,2237,849198.00,246,F1,1,,,,,
2026-07-24,2026-07-24,CM,BSE,STK,506687,INE687A01016,TRANSPEK,B,,,,,TRANSPEK INDUSTRY LTD.,1047.15,1079.00,1005.20,1055.70,1079.00,1020.45,,1064.60,,,5380,5594423.00,575,F1,1,,,,,
2026-07-24,2026-07-24,CM,BSE,STK,506690,INE351A01035,UNICHEMLAB,B,,,,,UNICHEM LABORATORIES LTD.,535.10,542.00,529.00,539.25,539.90,530.65,,537.60,,,6024,3236906.00,271,F1,1,,,,,
2026-07-24,2026-07-24,CM,BSE,STK,506734,INE741A01011,MYSORPETRO,X,,,,,MYSORE PETRO CHEMICALS LTD.,99.99,99.99,94.05,98.90,98.90,97.99,,98.90,,,521,50417.00,29,F1,1,,,,,
2026-07-24,2026-07-24,CM,BSE,STK,506767,INE150B01039,ALKYLAMINE,A,,,,,ALKYL AMINES CHEMICALS LTD.,1800.00,1808.75,1764.85,1780.15,1780.15,1813.85,,1788.30,,,3483,6206379.00,397,F1,1,,,,,
2026-07-24,2026-07-24,CM,BSE,STK,506808,INE400A01014,TUTIALKA,X,,,,,TUTICORIN ALKALI CHEMICALS AND,61.93,61.93,58.04,60.07,60.07,59.98,,60.07,,,15366,922630.00,194,F1,1,,,,,
2026-07-24,2026-07-24,CM,BSE,STK,506820,INE203A01020,ASTRAZEN,A,,,,,ASTRAZENECA PHARMA INDIA LTD.,7834.25,8007.75,7820.25,8000.10,8000.00,7873.60,,8005.50,,,571,4522584.00,212,F1,1,,,,,
2026-07-24,2026-07-24,CM,BSE,STK,506852,INE607A01022,PRIMO,B,,,,,Primo Chemicals Limited,23.00,23.00,21.84,22.07,22.07,22.30,,22.34,,,10395,230948.00,89,F1,1,,,,,
2026-07-24,2026-07-24,CM,BSE,STK,506854,INE639B01023,TANFACIND,B,,,,,TANFAC INDUSTRIES LTD.,2697.95,2734.80,2626.05,2702.40,2720.00,2688.70,,2702.40,,,18565,49748164.00,2013,F1,1,,,,,
2026-07-24,2026-07-24,CM,BSE,STK,506858,INE636P01011,GUJPETR,X,,,,,GUJARAT PETROSYNTHESE LTD.,56.72,56.72,54.27,55.00,55.00,54.72,,55.00,,,2960,163281.00,17,F1,1,,,,,
2026-07-24,2026-07-24,CM,BSE,STK,506863,INE716M01034,SWADEIN,X,,,,,SWADESHI INDUSTRIES LEASING CO,79.86,81.91,78.00,81.91,81.91,78.01,,81.91,,,8998,731153.00,68,F1,1,,,,,
2026-07-24,2026-07-24,CM,BSE,STK,506879,INE942C01045,GUJTHEM,B,,,,,GUJARAT THEMIS BIOSYN LTD.,354.85,361.95,347.00,360.50,360.50,355.30,,360.50,,,3052,1075857.00,191,F1,1,,,,,
2026-07-24,2026-07-24,CM,BSE,STK,506919,INE987A01010,MAKERSL,X,,,,,MAKERS LABORATORIES LTD.,148.00,151.25,148.00,149.70,148.40,148.00,,149.70,,,348,52172.00,6,F1,1,,,,,
2026-07-24,2026-07-24,CM,BSE,STK,506935,INE423K01015,CONTCHM,X,,,,,CONTINENTAL CHEMICALS LTD.,59.36,59.36,59.35,59.35,59.35,62.47,,59.35,,,52,3086.00,7,F1,1,,,,,
2026-07-24,2026-07-24,CM,BSE,STK,506975,INE374C01017,RAJSPTR,P,,,,,RAJASTHAN PETRO SYNTHETICS LTD,13.77,13.77,12.51,12.51,12.51,13.13,,12.51,,,200,2628.00,2,F1,100,,,,,
2026-07-24,2026-07-24,CM,BSE,STK,506979,INE046E01025,APTPACK,X,,,,,APT PACKAGING LTD.,82.99,83.67,75.75,76.43,76.51,79.69,,76.43,,,1578,127387.00,32,F1,1,,,,,
2026-07-24,2026-07-24,CM,BSE,STK,506981,INE472D01017,BLUECHIPT,X,,,,,BLUE CHIP TEX INDUSTRIES LTD.,118.00,120.00,116.05,119.95,119.95,116.00,,119.95,,,209,25018.00,8,F1,1,,,,,
2026-07-24,2026-07-24,CM,BSE,STK,507155,INE574A01016,JAGAJITIND,X,,,,,JAGATJIT INDUSTRIES LTD.,126.00,129.00,125.40,128.00,127.95,127.55,,128.00,,,7147,910536.00,68,F1,1,,,,,
2026-07-24,2026-07-24,CM,BSE,STK,507180,INE133B01027,KESARENT,X,,,,,KESAR ENTERPRISES LTD.,5.80,5.85,5.41,5.59,5.59,5.80,,5.59,,,49271,273337.00,73,F1,1,,,,,
2026-07-24,2026-07-24,CM,BSE,STK,507205,INE133E01013,TI,A,,,,,TILAKNAGAR INDUSTRIES LTD.,431.30,444.55,430.30,441.90,441.00,438.10,,441.80,,,41909,18386885.00,1312,F1,1,,,,,
2026-07-24,2026-07-24,CM,BSE,STK,507265,INE044N01021,EMERALL,X,,,,,Emerald Leisures Limited,172.95,174.00,171.50,171.55,172.00,162.10,,171.55,,,1574,272483.00,9,F1,1,,,,,
2026-07-24,2026-07-24,CM,BSE,STK,507300,INE615A01025,RAVALSUGAR,X,,,,,The Ravalgaon Sugar Farm Limit,985.00,985.00,980.00,980.00,980.00,991.00,,980.00,,,8,7855.00,2,F1,1,,,,,
2026-07-24,2026-07-24,CM,BSE,STK,507315,INE623A01011,SAKHTISUG,B,,,,,SAKTHI SUGARS LTD.,16.80,17.29,16.80,17.26,17.29,17.22,,17.28,,,3678,63195.00,41,F1,1,,,,,
2026-07-24,2026-07-24,CM,BSE,STK,507410,INE711A01022,WALCHANNAG,B,,,,,WALCHANDNAGAR INDUSTRIES LTD.,233.80,239.95,232.70,237.05,237.05,237.85,,237.10,,,40931,9646380.00,709,F1,1,,,,,
2026-07-24,2026-07-24,CM,BSE,STK,507438,INE076C01018,IFBAGRO,T,,,,,IFB AGRO INDUSTRIES LTD.,941.80,984.95,930.00,982.75,984.95,938.05,,994.55,,,262,255037.00,30,F1,1,,,,,
2026-07-24,2026-07-24,CM,BSE,STK,507474,INE991B01010,KFBL,X,,,,,KOTHARI FERMENTATION & BIOCHEM,45.55,45.55,45.00,45.23,45.00,46.92,,45.23,,,2270,102681.00,22,F1,1,,,,,
2026-07-24,2026-07-24,CM,BSE,STK,507486,INE470N01010,CAPRO,X,,,,,CAPROLACTAM CHEMICALS LTD.,49.82,49.83,47.34,49.82,49.82,49.83,,49.82,,,801,39894.00,8,F1,1,,,,,
2026-07-24,2026-07-24,CM,BSE,STK,507488,INE075D01018,GMBREW,B,,,,,G.M.BREWERIES LTD.,900.00,907.00,895.00,906.05,906.40,903.60,,904.50,,,2166,1948784.00,65,F1,1,,,,,
2026-07-24,2026-07-24,CM,BSE,STK,507490,INE625B01014,RANASUG,B,,,,,RANA SUGARS LTD.,11.70,11.84,11.58,11.72,11.84,11.71,,11.77,,,9902,115300.00,77,F1,1,,,,,
2026-07-24,2026-07-24,CM,BSE,STK,507498,INE544C01023,PICCASUG,X,,,,,PICCADILY SUGAR & ALLIED INDUS,33.10,34.32,32.79,33.82,34.07,33.45,,33.82,,,2269,75458.00,45,F1,1,,,,,
2026-07-24,2026-07-24,CM,BSE,STK,507514,INE480C01038,SDBL,B,,,,,SOM DISTILLERIES & BREWERIES L,72.50,73.20,71.48,73.03,73.03,73.39,,72.90,,,59795,4326058.00,654,F1,1,,,,,
2026-07-24,2026-07-24,CM,BSE,STK,507515,INE557D01015,CJGEL,XT,,,,,C.J.GELATINE PRODUCTS LTD.,21.00,21.00,19.90,19.90,19.90,20.93,,19.90,,,1426,28453.00,11,F1,1,,,,,
2026-07-24,2026-07-24,CM,BSE,STK,507526,INE073G01016,ASALCBR,B,,,,,ASSOCIATED ALCOHOLS & BREWERIE,802.25,828.70,795.00,824.85,818.25,803.00,,821.65,,,1819,1480073.00,202,F1,1,,,,,
2026-07-24,2026-07-24,CM,BSE,STK,507552,INE976E01023,FOODSIN,B,,,,,FOODS & INNS LTD.,55.24,55.55,54.00,55.41,55.41,55.40,,55.05,,,15009,816473.00,201,F1,1,,,,,
2026-07-24,2026-07-24,CM,BSE,STK,507580,INE043C01018,IVP,T,,,,,IVP LTD.,152.55,160.05,151.05,159.25,160.05,159.00,,152.62,,,2472,381642.00,27,F1,1,,,,,
2026-07-24,2026-07-24,CM,BSE,STK,507598,INE014E01015,KLRFM,X,,,,,KOVILPATTI LAKSHMI ROLLER FLOU,95.00,98.50,93.00,98.30,95.50,94.80,,98.30,,,1629,154555.00,41,F1,1,,,,,
2026-07-24,2026-07-24,CM,BSE,STK,507621,INE588G01021,MLKFOOD,X,,,,,MILKFOOD LTD.,65.89,67.94,65.50,67.85,67.94,67.02,,67.85,,,11552,762387.00,45,F1,1,,,,,
2026-07-24,2026-07-24,CM,BSE,STK,507685,INE075A01022,WIPRO,A,,,,,WIPRO LTD.,173.90,177.85,172.80,177.15,177.15,174.85,,177.12,,,1017951,179122742.00,14560,F1,1,,,,,
2026-07-24,2026-07-24,CM,BSE,STK,507690,INE247F01018,ORIBEVER,X,,,,,ORIENT BEVERAGES LTD.,178.40,185.00,173.00,183.55,183.60,178.40,,183.55,,,592,105792.00,33,F1,1,,,,,
2026-07-24,2026-07-24,CM,BSE,STK,507717,INE435G01025,DHANUKA,B,,,,,DHANUKA AGRITECH LTD.,1008.00,1014.85,999.90,1013.10,1011.00,1010.00,,1013.30,,,39659,39988057.00,1192,F1,1,,,,,
2026-07-24,2026-07-24,CM,BSE,STK,507747,INE910C01018,TTKHLTCARE,B,,,,,TTK HEALTHCARE LTD.,1024.55,1059.20,1013.85,1048.55,1050.00,1011.10,,1047.20,,,1210,1259819.00,129,F1,1,,,,,
2026-07-24,2026-07-24,CM,BSE,STK,507753,INE284B01028,TGVSL,B,,,,,TGV SRAAC Limited,99.15,105.00,99.15,104.60,104.60,100.00,,104.60,,,321358,33234587.00,2087,F1,1,,,,,
2026-07-24,2026-07-24,CM,BSE,STK,507779,INE694E01014,KANPRPLA,B,,,,,KANPUR PLASTIPACK LTD.,178.00,240.20,178.00,220.35,220.35,210.95,,221.22,,,36110,8270117.00,1313,F1,1,,,,,
2026-07-24,2026-07-24,CM,BSE,STK,507785,INE123C01018,TAINWALCHM,B,,,,,TAINWALA CHEMICALS & PLASTICS,196.60,210.00,196.60,210.00,210.00,202.60,,201.87,,,127,24995.00,10,F1,1,,,,,
2026-07-24,2026-07-24,CM,BSE,STK,507789,INE048B01035,JAGSNPHARM,B,,,,,JAGSONPAL PHARMACEUTICALS LTD.,217.80,222.20,214.85,222.05,222.20,217.85,,221.62,,,3404,743135.00,161,F1,1,,,,,
2026-07-24,2026-07-24,CM,BSE,STK,507794,INE745B01028,KHAICHEM,T,,,,,KHAITAN CHEMICALS & FERTILIZER,49.87,49.87,47.70,48.00,48.00,48.80,,47.95,,,4129,198043.00,33,F1,1,,,,,
2026-07-24,2026-07-24,CM,BSE,STK,507813,INE296D01010,NOL,X,,,,,NATIONAL OXYGEN LTD.,56.90,56.90,52.75,54.20,54.16,55.66,,54.20,,,1582,86561.00,34,F1,1,,,,,
2026-07-24,2026-07-24,CM,BSE,STK,507815,INE322A01010,GILLETTE,A,,,,,GILLETTE INDIA LTD.,7789.95,7850.00,7725.05,7816.80,7815.00,7785.60,,7828.00,,,373,2904839.00,194,F1,1,,,,,
2026-07-24,2026-07-24,CM,BSE,STK,507817,INE469D01013,WIREFABR,X,,,,,WIRES & FABRIKS (SA) LTD.,135.80,135.80,135.80,135.80,135.80,142.90,,135.80,,,19,2580.00,4,F1,1,,,,,
2026-07-24,2026-07-24,CM,BSE,STK,507828,INE880B01015,ANSALHSG,X,,,,,ANSAL HOUSING LIMITED,5.93,6.02,5.63,5.81,5.81,6.02,,5.81,,,27362,160126.00,104,F1,1,,,,,
2026-07-24,2026-07-24,CM,BSE,STK,507833,INE607B01012,COMPUPN,X,,,,,COMPUTER POINT LTD.,3.69,3.69,3.51,3.55,3.55,3.68,,3.55,,,6541,23297.00,36,F1,1,,,,,
2026-07-24,2026-07-24,CM,BSE,STK,507836,INE435D01014,MCCHRLS-B,B,,,,,MAC CHARLES (INDIA) LTD.,716.00,732.75,716.00,725.50,732.75,717.50,,720.60,,,224,162450.00,16,F1,1,,,,,
2026-07-24,2026-07-24,CM,BSE,STK,507852,INE757C01021,ADDIND,X,,,,,ADDI INDUSTRIES LTD.,84.90,84.90,78.00,78.02,79.97,79.53,,78.02,,,1022,81088.00,28,F1,1,,,,,
2026-07-24,2026-07-24,CM,BSE,STK,507864,INE746D01014,PIONRINV,B,,,,,PIONEER INVESTCORP LTD.,96.97,96.97,91.48,94.00,94.00,96.51,,94.14,,,2100,194646.00,24,F1,1,,,,,
2026-07-24,2026-07-24,CM,BSE,STK,507872,INE372I01018,ASHNOOR,X,,,,,ASHNOOR TEXTILE MILLS LTD.,38.51,40.50,34.75,39.75,39.75,39.50,,39.75,,,4668,182617.00,57,F1,1,,,,,
2026-07-24,2026-07-24,CM,BSE,STK,507878,INE694A01020,UNITECH,B,,,,,UNITECH LTD.,4.50,4.55,4.34,4.37,4.37,4.47,,4.38,,,1233777,5437913.00,368,F1,1,,,,,
2026-07-24,2026-07-24,CM,BSE,STK,507880,INE054A01027,VIPIND,A,,,,,V.I.P.INDUSTRIES LTD.,290.25,297.10,287.80,295.20,295.20,290.95,,295.40,,,7755,2260522.00,224,F1,1,,,,,
2026-07-24,2026-07-24,CM,BSE,STK,507910,INE296C01020,FIBERWEB,B,,,,,FIBERWEB (INDIA) LTD.,29.20,30.40,29.20,30.40,30.40,30.00,,30.43,,,3714,111650.00,16,F1,1,,,,,
2026-07-24,2026-07-24,CM,BSE,STK,507912,INE724A01017,GYFTR,B,,,,,GYFTR LIMITED,142.00,152.60,142.00,150.00,150.00,150.30,,149.65,,,5502,825796.00,310,F1,1,,,,,
2026-07-24,2026-07-24,CM,BSE,STK,507917,INE706N01017,EASTBUILD,XT,,,,,EAST BUILDTECH LTD.,52.95,52.95,52.95,52.95,52.95,50.52,,52.95,,,1,52.00,1,F1,1,,,,,
2026-07-24,2026-07-24,CM,BSE,STK,507938,INE798E01013,MNPLFIN,P,,,,,MANIPAL FINANCE CORPORATION LT,14.05,14.05,13.93,14.01,13.93,14.63,,14.01,,,300,4203.00,2,F1,100,,,,,
2026-07-24,2026-07-24,CM,BSE,STK,507944,INE704G01024,BAJAJST,B,,,,,BAJAJ STEEL INDUSTRIES LTD.,385.65,405.00,380.00,396.35,400.00,388.90,,395.85,,,4654,1820263.00,409,F1,1,,,,,
2026-07-24,2026-07-24,CM,BSE,STK,507946,INE845A01028,KIDUJA,X,,,,,KIDUJA INDIA LTD.,15.12,15.12,14.37,15.11,15.11,15.12,,15.11,,,2718,39505.00,13,F1,1,,,,,
2026-07-24,2026-07-24,CM,BSE,STK,507948,INE130F01016,KEYCORP,X,,,,,KEY CORP LTD.,74.20,74.20,73.98,73.99,73.99,74.34,,73.99,,,1402,103728.00,28,F1,1,,,,,
2026-07-24,2026-07-24,CM,BSE,STK,507960,INE621C01011,GUJHOTE,X,,,,,GUJARAT HOTELS LTD.,185.10,188.00,184.05,184.50,188.00,185.10,,184.50,,,29,5351.00,7,F1,1,,,,,
2026-07-24,2026-07-24,CM,BSE,STK,507962,INE455H01021,FYNX,X,,,,,FYNX CAPITAL LIMITED,4.47,4.51,4.30,4.51,4.51,4.31,,4.51,,,2702,12081.00,22,F1,1,,,,,
2026-07-24,2026-07-24,CM,BSE,STK,507966,INE651D01016,RASRESOR,X,,,,,RAS RESORTS & APART HOTELS LTD,58.99,58.99,55.50,56.50,56.50,56.50,,56.50,,,177,10027.00,5,F1,1,,,,,
2026-07-24,2026-07-24,CM,BSE,STK,507970,INE143I01013,PARMCOS-B,X,,,,,PARAMOUNT COSMETICS (INDIA) LT,35.30,35.30,33.80,34.79,34.79,34.00,,34.79,,,172,5925.00,11,F1,1,,,,,
2026-07-24,2026-07-24,CM,BSE,STK,507981,INE726D01016,JINDHOT,X,,,,,JINDAL HOTELS LTD.,65.00,65.00,63.00,64.88,64.88,64.38,,64.88,,,360,23310.00,9,F1,1,,,,,
2026-07-24,2026-07-24,CM,BSE,STK,507998,INE657D01021,SIMMOND,XT,,,,,SIMMONDS MARSHALL LTD.,192.00,192.00,180.00,188.30,191.00,184.15,,188.30,,,12349,2309457.00,81,F1,1,,,,,
2026-07-24,2026-07-24,CM,BSE,STK,508136,INE489D01011,BNALTD,T,,,,,B & A LTD.,490.00,490.00,465.50,484.90,484.90,490.00,,484.90,,,535,251652.00,9,F1,1,,,,,
2026-07-24,2026-07-24,CM,BSE,STK,508486,INE979B01015,HAWKINCOOK,B,,,,,HAWKINS COOKERS LTD.,8311.90,8800.00,8260.00,8715.35,8800.00,8475.45,,8705.00,,,346,2947595.00,124,F1,1,,,,,
2026-07-24,2026-07-24,CM,BSE,STK,508494,INE712A01012,WARRENTEA,X,,,,,WARREN TEA LTD.,46.10,50.50,45.79,49.10,49.10,48.98,,49.10,,,6812,331245.00,86,F1,1,,,,,
2026-07-24,2026-07-24,CM,BSE,STK,508571,INE788M01017,COCHMAL,X,,,,,COCHIN MALABAR ESTATES & INDUS,138.00,138.00,135.00,135.00,135.00,138.00,,135.00,,,4,543.00,4,F1,1,,,,,
2026-07-24,2026-07-24,CM,BSE,STK,508664,INE553F01035,BESTEAST,XT,,,,,BEST EASTERN HOTELS LTD.,16.70,17.48,16.20,16.70,16.70,16.80,,16.70,,,4361,74430.00,17,F1,1,,,,,
2026-07-24,2026-07-24,CM,BSE,STK,508670,INE605D01012,NEAGI,B,,,,,NEELAMALAI AGRO INDUSTRIES LTD,3050.55,3090.00,3050.50,3085.00,3085.00,3050.50,,3060.10,,,9,27721.00,8,F1,1,,,,,
2026-07-24,2026-07-24,CM,BSE,STK,508807,INE684B01029,ISTLTD,X,,,,,IST LTD.,617.30,625.00,602.15,606.00,605.00,610.90,,606.00,,,1031,624262.00,88,F1,1,,,,,
2026-07-24,2026-07-24,CM,BSE,STK,508814,INE757A01017,COSMOFIRST,B,,,,,Cosmo First Limited,870.45,885.90,870.45,882.25,878.00,875.80,,881.00,,,3105,2726037.00,204,F1,1,,,,,
2026-07-24,2026-07-24,CM,BSE,STK,508869,INE437A01024,APOLLOHOSP,A,,,,,APOLLO HOSPITALS ENTERPRISE LT,8805.00,8865.90,8791.65,8804.30,8816.50,8880.10,,8805.50,,,4813,42438913.00,1463,F1,1,,,,,
2026-07-24,2026-07-24,CM,BSE,STK,508875,INE861H01020,NITINCAST,X,,,,,Nitin Castings Limited,549.00,554.50,549.00,550.85,554.50,551.05,,550.85,,,42,23102.00,9,F1,1,,,,,
2026-07-24,2026-07-24,CM,BSE,STK,508905,INE641A01013,NEXOME,XT,,,,,NEXOME CAPITAL MARKETS LIMITED,123.90,123.90,116.55,119.85,120.50,120.95,,119.85,,,348,41549.00,24,F1,1,,,,,
2026-07-24,2026-07-24,CM,BSE,STK,508906,INE295A01018,EVERESTIND,T,,,,,EVEREST INDUSTRIES LTD.,499.00,524.35,495.10,521.65,521.65,499.50,,523.95,,,2791,1448377.00,64,F1,1,,,,,
2026-07-24,2026-07-24,CM,BSE,STK,508918,INE791H01011,IRONWOOD,X,,,,,IRONWOOD EDUCATION LIMITED,49.00,50.18,48.45,49.02,49.02,50.41,,49.02,,,811,39957.00,15,F1,1,,,,,
2026-07-24,2026-07-24,CM,BSE,STK,508933,INE193B01039,AYMSYNTEX,B,,,,,AYM Syntex Limited,231.95,234.95,225.55,234.00,234.00,236.40,,234.46,,,2685,615376.00,165,F1,1,,,,,
2026-07-24,2026-07-24,CM,BSE,STK,508941,INE013E01017,PANCARBON,X,,,,,PANASONIC CARBON INDIA CO.LTD.,462.85,462.90,457.10,458.65,458.10,460.55,,458.65,,,1073,492628.00,62,F1,1,,,,,
2026-07-24,2026-07-24,CM,BSE,STK,508954,INE734I01027,FINKURVE,B,,,,,FINKURVE FINANCIAL SERVICES LT,62.23,62.66,61.74,62.00,62.26,62.57,,62.15,,,35,2175.00,10,F1,1,,,,,
2026-07-24,2026-07-24,CM,BSE,STK,508956,INE549B01016,HBLEAS,X,,,,,HB LEASING & FINANCE CO.LTD.,10.00,10.55,10.00,10.00,10.00,10.00,,10.00,,,1579,16043.00,17,F1,1,,,,,
2026-07-24,2026-07-24,CM,BSE,STK,508961,INE753D01010,SHRICON,XT,,,,,SHRICON INDUSTRIES LTD.,186.05,192.00,186.05,192.00,192.00,195.80,,192.00,,,12,2238.00,4,F1,1,,,,,
2026-07-24,2026-07-24,CM,BSE,STK,508969,INE673M01029,SULABEN,X,,,,,SULABH ENGINEERS & SERVICES LT,2.74,2.79,2.62,2.72,2.72,2.78,,2.72,,,37761,102198.00,73,F1,1,,,,,
2026-07-24,2026-07-24,CM,BSE,STK,508980,INE977E01013,FRONTCAP,X,,,,,FRONTIER CAPITAL LIMITED,8.48,8.88,8.13,8.50,8.50,8.48,,8.50,,,10646,93166.00,16,F1,1,,,,,
2026-07-24,2026-07-24,CM,BSE,STK,508989,INE060A01024,NAVNETEDUL,B,,,,,NAVNEET EDUCATION LIMITED,140.25,144.65,139.80,143.95,143.50,140.55,,143.97,,,1763,250970.00,45,F1,1,,,,,
2026-07-24,2026-07-24,CM,BSE,STK,509009,INE218C01016,AUSOMENT,T,,,,,AUSOM ENTERPRISE LIMITED,132.95,132.95,132.75,132.75,132.75,127.10,,130.17,,,529,70324.00,5,F1,1,,,,,
2026-07-24,2026-07-24,CM,BSE,STK,509015,INE190F01028,THAKRAL,X,,,,,THAKRAL SERVICES (INDIA) LTD.,16.74,16.74,15.20,15.20,15.20,15.95,,15.20,,,625,10258.00,7,F1,1,,,,,
2026-07-24,2026-07-24,CM,BSE,STK,509020,INE413B01023,RUCHINFRA,B,,,,,RUCHI INFRASTRUCTURE LTD.,6.15,6.15,5.80,6.00,6.00,6.05,,5.99,,,6475,39414.00,19,F1,1,,,,,
2026-07-24,2026-07-24,CM,BSE,STK,509024,INE088E01019,GOLDLEG,X,,,,,GOLDEN LEGAND LEASING & FINANC,8.81,8.92,8.30,8.46,8.58,8.44,,8.46,,,10733,91212.00,71,F1,1,,,,,
2026-07-24,2026-07-24,CM,BSE,STK,509026,INE117F01013,VJTFEDU,X,,,,,VJTF EDUSERVICES LTD.,70.85,70.85,70.85,70.85,70.85,70.89,,70.85,,,1,70.00,1,F1,1,,,,,
2026-07-24,2026-07-24,CM,BSE,STK,509038,INE763D01019,VOLLF,X,,,,,VOLTAIRE LEASING & FINANCE LTD,13.79,14.99,13.79,14.91,14.91,14.51,,14.91,,,2735,40032.00,19,F1,1,,,,,
2026-07-24,2026-07-24,CM,BSE,STK,509040,INE040F01033,NETLINK,X,,,,,NETLINK SOLUTIONS (INDIA) LTD.,168.80,178.00,168.05,172.00,171.50,179.50,,172.00,,,96,16727.00,11,F1,1,,,,,
2026-07-24,2026-07-24,CM,BSE,STK,509048,INE572G01025,LANCORHOL,B,,,,,LANCOR HOLDINGS LTD.,24.71,26.84,23.99,25.61,25.60,24.40,,25.77,,,71699,1794598.00,340,F1,1,,,,,
2026-07-24,2026-07-24,CM,BSE,STK,509051,INE300B01022,INDINFO,X,,,,,INDIAN INFOTECH & SOFTWARE LTD,0.59,0.59,0.57,0.58,0.58,0.57,,0.58,,,891017,517829.00,457,F1,1,,,,,
2026-07-24,2026-07-24,CM,BSE,STK,509053,INE521L01030,BANASFN,X,,,,,BANAS FINANCE LTD.,6.84,7.10,6.21,7.10,7.10,6.84,,7.10,,,30735,213582.00,76,F1,1,,,,,
2026-07-24,2026-07-24,CM,BSE,STK,509055,INE392A01021,VISAKAIND,B,,,,,VISAKA INDUSTRIES LTD.,80.26,80.50,78.34,79.18,78.34,80.32,,79.67,,,12467,991811.00,106,F1,1,,,,,
2026-07-24,2026-07-24,CM,BSE,STK,509069,INE669A01022,INFOMEDIA,B,,,,,INFOMEDIA PRESS LTD.,5.59,5.81,5.46,5.81,5.81,5.46,,5.57,,,15,82.00,4,F1,1,,,,,
2026-07-24,2026-07-24,CM,BSE,STK,509073,INE525B01016,HATHWAYB,X,,,,,HATHWAY BHAWANI CABLETEL & DAT,11.02,11.37,11.02,11.37,11.37,11.25,,11.37,,,312,3546.00,12,F1,1,,,,,
2026-07-24,2026-07-24,CM,BSE,STK,509079,INE742B01025,GUFICBIO,B,,,,,GUFIC BIOSCIENCES LTD.,372.10,380.70,368.05,378.25,377.85,377.00,,378.85,,,2163,806146.00,79,F1,1,,,,,
2026-07-24,2026-07-24,CM,BSE,STK,509152,INE137I01015,GRPLTD,B,,,,,GRP LTD.,2074.95,2074.95,1970.00,2006.70,2020.00,1952.75,,2007.50,,,1972,3972646.00,220,F1,1,,,,,
2026-07-24,2026-07-24,CM,BSE,STK,509162,INE802D01023,INDAG,XT,,,,,INDAG RUBBER LTD.,92.00,94.85,92.00,93.45,93.45,94.80,,93.45,,,2687,252690.00,49,F1,1,,,,,
2026-07-24,2026-07-24,CM,BSE,STK,509196,INE159E01026,MMRUBBR-B,X,,,,,MM RUBBER COMPANY LTD.,51.10,53.00,50.01,52.00,52.00,54.15,,52.00,,,1072,54968.00,22,F1,1,,,,,
2026-07-24,2026-07-24,CM,BSE,STK,509220,INE034D01049,PTL,B,,,,,PTL ENTERPRISES LTD.,39.79,39.90,39.08,39.36,39.36,39.46,,39.26,,,904,35446.00,46,F1,1,,,,,
2026-07-24,2026-07-24,CM,BSE,STK,509243,INE421C01016,TVSSRICHAK,B,,,,,TVS SRICHAKRA LTD.,3903.20,3971.65,3881.65,3965.10,3971.65,3914.75,,3964.20,,,65,255635.00,27,F1,1,,,,,
2026-07-24,2026-07-24,CM,BSE,STK,509423,INE367E01033,SEL,X,,,,,SANATHNAGAR ENTERPRISES LIMITE,33.60,33.60,30.59,30.59,30.59,32.00,,30.59,,,126,3869.00,8,F1,1,,,,,
2026-07-24,2026-07-24,CM,BSE,STK,509438,INE664D01019,BENARAS,B,,,,,BENARES HOTELS LTD.,10250.05,10290.00,10169.95,10200.00,10200.00,10200.00,,10200.00,,,952,9747797.00,823,F1,1,,,,,
2026-07-24,2026-07-24,CM,BSE,STK,509449,INE026I01010,BHAGWOX,X,,,,,BHAGWATI OXYGEN LTD.,41.37,41.37,37.51,37.62,37.62,39.40,,37.62,,,1487,60038.00,34,F1,1,,,,,
2026-07-24,2026-07-24,CM,BSE,STK,509470,INE01TL01014,BOMOXY-B1,X,,,,,BOMBAY OXYGEN INVESTMENTS LIMI,18412.05,19247.00,18412.00,19247.00,19247.00,18912.00,,19247.00,,,16,300614.00,15,F1,1,,,,,
2026-07-24,2026-07-24,CM,BSE,STK,509472,INE145E01017,CRAVATEX,X,,,,,CRAVATEX LTD.,373.05,380.00,364.85,370.85,372.90,396.70,,370.85,,,4198,1563392.00,221,F1,1,,,,,
2026-07-24,2026-07-24,CM,BSE,STK,509480,INE463A01038,BERGEPAINT,A,,,,,BERGER PAINTS INDIA LTD.,490.05,500.40,489.00,497.90,500.40,493.05,,497.95,,,5923,2932049.00,350,F1,1,,,,,
2026-07-24,2026-07-24,CM,BSE,STK,509486,INE479A01018,CAPRIHANS,X,,,,,CAPRIHANS INDIA LTD.,75.04,76.50,73.00,76.50,76.50,75.04,,76.50,,,521,38358.00,15,F1,1,,,,,
2026-07-24,2026-07-24,CM,BSE,STK,509488,INE371A01025,GRAPHITE,A,,,,,GRAPHITE INDIA LTD.,657.65,687.85,654.05,672.60,672.60,657.70,,672.75,,,228585,154196242.00,6981,F1,1,,,,,
2026-07-24,2026-07-24,CM,BSE,STK,509496,INE686A01026,CEMPRO,A,,,,,Cemindia Projects Limited,1441.15,1466.50,1441.15,1441.15,1441.15,1517.00,,1441.00,,,30916,44709966.00,1168,F1,1,,,,,
2026-07-24,2026-07-24,CM,BSE,STK,509525,INE515H01014,EMPIND,X,,,,,EMPIRE INDUSTRIES LTD.,1022.00,1029.00,1000.55,1017.50,1017.50,1025.30,,1017.50,,,1121,1140567.00,52,F1,1,,,,,
2026-07-24,2026-07-24,CM,BSE,STK,509546,INE214F01026,GRAVISSHO,B,,,,,GRAVISS HOSPITALITY LIMITED,29.85,30.75,29.56,29.58,29.56,30.81,,29.58,,,420,12417.00,6,F1,1,,,,,
2026-07-24,2026-07-24,CM,BSE,STK,509557,INE276A01018,GARFIBRES,A,,,,,GARWARE TECHNICAL FIBRES LIMIT,734.90,750.35,733.25,749.70,749.25,744.85,,748.50,,,1167,870022.00,144,F1,1,,,,,
2026-07-24,2026-07-24,CM,BSE,STK,509563,INE925D01014,GARWAMAR,X,,,,,GARWARE MARINE INDUSTRIES LTD.,21.58,21.89,21.12,21.15,21.14,21.69,,21.15,,,2256,47877.00,44,F1,1,,,,,
2026-07-24,2026-07-24,CM,BSE,STK,509567,INE426D01013,GOACARBON,B,,,,,GOA CARBON LTD.,375.05,385.00,372.80,376.10,377.70,381.45,,375.65,,,824,310028.00,82,F1,1,,,,,
2026-07-24,2026-07-24,CM,BSE,STK,509597,INE722D01015,HARDCAS,X,,,,,HARDCASTLE & WAUD MFG.CO.LTD.,815.90,842.95,804.00,826.40,839.65,859.90,,826.40,,,284,231374.00,31,F1,1,,,,,
2026-07-24,2026-07-24,CM,BSE,STK,509631,INE545A01024,HEG,A,,,,,HEG LTD.,611.55,653.95,611.55,642.60,642.60,624.35,,643.10,,,400803,256957218.00,8819,F1,1,,,,,
2026-07-24,2026-07-24,CM,BSE,STK,509635,INE310C01029,HINDCOMPOS,B,,,,,HINDUSTAN COMPOSITES LTD.,475.00,475.00,426.00,428.10,433.90,448.00,,428.40,,,280,120432.00,62,F1,1,,,,,
2026-07-24,2026-07-24,CM,BSE,STK,509675,INE557A01011,BIRLANU,B,,,,,BIRLANU LIMITED,1340.00,1360.30,1322.15,1346.30,1346.00,1347.85,,1351.00,,,533,719503.00,56,F1,1,,,,,
2026-07-24,2026-07-24,CM,BSE,STK,509692,INE061A01014,INDIANCARD,B,,,,,INDIAN CARD CLOTHING CO.LTD.,229.00,234.95,229.00,234.10,234.10,214.15,,223.97,,,151,34839.00,5,F1,1,,,,,
2026-07-24,2026-07-24,CM,BSE,STK,509709,INE575C01027,INTLCONV,B,,,,,INTERNATIONAL CONVEYORS LTD.,73.85,75.90,73.75,75.16,75.90,73.82,,75.05,,,3501,262648.00,120,F1,1,,,,,
2026-07-24,2026-07-24,CM,BSE,STK,509715,INE364A01020,JAYSREETEA,B,,,,,JAY SHREE TEA & INDUSTRIES LTD,79.72,80.95,79.71,80.08,80.08,80.89,,80.65,,,1079,86235.00,69,F1,1,,,,,
2026-07-24,2026-07-24,CM,BSE,STK,509732,INE972A01020,KOTIC,B,,,,,KOTHARI INDUSTRIAL CORPORATION,166.00,166.00,156.00,162.75,162.70,166.80,,162.99,,,549,88962.00,59,F1,1,,,,,
2026-07-24,2026-07-24,CM,BSE,STK,509760,INE370A01019,MODRNSH,X,,,,,MODERN SHARES & STOCKBROKERS L,35.50,35.50,32.33,34.82,33.00,32.38,,34.82,,,790,27416.00,29,F1,1,,,,,
2026-07-24,2026-07-24,CM,BSE,STK,509762,INE848M01019,MAPROIN,XT,,,,,MAPRO INDUSTRIES LTD.,44.19,44.19,39.99,44.18,44.18,42.09,,44.18,,,23696,1023914.00,78,F1,1,,,,,
2026-07-24,2026-07-24,CM,BSE,STK,509820,INE275B01026,HUHTAMAKI,B,,,,,HUHTAMAKI INDIA LIMITED,294.80,320.80,289.05,319.30,317.00,297.30,,318.72,,,323413,99817736.00,2434,F1,1,,,,,
2026-07-24,2026-07-24,CM,BSE,STK,509835,INE940N01012,PREMSYN,X,,,,,PREMIER SYNTHETICS LTD.,16.49,16.49,16.49,16.49,16.49,16.39,,16.49,,,1,16.00,1,F1,1,,,,,
2026-07-24,2026-07-24,CM,BSE,STK,509845,INE712Z01019,RJSHAH,P,,,,,R.J.SHAH & CO.LTD.,484.50,484.50,484.50,484.50,484.50,509.90,,484.50,,,50,24225.00,1,F1,50,,,,,
2026-07-24,2026-07-24,CM,BSE,STK,509874,INE849C01026,SHALPAINTS,B,,,,,SHALIMAR PAINTS LTD.,64.00,69.15,61.20,69.11,69.11,62.87,,68.97,,,148400,10069616.00,1122,F1,1,,,,,
2026-07-24,2026-07-24,CM,BSE,STK,509895,INE832D01020,HINDMILL,X,,,,,HINDOOSTAN MILLS LTD.,161.90,161.90,160.75,160.75,160.75,164.55,,160.75,,,108,17482.00,4,F1,1,,,,,
2026-07-24,2026-07-24,CM,BSE,STK,509930,INE195A01028,SUPREMEIND,A,,,,,SUPREME INDUSTRIES LTD.,3400.00,3499.20,3380.30,3459.25,3465.00,3415.25,,3458.90,,,3839,13242949.00,1220,F1,1,,,,,
2026-07-24,2026-07-24,CM,BSE,STK,509945,INE077P01034,THACKER,T,,,,,THACKER & CO.LTD.,1001.10,1049.95,992.10,1049.95,1049.95,1044.10,,1037.40,,,13,12983.00,6,F1,1,,,,,
2026-07-24,2026-07-24,CM,BSE,STK,509960,INE726E01014,UPHOT,X,,,,,U.P.HOTELS LTD.,1511.00,1511.00,1500.00,1500.00,1500.00,1511.35,,1500.00,,,107,160577.00,5,F1,1,,,,,
2026-07-24,2026-07-24,CM,BSE,STK,509966,INE710A01016,VSTIND,B,,,,,VST INDUSTRIES LTD.,227.05,233.00,226.10,230.05,230.50,228.45,,230.05,,,37550,8600656.00,644,F1,1,,,,,
2026-07-24,2026-07-24,CM,BSE,STK,510245,INE804A01025,SWASTIVI,X,,,,,SWASTI VINAYAKA SYNTHETICS LTD,3.71,3.71,3.54,3.65,3.61,3.68,,3.65,,,13354,48733.00,66,F1,1,,,,,
2026-07-24,2026-07-24,CM,BSE,STK,511000,INE856D01011,MSLGLOBAL,X,,,,,MSL GLOBAL LIMITED,15.30,18.00,15.30,17.61,17.74,15.41,,17.61,,,10864,186110.00,61,F1,1,,,,,
2026-07-24,2026-07-24,CM,BSE,STK,511012,INE457N01025,YAMNINV,XT,,,,,YAMINI INVESTMENTS COMPANY LTD,0.63,0.63,0.61,0.62,0.63,0.63,,0.62,,,276012,172158.00,195,F1,1,,,,,
2026-07-24,2026-07-24,CM,BSE,STK,511016,INE946K01023,PREMCAP,XT,,,,,PREMIER CAPITAL SERVICES LTD.,5.27,5.34,5.20,5.34,5.34,5.22,,5.34,,,3215,17040.00,75,F1,1,,,,,
2026-07-24,2026-07-24,CM,BSE,STK,511018,INE679T01013,ZMILGFIN,X,,,,,MILGREY FINANCE & INVESTMENT L,42.79,42.79,40.27,41.15,41.50,41.44,,41.15,,,36742,1521127.00,118,F1,1,,,,,
2026-07-24,2026-07-24,CM,BSE,STK,511034,INE742C01031,JINDRILL,B,,,,,JINDAL DRILLING & INDUSTRIES L,619.95,620.00,601.65,605.40,601.70,613.05,,605.15,,,22350,13564012.00,540,F1,1,,,,,
2026-07-24,2026-07-24,CM,BSE,STK,511066,INE302E01014,SAKTHIFIN,X,,,,,SAKTHI FINANCE LTD.,27.26,28.79,26.72,28.22,28.22,28.49,,28.22,,,624,17322.00,34,F1,1,,,,,
2026-07-24,2026-07-24,CM,BSE,STK,511076,INE065D01027,AEROENTER,B,,,,,AEROFLEX ENTERPRISES LIMITED,124.95,129.05,120.30,127.55,127.15,123.50,,127.30,,,84929,10608486.00,851,F1,1,,,,,
2026-07-24,2026-07-24,CM,BSE,STK,511092,INE047E01031,JMDVL,XT,,,,,JMD Ventures Limited,7.94,8.33,7.59,8.16,8.33,7.98,,8.16,,,206480,1676280.00,58,F1,1,,,,,
2026-07-24,2026-07-24,CM,BSE,STK,511108,INE705C01020,SHIVATEX,B,,,,,SHIVA TEXYARN LTD.,170.00,175.00,149.05,155.90,155.90,148.25,,154.92,,,1340,201303.00,15,F1,1,,,,,
2026-07-24,2026-07-24,CM,BSE,STK,511110,INE848D01018,VBDESAI,X,,,,,V.B.DESAI FINANCIAL SERVICES L,16.00,18.58,16.00,18.58,18.58,16.00,,18.58,,,210,3618.00,3,F1,1,,,,,
2026-07-24,2026-07-24,CM,BSE,STK,511122,INE609B01018,1STCUS,X,,,,,FIRST CUSTODIAN FUND (INDIA) L,68.88,68.88,65.00,68.69,68.69,68.71,,68.69,,,437,28513.00,31,F1,1,,,,,
2026-07-24,2026-07-24,CM,BSE,STK,511131,INE344D01018,KAMANWALA,X,,,,,KAMANWALA HOUSING CONSTRUCTION,15.15,15.15,15.15,15.15,15.15,15.55,,15.15,,,622,9423.00,7,F1,1,,,,,
2026-07-24,2026-07-24,CM,BSE,STK,511147,INE549D01012,WSFX,X,,,,,WSFX Global Pay Limited,62.01,63.88,62.01,63.88,63.88,63.07,,63.88,,,887,56319.00,20,F1,1,,,,,
2026-07-24,2026-07-24,CM,BSE,STK,511153,INE096I01021,ANJANIFOODS,XT,,,,,Anjani Foods Limited,20.90,20.90,19.93,19.94,19.94,20.97,,19.94,,,6845,136455.00,63,F1,1,,,,,
2026-07-24,2026-07-24,CM,BSE,STK,511169,INE552N01023,RKDAGRRTL,XT,,,,,RKD AGRI AND RETAIL LIMITED,5.62,5.62,5.62,5.62,5.62,5.62,,5.62,,,48,269.00,3,F1,1,,,,,
2026-07-24,2026-07-24,CM,BSE,STK,511176,INE635I01018,PARSHWANA,X,,,,,PARSHWANATH CORPORATION LTD.,74.99,74.99,74.85,74.85,74.85,74.68,,74.85,,,47,3518.00,3,F1,1,,,,,
2026-07-24,2026-07-24,CM,BSE,STK,511187,INE570N01025,MILLENNIUM,X,,,,,Millennium Online Solutions (I,1.70,1.70,1.70,1.70,1.70,1.70,,1.70,,,16,27.00,2,F1,1,,,,,
2026-07-24,2026-07-24,CM,BSE,STK,511194,INE613B01010,ICDSLTD,B,,,,,ICDS LTD.,40.00,40.00,39.00,39.00,39.00,39.00,,39.74,,,15,587.00,3,F1,1,,,,,
2026-07-24,2026-07-24,CM,BSE,STK,511196,INE477A01020,CANFINHOME,A,,,,,CAN FIN HOMES LTD.,818.95,819.00,799.00,814.20,817.00,818.55,,813.90,,,16194,13036190.00,1265,F1,1,,,,,
2026-07-24,2026-07-24,CM,BSE,STK,511208,INE050B01023,IVC,B,,,,,IL&FS INVESTMENT MANAGERS LTD.,8.40,8.40,7.98,8.28,8.28,8.30,,8.23,,,13117,107625.00,112,F1,1,,,,,
2026-07-24,2026-07-24,CM,BSE,STK,511218,INE721A01047,SHRIRAMFIN,A,,,,,Shriram Finance Limited,1023.55,1050.00,992.75,1005.00,1003.00,1025.45,,1005.10,,,745680,755659270.00,24784,F1,1,,,,,
2026-07-24,2026-07-24,CM,BSE,STK,511243,INE121A01024,CHOLAFIN,A,,,,,CHOLAMANDALAM INVESTMENT AND F,1684.10,1741.60,1662.45,1725.70,1725.70,1717.90,,1724.40,,,39084,66304784.00,4652,F1,1,,,,,
2026-07-24,2026-07-24,CM,BSE,STK,511246,INE910D01024,BOMTALKIES,X,,,,,BOMBAY TALKIES LIMITED,3.20,3.20,3.20,3.20,3.20,3.20,,3.20,,,4,12.00,2,F1,1,,,,,
2026-07-24,2026-07-24,CM,BSE,STK,511260,INE088P01015,ICONIKSPEV,X,,,,,ICONIK SPORTS AND EVENTS LIMIT,32.98,33.93,32.98,33.55,33.80,32.82,,33.55,,,9356,312437.00,46,F1,1,,,,,
2026-07-24,2026-07-24,CM,BSE,STK,511333,INE709A01018,VLSFINANCE,B,,,,,VLS FINANCE LTD.,254.15,255.65,252.05,252.70,252.50,254.10,,253.40,,,470,119169.00,28,F1,1,,,,,
2026-07-24,2026-07-24,CM,BSE,STK,511355,INE429D01017,INDCEMCAP,XT,,,,,INDIA CEMENTS CAPITAL LTD.,19.53,19.53,19.52,19.52,19.52,19.15,,19.52,,,9391,183406.00,30,F1,1,,,,,
2026-07-24,2026-07-24,CM,BSE,STK,511359,INE556D01017,ADMANUM,X,,,,,AD-MANUM FINANCE LTD.,59.98,59.98,54.07,55.06,55.06,53.86,,55.06,,,2671,149826.00,24,F1,1,,,,,
2026-07-24,2026-07-24,CM,BSE,STK,511391,INE661M01016,INTRGLB,X,,,,,INTER GLOBE FINANCE LTD.,67.00,67.00,60.62,60.76,60.62,63.81,,60.76,,,5946,361146.00,18,F1,1,,,,,
2026-07-24,2026-07-24,CM,BSE,STK,511431,INE051B01021,VAKRANGEE,B,,,,,VAKRANGEE LIMITED,5.75,5.89,5.67,5.80,5.87,5.76,,5.81,,,74861,429683.00,324,F1,1,,,,,
2026-07-24,2026-07-24,CM,BSE,STK,511447,INE706F01021,SYLPH,X,,,,,Sylph Industries Limited,0.25,0.26,0.24,0.26,0.26,0.25,,0.26,,,13861592,3528355.00,809,F1,1,,,,,
2026-07-24,2026-07-24,CM,BSE,STK,511451,INE899D01011,DHARFIN,XT,,,,,DHARANI FINANCE LTD.,13.65,13.65,12.35,12.36,13.20,13.00,,12.36,,,286,3773.00,3,F1,1,,,,,
2026-07-24,2026-07-24,CM,BSE,STK,511463,INE191N01012,ALEXANDER,X,,,,,Alexander Stamps And Coin Limi,8.27,8.27,7.50,7.50,7.50,7.02,,7.50,,,766,5859.00,17,F1,1,,,,,
2026-07-24,2026-07-24,CM,BSE,STK,511473,INE841B01017,INDBANK,B,,,,,INDBANK MERCHANT BANKING SERVI,32.61,33.52,32.50,33.35,32.88,32.50,,33.22,,,1517,49938.00,33,F1,1,,,,,
2026-07-24,2026-07-24,CM,BSE,STK,511493,INE488C01015,SHRYDUS,XT,,,,,SHRYDUS INDUSTRIES LIMITED,5.33,5.33,5.07,5.13,5.19,5.33,,5.13,,,119465,607261.00,65,F1,1,,,,,
2026-07-24,2026-07-24,CM,BSE,STK,511501,INE900A01013,BHARAT,X,,,,,Bharat Bhushan Finance & Commo,24.30,25.49,23.80,24.15,24.15,23.63,,24.15,,,2979,72777.00,43,F1,1,,,,,
2026-07-24,2026-07-24,CM,BSE,STK,511505,INE707C01018,CAPTRUST,B,,,,,CAPITAL TRUST LTD.,14.98,15.42,14.51,14.89,14.89,15.27,,14.65,,,7501,111149.00,48,F1,1,,,,,
2026-07-24,2026-07-24,CM,BSE,STK,511507,INE697C01011,USHAKIRA,X,,,,,USHAKIRAN FINANCE LTD.,32.01,33.61,32.01,33.60,33.60,32.01,,33.60,,,165,5390.00,10,F1,1,,,,,
2026-07-24,2026-07-24,CM,BSE,STK,511509,INE380K01017,VIVOBIOT,X,,,,,VIVO BIO TECH LTD.,23.40,23.40,22.00,22.96,23.18,23.02,,22.96,,,6062,137820.00,153,F1,1,,,,,
2026-07-24,2026-07-24,CM,BSE,STK,511523,INE882C01035,VEERHEALTH,XT,,,,,VEERHEALTH CARE LIMITED,41.49,41.50,40.30,41.49,41.50,41.47,,41.49,,,49925,2057884.00,221,F1,1,,,,,
2026-07-24,2026-07-24,CM,BSE,STK,511525,INE376A01032,PANINDIAC,X,,,,,PAN INDIA CORPORATION LTD.,1.66,1.70,1.63,1.65,1.67,1.66,,1.65,,,28108,46423.00,81,F1,1,,,,,
2026-07-24,2026-07-24,CM,BSE,STK,511533,INE135C01012,SAHARAHOUS,X,,,,,SAHARA HOUSINGFINA CORPORATION,39.92,39.92,38.50,39.01,39.49,39.26,,39.01,,,5726,223267.00,12,F1,1,,,,,
2026-07-24,2026-07-24,CM,BSE,STK,511535,INE026C01013,NDASEC,X,,,,,NDA SECURITIES LTD.,31.90,31.95,30.01,30.90,30.94,32.00,,30.90,,,8678,269871.00,17,F1,1,,,,,
2026-07-24,2026-07-24,CM,BSE,STK,511539,INE533B01028,SUPRATRE,X,,,,,Supra Trends Limited,14.60,14.60,13.94,13.94,13.94,13.94,,13.94,,,13,189.00,2,F1,1,,,,,
2026-07-24,2026-07-24,CM,BSE,STK,511543,INE777C01011,GSBFIN,XT,,,,,GSB FINANCE LTD.,45.72,45.72,44.10,44.64,44.60,45.50,,44.64,,,593,26202.00,16,F1,1,,,,,
2026-07-24,2026-07-24,CM,BSE,STK,511549,INE367A01015,MORARKFI,X,,,,,MORARKA FINANCE LTD.,61.80,62.00,59.20,61.53,61.50,61.89,,61.53,,,1150,69602.00,38,F1,1,,,,,
2026-07-24,2026-07-24,CM,BSE,STK,511551,INE903D01011,MONARCH,B,,,,,Monarch Networth Capital Limit,355.55,360.55,347.65,358.10,357.25,356.60,,357.75,,,7554,2676491.00,298,F1,1,,,,,
2026-07-24,2026-07-24,CM,BSE,STK,511557,INE732K01027,PROFINC,Z,,,,,PRO FIN CAPITAL SERVICES LTD.,2.77,2.99,2.77,2.97,2.97,2.88,,2.97,,,733699,2164079.00,202,F1,1,,,,,
2026-07-24,2026-07-24,CM,BSE,STK,511559,INE289C01025,TEAMGTY,B,,,,,TEAM INDIA GUARANTY LIMITED,240.00,240.00,222.60,235.70,235.80,235.20,,235.37,,,109,25695.00,6,F1,1,,,,,
2026-07-24,2026-07-24,CM,BSE,STK,511571,INE754C01010,CRESCENTIS,X,,,,,Crescentis Capital Limited,104.00,111.45,103.00,111.45,111.45,108.00,,111.45,,,497,54209.00,21,F1,1,,,,,
2026-07-24,2026-07-24,CM,BSE,STK,511577,INE304E01010,MANTRA,X,,,,,Mantra Capital Limited,15.63,16.55,15.40,15.51,16.28,15.96,,15.51,,,2706,42001.00,37,F1,1,,,,,
2026-07-24,2026-07-24,CM,BSE,STK,511585,INE425F01028,BEFOUNDMOL,X,,,,,BEFOUND MOVEMENT LIMITED,3.19,3.19,3.04,3.04,3.04,3.20,,3.04,,,652,1982.00,6,F1,1,,,,,
2026-07-24,2026-07-24,CM,BSE,STK,511589,INE323B01024,AVONMORE,B,,,,,AVONMORE CAPITAL & MANAGEMENT,9.69,9.69,9.34,9.45,9.40,9.61,,9.39,,,5379,50818.00,76,F1,1,,,,,
2026-07-24,2026-07-24,CM,BSE,STK,511601,INE216B01012,YASHMGM,X,,,,,YASH MANAGEMENT & SATELLITE LT,9.62,9.62,9.13,9.50,9.50,9.51,,9.50,,,916,8406.00,10,F1,1,,,,,
2026-07-24,2026-07-24,CM,BSE,STK,511605,INE420B01036,ARIHANTCAP,B,,,,,ARIHANT CAPITAL MARKETS LTD.,82.09,82.20,79.79,81.10,81.25,81.27,,81.61,,,16487,1334788.00,298,F1,1,,,,,
2026-07-24,2026-07-24,CM,BSE,STK,511611,INE891B01012,DCMFINSERV,T,,,,,DCM FINANCIAL SERVICES LTD.,5.17,5.17,4.87,5.14,5.14,5.06,,5.14,,,63,311.00,5,F1,1,,,,,
2026-07-24,2026-07-24,CM,BSE,STK,511626,INE229D01011,RRFIN,XT,,,,,RR FINANCIAL CONSULTANTS LTD.,77.22,81.90,77.00,80.07,80.50,78.00,,80.07,,,1457,116573.00,42,F1,1,,,,,
2026-07-24,2026-07-24,CM,BSE,STK,511628,INE417D01020,FEDDERSHOL,B,,,,,FEDDERS HOLDING LIMITED,47.06,47.87,45.34,45.77,45.77,47.91,,45.64,,,126991,5882688.00,494,F1,1,,,,,
2026-07-24,2026-07-24,CM,BSE,STK,511630,INE699B01027,SAMBHAAV,B,,,,,SAMBHAAV MEDIA LTD.,6.11,6.26,6.08,6.25,6.25,6.19,,6.11,,,3072,18960.00,9,F1,1,,,,,
2026-07-24,2026-07-24,CM,BSE,STK,511636,INE234E01027,DJSSS,X,,,,,DJS STOCK & SHARES LTD.,1.66,1.74,1.61,1.68,1.69,1.66,,1.68,,,50738,86235.00,53,F1,1,,,,,
2026-07-24,2026-07-24,CM,BSE,STK,511644,INE113B01037,OMEGAIN,X,,,,,OMEGA INTERACTIVE TECHNOLOGIES,52.59,52.60,48.00,52.60,52.60,50.10,,52.60,,,1206859,63313122.00,3843,F1,1,,,,,
2026-07-24,2026-07-24,CM,BSE,STK,511654,INE309D01011,SUGALDAM,X,,,,,SUGAL & DAMANI SHARE BROKERS L,59.00,63.00,59.00,60.01,60.01,60.05,,60.01,,,2248,138306.00,13,F1,1,,,,,
2026-07-24,2026-07-24,CM,BSE,STK,511658,INE027D01019,NETTLINX,X,,,,,NETTLINX LTD.,15.23,15.50,15.00,15.06,15.06,14.95,,15.06,,,9928,150136.00,38,F1,1,,,,,
2026-07-24,2026-07-24,CM,BSE,STK,511664,INE443D01018,BGIL,X,,,,,BGIL FILMS & TECHNOLOGIES LTD.,7.76,8.00,7.50,7.66,7.80,7.78,,7.66,,,47287,362981.00,116,F1,1,,,,,
2026-07-24,2026-07-24,CM,BSE,STK,511672,INE099G01011,SCANSTL,B,,,,,Scan Steels Limited,49.21,50.02,47.37,49.21,48.55,49.59,,49.78,,,35756,1747126.00,862,F1,1,,,,,
2026-07-24,2026-07-24,CM,BSE,STK,511676,INE289B01019,GICHSGFIN,B,,,,,GIC HOUSING FINANCE LTD.,145.25,147.20,144.65,146.85,147.20,147.30,,146.87,,,3822,558443.00,141,F1,1,,,,,
2026-07-24,2026-07-24,CM,BSE,STK,511692,INE759C01027,AJCON,X,,,,,AJCON GLOBAL SERVICES LTD.,5.75,5.89,5.45,5.66,5.66,5.75,,5.66,,,1375,7844.00,28,F1,1,,,,,
2026-07-24,2026-07-24,CM,BSE,STK,511696,INE953B01010,CHRTEDCA,X,,,,,CHARTERED CAPITAL & INVESTMENT,279.95,279.95,256.55,273.95,273.95,269.90,,273.95,,,5,1346.00,5,F1,1,,,,,
2026-07-24,2026-07-24,CM,BSE,STK,511700,INE625D01028,STANCAP,X,,,,,STANDARD CAPITAL MARKETS LTD.,0.41,0.41,0.40,0.41,0.41,0.40,,0.41,,,7850856,3178859.00,928,F1,1,,,,,
2026-07-24,2026-07-24,CM,BSE,STK,511702,INE290E01011,YOGI,X,,,,,YOGI LIMITED,171.20,171.80,169.95,169.95,169.95,172.00,,169.95,,,28,4775.00,5,F1,1,,,,,
2026-07-24,2026-07-24,CM,BSE,STK,511710,INE717D01023,CUBIFIN,XT,,,,,CUBICAL FINANCIAL SERVICES LTD,4.65,4.86,4.42,4.63,4.66,4.65,,4.63,,,261069,1175283.00,156,F1,1,,,,,
2026-07-24,2026-07-24,CM,BSE,STK,511712,INE452B01013,RELICTEC,X,,,,,RELIC TECHNOLOGIES LTD.,57.60,58.00,57.60,57.91,57.81,61.00,,57.91,,,56,3234.00,8,F1,1,,,,,
2026-07-24,2026-07-24,CM,BSE,STK,511716,INE359A01012,INVIGO,X,,,,,Invigorated Business Consultin,6.13,6.47,5.60,6.05,6.30,6.20,,6.05,,,5103,29432.00,24,F1,1,,,,,
2026-07-24,2026-07-24,CM,BSE,STK,511724,INE020D01022,BAIDFIN,B,,,,,BAID FINSERV LIMITED,10.01,10.04,9.81,9.83,9.90,9.80,,9.84,,,26212,258893.00,57,F1,1,,,,,
2026-07-24,2026-07-24,CM,BSE,STK,511726,INE946H01037,VIPULLTD,T,,,,,VIPUL LTD.,12.27,12.50,12.27,12.27,12.27,12.91,,12.12,,,18459,226944.00,48,F1,1,,,,,
2026-07-24,2026-07-24,CM,BSE,STK,511740,INE239B01014,RFL,XT,,,,,RUPAREL FOOD PRODUCTS LIMITED,123.30,123.30,112.20,112.20,112.20,118.00,,112.20,,,32,3601.00,4,F1,1,,,,,
2026-07-24,2026-07-24,CM,BSE,STK,511742,INE583D01011,UGROCAP,B,,,,,UGRO CAPITAL LIMITED,93.00,93.39,91.71,92.96,92.81,93.83,,92.77,,,5552,513074.00,171,F1,1,,,,,
2026-07-24,2026-07-24,CM,BSE,STK,511754,INE861D01011,SAHLIBHFI,B,,,,,SHALIBHADRA FINANCE LTD.,78.55,79.00,77.72,78.01,78.01,80.42,,78.01,,,695,54463.00,40,F1,1,,,,,
2026-07-24,2026-07-24,CM,BSE,STK,511756,INE195I01013,ABIRAFN,Z,,,,,ABIRAMI FINANCIAL SERVICES (IN,31.50,31.50,31.50,31.50,31.50,31.50,,31.50,,,154,4851.00,4,F1,1,,,,,
2026-07-24,2026-07-24,CM,BSE,STK,511764,INE819K01014,AASTAFIN,X,,,,,Aastamangalam Finance Limited,34.99,34.99,32.23,33.90,33.90,32.98,,33.90,,,7694,261022.00,55,F1,1,,,,,
2026-07-24,2026-07-24,CM,BSE,STK,511766,INE296G01013,MUTHOOTCAP,B,,,,,MUTHOOT CAPITAL SERVICES LTD.,220.55,220.55,213.30,213.40,213.30,214.70,,213.77,,,663,142845.00,42,F1,1,,,,,
2026-07-24,2026-07-24,CM,BSE,STK,511768,INE677D01037,MASTERTR,B,,,,,MASTER TRUST LTD.,85.12,85.12,83.69,84.53,84.53,84.99,,84.71,,,2389,201451.00,40,F1,1,,,,,
2026-07-24,2026-07-24,CM,BSE,STK,512008,INE886D01026,EFCIL,B,,,,,EFC (I) LIMITED,196.55,196.55,189.80,195.10,196.00,195.80,,195.28,,,10097,1957486.00,250,F1,1,,,,,
2026-07-24,2026-07-24,CM,BSE,STK,512014,INE754D01018,SOBME,X,,,,,SOBHAGYA MERCHANTILE LTD.,901.00,901.00,865.50,885.00,885.00,889.00,,885.00,,,93,81441.00,12,F1,1,,,,,
2026-07-24,2026-07-24,CM,BSE,STK,512018,INE135H01029,TTGIL,X,,,,,TOMORROW TECHNOLOGIES GLOBAL I,8.24,8.24,8.01,8.01,8.01,8.01,,8.01,,,3098,24914.00,18,F1,1,,,,,
2026-07-24,2026-07-24,CM,BSE,STK,512020,INE967G01019,ZSARACOM,B,,,,,SARASWATI COMMERCIAL (INDIA) L,11700.00,11700.00,11700.00,11700.00,11700.00,12694.40,,12364.50,,,1,11700.00,1,F1,1,,,,,
2026-07-24,2026-07-24,CM,BSE,STK,512025,INE767M01029,ASGARD,X,,,,,ASGARD ALCOBEV LIMITED,31.49,31.49,30.01,30.72,30.79,30.19,,30.72,,,32318,987414.00,96,F1,1,,,,,
2026-07-24,2026-07-24,CM,BSE,STK,512026,INE603D01017,VEGA,XT,,,,,VEGA JEWELLERS LIMITED,61.95,61.95,61.95,61.95,61.95,61.95,,61.95,,,24,1486.00,1,F1,1,,,,,
2026-07-24,2026-07-24,CM,BSE,STK,512036,INE393H01016,SKYBIOTECH,XT,,,,,SKYBIOTECH HEALTHCARE LIMITED,157.45,161.90,152.00,160.15,160.15,157.00,,160.15,,,461,73024.00,17,F1,1,,,,,
2026-07-24,2026-07-24,CM,BSE,STK,512038,INE887D01016,TCC,B,,,,,TCC CONCEPT LIMITED,278.45,278.45,270.65,271.30,272.00,277.35,,271.95,,,590,162222.00,77,F1,1,,,,,
2026-07-24,2026-07-24,CM,BSE,STK,512047,INE510H01015,ROYALIND,X,,,,,ROYAL INDIA CORPORATION LIMITE,5.99,6.14,5.85,5.97,5.92,5.96,,5.97,,,66652,397783.00,139,F1,1,,,,,
2026-07-24,2026-07-24,CM,BSE,STK,512048,INE195E01020,DHANSAFAL,X,,,,,DHANSAFAL FINSERVE LIMITED,2.34,2.40,2.18,2.25,2.25,2.30,,2.25,,,131721,296517.00,120,F1,1,,,,,
2026-07-24,2026-07-24,CM,BSE,STK,512062,INE896J01014,TANDHANIN,XT,,,,,TANDHAN INDUSTRIES LIMITED,156.00,156.00,149.95,149.95,149.95,153.00,,149.95,,,1379,206910.00,20,F1,1,,,,,
2026-07-24,2026-07-24,CM,BSE,STK,512064,INE762D01011,VISVEN,X,,,,,VISHVPRABHA VENTURES LIMITED,41.99,44.80,41.99,44.24,44.24,40.90,,44.24,,,114,5042.00,5,F1,1,,,,,
2026-07-24,2026-07-24,CM,BSE,STK,512065,INE738D01029,MRUTR,XT,,,,,MRUGESH TRADING LTD.,79.11,79.11,79.11,79.11,79.11,77.56,,79.11,,,880,69616.00,12,F1,1,,,,,
2026-07-24,2026-07-24,CM,BSE,STK,512068,INE945F01025,DECNGOLD,B,,,,,DECCAN GOLD MINES LTD.,191.95,195.55,187.30,194.40,194.40,193.95,,194.50,,,173187,33189056.00,1904,F1,1,,,,,
2026-07-24,2026-07-24,CM,BSE,STK,512070,INE628A01036,UPL,A,,,,,UPL LIMITED,600.05,604.75,595.10,602.10,604.75,606.75,,602.45,,,19503,11709652.00,605,F1,1,,,,,
2026-07-24,2026-07-24,CM,BSE,STK,512093,INE234B01023,CRANESSOFT,Z,,,,,CRANES SOFTWARE INTERNATIONAL,3.59,3.59,3.40,3.44,3.44,3.50,,3.44,,,2534,8791.00,19,F1,1,,,,,
2026-07-24,2026-07-24,CM,BSE,STK,512097,INE092G01024,SAICOM,X,,,,,SAIANAND COMMERCIAL LIMITED,0.23,0.24,0.23,0.24,0.24,0.23,,0.24,,,135914,31342.00,28,F1,1,,,,,
2026-07-24,2026-07-24,CM,BSE,STK,512099,INE750G01019,EY,XT,,,,,EYANTRA VENTURES LIMITED,698.25,734.00,698.25,698.25,698.25,735.00,,698.25,,,27,18888.00,4,F1,1,,,,,
2026-07-24,2026-07-24,CM,BSE,STK,512103,INE276H01013,NIDHGRN,XT,,,,,NIDHI GRANITES LTD.,336.35,337.95,321.10,325.85,325.00,338.00,,325.85,,,99,32065.00,14,F1,1,,,,,
2026-07-24,2026-07-24,CM,BSE,STK,512109,INE461H01011,AVIVA,X,,,,,AVIVA INDUSTRIES LTD.,57.15,57.43,57.15,57.43,57.43,57.41,,57.43,,,26,1486.00,2,F1,1,,,,,
2026-07-24,2026-07-24,CM,BSE,STK,512115,INE649C01012,ROSEMER,X,,,,,ROSE MERC.LTD.,68.50,68.50,62.10,63.52,63.52,64.16,,63.52,,,2017,129175.00,41,F1,1,,,,,
2026-07-24,2026-07-24,CM,BSE,STK,512131,INE529F01035,SIGIND,B,,,,,SIGNET INDUSTRIES LIMITED,40.15,45.89,40.15,44.80,44.80,44.23,,44.57,,,6509,288108.00,140,F1,1,,,,,
2026-07-24,2026-07-24,CM,BSE,STK,512149,INE758A01072,AVANCE,X,,,,,AVANCE TECHNOLOGIES LTD.,0.90,0.91,0.89,0.90,0.90,0.90,,0.90,,,4110272,3688040.00,1490,F1,1,,,,,
2026-07-24,2026-07-24,CM,BSE,STK,512161,INE650K01021,SECURKLOUD,B,,,,,SECUREKLOUD TECHNOLOGIES LIMIT,17.63,18.10,16.88,17.62,17.55,17.99,,17.47,,,3420,59676.00,60,F1,1,,,,,
2026-07-24,2026-07-24,CM,BSE,STK,512165,INE365O01028,ABANSENT,T,,,,,ABANS ENTERPRISES LTD,27.45,27.50,26.10,27.50,27.50,27.18,,26.40,,,2179,57458.00,28,F1,1,,,,,
2026-07-24,2026-07-24,CM,BSE,STK,512169,INE968E01012,CAPRICORN,XT,,,,,CAPRICORN SYSTEMS GLOBAL SOLUT,17.35,17.35,15.71,17.35,17.35,16.53,,17.35,,,81779,1415747.00,86,F1,1,,,,,
2026-07-24,2026-07-24,CM,BSE,STK,512175,INE685D01022,VAMA,X,,,,,VAMA INDUSTRIES LTD.,3.55,3.82,3.55,3.77,3.77,3.67,,3.77,,,13046,46848.00,37,F1,1,,,,,
2026-07-24,2026-07-24,CM,BSE,STK,512179,INE805D01034,SUNTECK,B,,,,,SUNTECK REALTY LTD.,308.30,309.35,300.70,306.00,306.00,303.10,,306.25,,,21215,6482568.00,680,F1,1,,,,,
2026-07-24,2026-07-24,CM,BSE,STK,512197,INE798C01017,SILVERO,Z,,,,,SILVER OAK COMMERCIAL LTD.,7.00,7.02,7.00,7.02,7.02,6.69,,7.02,,,1666,11662.00,30,F1,1,,,,,
2026-07-24,2026-07-24,CM,BSE,STK,512217,INE730E01016,PRISMMEDI,X,,,,,PRISM MEDICO AND PHARMACY LTD.,27.00,28.38,26.00,26.28,26.98,27.20,,26.28,,,2653,70542.00,30,F1,1,,,,,
2026-07-24,2026-07-24,CM,BSE,STK,512229,INE379J01029,VERITAS,XT,,,,,VERITAS (INDIA) LTD.,171.05,176.90,170.10,174.05,171.80,173.55,,174.05,,,1364,235833.00,31,F1,1,,,,,
2026-07-24,2026-07-24,CM,BSE,STK,512237,INE070D01027,JAICORPLTD,B,,,,,JAI CORP LTD.,99.05,101.40,98.10,100.40,100.40,101.65,,100.33,,,44605,4462600.00,545,F1,1,,,,,
2026-07-24,2026-07-24,CM,BSE,STK,512247,INE894A01026,ASHCAP,X,,,,,ASHIRWAD CAPITAL LTD.,2.76,2.78,2.65,2.71,2.71,2.69,,2.71,,,56388,152810.00,248,F1,1,,,,,
2026-07-24,2026-07-24,CM,BSE,STK,512257,INE895A01023,SVARTCORP,X,,,,,SWASTI VINAYAKA ART AND HERITA,3.63,3.65,3.52,3.64,3.65,3.60,,3.64,,,34606,124758.00,69,F1,1,,,,,
2026-07-24,2026-07-24,CM,BSE,STK,512267,INE200D01020,MMWL,T,,,,,MEDIA MATRIX WORLDWIDE LTD.,14.00,14.39,13.51,14.28,14.28,14.00,,14.09,,,738,10149.00,20,F1,1,,,,,
2026-07-24,2026-07-24,CM,BSE,STK,512277,INE340U01010,AUTOINT,X,,,,,AUTORIDERS INTERNATIONAL LTD.,296.00,296.00,272.45,272.45,272.45,286.75,,272.45,,,3268,891651.00,149,F1,1,,,,,
2026-07-24,2026-07-24,CM,BSE,STK,512296,INE458B01036,BHAGYANGR,T,,,,,BHAGYANAGAR INDIA LTD.,407.00,420.00,386.25,398.15,398.15,406.55,,408.35,,,11914,4788214.00,345,F1,1,,,,,
2026-07-24,2026-07-24,CM,BSE,STK,512301,INE417N01011,CHMBBRW,XT,,,,,CHAMBAL BREWERIES & DISTILLERI,41.55,41.55,41.55,41.55,41.55,40.74,,41.55,,,20446,849531.00,32,F1,1,,,,,
2026-07-24,2026-07-24,CM,BSE,STK,512329,INE385F01024,SGMART,B,,,,,SG MART LIMITED,676.95,717.15,670.30,713.50,717.15,673.95,,713.55,,,62032,43163616.00,2115,F1,1,,,,,
2026-07-24,2026-07-24,CM,BSE,STK,512344,INE068C01015,ARAVALIS,X,,,,,ARAVALI SECURITIES & FINANCE L,3.88,3.88,3.88,3.88,3.88,3.70,,3.88,,,312,1210.00,8,F1,1,,,,,
2026-07-24,2026-07-24,CM,BSE,STK,512345,INE745A01012,LEXGLOBAL,XT,,,,,LEXORA GLOBAL LIMITED,196.00,196.00,196.00,196.00,196.00,197.00,,196.00,,,309,60564.00,7,F1,1,,,,,
2026-07-24,2026-07-24,CM,BSE,STK,512361,INE108G01010,CUPIDALBV,XT,,,,,CUPID BREWERIES AND DISTILLERI,27.94,28.89,26.55,27.84,27.84,27.74,,27.84,,,22730,633734.00,217,F1,1,,,,,
2026-07-24,2026-07-24,CM,BSE,STK,512379,INE716D01033,CRSL,X,,,,,CRESSANDA RAILWAY SOLUTIONS LI,2.22,2.28,2.22,2.27,2.27,2.27,,2.27,,,93124,208833.00,337,F1,1,,,,,
2026-07-24,2026-07-24,CM,BSE,STK,512381,INE992I01013,STARTECK,B,,,,,STARTECK FINANCE LIMITED,265.00,266.00,265.00,265.30,265.30,265.00,,266.20,,,3312,879960.00,17,F1,1,,,,,
2026-07-24,2026-07-24,CM,BSE,STK,512393,INE037B01020,SHARDUL,T,,,,,SHARDUL SECURITIES LTD.,53.76,53.76,53.76,53.76,53.76,56.58,,53.61,,,2287,122949.00,13,F1,1,,,,,
2026-07-24,2026-07-24,CM,BSE,STK,512399,INE017I01027,SERA,X,,,,,SERA INVESTMENTS & FINANCE IND,40.50,40.64,39.63,40.00,40.00,40.42,,40.00,,,14669,589740.00,41,F1,1,,,,,
2026-07-24,2026-07-24,CM,BSE,STK,512415,INE319T01016,MERCTRD,X,,,,,MERCURY TRADE LINKS LTD.,4.94,4.94,4.79,4.83,4.87,4.94,,4.83,,,29298,141652.00,114,F1,1,,,,,
2026-07-24,2026-07-24,CM,BSE,STK,512425,INE242B01018,NIRAVCOM,X,,,,,NIRAV COMMERCIALS LTD.,808.95,808.95,808.95,808.95,808.95,772.90,,808.95,,,1,808.00,1,F1,1,,,,,
2026-07-24,2026-07-24,CM,BSE,STK,512437,INE412D01013,APOLLOFI,X,,,,,APOLLO FINVEST (INDIA) LTD.,330.00,338.50,318.45,338.00,338.00,334.95,,338.00,,,321,106229.00,12,F1,1,,,,,
2026-07-24,2026-07-24,CM,BSE,STK,512441,INE993I01029,ENBETRD,X,,,,,Enbee Trade &amp; Finance Ltd,0.28,0.28,0.27,0.27,0.28,0.28,,0.27,,,11221177,3033135.00,663,F1,1,,,,,
2026-07-24,2026-07-24,CM,BSE,STK,512443,INE162L01017,GANONPRO,X,,,,,Ganon Products Limited,12.50,12.50,11.00,11.05,11.13,11.75,,11.05,,,11551,128410.00,51,F1,1,,,,,
2026-07-24,2026-07-24,CM,BSE,STK,512453,INE564J01026,SHRJAGP,X,,,,,SHRI JAGDAMBA POLYMERS LTD.,577.90,577.90,567.00,571.80,571.00,578.70,,571.80,,,163,92993.00,19,F1,1,,,,,
2026-07-24,2026-07-24,CM,BSE,STK,512455,INE281B01032,LLOYDSME,A,,,,,LLOYDS METALS AND ENERGY LTD.,1915.40,1949.10,1875.65,1939.55,1939.55,1932.90,,1940.50,,,45861,87805466.00,2330,F1,1,,,,,
2026-07-24,2026-07-24,CM,BSE,STK,512463,INE080I01025,LLOYDSENT,A,,,,,LLOYDS ENTERPRISES LIMITED,77.69,78.46,75.77,77.94,77.94,77.93,,78.03,,,265442,20504932.00,1525,F1,1,,,,,
2026-07-24,2026-07-24,CM,BSE,STK,512477,INE765L01017,BETXIND,X,,,,,BETEX INDIA LTD.,459.00,499.00,459.00,490.00,490.00,490.00,,490.00,,,184,90118.00,17,F1,1,,,,,
2026-07-24,2026-07-24,CM,BSE,STK,512485,INE977F01010,DHANCOT,XT,,,,,DHANLAXMI COTEX LTD.,115.85,115.85,115.85,115.85,115.85,113.60,,115.85,,,3,347.00,1,F1,1,,,,,
2026-07-24,2026-07-24,CM,BSE,STK,512489,INE876A01023,OASISEC,XT,,,,,OASIS SECURITIES LTD.,11.41,11.41,10.80,10.91,11.00,11.36,,10.91,,,151962,1645045.00,34,F1,1,,,,,
2026-07-24,2026-07-24,CM,BSE,STK,512493,INE590B01010,GARNETINT,X,,,,,GARNET INTERNATIONAL LTD.,63.01,64.39,62.50,64.13,64.39,64.43,,64.13,,,593,37386.00,7,F1,1,,,,,
2026-07-24,2026-07-24,CM,BSE,STK,512499,INE435E01020,SHALPRO,XT,,,,,SHALIMAR PRODUCTIONS LTD.,0.33,0.33,0.33,0.33,0.33,0.34,,0.33,,,903666,298209.00,212,F1,1,,,,,
2026-07-24,2026-07-24,CM,BSE,STK,512519,INE668D01028,DONEAR,B,,,,,DONEAR INDUSTRIES LTD.,84.00,86.38,84.00,85.82,85.00,84.00,,85.79,,,317,27149.00,7,F1,1,,,,,
2026-07-24,2026-07-24,CM,BSE,STK,512527,INE091C01017,SUPER,X,,,,,SUPER SALES INDIA LTD.,1089.95,1089.95,980.30,1037.85,1054.60,1072.80,,1037.85,,,6173,6437914.00,115,F1,1,,,,,
2026-07-24,2026-07-24,CM,BSE,STK,512529,INE807F01027,VIYASH,A,,,,,VIYASH SCIENTIFIC LIMITED,252.50,254.45,248.05,251.00,251.00,253.15,,250.90,,,61348,15380096.00,841,F1,1,,,,,
2026-07-24,2026-07-24,CM,BSE,STK,512531,INE655A01013,STCINDIA,B,,,,,STATE TRADING CORPORATION OF I,116.20,118.95,115.05,117.45,118.00,117.50,,117.84,,,2765,323921.00,97,F1,1,,,,,
2026-07-24,2026-07-24,CM,BSE,STK,512559,INE080B01012,KOHINOOR,B,,,,,KOHINOOR FOODS LTD.,22.25,23.28,22.25,22.78,22.73,22.51,,22.90,,,4612,105610.00,224,F1,1,,,,,
2026-07-24,2026-07-24,CM,BSE,STK,512573,INE871C01038,AVANTIFEED,A,,,,,AVANTI FEEDS LTD.,955.35,985.15,952.25,978.15,982.25,959.25,,977.10,,,44620,42971311.00,1710,F1,1,,,,,
2026-07-24,2026-07-24,CM,BSE,STK,512587,INE077B01018,ZODJRDMKJ,X,,,,,ZODIAC-JRD-MKJ LTD.,33.40,33.93,32.01,33.68,33.89,33.02,,33.68,,,28698,958751.00,126,F1,1,,,,,
2026-07-24,2026-07-24,CM,BSE,STK,512589,INE579D01019,SITAENT,X,,,,,SITA ENTERPRISES LTD.,140.20,142.00,132.00,135.05,137.95,140.20,,135.05,,,5631,766141.00,91,F1,1,,,,,
2026-07-24,2026-07-24,CM,BSE,STK,512591,INE183U01022,PULSRIN,X,,,,,PULSAR INTERNATIONAL LTD.,0.37,0.37,0.36,0.37,0.37,0.37,,0.37,,,3198751,1163653.00,440,F1,1,,,,,
2026-07-24,2026-07-24,CM,BSE,STK,512595,INE348N01042,MANBRO,X,,,,,Manbro Industries Limited,50.90,50.99,49.34,50.17,50.17,49.98,,50.17,,,190820,9606842.00,687,F1,1,,,,,
2026-07-24,2026-07-24,CM,BSE,STK,512597,INE681C01015,KEYFINSERV,B,,,,,KEYNOTE FINANCIAL SERVICES LIM,256.00,256.00,256.00,256.00,256.00,256.25,,253.90,,,101,25856.00,2,F1,1,,,,,
2026-07-24,2026-07-24,CM,BSE,STK,512599,INE423A01024,ADANIENT,A,,,,,ADANI ENTERPRISES LTD.,2990.55,3041.90,2990.55,3027.15,3027.15,3010.45,,3026.40,,,73858,222885111.00,6021,F1,1,,,,,
2026-07-24,2026-07-24,CM,BSE,STK,512600,INE307N01014,ASTALLTD,X,,,,,ASTAL LABORATORIES LIMITED,80.44,83.70,79.00,82.55,82.00,80.44,,82.55,,,14858,1201879.00,123,F1,1,,,,,
2026-07-24,2026-07-24,CM,BSE,STK,512608,INE474E01029,BHANDARI,T,,,,,BHANDARI HOSIERY EXPORTS LTD.,2.86,2.92,2.85,2.91,2.91,2.86,,2.89,,,2095,6043.00,15,F1,1,,,,,
2026-07-24,2026-07-24,CM,BSE,STK,512618,INE629C01014,RLF,X,,,,,RLF LTD.,8.51,9.39,8.51,9.39,9.39,9.39,,9.39,,,159,1492.00,3,F1,1,,,,,
2026-07-24,2026-07-24,CM,BSE,STK,512624,INE769D01016,REGENTRP,X,,,,,Regent Enterprises Limited,5.05,5.28,4.87,5.07,5.07,5.08,,5.07,,,9411,46888.00,37,F1,1,,,,,
2026-07-24,2026-07-24,CM,BSE,STK,512626,INE231G01010,ORBTEXP,T,,,,,ORBIT EXPORTS LTD.,245.90,245.90,237.55,243.10,244.95,234.70,,243.07,,,2333,561416.00,32,F1,1,,,,,
2026-07-24,2026-07-24,CM,BSE,STK,512634,INE104E01014,SAVERA,X,,,,,SAVERA INDUSTRIES LTD.,166.80,166.80,157.10,161.90,163.80,166.80,,161.90,,,1895,306528.00,48,F1,1,,,,,
2026-07-24,2026-07-24,CM,BSE,STK,513005,INE114E01013,CHROME,X,,,,,Chrome Silicon Limited,42.00,42.00,40.00,41.50,41.50,39.61,,41.50,,,1049,43148.00,10,F1,1,,,,,
2026-07-24,2026-07-24,CM,BSE,STK,513023,INE725A01030,NAVA,A,,,,,NAVA LIMITED,555.35,562.55,547.05,554.60,557.75,555.85,,554.80,,,24864,13733307.00,1050,F1,1,,,,,
2026-07-24,2026-07-24,CM,BSE,STK,513043,INE158G01015,REMIEDEL,X,,,,,REMI EDELSTAHL TUBULARS LIMITE,196.00,196.00,185.00,191.40,191.40,190.10,,191.40,,,2606,494362.00,30,F1,1,,,,,
2026-07-24,2026-07-24,CM,BSE,STK,513059,INE736H01024,GSAUTO,X,,,,,G.S.AUTO INTERNATIONAL LTD.,14.26,15.21,13.52,14.72,14.07,14.19,,14.72,,,21246,307155.00,89,F1,1,,,,,
2026-07-24,2026-07-24,CM,BSE,STK,513063,INE360D01014,TRANSFRE,X,,,,,TRANS-FREIGHT CONTAINERS LTD.,19.68,23.39,19.68,20.06,20.06,20.06,,20.06,,,2603,52456.00,23,F1,1,,,,,
2026-07-24,2026-07-24,CM,BSE,STK,513097,INE386D01027,SBCL,B,,,,,SHIVALIK BIMETAL CONTROLS LTD.,728.55,779.00,728.55,754.70,754.70,752.70,,755.60,,,22216,16703187.00,1951,F1,1,,,,,
2026-07-24,2026-07-24,CM,BSE,STK,513108,INE524B01027,GANDHITUBE,B,,,,,GANDHI SPECIAL TUBES LTD.,870.00,880.00,863.10,872.85,880.00,870.00,,868.25,,,550,479677.00,52,F1,1,,,,,
2026-07-24,2026-07-24,CM,BSE,STK,513117,INE991A01020,AMFORG,X,,,,,AMFORGE INDUSTRIES LTD.,6.39,6.39,5.56,6.24,6.39,6.48,,6.24,,,15956,94912.00,86,F1,1,,,,,
2026-07-24,2026-07-24,CM,BSE,STK,513119,INE173M01012,ONIXSOLAR,X,,,,,ONIX SOLAR ENERGY LIMITED,629.00,633.75,618.00,623.85,623.85,621.35,,623.85,,,26113,16350311.00,261,F1,1,,,,,
2026-07-24,2026-07-24,CM,BSE,STK,513121,INE730A01022,ORICONENT,B,,,,,ORICON ENTERPRISES LTD.,51.50,55.32,51.50,54.45,54.45,53.96,,55.03,,,536,29043.00,48,F1,1,,,,,
2026-07-24,2026-07-24,CM,BSE,STK,513173,INE205F01016,STLSTRINF,X,,,,,STEEL STRIPS INFRASTRUCTURES L,19.00,22.45,18.05,19.54,19.88,19.00,,19.54,,,3059,59420.00,21,F1,1,,,,,
2026-07-24,2026-07-24,CM,BSE,STK,513228,INE932A01024,PENIND,A,,,,,PENNAR INDUSTRIES LTD.,163.90,164.05,160.10,162.75,162.70,162.95,,162.84,,,14899,2407232.00,194,F1,1,,,,,
2026-07-24,2026-07-24,CM,BSE,STK,513250,INE197A01024,JYOTISTRUC,B,,,,,JYOTI STRUCTURES LTD.,10.82,11.04,10.57,11.00,11.04,10.72,,10.97,,,152377,1642049.00,232,F1,1,,,,,
2026-07-24,2026-07-24,CM,BSE,STK,513252,INE289D01015,JAYUSH,X,,,,,JAY USHIN LTD.,857.00,861.00,857.00,857.05,857.05,880.90,,857.05,,,40,34373.00,8,F1,1,,,,,
2026-07-24,2026-07-24,CM,BSE,STK,513262,INE802C01033,SSWL,B,,,,,STEEL STRIPS WHEELS LTD.,288.50,291.40,277.80,288.40,287.00,286.30,,288.31,,,67957,19371252.00,1044,F1,1,,,,,
2026-07-24,2026-07-24,CM,BSE,STK,513269,INE993A01026,MANINDS,B,,,,,MAN INDUSTRIES (INDIA) LTD.,526.20,535.40,516.05,530.30,524.50,533.50,,527.45,,,11442,6009868.00,387,F1,1,,,,,
2026-07-24,2026-07-24,CM,BSE,STK,513295,INE611C01020,IMEC,X,,,,,IMEC SERVICES LIMITED,116.00,116.00,99.00,102.85,102.40,112.45,,102.85,,,2564,260714.00,95,F1,1,,,,,
2026-07-24,2026-07-24,CM,BSE,STK,513303,INE001F01019,MDRNSTL,X,,,,,MODERN STEELS LTD.,13.15,13.80,13.14,13.64,13.64,13.32,,13.64,,,43,587.00,13,F1,1,,,,,
2026-07-24,2026-07-24,CM,BSE,STK,513307,INE363L01045,BELDING,X,,,,,BELDING INDIA LIMITED,1049.30,1049.30,992.20,999.45,999.45,1025.00,,999.45,,,35999,36076759.00,221,F1,1,,,,,
2026-07-24,2026-07-24,CM,BSE,STK,513337,INE145J01032,GUJTLRM,B,,,,,GUJARAT TOOLROOM LTD.,0.54,0.56,0.51,0.53,0.53,0.53,,0.53,,,2548872,1342102.00,804,F1,1,,,,,
2026-07-24,2026-07-24,CM,BSE,STK,513349,INE298G01035,AJMERA,B,,,,,AJMERA REALTY & INFRA INDIA LT,122.40,124.75,121.00,122.45,123.55,123.15,,122.55,,,24976,3056907.00,414,F1,1,,,,,
2026-07-24,2026-07-24,CM,BSE,STK,513353,INE105D01013,COCHINM,X,,,,,COCHIN MINERALS & RUTILE LTD.,247.00,249.45,243.10,244.85,244.20,247.75,,244.85,,,6085,1489318.00,93,F1,1,,,,,
2026-07-24,2026-07-24,CM,BSE,STK,513361,INE072A01029,INDIAHOMES,XT,,,,,India Homes Limited,21.71,22.17,21.63,21.97,21.98,21.97,,21.97,,,192722,4224560.00,331,F1,1,,,,,
2026-07-24,2026-07-24,CM,BSE,STK,513369,INE013J01016,KVFORGE,XT,,,,,KRISHANVEER FORGE LIMITED,150.00,153.85,148.20,153.10,153.00,154.55,,153.10,,,473,71231.00,22,F1,1,,,,,
2026-07-24,2026-07-24,CM,BSE,STK,513375,INE120A01034,CARBORUNIV,A,,,,,CARBORUNDUM UNIVERSAL LTD.,1057.05,1071.00,1034.60,1064.15,1065.20,1056.35,,1064.30,,,6907,7267193.00,546,F1,1,,,,,
2026-07-24,2026-07-24,CM,BSE,STK,513377,INE123F01029,MMTC,B,,,,,MMTC LTD.,61.71,61.79,60.28,61.53,61.58,61.87,,61.52,,,67690,4134807.00,583,F1,1,,,,,
2026-07-24,2026-07-24,CM,BSE,STK,513397,INE457E01016,VALLABHSQ,X,,,,,VALLABH STEELS LTD.,8.92,8.92,8.50,8.51,8.51,8.50,,8.51,,,256,2219.00,5,F1,1,,,,,
2026-07-24,2026-07-24,CM,BSE,STK,513418,INE728B01032,SMFIL,XT,,,,,SMITHS & FOUNDERS (INDIA) LIMI,11.51,11.51,11.51,11.51,11.51,11.29,,11.51,,,21144,243367.00,30,F1,1,,,,,
2026-07-24,2026-07-24,CM,BSE,STK,513422,INE373E01015,BLOIN,X,,,,,BLOOM INDUSTRIES LTD.,33.90,33.90,32.26,33.35,33.35,33.95,,33.35,,,5496,177355.00,11,F1,1,,,,,
2026-07-24,2026-07-24,CM,BSE,STK,513430,INE501L01024,MAITRI,XT,,,,,Maitri Enterprises Limited,46.20,46.20,45.40,45.40,45.40,44.00,,45.40,,,8,364.00,3,F1,1,,,,,
2026-07-24,2026-07-24,CM,BSE,STK,513436,INE640C01011,SHAHALLOYS,B,,,,,SHAH ALLOYS LTD.,67.00,67.66,66.00,66.00,66.00,66.08,,66.56,,,1192,79475.00,38,F1,1,,,,,
2026-07-24,2026-07-24,CM,BSE,STK,513452,INE594D01018,ELANGO,XT,,,,,ELANGO INDUSTRIES LTD.,10.30,10.30,10.30,10.30,10.30,10.79,,10.30,,,1,10.00,1,F1,1,,,,,
2026-07-24,2026-07-24,CM,BSE,STK,513456,INE791E01018,KANSHST,X,,,,,KANISHK STEEL INDUSTRIES LTD.,52.99,52.99,49.05,50.82,51.72,51.80,,50.82,,,1520,76198.00,12,F1,1,,,,,
2026-07-24,2026-07-24,CM,BSE,STK,513460,INE257F01017,MAHALXSE,Z,,,,,MAHALAXMI SEAMLESS LTD.,8.77,9.69,8.77,9.67,9.67,9.23,,9.67,,,434,3873.00,11,F1,1,,,,,
2026-07-24,2026-07-24,CM,BSE,STK,513472,INE658D01029,SIMPLEXCAS,X,,,,,SIMPLEX CASTINGS LTD.,99.10,102.30,98.30,99.65,99.85,102.55,,99.65,,,165612,16536662.00,303,F1,1,,,,,
2026-07-24,2026-07-24,CM,BSE,STK,513488,INE387D01025,SSWRL,XT,,,,,SHREE STEEL WIRE ROPES LTD.,30.24,30.24,30.24,30.24,30.24,31.83,,30.24,,,1804,54552.00,21,F1,1,,,,,
2026-07-24,2026-07-24,CM,BSE,STK,513496,INE235U01012,SIZEMASTER,XT,,,,,SIZEMASTERS TECHNOLOGY LIMITED,325.00,348.00,325.00,347.00,347.00,338.00,,347.00,,,41,13614.00,7,F1,1,,,,,
2026-07-24,2026-07-24,CM,BSE,STK,513498,INE308N01012,SOUTHMG,X,,,,,SOUTHERN MAGNESIUM & CHEMICALS,72.75,76.00,69.20,70.24,70.24,72.75,,70.24,,,959,68109.00,22,F1,1,,,,,
2026-07-24,2026-07-24,CM,BSE,STK,513502,INE927K01023,BAROEXT,X,,,,,BARODA EXTRUSION LTD.,8.46,8.46,7.80,8.24,8.33,8.23,,8.24,,,60378,497312.00,160,F1,1,,,,,
2026-07-24,2026-07-24,CM,BSE,STK,513507,INE276I01011,GUJCONT,P,,,,,GUJARAT CONTAINERS LTD.,149.65,149.65,149.65,149.65,149.65,155.00,,149.65,,,500,74825.00,1,F1,100,,,,,
2026-07-24,2026-07-24,CM,BSE,STK,513509,INE314G01014,KALYANIFRG,B,,,,,KALYANI FORGE LTD.,607.00,607.25,589.35,598.60,606.95,607.25,,601.90,,,50,30119.00,14,F1,1,,,,,
2026-07-24,2026-07-24,CM,BSE,STK,513511,INE798F01010,PANCHMAHQ,X,,,,,PANCHMAHAL STEEL LTD.,284.45,284.90,271.05,271.05,271.05,273.25,,271.05,,,37,10366.00,4,F1,1,,,,,
2026-07-24,2026-07-24,CM,BSE,STK,513513,INE570B01012,ADITYA,X,,,,,ADITYA ISPAT LTD.,9.10,9.15,9.10,9.15,9.15,9.10,,9.15,,,4568,41571.00,10,F1,1,,,,,
2026-07-24,2026-07-24,CM,BSE,STK,513517,INE124E01038,STEELCAS,B,,,,,STEELCAST LTD.,309.15,309.15,304.20,306.15,305.80,310.80,,306.65,,,1750,536231.00,59,F1,1,,,,,
2026-07-24,2026-07-24,CM,BSE,STK,513519,INE450D01021,PITTIENG,B,,,,,PITTI ENGINEERING LIMITED,900.05,925.00,900.05,917.85,917.85,918.25,,920.60,,,872,796297.00,135,F1,1,,,,,
2026-07-24,2026-07-24,CM,BSE,STK,513528,INE741B01027,GLITTEKG,XT,,,,,GLITTEK GRANITES LTD.,58.45,58.45,58.44,58.45,58.45,57.31,,58.45,,,15070,880802.00,29,F1,1,,,,,
2026-07-24,2026-07-24,CM,BSE,STK,513532,INE770A01010,PRADPME,T,,,,,PRADEEP METALS LTD.,505.00,505.00,505.00,505.00,505.00,507.00,,506.30,,,51,25755.00,3,F1,1,,,,,
2026-07-24,2026-07-24,CM,BSE,STK,513536,INE207H01018,GNRL,B,,,,,GUJARAT NATURAL RESOURCES LIMI,91.05,93.90,88.40,92.45,92.65,91.65,,92.51,,,14867,1356725.00,1136,F1,1,,,,,
2026-07-24,2026-07-24,CM,BSE,STK,513540,INE176E01012,TNSTLTU,P,,,,,TAMILNADU STEEL TUBES LTD.,25.51,25.51,25.51,25.51,25.51,25.51,,25.51,,,100,2551.00,1,F1,100,,,,,
2026-07-24,2026-07-24,CM,BSE,STK,513544,INE277E01026,MSCTC,X,,,,,MARDIA SAMYOUNG CAPILLARY TUBE,44.00,44.00,41.01,43.80,43.80,41.95,,43.80,,,1908,82975.00,29,F1,1,,,,,
2026-07-24,2026-07-24,CM,BSE,STK,513548,INE385M01012,SHRDAIS,X,,,,,SHARDA ISPAT LTD.,161.00,164.70,160.00,162.75,164.70,161.00,,162.75,,,2143,344321.00,11,F1,1,,,,,
2026-07-24,2026-07-24,CM,BSE,STK,513554,INE451L01014,MAHASTEEL,B,,,,,MAHAMAYA STEEL INDUSTRIES LTD.,781.00,803.45,775.25,781.10,781.10,780.45,,757.35,,,59,46666.00,15,F1,1,,,,,
2026-07-24,2026-07-24,CM,BSE,STK,513566,INE608C01026,NOVIS,X,,,,,NOVA IRON & STEEL LTD.,11.92,12.79,11.92,12.39,12.39,12.33,,12.39,,,3090,38722.00,24,F1,1,,,,,
2026-07-24,2026-07-24,CM,BSE,STK,513575,INE067E01013,STERPOW,XT,,,,,STERLING POWERGENSYS LTD,36.00,36.74,34.11,35.13,35.11,35.58,,35.13,,,5473,197889.00,45,F1,1,,,,,
2026-07-24,2026-07-24,CM,BSE,STK,513579,INE617C01027,FFPL,Z,,,,,FOUNDRY FUEL PRODUCTS LTD.,5.36,5.36,5.36,5.36,5.36,5.11,,5.36,,,450,2412.00,3,F1,1,,,,,
2026-07-24,2026-07-24,CM,BSE,STK,513599,INE531E01026,HINDCOPPER,A,,,,,HINDUSTAN COPPER LTD.,486.25,486.95,478.20,483.35,483.35,491.90,,483.15,,,406142,195494313.00,9296,F1,1,,,,,
2026-07-24,2026-07-24,CM,BSE,STK,513629,INE463D01016,TULSYAN,X,,,,,TULSYAN NEC LTD.,27.00,27.00,27.00,27.00,27.00,25.72,,27.00,,,207,5589.00,2,F1,1,,,,,
2026-07-24,2026-07-24,CM,BSE,STK,513642,INE197C01012,AXELPOLY,X,,,,,AXEL POLYMERS LTD.,44.00,44.00,41.51,42.94,42.94,41.48,,42.94,,,748,31343.00,14,F1,1,,,,,
2026-07-24,2026-07-24,CM,BSE,STK,513683,INE589A01014,NLCINDIA,A,,,,,NLC India Limited,287.10,294.00,280.80,292.95,292.75,291.05,,292.80,,,144137,41464984.00,2621,F1,1,,,,,
2026-07-24,2026-07-24,CM,BSE,STK,513693,INE434C01027,KAJARIR,XT,,,,,KIC METALIKS LTD.,36.38,36.54,35.28,36.11,36.54,36.55,,36.11,,,4351,158645.00,9,F1,1,,,,,
2026-07-24,2026-07-24,CM,BSE,STK,513699,INE584G01012,SOLIDSTON,X,,,,,SOLID STONE COMPANY LTD.,26.49,26.49,26.29,26.29,26.29,25.00,,26.29,,,12,315.00,3,F1,1,,,,,
2026-07-24,2026-07-24,CM,BSE,STK,513709,INE960A01017,SHILGRAVQ,X,,,,,SHILP GRAVURES LTD.,149.00,153.60,148.00,151.05,151.00,149.10,,151.05,,,351,52082.00,12,F1,1,,,,,
2026-07-24,2026-07-24,CM,BSE,STK,513713,INE146C01019,WHITEORG,X,,,,,White Organic Agro Limited,3.62,3.62,3.46,3.56,3.57,3.57,,3.56,,,9247,32802.00,51,F1,1,,,,,
2026-07-24,2026-07-24,CM,BSE,STK,513721,INE614F01019,MFSINTRCRP,XT,,,,,MFS INTERCORP LTD.,13.00,13.99,13.00,13.99,13.99,13.33,,13.99,,,120,1579.00,4,F1,1,,,,,
2026-07-24,2026-07-24,CM,BSE,STK,513729,INE210C01013,AROGRANITE,B,,,,,ARO GRANITE INDUSTRIES LTD.,24.11,25.58,24.11,25.58,25.58,25.40,,25.01,,,493,12354.00,9,F1,1,,,,,
2026-07-24,2026-07-24,CM,BSE,STK,514010,INE723D01021,RUDRAECO,X,,,,,RUDRA ECOVATION LIMITED,17.66,18.39,17.58,17.81,17.80,17.73,,17.81,,,14981,266704.00,47,F1,1,,,,,
2026-07-24,2026-07-24,CM,BSE,STK,514028,INE376L01013,RAJKSYN,X,,,,,RAJKAMAL SYNTHETICS LTD.,27.50,27.50,22.01,25.49,25.49,24.55,,25.49,,,1335,32552.00,25,F1,1,,,,,
2026-07-24,2026-07-24,CM,BSE,STK,514030,INE272C01013,DEEPAKSP,X,,,,,DEEPAK SPINNERS LTD.,134.20,139.80,129.35,138.35,139.00,134.25,,138.35,,,4062,539255.00,30,F1,1,,,,,
2026-07-24,2026-07-24,CM,BSE,STK,514036,INE970D01010,LOYALTEX,B,,,,,LOYAL TEXTILE MILLS LTD.,219.20,219.40,197.55,206.80,197.55,219.40,,206.56,,,417,88729.00,9,F1,1,,,,,
2026-07-24,2026-07-24,CM,BSE,STK,514043,INE049A01027,HIMATSEIDE,B,,,,,HIMATSINGKA SEIDE LTD.,80.35,81.17,79.26,80.53,80.31,80.91,,80.52,,,33968,2727249.00,437,F1,1,,,,,
2026-07-24,2026-07-24,CM,BSE,STK,514045,INE594B01012,BSL,B,,,,,BSL LTD.,124.10,124.10,124.10,124.10,124.10,124.10,,124.50,,,200,24820.00,1,F1,1,,,,,
2026-07-24,2026-07-24,CM,BSE,STK,514060,INE229N01010,NEWTRAC,X,,,,,NEWTRAC FOODS & BEVERAGES LIMI,3.21,3.40,3.04,3.27,3.30,3.21,,3.27,,,31373,100131.00,118,F1,1,,,,,
2026-07-24,2026-07-24,CM,BSE,STK,514113,INE207C01019,ADINATH,XT,,,,,ADINATH TEXTILES LTD.,20.00,21.00,20.00,20.85,20.01,20.00,,20.85,,,186,3736.00,8,F1,1,,,,,
2026-07-24,2026-07-24,CM,BSE,STK,514138,INE132C01027,SURYALA,B,,,,,SURYALATA SPINNING MILLS LTD.,440.25,457.65,440.25,451.95,451.95,451.95,,440.00,,,650,293389.00,17,F1,1,,,,,
2026-07-24,2026-07-24,CM,BSE,STK,514142,INE592B01024,TTL,B,,,,,T T LTD.,6.27,6.55,6.20,6.25,6.35,6.40,,6.37,,,18148,113215.00,90,F1,1,,,,,
2026-07-24,2026-07-24,CM,BSE,STK,514162,INE192B01031,WELSPUNLIV,A,,,,,WELSPUN LIVING LIMITED,163.05,164.00,160.35,161.90,161.90,165.00,,162.00,,,83890,13584254.00,1180,F1,1,,,,,
2026-07-24,2026-07-24,CM,BSE,STK,514165,INE862B01013,INDIANACRY,X,,,,,INDIAN ACRYLICS LTD.,5.85,5.85,5.70,5.75,5.75,5.75,,5.75,,,8665,49696.00,56,F1,1,,,,,
2026-07-24,2026-07-24,CM,BSE,STK,514167,INE845D01014,GANECOS,B,,,,,GANESHA ECOSPHERE LTD.,1187.85,1212.00,1160.00,1210.15,1210.15,1194.65,,1209.55,,,12038,14289868.00,580,F1,1,,,,,
2026-07-24,2026-07-24,CM,BSE,STK,514171,INE760J01012,CEETAIN,X,,,,,CEETA INDUSTRIES LTD.,40.49,40.49,40.49,40.49,40.49,39.97,,40.49,,,1,40.00,1,F1,1,,,,,
2026-07-24,2026-07-24,CM,BSE,STK,514175,INE835A01029,VARDMNPOLY,B,,,,,VARDHMAN POLYTEX LTD.,6.27,6.27,5.97,6.06,6.00,6.01,,6.01,,,11215,67008.00,108,F1,1,,,,,
2026-07-24,2026-07-24,CM,BSE,STK,514183,INE761G01016,BLACKROSE,T,,,,,BLACK ROSE INDUSTRIES LTD.,96.10,98.80,95.05,96.15,96.15,97.70,,96.01,,,2990,287741.00,70,F1,1,,,,,
2026-07-24,2026-07-24,CM,BSE,STK,514197,INE110Q01023,STCORP,XT,,,,,S&T CORPORATION LTD.,3.91,3.91,3.60,3.64,3.64,3.76,,3.64,,,1804,6824.00,22,F1,1,,,,,
2026-07-24,2026-07-24,CM,BSE,STK,514211,INE235C01036,SUMEETINDS,B,,,,,SUMEET INDUSTRIES LTD.,28.88,28.88,28.88,28.88,28.88,30.40,,28.77,,,7328,211632.00,34,F1,1,,,,,
2026-07-24,2026-07-24,CM,BSE,STK,514223,INE410D01017,RAMGOPOLY,X,,,,,RAMGOPAL POLYTEX LTD.,19.50,20.66,19.50,20.66,20.66,19.68,,20.66,,,7354,149033.00,14,F1,1,,,,,
2026-07-24,2026-07-24,CM,BSE,STK,514234,INE495C01010,SANGAMIND,B,,,,,SANGAM (INDIA) LTD.,610.20,623.50,604.95,611.30,623.50,618.60,,615.10,,,4193,2557333.00,155,F1,1,,,,,
2026-07-24,2026-07-24,CM,BSE,STK,514238,INE874A01010,MKVENTURES,X,,,,,MKVENTURES CAPITAL LIMITED,1111.00,1134.00,1026.20,1134.00,1134.00,1138.45,,1134.00,,,333,363096.00,32,F1,1,,,,,
2026-07-24,2026-07-24,CM,BSE,STK,514240,INE979D01011,KUSHIND,X,,,,,Kush Industries Limited,6.00,6.01,5.96,6.00,6.00,6.00,,6.00,,,6415,38461.00,30,F1,1,,,,,
2026-07-24,2026-07-24,CM,BSE,STK,514248,INE377C01010,SRECR,P,,,,,SREECHEM RESINS LTD.,28.50,28.50,28.50,28.50,28.50,30.00,,28.50,,,200,5700.00,2,F1,100,,,,,
2026-07-24,2026-07-24,CM,BSE,STK,514260,INE899E01019,SURBHIN,XT,,,,,SURBHI INDUSTRIES LTD.,95.88,95.88,86.76,95.88,95.88,91.32,,95.88,,,15764,1456387.00,180,F1,1,,,,,
2026-07-24,2026-07-24,CM,BSE,STK,514264,INE707B01010,SEASONST,X,,,,,SEASONS TEXTILES LTD.,17.97,17.97,17.62,17.62,17.62,17.57,,17.62,,,14,247.00,5,F1,1,,,,,
2026-07-24,2026-07-24,CM,BSE,STK,514266,INE106C01013,ZENIFIB,X,,,,,ZENITH FIBRES LTD.,53.00,53.00,51.51,52.10,52.10,51.09,,52.10,,,77,3968.00,3,F1,1,,,,,
2026-07-24,2026-07-24,CM,BSE,STK,514272,INE436C01014,BHILSPIN,X,,,,,BHILWARA SPINNERS LTD.,128.50,131.50,126.00,128.55,130.35,126.15,,128.55,,,3441,441633.00,58,F1,1,,,,,
2026-07-24,2026-07-24,CM,BSE,STK,514274,INE273D01027,VGL,B,,,,,VARVEE GLOBAL LIMITED,61.79,62.90,60.01,60.89,62.19,62.70,,61.18,,,4941,302075.00,142,F1,1,,,,,
2026-07-24,2026-07-24,CM,BSE,STK,514280,INE589J01015,SANTETX,X,,,,,SANRHEA TECHNICAL TEXTILES LTD,140.05,154.95,140.00,148.95,148.95,141.80,,148.95,,,219,31934.00,18,F1,1,,,,,
2026-07-24,2026-07-24,CM,BSE,STK,514286,INE440A01010,ASHIMASYN,B,,,,,ASHIMA LTD.,16.99,17.18,16.70,16.76,16.75,16.99,,16.84,,,10387,174633.00,54,F1,1,,,,,
2026-07-24,2026-07-24,CM,BSE,STK,514300,INE156C01018,PIONEEREMB,B,,,,,PIONEER EMBROIDERIES LTD.,21.90,21.90,21.62,21.62,21.62,21.90,,22.05,,,111,2427.00,2,F1,1,,,,,
2026-07-24,2026-07-24,CM,BSE,STK,514302,INE660D01017,VIPPYSP,X,,,,,VIPPY SPINPRO LTD.,164.35,174.40,160.30,164.95,164.95,165.15,,164.95,,,799,128299.00,4,F1,1,,,,,
2026-07-24,2026-07-24,CM,BSE,STK,514312,INE156E01014,JAIHIND,X,,,,,JAIHIND INDUSTRIES LIMITED,34.50,38.41,34.13,37.46,36.01,34.92,,37.46,,,2494,93756.00,24,F1,1,,,,,
2026-07-24,2026-07-24,CM,BSE,STK,514316,INE969C01022,RAGHUSYN,X,,,,,RAGHUVIR SYNTHETICS LTD.,97.05,101.65,97.05,99.80,98.00,97.50,,99.80,,,3137,313462.00,64,F1,1,,,,,
2026-07-24,2026-07-24,CM,BSE,STK,514318,INE722N01014,JATTAINDUS,X,,,,,JATTASHANKAR INDUSTIES LTD.,412.60,412.60,412.60,412.60,412.60,421.00,,412.60,,,1,412.00,1,F1,1,,,,,
2026-07-24,2026-07-24,CM,BSE,STK,514322,INE535C01013,KAMADGIRI,XT,,,,,KAMADGIRI FASHION LTD.,121.95,122.85,121.95,122.85,122.85,117.00,,122.85,,,546,66883.00,10,F1,1,,,,,
2026-07-24,2026-07-24,CM,BSE,STK,514324,INE814D01010,OMNITEX,XT,,,,,OMNITEX INDUSTRIES (INDIA) LTD,740.00,740.00,740.00,740.00,740.00,755.00,,740.00,,,10,7400.00,1,F1,1,,,,,
2026-07-24,2026-07-24,CM,BSE,STK,514326,INE790C01014,PATSPINLTD,X,,,,,PATSPIN INDIA LTD.,7.00,7.05,6.52,6.99,6.99,6.92,,6.99,,,7057,48924.00,11,F1,1,,,,,
2026-07-24,2026-07-24,CM,BSE,STK,514330,INE670O01013,ONEGLOBAL,X,,,,,ONE GLOBAL SERVICE PROVIDER LI,586.05,593.95,581.00,589.60,591.50,594.60,,589.60,,,5209,3058323.00,318,F1,1,,,,,
2026-07-24,2026-07-24,CM,BSE,STK,514332,INE216I01017,NEOINFRA,X,,,,,NEO INFRACON LTD.,49.89,49.89,40.00,43.55,43.55,44.70,,43.55,,,881,36991.00,45,F1,1,,,,,
2026-07-24,2026-07-24,CM,BSE,STK,514336,INE194N01016,CCME,XT,,,,,CCME GLOBAL LIMITED,114.00,118.85,114.00,117.90,117.90,114.00,,117.90,,,61245,7213563.00,106,F1,1,,,,,
2026-07-24,2026-07-24,CM,BSE,STK,514348,INE784B01035,WINSOME,Z,,,,,WINSOME YARNS LTD.,2.18,2.18,2.18,2.18,2.18,2.14,,2.35,,,3749,8172.00,5,F1,1,,,,,
2026-07-24,2026-07-24,CM,BSE,STK,514354,INE309M01020,PREMIERPOL,B,,,,,PREMIER POLYFILM LTD.,79.98,80.62,76.76,78.98,79.50,78.63,,79.29,,,15572,1221827.00,282,F1,1,,,,,
2026-07-24,2026-07-24,CM,BSE,STK,514358,INE339D01034,EVERFIN,X,,,,,EVERLON FINANCIALS LIMITED,117.00,117.00,100.00,104.50,108.00,103.00,,104.50,,,206,21956.00,17,F1,1,,,,,
2026-07-24,2026-07-24,CM,BSE,STK,514360,INE078T01026,KRRAIL,X,,,,,K&R RAIL ENGINEERING LIMITED,25.71,25.71,24.00,24.30,24.30,25.25,,24.30,,,50391,1234404.00,477,F1,1,,,,,
2026-07-24,2026-07-24,CM,BSE,STK,514378,INE564C01013,YARNSYN,X,,,,,YARN SYNDICATE LTD.,14.36,14.87,14.00,14.27,14.50,14.36,,14.27,,,3559,50447.00,31,F1,1,,,,,
2026-07-24,2026-07-24,CM,BSE,STK,514386,INE004C01028,GUJCOTEX,XT,,,,,GUJARAT COTEX LTD.,3.00,3.00,2.79,2.79,2.79,2.93,,2.79,,,278031,781817.00,255,F1,1,,,,,
2026-07-24,2026-07-24,CM,BSE,STK,514400,INE340D01016,GARWSYN,X,,,,,GARWARE SYNTHETICS LTD.,18.62,18.62,18.60,18.60,18.60,18.25,,18.60,,,1619,30113.00,6,F1,1,,,,,
2026-07-24,2026-07-24,CM,BSE,STK,514402,INE638N01012,ECOHOTELS,XT,,,,,ECO HOTELS AND RESORTS LIMITED,12.25,12.25,11.90,12.10,12.24,12.25,,12.10,,,1855,22693.00,18,F1,1,,,,,
2026-07-24,2026-07-24,CM,BSE,STK,514412,INE305D01019,SARUPINDUS,X,,,,,SARUP INDUSTRIES LTD.,123.45,123.55,123.45,123.55,123.55,117.70,,123.55,,,1500,185250.00,3,F1,1,,,,,
2026-07-24,2026-07-24,CM,BSE,STK,514414,INE114D01015,OXFORDIN,XT,,,,,OXFORD INDUSTRIES LTD.,6.86,6.86,6.86,6.86,6.86,7.22,,6.86,,,3592,24641.00,22,F1,1,,,,,
2026-07-24,2026-07-24,CM,BSE,STK,514418,INE370D01013,MANORG,T,,,,,MANGALAM ORGANICS LIMITED,529.90,530.00,520.00,530.00,530.00,532.00,,523.60,,,182,95650.00,9,F1,1,,,,,
2026-07-24,2026-07-24,CM,BSE,STK,514428,INE074C01013,HINDADH,X,,,,,HINDUSTAN ADHESIVES LTD.,272.95,272.95,257.00,257.65,263.95,264.45,,257.65,,,790,205188.00,43,F1,1,,,,,
2026-07-24,2026-07-24,CM,BSE,STK,514440,INE439N01031,BPAGRI,B,,,,,Blue Pearl Agriventures Limite,8.92,9.10,8.61,9.01,9.01,8.80,,9.01,,,13426,120045.00,125,F1,1,,,,,
2026-07-24,2026-07-24,CM,BSE,STK,514442,INE009C01019,SRIKPRIND,X,,,,,SRI KPR INDUSTRIES LTD.,20.88,20.95,19.73,20.93,20.01,20.88,,20.93,,,574,11530.00,17,F1,1,,,,,
2026-07-24,2026-07-24,CM,BSE,STK,514448,INE577D01013,JYOTIRES,B,,,,,JYOTI RESINS & ADHESIVES LTD.,935.60,945.00,860.05,927.15,931.00,940.30,,927.15,,,18618,16756118.00,1697,F1,1,,,,,
2026-07-24,2026-07-24,CM,BSE,STK,514450,INE112D01035,MHLXMIRU,B,,,,,MAHALAXMI RUBTECH LTD.,134.65,139.95,134.65,139.95,139.95,137.95,,139.58,,,1054,142805.00,18,F1,1,,,,,
2026-07-24,2026-07-24,CM,BSE,STK,514454,INE410M01018,SOUTLAT,XT,,,,,SOUTHERN LATEX LTD.,23.94,23.94,22.75,22.75,22.75,23.94,,22.75,,,100,2334.00,2,F1,1,,,,,
2026-07-24,2026-07-24,CM,BSE,STK,514470,INE837B01031,WINSOMTX,X,,,,,WINSOME TEXTILE INDUSTRIES LTD,91.52,93.89,91.00,91.59,91.59,92.90,,91.59,,,6315,580661.00,66,F1,1,,,,,
2026-07-24,2026-07-24,CM,BSE,STK,515008,INE219W01012,MODINSU,XT,,,,,MODERN INSULATORS LTD.,477.05,503.00,476.20,492.90,492.90,491.95,,492.90,,,26619,12956656.00,571,F1,1,,,,,
2026-07-24,2026-07-24,CM,BSE,STK,515018,INE277C01012,REGENCERAM,B,,,,,REGENCY CERAMICS LTD.,33.29,35.00,33.28,35.00,35.00,35.50,,33.95,,,996,33844.00,11,F1,1,,,,,
2026-07-24,2026-07-24,CM,BSE,STK,515030,INE439A01020,ASAHIINDIA,A,,,,,ASAHI INDIA GLASS LTD.,869.00,891.00,864.00,886.10,889.40,872.70,,888.20,,,4352,3812681.00,341,F1,1,,,,,
2026-07-24,2026-07-24,CM,BSE,STK,515037,INE692B01014,MURUDCERA,B,,,,,MURUDESHWAR CERAMICS LTD.,30.30,31.99,30.30,31.20,31.20,30.77,,30.42,,,64219,2008618.00,99,F1,1,,,,,
2026-07-24,2026-07-24,CM,BSE,STK,515043,INE068B01017,SEKURITIND,X,,,,,SAINT-GOBAIN SEKURIT INDIA LTD,131.30,134.70,130.60,131.95,132.60,133.00,,131.95,,,52478,6981609.00,471,F1,1,,,,,
2026-07-24,2026-07-24,CM,BSE,STK,515055,INE242C01024,ANANTRAJ,A,,,,,ANANT RAJ LIMITED,584.50,591.60,576.10,587.55,587.55,586.90,,586.55,,,121753,71217137.00,2422,F1,1,,,,,
2026-07-24,2026-07-24,CM,BSE,STK,515059,INE469C01023,MADHUDIN,X,,,,,MADHUSUDAN INDUSTRIES LTD.,38.00,38.00,35.35,38.00,38.00,38.00,,38.00,,,157,5588.00,9,F1,1,,,,,
2026-07-24,2026-07-24,CM,BSE,STK,515085,INE298E01022,RESTILE,X,,,,,RESTILE CERAMICS LTD.,6.70,7.06,6.52,6.89,6.89,6.73,,6.89,,,7536,51832.00,35,F1,1,,,,,
2026-07-24,2026-07-24,CM,BSE,STK,515093,INE925C01016,MADHAV,B,,,,,MADHAV MARBLES & GRANITES LTD.,34.00,34.00,30.65,33.85,33.85,34.01,,33.84,,,12724,407365.00,227,F1,1,,,,,
2026-07-24,2026-07-24,CM,BSE,STK,515147,INE506D01020,HALDYNGL,T,,,,,HALDYN GLASS LTD,119.05,123.30,116.20,121.35,119.10,120.25,,118.99,,,2136,255755.00,35,F1,1,,,,,
2026-07-24,2026-07-24,CM,BSE,STK,516003,INE932D01010,DUROPLY,X,,,,,DUROPLY INDUSTRIES LIMITED,102.65,104.50,102.65,103.80,104.50,104.00,,103.80,,,5408,558158.00,44,F1,1,,,,,
2026-07-24,2026-07-24,CM,BSE,STK,516016,INE231C01019,SHREYANIND,B,,,,,SHREYANS INDUSTRIES LTD.,140.80,141.00,137.05,137.75,137.75,137.80,,138.61,,,525,73954.00,174,F1,1,,,,,
2026-07-24,2026-07-24,CM,BSE,STK,516020,INE112C01011,AGIOPAPER,X,,,,,AGIO PAPER & INDUSTRIES LTD.,3.78,3.78,3.68,3.68,3.68,3.78,,3.68,,,749,2808.00,5,F1,1,,,,,
2026-07-24,2026-07-24,CM,BSE,STK,516022,INE733A01018,STARPAPER,B,,,,,STAR PAPER MILLS LTD.,151.35,152.00,144.55,148.75,148.75,149.10,,147.78,,,561,82371.00,30,F1,1,,,,,
2026-07-24,2026-07-24,CM,BSE,STK,516030,INE551D01018,PAKKA,B,,,,,PAKKA LIMITED,71.20,72.00,70.25,71.75,71.48,71.33,,71.52,,,1810,128843.00,93,F1,1,,,,,
2026-07-24,2026-07-24,CM,BSE,STK,516032,INE385D01029,TAHMARENT,XT,,,,,TAHMAR ENTERPRISES LIMITED,4.19,4.19,3.85,3.98,4.00,4.04,,3.98,,,9986,39326.00,38,F1,1,,,,,
2026-07-24,2026-07-24,CM,BSE,STK,516038,INE737E01011,KSSMART,X,,,,,KS Smart Technologies Limited,116.05,122.70,111.10,122.10,122.70,116.90,,122.10,,,18573,2103844.00,170,F1,1,,,,,
2026-07-24,2026-07-24,CM,BSE,STK,516062,INE497C01016,NATPLY,Z,,,,,NATIONAL PLYWOOD INDUSTRIES LT,2.57,2.57,2.57,2.57,2.57,2.52,,2.57,,,4083,10493.00,2,F1,1,,,,,
2026-07-24,2026-07-24,CM,BSE,STK,516064,INE570D01018,ARROWGREEN,T,,,,,Arrow Greentech Limited,691.10,710.00,683.10,710.00,710.00,714.50,,708.90,,,917,636512.00,42,F1,1,,,,,
2026-07-24,2026-07-24,CM,BSE,STK,516072,INE270I01022,VISHNU,B,,,,,VISHNU CHEMICALS LTD.,610.00,635.05,610.00,631.90,633.20,620.35,,632.40,,,5412,3383704.00,282,F1,1,,,,,
2026-07-24,2026-07-24,CM,BSE,STK,516078,INE699D01015,JUMBO,X,,,,,JUMBO BAG LTD.,69.95,69.95,64.70,64.92,64.92,67.27,,64.92,,,2086,137230.00,32,F1,1,,,,,
2026-07-24,2026-07-24,CM,BSE,STK,516082,INE740D01017,NRAIL,B,,,,,N.R.AGARWAL INDUSTRIES LTD.,499.00,531.20,497.10,509.90,515.00,487.65,,509.00,,,4110,2104602.00,338,F1,1,,,,,
2026-07-24,2026-07-24,CM,BSE,STK,516092,INE105C01023,3PLAND,B,,,,,3P LAND HOLDINGS LTD.,31.41,32.00,31.41,32.00,32.00,32.35,,31.57,,,6,189.00,2,F1,1,,,,,
2026-07-24,2026-07-24,CM,BSE,STK,516098,INE810C01044,VENTURA,X,,,,,VENTURA TEXTILES LTD.,8.35,8.55,8.10,8.46,8.46,8.40,,8.46,,,575,4802.00,12,F1,1,,,,,
2026-07-24,2026-07-24,CM,BSE,STK,516106,INE538D01015,SHKARTP,X,,,,,SHREE KARTHIK PAPERS LTD.,7.12,7.12,6.66,6.66,6.66,7.07,,6.66,,,948,6513.00,21,F1,1,,,,,
2026-07-24,2026-07-24,CM,BSE,STK,516108,INE088G01014,STHINPA,X,,,,,SOUTH INDIA PAPER MILLS LTD.,103.00,107.55,103.00,104.20,106.00,105.00,,104.20,,,2911,303224.00,30,F1,1,,,,,
2026-07-24,2026-07-24,CM,BSE,STK,516110,INE146N01016,FAMILYCARE,X,,,,,FAMILY CARE HOSPITALS LIMITED,2.74,2.94,2.70,2.72,2.70,2.73,,2.72,,,43473,119593.00,158,F1,1,,,,,
2026-07-24,2026-07-24,CM,BSE,STK,517015,INE707A01012,VINDHYATEL,B,,,,,VINDHYA TELELINKS LTD.,1837.75,1895.55,1812.00,1886.00,1876.60,1853.30,,1886.00,,,530,983443.00,166,F1,1,,,,,
2026-07-24,2026-07-24,CM,BSE,STK,517035,INE302D01024,RIR,B,,,,,RIR POWER ELECTRONICS LIMITED,156.65,158.50,155.20,157.55,157.15,157.70,,157.52,,,28626,4486572.00,880,F1,1,,,,,
2026-07-24,2026-07-24,CM,BSE,STK,517041,INE045A01017,ADOR,B,,,,,ADOR WELDING LTD.,1439.95,1500.00,1439.95,1489.30,1494.45,1462.00,,1493.50,,,1546,2272095.00,278,F1,1,,,,,
2026-07-24,2026-07-24,CM,BSE,STK,517059,INE457F01013,SALZERELEC,B,,,,,SALZER ELECTRONICS LTD.,577.80,586.00,573.00,576.75,576.75,579.15,,576.05,,,3634,2099233.00,307,F1,1,,,,,
2026-07-24,2026-07-24,CM,BSE,STK,517063,INE919C01019,JETKINGQ,X,,,,,JETKING INFOTRAIN LTD.,94.00,101.60,91.00,99.35,99.40,96.30,,99.35,,,313,30561.00,14,F1,1,,,,,
2026-07-24,2026-07-24,CM,BSE,STK,517096,INE273A01015,APLAB,XT,,,,,APLAB LTD.,86.97,86.97,80.06,84.50,84.50,84.27,,84.50,,,19120,1620855.00,55,F1,1,,,,,
2026-07-24,2026-07-24,CM,BSE,STK,517119,INE834B01012,PCS,X,,,,,PCS TECHNOLOGY LTD.,22.75,22.75,18.80,19.45,19.45,19.06,,19.45,,,2085,40761.00,38,F1,1,,,,,
2026-07-24,2026-07-24,CM,BSE,STK,517146,INE228A01035,USHAMART,A,,,,,USHA MARTIN LTD.,499.80,499.90,489.10,495.25,495.50,496.25,,495.70,,,13148,6525418.00,388,F1,1,,,,,
2026-07-24,2026-07-24,CM,BSE,STK,517166,INE252A01019,SPELS,X,,,,,SPEL SEMICONDUCTOR LTD.,152.00,156.00,150.30,153.70,153.70,152.35,,153.70,,,29076,4452551.00,699,F1,1,,,,,
2026-07-24,2026-07-24,CM,BSE,STK,517168,INE287B01021,SUBROS,B,,,,,SUBROS LTD.,765.50,787.10,759.25,784.60,782.50,775.55,,782.00,,,2817,2163106.00,123,F1,1,,,,,
2026-07-24,2026-07-24,CM,BSE,STK,517170,INE125G01014,EDVENSWA,XT,,,,,Edvenswa Enterprises Limited,22.52,23.00,21.89,22.01,22.95,22.52,,22.01,,,1625,35812.00,20,F1,1,,,,,
2026-07-24,2026-07-24,CM,BSE,STK,517172,INE443P01038,PERVASIVE,XT,,,,,Pervasive Commodities Limited,4.92,4.92,4.92,4.92,4.92,4.83,,4.92,,,111,546.00,1,F1,1,,,,,
2026-07-24,2026-07-24,CM,BSE,STK,517174,INE671A01010,HONAUT,A,,,,,HONEYWELL AUTOMATION INDIA LTD,37800.00,37820.00,37250.15,37481.05,37480.00,37840.95,,37350.00,,,1780,66436303.00,81,F1,1,,,,,
2026-07-24,2026-07-24,CM,BSE,STK,517201,INE311D01017,SWITCHTE,XT,,,,,SWITCHING TECHNOLOGIES GUNTHER,145.00,145.00,138.65,138.75,143.00,145.90,,138.75,,,1206,167329.00,24,F1,1,,,,,
2026-07-24,2026-07-24,CM,BSE,STK,517206,INE162B01018,LUMAXIND,B,,,,,LUMAX INDUSTRIES LTD.,5062.00,5159.35,5020.30,5133.35,5159.35,5098.90,,5141.50,,,381,1933238.00,56,F1,1,,,,,
2026-07-24,2026-07-24,CM,BSE,STK,517214,INE927C01020,DIGISPICE,T,,,,,DIGISPICE TECHNOLOGIES LIMITED,18.96,19.15,18.51,19.04,18.55,18.75,,18.97,,,10739,202937.00,15,F1,1,,,,,
2026-07-24,2026-07-24,CM,BSE,STK,517236,INE216C01010,CALCOM,X,,,,,CALCOM VISION LTD.,76.89,78.80,76.89,77.50,77.54,76.89,,77.50,,,232,17988.00,10,F1,1,,,,,
2026-07-24,2026-07-24,CM,BSE,STK,517238,INE083E01010,DYNAVSN,X,,,,,DYNAVISION LTD.,200.25,206.00,200.25,202.00,206.00,198.05,,202.00,,,334,67287.00,15,F1,1,,,,,
2026-07-24,2026-07-24,CM,BSE,STK,517246,INE788D01016,BCCFUBA,XT,,,,,BCC FUBA INDIA LTD.,215.00,228.00,207.55,208.70,208.70,218.45,,208.70,,,63313,14012992.00,557,F1,1,,,,,
2026-07-24,2026-07-24,CM,BSE,STK,517258,INE143C01024,PRECISIO,XT,,,,,PRECISION ELECTRONICS LTD.,212.00,215.95,212.00,215.80,215.95,205.70,,215.80,,,280,60083.00,13,F1,1,,,,,
2026-07-24,2026-07-24,CM,BSE,STK,517264,INE087E01011,FINELINE,XT,,,,,FINE-LINE CIRCUITS LTD.,69.82,69.82,66.33,69.77,69.77,69.82,,69.77,,,1929,130461.00,29,F1,1,,,,,
2026-07-24,2026-07-24,CM,BSE,STK,517271,INE292B01021,HBLENGINE,A,,,,,HBL ENGINEERING LIMITED,706.25,706.25,685.45,698.55,700.30,704.90,,698.60,,,49034,34089576.00,2139,F1,1,,,,,
2026-07-24,2026-07-24,CM,BSE,STK,517286,INE335Q01026,RNITAI,XT,,,,,RNIT AI SOLUTIONS LIMITED,61.97,63.00,58.88,59.42,59.89,61.97,,59.42,,,106001,6390336.00,293,F1,1,,,,,
2026-07-24,2026-07-24,CM,BSE,STK,517288,INE541F01022,GUJARATPOLY,XT,,,,,Gujarat Poly Electronics Limit,72.49,73.99,71.30,73.95,73.95,74.42,,73.95,,,2373,173237.00,20,F1,1,,,,,
2026-07-24,2026-07-24,CM,BSE,STK,517300,INE162A01010,GIPCL,B,,,,,GUJARAT INDUSTRIES POWER CO.LT,156.40,157.45,154.40,156.95,157.30,156.75,,157.22,,,5128,801227.00,119,F1,1,,,,,
2026-07-24,2026-07-24,CM,BSE,STK,517320,INE898E01011,MAGNUS,XT,,,,,MAGNUS STEEL AND INFRA LIMITED,54.63,54.64,54.63,54.64,54.64,52.04,,54.64,,,115417,6305873.00,490,F1,1,,,,,
2026-07-24,2026-07-24,CM,BSE,STK,517334,INE775A01035,MOTHERSON,A,,,,,Samvardhana Motherson Internat,144.65,146.65,143.00,145.55,145.55,145.40,,145.55,,,332601,48114495.00,2344,F1,1,,,,,
2026-07-24,2026-07-24,CM,BSE,STK,517336,INE834C01028,MODMA,P,,,,,MODERN MALLEABLES LTD.,48.70,51.80,46.93,46.93,46.93,49.40,,46.93,,,5600,263959.00,9,F1,100,,,,,
2026-07-24,2026-07-24,CM,BSE,STK,517344,INE110B01017,MINDTECK,B,,,,,MINDTECK (INDIA) LTD.,192.05,195.90,189.85,195.10,195.15,193.15,,195.04,,,4048,778636.00,147,F1,1,,,,,
2026-07-24,2026-07-24,CM,BSE,STK,517354,INE176B01034,HAVELLS,A,,,,,HAVELLS INDIA LTD.,1193.30,1239.00,1193.30,1226.80,1226.90,1209.75,,1226.90,,,71358,87100991.00,2804,F1,1,,,,,
2026-07-24,2026-07-24,CM,BSE,STK,517356,INE167B01025,ACIIN,X,,,,,ACI INFOCOM LTD.,1.63,1.63,1.48,1.50,1.50,1.63,,1.50,,,352706,529707.00,189,F1,1,,,,,
2026-07-24,2026-07-24,CM,BSE,STK,517360,INE689V01018,SBECSYS,X,,,,,SBEC SYSTEMS (INDIA) LTD.,20.30,20.30,19.30,19.75,19.75,19.95,,19.75,,,2611,50860.00,18,F1,1,,,,,
2026-07-24,2026-07-24,CM,BSE,STK,517370,INE437C01012,INCAP,XT,,,,,INCAP LTD.,91.00,95.50,91.00,95.50,95.50,91.00,,95.50,,,12,1101.00,3,F1,1,,,,,
2026-07-24,2026-07-24,CM,BSE,STK,517372,INE877E01015,GUJINTRX,X,,,,,GUJARAT INTRUX LTD.,430.10,435.80,427.00,435.10,435.80,430.10,,435.10,,,522,224706.00,46,F1,1,,,,,
2026-07-24,2026-07-24,CM,BSE,STK,517380,INE188B01013,IGARASHI,B,,,,,IGARASHI MOTORS INDIA LTD.,443.30,458.00,435.50,455.25,458.00,442.30,,456.05,,,5697,2561491.00,192,F1,1,,,,,
2026-07-24,2026-07-24,CM,BSE,STK,517385,INE225D01027,SYMPHONY,B,,,,,SYMPHONY LIMITED,679.80,682.35,669.65,676.60,675.00,679.30,,676.85,,,6708,4530414.00,1042,F1,1,,,,,
2026-07-24,2026-07-24,CM,BSE,STK,517393,INE043B01028,REGANTO,Z,,,,,REGANTO ENTERPRISES LIMITED,6.10,6.25,6.00,6.15,6.11,6.11,,6.15,,,111299,680672.00,159,F1,1,,,,,
2026-07-24,2026-07-24,CM,BSE,STK,517397,INE648E01010,PANELEC,X,,,,,PAN ELECTRONICS INDIA LTD.,23.50,26.73,23.50,26.49,26.49,24.54,,26.49,,,50,1313.00,7,F1,1,,,,,
2026-07-24,2026-07-24,CM,BSE,STK,517399,INE756A01019,VXLINSTR,XT,,,,,VXL INSTRUMENTS LTD.,3.85,3.85,3.61,3.85,3.85,3.79,,3.85,,,193,718.00,7,F1,1,,,,,
2026-07-24,2026-07-24,CM,BSE,STK,517411,INE635A01023,SHYAMTEL,T,,,,,SHYAM TELECOM LTD.,15.86,15.86,15.86,15.86,15.86,15.55,,15.87,,,805,12767.00,4,F1,1,,,,,
2026-07-24,2026-07-24,CM,BSE,STK,517415,INE791B01014,LEENEE,X,,,,,LEE & NEE SOFTWARES (EXPORTS),7.89,7.89,7.17,7.25,7.24,7.43,,7.25,,,9454,68774.00,44,F1,1,,,,,
2026-07-24,2026-07-24,CM,BSE,STK,517417,INE082C01024,PATELSAI,XT,,,,,PATELS AIRTEMP (INDIA) LTD.,333.30,334.95,322.15,328.30,329.85,331.65,,328.30,,,1700,559130.00,67,F1,1,,,,,
2026-07-24,2026-07-24,CM,BSE,STK,517421,INE295F01017,BUTTERFLY,B,,,,,BUTTERFLY GANDHIMATHI APPLIANC,748.00,761.10,733.00,760.60,760.60,751.35,,761.90,,,365,272475.00,56,F1,1,,,,,
2026-07-24,2026-07-24,CM,BSE,STK,517429,INE576B01019,ATHENAGLO,XT,,,,,Athena Global Technologies Lim,54.50,54.51,54.15,54.42,54.15,57.00,,54.42,,,2384,129857.00,14,F1,1,,,,,
2026-07-24,2026-07-24,CM,BSE,STK,517431,INE060D01028,NARMP,XT,,,,,NARMADA MACPLAST DRIP IRRIGATI,20.00,20.54,19.65,19.73,19.85,19.89,,19.73,,,11177,221508.00,52,F1,1,,,,,
2026-07-24,2026-07-24,CM,BSE,STK,517447,INE165B01029,RSSOFTWARE,T,,,,,R.S.SOFTWARE INDIA LTD.,31.27,31.50,31.27,31.50,31.50,31.90,,31.50,,,1872,58637.00,20,F1,1,,,,,
2026-07-24,2026-07-24,CM,BSE,STK,517449,INE437D01010,MAGNAELQ,XT,,,,,MAGNA ELECTRO CASTINGS LTD.,1194.00,1194.00,1086.00,1135.00,1135.00,1138.30,,1135.00,,,1060,1213513.00,34,F1,1,,,,,
2026-07-24,2026-07-24,CM,BSE,STK,517467,INE415B01044,MARSONS,B,,,,,MARSONS LIMITED,113.30,113.95,109.50,109.95,109.95,113.35,,109.92,,,114861,12825425.00,1030,F1,1,,,,,
2026-07-24,2026-07-24,CM,BSE,STK,517477,INE033C01019,ELNET,X,,,,,ELNET TECHNOLOGIES LTD.,324.00,324.00,314.05,323.85,323.85,318.60,,323.85,,,267,84866.00,14,F1,1,,,,,
2026-07-24,2026-07-24,CM,BSE,STK,517494,INE258C01038,ACCEL,X,,,,,ACCEL LIMITED,12.02,12.74,12.02,12.33,12.32,12.25,,12.33,,,14228,177674.00,61,F1,1,,,,,
2026-07-24,2026-07-24,CM,BSE,STK,517498,INE855C01023,WEBELSOLAR,A,,,,,WEBSOL ENERGY SYSTEM LTD.,99.35,100.35,98.00,99.70,99.70,100.10,,99.77,,,122020,12086065.00,754,F1,1,,,,,
2026-07-24,2026-07-24,CM,BSE,STK,517500,INE535D01037,ROTO,B,,,,,ROTO PUMPS LTD.,65.36,68.44,65.36,67.93,68.31,67.36,,68.08,,,21057,1397650.00,373,F1,1,,,,,
2026-07-24,2026-07-24,CM,BSE,STK,517506,INE690A01028,TTKPRESTIG,B,,,,,TTK PRESTIGE LTD.,638.05,645.60,631.55,643.25,643.25,645.45,,643.35,,,2180,1392467.00,165,F1,1,,,,,
2026-07-24,2026-07-24,CM,BSE,STK,517514,INE589D01018,DHINDIA,X,,,,,D&H INDIA LTD,242.50,244.95,233.90,234.75,234.75,240.95,,234.75,,,2408,569972.00,32,F1,1,,,,,
2026-07-24,2026-07-24,CM,BSE,STK,517522,INE451D01029,RAJRATAN,B,,,,,RAJRATAN GLOBAL WIRE LTD.,495.05,524.55,482.05,487.75,484.00,501.10,,488.30,,,35781,18119108.00,1185,F1,1,,,,,
2026-07-24,2026-07-24,CM,BSE,STK,517530,INE130B01031,SURANAT&P,B,,,,,SURANA TELECOM AND POWER LIMIT,18.27,18.45,18.10,18.33,18.30,18.15,,18.26,,,2754,50238.00,130,F1,1,,,,,
2026-07-24,2026-07-24,CM,BSE,STK,517536,INE229A01017,ONWARDTEC,B,,,,,ONWARD TECHNOLOGIES LTD.,290.45,293.60,288.00,290.50,290.00,292.00,,290.65,,,8555,2482220.00,174,F1,1,,,,,
2026-07-24,2026-07-24,CM,BSE,STK,517544,INE320B01020,CENTUM,B,,,,,CENTUM ELECTRONICS LTD.,3586.90,3650.00,3533.00,3596.95,3580.00,3566.00,,3593.90,,,1120,4030065.00,195,F1,1,,,,,
2026-07-24,2026-07-24,CM,BSE,STK,517546,INE209C01015,ALFATRAN,XT,,,,,ALFA TRANSFORMERS LTD.,39.90,40.40,38.56,39.87,39.87,39.90,,39.87,,,9281,360119.00,66,F1,1,,,,,
2026-07-24,2026-07-24,CM,BSE,STK,517554,INE141C01036,NHCFOODS,XT,,,,,NHC FOODS LTD.,1.06,1.06,1.00,1.02,1.03,1.04,,1.02,,,834030,852786.00,357,F1,1,,,,,
2026-07-24,2026-07-24,CM,BSE,STK,517556,INE362A01016,PVP,B,,,,,PVP VENTURES LTD.,27.77,28.01,27.17,27.55,27.55,27.90,,27.32,,,11576,320697.00,113,F1,1,,,,,
2026-07-24,2026-07-24,CM,BSE,STK,517562,INE948A01012,TRIGYN,B,,,,,TRIGYN TECHNOLOGIES LTD.,54.45,54.60,53.33,53.53,53.53,55.01,,54.46,,,1445,78518.00,23,F1,1,,,,,
2026-07-24,2026-07-24,CM,BSE,STK,517569,INE878B01027,KEI,A,,,,,KEI INDUSTRIES LTD.,4897.55,4897.55,4792.10,4869.60,4878.00,4895.85,,4868.00,,,5215,25251642.00,964,F1,1,,,,,
2026-07-24,2026-07-24,CM,BSE,STK,518011,INE145L01012,KEERTHI,X,,,,,KEERTHI INDUSTRIES LTD.,39.97,39.97,39.97,39.97,39.97,38.55,,39.97,,,100,3997.00,4,F1,1,,,,,
2026-07-24,2026-07-24,CM,BSE,STK,518053,INE827D01020,SRICC,X,,,,,Sri Chakra Cement Limited,30.51,32.50,30.51,32.01,32.45,30.98,,32.01,,,1977,62484.00,12,F1,1,,,,,
2026-07-24,2026-07-24,CM,BSE,STK,518075,INE069E01019,SURAJ,Z,,,,,SURAJ PRODUCTS LTD.,224.00,224.95,217.95,218.65,223.70,224.95,,218.65,,,503,111713.00,28,F1,1,,,,,
2026-07-24,2026-07-24,CM,BSE,STK,518091,INE071F01012,APCL,B,,,,,ANJANI PORTLAND CEMENT LTD.,102.10,103.55,100.25,100.40,100.40,102.10,,102.97,,,1015,102482.00,210,F1,1,,,,,
2026-07-24,2026-07-24,CM,BSE,STK,519003,INE537F01012,MODINATUR,T,,,,,MODI NATURALS LIMITED,438.75,438.75,419.00,422.95,422.95,417.95,,410.10,,,257,109210.00,19,F1,1,,,,,
2026-07-24,2026-07-24,CM,BSE,STK,519014,INE100E01012,PRSNTIN,X,,,,,PRASHANT INDIA LTD.,15.35,15.35,15.35,15.35,15.35,16.15,,15.35,,,5,76.00,1,F1,1,,,,,
2026-07-24,2026-07-24,CM,BSE,STK,519031,INE455D01012,SHAHFOOD,XT,,,,,SHAH FOODS LTD.,382.00,389.50,382.00,389.45,389.45,382.00,,389.45,,,1136,442219.00,19,F1,1,,,,,
2026-07-24,2026-07-24,CM,BSE,STK,519064,INE687W01010,ZKHANDEN,XT,,,,,KHANDELWAL EXTRACTION LTD.,163.00,163.00,163.00,163.00,163.00,171.00,,163.00,,,1,163.00,1,F1,1,,,,,
2026-07-24,2026-07-24,CM,BSE,STK,519091,INE488B01017,TASTYBITE,B,,,,,TASTY BITE EATABLES LTD.,9152.00,9200.00,8927.15,8943.95,8964.45,9234.85,,8996.00,,,75,680646.00,41,F1,1,,,,,
2026-07-24,2026-07-24,CM,BSE,STK,519097,INE534D01014,RITESHIN,X,,,,,RITESH INTERNATIONAL LTD.,80.30,82.30,77.06,80.00,80.00,80.13,,80.00,,,13337,1070054.00,122,F1,1,,,,,
2026-07-24,2026-07-24,CM,BSE,STK,519105,INE488D01021,AVTNPL,B,,,,,AVT NATURAL PRODUCTS LTD.,69.33,70.71,69.00,69.71,69.71,69.75,,70.02,,,3850,267222.00,61,F1,1,,,,,
2026-07-24,2026-07-24,CM,BSE,STK,519126,INE254N01026,HNDFDS,B,,,,,HINDUSTAN FOODS LTD.,565.90,580.00,563.00,577.85,580.00,568.75,,577.30,,,5712,3280618.00,311,F1,1,,,,,
2026-07-24,2026-07-24,CM,BSE,STK,519136,INE289A01011,NAHARINDUS,B,,,,,NAHAR INDUSTRIAL ENTERPRISES L,115.10,117.65,114.55,116.05,117.65,116.05,,116.57,,,2730,314936.00,68,F1,1,,,,,
2026-07-24,2026-07-24,CM,BSE,STK,519152,INE693D01018,VADILENT,X,,,,,VADILAL ENTERPRISES LTD.,9800.00,9810.00,9800.00,9810.00,9810.00,9800.00,,9810.00,,,65,637020.00,5,F1,1,,,,,
2026-07-24,2026-07-24,CM,BSE,STK,519156,INE694D01016,VADILALIND,B,,,,,VADILAL INDUSTRIES LTD.,6773.00,6773.00,6633.00,6692.35,6692.35,6724.15,,6710.50,,,175,1172334.00,68,F1,1,,,,,
2026-07-24,2026-07-24,CM,BSE,STK,519174,INE709D01012,ASHAI,XT,,,,,ASHIANA AGRO INDUSTRIES LTD.,11.02,11.57,11.00,11.00,11.00,11.02,,11.00,,,1289,14218.00,8,F1,1,,,,,
2026-07-24,2026-07-24,CM,BSE,STK,519183,INE982B01027,ADFFOODS,B,,,,,ADF FOODS LTD.,290.65,308.85,286.45,307.40,307.00,297.10,,307.05,,,16470,4818361.00,454,F1,1,,,,,
2026-07-24,2026-07-24,CM,BSE,STK,519191,INE601N01010,RGRL,Z,,,,,Retro Green Revolution Limited,1.47,1.47,1.36,1.44,1.44,1.42,,1.44,,,1429,2026.00,26,F1,1,,,,,
2026-07-24,2026-07-24,CM,BSE,STK,519214,INE188E01017,WILLIMFI,X,,,,,WILLIAMSON FINANCIAL SERVICES,8.02,8.02,8.02,8.02,8.02,8.44,,8.02,,,5,40.00,1,F1,1,,,,,
2026-07-24,2026-07-24,CM,BSE,STK,519216,INE601B01023,AJANTSOY,X,,,,,AJANTA SOYA LTD.,21.86,21.86,21.20,21.30,21.33,21.54,,21.30,,,8514,181415.00,107,F1,1,,,,,
2026-07-24,2026-07-24,CM,BSE,STK,519230,INE102C01020,KISAAN,X,,,,,KISAAN PARIVAR INDUSTRIES LIMI,11.81,11.99,11.58,11.77,11.71,11.80,,11.77,,,1851,21799.00,26,F1,1,,,,,
2026-07-24,2026-07-24,CM,BSE,STK,519234,INE843L01012,SIEL,X,,,,,SUPERIOR INDUSTRIAL ENTERPRISE,30.55,32.19,28.21,32.19,32.19,32.45,,32.19,,,371,10921.00,12,F1,1,,,,,
2026-07-24,2026-07-24,CM,BSE,STK,519238,INE233P01017,SPTRSHI,X,,,,,SAPTARISHI AGRO INDUSTRIES LTD,26.00,26.00,23.63,23.64,23.63,24.87,,23.64,,,1206,28525.00,21,F1,1,,,,,
2026-07-24,2026-07-24,CM,BSE,STK,519260,INE890C01046,SANWARIA,Z,,,,,SANWARIA CONSUMER LIMITED,0.49,0.49,0.49,0.49,0.49,0.49,,0.21,,,4104,2010.00,7,F1,1,,,,,
2026-07-24,2026-07-24,CM,BSE,STK,519262,INE297D01018,PRIMAGR,X,,,,,PRIMA AGRO LTD.,12.35,13.65,12.35,13.65,13.65,13.00,,13.65,,,692,8707.00,4,F1,1,,,,,
2026-07-24,2026-07-24,CM,BSE,STK,519285,INE906C01016,TARAI,Z,,,,,TARAI FOODS LTD.,4.12,4.31,4.12,4.12,4.12,4.11,,4.12,,,325,1339.00,4,F1,1,,,,,
2026-07-24,2026-07-24,CM,BSE,STK,519287,INE617B01011,MODAIRY,X,,,,,MODERN DAIRIES LTD.,30.01,30.89,29.40,30.20,30.28,29.94,,30.20,,,7119,213446.00,66,F1,1,,,,,
2026-07-24,2026-07-24,CM,BSE,STK,519295,INE921D01013,BAMBINO,X,,,,,BAMBINO AGRO INDUSTRIES LTD.,218.00,218.00,202.00,207.35,207.35,207.95,,207.35,,,1829,376292.00,40,F1,1,,,,,
2026-07-24,2026-07-24,CM,BSE,STK,519299,INE543F01028,PRIMIND,XT,,,,,PRIME INDUSTRIES LTD.,43.56,44.00,42.75,44.00,44.00,44.39,,44.00,,,802,34552.00,12,F1,1,,,,,
2026-07-24,2026-07-24,CM,BSE,STK,519307,INE706A01022,VIKASWSP,Z,,,,,VIKAS WSP LTD.,0.95,1.05,0.95,0.98,0.97,1.00,,0.98,,,19955,20201.00,36,F1,1,,,,,
2026-07-24,2026-07-24,CM,BSE,STK,519331,INE923K01014,VSFPROJ,X,,,,,VSF PROJECTS LTD.,34.99,36.49,32.95,35.29,36.49,34.99,,35.29,,,457,15647.00,24,F1,1,,,,,
2026-07-24,2026-07-24,CM,BSE,STK,519359,INE809E01018,POONADAL,X,,,,,POONA DAL & OIL INDUSTRIES LTD,64.00,64.00,60.00,63.43,63.43,61.15,,63.43,,,477,29090.00,22,F1,1,,,,,
2026-07-24,2026-07-24,CM,BSE,STK,519367,INE213P01027,TRANSFD,X,,,,,TRANSGLOBE FOODS LTD.,451.25,496.00,451.25,451.25,451.25,475.00,,451.25,,,75,34337.00,8,F1,1,,,,,
2026-07-24,2026-07-24,CM,BSE,STK,519383,INE087B01017,ANIKINDS,T,,,,,ANIK INDUSTRIES LTD.,41.00,41.50,41.00,41.00,41.00,41.66,,40.70,,,1422,58311.00,12,F1,1,,,,,
2026-07-24,2026-07-24,CM,BSE,STK,519397,INE220Z01013,SHINDL,B,,,,,SHARAT INDUSTRIES LTD.,161.75,162.20,158.00,158.45,158.45,163.35,,158.41,,,87775,13981626.00,162,F1,1,,,,,
2026-07-24,2026-07-24,CM,BSE,STK,519421,INE953E01022,KSE,X,,,,,KSE LTD.,194.90,196.35,188.30,192.05,193.90,193.80,,192.05,,,12389,2372062.00,269,F1,1,,,,,
2026-07-24,2026-07-24,CM,BSE,STK,519457,INE295C01014,VIRATCRA,X,,,,,VIRAT CRANE INDUSTRIES LTD.,37.00,38.99,36.31,37.85,38.00,38.57,,37.85,,,901,33190.00,14,F1,1,,,,,
2026-07-24,2026-07-24,CM,BSE,STK,519463,INE678B01039,IBINFO,XT,,,,,IB INFOTECH ENTERPRISES LTD.,54.00,54.00,51.92,51.92,51.92,54.65,,51.92,,,1466,76863.00,43,F1,1,,,,,
2026-07-24,2026-07-24,CM,BSE,STK,519471,INE072V01017,AMBARPIL,X,,,,,Ambar Protein Industries Limit,185.00,188.00,182.00,188.00,188.00,194.00,,188.00,,,119,21941.00,10,F1,1,,,,,
2026-07-24,2026-07-24,CM,BSE,STK,519475,INE975C01011,CHORDIA,X,,,,,CHORDIA FOOD PRODUCTS LTD.,70.00,70.00,70.00,70.00,70.00,70.01,,70.00,,,50,3500.00,1,F1,1,,,,,
2026-07-24,2026-07-24,CM,BSE,STK,519477,INE052V01019,CIANAGRO,T,,,,,CIAN Agro Ind & Infra Ltd,1490.00,1501.00,1460.00,1496.30,1496.30,1497.00,,1496.30,,,23736,35259888.00,1303,F1,1,,,,,
2026-07-24,2026-07-24,CM,BSE,STK,519479,INE112B01013,OMEAG,X,,,,,OMEGA AG-SEEDS (PUNJAB) LTD.,9.40,9.40,9.40,9.40,9.40,9.40,,9.40,,,133,1250.00,6,F1,1,,,,,
2026-07-24,2026-07-24,CM,BSE,STK,519483,INE358D01018,TAIIND,XT,,,,,TAI INDUSTRIES LTD.,21.04,22.03,21.04,22.03,22.03,22.14,,22.03,,,544,11971.00,6,F1,1,,,,,
2026-07-24,2026-07-24,CM,BSE,STK,519494,INE542C01019,NKIND,B,,,,,N.K.INDUSTRIES LTD.,54.64,60.00,54.64,57.75,55.50,54.64,,59.70,,,179,9805.00,22,F1,1,,,,,
2026-07-24,2026-07-24,CM,BSE,STK,519500,INE356C01022,BKV,X,,,,,BKV INDUSTRIES LTD.,9.50,9.87,9.50,9.82,9.82,9.69,,9.82,,,135,1283.00,6,F1,1,,,,,
2026-07-24,2026-07-24,CM,BSE,STK,519528,INE369C01017,NORBTEAEXP,B,,,,,NORBEN TEA & EXPORTS LTD.,72.10,72.10,69.40,69.40,69.40,68.67,,69.40,,,3,210.00,3,F1,1,,,,,
2026-07-24,2026-07-24,CM,BSE,STK,519532,INE822B01017,ASIANTNE,X,,,,,ASIAN TEA & EXPORTS LTD.,8.98,9.00,8.00,8.67,8.67,8.89,,8.67,,,60615,528117.00,118,F1,1,,,,,
2026-07-24,2026-07-24,CM,BSE,STK,519552,INE978A01027,HERITGFOOD,B,,,,,HERITAGE FOODS LIMITED,325.75,337.15,325.60,335.10,335.05,329.90,,335.30,,,18228,6038255.00,352,F1,1,,,,,
2026-07-24,2026-07-24,CM,BSE,STK,519566,INE354D01017,SIMRAN,X,,,,,SIMRAN FARMS LTD.,154.65,159.00,148.15,151.90,150.30,151.30,,151.90,,,10322,1571197.00,87,F1,1,,,,,
2026-07-24,2026-07-24,CM,BSE,STK,519574,INE092301014,HINDUST,X,,,,,HINDUSTAN AGRIGENETICS LTD.,42.00,42.00,40.00,40.11,40.90,40.73,,40.11,,,883,36146.00,27,F1,1,,,,,
2026-07-24,2026-07-24,CM,BSE,STK,519600,INE421D01022,CCL,A,,,,,CCL PRODUCTS (INDIA) LTD.,1173.05,1198.90,1166.05,1182.55,1198.80,1184.25,,1183.60,,,4421,5197306.00,487,F1,1,,,,,
2026-07-24,2026-07-24,CM,BSE,STK,519602,INE164B01030,KELLTONTEC,B,,,,,KELLTON TECH SOLUTIONS LTD.,14.46,14.51,14.06,14.12,14.12,14.37,,14.09,,,211580,3002350.00,723,F1,1,,,,,
2026-07-24,2026-07-24,CM,BSE,STK,519606,INE177M01013,INTEGFD,XT,,,,,INTEGRATED PROTEINS LTD.,140.90,143.90,133.95,143.85,143.50,141.00,,143.85,,,1434,201814.00,29,F1,1,,,,,
2026-07-24,2026-07-24,CM,BSE,STK,519612,INE734D01010,LAKESHORE,X,,,,,LAKE SHORE REALTY LIMITED,75.00,75.00,72.00,73.40,73.84,73.85,,73.40,,,587,42665.00,20,F1,1,,,,,
2026-07-24,2026-07-24,CM,BSE,STK,520008,INE209B01025,RICOAUTO,B,,,,,RICO AUTO INDUSTRIES LTD.,134.00,141.75,132.15,139.15,139.15,135.70,,139.07,,,164980,22843320.00,2517,F1,1,,,,,
2026-07-24,2026-07-24,CM,BSE,STK,520021,INE090B01011,OMAXAUTO,T,,,,,OMAX AUTOS LTD.,224.00,232.05,218.15,228.60,229.50,223.20,,226.59,,,3651,822441.00,79,F1,1,,,,,
2026-07-24,2026-07-24,CM,BSE,STK,520043,INE577A01027,MUNJALSHOW,B,,,,,MUNJAL SHOWA LTD.,136.10,136.35,134.10,136.35,136.35,135.90,,135.82,,,689,92941.00,31,F1,1,,,,,
2026-07-24,2026-07-24,CM,BSE,STK,520051,INE039C01032,JAMNAAUTO,A,,,,,JAMNA AUTO INDUSTRIES LTD.,130.55,133.20,127.95,132.60,132.85,130.95,,132.67,,,105695,13733792.00,1275,F1,1,,,,,
2026-07-24,2026-07-24,CM,BSE,STK,520056,INE105A01035,TVSHLTD,A,,,,,TVS Holdings Limited,14714.05,14770.00,14449.05,14621.20,14650.00,14801.60,,14633.00,,,452,6578316.00,109,F1,1,,,,,
2026-07-24,2026-07-24,CM,BSE,STK,520057,INE643A01035,JTEKTINDIA,B,,,,,JTEKT India Ltd,131.90,132.65,129.00,131.60,131.70,131.15,,131.62,,,9043,1177191.00,99,F1,1,,,,,
2026-07-24,2026-07-24,CM,BSE,STK,520059,INE672B01032,MUNJALAU,B,,,,,MUNJAL AUTO INDUSTRIES LTD.,99.40,100.49,98.15,99.93,99.50,101.23,,99.77,,,12642,1251507.00,227,F1,1,,,,,
2026-07-24,2026-07-24,CM,BSE,STK,520066,INE571B01036,JAYBARMARU,B,,,,,JAY BHARAT MARUTI LTD.,151.90,165.05,151.90,161.40,162.05,159.85,,161.36,,,161492,25055405.00,1254,F1,1,,,,,
2026-07-24,2026-07-24,CM,BSE,STK,520073,INE704B01017,RACLGEAR,B,,,,,RACL Geartech Limited,1313.85,1321.50,1284.75,1317.60,1312.30,1324.80,,1315.50,,,733,955805.00,96,F1,1,,,,,
2026-07-24,2026-07-24,CM,BSE,STK,520075,INE706B01012,SAMKRG,X,,,,,SAMKRG PISTONS & RINGS LTD.,120.40,121.00,118.50,118.85,118.85,120.35,,118.85,,,2525,304513.00,18,F1,1,,,,,
2026-07-24,2026-07-24,CM,BSE,STK,520086,INE075B01020,SICALLOG,B,,,,,SICAL LOGISTICS LTD.,96.00,97.95,94.00,97.53,97.30,97.67,,97.08,,,870,84245.00,155,F1,1,,,,,
2026-07-24,2026-07-24,CM,BSE,STK,520111,INE703B01027,RATNAMANI,A,,,,,RATNAMANI METALS & TUBES LTD.,2392.80,2441.40,2390.00,2399.40,2402.65,2424.30,,2394.60,,,1895,4550958.00,265,F1,1,,,,,
2026-07-24,2026-07-24,CM,BSE,STK,520113,INE386A01023,VESUVIUS,A,,,,,VESUVIUS INDIA LTD.,444.00,453.90,442.00,452.60,453.00,447.00,,452.30,,,1043,468890.00,95,F1,1,,,,,
2026-07-24,2026-07-24,CM,BSE,STK,520119,INE900C01027,ASAL,B,,,,,AUTOMOTIVE STAMPINGS & ASSEMBL,545.00,554.60,504.75,509.00,508.75,545.00,,508.75,,,10278,5381343.00,534,F1,1,,,,,
2026-07-24,2026-07-24,CM,BSE,STK,520123,INE125D01011,ABCINDQ,X,,,,,ABC INDIA LTD.,68.00,68.00,66.30,66.30,66.30,64.34,,66.30,,,6,400.00,3,F1,1,,,,,
2026-07-24,2026-07-24,CM,BSE,STK,520127,INE654B01014,BALTE,X,,,,,BALURGHAT TECHNOLOGIES LTD.,11.83,12.00,11.78,11.89,12.00,11.83,,11.89,,,2517,30019.00,14,F1,1,,,,,
2026-07-24,2026-07-24,CM,BSE,STK,520131,INE229E01019,COARO,P,,,,,COASTAL ROADWAYS LTD.,30.92,30.92,30.92,30.92,30.92,29.45,,30.92,,,100,3092.00,1,F1,100,,,,,
2026-07-24,2026-07-24,CM,BSE,STK,520141,INE441C01014,SIBARAUT,X,,,,,SIBAR AUTO PARTS LTD.,7.99,7.99,7.90,7.96,7.96,7.71,,7.96,,,1394,11093.00,20,F1,1,,,,,
2026-07-24,2026-07-24,CM,BSE,STK,520151,INE757B01015,TRANSWORLD,T,,,,,TRANSWORLD SHIPPING LINES LIMI,156.00,157.85,154.05,157.85,157.85,161.95,,158.86,,,21,3260.00,3,F1,1,,,,,
2026-07-24,2026-07-24,CM,BSE,STK,520155,INE580C01019,STARLOG,X,,,,,Starlog Enterprises Limited,39.08,39.79,37.42,39.29,37.82,39.08,,39.29,,,2083,81492.00,21,F1,1,,,,,
2026-07-24,2026-07-24,CM,BSE,STK,521005,INE807M01031,TITANIN,X,,,,,TITAN INTECH LIMITED,1.03,1.08,1.03,1.04,1.04,1.03,,1.04,,,6729219,7120881.00,1303,F1,1,,,,,
2026-07-24,2026-07-24,CM,BSE,STK,521014,INE022C01012,EUROTEXIND,T,,,,,EUROTEX INDUSTRIES & EXPORTS L,12.80,12.86,12.80,12.83,12.80,12.85,,12.49,,,335,4294.00,3,F1,1,,,,,
2026-07-24,2026-07-24,CM,BSE,STK,521016,INE483B01026,ICIL,A,,,,,INDO COUNT INDUSTRIES LTD.,397.90,407.55,388.40,403.60,404.00,397.90,,403.45,,,11451,4563431.00,493,F1,1,,,,,
2026-07-24,2026-07-24,CM,BSE,STK,521034,INE314C01013,SOMATEX,B,,,,,SOMA TEXTILES & INDUSTRIES LTD,100.00,100.00,100.00,100.00,100.00,100.71,,100.93,,,233,23300.00,1,F1,1,,,,,
2026-07-24,2026-07-24,CM,BSE,STK,521036,INE695C01015,SOURCEIND,XT,,,,,SOURCE INDUSTRIES (INDIA) LTD.,28.19,28.19,28.19,28.19,28.19,27.64,,28.19,,,300,8457.00,1,F1,1,,,,,
2026-07-24,2026-07-24,CM,BSE,STK,521048,INE900E01015,ADVLIFE,X,,,,,ADVANCE LIFESTYLES LTD.,30.90,30.90,30.90,30.90,30.90,31.26,,30.90,,,7,216.00,1,F1,1,,,,,
2026-07-24,2026-07-24,CM,BSE,STK,521062,INE814L01013,OCTAVE,X,,,,,PERFECT-OCTAVE MEDIA PROJECTS,3.90,3.94,3.71,3.93,3.92,3.90,,3.93,,,1097,4192.00,16,F1,1,,,,,
2026-07-24,2026-07-24,CM,BSE,STK,521064,INE064C01022,TRIDENT,A,,,,,TRIDENT LTD.,25.07,25.24,24.69,25.13,25.13,25.20,,25.12,,,577901,14417472.00,2405,F1,1,,,,,
2026-07-24,2026-07-24,CM,BSE,STK,521068,INE689E01014,HISARSP,P,,,,,HISAR SPINNING MILLS LTD.,41.00,41.00,40.51,40.88,40.51,40.51,,40.88,,,400,16351.00,2,F1,100,,,,,
2026-07-24,2026-07-24,CM,BSE,STK,521070,INE270A01029,ALOKINDS,A,,,,,ALOK INDUSTRIES LTD.,11.99,12.14,11.92,12.08,12.08,12.03,,12.07,,,343311,4131715.00,975,F1,1,,,,,
2026-07-24,2026-07-24,CM,BSE,STK,521080,INE604F01010,PASARI,X,,,,,PASARI SPINNING MILLS LTD.,6.90,6.91,6.90,6.91,6.91,6.96,,6.91,,,11,76.00,2,F1,1,,,,,
2026-07-24,2026-07-24,CM,BSE,STK,521097,INE484D01012,AMARJOTHI,X,,,,,AMARJOTHI SPINNING MILLS LTD.,178.15,180.85,176.05,180.80,180.80,180.10,,180.80,,,1057,188333.00,29,F1,1,,,,,
2026-07-24,2026-07-24,CM,BSE,STK,521105,INE482O01021,OLYMPTX,X,,,,,OLYMPIA INDUSTRIES LTD.,28.00,30.69,28.00,29.39,29.39,28.60,,29.39,,,40,1179.00,12,F1,1,,,,,
2026-07-24,2026-07-24,CM,BSE,STK,521109,INE123B01028,NAGREEKEXP,B,,,,,NAGREEKA EXPORTS LTD.,22.50,24.42,22.00,23.25,23.25,23.09,,23.14,,,2057,47287.00,38,F1,1,,,,,
2026-07-24,2026-07-24,CM,BSE,STK,521113,INE691D01012,SUDTIND-B,X,,,,,SUDITI INDUSTRIES LTD.,83.75,83.75,75.40,78.01,78.00,78.79,,78.01,,,2814,219236.00,44,F1,1,,,,,
2026-07-24,2026-07-24,CM,BSE,STK,521131,INE363D01018,SBFL,X,,,,,Shree Bhavya Fabrics Limited,24.44,24.44,22.50,24.12,24.25,24.44,,24.12,,,1120,26043.00,19,F1,1,,,,,
2026-07-24,2026-07-24,CM,BSE,STK,521137,INE958A01011,EUREKAI,XT,,,,,EUREKA INDUSTRIES LTD.,9.60,9.60,9.60,9.60,9.60,10.10,,9.60,,,5935,56976.00,32,F1,1,,,,,
2026-07-24,2026-07-24,CM,BSE,STK,521141,INE122D01026,ADITYASP,X,,,,,ADITYA SPINNERS LTD.,15.96,16.00,15.70,15.94,15.94,15.81,,15.94,,,404,6377.00,14,F1,1,,,,,
2026-07-24,2026-07-24,CM,BSE,STK,521149,INE419E01024,PRIMEURB,X,,,,,PRIME URBAN DEVELOPMENT INDIA,8.35,8.89,7.62,7.91,7.98,8.52,,7.91,,,11903,94263.00,46,F1,1,,,,,
2026-07-24,2026-07-24,CM,BSE,STK,521151,INE953D01016,DHANFAB,X,,,,,DHANLAXMI FABRICS LTD.,49.00,49.00,49.00,49.00,49.00,49.00,,49.00,,,1,49.00,1,F1,1,,,,,
2026-07-24,2026-07-24,CM,BSE,STK,521161,INE456D01010,SLSTLQ,X,,,,,SRI LAKSHMI SARASWATHI TEXTILE,30.50,30.50,30.50,30.50,30.50,30.40,,30.50,,,250,7625.00,7,F1,1,,,,,
2026-07-24,2026-07-24,CM,BSE,STK,521163,INE206B01013,ZODIACLOTH,B,,,,,ZODIAC CLOTHING CO.LTD.,76.02,76.34,74.55,76.16,76.34,77.00,,75.88,,,202,15378.00,8,F1,1,,,,,
2026-07-24,2026-07-24,CM,BSE,STK,521167,INE485D01043,MAXGROW,XT,,,,,MAXGROW INDIA LIMITED,85.24,85.24,85.24,85.24,85.24,81.19,,85.24,,,2269,193409.00,29,F1,1,,,,,
2026-07-24,2026-07-24,CM,BSE,STK,521178,INE306D01017,SRMCL,XT,,,,,SRI RAMAKRISHNA MILLS (COIMBAT,58.75,58.75,54.75,57.64,57.85,56.61,,57.64,,,2406,137834.00,33,F1,1,,,,,
2026-07-24,2026-07-24,CM,BSE,STK,521180,INE662A01027,SUPERSPIN,T,,,,,SUPER SPINNING MILLS LTD.,5.30,5.30,5.30,5.30,5.30,5.20,,5.40,,,10600,56180.00,3,F1,1,,,,,
2026-07-24,2026-07-24,CM,BSE,STK,521194,INE923A01015,SILINV,B,,,,,SIL INVESTMENTS LTD.,415.00,416.00,413.15,415.00,415.00,421.00,,414.95,,,160,66541.00,18,F1,1,,,,,
2026-07-24,2026-07-24,CM,BSE,STK,521200,INE713B01026,SURYALAXMI,B,,,,,SURYALAKSHMI COTTON MILLS LTD.,55.07,57.00,55.07,57.00,57.00,57.44,,57.50,,,59,3330.00,7,F1,1,,,,,
2026-07-24,2026-07-24,CM,BSE,STK,521206,INE931D01020,SAMTEX,X,,,,,SAMTEX FASHIONS LTD.,1.48,1.54,1.40,1.52,1.52,1.46,,1.52,,,20172,29697.00,39,F1,1,,,,,
2026-07-24,2026-07-24,CM,BSE,STK,521210,INE117C01010,CITYMAN,X,,,,,CITYMAN LTD.,16.13,16.13,16.13,16.13,16.13,15.37,,16.13,,,1,16.00,1,F1,1,,,,,
2026-07-24,2026-07-24,CM,BSE,STK,521216,INE220C01012,DHANROTO,X,,,,,DHANALAXMI ROTO SPINNERS LTD.,75.95,75.95,72.00,73.38,73.10,72.88,,73.38,,,1642,123994.00,16,F1,1,,,,,
2026-07-24,2026-07-24,CM,BSE,STK,521222,INE602D01027,SANBLUE,XT,,,,,SANBLUE CORPORATION LTD.,29.45,29.45,29.45,29.45,29.45,30.98,,29.45,,,40,1178.00,1,F1,1,,,,,
2026-07-24,2026-07-24,CM,BSE,STK,521228,INE083G01031,TATIAGLOB,X,,,,,TATIA GLOBAL VENNTURE LTD.,2.41,2.43,2.37,2.38,2.41,2.40,,2.38,,,34164,81649.00,102,F1,1,,,,,
2026-07-24,2026-07-24,CM,BSE,STK,521232,INE124M01015,SUNILTX,P,,,,,SUNIL INDUSTRIES LTD.,82.18,82.18,82.18,82.18,82.18,86.50,,82.18,,,100,8218.00,1,F1,100,,,,,
2026-07-24,2026-07-24,CM,BSE,STK,521234,INE443E01016,SRINACHA,X,,,,,SRI NACHAMMAI COTTON MILLS LTD,27.50,27.50,25.17,25.50,25.50,27.96,,25.50,,,3422,87442.00,35,F1,1,,,,,
2026-07-24,2026-07-24,CM,BSE,STK,521238,INE893C01032,BGDL,B,,,,,BHARAT GLOBAL DEVELOPERS LIMIT,87.00,89.99,87.00,89.77,89.95,88.51,,89.77,,,7930,700519.00,194,F1,1,,,,,
2026-07-24,2026-07-24,CM,BSE,STK,521244,INE676G01024,MKPMOB,X,,,,,MKP Mobility Limited,149.60,149.60,135.40,142.50,142.50,142.50,,142.50,,,78,11004.00,15,F1,1,,,,,
2026-07-24,2026-07-24,CM,BSE,STK,521246,INE162C01024,PARASPETRO,B,,,,,PARAS PETROFILS LTD.,2.05,2.05,1.97,2.00,1.99,1.99,,1.99,,,9417,18849.00,39,F1,1,,,,,
2026-07-24,2026-07-24,CM,BSE,STK,521248,INE602G01020,KITEX,A,,,,,KITEX GARMENTS LTD.,143.65,147.70,142.90,146.85,147.00,144.25,,147.02,,,44201,6420816.00,667,F1,1,,,,,
2026-07-24,2026-07-24,CM,BSE,STK,522001,INE608B01010,CRANEX,XT,,,,,CRANEX LTD.,91.55,91.55,87.75,90.00,90.00,92.00,,90.00,,,1859,166610.00,30,F1,1,,,,,
2026-07-24,2026-07-24,CM,BSE,STK,522004,INE177C01022,BATLIBOI,B,,,,,BATLIBOI LTD.,85.50,87.49,84.00,84.61,84.61,87.09,,84.90,,,3017,258840.00,127,F1,1,,,,,
2026-07-24,2026-07-24,CM,BSE,STK,522005,INE759F01012,AUSTENG,X,,,,,AUSTIN ENGINEERING CO.LTD.,169.65,169.65,161.00,161.50,161.00,166.60,,161.50,,,1217,196779.00,29,F1,1,,,,,
2026-07-24,2026-07-24,CM,BSE,STK,522014,INE961D01019,UNIDT,T,,,,,UNITED DRILLING TOOLS LTD.,232.25,232.25,232.00,232.00,232.00,223.85,,223.73,,,2,464.00,2,F1,1,,,,,
2026-07-24,2026-07-24,CM,BSE,STK,522017,INE459C01016,FLUIDOM,X,,,,,FLUIDOMAT LTD.,915.00,922.00,868.85,899.35,900.00,924.25,,899.35,,,8078,7278291.00,286,F1,1,,,,,
2026-07-24,2026-07-24,CM,BSE,STK,522027,INE279D01016,EMAINDIA,XT,,,,,EMA INDIA LTD.,745.80,745.80,745.80,745.80,745.80,761.00,,745.80,,,32,23865.00,5,F1,1,,,,,
2026-07-24,2026-07-24,CM,BSE,STK,522029,INE052A01021,WINDMACHIN,B,,,,,WINDSOR MACHINES LTD.,289.15,293.55,284.35,292.05,292.05,290.60,,292.20,,,1910,547937.00,44,F1,1,,,,,
2026-07-24,2026-07-24,CM,BSE,STK,522034,INE631A01022,SHANTIGEAR,B,,,,,SHANTHI GEARS LTD.,420.00,424.60,414.00,420.00,418.00,413.40,,420.00,,,249,104364.00,52,F1,1,,,,,
2026-07-24,2026-07-24,CM,BSE,STK,522036,INE338P01014,MIVENMACH,X,,,,,MIVEN MACHINE TOOLS LTD.,79.19,79.19,79.19,79.19,79.19,75.42,,79.19,,,4,316.00,1,F1,1,,,,,
2026-07-24,2026-07-24,CM,BSE,STK,522064,INE634A01018,HONDAPOWER,B,,,,,HONDA INDIA POWER PRODUCTS LIM,2089.00,2104.45,2070.00,2104.45,2104.45,2089.35,,2089.30,,,63,131117.00,17,F1,1,,,,,
2026-07-24,2026-07-24,CM,BSE,STK,522073,INE127B01011,HITECHGEAR,T,,,,,The Hi-Tech Gears Ltd,582.00,582.00,572.10,572.10,572.10,595.00,,588.05,,,126,72332.00,3,F1,1,,,,,
2026-07-24,2026-07-24,CM,BSE,STK,522074,INE285A01027,ELGIEQUIP,A,,,,,ELGI EQUIPMENTS LTD.,585.95,585.95,569.00,577.85,577.85,585.95,,577.30,,,61006,35027943.00,451,F1,1,,,,,
2026-07-24,2026-07-24,CM,BSE,STK,522091,INE890G01047,UVDRHOR,XT,,,,,UNITED VAN DER HORST LTD.,38.86,38.86,35.20,37.35,37.35,37.05,,37.35,,,8174,293713.00,80,F1,1,,,,,
2026-07-24,2026-07-24,CM,BSE,STK,522101,INE338F01015,KLBRENG-B,B,,,,,KILBURN ENGINEERING LTD.,437.45,441.90,434.00,438.75,439.00,436.75,,439.50,,,2707,1181759.00,125,F1,1,,,,,
2026-07-24,2026-07-24,CM,BSE,STK,522105,INE372E01025,BIRLAPREC,B,,,,,BIRLA PRECISION TECHNOLOGIES L,34.57,34.57,33.62,34.00,34.00,34.24,,34.12,,,3250,111069.00,47,F1,1,,,,,
2026-07-24,2026-07-24,CM,BSE,STK,522108,INE384C01016,YUKEN,B,,,,,YUKEN INDIA LTD.,703.80,715.30,703.80,715.30,715.30,706.35,,708.40,,,7,4984.00,2,F1,1,,,,,
2026-07-24,2026-07-24,CM,BSE,STK,522113,INE325A01013,TIMKEN,A,,,,,TIMKEN INDIA LTD.,3088.00,3160.00,3053.00,3127.70,3120.20,3086.75,,3127.00,,,4060,12661777.00,724,F1,1,,,,,
2026-07-24,2026-07-24,CM,BSE,STK,522122,INE285C01015,VOITHPAPR,X,,,,,VOITH PAPER FABRICS INDIA LTD.,1445.05,1450.00,1440.00,1441.20,1441.95,1445.00,,1441.20,,,790,1138537.00,33,F1,1,,,,,
2026-07-24,2026-07-24,CM,BSE,STK,522134,INE133D01023,ARTSON,XT,,,,,ARTSON LIMITED,150.00,152.00,145.05,149.15,148.00,150.00,,149.15,,,4249,632627.00,23,F1,1,,,,,
2026-07-24,2026-07-24,CM,BSE,STK,522152,INE410A01013,SOLIMAC,X,,,,,SOLITAIRE MACHINE TOOLS LTD.,90.26,95.00,88.30,93.97,95.00,90.26,,93.97,,,1560,146405.00,23,F1,1,,,,,
2026-07-24,2026-07-24,CM,BSE,STK,522163,INE989C01038,DIACABS,B,,,,,DIAMOND POWER INFRASTRUCTURE L,265.30,298.90,263.55,295.25,295.25,273.95,,295.15,,,836684,235118575.00,9079,F1,1,,,,,
2026-07-24,2026-07-24,CM,BSE,STK,522165,INE867D01018,INDSILHYD,X,,,,,INDSIL HYDRO POWER AND MANGANE,37.29,38.35,36.70,38.12,38.12,36.93,,38.12,,,7851,297326.00,37,F1,1,,,,,
2026-07-24,2026-07-24,CM,BSE,STK,522183,INE478D01014,ITL,X,,,,,ITL INDUSTRIES LTD.,295.00,295.00,280.00,285.70,287.00,287.50,,285.70,,,566,160342.00,36,F1,1,,,,,
2026-07-24,2026-07-24,CM,BSE,STK,522195,INE572D01014,FRONTSP,B,,,,,FRONTIER SPRINGS LTD.,1346.90,1360.10,1307.95,1331.00,1321.00,1350.80,,1329.00,,,6264,8337725.00,675,F1,1,,,,,
2026-07-24,2026-07-24,CM,BSE,STK,522205,INE074A01025,PRAJIND,A,,,,,PRAJ INDUSTRIES LTD.,322.00,326.00,315.00,323.50,323.50,322.65,,323.50,,,241385,78072236.00,1470,F1,1,,,,,
2026-07-24,2026-07-24,CM,BSE,STK,522207,INE682D01011,RASANDIK,X,,,,,RASANDIK ENGINEERING INDUSTRIE,64.95,64.95,62.00,64.85,64.85,64.62,,64.85,,,389,25092.00,9,F1,1,,,,,
2026-07-24,2026-07-24,CM,BSE,STK,522209,INE429B01011,YOGISUNG,XT,,,,,YOGI SUNG-WON (INDIA) LTD.,6.69,6.94,6.36,6.78,6.79,6.69,,6.78,,,1161,7477.00,12,F1,1,,,,,
2026-07-24,2026-07-24,CM,BSE,STK,522215,INE461D01028,HLEGLAS,B,,,,,HLE GLASCOAT LIMITED,415.95,421.80,404.35,419.25,416.50,411.95,,418.95,,,22421,9235455.00,627,F1,1,,,,,
2026-07-24,2026-07-24,CM,BSE,STK,522217,INE826C01016,GUJAPOLLO,B,,,,,GUJARAT APOLLO INDUSTRIES LTD.,346.10,365.00,346.10,363.70,361.45,348.00,,364.25,,,1159,416180.00,184,F1,1,,,,,
2026-07-24,2026-07-24,CM,BSE,STK,522229,INE692C01020,TANAA,X,,,,,TANEJA AEROSPACE & AVIATION LT,295.95,305.00,290.00,291.35,291.35,296.50,,291.35,,,12908,3787200.00,356,F1,1,,,,,
2026-07-24,2026-07-24,CM,BSE,STK,522231,INE714D01020,CONART,X,,,,,CONART ENGINEERS LTD.,89.71,89.71,86.25,88.00,88.00,89.71,,88.00,,,1917,168760.00,30,F1,1,,,,,
2026-07-24,2026-07-24,CM,BSE,STK,522235,INE097E01028,MINALIND,X,,,,,MINAL INDUSTRIES LIMITED,2.14,2.14,2.06,2.13,2.13,2.13,,2.13,,,3240,6863.00,26,F1,1,,,,,
2026-07-24,2026-07-24,CM,BSE,STK,522241,INE227C01017,MMFL,B,,,,,M.M.FORGINGS LTD.,554.95,554.95,539.50,552.90,554.50,548.35,,551.85,,,2679,1467845.00,161,F1,1,,,,,
2026-07-24,2026-07-24,CM,BSE,STK,522249,INE040D01038,MAYURUNIQ,B,,,,,MAYUR UNIQUOTERS LTD.,791.35,798.65,771.20,789.15,787.00,789.10,,788.65,,,3052,2390352.00,428,F1,1,,,,,
2026-07-24,2026-07-24,CM,BSE,STK,522251,INE627F01011,CENLUB,X,,,,,CENLUB INDUSTRIES LTD.,221.45,221.45,211.00,215.65,215.85,215.10,,215.65,,,1499,320696.00,73,F1,1,,,,,
2026-07-24,2026-07-24,CM,BSE,STK,522257,INE535F01024,RAJOOENG,T,,,,,RAJOO ENGINEERS LTD.,54.70,54.75,53.11,54.04,54.20,55.24,,54.32,,,35134,1885250.00,240,F1,1,,,,,
2026-07-24,2026-07-24,CM,BSE,STK,522261,INE920A01037,DOLPHIN,B,,,,,DOLPHIN OFFSHORE ENTERPRISES (,405.00,405.00,370.00,377.05,375.10,395.65,,376.95,,,1812,691754.00,186,F1,1,,,,,
2026-07-24,2026-07-24,CM,BSE,STK,522267,INE466D01019,VJLAXMIE,X,,,,,VEEJAY LAKSHMI ENGINEERING WOR,39.90,39.90,37.70,37.97,38.92,38.50,,37.97,,,638,24354.00,9,F1,1,,,,,
2026-07-24,2026-07-24,CM,BSE,STK,522273,INE868C01018,AHMDSTE,XT,,,,,AHMEDABAD STEELCRAFT LTD.,174.00,174.00,164.70,173.00,173.00,173.35,,173.00,,,2186,367812.00,38,F1,1,,,,,
2026-07-24,2026-07-24,CM,BSE,STK,522275,INE200A01026,GVT&D,A,,,,,GE Vernova T&D India Limited,4325.00,4333.55,4116.05,4156.75,4156.75,4332.95,,4157.40,,,60658,254584027.00,7423,F1,1,,,,,
2026-07-24,2026-07-24,CM,BSE,STK,522281,INE207E01023,RAMRAT,B,,,,,RAM RATNA WIRES LTD.,405.95,415.15,401.60,414.05,415.15,408.45,,414.10,,,4238,1739539.00,190,F1,1,,,,,
2026-07-24,2026-07-24,CM,BSE,STK,522285,INE854B01010,JAYNECOIND,A,,,,,JAYASWAL NECO INDUSTRIES LTD.,84.08,87.64,82.54,86.93,86.59,84.24,,86.77,,,191975,16335899.00,1200,F1,1,,,,,
2026-07-24,2026-07-24,CM,BSE,STK,522287,INE220B01022,KPIL,A,,,,,KALPATARU PROJECTS INTERNATION,1302.10,1309.35,1273.25,1303.65,1303.65,1298.40,,1300.00,,,8270,10684608.00,663,F1,1,,,,,
2026-07-24,2026-07-24,CM,BSE,STK,522289,INE169F01014,NMSGLOBAL,X,,,,,NMS GLOBAL LIMITED,66.65,70.80,65.00,69.98,69.98,67.66,,69.98,,,47233,3289000.00,290,F1,1,,,,,
2026-07-24,2026-07-24,CM,BSE,STK,522292,INE713D01055,CANDOUR,X,,,,,CANDOUR TECHTEX LIMITED,84.00,84.00,77.02,78.88,77.60,80.32,,78.88,,,14751,1179890.00,85,F1,1,,,,,
2026-07-24,2026-07-24,CM,BSE,STK,522294,INE811B01010,TIGLOB,X,,,,,T & I GLOBAL LTD.,172.45,172.45,162.10,163.60,163.60,167.55,,163.60,,,960,156100.00,7,F1,1,,,,,
2026-07-24,2026-07-24,CM,BSE,STK,522295,INE663B01015,CONTROLPR,B,,,,,CONTROL PRINT LIMITED,575.50,597.15,559.65,590.80,591.15,573.45,,590.55,,,9156,5298872.00,392,F1,1,,,,,
2026-07-24,2026-07-24,CM,BSE,STK,522650,INE142E01022,BEMHY,X,,,,,BEMCO HYDRAULICS LTD.,107.00,107.50,104.00,104.77,104.60,106.14,,104.77,,,4914,518661.00,122,F1,1,,,,,
2026-07-24,2026-07-24,CM,BSE,STK,523007,INE030C01015,ANSALBU,X,,,,,ANSAL BUILDWELL LTD.,74.00,78.00,74.00,74.51,74.51,74.50,,74.51,,,665,51018.00,8,F1,1,,,,,
2026-07-24,2026-07-24,CM,BSE,STK,523019,INE710D01028,BNRSEC,X,,,,,B.N.RATHI SECURITIES LTD.,16.95,16.95,16.36,16.58,16.51,16.71,,16.58,,,21136,350723.00,175,F1,1,,,,,
2026-07-24,2026-07-24,CM,BSE,STK,523021,INE989D01010,RISHITECH,X,,,,,RISHI TECHTEX LTD.,42.90,42.90,37.05,40.57,40.85,39.00,,40.57,,,4092,157539.00,65,F1,1,,,,,
2026-07-24,2026-07-24,CM,BSE,STK,523023,INE985A01022,SINCLAIR,B,,,,,SINCLAIRS HOTELS LIMITED,79.75,79.75,72.51,74.50,75.03,74.68,,74.76,,,1396,102516.00,109,F1,1,,,,,
2026-07-24,2026-07-24,CM,BSE,STK,523025,INE429E01023,SAFARI,A,,,,,SAFARI INDUSTRIES (INDIA) LTD.,1547.65,1557.05,1534.00,1537.85,1540.00,1549.05,,1538.90,,,568,876675.00,99,F1,1,,,,,
2026-07-24,2026-07-24,CM,BSE,STK,523054,INE626H01019,ZBINTXPP,XT,,,,,BINAYAK TEX PROCESSORS LTD.,1648.00,1729.90,1648.00,1729.90,1729.90,1650.00,,1729.90,,,5,8485.00,3,F1,1,,,,,
2026-07-24,2026-07-24,CM,BSE,STK,523062,INE584C01011,JJFINCOR,X,,,,,J.J.FINANCE CORPORATION LTD.,60.35,60.35,60.00,60.35,60.35,57.48,,60.35,,,1768,106081.00,19,F1,1,,,,,
2026-07-24,2026-07-24,CM,BSE,STK,523100,INE124B01018,COSMOFE,XT,,,,,COSMO FERRITES LTD.,207.10,207.15,207.10,207.10,207.10,211.30,,207.10,,,2306,477573.00,13,F1,1,,,,,
2026-07-24,2026-07-24,CM,BSE,STK,523105,INE293E01031,CROPSTER,T,,,,,CROPSTER AGRO LIMITED,6.90,6.90,6.90,6.90,6.90,7.26,,6.90,,,723636,4993088.00,1553,F1,1,,,,,
2026-07-24,2026-07-24,CM,BSE,STK,523113,INE425D01015,FUTURSEC,X,,,,,FUTURISTIC SECURITIES LTD.,24.45,24.45,24.45,24.45,24.45,24.45,,24.45,,,9,220.00,1,F1,1,,,,,
2026-07-24,2026-07-24,CM,BSE,STK,523116,INE391G01012,SANCTRN,X,,,,,SANCO TRANS LTD.,720.00,720.00,710.00,711.75,710.00,710.00,,711.75,,,23,16370.00,3,F1,1,,,,,
2026-07-24,2026-07-24,CM,BSE,STK,523120,INE628D01014,THRIVE,X,,,,,THRIVE FUTURE HABITATS LIMITED,86.00,92.80,86.00,86.38,86.00,86.00,,86.38,,,407,35372.00,13,F1,1,,,,,
2026-07-24,2026-07-24,CM,BSE,STK,523127,INE276C01014,EIHAHOTELS,B,,,,,EIH ASSOCIATED HOTELS LTD.,309.05,314.80,303.50,311.20,312.00,309.05,,311.05,,,12430,3832478.00,1158,F1,1,,,,,
2026-07-24,2026-07-24,CM,BSE,STK,523144,INE442D01010,MEDICAPQ,X,,,,,MEDI-CAPS LTD.,25.99,25.99,25.50,25.98,25.99,25.50,,25.98,,,3974,102846.00,26,F1,1,,,,,
2026-07-24,2026-07-24,CM,BSE,STK,523151,INE910B01028,OTCO,XT,,,,,OTCO INTERNATIONAL LTD.,9.80,9.80,9.70,9.76,9.76,9.71,,9.76,,,400,3897.00,4,F1,1,,,,,
2026-07-24,2026-07-24,CM,BSE,STK,523160,INE599F01020,FOSECOC,X,,,,,FOSECO CRUCIBLE INDIA LIMITED,1280.00,1297.00,1243.00,1261.50,1261.50,1264.95,,1261.50,,,5983,7698598.00,106,F1,1,,,,,
2026-07-24,2026-07-24,CM,BSE,STK,523186,INE00FM01013,BAPACK,X,,,,,B&A PACKAGING INDIA LIMITED,195.00,203.00,187.25,195.00,195.00,195.00,,195.00,,,311,60502.00,14,F1,1,,,,,
2026-07-24,2026-07-24,CM,BSE,STK,523204,INE421A01028,ABAN,T,,,,,ABAN OFFSHORE LTD.,14.62,15.24,14.57,15.08,15.00,14.98,,14.95,,,7108,104862.00,45,F1,1,,,,,
2026-07-24,2026-07-24,CM,BSE,STK,523207,INE760A01029,KOKUYOCMLN,B,,,,,KOKUYO CAMLIN LTD.,83.26,84.52,83.13,84.47,84.52,84.94,,83.90,,,1028,85793.00,34,F1,1,,,,,
2026-07-24,2026-07-24,CM,BSE,STK,523222,INE173J01018,SRMENERGY,XT,,,,,SRM ENERGY LTD.,23.67,25.89,23.67,24.59,25.50,24.91,,24.59,,,28711,688724.00,61,F1,1,,,,,
2026-07-24,2026-07-24,CM,BSE,STK,523229,INE415D01024,BHARATSE,B,,,,,BHARAT SEATS LTD.,210.50,219.25,208.85,217.05,219.25,214.75,,218.11,,,24072,5118020.00,508,F1,1,,,,,
2026-07-24,2026-07-24,CM,BSE,STK,523232,INE369D01023,CONTPTR,X,,,,,CONTINENTAL PETROLEUMS LTD.,72.00,72.00,69.16,69.99,69.16,71.50,,69.99,,,951,67028.00,23,F1,1,,,,,
2026-07-24,2026-07-24,CM,BSE,STK,523242,INE006F01018,NBFOOT,P,,,,,NB FOOTWEAR LTD.,7.40,7.40,6.70,6.70,6.70,7.05,,6.70,,,5600,40667.00,8,F1,100,,,,,
2026-07-24,2026-07-24,CM,BSE,STK,523248,INE082B01018,MACPLASQ,X,,,,,MACHINO PLASTICS LTD.,258.10,265.00,257.20,264.90,264.90,265.00,,264.90,,,515,134985.00,24,F1,1,,,,,
2026-07-24,2026-07-24,CM,BSE,STK,523261,INE398A01010,VENKEYS,B,,,,,VENKYS (INDIA) LTD.,1513.90,1530.65,1493.75,1501.75,1509.90,1508.10,,1504.80,,,3217,4856321.00,267,F1,1,,,,,
2026-07-24,2026-07-24,CM,BSE,STK,523269,INE199C01026,ADVANIHOTR,B,,,,,ADVANI HOTELS & RESORTS (INDIA,51.02,51.99,50.62,51.09,51.25,51.64,,51.12,,,1312,67240.00,133,F1,1,,,,,
2026-07-24,2026-07-24,CM,BSE,STK,523283,INE712B01010,SUPERHOUSE,B,,,,,SUPERHOUSE LTD.,154.25,159.50,151.50,157.55,157.55,158.30,,154.97,,,9193,1436294.00,230,F1,1,,,,,
2026-07-24,2026-07-24,CM,BSE,STK,523289,INE763B01013,RAMAVISION,X,,,,,RAMA VISION LTD.,145.00,145.00,136.00,136.15,136.15,140.00,,136.15,,,693,94537.00,24,F1,1,,,,,
2026-07-24,2026-07-24,CM,BSE,STK,523301,INE822C01015,TCPLPACK,B,,,,,TCPL PACKAGING LTD.,3276.10,3283.00,3206.10,3232.10,3236.35,3266.60,,3227.60,,,167,540762.00,58,F1,1,,,,,
2026-07-24,2026-07-24,CM,BSE,STK,523309,INE241V01018,SHRIGANG,X,,,,,SHRI GANG INDUSTRIES AND ALLIE,62.51,63.74,61.05,62.30,62.30,61.99,,62.30,,,12629,788532.00,70,F1,1,,,,,
2026-07-24,2026-07-24,CM,BSE,STK,523319,INE164A01016,BALMLAWRIE,B,,,,,BALMER LAWRIE AND COMPANY LIMI,173.45,175.80,173.45,174.45,175.80,175.75,,174.58,,,13131,2292325.00,198,F1,1,,,,,
2026-07-24,2026-07-24,CM,BSE,STK,523323,INE177F01017,KOVAI,B,,,,,KOVAI MEDICAL CENTER & HOSPITA,5744.95,5860.00,5712.65,5848.30,5853.60,5764.05,,5845.50,,,261,1513261.00,131,F1,1,,,,,
2026-07-24,2026-07-24,CM,BSE,STK,523329,INE668G01021,ELDEHSG,B,,,,,ELDECO HOUSING & INDUSTRIES LT,784.00,784.00,784.00,784.00,784.00,783.00,,778.30,,,173,135632.00,43,F1,1,,,,,
2026-07-24,2026-07-24,CM,BSE,STK,523367,INE499A01024,DCMSHRIRAM,A,,,,,DCM SHRIRAM LIMITED,1000.05,1018.30,998.00,1005.45,1009.05,1008.10,,1005.80,,,993,1004659.00,93,F1,1,,,,,
2026-07-24,2026-07-24,CM,BSE,STK,523369,INE843D01027,DCMSRIND,B,,,,,DCM SHRIRAM INDUSTRIES LTD.,40.00,40.33,39.01,40.00,40.33,39.96,,39.86,,,9733,385658.00,180,F1,1,,,,,
2026-07-24,2026-07-24,CM,BSE,STK,523371,INE636A01039,MAWANASUG,T,,,,,MAWANA SUGARS LTD.,110.50,112.00,108.50,109.30,109.30,113.00,,110.11,,,943,103628.00,24,F1,1,,,,,
2026-07-24,2026-07-24,CM,BSE,STK,523373,INE281E01028,MINID,X,,,,,MINI DIAMONDS (INDIA) LTD.,5.50,5.50,5.20,5.42,5.46,5.39,,5.42,,,82697,441610.00,195,F1,1,,,,,
2026-07-24,2026-07-24,CM,BSE,STK,523384,INE843B01013,MAHAPEXLTD,B,,,,,MAHA RASHTRA APEX CORPORATION,49.62,49.62,43.12,43.90,43.90,43.21,,43.54,,,132,5912.00,13,F1,1,,,,,
2026-07-24,2026-07-24,CM,BSE,STK,523385,INE310A01015,NILKAMAL,B,,,,,NILKAMAL LTD.,1632.00,1700.00,1615.00,1677.55,1700.00,1646.80,,1676.20,,,4995,8291923.00,437,F1,1,,,,,
2026-07-24,2026-07-24,CM,BSE,STK,523387,INE982C01033,HOM,XT,,,,,HOMRE LIMITED,2.09,2.09,2.09,2.09,2.09,2.05,,2.09,,,287701,601295.00,162,F1,1,,,,,
2026-07-24,2026-07-24,CM,BSE,STK,523391,INE308A01027,NAHARPOLY,B,,,,,NAHAR POLYFILMS LTD.,273.00,278.00,266.05,271.65,271.75,272.85,,273.80,,,2832,767153.00,112,F1,1,,,,,
2026-07-24,2026-07-24,CM,BSE,STK,523395,INE470A01017,3MINDIA,A,,,,,3M INDIA LTD.,35209.95,35804.55,34990.00,35516.00,35456.00,35240.25,,35500.00,,,188,6669770.00,95,F1,1,,,,,
2026-07-24,2026-07-24,CM,BSE,STK,523398,INE782A01015,BOSCH-HCIL,B,,,,,BOSCH HOME COMFORT INDIA LIMIT,1309.85,1335.25,1301.00,1329.15,1335.25,1309.85,,1332.70,,,433,567688.00,62,F1,1,,,,,
2026-07-24,2026-07-24,CM,BSE,STK,523405,INE780C01023,JMFINANCIL,A,,,,,JM FINANCIAL LTD.,121.40,122.50,118.85,122.05,122.10,121.95,,122.05,,,116884,14079830.00,942,F1,1,,,,,
2026-07-24,2026-07-24,CM,BSE,STK,523411,INE833A01016,ADCINDIA,XT,,,,,ADC INDIA COMMUNICATIONS LIMIT,2199.00,2224.95,2100.00,2123.85,2128.00,2177.10,,2123.85,,,1189,2524832.00,162,F1,1,,,,,
2026-07-24,2026-07-24,CM,BSE,STK,523419,INE141D01018,TNTELE,B,,,,,TAMILNADU TELECOMMUNICATIONS L,9.04,9.14,8.91,8.91,8.91,8.86,,9.14,,,56,506.00,5,F1,1,,,,,
2026-07-24,2026-07-24,CM,BSE,STK,523445,INE046A01015,RIIL,B,,,,,RELIANCE INDUSTRIAL INFRASTRUC,734.70,741.00,719.25,729.75,729.75,741.10,,729.55,,,2649,1932041.00,443,F1,1,,,,,
2026-07-24,2026-07-24,CM,BSE,STK,523457,INE473A01011,LINDEINDIA,A,,,,,Linde India Limited,6630.75,6808.00,6630.75,6735.40,6710.00,6712.85,,6731.00,,,1244,8385315.00,330,F1,1,,,,,
2026-07-24,2026-07-24,CM,BSE,STK,523465,INE969D01012,INDBNK,B,,,,,IND BANK HOUSING LTD.,58.00,58.00,47.05,49.59,49.90,51.71,,49.59,,,3653,177477.00,66,F1,1,,,,,
2026-07-24,2026-07-24,CM,BSE,STK,523467,INE250C01027,JAIMATAG,XT,,,,,JAI MATA GLASS LTD.,2.82,2.82,2.82,2.82,2.82,2.69,,2.82,,,201446,568077.00,87,F1,1,,,,,
2026-07-24,2026-07-24,CM,BSE,STK,523475,INE026D01011,LOTUSCHO,B,,,,,LOTUS CHOCOLATE CO.LTD.,666.00,669.85,651.50,657.50,657.00,661.15,,657.50,,,3772,2483399.00,292,F1,1,,,,,
2026-07-24,2026-07-24,CM,BSE,STK,523483,INE883C01025,PACIFICI,X,,,,,PACIFIC INDUSTRIES LTD.,135.00,135.00,126.00,132.10,132.10,129.75,,132.10,,,272,34887.00,11,F1,1,,,,,
2026-07-24,2026-07-24,CM,BSE,STK,523489,INE889F01017,CMMHOSP,X,,,,,CHENNAI MEENAKSHI MULTISPECIAL,36.11,37.89,36.11,37.30,37.30,36.54,,37.30,,,527,19518.00,23,F1,1,,,,,
2026-07-24,2026-07-24,CM,BSE,STK,523519,INE951C01012,UNIOFFICE,XT,,,,,UNIVERSAL OFFICE AUTOMATION LT,8.49,8.49,8.49,8.49,8.49,8.93,,8.49,,,113,959.00,2,F1,1,,,,,
2026-07-24,2026-07-24,CM,BSE,STK,523537,INE170D01025,APMIN,X,,,,,APM INDUSTRIES LTD.,46.79,47.90,45.08,47.89,47.89,46.79,,47.89,,,1309,59829.00,18,F1,1,,,,,
2026-07-24,2026-07-24,CM,BSE,STK,523539,INE372C01037,PRECWIRE,B,,,,,PRECISION WIRES INDIA LTD.,361.95,375.00,361.95,372.80,375.00,369.70,,372.55,,,11898,4398960.00,450,F1,1,,,,,
2026-07-24,2026-07-24,CM,BSE,STK,523550,INE951B01014,KRYPTONQ,X,,,,,KRYPTON INDUSTRIES LTD.,37.44,39.75,36.80,39.68,39.70,36.14,,39.68,,,8317,317374.00,70,F1,1,,,,,
2026-07-24,2026-07-24,CM,BSE,STK,523558,INE010C01025,SWISSMLTRY,X,,,,,SWISS MILITARY CONSUMER GOODS,15.30,15.50,15.00,15.12,15.12,15.17,,15.12,,,57113,864092.00,252,F1,1,,,,,
2026-07-24,2026-07-24,CM,BSE,STK,523566,INE199D01016,MARBU,X,,,,,MARTIN BURN LTD.,48.74,48.74,41.50,45.99,46.00,41.50,,45.99,,,317,13747.00,8,F1,1,,,,,
2026-07-24,2026-07-24,CM,BSE,STK,523574,INE623B01027,FEL,Z,,,,,Future Enterprises Limited,0.49,0.49,0.49,0.49,0.49,0.49,,0.43,,,3004,1471.00,17,F1,1,,,,,
2026-07-24,2026-07-24,CM,BSE,STK,523586,INE826B01026,INDTONER,X,,,,,INDIAN TONERS & DEVELOPERS LTD,51.00,51.05,49.00,50.20,49.90,51.40,,50.20,,,11748,585354.00,305,F1,1,,,,,
2026-07-24,2026-07-24,CM,BSE,STK,523594,INE638D01021,KUNSTOFF,X,,,,,KUNSTSTOFFE INDUSTRIES LTD.,21.90,22.27,21.90,22.24,22.25,21.89,,22.24,,,186,4082.00,11,F1,1,,,,,
2026-07-24,2026-07-24,CM,BSE,STK,523598,INE109A01011,SCI,A,,,,,SHIPPING CORPORATION OF INDIA,266.65,277.25,260.25,275.35,275.35,268.50,,275.10,,,91453,24507249.00,1779,F1,1,,,,,
2026-07-24,2026-07-24,CM,BSE,STK,523606,INE438E01032,SIKA,B,,,,,SIKA INTERPLANT SYSTEMS LTD.,1122.00,1153.80,1100.15,1138.30,1140.00,1134.80,,1139.30,,,7114,8007538.00,609,F1,1,,,,,
2026-07-24,2026-07-24,CM,BSE,STK,523610,INE248A01017,ITI,B,,,,,ITI LTD.,274.25,276.55,272.25,274.90,276.00,277.75,,275.10,,,26042,7152581.00,519,F1,1,,,,,
2026-07-24,2026-07-24,CM,BSE,STK,523618,INE506A01018,DREDGECORP,B,,,,,DREDGING CORPORATION OF INDIA,978.70,1009.70,961.50,1004.10,1003.15,982.40,,1003.30,,,5627,5582797.00,443,F1,1,,,,,
2026-07-24,2026-07-24,CM,BSE,STK,523620,INE486I01016,PHRMASI,X,,,,,PHAARMASIA LTD.,81.00,89.40,80.90,89.40,89.40,85.15,,89.40,,,287,23521.00,12,F1,1,,,,,
2026-07-24,2026-07-24,CM,BSE,STK,523630,INE870D01012,NFL,B,,,,,NATIONAL FERTILIZERS LTD.,69.80,70.50,69.13,70.18,70.50,70.05,,70.30,,,50697,3537240.00,318,F1,1,,,,,
2026-07-24,2026-07-24,CM,BSE,STK,523638,INE558A01019,IPRINGLTD,X,,,,,IP RINGS LTD.,120.05,125.95,118.65,121.35,124.95,125.00,,121.35,,,2306,278580.00,45,F1,1,,,,,
2026-07-24,2026-07-24,CM,BSE,STK,523642,INE603J01030,PIIND,A,,,,,P.I.INDUSTRIES LTD.,2705.65,2772.00,2703.55,2731.25,2725.00,2741.40,,2731.20,,,10621,29190960.00,1557,F1,1,,,,,
2026-07-24,2026-07-24,CM,BSE,STK,523648,INE083C01022,PLASTIBLEN,B,,,,,PLASTIBLENDS INDIA LTD.,189.15,191.35,185.20,188.50,189.85,190.25,,188.84,,,10566,1985814.00,327,F1,1,,,,,
2026-07-24,2026-07-24,CM,BSE,STK,523650,INE823D01011,YASHINNO,X,,,,,YASH INNOVENTURES LIMITED,38.10,39.78,36.20,38.11,38.48,38.10,,38.11,,,26039,967439.00,123,F1,1,,,,,
2026-07-24,2026-07-24,CM,BSE,STK,523652,INE465K01016,KKPLASTICK,XT,,,,,Kkalpana Plastick Limited,44.77,44.77,44.77,44.77,44.77,42.64,,44.77,,,1177,52694.00,11,F1,1,,,,,
2026-07-24,2026-07-24,CM,BSE,STK,523660,INE054C01015,WATERBASE,X,,,,,WATERBASE LTD.,41.55,43.05,41.55,42.93,42.93,43.34,,42.93,,,8698,369133.00,122,F1,1,,,,,
2026-07-24,2026-07-24,CM,BSE,STK,523672,INE954B01018,FLEXFO,X,,,,,FLEX FOODS LTD.,37.15,44.75,37.15,44.26,43.00,40.69,,44.26,,,10196,437718.00,83,F1,1,,,,,
2026-07-24,2026-07-24,CM,BSE,STK,523676,INE798D01015,GOLKUNDIA,X,,,,,GOLKUNDA DIAMONDS & JEWELLERY,240.55,243.95,238.00,238.35,238.25,243.00,,238.35,,,1931,463561.00,62,F1,1,,,,,
2026-07-24,2026-07-24,CM,BSE,STK,523694,INE116A01032,APCOTEXIND,B,,,,,APCOTEX INDUSTRIES LTD.,562.00,579.50,555.00,560.10,564.00,559.50,,561.00,,,8720,4923713.00,443,F1,1,,,,,
2026-07-24,2026-07-24,CM,BSE,STK,523696,INE842B01015,FORTISMLR,X,,,,,FORTIS MALAR HOSPITALS LIMITED,48.50,50.95,48.50,50.53,50.69,49.53,,50.53,,,5248,260393.00,158,F1,1,,,,,
2026-07-24,2026-07-24,CM,BSE,STK,523704,INE759A01021,MASTEK,A,,,,,MASTEK LTD.,1662.55,1694.05,1632.60,1692.25,1694.05,1679.50,,1690.90,,,2739,4557840.00,354,F1,1,,,,,
2026-07-24,2026-07-24,CM,BSE,STK,523708,INE158B01016,EIMCOELECO,B,,,,,EIMCO ELECON (INDIA) LTD.,1795.70,1795.70,1743.10,1785.90,1783.00,1788.80,,1789.10,,,902,1599761.00,169,F1,1,,,,,
2026-07-24,2026-07-24,CM,BSE,STK,523716,INE365D01021,ASHIANA,B,,,,,ASHIANA HOUSING LTD.,375.15,388.30,375.15,386.75,383.60,380.20,,386.70,,,6371,2434767.00,222,F1,1,,,,,
2026-07-24,2026-07-24,CM,BSE,STK,523722,INE119B01018,SVAMSOF,X,,,,,SVAM SOFTWARE LTD.,5.45,5.55,5.45,5.50,5.50,5.71,,5.50,,,2721,14934.00,12,F1,1,,,,,
2026-07-24,2026-07-24,CM,BSE,STK,523732,INE866A01016,ECOBOAR,X,,,,,ECOBOARD INDUSTRIES LTD.,53.99,53.99,52.10,52.54,52.54,53.67,,52.54,,,7418,390735.00,28,F1,1,,,,,
2026-07-24,2026-07-24,CM,BSE,STK,523752,INE502D01011,TIHIL,XT,,,,,TRANS INDIA HOUSE IMPEX LIMITE,3.71,3.76,3.65,3.70,3.75,3.68,,3.70,,,12408,46131.00,69,F1,1,,,,,
2026-07-24,2026-07-24,CM,BSE,STK,523754,INE215D01010,MAHEPC,B,,,,,MAHINDRA EPC IRRIGATION LIMITE,104.10,107.00,103.80,104.85,105.10,104.20,,105.37,,,761,80497.00,72,F1,1,,,,,
2026-07-24,2026-07-24,CM,BSE,STK,523782,INE844D01017,MITSHI,X,,,,,Mitshi India Limited,17.29,17.29,15.01,17.29,17.29,14.41,,17.29,,,2770587,47626957.00,450,F1,1,,,,,
2026-07-24,2026-07-24,CM,BSE,STK,523792,INE885E01042,MAZDA,T,,,,,MAZDA LTD.,220.00,224.00,213.85,222.80,222.80,220.00,,216.60,,,191,41740.00,21,F1,1,,,,,
2026-07-24,2026-07-24,CM,BSE,STK,523796,INE048C01025,VHLTD,T,,,,,VICEROY HOTELS LTD.,132.00,133.50,128.05,133.20,131.20,131.45,,132.95,,,734,96191.00,35,F1,1,,,,,
2026-07-24,2026-07-24,CM,BSE,STK,523826,INE959D01013,SOVERDIA,X,,,,,SOVEREIGN DIAMONDS LTD.,22.99,23.99,22.05,23.52,23.00,22.99,,23.52,,,269,6160.00,13,F1,1,,,,,
2026-07-24,2026-07-24,CM,BSE,STK,523828,INE071D01033,MENONBE,T,,,,,MENON BEARINGS LTD.,212.00,218.00,207.75,215.00,215.00,216.30,,214.04,,,5267,1121171.00,84,F1,1,,,,,
2026-07-24,2026-07-24,CM,BSE,STK,523832,INE862C01029,MUKATPIP,XT,,,,,MUKAT PIPES LTD.,17.13,17.13,17.10,17.10,17.10,17.13,,17.10,,,276,4720.00,5,F1,1,,,,,
2026-07-24,2026-07-24,CM,BSE,STK,523836,INE610B01024,GUJRAFFIA,B,,,,,GUJARAT RAFFIA INDUSTRIES LTD.,39.25,39.25,39.25,39.25,39.25,39.29,,40.56,,,38,1491.00,6,F1,1,,,,,
2026-07-24,2026-07-24,CM,BSE,STK,523838,INE059B01024,SIMPLEXINF,B,,,,,SIMPLEX INFRASTRUCTURES LTD.,236.35,237.75,232.00,237.75,237.75,236.10,,239.25,,,73,17082.00,12,F1,1,,,,,
2026-07-24,2026-07-24,CM,BSE,STK,523840,INE965C01038,INNOVTEC,X,,,,,INNOVATIVE TECH PACK LTD.,13.70,13.95,13.38,13.53,13.94,13.36,,13.53,,,2075,28397.00,32,F1,1,,,,,
2026-07-24,2026-07-24,CM,BSE,STK,523842,INE460D01038,SUPTANERY,X,,,,,SUPER TANNERY LIMITED,6.97,7.20,6.85,6.87,6.87,7.01,,6.87,,,34477,239881.00,84,F1,1,,,,,
2026-07-24,2026-07-24,CM,BSE,STK,523844,INE537B01011,CONSTRONIC,X,,,,,CONSTRONICS INFRA LIMITED,50.00,50.00,46.97,48.25,48.25,48.50,,48.25,,,74,3514.00,8,F1,1,,,,,
2026-07-24,2026-07-24,CM,BSE,STK,523850,INE767C01012,AXTEL,X,,,,,AXTEL INDUSTRIES LTD.,426.65,432.00,422.70,425.35,425.00,428.75,,425.35,,,513,219188.00,62,F1,1,,,,,
2026-07-24,2026-07-24,CM,BSE,STK,523862,INE926B01016,GRANDOAK,B,,,,,GRAND OAK CANYONS DISTILLERY L,39.48,39.48,37.59,37.65,37.65,39.56,,37.48,,,351,13329.00,10,F1,1,,,,,
2026-07-24,2026-07-24,CM,BSE,STK,523874,INE191C01023,EASTINDIA,XT,,,,,East India Drums and Barrels M,95.00,95.49,95.00,95.49,95.49,95.00,,95.49,,,216,20520.00,12,F1,1,,,,,
2026-07-24,2026-07-24,CM,BSE,STK,523888,INE317D01014,MEGAMONT,XT,,,,,MEGAMONT LIMITED,145.75,145.75,145.75,145.75,145.75,148.70,,145.75,,,100,14575.00,1,F1,1,,,,,
2026-07-24,2026-07-24,CM,BSE,STK,524000,INE511C01022,POONAWALLA,A,,,,,POONAWALLA FINCORP LIMITED,463.00,465.75,450.95,458.40,458.40,465.45,,459.60,,,79406,36276037.00,1785,F1,1,,,,,
2026-07-24,2026-07-24,CM,BSE,STK,524019,INE473D01015,KINGFA,B,,,,,Kingfa Science & Technology (I,5050.00,5270.10,4986.80,5228.15,5220.00,5028.25,,5212.50,,,1139,5880643.00,246,F1,1,,,,,
2026-07-24,2026-07-24,CM,BSE,STK,524037,INE809A01032,RAMAPHO,B,,,,,RAMA PHOSPHATES LTD.,124.85,138.00,123.35,130.55,131.90,125.05,,131.08,,,7941,1040725.00,153,F1,1,,,,,
2026-07-24,2026-07-24,CM,BSE,STK,524038,INE204D01022,VENLONENT,X,,,,,VENLON ENTERPRISES LTD.,3.47,3.47,3.00,3.33,3.36,3.25,,3.33,,,6846,21861.00,22,F1,1,,,,,
2026-07-24,2026-07-24,CM,BSE,STK,524051,INE633B01018,POLYPLEX,B,,,,,POLYPLEX CORPORATION LTD.,1126.00,1139.00,1110.40,1130.15,1132.00,1142.10,,1128.95,,,4245,4755252.00,299,F1,1,,,,,
2026-07-24,2026-07-24,CM,BSE,STK,524055,INE181D01014,PANIDPR,XT,,,,,PANTHER INDUSTRIAL PRODUCTS LT,89.00,91.00,89.00,91.00,91.00,90.00,,91.00,,,300,26900.00,2,F1,1,,,,,
2026-07-24,2026-07-24,CM,BSE,STK,524075,INE155C01010,ALBERTDAVD,B,,,,,ALBERT DAVID LTD.,685.75,701.45,679.25,692.00,692.00,685.75,,698.30,,,34,23393.00,18,F1,1,,,,,
2026-07-24,2026-07-24,CM,BSE,STK,524080,INE681F01018,HARLETH,X,,,,,HARYANA LEATHER CHEMICALS LTD.,60.00,63.00,60.00,62.40,62.40,63.48,,62.40,,,2052,128048.00,11,F1,1,,,,,
2026-07-24,2026-07-24,CM,BSE,STK,524091,INE482D01024,CARYSIL,B,,,,,CARYSIL LIMITED,1121.10,1144.00,1094.40,1133.00,1130.55,1117.25,,1125.90,,,5933,6627847.00,493,F1,1,,,,,
2026-07-24,2026-07-24,CM,BSE,STK,524109,INE900B01029,KABRAEXTRU,B,,,,,KABRA EXTRUSIONTECHNIK LTD.,353.55,384.60,346.75,377.20,377.20,350.85,,376.80,,,24453,8923886.00,859,F1,1,,,,,
2026-07-24,2026-07-24,CM,BSE,STK,524129,INE250B01029,VINYLINDIA,B,,,,,VINYL CHEMICALS (INDIA) LTD.,241.10,243.80,237.25,243.80,243.80,243.30,,242.70,,,3525,844464.00,165,F1,1,,,,,
2026-07-24,2026-07-24,CM,BSE,STK,524136,INE417E01010,PCCOSMA,X,,,,,PEE CEE COSMA SOPE LTD.,314.80,314.80,298.00,303.05,306.00,313.40,,303.05,,,555,167975.00,61,F1,1,,,,,
2026-07-24,2026-07-24,CM,BSE,STK,524156,INE034F01010,TCMLMTD,X,,,,,TCM LTD.,42.56,43.40,42.50,43.40,43.40,42.56,,43.40,,,868,36992.00,8,F1,1,,,,,
2026-07-24,2026-07-24,CM,BSE,STK,524164,INE485C01029,IOLCP,B,,,,,IOL CHEMICALS & PHARMACEUTICAL,144.85,150.25,143.80,149.40,149.40,147.25,,149.23,,,156643,22910019.00,1661,F1,1,,,,,
2026-07-24,2026-07-24,CM,BSE,STK,524174,INE133C01033,KESARPE,X,,,,,KESAR PETROPRODUCTS LTD.,16.06,17.48,15.98,17.05,17.25,16.01,,17.05,,,59143,993502.00,189,F1,1,,,,,
2026-07-24,2026-07-24,CM,BSE,STK,524200,INE410B01037,VINATIORGA,A,,,,,VINATI ORGANICS LTD.,1293.05,1306.90,1276.60,1301.00,1306.90,1292.65,,1300.20,,,3862,4975060.00,481,F1,1,,,,,
2026-07-24,2026-07-24,CM,BSE,STK,524202,INE058I01013,LACTOSE,X,,,,,LACTOSE (INDIA) LTD.,96.00,102.55,93.00,100.00,100.00,101.00,,100.00,,,3312,326436.00,89,F1,1,,,,,
2026-07-24,2026-07-24,CM,BSE,STK,524204,INE757D01011,TEEAI,X,,,,,TEESTA AGRO INDUSTRIES LTD.,116.35,116.35,116.35,116.35,116.35,116.35,,116.35,,,11,1279.00,2,F1,1,,,,,
2026-07-24,2026-07-24,CM,BSE,STK,524208,INE769A01020,AARTIIND,A,,,,,AARTI INDUSTRIES LTD.,474.65,480.70,468.75,477.35,477.35,478.60,,477.75,,,43264,20530252.00,1401,F1,1,,,,,
2026-07-24,2026-07-24,CM,BSE,STK,524210,INE702E01015,PNTKYOR,X,,,,,PENTOKEY ORGANY (INDIA) LTD.,40.00,40.00,35.55,35.55,35.55,34.49,,35.55,,,1594,61402.00,28,F1,1,,,,,
2026-07-24,2026-07-24,CM,BSE,STK,524212,INE107F01022,WANBURY,B,,,,,WANBURY LTD.,325.45,335.15,323.40,332.50,331.00,329.85,,331.95,,,15655,5165027.00,365,F1,1,,,,,
2026-07-24,2026-07-24,CM,BSE,STK,524218,INE486D01017,RESONANCE,XT,,,,,RESONANCE SPECIALTIES LTD.,141.00,145.00,135.10,143.50,145.00,139.80,,143.50,,,15714,2215321.00,117,F1,1,,,,,
2026-07-24,2026-07-24,CM,BSE,STK,524226,INE036B01030,GAEL,B,,,,,GUJARAT AMBUJA EXPORTS LTD.,137.00,152.80,137.00,151.65,151.70,139.30,,151.64,,,277002,41003757.00,3026,F1,1,,,,,
2026-07-24,2026-07-24,CM,BSE,STK,524230,INE027A01015,RCF,A,,,,,RASHTRIYA CHEMICALS & FERTILIZ,122.05,124.85,121.65,124.10,124.85,124.30,,124.21,,,53382,6570275.00,681,F1,1,,,,,
2026-07-24,2026-07-24,CM,BSE,STK,524238,INE659F01022,GUJINJEC,XT,,,,,GUJARAT INJECT (KERALA) LTD.,10.50,11.45,10.45,11.40,11.40,10.95,,11.40,,,361992,3849431.00,428,F1,1,,,,,
2026-07-24,2026-07-24,CM,BSE,STK,524280,INE082A01010,KOPRAN,T,,,,,KOPRAN LTD.,197.00,199.95,195.00,198.90,197.25,200.50,,198.75,,,3824,754433.00,71,F1,1,,,,,
2026-07-24,2026-07-24,CM,BSE,STK,524288,INE008B01013,AIMCOPEST,X,,,,,AIMCO PESTICIDES LTD.,51.10,51.15,50.20,50.40,50.20,51.06,,50.40,,,1009,51400.00,23,F1,1,,,,,
2026-07-24,2026-07-24,CM,BSE,STK,524314,INE499G01013,GUJTERC,X,,,,,GUJARAT TERCE LABORATORIES LTD,33.33,35.25,32.33,34.89,34.89,33.32,,34.89,,,1128,38153.00,16,F1,1,,,,,
2026-07-24,2026-07-24,CM,BSE,STK,524322,INE323K01017,KABRADG,X,,,,,KABRA DRUGS LTD.,22.64,24.50,22.40,24.07,24.07,22.64,,24.07,,,187331,4469083.00,346,F1,1,,,,,
2026-07-24,2026-07-24,CM,BSE,STK,524330,INE785A01026,JAYAGROGN,B,,,,,JAYANT AGRO-ORGANICS LTD.,223.20,226.35,221.20,223.05,221.20,222.80,,222.35,,,374,83962.00,32,F1,1,,,,,
2026-07-24,2026-07-24,CM,BSE,STK,524332,INE412G01024,BCLIND,B,,,,,BCL INDUSTRIES LIMITED,35.19,35.97,34.44,35.65,35.65,34.97,,35.73,,,60819,2144391.00,225,F1,1,,,,,
2026-07-24,2026-07-24,CM,BSE,STK,524336,INE065E01017,SHHARICH,X,,,,,SHREE HARI CHEMICALS EXPORT LT,134.95,135.00,134.85,134.95,135.00,134.05,,134.95,,,287,38732.00,9,F1,1,,,,,
2026-07-24,2026-07-24,CM,BSE,STK,524342,INE803D01021,INDOBORAX,B,,,,,INDO BORAX & CHEMICALS LTD.,364.00,438.80,361.75,420.65,420.65,373.30,,416.35,,,337630,138598061.00,4799,F1,1,,,,,
2026-07-24,2026-07-24,CM,BSE,STK,524348,INE767A01016,AARTIDRUGS,B,,,,,AARTI DRUGS LTD.,404.80,410.00,401.25,404.65,405.05,408.90,,404.50,,,5073,2052219.00,196,F1,1,,,,,
2026-07-24,2026-07-24,CM,BSE,STK,524370,INE338D01028,BODALCHEM,T,,,,,BODAL CHEMICALS LTD.,68.99,68.99,65.80,68.02,68.10,66.55,,68.02,,,12790,860886.00,75,F1,1,,,,,
2026-07-24,2026-07-24,CM,BSE,STK,524372,INE191A01027,ORCHPHARMA,B,,,,,Orchid Pharma Limited,952.55,997.35,952.05,987.90,992.00,963.00,,988.55,,,3260,3162128.00,273,F1,1,,,,,
2026-07-24,2026-07-24,CM,BSE,STK,524394,INE579C01029,VIMTALABS,B,,,,,VIMTA LABS LTD.,566.00,576.00,552.80,570.60,569.85,563.20,,570.45,,,9043,5090872.00,319,F1,1,,,,,
2026-07-24,2026-07-24,CM,BSE,STK,524396,INE829A01014,BIOFILCHEM,B,,,,,BIOFIL CHEMICALS & PHARMACEUTI,36.50,36.50,31.81,31.98,31.81,32.34,,32.04,,,1152,41054.00,12,F1,1,,,,,
2026-07-24,2026-07-24,CM,BSE,STK,524400,INE806D01016,ISHITADR,X,,,,,ISHITA DRUGS & INDUSTRIES LTD.,74.60,74.60,74.05,74.05,74.05,71.96,,74.05,,,9,668.00,3,F1,1,,,,,
2026-07-24,2026-07-24,CM,BSE,STK,524404,INE750C01026,MARKSANS,A,,,,,MARKSANS PHARMA LTD.,245.70,248.35,242.65,246.25,246.40,246.50,,246.30,,,82905,20392089.00,1785,F1,1,,,,,
2026-07-24,2026-07-24,CM,BSE,STK,524408,INE113E01015,UNIVSTAR,XT,,,,,UNIVERSAL STARCH-CHEM ALLIED L,204.95,204.95,204.95,204.95,204.95,196.95,,204.95,,,1,204.00,1,F1,1,,,,,
2026-07-24,2026-07-24,CM,BSE,STK,524412,INE198H01019,AAREYDRUGS,T,,,,,AAREY DRUGS & PHARMACEUTICALS,74.92,74.92,74.92,74.92,74.92,76.44,,74.92,,,25101,1880566.00,24,F1,1,,,,,
2026-07-24,2026-07-24,CM,BSE,STK,524414,INE744C01029,NORRIS,X,,,,,NORRIS MEDICINES LTD.,15.50,16.75,15.21,16.00,16.00,15.96,,16.00,,,726,11931.00,12,F1,1,,,,,
2026-07-24,2026-07-24,CM,BSE,STK,524434,INE810M01019,ASINPET,X,,,,,ASIAN PETROPRODUCTS & EXPORTS,9.38,9.39,8.58,9.33,9.39,9.25,,9.33,,,10550,95744.00,47,F1,1,,,,,
2026-07-24,2026-07-24,CM,BSE,STK,524440,INE198C01010,CAMEXLTD,X,,,,,CAMEX LTD.,38.71,42.50,38.70,41.13,41.10,40.72,,41.13,,,2257,93736.00,24,F1,1,,,,,
2026-07-24,2026-07-24,CM,BSE,STK,524444,INE313M01030,EVEXIA,XT,,,,,EVEXIA LIFECARE LIMITED,1.64,1.68,1.56,1.59,1.60,1.64,,1.59,,,4209909,6660125.00,729,F1,1,,,,,
2026-07-24,2026-07-24,CM,BSE,STK,524458,INE319N01019,INDOEURO,X,,,,,INDO EURO INDCHEM LTD.,9.98,9.98,9.20,9.20,9.20,9.98,,9.20,,,192,1844.00,5,F1,1,,,,,
2026-07-24,2026-07-24,CM,BSE,STK,524470,INE312C01025,SYNCOMF,B,,,,,SYNCOM FORMULATIONS (INDIA) LT,13.15,13.23,12.80,13.10,13.10,13.13,,13.09,,,98753,1282057.00,425,F1,1,,,,,
2026-07-24,2026-07-24,CM,BSE,STK,524480,INE249D01019,RIDDHI,XT,,,,,RIDDHI SIDDHI GLUCO BIOLS LTD.,725.00,738.90,725.00,725.00,725.00,707.20,,725.00,,,2220,1614999.00,20,F1,1,,,,,
2026-07-24,2026-07-24,CM,BSE,STK,524488,INE038B01010,SVCIND,X,,,,,SVC INDUSTRIES LIMITED,1.96,2.08,1.96,2.06,2.06,2.00,,2.06,,,13363,26757.00,48,F1,1,,,,,
2026-07-24,2026-07-24,CM,BSE,STK,524494,INE571A01038,IPCALAB,A,,,,,IPCA LABORATORIES LTD.,1772.85,1786.45,1746.85,1762.70,1764.30,1771.10,,1762.70,,,2343,4141820.00,300,F1,1,,,,,
2026-07-24,2026-07-24,CM,BSE,STK,524500,INE729D01010,KILITCH,T,,,,,KILITCH DRUGS (INDIA) LTD.,174.65,180.50,169.00,177.20,177.20,174.65,,180.01,,,446,79176.00,16,F1,1,,,,,
2026-07-24,2026-07-24,CM,BSE,STK,524506,INE683E01017,CORALAB,XT,,,,,CORAL LABORATORIES LTD.,575.00,582.00,560.00,581.95,582.00,569.00,,581.95,,,330,190701.00,17,F1,1,,,,,
2026-07-24,2026-07-24,CM,BSE,STK,524514,INE276N01011,TULASEEBIOE,ZP,,,,,TULASEE BIO-ETHANOL LTD.,50.96,50.96,50.96,50.96,50.96,52.00,,50.96,,,100,5096.00,1,F1,100,,,,,
2026-07-24,2026-07-24,CM,BSE,STK,524516,INE711D01018,BACPHAR,X,,,,,BACIL PHARMA LTD.,28.20,28.20,28.20,28.20,28.20,29.68,,28.20,,,366,10321.00,16,F1,1,,,,,
2026-07-24,2026-07-24,CM,BSE,STK,524518,INE268B01013,KREBSBIO,B,,,,,KREBS BIOCHEMICALS & INDUSTRIE,53.00,53.94,51.30,53.94,53.94,53.00,,51.91,,,107,5664.00,16,F1,1,,,,,
2026-07-24,2026-07-24,CM,BSE,STK,524520,INE879K01018,KMCSHIL,B,,,,,KMC SPECIALITY HOSPITALS (INDI,129.20,129.90,125.10,128.90,128.90,129.20,,128.90,,,142424,18092517.00,2047,F1,1,,,,,
2026-07-24,2026-07-24,CM,BSE,STK,524522,INE919B01011,LAFFANSQ,X,,,,,LAFFANS PETROCHEMICALS LTD.,27.05,27.89,27.05,27.89,27.89,27.89,,27.89,,,924,24997.00,5,F1,1,,,,,
2026-07-24,2026-07-24,CM,BSE,STK,524534,INE972C01018,BHASKAGR,X,,,,,BHASKAR AGROCHEMICALS LTD.,135.00,135.00,123.00,123.35,123.35,126.10,,123.35,,,589,73529.00,25,F1,1,,,,,
2026-07-24,2026-07-24,CM,BSE,STK,524542,INE450E01029,SUKHJITS,B,,,,,SUKHJIT STARCH & CHEMICALS LTD,163.35,163.35,152.00,160.50,158.60,162.55,,159.49,,,6088,953021.00,70,F1,1,,,,,
2026-07-24,2026-07-24,CM,BSE,STK,524548,INE465H01012,SHARMEH,X,,,,,SHARMA EAST INDIA HOSPITALS &,104.90,104.90,98.00,100.90,98.00,94.05,,100.90,,,261,26188.00,32,F1,1,,,,,
2026-07-24,2026-07-24,CM,BSE,STK,524558,INE794A01010,NEULANDLAB,A,,,,,NEULAND LABORATORIES LTD.,18245.10,18651.40,18240.00,18570.85,18571.75,18427.70,,18547.00,,,424,7813931.00,145,F1,1,,,,,
2026-07-24,2026-07-24,CM,BSE,STK,524564,INE052E01015,GAYATRIBI,X,,,,,GAYATRI BIOORGANICS LTD.,7.01,7.21,6.80,7.21,7.21,6.87,,7.21,,,8651,61988.00,37,F1,1,,,,,
2026-07-24,2026-07-24,CM,BSE,STK,524570,INE371C01013,PODDARMENT,B,,,,,PODDAR PIGMENTS LTD.,256.00,265.35,256.00,265.00,265.00,263.40,,264.09,,,109,28804.00,16,F1,1,,,,,
2026-07-24,2026-07-24,CM,BSE,STK,524572,INE117D01018,PHARMAID,X,,,,,PHARMAIDS PHARMACEUTICALS LTD.,31.85,31.85,30.10,30.59,30.40,30.54,,30.59,,,2908,89824.00,66,F1,1,,,,,
2026-07-24,2026-07-24,CM,BSE,STK,524582,INE314D01011,TIRUSTA,X,,,,,TIRUPATI STARCH & CHEMICALS LT,160.00,160.00,159.90,159.90,159.90,158.00,,159.90,,,2,319.00,2,F1,1,,,,,
2026-07-24,2026-07-24,CM,BSE,STK,524592,INE263B01022,JAYSYNTH,X,,,,,JAYSYNTH ORGOCHEM LIMITED,12.69,12.75,12.40,12.50,12.50,12.63,,12.50,,,12175,154043.00,37,F1,1,,,,,
2026-07-24,2026-07-24,CM,BSE,STK,524594,INE994D01010,AEONXDIGI,X,,,,,Aeonx Digital Technology Limit,120.00,120.00,112.30,115.00,115.00,120.00,,115.00,,,433,49778.00,18,F1,1,,,,,
2026-07-24,2026-07-24,CM,BSE,STK,524598,INE542B01011,AKSHARCHEM,T,,,,,AKSHARCHEM (INDIA) LTD.,229.10,236.00,228.00,236.00,236.00,237.55,,236.57,,,59,13467.00,9,F1,1,,,,,
2026-07-24,2026-07-24,CM,BSE,STK,524602,INE875N01036,BANDARAM,X,,,,,BANDARAM PHARMA PACKTECH LIMIT,23.50,23.50,23.15,23.50,23.50,23.10,,23.50,,,3935,92467.00,12,F1,1,,,,,
2026-07-24,2026-07-24,CM,BSE,STK,524606,INE415H01017,BERLDRG,X,,,,,BERYL DRUGS LTD.,22.25,22.75,21.00,21.28,21.00,21.94,,21.28,,,1388,30777.00,45,F1,1,,,,,
2026-07-24,2026-07-24,CM,BSE,STK,524614,INE056E01024,INDXTRA,X,,,,,IEL LIMITED,6.55,6.55,6.10,6.21,6.20,6.17,,6.21,,,17389,108406.00,63,F1,1,,,,,
2026-07-24,2026-07-24,CM,BSE,STK,524622,INE532B01020,ISTRNETWK,X,,,,,ISTREET NETWORK LIMITED,46.84,48.74,46.84,48.49,48.49,46.83,,48.49,,,4730,229576.00,27,F1,1,,,,,
2026-07-24,2026-07-24,CM,BSE,STK,524624,INE076D01016,GAGAN,XT,,,,,GAGAN GASES LTD.,20.28,20.28,20.26,20.28,20.28,19.32,,20.28,,,2212,44855.00,18,F1,1,,,,,
2026-07-24,2026-07-24,CM,BSE,STK,524628,INE750B01010,PARKERAC,X,,,,,PARKER AGROCHEM EXPORTS LTD.,14.54,14.54,14.54,14.54,14.54,13.85,,14.54,,,5,72.00,2,F1,1,,,,,
2026-07-24,2026-07-24,CM,BSE,STK,524632,INE551C01044,SHUKRAPHAR,B,,,,,Shukra Pharmaceuticals Limited,32.32,32.59,31.11,31.72,31.86,32.32,,31.72,,,106178,3389914.00,792,F1,1,,,,,
2026-07-24,2026-07-24,CM,BSE,STK,524634,INE058F01019,ALUFLUOR,X,,,,,ALUFLUORIDE LTD.,468.00,484.75,464.55,480.35,482.90,470.40,,480.35,,,7828,3691762.00,227,F1,1,,,,,
2026-07-24,2026-07-24,CM,BSE,STK,524636,INE102E01018,OXYGENTAPH,X,,,,,OXYGENTA PHARMACEUTICAL LIMITE,49.00,51.35,48.50,50.91,51.35,48.25,,50.91,,,17028,855364.00,73,F1,1,,,,,
2026-07-24,2026-07-24,CM,BSE,STK,524640,INE078I01011,ARCHITORG,XT,,,,,ARCHIT ORGANOSYS LTD.,54.05,54.98,53.40,53.58,53.81,54.26,,53.58,,,11220,602617.00,53,F1,1,,,,,
2026-07-24,2026-07-24,CM,BSE,STK,524648,INE760F01028,INDOAMIN,T,,,,,INDO AMINES LTD.,129.75,132.95,127.00,131.40,132.85,129.75,,129.93,,,2015,261214.00,35,F1,1,,,,,
2026-07-24,2026-07-24,CM,BSE,STK,524654,INE936B01015,NATCAPSUQ,B,,,,,NATURAL CAPSULES LTD.,155.00,155.00,145.00,145.15,147.75,149.65,,148.04,,,2297,340182.00,25,F1,1,,,,,
2026-07-24,2026-07-24,CM,BSE,STK,524661,INE331C01025,WELCURE,X,,,,,WELCURE DRUGS & PHARMACEUTICAL,0.24,0.25,0.23,0.25,0.25,0.25,,0.25,,,17148058,4111968.00,644,F1,1,,,,,
2026-07-24,2026-07-24,CM,BSE,STK,524663,INE994B01014,BIBCL,B,,,,,BHARAT IMMUNOLOGICALS & BIOLOG,16.34,16.39,15.79,15.86,15.90,16.03,,15.86,,,21224,339486.00,157,F1,1,,,,,
2026-07-24,2026-07-24,CM,BSE,STK,524667,INE035D01020,SOTL,B,,,,,SAVITA OIL TECHNOLOGIES LTD.,642.55,656.15,615.95,646.70,646.70,646.30,,645.80,,,64651,41163986.00,1838,F1,1,,,,,
2026-07-24,2026-07-24,CM,BSE,STK,524669,INE782E01017,HESTERBIO,B,,,,,HESTER BIOSCIENCES LTD.,2357.10,2370.50,2303.15,2364.50,2366.60,2363.55,,2367.40,,,256,599948.00,53,F1,1,,,,,
2026-07-24,2026-07-24,CM,BSE,STK,524675,INE645C01010,KABSON,XT,,,,,KABSONS INDUSTRIES LTD.,21.00,21.59,20.00,20.02,20.02,20.60,,20.02,,,1725,35788.00,18,F1,1,,,,,
2026-07-24,2026-07-24,CM,BSE,STK,524687,INE473E01021,BASANTGL,X,,,,,BASANT AGRO TECH (INDIA) LTD.,11.35,11.35,10.80,10.92,10.82,10.99,,10.92,,,17755,193093.00,91,F1,1,,,,,
2026-07-24,2026-07-24,CM,BSE,STK,524703,INE751D01014,SANDUPHQ,X,,,,,SANDU PHARMACEUTICALS LTD.,41.00,41.00,39.00,39.29,39.29,41.00,,39.29,,,3304,129249.00,30,F1,1,,,,,
2026-07-24,2026-07-24,CM,BSE,STK,524709,INE295D01020,NACLIND,B,,,,,NACL Industries Limited,189.65,198.85,186.80,197.10,198.65,192.85,,196.82,,,103568,19888576.00,1160,F1,1,,,,,
2026-07-24,2026-07-24,CM,BSE,STK,524711,INE427C01021,VISTAPH,X,,,,,VISTA PHARMACEUTICALS LTD.,7.00,7.35,7.00,7.27,7.27,7.03,,7.27,,,3968,27930.00,26,F1,1,,,,,
2026-07-24,2026-07-24,CM,BSE,STK,524715,INE044A01036,SUNPHARMA,A,,,,,SUN PHARMACEUTICAL INDUSTRIES,1953.55,1959.30,1935.00,1941.00,1941.00,1954.05,,1941.10,,,201886,392848783.00,5441,F1,1,,,,,
2026-07-24,2026-07-24,CM,BSE,STK,524717,INE150C01029,TITANBIO,XT,,,,,TITAN BIOTECH LTD.,414.00,425.00,410.10,415.95,419.00,423.75,,415.95,,,13941,5829310.00,292,F1,1,,,,,
2026-07-24,2026-07-24,CM,BSE,STK,524723,INE491D01017,ARVAYA,XT,,,,,Arvaya Healthcare Limited,139.41,139.41,139.41,139.41,139.41,132.78,,139.41,,,650,90616.00,6,F1,1,,,,,
2026-07-24,2026-07-24,CM,BSE,STK,524727,INE004E01016,SDL,X,,,,,Span Divergent Limited,34.31,37.10,34.31,37.10,37.10,36.05,,37.10,,,533,19659.00,12,F1,1,,,,,
2026-07-24,2026-07-24,CM,BSE,STK,524731,INE354A01013,JENBURPH,X,,,,,JENBURKT PHARMACEUTICALS LTD.,1055.55,1077.70,1040.60,1051.15,1051.15,1077.55,,1051.15,,,1614,1695656.00,134,F1,1,,,,,
2026-07-24,2026-07-24,CM,BSE,STK,524735,INE475B01022,HIKAL,B,,,,,HIKAL LTD.,213.15,219.70,208.30,217.20,218.35,211.75,,217.39,,,16709,3593391.00,558,F1,1,,,,,
2026-07-24,2026-07-24,CM,BSE,STK,524742,INE475E01026,CAPLIPOINT,A,,,,,CAPLIN POINT LABORATORIES LTD.,2458.00,2514.40,2455.20,2464.65,2464.65,2487.15,,2466.90,,,8465,21045076.00,1060,F1,1,,,,,
2026-07-24,2026-07-24,CM,BSE,STK,524743,INE771F01041,FISCHER,B,,,,,FISCHER MEDICAL VENTURES LIMIT,39.71,39.72,37.78,38.18,38.06,38.92,,37.95,,,76055,2916435.00,345,F1,1,,,,,
2026-07-24,2026-07-24,CM,BSE,STK,524748,INE302F01011,LINKPH,X,,,,,LINK PHARMA CHEM LTD.,28.00,28.00,28.00,28.00,28.00,28.13,,28.00,,,4,112.00,3,F1,1,,,,,
2026-07-24,2026-07-24,CM,BSE,STK,524752,INE643N01012,DECIPHER,X,,,,,DECIPHER LABS LIMITED,5.46,5.95,5.46,5.95,5.95,6.05,,5.95,,,3446,19664.00,16,F1,1,,,,,
2026-07-24,2026-07-24,CM,BSE,STK,524768,INE634B01016,EMMESSA,X,,,,,EMMESSAR BIOTECH & NUTRITION L,24.90,24.90,24.30,24.45,24.90,24.13,,24.45,,,44,1093.00,4,F1,1,,,,,
2026-07-24,2026-07-24,CM,BSE,STK,524774,INE887E01022,NGLFINE,B,,,,,NGL FINE-CHEM LTD.,3175.70,3195.30,3124.35,3194.85,3190.90,3216.65,,3204.60,,,120,380418.00,24,F1,1,,,,,
2026-07-24,2026-07-24,CM,BSE,STK,524790,INE334C01029,EVERESTO,X,,,,,EVEREST ORGANICS LTD.,291.05,291.80,290.00,290.35,290.00,291.00,,290.35,,,394,114669.00,11,F1,1,,,,,
2026-07-24,2026-07-24,CM,BSE,STK,524804,INE406A01037,AUROPHARMA,A,,,,,AUROBINDO PHARMA LTD.,1516.30,1540.65,1513.15,1531.50,1530.60,1523.90,,1532.00,,,21044,32206861.00,1819,F1,1,,,,,
2026-07-24,2026-07-24,CM,BSE,STK,524808,INE037C01010,PHYTO,X,,,,,PHYTO CHEM (INDIA) LTD.,23.47,23.47,23.47,23.47,23.47,23.58,,23.47,,,5,117.00,1,F1,1,,,,,
2026-07-24,2026-07-24,CM,BSE,STK,524816,INE987B01026,NATCOPHARM,A,,,,,NATCO PHARMA LTD.,920.00,926.90,911.70,920.80,926.30,918.85,,921.40,,,42015,38615522.00,3000,F1,1,,,,,
2026-07-24,2026-07-24,CM,BSE,STK,524818,INE457C01010,DYNAMIND,X,,,,,DYNAMIC INDUSTRIES LTD.,107.15,115.00,107.10,111.10,115.00,107.15,,111.10,,,417,44698.00,11,F1,1,,,,,
2026-07-24,2026-07-24,CM,BSE,STK,524820,INE305C01029,PANAMAPET,B,,,,,PANAMA PETROCHEM LTD.,502.95,519.15,490.85,498.10,498.10,501.55,,498.25,,,65608,33054499.00,2108,F1,1,,,,,
2026-07-24,2026-07-24,CM,BSE,STK,524824,INE083D01012,BALPHARMA,B,,,,,BAL PHARMA LTD.,86.85,87.59,86.54,87.08,87.08,88.21,,87.33,,,1725,150090.00,29,F1,1,,,,,
2026-07-24,2026-07-24,CM,BSE,STK,524828,INE278D01018,BDH,X,,,,,BDH INDUSTRIES LTD.,580.35,598.00,551.20,589.80,594.00,580.35,,589.80,,,10198,5971168.00,265,F1,1,,,,,
2026-07-24,2026-07-24,CM,BSE,STK,526001,INE593O01017,JAUSPOL,X,,,,,JAUSS POLYMERS LTD.,25.00,25.50,24.50,25.50,25.50,25.18,,25.50,,,7008,172646.00,8,F1,1,,,,,
2026-07-24,2026-07-24,CM,BSE,STK,526025,INE064L01015,GLOBUSCON,X,,,,,GLOBUS CONSTRUCTORS & DEVELOPE,13.90,13.90,12.40,12.87,12.87,13.49,,12.87,,,11062,139875.00,70,F1,1,,,,,
2026-07-24,2026-07-24,CM,BSE,STK,526027,INE144D01012,CUBEXTUB,B,,,,,CUBEX TUBINGS LTD.,92.00,92.00,77.00,77.19,77.00,77.32,,77.00,,,5586,432984.00,175,F1,1,,,,,
2026-07-24,2026-07-24,CM,BSE,STK,526043,INE809B01014,POLYCHMP,X,,,,,POLYMECHPLAST MACHINES LTD.,52.40,52.40,51.00,51.04,51.01,51.49,,51.04,,,339,17300.00,11,F1,1,,,,,
2026-07-24,2026-07-24,CM,BSE,STK,526071,INE395F01023,STELLANT,XT,,,,,STELLANT SECURITIES (INDIA) LT,591.40,624.05,580.00,623.95,624.05,594.35,,623.95,,,2894,1759853.00,132,F1,1,,,,,
2026-07-24,2026-07-24,CM,BSE,STK,526073,INE020S01012,GALXBRG,XT,,,,,GALAXY BEARINGS LTD.,875.00,888.85,870.10,888.75,888.00,893.30,,888.75,,,374,329732.00,35,F1,1,,,,,
2026-07-24,2026-07-24,CM,BSE,STK,526075,INE092O01028,VINRKLB,XT,,,,,REKVINA LABORATORIES LTD.,25.27,25.39,25.27,25.30,25.27,26.60,,25.30,,,3938,99513.00,17,F1,1,,,,,
2026-07-24,2026-07-24,CM,BSE,STK,526081,INE895E01017,SCAGRO,XT,,,,,SC Agrotech Limited,29.76,29.76,29.75,29.75,29.75,28.35,,29.75,,,6271,186572.00,20,F1,1,,,,,
2026-07-24,2026-07-24,CM,BSE,STK,526095,INE427E01027,RALEGRA,XT,,,,,RAVILEELA GRANITES LTD.,56.74,56.74,56.74,56.74,56.74,56.74,,56.74,,,7,397.00,1,F1,1,,,,,
2026-07-24,2026-07-24,CM,BSE,STK,526113,INE602H01010,UNRYLMA,X,,,,,UNIROYAL MARINE EXPORTS LTD.,14.66,14.66,14.66,14.66,14.66,14.51,,14.66,,,143,2096.00,5,F1,1,,,,,
2026-07-24,2026-07-24,CM,BSE,STK,526115,INE327D01013,KARANWO,X,,,,,KARAN WOO-SIN LTD.,8.01,8.01,8.00,8.00,8.00,8.10,,8.00,,,235,1882.00,2,F1,1,,,,,
2026-07-24,2026-07-24,CM,BSE,STK,526117,INE011D01013,SHERVANI,X,,,,,SHERVANI INDUSTRIAL SYNDICATE,288.00,288.00,275.15,277.80,277.80,303.65,,277.80,,,236,66540.00,31,F1,1,,,,,
2026-07-24,2026-07-24,CM,BSE,STK,526125,INE00HZ01011,BNAGROCHEM,T,,,,,BN AGROCHEM LIMITED,274.80,274.80,274.80,274.80,274.80,277.95,,274.80,,,9,2473.00,2,F1,1,,,,,
2026-07-24,2026-07-24,CM,BSE,STK,526133,INE881B01054,SUPERTEX,X,,,,,SUPERTEX INDUSTRIES LTD.,5.07,5.07,5.00,5.00,5.00,5.09,,5.00,,,1286,6474.00,10,F1,1,,,,,
2026-07-24,2026-07-24,CM,BSE,STK,526137,INE278C01010,SHETR,X,,,,,SHETRON LTD.,99.06,99.06,93.20,94.99,94.99,99.06,,94.99,,,636,60442.00,26,F1,1,,,,,
2026-07-24,2026-07-24,CM,BSE,STK,526139,INE773D01018,TRABI,X,,,,,TRANSGENE BIOTEK LTD.,2.91,3.09,2.91,3.04,2.98,2.97,,3.04,,,11835,35759.00,36,F1,1,,,,,
2026-07-24,2026-07-24,CM,BSE,STK,526143,INE343A01016,MPL,X,,,,,MPL PLASTICS LTD.,6.39,6.57,6.03,6.39,6.39,6.65,,6.39,,,1796,11296.00,12,F1,1,,,,,
2026-07-24,2026-07-24,CM,BSE,STK,526159,INE926C01022,NIKHILAD,X,,,,,NIKHIL ADHESIVES LTD.,73.99,74.99,72.10,72.58,72.56,74.55,,72.58,,,6721,489825.00,924,F1,1,,,,,
2026-07-24,2026-07-24,CM,BSE,STK,526161,INE175C01018,SPENTA,X,,,,,SPENTA INTERNATIONAL LTD.,129.00,131.74,118.02,131.74,131.74,109.79,,131.74,,,6872,866017.00,155,F1,1,,,,,
2026-07-24,2026-07-24,CM,BSE,STK,526169,INE678F01014,MULTIBASE,X,,,,,MULTIBASE INDIA LTD.,175.20,180.40,172.00,174.55,174.55,180.95,,174.55,,,6921,1220814.00,183,F1,1,,,,,
2026-07-24,2026-07-24,CM,BSE,STK,526173,INE449C01025,ANDREWYU,B,,,,,ANDREW YULE & COMPANY LTD.,23.92,26.00,23.65,25.49,25.49,23.92,,25.49,,,190675,4767787.00,532,F1,1,,,,,
2026-07-24,2026-07-24,CM,BSE,STK,526179,INE983C01015,LUDLOWJUT,XT,,,,,LUDLOW JUTE & SPECIALITIES LTD,385.25,400.00,385.25,391.60,391.60,385.25,,391.60,,,1038,408839.00,53,F1,1,,,,,
2026-07-24,2026-07-24,CM,BSE,STK,526193,INE618A01011,ROYALCU,X,,,,,ROYAL CUSHION VINYL PRODUCTS L,15.45,16.75,15.30,15.59,15.51,16.03,,15.59,,,11453,177487.00,47,F1,1,,,,,
2026-07-24,2026-07-24,CM,BSE,STK,526211,INE170U01011,SURJIND,XT,,,,,SURAJ INDUSTRIES LTD.,52.50,54.65,50.50,54.00,54.00,53.00,,54.00,,,343,17496.00,9,F1,1,,,,,
2026-07-24,2026-07-24,CM,BSE,STK,526217,INE120D01012,HITECHCORP,T,,,,,Hitech Corporation Limited,322.00,322.00,317.05,318.00,318.00,322.00,,320.25,,,35,11225.00,5,F1,1,,,,,
2026-07-24,2026-07-24,CM,BSE,STK,526225,INE253C01013,BLOOM,X,,,,,BLOOM DEKOR LTD.,7.01,7.01,7.01,7.01,7.01,7.16,,7.01,,,2304,16151.00,5,F1,1,,,,,
2026-07-24,2026-07-24,CM,BSE,STK,526227,INE816B01035,FILATEX,B,,,,,FILATEX INDIA LTD.,71.98,77.50,70.58,73.83,74.30,71.85,,73.83,,,633911,47546205.00,5600,F1,1,,,,,
2026-07-24,2026-07-24,CM,BSE,STK,526231,INE307D01015,STDSFAC,X,,,,,STANDARD SURFACTANTS LTD.,51.99,51.99,47.36,51.15,51.90,52.74,,51.15,,,405,20531.00,15,F1,1,,,,,
2026-07-24,2026-07-24,CM,BSE,STK,526237,INE902C01015,MORGAN,X,,,,,MORGAN VENTURES LTD.,46.46,47.00,46.46,46.50,46.50,46.00,,46.50,,,1142,53128.00,14,F1,1,,,,,
2026-07-24,2026-07-24,CM,BSE,STK,526241,INE762C01021,AMRAPLIN,XT,,,,,AMRAPALI INDUSTRIES LTD.,33.50,35.23,31.91,33.31,33.50,33.57,,33.31,,,4743,163171.00,61,F1,1,,,,,
2026-07-24,2026-07-24,CM,BSE,STK,526247,INE863B01029,PREMEXPLN,A,,,,,PREMIER EXPLOSIVES LTD.,660.25,673.35,658.00,662.70,663.00,663.10,,662.10,,,10077,6697670.00,291,F1,1,,,,,
2026-07-24,2026-07-24,CM,BSE,STK,526251,INE033E01015,MIDEASTP,XT,,,,,MID EAST PORTFOLIO MANAGEMENT,40.49,42.49,40.00,40.05,40.49,40.49,,40.05,,,166,6761.00,11,F1,1,,,,,
2026-07-24,2026-07-24,CM,BSE,STK,526263,INE835B01035,MOLDTECH,B,,,,,MOLD-TEK TECHNOLOGIES LTD.,133.40,135.00,130.75,134.25,135.00,133.20,,134.66,,,2973,392892.00,146,F1,1,,,,,
2026-07-24,2026-07-24,CM,BSE,STK,526269,INE293N01016,CRSTCHM,XT,,,,,CRESTCHEM LTD.,133.30,133.95,127.50,133.00,133.00,132.00,,133.00,,,757,97551.00,25,F1,1,,,,,
2026-07-24,2026-07-24,CM,BSE,STK,526299,INE356A01018,MPHASIS,A,,,,,MPHASIS LTD.,2225.45,2340.35,2193.65,2289.30,2274.15,2232.10,,2288.10,,,63174,143199352.00,8872,F1,1,,,,,
2026-07-24,2026-07-24,CM,BSE,STK,526315,INE410G01010,DIVSHKT,X,,,,,DIVYASHAKTI LIMITED,51.40,51.40,49.02,51.25,51.25,49.00,,51.25,,,92,4522.00,9,F1,1,,,,,
2026-07-24,2026-07-24,CM,BSE,STK,526325,INE609C01024,ORIENTLTD,B,,,,,ORIENT PRESS LTD.,78.73,89.02,74.00,89.02,89.02,74.19,,89.29,,,8517,707722.00,188,F1,1,,,,,
2026-07-24,2026-07-24,CM,BSE,STK,526335,INE115F01017,SHREYASI,X,,,,,SHREYAS INTERMEDIATES LTD.,6.29,6.29,5.81,6.23,6.23,6.23,,6.23,,,1364,8472.00,14,F1,1,,,,,
2026-07-24,2026-07-24,CM,BSE,STK,526345,INE744D01019,PANJON,X,,,,,PANJON LTD.,18.00,18.25,17.71,18.05,18.05,18.05,,18.05,,,742,13333.00,15,F1,1,,,,,
2026-07-24,2026-07-24,CM,BSE,STK,526355,INE138B01018,DUROPACK,X,,,,,DUROPACK LTD.,55.29,55.89,55.29,55.89,55.89,55.56,,55.89,,,104,5778.00,7,F1,1,,,,,
2026-07-24,2026-07-24,CM,BSE,STK,526365,INE967A01012,SWARNSAR,X,,,,,SWARNSARITA JEWELS INDIA LIMIT,32.45,33.49,31.51,32.54,32.65,32.23,,32.54,,,10304,336518.00,34,F1,1,,,,,
2026-07-24,2026-07-24,CM,BSE,STK,526367,INE460C01014,GANESHHOU,B,,,,,GANESH HOUSING LIMITED,793.00,807.50,778.85,795.85,797.90,811.40,,799.20,,,2407,1917279.00,212,F1,1,,,,,
2026-07-24,2026-07-24,CM,BSE,STK,526371,INE584A01023,NMDC,A,,,,,NMDC LTD.,83.01,83.65,81.80,83.57,83.57,82.62,,83.56,,,728915,60231211.00,3139,F1,1,,,,,
2026-07-24,2026-07-24,CM,BSE,STK,526381,INE529D01014,PATINTLOG,T,,,,,PATEL INTEGRATED LOGISTICS LTD,14.25,14.25,13.75,13.87,13.85,14.44,,13.83,,,18104,250872.00,45,F1,1,,,,,
2026-07-24,2026-07-24,CM,BSE,STK,526397,INE137C01018,ALPHAGEO,B,,,,,ALPHAGEO (INDIA) LTD.,199.00,204.00,198.65,204.00,204.00,200.00,,204.54,,,595,120443.00,47,F1,1,,,,,
2026-07-24,2026-07-24,CM,BSE,STK,526407,INE299D01022,HAMPTON,X,,,,,HAMPTON SKY REALTY LIMITED,9.09,9.09,8.28,8.91,8.94,8.55,,8.91,,,13313,114425.00,83,F1,1,,,,,
2026-07-24,2026-07-24,CM,BSE,STK,526409,INE301C01028,KKALPANAIND,X,,,,,KKALPANA INDUSTRIES (INDIA) LT,7.46,7.48,6.93,7.20,7.20,7.17,,7.20,,,18453,132525.00,56,F1,1,,,,,
2026-07-24,2026-07-24,CM,BSE,STK,526415,INE870B01024,OKPLA,XT,,,,,OK PLAY INDIA LTD.,4.09,4.09,3.83,3.87,3.90,3.96,,3.87,,,113370,440873.00,178,F1,1,,,,,
2026-07-24,2026-07-24,CM,BSE,STK,526423,INE479D01038,KRITI,T,,,,,KRITI INDUSTRIES (INDIA) LTD.,64.40,65.60,63.50,64.12,64.12,64.95,,64.17,,,986,63261.00,21,F1,1,,,,,
2026-07-24,2026-07-24,CM,BSE,STK,526433,INE867C01010,ASMTEC,B,,,,,ASM TECHNOLOGIES LTD.,4061.10,4455.20,4012.45,4254.30,4254.30,4145.20,,4254.30,,,25245,106165012.00,2234,F1,1,,,,,
2026-07-24,2026-07-24,CM,BSE,STK,526435,INE759I01024,PERFEPA,X,,,,,PERFECTPAC LTD.,71.50,71.50,71.44,71.44,71.44,70.40,,71.44,,,282,20146.00,8,F1,1,,,,,
2026-07-24,2026-07-24,CM,BSE,STK,526439,INE267C01013,AMBIT,X,,,,,AMBITIOUS PLASTOMAC COMPANY LT,10.82,10.82,10.80,10.80,10.80,9.85,,10.80,,,118,1275.00,4,F1,1,,,,,
2026-07-24,2026-07-24,CM,BSE,STK,526441,INE515B01025,VISIONCINE,XT,,,,,VISION CINEMAS LTD.,1.17,1.22,1.12,1.22,1.22,1.17,,1.22,,,32930,38473.00,46,F1,1,,,,,
2026-07-24,2026-07-24,CM,BSE,STK,526443,INE072B01027,AEIM,X,,,,,Artificial Electronics Intelli,94.00,94.00,90.50,90.95,90.95,92.05,,90.95,,,18191,1659887.00,246,F1,1,,,,,
2026-07-24,2026-07-24,CM,BSE,STK,526445,INE007C01021,INDRANIB,X,,,,,INDRAYANI BIOTECH LTD.,8.00,8.10,7.80,8.02,8.02,7.79,,8.02,,,10385,83348.00,53,F1,1,,,,,
2026-07-24,2026-07-24,CM,BSE,STK,526468,INE940E01011,EUROLED,X,,,,,EURO LEDER FASHION LTD.,16.00,16.25,15.60,16.20,16.20,15.75,,16.20,,,5118,82448.00,28,F1,1,,,,,
2026-07-24,2026-07-24,CM,BSE,STK,526471,INE391C01011,WINSOMBR,X,,,,,WINSOME BREWERIES LTD.,20.07,20.91,19.95,20.16,20.16,20.07,,20.16,,,8860,180275.00,73,F1,1,,,,,
2026-07-24,2026-07-24,CM,BSE,STK,526473,INE152E01013,ELEFLOR,X,,,,,ELEGANT FLORICULTURE & AGROTEC,4.92,5.05,4.88,5.00,4.98,5.05,,5.00,,,4490,22218.00,39,F1,1,,,,,
2026-07-24,2026-07-24,CM,BSE,STK,526479,INE765B01018,SKYIND,X,,,,,SKY INDUSTRIES LTD.,111.50,111.50,101.28,103.51,103.80,104.45,,103.51,,,5140,532793.00,112,F1,1,,,,,
2026-07-24,2026-07-24,CM,BSE,STK,526481,INE245B01011,PHOENXINTL,X,,,,,PHOENIX INTERNATIONAL LTD.,29.58,29.58,28.08,29.49,29.49,29.58,,29.49,,,389,11478.00,15,F1,1,,,,,
2026-07-24,2026-07-24,CM,BSE,STK,526488,INE432N01010,BHUDEVI,XT,,,,,BHUDEVI INFRA PROJECTS LIMITED,153.95,153.95,140.60,149.00,149.00,147.70,,149.00,,,176,26978.00,10,F1,1,,,,,
2026-07-24,2026-07-24,CM,BSE,STK,526490,INE206C01029,PRATIK,X,,,,,PRATIK PANELS LTD.,6.00,6.00,5.56,5.86,5.98,5.74,,5.86,,,41171,239478.00,79,F1,1,,,,,
2026-07-24,2026-07-24,CM,BSE,STK,526492,INE582D01013,RISHIROOP,X,,,,,Rishiroop Limited,93.00,94.25,93.00,93.03,94.00,94.25,,93.03,,,529,49203.00,17,F1,1,,,,,
2026-07-24,2026-07-24,CM,BSE,STK,526494,INE818D01011,PROMACT,X,,,,,Promact Plastics Limited,9.05,9.05,9.05,9.05,9.05,9.07,,9.05,,,108,977.00,2,F1,1,,,,,
2026-07-24,2026-07-24,CM,BSE,STK,526506,INE356B01024,SYSTMTXC,T,,,,,SYSTEMATIX CORPORATE SERVICES,58.10,62.99,58.10,60.03,62.99,60.33,,60.07,,,3782,226815.00,16,F1,1,,,,,
2026-07-24,2026-07-24,CM,BSE,STK,526508,INE825D01016,SHAHISHIP,X,,,,,Shahi Shipping Limited,12.22,12.25,11.71,12.17,12.25,12.19,,12.17,,,855,10407.00,19,F1,1,,,,,
2026-07-24,2026-07-24,CM,BSE,STK,526519,INE840D01015,ALPINEHOU,X,,,,,ALPINE HOUSING DEVELOPMENT COR,134.45,134.45,126.56,129.28,130.99,131.50,,129.28,,,1119,145141.00,43,F1,1,,,,,
2026-07-24,2026-07-24,CM,BSE,STK,526525,INE550D01010,WWALUM,X,,,,,WORLDWIDE ALUMINIUM LIMITED,17.81,17.81,17.81,17.81,17.81,17.68,,17.81,,,277,4933.00,1,F1,1,,,,,
2026-07-24,2026-07-24,CM,BSE,STK,526530,INE670C01026,IIRM,XT,,,,,IIRM HOLDINGS INDIA LIMITED,131.60,131.65,125.00,130.00,130.00,125.40,,130.00,,,64263,8350589.00,111,F1,1,,,,,
2026-07-24,2026-07-24,CM,BSE,STK,526532,INE716K01020,SFPIL,X,,,,,SQUARE FOUR PROJECTS INDIA LIM,8.33,8.33,7.29,8.16,8.32,8.32,,8.16,,,1333,10478.00,16,F1,1,,,,,
2026-07-24,2026-07-24,CM,BSE,STK,526544,INE967B01028,SGLRES,XT,,,,,SGL RESOURCES LIMITED,2.60,2.65,2.55,2.65,2.65,2.60,,2.65,,,34493,89331.00,139,F1,1,,,,,
2026-07-24,2026-07-24,CM,BSE,STK,526546,INE493D01013,CHOKSILA,XT,,,,,CHOKSI LABORATORIES LTD.,112.85,112.85,112.80,112.80,112.80,112.75,,112.80,,,272,30693.00,6,F1,1,,,,,
2026-07-24,2026-07-24,CM,BSE,STK,526550,INE652F01027,CCHHL,B,,,,,COUNTRY CLUB HOSPITALITY AND H,12.50,12.50,12.43,12.43,12.43,12.53,,12.74,,,1650,20614.00,25,F1,1,,,,,
2026-07-24,2026-07-24,CM,BSE,STK,526570,INE519N01014,REMAGNET,T,,,,,MIDWEST ENERGY LIMITED,3645.20,3796.20,3450.00,3757.00,3790.00,3615.45,,3757.00,,,5148,18918677.00,380,F1,1,,,,,
2026-07-24,2026-07-24,CM,BSE,STK,526574,INE439G01019,ENTRINT,X,,,,,ENTERPRISE INTERNATIONAL LTD.,19.01,20.00,19.00,19.50,19.50,19.76,,19.50,,,781,15044.00,9,F1,1,,,,,
2026-07-24,2026-07-24,CM,BSE,STK,526582,INE413G01022,TPLPLASTEH,B,,,,,TPL PLASTECH LTD.,77.00,77.51,75.15,77.06,76.90,77.00,,76.90,,,7928,603091.00,152,F1,1,,,,,
2026-07-24,2026-07-24,CM,BSE,STK,526596,INE557B01019,LIBERTSHOE,B,,,,,LIBERTY SHOES LTD.,255.65,263.15,251.20,258.45,259.00,257.10,,258.25,,,2063,526675.00,122,F1,1,,,,,
2026-07-24,2026-07-24,CM,BSE,STK,526604,INE845B01018,LIPPISYS,XT,,,,,LIPPI SYSTEMS LTD.,262.25,272.95,262.25,265.25,265.25,267.60,,265.25,,,44834,11967494.00,111,F1,1,,,,,
2026-07-24,2026-07-24,CM,BSE,STK,526608,INE822G01016,ELECTHERM,B,,,,,ELECTROTHERM (INDIA) LTD.,997.30,1095.00,995.25,1009.55,1010.00,1002.20,,1008.30,,,2289,2392710.00,211,F1,1,,,,,
2026-07-24,2026-07-24,CM,BSE,STK,526612,INE233B01017,BLUEDART,A,,,,,BLUE DART EXPRESS LTD.,4760.00,4970.00,4716.50,4896.75,4877.80,4767.35,,4910.90,,,2265,11096114.00,438,F1,1,,,,,
2026-07-24,2026-07-24,CM,BSE,STK,526614,INE561D01025,EXPOEAPL,X,,,,,EXPO ENGINEERING AND PROJECTS,69.00,74.95,68.10,73.53,74.95,70.20,,73.53,,,36120,2641080.00,65,F1,1,,,,,
2026-07-24,2026-07-24,CM,BSE,STK,526616,INE233D01013,NATPLAS,X,,,,,NATIONAL PLASTIC INDUSTRIES LT,41.98,41.98,41.00,41.90,41.90,41.04,,41.90,,,453,18889.00,16,F1,1,,,,,
2026-07-24,2026-07-24,CM,BSE,STK,526622,INE244C01020,MFLINDIA,X,,,,,MFL INDIA LTD.,0.36,0.38,0.35,0.37,0.38,0.36,,0.37,,,348060,126772.00,225,F1,1,,,,,
2026-07-24,2026-07-24,CM,BSE,STK,526638,INE594V01028,TEXELIN,X,,,,,TEXEL INDUSTRIES LTD.,72.00,72.79,70.12,70.27,70.12,72.90,,70.27,,,16060,1138341.00,133,F1,1,,,,,
2026-07-24,2026-07-24,CM,BSE,STK,526640,INE008C01011,RAYALEMA,X,,,,,ROYALE MANOR HOTELS & INDUSTRI,28.61,30.09,28.61,29.78,29.78,28.76,,29.78,,,423,12118.00,6,F1,1,,,,,
2026-07-24,2026-07-24,CM,BSE,STK,526642,INE771A01026,MIRZAINT,B,,,,,MIRZA INTERNATIONAL LTD.,34.40,36.00,34.40,35.09,35.25,35.52,,35.06,,,22045,770841.00,141,F1,1,,,,,
2026-07-24,2026-07-24,CM,BSE,STK,526650,INE305A01023,TFCILTD,A,,,,,TOURISM FINANCE CORPORATION OF,81.84,88.20,80.00,87.21,87.21,82.07,,87.27,,,5030189,423770077.00,4778,F1,1,,,,,
2026-07-24,2026-07-24,CM,BSE,STK,526654,INE403F01017,THAKDEV,B,,,,,THAKKERS DEVELOPERS LTD.,149.30,163.90,149.30,163.90,163.90,156.65,,155.70,,,126,18841.00,5,F1,1,,,,,
2026-07-24,2026-07-24,CM,BSE,STK,526662,INE610C01014,ARENTERP,B,,,,,RAJDARSHAN INDUSTRIES LTD.,52.40,53.00,42.03,43.53,43.53,48.56,,44.17,,,26442,1264132.00,383,F1,1,,,,,
2026-07-24,2026-07-24,CM,BSE,STK,526666,INE828A01016,BIL,B,,,,,BHARTIYA INTERNATIONAL LTD.,745.00,745.00,727.00,727.00,727.00,731.35,,729.85,,,12,8839.00,7,F1,1,,,,,
2026-07-24,2026-07-24,CM,BSE,STK,526668,INE967C01018,KAMATHOTEL,B,,,,,KAMAT HOTELS (INDIA) LTD.,169.90,170.15,167.00,168.40,170.15,169.90,,169.10,,,1631,274454.00,107,F1,1,,,,,
2026-07-24,2026-07-24,CM,BSE,STK,526675,INE008N01018,TIRTPLS,X,,,,,TIRTH PLASTIC LTD.,31.54,32.95,30.20,30.92,32.95,31.69,,30.92,,,639,19466.00,15,F1,1,,,,,
2026-07-24,2026-07-24,CM,BSE,STK,526677,INE055C01020,KEEPLEARN,B,,,,,DSJ KEEP LEARNING LIMITED,1.90,1.90,1.75,1.89,1.90,1.90,,1.85,,,3828,7010.00,23,F1,1,,,,,
2026-07-24,2026-07-24,CM,BSE,STK,526703,INE423D01010,ECOPLAST,X,,,,,ECOPLAST LTD.,506.25,510.00,482.10,486.15,485.60,506.15,,486.15,,,685,336140.00,29,F1,1,,,,,
2026-07-24,2026-07-24,CM,BSE,STK,526705,INE095B01010,ELEMARB,X,,,,,ELEGANT MARBLES & GRANI INDUST,173.90,180.00,171.50,178.80,178.95,171.05,,178.80,,,206,36089.00,23,F1,1,,,,,
2026-07-24,2026-07-24,CM,BSE,STK,526709,INE839A01021,BITS,X,,,,,BITS LTD.,7.58,7.60,7.15,7.49,7.49,7.57,,7.49,,,27644,204600.00,160,F1,1,,,,,
2026-07-24,2026-07-24,CM,BSE,STK,526711,INE627D01016,ADARSHPL,X,,,,,ADARSH PLANT PROTECT LTD.,30.00,30.00,30.00,30.00,30.00,29.80,,30.00,,,1,30.00,1,F1,1,,,,,
2026-07-24,2026-07-24,CM,BSE,STK,526717,INE136C01044,HPBL,XT,,,,,HCP PLASTENE BULKPACK LIMITED,181.00,184.70,174.00,183.05,183.00,181.00,,183.05,,,1075,194072.00,24,F1,1,,,,,
2026-07-24,2026-07-24,CM,BSE,STK,526721,INE653C01022,NICCOPAR,X,,,,,NICCO PARKS & RESORTS LTD.,71.01,71.71,70.75,71.09,71.20,73.23,,71.09,,,1175,83410.00,31,F1,1,,,,,
2026-07-24,2026-07-24,CM,BSE,STK,526723,INE920C01017,NTCIND,X,,,,,NTC INDUSTRIES LTD.,130.95,132.90,128.95,131.20,131.25,128.95,,131.20,,,3518,460305.00,78,F1,1,,,,,
2026-07-24,2026-07-24,CM,BSE,STK,526727,INE797D01017,GARNET,X,,,,,GARNET CONSTRUCTION LTD.,69.75,69.75,66.35,67.12,67.01,68.02,,67.12,,,986,66421.00,37,F1,1,,,,,
2026-07-24,2026-07-24,CM,BSE,STK,526729,INE025B01025,GOLDIAM,A,,,,,GOLDIAM INTERNATIONAL LTD.,343.45,351.10,335.35,349.70,349.80,347.80,,349.50,,,48078,16498720.00,1199,F1,1,,,,,
2026-07-24,2026-07-24,CM,BSE,STK,526731,INE630D01010,BRIGHTBR,X,,,,,BRIGHT BROTHERS LTD.,222.20,237.00,222.20,228.20,225.00,222.20,,228.20,,,1771,405156.00,42,F1,1,,,,,
2026-07-24,2026-07-24,CM,BSE,STK,526739,INE869A01010,SHAWGELTIN,X,,,,,NARMADA GELATINES LTD.,496.90,505.00,480.30,499.45,499.45,496.70,,499.45,,,7157,3493558.00,212,F1,1,,,,,
2026-07-24,2026-07-24,CM,BSE,STK,526747,INE078D01012,PGFOILQ,X,,,,,PG FOILS LTD.,174.80,174.80,168.15,171.30,171.30,174.75,,171.30,,,12225,2090380.00,130,F1,1,,,,,
2026-07-24,2026-07-24,CM,BSE,STK,526751,INE915E01013,GRATEXI,X,,,,,GRATEX INDUSTRIES LTD.,26.63,26.63,26.60,26.60,26.60,26.50,,26.60,,,155,4123.00,3,F1,1,,,,,
2026-07-24,2026-07-24,CM,BSE,STK,526755,INE548D01014,VELHO,X,,,,,VELAN HOTELS LTD.,6.52,6.52,6.08,6.08,6.08,6.39,,6.08,,,6207,38187.00,23,F1,1,,,,,
2026-07-24,2026-07-24,CM,BSE,STK,526761,INE931B01016,HOWARHO,X,,,,,HOWARD HOTELS LTD.,20.02,20.98,20.02,20.79,20.98,20.61,,20.79,,,105,2105.00,6,F1,1,,,,,
2026-07-24,2026-07-24,CM,BSE,STK,526775,INE760B01019,VALIANT,X,,,,,VALIANT COMMUNICATIONS LTD.,952.00,975.90,924.95,966.90,966.90,979.00,,966.90,,,8709,8238435.00,573,F1,1,,,,,
2026-07-24,2026-07-24,CM,BSE,STK,526783,INE934C01018,DRAGARWQ,B,,,,,DR.AGARWALS EYE HOSPITAL LTD.,4955.00,5030.05,4955.00,5018.55,5020.00,5030.05,,5020.50,,,54,270785.00,41,F1,1,,,,,
2026-07-24,2026-07-24,CM,BSE,STK,526797,INE461C01038,GREENPLY,B,,,,,GREENPLY INDUSTRIES LTD.,327.65,328.00,294.60,298.80,298.80,320.95,,298.15,,,62198,18984027.00,1496,F1,1,,,,,
2026-07-24,2026-07-24,CM,BSE,STK,526807,INE497B01018,SEAMECLTD,B,,,,,SEAMEC LTD.,1401.80,1413.70,1379.45,1393.40,1381.50,1401.80,,1396.30,,,1641,2300681.00,151,F1,1,,,,,
2026-07-24,2026-07-24,CM,BSE,STK,526813,INE753B01014,RAGHUNAT,X,,,,,RAGHUNATH INTERNATIONAL LTD.,10.50,11.45,10.50,11.39,11.39,10.55,,11.39,,,55,608.00,6,F1,1,,,,,
2026-07-24,2026-07-24,CM,BSE,STK,526817,INE974B01016,CHEVIOT,B,,,,,CHEVIOT CO.LTD.,1125.00,1175.90,1120.10,1154.50,1154.50,1124.05,,1153.60,,,1081,1240576.00,96,F1,1,,,,,
2026-07-24,2026-07-24,CM,BSE,STK,526821,INE928C01010,DAICHI,T,,,,,DAI-ICHI KARKARIA LTD.,310.00,310.00,300.25,300.25,300.25,302.00,,304.80,,,125,37862.00,3,F1,1,,,,,
2026-07-24,2026-07-24,CM,BSE,STK,526823,INE016C01014,RAJINFRA,Z,,,,,RAJESWARI INFRASTRUCTURE LIMIT,4.44,4.64,4.44,4.64,4.64,4.44,,4.64,,,22,101.00,2,F1,1,,,,,
2026-07-24,2026-07-24,CM,BSE,STK,526827,INE882D01017,SPICEISLIN,XT,,,,,SPICE ISLANDS INDUSTRIES LIMIT,512.35,514.45,490.00,502.90,502.90,512.35,,502.90,,,9796,4919372.00,518,F1,1,,,,,
2026-07-24,2026-07-24,CM,BSE,STK,526829,INE552D01024,CONFIPET,B,,,,,CONFIDENCE PETROLEUM INDIA LTD,74.30,79.47,73.42,78.15,78.20,74.53,,78.29,,,256410,19695829.00,1775,F1,1,,,,,
2026-07-24,2026-07-24,CM,BSE,STK,526839,INE413C01013,SIPL,X,,,,,SHELTER INFRA PROJECTS LTD.,14.20,15.50,14.20,14.51,14.51,14.77,,14.51,,,862,12518.00,19,F1,1,,,,,
2026-07-24,2026-07-24,CM,BSE,STK,526841,INE794C01016,SHAKTIPR,XT,,,,,SHAKTI PRESS LTD.,14.50,14.97,14.35,14.57,14.57,15.06,,14.57,,,428644,6216199.00,1282,F1,1,,,,,
2026-07-24,2026-07-24,CM,BSE,STK,526847,INE338C01012,ASHSI,X,,,,,ASHIRWAD STEELS & INDUSTRIES L,20.89,22.97,20.89,22.15,22.60,21.48,,22.15,,,6759,151385.00,33,F1,1,,,,,
2026-07-24,2026-07-24,CM,BSE,STK,526849,INE655B01011,BANARBEADS,B,,,,,BANARAS BEADS LTD.,113.65,123.20,113.65,121.25,122.00,113.65,,121.83,,,3396,408412.00,121,F1,1,,,,,
2026-07-24,2026-07-24,CM,BSE,STK,526851,INE480H01011,AREXMIS,X,,,,,AREX INDUSTRIES LTD.,113.00,113.00,113.00,113.00,113.00,117.90,,113.00,,,1,113.00,1,F1,1,,,,,
2026-07-24,2026-07-24,CM,BSE,STK,526853,INE986A01012,BI,B,,,,,BILCARE LTD.,60.26,60.90,59.10,59.34,59.32,60.25,,59.29,,,856,51140.00,21,F1,1,,,,,
2026-07-24,2026-07-24,CM,BSE,STK,526859,INE973B01026,ISFL,X,,,,,ISF LIMITED,0.76,0.76,0.73,0.74,0.74,0.73,,0.74,,,17317,13068.00,25,F1,1,,,,,
2026-07-24,2026-07-24,CM,BSE,STK,526865,INE966C01010,JAINCO,X,,,,,JAINCO PROJECTS (INDIA) LTD.,3.96,3.96,3.90,3.90,3.90,3.79,,3.90,,,277,1094.00,8,F1,1,,,,,
2026-07-24,2026-07-24,CM,BSE,STK,526869,INE795E01019,KUMPFIN,X,,,,,KUMBHAT FINANCIAL SERVICES LTD,22.50,22.50,22.50,22.50,22.50,22.57,,22.50,,,200,4500.00,3,F1,1,,,,,
2026-07-24,2026-07-24,CM,BSE,STK,526873,INE184D01026,RAJSEC,X,,,,,RAJASTHAN SECURITIES LIMITED,54.09,54.40,54.00,54.40,54.40,55.00,,54.40,,,66142,3584407.00,40,F1,1,,,,,
2026-07-24,2026-07-24,CM,BSE,STK,526881,INE111B01023,63MOONS,A,,,,,63 Moons Technologies Limited,683.45,711.15,683.45,709.05,709.05,703.75,,708.45,,,12766,8940997.00,425,F1,1,,,,,
2026-07-24,2026-07-24,CM,BSE,STK,526885,INE453D01025,SARLAPOLY,B,,,,,SARLA PERFORMANCE FIBERS LTD.,101.51,103.35,99.14,99.93,103.35,101.36,,100.00,,,4276,427490.00,98,F1,1,,,,,
2026-07-24,2026-07-24,CM,BSE,STK,526887,INE147D01015,INDOCRED,XT,,,,,INDO CREDIT CAPITAL LTD.,10.25,10.25,10.25,10.25,10.25,10.25,,10.25,,,1,10.00,1,F1,1,,,,,
2026-07-24,2026-07-24,CM,BSE,STK,526899,INE552B01010,HFIL,X,,,,,HIMALAYA FOOD INTERNATIONAL LI,9.15,9.19,8.72,8.79,8.79,9.02,,8.79,,,27876,248712.00,127,F1,1,,,,,
2026-07-24,2026-07-24,CM,BSE,STK,526901,INE344I01017,SONALAD,X,,,,,SONAL ADHESIVES LTD.,49.00,49.00,47.00,47.40,48.00,48.33,,47.40,,,1123,53383.00,9,F1,1,,,,,
2026-07-24,2026-07-24,CM,BSE,STK,526905,INE743D01011,PADMAIND,XT,,,,,Padmanabh Industries Ltd,8.16,8.56,7.76,8.55,8.56,8.16,,8.55,,,1006,8059.00,13,F1,1,,,,,
2026-07-24,2026-07-24,CM,BSE,STK,526921,INE253B01015,21STCENMGM,B,,,,,TWENTYFIRST CENTURY MANAGEMENT,36.00,37.30,36.00,37.30,37.30,36.57,,37.21,,,6830,254043.00,21,F1,1,,,,,
2026-07-24,2026-07-24,CM,BSE,STK,526931,INE400G01011,HRYNSHP,X,,,,,HARIYANA SHIP BREAKERS LTD.,101.20,103.80,100.00,103.70,103.70,101.10,,103.70,,,1035,104879.00,53,F1,1,,,,,
2026-07-24,2026-07-24,CM,BSE,STK,526935,INE377D01026,KALIND,XT,,,,,Kalind Limited,10.89,11.29,10.88,11.29,11.29,80.91,,11.29,,,2567860,28934484.00,2080,F1,1,,,,,
2026-07-24,2026-07-24,CM,BSE,STK,526941,INE116E01018,VAICC,P,,,,,VAISHNO CEMENT CO.LTD.,3.26,3.26,3.26,3.26,3.26,3.43,,3.26,,,100,326.00,1,F1,100,,,,,
2026-07-24,2026-07-24,CM,BSE,STK,526945,INE945B01016,TYROON,X,,,,,TYROON TEA CO.LTD.,91.91,91.91,83.50,87.00,87.00,89.20,,87.00,,,109,9199.00,17,F1,1,,,,,
2026-07-24,2026-07-24,CM,BSE,STK,526947,INE059D01020,LAOPALA,B,,,,,LA OPALA RG LTD.,187.65,187.65,181.55,184.05,184.15,187.10,,184.34,,,4306,790036.00,166,F1,1,,,,,
2026-07-24,2026-07-24,CM,BSE,STK,526951,INE239C01020,STYLAMIND,B,,,,,STYLAM INDUSTRIES LIMITED,3482.40,3482.40,3280.00,3419.75,3434.75,3387.05,,3416.80,,,6743,22709921.00,1041,F1,1,,,,,
2026-07-24,2026-07-24,CM,BSE,STK,526953,INE411B01019,VENUSREM,T,,,,,VENUS REMEDIES LTD.,1612.20,1681.50,1592.30,1650.60,1642.00,1676.05,,1649.30,,,2302,3748464.00,165,F1,1,,,,,
2026-07-24,2026-07-24,CM,BSE,STK,526961,INE404B01022,LASTMILE,XT,,,,,LAST MILE ENTERPRISES LIMITED,6.29,6.59,6.04,6.29,6.29,6.35,,6.29,,,774465,4858671.00,143,F1,1,,,,,
2026-07-24,2026-07-24,CM,BSE,STK,526965,INE372D01019,GUJCRAFT,X,,,,,GUJARAT CRAFT INDUSTRIES LTD.,94.00,94.00,94.00,94.00,94.00,94.75,,94.00,,,25,2350.00,1,F1,1,,,,,
2026-07-24,2026-07-24,CM,BSE,STK,526967,INE025D01013,HEERAISP,X,,,,,HEERA ISPAT LTD.,6.18,6.25,6.18,6.25,6.25,6.50,,6.25,,,400,2486.00,2,F1,1,,,,,
2026-07-24,2026-07-24,CM,BSE,STK,526971,INE313G01016,DHOOTIN,X,,,,,DHOOT INDUSTRIAL FINANCE LTD.,236.75,240.25,230.05,239.40,239.40,236.75,,239.40,,,547,130500.00,27,F1,1,,,,,
2026-07-24,2026-07-24,CM,BSE,STK,526981,INE402H01015,SHBAJRG,B,,,,,SHRI BAJRANG ALLIANCE LIMITED,190.05,190.05,182.00,182.95,182.95,189.55,,183.93,,,2264,418596.00,57,F1,1,,,,,
2026-07-24,2026-07-24,CM,BSE,STK,526987,INE550C01020,URJA,B,,,,,URJA GLOBAL LTD.,9.06,9.25,8.92,9.20,9.20,9.06,,9.22,,,119866,1089104.00,651,F1,1,,,,,
2026-07-24,2026-07-24,CM,BSE,STK,527001,INE348A01023,ASHAPURMIN,A,,,,,ASHAPURA MINECHEM LTD.,689.15,701.60,670.00,696.95,696.95,687.35,,697.05,,,29861,20532002.00,968,F1,1,,,,,
2026-07-24,2026-07-24,CM,BSE,STK,527005,INE847D01010,SHREEPAC,X,,,,,SHREE PACETRONIX LTD.,133.60,133.60,121.30,128.05,128.05,129.95,,128.05,,,8962,1134354.00,187,F1,1,,,,,
2026-07-24,2026-07-24,CM,BSE,STK,530001,INE186A01019,GUJALKALI,B,,,,,GUJARAT ALKALIES & CHEMICALS L,708.25,708.25,668.50,673.55,674.00,643.90,,674.80,,,34899,24187844.00,1920,F1,1,,,,,
2026-07-24,2026-07-24,CM,BSE,STK,530005,INE383A01012,INDIACEM,A,,,,,INDIA CEMENTS LTD.,402.20,409.10,397.60,407.60,406.00,408.00,,407.00,,,7922,3197135.00,293,F1,1,,,,,
2026-07-24,2026-07-24,CM,BSE,STK,530007,INE573A01042,JKTYRE,A,,,,,JK TYRE & INDUSTRIES LTD.,382.60,392.00,379.20,390.30,392.00,386.90,,390.55,,,46445,17892560.00,1619,F1,1,,,,,
2026-07-24,2026-07-24,CM,BSE,STK,530017,INE173A01025,SIL,B,,,,,STANDARD INDUSTRIES LTD.,16.15,16.43,15.69,15.97,15.90,16.15,,15.95,,,4793,76322.00,72,F1,1,,,,,
2026-07-24,2026-07-24,CM,BSE,STK,530019,INE700A01033,JUBLPHARMA,A,,,,,JUBILANT PHARMOVA LIMITED,958.75,970.00,950.10,962.00,965.65,970.85,,965.25,,,6950,6671076.00,347,F1,1,,,,,
2026-07-24,2026-07-24,CM,BSE,STK,530023,INE924D01017,THEINVEST,B,,,,,THE INVESTMENT TRUST OF INDIA,97.60,97.60,95.00,95.25,95.25,96.50,,95.21,,,951,90371.00,14,F1,1,,,,,
2026-07-24,2026-07-24,CM,BSE,STK,530025,INE607G01011,SAMYAKINT,X,,,,,SAMYAK INTERNATIONAL LTD.,17.95,17.95,16.50,17.10,17.00,17.12,,17.10,,,286,4751.00,12,F1,1,,,,,
2026-07-24,2026-07-24,CM,BSE,STK,530027,INE563D01013,AADIIND,X,,,,,AADI INDUSTRIES LTD.,8.54,8.54,8.54,8.54,8.54,8.14,,8.54,,,448,3825.00,3,F1,1,,,,,
2026-07-24,2026-07-24,CM,BSE,STK,530037,INE618F01010,SPARKLEGR,X,,,,,SPARKLE GOLD ROCK LIMITED,66.65,66.65,56.62,57.56,57.06,66.00,,57.56,,,64,3754.00,9,F1,1,,,,,
2026-07-24,2026-07-24,CM,BSE,STK,530043,INE326C01017,ACKNIT,X,,,,,ACKNIT INDUSTRIES LTD.,310.00,310.00,300.35,301.70,300.35,309.80,,301.70,,,443,134721.00,16,F1,1,,,,,
2026-07-24,2026-07-24,CM,BSE,STK,530045,INE090D01017,TITANSEC,X,,,,,TITAN SECURITIES LTD.,42.41,42.71,41.69,42.48,41.80,42.31,,42.48,,,26551,1111224.00,71,F1,1,,,,,
2026-07-24,2026-07-24,CM,BSE,STK,530053,INE055E01034,REALECO,X,,,,,REAL ECO-ENERGY LIMITED,4.12,4.12,3.93,4.03,4.03,3.93,,4.03,,,3988,15972.00,54,F1,1,,,,,
2026-07-24,2026-07-24,CM,BSE,STK,530057,INE984E01035,VIVANZA,X,,,,,Vivanza Biosciences Limited,1.95,1.95,1.87,1.88,1.88,1.87,,1.88,,,1953,3757.00,12,F1,1,,,,,
2026-07-24,2026-07-24,CM,BSE,STK,530063,INE095C01018,YASHRAJC,XT,,,,,YASHRAJ CONTAINEURS LTD.,4.64,4.85,4.40,4.40,4.40,4.62,,4.40,,,2366,10650.00,17,F1,1,,,,,
2026-07-24,2026-07-24,CM,BSE,STK,530065,INE689J01013,LORDSHOTL,X,,,,,LORDS ISHWAR HOTELS LIMITED,15.00,15.59,14.51,14.75,14.75,14.85,,14.75,,,943,14455.00,22,F1,1,,,,,
2026-07-24,2026-07-24,CM,BSE,STK,530067,INE718F01018,CSLFINANCE,B,,,,,CSL Finance Limited,218.55,218.55,212.35,215.00,215.00,213.00,,213.85,,,625,133029.00,9,F1,1,,,,,
2026-07-24,2026-07-24,CM,BSE,STK,530073,INE989A01032,SANGHVIMOV,B,,,,,SANGHVI MOVERS LTD.,425.55,460.90,419.80,458.10,458.10,425.05,,456.10,,,60195,26936963.00,1183,F1,1,,,,,
2026-07-24,2026-07-24,CM,BSE,STK,530075,INE818A01017,ANTELOPUS,B,,,,,Antelopus Selan Energy Limited,900.85,908.00,854.05,896.80,896.80,898.15,,894.55,,,6398,5612536.00,387,F1,1,,,,,
2026-07-24,2026-07-24,CM,BSE,STK,530077,INE795D01011,PURETROP,X,,,,,PURETROP FRUITS LIMITED,157.85,157.85,154.65,154.70,154.70,157.85,,154.70,,,1885,296016.00,14,F1,1,,,,,
2026-07-24,2026-07-24,CM,BSE,STK,530079,INE963C01033,FAZE3Q,B,,,,,FAZE THREE LTD.,539.25,546.75,534.50,546.20,546.00,545.40,,546.85,,,412,223578.00,33,F1,1,,,,,
2026-07-24,2026-07-24,CM,BSE,STK,530093,INE715F01014,ACEEDU,Z,,,,,ACE EDUTREND LTD.,4.28,4.41,4.05,4.39,4.39,4.20,,4.39,,,1885,8261.00,18,F1,1,,,,,
2026-07-24,2026-07-24,CM,BSE,STK,530109,INE069B01023,ANUPAM,X,,,,,ANUPAM FINSERV LIMITED,1.87,1.87,1.82,1.86,1.86,1.88,,1.86,,,108462,199929.00,139,F1,1,,,,,
2026-07-24,2026-07-24,CM,BSE,STK,530111,INE639C01013,RAJPACK,X,,,,,RAJ PACKAGING INDUSTRIES LTD.,29.00,29.00,27.00,27.29,27.00,27.79,,27.29,,,391,10764.00,9,F1,1,,,,,
2026-07-24,2026-07-24,CM,BSE,STK,530117,INE959A01019,PRIVISCL,A,,,,,PRIVI SPECIALITY CHEMICALS LIM,3541.05,3620.65,3497.60,3595.55,3580.00,3575.20,,3595.20,,,2336,8343262.00,354,F1,1,,,,,
2026-07-24,2026-07-24,CM,BSE,STK,530125,INE103E01016,SAMRATPH,XT,,,,,SAMRAT PHARMACHEM LTD.,246.00,255.50,240.00,251.00,251.00,246.55,,251.00,,,619,156465.00,25,F1,1,,,,,
2026-07-24,2026-07-24,CM,BSE,STK,530127,INE446D01011,NPRFIN,X,,,,,NPR FINANCE LTD.,21.25,21.25,20.31,20.50,20.50,21.25,,20.50,,,778,16331.00,10,F1,1,,,,,
2026-07-24,2026-07-24,CM,BSE,STK,530129,INE445D01013,NILE,B,,,,,NILE LTD.,1796.00,1811.55,1754.55,1795.25,1808.00,1802.05,,1800.90,,,1306,2341750.00,182,F1,1,,,,,
2026-07-24,2026-07-24,CM,BSE,STK,530133,INE924B01011,AMCOIND,X,,,,,AMCO INDIA LTD.,84.70,89.98,74.00,75.42,75.42,80.46,,75.42,,,36740,3049819.00,384,F1,1,,,,,
2026-07-24,2026-07-24,CM,BSE,STK,530135,INE350C01017,OPTIEMUS,B,,,,,OPTIEMUS INFRACOM LTD,603.50,609.00,591.55,600.55,598.75,615.85,,599.95,,,14944,8960251.00,629,F1,1,,,,,
2026-07-24,2026-07-24,CM,BSE,STK,530139,INE302C01018,KREONFIN,XT,,,,,KREON FINNANCIAL SERVICES LTD.,83.00,83.90,79.00,81.30,83.00,81.10,,81.30,,,9269,752887.00,35,F1,1,,,,,
2026-07-24,2026-07-24,CM,BSE,STK,530141,INE487G01018,GYANDEV,XT,,,,,GYAN DEVELOPERS & BUILDERS LTD,55.08,55.08,55.08,55.08,55.08,54.00,,55.08,,,17,936.00,1,F1,1,,,,,
2026-07-24,2026-07-24,CM,BSE,STK,530145,INE017C01012,KISAN,XT,,,,,KISAN MOULDINGS LTD.,23.53,24.00,23.01,23.99,24.00,23.47,,23.99,,,34745,823709.00,99,F1,1,,,,,
2026-07-24,2026-07-24,CM,BSE,STK,530163,INE817B01025,KERALAYUR,X,,,,,KERALA AYURVEDA LTD.,158.00,159.75,148.65,155.00,154.05,156.20,,155.00,,,5171,796681.00,199,F1,1,,,,,
2026-07-24,2026-07-24,CM,BSE,STK,530167,INE153K01018,MONGIPA,X,,,,,MOONGIPA CAPITAL FINANCE LTD.,16.00,16.00,15.80,15.80,15.80,16.00,,15.80,,,1012,16091.00,14,F1,1,,,,,
2026-07-24,2026-07-24,CM,BSE,STK,530169,INE388C01017,MOHITPPR,X,,,,,MOHIT PAPER MILLS LTD.,28.08,28.08,27.65,27.65,27.65,28.80,,27.65,,,354,9841.00,5,F1,1,,,,,
2026-07-24,2026-07-24,CM,BSE,STK,530171,INE108C01019,DAULAT,X,,,,,DAULAT SECURITIES LTD.,28.00,28.90,27.00,28.90,28.90,29.00,,28.90,,,17,473.00,7,F1,1,,,,,
2026-07-24,2026-07-24,CM,BSE,STK,530175,INE213B01019,ODYSSEY,X,,,,,ODYSSEY TECHNOLOGIES LTD.,41.94,41.94,39.37,41.41,41.41,41.35,,41.41,,,4942,201054.00,58,F1,1,,,,,
2026-07-24,2026-07-24,CM,BSE,STK,530179,INE015F01019,RSCINT,XT,,,,,RSC INTERNATIONAL LTD.,44.29,44.29,44.29,44.29,44.29,43.43,,44.29,,,1150,50933.00,5,F1,1,,,,,
2026-07-24,2026-07-24,CM,BSE,STK,530185,INE936A01025,SURATRAML,X,,,,,Surat Trade and Mercantile Lim,4.75,5.08,4.50,4.92,4.95,4.83,,4.92,,,254962,1250931.00,283,F1,1,,,,,
2026-07-24,2026-07-24,CM,BSE,STK,530187,INE354E01031,ATHARVENT,X,,,,,ATHARV ENTERPRISES LTD.,3.37,3.75,3.37,3.69,3.69,3.34,,3.69,,,351,1295.00,15,F1,1,,,,,
2026-07-24,2026-07-24,CM,BSE,STK,530197,INE365H01014,FUNDVISER,XT,,,,,FUNDVISER CAPITAL (INDIA) LIMI,380.00,380.00,380.00,380.00,380.00,387.10,,380.00,,,7,2660.00,3,F1,1,,,,,
2026-07-24,2026-07-24,CM,BSE,STK,530199,INE083B01024,THEMISMED,B,,,,,THEMIS MEDICARE LTD.,107.95,111.45,107.95,110.10,110.10,107.95,,109.88,,,12091,1314164.00,160,F1,1,,,,,
2026-07-24,2026-07-24,CM,BSE,STK,530201,INE629F01025,KALLAM,XT,,,,,KALLAM TEXTILES LTD,2.50,2.50,2.33,2.40,2.40,2.43,,2.40,,,3262,7691.00,28,F1,1,,,,,
2026-07-24,2026-07-24,CM,BSE,STK,530207,INE899B01015,BRAWN,X,,,,,BRAWN BIOTECH LTD.,23.39,23.39,23.39,23.39,23.39,23.50,,23.39,,,111,2596.00,2,F1,1,,,,,
2026-07-24,2026-07-24,CM,BSE,STK,530213,INE501D01013,FORINTL,X,,,,,FORTUNE INTERNATIONAL LTD.,67.00,78.50,66.00,78.50,78.50,78.20,,78.50,,,192,14898.00,13,F1,1,,,,,
2026-07-24,2026-07-24,CM,BSE,STK,530215,INE050N01010,KINGSINFR,X,,,,,KINGS INFRA VENTURES LIMITED,118.10,119.70,114.55,116.20,117.25,117.80,,116.20,,,6732,782574.00,150,F1,1,,,,,
2026-07-24,2026-07-24,CM,BSE,STK,530217,INE295B01016,SWOJAS,XT,,,,,SWOJAS FOODS LIMITED,9.21,9.22,8.95,8.95,8.95,9.30,,8.95,,,2560,23051.00,14,F1,1,,,,,
2026-07-24,2026-07-24,CM,BSE,STK,530233,INE292C01011,AUROLAB,X,,,,,AURO LABORATORIES LTD.,241.00,244.80,240.00,243.90,244.00,240.50,,243.90,,,88,21185.00,10,F1,1,,,,,
2026-07-24,2026-07-24,CM,BSE,STK,530235,INE533C01018,KJMCFIN,X,,,,,KJMC FINANCIAL SERVICES LTD.,54.49,54.49,51.01,53.34,53.34,53.86,,53.34,,,148,7639.00,14,F1,1,,,,,
2026-07-24,2026-07-24,CM,BSE,STK,530239,INE495B01038,SUVEN,B,,,,,SUVEN LIFE SCIENCES LTD.,316.90,320.00,311.45,316.35,316.00,316.95,,316.00,,,52333,16461260.00,1087,F1,1,,,,,
2026-07-24,2026-07-24,CM,BSE,STK,530245,INE032E01017,ARYAMAN,X,,,,,ARYAMAN FINANCIAL SERVICES LTD,588.80,597.00,588.80,590.20,590.20,589.95,,590.20,,,99,58396.00,8,F1,1,,,,,
2026-07-24,2026-07-24,CM,BSE,STK,530249,INE958C01025,BRIDGESE,X,,,,,BRIDGE SECURITIES LTD.,15.90,15.90,13.95,14.30,14.30,15.34,,14.30,,,61387,898301.00,573,F1,1,,,,,
2026-07-24,2026-07-24,CM,BSE,STK,530251,INE001O01029,RISAINTL,X,,,,,RISA INTERNATIONAL LTD.,0.45,0.45,0.45,0.45,0.45,0.42,,0.45,,,60198,27089.00,36,F1,1,,,,,
2026-07-24,2026-07-24,CM,BSE,STK,530253,INE497E01020,RAJTUBE,XT,,,,,RAJASTHAN TUBE MANUFACTURING C,11.50,12.10,10.98,11.04,11.73,11.55,,11.04,,,24928,278149.00,65,F1,1,,,,,
2026-07-24,2026-07-24,CM,BSE,STK,530255,INE961B01013,KAYPOWR,X,,,,,KAY POWER AND PAPER LTD.,10.07,10.95,10.07,10.69,10.67,10.17,,10.69,,,14374,150168.00,58,F1,1,,,,,
2026-07-24,2026-07-24,CM,BSE,STK,530259,INE003B01014,INTSTOIL,X,,,,,INTER STATE OIL CARRIER LTD.,43.00,43.00,39.80,39.80,39.80,38.13,,39.80,,,7,284.00,6,F1,1,,,,,
2026-07-24,2026-07-24,CM,BSE,STK,530263,INE062C01042,GLOBALCA,X,,,,,GLOBAL CAPITAL MARKETS LTD.,0.45,0.55,0.45,0.49,0.49,0.46,,0.49,,,718284,355906.00,219,F1,1,,,,,
2026-07-24,2026-07-24,CM,BSE,STK,530265,INE584B01013,SAINIK,X,,,,,SAINIK FINANCE & INDUSTRIES LT,34.85,39.65,34.85,35.37,36.39,37.01,,35.37,,,3495,123881.00,27,F1,1,,,,,
2026-07-24,2026-07-24,CM,BSE,STK,530267,INE021N01011,ARIGATO,XT,,,,,ARIGATO UNIVERSE LIMITED,50.83,50.83,50.83,50.83,50.83,53.50,,50.83,,,2,101.00,1,F1,1,,,,,
2026-07-24,2026-07-24,CM,BSE,STK,530271,INE652D01014,RICHUNV,XT,,,,,RICH UNIVERSE NETWORK LTD.,9.67,9.67,9.50,9.50,9.50,9.66,,9.50,,,309,2973.00,8,F1,1,,,,,
2026-07-24,2026-07-24,CM,BSE,STK,530281,INE373C01019,QUANTDIA,XT,,,,,QUANTUM DIGITAL VISION (INDIA),29.85,29.90,29.50,29.75,29.75,29.50,,29.75,,,467,13855.00,19,F1,1,,,,,
2026-07-24,2026-07-24,CM,BSE,STK,530289,INE102F01015,SPCAPIT,X,,,,,SP CAPITAL FINANCING LTD.,52.05,52.05,50.01,50.80,50.80,53.08,,50.80,,,1050,53418.00,19,F1,1,,,,,
2026-07-24,2026-07-24,CM,BSE,STK,530291,INE791C01012,PAOS,XT,,,,,PAOS INDUSTRIES LIMITED,47.50,47.50,47.50,47.50,47.50,45.45,,47.50,,,3,142.00,1,F1,1,,,,,
2026-07-24,2026-07-24,CM,BSE,STK,530299,INE823A01017,KOTHARIPRO,B,,,,,KOTHARI PRODUCTS LTD.,66.02,68.44,66.01,68.44,68.44,66.01,,68.10,,,85,5671.00,14,F1,1,,,,,
2026-07-24,2026-07-24,CM,BSE,STK,530305,INE546C01010,PICCADIL,B,,,,,PICCADILY AGRO INDUSTRIES LTD.,738.05,740.00,720.60,735.60,740.00,735.75,,737.10,,,15705,11459653.00,636,F1,1,,,,,
2026-07-24,2026-07-24,CM,BSE,STK,530307,INE419D01026,CLSEL,B,,,,,CHAMAN LAL SETIA EXPORTS LIMIT,277.30,280.15,273.05,278.90,279.75,278.60,,279.80,,,886,245209.00,53,F1,1,,,,,
2026-07-24,2026-07-24,CM,BSE,STK,530309,INE368D01025,CHANDRAP,X,,,,,CHANDRA PRABHU INTERNATIONAL L,10.10,11.20,10.10,11.11,10.81,10.73,,11.11,,,11593,128127.00,48,F1,1,,,,,
2026-07-24,2026-07-24,CM,BSE,STK,530313,INE285U01025,KIMIABL,X,,,,,KIMIA BIOSCIENCES LIMITED,32.53,32.53,31.62,31.90,31.70,32.53,,31.90,,,2900,92866.00,12,F1,1,,,,,
2026-07-24,2026-07-24,CM,BSE,STK,530315,INE428D01019,HINDTIN,X,,,,,HINDUSTAN TIN WORKS LTD.,104.90,104.90,100.50,100.60,100.50,101.70,,100.60,,,5116,518469.00,56,F1,1,,,,,
2026-07-24,2026-07-24,CM,BSE,STK,530317,INE362C01012,GODAVARI,XT,,,,,GODAVARI DRUGS LTD.,115.00,119.60,111.50,118.40,118.40,115.65,,118.40,,,2342,273930.00,28,F1,1,,,,,
2026-07-24,2026-07-24,CM,BSE,STK,530331,INE001E01012,PREMCO,B,,,,,PREMCO GLOBAL LTD.,367.00,377.50,357.05,367.65,375.00,367.00,,364.10,,,89,32607.00,22,F1,1,,,,,
2026-07-24,2026-07-24,CM,BSE,STK,530341,INE596B01017,MUKESHB,X,,,,,MUKESH BABU FINANCIAL SERVICES,130.95,135.90,130.00,134.65,134.65,130.00,,134.65,,,311,41009.00,12,F1,1,,,,,
2026-07-24,2026-07-24,CM,BSE,STK,530343,INE955D01029,GENUSPOWER,A,,,,,GENUS POWER INFRASTRUCTURES LT,309.55,316.90,307.20,315.60,315.60,313.85,,315.60,,,54063,16845718.00,1122,F1,1,,,,,
2026-07-24,2026-07-24,CM,BSE,STK,530355,INE276G01015,ASIANENE,B,,,,,ASIAN ENERGY SERVICES LTD,346.55,362.25,341.00,356.45,360.00,350.60,,355.70,,,18114,6431151.00,337,F1,1,,,,,
2026-07-24,2026-07-24,CM,BSE,STK,530357,INE883D01023,KBSINDIA,X,,,,,KBS INDIA LIMITED,1.38,1.40,1.34,1.37,1.38,1.39,,1.37,,,58698,79852.00,49,F1,1,,,,,
2026-07-24,2026-07-24,CM,BSE,STK,530361,INE428P01013,PRABHHANS,XT,,,,,PRABHHANS INDUSTRIES LIMITED,30.51,32.25,30.51,32.16,32.25,30.75,,32.16,,,2596,83004.00,21,F1,1,,,,,
2026-07-24,2026-07-24,CM,BSE,STK,530363,INE071E01023,UGARSUGAR,B,,,,,UGAR SUGAR WORKS LTD.,39.14,39.98,38.80,39.86,39.98,39.08,,39.72,,,2738,107163.00,106,F1,1,,,,,
2026-07-24,2026-07-24,CM,BSE,STK,530365,INE607D01018,ORIENTBELL,B,,,,,ORIENT BELL LIMITED,312.00,322.00,310.00,318.80,318.40,317.00,,319.45,,,492,156079.00,54,F1,1,,,,,
2026-07-24,2026-07-24,CM,BSE,STK,530367,INE349A01021,NRBBEARING,B,,,,,NRB BEARINGS LTD.,387.35,399.00,381.75,397.40,399.00,393.10,,397.65,,,14636,5686967.00,435,F1,1,,,,,
2026-07-24,2026-07-24,CM,BSE,STK,530369,INE380C01014,VAMSHIRU,X,,,,,VAMSHI RUBBER LTD.,40.00,40.00,40.00,40.00,40.00,40.00,,40.00,,,60,2400.00,3,F1,1,,,,,
2026-07-24,2026-07-24,CM,BSE,STK,530377,INE937C01029,NILAINFRA,B,,,,,NILA INFRASTRUCTURES LTD.,7.80,7.80,7.20,7.30,7.31,7.43,,7.32,,,17171,125370.00,88,F1,1,,,,,
2026-07-24,2026-07-24,CM,BSE,STK,530393,INE921B01025,DBSTOCKBRO,T,,,,,DB (INTERNATIONAL) STOCK BROKE,34.00,34.00,34.00,34.00,34.00,33.70,,34.38,,,10,340.00,1,F1,1,,,,,
2026-07-24,2026-07-24,CM,BSE,STK,530401,INE526H01011,VINYOFL,X,,,,,VINYOFLEX LTD.,50.55,52.95,50.55,52.89,52.89,50.55,,52.89,,,332,17537.00,6,F1,1,,,,,
2026-07-24,2026-07-24,CM,BSE,STK,530405,INE356F01017,JINDCAP,X,,,,,JINDAL CAPITAL LTD.,32.94,32.94,28.63,30.35,30.50,31.59,,30.35,,,8185,246323.00,126,F1,1,,,,,
2026-07-24,2026-07-24,CM,BSE,STK,530407,INE932F01015,EPIC,X,,,,,EPIC ENERGY LTD.,35.34,35.34,32.26,34.21,34.00,35.34,,34.21,,,4264,144832.00,60,F1,1,,,,,
2026-07-24,2026-07-24,CM,BSE,STK,530419,INE886B01012,SUMEDHA,X,,,,,SUMEDHA FISCAL SERVICES LTD.,40.40,40.40,37.50,38.51,37.87,39.31,,38.51,,,2641,101327.00,25,F1,1,,,,,
2026-07-24,2026-07-24,CM,BSE,STK,530421,INE430F01010,KUWERIN,X,,,,,KUWER INDUSTRIES LTD.,10.86,10.86,10.86,10.86,10.86,10.98,,10.86,,,2,21.00,2,F1,1,,,,,
2026-07-24,2026-07-24,CM,BSE,STK,530427,INE865B01016,CHOKSI,XT,,,,,CHOKSI ASIA LIMITED,188.00,194.95,177.55,194.55,194.85,185.70,,194.55,,,12726,2453205.00,72,F1,1,,,,,
2026-07-24,2026-07-24,CM,BSE,STK,530433,INE960E01019,SHIVAAGRO,X,,,,,SHIVA GLOBAL AGRO INDUSTRIES L,39.27,39.90,38.00,39.76,39.76,39.27,,39.76,,,1485,57926.00,22,F1,1,,,,,
2026-07-24,2026-07-24,CM,BSE,STK,530439,INE140C01012,SIDDHA,X,,,,,SIDDHA VENTURES LTD.,4.10,4.10,4.00,4.00,4.00,4.10,,4.00,,,440,1794.00,6,F1,1,,,,,
2026-07-24,2026-07-24,CM,BSE,STK,530443,INE293D01017,KIRANSY-B,X,,,,,KIRAN SYNTEX LTD.,12.95,12.95,12.95,12.95,12.95,12.35,,12.95,,,110,1424.00,3,F1,1,,,,,
2026-07-24,2026-07-24,CM,BSE,STK,530445,INE764B01029,SUMERUIND,X,,,,,SUMERU INDUSTRIES LTD.,1.41,1.62,1.41,1.57,1.57,1.52,,1.57,,,9297,13711.00,105,F1,1,,,,,
2026-07-24,2026-07-24,CM,BSE,STK,530449,INE347C01013,RUNGTAIR,X,,,,,RUNGTA IRRIGATION LTD.,49.99,49.99,46.90,49.15,49.15,48.92,,49.15,,,163,7995.00,11,F1,1,,,,,
2026-07-24,2026-07-24,CM,BSE,STK,530457,INE959B01017,GTTDATA,X,,,,,GTT DATA SOLUTIONS LIMITED,39.70,39.70,37.30,38.19,38.18,38.56,,38.19,,,9972,384384.00,44,F1,1,,,,,
2026-07-24,2026-07-24,CM,BSE,STK,530459,INE808A01018,VALSONQ,X,,,,,VALSON INDUSTRIES LTD.,31.05,34.89,30.55,33.76,34.50,33.00,,33.76,,,2663,89074.00,17,F1,1,,,,,
2026-07-24,2026-07-24,CM,BSE,STK,530461,INE440C01016,SABOOSOD,X,,,,,SABOO SODIUM CHLORO LTD.,12.15,12.69,12.00,12.50,12.64,12.14,,12.50,,,8971,110770.00,40,F1,1,,,,,
2026-07-24,2026-07-24,CM,BSE,STK,530475,INE015C01016,TINNARUBR,B,,,,,TINNA RUBBER AND INFRASTRUCTUR,1061.05,1122.95,1060.65,1098.50,1105.30,1080.60,,1098.80,,,13876,15124789.00,690,F1,1,,,,,
2026-07-24,2026-07-24,CM,BSE,STK,530477,INE337E01010,VIKRAMTH,XT,,,,,VIKRAM THERMO (INDIA) LTD.,235.00,245.90,235.00,245.00,245.20,245.00,,245.00,,,11710,2865683.00,116,F1,1,,,,,
2026-07-24,2026-07-24,CM,BSE,STK,530495,INE473C01025,STRATMONT,XT,,,,,STRATMONT INDUSTRIES LIMITED,56.00,60.00,56.00,60.00,60.00,57.93,,60.00,,,837,48045.00,15,F1,1,,,,,
2026-07-24,2026-07-24,CM,BSE,STK,530499,INE701G01012,AKCAPIT,B,,,,,A.K.CAPITAL SERVICES LTD.,1787.60,1800.00,1747.50,1750.60,1747.50,1752.70,,1759.20,,,2317,4102656.00,70,F1,1,,,,,
2026-07-24,2026-07-24,CM,BSE,STK,530517,INE131B01039,RELAXO,A,,,,,RELAXO FOOTWEARS LTD.,392.50,405.35,387.00,403.80,403.80,396.05,,403.00,,,39355,15614178.00,839,F1,1,,,,,
2026-07-24,2026-07-24,CM,BSE,STK,530521,INE467D01017,VIRAT,X,,,,,VIRAT INDUSTRIES LTD.,307.75,323.00,301.00,308.85,323.00,311.65,,308.85,,,4471,1379145.00,149,F1,1,,,,,
2026-07-24,2026-07-24,CM,BSE,STK,530525,INE786J01033,RRETAIL,X,,,,,RAJNISH RETAIL LIMITED,2.46,2.56,2.44,2.46,2.46,2.48,,2.46,,,37414,92313.00,105,F1,1,,,,,
2026-07-24,2026-07-24,CM,BSE,STK,530533,INE390D01011,TERAI,X,,,,,TERAI TEA CO.LTD.,119.95,119.95,119.95,119.95,119.95,119.95,,119.95,,,8,959.00,1,F1,1,,,,,
2026-07-24,2026-07-24,CM,BSE,STK,530545,INE949B01018,COSCO,X,,,,,COSCO (INDIA) LTD.,197.20,197.20,195.00,195.00,195.00,197.20,,195.00,,,1126,219578.00,8,F1,1,,,,,
2026-07-24,2026-07-24,CM,BSE,STK,530547,INE395E01018,KENFIN,XT,,,,,KEN FINANCIAL SERVICES LTD.,12.66,12.66,12.66,12.66,12.66,12.65,,12.66,,,400,5064.00,3,F1,1,,,,,
2026-07-24,2026-07-24,CM,BSE,STK,530549,INE790G01031,SHILPAMED,A,,,,,SHILPA MEDICARE LTD.,605.05,613.45,598.00,607.00,605.65,603.15,,606.25,,,34644,21009301.00,932,F1,1,,,,,
2026-07-24,2026-07-24,CM,BSE,STK,530555,INE074B01023,PARACABLES,B,,,,,PARAMOUNT COMMUNICATIONS LTD.,61.00,62.16,59.60,61.61,61.12,62.18,,61.64,,,119359,7290644.00,978,F1,1,,,,,
2026-07-24,2026-07-24,CM,BSE,STK,530557,INE132F01038,NCLRESE,XT,,,,,NCL RESEARCH & FINANCIAL SERVI,0.82,0.86,0.80,0.85,0.85,0.82,,0.85,,,17196209,14512697.00,2779,F1,1,,,,,
2026-07-24,2026-07-24,CM,BSE,STK,530579,INE152C01025,UYFINCORP,B,,,,,U. Y. FINCORP LIMITED,19.29,19.29,18.25,18.66,18.69,19.24,,18.57,,,24096,452339.00,166,F1,1,,,,,
2026-07-24,2026-07-24,CM,BSE,STK,530581,INE906L01025,EKAMLEA,XT,,,,,EKAM LEASING & FINANCE CO.LTD.,8.19,8.58,8.19,8.58,8.58,8.19,,8.58,,,376,3093.00,5,F1,1,,,,,
2026-07-24,2026-07-24,CM,BSE,STK,530585,INE691C01022,SWASTIKA,XT,,,,,SWASTIKA INVESTMART LIMITED,102.66,113.00,102.60,112.27,111.99,108.00,,112.27,,,25180,2649088.00,174,F1,1,,,,,
2026-07-24,2026-07-24,CM,BSE,STK,530589,INE573B01016,PRIMAPLA,XT,,,,,PRIMA PLASTICS LTD.,125.00,125.00,121.00,125.00,125.00,125.00,,125.00,,,2458,299050.00,15,F1,1,,,,,
2026-07-24,2026-07-24,CM,BSE,STK,530595,INE381G01013,TELECANOR,X,,,,,TELECANOR GLOBAL LTD.,26.20,26.80,24.55,25.85,26.48,25.77,,25.85,,,9740,249980.00,113,F1,1,,,,,
2026-07-24,2026-07-24,CM,BSE,STK,530601,INE582C01015,JAGSONSER,X,,,,,JAGSONPAL SERVICES LIMITED,59.00,59.00,58.00,58.00,58.00,58.49,,58.00,,,21,1238.00,2,F1,1,,,,,
2026-07-24,2026-07-24,CM,BSE,STK,530615,INE194E01015,GARGFUR,X,,,,,GARG FURNACE LTD.,114.75,114.75,110.80,112.45,112.45,116.00,,112.45,,,4618,515478.00,59,F1,1,,,,,
2026-07-24,2026-07-24,CM,BSE,STK,530617,INE375C01022,SAMPRE,X,,,,,SAMPRE NUTRITIONS LTD.,6.32,6.77,6.32,6.32,6.32,6.65,,6.32,,,314982,2009833.00,214,F1,1,,,,,
2026-07-24,2026-07-24,CM,BSE,STK,530621,INE864E01021,AAIL,X,,,,,Akar Auto Industries Limited,118.15,124.00,110.25,112.90,113.99,115.14,,112.90,,,4967,560085.00,120,F1,1,,,,,
2026-07-24,2026-07-24,CM,BSE,STK,530627,INE834D01018,VIPULORG,X,,,,,Vipul Organics Limited,245.80,245.80,238.00,242.15,241.50,240.35,,242.15,,,6166,1478245.00,49,F1,1,,,,,
2026-07-24,2026-07-24,CM,BSE,STK,530643,INE316A01038,ECORECO,XT,,,,,ECO RECYCLING LTD.,497.90,520.00,481.30,506.50,506.50,499.65,,506.50,,,11833,5896135.00,548,F1,1,,,,,
2026-07-24,2026-07-24,CM,BSE,STK,530655,INE127I01024,GOODLUCK,B,,,,,Goodluck India Limited,1507.55,1535.00,1491.45,1511.70,1519.80,1531.05,,1511.60,,,8970,13550947.00,756,F1,1,,,,,
2026-07-24,2026-07-24,CM,BSE,STK,530663,INE912B01032,GOYALASS,X,,,,,GOYAL ASSOCIATES LTD.,0.98,0.99,0.98,0.99,0.99,0.98,,0.99,,,37576,37153.00,28,F1,1,,,,,
2026-07-24,2026-07-24,CM,BSE,STK,530665,INE812B01026,ZENITHHE,X,,,,,ZENITH HEALTH CARE LTD.,3.27,3.36,3.14,3.24,3.26,3.31,,3.24,,,18115,59609.00,90,F1,1,,,,,
2026-07-24,2026-07-24,CM,BSE,STK,530675,INE057Q01018,YORKEXP,X,,,,,YORK EXPORTS LTD.,47.10,49.45,47.10,47.30,47.30,47.10,,47.30,,,176,8692.00,6,F1,1,,,,,
2026-07-24,2026-07-24,CM,BSE,STK,530677,INE822E01011,SUPREME,B,,,,,SUPREME HOLDINGS & HOSPITALITY,47.18,47.18,44.43,44.68,44.68,44.31,,45.27,,,409,18210.00,13,F1,1,,,,,
2026-07-24,2026-07-24,CM,BSE,STK,530689,INE624M01014,LYKISLTD,X,,,,,LYKIS LIMITED,46.25,47.70,46.25,47.50,47.65,45.93,,47.50,,,12579,593507.00,69,F1,1,,,,,
2026-07-24,2026-07-24,CM,BSE,STK,530695,INE233C01023,PRIMEPRO,XT,,,,,PRIME PROPERTY DEVELOPMENT COR,26.50,27.30,26.50,27.30,27.30,26.10,,27.30,,,99,2662.00,7,F1,1,,,,,
2026-07-24,2026-07-24,CM,BSE,STK,530697,INE546F01013,ZENLABS,XT,,,,,Zenlabs Ethica Limited,29.34,29.34,27.60,28.00,28.00,29.05,,28.00,,,102,2905.00,7,F1,1,,,,,
2026-07-24,2026-07-24,CM,BSE,STK,530699,INE533D01032,RAJRILTD,T,,,,,RAJ RAYON INDUSTRIES LIMITED,21.15,21.34,21.00,21.34,21.34,21.05,,20.84,,,313,6619.00,6,F1,1,,,,,
2026-07-24,2026-07-24,CM,BSE,STK,530709,INE225G01012,GOWRALE,XT,,,,,GOWRA LEASING & FINANCE LTD.,98.35,102.00,93.10,101.60,101.80,97.70,,101.60,,,3149,312946.00,59,F1,1,,,,,
2026-07-24,2026-07-24,CM,BSE,STK,530711,INE144C01014,JAGANLAM,X,,,,,JAGAN LAMPS LTD.,47.40,47.40,45.25,45.56,45.56,46.06,,45.56,,,663,30259.00,26,F1,1,,,,,
2026-07-24,2026-07-24,CM,BSE,STK,530723,INE041B01014,ASITCFIN,X,,,,,ASIT C.MEHTA FINANCIAL SERVICE,114.50,114.50,114.50,114.50,114.50,115.20,,114.50,,,214,24503.00,1,F1,1,,,,,
2026-07-24,2026-07-24,CM,BSE,STK,530733,INE900O01014,ENCODE,X,,,,,ENCODE PACKAGING INDIA LIMITED,11.41,11.41,11.41,11.41,11.41,11.98,,11.41,,,10,114.00,2,F1,1,,,,,
2026-07-24,2026-07-24,CM,BSE,STK,530735,INE897A01011,SUPERBAK,X,,,,,SUPER BAKERS (INDIA) LTD.,29.82,29.82,29.12,29.12,29.12,28.40,,29.12,,,201,5993.00,2,F1,1,,,,,
2026-07-24,2026-07-24,CM,BSE,STK,530741,INE812S01012,OVOBELE,XT,,,,,OVOBEL FOODS LTD.,191.15,195.00,191.00,191.05,194.20,191.15,,191.05,,,4190,801677.00,61,F1,1,,,,,
2026-07-24,2026-07-24,CM,BSE,STK,530745,INE366C01021,ACSTECH,B,,,,,ACS TECHNOLOGIES LIMITED,40.23,42.20,38.75,41.86,41.20,40.25,,40.90,,,42695,1714071.00,367,F1,1,,,,,
2026-07-24,2026-07-24,CM,BSE,STK,530747,INE807A01010,CHALLANI,X,,,,,CHALLANI CAPITAL LIMITED,19.40,19.95,18.85,19.50,19.50,20.70,,19.50,,,560,10628.00,13,F1,1,,,,,
2026-07-24,2026-07-24,CM,BSE,STK,530757,INE0OUS01011,SHENTRA,XT,,,,,SHENTRACON CHEMICALS LTD.,130.40,130.40,128.45,128.45,128.45,127.85,,128.45,,,189,24402.00,9,F1,1,,,,,
2026-07-24,2026-07-24,CM,BSE,STK,530759,INE334A01023,STERTOOLS,T,,,,,STERLING TOOLS LTD.,242.00,246.90,241.00,243.25,244.95,245.50,,242.90,,,1191,288525.00,43,F1,1,,,,,
2026-07-24,2026-07-24,CM,BSE,STK,530765,INE510B01018,AGARWAL,X,,,,,AGARWAL FORTUNE INDIA LIMITED,21.00,21.00,21.00,21.00,21.00,21.00,,21.00,,,50,1050.00,2,F1,1,,,,,
2026-07-24,2026-07-24,CM,BSE,STK,530787,INE055O01033,INLANPR,XT,,,,,INLAND PRINTERS LTD.,70.48,70.48,70.48,70.48,70.48,67.16,,70.48,,,202,14236.00,6,F1,1,,,,,
2026-07-24,2026-07-24,CM,BSE,STK,530795,INE584D01019,SUNCITYSY,X,,,,,SUNCITY SYNTHETICS LTD.,7.23,7.60,7.23,7.60,7.60,7.60,,7.60,,,516,3735.00,5,F1,1,,,,,
2026-07-24,2026-07-24,CM,BSE,STK,530797,INE400N01017,SHGANEL,X,,,,,SHREE GANESH ELASTOPLAST LTD.,18.21,18.21,18.21,18.21,18.21,18.21,,18.21,,,5,91.00,2,F1,1,,,,,
2026-07-24,2026-07-24,CM,BSE,STK,530799,INE336D01014,ANNAINFRA,X,,,,,ANNA INFRASTRUCTURES LTD.,28.88,28.88,28.88,28.88,28.88,30.40,,28.88,,,11,317.00,2,F1,1,,,,,
2026-07-24,2026-07-24,CM,BSE,STK,530803,INE354C01027,BHAGERIA,T,,,,,Bhageria Industries Limited,239.70,239.70,230.00,230.90,230.50,228.50,,229.22,,,67533,15923280.00,272,F1,1,,,,,
2026-07-24,2026-07-24,CM,BSE,STK,530805,INE125F01032,OIVL,XT,,,,,ONESOURCE INDUSTRIES AND VENTU,6.23,6.23,5.85,5.97,6.21,6.14,,5.97,,,24299,145672.00,64,F1,1,,,,,
2026-07-24,2026-07-24,CM,BSE,STK,530809,INE355C01016,BNRUDY,X,,,,,BNR UDYOG LTD.,33.15,35.90,33.15,33.31,35.90,33.15,,33.31,,,34,1132.00,4,F1,1,,,,,
2026-07-24,2026-07-24,CM,BSE,STK,530813,INE001B01026,KRBL,A,,,,,KRBL LTD.,340.55,351.90,339.80,350.65,351.00,343.90,,350.75,,,8352,2887663.00,346,F1,1,,,,,
2026-07-24,2026-07-24,CM,BSE,STK,530821,INE838C01011,SSPDL,X,,,,,SSPDL LTD.,16.30,16.89,16.00,16.08,16.06,16.65,,16.08,,,3982,64770.00,17,F1,1,,,,,
2026-07-24,2026-07-24,CM,BSE,STK,530825,INE789B01018,DAIKAFFI,XT,,,,,DAIKAFFIL CHEMICALS INDIA LTD.,40.68,42.33,40.67,42.33,42.33,41.50,,42.33,,,1620,66592.00,6,F1,1,,,,,
2026-07-24,2026-07-24,CM,BSE,STK,530829,INE830A01012,CILSEC,X,,,,,CIL SECURITIES LIMITED,36.30,36.65,35.00,35.11,35.11,36.89,,35.11,,,302,10733.00,6,F1,1,,,,,
2026-07-24,2026-07-24,CM,BSE,STK,530839,INE011B01017,CLIOINFO,XT,,,,,CLIO INFOTECH LTD.,13.38,13.38,13.30,13.38,13.38,12.75,,13.38,,,10864,145200.00,22,F1,1,,,,,
2026-07-24,2026-07-24,CM,BSE,STK,530843,INE509F01029,CUPID,A,,,,,CUPID LTD.,209.35,214.15,206.00,213.55,213.55,208.40,,213.43,,,1679753,354401150.00,10004,F1,1,,,,,
2026-07-24,2026-07-24,CM,BSE,STK,530845,INE199E01014,SUNSHIEL,X,,,,,SUNSHIELD CHEMICALS LTD.,1134.05,1209.00,1121.00,1195.25,1199.00,1174.00,,1195.25,,,1503,1751896.00,107,F1,1,,,,,
2026-07-24,2026-07-24,CM,BSE,STK,530853,INE963A01011,HIPOLIN,XT,,,,,HIPOLIN LTD.,101.50,101.50,101.00,101.50,101.50,99.51,,101.50,,,1340,135960.00,14,F1,1,,,,,
2026-07-24,2026-07-24,CM,BSE,STK,530855,INE545E01018,GDLLEAS,XT,,,,,GDL LEASING & FINANCE LTD.,66.30,66.30,66.25,66.25,66.25,66.30,,66.25,,,15,994.00,5,F1,1,,,,,
2026-07-24,2026-07-24,CM,BSE,STK,530871,INE995D01025,CHEMBOND,T,,,,,Chembond Material Technologies,180.00,180.00,168.85,174.45,178.65,177.70,,174.34,,,711,121531.00,21,F1,1,,,,,
2026-07-24,2026-07-24,CM,BSE,STK,530879,INE345H01024,CIFL,B,,,,,CAPITAL INDIA FINANCE LIMITED,21.70,21.70,19.80,20.05,20.03,20.82,,20.05,,,30192,607656.00,146,F1,1,,,,,
2026-07-24,2026-07-24,CM,BSE,STK,530881,INE485K01022,ABVL,X,,,,,Arunjyoti Bio Ventures Limited,5.41,5.41,5.13,5.30,5.29,5.41,,5.30,,,110761,583569.00,280,F1,1,,,,,
2026-07-24,2026-07-24,CM,BSE,STK,530883,INE366G01022,SUCROSA,X,,,,,SUPER CROP SAFE LTD.,14.09,14.25,13.10,13.93,13.90,13.93,,13.93,,,266182,3691607.00,350,F1,1,,,,,
2026-07-24,2026-07-24,CM,BSE,STK,530897,INE825C01018,NGIND,X,,,,,N.G.INDUSTRIES LTD.,133.75,133.75,111.00,112.95,113.90,113.40,,112.95,,,725,82251.00,33,F1,1,,,,,
2026-07-24,2026-07-24,CM,BSE,STK,530907,INE417F01017,SICAPIT,XT,,,,,SI CAPITAL & FINANCIAL SERVICE,32.70,32.77,30.00,31.73,30.00,31.21,,31.73,,,24598,796711.00,107,F1,1,,,,,
2026-07-24,2026-07-24,CM,BSE,STK,530919,INE474C01023,REMSONSIND,B,,,,,REMSONS INDUSTRIES LTD.,78.00,79.00,77.00,78.54,79.00,79.36,,78.34,,,3407,265125.00,124,F1,1,,,,,
2026-07-24,2026-07-24,CM,BSE,STK,530925,INE609D01014,RAMSONS,X,,,,,RAMSONS PROJECTS LTD.,89.30,94.00,89.30,93.00,93.00,94.00,,93.00,,,304,28563.00,7,F1,1,,,,,
2026-07-24,2026-07-24,CM,BSE,STK,530931,INE457D01018,STANPACK,X,,,,,STANPACKS (INDIA) LTD.,9.18,9.25,9.18,9.25,9.25,9.66,,9.25,,,37,340.00,3,F1,1,,,,,
2026-07-24,2026-07-24,CM,BSE,STK,530943,INE416A01051,AQYLON,B,,,,,Aqylon Nexus Limited,26.03,26.80,26.03,26.03,26.03,27.39,,26.21,,,487151,12697822.00,596,F1,1,,,,,
2026-07-24,2026-07-24,CM,BSE,STK,530951,INE357B01022,RAMINFO,X,,,,,RAMINFO LIMITED,42.61,45.20,42.61,44.42,44.70,43.65,,44.42,,,500,22148.00,20,F1,1,,,,,
2026-07-24,2026-07-24,CM,BSE,STK,530953,INE224D01012,SUNILAGR,X,,,,,SUNIL AGRO FOODS LTD.,83.98,83.98,80.99,80.99,80.99,80.99,,80.99,,,5,407.00,3,F1,1,,,,,
2026-07-24,2026-07-24,CM,BSE,STK,530959,INE012E01035,DIANATEA,X,,,,,DIANA TEA CO.LTD.,25.40,25.40,24.54,24.55,24.54,24.88,,24.55,,,1150,28399.00,17,F1,1,,,,,
2026-07-24,2026-07-24,CM,BSE,STK,530961,INE806A01020,VIKASECO,B,,,,,Vikas EcoTech Limited,1.11,1.15,1.09,1.12,1.12,1.11,,1.11,,,360052,400551.00,881,F1,1,,,,,
2026-07-24,2026-07-24,CM,BSE,STK,530965,INE242A01010,IOC,A,,,,,INDIAN OIL CORPORATION LTD.,138.65,138.85,136.75,138.50,138.50,139.95,,138.47,,,745406,102708919.00,10261,F1,1,,,,,
2026-07-24,2026-07-24,CM,BSE,STK,530973,INE042C01010,ALFAICA,X,,,,,ALFA ICA (INDIA) LTD.,76.29,76.29,72.60,72.60,72.60,76.29,,72.60,,,107,7772.00,5,F1,1,,,,,
2026-07-24,2026-07-24,CM,BSE,STK,530977,INE260E01014,SKCIL,X,,,,,Shri Keshav Cements and Infra,117.00,121.60,115.00,116.55,117.00,114.00,,116.55,,,106024,12510988.00,179,F1,1,,,,,
2026-07-24,2026-07-24,CM,BSE,STK,530979,INE274E01015,INDIAHOME,X,,,,,INDIA HOME LOAN LTD.,33.00,33.00,29.72,30.07,29.72,30.86,,30.07,,,1165,35161.00,33,F1,1,,,,,
2026-07-24,2026-07-24,CM,BSE,STK,530997,INE333E01019,UNIQUEO,X,,,,,UNIQUE ORGANICS LTD.,79.99,79.99,72.21,76.98,76.98,76.89,,76.98,,,677,51157.00,46,F1,1,,,,,
2026-07-24,2026-07-24,CM,BSE,STK,530999,INE050E01027,BALAMINES,B,,,,,BALAJI AMINES LTD.,2324.40,2327.50,2127.10,2181.10,2248.90,2345.30,,2174.80,,,13813,30791058.00,1487,F1,1,,,,,
2026-07-24,2026-07-24,CM,BSE,STK,531003,INE595G01018,SWRNASE,X,,,,,SWARNA SECURITIES LTD.,88.32,88.32,85.99,85.99,85.99,84.12,,85.99,,,12,1034.00,3,F1,1,,,,,
2026-07-24,2026-07-24,CM,BSE,STK,531015,INE154G01022,VENMAX,X,,,,,VENMAX DRUGS AND PHARMACEUTICA,16.31,17.00,15.57,15.94,16.35,16.90,,15.94,,,8381,135105.00,61,F1,1,,,,,
2026-07-24,2026-07-24,CM,BSE,STK,531017,INE190D01015,ARISE,X,,,,,ARIHANTS SECURITIES LTD.,19.28,19.28,19.26,19.26,19.26,19.29,,19.26,,,37,712.00,3,F1,1,,,,,
2026-07-24,2026-07-24,CM,BSE,STK,531025,INE309H01038,VISAGAR,X,,,,,VISAGAR FINANCIAL SERVICES LTD,0.31,0.32,0.31,0.32,0.32,0.32,,0.32,,,492835,155194.00,198,F1,1,,,,,
2026-07-24,2026-07-24,CM,BSE,STK,531033,INE101E01010,REGAL,X,,,,,REGAL ENTERTAINMENT & CONSULTA,16.75,16.75,16.75,16.75,16.75,16.86,,16.75,,,26,435.00,1,F1,1,,,,,
2026-07-24,2026-07-24,CM,BSE,STK,531035,INE432F01032,EBIX,XT,,,,,EBIX LIMITED,20.00,21.50,20.00,21.03,21.00,20.58,,21.03,,,185028,3932558.00,302,F1,1,,,,,
2026-07-24,2026-07-24,CM,BSE,STK,531039,INE0P4R01017,SWADHATURE,XT,,,,,Swadha Nature Limited,9.21,9.21,9.21,9.21,9.21,9.69,,9.21,,,3000,27630.00,1,F1,1,,,,,
2026-07-24,2026-07-24,CM,BSE,STK,531041,INE823B01015,COMPEAU,X,,,,,COMPETENT AUTOMOBILES CO.LTD.,379.95,379.95,363.25,374.95,375.00,366.80,,374.95,,,257,95702.00,25,F1,1,,,,,
2026-07-24,2026-07-24,CM,BSE,STK,531043,INE239F01015,ZDHJERK,X,,,,,DHANVANTRI JEEVAN REKHA LTD.,25.48,26.82,25.48,25.48,25.48,26.82,,25.48,,,681,17353.00,4,F1,1,,,,,
2026-07-24,2026-07-24,CM,BSE,STK,531049,INE741D01015,NEELKAN,Z,,,,,NEELKANTH ROCKMINERALS LTD.,45.19,45.22,45.19,45.19,45.19,44.34,,45.19,,,3492,157839.00,8,F1,1,,,,,
2026-07-24,2026-07-24,CM,BSE,STK,531069,INE362D01010,VIJSOLX,XT,,,,,VIJAY SOLVEX LTD.,685.00,709.95,685.00,709.00,709.00,705.00,,709.00,,,36,24971.00,15,F1,1,,,,,
2026-07-24,2026-07-24,CM,BSE,STK,531080,INE997I01012,SHRIKRISH,B,,,,,SHRI KRISHNA DEVCON LTD.,51.00,51.00,39.00,40.25,40.25,43.88,,39.32,,,321,13130.00,20,F1,1,,,,,
2026-07-24,2026-07-24,CM,BSE,STK,531082,INE914E01040,ALANKIT,B,,,,,ALANKIT,7.90,8.08,7.81,7.93,7.97,7.90,,7.96,,,11523,91641.00,85,F1,1,,,,,
2026-07-24,2026-07-24,CM,BSE,STK,531083,INE876E01033,NIHARINF,X,,,,,NIHAR INFO GLOBAL LTD.,5.99,5.99,5.91,5.99,5.99,6.00,,5.99,,,400,2395.00,7,F1,1,,,,,
2026-07-24,2026-07-24,CM,BSE,STK,531091,INE858C01027,UNITDCR,X,,,,,UNITED CREDIT LTD.,27.90,27.90,26.00,26.99,26.99,27.90,,26.99,,,3952,104632.00,12,F1,1,,,,,
2026-07-24,2026-07-24,CM,BSE,STK,531092,INE239D01028,OMINFRAL,B,,,,,OM INFRA LIMITED,88.47,88.47,86.29,86.98,86.93,87.84,,87.10,,,3889,337750.00,167,F1,1,,,,,
2026-07-24,2026-07-24,CM,BSE,STK,531099,INE396H01019,CENTUPLE,X,,,,,CENTUPLE GLOBAL LIMITED,35.45,38.40,33.90,34.23,33.90,35.45,,34.23,,,1408,49297.00,10,F1,1,,,,,
2026-07-24,2026-07-24,CM,BSE,STK,531109,INE561M01018,ISHANCH,B,,,,,Ishan Dyes and Chemicals Limit,52.36,54.00,51.11,52.21,52.08,54.01,,52.15,,,13640,712523.00,90,F1,1,,,,,
2026-07-24,2026-07-24,CM,BSE,STK,531112,INE011E01029,BALUFORGE,A,,,,,BALU FORGE INDUSTRIES LIMITED,430.35,435.40,425.25,433.45,435.05,431.25,,433.60,,,22126,9470510.00,540,F1,1,,,,,
2026-07-24,2026-07-24,CM,BSE,STK,531119,INE418D01010,CEENIK,XT,,,,,CEENIK EXPORTS (INDIA) LTD.,268.00,268.00,244.10,260.00,260.00,255.80,,260.00,,,893,227963.00,43,F1,1,,,,,
2026-07-24,2026-07-24,CM,BSE,STK,531120,INE244B01030,PATELENG,A,,,,,PATEL ENGINEERING LTD.,27.76,28.79,27.67,28.04,28.04,28.08,,28.02,,,477571,13418227.00,1626,F1,1,,,,,
2026-07-24,2026-07-24,CM,BSE,STK,531126,INE237C01016,KATIPATANG,X,,,,,KATI PATANG LIFESTYLE LIMITED,15.08,15.42,14.00,14.22,14.90,14.36,,14.22,,,11880,176458.00,78,F1,1,,,,,
2026-07-24,2026-07-24,CM,BSE,STK,531127,INE148B01033,MENAMANI,X,,,,,MENA MANI INDUSTRIES LIMITED,11.15,11.47,11.00,11.09,11.09,10.93,,11.09,,,688992,7700186.00,376,F1,1,,,,,
2026-07-24,2026-07-24,CM,BSE,STK,531129,INE635D01027,INANI,X,,,,,INANI MARBLES & INDUSTRIES LTD,10.59,10.59,10.48,10.48,10.48,10.70,,10.48,,,101,1058.00,2,F1,1,,,,,
2026-07-24,2026-07-24,CM,BSE,STK,531137,INE503D01027,GEMSI,X,,,,,GEMSTONE INVESTMENTS LTD.,1.51,1.56,1.46,1.47,1.47,1.51,,1.47,,,26934,39761.00,118,F1,1,,,,,
2026-07-24,2026-07-24,CM,BSE,STK,531144,INE158F01017,ELFORGE,X,,,,,EL FORGE LTD.,18.35,19.00,18.11,18.35,18.31,18.35,,18.35,,,1317,24248.00,31,F1,1,,,,,
2026-07-24,2026-07-24,CM,BSE,STK,531146,INE646B01010,MEDICAMEQ,B,,,,,MEDICAMEN BIOTECH LTD.,232.15,243.25,232.15,242.20,243.25,238.30,,241.85,,,96,22915.00,30,F1,1,,,,,
2026-07-24,2026-07-24,CM,BSE,STK,531147,INE062D01024,ALICON,B,,,,,ALICON CASTALLOY LIMITED,635.00,640.00,620.70,630.10,630.10,635.00,,636.30,,,1082,680171.00,64,F1,1,,,,,
2026-07-24,2026-07-24,CM,BSE,STK,531153,INE650C01036,DILIGENT,X,,,,,DILIGENT INDUSTRIES LTD.,2.00,2.03,1.96,1.97,1.96,2.02,,1.97,,,155951,307498.00,132,F1,1,,,,,
2026-07-24,2026-07-24,CM,BSE,STK,531155,INE601F01016,EPSOMPRO,XT,,,,,EPSOM PROPERTIES LTD.,8.00,8.00,8.00,8.00,8.00,8.00,,8.00,,,100,800.00,3,F1,1,,,,,
2026-07-24,2026-07-24,CM,BSE,STK,531156,INE883B01027,ALFAVIO,X,,,,,ALFAVISION OVERSEAS (INDIA) LT,10.42,10.42,9.80,10.25,10.25,9.93,,10.25,,,4153,41483.00,38,F1,1,,,,,
2026-07-24,2026-07-24,CM,BSE,STK,531157,INE412E01011,ORGCOAT,X,,,,,ORGANIC COATINGS LTD.,20.00,20.00,19.00,19.81,19.81,19.70,,19.81,,,1411,27910.00,24,F1,1,,,,,
2026-07-24,2026-07-24,CM,BSE,STK,531158,INE660B01011,CATVISION,X,,,,,CATVISION  LIMITED,19.13,20.39,18.80,20.04,20.08,20.60,,20.04,,,3829,74097.00,28,F1,1,,,,,
2026-07-24,2026-07-24,CM,BSE,STK,531161,INE850B01026,ABMKNO,B,,,,,ABM KNOWLEDGEWARE LTD.,190.00,190.95,190.00,190.95,190.95,198.20,,190.14,,,9,1713.00,2,F1,1,,,,,
2026-07-24,2026-07-24,CM,BSE,STK,531162,INE548C01032,EMAMILTD,A,,,,,EMAMI LTD.,415.95,415.95,406.55,408.30,408.00,416.00,,407.90,,,6760,2776203.00,290,F1,1,,,,,
2026-07-24,2026-07-24,CM,BSE,STK,531163,INE971L01029,KEMISTAR,X,,,,,KEMISTAR CORPORATION LIMITED,51.00,51.00,47.00,49.93,49.93,49.47,,49.93,,,809,38495.00,16,F1,1,,,,,
2026-07-24,2026-07-24,CM,BSE,STK,531168,INE771E01010,ASSOCER,X,,,,,ASSOCIATED CERAMICS LTD.,162.00,162.00,161.85,161.85,161.85,170.35,,161.85,,,141,22825.00,10,F1,1,,,,,
2026-07-24,2026-07-24,CM,BSE,STK,531169,INE709B01016,SKPSEC,X,,,,,SKP SECURITIES LTD.,128.80,128.80,112.00,114.50,114.50,114.30,,114.50,,,1589,185894.00,35,F1,1,,,,,
2026-07-24,2026-07-24,CM,BSE,STK,531173,INE121D01036,SYSCHEM,X,,,,,SYSCHEM (INDIA) LTD.,43.00,43.00,42.00,42.04,42.02,42.54,,42.04,,,13390,566489.00,83,F1,1,,,,,
2026-07-24,2026-07-24,CM,BSE,STK,531176,INE186C01023,MEFCOMCAP,X,,,,,MEFCOM CAPITAL MARKETS LTD.,10.49,10.49,9.50,10.00,9.62,10.22,,10.00,,,19018,187029.00,73,F1,1,,,,,
2026-07-24,2026-07-24,CM,BSE,STK,531178,INE930A01010,HEMANG,X,,,,,HEMANG RESOURCES LIMITED,12.58,12.58,11.34,12.50,12.50,12.58,,12.50,,,248,2902.00,13,F1,1,,,,,
2026-07-24,2026-07-24,CM,BSE,STK,531179,INE109C01017,ARMANFIN,B,,,,,ARMAN FINANCIAL SERVICES LTD.,1920.60,1989.95,1900.00,1916.50,1912.15,1926.90,,1917.30,,,3708,7190518.00,397,F1,1,,,,,
2026-07-24,2026-07-24,CM,BSE,STK,531190,INE355H01015,EFORU,X,,,,,EFORU ENTERTAINMENT LIMITED,89.20,93.63,89.20,93.63,93.63,89.18,,93.63,,,19081,1774801.00,160,F1,1,,,,,
2026-07-24,2026-07-24,CM,BSE,STK,531191,INE589N01017,FILTRON,XT,,,,,FILTRON ENGINEERS LTD.,60.13,61.33,58.93,61.33,61.33,60.13,,61.33,,,2811,171370.00,28,F1,1,,,,,
2026-07-24,2026-07-24,CM,BSE,STK,531199,INE580D01017,GLANCE,X,,,,,GLANCE FINANCE LTD.,152.10,152.10,152.10,152.10,152.10,152.10,,152.10,,,5,760.00,1,F1,1,,,,,
2026-07-24,2026-07-24,CM,BSE,STK,531201,INE024F01011,SHILCTECH,B,,,,,SHILCHAR TECHNOLOGIES LTD.,4088.65,4322.05,4088.65,4277.90,4222.00,4126.80,,4268.80,,,2740,11544696.00,698,F1,1,,,,,
2026-07-24,2026-07-24,CM,BSE,STK,531205,INE179O01031,SPRIGHT,X,,,,,SPRIGHT AGRO LIMITED,0.45,0.45,0.43,0.43,0.44,0.45,,0.43,,,3802802,1669606.00,887,F1,1,,,,,
2026-07-24,2026-07-24,CM,BSE,STK,531209,INE096B01018,NUCLEUS,B,,,,,NUCLEUS SOFTWARE EXPORTS LTD.,726.60,739.20,718.00,723.00,729.80,728.05,,724.45,,,1628,1182704.00,141,F1,1,,,,,
2026-07-24,2026-07-24,CM,BSE,STK,531210,INE923C01011,COLINZ,XT,,,,,COLINZ LABORATORIES LTD.,80.98,80.98,76.47,78.64,79.80,80.49,,78.64,,,3101,238016.00,27,F1,1,,,,,
2026-07-24,2026-07-24,CM,BSE,STK,531212,INE606C01012,NLFL,X,,,,,NALIN LEASE FINANCE LTD.,38.13,40.25,38.13,39.00,39.00,39.32,,39.00,,,2730,106805.00,22,F1,1,,,,,
2026-07-24,2026-07-24,CM,BSE,STK,531213,INE522D01027,MANAPPURAM,A,,,,,Manappuram Finance Ltd,348.20,354.35,344.70,352.85,354.00,352.60,,352.95,,,200113,70102476.00,3652,F1,1,,,,,
2026-07-24,2026-07-24,CM,BSE,STK,531215,INE005C01017,RTSPOWR,X,,,,,RTS POWER CORPORATION LTD.,97.85,99.80,95.05,97.40,99.40,97.85,,97.40,,,627,60765.00,19,F1,1,,,,,
2026-07-24,2026-07-24,CM,BSE,STK,531216,INE819A01049,COMFINTE,B,,,,,COMFORT INTECH LTD.,5.44,5.54,5.40,5.45,5.42,5.48,,5.44,,,12554,68410.00,54,F1,1,,,,,
2026-07-24,2026-07-24,CM,BSE,STK,531219,INE861E01019,SHYAMACOMP,P,,,,,Shyama Computronics and Servic,2.75,2.75,2.49,2.75,2.75,2.62,,2.75,,,14300,35800.00,14,F1,100,,,,,
2026-07-24,2026-07-24,CM,BSE,STK,531221,INE262W01012,MAYURFL,XT,,,,,MAYUR FLOORINGS LTD.,16.00,16.00,16.00,16.00,16.00,15.97,,16.00,,,2,32.00,1,F1,1,,,,,
2026-07-24,2026-07-24,CM,BSE,STK,531223,INE364D01032,ANJANI,X,,,,,ANJANI SYNTHETICS LTD.,22.50,23.00,22.21,22.23,22.21,22.96,,22.23,,,1151,25596.00,7,F1,1,,,,,
2026-07-24,2026-07-24,CM,BSE,STK,531225,INE547B01028,XTGLOBAL,B,,,,,XTGLOBAL INFOTECH LIMITED,28.00,28.31,27.10,27.82,27.75,28.33,,27.99,,,1034,28591.00,64,F1,1,,,,,
2026-07-24,2026-07-24,CM,BSE,STK,531228,INE821D01031,RANDER,XT,,,,,RANDER CORPORATION LTD.,12.70,13.32,12.70,13.00,13.00,12.70,,13.00,,,269,3479.00,6,F1,1,,,,,
2026-07-24,2026-07-24,CM,BSE,STK,531233,INE822D01021,RASIELEC,X,,,,,RASI ELECTRODES LTD.,12.80,12.80,12.25,12.70,12.70,12.50,,12.70,,,12467,157571.00,117,F1,1,,,,,
2026-07-24,2026-07-24,CM,BSE,STK,531234,INE962E01015,SCOOBEEDAY,X,,,,,SCOOBEE DAY GARMENTS (INDIA) L,73.99,73.99,71.00,71.00,71.00,70.00,,71.00,,,4,289.00,4,F1,1,,,,,
2026-07-24,2026-07-24,CM,BSE,STK,531235,INE494D01011,CITIPOR,X,,,,,CITIPORT FINANCIAL SERVICES LT,34.96,34.96,34.96,34.96,34.96,34.96,,34.96,,,3,104.00,1,F1,1,,,,,
2026-07-24,2026-07-24,CM,BSE,STK,531237,INE972E01014,DHRUVCA,X,,,,,DHRUVA CAPITAL SERVICES LTD.,165.85,165.85,165.85,165.85,165.85,174.55,,165.85,,,13,2156.00,8,F1,1,,,,,
2026-07-24,2026-07-24,CM,BSE,STK,531241,INE802B01027,LINC,B,,,,,LINC LIMITED,107.50,107.50,101.40,102.50,102.50,102.75,,102.67,,,1346,137071.00,131,F1,1,,,,,
2026-07-24,2026-07-24,CM,BSE,STK,531246,INE723N01012,PRIMAIN,X,,,,,PRIMA INDUSTRIES LTD.,18.39,18.39,18.39,18.39,18.39,18.39,,18.39,,,1,18.00,1,F1,1,,,,,
2026-07-24,2026-07-24,CM,BSE,STK,531253,INE342D01012,INDGELA,X,,,,,INDIA GELATINE & CHEMICALS LTD,365.20,371.95,361.75,369.35,370.00,367.00,,369.35,,,557,202951.00,23,F1,1,,,,,
2026-07-24,2026-07-24,CM,BSE,STK,531254,INE031G01022,OPTIFIN,X,,,,,Optimus Finance Limited,11.65,12.39,11.00,12.19,12.19,11.61,,12.19,,,189728,2256374.00,218,F1,1,,,,,
2026-07-24,2026-07-24,CM,BSE,STK,531257,INE530D01012,PRATIKSH,X,,,,,PRATIKSHA CHEMICALS LTD.,21.50,22.95,16.84,16.84,16.84,21.04,,16.84,,,1487769,26803618.00,1724,F1,1,,,,,
2026-07-24,2026-07-24,CM,BSE,STK,531259,INE328F01016,ESHAMEDIA,XT,,,,,ESHA MEDIA RESEARCH LIMITED,43.73,43.73,43.73,43.73,43.73,46.03,,43.73,,,7926,346603.00,43,F1,1,,,,,
2026-07-24,2026-07-24,CM,BSE,STK,531266,INE764D01017,VSTTILLERS,B,,,,,V.S.T.TILLERS TRACTORS LTD.,4410.05,4466.15,4385.00,4416.10,4400.00,4414.45,,4416.70,,,189,835156.00,62,F1,1,,,,,
2026-07-24,2026-07-24,CM,BSE,STK,531268,INE151B01011,B2BSOFT,X,,,,,B2B SOFTWARE TECHNOLOGIES LTD.,26.55,29.70,25.75,28.77,29.55,27.22,,28.77,,,61498,1743096.00,351,F1,1,,,,,
2026-07-24,2026-07-24,CM,BSE,STK,531272,INE526C01012,NIKKIGL,X,,,,,NIKKI GLOBAL FINANCE LTD.,17.57,17.90,17.57,17.57,17.57,17.55,,17.57,,,578,10159.00,6,F1,1,,,,,
2026-07-24,2026-07-24,CM,BSE,STK,531273,INE986B01044,RADHEDE,X,,,,,RADHE DEVELOPERS (INDIA) LTD.,1.47,1.55,1.47,1.53,1.53,1.49,,1.53,,,76496,116471.00,91,F1,1,,,,,
2026-07-24,2026-07-24,CM,BSE,STK,531274,INE674M01019,KINETRU,XT,,,,,KINETIC TRUST LTD.,41.99,41.99,41.93,41.95,41.95,40.00,,41.95,,,1101,46175.00,4,F1,1,,,,,
2026-07-24,2026-07-24,CM,BSE,STK,531278,INE785D01012,ELIXIR,X,,,,,Elixir Capital Limited,121.00,121.00,112.05,116.75,116.80,119.75,,116.75,,,953,109691.00,35,F1,1,,,,,
2026-07-24,2026-07-24,CM,BSE,STK,531279,INE238C01022,TRISHAKT,XT,,,,,Trishakti Industries Limited,222.00,222.00,209.25,220.45,220.45,220.25,,220.45,,,60355,12942129.00,364,F1,1,,,,,
2026-07-24,2026-07-24,CM,BSE,STK,531280,INE698B01011,PANKAJPO,X,,,,,PANKAJ POLYMERS LTD.,85.50,90.72,85.50,90.72,90.72,86.40,,90.72,,,30159,2719772.00,139,F1,1,,,,,
2026-07-24,2026-07-24,CM,BSE,STK,531281,INE807H01023,MARBLE,X,,,,,MARBLE CITY INDIA LIMITED,119.00,119.95,117.60,119.95,119.95,118.90,,119.95,,,678,81025.00,13,F1,1,,,,,
2026-07-24,2026-07-24,CM,BSE,STK,531286,INE586D01014,ADHHATA,X,,,,,ADHATA GLOBAL LIMITED,27.00,27.00,25.50,25.50,25.50,26.75,,25.50,,,90,2342.00,6,F1,1,,,,,
2026-07-24,2026-07-24,CM,BSE,STK,531287,INE896D01017,NATPLASTI,X,,,,,NATIONAL PLASTIC TECHNOLOGIES,214.80,235.00,214.80,223.90,224.00,212.40,,223.90,,,1071,245951.00,38,F1,1,,,,,
2026-07-24,2026-07-24,CM,BSE,STK,531289,INE643C01015,NATFIT,X,,,,,NATIONAL FITTINGS LIMITED,156.95,159.40,153.00,154.10,153.00,156.95,,154.10,,,2609,408611.00,30,F1,1,,,,,
2026-07-24,2026-07-24,CM,BSE,STK,531297,INE885B01014,ARTEFACT,X,,,,,ARTEFACT PROJECTS LTD.,53.00,53.10,52.21,52.83,52.21,53.12,,52.83,,,609,32192.00,12,F1,1,,,,,
2026-07-24,2026-07-24,CM,BSE,STK,531306,INE590D01016,DHPIND,X,,,,,DHP INDIA LTD.,518.20,528.00,511.10,514.05,514.05,515.65,,514.05,,,407,208120.00,11,F1,1,,,,,
2026-07-24,2026-07-24,CM,BSE,STK,531307,INE951M01037,RRIL,B,,,,,RRIL LIMITED,16.64,17.14,16.50,16.50,16.50,16.43,,16.57,,,3468,57742.00,10,F1,1,,,,,
2026-07-24,2026-07-24,CM,BSE,STK,531310,INE325G01010,AVAILFC,B,,,,,AVAILABLE FINANCE LTD.,146.25,149.95,143.25,145.00,145.00,148.60,,145.00,,,3158,459272.00,75,F1,1,,,,,
2026-07-24,2026-07-24,CM,BSE,STK,531314,INE366H01012,INTCAPL,X,,,,,INTEGRA CAPITAL LIMITED,12.15,12.77,12.15,12.77,12.77,12.77,,12.77,,,475,6046.00,2,F1,1,,,,,
2026-07-24,2026-07-24,CM,BSE,STK,531319,INE368C01019,MGIL,XT,,,,,MARUTI GLOBAL INDUSTRIES LIMIT,39.36,39.36,37.70,39.16,39.26,37.75,,39.16,,,733,28274.00,24,F1,1,,,,,
2026-07-24,2026-07-24,CM,BSE,STK,531322,INE293B01029,HAVISHA,B,,,,,SRI HAVISHA HOSPITALITY INFRAS,1.27,1.27,1.20,1.24,1.24,1.24,,1.24,,,2679,3262.00,22,F1,1,,,,,
2026-07-24,2026-07-24,CM,BSE,STK,531323,INE250D01017,JAYIND,X,,,,,JAYATMA INDUSTRIES LIMITED,11.60,11.65,11.60,11.65,11.65,12.21,,11.65,,,122,1416.00,4,F1,1,,,,,
2026-07-24,2026-07-24,CM,BSE,STK,531324,INE475C01012,ROSELABS,X,,,,,ROSELABS FINANCE LTD.,22.65,22.65,22.65,22.65,22.65,22.70,,22.65,,,400,9060.00,1,F1,1,,,,,
2026-07-24,2026-07-24,CM,BSE,STK,531328,INE128R01023,KRETTOSYS,XT,,,,,KRETTO SYSCON LIMITED,0.53,0.53,0.51,0.51,0.52,0.53,,0.51,,,1182292,605654.00,253,F1,1,,,,,
2026-07-24,2026-07-24,CM,BSE,STK,531335,INE768C01028,ZYDUSWELL,A,,,,,ZYDUS WELLNESS LTD.,546.80,566.80,545.00,561.65,561.65,550.65,,563.00,,,13026,7200069.00,606,F1,1,,,,,
2026-07-24,2026-07-24,CM,BSE,STK,531340,INE348I01018,BERVINL,X,,,,,BERVIN INVESTMENT & LEASING LT,44.56,44.56,40.32,42.81,44.34,42.44,,42.81,,,458,18704.00,13,F1,1,,,,,
2026-07-24,2026-07-24,CM,BSE,STK,531341,INE373D01017,GUJINV,X,,,,,GUJARAT INVESTA LTD.,19.15,19.62,19.15,19.62,19.62,18.69,,19.62,,,6,115.00,2,F1,1,,,,,
2026-07-24,2026-07-24,CM,BSE,STK,531344,INE111A01025,CONCOR,A,,,,,CONTAINER CORPORATION OF INDIA,475.00,483.90,474.50,477.80,477.80,480.70,,477.55,,,57554,27510685.00,1823,F1,1,,,,,
2026-07-24,2026-07-24,CM,BSE,STK,531346,INE500D01015,EASTRED,X,,,,,EASTERN TREADS LTD.,28.45,32.00,25.95,28.50,28.99,28.26,,28.50,,,7862,228870.00,135,F1,1,,,,,
2026-07-24,2026-07-24,CM,BSE,STK,531349,INE922B01023,PANACEABIO,B,,,,,PANACEA BIOTEC LTD.,440.00,447.90,433.00,440.65,442.00,446.80,,441.15,,,9782,4301210.00,313,F1,1,,,,,
2026-07-24,2026-07-24,CM,BSE,STK,531357,INE763M01028,MERCURYEV,T,,,,,MERCURY EV-TECH LIMITED,35.58,35.58,34.10,34.86,35.50,35.26,,35.08,,,20342,703540.00,108,F1,1,,,,,
2026-07-24,2026-07-24,CM,BSE,STK,531358,INE102B01014,CHOICEIN,A,,,,,CHOICE INTERNATIONAL LTD.,802.00,805.00,788.25,797.50,794.60,805.80,,797.15,,,25571,20355190.00,933,F1,1,,,,,
2026-07-24,2026-07-24,CM,BSE,STK,531359,INE777G01012,SRAMSET,X,,,,,SHRIRAM ASSET MANAGEMENT CO.LT,279.90,282.55,277.00,279.00,278.70,280.00,,279.00,,,1966,551115.00,40,F1,1,,,,,
2026-07-24,2026-07-24,CM,BSE,STK,531360,INE427D01011,GOLECHA,X,,,,,GOLECHHA GLOBAL FINANCE LTD.,28.75,28.75,28.75,28.75,28.75,28.75,,28.75,,,45,1293.00,4,F1,1,,,,,
2026-07-24,2026-07-24,CM,BSE,STK,531364,INE005E01013,EKANSH,X,,,,,Ekansh Concepts Limited,230.60,234.00,225.30,229.95,229.75,233.95,,229.95,,,4075,938938.00,40,F1,1,,,,,
2026-07-24,2026-07-24,CM,BSE,STK,531370,INE960B01015,SPAR,X,,,,,SPARC ELECTREX LIMITED,5.05,5.28,4.90,5.13,4.91,5.04,,5.13,,,11804,59996.00,31,F1,1,,,,,
2026-07-24,2026-07-24,CM,BSE,STK,531373,INE319B01014,BYKE,T,,,,,THE BYKE HOSPITALITY LTD.,32.50,32.70,32.50,32.50,32.50,32.51,,32.48,,,2017,65572.00,7,F1,1,,,,,
2026-07-24,2026-07-24,CM,BSE,STK,531380,INE405H01018,CSURGSU,X,,,,,CENTENIAL SURGICAL SUTURE LTD.,85.00,85.00,80.50,80.50,80.50,81.00,,80.50,,,221,17840.00,3,F1,1,,,,,
2026-07-24,2026-07-24,CM,BSE,STK,531381,INE413D01011,ARIHANT,B,,,,,ARIHANT FOUNDATIONS & HOUSING,977.95,1044.80,965.90,1020.80,1039.70,973.50,,1021.65,,,409,409200.00,101,F1,1,,,,,
2026-07-24,2026-07-24,CM,BSE,STK,531390,INE890B01014,UPSURGE,X,,,,,UPSURGE INVESTMENT & FINANCE L,67.54,70.00,66.20,66.47,66.20,68.72,,66.47,,,3437,237957.00,41,F1,1,,,,,
2026-07-24,2026-07-24,CM,BSE,STK,531395,INE448D01025,PADAMCO,X,,,,,PADAM COTTON YARNS LTD.,0.95,0.96,0.93,0.95,0.96,0.96,,0.95,,,525446,496787.00,398,F1,1,,,,,
2026-07-24,2026-07-24,CM,BSE,STK,531396,INE905B01010,WOMENNET,X,,,,,WOMEN NETWORKS LTD.,9.00,9.00,9.00,9.00,9.00,8.92,,9.00,,,25,225.00,1,F1,1,,,,,
2026-07-24,2026-07-24,CM,BSE,STK,531397,INE262C01014,POLYCON,X,,,,,POLYCON INTERNATIONAL LTD.,26.18,26.18,24.88,25.94,24.88,26.18,,25.94,,,257,6667.00,4,F1,1,,,,,
2026-07-24,2026-07-24,CM,BSE,STK,531398,INE679C01027,SOURCENTRL,X,,,,,SOURCE NATURAL FOODS & HERBAL,109.45,109.95,103.00,109.75,109.75,109.45,,109.75,,,5572,583825.00,46,F1,1,,,,,
2026-07-24,2026-07-24,CM,BSE,STK,531399,INE493B01017,GGAUTO,X,,,,,G.G.AUTOMOTIVE GEARS LTD.,164.90,164.90,158.00,162.00,160.15,160.05,,162.00,,,3072,494745.00,116,F1,1,,,,,
2026-07-24,2026-07-24,CM,BSE,STK,531400,INE326B01035,ALMONDZ,B,,,,,ALMONDZ GLOBAL SECURITIES LTD.,12.98,13.00,12.74,12.84,12.84,12.97,,12.86,,,9336,120871.00,44,F1,1,,,,,
2026-07-24,2026-07-24,CM,BSE,STK,531402,INE281M01013,LWSKNIT,X,,,,,LWS KNITWEAR LTD.,16.00,17.00,15.55,16.21,16.48,15.92,,16.21,,,1407,22936.00,18,F1,1,,,,,
2026-07-24,2026-07-24,CM,BSE,STK,531411,INE560D01027,TUNITEX,X,,,,,TUNI TEXTILE MILLS LTD.,1.04,1.04,1.00,1.03,1.03,1.03,,1.03,,,237084,241776.00,96,F1,1,,,,,
2026-07-24,2026-07-24,CM,BSE,STK,531412,INE576N01014,RADIXIND,XT,,,,,RADIX INDUSTRIES (INDIA) LIMIT,126.55,138.00,126.55,138.00,138.00,132.05,,138.00,,,63,8003.00,5,F1,1,,,,,
2026-07-24,2026-07-24,CM,BSE,STK,531416,INE603F01012,NARPROP,X,,,,,NARENDRA PROPERTIES LTD.,38.75,38.75,37.00,37.00,37.00,39.00,,37.00,,,295,10945.00,11,F1,1,,,,,
2026-07-24,2026-07-24,CM,BSE,STK,531417,INE804B01023,MEGACOR,XT,,,,,MEGA CORPORATION LTD.,2.77,2.77,2.75,2.75,2.75,2.80,,2.75,,,19268,53030.00,28,F1,1,,,,,
2026-07-24,2026-07-24,CM,BSE,STK,531420,INE644K01016,BMBMUMG,XT,,,,,BMB MUSIC & MAGNETICS LTD.,7.00,7.00,6.75,6.75,6.75,7.10,,6.75,,,19,129.00,3,F1,1,,,,,
2026-07-24,2026-07-24,CM,BSE,STK,531426,INE107A01015,TNPL,B,,,,,TAMIL NADU NEWSPRINT & PAPERS,151.55,153.85,149.50,150.20,149.65,151.20,,149.78,,,16973,2562421.00,384,F1,1,,,,,
2026-07-24,2026-07-24,CM,BSE,STK,531431,INE908D01010,SHAKTIPUMP,A,,,,,SHAKTI PUMPS (INDIA) LTD.,542.05,557.00,534.20,553.55,553.55,543.20,,553.05,,,35797,19539694.00,1037,F1,1,,,,,
2026-07-24,2026-07-24,CM,BSE,STK,531433,INE271D01013,SUNGOLD,X,,,,,SUNGOLD CAPITAL LTD.,2.68,2.68,2.58,2.58,2.58,2.68,,2.58,,,798,2088.00,13,F1,1,,,,,
2026-07-24,2026-07-24,CM,BSE,STK,531436,INE474D01013,SAFFRON,X,,,,,SAFFRON INDUSTRIES LIMITED,28.50,28.50,27.14,28.05,28.08,26.27,,28.05,,,7111,197708.00,50,F1,1,,,,,
2026-07-24,2026-07-24,CM,BSE,STK,531437,INE523I01016,PWASML,X,,,,,Prakash Woollen & Synthetic Mi,20.85,22.95,20.85,22.20,22.39,22.11,,22.20,,,1033,22948.00,29,F1,1,,,,,
2026-07-24,2026-07-24,CM,BSE,STK,531439,INE805A01014,GOLDTECH,T,,,,,AION TECH SOLUTIONS LIMITED,60.98,60.98,58.57,59.00,59.00,59.44,,58.79,,,4380,259391.00,41,F1,1,,,,,
2026-07-24,2026-07-24,CM,BSE,STK,531441,INE100F01019,LYONSCO,X,,,,,LYONS CORPORATE MARKET LTD.,22.50,22.50,22.50,22.50,22.50,22.00,,22.50,,,50,1125.00,1,F1,1,,,,,
2026-07-24,2026-07-24,CM,BSE,STK,531449,INE192H01020,GRMOVER,B,,,,,GRM OVERSEAS LTD.,89.74,90.52,88.45,90.21,90.32,89.83,,90.20,,,8213,733554.00,133,F1,1,,,,,
2026-07-24,2026-07-24,CM,BSE,STK,531453,INE954E01012,MOHITIND,B,,,,,MOHIT INDUSTRIES LTD.,22.85,22.85,22.26,22.37,22.35,22.90,,22.57,,,1015,23109.00,14,F1,1,,,,,
2026-07-24,2026-07-24,CM,BSE,STK,531454,INE323D01020,POLYLINK,X,,,,,POLYLINK POLYMERS (INDIA) LTD.,21.50,21.50,21.00,21.45,21.45,21.50,,21.45,,,1741,36912.00,23,F1,1,,,,,
2026-07-24,2026-07-24,CM,BSE,STK,531456,INE952C01028,MINAXI,X,,,,,MINAXI TEXTILES LTD.,1.32,1.40,1.32,1.40,1.40,1.32,,1.40,,,8507,11741.00,26,F1,1,,,,,
2026-07-24,2026-07-24,CM,BSE,STK,531458,INE109B01019,BOSTON,X,,,,,BOSTON COMMERCE LIMITED,5.24,5.24,5.24,5.24,5.24,5.25,,5.24,,,602,3154.00,2,F1,1,,,,,
2026-07-24,2026-07-24,CM,BSE,STK,531460,INE545B01022,CONTICON,X,,,,,CONTINENTAL CONTROLS LTD.,9.80,10.30,9.80,10.30,10.30,10.31,,10.30,,,8766,88579.00,47,F1,1,,,,,
2026-07-24,2026-07-24,CM,BSE,STK,531465,INE317B01042,NOUVEAU,X,,,,,NOUVEAU GLOBAL VENTURES LTD.,0.29,0.29,0.28,0.28,0.28,0.29,,0.28,,,163573,46233.00,42,F1,1,,,,,
2026-07-24,2026-07-24,CM,BSE,STK,531471,INE397G01019,DUKEOFS,XT,,,,,DUKE OFFSHORE LTD.,34.65,34.65,34.65,34.65,34.65,33.98,,34.65,,,9141,316735.00,25,F1,1,,,,,
2026-07-24,2026-07-24,CM,BSE,STK,531472,INE183D01010,CYBELEIND,X,,,,,CYBELE INDUSTRIES LTD.,45.26,45.26,42.87,43.04,42.87,45.12,,43.04,,,832,35881.00,26,F1,1,,,,,
2026-07-24,2026-07-24,CM,BSE,STK,531486,INE600B01033,FILME,XT,,,,,FILMCITY MEDIA LTD.,1.87,1.88,1.87,1.88,1.88,1.90,,1.88,,,5358,10039.00,10,F1,1,,,,,
2026-07-24,2026-07-24,CM,BSE,STK,531489,INE084D01010,CGVAK,X,,,,,CG-VAK SOFTWARE & EXPORTS LTD.,164.45,164.45,157.00,157.70,161.95,161.00,,157.70,,,1009,161433.00,42,F1,1,,,,,
2026-07-24,2026-07-24,CM,BSE,STK,531494,INE268H01044,NAVKARURB,T,,,,,NAVKAR URBANSTRUCTURE LIMITED,1.04,1.09,1.04,1.05,1.05,1.09,,1.08,,,32811,34174.00,32,F1,1,,,,,
2026-07-24,2026-07-24,CM,BSE,STK,531495,INE472B01011,BLUECOAST,T,,,,,BLUE COAST HOTELS LTD.,22.51,24.73,22.40,24.73,24.73,23.56,,27.00,,,14,339.00,3,F1,1,,,,,
2026-07-24,2026-07-24,CM,BSE,STK,531497,INE378D01032,MADHUCON,T,,,,,MADHUCON PROJECTS LTD.,4.94,5.25,4.94,5.25,5.25,5.20,,5.31,,,2539,12956.00,10,F1,1,,,,,
2026-07-24,2026-07-24,CM,BSE,STK,531500,INE343B01030,RAJESHEXPO,Z,,,,,RAJESH EXPORTS LTD.,88.81,92.00,88.75,88.92,88.92,93.33,,88.93,,,23762,2128664.00,313,F1,1,,,,,
2026-07-24,2026-07-24,CM,BSE,STK,531502,INE404L01039,ESARIND,X,,,,,ESAAR (INDIA) LTD.,11.32,11.32,10.88,11.31,11.32,11.10,,11.31,,,25812,288670.00,87,F1,1,,,,,
2026-07-24,2026-07-24,CM,BSE,STK,531503,INE866D01010,MARIS,X,,,,,MARIS SPINNERS LTD.,28.41,29.30,28.41,29.21,29.24,29.48,,29.21,,,162,4624.00,7,F1,1,,,,,
2026-07-24,2026-07-24,CM,BSE,STK,531505,INE628F01019,INDERGR,XT,,,,,INDERGIRI FINANCE LTD.,27.15,28.41,27.15,28.41,28.41,28.57,,28.41,,,301,8173.00,6,F1,1,,,,,
2026-07-24,2026-07-24,CM,BSE,STK,531508,INE128A01029,EVEREADY,B,,,,,EVEREADY INDUSTRIES INDIA LTD.,350.05,358.00,343.95,357.00,357.00,351.30,,357.00,,,4110,1455239.00,199,F1,1,,,,,
2026-07-24,2026-07-24,CM,BSE,STK,531512,INE681D01039,ORIENTTR,X,,,,,ORIENT TRADELINK LTD.,5.83,5.95,5.79,5.80,5.82,5.69,,5.80,,,48493,285144.00,90,F1,1,,,,,
2026-07-24,2026-07-24,CM,BSE,STK,531518,INE767B01022,VIKASPROP,Z,,,,,VIKAS PROPPANT & GRANITE LTD.,0.27,0.27,0.26,0.26,0.26,0.27,,0.26,,,40923,10858.00,43,F1,1,,,,,
2026-07-24,2026-07-24,CM,BSE,STK,531525,INE849B01010,ACESOFT,X,,,,,ACE SOFTWARE EXPORTS LTD.,142.25,145.90,138.15,144.75,144.75,135.20,,144.75,,,85823,12187984.00,401,F1,1,,,,,
2026-07-24,2026-07-24,CM,BSE,STK,531529,INE562E01021,SOFTRAKV,XT,,,,,SOFTRAK VENTURE INVESTMENT LTD,1.61,1.61,1.52,1.59,1.59,1.60,,1.59,,,1291,2067.00,23,F1,1,,,,,
2026-07-24,2026-07-24,CM,BSE,STK,531531,INE473B01035,HATSUN,A,,,,,HATSUN AGRO PRODUCT LTD.,881.20,888.00,873.05,886.35,886.65,872.95,,886.85,,,1746,1533392.00,210,F1,1,,,,,
2026-07-24,2026-07-24,CM,BSE,STK,531533,INE578B01015,ACCEDERE,XT,,,,,ACCEDERE LIMITED,62.47,65.25,60.00,64.76,64.76,62.78,,64.76,,,675,41177.00,12,F1,1,,,,,
2026-07-24,2026-07-24,CM,BSE,STK,531537,INE681K01026,MIZVEN,X,,,,,MIZZEN VENTURES LIMITED,68.85,68.85,68.85,68.85,68.85,72.45,,68.85,,,1672,115117.00,14,F1,1,,,,,
2026-07-24,2026-07-24,CM,BSE,STK,531539,INE864D01015,RISHDIGA,X,,,,,RISHABH DIGHA STEEL & ALLIED P,37.50,37.50,34.47,35.99,35.99,36.28,,35.99,,,720,24851.00,13,F1,1,,,,,
2026-07-24,2026-07-24,CM,BSE,STK,531540,INE392G01028,MAINFRA,XT,,,,,MARUTI INFRASTRUCTURE LTD.,10.86,10.99,10.42,10.57,10.59,10.86,,10.57,,,18591,196225.00,75,F1,1,,,,,
2026-07-24,2026-07-24,CM,BSE,STK,531541,INE881A01015,KOBO,Z,,,,,KOBO BIOTECH LIMITED,8.90,8.90,8.90,8.90,8.90,9.08,,8.90,,,2169,19304.00,9,F1,1,,,,,
2026-07-24,2026-07-24,CM,BSE,STK,531543,INE247D01039,JINDWORLD,B,,,,,JINDAL WORLDWIDE LTD.,33.62,39.60,33.33,38.21,38.21,34.31,,37.84,,,2278007,84420140.00,4667,F1,1,,,,,
2026-07-24,2026-07-24,CM,BSE,STK,531548,INE355A01028,SOMANYCERA,B,,,,,SOMANY CERAMICS LTD.,489.00,498.70,482.90,498.15,498.70,489.50,,496.70,,,201326,99145651.00,199,F1,1,,,,,
2026-07-24,2026-07-24,CM,BSE,STK,531550,INE865D01012,JHACC,X,,,,,JHAVERI CREDITS & CAPITAL LTD.,194.95,194.95,181.25,184.65,183.00,186.00,,184.65,,,996,182983.00,38,F1,1,,,,,
2026-07-24,2026-07-24,CM,BSE,STK,531552,INE754B01012,RAGHUTOB,X,,,,,RAGHUNATH TOBACCO CO.LTD.,14.88,14.88,13.96,14.66,14.66,14.28,,14.66,,,467,6838.00,19,F1,1,,,,,
2026-07-24,2026-07-24,CM,BSE,STK,531553,INE193D01019,DRL,XT,,,,,DISHA RESOURCES LIMITED,26.38,26.38,26.38,26.38,26.38,26.98,,26.38,,,1,26.00,1,F1,1,,,,,
2026-07-24,2026-07-24,CM,BSE,STK,531556,INE558D01021,CORALFINAC,B,,,,,CORAL INDIA FINANCE & HOUSING,31.38,36.80,30.77,32.64,32.40,31.38,,32.60,,,23950,776884.00,179,F1,1,,,,,
2026-07-24,2026-07-24,CM,BSE,STK,531557,INE137E01014,AMITSEC,X,,,,,AMIT SECURITIES LTD.,38.95,40.89,38.95,40.89,40.89,38.95,,40.89,,,268,10946.00,3,F1,1,,,,,
2026-07-24,2026-07-24,CM,BSE,STK,531569,INE860D01013,SANJIVIN,X,,,,,SANJIVANI PARANTERAL LTD.,152.95,152.95,147.90,148.65,149.00,150.05,,148.65,,,2529,376664.00,78,F1,1,,,,,
2026-07-24,2026-07-24,CM,BSE,STK,531572,INE863D01017,RANJITSE,XT,,,,,RANJIT SECURITIES LTD.,63.00,63.00,61.00,61.00,61.00,60.95,,61.00,,,3,186.00,3,F1,1,,,,,
2026-07-24,2026-07-24,CM,BSE,STK,531574,INE192C01013,VASINFRA,XT,,,,,VAS INFRASTRUCTURE LTD.,7.93,8.40,7.62,7.99,7.99,8.02,,7.99,,,2002,16511.00,15,F1,1,,,,,
2026-07-24,2026-07-24,CM,BSE,STK,531578,INE580H01026,KMFBLDR,X,,,,,KMF BUILDERS & DEVELOPERS LTD.,6.90,6.90,6.90,6.90,6.90,6.90,,6.90,,,92,634.00,2,F1,1,,,,,
2026-07-24,2026-07-24,CM,BSE,STK,531582,INE508J01015,BERYLSE,XT,,,,,BERYL SECURITIES LTD.,39.99,39.99,36.29,36.29,36.29,38.19,,36.29,,,3273,118956.00,21,F1,1,,,,,
2026-07-24,2026-07-24,CM,BSE,STK,531583,INE483D01014,RAP,X,,,,,RAP CORP LIMITED,39.79,39.79,37.05,38.48,38.48,38.95,,38.48,,,1648,64029.00,20,F1,1,,,,,
2026-07-24,2026-07-24,CM,BSE,STK,531591,INE802A01037,BAMPSL,X,,,,,BAMPSL SECURITIES LTD.,19.69,19.72,19.00,19.72,19.72,19.38,,19.72,,,3013,57656.00,16,F1,1,,,,,
2026-07-24,2026-07-24,CM,BSE,STK,531592,INE861N01036,GENPHARMA,X,,,,,GENPHARMASEC LIMITED,1.05,1.05,1.00,1.02,1.02,1.03,,1.02,,,292175,300616.00,199,F1,1,,,,,
2026-07-24,2026-07-24,CM,BSE,STK,531594,INE507D01010,INCON,XT,,,,,INCON ENGINEERS LTD.,30.32,30.32,30.32,30.32,30.32,30.93,,30.32,,,3,90.00,2,F1,1,,,,,
2026-07-24,2026-07-24,CM,BSE,STK,531595,INE180C01042,CGCL,A,,,,,CAPRI GLOBAL CAPITAL LIMITED,244.10,244.10,237.05,238.15,240.00,243.60,,238.23,,,41388,9889485.00,800,F1,1,,,,,
2026-07-24,2026-07-24,CM,BSE,STK,531599,INE258B01022,FDC,B,,,,,FDC LTD.,397.55,417.40,397.55,411.30,413.50,401.65,,412.95,,,3751,1517280.00,222,F1,1,,,,,
2026-07-24,2026-07-24,CM,BSE,STK,531600,INE832C01014,GOGIACAPGL,X,,,,,GOGIA CAPITAL GROWTH LIMITED,52.48,52.48,52.48,52.48,52.48,51.45,,52.48,,,1,52.00,1,F1,1,,,,,
2026-07-24,2026-07-24,CM,BSE,STK,531608,INE792J01015,GORANIN,XT,,,,,GORANI INDUSTRIES LTD.,44.00,44.00,42.50,43.01,43.01,44.50,,43.01,,,636,27726.00,9,F1,1,,,,,
2026-07-24,2026-07-24,CM,BSE,STK,531624,INE695B01025,COUNCODOS,B,,,,,COUNTRY CONDOS LTD.,6.42,6.55,6.28,6.40,6.40,6.56,,6.40,,,21228,135652.00,79,F1,1,,,,,
2026-07-24,2026-07-24,CM,BSE,STK,531626,INE628B01034,OROSMITHS,XT,,,,,OROSIL SMITHS INDIA LTD.,6.51,6.75,6.50,6.72,6.74,6.51,,6.72,,,84960,566190.00,159,F1,1,,,,,
2026-07-24,2026-07-24,CM,BSE,STK,531628,INE173E01019,TEJASSVI,XT,,,,,TEJASSVI AAHARAM LIMITED,59.60,59.60,59.00,59.60,59.60,58.44,,59.60,,,94635,5640110.00,33,F1,1,,,,,
2026-07-24,2026-07-24,CM,BSE,STK,531633,INE405C01035,LINCOLN,B,,,,,LINCOLN PHARMACEUTICALS LTD.,584.45,584.55,573.35,581.90,584.55,589.25,,580.00,,,2039,1174901.00,94,F1,1,,,,,
2026-07-24,2026-07-24,CM,BSE,STK,531635,INE870J01019,SILVOAK,X,,,,,SILVER OAK (INDIA) LTD.,80.15,80.15,74.10,77.50,77.50,79.52,,77.50,,,398,29939.00,22,F1,1,,,,,
2026-07-24,2026-07-24,CM,BSE,STK,531637,INE722B01019,PRAVEG,B,,,,,PRAVEG LIMITED,292.25,294.00,282.75,284.85,284.60,295.05,,285.08,,,5944,1700216.00,210,F1,1,,,,,
2026-07-24,2026-07-24,CM,BSE,STK,531638,INE713C01016,SURAJLTD,B,,,,,SURAJ LTD.,216.15,223.35,215.80,223.35,223.35,223.20,,221.30,,,476,103188.00,18,F1,1,,,,,
2026-07-24,2026-07-24,CM,BSE,STK,531642,INE196A01026,MARICO,A,,,,,MARICO LTD.,855.80,857.95,841.95,855.80,857.95,853.45,,855.60,,,42328,35959785.00,2665,F1,1,,,,,
2026-07-24,2026-07-24,CM,BSE,STK,531644,INE546D01018,TOKYOFIN,X,,,,,TOKYO FINANCE LTD.,17.15,18.90,17.15,18.66,18.69,17.90,,18.66,,,507,9248.00,12,F1,1,,,,,
2026-07-24,2026-07-24,CM,BSE,STK,531651,INE654H01011,NATGENI,X,,,,,NATIONAL GENERAL INDUSTRIES LT,63.00,63.56,57.64,57.84,60.93,60.56,,57.84,,,251,14623.00,8,F1,1,,,,,
2026-07-24,2026-07-24,CM,BSE,STK,531652,INE528C01018,UVS,X,,,,,UVS HOSPITALITY AND SERVICES L,82.25,85.90,82.25,84.06,85.40,82.37,,84.06,,,1566,131091.00,25,F1,1,,,,,
2026-07-24,2026-07-24,CM,BSE,STK,531658,INE454E01013,ABATEAS,X,,,,,ABATE AS INDUSTRIES LIMITED,9.86,9.86,9.47,9.78,9.78,9.78,,9.78,,,27092,260748.00,89,F1,1,,,,,
2026-07-24,2026-07-24,CM,BSE,STK,531661,INE863C01019,HITTCO,XT,,,,,HITTCO TOOLS LTD.,11.61,12.67,11.61,11.66,11.66,12.18,,11.66,,,3048,36072.00,20,F1,1,,,,,
2026-07-24,2026-07-24,CM,BSE,STK,531663,INE139D01020,YUVRAAJHPL,XT,,,,,YUVRAAJ HYGIENE PRODUCTS LTD.,7.52,7.76,7.15,7.55,7.56,7.50,,7.55,,,31142,232122.00,53,F1,1,,,,,
2026-07-24,2026-07-24,CM,BSE,STK,531667,INE117K01013,RRMETAL,XT,,,,,RR METALMAKERS INDIA LIMITED,63.44,63.44,60.96,61.15,61.15,62.20,,61.15,,,54451,3322691.00,46,F1,1,,,,,
2026-07-24,2026-07-24,CM,BSE,STK,531668,INE661D01015,VISIONCO,X,,,,,VISION CORPORATION LTD.,2.06,2.07,2.06,2.06,2.06,2.06,,2.06,,,3739,7723.00,10,F1,1,,,,,
2026-07-24,2026-07-24,CM,BSE,STK,531671,INE214D01021,KARNAWATI,XT,,,,,Karnawati Innovation Limited,1.22,1.22,1.15,1.21,1.22,1.18,,1.21,,,23954,28973.00,115,F1,1,,,,,
2026-07-24,2026-07-24,CM,BSE,STK,531672,INE224C01014,INANISEC,XT,,,,,INANI SECURITIES LTD.,19.55,19.55,19.55,19.55,19.55,19.50,,19.55,,,27,527.00,1,F1,1,,,,,
2026-07-24,2026-07-24,CM,BSE,STK,531673,INE067C01025,ANKIN,X,,,,,ANKA INDIA LTD.,23.45,23.59,21.72,22.55,23.25,22.53,,22.55,,,7755,179224.00,35,F1,1,,,,,
2026-07-24,2026-07-24,CM,BSE,STK,531676,INE554H01021,EMROCK,XT,,,,,EMROCK CORPORATION LIMITED,234.90,237.75,215.50,235.25,237.75,226.45,,235.25,,,4093,952046.00,46,F1,1,,,,,
2026-07-24,2026-07-24,CM,BSE,STK,531680,INE799E01011,MAYUR,X,,,,,MAYUR LEATHER PRODUCTS LTD.,22.35,22.70,21.64,22.46,22.46,22.77,,22.46,,,1062,23561.00,9,F1,1,,,,,
2026-07-24,2026-07-24,CM,BSE,STK,531681,INE673C01020,AMERISE,X,,,,,AMERISE BIOSCIENCES LIMITED,0.86,0.87,0.86,0.87,0.87,0.86,,0.87,,,22072,19015.00,29,F1,1,,,,,
2026-07-24,2026-07-24,CM,BSE,STK,531688,INE621B01021,PRITHVIEXCH,X,,,,,Prithvi Exchange (India) Limit,101.00,103.95,101.00,101.50,101.50,101.80,,101.50,,,355,35944.00,14,F1,1,,,,,
2026-07-24,2026-07-24,CM,BSE,STK,531692,INE593B01030,KHYATI,XT,,,,,KHYATI MULTIMEDIA-ENTERTAINMEN,3.37,3.37,3.06,3.31,3.31,3.22,,3.31,,,389,1294.00,11,F1,1,,,,,
2026-07-24,2026-07-24,CM,BSE,STK,531694,INE230F01014,RAINBOWF,X,,,,,RAINBOW FOUNDATIONS LTD.,38.50,38.79,36.64,38.50,38.50,38.59,,38.50,,,6517,250759.00,30,F1,1,,,,,
2026-07-24,2026-07-24,CM,BSE,STK,531716,INE843F01014,TRICOMFRU,XT,,,,,TRICOM FRUIT PRODUCTS LIMITED,1.84,1.84,1.84,1.84,1.84,1.76,,1.84,,,9279,17073.00,20,F1,1,,,,,
2026-07-24,2026-07-24,CM,BSE,STK,531717,INE632C01026,VIDHIING,B,,,,,Vidhi Specialty Food Ingredien,300.75,314.75,300.10,308.95,306.25,300.70,,310.50,,,929,285242.00,111,F1,1,,,,,
2026-07-24,2026-07-24,CM,BSE,STK,531719,INE414D01027,BHAGCHEM,B,,,,,BHAGIRADHA CHEMICALS & INDUSTR,259.00,265.00,254.75,261.10,262.25,259.05,,263.40,,,3138,806668.00,84,F1,1,,,,,
2026-07-24,2026-07-24,CM,BSE,STK,531723,INE224E01028,GATECH,B,,,,,GACM Technologies Limited,0.50,0.50,0.48,0.49,0.50,0.50,,0.48,,,442078,216621.00,140,F1,1,,,,,
2026-07-24,2026-07-24,CM,BSE,STK,531726,INE316G01019,PANCHSHEEL,X,,,,,PANCHSHEEL ORGANICS LTD.,113.00,117.95,113.00,117.95,117.95,117.00,,117.95,,,74,8629.00,17,F1,1,,,,,
2026-07-24,2026-07-24,CM,BSE,STK,531727,INE650G01029,MENNPIS,B,,,,,MENON PISTONS LTD.,77.16,77.17,73.50,74.64,73.80,75.60,,74.07,,,6862,512615.00,151,F1,1,,,,,
2026-07-24,2026-07-24,CM,BSE,STK,531737,INE414C01045,GREENCREST,X,,,,,GREENCREST FINANCIAL SERVICES,0.49,0.49,0.47,0.48,0.48,0.49,,0.48,,,113713,54338.00,136,F1,1,,,,,
2026-07-24,2026-07-24,CM,BSE,STK,531739,INE509C01026,GENNEX,X,,,,,GENNEX LABORATORIES LTD.,9.10,9.15,8.90,9.08,9.10,9.07,,9.08,,,158929,1437652.00,298,F1,1,,,,,
2026-07-24,2026-07-24,CM,BSE,STK,531743,INE258Z01013,HIRAUTO,P,,,,,HIRA AUTOMOBILES LTD.,193.00,193.00,193.00,193.00,193.00,193.80,,193.00,,,100,19300.00,1,F1,100,,,,,
2026-07-24,2026-07-24,CM,BSE,STK,531744,INE548B01018,GINISILK,X,,,,,GINI SILK MILLS LTD.,61.90,61.90,55.65,55.65,55.65,54.56,,55.65,,,507,29186.00,17,F1,1,,,,,
2026-07-24,2026-07-24,CM,BSE,STK,531746,INE505C01016,PRAENG,B,,,,,PRAJAY ENGINEERS SYNDICATE LTD,22.59,22.59,21.35,22.40,22.40,22.90,,22.42,,,14934,328350.00,85,F1,1,,,,,
2026-07-24,2026-07-24,CM,BSE,STK,531752,INE703D01023,BIOGEN,X,,,,,BIOGEN PHARMACHEM INDUSTRIES L,0.32,0.32,0.31,0.32,0.32,0.31,,0.32,,,2251348,714018.00,710,F1,1,,,,,
2026-07-24,2026-07-24,CM,BSE,STK,531758,INE131D01019,GKCONS,X,,,,,G.K.CONSULTANTS LTD.,11.98,11.98,11.00,11.20,11.40,11.60,,11.20,,,533,5864.00,7,F1,1,,,,,
2026-07-24,2026-07-24,CM,BSE,STK,531761,INE126J01016,APOLLOPIPE,B,,,,,APOLLO PIPES LIMITED,485.10,494.05,477.00,489.45,491.60,486.25,,490.25,,,3512,1718639.00,99,F1,1,,,,,
2026-07-24,2026-07-24,CM,BSE,STK,531762,INE576D01015,UNJHAFOR,X,,,,,UNJHA FORMULATIONS LTD.,22.02,23.89,22.02,23.81,23.81,23.89,,23.81,,,6642,158526.00,20,F1,1,,,,,
2026-07-24,2026-07-24,CM,BSE,STK,531768,INE205C01021,POLYMED,A,,,,,POLY MEDICURE LTD.,1611.05,1675.00,1611.05,1666.50,1655.30,1631.70,,1664.10,,,23947,39426450.00,594,F1,1,,,,,
2026-07-24,2026-07-24,CM,BSE,STK,531769,INE600F01018,PFLINFOTC,X,,,,,PFL INFOTECH LTD.,4.30,4.30,4.30,4.30,4.30,4.30,,4.30,,,10,43.00,2,F1,1,,,,,
2026-07-24,2026-07-24,CM,BSE,STK,531771,INE311M01018,SHRADDHA,X,,,,,SHRADDHA PRIME PROJECTS LTD,163.05,165.25,158.00,159.65,159.65,165.95,,159.65,,,5166,832923.00,108,F1,1,,,,,
2026-07-24,2026-07-24,CM,BSE,STK,531778,INE059E01010,KACHCHH,XT,,,,,KACHCHH MINERALS LTD.,27.09,27.09,27.09,27.09,27.09,25.80,,27.09,,,2000,54180.00,2,F1,1,,,,,
2026-07-24,2026-07-24,CM,BSE,STK,531780,INE229G01022,KACL,XT,,,,,KAISER CORPORATION LIMITED,6.33,6.33,6.10,6.11,6.11,6.22,,6.11,,,6763,41899.00,26,F1,1,,,,,
2026-07-24,2026-07-24,CM,BSE,STK,531784,INE469F01026,KCLINFRA,X,,,,,KCL Infra Projects Limited,1.19,1.20,1.12,1.17,1.17,1.21,,1.17,,,167790,195348.00,204,F1,1,,,,,
2026-07-24,2026-07-24,CM,BSE,STK,531794,INE331F01028,SESHACHAL,X,,,,,SESHACHAL TECHNOLOGIES LTD.,82.99,83.20,76.15,81.82,82.90,79.43,,81.82,,,3917,315141.00,61,F1,1,,,,,
2026-07-24,2026-07-24,CM,BSE,STK,531795,INE951D01028,ATULAUTO,B,,,,,ATUL AUTO LTD.,465.65,477.40,463.05,474.75,476.65,474.65,,473.50,,,7527,3537611.00,319,F1,1,,,,,
2026-07-24,2026-07-24,CM,BSE,STK,531797,INE393D01015,SCANPRO,XT,,,,,SCAN PROJECTS LTD.,105.50,110.25,105.50,110.25,110.25,105.00,,110.25,,,171,18748.00,4,F1,1,,,,,
2026-07-24,2026-07-24,CM,BSE,STK,531802,INE426H01014,PRERINFRA,X,,,,,PRERNA INFRABUILD LTD.,25.30,26.79,24.62,26.52,26.50,25.33,,26.52,,,14395,365454.00,41,F1,1,,,,,
2026-07-24,2026-07-24,CM,BSE,STK,531810,INE161E01014,METALCO,X,,,,,METAL COATINGS (INDIA) LTD.,51.50,51.50,50.50,50.50,50.50,51.96,,50.50,,,505,25513.00,21,F1,1,,,,,
2026-07-24,2026-07-24,CM,BSE,STK,531812,INE266C01023,SGNTE,X,,,,,SGN TELECOMS LTD.,0.55,0.55,0.50,0.51,0.51,0.52,,0.51,,,48085,24547.00,31,F1,1,,,,,
2026-07-24,2026-07-24,CM,BSE,STK,531813,INE278O01015,GANGAPA,X,,,,,GANGA PAPERS INDIA LTD.,104.90,104.90,99.50,99.50,99.50,100.99,,99.50,,,104,10680.00,9,F1,1,,,,,
2026-07-24,2026-07-24,CM,BSE,STK,531814,INE297J01023,TIRSARJ,X,,,,,TIRUPATI SARJAN LTD.,8.90,9.00,8.56,8.63,8.64,8.55,,8.63,,,4817,41904.00,24,F1,1,,,,,
2026-07-24,2026-07-24,CM,BSE,STK,531821,INE348D01019,MUNOTHFI,XT,,,,,MUNOTH FINANCIAL SERVICES LTD.,42.20,43.04,42.20,43.04,43.04,42.20,,43.04,,,6,257.00,3,F1,1,,,,,
2026-07-24,2026-07-24,CM,BSE,STK,531822,INE513E01024,RODIUM,X,,,,,RODIUM REALTY LIMITED,157.00,157.00,156.95,156.95,156.95,157.60,,156.95,,,598,93856.00,13,F1,1,,,,,
2026-07-24,2026-07-24,CM,BSE,STK,531832,INE793H01017,NAGTECH,XT,,,,,NAGARJUNA AGRI TECH LTD.,43.59,45.54,41.90,45.54,45.54,43.38,,45.54,,,4996,222434.00,28,F1,1,,,,,
2026-07-24,2026-07-24,CM,BSE,STK,531834,INE487B01019,NATHUEC,XT,,,,,NATURA HUE CHEM LTD.,27.55,28.02,27.55,28.02,28.02,29.00,,28.02,,,1838,50666.00,6,F1,1,,,,,
2026-07-24,2026-07-24,CM,BSE,STK,531840,INE172B01017,IECEDU,X,,,,,IEC EDUCATION LTD.,22.99,22.99,20.55,21.10,21.10,21.37,,21.10,,,337,7238.00,18,F1,1,,,,,
2026-07-24,2026-07-24,CM,BSE,STK,531841,INE935D01013,INDUSFINL,XT,,,,,Indus Finance Limited,150.00,155.00,142.70,154.55,154.55,150.15,,154.55,,,5115,780798.00,39,F1,1,,,,,
2026-07-24,2026-07-24,CM,BSE,STK,531842,INE515C01023,LAHOTIOV,B,,,,,LAHOTI OVERSEAS LTD.,44.00,44.00,44.00,44.00,44.00,43.49,,43.98,,,8,352.00,2,F1,1,,,,,
2026-07-24,2026-07-24,CM,BSE,STK,531845,INE318D01020,ZENITHSTL,B,,,,,ZENITH STEEL PIPES AND  INDUST,5.66,6.00,5.60,5.78,5.78,5.65,,5.83,,,14264,82852.00,66,F1,1,,,,,
2026-07-24,2026-07-24,CM,BSE,STK,531846,INE884X01011,TRINITYLEA,X,,,,,TRINITY LEAGUE INDIA LTD.,10.88,10.88,10.88,10.88,10.88,10.88,,10.88,,,3,32.00,2,F1,1,,,,,
2026-07-24,2026-07-24,CM,BSE,STK,531859,INE457G01029,ORIRAIL,X,,,,,ORIENTAL RAIL INFRASTRUCTURE L,108.00,111.00,105.35,109.50,110.35,108.00,,109.50,,,43905,4758265.00,560,F1,1,,,,,
2026-07-24,2026-07-24,CM,BSE,STK,531861,INE024B01010,JOINDRE,X,,,,,JOINDRE CAPITAL SERVICES LTD.,51.84,51.84,48.08,48.53,48.50,53.99,,48.53,,,17547,873037.00,169,F1,1,,,,,
2026-07-24,2026-07-24,CM,BSE,STK,531862,INE842D01029,BHARATAGRI,X,,,,,BHARAT AGRI FERT & REALTY LTD.,22.91,23.15,22.50,23.15,23.15,22.90,,23.15,,,4359,99924.00,46,F1,1,,,,,
2026-07-24,2026-07-24,CM,BSE,STK,531867,INE929K01011,UNITINT,Z,,,,,UNITECH INTERNATIONAL LTD.,3.36,3.36,3.24,3.30,3.30,3.20,,3.30,,,956,3156.00,10,F1,1,,,,,
2026-07-24,2026-07-24,CM,BSE,STK,531869,INE433G01020,SACHEMT,X,,,,,SACHETA METALS LTD.,3.85,3.86,3.81,3.85,3.85,3.85,,3.85,,,25200,96922.00,49,F1,1,,,,,
2026-07-24,2026-07-24,CM,BSE,STK,531870,INE370C01015,POPULARES,X,,,,,POPULAR ESTATE MANAGEMENT LTD.,16.95,16.95,16.95,16.95,16.95,16.95,,16.95,,,1,16.00,1,F1,1,,,,,
2026-07-24,2026-07-24,CM,BSE,STK,531878,INE283D01018,ANJANIFIN,X,,,,,ANJANI FINANCE LTD.,8.84,8.84,8.50,8.84,8.84,8.85,,8.84,,,1249,11037.00,9,F1,1,,,,,
2026-07-24,2026-07-24,CM,BSE,STK,531888,INE687C01012,REXNORD,XT,,,,,REXNORD ELECTRONICS & CONTROLS,76.10,80.85,76.10,80.70,80.70,79.85,,80.70,,,345,27336.00,19,F1,1,,,,,
2026-07-24,2026-07-24,CM,BSE,STK,531889,INE882B01037,NWIL,X,,,,,NURTURE WELL INDUSTRIES LIMITE,25.29,25.29,24.10,24.24,24.24,25.03,,24.24,,,168432,4107330.00,692,F1,1,,,,,
2026-07-24,2026-07-24,CM,BSE,STK,531893,INE248B01023,SAWACA,X,,,,,SAWACA ENTERPRISES LIMITED,0.29,0.30,0.29,0.30,0.30,0.29,,0.30,,,483677,142729.00,200,F1,1,,,,,
2026-07-24,2026-07-24,CM,BSE,STK,531900,INE778E01031,CCLINTER,X,,,,,CCL INTERNATIONAL LTD.,22.40,24.39,22.40,23.00,23.00,23.78,,23.00,,,33,741.00,6,F1,1,,,,,
2026-07-24,2026-07-24,CM,BSE,STK,531902,INE755J01012,GALLOPENT,XT,,,,,GALLOPS ENTERPRISE LTD.,37.80,37.80,34.30,34.30,34.30,36.10,,34.30,,,5,180.00,3,F1,1,,,,,
2026-07-24,2026-07-24,CM,BSE,STK,531909,INE587J01027,CROISSANCE,X,,,,,CROISSANCE LIMITED,1.33,1.38,1.25,1.37,1.37,1.26,,1.37,,,141356,193283.00,118,F1,1,,,,,
2026-07-24,2026-07-24,CM,BSE,STK,531910,INE312M01016,JOJO,X,,,,,JOJO LIMITED,244.80,254.45,241.05,253.45,253.00,245.80,,253.45,,,2852,710853.00,65,F1,1,,,,,
2026-07-24,2026-07-24,CM,BSE,STK,531911,INE803L01016,GALAGEX,X,,,,,GALAXY AGRICO EXPORTS LTD.,68.90,70.00,64.15,68.18,70.00,65.79,,68.18,,,150871,10043743.00,150,F1,1,,,,,
2026-07-24,2026-07-24,CM,BSE,STK,531918,INE02XD01011,HINDAPL,XT,,,,,HINDUSTAN APPLIANCES LTD.,99.35,109.75,99.35,109.50,109.50,104.55,,109.50,,,754,76673.00,25,F1,1,,,,,
2026-07-24,2026-07-24,CM,BSE,STK,531921,INE204E01012,AGARIND,B,,,,,AGARWAL INDUSTRIAL CORPORATION,480.00,480.00,472.55,478.70,475.00,483.60,,477.70,,,1597,761192.00,105,F1,1,,,,,
2026-07-24,2026-07-24,CM,BSE,STK,531923,INE956B01013,DHAMPURE,X,,,,,DHAMPURE SPECIALITY SUGARS LTD,118.10,119.00,117.15,117.65,117.65,118.65,,117.65,,,1505,178345.00,12,F1,1,,,,,
2026-07-24,2026-07-24,CM,BSE,STK,531925,INE545N01019,SHAQUAK,X,,,,,SHANTANU SHEOREY AQUAKULT LTD.,1.14,1.14,1.05,1.05,1.05,1.14,,1.05,,,5921,6439.00,6,F1,1,,,,,
2026-07-24,2026-07-24,CM,BSE,STK,531930,INE074H01012,SARTHAKIND,X,,,,,SARTHAK INDUSTRIES LTD.,26.00,26.00,25.00,25.00,25.00,26.75,,25.00,,,574,14648.00,17,F1,1,,,,,
2026-07-24,2026-07-24,CM,BSE,STK,531931,INE531X01018,SAICAPI,X,,,,,SAI CAPITAL LTD.,148.00,148.00,140.00,143.30,142.35,144.35,,143.30,,,4626,665162.00,58,F1,1,,,,,
2026-07-24,2026-07-24,CM,BSE,STK,531936,INE657B01025,BLUECHIP,T,,,,,BLUE CHIP INDIA LTD.,2.46,2.46,2.46,2.46,2.46,2.51,,2.19,,,21,51.00,2,F1,1,,,,,
2026-07-24,2026-07-24,CM,BSE,STK,531944,INE185D01015,LEXORAA,XT,,,,,LEXORAA INDUSTRIES LIMITED,17.50,17.50,16.65,16.65,16.65,17.50,,16.65,,,133,2318.00,3,F1,1,,,,,
2026-07-24,2026-07-24,CM,BSE,STK,531950,INE316D01024,VERTEX,XT,,,,,VERTEX SECURITIES LTD.,3.70,3.70,3.41,3.44,3.62,3.58,,3.44,,,23693,81853.00,47,F1,1,,,,,
2026-07-24,2026-07-24,CM,BSE,STK,531952,INE811H01017,RIBATEX,XT,,,,,RIBA TEXTILES LTD.,83.30,83.38,80.00,80.49,81.20,80.09,,80.49,,,6543,526275.00,47,F1,1,,,,,
2026-07-24,2026-07-24,CM,BSE,STK,531959,INE997D01021,NEWINFRA,X,,,,,NEWTIME INFRASTRUCTURE LIMITED,1.96,1.97,1.92,1.94,1.94,1.96,,1.94,,,56617,109900.00,118,F1,1,,,,,
2026-07-24,2026-07-24,CM,BSE,STK,531962,INE914B01012,SHREMETAL,X,,,,,SHREE METALLOYS LTD.,36.51,38.97,36.00,38.96,38.96,38.96,,38.96,,,740,28169.00,28,F1,1,,,,,
2026-07-24,2026-07-24,CM,BSE,STK,531968,INE786E01018,IITLPROJ,XT,,,,,IITL PROJECTS LIMITED,52.50,54.20,52.50,54.20,54.20,51.75,,54.20,,,432,23049.00,8,F1,1,,,,,
2026-07-24,2026-07-24,CM,BSE,STK,531977,INE558F01026,CHLOGIST,X,,,,,CHARTERED LOGISTICS LTD.,5.89,5.89,5.60,5.79,5.79,5.71,,5.79,,,22250,127813.00,76,F1,1,,,,,
2026-07-24,2026-07-24,CM,BSE,STK,531978,INE540G01014,AMBIKCO,B,,,,,AMBIKA COTTON MILLS LTD.,1696.70,1747.90,1660.25,1712.30,1705.00,1701.95,,1708.40,,,2572,4354276.00,296,F1,1,,,,,
2026-07-24,2026-07-24,CM,BSE,STK,531979,INE227B01019,HINDALUMI,X,,,,,HIND ALUMINIUM INDUSTRIES LTD.,97.90,98.50,91.00,96.55,98.50,96.50,,96.55,,,9910,938151.00,180,F1,1,,,,,
2026-07-24,2026-07-24,CM,BSE,STK,531982,INE547C01018,SPECFOOD,XT,,,,,SPECTRUM FOODS LTD.,17.41,17.41,16.80,17.00,17.00,16.89,,17.00,,,1294,21996.00,23,F1,1,,,,,
2026-07-24,2026-07-24,CM,BSE,STK,531991,INE735C01027,AMRAAGRI,X,,,,,AMRAWORLD AGRICO LTD.,0.55,0.55,0.51,0.51,0.51,0.55,,0.51,,,26865,13982.00,42,F1,1,,,,,
2026-07-24,2026-07-24,CM,BSE,STK,531996,INE839E01023,ODYCORP,X,,,,,ODYSSEY CORPORATION LTD.,6.23,6.23,5.94,6.12,6.17,6.01,,6.12,,,14961,90863.00,93,F1,1,,,,,
2026-07-24,2026-07-24,CM,BSE,STK,531997,INE164D01010,IKOMA,XT,,,,,IKOMA TECHNOLOGIES LIMITED,68.98,68.98,66.85,68.32,68.34,67.48,,68.32,,,181429,12388373.00,185,F1,1,,,,,
2026-07-24,2026-07-24,CM,BSE,STK,532005,INE653D01012,SAMINDUS,X,,,,,SAM INDUSTRIES LTD.,39.05,39.05,39.05,39.05,39.05,39.02,,39.05,,,1,39.00,1,F1,1,,,,,
2026-07-24,2026-07-24,CM,BSE,STK,532007,INE981C01019,SHVFL,X,,,,,SHREEVATSAA FINANCE & LEASING,24.80,24.80,24.80,24.80,24.80,25.90,,24.80,,,20,496.00,2,F1,1,,,,,
2026-07-24,2026-07-24,CM,BSE,STK,532011,INE147C01017,POOJAENT,X,,,,,VASHU BHAGNANI INDUSTRIES LIMI,73.10,73.75,70.50,71.09,71.00,74.20,,71.09,,,17192,1228707.00,71,F1,1,,,,,
2026-07-24,2026-07-24,CM,BSE,STK,532015,INE995A01013,GRAVITY,XT,,,,,GRAVITY (INDIA) LTD.,11.00,11.29,10.66,11.27,11.29,10.89,,11.27,,,17545,192307.00,71,F1,1,,,,,
2026-07-24,2026-07-24,CM,BSE,STK,532016,INE176O01011,ESPIRE,X,,,,,ESPIRE HOSPITALITY LIMITED,164.00,164.95,157.60,164.80,164.85,164.80,,164.80,,,439,72175.00,18,F1,1,,,,,
2026-07-24,2026-07-24,CM,BSE,STK,532019,INE938A01021,LCCINFOTEC,B,,,,,LCC INFOTECH LTD.,4.64,4.64,4.35,4.40,4.40,4.54,,4.38,,,4480,19694.00,15,F1,1,,,,,
2026-07-24,2026-07-24,CM,BSE,STK,532022,INE185E01021,FILATFASH,T,,,,,FILATEX FASHIONS LTD.,0.19,0.19,0.19,0.19,0.19,0.19,,0.18,,,913501,173565.00,312,F1,1,,,,,
2026-07-24,2026-07-24,CM,BSE,STK,532029,INE325D01025,SINDHUTRAD,B,,,,,SINDHU TRADE LINKS LIMITED,24.98,24.98,24.11,24.56,24.58,24.81,,24.46,,,48300,1180608.00,172,F1,1,,,,,
2026-07-24,2026-07-24,CM,BSE,STK,532039,INE486F01012,ZENOTECH,X,,,,,ZENOTECH LABORATORIES LTD.,44.85,45.72,44.10,44.29,44.75,45.40,,44.29,,,3074,137808.00,39,F1,1,,,,,
2026-07-24,2026-07-24,CM,BSE,STK,532041,INE597C01021,HINDBIO,XT,,,,,HINDUSTAN BIO SCIENCES LTD.,7.39,7.39,7.03,7.20,7.20,7.40,,7.20,,,3133,22203.00,31,F1,1,,,,,
2026-07-24,2026-07-24,CM,BSE,STK,532042,INE092D01013,FRONTCORP,X,,,,,FRONTLINE CORPORATION LTD.,32.27,32.27,32.27,32.27,32.27,33.96,,32.27,,,4,129.00,2,F1,1,,,,,
2026-07-24,2026-07-24,CM,BSE,STK,532051,INE409B01013,SWELECTES,B,,,,,SWELECT ENERGY SYSTEMS LIMITED,601.20,616.00,598.50,613.70,616.00,603.25,,613.30,,,584,352873.00,62,F1,1,,,,,
2026-07-24,2026-07-24,CM,BSE,STK,532053,INE121B01014,WALLFORT,X,,,,,WALLFORT FINANCIAL SERVICES LT,84.15,84.15,74.00,74.58,74.38,81.46,,74.58,,,5430,407867.00,90,F1,1,,,,,
2026-07-24,2026-07-24,CM,BSE,STK,532054,INE291D01011,KDDL,B,,,,,KDDL LTD.,3045.00,3153.40,3045.00,3146.65,3129.95,3096.95,,3135.60,,,622,1937455.00,108,F1,1,,,,,
2026-07-24,2026-07-24,CM,BSE,STK,532056,INE398H01015,TRUSTEDGE,X,,,,,Trustedge Capital Limited,133.00,137.90,121.10,121.25,121.25,134.50,,121.25,,,1231,165028.00,19,F1,1,,,,,
2026-07-24,2026-07-24,CM,BSE,STK,532057,INE516F01016,ABHICAP,X,,,,,ABHINAV CAPITAL SERVICES LTD.,109.00,109.90,103.15,108.20,109.50,109.00,,108.20,,,152,16467.00,9,F1,1,,,,,
2026-07-24,2026-07-24,CM,BSE,STK,532067,INE994E01018,3BBLACKBIO,B,,,,,3B BlackBio Dx Limited,1278.05,1291.00,1272.80,1279.05,1276.90,1272.70,,1278.20,,,1149,1469397.00,195,F1,1,,,,,
2026-07-24,2026-07-24,CM,BSE,STK,532070,INE311N01016,GUJJUBHAI,X,,,,,GUJJUBHAI INDUSTRIES LIMITED,120.05,121.00,116.25,118.65,118.80,118.90,,118.65,,,6249,739997.00,46,F1,1,,,,,
2026-07-24,2026-07-24,CM,BSE,STK,532090,INE219M01021,ATVOENT,XT,,,,,Atvo Enterprises Limited,30.69,30.69,30.28,30.50,30.50,30.87,,30.50,,,5876,178631.00,22,F1,1,,,,,
2026-07-24,2026-07-24,CM,BSE,STK,532092,INE807D01030,EPUJA,X,,,,,EPUJA SPIRITECH LIMITED,1.28,1.37,1.28,1.33,1.33,1.34,,1.33,,,296148,388197.00,144,F1,1,,,,,
2026-07-24,2026-07-24,CM,BSE,STK,532100,INE456B01014,INDOCITY,XT,,,,,INDO-CITY INFOTECH LTD.,13.54,13.54,12.28,12.90,12.90,12.92,,12.90,,,220,2724.00,7,F1,1,,,,,
2026-07-24,2026-07-24,CM,BSE,STK,532102,INE948G01019,SBECSUG,XT,,,,,SBEC SUGAR LTD.,65.00,65.00,60.00,62.55,62.55,62.66,,62.55,,,1006,61303.00,20,F1,1,,,,,
2026-07-24,2026-07-24,CM,BSE,STK,532113,INE957E01031,BRIJLEAS,X,,,,,BRIJLAXMI LEASING & FINANCE LT,9.70,9.90,9.15,9.79,9.79,9.75,,9.79,,,6074,56590.00,20,F1,1,,,,,
2026-07-24,2026-07-24,CM,BSE,STK,532123,INE395A01016,BSELALGO,X,,,,,BSEL ALGO LIMITED,4.15,4.19,4.01,4.14,4.12,4.17,,4.14,,,49146,201028.00,130,F1,1,,,,,
2026-07-24,2026-07-24,CM,BSE,STK,532124,INE419H01019,RELIABVEN,XT,,,,,RELIABLE VENTURES INDIA LTD.,25.43,25.43,24.50,24.50,24.50,25.43,,24.50,,,2370,58914.00,19,F1,1,,,,,
2026-07-24,2026-07-24,CM,BSE,STK,532131,INE382B01012,TRIUMPIN,XT,,,,,TRIUMPH INTERNATIONAL FINANCE,14.53,14.53,14.53,14.53,14.53,15.29,,14.53,,,16,232.00,1,F1,1,,,,,
2026-07-24,2026-07-24,CM,BSE,STK,532134,INE028A01039,BANKBARODA,A,,,,,BANK OF BARODA,242.30,247.10,239.30,246.60,246.40,243.00,,246.45,,,360622,87677237.00,4687,F1,1,,,,,
2026-07-24,2026-07-24,CM,BSE,STK,532140,INE154B01023,MOHITE,X,,,,,MOHITE INDUSTRIES LIMITED,2.89,2.89,2.63,2.71,2.71,2.75,,2.71,,,37931,103580.00,75,F1,1,,,,,
2026-07-24,2026-07-24,CM,BSE,STK,532141,INE666E01020,ACL,B,,,,,ANDHRA CEMENTS LTD.,47.11,48.74,46.30,46.53,46.30,47.79,,46.88,,,12494,587420.00,104,F1,1,,,,,
2026-07-24,2026-07-24,CM,BSE,STK,532143,INE411D01023,SKMEGGPROD,B,,,,,SKM EGG PRODUCTS EXPORT (INDIA,321.95,332.95,317.80,325.90,324.75,321.90,,324.75,,,35851,11721896.00,673,F1,1,,,,,
2026-07-24,2026-07-24,CM,BSE,STK,532144,INE191B01025,WELCORP,A,,,,,WELSPUN CORP LIMITED,1624.75,1624.75,1571.00,1596.95,1596.40,1610.60,,1596.90,,,26178,41720877.00,1452,F1,1,,,,,
2026-07-24,2026-07-24,CM,BSE,STK,532145,INE731B01010,HOTLSILV,X,,,,,H.S.INDIA LTD.,11.22,11.22,11.20,11.20,11.20,10.71,,11.20,,,210,2354.00,8,F1,1,,,,,
2026-07-24,2026-07-24,CM,BSE,STK,532149,INE084A01016,BANKINDIA,A,,,,,BANK OF INDIA,142.15,143.15,139.85,142.65,142.65,142.20,,142.62,,,341481,48268381.00,2523,F1,1,,,,,
2026-07-24,2026-07-24,CM,BSE,STK,532150,INE681B01017,INDRAMEDCO,A,,,,,INDRAPRASTHA MEDICAL CORP.LTD.,365.10,367.35,360.00,364.20,364.10,366.75,,364.60,,,1977,717514.00,177,F1,1,,,,,
2026-07-24,2026-07-24,CM,BSE,STK,532154,INE560F01022,JOHNPHARMA,X,,,,,JOHNSON PHARMACARE LIMITED,0.48,0.48,0.46,0.47,0.47,0.47,,0.47,,,763656,356184.00,329,F1,1,,,,,
2026-07-24,2026-07-24,CM,BSE,STK,532155,INE129A01019,GAIL,A,,,,,GAIL (INDIA) LTD.,170.70,171.25,167.30,170.00,170.20,172.00,,170.02,,,292680,49681132.00,3840,F1,1,,,,,
2026-07-24,2026-07-24,CM,BSE,STK,532156,INE884A01027,VAIBHAVGBL,B,,,,,VAIBHAV GLOBAL LTD,252.50,254.55,246.15,252.25,251.00,254.70,,251.94,,,30509,7638753.00,661,F1,1,,,,,
2026-07-24,2026-07-24,CM,BSE,STK,532159,INE088D01011,TRESCON,X,,,,,TRESCON LIMITED,8.38,8.38,7.77,8.07,8.34,8.38,,8.07,,,4000,32391.00,15,F1,1,,,,,
2026-07-24,2026-07-24,CM,BSE,STK,532160,INE944A01011,GUJSTATFIN,B,,,,,GUJARAT STATE FINANCIAL CORPOR,10.72,10.95,10.50,10.90,10.81,10.85,,10.90,,,16101,173093.00,65,F1,1,,,,,
2026-07-24,2026-07-24,CM,BSE,STK,532162,INE789E01012,JKPAPER,A,,,,,JK PAPER LTD.,390.00,405.00,388.75,401.30,401.30,391.65,,401.45,,,69818,27747511.00,1405,F1,1,,,,,
2026-07-24,2026-07-24,CM,BSE,STK,532163,INE979A01025,SAREGAMA,A,,,,,SAREGAMA INDIA LTD.,493.85,498.00,468.85,496.50,496.50,488.55,,496.50,,,135663,64802403.00,931,F1,1,,,,,
2026-07-24,2026-07-24,CM,BSE,STK,532164,INE514C01026,MINOLTAF,XT,,,,,MINOLTA FINANCE LTD.,1.20,1.20,1.11,1.12,1.12,1.16,,1.12,,,142662,159210.00,57,F1,1,,,,,
2026-07-24,2026-07-24,CM,BSE,STK,532172,INE737B01033,ADROITINFO,B,,,,,Adroit Infotech Limited,9.29,9.29,9.15,9.15,9.15,9.15,,9.25,,,3286,30378.00,12,F1,1,,,,,
2026-07-24,2026-07-24,CM,BSE,STK,532173,INE214A01019,CYBERTECH,T,,,,,CYBERTECH SYSTEMS AND SOFTWARE,146.95,146.95,137.70,144.70,144.60,144.35,,141.95,,,3289,469344.00,66,F1,1,,,,,
2026-07-24,2026-07-24,CM,BSE,STK,532174,INE090A01021,ICICIBANK,A,,,,,ICICI BANK LTD.,1431.35,1440.00,1416.50,1433.15,1433.15,1433.95,,1432.90,,,121128,172953942.00,6131,F1,1,,,,,
2026-07-24,2026-07-24,CM,BSE,STK,532175,INE136B01020,CYIENT,A,,,,,CYIENT LIMITED,838.30,873.05,814.65,840.00,840.00,830.70,,840.00,,,617090,518774700.00,7785,F1,1,,,,,
2026-07-24,2026-07-24,CM,BSE,STK,532178,INE510A01028,ENGINERSIN,A,,,,,ENGINEERS INDIA LTD.,223.40,226.55,219.45,225.30,225.00,224.15,,225.21,,,37071,8274202.00,754,F1,1,,,,,
2026-07-24,2026-07-24,CM,BSE,STK,532180,INE680A01011,DHANBANK,B,,,,,DHANLAXMI BANK LIMITED,34.20,34.60,33.40,34.30,34.31,34.38,,34.29,,,133927,4576210.00,437,F1,1,,,,,
2026-07-24,2026-07-24,CM,BSE,STK,532181,INE131A01031,GMDCLTD,A,,,,,GUJARAT MINERAL DEVELOPMENT CO,557.35,564.45,551.15,562.55,562.55,563.15,,562.55,,,138191,76987711.00,2760,F1,1,,,,,
2026-07-24,2026-07-24,CM,BSE,STK,532183,INE622E01023,GAYATRI,X,,,,,GAYATRI SUGARS LTD.,7.80,8.00,7.80,7.94,7.97,8.00,,7.94,,,36093,286893.00,93,F1,1,,,,,
2026-07-24,2026-07-24,CM,BSE,STK,532187,INE095A01012,INDUSINDBK,A,,,,,INDUSIND BANK LTD.,998.35,1002.75,984.25,995.95,995.95,1005.55,,996.05,,,86804,86309498.00,4340,F1,1,,,,,
2026-07-24,2026-07-24,CM,BSE,STK,532189,INE353K01014,ITDC,B,,,,,INDIA TOURISM DEVELOPMENT CORP,748.70,748.70,722.45,737.20,739.65,751.00,,737.40,,,25239,18602289.00,795,F1,1,,,,,
2026-07-24,2026-07-24,CM,BSE,STK,532209,INE168A01041,J&KBANK,A,,,,,JAMMU & KASHMIR BANK LTD.,173.05,175.00,170.20,172.70,172.70,173.45,,172.58,,,291500,50237961.00,2712,F1,1,,,,,
2026-07-24,2026-07-24,CM,BSE,STK,532210,INE491A01021,CUB,A,,,,,CITY UNION BANK LIMITED,218.25,221.00,217.00,219.75,220.40,219.90,,219.75,,,235997,51406797.00,3013,F1,1,,,,,
2026-07-24,2026-07-24,CM,BSE,STK,532212,INE731A01020,ARCHIES,B,,,,,ARCHIES LTD.,13.76,14.00,13.75,14.00,14.00,13.71,,13.75,,,552,7591.00,6,F1,1,,,,,
2026-07-24,2026-07-24,CM,BSE,STK,532215,INE238A01034,AXISBANK,A,,,,,AXIS BANK LTD.,1220.65,1233.50,1211.30,1228.10,1230.00,1222.95,,1227.30,,,504952,615544445.00,6556,F1,1,,,,,
2026-07-24,2026-07-24,CM,BSE,STK,532216,INE550B01022,HBSL,T,,,,,HB STOCKHOLDINGS LTD.,48.00,49.90,48.00,48.51,49.90,49.00,,48.84,,,262,12668.00,8,F1,1,,,,,
2026-07-24,2026-07-24,CM,BSE,STK,532217,INE027F01014,CMXLTD,X,,,,,CMX HOLDINGS LIMITED,20.80,21.79,19.76,20.98,20.98,20.80,,20.98,,,6733,134242.00,36,F1,1,,,,,
2026-07-24,2026-07-24,CM,BSE,STK,532218,INE683A01023,SOUTHBANK,A,,,,,SOUTH INDIAN BANK LTD.,47.51,47.51,45.90,46.53,46.53,47.51,,46.52,,,825269,38430786.00,4731,F1,1,,,,,
2026-07-24,2026-07-24,CM,BSE,STK,532219,INE306C01019,ENERGYDEV,B,,,,,ENERGY DEVELOPMENT COMPANY LTD,16.55,17.93,16.52,17.46,17.50,16.75,,17.45,,,781,13358.00,26,F1,1,,,,,
2026-07-24,2026-07-24,CM,BSE,STK,532221,INE269A01021,SONATSOFTW,A,,,,,SONATA SOFTWARE LTD.,285.10,291.75,280.40,288.15,288.50,287.90,,288.10,,,59346,16994749.00,1149,F1,1,,,,,
2026-07-24,2026-07-24,CM,BSE,STK,532230,INE665D01016,BENGALT,X,,,,,BENGAL TEA & FABRICS LTD.,144.85,144.85,138.00,138.50,138.00,139.20,,138.50,,,18,2531.00,7,F1,1,,,,,
2026-07-24,2026-07-24,CM,BSE,STK,532234,INE139A01034,NATIONALUM,A,,,,,NATIONAL ALUMINIUM CO.LTD.,341.35,344.90,339.60,343.95,343.95,346.20,,343.90,,,125046,42798973.00,3238,F1,1,,,,,
2026-07-24,2026-07-24,CM,BSE,STK,532240,INE092B01025,INDNIPPON,B,,,,,INDIA NIPPON ELECTRICALS LTD.,1209.60,1210.40,1169.50,1204.30,1204.30,1207.40,,1200.10,,,3541,4237804.00,240,F1,1,,,,,
2026-07-24,2026-07-24,CM,BSE,STK,532256,INE023A01030,NSIL,B,,,,,NALWA SONS INVESTMENTS LTD.,5477.20,5510.00,5454.05,5497.30,5497.30,5526.25,,5452.50,,,27,148003.00,13,F1,1,,,,,
2026-07-24,2026-07-24,CM,BSE,STK,532259,INE372A01015,APARINDS,A,,,,,APAR INDUSTRIES LTD.,13422.65,14642.00,13300.00,13855.40,13855.40,13408.65,,13887.00,,,26801,375392736.00,4139,F1,1,,,,,
2026-07-24,2026-07-24,CM,BSE,STK,532268,INE793A01012,ACCELYA,B,,,,,ACCELYA SOLUTIONS INDIA LIMITE,1128.70,1161.00,1128.70,1158.75,1153.45,1145.65,,1158.90,,,889,1022797.00,307,F1,1,,,,,
2026-07-24,2026-07-24,CM,BSE,STK,532271,INE215B01022,ORCHASP,B,,,,,ORCHASP LIMITED,1.67,1.77,1.48,1.58,1.59,1.72,,1.58,,,1063800,1620283.00,861,F1,1,,,,,
2026-07-24,2026-07-24,CM,BSE,STK,532275,INE394C01023,LANDMARC,X,,,,,LANDMARC LEISURE CORPORATION L,1.99,2.03,1.90,1.93,1.92,2.00,,1.93,,,548272,1050429.00,103,F1,1,,,,,
2026-07-24,2026-07-24,CM,BSE,STK,532281,INE860A01027,HCLTECH,A,,,,,HCL TECHNOLOGIES LTD.,1240.00,1275.50,1235.20,1270.70,1270.70,1244.85,,1271.00,,,3083475,3863496659.00,13855,F1,1,,,,,
2026-07-24,2026-07-24,CM,BSE,STK,532284,INE389D01013,TCFCFINQ,X,,,,,TCFC FINANCE LTD.,27.99,27.99,26.86,26.87,26.87,27.46,,26.87,,,21,566.00,7,F1,1,,,,,
2026-07-24,2026-07-24,CM,BSE,STK,532285,INE007B01023,GEOJITFSL,B,,,,,Geojit Financial Services Limi,77.50,78.22,75.34,76.15,76.33,78.74,,76.15,,,39322,3010690.00,451,F1,1,,,,,
2026-07-24,2026-07-24,CM,BSE,STK,532286,INE749A01030,JINDALSTEL,A,,,,,JINDAL STEEL LIMITED,1038.70,1042.90,1021.00,1035.95,1037.85,1040.10,,1035.80,,,10860,11213305.00,737,F1,1,,,,,
2026-07-24,2026-07-24,CM,BSE,STK,532290,INE791A01024,BLBLIMITED,B,,,,,BLB LTD.,17.15,17.32,15.52,15.98,15.98,15.75,,15.70,,,2252,37355.00,20,F1,1,,,,,
2026-07-24,2026-07-24,CM,BSE,STK,532296,INE935A01035,GLENMARK,A,,,,,GLENMARK PHARMACEUTICALS LTD.,2180.05,2214.70,2180.05,2193.25,2193.25,2205.55,,2192.10,,,13737,30134547.00,922,F1,1,,,,,
2026-07-24,2026-07-24,CM,BSE,STK,532300,INE049B01025,WOCKPHARMA,A,,,,,WOCKHARDT LTD.,1856.95,1858.45,1827.75,1849.90,1842.00,1849.15,,1849.20,,,116620,216065417.00,987,F1,1,,,,,
2026-07-24,2026-07-24,CM,BSE,STK,532303,INE934A01012,INTEGHIT,X,,,,,INTEGRATED HITECH LTD.,3.35,3.36,3.27,3.36,3.36,3.20,,3.36,,,805,2698.00,4,F1,1,,,,,
2026-07-24,2026-07-24,CM,BSE,STK,532304,INE602C01011,KJMCCORP,X,,,,,KJMC CORPORATE ADVISORS (INDIA,54.00,54.00,54.00,54.00,54.00,54.40,,54.00,,,1,54.00,1,F1,1,,,,,
2026-07-24,2026-07-24,CM,BSE,STK,532305,INE915B01019,INDSWFTLAB,B,,,,,IND-SWIFT LABORATORIES LTD.,225.85,230.50,217.35,227.00,228.50,225.45,,227.45,,,28516,6431626.00,373,F1,1,,,,,
2026-07-24,2026-07-24,CM,BSE,STK,532309,INE878A01011,GVPIL,B,,,,,GE Power India Ltd,775.75,808.80,775.75,798.10,800.00,776.90,,800.55,,,10944,8661951.00,619,F1,1,,,,,
2026-07-24,2026-07-24,CM,BSE,STK,532310,INE879A01019,SHREERAMA,B,,,,,SHREE RAMA MULTI-TECH LTD.,40.30,40.66,39.98,40.15,40.00,40.53,,40.18,,,4952,198766.00,116,F1,1,,,,,
2026-07-24,2026-07-24,CM,BSE,STK,532313,INE813A01018,MAHLIFE,A,,,,,MAHINDRA LIFESPACE DEVELOPERS,377.50,381.15,365.00,374.85,374.60,378.10,,374.65,,,24241,9049070.00,643,F1,1,,,,,
2026-07-24,2026-07-24,CM,BSE,STK,532315,INE042B01012,GROARC,X,,,,,GROARC INDUSTRIES INDIA LIMITE,5.68,5.68,5.57,5.57,5.57,5.58,,5.57,,,680,3793.00,8,F1,1,,,,,
2026-07-24,2026-07-24,CM,BSE,STK,532320,INE418B01048,VAARAD,X,,,,,VAARAD VENTURES LTD,9.56,10.49,9.56,10.42,10.42,9.85,,10.42,,,1098,11460.00,12,F1,1,,,,,
2026-07-24,2026-07-24,CM,BSE,STK,532321,INE010B01027,ZYDUSLIFE,A,,,,,Zydus Lifesciences Limited,1112.50,1118.70,1100.00,1108.90,1108.90,1113.60,,1108.70,,,69600,77057565.00,2400,F1,1,,,,,
2026-07-24,2026-07-24,CM,BSE,STK,532323,INE555C01029,SHIVACEM,X,,,,,SHIVA CEMENT LTD.,17.19,17.88,16.90,16.99,16.94,17.18,,16.99,,,214560,3693072.00,399,F1,1,,,,,
2026-07-24,2026-07-24,CM,BSE,STK,532324,INE039B01026,CINEVISTA,B,,,,,CINEVISTA LTD.,15.28,15.76,15.20,15.25,15.21,15.28,,15.29,,,3337,51053.00,94,F1,1,,,,,
2026-07-24,2026-07-24,CM,BSE,STK,532326,INE781A01025,INTENTECH,B,,,,,INTENSE TECHNOLOGIES LTD.,91.01,91.57,90.01,90.45,90.50,90.61,,90.45,,,410,37151.00,23,F1,1,,,,,
2026-07-24,2026-07-24,CM,BSE,STK,532329,INE310B01013,DANLAW,XT,,,,,DANLAW TECHNOLOGIES INDIA LTD.,1018.00,1021.75,981.20,991.55,1008.00,1016.70,,991.55,,,476,472478.00,33,F1,1,,,,,
2026-07-24,2026-07-24,CM,BSE,STK,532331,INE031B01049,AJANTPHARM,A,,,,,AJANTA PHARMA LTD.,3448.90,3457.80,3358.25,3366.45,3369.20,3440.90,,3369.40,,,24032,81530104.00,519,F1,1,,,,,
2026-07-24,2026-07-24,CM,BSE,STK,532332,INE117B01020,CURAA,B,,,,,CURA TECHNOLOGIES LTD.,68.76,68.76,68.76,68.76,68.76,69.10,,71.37,,,13,893.00,5,F1,1,,,,,
2026-07-24,2026-07-24,CM,BSE,STK,532333,INE638B01025,HBPOR,X,,,,,HB PORTFOLIO LTD.,54.57,54.57,52.30,53.05,53.05,53.50,,53.05,,,279,14794.00,14,F1,1,,,,,
2026-07-24,2026-07-24,CM,BSE,STK,532334,INE640B01021,HBESD,B,,,,,HB ESTATE DEVELOPERS LTD.,72.63,73.05,72.60,73.05,73.05,71.02,,74.01,,,186,13512.00,16,F1,1,,,,,
2026-07-24,2026-07-24,CM,BSE,STK,532335,INE792B01012,AMBICAAGAR,B,,,,,AMBICA AGARBATHIES & AROMA IND,26.30,26.30,23.90,24.63,25.34,24.55,,24.63,,,1713,42336.00,10,F1,1,,,,,
2026-07-24,2026-07-24,CM,BSE,STK,532339,INE453B01029,COMPUSOFT,B,,,,,COMPUCOM SOFTWARE LTD.,13.60,13.60,13.15,13.41,13.41,13.43,,13.33,,,1053,13915.00,17,F1,1,,,,,
2026-07-24,2026-07-24,CM,BSE,STK,532340,INE369B01019,OMNIAX,X,,,,,OMNI AXS SOFTWARE LTD.,3.01,3.01,3.01,3.01,3.01,3.00,,3.01,,,1522,4581.00,6,F1,1,,,,,
2026-07-24,2026-07-24,CM,BSE,STK,532341,INE848A01014,IZMO,B,,,,,IZMO Limited,1066.00,1122.00,1044.95,1102.75,1107.00,1077.35,,1104.40,,,7377,8061398.00,651,F1,1,,,,,
2026-07-24,2026-07-24,CM,BSE,STK,532343,INE494B01023,TVSMOTOR,A,,,,,TVS MOTOR COMPANY LTD.,3913.40,3913.40,3825.60,3870.05,3872.55,3917.95,,3870.20,,,19585,75796488.00,3162,F1,1,,,,,
2026-07-24,2026-07-24,CM,BSE,STK,532344,INE002B01016,MADALA,X,,,,,MADALA HOLDINGS LIMITED,194.00,194.00,194.00,194.00,194.00,190.55,,194.00,,,10,1940.00,1,F1,1,,,,,
2026-07-24,2026-07-24,CM,BSE,STK,532348,INE754A01055,SUBEXLTD,T,,,,,SUBEX LTD.,12.40,12.74,12.11,12.72,12.74,12.32,,12.58,,,57605,705799.00,146,F1,1,,,,,
2026-07-24,2026-07-24,CM,BSE,STK,532349,INE688A01022,TCI,B,,,,,TRANSPORT CORPORATION OF INDIA,925.95,934.60,915.00,918.10,918.00,930.70,,917.75,,,667,615819.00,98,F1,1,,,,,
2026-07-24,2026-07-24,CM,BSE,STK,532350,INE243B01016,PADMALAYAT,Z,,,,,PADMALAYA TELEFILMS LTD.,3.72,4.06,3.70,4.03,4.03,3.87,,4.03,,,1541,5746.00,13,F1,1,,,,,
2026-07-24,2026-07-24,CM,BSE,STK,532351,INE523B01011,AKSHOPTFBR,T,,,,,AKSH OPTIFIBRE LTD.,5.79,5.79,5.79,5.79,5.79,5.90,,5.79,,,3106,17983.00,12,F1,1,,,,,
2026-07-24,2026-07-24,CM,BSE,STK,532354,INE400B01020,VIRGOGLOB,XT,,,,,Virgo Global Limited,4.26,4.26,4.26,4.26,4.26,4.34,,4.26,,,4108,17500.00,5,F1,1,,,,,
2026-07-24,2026-07-24,CM,BSE,STK,532355,INE448B01029,PICTUREHS,X,,,,,PICTUREHOUSE MEDIA LTD.,8.12,8.12,7.53,8.11,8.12,8.13,,8.11,,,4039,31473.00,18,F1,1,,,,,
2026-07-24,2026-07-24,CM,BSE,STK,532356,INE256C01024,TRIVENI,T,,,,,TRIVENI ENGINEERING & INDUSTRI,249.75,249.75,249.75,249.75,249.75,262.85,,248.75,,,5155,1287461.00,171,F1,1,,,,,
2026-07-24,2026-07-24,CM,BSE,STK,532359,INE309B01023,HITKITGLO,X,,,,,HIT KIT GLOBAL SOLUTIONS LTD.,1.74,1.80,1.71,1.80,1.80,1.72,,1.80,,,56358,100626.00,44,F1,1,,,,,
2026-07-24,2026-07-24,CM,BSE,STK,532362,INE099E01016,NAGPI,X,,,,,NAGPUR POWER & INDUSTRIES LTD.,150.20,154.15,148.60,149.95,148.60,157.20,,149.95,,,3676,557681.00,69,F1,1,,,,,
2026-07-24,2026-07-24,CM,BSE,STK,532365,INE417B01040,DSSL,B,,,,,DYNACONS SYSTEMS & SOLUTIONS L,1157.20,1241.20,1157.20,1241.20,1241.20,1182.10,,1240.70,,,3881,4697187.00,313,F1,1,,,,,
2026-07-24,2026-07-24,CM,BSE,STK,532366,INE859A01011,PNBGILTS,B,,,,,PNB GILTS LTD.,84.49,86.62,83.15,85.44,85.73,84.50,,85.51,,,29905,2530278.00,238,F1,1,,,,,
2026-07-24,2026-07-24,CM,BSE,STK,532368,INE425B01027,BCG,B,,,,,BRIGHTCOM GROUP LIMITED,9.35,9.45,9.21,9.41,9.41,9.37,,9.40,,,380449,3538112.00,801,F1,1,,,,,
2026-07-24,2026-07-24,CM,BSE,STK,532369,INE614A01028,RAMCOIND,B,,,,,RAMCO INDUSTRIES LTD.,335.75,335.75,326.20,329.10,329.00,333.30,,329.15,,,10735,3535011.00,224,F1,1,,,,,
2026-07-24,2026-07-24,CM,BSE,STK,532370,INE246B01019,RAMCOSYS,B,,,,,RAMCO SYSTEMS LTD.,709.15,728.25,706.25,706.25,706.25,784.70,,709.65,,,60405,42964245.00,1486,F1,1,,,,,
2026-07-24,2026-07-24,CM,BSE,STK,532371,INE517B01013,TTML,A,,,,,TATA TELESERVICES (MAHARASHTRA,39.73,40.60,38.75,39.33,39.39,39.42,,39.38,,,324828,12795815.00,2066,F1,1,,,,,
2026-07-24,2026-07-24,CM,BSE,STK,532372,INE539B01017,VIRINCHI,B,,,,,Virinchi Limited,15.37,15.84,15.25,15.40,15.40,15.44,,15.53,,,6441,99160.00,27,F1,1,,,,,
2026-07-24,2026-07-24,CM,BSE,STK,532373,INE434B01029,WEPSOLN,X,,,,,WEP SOLUTIONS LTD.,27.37,28.73,26.50,28.73,28.73,27.37,,28.73,,,29204,825228.00,91,F1,1,,,,,
2026-07-24,2026-07-24,CM,BSE,STK,532374,INE089C01029,STLTECH,T,,,,,STERLITE TECHNOLOGIES LTD.,534.95,574.05,519.45,564.25,564.25,546.75,,564.15,,,258209,143207118.00,4689,F1,1,,,,,
2026-07-24,2026-07-24,CM,BSE,STK,532375,INE716B01029,TIPSMUSIC,A,,,,,TIPS MUSIC LIMITED,670.25,721.85,663.50,699.55,690.00,676.55,,699.45,,,168472,117827935.00,3402,F1,1,,,,,
2026-07-24,2026-07-24,CM,BSE,STK,532376,INE398B01018,UMIYA-MRO,B,,,,,UMIYA BUILDCON LIMITED,89.15,90.74,88.01,90.37,90.74,90.21,,89.36,,,111,10027.00,7,F1,1,,,,,
2026-07-24,2026-07-24,CM,BSE,STK,532378,INE464B01018,UNIVARTS,X,,,,,UNIVERSAL ARTS LTD.,4.50,5.10,3.55,5.10,5.10,4.25,,5.10,,,5764,28345.00,20,F1,1,,,,,
2026-07-24,2026-07-24,CM,BSE,STK,532379,INE683B01047,FIRSTFIN,XT,,,,,FIRST FINTEC LIMITED,7.14,7.58,6.93,6.94,6.94,7.29,,6.94,,,11175,78997.00,62,F1,1,,,,,
2026-07-24,2026-07-24,CM,BSE,STK,532380,INE893A01036,BABA,X,,,,,BABA ARTS LTD.,14.65,14.65,13.72,14.13,14.30,14.03,,14.13,,,10859,153542.00,62,F1,1,,,,,
2026-07-24,2026-07-24,CM,BSE,STK,532382,INE794B01026,BALAJITELE,B,,,,,BALAJI TELEFILMS LTD.,85.00,85.23,83.10,84.16,84.14,85.66,,84.04,,,4477,375917.00,77,F1,1,,,,,
2026-07-24,2026-07-24,CM,BSE,STK,532384,INE443B01012,TYCHE,X,,,,,TYCHE INDUSTRIES LTD.,127.70,127.70,125.20,126.50,126.50,127.70,,126.50,,,3881,490856.00,38,F1,1,,,,,
2026-07-24,2026-07-24,CM,BSE,STK,532386,INE526B01014,CALSOFT,T,,,,,CALIFORNIA SOFTWARE CO.LTD.,21.35,22.18,20.65,22.00,21.97,21.51,,21.81,,,13593,287275.00,53,F1,1,,,,,
2026-07-24,2026-07-24,CM,BSE,STK,532387,INE392B01011,PNC,B,,,,,PRITISH NANDY COMMUNICATIONS L,19.62,20.02,19.62,20.02,20.02,19.24,,19.35,,,15,296.00,4,F1,1,,,,,
2026-07-24,2026-07-24,CM,BSE,STK,532388,INE565A01014,IOB,A,,,,,INDIAN OVERSEAS BANK,33.78,33.99,33.20,33.86,33.97,33.82,,33.88,,,248844,8371283.00,1320,F1,1,,,,,
2026-07-24,2026-07-24,CM,BSE,STK,532390,INE586B01026,TAJGVK,B,,,,,TAJGVK HOTELS & RESORTS LTD.,358.95,361.75,351.80,361.15,361.75,361.65,,359.95,,,3456,1231704.00,109,F1,1,,,,,
2026-07-24,2026-07-24,CM,BSE,STK,532392,INE230B01021,CREATIVEYE,B,,,,,CREATIVE EYE LTD.,6.06,7.04,5.68,6.69,6.80,5.87,,6.66,,,31320,215902.00,153,F1,1,,,,,
2026-07-24,2026-07-24,CM,BSE,STK,532395,INE555B01013,AXISCADES,B,,,,,AXISCADES TECHNOLOGIES LIMITED,1565.95,1616.00,1538.10,1608.50,1608.50,1560.65,,1608.00,,,5682,9045834.00,625,F1,1,,,,,
2026-07-24,2026-07-24,CM,BSE,STK,532397,INE971A01014,KONNDOR,XT,,,,,KONNDOR INDUSTRIES LIMITED,17.06,17.06,17.06,17.06,17.06,16.25,,17.06,,,101,1723.00,2,F1,1,,,,,
2026-07-24,2026-07-24,CM,BSE,STK,532398,INE240C01028,UMESLTD,B,,,,,USHA MARTIN EDUCATION & SOLUTI,5.15,5.40,5.15,5.40,5.40,5.41,,5.39,,,950,4917.00,5,F1,1,,,,,
2026-07-24,2026-07-24,CM,BSE,STK,532400,INE836A01035,BSOFT,A,,,,,BIRLASOFT LIMITED,277.95,285.95,277.50,282.50,283.00,278.90,,282.40,,,70555,19817508.00,1442,F1,1,,,,,
2026-07-24,2026-07-24,CM,BSE,STK,532402,INE718B01017,USGTECH,XT,,,,,USG TECH SOLUTIONS LTD.,9.90,10.89,9.90,10.89,10.89,10.39,,10.89,,,34152,361424.00,148,F1,1,,,,,
2026-07-24,2026-07-24,CM,BSE,STK,532403,INE739B01039,4THGEN,XT,,,,,FOURTH GENERATION INFORMATION,6.86,6.86,6.86,6.86,6.86,7.22,,6.86,,,30,205.00,3,F1,1,,,,,
2026-07-24,2026-07-24,CM,BSE,STK,532404,INE856B01023,7TEC,X,,,,,SAVEN TECHNOLOGIES LTD.,37.84,38.70,36.51,38.59,38.59,37.66,,38.59,,,11489,435064.00,146,F1,1,,,,,
2026-07-24,2026-07-24,CM,BSE,STK,532406,INE005B01027,AVANTEL,A,,,,,AVANTEL LTD.,164.65,164.65,160.50,163.45,163.60,164.45,,163.49,,,267000,43330956.00,1196,F1,1,,,,,
2026-07-24,2026-07-24,CM,BSE,STK,532407,INE935B01025,MOSCHIP,A,,,,,MOSCHIP TECHNOLOGIES LIMITED,229.45,236.05,224.90,232.00,234.00,233.55,,231.80,,,178935,41247510.00,1939,F1,1,,,,,
2026-07-24,2026-07-24,CM,BSE,STK,532408,INE933B01012,SIGMAADV,T,,,,,SIGMA ADVANCED SYSTEMS LIMITED,474.00,522.60,472.90,521.45,521.45,497.75,,522.95,,,68055,32528491.00,724,F1,1,,,,,
2026-07-24,2026-07-24,CM,BSE,STK,532410,INE330E01023,TRANSCOR,X,,,,,TRANSCORP INTERNATIONAL LTD.,26.01,26.01,25.28,25.69,25.97,25.91,,25.69,,,1240,31761.00,22,F1,1,,,,,
2026-07-24,2026-07-24,CM,BSE,STK,532413,INE345B01019,CEREBRAINT,Z,,,,,CEREBRA INTEGRATED TECHNOLOGIE,3.02,3.05,2.96,3.02,3.02,3.02,,2.99,,,12039,36393.00,11,F1,1,,,,,
2026-07-24,2026-07-24,CM,BSE,STK,532416,INE747B01016,NEXTMEDIA,B,,,,,NEXT MEDIAWORKS LTD.,3.99,4.23,3.67,3.78,3.78,3.61,,3.98,,,4142,16281.00,16,F1,1,,,,,
2026-07-24,2026-07-24,CM,BSE,STK,532419,INE178C01020,SMARTLINK,T,,,,,Smartlink Holdings Limited,204.40,210.00,204.40,204.40,204.40,215.15,,202.01,,,362,74146.00,18,F1,1,,,,,
2026-07-24,2026-07-24,CM,BSE,STK,532424,INE102D01028,GODREJCP,A,,,,,GODREJ CONSUMER PRODUCTS LTD.,1051.85,1066.00,1045.95,1059.20,1063.40,1057.85,,1059.50,,,10491,11114731.00,767,F1,1,,,,,
2026-07-24,2026-07-24,CM,BSE,STK,532425,INE256D01014,GENUSPRIME,X,,,,,GENUS PRIME INFRA LIMITED,28.60,29.90,28.60,29.17,29.01,29.91,,29.17,,,16501,479180.00,64,F1,1,,,,,
2026-07-24,2026-07-24,CM,BSE,STK,532430,INE243D01012,BFUTILITIE,B,,,,,BF UTILITIES LTD.,578.95,582.80,565.00,580.70,580.50,579.00,,580.45,,,6190,3569345.00,237,F1,1,,,,,
2026-07-24,2026-07-24,CM,BSE,STK,532432,INE854D01024,UNITDSPR,A,,,,,UNITED SPIRITS LTD.,1411.60,1480.00,1410.05,1468.20,1468.20,1418.70,,1467.20,,,400226,586864540.00,19815,F1,1,,,,,
2026-07-24,2026-07-24,CM,BSE,STK,532435,INE799C01049,SANINFRA,XT,,,,,SANMIT INFRA LIMITED,51.00,51.87,49.00,49.50,49.50,51.23,,49.50,,,2065,106003.00,64,F1,1,,,,,
2026-07-24,2026-07-24,CM,BSE,STK,532439,INE260D01016,OLECTRA,A,,,,,OLECTRA GREENTECH LIMITED,1305.00,1343.85,1298.00,1334.25,1334.25,1318.80,,1336.20,,,16785,22039336.00,973,F1,1,,,,,
2026-07-24,2026-07-24,CM,BSE,STK,532440,INE943D01017,MPSLTD,B,,,,,MPS LTD.,2650.45,2795.00,2596.40,2767.95,2790.00,2661.30,,2769.70,,,15952,43173265.00,1292,F1,1,,,,,
2026-07-24,2026-07-24,CM,BSE,STK,532443,INE739E01017,CERA,A,,,,,CERA SANITARYWARE LTD.,6020.00,6058.80,5951.05,6017.95,6049.00,6044.05,,6017.00,,,217,1304604.00,81,F1,1,,,,,
2026-07-24,2026-07-24,CM,BSE,STK,532444,INE541C01037,TSPIRITUAL,XT,,,,,T.SPIRITUAL WORLD LTD.,1.75,1.83,1.74,1.76,1.76,1.75,,1.76,,,11645,20568.00,29,F1,1,,,,,
2026-07-24,2026-07-24,CM,BSE,STK,532454,INE397D01024,BHARTIARTL,A,,,,,BHARTI AIRTEL LTD.,1901.45,1905.30,1878.00,1899.10,1899.10,1931.15,,1898.20,,,131790,249276141.00,7252,F1,1,,,,,
2026-07-24,2026-07-24,CM,BSE,STK,532455,INE655D01025,SHALIWIR,X,,,,,SHALIMAR WIRES INDUSTRIES LTD.,18.75,20.15,18.52,18.81,19.50,19.75,,18.81,,,3888,74809.00,38,F1,1,,,,,
2026-07-24,2026-07-24,CM,BSE,STK,532456,INE070C01037,COMPINFO,Z,,,,,COMPUAGE INFOCOM LTD.,1.14,1.19,1.09,1.19,1.19,1.14,,1.16,,,24323,28457.00,20,F1,1,,,,,
2026-07-24,2026-07-24,CM,BSE,STK,532457,INE255D01024,GULPOLY,B,,,,,GULSHAN POLYOLS LTD.,187.75,196.00,186.40,195.05,194.70,186.40,,195.11,,,30464,5804208.00,481,F1,1,,,,,
2026-07-24,2026-07-24,CM,BSE,STK,532460,INE838E01017,PONNIERODE,B,,,,,PONNI SUGARS (ERODE) LTD.,320.20,320.20,311.40,317.95,317.95,329.45,,316.20,,,1406,444847.00,146,F1,1,,,,,
2026-07-24,2026-07-24,CM,BSE,STK,532461,INE160A01022,PNB,A,,,,,PUNJAB NATIONAL BANK,109.00,110.60,108.70,110.45,110.45,110.15,,110.38,,,675359,74067831.00,5618,F1,1,,,,,
2026-07-24,2026-07-24,CM,BSE,STK,532466,INE881D01027,OFSS,A,,,,,ORACLE FINANCIAL SERVICES SOFT,10682.50,10924.00,10552.55,10660.40,10605.00,10832.30,,10652.00,,,37411,400512947.00,12346,F1,1,,,,,
2026-07-24,2026-07-24,CM,BSE,STK,532467,INE550F01049,HAZOOR,B,,,,,HAZOOR MULTI PROJECTS LTD.,22.00,22.01,21.70,21.98,21.98,22.11,,21.98,,,149302,3269351.00,391,F1,1,,,,,
2026-07-24,2026-07-24,CM,BSE,STK,532468,INE411F01010,KAMAHOLD,B,,,,,KAMA HOLDINGS LIMITED,2505.00,2561.95,2505.00,2530.10,2561.95,2522.45,,2528.10,,,494,1246429.00,158,F1,1,,,,,
2026-07-24,2026-07-24,CM,BSE,STK,532475,INE266F01018,APTECHT,T,,,,,APTECH LTD.,90.00,91.95,88.20,91.50,91.50,91.10,,91.38,,,13026,1176661.00,98,F1,1,,,,,
2026-07-24,2026-07-24,CM,BSE,STK,532477,INE692A01016,UNIONBANK,A,,,,,UNION BANK OF INDIA,166.95,171.35,165.80,170.50,170.50,168.45,,170.50,,,1462299,245149979.00,6210,F1,1,,,,,
2026-07-24,2026-07-24,CM,BSE,STK,532478,INE686F01025,UBL,A,,,,,UNITED BREWERIES LTD.,1390.05,1423.35,1388.65,1398.40,1400.00,1396.15,,1398.60,,,3308,4638957.00,347,F1,1,,,,,
2026-07-24,2026-07-24,CM,BSE,STK,532481,INE781B01015,NOIDATOLL,T,,,,,NOIDA TOLL BRIDGE COMPANY LTD.,4.37,4.40,4.26,4.37,4.37,4.35,,4.34,,,8067,34907.00,44,F1,1,,,,,
2026-07-24,2026-07-24,CM,BSE,STK,532482,INE101D01020,GRANULES,A,,,,,GRANULES INDIA LTD.,842.05,856.00,831.90,833.65,834.50,851.85,,833.55,,,16670,14026096.00,554,F1,1,,,,,
2026-07-24,2026-07-24,CM,BSE,STK,532483,INE476A01022,CANBK,A,,,,,CANARA BANK,124.05,126.75,123.00,125.70,125.70,125.25,,125.65,,,1355828,169536518.00,6965,F1,1,,,,,
2026-07-24,2026-07-24,CM,BSE,STK,532485,INE525F01025,BLIL,B,,,,,BALMER LAWRIE INVESTMENTS LTD.,69.80,70.31,69.80,69.86,69.95,70.02,,69.88,,,5076,354804.00,199,F1,1,,,,,
2026-07-24,2026-07-24,CM,BSE,STK,532486,INE637C01025,POKARNA,B,,,,,POKARNA LTD.,938.00,938.00,912.05,927.45,927.50,936.70,,926.60,,,3136,2901229.00,171,F1,1,,,,,
2026-07-24,2026-07-24,CM,BSE,STK,532488,INE361B01024,DIVISLAB,A,,,,,DIVIS LABORATORIES LTD.,7212.60,7282.40,7178.30,7246.65,7240.50,7302.55,,7248.50,,,7421,53686246.00,1747,F1,1,,,,,
2026-07-24,2026-07-24,CM,BSE,STK,532493,INE386C01029,ASTRAMICRO,A,,,,,ASTRA MICROWAVE PRODUCTS LTD.,1787.15,1818.90,1748.80,1814.40,1808.80,1778.75,,1813.50,,,18931,33946499.00,1209,F1,1,,,,,
2026-07-24,2026-07-24,CM,BSE,STK,532497,INE944F01028,RADICO,A,,,,,RADICO KHAITAN LTD.,4016.10,4118.00,4016.10,4090.65,4111.40,4068.50,,4091.30,,,20373,83217001.00,3455,F1,1,,,,,
2026-07-24,2026-07-24,CM,BSE,STK,532500,INE585B01010,MARUTI,A,,,,,MARUTI SUZUKI INDIA LTD.,13354.70,13498.95,13196.00,13448.40,13457.50,13396.05,,13442.00,,,54668,734494227.00,3941,F1,1,,,,,
2026-07-24,2026-07-24,CM,BSE,STK,532503,INE296E01026,RAJPALAYAM,B,,,,,RAJAPALAYAM MILLS LTD.,813.40,813.40,800.00,803.60,800.00,813.40,,805.30,,,102,81965.00,7,F1,1,,,,,
2026-07-24,2026-07-24,CM,BSE,STK,532504,INE048G01026,NAVINFLUOR,A,,,,,NAVIN FLUORINE INTERNATIONAL L,7685.05,7692.70,7507.00,7525.25,7527.50,7678.50,,7520.50,,,5288,40052120.00,939,F1,1,,,,,
2026-07-24,2026-07-24,CM,BSE,STK,532505,INE691A01018,UCOBANK,A,,,,,UCO BANK,25.68,25.94,25.30,25.86,25.93,26.02,,25.88,,,524257,13402712.00,2236,F1,1,,,,,
2026-07-24,2026-07-24,CM,BSE,STK,532507,INE116D01028,BAGFILMS,B,,,,,B.A.G.FILMS & MEDIA LTD.,4.59,4.60,4.41,4.55,4.55,4.59,,4.54,,,10543,47180.00,45,F1,1,,,,,
2026-07-24,2026-07-24,CM,BSE,STK,532508,INE220G01021,JSL,A,,,,,JINDAL STAINLESS LTD.,726.55,726.75,712.95,714.55,715.55,735.80,,714.25,,,6646,4774839.00,472,F1,1,,,,,
2026-07-24,2026-07-24,CM,BSE,STK,532509,INE399C01030,SUPRAJIT,A,,,,,SUPRAJIT ENGINEERING LTD.,480.00,485.95,465.50,483.35,485.95,487.80,,484.45,,,7847,3774803.00,327,F1,1,,,,,
2026-07-24,2026-07-24,CM,BSE,STK,532513,INE236G01019,TVSELECT,B,,,,,TVS ELECTRONICS LTD.,484.85,501.40,484.85,496.65,498.20,490.10,,496.65,,,2650,1306261.00,166,F1,1,,,,,
2026-07-24,2026-07-24,CM,BSE,STK,532514,INE203G01027,IGL,A,,,,,INDRAPRASTHA GAS LTD.,148.00,150.00,147.25,149.30,149.30,150.05,,149.33,,,154305,22897534.00,2705,F1,1,,,,,
2026-07-24,2026-07-24,CM,BSE,STK,532515,INE038F01029,TVTODAY,B,,,,,TV TODAY NETWORK LTD.,115.50,116.65,114.85,116.35,116.40,115.15,,116.45,,,1230,142010.00,226,F1,1,,,,,
2026-07-24,2026-07-24,CM,BSE,STK,532522,INE347G01014,PETRONET,A,,,,,PETRONET LNG LTD.,269.55,275.25,268.00,274.75,274.75,269.55,,274.70,,,103347,28159366.00,3309,F1,1,,,,,
2026-07-24,2026-07-24,CM,BSE,STK,532523,INE376G01013,BIOCON,A,,,,,BIOCON LTD.,433.05,434.50,426.80,433.70,433.25,435.10,,433.65,,,70320,30263415.00,1201,F1,1,,,,,
2026-07-24,2026-07-24,CM,BSE,STK,532524,INE877F01012,PTC,A,,,,,PTC INDIA LTD.,166.65,168.45,164.00,164.50,165.10,168.40,,164.40,,,87208,14409071.00,2071,F1,1,,,,,
2026-07-24,2026-07-24,CM,BSE,STK,532525,INE457A01014,MAHABANK,A,,,,,BANK OF MAHARASHTRA,77.89,81.40,77.89,81.14,81.14,78.51,,81.04,,,1728816,138449286.00,6634,F1,1,,,,,
2026-07-24,2026-07-24,CM,BSE,STK,532527,INE399G01023,RKFORGE,A,,,,,RAMKRISHNA FORGINGS LTD.,574.00,588.60,570.00,579.35,585.45,583.95,,580.65,,,69832,40465567.00,2019,F1,1,,,,,
2026-07-24,2026-07-24,CM,BSE,STK,532528,INE365B01017,DATAMATICS,A,,,,,DATAMATICS GLOBAL SERVICES LTD,835.85,835.85,815.00,820.85,820.00,833.85,,821.50,,,2959,2429426.00,241,F1,1,,,,,
2026-07-24,2026-07-24,CM,BSE,STK,532529,INE155G01029,NDTV,B,,,,,NEW DELHI TELEVISION LTD.,75.61,76.92,74.85,76.68,76.64,75.67,,76.66,,,8397,637090.00,84,F1,1,,,,,
2026-07-24,2026-07-24,CM,BSE,STK,532531,INE939A01011,STAR,A,,,,,STRIDES PHARMA SCIENCE LIMITED,1031.00,1032.00,1015.30,1019.00,1018.40,1030.60,,1019.90,,,6635,6790453.00,359,F1,1,,,,,
2026-07-24,2026-07-24,CM,BSE,STK,532538,INE481G01011,ULTRACEMCO,A,,,,,ULTRATECH CEMENT LTD.,11558.65,11878.50,11558.65,11839.55,11848.85,11908.35,,11846.00,,,7092,83576961.00,2795,F1,1,,,,,
2026-07-24,2026-07-24,CM,BSE,STK,532539,INE405E01023,UNOMINDA,A,,,,,UNO Minda Limited,1125.10,1132.95,1101.15,1128.05,1132.90,1130.10,,1127.00,,,18372,20486127.00,2010,F1,1,,,,,
2026-07-24,2026-07-24,CM,BSE,STK,532540,INE467B01029,TCS,A,,,,,TATA CONSULTANCY SERVICES LTD.,2210.00,2263.95,2209.90,2253.90,2253.90,2242.25,,2254.30,,,96199,216077764.00,6668,F1,1,,,,,
2026-07-24,2026-07-24,CM,BSE,STK,532541,INE591G01025,COFORGE,A,,,,,COFORGE LIMITED,1431.20,1488.00,1431.20,1484.70,1484.70,1439.90,,1484.70,,,680490,991184600.00,10359,F1,1,,,,,
2026-07-24,2026-07-24,CM,BSE,STK,532543,INE586G01017,GULFPETRO,T,,,,,GP PETROLEUMS LTD,42.21,43.24,39.15,43.24,43.24,41.19,,43.28,,,20460,848819.00,67,F1,1,,,,,
2026-07-24,2026-07-24,CM,BSE,STK,532548,INE348B01021,CENTURYPLY,A,,,,,CENTURY PLYBOARDS (I) LTD.,773.00,795.00,762.55,792.75,794.70,773.75,,792.25,,,1874,1469015.00,264,F1,1,,,,,
2026-07-24,2026-07-24,CM,BSE,STK,532553,INE625G01013,WELENT,A,,,,,WELSPUN ENTERPRISES LIMTED,598.20,602.90,591.05,598.95,600.40,601.55,,598.80,,,4327,2585873.00,262,F1,1,,,,,
2026-07-24,2026-07-24,CM,BSE,STK,532555,INE733E01010,NTPC,A,,,,,NTPC LTD.,347.10,350.20,345.05,347.15,347.15,348.75,,347.20,,,694878,241856536.00,10026,F1,1,,,,,
2026-07-24,2026-07-24,CM,BSE,STK,532604,INE658G01014,SALSTEEL,T,,,,,S.A.L.STEEL LTD.,54.67,57.75,54.67,57.21,57.69,56.67,,56.72,,,2289,128333.00,47,F1,1,,,,,
2026-07-24,2026-07-24,CM,BSE,STK,532605,INE927D01051,JBMA,A,,,,,JBM AUTO LTD.,652.00,658.00,642.60,656.35,656.00,659.20,,656.10,,,38952,25272161.00,1408,F1,1,,,,,
2026-07-24,2026-07-24,CM,BSE,STK,532610,INE366A01041,DWARKESH,B,,,,,DWARIKESH SUGAR INDUSTRIES LTD,42.09,43.60,41.57,43.31,43.59,42.43,,43.31,,,34784,1480297.00,253,F1,1,,,,,
2026-07-24,2026-07-24,CM,BSE,STK,532612,INE873D01024,INDOCO,B,,,,,INDOCO REMEDIES LTD.,238.90,244.95,235.35,242.00,243.00,237.55,,243.31,,,3084,741346.00,159,F1,1,,,,,
2026-07-24,2026-07-24,CM,BSE,STK,532613,INE450G01024,VIPCLOTHNG,T,,,,,VIP Clothing Limited,21.95,22.40,21.50,21.62,21.50,21.95,,21.38,,,494,10697.00,11,F1,1,,,,,
2026-07-24,2026-07-24,CM,BSE,STK,532616,INE692G01013,XCHANGING,B,,,,,XCHANGING SOLUTIONS LTD.,64.00,64.50,62.80,64.03,64.10,63.89,,64.04,,,7004,445693.00,212,F1,1,,,,,
2026-07-24,2026-07-24,CM,BSE,STK,532624,INE796G01012,JINDALPHOT,B,,,,,JINDAL PHOTO LTD.,1043.00,1082.75,1043.00,1082.15,1082.00,1060.25,,1076.20,,,204,216616.00,30,F1,1,,,,,
2026-07-24,2026-07-24,CM,BSE,STK,532626,INE063E01061,POCL,A,,,,,PONDY OXIDES & CHEMICALS LTD.,528.00,533.90,512.00,525.75,533.00,530.85,,526.20,,,15770,8229455.00,716,F1,1,,,,,
2026-07-24,2026-07-24,CM,BSE,STK,532627,INE351F01018,JPPOWER,A,,,,,JAIPRAKASH POWER VENTURES LIMI,16.91,17.06,16.75,16.96,16.96,17.07,,16.95,,,4512665,76204580.00,4701,F1,1,,,,,
2026-07-24,2026-07-24,CM,BSE,STK,532628,INE748C01038,3IINFOLTD,B,,,,,3I INFOTECH LTD.,20.10,20.23,19.49,19.67,19.75,20.45,,19.73,,,628151,12397854.00,1590,F1,1,,,,,
2026-07-24,2026-07-24,CM,BSE,STK,532630,INE887G01027,GOKEX,A,,,,,GOKALDAS EXPORTS LTD.,801.90,833.20,789.30,830.40,830.80,794.65,,830.50,,,17423,14203997.00,824,F1,1,,,,,
2026-07-24,2026-07-24,CM,BSE,STK,532633,INE835G01018,ALLDIGI,B,,,,,Alldigi Tech Limited,830.00,832.55,810.85,820.70,819.90,838.25,,822.65,,,303,248031.00,129,F1,1,,,,,
2026-07-24,2026-07-24,CM,BSE,STK,532636,INE530B01024,IIFL,A,,,,,IIFL FINANCE LIMITED,565.00,565.00,547.80,557.10,557.10,568.75,,556.60,,,73951,41033353.00,1504,F1,1,,,,,
2026-07-24,2026-07-24,CM,BSE,STK,532637,INE584F01014,MANGALAM,B,,,,,MANGALAM DRUGS & ORGANICS LTD.,26.77,27.59,26.77,27.03,27.59,27.32,,27.19,,,3154,85533.00,33,F1,1,,,,,
2026-07-24,2026-07-24,CM,BSE,STK,532638,INE498B01024,SHOPERSTOP,B,,,,,SHOPPERS STOP LTD.,373.55,380.00,363.05,377.55,372.50,381.15,,377.75,,,7042,2617050.00,425,F1,1,,,,,
2026-07-24,2026-07-24,CM,BSE,STK,532640,INE278G01037,CYBERMEDIA,T,,,,,CYBER MEDIA (INDIA) LTD.,15.98,15.98,15.50,15.75,15.75,15.34,,15.50,,,17543,276049.00,22,F1,1,,,,,
2026-07-24,2026-07-24,CM,BSE,STK,532641,INE875G01048,NDL,B,,,,,NANDAN DENIM LIMITED,2.31,2.35,2.27,2.30,2.30,2.31,,2.31,,,172770,398302.00,144,F1,1,,,,,
2026-07-24,2026-07-24,CM,BSE,STK,532642,INE824G01012,JSWHL,A,,,,,JSW HOLDINGS LIMITED,10500.05,10900.00,10500.05,10857.20,10873.95,10657.75,,10864.00,,,530,5656381.00,221,F1,1,,,,,
2026-07-24,2026-07-24,CM,BSE,STK,532644,INE823G01014,JKCEMENT,A,,,,,J.K.CEMENT LTD.,5659.25,5669.00,5584.25,5653.30,5668.00,5666.30,,5649.00,,,1860,10469944.00,738,F1,1,,,,,
2026-07-24,2026-07-24,CM,BSE,STK,532645,INE052B01011,BEEYU,X,,,,,BEEYU OVERSEAS LTD.,2.79,2.79,2.76,2.76,2.76,2.57,,2.76,,,1466,4066.00,8,F1,1,,,,,
2026-07-24,2026-07-24,CM,BSE,STK,532648,INE528G01035,YESBANK,A,,,,,YES BANK LTD.,22.86,23.02,22.63,22.96,22.96,22.93,,22.95,,,3856411,87930732.00,17254,F1,1,,,,,
2026-07-24,2026-07-24,CM,BSE,STK,532649,INE023H01027,NECLIFE,T,,,,,NECTAR LIFESCIENCES LTD.,10.48,10.48,10.04,10.30,10.27,10.48,,10.30,,,18208,186898.00,71,F1,1,,,,,
2026-07-24,2026-07-24,CM,BSE,STK,532650,INE752G01015,MSPL,B,,,,,MSP STEEL & POWER LTD.,33.06,35.84,33.06,35.39,35.47,34.60,,35.37,,,12043,419540.00,372,F1,1,,,,,
2026-07-24,2026-07-24,CM,BSE,STK,532651,INE978G01016,SPLIL,B,,,,,SPL INDUSTRIES LTD.,31.20,32.55,31.20,32.55,32.55,31.20,,31.25,,,10,313.00,4,F1,1,,,,,
2026-07-24,2026-07-24,CM,BSE,STK,532652,INE614B01018,KTKBANK,A,,,,,KARNATAKA BANK LTD.,282.10,282.15,274.50,279.80,279.80,281.70,,279.70,,,79044,22028996.00,1101,F1,1,,,,,
2026-07-24,2026-07-24,CM,BSE,STK,532654,INE942G01012,MCLEODRUSS,T,,,,,MCLEOD RUSSEL INDIA LTD.,54.40,55.39,53.18,54.02,54.02,53.22,,54.07,,,15691,850016.00,34,F1,1,,,,,
2026-07-24,2026-07-24,CM,BSE,STK,532656,INE828G01013,FACORALL,XT,,,,,FACOR ALLOYS LTD.,3.65,3.85,3.55,3.73,3.73,3.67,,3.73,,,214192,806147.00,161,F1,1,,,,,
2026-07-24,2026-07-24,CM,BSE,STK,532660,INE526G01021,VIVIMEDLAB,T,,,,,VIVIMED LABS LTD.,5.29,5.30,5.11,5.30,5.30,5.16,,5.19,,,2599,13495.00,10,F1,1,,,,,
2026-07-24,2026-07-24,CM,BSE,STK,532661,INE050H01012,RML,B,,,,,RANE (MADRAS) LTD.,1126.20,1142.50,1108.40,1130.25,1130.00,1126.20,,1130.40,,,1953,2206447.00,160,F1,1,,,,,
2026-07-24,2026-07-24,CM,BSE,STK,532662,INE501G01024,HTMEDIA,B,,,,,HT MEDIA LIMITED,24.11,24.84,24.11,24.30,24.24,25.11,,24.26,,,49417,1201360.00,263,F1,1,,,,,
2026-07-24,2026-07-24,CM,BSE,STK,532663,INE231F01020,SASKEN,B,,,,,Sasken Technologies Limited,1814.95,1845.15,1807.40,1825.80,1817.55,1831.05,,1821.10,,,1048,1916068.00,189,F1,1,,,,,
2026-07-24,2026-07-24,CM,BSE,STK,532666,INE512B01022,FCSSOFT,T,,,,,FCS SOFTWARE SOLUTIONS LTD.,1.55,1.60,1.50,1.55,1.59,1.53,,1.55,,,51424,78797.00,95,F1,1,,,,,
2026-07-24,2026-07-24,CM,BSE,STK,532667,INE040H01021,SUZLON,A,,,,,SUZLON ENERGY LTD.,52.30,52.55,51.79,52.30,52.30,52.38,,52.28,,,1694273,88369894.00,5179,F1,1,,,,,
2026-07-24,2026-07-24,CM,BSE,STK,532668,INE132H01018,AURIONPRO,A,,,,,AURIONPRO SOLUTIONS LTD.,808.45,828.70,800.15,825.45,825.20,808.10,,825.45,,,4636,3758924.00,317,F1,1,,,,,
2026-07-24,2026-07-24,CM,BSE,STK,532670,INE087H01022,RENUKA,A,,,,,SHREE RENUKA SUGARS LTD.,21.69,22.40,21.51,22.18,22.18,21.70,,22.23,,,341044,7425276.00,1398,F1,1,,,,,
2026-07-24,2026-07-24,CM,BSE,STK,532673,INE157H01023,KMSUGAR,B,,,,,K.M.SUGAR MILLS LTD.,27.65,28.45,27.05,27.75,27.80,28.06,,27.66,,,7926,218318.00,164,F1,1,,,,,
2026-07-24,2026-07-24,CM,BSE,STK,532674,INE186H01022,BASML,T,,,,,BANNARI AMMAN SPINNING MILLS L,27.14,27.14,26.06,26.19,26.06,27.08,,26.65,,,4560,120935.00,29,F1,1,,,,,
2026-07-24,2026-07-24,CM,BSE,STK,532676,INE160H01019,PBAINFRA,XT,,,,,PBA INFRASTRUCTURE LTD.,12.99,12.99,12.04,12.10,12.10,12.67,,12.10,,,2273,27759.00,16,F1,1,,,,,
2026-07-24,2026-07-24,CM,BSE,STK,532683,INE212H01026,AIAENG,A,,,,,AIA ENGINEERING LTD.,4550.55,4609.00,4508.45,4584.80,4585.00,4577.50,,4583.00,,,43351,196706430.00,869,F1,1,,,,,
2026-07-24,2026-07-24,CM,BSE,STK,532684,INE184H01027,EKC,B,,,,,EVEREST KANTO CYLINDER LTD.,108.50,109.75,106.70,109.15,109.20,108.90,,108.76,,,10901,1178933.00,221,F1,1,,,,,
2026-07-24,2026-07-24,CM,BSE,STK,532686,INE202H01019,KERNEX,B,,,,,KERNEX MICROSYSTEMS (INDIA) LT,2219.45,2219.45,2131.30,2204.60,2204.00,2218.75,,2205.20,,,3845,8385373.00,365,F1,1,,,,,
2026-07-24,2026-07-24,CM,BSE,STK,532687,INE461B01014,REPRO,B,,,,,REPRO INDIA LTD.,368.10,369.20,367.00,369.20,369.20,365.90,,371.90,,,229,84155.00,13,F1,1,,,,,
2026-07-24,2026-07-24,CM,BSE,STK,532689,INE191H01014,PVRINOX,A,,,,,PVR INOX LIMITED,1009.95,1069.25,1009.45,1063.35,1065.00,1009.05,,1063.90,,,129196,135005004.00,4531,F1,1,,,,,
2026-07-24,2026-07-24,CM,BSE,STK,532694,INE855F01042,ASMS,T,,,,,Avio Smart Market Stack Limite,7.19,7.19,6.95,7.07,7.07,7.02,,7.00,,,15404,108827.00,68,F1,1,,,,,
2026-07-24,2026-07-24,CM,BSE,STK,532695,INE185H01016,CELEBRITY,B,,,,,CELEBRITY FASHIONS LTD.,7.02,7.16,6.91,6.94,6.91,7.28,,7.01,,,3815,26667.00,17,F1,1,,,,,
2026-07-24,2026-07-24,CM,BSE,STK,532698,INE229H01012,NITINSPIN,B,,,,,NITIN SPINNERS LTD.,528.00,537.25,520.30,536.50,536.00,528.70,,535.20,,,710,374757.00,51,F1,1,,,,,
2026-07-24,2026-07-24,CM,BSE,STK,532699,INE283H01019,ROHLTD,B,,,,,ROYAL ORCHID HOTELS LTD.,312.00,314.50,307.00,310.25,313.80,312.00,,310.90,,,309,96235.00,39,F1,1,,,,,
2026-07-24,2026-07-24,CM,BSE,STK,532701,INE266H01014,CELLA,Z,,,,,CELLA SPACE LIMITED,27.88,27.88,25.24,27.88,27.88,26.56,,27.88,,,77928,2086836.00,288,F1,1,,,,,
2026-07-24,2026-07-24,CM,BSE,STK,532705,INE199G01027,JAGRAN,B,,,,,JAGRAN PRAKASHAN LTD.,61.93,62.99,61.76,62.77,62.61,62.00,,62.84,,,21498,1339449.00,240,F1,1,,,,,
2026-07-24,2026-07-24,CM,BSE,STK,532707,INE256H01015,DYNPRO,B,,,,,DYNEMIC PRODUCTS LTD.,233.90,234.15,231.55,231.55,231.55,235.05,,231.33,,,169,39456.00,21,F1,1,,,,,
2026-07-24,2026-07-24,CM,BSE,STK,532708,INE251H01024,GVKPIL,T,,,,,GVK POWER & INFRASTRUCTURE LTD,2.43,2.45,2.43,2.43,2.43,2.47,,2.43,,,43743,106372.00,149,F1,1,,,,,
2026-07-24,2026-07-24,CM,BSE,STK,532710,INE226H01026,SADBHAV,B,,,,,SADBHAV ENGINEERING LTD.,7.90,7.94,7.67,7.86,7.94,7.84,,7.89,,,9726,76108.00,67,F1,1,,,,,
2026-07-24,2026-07-24,CM,BSE,STK,532712,INE330H01018,RCOM,T,,,,,RELIANCE COMMUNICATIONS LTD.,0.83,0.83,0.82,0.82,0.82,0.84,,0.82,,,327079,269586.00,230,F1,1,,,,,
2026-07-24,2026-07-24,CM,BSE,STK,532713,INE190H01024,SAKUMA,T,,,,,SAKUMA EXPORTS LTD.,1.66,1.68,1.65,1.66,1.66,1.68,,1.64,,,83396,138791.00,143,F1,1,,,,,
2026-07-24,2026-07-24,CM,BSE,STK,532714,INE389H01022,KEC,A,,,,,KEC INTERNATIONAL LTD.,470.60,477.65,462.80,470.90,470.90,472.70,,469.95,,,52394,24608906.00,1393,F1,1,,,,,
2026-07-24,2026-07-24,CM,BSE,STK,532716,INE047B01011,GILLANDERS,B,,,,,GILLANDERS ARBUTHNOT & CO.LTD.,88.90,88.90,88.90,88.90,88.90,86.71,,87.98,,,271,24091.00,1,F1,1,,,,,
2026-07-24,2026-07-24,CM,BSE,STK,532717,INE332H01014,INDOTECH,T,,,,,INDO TECH TRANSFORMERS LTD.,3280.00,3425.00,3202.00,3414.80,3405.00,3296.15,,3417.90,,,603,2006120.00,105,F1,1,,,,,
2026-07-24,2026-07-24,CM,BSE,STK,532719,INE350H01032,BLKASHYAP,B,,,,,B.L.KASHYAP AND SONS LTD.,54.52,55.43,53.58,54.56,54.39,54.69,,54.56,,,19294,1051412.00,167,F1,1,,,,,
2026-07-24,2026-07-24,CM,BSE,STK,532720,INE774D01024,M&MFIN,A,,,,,MAHINDRA & MAHINDRA FINANCIAL,367.45,367.50,355.40,356.45,356.45,370.45,,356.50,,,252070,91210101.00,5264,F1,1,,,,,
2026-07-24,2026-07-24,CM,BSE,STK,532721,INE286H01012,VISACHROME,T,,,,,VISA Chrome Limited,37.45,38.55,36.50,36.98,37.50,38.00,,36.90,,,1489,55113.00,21,F1,1,,,,,
2026-07-24,2026-07-24,CM,BSE,STK,532722,INE858F01012,NITCO,B,,,,,NITCO LTD.,100.50,105.00,100.00,104.10,105.00,103.25,,104.11,,,48009,4883686.00,443,F1,1,,,,,
2026-07-24,2026-07-24,CM,BSE,STK,532723,INE493H01014,MPDL,X,,,,,MPDL LIMITED,28.71,28.71,26.01,26.01,26.01,28.90,,26.01,,,4340,113786.00,61,F1,1,,,,,
2026-07-24,2026-07-24,CM,BSE,STK,532725,INE343H01029,SOLARINDS,A,,,,,SOLAR INDUSTRIES INDIA LTD.,18614.40,18614.40,18350.00,18489.15,18450.00,18608.40,,18494.00,,,2994,55323297.00,749,F1,1,,,,,
2026-07-24,2026-07-24,CM,BSE,STK,532726,INE297H01019,GALLANTT,A,,,,,GALLANTT ISPAT LIMITED,532.60,547.95,515.00,523.90,523.90,539.50,,521.35,,,51778,27386368.00,2007,F1,1,,,,,
2026-07-24,2026-07-24,CM,BSE,STK,532728,INE383H01017,MALUPAPER,B,,,,,MALU PAPER MILLS LTD.,35.89,38.59,34.97,36.01,35.34,34.90,,35.71,,,10382,375737.00,143,F1,1,,,,,
2026-07-24,2026-07-24,CM,BSE,STK,532729,INE786F01031,UTTAMSUGAR,B,,,,,UTTAM SUGAR MILLS LTD.,229.00,229.25,226.10,227.05,228.60,227.90,,228.44,,,1697,385687.00,76,F1,1,,,,,
2026-07-24,2026-07-24,CM,BSE,STK,532730,INE353H01010,SGL,B,,,,,STL GLOBAL LTD.,9.71,9.71,9.70,9.70,9.70,9.50,,9.74,,,200,1940.00,3,F1,1,,,,,
2026-07-24,2026-07-24,CM,BSE,STK,532732,INE401H01017,KKCL,B,,,,,KEWAL KIRAN CLOTHING LTD.,501.75,508.00,499.65,502.50,504.20,503.60,,502.30,,,1746,878546.00,83,F1,1,,,,,
2026-07-24,2026-07-24,CM,BSE,STK,532733,INE424H01027,SUNTV,A,,,,,SUN TV NETWORK LTD.,485.55,491.45,481.80,486.75,487.55,488.65,,486.90,,,11605,5634469.00,819,F1,1,,,,,
2026-07-24,2026-07-24,CM,BSE,STK,532734,INE177H01039,GPIL,A,,,,,GODAWARI POWER & ISPAT LTD.,242.65,243.00,237.35,240.25,240.25,241.20,,240.15,,,27723,6669837.00,670,F1,1,,,,,
2026-07-24,2026-07-24,CM,BSE,STK,532735,INE411H01032,RSYSTEMS,B,,,,,R SYSTEMS INTERNATIONAL LTD.,249.60,249.60,241.05,245.25,245.25,248.80,,245.49,,,14407,3520065.00,398,F1,1,,,,,
2026-07-24,2026-07-24,CM,BSE,STK,532737,INE296H01011,EMKAY,B,,,,,EMKAY GLOBAL FINANCIAL SERVICE,234.90,242.00,232.00,238.40,239.00,235.45,,239.50,,,2259,543615.00,75,F1,1,,,,,
2026-07-24,2026-07-24,CM,BSE,STK,532738,INE388G01026,TICL,T,,,,,TwamevConstruction and Infrast,9.40,9.89,9.40,9.60,9.60,9.85,,9.72,,,14140,133275.00,19,F1,1,,,,,
2026-07-24,2026-07-24,CM,BSE,STK,532740,INE397H01017,LOKESHMACH,T,,,,,LOKESH MACHINES LTD.,332.00,339.75,332.00,335.00,335.00,338.10,,335.00,,,2043,688031.00,18,F1,1,,,,,
2026-07-24,2026-07-24,CM,BSE,STK,532741,INE390H01020,KAMDHENU,T,,,,,Kamdhenu Limited,35.49,36.60,34.03,36.14,36.00,34.86,,36.14,,,110495,3894230.00,339,F1,1,,,,,
2026-07-24,2026-07-24,CM,BSE,STK,532742,INE111F01024,PAUSHAKLTD,B,,,,,PAUSHAK LTD.,543.00,570.00,539.80,560.90,565.00,545.95,,562.20,,,5568,3056567.00,476,F1,1,,,,,
2026-07-24,2026-07-24,CM,BSE,STK,532744,INE302H01017,GTNTEX,X,,,,,GTN TEXTILES LTD.,8.95,8.95,8.60,8.94,8.95,8.96,,8.94,,,5901,52778.00,5,F1,1,,,,,
2026-07-24,2026-07-24,CM,BSE,STK,532748,INE367G01038,PFOCUS,B,,,,,PRIME FOCUS LTD.,287.70,292.05,283.40,289.10,289.10,286.15,,289.28,,,39911,11441682.00,884,F1,1,,,,,
2026-07-24,2026-07-24,CM,BSE,STK,532749,INE418H01029,ALLCARGO,B,,,,,ALLCARGO LOGISTICS LTD.,7.89,8.12,7.87,8.06,8.08,8.00,,8.06,,,229947,1842152.00,628,F1,1,,,,,
2026-07-24,2026-07-24,CM,BSE,STK,532754,INE776C01039,GMRAIRPORT,A,,,,,GMR Airports Limited,107.00,107.40,105.55,107.10,107.10,107.35,,107.12,,,155868,16604687.00,1484,F1,1,,,,,
2026-07-24,2026-07-24,CM,BSE,STK,532755,INE669C01036,TECHM,A,,,,,TECH MAHINDRA LTD.,1548.95,1579.25,1531.00,1560.30,1555.35,1554.00,,1559.50,,,62234,96839885.00,3233,F1,1,,,,,
2026-07-24,2026-07-24,CM,BSE,STK,532756,INE536H01010,CIEINDIA,A,,,,,CIE Automotive India Limited,414.10,416.80,402.00,413.90,415.50,418.95,,413.75,,,76139,31151412.00,2643,F1,1,,,,,
2026-07-24,2026-07-24,CM,BSE,STK,532757,INE540H01012,VOLTAMP,A,,,,,VOLTAMP TRANSFORMERS LTD.,9249.95,9273.30,9140.95,9166.50,9161.25,9315.60,,9180.00,,,880,8108076.00,275,F1,1,,,,,
2026-07-24,2026-07-24,CM,BSE,STK,532759,INE285H01022,ATLANTAA,B,,,,,ATLANTAA LIMITED,36.00,36.54,34.80,35.16,35.16,36.53,,35.18,,,2751,98301.00,389,F1,1,,,,,
2026-07-24,2026-07-24,CM,BSE,STK,532761,INE596H01014,HGM,B,,,,,HANDSON GLOBAL MANAGEMENT (HGM,46.00,46.96,46.00,46.96,46.96,45.78,,46.73,,,1319,61243.00,6,F1,1,,,,,
2026-07-24,2026-07-24,CM,BSE,STK,532762,INE731H01025,ACE,A,,,,,ACTION CONSTRUCTION EQUIPMENT,970.05,1050.85,967.15,1040.15,1040.15,978.85,,1039.40,,,103913,106774707.00,3637,F1,1,,,,,
2026-07-24,2026-07-24,CM,BSE,STK,532764,INE916G01016,GEECEE,T,,,,,GEECEE VENTURES LIMITED,335.30,357.95,335.30,336.40,336.10,350.60,,334.40,,,150,50455.00,14,F1,1,,,,,
2026-07-24,2026-07-24,CM,BSE,STK,532767,INE336H01023,GAYAPROJ,T,,,,,GAYATRI PROJECTS LTD.,20.55,21.26,19.76,20.91,20.95,20.44,,20.74,,,16867,344805.00,99,F1,1,,,,,
2026-07-24,2026-07-24,CM,BSE,STK,532768,INE737H01014,FIEMIND,B,,,,,FIEM INDUSTRIES LTD.,2308.95,2342.00,2301.60,2337.95,2336.30,2355.45,,2332.10,,,2566,5967328.00,397,F1,1,,,,,
2026-07-24,2026-07-24,CM,BSE,STK,532771,INE544H01014,JHS,B,,,,,JHS SVENDGAARD LABORATORIES LT,7.40,7.72,7.32,7.41,7.32,7.40,,7.49,,,7382,55531.00,49,F1,1,,,,,
2026-07-24,2026-07-24,CM,BSE,STK,532772,INE503A01015,DCBBANK,A,,,,,DCB BANK LIMITED,188.70,188.70,184.65,186.10,186.10,189.75,,186.24,,,48911,9130264.00,867,F1,1,,,,,
2026-07-24,2026-07-24,CM,BSE,STK,532773,INE792H01019,GLOBALVECT,B,,,,,GLOBAL VECTRA HELICORP LTD.,145.20,151.90,145.20,149.15,147.85,150.50,,148.97,,,145,21519.00,19,F1,1,,,,,
2026-07-24,2026-07-24,CM,BSE,STK,532774,INE020G01017,INSPIRISYS,T,,,,,Inspirisys Solutions Limited,99.80,99.80,96.00,96.40,98.00,98.30,,96.46,,,323,31142.00,7,F1,1,,,,,
2026-07-24,2026-07-24,CM,BSE,STK,532775,INE221H01019,GTLINFRA,B,,,,,GTL INFRASTRUCTURE LTD.,1.20,1.23,1.18,1.23,1.23,1.21,,1.22,,,3117579,3766864.00,16709,F1,1,,,,,
2026-07-24,2026-07-24,CM,BSE,STK,532776,INE637H01024,SHIVAMAUTO,T,,,,,SHIVAM AUTOTECH LTD.,18.03,18.03,17.90,17.95,17.95,17.68,,17.95,,,33744,605778.00,26,F1,1,,,,,
2026-07-24,2026-07-24,CM,BSE,STK,532777,INE663F01032,NAUKRI,A,,,,,INFO EDGE (INDIA) LTD.,1164.55,1176.35,1147.10,1165.10,1165.10,1170.65,,1165.50,,,46529,54016646.00,3799,F1,1,,,,,
2026-07-24,2026-07-24,CM,BSE,STK,532779,INE813H01021,TORNTPOWER,A,,,,,TORRENT POWER LTD.,1428.95,1442.00,1418.60,1436.60,1437.80,1430.00,,1434.20,,,13381,19165998.00,643,F1,1,,,,,
2026-07-24,2026-07-24,CM,BSE,STK,532780,INE561H01026,PARSVNATH,T,,,,,PARSVNATH DEVELOPERS LTD.,1.94,1.94,1.94,1.94,1.94,1.97,,1.94,,,62801,121833.00,71,F1,1,,,,,
2026-07-24,2026-07-24,CM,BSE,STK,532782,INE645H01027,SUTLEJTEX,T,,,,,SUTLEJ TEXTILES & INDUSTRIES L,38.05,38.50,37.50,37.50,37.50,38.05,,37.61,,,204,7674.00,9,F1,1,,,,,
2026-07-24,2026-07-24,CM,BSE,STK,532783,INE818H01020,LTFOODS,A,,,,,LT FOODS LTD.,368.35,377.00,368.35,375.50,375.75,373.30,,375.60,,,31255,11671243.00,813,F1,1,,,,,
2026-07-24,2026-07-24,CM,BSE,STK,532784,INE671H01015,SOBHA,A,,,,,SOBHA,1365.00,1373.00,1327.00,1363.15,1368.90,1375.45,,1362.30,,,8850,11930897.00,485,F1,1,,,,,
2026-07-24,2026-07-24,CM,BSE,STK,532785,INE803H01014,RUCHIRA,B,,,,,RUCHIRA PAPERS LTD.,108.00,108.00,105.90,106.55,106.15,108.70,,106.47,,,3124,333375.00,119,F1,1,,,,,
2026-07-24,2026-07-24,CM,BSE,STK,532790,INE483C01032,TANLA,A,,,,,TANLA PLATFORMS LIMITED,615.05,626.50,593.85,599.55,599.55,618.90,,599.75,,,208641,126748359.00,4975,F1,1,,,,,
2026-07-24,2026-07-24,CM,BSE,STK,532794,INE966H01019,ZEEMEDIA,B,,,,,ZEE MEDIA CORPORATION LIMITED,7.76,8.03,7.76,7.91,7.91,7.90,,7.96,,,58098,459393.00,198,F1,1,,,,,
2026-07-24,2026-07-24,CM,BSE,STK,532795,INE965H01011,SITINET,Z,,,,,Siti Networks Ltd.,0.49,0.49,0.49,0.49,0.49,0.49,,0.32,,,22808,11175.00,12,F1,1,,,,,
2026-07-24,2026-07-24,CM,BSE,STK,532796,INE872H01027,LUMAXTECH,A,,,,,LUMAX AUTO TECHNOLOGIES LTD.,1469.45,1470.90,1430.05,1465.20,1470.90,1474.30,,1465.80,,,2649,3834520.00,267,F1,1,,,,,
2026-07-24,2026-07-24,CM,BSE,STK,532797,INE718H01014,AUTOIND,T,,,,,AUTOLINE INDUSTRIES LTD.,83.96,88.20,80.01,88.17,88.20,84.02,,87.93,,,8700,734657.00,103,F1,1,,,,,
2026-07-24,2026-07-24,CM,BSE,STK,532798,INE870H01013,NETWORK18,A,,,,,NETWORK18 MEDIA & INVESTMENTS,28.20,28.74,27.80,28.62,28.62,28.09,,28.62,,,290696,8216568.00,900,F1,1,,,,,
2026-07-24,2026-07-24,CM,BSE,STK,532799,INE703H01016,HUBTOWN,A,,,,,HUBTOWN LTD.,196.20,197.70,193.05,195.05,197.20,198.10,,194.98,,,17949,3508915.00,367,F1,1,,,,,
2026-07-24,2026-07-24,CM,BSE,STK,532801,INE627H01017,CTE,B,,,,,CAMBRIDGE TECHNOLOGY ENTERPRIS,31.30,31.67,30.58,31.13,31.13,31.60,,31.36,,,807,25103.00,21,F1,1,,,,,
2026-07-24,2026-07-24,CM,BSE,STK,532804,INE545H01011,TIIL,B,,,,,TECHNOCRAFT INDUSTRIES (INDIA),2565.00,2606.50,2519.45,2570.55,2589.65,2565.80,,2566.80,,,334,851366.00,44,F1,1,,,,,
2026-07-24,2026-07-24,CM,BSE,STK,532805,INE891D01026,REDINGTON,A,,,,,Redington Limited,260.40,263.55,255.00,259.10,259.10,262.10,,259.05,,,126628,32672422.00,1962,F1,1,,,,,
2026-07-24,2026-07-24,CM,BSE,STK,532806,INE768E01024,AICHAMP,XT,,,,,AI CHAMPDANY INDUSTRIES LTD.,36.85,36.85,35.60,36.66,36.83,35.10,,36.66,,,176,6464.00,18,F1,1,,,,,
2026-07-24,2026-07-24,CM,BSE,STK,532807,INE704H01022,CINELINE,B,,,,,CINELINE INDIA LIMITED,79.60,87.29,78.04,87.10,87.29,80.00,,86.71,,,7712,629150.00,144,F1,1,,,,,
2026-07-24,2026-07-24,CM,BSE,STK,532808,INE940H01022,PGIL,A,,,,,PEARL GLOBAL INDUSTRIES LIMITE,1937.70,1998.00,1935.00,1974.60,1974.45,1946.15,,1974.50,,,4802,9414562.00,597,F1,1,,,,,
2026-07-24,2026-07-24,CM,BSE,STK,532809,INE684F01012,FSL,A,,,,,FIRSTSOURCE SOLUTIONS LTD.,254.60,257.40,251.50,253.80,253.80,255.90,,253.59,,,33301,8460145.00,832,F1,1,,,,,
2026-07-24,2026-07-24,CM,BSE,STK,532810,INE134E01011,PFC,A,,,,,POWER FINANCE CORPORATION LTD.,411.95,414.05,405.25,412.10,412.70,409.65,,411.90,,,71655,29408176.00,1447,F1,1,,,,,
2026-07-24,2026-07-24,CM,BSE,STK,532811,INE758C01029,AHLUCONT,A,,,,,AHLUWALIA CONTRACTS (INDIA) LT,800.40,836.90,793.80,828.75,831.15,800.60,,827.70,,,4169,3417819.00,397,F1,1,,,,,
2026-07-24,2026-07-24,CM,BSE,STK,532812,INE804H01012,TFL,B,,,,,TRANSWARRANTY FINANCE LTD.,10.85,10.85,10.46,10.46,10.46,10.59,,10.41,,,219,2291.00,6,F1,1,,,,,
2026-07-24,2026-07-24,CM,BSE,STK,532814,INE562A01011,INDIANB,A,,,,,INDIAN BANK,826.70,828.75,814.50,826.40,826.00,828.00,,826.10,,,58569,48111152.00,1760,F1,1,,,,,
2026-07-24,2026-07-24,CM,BSE,STK,532815,INE812G01025,SMSPHARMA,B,,,,,SMS PHARMACEUTICALS LTD.,383.65,386.60,377.65,380.80,386.60,384.95,,381.10,,,3475,1329105.00,156,F1,1,,,,,
2026-07-24,2026-07-24,CM,BSE,STK,532817,INE998H01012,ORIENTALTL,B,,,,,ORIENTAL TRIMEX LTD.,5.31,5.45,5.22,5.36,5.37,5.33,,5.31,,,9856,52376.00,50,F1,1,,,,,
2026-07-24,2026-07-24,CM,BSE,STK,532820,INE311H01018,ELAND,X,,,,,E-Land Apparel Limited,13.95,13.95,12.21,12.50,12.95,12.74,,12.50,,,3862,48227.00,20,F1,1,,,,,
2026-07-24,2026-07-24,CM,BSE,STK,532822,INE669E01016,IDEA,A,,,,,VODAFONE IDEA  LIMITED,13.14,13.18,12.76,13.13,13.13,13.21,,13.13,,,27168560,351799679.00,438907,F1,1,,,,,
2026-07-24,2026-07-24,CM,BSE,STK,532825,INE702H01018,JAGJANANI,X,,,,,JAGJANANI TEXTILES LTD.,3.90,3.90,3.90,3.90,3.90,3.91,,3.90,,,358,1396.00,5,F1,1,,,,,
2026-07-24,2026-07-24,CM,BSE,STK,532826,INE952H01027,RAJTV,B,,,,,RAJ TELEVISION NETWORK LTD.,11.99,12.00,11.58,12.00,12.00,11.99,,11.67,,,2593,30200.00,27,F1,1,,,,,
2026-07-24,2026-07-24,CM,BSE,STK,532827,INE761H01022,PAGEIND,A,,,,,PAGE INDUSTRIES LTD.,39630.45,40495.00,39630.45,40289.85,40150.00,40292.90,,40275.00,,,13687,552861724.00,328,F1,1,,,,,
2026-07-24,2026-07-24,CM,BSE,STK,532828,INE005I01014,AMDIND,B,,,,,AMD INDUSTRIES LTD.,48.23,51.80,47.10,49.22,48.99,49.23,,49.57,,,10316,497828.00,195,F1,1,,,,,
2026-07-24,2026-07-24,CM,BSE,STK,532829,INE976H01018,LEHAR,X,,,,,LEHAR FOOTWEARS LIMITED,250.30,250.35,242.00,246.75,244.25,247.55,,246.75,,,16505,4085558.00,289,F1,1,,,,,
2026-07-24,2026-07-24,CM,BSE,STK,532830,INE006I01046,ASTRAL,A,,,,,ASTRAL LIMITED,1411.85,1476.85,1401.55,1467.95,1467.95,1413.95,,1468.10,,,93635,135665574.00,6494,F1,1,,,,,
2026-07-24,2026-07-24,CM,BSE,STK,532832,INE069I01010,EMBDL,A,,,,,EMBASSY DEVELOPMENTS LIMITED,61.11,62.07,60.05,61.28,61.28,61.45,,61.21,,,289040,17761215.00,1063,F1,1,,,,,
2026-07-24,2026-07-24,CM,BSE,STK,532834,INE052I01032,CAMLINFINE,B,,,,,Camlin Fine Sciences Ltd,120.00,125.30,118.75,124.70,125.30,120.45,,124.48,,,24975,3054152.00,415,F1,1,,,,,
2026-07-24,2026-07-24,CM,BSE,STK,532835,INE725G01011,ICRA,B,,,,,ICRA LTD.,4777.00,4817.70,4749.60,4806.60,4809.05,4772.15,,4804.00,,,1022,4890896.00,161,F1,1,,,,,
2026-07-24,2026-07-24,CM,BSE,STK,532839,INE836F01026,DISHTV,T,,,,,DISH TV INDIA LTD.,2.84,2.85,2.75,2.83,2.83,2.82,,2.82,,,131658,367098.00,255,F1,1,,,,,
2026-07-24,2026-07-24,CM,BSE,STK,532841,INE280H01015,SAHYADRI,B,,,,,SAHYADRI INDUSTRIES LTD.,277.40,280.05,271.80,279.70,279.70,277.25,,281.25,,,713,196321.00,40,F1,1,,,,,
2026-07-24,2026-07-24,CM,BSE,STK,532842,INE917H01012,SRHHYPOLTD,B,,,,,SREE RAYALASEEMA HI-STRENGTH H,477.05,485.00,470.00,476.45,476.05,482.00,,477.85,,,795,376580.00,58,F1,1,,,,,
2026-07-24,2026-07-24,CM,BSE,STK,532843,INE061F01013,FORTIS,A,,,,,FORTIS HEALTHCARE LTD.,935.05,951.00,928.00,945.15,942.10,943.90,,947.75,,,289534,271307651.00,2017,F1,1,,,,,
2026-07-24,2026-07-24,CM,BSE,STK,532845,INE797H01018,TGBHOTELS,B,,,,,TGB BANQUETS AND HOTELS LTD.,8.80,8.92,8.51,8.59,8.59,8.91,,8.57,,,75704,650054.00,95,F1,1,,,,,
2026-07-24,2026-07-24,CM,BSE,STK,532847,INE788H01017,HILTON,T,,,,,HILTON METAL FORGING LTD.,21.22,21.29,20.70,21.15,21.14,21.22,,21.14,,,3541,73884.00,33,F1,1,,,,,
2026-07-24,2026-07-24,CM,BSE,STK,532848,INE124G01033,DELTACORP,B,,,,,DELTA CORP LTD.,62.47,63.19,61.64,63.00,63.00,62.47,,62.99,,,47175,2945650.00,434,F1,1,,,,,
2026-07-24,2026-07-24,CM,BSE,STK,532850,INE287C01037,MICEL,T,,,,,MIC ELECTRONICS LTD.,34.70,36.47,34.70,35.99,36.43,36.52,,36.14,,,32121,1144900.00,351,F1,1,,,,,
2026-07-24,2026-07-24,CM,BSE,STK,532851,INE070I01018,INSECTICID,B,,,,,INSECTICIDES (INDIA) LTD.,608.00,622.00,597.35,617.25,618.60,603.35,,616.10,,,1332,812159.00,116,F1,1,,,,,
2026-07-24,2026-07-24,CM,BSE,STK,532853,INE228I01012,ASAHISONG,B,,,,,ASAHI SONGWON COLORS LTD.,321.95,335.00,320.25,329.45,334.50,318.10,,332.90,,,3152,1035324.00,217,F1,1,,,,,
2026-07-24,2026-07-24,CM,BSE,STK,532855,INE928H01019,HARYNACAP,X,,,,,HARYANA CAPFIN LTD.,142.75,142.75,140.00,140.70,140.70,142.80,,140.70,,,137,19208.00,10,F1,1,,,,,
2026-07-24,2026-07-24,CM,BSE,STK,532856,INE508G01029,TIMETECHNO,A,,,,,TIME TECHNOPLAST LTD.,197.50,202.00,195.65,201.55,202.00,200.00,,201.28,,,100494,19977322.00,1002,F1,1,,,,,
2026-07-24,2026-07-24,CM,BSE,STK,532859,INE170I01016,HGS,B,,,,,HINDUJA GLOBAL SOLUTIONS LTD.,426.25,427.65,420.45,423.10,423.90,424.30,,422.60,,,1160,491380.00,60,F1,1,,,,,
2026-07-24,2026-07-24,CM,BSE,STK,532864,INE189I01024,NELCAST,B,,,,,NELCAST LTD.,130.15,134.90,130.15,134.65,134.90,133.50,,134.48,,,10285,1367169.00,170,F1,1,,,,,
2026-07-24,2026-07-24,CM,BSE,STK,532867,INE945H01021,V2RETAIL,B,,,,,V2 RETAIL LTD.,217.80,221.15,216.25,219.05,220.00,220.20,,219.28,,,31711,6937089.00,555,F1,1,,,,,
2026-07-24,2026-07-24,CM,BSE,STK,532868,INE271C01023,DLF,A,,,,,DLF LTD.,639.95,648.75,630.35,645.50,645.50,642.40,,645.20,,,69497,44472739.00,2639,F1,1,,,,,
2026-07-24,2026-07-24,CM,BSE,STK,532869,INE924H01018,TARMAT,B,,,,,TARMAT LTD.,50.99,51.00,49.54,51.00,51.00,50.98,,50.96,,,2468,125668.00,20,F1,1,,,,,
2026-07-24,2026-07-24,CM,BSE,STK,532872,INE232I01014,SPARC,B,,,,,SUN PHARMA ADVANCED RESEARCH C,214.95,217.55,212.05,216.40,216.45,214.25,,216.24,,,122485,26282843.00,1337,F1,1,,,,,
2026-07-24,2026-07-24,CM,BSE,STK,532873,INE191I01012,HDIL,Z,,,,,HOUSING DEVELOPMENT & INFRASTR,1.65,1.69,1.65,1.68,1.69,1.71,,1.68,,,8333,13915.00,29,F1,1,,,,,
2026-07-24,2026-07-24,CM,BSE,STK,532875,INE102I01027,ADSL,B,,,,,ALLIED DIGITAL SERVICES LTD.,112.50,121.25,111.45,118.60,118.00,114.05,,118.17,,,16782,1947472.00,382,F1,1,,,,,
2026-07-24,2026-07-24,CM,BSE,STK,532878,INE385I01010,ALPA,B,,,,,ALPA LABORATORIES LTD.,66.00,67.32,64.34,67.00,67.00,66.65,,67.17,,,621,40790.00,36,F1,1,,,,,
2026-07-24,2026-07-24,CM,BSE,STK,532880,INE800H01010,OMAXE,B,,,,,OMAXE LTD.,86.27,88.64,85.51,87.24,87.00,86.91,,87.66,,,5657,494276.00,89,F1,1,,,,,
2026-07-24,2026-07-24,CM,BSE,STK,532884,INE056I01025,REFEX,A,,,,,REFEX INDUSTRIES LTD.,314.05,318.00,307.00,316.25,316.40,314.05,,316.00,,,41143,12877839.00,625,F1,1,,,,,
2026-07-24,2026-07-24,CM,BSE,STK,532885,INE483A01010,CENTRALBK,A,,,,,CENTRAL BANK OF INDIA,30.70,31.18,30.50,31.03,31.03,30.96,,31.03,,,875604,26934062.00,2386,F1,1,,,,,
2026-07-24,2026-07-24,CM,BSE,STK,532886,INE105I01020,SELMC,B,,,,,SEL MANUFACTURING COMPANY LTD.,27.84,28.60,27.65,28.60,28.60,27.84,,28.33,,,473,13322.00,15,F1,1,,,,,
2026-07-24,2026-07-24,CM,BSE,STK,532888,INE022I01019,ASIANTILES,B,,,,,ASIAN GRANITO INDIA LTD.,52.02,56.95,52.02,53.79,52.54,51.96,,53.47,,,3099770,168889567.00,10607,F1,1,,,,,
2026-07-24,2026-07-24,CM,BSE,STK,532889,INE930H01031,KPRMILL,A,,,,,K.P.R.MILL LIMITED,1034.10,1063.90,1015.00,1061.95,1058.25,1034.10,,1061.50,,,19159,19923969.00,1208,F1,1,,,,,
2026-07-24,2026-07-24,CM,BSE,STK,532890,INE142I01023,TAKE,B,,,,,TAKE SOLUTIONS LTD.,21.01,21.01,20.65,20.76,20.74,20.73,,20.79,,,16753,347872.00,257,F1,1,,,,,
2026-07-24,2026-07-24,CM,BSE,STK,532891,INE323I01011,PURVA,B,,,,,Puravankara Limited,210.80,214.15,209.50,213.45,212.80,211.60,,213.35,,,4521,956886.00,167,F1,1,,,,,
2026-07-24,2026-07-24,CM,BSE,STK,532892,INE338I01027,MOTILALOFS,A,,,,,MOTILAL OSWAL FINANCIAL SERVIC,948.55,948.55,840.00,870.55,870.55,939.85,,871.90,,,539523,469407005.00,16150,F1,1,,,,,
2026-07-24,2026-07-24,CM,BSE,STK,532893,INE222F01029,VTMLTD,X,,,,,VTM LTD.,65.25,65.30,62.01,62.68,62.68,64.06,,62.68,,,15387,967807.00,110,F1,1,,,,,
2026-07-24,2026-07-24,CM,BSE,STK,532894,INE227G01018,INDOWIND,T,,,,,INDOWIND ENERGY LTD.,8.81,9.30,8.81,9.24,9.30,9.18,,9.20,,,31605,290888.00,74,F1,1,,,,,
2026-07-24,2026-07-24,CM,BSE,STK,532895,INE245I01016,NAGREEKCAP,T,,,,,NAGREEKA CAPITAL & INFRASTRUCT,21.61,22.79,21.61,22.70,22.70,22.65,,22.67,,,456,10120.00,9,F1,1,,,,,
2026-07-24,2026-07-24,CM,BSE,STK,532896,INE387I01016,MAGNUM,B,,,,,MAGNUM VENTURES LTD.,18.18,19.60,18.18,19.60,19.60,19.40,,19.42,,,5907,114295.00,25,F1,1,,,,,
2026-07-24,2026-07-24,CM,BSE,STK,532898,INE752E01010,POWERGRID,A,,,,,POWER GRID CORPORATION OF INDI,285.65,290.00,285.65,288.30,288.30,289.80,,288.20,,,2217896,639650124.00,4234,F1,1,,,,,
2026-07-24,2026-07-24,CM,BSE,STK,532899,INE455I01029,KSCL,B,,,,,KAVERI SEED COMPANY LTD.,831.10,837.85,818.15,834.10,834.10,829.95,,835.45,,,1941,1607533.00,174,F1,1,,,,,
2026-07-24,2026-07-24,CM,BSE,STK,532900,INE420C01059,PAISALO,A,,,,,PAISALO DIGITAL LIMITED,71.30,73.79,69.75,70.19,70.19,72.58,,70.17,,,895606,64813138.00,3605,F1,1,,,,,
2026-07-24,2026-07-24,CM,BSE,STK,532902,INE429I01024,CCCL,B,,,,,CONSOLIDATED CONSTRUCTION CONS,16.07,16.12,15.56,15.88,15.93,16.00,,15.88,,,8649,137926.00,51,F1,1,,,,,
2026-07-24,2026-07-24,CM,BSE,STK,532904,INE550H01011,SUPREMEINF,B,,,,,SUPREME INFRASTRUCTURE INDIA L,87.84,87.84,82.25,82.48,82.46,85.70,,82.53,,,3195,265841.00,51,F1,1,,,,,
2026-07-24,2026-07-24,CM,BSE,STK,532906,INE215I01027,MAANALU,B,,,,,MAAN ALUMINIUM LTD.,114.05,114.25,112.80,114.25,114.25,113.95,,114.86,,,2207,252074.00,144,F1,1,,,,,
2026-07-24,2026-07-24,CM,BSE,STK,532907,INE369I01014,IL&FSENGG,Z,,,,,IL&FS ENGINEERING AND CONSTRUC,32.41,32.41,31.40,31.56,31.56,30.87,,31.56,,,106242,3442032.00,78,F1,1,,,,,
2026-07-24,2026-07-24,CM,BSE,STK,532911,INE272G01014,PARLEIND,XT,,,,,PARLE INDUSTRIES LIMITED,7.35,7.35,7.35,7.35,7.35,7.49,,7.35,,,22119,162574.00,129,F1,1,,,,,
2026-07-24,2026-07-24,CM,BSE,STK,532915,INE621H01010,RELIGARE,A,,,,,RELIGARE ENTERPRISES LTD.,251.25,259.90,248.70,258.05,257.70,253.40,,258.05,,,70771,18255393.00,562,F1,1,,,,,
2026-07-24,2026-07-24,CM,BSE,STK,532916,INE139I01011,BVCL,B,,,,,BARAK VALLEY CEMENTS LTD.,40.31,41.53,40.31,40.37,40.37,40.83,,40.79,,,204,8265.00,10,F1,1,,,,,
2026-07-24,2026-07-24,CM,BSE,STK,532918,INE575I01016,RATHIBAR,X,,,,,RATHI BARS LTD.,19.26,19.99,19.20,19.85,19.99,19.50,,19.85,,,4851,94543.00,20,F1,1,,,,,
2026-07-24,2026-07-24,CM,BSE,STK,532921,INE742F01042,ADANIPORTS,A,,,,,ADANI PORTS AND SPECIAL ECONOM,1768.95,1784.40,1756.20,1768.10,1768.10,1778.30,,1768.30,,,61092,108252080.00,3929,F1,1,,,,,
2026-07-24,2026-07-24,CM,BSE,STK,532922,INE532F01054,EDELWEISS,A,,,,,EDELWEISS FINANCIAL SERVICES L,114.60,117.70,113.85,117.10,117.10,116.10,,117.02,,,80399,9293601.00,995,F1,1,,,,,
2026-07-24,2026-07-24,CM,BSE,STK,532923,INE722H01024,RGL,B,,,,,RENAISSANCE GLOBAL LIMITED,117.50,118.90,115.90,117.85,117.65,118.20,,118.11,,,9016,1055698.00,150,F1,1,,,,,
2026-07-24,2026-07-24,CM,BSE,STK,532924,INE094I01018,KOLTEPATIL,B,,,,,KOLTE-PATIL DEVELOPERS LTD.,391.35,395.00,385.00,390.65,390.00,388.65,,391.25,,,6321,2474249.00,265,F1,1,,,,,
2026-07-24,2026-07-24,CM,BSE,STK,532925,INE234I01028,KAUSHALYA,T,,,,,KAUSHALYA INFRASTRUCTURE DEVEL,840.10,900.00,840.10,900.00,900.00,883.00,,895.00,,,21,17702.00,6,F1,1,,,,,
2026-07-24,2026-07-24,CM,BSE,STK,532926,INE668F01031,JYOTHYLAB,A,,,,,JYOTHY LABS LIMITED,198.45,199.45,195.05,198.60,199.35,198.45,,198.57,,,19727,3889185.00,605,F1,1,,,,,
2026-07-24,2026-07-24,CM,BSE,STK,532927,INE738I01010,ECLERX,A,,,,,ECLERX SERVICES LTD.,1881.00,1899.45,1811.00,1861.50,1861.50,1889.95,,1861.50,,,18360,33857604.00,1536,F1,1,,,,,
2026-07-24,2026-07-24,CM,BSE,STK,532928,INE763I01026,TARIL,A,,,,,TRANSFORMERS AND RECTIFIERS (I,293.00,296.35,288.05,295.10,295.70,293.75,,295.00,,,192628,56279144.00,2978,F1,1,,,,,
2026-07-24,2026-07-24,CM,BSE,STK,532929,INE791I01019,BRIGADE,A,,,,,BRIGADE ENTERPRISES LTD.,524.50,528.90,515.55,525.40,524.50,526.70,,525.45,,,23076,12052065.00,1485,F1,1,,,,,
2026-07-24,2026-07-24,CM,BSE,STK,532930,INE661I01014,BGRENERGY,T,,,,,BGR ENERGY SYSTEMS LTD.,289.95,293.00,289.00,291.20,292.60,294.30,,291.10,,,815,237314.00,42,F1,1,,,,,
2026-07-24,2026-07-24,CM,BSE,STK,532932,INE015D01022,MANAKSIA,B,,,,,MANAKSIA LTD.,56.33,56.68,54.82,55.79,55.60,56.42,,55.82,,,971,54018.00,58,F1,1,,,,,
2026-07-24,2026-07-24,CM,BSE,STK,532933,INE386I01018,PORWAL,X,,,,,PORWAL AUTO COMPONENTS LTD.,53.01,54.98,52.46,53.08,53.48,53.45,,53.08,,,3148,167213.00,34,F1,1,,,,,
2026-07-24,2026-07-24,CM,BSE,STK,532934,INE095I01015,PPAP,T,,,,,PPAP,301.35,301.35,286.30,286.90,292.05,301.35,,289.10,,,2340,675755.00,61,F1,1,,,,,
2026-07-24,2026-07-24,CM,BSE,STK,532935,INE298I01015,ARIES,B,,,,,ARIES AGRO LTD.,338.00,344.75,331.35,341.60,336.35,339.75,,341.10,,,2740,916707.00,55,F1,1,,,,,
2026-07-24,2026-07-24,CM,BSE,STK,532937,INE529I01021,KUANTUM,B,,,,,KUANTUM PAPERS LTD.,79.00,80.46,77.22,77.54,77.23,79.84,,77.38,,,9224,723209.00,246,F1,1,,,,,
2026-07-24,2026-07-24,CM,BSE,STK,532939,INE614G01033,RPOWER,A,,,,,RELIANCE POWER LTD.,23.82,24.33,23.15,24.08,24.08,23.48,,24.06,,,2859256,67547511.00,5784,F1,1,,,,,
2026-07-24,2026-07-24,CM,BSE,STK,532940,INE576I01022,JKIL,B,,,,,J.KUMAR INFRAPROJECTS LTD.,487.30,488.80,480.30,486.60,487.35,491.15,,485.65,,,1453,701197.00,96,F1,1,,,,,
2026-07-24,2026-07-24,CM,BSE,STK,532941,INE792I01017,CORDSCABLE,T,,,,,CORDS CABLE INDUSTRIES LTD.,205.00,205.00,202.20,204.00,205.00,205.55,,203.72,,,218,44551.00,11,F1,1,,,,,
2026-07-24,2026-07-24,CM,BSE,STK,532942,INE634I01029,KNRCON,A,,,,,KNR CONSTRUCTIONS LTD.,118.45,122.00,117.80,121.00,121.00,119.25,,121.21,,,42962,5124524.00,465,F1,1,,,,,
2026-07-24,2026-07-24,CM,BSE,STK,532944,INE809I01019,ONMOBILE,T,,,,,ONMOBILE,57.95,61.62,57.95,60.30,60.30,58.70,,60.74,,,3126,188192.00,45,F1,1,,,,,
2026-07-24,2026-07-24,CM,BSE,STK,532945,INE964H01014,SEPC,B,,,,,SEPC LIMITED,5.89,6.15,5.82,6.02,6.02,5.95,,6.01,,,1180676,7020192.00,958,F1,1,,,,,
2026-07-24,2026-07-24,CM,BSE,STK,532946,INE863I01016,BANG,B,,,,,BANG OVERSEAS LTD.,27.42,28.24,26.60,27.68,27.68,27.42,,28.08,,,1035,28724.00,41,F1,1,,,,,
2026-07-24,2026-07-24,CM,BSE,STK,532947,INE821I01022,IRB,A,,,,,IRB INFRASTRUCTURE DEVELOPERS,19.42,19.69,19.27,19.62,19.62,19.49,,19.61,,,706554,13752055.00,2508,F1,1,,,,,
2026-07-24,2026-07-24,CM,BSE,STK,532951,INE871H01011,GSS,B,,,,,GSS INFOTECH LTD.,12.18,12.26,12.00,12.12,12.24,12.24,,12.11,,,10817,130015.00,27,F1,1,,,,,
2026-07-24,2026-07-24,CM,BSE,STK,532952,INE049I01012,NAHARCAP,B,,,,,NAHAR CAPITAL & FINANCIAL SERV,245.25,251.45,241.85,243.20,243.20,251.90,,245.33,,,222,54346.00,19,F1,1,,,,,
2026-07-24,2026-07-24,CM,BSE,STK,532953,INE951I01027,VGUARD,A,,,,,V-GUARD INDUSTRIES LTD.,294.70,294.70,289.05,291.00,291.00,294.50,,290.80,,,14738,4287879.00,1152,F1,1,,,,,
2026-07-24,2026-07-24,CM,BSE,STK,532955,INE020B01018,RECLTD,A,,,,,REC LIMITED,355.00,364.40,355.00,361.45,361.45,358.50,,361.60,,,231386,83231909.00,4292,F1,1,,,,,
2026-07-24,2026-07-24,CM,BSE,STK,532957,INE642I01014,GOKAKTEX,X,,,,,GOKAK TEXTILES LTD.,61.00,61.00,60.00,60.00,60.00,61.39,,60.00,,,194,11750.00,8,F1,1,,,,,
2026-07-24,2026-07-24,CM,BSE,STK,532966,INE615H01020,TITAGARH,A,,,,,TITAGARH RAIL SYSTEMS LIMITED,803.40,823.65,792.05,819.75,819.75,815.70,,819.50,,,46874,37789566.00,2732,F1,1,,,,,
2026-07-24,2026-07-24,CM,BSE,STK,532967,INE415I01015,KIRIINDUS,A,,,,,KIRI INDUSTRIES LTD.,407.55,411.15,398.00,405.95,406.20,411.45,,405.55,,,4540,1826956.00,210,F1,1,,,,,
2026-07-24,2026-07-24,CM,BSE,STK,532974,INE865C01022,BIRLAMONEY,B,,,,,ADITYA BIRLA MONEY LTD.,133.55,133.55,130.00,131.80,131.50,132.75,,131.98,,,5032,661600.00,505,F1,1,,,,,
2026-07-24,2026-07-24,CM,BSE,STK,532975,INE778I01024,TELOGICA,XT,,,,,TELOGICA LIMITED,10.00,10.00,9.21,9.95,9.95,9.65,,9.95,,,4608,45457.00,11,F1,1,,,,,
2026-07-24,2026-07-24,CM,BSE,STK,532976,INE091G01026,JAIBALAJI,T,,,,,JAI BALAJI INDUSTRIES LTD.,59.72,61.90,59.00,61.04,61.57,59.97,,61.22,,,27083,1626048.00,122,F1,1,,,,,
2026-07-24,2026-07-24,CM,BSE,STK,532977,INE917I01010,BAJAJ-AUTO,A,,,,,BAJAJ AUTO LTD.,11273.80,11325.00,11108.80,11128.05,11128.05,11278.65,,11130.00,,,19560,219624788.00,5232,F1,1,,,,,
2026-07-24,2026-07-24,CM,BSE,STK,532978,INE918I01026,BAJAJFINSV,A,,,,,BAJAJ FINSERV LTD.,1884.25,1893.10,1867.25,1876.95,1876.95,1889.35,,1876.70,,,261372,491756507.00,3055,F1,1,,,,,
2026-07-24,2026-07-24,CM,BSE,STK,532980,INE020J01029,GOKUL,B,,,,,GOKUL REFOILS & SOLVENT LTD.,39.52,39.77,39.10,39.52,39.58,39.84,,39.33,,,18480,726659.00,78,F1,1,,,,,
2026-07-24,2026-07-24,CM,BSE,STK,532983,INE105J01010,RPGLIFE,B,,,,,RPG LIFE SCIENCES LTD.,2918.85,3016.80,2854.35,2913.00,3016.80,2902.35,,2936.10,,,744,2155072.00,134,F1,1,,,,,
2026-07-24,2026-07-24,CM,BSE,STK,532985,INF174KA1JD7,SENSEX1,A,,,,,KOTAK MAHINDRA MUTUAL FUND,83.60,83.74,83.00,83.70,83.71,83.75,,83.70,,,3185,265307.00,58,F1,1,,,,,
2026-07-24,2026-07-24,CM,BSE,STK,532986,INE368I01016,NIRAJ,T,,,,,NIRAJ CEMENT STRUCTURALS LTD.,29.89,29.89,28.10,28.39,28.34,29.14,,28.45,,,3022,85754.00,19,F1,1,,,,,
2026-07-24,2026-07-24,CM,BSE,STK,532989,INE878I01022,BAFNAPH,T,,,,,BAFNA PHARMACEUTICALS LTD.,238.20,246.95,238.00,245.00,245.00,242.40,,245.00,,,1439,348340.00,22,F1,1,,,,,
2026-07-24,2026-07-24,CM,BSE,STK,532992,INE790D01020,CHLLTD,X,,,,,CHL LTD.,26.66,26.66,26.50,26.55,26.50,26.51,,26.55,,,500,13273.00,9,F1,1,,,,,
2026-07-24,2026-07-24,CM,BSE,STK,532993,INE955I01044,SEJALLTD,T,,,,,SEJAL GLASS LIMITED,766.80,769.95,734.45,757.60,757.95,773.10,,753.85,,,2910,2167765.00,69,F1,1,,,,,
2026-07-24,2026-07-24,CM,BSE,STK,532994,INE877I01016,ARCHIDPLY,B,,,,,ARCHIDPLY INDUSTRIES LTD.,79.66,84.50,79.66,81.77,84.50,83.30,,82.85,,,1428,117676.00,92,F1,1,,,,,
2026-07-24,2026-07-24,CM,BSE,STK,532998,INE947I01017,LOTUSEYE,B,,,,,Lotus Eye Hospital And Institu,119.45,122.20,116.95,120.05,120.05,119.45,,119.06,,,1816,216453.00,47,F1,1,,,,,
2026-07-24,2026-07-24,CM,BSE,STK,533001,INE323J01019,SOMICONVEY,B,,,,,SOMI CONVEYOR BELTINGS LTD.,96.25,98.10,96.25,96.90,96.80,98.20,,97.31,,,693,66855.00,75,F1,1,,,,,
2026-07-24,2026-07-24,CM,BSE,STK,533007,INE201J01017,LGBFORGE,XT,,,,,LGB FORGE LTD.,5.79,5.79,5.49,5.61,5.61,5.74,,5.61,,,87473,486362.00,137,F1,1,,,,,
2026-07-24,2026-07-24,CM,BSE,STK,533012,INE197J01017,LPDC,B,,,,,LANDMARK PROPERTY DEVELOPMENT,6.31,6.37,6.00,6.19,6.17,6.38,,6.10,,,75651,462116.00,159,F1,1,,,,,
2026-07-24,2026-07-24,CM,BSE,STK,533014,INE176J01011,SICAGEN,B,,,,,SICAGEN INDIA LTD.,50.50,51.50,50.02,50.05,50.05,50.05,,50.45,,,2498,126547.00,25,F1,1,,,,,
2026-07-24,2026-07-24,CM,BSE,STK,533018,INE457H01027,SIMPLXMIL,X,,,,,SIMPLEX MILLS COMPANY LTD.,4614.75,4614.75,4614.75,4614.75,4614.75,4614.75,,4614.75,,,5,23073.00,1,F1,1,,,,,
2026-07-24,2026-07-24,CM,BSE,STK,533019,INE456H01029,SIMPLXPAP,X,,,,,SIMPLEX PAPERS LTD.,1250.00,1250.00,1250.00,1250.00,1250.00,1199.95,,1250.00,,,13,16250.00,1,F1,1,,,,,
2026-07-24,2026-07-24,CM,BSE,STK,533022,INE144J01027,20MICRONS,B,,,,,20 MICRONS LTD.,208.15,208.20,203.05,204.55,203.60,210.00,,204.26,,,9014,1848568.00,215,F1,1,,,,,
2026-07-24,2026-07-24,CM,BSE,STK,533023,INE342J01019,ZFCVINDIA,A,,,,,ZF Commercial Vehicle Control,2376.50,2386.90,2261.00,2317.95,2317.95,2366.85,,2320.40,,,23392,54411303.00,3043,F1,1,,,,,
2026-07-24,2026-07-24,CM,BSE,STK,533029,INE773I01017,ALKALI,T,,,,,ALKALI METALS LTD.,76.00,76.00,76.00,76.00,76.00,79.99,,71.11,,,99,7524.00,10,F1,1,,,,,
2026-07-24,2026-07-24,CM,BSE,STK,533033,INE858B01029,ISGEC,B,,,,,ISGEC HEAVY ENGINEERING LTD.,858.35,863.00,836.15,855.35,855.40,855.50,,855.60,,,2000,1711596.00,310,F1,1,,,,,
2026-07-24,2026-07-24,CM,BSE,STK,533047,INE919H01018,IMFA,A,,,,,INDIAN METALS & FERRO ALLOYS L,1321.10,1345.50,1303.00,1341.70,1336.45,1334.45,,1340.20,,,3605,4765603.00,400,F1,1,,,,,
2026-07-24,2026-07-24,CM,BSE,STK,533048,INE065J01024,TPHQ,B,,,,,Teamo Productions HQ Limited,0.40,0.42,0.40,0.42,0.42,0.42,,0.40,,,86391,35679.00,76,F1,1,,,,,
2026-07-24,2026-07-24,CM,BSE,STK,533056,INE359B01010,VEDAVAAG,X,,,,,VEDAVAAG SYSTEMS LTD.,20.88,20.88,19.45,19.50,19.50,19.80,,19.50,,,21627,423905.00,130,F1,1,,,,,
2026-07-24,2026-07-24,CM,BSE,STK,533080,INE893J01029,MOLDTKPAC,B,,,,,MOLD-TEK PACKAGING LIMITED,720.95,732.00,709.00,725.00,729.00,712.65,,727.30,,,19484,14036103.00,1166,F1,1,,,,,
2026-07-24,2026-07-24,CM,BSE,STK,533088,INE998I01010,MHRIL,B,,,,,MAHINDRA HOLIDAYS & RESORTS IN,215.00,220.55,211.75,219.00,218.70,217.75,,218.86,,,7861,1683232.00,289,F1,1,,,,,
2026-07-24,2026-07-24,CM,BSE,STK,533090,INE688J01023,LANDSMILL,B,,,,,Landsmill Green Limited,0.75,0.77,0.75,0.76,0.76,0.75,,0.75,,,238095,179776.00,147,F1,1,,,,,
2026-07-24,2026-07-24,CM,BSE,STK,533093,INE294G01026,ROML,B,,,,,RAJ OIL MILLS LTD.,45.32,45.32,43.57,45.10,45.10,44.18,,44.51,,,71,3213.00,6,F1,1,,,,,
2026-07-24,2026-07-24,CM,BSE,STK,533095,INE083K01017,BENGALASM,B,,,,,BENGAL & ASSAM COMPANY LTD.,6202.05,6202.10,6202.05,6202.10,6202.10,6205.05,,6202.00,,,2,12404.00,2,F1,1,,,,,
2026-07-24,2026-07-24,CM,BSE,STK,533096,INE814H01029,ADANIPOWER,A,,,,,ADANI POWER LTD.,211.75,215.00,210.10,213.65,213.65,212.30,,213.66,,,2083706,443619217.00,14979,F1,1,,,,,
2026-07-24,2026-07-24,CM,BSE,STK,533098,INE848E01016,NHPC,A,,,,,NHPC LTD.,79.12,79.94,78.77,79.40,79.40,80.26,,79.39,,,417135,33126453.00,3449,F1,1,,,,,
2026-07-24,2026-07-24,CM,BSE,STK,533100,INE429K01012,PEIL,X,,,,,PREMIER ENERGY AND INFRASTRUCT,6.49,7.10,6.15,6.49,6.45,6.49,,6.49,,,10867,70430.00,25,F1,1,,,,,
2026-07-24,2026-07-24,CM,BSE,STK,533104,INE615I01010,GLOBUSSPR,B,,,,,GLOBUS SPIRITS LTD.,851.15,884.15,851.15,879.60,879.60,861.40,,880.45,,,8720,7622455.00,435,F1,1,,,,,
2026-07-24,2026-07-24,CM,BSE,STK,533106,INE274J01014,OIL,A,,,,,OIL INDIA LTD.,461.50,465.25,449.15,450.00,450.00,458.70,,449.85,,,299602,135447299.00,2064,F1,1,,,,,
2026-07-24,2026-07-24,CM,BSE,STK,533107,INE542F01020,SWANDEF,T,,,,,SWAN DEFENCE AND HEAVY INDUSTR,2409.00,2450.00,2377.00,2446.00,2446.00,2430.45,,2427.80,,,1005,2446450.00,158,F1,1,,,,,
2026-07-24,2026-07-24,CM,BSE,STK,533108,INE274K01012,BTTL,T,,,,,BHILWARA TECHNICAL TEXTILES LT,47.50,49.00,47.50,48.98,49.00,49.98,,49.74,,,2963,142013.00,17,F1,1,,,,,
2026-07-24,2026-07-24,CM,BSE,STK,533110,INE318K01025,SPSL,X,,,,,SHREE PRECOATED STEELS LTD.,13.32,13.32,13.32,13.32,13.32,13.96,,13.32,,,3,39.00,2,F1,1,,,,,
2026-07-24,2026-07-24,CM,BSE,STK,533121,INE201K01015,EXPLEOSOL,B,,,,,EXPLEO SOLUTIONS LIMITED,811.25,811.25,798.20,802.35,802.75,815.00,,801.55,,,2214,1782284.00,252,F1,1,,,,,
2026-07-24,2026-07-24,CM,BSE,STK,533122,INE399K01017,RTNPOWER,A,,,,,RATTANINDIA POWER LTD.,8.44,9.18,8.40,8.63,8.63,8.55,,8.63,,,1535309,13233815.00,2426,F1,1,,,,,
2026-07-24,2026-07-24,CM,BSE,STK,533137,INE947J01015,DEN,B,,,,,DEN NETWORKS LTD,27.07,27.37,26.63,27.03,27.37,26.92,,27.14,,,38839,1052301.00,175,F1,1,,,,,
2026-07-24,2026-07-24,CM,BSE,STK,533138,INE563J01010,ASTEC,B,,,,,ASTEC LIFESCIENCES LIMITED,661.00,663.40,639.00,659.10,662.75,665.75,,659.10,,,1462,954674.00,141,F1,1,,,,,
2026-07-24,2026-07-24,CM,BSE,STK,533146,INE250K01012,DLINKINDIA,B,,,,,D-LINK (INDIA) LTD,441.25,455.10,433.15,452.40,452.40,441.25,,452.20,,,18470,8190697.00,537,F1,1,,,,,
2026-07-24,2026-07-24,CM,BSE,STK,533148,INE121E01018,JSWENERGY,A,,,,,JSW ENERGY LTD,555.25,555.25,546.05,551.90,551.90,557.15,,551.65,,,40533,22298535.00,1490,F1,1,,,,,
2026-07-24,2026-07-24,CM,BSE,STK,533149,INE143K01019,YUNIKM,X,,,,,Yunik Managing Advisors Limite,5.88,6.33,5.88,5.88,5.88,5.88,,5.88,,,278,1679.00,5,F1,1,,,,,
2026-07-24,2026-07-24,CM,BSE,STK,533150,INE484J01027,GODREJPROP,A,,,,,GODREJ PROPERTIES LTD,2038.75,2045.95,1996.75,2026.55,2045.95,2042.20,,2028.60,,,25034,50486701.00,2550,F1,1,,,,,
2026-07-24,2026-07-24,CM,BSE,STK,533151,INE950I01011,DBCORP,B,,,,,D B CORP LTD,206.15,212.00,203.25,208.35,212.00,208.70,,208.72,,,12147,2519781.00,308,F1,1,,,,,
2026-07-24,2026-07-24,CM,BSE,STK,533152,INE912H01013,MBLINFRA,T,,,,,MBL Infrastructure Ltd,26.21,26.21,25.00,25.00,25.00,25.15,,25.24,,,734,18376.00,13,F1,1,,,,,
2026-07-24,2026-07-24,CM,BSE,STK,533155,INE797F01020,JUBLFOOD,A,,,,,JUBILANT FOODWORKS LTD,412.20,420.00,408.50,418.40,418.20,412.20,,418.25,,,51389,21264830.00,1694,F1,1,,,,,
2026-07-24,2026-07-24,CM,BSE,STK,533156,INE893I01013,VASCONEQ,T,,,,,VASCON ENGINEERS LTD,32.50,32.50,31.60,32.23,32.18,32.08,,32.33,,,2327,74869.00,33,F1,1,,,,,
2026-07-24,2026-07-24,CM,BSE,STK,533158,INE085J01014,THANGAMAYL,A,,,,,THANGAMAYIL JEWELLERY LTD,6791.30,7016.75,6740.00,6905.80,6905.80,6875.65,,6906.50,,,14902,102555496.00,2318,F1,1,,,,,
2026-07-24,2026-07-24,CM,BSE,STK,533160,INE879I01012,DBREALTY,T,,,,,VALOR ESTATE LIMITED,112.00,113.95,110.50,113.60,111.90,112.85,,112.68,,,21986,2468753.00,189,F1,1,,,,,
2026-07-24,2026-07-24,CM,BSE,STK,533161,INE753K01015,EMMBI,T,,,,,EMMBI INDUSTRIES LTD,88.00,88.50,88.00,88.50,88.50,88.20,,87.53,,,70,6182.00,4,F1,1,,,,,
2026-07-24,2026-07-24,CM,BSE,STK,533162,INE982F01036,HATHWAY,B,,,,,HATHWAY CABLE & DATACOM LTD,10.55,10.90,10.51,10.77,10.90,10.65,,10.76,,,206625,2210134.00,407,F1,1,,,,,
2026-07-24,2026-07-24,CM,BSE,STK,533164,INE141K01013,TEXMOPIPES,B,,,,,TEXMO PIPES & PRODUCTS LTD.,42.80,44.55,42.28,43.01,43.00,42.80,,43.03,,,6345,277719.00,32,F1,1,,,,,
2026-07-24,2026-07-24,CM,BSE,STK,533166,INE108E01023,SUNDARAM,B,,,,,SUNDARAM MULTI PAP LTD.,1.29,1.30,1.27,1.29,1.29,1.28,,1.28,,,36449,46915.00,27,F1,1,,,,,
2026-07-24,2026-07-24,CM,BSE,STK,533167,INE312J01012,COROENGG,X,,,,,COROMANDEL ENGINEERING COMPANY,50.11,51.25,48.90,49.69,49.69,51.10,,49.69,,,3317,164579.00,52,F1,1,,,,,
2026-07-24,2026-07-24,CM,BSE,STK,533168,INE847C01020,ROSSELLIND,B,,,,,ROSSELL INDIA LTD.,61.14,61.14,58.09,58.71,59.55,59.51,,58.93,,,1266,74938.00,46,F1,1,,,,,
2026-07-24,2026-07-24,CM,BSE,STK,533169,INE949H01023,MANINFRA,B,,,,,MAN INFRACONSTRUCTION LTD.,97.90,97.90,96.10,96.75,97.00,97.85,,96.69,,,39635,3841292.00,287,F1,1,,,,,
2026-07-24,2026-07-24,CM,BSE,STK,533170,INE864J01012,TAMBOLIIN,T,,,,,TAMBOLI INDUSTRIES LIMITED,220.00,224.00,218.00,224.00,224.00,215.65,,212.65,,,508,112819.00,5,F1,1,,,,,
2026-07-24,2026-07-24,CM,BSE,STK,533172,INF205KA1BP1,IVZINGOLD,E,,,,,INVESCO India Gold Exchange Tr,123.05,124.10,122.35,124.09,123.90,124.99,,124.05,,,1748,214961.00,24,F1,1,,,,,
2026-07-24,2026-07-24,CM,BSE,STK,533177,INE975G01012,IL&FSTRANS,Z,,,,,IL&FS TRANSPORTATION NETWORKS,2.10,2.10,2.03,2.08,2.08,2.06,,2.02,,,1629,3365.00,10,F1,1,,,,,
2026-07-24,2026-07-24,CM,BSE,STK,533179,INE262H01021,PERSISTENT,A,,,,,PERSISTENT SYSTEMS LTD.,4990.00,5213.95,4965.00,5203.15,5203.15,5001.75,,5200.60,,,51433,263032668.00,9287,F1,1,,,,,
2026-07-24,2026-07-24,CM,BSE,STK,533181,INE566K01011,ISFT,B,,,,,INTRASOFT TECHNOLOGIES LTD.,74.00,77.40,73.00,76.60,77.10,73.57,,76.37,,,450,33749.00,17,F1,1,,,,,
2026-07-24,2026-07-24,CM,BSE,STK,533192,INE790B01024,KCPSUGIND,B,,,,,KCP SUGAR & INDUSTRIES CORPORA,22.56,28.81,22.56,27.79,27.79,24.22,,27.85,,,223898,6158090.00,1683,F1,1,,,,,
2026-07-24,2026-07-24,CM,BSE,STK,533193,INE134B01017,KECL,T,,,,,KIRLOSKAR ELECTRIC COMPANY LTD,127.00,127.00,123.00,124.75,125.95,125.80,,124.83,,,43266,5364763.00,61,F1,1,,,,,
2026-07-24,2026-07-24,CM,BSE,STK,533202,INE639K01016,SATCH,XT,,,,,SATCHMO HOLDINGS LIMITED,6.09,6.09,5.60,5.81,5.89,5.82,,5.81,,,196754,1152680.00,192,F1,1,,,,,
2026-07-24,2026-07-24,CM,BSE,STK,533203,INE747K01017,TARAPUR,B,,,,,TARAPUR TRANSFORMERS LTD,18.50,18.50,17.72,18.01,18.15,17.75,,18.15,,,529,9516.00,27,F1,1,,,,,
2026-07-24,2026-07-24,CM,BSE,STK,533206,INE002L01015,SJVN,A,,,,,SJVN LTD,67.24,67.73,66.80,67.54,67.54,67.73,,67.58,,,281768,18932916.00,2703,F1,1,,,,,
2026-07-24,2026-07-24,CM,BSE,STK,533208,INE830C01026,EMAMIPAP,B,,,,,EMAMI PAPER MILLS LTD.,121.00,122.71,116.78,117.69,118.00,122.88,,118.09,,,24725,2944335.00,407,F1,1,,,,,
2026-07-24,2026-07-24,CM,BSE,STK,533210,INE798K01010,KRITINUT,T,,,,,KRITI NUTRIENTS LTD,76.65,76.65,76.40,76.40,76.40,75.15,,75.21,,,129,9883.00,3,F1,1,,,,,
2026-07-24,2026-07-24,CM,BSE,STK,533212,INE265D01015,GKB,X,,,,,GKB OPHTHALMICS LTD.,55.15,57.49,55.15,57.49,57.49,55.10,,57.49,,,291,16341.00,7,F1,1,,,,,
2026-07-24,2026-07-24,CM,BSE,STK,533217,INE871K01015,HMVL,B,,,,,HINDUSTAN MEDIA VENTURES LTD.,82.01,93.94,82.01,93.15,92.55,89.21,,93.39,,,7547,693513.00,274,F1,1,,,,,
2026-07-24,2026-07-24,CM,BSE,STK,533218,INE778K01012,EMAMIREAL,T,,,,,EMAMI REALTY LIMITED,79.50,79.50,79.50,79.50,79.50,79.10,,79.76,,,100,7950.00,1,F1,1,,,,,
2026-07-24,2026-07-24,CM,BSE,STK,533221,INE915K01010,AHLWEST,T,,,,,ASIAN HOTELS (WEST) LTD.,485.65,485.65,485.65,485.65,485.65,462.55,,574.95,,,8,3885.00,1,F1,1,,,,,
2026-07-24,2026-07-24,CM,BSE,STK,533227,INE926K01017,AHLEAST,B,,,,,ASIAN HOTELS (EAST) LTD.,150.00,150.75,144.00,149.55,150.75,149.35,,146.61,,,1717,252861.00,97,F1,1,,,,,
2026-07-24,2026-07-24,CM,BSE,STK,533229,INE933K01021,BAJAJCON,A,,,,,BAJAJ CONSUMER CARE LIMITED,557.70,558.80,540.50,551.10,552.80,555.65,,549.80,,,24215,13321814.00,683,F1,1,,,,,
2026-07-24,2026-07-24,CM,BSE,STK,533230,INF179KC1981,HDFCGOLD,E,,,,,HDFC MUTUAL FUND - HDFC GOLD E,121.32,122.07,120.63,121.82,121.82,122.68,,121.79,,,135072,16371134.00,1182,F1,1,,,,,
2026-07-24,2026-07-24,CM,BSE,STK,533239,INE696K01024,PRAKASHSTL,B,,,,,PRAKASH STEELAGE LTD.,4.02,4.05,3.99,4.04,4.04,4.02,,4.01,,,17181,69039.00,74,F1,1,,,,,
2026-07-24,2026-07-24,CM,BSE,STK,533244,INF109KC1NT3,GOLDIETF,E,,,,,ICICI Prudential Gold ETF,122.81,122.81,120.14,122.05,122.05,122.90,,122.05,,,154292,18746555.00,2221,F1,1,,,,,
2026-07-24,2026-07-24,CM,BSE,STK,533248,INE517F01014,GPPL,A,,,,,GUJARAT PIPAVAV PORT LTD.,147.20,149.50,146.75,149.20,148.60,147.20,,149.23,,,57907,8591733.00,1348,F1,1,,,,,
2026-07-24,2026-07-24,CM,BSE,STK,533252,INE389K01018,WELINV,T,,,,,WELSPUN INVESTMENTS AND COMMER,1832.00,1900.00,1832.00,1900.00,1900.00,1816.75,,1899.00,,,5,9389.00,4,F1,1,,,,,
2026-07-24,2026-07-24,CM,BSE,STK,533257,INE866K01023,WAAREEINDO,B,,,,,INDOSOLAR LTD.,352.45,352.45,352.45,352.45,352.45,371.00,,352.65,,,7298,2572180.00,203,F1,1,,,,,
2026-07-24,2026-07-24,CM,BSE,STK,533259,INE019J01013,HEALTHX,B,,,,,HEALTH X PLATFORM LIMITED,307.90,316.45,303.00,316.45,316.45,318.15,,313.15,,,245,76351.00,17,F1,1,,,,,
2026-07-24,2026-07-24,CM,BSE,STK,533260,INE521J01018,CPCAP,T,,,,,CP CAPITAL LIMITED,108.95,108.95,104.50,104.50,104.50,108.95,,108.49,,,250,26250.00,5,F1,1,,,,,
2026-07-24,2026-07-24,CM,BSE,STK,533262,INE874I01013,RAMKY,B,,,,,RAMKY INFRASTRUCTURE LTD.,370.15,374.70,368.70,370.85,369.00,372.25,,371.10,,,1884,699037.00,100,F1,1,,,,,
2026-07-24,2026-07-24,CM,BSE,STK,533263,INE999K01014,GREENPOWER,B,,,,,ORIENT GREEN POWER COMPANY LTD,9.88,10.14,9.75,10.03,10.03,10.00,,10.03,,,192748,1915892.00,772,F1,1,,,,,
2026-07-24,2026-07-24,CM,BSE,STK,533267,INE068L01024,CANTABIL,B,,,,,CANTABIL RETAIL INDIA LTD.,240.10,242.25,235.20,240.25,241.00,241.35,,239.84,,,4672,1110925.00,219,F1,1,,,,,
2026-07-24,2026-07-24,CM,BSE,STK,533268,INE351L01016,SEATV,X,,,,,SEA TV NETWORK LTD.,2.85,2.85,2.71,2.75,2.75,2.85,,2.75,,,403,1109.00,9,F1,1,,,,,
2026-07-24,2026-07-24,CM,BSE,STK,533269,INE956G01038,WABAG,A,,,,,VA TECH WABAG LTD.,2049.50,2065.55,2010.45,2042.05,2042.05,2058.75,,2041.30,,,26073,53120124.00,1348,F1,1,,,,,
2026-07-24,2026-07-24,CM,BSE,STK,533271,INE442H01029,ASHOKA,A,,,,,ASHOKA BUILDCON LTD.,121.05,121.15,119.30,120.75,121.00,120.50,,120.86,,,39756,4780250.00,660,F1,1,,,,,
2026-07-24,2026-07-24,CM,BSE,STK,533272,INE209L01016,JWL,A,,,,,JUPITER WAGONS LIMITED,244.00,248.05,242.00,246.70,246.70,245.85,,246.55,,,72041,17608519.00,1634,F1,1,,,,,
2026-07-24,2026-07-24,CM,BSE,STK,533273,INE093I01010,OBEROIRLTY,A,,,,,OBEROI REALTY LTD.,1810.30,1828.05,1785.05,1820.10,1811.60,1819.35,,1821.20,,,10606,19103890.00,1136,F1,1,,,,,
2026-07-24,2026-07-24,CM,BSE,STK,533274,INE811K01011,PRESTIGE,A,,,,,PRESTIGE ESTATES PROJECTS LTD.,1621.90,1621.90,1579.75,1592.10,1599.00,1622.95,,1592.80,,,82446,130880054.00,1473,F1,1,,,,,
2026-07-24,2026-07-24,CM,BSE,STK,533275,INE482J01021,SHAH,B,,,,,SHAH METACORP LIMITED,5.00,5.13,4.18,4.46,4.46,4.75,,4.37,,,2377501,11750696.00,1335,F1,1,,,,,
2026-07-24,2026-07-24,CM,BSE,STK,533278,INE522F01014,COALINDIA,A,,,,,COAL INDIA LTD.,427.05,428.85,424.80,427.25,427.25,427.05,,427.40,,,227068,96862361.00,4277,F1,1,,,,,
2026-07-24,2026-07-24,CM,BSE,STK,533282,INE024L01027,GRAVITA,A,,,,,GRAVITA INDIA LTD.,1749.55,1782.80,1713.70,1775.35,1775.35,1755.05,,1775.70,,,8033,14015894.00,601,F1,1,,,,,
2026-07-24,2026-07-24,CM,BSE,STK,533284,INE324L01013,RPPINFRA,B,,,,,RPP INFRA PROJECTS LTD.,62.00,62.00,60.59,61.11,60.95,61.53,,61.47,,,2557,156048.00,36,F1,1,,,,,
2026-07-24,2026-07-24,CM,BSE,STK,533285,INE245L01028,RDBIPL,B,,,,,RDB INFRASTRUCTURE AND POWER L,15.28,15.39,14.50,15.39,15.39,14.66,,15.39,,,279879,4294846.00,267,F1,1,,,,,
2026-07-24,2026-07-24,CM,BSE,STK,533286,INE490G01020,MOIL,A,,,,,MOIL LTD.,262.55,270.10,258.45,268.55,268.55,265.65,,268.85,,,58349,15384151.00,1086,F1,1,,,,,
2026-07-24,2026-07-24,CM,BSE,STK,533287,INE565L01011,ZEELEARN,T,,,,,ZEE LEARN LTD.,7.90,8.15,7.90,8.09,8.03,8.10,,8.02,,,30590,247348.00,112,F1,1,,,,,
2026-07-24,2026-07-24,CM,BSE,STK,533289,INE096L01025,KTIL,X,,,,,KESAR TERMINALS & INFRASTRUCTU,61.79,62.00,60.00,62.00,62.00,62.00,,62.00,,,1574,97140.00,14,F1,1,,,,,
2026-07-24,2026-07-24,CM,BSE,STK,533292,INE619I01012,A2ZINFRA,B,,,,,A2Z INFRA ENGINEERING LIMITED,12.20,12.75,12.03,12.45,12.56,12.20,,12.46,,,17828,217730.00,89,F1,1,,,,,
2026-07-24,2026-07-24,CM,BSE,STK,533293,INE146L01010,KIRLOSENG,A,,,,,KIRLOSKAR OIL ENGINES LTD.,2152.10,2208.00,2136.20,2181.55,2160.00,2183.05,,2182.40,,,19656,42524692.00,1674,F1,1,,,,,
2026-07-24,2026-07-24,CM,BSE,STK,533294,INE722J01012,RKDL,B,,,,,RAVI KUMAR DISTILLERIES LTD.,19.00,20.00,19.00,20.00,20.00,19.74,,19.91,,,311,6171.00,10,F1,1,,,,,
2026-07-24,2026-07-24,CM,BSE,STK,533295,INE608A01012,PSB,B,,,,,PUNJAB & SIND BANK,24.08,24.20,23.42,23.76,23.85,24.12,,23.77,,,59807,1415880.00,609,F1,1,,,,,
2026-07-24,2026-07-24,CM,BSE,STK,533296,INE360L01017,FMNL,T,,,,,FUTURE MARKET NETWORKS LTD.,9.14,9.99,9.12,9.48,9.55,9.59,,9.22,,,10978,100683.00,28,F1,1,,,,,
2026-07-24,2026-07-24,CM,BSE,STK,533298,INE272L01022,SURANASOL,B,,,,,SURANA SOLAR LTD.,25.15,26.70,25.15,26.45,26.70,26.20,,26.28,,,9565,250416.00,108,F1,1,,,,,
2026-07-24,2026-07-24,CM,BSE,STK,533301,INE268L01046,SHEKHAWATI,T,,,,,SHEKHAWATI INDUSTRIES LIMITED,11.80,11.85,11.80,11.83,11.85,11.64,,11.79,,,232,2740.00,6,F1,1,,,,,
2026-07-24,2026-07-24,CM,BSE,STK,533302,INE029L01018,KICL,B,,,,,KALYANI INVESTMENT COMPANY LTD,5344.50,5344.50,5251.95,5335.75,5335.75,5373.00,,5299.00,,,22,116463.00,17,F1,1,,,,,
2026-07-24,2026-07-24,CM,BSE,STK,533303,INE878K01010,BFINVEST,B,,,,,BF INVESTMENT LTD.,451.10,463.00,440.00,458.45,463.00,450.95,,460.00,,,3668,1653941.00,199,F1,1,,,,,
2026-07-24,2026-07-24,CM,BSE,STK,533316,INE577L01016,STEL,B,,,,,STEL HOLDINGS LIMITED,543.00,559.80,528.50,548.75,554.90,543.00,,555.50,,,67,36659.00,21,F1,1,,,,,
2026-07-24,2026-07-24,CM,BSE,STK,533326,INE621L01012,TEXRAIL,A,,,,,TEXMACO RAIL & ENGINEERING LTD,109.15,110.35,106.85,110.00,110.35,109.30,,110.08,,,112497,12204293.00,1110,F1,1,,,,,
2026-07-24,2026-07-24,CM,BSE,STK,533329,INE611L01021,INDTERRAIN,B,,,,,INDIAN TERRAIN FASHIONS LTD.,29.60,29.89,28.50,29.40,29.40,28.65,,29.26,,,306,9068.00,6,F1,1,,,,,
2026-07-24,2026-07-24,CM,BSE,STK,533333,INE045J01034,FCL,B,,,,,FINEOTEX CHEMICAL LTD.,43.50,43.50,39.00,39.62,39.62,41.93,,39.59,,,2774759,112257534.00,6748,F1,1,,,,,
2026-07-24,2026-07-24,CM,BSE,STK,533336,INE320L01011,DHUNINV,B,,,,,DHUNSERI INVESTMENTS LTD.,865.00,949.90,865.00,932.40,932.40,890.00,,865.05,,,6,5342.00,3,F1,1,,,,,
2026-07-24,2026-07-24,CM,BSE,STK,533339,INE251B01027,ZENTEC,A,,,,,ZEN TECHNOLOGIES LTD.,1781.15,1793.55,1750.95,1769.50,1770.65,1801.35,,1768.80,,,37711,66546574.00,2812,F1,1,,,,,
2026-07-24,2026-07-24,CM,BSE,STK,533343,INE597L01014,LOVABLE,B,,,,,LOVABLE LINGERIE LTD.,72.00,72.39,71.03,72.08,72.30,72.05,,71.97,,,946,68026.00,78,F1,1,,,,,
2026-07-24,2026-07-24,CM,BSE,STK,533344,INE560K01014,PFS,B,,,,,PTC INDIA FINANCIAL SERVICES L,29.19,29.51,28.96,29.23,29.20,29.59,,29.28,,,22425,655549.00,272,F1,1,,,,,
2026-07-24,2026-07-24,CM,BSE,STK,533385,INF247L01AP3,MON100,E,,,,,MOTILAL OSWAL MOST SHARES NASD,328.15,328.15,323.76,328.15,328.15,328.84,,328.15,,,26188,8559716.00,1236,F1,1,,,,,
2026-07-24,2026-07-24,CM,BSE,STK,533398,INE414G01012,MUTHOOTFIN,A,,,,,MUTHOOT FINANCE LTD.,2985.00,2999.50,2925.10,2986.10,2986.10,3009.95,,2986.70,,,29821,88178615.00,3566,F1,1,,,,,
2026-07-24,2026-07-24,CM,BSE,STK,533407,INE672K01025,TRUEGREEN,XT,,,,,TRUE GREEN BIO ENERGY LIMITED,182.00,191.25,182.00,185.35,182.50,186.50,,185.35,,,6402,1182120.00,30,F1,1,,,,,
2026-07-24,2026-07-24,CM,BSE,STK,533408,INF209KB18D3,BSLGOLDETF,E,,,,,Aditya Birla Sun Life Mutual F,125.74,125.86,124.30,125.29,125.73,126.39,,125.47,,,3985,498607.00,74,F1,1,,,,,
2026-07-24,2026-07-24,CM,BSE,STK,533427,INE932K01015,VMS,X,,,,,VMS INDUSTRIES LTD.,21.22,21.97,20.55,21.16,21.39,21.79,,21.16,,,25691,546104.00,190,F1,1,,,,,
2026-07-24,2026-07-24,CM,BSE,STK,533451,INE725L01011,KARMAENG,B,,,,,KARMA ENERGY LTD.,37.21,38.50,37.20,37.94,38.50,38.50,,38.13,,,183,6942.00,5,F1,1,,,,,
2026-07-24,2026-07-24,CM,BSE,STK,533452,INE726L01027,DELPHIFX,T,,,,,DELPHI WORLD MONEY LIMITED,6.97,6.97,6.69,6.80,6.89,6.97,,6.83,,,39112,265943.00,43,F1,1,,,,,
2026-07-24,2026-07-24,CM,BSE,STK,533470,INE573K01025,RUSHIL,B,,,,,RUSHIL DECOR LTD.,17.14,18.20,16.51,17.98,17.98,16.98,,17.76,,,36622,638709.00,264,F1,1,,,,,
2026-07-24,2026-07-24,CM,BSE,STK,533477,INE130L01014,ENKEIWHEL,X,,,,,ENKEI WHEELS (INDIA) LTD.,369.95,369.95,358.15,364.70,359.10,360.30,,364.70,,,2978,1087597.00,72,F1,1,,,,,
2026-07-24,2026-07-24,CM,BSE,STK,533482,INE524L01026,KRIDHANINF,T,,,,,KRIDHAN INFRA LIMITED,2.45,2.47,2.36,2.46,2.46,2.45,,2.44,,,384,941.00,12,F1,1,,,,,
2026-07-24,2026-07-24,CM,BSE,STK,533506,INE878H01024,INVENTURE,B,,,,,INVENTURE GROWTH & SECURITIES,0.89,0.90,0.88,0.90,0.89,0.90,,0.89,,,125099,111348.00,120,F1,1,,,,,
2026-07-24,2026-07-24,CM,BSE,STK,533519,INE498L01015,LTF,A,,,,,L&T Finance Limited,302.55,304.70,297.10,302.40,302.40,305.15,,302.40,,,172931,51981839.00,3915,F1,1,,,,,
2026-07-24,2026-07-24,CM,BSE,STK,533520,INE126M01010,IBULLSLTD,T,,,,,Indiabulls Limited,29.50,30.89,28.01,30.67,30.46,29.42,,30.54,,,797313,23851844.00,1778,F1,1,,,,,
2026-07-24,2026-07-24,CM,BSE,STK,533540,INE040M01013,TREEHOUSE,B,,,,,TREE HOUSE EDUCATION & ACCESSO,6.37,6.65,6.03,6.31,6.37,6.20,,6.35,,,6755,43779.00,38,F1,1,,,,,
2026-07-24,2026-07-24,CM,BSE,STK,533543,INE650L01011,BROOKS,T,,,,,BROOKS LABORATORIES LTD.,65.01,65.01,64.15,64.20,64.99,67.52,,64.09,,,2021,129982.00,30,F1,1,,,,,
2026-07-24,2026-07-24,CM,BSE,STK,533552,INE895B01021,RUPA,B,,,,,RUPA & COMPANY LTD.,162.70,164.65,160.65,163.25,163.90,162.50,,163.19,,,2388,387345.00,52,F1,1,,,,,
2026-07-24,2026-07-24,CM,BSE,STK,533553,INE419M01027,TDPOWERSYS,A,,,,,T D POWER SYSTEMS LTD.,1126.30,1143.40,1109.95,1113.50,1113.50,1140.00,,1113.60,,,44749,50189354.00,2711,F1,1,,,,,
2026-07-24,2026-07-24,CM,BSE,STK,533570,INF846K01W80,GOLDAXIS,E,,,,,AXIS MUTUAL FUND - AXIS GOLD E,116.56,118.89,116.56,118.78,118.80,119.55,,118.70,,,47096,5557911.00,1265,F1,1,,,,,
2026-07-24,2026-07-24,CM,BSE,STK,533573,INE901L01018,APLLTD,A,,,,,ALEMBIC PHARMACEUTICALS LTD.,798.90,802.05,790.35,796.50,795.95,794.05,,797.60,,,3017,2403512.00,261,F1,1,,,,,
2026-07-24,2026-07-24,CM,BSE,STK,533576,INE590L01019,VASWANI,B,,,,,VASWANI INDUSTRIES LTD.,56.80,56.80,51.53,53.45,53.45,52.14,,52.52,,,545,28420.00,22,F1,1,,,,,
2026-07-24,2026-07-24,CM,BSE,STK,533581,INE457L01029,PGEL,A,,,,,PG ELECTROPLAST LTD.,570.35,575.75,560.95,572.00,572.00,576.70,,572.40,,,82402,46864144.00,2262,F1,1,,,,,
2026-07-24,2026-07-24,CM,BSE,STK,533602,INE050L01048,LESHAIND,X,,,,,LESHA INDUSTRIES LTD.,0.76,0.78,0.76,0.78,0.78,0.77,,0.78,,,139425,107692.00,106,F1,1,,,,,
2026-07-24,2026-07-24,CM,BSE,STK,533605,INE023M01027,SETUINFRA,Z,,,,,SETUBANDHAN INFRASTRUCTURE LIM,0.44,0.44,0.42,0.44,0.44,0.43,,0.44,,,4854,2079.00,7,F1,1,,,,,
2026-07-24,2026-07-24,CM,BSE,STK,533608,INE123M01017,RDBRL,X,,,,,RDB RASAYANS LTD.,166.75,166.75,157.00,160.95,164.00,163.15,,160.95,,,2121,342943.00,70,F1,1,,,,,
2026-07-24,2026-07-24,CM,BSE,STK,533629,INE440L01017,TIJARIA,B,,,,,TIJARIA POLYPIPES LTD.,4.34,4.74,4.32,4.72,4.70,4.34,,4.66,,,22854,106595.00,136,F1,1,,,,,
2026-07-24,2026-07-24,CM,BSE,STK,533632,INE912L01015,ONELIFECAP,T,,,,,ONELIFE CAPITAL ADVISORS LTD.,36.55,37.15,36.50,37.09,37.00,37.39,,36.55,,,9148,336501.00,24,F1,1,,,,,
2026-07-24,2026-07-24,CM,BSE,STK,533638,INE060J01017,FLEXITUFF,T,,,,,FLEXITUFF VENTURES INTERNATION,4.59,4.80,4.59,4.65,4.65,4.83,,4.59,,,592,2824.00,5,F1,1,,,,,
2026-07-24,2026-07-24,CM,BSE,STK,533644,INE899L01030,UEL,B,,,,,UJAAS ENERGY LIMITED,121.20,121.20,119.10,120.05,120.05,119.95,,119.98,,,45,5392.00,13,F1,1,,,,,
2026-07-24,2026-07-24,CM,BSE,STK,533655,INE152M01016,TRITURBINE,A,,,,,TRIVENI TURBINE LTD.,608.95,617.85,599.50,611.60,612.70,609.75,,611.80,,,32865,19999812.00,1169,F1,1,,,,,
2026-07-24,2026-07-24,CM,BSE,STK,533676,INE337M01021,INDOTHAI,B,,,,,INDO THAI SECURITIES LTD.,218.40,221.55,215.00,216.15,216.35,217.45,,216.30,,,49348,10773469.00,648,F1,1,,,,,
2026-07-24,2026-07-24,CM,BSE,STK,533704,INE122M01019,ESSARSHPNG,B,,,,,ESSAR SHIPPING LTD.,20.06,20.38,19.60,20.03,20.03,20.06,,20.11,,,13804,276096.00,249,F1,1,,,,,
2026-07-24,2026-07-24,CM,BSE,STK,533719,INF767K01SM1,LICMFGOLD,E,,,,,LIC MUTUAL FUND - LIC MF GOLD,128.28,128.84,127.00,128.53,128.53,129.34,,128.70,,,8821,1122100.00,117,F1,1,,,,,
2026-07-24,2026-07-24,CM,BSE,STK,533758,INE702C01027,APLAPOLLO,A,,,,,APL APOLLO TUBES LTD.,1820.00,1833.50,1798.35,1825.70,1818.20,1830.90,,1822.90,,,10549,19181951.00,1188,F1,1,,,,,
2026-07-24,2026-07-24,CM,BSE,STK,533761,INE390G01014,GPTINFRA,B,,,,,GPT INFRAPROJECTS LTD.,113.95,119.25,112.85,116.65,118.45,114.30,,116.48,,,6368,734327.00,134,F1,1,,,,,
2026-07-24,2026-07-24,CM,BSE,STK,533896,INE258M01011,FERVENTSYN,X,,,,,FERVENT SYNERGIES LTD.,16.40,16.87,15.22,16.08,16.10,15.72,,16.08,,,1412,22532.00,21,F1,1,,,,,
2026-07-24,2026-07-24,CM,BSE,STK,533941,INE480M01011,THOMASCOTT,B,,,,,THOMAS SCOTT (INDIA) LIMITED,289.55,310.00,284.00,307.75,310.00,288.70,,307.10,,,1349,402484.00,103,F1,1,,,,,
2026-07-24,2026-07-24,CM,BSE,STK,533982,INE482B01010,TERASOFT,B,,,,,TERA SOFTWARE LTD.,370.05,394.00,370.05,391.75,394.00,379.95,,393.55,,,1487,572163.00,402,F1,1,,,,,
2026-07-24,2026-07-24,CM,BSE,STK,534060,INE793G01035,PMCFIN,X,,,,,PMC FINCORP LIMITED,1.72,1.73,1.70,1.72,1.73,1.72,,1.72,,,203914,349302.00,292,F1,1,,,,,
2026-07-24,2026-07-24,CM,BSE,STK,534064,INE123D01024,AIML,XT,,,,,ALLIANCE INTEGRATED METALIKS L,2.12,2.22,2.06,2.18,2.18,2.12,,2.18,,,69216,148986.00,199,F1,1,,,,,
2026-07-24,2026-07-24,CM,BSE,STK,534076,INE743M01012,RHIM,A,,,,,RHI MAGNESITA INDIA LIMITED,396.95,403.65,388.85,399.65,400.15,395.75,,399.00,,,53019,20985252.00,1144,F1,1,,,,,
2026-07-24,2026-07-24,CM,BSE,STK,534091,INE745G01043,MCX,A,,,,,MULTI COMMODITY EXCHANGE OF IN,2737.90,2747.65,2705.95,2729.60,2729.60,2752.30,,2730.00,,,59198,161411968.00,5547,F1,1,,,,,
2026-07-24,2026-07-24,CM,BSE,STK,534139,INE839M01018,SCHNEIDER,A,,,,,SCHNEIDER ELECTRIC INFRASTRUCT,1320.05,1370.75,1320.05,1353.70,1353.70,1344.25,,1352.80,,,20691,27837166.00,1428,F1,1,,,,,
2026-07-24,2026-07-24,CM,BSE,STK,534190,INE550L01013,OLPCL,X,,,,,OLYMPIC CARDS LTD.,3.00,3.00,2.95,2.95,2.95,3.08,,2.95,,,320,956.00,8,F1,1,,,,,
2026-07-24,2026-07-24,CM,BSE,STK,534309,INE095N01031,NBCC,A,,,,,NBCC (India) Limited,92.30,94.10,91.35,93.85,93.85,93.15,,93.84,,,486213,45017349.00,4303,F1,1,,,,,
2026-07-24,2026-07-24,CM,BSE,STK,534312,INE472M01018,MTEDUCARE,T,,,,,MT EDUCARE LTD.,1.80,1.94,1.76,1.94,1.94,1.85,,1.93,,,10676,19561.00,17,F1,1,,,,,
2026-07-24,2026-07-24,CM,BSE,STK,534328,INE750M01017,HEXATRADEX,B,,,,,HEXA TRADEX LTD.,153.50,157.00,153.00,156.00,156.00,157.40,,155.04,,,67,10354.00,7,F1,1,,,,,
2026-07-24,2026-07-24,CM,BSE,STK,534338,INE393F01010,MAXHEIGHTS,X,,,,,Max heights Infrastucture Ltd,10.52,12.09,10.52,11.23,11.23,11.87,,11.23,,,399,4788.00,13,F1,1,,,,,
2026-07-24,2026-07-24,CM,BSE,STK,534369,INE760L01018,TBZ,B,,,,,TRIBHOVANDAS BHIMJI ZAVERI LTD,264.70,267.40,255.90,259.15,259.15,267.40,,258.90,,,98181,25488543.00,1503,F1,1,,,,,
2026-07-24,2026-07-24,CM,BSE,STK,534392,INE050M01012,VSSL,B,,,,,VARDHMAN SPECIAL STEELS LTD.,296.10,297.85,288.60,296.55,296.75,297.15,,296.25,,,9437,2771282.00,202,F1,1,,,,,
2026-07-24,2026-07-24,CM,BSE,STK,534422,INE204N01013,LOOKS,XT,,,,,LOOKS HEALTH SERVICES LIMITED,9.70,9.70,9.60,9.60,9.60,9.51,,9.60,,,10712,103900.00,16,F1,1,,,,,
2026-07-24,2026-07-24,CM,BSE,STK,534425,INE247M01014,SPECIALITY,B,,,,,SPECIALITY RESTAURANTS LTD.,138.30,139.20,133.75,136.65,136.35,136.10,,137.64,,,9489,1278568.00,146,F1,1,,,,,
2026-07-24,2026-07-24,CM,BSE,STK,534532,INE142K01011,AURUS,B,,,,,AURUS GEM CORPORATION LIMITED,4.82,5.05,4.60,4.68,4.68,4.89,,4.79,,,1511,7051.00,16,F1,1,,,,,
2026-07-24,2026-07-24,CM,BSE,STK,534535,INE958L01034,META,T,,,,,STRING METAVERSE LIMITED,6.25,6.31,5.86,6.00,6.00,6.16,,6.00,,,1433747,8628025.00,1133,F1,1,,,,,
2026-07-24,2026-07-24,CM,BSE,STK,534597,INE834M01019,RTNINDIA,B,,,,,RATTANINDIA ENTERPRISES LIMITE,31.60,31.86,30.72,31.59,31.80,31.52,,31.60,,,48533,1519372.00,569,F1,1,,,,,
2026-07-24,2026-07-24,CM,BSE,STK,534598,INE735M01018,SAMPANN,B,,,,,Sampann Utpadan India Limited,26.90,27.81,26.90,27.81,27.81,27.59,,27.57,,,224,6170.00,10,F1,1,,,,,
2026-07-24,2026-07-24,CM,BSE,STK,534600,INE391J01032,JTLIND,B,,,,,JTL INDUSTRIES LIMITED,70.01,73.49,70.01,72.68,72.42,72.21,,72.64,,,79967,5742828.00,782,F1,1,,,,,
2026-07-24,2026-07-24,CM,BSE,STK,534612,INE436N01029,AMTL,X,,,,,ADVANCE METERING TECHNOLOGY LT,18.32,18.38,17.25,18.33,18.30,18.32,,18.33,,,1796,32262.00,63,F1,1,,,,,
2026-07-24,2026-07-24,CM,BSE,STK,534615,INE553C01016,NECCLTD,T,,,,,NORTH EASTERN CARRYING CORPORA,15.20,15.74,15.00,15.68,15.73,15.12,,15.48,,,1902,28903.00,12,F1,1,,,,,
2026-07-24,2026-07-24,CM,BSE,STK,534618,INE299N01021,WAAREERTL,A,,,,,WAAREE RENEWABLE TECHNOLOGIES,944.90,949.00,921.10,933.80,949.00,944.90,,932.10,,,42370,39380601.00,1884,F1,1,,,,,
2026-07-24,2026-07-24,CM,BSE,STK,534623,INE524N01014,JUPITERIN,X,,,,,JUPITER INFOMEDIA LTD.,52.50,55.55,51.95,52.13,52.98,54.60,,52.13,,,9553,504909.00,50,F1,1,,,,,
2026-07-24,2026-07-24,CM,BSE,STK,534674,INE741L01018,DUCON,B,,,,,Ducon Infratechnologies Ltd,3.00,3.11,2.91,3.06,2.95,3.01,,3.03,,,76765,229737.00,69,F1,1,,,,,
2026-07-24,2026-07-24,CM,BSE,STK,534675,INE195N01013,PROZONER,B,,,,,PROZONE REALTY LIMITED,44.90,45.50,43.10,43.76,44.00,45.05,,43.80,,,27777,1221375.00,175,F1,1,,,,,
2026-07-24,2026-07-24,CM,BSE,STK,534680,INE559N01010,SRGHFL,B,,,,,SRG HOUSING FINANCE LTD.,300.00,329.95,300.00,309.40,305.35,304.65,,309.50,,,18708,5967614.00,143,F1,1,,,,,
2026-07-24,2026-07-24,CM,BSE,STK,534691,INE456N01019,COMCL,XT,,,,,COMFORT COMMOTRADE LTD.,15.03,15.82,14.47,15.01,15.02,15.10,,15.01,,,5634,83774.00,29,F1,1,,,,,
2026-07-24,2026-07-24,CM,BSE,STK,534732,INE176N01039,CASPIAN,XT,,,,,CASPIAN CORPORATE SERVICES LIM,35.00,35.80,33.57,34.79,35.32,35.33,,34.79,,,1478,51998.00,32,F1,1,,,,,
2026-07-24,2026-07-24,CM,BSE,STK,534733,INE175N01023,AERPACE,X,,,,,Aerpace Industries Limited,37.30,37.30,35.50,35.96,35.96,36.88,,35.96,,,525949,19013756.00,883,F1,1,,,,,
2026-07-24,2026-07-24,CM,BSE,STK,534741,INE247C01023,VIRTUALG,X,,,,,VIRTUAL GLOBAL EDUCATION LTD.,0.45,0.46,0.44,0.45,0.45,0.45,,0.45,,,127417,56706.00,112,F1,1,,,,,
2026-07-24,2026-07-24,CM,BSE,STK,534742,INE840M01016,ZUARI,B,,,,,ZUARI AGRO CHEMICALS LTD.,222.15,225.60,215.00,219.85,222.30,220.65,,219.86,,,6703,1462330.00,184,F1,1,,,,,
2026-07-24,2026-07-24,CM,BSE,STK,534748,INE503B01021,STEELXIND,B,,,,,STEEL EXCHANGE INDIA LTD.,11.37,11.67,11.08,11.57,11.57,11.42,,11.57,,,172277,1945773.00,298,F1,1,,,,,
2026-07-24,2026-07-24,CM,BSE,STK,534755,INE234G01022,TRIOMERC,XT,,,,,TRIO MERCANTILE & TRADING LTD.,2.61,2.61,2.61,2.61,2.61,2.56,,2.61,,,97635,254827.00,42,F1,1,,,,,
2026-07-24,2026-07-24,CM,BSE,STK,534796,INE198N01017,CDG,XT,,,,,CDG PETCHEM LIMITED,279.80,289.80,279.50,289.80,289.80,294.00,,289.80,,,390,109181.00,9,F1,1,,,,,
2026-07-24,2026-07-24,CM,BSE,STK,534804,INE752H01013,CARERATING,A,,,,,CARE Ratings Limited,1747.95,1747.95,1652.95,1680.10,1683.00,1728.70,,1680.00,,,2186,3697930.00,308,F1,1,,,,,
2026-07-24,2026-07-24,CM,BSE,STK,534809,INE785M01021,PCJEWELLER,A,,,,,PC JEWELLER LTD.,9.36,9.52,9.15,9.30,9.30,9.36,,9.28,,,11720311,109599010.00,6417,F1,1,,,,,
2026-07-24,2026-07-24,CM,BSE,STK,534816,INE121J01017,INDUSTOWER,A,,,,,INDUS TOWERS LIMITED,387.05,395.70,385.30,394.40,395.40,390.15,,394.60,,,81890,32032412.00,1753,F1,1,,,,,
2026-07-24,2026-07-24,CM,BSE,STK,534920,INE899M01020,ISERA,XT,,,,,iSERA LIFESCIENCES LIMITED,143.90,143.90,143.90,143.90,143.90,143.90,,143.90,,,968,139295.00,3,F1,1,,,,,
2026-07-24,2026-07-24,CM,BSE,STK,534976,INE665J01013,VMART,A,,,,,V-MART RETAIL LTD.,763.00,788.80,714.40,726.00,726.00,759.55,,724.70,,,46237,35215181.00,1884,F1,1,,,,,
2026-07-24,2026-07-24,CM,BSE,STK,535136,INE149O01018,NIBE,B,,,,,NIBE LIMITED,1480.00,1515.00,1475.00,1501.70,1503.75,1507.65,,1504.20,,,4284,6396254.00,391,F1,1,,,,,
2026-07-24,2026-07-24,CM,BSE,STK,535204,INE160O01031,MUKTA,X,,,,,Mukta Agriculture Limited,2.75,3.20,2.75,2.76,2.76,2.75,,2.76,,,8235,24488.00,16,F1,1,,,,,
2026-07-24,2026-07-24,CM,BSE,STK,535205,INE159O01033,MYSTICELE,X,,,,,Mystic Electronics Limited,3.35,3.54,3.25,3.50,3.50,3.33,,3.50,,,15916,55497.00,31,F1,1,,,,,
2026-07-24,2026-07-24,CM,BSE,STK,535267,INE274M01026,COMFINCAP,X,,,,,COMFORT FINCAP LTD.,7.55,7.55,7.40,7.47,7.47,7.43,,7.47,,,3705,27551.00,25,F1,1,,,,,
2026-07-24,2026-07-24,CM,BSE,STK,535276,INF200K01VT2,SBISENSEX,A,,,,,SBI MUTUAL FUND - SBI ETF SENS,849.95,849.95,840.61,848.52,847.02,850.07,,848.52,,,8270,6987159.00,504,F1,1,,,,,
2026-07-24,2026-07-24,CM,BSE,STK,535322,INE612J01015,REPCOHOME,B,,,,,REPCO HOME FINANCE LTD.,387.85,391.85,384.55,389.20,388.50,390.40,,388.40,,,282191,108929112.00,106,F1,1,,,,,
2026-07-24,2026-07-24,CM,BSE,STK,535387,INE191O01010,LAKHOTIA,X,,,,,LAKHOTIA POLYESTERS (INDIA) LT,62.88,62.88,58.10,58.10,58.10,57.61,,58.10,,,698,42138.00,18,F1,1,,,,,
2026-07-24,2026-07-24,CM,BSE,STK,535431,INE168O01026,GCMSECU,B,,,,,GCM SECURITIES LTD,0.70,0.70,0.67,0.69,0.70,0.70,,0.69,,,29903,20406.00,55,F1,1,,,,,
2026-07-24,2026-07-24,CM,BSE,STK,535458,INE047O01014,NIBL,B,,,,,NRB INDUSTRIAL BEARINGS LTD.,34.38,38.02,34.38,36.50,36.50,35.08,,36.98,,,8501,313808.00,349,F1,1,,,,,
2026-07-24,2026-07-24,CM,BSE,STK,535514,INE748D01010,PRIMECAPM,XT,,,,,PRIME CAPITAL MARKET LTD.,6.55,6.85,6.55,6.85,6.85,6.85,,6.85,,,101,676.00,5,F1,1,,,,,
2026-07-24,2026-07-24,CM,BSE,STK,535566,INE902D01013,KIFS,X,,,,,KIFS FINANCIAL SERVICES LTD.,113.85,113.85,113.00,113.00,113.00,106.00,,113.00,,,16,1812.00,7,F1,1,,,,,
2026-07-24,2026-07-24,CM,BSE,STK,535601,INE099F01013,SREEL,B,,,,,SREELEATHERS LTD.,221.95,232.00,221.00,227.15,227.10,221.95,,227.96,,,1390,317859.00,126,F1,1,,,,,
2026-07-24,2026-07-24,CM,BSE,STK,535602,INE597I01028,SHARDAMOTR,B,,,,,SHARDA MOTOR INDUSTRIES LTD,819.25,833.70,815.70,824.75,824.65,829.25,,826.45,,,1615,1330255.00,117,F1,1,,,,,
2026-07-24,2026-07-24,CM,BSE,STK,535621,INE159L01013,SVGLOBAL,X,,,,,S V GLOBAL MILL LTD.,119.60,119.60,119.60,119.60,119.60,125.00,,119.60,,,101,12079.00,3,F1,1,,,,,
2026-07-24,2026-07-24,CM,BSE,STK,535648,INE599M01018,JUSTDIAL,A,,,,,JUST DIAL LTD.,729.95,733.40,700.85,729.60,729.80,723.90,,728.95,,,22336,16001165.00,680,F1,1,,,,,
2026-07-24,2026-07-24,CM,BSE,STK,535657,INE860E01011,OONE,X,,,,,OBJECTONE INFORMATION SYSTEMS,6.80,6.80,6.80,6.80,6.80,6.80,,6.80,,,16,108.00,3,F1,1,,,,,
2026-07-24,2026-07-24,CM,BSE,STK,535667,INE474O01010,IFINSEC,X,,,,,INDIA FINSEC LTD.,228.40,228.40,228.40,228.40,228.40,229.50,,228.40,,,7,1598.00,1,F1,1,,,,,
2026-07-24,2026-07-24,CM,BSE,STK,535693,INE320I01017,BRAHMINFRA,X,,,,,BRAHMAPUTRA INFRASTRUCTURE LTD,160.65,166.55,160.65,164.00,164.00,163.45,,164.00,,,2122,346879.00,100,F1,1,,,,,
2026-07-24,2026-07-24,CM,BSE,STK,535719,INE989J01017,AMPVOLTS,XT,,,,,AMPVOLTS LIMITED,27.23,27.23,26.30,26.37,27.15,26.81,,26.37,,,5407,144978.00,40,F1,1,,,,,
2026-07-24,2026-07-24,CM,BSE,STK,535730,INE731G01027,KHOOBSURAT,X,,,,,KHOOBSURAT LTD,0.50,0.52,0.50,0.52,0.52,0.50,,0.52,,,1103983,562634.00,168,F1,1,,,,,
2026-07-24,2026-07-24,CM,BSE,STK,535754,INE876N01018,ORIENTCEM,B,,,,,ORIENT CEMENT LTD,131.10,134.75,130.75,133.45,134.75,134.40,,133.79,,,21677,2855311.00,362,F1,1,,,,,
2026-07-24,2026-07-24,CM,BSE,STK,535755,INE647O01011,ABFRL,A,,,,,Aditya Birla Fashion and Retai,55.96,56.85,54.96,56.30,56.26,56.03,,56.25,,,221308,12300018.00,1986,F1,1,,,,,
2026-07-24,2026-07-24,CM,BSE,STK,535789,INE148I01020,SAMMAANCAP,A,,,,,Sammaan Capital Limited,157.40,160.90,154.50,160.70,160.55,158.00,,160.64,,,642058,100939216.00,3828,F1,1,,,,,
2026-07-24,2026-07-24,CM,BSE,STK,535910,INE340O01021,MMLF,B,,,,,MONEY MASTERS LEASING & FINANC,0.65,0.68,0.65,0.68,0.68,0.65,,0.68,,,11220,7581.00,18,F1,1,,,,,
2026-07-24,2026-07-24,CM,BSE,STK,535916,INE030P01017,ALSL,B,,,,,ALACRITY SECURITIES LTD,66.10,66.55,64.45,66.10,66.47,65.70,,66.10,,,6040,397724.00,68,F1,1,,,,,
2026-07-24,2026-07-24,CM,BSE,STK,535958,INE418N01035,ESSENTIA,T,,,,,Integra Essentia Limited,1.13,1.13,1.11,1.11,1.11,1.14,,1.11,,,299265,334312.00,201,F1,1,,,,,
2026-07-24,2026-07-24,CM,BSE,STK,536073,INE890N01027,JULIEN,X,,,,,JULIEN AGRO INFRATECH LIMITED,1.26,1.27,1.20,1.26,1.26,1.26,,1.26,,,128148,159331.00,152,F1,1,,,,,
2026-07-24,2026-07-24,CM,BSE,STK,536264,INE906O01029,TIGERLOGS,T,,,,,TIGER LOGISTICS (INDIA) LTD,31.00,31.45,31.00,31.36,31.36,30.82,,31.40,,,586,18354.00,12,F1,1,,,,,
2026-07-24,2026-07-24,CM,BSE,STK,536493,INE690O01011,JKAGRI,X,,,,,JK AGRI GENETICS LTD,311.00,329.00,304.10,326.65,325.00,317.40,,326.65,,,250,81601.00,12,F1,1,,,,,
2026-07-24,2026-07-24,CM,BSE,STK,536507,INE452O01016,FLFL,Z,,,,,FUTURE LIFESTYLE FASHIONS LTD,1.36,1.44,1.35,1.44,1.44,1.39,,1.40,,,2061,2936.00,7,F1,1,,,,,
2026-07-24,2026-07-24,CM,BSE,STK,536565,INE314I01036,NOVELIX,XT,,,,,NOVELIX PHARMACEUTICALS LIMITE,70.00,70.00,68.00,69.99,69.99,70.65,,69.99,,,277,19379.00,9,F1,1,,,,,
2026-07-24,2026-07-24,CM,BSE,STK,536659,INE428B01021,PVVINFRA,X,,,,,PVV Infra Limited,3.56,3.69,3.50,3.53,3.53,3.54,,3.53,,,642225,2306801.00,274,F1,1,,,,,
2026-07-24,2026-07-24,CM,BSE,STK,536672,INE962O01014,VCU,XT,,,,,VCU DATA MANAGEMENT LTD,7.75,7.75,7.35,7.54,7.60,7.58,,7.54,,,2232,16941.00,37,F1,1,,,,,
2026-07-24,2026-07-24,CM,BSE,STK,536709,INE138O01029,INDRENEW,Z,,,,,IND Renewable Energy Ltd,12.56,13.26,12.56,13.01,13.00,13.22,,13.01,,,4851,63063.00,30,F1,1,,,,,
2026-07-24,2026-07-24,CM,BSE,STK,536710,INE326P01019,SRGFFL,M,,,,,SRG FINGROW FINANCE LIMITED,24.00,28.99,24.00,26.00,26.00,24.80,,26.00,,,18000,461700.00,6,F1,3000,,,,,
2026-07-24,2026-07-24,CM,BSE,STK,536773,INE147P01019,JPOLYINVST,B,,,,,JINDAL POLY INVESTMENT AND FIN,1025.00,1039.25,1012.70,1023.05,1023.05,1017.85,,1029.00,,,158,161941.00,66,F1,1,,,,,
2026-07-24,2026-07-24,CM,BSE,STK,536846,INE156M01017,YURANUS,X,,,,,YURANUS INFRASTRUCTURE LTD,85.50,94.50,85.50,94.50,94.50,90.00,,94.50,,,25405,2180090.00,19,F1,1,,,,,
2026-07-24,2026-07-24,CM,BSE,STK,536960,INF247L01023,MOM100,B,,,,,MOTILAL OSWAL MUTUAL FUND - MO,66.68,66.88,65.84,66.61,66.72,66.52,,66.54,,,18111,1199753.00,226,F1,1,,,,,
2026-07-24,2026-07-24,CM,BSE,STK,536974,INE536P01021,CPL,B,,,,,CAPTAIN POLYPLAST LTD,69.00,70.90,68.56,70.51,70.51,71.25,,70.11,,,13583,945595.00,149,F1,1,,,,,
2026-07-24,2026-07-24,CM,BSE,STK,537007,INF109K012R6,NIFTYIETF,B,,,,,ICICI Prudential Nifty ETF,269.30,270.39,268.05,269.78,270.05,270.26,,269.76,,,14118,3800524.00,717,F1,1,,,,,
2026-07-24,2026-07-24,CM,BSE,STK,537008,INF109KC16V9,NIF100IETF,B,,,,,ICICI Prudential Nifty 100 ETF,27.47,28.49,27.47,27.95,27.94,27.75,,27.67,,,889,24619.00,36,F1,1,,,,,
2026-07-24,2026-07-24,CM,BSE,STK,537069,INE185K01036,ARNOLD,X,,,,,ARNOLD HOLDINGS LTD,12.25,12.50,11.89,12.25,12.25,12.28,,12.25,,,509893,6065367.00,70,F1,1,,,,,
2026-07-24,2026-07-24,CM,BSE,STK,537253,INE671C01016,SUNLOC,X,,,,,SUNIL HEALTHCARE LTD,72.50,72.50,72.25,72.25,72.25,71.15,,72.25,,,2,144.00,2,F1,1,,,,,
2026-07-24,2026-07-24,CM,BSE,STK,537259,INE442P01014,SUYOG,B,,,,,SUYOG TELEMATICS LTD,835.05,854.95,827.95,854.30,854.30,840.00,,850.45,,,136,115051.00,57,F1,1,,,,,
2026-07-24,2026-07-24,CM,BSE,STK,537291,INE448G01010,NATHBIOGEN,B,,,,,NATH BIO-GENES (INDIA) LTD,155.30,162.70,155.30,159.75,162.70,154.55,,161.13,,,1208,193606.00,40,F1,1,,,,,
2026-07-24,2026-07-24,CM,BSE,STK,537326,INE212P01011,CHEMTECH,X,,,,,CHEMTECH INDUSTRIAL VALVES LTD,71.80,73.90,70.00,70.47,72.20,72.20,,70.47,,,4062,288123.00,48,F1,1,,,,,
2026-07-24,2026-07-24,CM,BSE,STK,537483,INF204K014N5,NIF100BEES,B,,,,,NIPPON INDIA ETF NIFTY 100,262.84,265.18,261.74,263.86,263.20,263.97,,263.61,,,2107,554059.00,278,F1,1,,,,,
2026-07-24,2026-07-24,CM,BSE,STK,537536,INE051G01012,DENISCHEM,X,,,,,DENIS CHEM LAB LTD,71.30,71.35,68.00,69.79,70.00,71.33,,69.79,,,33135,2312609.00,118,F1,1,,,,,
2026-07-24,2026-07-24,CM,BSE,STK,537573,INE826P01018,POLYMAC,M,,,,,POLYMAC THERMOFORMERS LTD,7.20,7.20,6.84,6.84,6.84,7.20,,6.84,,,8800,60616.00,10,F1,800,,,,,
2026-07-24,2026-07-24,CM,BSE,STK,537582,INE210P01015,UNISHIRE,MT,,,,,UNISHIRE URBAN INFRA LTD,1.38,1.38,1.38,1.38,1.38,1.32,,1.38,,,10000,13800.00,1,F1,10000,,,,,
2026-07-24,2026-07-24,CM,BSE,STK,537707,INE546I01025,LADDU,X,,,,,LADDU GOPAL ONLINE SERVICES LI,0.60,0.60,0.56,0.56,0.56,0.58,,0.56,,,3119489,1819204.00,314,F1,1,,,,,
2026-07-24,2026-07-24,CM,BSE,STK,537708,INF174K014P6,NIFTY1,B,,,,,KOTAK MAHINDRA MUTUAL FUND - K,266.00,266.00,262.66,264.27,264.82,264.78,,264.12,,,7965,2100548.00,242,F1,1,,,,,
2026-07-24,2026-07-24,CM,BSE,STK,537709,INE101H01013,HANSUGAR,XT,,,,,SHREE HANUMAN SUGAR & INDUSTRI,3.57,3.71,3.50,3.52,3.63,3.57,,3.52,,,29726,105098.00,50,F1,1,,,,,
2026-07-24,2026-07-24,CM,BSE,STK,537750,INE555P01013,KIRANVYPAR,B,,,,,KIRAN VYAPAR LTD,199.95,201.00,199.10,201.00,201.00,198.90,,200.47,,,645,129053.00,60,F1,1,,,,,
2026-07-24,2026-07-24,CM,BSE,STK,537766,INE905P01028,BCP,X,,,,,B.C. POWER CONTROLS LTD,1.77,1.81,1.77,1.78,1.78,1.79,,1.78,,,32191,57511.00,81,F1,1,,,,,
2026-07-24,2026-07-24,CM,BSE,STK,537800,INE717C01025,MANGIND,X,,,,,MANGALAM INDUSTRIAL FINANCE LT,0.60,0.61,0.59,0.59,0.59,0.60,,0.59,,,1379579,821410.00,459,F1,1,,,,,
2026-07-24,2026-07-24,CM,BSE,STK,537820,INE159N01027,VIJIFIN,T,,,,,VIJI FINANCE LTD,9.33,9.33,9.33,9.33,9.33,9.15,,9.33,,,1550220,14463552.00,152,F1,1,,,,,
2026-07-24,2026-07-24,CM,BSE,STK,537839,INE977M01024,HBGHOTELS,X,,,,,HBG HOTELS LIMITED,85.00,85.70,80.00,81.71,84.90,86.02,,81.71,,,1902,158085.00,56,F1,1,,,,,
2026-07-24,2026-07-24,CM,BSE,STK,537985,INE463B01036,INFRONICS,X,,,,,INFRONICS SYSTEMS LTD,21.35,21.35,21.32,21.32,21.32,22.44,,21.32,,,737,15721.00,13,F1,1,,,,,
2026-07-24,2026-07-24,CM,BSE,STK,538057,INF457M01133,CPSEETF,A,,,,,CPSE ETF,94.35,96.87,94.35,96.22,96.30,96.77,,96.23,,,44463,4277817.00,666,F1,1,,,,,
2026-07-24,2026-07-24,CM,BSE,STK,538081,INE493N01012,HARIAAPL,X,,,,,HARIA APPARELS LTD,4.82,5.26,4.82,5.21,5.21,5.75,,5.21,,,10200,51830.00,13,F1,1,,,,,
2026-07-24,2026-07-24,CM,BSE,STK,538119,INE012Q01039,RNBDENIMS,B,,,,,R&B DENIMS LTD,9.49,9.49,9.17,9.20,9.30,9.48,,9.24,,,86637,802256.00,446,F1,1,,,,,
2026-07-24,2026-07-24,CM,BSE,STK,538212,INE909D01026,SHARPINV,X,,,,,SHARP INVESTMENTS LTD,0.34,0.35,0.34,0.35,0.35,0.35,,0.35,,,8266668,2890289.00,226,F1,1,,,,,
2026-07-24,2026-07-24,CM,BSE,STK,538268,INE066O01014,WONDERLA,B,,,,,WONDERLA HOLIDAYS LTD,460.25,470.70,458.00,467.95,470.25,466.00,,468.75,,,2974,1378595.00,127,F1,1,,,,,
2026-07-24,2026-07-24,CM,BSE,STK,538273,INE401B01010,RESPONSINF,X,,,,,RESPONSE INFORMATICS LTD,19.49,19.73,19.00,19.01,19.00,19.79,,19.01,,,107,2045.00,9,F1,1,,,,,
2026-07-24,2026-07-24,CM,BSE,STK,538351,INE663P01015,AFEL,Z,,,,,A.F. ENTERPRISES LTD,1.78,1.78,1.62,1.62,1.62,1.70,,1.62,,,12160,20010.00,52,F1,1,,,,,
2026-07-24,2026-07-24,CM,BSE,STK,538365,INE452L01012,INCREDIBLE,B,,,,,INCREDIBLE INDUSTRIES LIMITED,34.68,34.68,33.20,33.51,33.20,34.89,,33.49,,,781,26171.00,13,F1,1,,,,,
2026-07-24,2026-07-24,CM,BSE,STK,538395,INE792G01011,NAM,X,,,,,NAM SECURITIES LTD,92.50,92.50,92.50,92.50,92.50,93.42,,92.50,,,1,92.00,1,F1,1,,,,,
2026-07-24,2026-07-24,CM,BSE,STK,538401,INE318N01011,METSL,X,,,,,MAESTROS ELECTRONICS & TELECOM,146.20,155.00,143.00,145.30,145.30,146.20,,145.30,,,2158,313203.00,83,F1,1,,,,,
2026-07-24,2026-07-24,CM,BSE,STK,538422,INE508N01025,JACKSON,X,,,,,JACKSON INVESTMENTS LTD,0.40,0.41,0.39,0.40,0.40,0.41,,0.40,,,203339,80814.00,99,F1,1,,,,,
2026-07-24,2026-07-24,CM,BSE,STK,538446,INE296Q01012,MONEYBOXX,B,,,,,MONEYBOXX FINANCE LIMITED,57.00,60.00,57.00,60.00,60.00,58.00,,59.97,,,558,32306.00,15,F1,1,,,,,
2026-07-24,2026-07-24,CM,BSE,STK,538451,INE114O01020,WORTH,XT,,,,,WORTH INVESTMENT & TRADING CO,3.74,3.87,3.74,3.87,3.87,3.81,,3.87,,,77436,296045.00,77,F1,1,,,,,
2026-07-24,2026-07-24,CM,BSE,STK,538464,INE901C01017,TPROJECT,X,,,,,THIRANI PROJECTS LTD,3.48,3.48,3.48,3.48,3.48,3.49,,3.48,,,274,953.00,5,F1,1,,,,,
2026-07-24,2026-07-24,CM,BSE,STK,538465,INE745P01010,AMARSEC,X,,,,,AMARNATH SECURITIES LTD,13.79,13.79,13.29,13.79,13.79,13.10,,13.79,,,29139,399612.00,11,F1,1,,,,,
2026-07-24,2026-07-24,CM,BSE,STK,538476,INE172D01021,CTL,XT,,,,,CAPITAL TRADE LINKS LTD,26.70,26.70,25.52,25.80,25.90,26.01,,25.80,,,59443,1539743.00,58,F1,1,,,,,
2026-07-24,2026-07-24,CM,BSE,STK,538521,INE969E01010,YAANENT,X,,,,,YAAN ENTERPRISES LIMITED,100.50,100.50,98.00,100.40,100.40,100.50,,100.40,,,12973,1292181.00,17,F1,1,,,,,
2026-07-24,2026-07-24,CM,BSE,STK,538539,INE075K01013,ANVRDHI,X,,,,,ANNVRRIDHHI VENTURES LIMITED,9.67,9.67,9.11,9.21,9.56,9.48,,9.21,,,8472,77887.00,67,F1,1,,,,,
2026-07-24,2026-07-24,CM,BSE,STK,538540,INE516P01015,RAAMA,XT,,,,,RAAMA FINANCE LIMITED,19.00,19.27,19.00,19.25,19.25,18.90,,19.25,,,211608,4035285.00,131,F1,1,,,,,
2026-07-24,2026-07-24,CM,BSE,STK,538542,INE634J01027,GOLDCOINHF,X,,,,,GOLD COIN HEALTH FOODS LTD,31.50,32.00,25.36,30.33,30.40,31.30,,30.33,,,5610,175828.00,81,F1,1,,,,,
2026-07-24,2026-07-24,CM,BSE,STK,538546,INE319Q01012,BRPL,B,,,,,BANSAL ROOFING PRODUCTS LTD,116.20,122.95,116.20,120.20,121.65,119.75,,120.20,,,4605,557610.00,95,F1,1,,,,,
2026-07-24,2026-07-24,CM,BSE,STK,538556,INE510P01018,ARMAN,X,,,,,ARMAN HOLDINGS LTD,110.40,110.40,107.00,107.90,108.50,110.55,,107.90,,,18474,2001378.00,74,F1,1,,,,,
2026-07-24,2026-07-24,CM,BSE,STK,538562,INE439E01022,SKIPPER,B,,,,,SKIPPER LTD,518.25,535.05,518.25,528.45,527.55,529.30,,528.65,,,19550,10298069.00,626,F1,1,,,,,
2026-07-24,2026-07-24,CM,BSE,STK,538563,INE673E01018,SMTEL,XT,,,,,SMT ENGINEERING LIMITED,594.35,594.35,537.75,537.75,537.75,566.05,,537.75,,,4801,2792975.00,248,F1,1,,,,,
2026-07-24,2026-07-24,CM,BSE,STK,538564,INE718P01017,JAMESWARREN,X,,,,,JAMES WARREN TEA LTD,252.25,260.00,250.00,258.15,258.50,252.25,,258.15,,,537,135934.00,58,F1,1,,,,,
2026-07-24,2026-07-24,CM,BSE,STK,538565,INE878P01019,VISTARAMAR,X,,,,,Vistar Amar Limited,213.05,219.95,209.25,210.25,210.00,217.05,,210.25,,,1521,323463.00,53,F1,1,,,,,
2026-07-24,2026-07-24,CM,BSE,STK,538567,INE635Q01029,GULFOILLUB,B,,,,,GULF OIL LUBRICANTS INDIA LTD,1036.95,1036.95,1012.05,1014.85,1015.00,1035.65,,1015.60,,,3155,3216078.00,258,F1,1,,,,,
2026-07-24,2026-07-24,CM,BSE,STK,538568,INE836C01015,FRUTION,XT,,,,,FRUITION VENTURE LTD,41.05,41.05,40.80,41.00,41.00,41.79,,41.00,,,1934,79295.00,12,F1,1,,,,,
2026-07-24,2026-07-24,CM,BSE,STK,538569,INE916P01025,TRIVENIENT,X,,,,,TRIVENI ENTERPRISES LTD,1.07,1.07,1.02,1.02,1.02,1.02,,1.02,,,62225,65991.00,20,F1,1,,,,,
2026-07-24,2026-07-24,CM,BSE,STK,538579,INE641Q01019,ZINEMA,MT,,,,,ZINEMA MEDIA AND ENTERTAINMENT,18.50,18.50,18.50,18.50,18.50,18.65,,18.50,,,24000,444000.00,1,F1,4000,,,,,
2026-07-24,2026-07-24,CM,BSE,STK,538596,INE222B01028,CEMAINFRA,X,,,,,CEMANTIC INFRA-TECH LIMITED,5.53,5.53,5.15,5.38,5.38,5.42,,5.38,,,297,1603.00,13,F1,1,,,,,
2026-07-24,2026-07-24,CM,BSE,STK,538597,INE404F01031,TTIENT,X,,,,,TTI ENTERPRISE LTD,7.64,7.80,7.51,7.80,7.80,7.80,,7.80,,,780,5973.00,10,F1,1,,,,,
2026-07-24,2026-07-24,CM,BSE,STK,538598,INE755Q01025,VISHAL,B,,,,,VISHAL FABRICS LTD,18.58,18.58,18.21,18.44,18.40,18.34,,18.44,,,33604,617353.00,202,F1,1,,,,,
2026-07-24,2026-07-24,CM,BSE,STK,538607,INE457P01020,TOYAMSL,X,,,,,TOYAM SPORTS LIMITED,0.67,0.70,0.66,0.69,0.70,0.67,,0.69,,,661515,446633.00,215,F1,1,,,,,
2026-07-24,2026-07-24,CM,BSE,STK,538609,INE868G01019,GAJANANSEC,X,,,,,GAJANAN SECURITIES SERVICES LT,52.00,52.90,52.00,52.90,52.90,52.00,,52.90,,,115,6056.00,13,F1,1,,,,,
2026-07-24,2026-07-24,CM,BSE,STK,538610,INE099D01026,UNISON,XT,,,,,UNISON METALS LTD,0.70,0.70,0.66,0.68,0.68,0.68,,0.68,,,278526,189068.00,245,F1,1,,,,,
2026-07-24,2026-07-24,CM,BSE,STK,538611,INE840I01014,RTFL,Z,,,,,Real Touch Finance Limited,47.50,47.50,47.50,47.50,47.50,50.00,,47.50,,,206,9785.00,3,F1,1,,,,,
2026-07-24,2026-07-24,CM,BSE,STK,538634,INE406F01010,VRL,XT,,,,,VASUNDHARA RASAYANS LTD,175.00,175.00,170.00,170.55,170.05,174.00,,170.55,,,154,26318.00,14,F1,1,,,,,
2026-07-24,2026-07-24,CM,BSE,STK,538635,INE734N01019,SNOWMAN,B,,,,,SNOWMAN LOGISTICS LTD,35.02,36.67,35.02,36.34,36.41,36.01,,36.40,,,17904,646666.00,176,F1,1,,,,,
2026-07-24,2026-07-24,CM,BSE,STK,538646,INE837C01013,QGO,X,,,,,QGO FINANCE LIMITED,44.00,44.70,43.99,43.99,43.99,44.00,,43.99,,,1386,61030.00,10,F1,1,,,,,
2026-07-24,2026-07-24,CM,BSE,STK,538647,INE729C01020,PURSHOTTAM,X,,,,,PURSHOTTAM INVESTOFIN LTD,39.30,39.30,35.73,35.75,35.73,39.70,,35.75,,,835,30119.00,15,F1,1,,,,,
2026-07-24,2026-07-24,CM,BSE,STK,538666,INE221J01015,SHARDACROP,A,,,,,Sharda Cropchem Limited,856.15,875.00,855.00,872.90,875.00,868.75,,872.95,,,8488,7323236.00,676,F1,1,,,,,
2026-07-24,2026-07-24,CM,BSE,STK,538668,INE898Q01015,MIIL,B,,,,,Meghna Infracon Infrastructure,726.05,727.85,720.00,724.20,725.00,724.40,,724.20,,,40181,29099845.00,287,F1,1,,,,,
2026-07-24,2026-07-24,CM,BSE,STK,538683,INF204KA1UN7,SENSEXBEES,A,,,,,NIPPON INDIA ETF SENSEX,881.90,881.90,869.06,875.07,874.02,876.90,,875.07,,,14859,12947093.00,416,F1,1,,,,,
2026-07-24,2026-07-24,CM,BSE,STK,538685,INE363M01019,SHEMAROO,T,,,,,SHEMAROO ENTERTAINMENT LIMITED,124.45,125.00,124.45,124.50,124.50,131.00,,121.63,,,977,121738.00,11,F1,1,,,,,
2026-07-24,2026-07-24,CM,BSE,STK,538706,INE010R01023,ULTRACAB,X,,,,,Ultracab (India) Limited,7.12,7.12,6.38,6.98,7.00,7.14,,6.98,,,297572,2006457.00,545,F1,1,,,,,
2026-07-24,2026-07-24,CM,BSE,STK,538707,INE929D01016,RCCL,X,,,,,Rajasthan Cylinders & Containe,32.15,32.15,32.15,32.15,32.15,32.00,,32.15,,,50,1607.00,1,F1,1,,,,,
2026-07-24,2026-07-24,CM,BSE,STK,538708,INE937K01014,ETIL,X,,,,,Econo Trade (India) Limited,6.57,6.57,6.37,6.39,6.39,6.40,,6.39,,,215,1387.00,10,F1,1,,,,,
2026-07-24,2026-07-24,CM,BSE,STK,538713,INE011R01013,ATISHAY,X,,,,,Atishay Limited,164.50,171.90,163.80,169.25,171.90,164.25,,169.25,,,1640,276752.00,19,F1,1,,,,,
2026-07-24,2026-07-24,CM,BSE,STK,538714,INE475D01010,SANGAMFIN,X,,,,,Sangam Finserv Limited,38.51,39.00,37.00,37.01,37.01,38.51,,37.01,,,337,12590.00,8,F1,1,,,,,
2026-07-24,2026-07-24,CM,BSE,STK,538715,INE260R01016,DHABRIYA,X,,,,,Dhabriya Polywood Limited,488.00,494.30,427.20,443.20,443.20,473.60,,443.20,,,215611,96221025.00,2476,F1,1,,,,,
2026-07-24,2026-07-24,CM,BSE,STK,538716,INE229R01011,ARYACAPM,B,,,,,Aryaman Capital Markets Limite,392.95,406.90,390.00,398.55,399.95,393.50,,398.55,,,1193,471485.00,266,F1,1,,,,,
2026-07-24,2026-07-24,CM,BSE,STK,538730,INE111Q01021,PDSL,B,,,,,PDS LIMITED,355.55,355.55,347.80,351.85,351.65,355.40,,352.00,,,5330,1871733.00,304,F1,1,,,,,
2026-07-24,2026-07-24,CM,BSE,STK,538732,INE761Q01015,VGCL,XT,,,,,Vibrant Global Capital Limited,53.00,53.00,51.64,51.64,51.64,54.35,,51.64,,,387,19987.00,19,F1,1,,,,,
2026-07-24,2026-07-24,CM,BSE,STK,538734,INE016Q01014,CEINSYS,B,,,,,CEINSYS TECH LIMITED,890.00,890.00,855.50,870.45,875.00,871.70,,870.10,,,8049,6971740.00,499,F1,1,,,,,
2026-07-24,2026-07-24,CM,BSE,STK,538742,INE516E01019,PANABYTE,X,,,,,PANABYTE TECHNOLOGIES LIMITED,16.91,17.95,16.79,16.94,16.79,17.53,,16.94,,,16583,281814.00,63,F1,1,,,,,
2026-07-24,2026-07-24,CM,BSE,STK,538770,INE176L01017,CRANEINFRA,X,,,,,Crane Infrastructure Limited,12.45,12.45,12.30,12.44,12.44,12.09,,12.44,,,148,1833.00,7,F1,1,,,,,
2026-07-24,2026-07-24,CM,BSE,STK,538772,INE480D01010,NIYOGIN,X,,,,,Niyogin Fintech Limited,43.14,43.14,41.25,42.01,42.42,42.08,,42.01,,,36326,1512081.00,103,F1,1,,,,,
2026-07-24,2026-07-24,CM,BSE,STK,538777,INE131Q01011,ASIACAP,XT,,,,,ASIA CAPITAL LIMITED,82.81,82.81,82.81,82.81,82.81,84.50,,82.81,,,500,41405.00,2,F1,1,,,,,
2026-07-24,2026-07-24,CM,BSE,STK,538778,INE149Q01021,KALYANCAP,XT,,,,,Kalyan Capitals Limited,8.16,8.26,7.62,7.74,7.74,8.00,,7.74,,,9549,75462.00,70,F1,1,,,,,
2026-07-24,2026-07-24,CM,BSE,STK,538786,INE473L01018,CITIZEN,X,,,,,Citizen Solar Limited,312.60,312.60,311.00,312.25,312.60,306.50,,312.25,,,934,291865.00,43,F1,1,,,,,
2026-07-24,2026-07-24,CM,BSE,STK,538787,INE997C01015,GBFL,X,,,,,Goenka Business & Finance Limi,9.71,9.80,9.24,9.57,9.57,9.11,,9.57,,,11135,106183.00,69,F1,1,,,,,
2026-07-24,2026-07-24,CM,BSE,STK,538788,INE918C01029,GILADAFINS,X,,,,,Gilada Finance & Investments L,13.54,14.89,13.54,14.16,13.81,13.47,,14.16,,,11575,164662.00,52,F1,1,,,,,
2026-07-24,2026-07-24,CM,BSE,STK,538795,INE185C01017,SAPPL,B,,,,,Shree Ajit Pulp And Paper Ltd.,312.90,312.90,291.30,291.30,291.30,300.20,,293.55,,,53,15460.00,4,F1,1,,,,,
2026-07-24,2026-07-24,CM,BSE,STK,538812,INE322R01022,AANCHALISP,XT,,,,,Aanchal Ispat Limited,75.35,75.35,75.35,75.35,75.35,79.30,,75.35,,,1649,124252.00,33,F1,1,,,,,
2026-07-24,2026-07-24,CM,BSE,STK,538817,INE513R01026,CAPPIPES,B,,,,,Captain Pipes Limited,9.49,9.53,9.14,9.23,9.28,9.40,,9.23,,,81451,756173.00,330,F1,1,,,,,
2026-07-24,2026-07-24,CM,BSE,STK,538833,INE891N01017,KAIZENAGRO,XT,,,,,KAIZEN AGRO INFRABUILD LIMITED,9.90,10.34,9.50,10.24,10.24,9.92,,10.24,,,1264,12967.00,9,F1,1,,,,,
2026-07-24,2026-07-24,CM,BSE,STK,538834,INE242Q01016,JMJFIN,X,,,,,JMJ Fintech Limited,9.69,9.98,9.33,9.53,9.58,9.58,,9.53,,,8616,82557.00,56,F1,1,,,,,
2026-07-24,2026-07-24,CM,BSE,STK,538835,INE306R01017,INTELLECT,A,,,,,INTELLECT DESIGN ARENA LIMITED,724.20,734.70,710.00,732.80,730.00,733.25,,732.20,,,13778,9976511.00,629,F1,1,,,,,
2026-07-24,2026-07-24,CM,BSE,STK,538836,INE950M01013,MONTECARLO,B,,,,,Monte Carlo Fashions Limited,535.60,542.60,531.95,536.00,535.10,539.50,,537.10,,,14238,7604346.00,213,F1,1,,,,,
2026-07-24,2026-07-24,CM,BSE,STK,538837,INE237B01018,JSTL,X,,,,,Jeevan Scientific Technology L,72.00,75.00,72.00,72.77,73.00,71.93,,72.77,,,13521,983051.00,113,F1,1,,,,,
2026-07-24,2026-07-24,CM,BSE,STK,538838,INE407P01017,ICL,XT,,,,,Indo Cotspin Limited,41.85,43.85,39.70,41.55,42.00,41.78,,41.55,,,10075,418083.00,70,F1,1,,,,,
2026-07-24,2026-07-24,CM,BSE,STK,538857,INE892C01018,SCC,X,,,,,Scintilla Commercial & Credit,12.52,12.52,12.50,12.50,12.50,12.40,,12.50,,,1876,23451.00,7,F1,1,,,,,
2026-07-24,2026-07-24,CM,BSE,STK,538860,INE655P01029,PANAFIC,XT,,,,,PANAFIC INDUSTRIALS LTD,1.83,1.83,1.83,1.83,1.83,1.80,,1.83,,,6432146,11770827.00,258,F1,1,,,,,
2026-07-24,2026-07-24,CM,BSE,STK,538862,INE232L01018,MYMONEY,X,,,,,My Money Securities Ltd.,36.00,37.99,34.48,37.44,37.44,38.25,,37.44,,,341,12594.00,16,F1,1,,,,,
2026-07-24,2026-07-24,CM,BSE,STK,538868,INE183Q01020,CSL,X,,,,,Continental Securities Limited,13.48,13.60,12.66,13.05,13.25,13.62,,13.05,,,50067,655102.00,99,F1,1,,,,,
2026-07-24,2026-07-24,CM,BSE,STK,538874,INE370Q01015,NEXUSSURGL,X,,,,,NEXUS SURGICAL AND MEDICARE LI,20.00,20.00,17.00,19.15,19.40,19.28,,19.15,,,1726,32034.00,50,F1,1,,,,,
2026-07-24,2026-07-24,CM,BSE,STK,538881,INE243E01010,GALADAFIN,XT,,,,,Galada Finance Limited,39.78,39.78,39.00,39.00,39.00,39.00,,39.00,,,168,6553.00,6,F1,1,,,,,
2026-07-24,2026-07-24,CM,BSE,STK,538882,INE030Q01015,EMERALD,X,,,,,Emerald Finance Limited,54.50,54.50,50.22,51.31,51.07,53.64,,51.31,,,145823,7470098.00,773,F1,1,,,,,
2026-07-24,2026-07-24,CM,BSE,STK,538890,INE227F01010,MKEXIM,X,,,,,M. K. Exim (India) Ltd.,55.18,55.99,54.00,55.62,55.99,54.64,,55.62,,,6567,360111.00,66,F1,1,,,,,
2026-07-24,2026-07-24,CM,BSE,STK,538891,INE613C01026,MCLOUD,B,,,,,MAGELLANIC CLOUD LIMITED,26.84,27.21,26.50,26.65,26.50,27.22,,26.61,,,93343,2512004.00,397,F1,1,,,,,
2026-07-24,2026-07-24,CM,BSE,STK,538894,INE513C01010,OCTAL,X,,,,,Octal Credit Capital Ltd.,21.60,21.61,21.60,21.60,21.60,20.59,,21.60,,,1289,27842.00,9,F1,1,,,,,
2026-07-24,2026-07-24,CM,BSE,STK,538895,INE779Q01017,MIHIKA,XT,,,,,Mihika Industries Ltd.,12.92,13.55,12.28,13.55,13.55,12.92,,13.55,,,1159,14998.00,7,F1,1,,,,,
2026-07-24,2026-07-24,CM,BSE,STK,538896,INE081G01019,KANCHI,T,,,,,Kanchi Karpooram Ltd.,360.00,369.90,352.10,369.90,369.90,360.00,,355.40,,,240,85532.00,21,F1,1,,,,,
2026-07-24,2026-07-24,CM,BSE,STK,538897,INE201F01015,SHRINIWAS,X,,,,,Shri Niwas Leasing and Finance,12.49,12.49,11.90,12.12,12.12,11.94,,12.12,,,4272,52369.00,19,F1,1,,,,,
2026-07-24,2026-07-24,CM,BSE,STK,538902,INE341R01014,DTIL,B,,,,,Dhunseri Tea & Industries Ltd,134.50,134.50,131.00,131.00,131.00,134.00,,132.36,,,435,57434.00,36,F1,1,,,,,
2026-07-24,2026-07-24,CM,BSE,STK,538918,INE661Q01017,VANICOM,X,,,,,Vani Commercials Limited,7.68,7.69,7.60,7.68,7.68,7.70,,7.68,,,9876,75834.00,11,F1,1,,,,,
2026-07-24,2026-07-24,CM,BSE,STK,538920,INE498Q01014,VINCOFE,B,,,,,VINTAGE COFFEE AND BEVERAGES L,155.75,157.00,154.75,156.40,157.00,156.25,,156.18,,,30334,4725502.00,446,F1,1,,,,,
2026-07-24,2026-07-24,CM,BSE,STK,538922,INE029B01019,COSYN,X,,,,,COSYN Limited,21.00,21.49,20.50,21.49,21.49,21.00,,21.49,,,322,6755.00,10,F1,1,,,,,
2026-07-24,2026-07-24,CM,BSE,STK,538923,INE499Q01012,SOFCOM,XT,,,,,SOFCOM SYSTEMS LIMITED,18.99,18.99,18.00,18.11,18.67,18.88,,18.11,,,4417,80595.00,43,F1,1,,,,,
2026-07-24,2026-07-24,CM,BSE,STK,538926,INE223R01014,NAPL,X,,,,,Naturite Agro Products Limited,175.80,194.30,175.80,190.35,190.35,185.05,,190.35,,,78242,14119599.00,530,F1,1,,,,,
2026-07-24,2026-07-24,CM,BSE,STK,538928,INE554R01020,KARNAVATI,X,,,,,Karnavati Finance Limited,1.35,1.40,1.32,1.35,1.35,1.35,,1.35,,,9294,12520.00,43,F1,1,,,,,
2026-07-24,2026-07-24,CM,BSE,STK,538935,INE723C01015,ABHIFIN,XT,,,,,Abhishek Finlease limited,62.40,62.40,56.46,56.46,56.46,59.43,,56.46,,,26,1563.00,4,F1,1,,,,,
2026-07-24,2026-07-24,CM,BSE,STK,538942,INE689O01013,MERCANTILE,B,,,,,Mercantile Ventures Limited,25.35,25.35,24.55,24.57,24.55,25.52,,24.53,,,400,9905.00,6,F1,1,,,,,
2026-07-24,2026-07-24,CM,BSE,STK,538943,INE321M01017,SONAL,B,,,,,Sonal Mercantile Limited,85.00,85.50,84.15,84.69,85.50,88.50,,84.69,,,159,13465.00,5,F1,1,,,,,
2026-07-24,2026-07-24,CM,BSE,STK,538952,INE211D01027,ALFL,X,,,,,Abhinav Leasing & Finance Limi,1.05,1.05,1.05,1.05,1.05,1.05,,1.05,,,4567,4795.00,8,F1,1,,,,,
2026-07-24,2026-07-24,CM,BSE,STK,538961,INE949P01018,GENUSPAPER,B,,,,,GENUS PAPER & BOARDS LIMITED,12.48,12.48,11.84,12.00,11.89,12.24,,11.94,,,4992,60148.00,42,F1,1,,,,,
2026-07-24,2026-07-24,CM,BSE,STK,538962,INE842C01021,MINDACORP,A,,,,,Minda Corporation Limited,649.40,680.00,647.90,676.20,680.00,657.55,,676.45,,,11994,7950992.00,621,F1,1,,,,,
2026-07-24,2026-07-24,CM,BSE,STK,538964,INE947G01011,MERCURYLAB,X,,,,,Mercury Laboratories Limited,835.00,835.00,835.00,835.00,835.00,807.75,,835.00,,,1,835.00,1,F1,1,,,,,
2026-07-24,2026-07-24,CM,BSE,STK,538965,INE858L01010,CONCORD,X,,,,,Concord Drugs Limited,73.00,73.00,69.15,70.00,70.00,71.06,,70.00,,,3485,247567.00,48,F1,1,,,,,
2026-07-24,2026-07-24,CM,BSE,STK,538970,INE945P01024,WARDINMOBI,X,,,,,WARDWIZARD INNOVATIONS AND MOB,6.61,6.69,6.55,6.66,6.68,6.66,,6.66,,,337316,2232412.00,733,F1,1,,,,,
2026-07-24,2026-07-24,CM,BSE,STK,538975,INE397C01026,SHREESEC,Z,,,,,Shree Securities Ltd.,0.20,0.21,0.19,0.21,0.21,0.20,,0.21,,,417958,86479.00,89,F1,1,,,,,
2026-07-24,2026-07-24,CM,BSE,STK,538979,INE544R01021,GREENLAM,B,,,,,Greenlam Industries Ltd,242.35,257.90,238.75,255.65,255.00,240.30,,256.00,,,10663,2678936.00,319,F1,1,,,,,
2026-07-24,2026-07-24,CM,BSE,STK,538987,INE717E01013,TALBROSENG,X,,,,,TALBROS ENGINEERING LIMITED,707.00,707.00,683.05,694.35,692.00,696.65,,694.35,,,288,199777.00,27,F1,1,,,,,
2026-07-24,2026-07-24,CM,BSE,STK,538992,INE002E01010,SAPL,X,,,,,Sar  Auto Products Limited,3459.95,3632.90,3450.05,3632.90,3632.80,3459.95,,3632.90,,,124,448971.00,29,F1,1,,,,,
2026-07-24,2026-07-24,CM,BSE,STK,539005,INE246D01015,JAYATMA,XT,,,,,JAYATMA ENTERPRISES LIMITED,37.36,37.36,37.36,37.36,37.36,39.32,,37.36,,,4,149.00,1,F1,1,,,,,
2026-07-24,2026-07-24,CM,BSE,STK,539006,INE596F01018,PTCIL,A,,,,,PTC Industries Ltd.,17794.50,17810.00,17558.20,17733.70,17757.00,17846.95,,17732.00,,,776,13701286.00,306,F1,1,,,,,
2026-07-24,2026-07-24,CM,BSE,STK,539011,INE777O01016,CHENFERRO,X,,,,,CHENNAI FERROUS INDUSTRIES LIM,79.00,79.00,75.01,78.50,79.00,78.93,,78.50,,,822,63677.00,43,F1,1,,,,,
2026-07-24,2026-07-24,CM,BSE,STK,539012,INE756R01013,MEGRISOFT,X,,,,,Megri Soft Limited,78.89,84.99,75.00,77.85,75.00,80.50,,77.85,,,963,75223.00,22,F1,1,,,,,
2026-07-24,2026-07-24,CM,BSE,STK,539013,INE776O01018,GITARENEW,X,,,,,GITA RENEWABLE ENERGY LIMITED,70.91,71.00,70.91,71.00,71.00,70.91,,71.00,,,136,9645.00,11,F1,1,,,,,
2026-07-24,2026-07-24,CM,BSE,STK,539014,INE059Q01014,KALPACOMME,X,,,,,Kalpa Commercial Limited,8.49,8.49,8.01,8.02,8.02,8.50,,8.02,,,2463,20346.00,15,F1,1,,,,,
2026-07-24,2026-07-24,CM,BSE,STK,539015,INE849L01019,ORTEL,Z,,,,,Ortel Communications Limited,1.80,1.80,1.80,1.80,1.80,1.74,,1.80,,,3000,5400.00,2,F1,1,,,,,
2026-07-24,2026-07-24,CM,BSE,STK,539016,INE396C01010,NEIL,X,,,,,Neil Industries Ltd.,6.00,6.10,6.00,6.10,6.10,6.07,,6.10,,,9130,55033.00,26,F1,1,,,,,
2026-07-24,2026-07-24,CM,BSE,STK,539017,INE526R01028,STARHFL,XT,,,,,STAR HOUSING FINANCE LIMITED,5.91,6.39,5.91,6.05,6.05,6.14,,6.05,,,7147,43890.00,38,F1,1,,,,,
2026-07-24,2026-07-24,CM,BSE,STK,539018,INE213D01015,BEEKAY,B,,,,,Beekay Steel Industries Ltd.,403.20,405.00,386.00,403.40,403.00,395.25,,400.40,,,296,116824.00,16,F1,1,,,,,
2026-07-24,2026-07-24,CM,BSE,STK,539031,INF200KA1572,SETFBSE100,A,,,,,SBI Mutual Fund,280.99,281.81,278.99,281.75,281.55,282.03,,281.75,,,697,194964.00,33,F1,1,,,,,
2026-07-24,2026-07-24,CM,BSE,STK,539032,INE184Q01010,FRASER,X,,,,,Fraser And Company Limited,9.13,9.79,9.13,9.57,9.64,9.47,,9.57,,,196,1892.00,12,F1,1,,,,,
2026-07-24,2026-07-24,CM,BSE,STK,539040,INE812Q01016,TIRUPATIIN,XT,,,,,TIRUPATI INNOVAR LIMITED,7.15,7.43,7.15,7.43,7.43,7.29,,7.43,,,83264,598979.00,105,F1,1,,,,,
2026-07-24,2026-07-24,CM,BSE,STK,539041,INE369Q01017,GANVERSE,MT,,,,,GANESHA ECOVERSE LIMITED,27.34,29.29,26.51,29.28,29.28,27.90,,29.28,,,13750,390150.00,10,F1,1250,,,,,
2026-07-24,2026-07-24,CM,BSE,STK,539042,INE976R01033,AGIIL,B,,,,,AGI Infra Limited,317.10,319.60,310.60,311.70,311.95,317.50,,311.75,,,34376,10810119.00,482,F1,1,,,,,
2026-07-24,2026-07-24,CM,BSE,STK,539044,INE824Q01011,MANAKSTEEL,T,,,,,Manaksia Steels Limited,69.35,72.78,69.00,72.60,72.60,70.56,,70.72,,,830,58217.00,10,F1,1,,,,,
2026-07-24,2026-07-24,CM,BSE,STK,539045,INE859Q01017,MANAKALUCO,B,,,,,Manaksia Aluminium Company Ltd,37.84,37.84,35.00,35.08,35.09,35.62,,35.20,,,3189,112324.00,105,F1,1,,,,,
2026-07-24,2026-07-24,CM,BSE,STK,539046,INE830Q01018,MANAKCOAT,B,,,,,Manaksia Coated Metals & Indus,126.45,127.40,123.55,125.75,126.00,125.80,,126.02,,,5799,728374.00,117,F1,1,,,,,
2026-07-24,2026-07-24,CM,BSE,STK,539056,INE172N01012,IMAGICAA,B,,,,,IMAGICAAWORLD ENTERTAINMENT LI,46.34,47.30,45.99,46.66,46.66,46.89,,46.66,,,11936,555198.00,186,F1,1,,,,,
2026-07-24,2026-07-24,CM,BSE,STK,539083,INE066P01011,INOXWIND,A,,,,,Inox Wind Limited,75.88,77.37,75.17,76.93,76.93,76.21,,76.97,,,593862,45196555.00,3360,F1,1,,,,,
2026-07-24,2026-07-24,CM,BSE,STK,539090,INE751R01014,RAJPUTANA,X,,,,,Rajputana Investment and Finan,33.00,34.00,31.85,32.00,32.00,33.50,,32.00,,,676,22021.00,16,F1,1,,,,,
2026-07-24,2026-07-24,CM,BSE,STK,539091,INE187R01029,CCDL,XT,,,,,Consecutive Commodities Limite,1.11,1.18,1.11,1.16,1.16,1.15,,1.16,,,1339557,1555567.00,203,F1,1,,,,,
2026-07-24,2026-07-24,CM,BSE,STK,539097,INE904R01027,URSUGAR,B,,,,,UR SUGAR INDUSTRIES LIMITED,2.60,2.80,2.60,2.73,2.80,2.73,,2.73,,,137350,368442.00,81,F1,1,,,,,
2026-07-24,2026-07-24,CM,BSE,STK,539099,INE291R01011,ATHCON,M,,,,,Athena Constructions Limited,3.32,3.32,3.32,3.32,3.32,3.02,,3.32,,,2500,8300.00,1,F1,2500,,,,,
2026-07-24,2026-07-24,CM,BSE,STK,539111,INE193R01019,SHESHAINDS,X,,,,,SHESHADRI INDUSTRIES LIMITED,17.10,17.10,17.10,17.10,17.10,18.00,,17.10,,,842,14398.00,7,F1,1,,,,,
2026-07-24,2026-07-24,CM,BSE,STK,539112,INE137M01017,SAB,XT,,,,,SAB INDUSTRIES LIMITED,185.00,185.00,185.00,185.00,185.00,190.00,,185.00,,,100,18500.00,2,F1,1,,,,,
2026-07-24,2026-07-24,CM,BSE,STK,539113,INE291E01019,PML,B,,,,,Paul Merchants Ltd.,489.75,490.00,489.75,490.00,490.00,485.00,,485.65,,,12,5878.00,4,F1,1,,,,,
2026-07-24,2026-07-24,CM,BSE,STK,539115,INE273F01022,ALANSCOTT,XT,,,,,ALAN SCOTT ENTERPRISES LIMITED,329.95,336.00,315.50,329.45,328.95,323.90,,329.45,,,4272,1392850.00,57,F1,1,,,,,
2026-07-24,2026-07-24,CM,BSE,STK,539117,INE029H01016,SUJALA,X,,,,,Sujala Trading & Holding Ltd.,16.78,17.61,16.78,17.31,17.25,16.78,,17.31,,,105867,1829203.00,437,F1,1,,,,,
2026-07-24,2026-07-24,CM,BSE,STK,539118,INE366I01010,VRLLOG,B,,,,,VRL Logistics Limited,242.65,248.65,237.35,243.45,242.85,241.00,,243.12,,,13137,3206705.00,410,F1,1,,,,,
2026-07-24,2026-07-24,CM,BSE,STK,539120,INE578R01011,GRAMEVA,XT,,,,,GRAMEVA LIMITED,95.50,97.35,95.50,97.30,97.35,95.50,,97.30,,,127,12342.00,10,F1,1,,,,,
2026-07-24,2026-07-24,CM,BSE,STK,539121,INE239L01013,PALCO,X,,,,,Palco Metals Limited,146.95,146.95,136.45,137.05,137.05,142.50,,137.05,,,990,138377.00,24,F1,1,,,,,
2026-07-24,2026-07-24,CM,BSE,STK,539122,INE104F01029,BODHTREE,X,,,,,Bodhtree Consulting Limited,18.50,18.50,16.50,17.00,17.00,18.32,,17.00,,,10791,184964.00,54,F1,1,,,,,
2026-07-24,2026-07-24,CM,BSE,STK,539123,INE334E01017,VBIND,X,,,,,V B INDUSTRIES LIMITED,8.90,9.25,8.57,8.60,8.86,9.02,,8.60,,,31423,270075.00,43,F1,1,,,,,
2026-07-24,2026-07-24,CM,BSE,STK,539124,INE822Q01015,SARVOTTAM,X,,,,,Survottam Finvest Ltd.,20.42,20.43,20.42,20.43,20.43,20.43,,20.43,,,5000,102143.00,4,F1,1,,,,,
2026-07-24,2026-07-24,CM,BSE,STK,539126,INE776I01010,MEP,Z,,,,,MEP Infrastructure Developers,0.56,0.56,0.56,0.56,0.56,0.57,,0.56,,,20656,11567.00,8,F1,1,,,,,
2026-07-24,2026-07-24,CM,BSE,STK,539132,INE761D01021,WARDWIZFBL,X,,,,,Wardwizard Foods and Beverages,9.79,9.79,9.31,9.38,9.38,9.71,,9.38,,,80481,757753.00,151,F1,1,,,,,
2026-07-24,2026-07-24,CM,BSE,STK,539141,INE527H01019,UFO,B,,,,,UFO Moviez India Limited,72.48,72.48,66.53,67.51,66.53,66.99,,67.04,,,525,35225.00,27,F1,1,,,,,
2026-07-24,2026-07-24,CM,BSE,STK,539143,INE945O01019,PANTH,XT,,,,,PANTH INFINITY LIMITED,10.31,11.08,10.31,10.48,10.49,10.59,,10.48,,,8187,84799.00,52,F1,1,,,,,
2026-07-24,2026-07-24,CM,BSE,STK,539148,INE788J01021,SHIVALIK,T,,,,,Shivalik Rasayan Ltd.,241.00,254.95,241.00,254.95,254.95,242.85,,253.94,,,20304,5154627.00,136,F1,1,,,,,
2026-07-24,2026-07-24,CM,BSE,STK,539149,INE682B01023,ICSL,X,,,,,Integrated Capital Services Lt,3.66,3.80,3.66,3.80,3.80,3.66,,3.80,,,3275,12266.00,7,F1,1,,,,,
2026-07-24,2026-07-24,CM,BSE,STK,539150,INE195J01029,PNCINFRA,A,,,,,PNC Infratech Limited,230.85,240.00,230.00,238.00,238.20,233.15,,238.21,,,26738,6276673.00,656,F1,1,,,,,
2026-07-24,2026-07-24,CM,BSE,STK,539151,INE784R01023,ARFIN,B,,,,,Arfin India Limited,89.10,92.87,89.07,91.71,91.50,90.90,,91.98,,,56152,5112075.00,485,F1,1,,,,,
2026-07-24,2026-07-24,CM,BSE,STK,539176,INE230I01018,HAWAENG,X,,,,,Hawa Engineers ltd.,76.00,85.00,74.40,84.44,84.44,79.79,,84.44,,,1541,117551.00,49,F1,1,,,,,
2026-07-24,2026-07-24,CM,BSE,STK,539177,INE206F01022,AIIL,A,,,,,Authum Investment & Infrastruc,538.95,539.00,525.45,530.90,533.50,541.70,,531.10,,,17580,9332848.00,794,F1,1,,,,,
2026-07-24,2026-07-24,CM,BSE,STK,539189,INE578L01014,ADHBHUTIN,X,,,,,Adhbhut Infrastructure Ltd.,15.57,15.57,14.81,14.81,14.81,15.58,,14.81,,,775,11488.00,7,F1,1,,,,,
2026-07-24,2026-07-24,CM,BSE,STK,539195,INE035S01028,POEL,X,,,,,POCL ENTERPRISES LTD,170.90,174.85,169.00,172.30,172.30,170.75,,172.30,,,17134,2943622.00,160,F1,1,,,,,
2026-07-24,2026-07-24,CM,BSE,STK,539196,INE829P01020,AEL,X,,,,,Amba Enterprises Ltd.,108.65,114.50,108.00,113.40,111.70,110.75,,113.40,,,6692,738829.00,72,F1,1,,,,,
2026-07-24,2026-07-24,CM,BSE,STK,539199,INE618R01015,SGFIN,B,,,,,SG FINSERVE LIMITED,668.15,724.00,659.70,698.90,698.90,663.65,,696.30,,,128127,89361818.00,3074,F1,1,,,,,
2026-07-24,2026-07-24,CM,BSE,STK,539200,INE203Q01026,NOBPOL,XT,,,,,NOBLE POLYMERS LIMITED,6.97,6.97,6.97,6.97,6.97,6.84,,6.97,,,19798,137992.00,10,F1,1,,,,,
2026-07-24,2026-07-24,CM,BSE,STK,539201,INE170E01023,SATIA,B,,,,,SATIA INDUSTRIES LIMITED,61.49,62.43,60.20,60.59,60.58,62.63,,60.45,,,7872,479950.00,150,F1,1,,,,,
2026-07-24,2026-07-24,CM,BSE,STK,539206,INE574D01010,GVBL,X,,,,,GENOMIC VALLEY BIOTECH LIMITED,28.25,28.25,28.25,28.25,28.25,28.25,,28.25,,,47,1327.00,2,F1,1,,,,,
2026-07-24,2026-07-24,CM,BSE,STK,539216,INE653S01028,GARMNTMNTR,X,,,,,GARMENT MANTRA LIFESTYLE LIMIT,1.12,1.13,1.10,1.12,1.12,1.11,,1.12,,,348385,387837.00,172,F1,1,,,,,
2026-07-24,2026-07-24,CM,BSE,STK,539217,INE606K01049,SRESTHA,XT,,,,,Srestha Finvest Limited,0.32,0.34,0.32,0.34,0.34,0.33,,0.34,,,17109598,5695964.00,631,F1,1,,,,,
2026-07-24,2026-07-24,CM,BSE,STK,539218,INE563C01015,SAUMYA,X,,,,,Saumya Consultants Ltd.,117.20,122.00,117.10,122.00,122.00,122.50,,122.00,,,173,20263.00,5,F1,1,,,,,
2026-07-24,2026-07-24,CM,BSE,STK,539219,INE150D01027,MUL,X,,,,,MAURIA UDYOG LIMITED,8.19,8.19,7.57,7.89,7.90,7.89,,7.89,,,35471,276912.00,78,F1,1,,,,,
2026-07-24,2026-07-24,CM,BSE,STK,539220,INE540S01019,MISHKA,X,,,,,Mishka Exim Limited,42.99,42.99,42.04,42.04,42.04,40.00,,42.04,,,24,1019.00,4,F1,1,,,,,
2026-07-24,2026-07-24,CM,BSE,STK,539221,INE885H01029,SPORTKING,B,,,,,Sportking India Ltd.,205.05,215.00,204.00,213.75,214.20,207.35,,213.74,,,48773,10241903.00,871,F1,1,,,,,
2026-07-24,2026-07-24,CM,BSE,STK,539222,INE451S01027,GROWINGTON,B,,,,,GROWINGTON VENTURES INDIA LIMI,0.71,0.72,0.69,0.71,0.72,0.71,,0.71,,,2257703,1591337.00,396,F1,1,,,,,
2026-07-24,2026-07-24,CM,BSE,STK,539224,INE345Q01017,HCKKVENTURE,XT,,,,,HCKK Ventures Limited,40.87,40.87,40.50,40.67,40.67,38.94,,40.67,,,280,11383.00,8,F1,1,,,,,
2026-07-24,2026-07-24,CM,BSE,STK,539227,INE876S01017,LOYAL,X,,,,,Loyal Equipments Limited,153.00,157.60,150.25,154.65,154.25,153.15,,154.65,,,1850,284323.00,85,F1,1,,,,,
2026-07-24,2026-07-24,CM,BSE,STK,539228,INE480S01026,GGPL,Z,,,,,Gala Global Products Limited,1.60,1.73,1.59,1.59,1.59,1.67,,1.59,,,44939,71788.00,80,F1,1,,,,,
2026-07-24,2026-07-24,CM,BSE,STK,539251,INE875R01011,BALKRISHNA,B,,,,,Balkrishna Paper Mills Ltd.,17.83,17.83,17.65,17.65,17.65,17.83,,17.54,,,116,2056.00,4,F1,1,,,,,
2026-07-24,2026-07-24,CM,BSE,STK,539252,INE979R01011,SHYAMCENT,T,,,,,Shyam Century Ferrous Limited,5.19,5.68,5.18,5.38,5.39,5.44,,5.36,,,3188,16637.00,30,F1,1,,,,,
2026-07-24,2026-07-24,CM,BSE,STK,539254,INE931S01010,ADANIENSOL,A,,,,,Adani Energy Solutions Limited,1672.70,1713.00,1666.90,1703.05,1703.05,1684.15,,1702.20,,,104535,177170914.00,6536,F1,1,,,,,
2026-07-24,2026-07-24,CM,BSE,STK,539255,INE541K01014,STARDELTA,X,,,,,STAR DELTA TRANSFORMERS LIMITE,587.60,587.60,560.00,574.00,568.00,586.40,,574.00,,,1249,711643.00,101,F1,1,,,,,
2026-07-24,2026-07-24,CM,BSE,STK,539267,INE579N01018,SAMSRITA,X,,,,,SAMSRITA LABS LIMITED,12.95,12.95,11.97,12.35,12.35,12.60,,12.35,,,3767,45202.00,25,F1,1,,,,,
2026-07-24,2026-07-24,CM,BSE,STK,539268,INE398R01022,SYNGENE,A,,,,,Syngene International Limited,400.00,407.95,398.00,406.60,406.00,402.95,,406.65,,,29601,11991527.00,929,F1,1,,,,,
2026-07-24,2026-07-24,CM,BSE,STK,539275,INE829S01016,MSL,X,,,,,Mangalam Seeds Limited,135.00,135.00,131.85,135.00,135.00,135.00,,135.00,,,492,65235.00,9,F1,1,,,,,
2026-07-24,2026-07-24,CM,BSE,STK,539276,INE587G01015,KAYA,B,,,,,Kaya Limited,264.40,285.20,261.00,281.75,274.65,263.55,,282.62,,,2188,602227.00,116,F1,1,,,,,
2026-07-24,2026-07-24,CM,BSE,STK,539278,INE653R01012,SYMBIOX,X,,,,,Symbiox Investment & Trading C,1.60,1.60,1.60,1.60,1.60,1.60,,1.60,,,2770,4432.00,11,F1,1,,,,,
2026-07-24,2026-07-24,CM,BSE,STK,539287,INE749B01020,ORTINGLOBE,T,,,,,ORTIN GLOBAL LIMITED,15.65,15.65,14.25,14.36,14.25,15.00,,14.54,,,1156,16605.00,130,F1,1,,,,,
2026-07-24,2026-07-24,CM,BSE,STK,539289,INE898S01029,AURUM,B,,,,,Aurum PropTech Limited,227.80,227.80,221.00,221.95,221.20,226.15,,221.25,,,5019,1121809.00,179,F1,1,,,,,
2026-07-24,2026-07-24,CM,BSE,STK,539290,INE143A01010,OSWALGREEN,B,,,,,Oswal Greentech Limited,20.80,21.00,20.56,20.78,20.59,20.80,,20.71,,,5941,123573.00,63,F1,1,,,,,
2026-07-24,2026-07-24,CM,BSE,STK,539300,INE671K01027,SUNRAKSHAK,X,,,,,SUNRAKSHAKK INDUSTRIES INDIA L,353.60,375.00,353.60,371.45,371.50,366.70,,371.45,,,11350,4185823.00,237,F1,1,,,,,
2026-07-24,2026-07-24,CM,BSE,STK,539301,INE034S01021,ARVSMART,B,,,,,Arvind SmartSpaces Limited,590.60,634.55,586.85,611.90,606.55,591.85,,608.85,,,4168,2549052.00,179,F1,1,,,,,
2026-07-24,2026-07-24,CM,BSE,STK,539302,INE211R01019,POWERMECH,A,,,,,Power Mech Projects Limited,2552.35,2615.50,2512.25,2593.05,2599.00,2551.30,,2593.60,,,1525,3903665.00,287,F1,1,,,,,
2026-07-24,2026-07-24,CM,BSE,STK,539309,INE230R01035,RAMASTEEL,T,,,,,Rama Steel Tubes Limited,4.28,4.31,4.17,4.27,4.27,4.28,,4.26,,,150316,642346.00,420,F1,1,,,,,
2026-07-24,2026-07-24,CM,BSE,STK,539310,INE365S01045,THINKINK,XT,,,,,THINKINK PICTUREZ LIMITED,0.19,0.19,0.19,0.19,0.19,0.19,,0.19,,,262554,49885.00,139,F1,1,,,,,
2026-07-24,2026-07-24,CM,BSE,STK,539312,INF789FB1X58,SENSEXBETA,A,,,,,UTI BSE Sensex ETF,839.73,850.49,836.34,850.49,850.49,848.02,,843.36,,,77,64687.00,15,F1,1,,,,,
2026-07-24,2026-07-24,CM,BSE,STK,539313,INF789F1AZC0,NIFTYBETA,B,,,,,UTI Mutual Fund,264.00,264.43,262.33,264.01,264.21,265.06,,263.98,,,1306,343722.00,49,F1,1,,,,,
2026-07-24,2026-07-24,CM,BSE,STK,539314,INE203T01012,UNIAUTO,B,,,,,Universal Autofoundry Limited,54.26,54.26,51.00,52.99,53.00,51.26,,52.99,,,22782,1194946.00,64,F1,1,,,,,
2026-07-24,2026-07-24,CM,BSE,STK,539331,INE918N01018,VETO,T,,,,,VETO SWITCHGEARS AND CABLES LI,120.60,124.70,118.00,120.60,120.60,120.60,,121.49,,,3341,401154.00,42,F1,1,,,,,
2026-07-24,2026-07-24,CM,BSE,STK,539332,INE278M01019,NAVKARCORP,B,,,,,Navkar Corporation Limited,99.85,102.35,99.30,101.95,101.95,100.75,,102.14,,,26083,2640537.00,353,F1,1,,,,,
2026-07-24,2026-07-24,CM,BSE,STK,539334,INE712K01011,SHREEPUSHK,B,,,,,Shree Pushkar Chemicals & Fert,388.20,389.00,381.70,387.55,388.55,391.10,,386.90,,,1292,498649.00,76,F1,1,,,,,
2026-07-24,2026-07-24,CM,BSE,STK,539335,INE714Q01014,CALLISTA,XT,,,,,Callista Industries Limited,160.00,168.00,157.30,160.85,168.00,160.00,,160.85,,,6389,1015853.00,22,F1,1,,,,,
2026-07-24,2026-07-24,CM,BSE,STK,539336,INE844O01030,GUJENERGY,A,,,,,Gujarat Energy Limited,262.05,267.05,261.30,265.30,265.30,263.05,,265.45,,,22349,5906427.00,1429,F1,1,,,,,
2026-07-24,2026-07-24,CM,BSE,STK,539337,INE725P01012,WAAREE,MT,,,,,WAAREE TECHNOLOGIES LIMITED,235.00,238.75,229.00,237.40,237.00,235.20,,237.40,,,5250,1232875.00,30,F1,175,,,,,
2026-07-24,2026-07-24,CM,BSE,STK,539346,INE764L01010,SADBHIN,T,,,,,Sadbhav Infrastructure Project,2.30,2.33,2.20,2.24,2.24,2.24,,2.26,,,28741,65050.00,34,F1,1,,,,,
2026-07-24,2026-07-24,CM,BSE,STK,539353,INE724G01014,SALAUTO,X,,,,,SAL AUTOMOTIVE LIMITED,180.00,188.75,173.80,173.85,174.00,180.00,,173.85,,,43,7625.00,12,F1,1,,,,,
2026-07-24,2026-07-24,CM,BSE,STK,539354,INE914G01029,POLYSPIN,X,,,,,Polyspin Exports Ltd.,29.46,29.46,27.85,29.16,28.46,29.48,,29.16,,,1143,32552.00,16,F1,1,,,,,
2026-07-24,2026-07-24,CM,BSE,STK,539359,INE583R01029,PRITIKAUTO,T,,,,,Pritika Auto Industries Limite,17.85,18.00,17.20,17.92,18.00,17.90,,18.01,,,14209,248731.00,71,F1,1,,,,,
2026-07-24,2026-07-24,CM,BSE,STK,539378,INE848R01018,SML,X,,,,,Soni Medicare Limited,47.00,50.72,46.02,50.44,46.02,48.31,,50.44,,,158,7896.00,16,F1,1,,,,,
2026-07-24,2026-07-24,CM,BSE,STK,539383,INE019D01016,MAHAVEER,Z,,,,,Mahaveer Infoway Limited,15.44,15.44,15.44,15.44,15.44,15.44,,15.44,,,226,3489.00,5,F1,1,,,,,
2026-07-24,2026-07-24,CM,BSE,STK,539391,INE636B01011,ACME,Z,,,,,Acme Resources Limited,30.96,30.96,30.00,30.08,30.00,29.50,,30.08,,,61,1846.00,7,F1,1,,,,,
2026-07-24,2026-07-24,CM,BSE,STK,539398,INE060T01024,VISHALBL,B,,,,,Vishal Bearings Limited,50.23,50.23,48.73,49.55,48.87,50.23,,49.55,,,1012,49711.00,22,F1,1,,,,,
2026-07-24,2026-07-24,CM,BSE,STK,539399,INE344T01014,BELLACASA,B,,,,,Bella Casa Fashion & Retail Li,242.70,252.50,239.70,241.35,239.70,248.75,,239.65,,,8454,2084342.00,322,F1,1,,,,,
2026-07-24,2026-07-24,CM,BSE,STK,539400,INE389C01015,MALLCOM,B,,,,,MALLCOM (INDIA) LTD.,989.00,1055.25,987.95,1034.55,1026.25,1010.75,,1038.80,,,153,153011.00,55,F1,1,,,,,
2026-07-24,2026-07-24,CM,BSE,STK,539402,INE256S01012,NAKSH,Z,,,,,Naksh Precious Metals Limited,3.86,3.86,3.79,3.79,3.79,3.86,,3.79,,,1967,7455.00,10,F1,1,,,,,
2026-07-24,2026-07-24,CM,BSE,STK,539404,INE836B01017,SATIN,B,,,,,SATIN CREDITCARE NETWORK LIMIT,252.50,270.75,252.50,268.65,268.65,256.05,,268.86,,,76409,20254435.00,1477,F1,1,,,,,
2026-07-24,2026-07-24,CM,BSE,STK,539405,INE183R01010,DITCO,X,,,,,Decorous Investment and Tradin,12.30,12.89,11.71,12.49,12.49,12.31,,12.49,,,13509,173826.00,5,F1,1,,,,,
2026-07-24,2026-07-24,CM,BSE,STK,539406,INE150R01019,SWAGTAM,X,,,,,Swagatam Trading & Services Li,53.00,53.25,53.00,53.25,53.25,55.75,,53.25,,,2,106.00,2,F1,1,,,,,
2026-07-24,2026-07-24,CM,BSE,STK,539407,INE854S01022,GENCON,B,,,,,Generic Engineering Constructi,39.74,40.15,39.74,40.00,40.00,40.46,,40.47,,,20813,834440.00,67,F1,1,,,,,
2026-07-24,2026-07-24,CM,BSE,STK,539408,INE594R01018,KUBERJI,XT,,,,,Kuber Udyog Limited,25.01,25.55,23.56,23.61,23.60,24.74,,23.61,,,14973,362678.00,137,F1,1,,,,,
2026-07-24,2026-07-24,CM,BSE,STK,539428,INE030T01027,TEJNAKSH,X,,,,,Tejnaksh Healthcare Limited,13.66,14.30,13.55,14.25,14.25,13.66,,14.25,,,4348,59890.00,47,F1,1,,,,,
2026-07-24,2026-07-24,CM,BSE,STK,539435,INE201C01012,RFSL,X,,,,,Richfield Financial Services L,21.77,22.85,21.60,22.85,22.85,21.77,,22.85,,,790,17141.00,8,F1,1,,,,,
2026-07-24,2026-07-24,CM,BSE,STK,539436,INE335K01011,COFFEEDAY,T,,,,,Coffee Day Enterprises Limited,30.13,30.57,29.91,30.35,30.44,30.69,,30.28,,,35383,1066005.00,155,F1,1,,,,,
2026-07-24,2026-07-24,CM,BSE,STK,539437,INE092T01019,IDFCFIRSTB,A,,,,,IDFC FIRST BANK LIMITED,80.16,81.05,78.89,80.83,80.83,79.86,,80.79,,,516165,41236349.00,4882,F1,1,,,,,
2026-07-24,2026-07-24,CM,BSE,STK,539448,INE646L01027,INDIGO,A,,,,,InterGlobe Aviation Limited,4931.25,5004.00,4886.70,4984.95,4984.95,5023.90,,4985.00,,,132453,652940505.00,22017,F1,1,,,,,
2026-07-24,2026-07-24,CM,BSE,STK,539449,INE099S01016,IGCIL,X,,,,,IGC Industries Limited,2.13,2.13,2.05,2.10,2.10,2.14,,2.10,,,18830,39775.00,48,F1,1,,,,,
2026-07-24,2026-07-24,CM,BSE,STK,539450,INE500L01026,SHK,B,,,,,S H Kelkar and Company Limited,139.80,141.55,137.05,140.10,141.55,140.55,,140.62,,,22535,3144096.00,232,F1,1,,,,,
2026-07-24,2026-07-24,CM,BSE,STK,539455,INE360S01012,ARYAVAN,X,,,,,ARYAVAN ENTERPRISE LIMITED,57.84,61.19,57.80,59.95,59.96,61.22,,59.95,,,2716,158762.00,22,F1,1,,,,,
2026-07-24,2026-07-24,CM,BSE,STK,539469,INE258R01028,PANORAMA,B,,,,,PANORAMA STUDIOS INTERNATIONAL,51.00,51.00,48.01,48.60,48.60,50.84,,48.60,,,142971,7100857.00,315,F1,1,,,,,
2026-07-24,2026-07-24,CM,BSE,STK,539470,INE051N01026,SHREEGANES,X,,,,,Shree Ganesh Biotech (India) L,0.56,0.57,0.55,0.56,0.56,0.56,,0.56,,,349261,194496.00,185,F1,1,,,,,
2026-07-24,2026-07-24,CM,BSE,STK,539479,INE910R01024,GTV,X,,,,,GTV Engineering Limited,69.05,70.99,68.60,70.93,70.90,70.12,,70.93,,,114624,7991165.00,259,F1,1,,,,,
2026-07-24,2026-07-24,CM,BSE,STK,539480,INF767K01OS7,LICNETFN50,B,,,,,LIC MF EXHGE TRADED FUND-NIFTY,266.59,267.00,265.79,265.79,265.79,268.47,,266.30,,,29,7726.00,3,F1,1,,,,,
2026-07-24,2026-07-24,CM,BSE,STK,539487,INF767K01OT5,LICNETFSEN,A,,,,,LIC MF EXCHNG TRADED FUND-SENS,860.00,861.63,860.00,861.63,861.63,872.81,,861.98,,,21,18061.00,4,F1,1,,,,,
2026-07-24,2026-07-24,CM,BSE,STK,539492,INE721C01019,GARBIFIN,X,,,,,Garbi Finvest Limited,9.46,9.46,8.15,8.60,8.53,9.19,,8.60,,,5571,47453.00,49,F1,1,,,,,
2026-07-24,2026-07-24,CM,BSE,STK,539494,INE766D01020,SMARTFIN,X,,,,,Smart Finsec Limited,7.53,7.97,7.53,7.75,7.74,7.55,,7.75,,,1729,13241.00,27,F1,1,,,,,
2026-07-24,2026-07-24,CM,BSE,STK,539495,INE176R01014,RAJKOTINV,X,,,,,Rajkot Investment Trust Limite,45.10,45.10,44.80,44.81,44.80,48.18,,44.81,,,361,16204.00,6,F1,1,,,,,
2026-07-24,2026-07-24,CM,BSE,STK,539506,INE805Q01028,ADCON,XT,,,,,Adcon Capital Services Limited,0.50,0.52,0.50,0.52,0.52,0.52,,0.52,,,97412,49982.00,80,F1,1,,,,,
2026-07-24,2026-07-24,CM,BSE,STK,539515,INE641R01017,QUINT,B,,,,,Quint Digital Limited,38.00,38.00,38.00,38.00,38.00,38.90,,38.64,,,26,988.00,1,F1,1,,,,,
2026-07-24,2026-07-24,CM,BSE,STK,539516,INF179KC1965,HDFCNIFTY,B,,,,,HDFC Mutual Fund,267.70,268.66,266.00,267.78,268.61,269.36,,268.19,,,2339,624855.00,113,F1,1,,,,,
2026-07-24,2026-07-24,CM,BSE,STK,539517,INF179KC1HX2,HDFCSENSEX,A,,,,,HDFC Mutual Fund,89.01,89.01,85.53,86.47,86.40,86.84,,86.41,,,9748,841810.00,97,F1,1,,,,,
2026-07-24,2026-07-24,CM,BSE,STK,539518,INE551B01012,UDAYJEW,X,,,,,Uday Jewellery Industries Limi,137.05,143.90,136.00,139.70,139.65,142.70,,139.70,,,2392,331913.00,32,F1,1,,,,,
2026-07-24,2026-07-24,CM,BSE,STK,539519,INE280E01038,SATTVASUKU,X,,,,,SATTVA SUKUN LIFECARE LIMITED,0.78,0.79,0.76,0.76,0.76,0.78,,0.76,,,78943,60540.00,89,F1,1,,,,,
2026-07-24,2026-07-24,CM,BSE,STK,539522,INE343C01012,GROVY,X,,,,,Grovy India Limited,59.70,63.70,55.23,56.28,56.28,53.38,,56.28,,,40804,2368190.00,278,F1,1,,,,,
2026-07-24,2026-07-24,CM,BSE,STK,539523,INE540L01014,ALKEM,A,,,,,Alkem Laboratories Limited,5588.75,5649.05,5566.10,5635.60,5629.50,5606.50,,5633.50,,,1480,8290287.00,701,F1,1,,,,,
2026-07-24,2026-07-24,CM,BSE,STK,539524,INE600L01024,LALPATHLAB,A,,,,,Dr. Lal Pathlabs Limited,1692.70,1776.50,1650.45,1756.70,1770.00,1686.70,,1759.20,,,89915,153979680.00,3393,F1,1,,,,,
2026-07-24,2026-07-24,CM,BSE,STK,539526,INE452S01025,SCTL,X,,,,,Suncare Traders Limited,0.48,0.48,0.46,0.48,0.48,0.48,,0.48,,,88080,41691.00,127,F1,1,,,,,
2026-07-24,2026-07-24,CM,BSE,STK,539527,INE146E01015,CREATIVE,X,,,,,Creative Castings Limited,565.00,565.00,565.00,565.00,565.00,565.00,,565.00,,,1,565.00,1,F1,1,,,,,
2026-07-24,2026-07-24,CM,BSE,STK,539528,INE430R01023,AAYUSH,X,,,,,AAYUSH WELLNESS LIMITED,23.60,24.07,23.23,23.45,23.48,23.62,,23.45,,,57695,1354338.00,490,F1,1,,,,,
2026-07-24,2026-07-24,CM,BSE,STK,539533,INE669R01026,ELITECON,B,,,,,ELITECON INTERNATIONAL LIMITED,15.52,16.62,15.45,15.55,15.55,16.09,,15.51,,,868674,13841671.00,2764,F1,1,,,,,
2026-07-24,2026-07-24,CM,BSE,STK,539542,INE150G01020,LUXIND,B,,,,,LUX Industries Limited,1220.35,1232.35,1208.30,1226.75,1224.55,1230.80,,1226.60,,,1499,1826238.00,167,F1,1,,,,,
2026-07-24,2026-07-24,CM,BSE,STK,539546,INE679E01015,AGRIBIO,X,,,,,AGRIBIO SPIRITS LIMITED,325.00,325.00,316.50,320.25,318.10,319.55,,320.25,,,17554,5594047.00,74,F1,1,,,,,
2026-07-24,2026-07-24,CM,BSE,STK,539551,INE410P01011,NH,A,,,,,Narayana Hrudayalaya Limited,1989.45,1989.45,1953.80,1962.15,1966.00,1979.70,,1961.50,,,4294,8445881.00,575,F1,1,,,,,
2026-07-24,2026-07-24,CM,BSE,STK,539552,INE108T01021,FMEC,XT,,,,,F MEC INTERNATIONAL FINANCIAL,12.55,12.97,12.06,12.86,12.88,12.62,,12.86,,,234673,2993894.00,263,F1,1,,,,,
2026-07-24,2026-07-24,CM,BSE,STK,539559,INE005G01026,DEEPAI,XT,,,,,Deep Health AI India Limited,2.01,2.04,1.98,2.01,2.01,2.01,,2.01,,,403035,808111.00,451,F1,1,,,,,
2026-07-24,2026-07-24,CM,BSE,STK,539561,INE549S01036,SUPHA,XT,,,,,SUPHA PHARMACHEM LIMITED,0.35,0.35,0.33,0.35,0.35,0.34,,0.35,,,2081626,722018.00,427,F1,1,,,,,
2026-07-24,2026-07-24,CM,BSE,STK,539562,INE750R01016,AARNAV,B,,,,,AARNAV FASHIONS LIMITED,28.50,29.40,28.18,28.46,28.18,28.52,,28.32,,,2487,71046.00,33,F1,1,,,,,
2026-07-24,2026-07-24,CM,BSE,STK,539593,INE728Q01014,SHIVA,X,,,,,Shivansh Finserv Limited,8.15,9.61,8.15,9.61,9.61,8.75,,9.61,,,3159,30125.00,16,F1,1,,,,,
2026-07-24,2026-07-24,CM,BSE,STK,539594,INE094S01041,MISHTANN,X,,,,,Mishtann Foods Limited,3.61,3.68,3.56,3.65,3.65,3.66,,3.65,,,800755,2897776.00,1481,F1,1,,,,,
2026-07-24,2026-07-24,CM,BSE,STK,539596,INE681Q01015,DELTA,X,,,,,Delta Industrial Resources Lim,12.43,12.43,12.43,12.43,12.43,12.45,,12.43,,,15,186.00,1,F1,1,,,,,
2026-07-24,2026-07-24,CM,BSE,STK,539598,INE727C01024,AMPL,X,,,,,AMPL Capital Limited,31.52,32.79,31.35,31.81,31.81,32.09,,31.81,,,10059,320519.00,97,F1,1,,,,,
2026-07-24,2026-07-24,CM,BSE,STK,539607,INE373T01047,BLUECLOUDS,B,,,,,Blue Cloud Softech Solutions L,19.67,20.66,19.42,20.46,20.46,19.68,,20.46,,,5054238,103582014.00,4151,F1,1,,,,,
2026-07-24,2026-07-24,CM,BSE,STK,539620,INE534E01020,KEIL,X,,,,,KANORIA ENERGY & INFRASTRUCTUR,17.00,17.00,15.66,16.82,17.00,15.90,,16.82,,,17159,287084.00,54,F1,1,,,,,
2026-07-24,2026-07-24,CM,BSE,STK,539636,INE484I01029,PRECAM,B,,,,,Precision Camshafts Limited,138.35,139.55,135.80,138.75,139.25,138.35,,138.65,,,4428,609097.00,149,F1,1,,,,,
2026-07-24,2026-07-24,CM,BSE,STK,539658,INE985S01024,TEAMLEASE,B,,,,,TeamLease Services Limited,1309.00,1329.55,1307.30,1312.20,1312.20,1310.55,,1313.70,,,513,676028.00,82,F1,1,,,,,
2026-07-24,2026-07-24,CM,BSE,STK,539659,INE564S01019,KAMATS,B,,,,,VIKRAM KAMATS HOSPITALITY LIMI,40.75,40.75,37.80,39.12,39.60,39.10,,39.12,,,870,33871.00,46,F1,1,,,,,
2026-07-24,2026-07-24,CM,BSE,STK,539660,INE052T01021,BESTAGRO,B,,,,,BEST AGROLIFE LIMITED,14.99,15.31,14.87,15.02,15.02,15.19,,15.12,,,49750,746218.00,224,F1,1,,,,,
2026-07-24,2026-07-24,CM,BSE,STK,539661,INE023R01018,ACEMEN,X,,,,,ACE MEN ENGG WORKS LIMITED,99.95,100.00,95.50,97.21,97.98,97.99,,97.21,,,20567,2003886.00,91,F1,1,,,,,
2026-07-24,2026-07-24,CM,BSE,STK,539662,INE948Q01018,BFLAFL,X,,,,,BFL Asset Finvest Limited,7.00,7.00,6.67,6.67,6.67,7.00,,6.67,,,1160,7831.00,11,F1,1,,,,,
2026-07-24,2026-07-24,CM,BSE,STK,539669,INE684D01025,RGF,XT,,,,,RGF Capital Markets Limited,2.62,2.62,2.62,2.62,2.62,2.57,,2.62,,,28670,75115.00,27,F1,1,,,,,
2026-07-24,2026-07-24,CM,BSE,STK,539673,INE792P01020,RCL,Z,,,,,Radhagobind Commercial Limited,2.57,2.57,2.57,2.57,2.57,2.70,,2.57,,,500,1285.00,1,F1,1,,,,,
2026-07-24,2026-07-24,CM,BSE,STK,539678,INE306L01010,QUICKHEAL,T,,,,,Quick Heal Technologies Limite,153.00,154.95,148.15,153.65,152.10,154.50,,152.99,,,8237,1247469.00,193,F1,1,,,,,
2026-07-24,2026-07-24,CM,BSE,STK,539679,INE332Q01023,KAPILRAJ,X,,,,,Kapil Raj Finance Ltd.,1.51,1.51,1.37,1.51,1.51,1.44,,1.51,,,747455,1116894.00,254,F1,1,,,,,
2026-07-24,2026-07-24,CM,BSE,STK,539682,INE622Q01027,MOBAVENUE,X,,,,,Mobavenue AI Tech Limited,299.00,305.00,298.00,300.95,303.20,300.20,,300.95,,,32423,9776095.00,414,F1,1,,,,,
2026-07-24,2026-07-24,CM,BSE,STK,539686,INE127T01021,KPEL,B,,,,,K.P. Energy Limited,300.90,306.00,298.05,303.05,303.05,304.15,,302.85,,,16240,4903100.00,485,F1,1,,,,,
2026-07-24,2026-07-24,CM,BSE,STK,539692,INE064T01018,IFINSER,X,,,,,INTERACTIVE FINANCIAL SERVICES,12.74,12.74,11.30,12.32,12.32,12.44,,12.32,,,3036,38473.00,32,F1,1,,,,,
2026-07-24,2026-07-24,CM,BSE,STK,539697,INE966Q01010,HILIKS,XT,,,,,HILIKS TECHNOLOGIES LIMITED,70.84,70.84,65.00,69.77,69.77,68.13,,69.77,,,32340,2264942.00,65,F1,1,,,,,
2026-07-24,2026-07-24,CM,BSE,STK,539724,INE039D01014,HYPERSOFT,XT,,,,,HYPERSOFT TECHNOLOGIES LIMITED,205.85,220.00,205.85,212.85,215.00,216.65,,212.85,,,4157,896389.00,64,F1,1,,,,,
2026-07-24,2026-07-24,CM,BSE,STK,539725,INE314T01033,GOKULAGRO,B,,,,,Gokul Agro Resources Ltd,209.10,212.95,207.35,210.10,212.00,209.45,,209.93,,,14487,3026423.00,300,F1,1,,,,,
2026-07-24,2026-07-24,CM,BSE,STK,539730,INE194R01017,FREDUN,X,,,,,Fredun Pharmaceuticals Limited,895.00,909.95,851.70,895.20,899.75,896.30,,895.20,,,19020,16745684.00,947,F1,1,,,,,
2026-07-24,2026-07-24,CM,BSE,STK,539742,INE748T01016,SIMBHALS,Z,,,,,Simbhaoli Sugars Ltd,6.68,7.00,6.68,6.90,6.90,6.95,,6.90,,,102,703.00,3,F1,1,,,,,
2026-07-24,2026-07-24,CM,BSE,STK,539760,INE773T01014,RELICAB,B,,,,,Relicab Cable Manufacturing Li,36.25,37.69,36.00,36.28,36.30,37.62,,36.28,,,3359,122093.00,44,F1,1,,,,,
2026-07-24,2026-07-24,CM,BSE,STK,539761,INE427T01025,VKAL,X,,,,,Vantage Knowledge Academy Limi,0.91,0.92,0.88,0.89,0.89,0.91,,0.89,,,640679,574518.00,251,F1,1,,,,,
2026-07-24,2026-07-24,CM,BSE,STK,539762,INE250S01015,MEAPL,X,,,,,MODERN ENGINEERING AND PROJECT,28.46,28.74,27.36,28.15,28.44,28.46,,28.15,,,8459,234339.00,77,F1,1,,,,,
2026-07-24,2026-07-24,CM,BSE,STK,539767,INE216Q01010,MNIL,X,,,,,Mega Nirman & Industries Limit,28.90,29.99,27.25,29.78,29.99,28.90,,29.78,,,2563,74887.00,32,F1,1,,,,,
2026-07-24,2026-07-24,CM,BSE,STK,539770,INE830S01014,DARJEELING,X,,,,,DARJEELING INDUSTRIIES LIMITED,14.36,14.36,14.36,14.36,14.36,15.11,,14.36,,,1650,23694.00,16,F1,1,,,,,
2026-07-24,2026-07-24,CM,BSE,STK,539773,INE178T01024,ADVIKCA,X,,,,,Advik Capital Limited,1.23,1.38,1.21,1.34,1.34,1.23,,1.34,,,1193279,1498209.00,346,F1,1,,,,,
2026-07-24,2026-07-24,CM,BSE,STK,539784,INF767K01PC8,LICNFNHGP,B,,,,,LIC MF EXHNGE TRADED FUND NIFT,272.34,272.34,272.34,272.34,272.34,273.60,,273.40,,,50,13617.00,1,F1,1,,,,,
2026-07-24,2026-07-24,CM,BSE,STK,539785,INE865T01018,PDMJEPAPER,B,,,,,Pudumjee Paper Products Limite,93.45,95.56,89.51,91.96,91.96,93.23,,91.73,,,10216,931784.00,157,F1,1,,,,,
2026-07-24,2026-07-24,CM,BSE,STK,539787,INE075I01017,HCG,A,,,,,HealthCare Global Enterprises,674.75,674.75,660.85,666.25,664.30,669.30,,666.55,,,3743,2494892.00,266,F1,1,,,,,
2026-07-24,2026-07-24,CM,BSE,STK,539798,INE173U01015,UMIYA,X,,,,,Umiya Tubes Limited,30.65,30.65,28.55,28.55,28.55,30.05,,28.55,,,19659,566124.00,67,F1,1,,,,,
2026-07-24,2026-07-24,CM,BSE,STK,539799,INE316L01019,BHARATWIRE,B,,,,,Bharat Wire Ropes Limited,192.40,194.55,189.65,193.65,193.50,194.10,,193.32,,,3098,595676.00,109,F1,1,,,,,
2026-07-24,2026-07-24,CM,BSE,STK,539800,INE043U01010,CHDCHEM,X,,,,,CHD Chemicals Limited,5.02,5.02,4.75,5.02,5.02,5.02,,5.02,,,3187,15228.00,16,F1,1,,,,,
2026-07-24,2026-07-24,CM,BSE,STK,539807,INE483S01020,CCAVENUE,A,,,,,AvenuesAI Limited,16.16,16.54,15.83,16.30,16.31,16.16,,16.34,,,551532,8912312.00,1293,F1,1,,,,,
2026-07-24,2026-07-24,CM,BSE,STK,539814,INE204S01012,LELAVOIR,X,,,,,LE LAVOIR LIMITED,53.50,53.50,53.50,53.50,53.50,56.30,,53.50,,,215,11502.00,22,F1,1,,,,,
2026-07-24,2026-07-24,CM,BSE,STK,539834,INE119R01014,BALGOPAL,X,,,,,Balgopal Commercial limited,239.00,239.00,182.00,198.75,199.90,205.45,,198.75,,,4311,831306.00,92,F1,1,,,,,
2026-07-24,2026-07-24,CM,BSE,STK,539835,INE574R01028,SUPERIOR,X,,,,,Superior Finlease Limited,1.80,1.80,1.80,1.80,1.80,1.79,,1.80,,,1134,2041.00,10,F1,1,,,,,
2026-07-24,2026-07-24,CM,BSE,STK,539837,INE912T01018,RPEL,B,,,,,RAGHAV PRODUCTIVITY ENHANCERS,1291.85,1308.40,1273.35,1303.05,1308.40,1293.05,,1303.20,,,3489,4514357.00,284,F1,1,,,,,
2026-07-24,2026-07-24,CM,BSE,STK,539841,INE359U01028,LANCER,X,,,,,Lancer Container Lines Limited,10.05,10.48,10.05,10.14,10.14,10.22,,10.14,,,96890,982847.00,392,F1,1,,,,,
2026-07-24,2026-07-24,CM,BSE,STK,539843,INE395U01014,NINSYS,T,,,,,NINtec Systems Limited,852.55,900.00,850.00,883.00,874.90,869.95,,866.70,,,79,69356.00,24,F1,1,,,,,
2026-07-24,2026-07-24,CM,BSE,STK,539854,INE115S01010,HALDER,B,,,,,Halder Venture Limited,231.05,234.40,231.00,234.40,234.40,229.15,,234.54,,,4043,934481.00,4,F1,1,,,,,
2026-07-24,2026-07-24,CM,BSE,STK,539871,INE594H01019,THYROCARE,A,,,,,Thyrocare Technologies Limited,569.95,597.50,543.00,564.95,564.95,545.55,,564.25,,,715945,409733170.00,16430,F1,1,,,,,
2026-07-24,2026-07-24,CM,BSE,STK,539872,INE411U01027,BAJAJHCARE,B,,,,,Bajaj Healthcare Limited,318.00,325.35,313.85,323.05,325.35,317.90,,323.35,,,23467,7495563.00,521,F1,1,,,,,
2026-07-24,2026-07-24,CM,BSE,STK,539876,INE299U01018,CROMPTON,A,,,,,Crompton Greaves Consumer Elec,250.00,251.50,240.15,249.95,249.55,252.35,,250.15,,,288773,71434803.00,8324,F1,1,,,,,
2026-07-24,2026-07-24,CM,BSE,STK,539883,INE417C01014,PILANIINVS,B,,,,,Pilani Investment And Industri,4319.50,4322.00,4239.15,4320.20,4322.00,4306.20,,4315.60,,,294,1269351.00,52,F1,1,,,,,
2026-07-24,2026-07-24,CM,BSE,STK,539884,INE671T01028,DARSHANORNA,X,,,,,Darshan Orna Limited,2.20,2.24,2.12,2.17,2.17,2.22,,2.17,,,35376,76731.00,56,F1,1,,,,,
2026-07-24,2026-07-24,CM,BSE,STK,539889,INE883N01014,PARAGMILK,A,,,,,Parag Milk Foods Limited,215.95,215.95,210.85,214.45,214.80,215.15,,214.20,,,12926,2756670.00,267,F1,1,,,,,
2026-07-24,2026-07-24,CM,BSE,STK,539894,INE631R01026,MADHAVIPL,B,,,,,Madhav Infra Projects Limited,8.00,8.05,7.74,7.79,7.76,7.98,,7.84,,,33405,262315.00,146,F1,1,,,,,
2026-07-24,2026-07-24,CM,BSE,STK,539895,INE631E01024,SPICELOUNG,B,,,,,SPICE LOUNGE FOOD WORKS LIMITE,22.55,23.80,22.55,23.29,23.25,23.50,,23.29,,,10914,254831.00,183,F1,1,,,,,
2026-07-24,2026-07-24,CM,BSE,STK,539921,INE440T01028,SEIL,B,,,,,Shanti Educational Initiatives,207.00,207.50,202.00,203.50,203.10,208.10,,203.29,,,56463,11531826.00,964,F1,1,,,,,
2026-07-24,2026-07-24,CM,BSE,STK,539922,INE364S01014,RGIL,XT,,,,,Rotographics (India) Limited,306.75,306.75,306.75,306.75,306.75,313.00,,306.75,,,56,17178.00,3,F1,1,,,,,
2026-07-24,2026-07-24,CM,BSE,STK,539938,INE858Q01019,MIL,X,,,,,Medico Intercontinental Limite,25.49,26.95,23.50,26.04,26.70,24.41,,26.04,,,6685,174145.00,57,F1,1,,,,,
2026-07-24,2026-07-24,CM,BSE,STK,539939,INE571U01010,YASHCHEM,X,,,,,Yash Chemex Limited,50.40,51.80,50.00,50.39,50.57,48.62,,50.39,,,481,24355.00,23,F1,1,,,,,
2026-07-24,2026-07-24,CM,BSE,STK,539945,INF109KC11V0,NV20IETF,B,,,,,ICICI Prudential NV20 ETF,13.50,13.75,13.40,13.57,13.75,13.56,,13.55,,,19452,262624.00,414,F1,1,,,,,
2026-07-24,2026-07-24,CM,BSE,STK,539946,INE217E01014,BAZELINTER,X,,,,,Bazel International Limited,17.50,17.90,17.40,17.40,17.40,17.40,,17.40,,,1011,17665.00,16,F1,1,,,,,
2026-07-24,2026-07-24,CM,BSE,STK,539947,INE919T01013,JLL,XT,,,,,JINDAL LEASEFIN LIMITED,149.95,149.95,149.95,149.95,149.95,153.00,,149.95,,,20,2999.00,2,F1,1,,,,,
2026-07-24,2026-07-24,CM,BSE,STK,539956,INE524T01011,TAALTECH,B,,,,,TAAL TECH LIMITED,3889.90,3910.75,3807.85,3850.00,3840.00,3833.70,,3816.30,,,139,532420.00,49,F1,1,,,,,
2026-07-24,2026-07-24,CM,BSE,STK,539957,INE002S01010,MGL,A,,,,,Mahanagar Gas Limited,1066.45,1083.50,1064.20,1075.90,1081.00,1067.75,,1076.90,,,5983,6429587.00,521,F1,1,,,,,
2026-07-24,2026-07-24,CM,BSE,STK,539963,INE819S01025,ZEAL,XT,,,,,Zeal Aqua Limited,11.09,11.40,11.01,11.08,11.19,11.29,,11.08,,,64211,716361.00,202,F1,1,,,,,
2026-07-24,2026-07-24,CM,BSE,STK,539978,INE615P01015,QUESS,B,,,,,Quess Corp Limited,300.40,300.40,291.65,294.55,295.15,298.10,,295.35,,,11267,3317134.00,337,F1,1,,,,,
2026-07-24,2026-07-24,CM,BSE,STK,539979,INE731U01028,DIGJAMLMTD,B,,,,,DIGJAM LIMITED,41.90,42.00,40.26,40.95,40.46,42.00,,40.42,,,4427,185419.00,36,F1,1,,,,,
2026-07-24,2026-07-24,CM,BSE,STK,539980,INF109KC10W0,MIDSELIETF,B,,,,,ICICI Prudential BSE Midcap Se,18.60,19.08,18.60,19.08,19.08,19.08,,19.13,,,9564,181576.00,82,F1,1,,,,,
2026-07-24,2026-07-24,CM,BSE,STK,539985,INE120V01014,TITAANIUM,MT,,,,,Titaanium Ten Enterprise Limit,20.05,20.10,20.00,20.03,20.03,21.00,,20.03,,,11000,220740.00,5,F1,1000,,,,,
2026-07-24,2026-07-24,CM,BSE,STK,539986,INE073V01015,COMSYN,B,,,,,Commercial Syn Bags Limited,180.20,181.05,177.00,178.40,177.80,180.20,,178.52,,,6096,1091019.00,169,F1,1,,,,,
2026-07-24,2026-07-24,CM,BSE,STK,539991,INE700F01024,CFEL,X,,,,,CONFIDENCE FUTURISTIC ENERGETE,33.37,35.38,31.58,31.99,31.99,33.38,,31.99,,,69283,2238762.00,330,F1,1,,,,,
2026-07-24,2026-07-24,CM,BSE,STK,539992,INE093R01011,LLOYDSENGG,A,,,,,LLOYDS ENGINEERING WORKS LIMIT,87.14,88.82,84.95,88.46,88.46,87.35,,88.42,,,515268,44701911.00,2680,F1,1,,,,,
2026-07-24,2026-07-24,CM,BSE,STK,539997,INE552U01010,KPL,B,,,,,Kwality Pharmaceuticals Limite,2685.30,2815.00,2656.65,2776.90,2776.90,2670.70,,2781.50,,,2792,7678850.00,537,F1,1,,,,,
2026-07-24,2026-07-24,CM,BSE,STK,540005,INE214T01019,LTM,A,,,,,LTM LIMITED,3945.25,4102.10,3940.00,4094.70,4087.00,3965.05,,4091.90,,,11424,46305880.00,1802,F1,1,,,,,
2026-07-24,2026-07-24,CM,BSE,STK,540006,INE595R01023,EASTWEST,XT,,,,,EAST WEST FREIGHT CARRIERS LTD,2.54,2.59,2.47,2.52,2.53,2.54,,2.52,,,18407,46039.00,53,F1,1,,,,,
2026-07-24,2026-07-24,CM,BSE,STK,540008,INF209KB10E8,BSLSENETFG,A,,,,,Aditya Birla Sun Life BSE Sens,76.55,77.41,75.89,77.41,77.41,78.99,,76.56,,,920,70084.00,38,F1,1,,,,,
2026-07-24,2026-07-24,CM,BSE,STK,540023,INE621I01042,COLORCHIPS,X,,,,,COLORCHIPS NEW MEDIA LIMITED,9.97,9.97,9.12,9.53,9.53,9.42,,9.53,,,8454,80323.00,44,F1,1,,,,,
2026-07-24,2026-07-24,CM,BSE,STK,540025,INE837H01020,ADVENZYMES,B,,,,,Advanced Enzyme Technologies L,314.80,319.00,310.25,317.25,316.80,314.75,,317.35,,,11372,3567376.00,381,F1,1,,,,,
2026-07-24,2026-07-24,CM,BSE,STK,540026,INE213U01019,LAHL,X,,,,,Ladam Affortable Housing Limit,7.01,7.01,6.66,6.73,6.73,7.02,,6.73,,,342,2360.00,7,F1,1,,,,,
2026-07-24,2026-07-24,CM,BSE,STK,540047,INE917M01012,DBL,A,,,,,Dilip Buildcon Limited,385.05,434.00,381.75,420.05,420.05,387.05,,420.25,,,862240,358809067.00,13185,F1,1,,,,,
2026-07-24,2026-07-24,CM,BSE,STK,540048,INE212I01016,SPAL,B,,,,,S.P. Apparels Limited,989.15,1019.00,982.00,1002.85,1002.50,979.00,,1002.80,,,3177,3176098.00,384,F1,1,,,,,
2026-07-24,2026-07-24,CM,BSE,STK,540061,INE412U01025,BIGBLOC,B,,,,,Bigbloc Construction Limited,46.27,48.68,46.01,47.86,48.68,46.50,,47.76,,,10652,495809.00,215,F1,1,,,,,
2026-07-24,2026-07-24,CM,BSE,STK,540065,INE976G01028,RBLBANK,A,,,,,RBL Bank Limited,345.35,354.40,345.35,352.95,352.95,353.85,,352.90,,,150369,52767336.00,1936,F1,1,,,,,
2026-07-24,2026-07-24,CM,BSE,STK,540066,INE345U01019,AMS,XT,,,,,AMS POLYMERS LIMITED,62.80,63.00,58.90,63.00,63.00,61.99,,63.00,,,1656,104058.00,20,F1,1,,,,,
2026-07-24,2026-07-24,CM,BSE,STK,540073,INE153T01027,BLS,A,,,,,BLS International Services Ltd,227.00,234.80,226.55,233.65,234.25,230.20,,233.60,,,82752,19045876.00,1158,F1,1,,,,,
2026-07-24,2026-07-24,CM,BSE,STK,540078,INE317V01016,MITSU,XT,,,,,Mitsu Chem Plast Limited,145.00,146.90,141.05,145.95,146.90,146.00,,145.95,,,26875,3901411.00,91,F1,1,,,,,
2026-07-24,2026-07-24,CM,BSE,STK,540079,INE537U01037,SPRAYKING,B,,,,,Sprayking Limited,1.29,1.37,1.27,1.35,1.37,1.32,,1.35,,,575073,763348.00,212,F1,1,,,,,
2026-07-24,2026-07-24,CM,BSE,STK,540080,INE715T01031,DHATRE,X,,,,,Dhatre Udyog Limited,4.25,4.25,4.07,4.19,4.20,4.15,,4.19,,,18421,76211.00,73,F1,1,,,,,
2026-07-24,2026-07-24,CM,BSE,STK,540081,INE860T01019,SABEVENTS,B,,,,,Sab Events & Governance Now Me,7.92,7.92,7.53,7.53,7.53,7.92,,7.64,,,20439,161705.00,17,F1,1,,,,,
2026-07-24,2026-07-24,CM,BSE,STK,540083,INE871L01013,TVVISION,B,,,,,TV VISION LIMITED,4.78,4.78,4.68,4.75,4.75,4.80,,4.71,,,450,2117.00,8,F1,1,,,,,
2026-07-24,2026-07-24,CM,BSE,STK,540097,INE890S01026,GAMCO,X,,,,,GAMCO LIMITED,51.85,51.85,48.30,50.49,50.25,51.00,,50.49,,,142349,7088005.00,298,F1,1,,,,,
2026-07-24,2026-07-24,CM,BSE,STK,540115,INE010V01017,LTTS,A,,,,,L&T Technology Services Limite,3367.80,3447.00,3340.00,3417.90,3416.50,3373.45,,3418.10,,,5591,19023865.00,697,F1,1,,,,,
2026-07-24,2026-07-24,CM,BSE,STK,540124,INE934S01014,GNA,B,,,,,G N A Axles Limited,495.25,511.50,485.50,508.75,510.95,500.80,,507.10,,,31099,15466531.00,999,F1,1,,,,,
2026-07-24,2026-07-24,CM,BSE,STK,540125,INE583V01021,RADHIKAJWE,B,,,,,Radhika Jeweltech Limited,63.40,64.99,62.12,63.26,63.90,63.99,,63.62,,,22404,1421874.00,307,F1,1,,,,,
2026-07-24,2026-07-24,CM,BSE,STK,540132,INE400R01018,SIIL,XT,,,,,Sabrimala Industries India Lim,10.57,10.98,10.47,10.96,10.98,10.47,,10.96,,,21080,221241.00,20,F1,1,,,,,
2026-07-24,2026-07-24,CM,BSE,STK,540133,INE726G01019,ICICIPRULI,A,,,,,ICICI Prudential Life Insuranc,498.90,502.95,495.55,500.30,500.30,501.65,,500.55,,,1780218,885896181.00,1364,F1,1,,,,,
2026-07-24,2026-07-24,CM,BSE,STK,540134,INE818R01011,IISL,XT,,,,,ISHAAN INFRASTRUCTURE AND SHEL,14.81,14.81,14.81,14.81,14.81,15.11,,14.81,,,170,2517.00,3,F1,1,,,,,
2026-07-24,2026-07-24,CM,BSE,STK,540135,INE202R01026,ARCFIN,X,,,,,ARC Finance Limited,0.51,0.52,0.50,0.51,0.52,0.51,,0.51,,,954186,488173.00,576,F1,1,,,,,
2026-07-24,2026-07-24,CM,BSE,STK,540136,INE495S01016,HPL,B,,,,,HPL Electric & Power Limited,335.95,335.95,328.15,333.70,333.70,337.70,,333.50,,,8742,2905082.00,346,F1,1,,,,,
2026-07-24,2026-07-24,CM,BSE,STK,540143,INE184B01012,SAGARSOFT,X,,,,,Sagarsoft (India) Limited,75.70,80.50,73.02,74.82,78.78,80.42,,74.82,,,720,54431.00,26,F1,1,,,,,
2026-07-24,2026-07-24,CM,BSE,STK,540145,INE565V01010,VALIANTORG,T,,,,,Valiant Organics Limited,263.50,274.90,263.50,263.50,263.50,263.50,,262.85,,,286,77744.00,10,F1,1,,,,,
2026-07-24,2026-07-24,CM,BSE,STK,540146,INE427V01013,ACML,M,,,,,ADITYA CONSUMER MARKETING LIMI,32.45,32.50,32.45,32.50,32.50,32.45,,32.50,,,2000,64950.00,2,F1,1000,,,,,
2026-07-24,2026-07-24,CM,BSE,STK,540147,INE700V01021,SHASHIJIT,X,,,,,Shashijit Infraprojects Limite,2.43,2.54,2.27,2.52,2.52,2.43,,2.52,,,24218,57268.00,38,F1,1,,,,,
2026-07-24,2026-07-24,CM,BSE,STK,540153,INE913H01037,ENDURANCE,A,,,,,Endurance Technologies Limited,2717.75,2717.75,2548.10,2637.35,2635.00,2719.70,,2634.00,,,13930,36266220.00,1838,F1,1,,,,,
2026-07-24,2026-07-24,CM,BSE,STK,540159,INE905R01016,PURPLE,X,,,,,PURPLE AGROTECH INDUSTRIES LIM,6.16,6.16,6.00,6.00,6.00,5.87,,6.00,,,8171,49529.00,16,F1,1,,,,,
2026-07-24,2026-07-24,CM,BSE,STK,540168,INE268T01015,SUPRAPFSL,X,,,,,Supra Pacific Financial Servic,33.80,33.99,33.05,33.67,33.75,33.85,,33.67,,,28795,968463.00,508,F1,1,,,,,
2026-07-24,2026-07-24,CM,BSE,STK,540173,INE572E01012,PNBHOUSING,A,,,,,PNB Housing Finance Limited,1051.30,1068.80,1043.60,1057.95,1060.10,1066.95,,1058.00,,,13060,13797730.00,1184,F1,1,,,,,
2026-07-24,2026-07-24,CM,BSE,STK,540174,INE298B01010,SOUTHERNIN,X,,,,,SOUTHERN INFOCONSULTANTS LIMIT,21.50,21.50,19.50,20.02,20.02,21.00,,20.02,,,2606,52173.00,28,F1,1,,,,,
2026-07-24,2026-07-24,CM,BSE,STK,540175,INE964R01013,REGENCY,XT,,,,,REGENCY FINCORP LIMITED,43.24,43.98,42.00,42.69,43.65,43.45,,42.69,,,40659,1740869.00,333,F1,1,,,,,
2026-07-24,2026-07-24,CM,BSE,STK,540180,INE200M01039,VBL,A,,,,,Varun Beverages Limited,453.95,459.05,451.20,457.30,457.95,459.00,,457.20,,,61629,28010760.00,1514,F1,1,,,,,
2026-07-24,2026-07-24,CM,BSE,STK,540181,INE894E01028,SALEM,X,,,,,Salem Erode Investments Ltd.,33.50,33.52,33.50,33.52,33.52,33.85,,33.52,,,99,3316.00,4,F1,1,,,,,
2026-07-24,2026-07-24,CM,BSE,STK,540190,INE789R01022,FRANKLININD,XT,,,,,Franklin Industries Limited,0.35,0.36,0.34,0.36,0.36,0.35,,0.36,,,932861,325051.00,423,F1,1,,,,,
2026-07-24,2026-07-24,CM,BSE,STK,540192,INE341H01023,LKPSEC,XT,,,,,LKP Securities Limited,15.88,16.27,15.50,16.00,16.00,15.61,,16.00,,,6191,98219.00,51,F1,1,,,,,
2026-07-24,2026-07-24,CM,BSE,STK,540198,INE186R01013,OSIAJEE,X,,,,,OSIAJEE TEXFAB LIMITED,317.00,319.00,290.00,296.95,297.70,318.95,,296.95,,,8609,2591917.00,182,F1,1,,,,,
2026-07-24,2026-07-24,CM,BSE,STK,540199,INE850R01014,CMBL,X,,,,,Corporate Merchant Bankers Lim,52.75,52.75,47.73,47.73,47.73,50.24,,47.73,,,1122,58660.00,11,F1,1,,,,,
2026-07-24,2026-07-24,CM,BSE,STK,540203,INE916U01025,SFL,A,,,,,Sheela Foam Limited,742.55,768.35,741.35,762.80,757.00,754.20,,762.05,,,22022,16587512.00,730,F1,1,,,,,
2026-07-24,2026-07-24,CM,BSE,STK,540204,INE666Q01016,EIKO,X,,,,,EIKO LIFESCIENCES LIMITED,50.69,50.69,48.50,48.93,48.98,50.11,,48.93,,,4409,216623.00,60,F1,1,,,,,
2026-07-24,2026-07-24,CM,BSE,STK,540205,INE679V01027,AVL,A,,,,,Aditya Vision Limited,610.05,616.40,603.25,610.85,612.80,619.10,,611.05,,,10521,6421240.00,419,F1,1,,,,,
2026-07-24,2026-07-24,CM,BSE,STK,540210,INE759V01019,HEADSUP,B,,,,,Heads UP Ventures Limited,7.00,7.22,6.75,7.20,7.22,6.98,,7.14,,,4989,35233.00,37,F1,1,,,,,
2026-07-24,2026-07-24,CM,BSE,STK,540212,INE586V01016,TCIEXP,B,,,,,TCI Express Limited,555.05,564.90,548.95,558.05,557.25,562.65,,561.15,,,2445,1350797.00,111,F1,1,,,,,
2026-07-24,2026-07-24,CM,BSE,STK,540222,INE947Q01028,LAURUSLABS,A,,,,,Laurus Labs Limited,1560.00,1610.00,1555.95,1602.30,1602.30,1568.30,,1601.20,,,104496,165616391.00,6651,F1,1,,,,,
2026-07-24,2026-07-24,CM,BSE,STK,540243,INE835U01027,NEWLIGHT,X,,,,,NEW LIGHT INDUSTRIES LIMITED,1.41,1.65,1.28,1.41,1.47,1.42,,1.41,,,913357,1361142.00,158,F1,1,,,,,
2026-07-24,2026-07-24,CM,BSE,STK,540252,INE607V01028,VSL,B,,,,,Viram Suvarn Limited,9.83,10.00,9.83,9.98,10.00,10.00,,9.98,,,41433,411995.00,182,F1,1,,,,,
2026-07-24,2026-07-24,CM,BSE,STK,540254,INE245H01018,MTPL,XT,,,,,MARG TECHNO PROJECTS LIMITED,19.16,19.17,19.16,19.17,19.17,18.80,,19.17,,,93132,1784433.00,61,F1,1,,,,,
2026-07-24,2026-07-24,CM,BSE,STK,540259,INE118R01032,SHANGAR,X,,,,,SHANGAR DECOR LIMITED,0.23,0.24,0.23,0.24,0.24,0.24,,0.24,,,205387,47761.00,82,F1,1,,,,,
2026-07-24,2026-07-24,CM,BSE,STK,540266,INE804Q01013,GLCL,XT,,,,,Globe Commercials Limited,20.05,20.20,19.36,20.08,20.09,19.96,,20.08,,,14807,293664.00,54,F1,1,,,,,
2026-07-24,2026-07-24,CM,BSE,STK,540267,INE318U01016,FLORACORP,X,,,,,Flora Corporation Limited,7.72,7.72,7.72,7.72,7.72,7.72,,7.72,,,2,15.00,1,F1,1,,,,,
2026-07-24,2026-07-24,CM,BSE,STK,540268,INE615R01029,TRU,B,,,,,TruCap Finance Limited,4.88,4.99,4.80,4.91,4.94,4.92,,4.88,,,12838,62273.00,55,F1,1,,,,,
2026-07-24,2026-07-24,CM,BSE,STK,540269,INE459U01018,SKL,MT,,,,,SUPER FINE KNITTERS LIMITED,9.14,9.14,8.28,8.28,8.28,8.71,,8.28,,,30000,257200.00,3,F1,10000,,,,,
2026-07-24,2026-07-24,CM,BSE,STK,540293,INE726V01018,PRICOLLTD,A,,,,,Pricol Limited,623.00,633.35,613.00,629.50,630.40,626.45,,628.75,,,35600,22201171.00,1543,F1,1,,,,,
2026-07-24,2026-07-24,CM,BSE,STK,540311,INE863T01013,JITFINFRA,B,,,,,JITF INFRALOGISTICS LIMITED,366.00,368.75,358.80,367.75,367.75,360.05,,365.40,,,1539,558700.00,49,F1,1,,,,,
2026-07-24,2026-07-24,CM,BSE,STK,540358,INE655V01019,RMC,B,,,,,RMC SWITCHGEARS LIMITED,267.90,270.00,266.00,268.90,268.90,267.45,,268.05,,,1610,434156.00,107,F1,1,,,,,
2026-07-24,2026-07-24,CM,BSE,STK,540359,INE240T01014,PARMAX,XT,,,,,Parmax Pharma Limited,102.83,102.83,102.83,102.83,102.83,104.92,,102.83,,,2060,211829.00,12,F1,1,,,,,
2026-07-24,2026-07-24,CM,BSE,STK,540360,INE715Q01029,LLFICL,T,,,,,LEADING LEASING FINANCE AND IN,1.18,1.19,1.12,1.17,1.17,1.17,,1.17,,,1601361,1834071.00,476,F1,1,,,,,
2026-07-24,2026-07-24,CM,BSE,STK,540361,INE575D01041,DANUBE,XT,,,,,DANUBE INDUSTRIES LIMITED,6.53,6.85,6.40,6.83,6.85,6.53,,6.83,,,195395,1332412.00,255,F1,1,,,,,
2026-07-24,2026-07-24,CM,BSE,STK,540366,INE919I01024,RADIOCITY,B,,,,,Music Broadcast Limited,6.75,6.75,6.32,6.43,6.50,6.46,,6.40,,,7470,48132.00,54,F1,1,,,,,
2026-07-24,2026-07-24,CM,BSE,STK,540376,INE192R01011,DMART,A,,,,,Avenue Supermarts Limited,4020.95,4071.50,3989.00,4017.80,4020.20,4037.55,,4018.80,,,15486,62453707.00,2933,F1,1,,,,,
2026-07-24,2026-07-24,CM,BSE,STK,540377,INE714U01024,IFL,B,,,,,IFL ENTERPRISES LIMITED,0.37,0.38,0.37,0.37,0.37,0.38,,0.37,,,1570588,585169.00,394,F1,1,,,,,
2026-07-24,2026-07-24,CM,BSE,STK,540386,INE989S01042,ONTIC,XT,,,,,Ontic Finserve Limited,2.11,2.12,1.95,2.02,2.02,2.05,,2.02,,,188699,381741.00,157,F1,1,,,,,
2026-07-24,2026-07-24,CM,BSE,STK,540393,INE017W01010,SMLT,B,,,,,Sarthak Metals Limited,67.65,67.85,66.80,67.13,66.80,66.10,,66.82,,,79,5329.00,15,F1,1,,,,,
2026-07-24,2026-07-24,CM,BSE,STK,540395,INE298W01016,CHEMCRUX,B,,,,,Chemcrux Enterprises Limited,88.44,88.44,87.40,87.70,87.70,88.44,,87.70,,,2054,180105.00,65,F1,1,,,,,
2026-07-24,2026-07-24,CM,BSE,STK,540396,INE784W01015,MANOMAY,B,,,,,Manomay Tex India Limited,203.20,203.95,196.60,199.05,200.00,203.50,,202.67,,,41204,8370654.00,114,F1,1,,,,,
2026-07-24,2026-07-24,CM,BSE,STK,540401,INE544W01021,MAXIMUS,X,,,,,Maximus International Limited,13.44,13.67,13.15,13.50,13.65,13.44,,13.50,,,34687,465974.00,81,F1,1,,,,,
2026-07-24,2026-07-24,CM,BSE,STK,540403,INE201M01029,CLEDUCATE,T,,,,,CL Educate Limited,60.10,62.00,60.10,61.72,61.40,60.00,,61.13,,,12766,786774.00,69,F1,1,,,,,
2026-07-24,2026-07-24,CM,BSE,STK,540404,INE442V01012,PRIMEFRESH,B,,,,,PRIME FRESH LIMITED,199.70,199.70,192.15,195.70,195.70,196.95,,195.70,,,7568,1481331.00,623,F1,1,,,,,
2026-07-24,2026-07-24,CM,BSE,STK,540405,INE711V01010,OCEANIC,X,,,,,Oceanic Foods Limited,53.50,53.50,50.00,51.27,51.50,53.00,,51.27,,,7040,357269.00,64,F1,1,,,,,
2026-07-24,2026-07-24,CM,BSE,STK,540425,INE274V01019,SHANKARA,B,,,,,Shankara Building Products Lim,135.95,140.00,135.95,139.75,139.60,139.30,,140.02,,,3402,473124.00,73,F1,1,,,,,
2026-07-24,2026-07-24,CM,BSE,STK,540455,INE953W01016,ESCORP,B,,,,,Escorp Asset Management Limite,100.00,103.00,100.00,102.90,102.90,103.00,,102.90,,,164,16568.00,13,F1,1,,,,,
2026-07-24,2026-07-24,CM,BSE,STK,540467,INE808R01012,PARMSILK,XT,,,,,PARMESHWARI SILK MILLS LIMITED,269.60,297.90,269.60,297.90,297.90,283.75,,297.90,,,7059,1916308.00,91,F1,1,,,,,
2026-07-24,2026-07-24,CM,BSE,STK,540481,INE949C01016,CLFL,X,,,,,Classic Leasing & Finance Ltd.,55.00,55.00,52.66,52.66,52.66,55.43,,52.66,,,26,1392.00,6,F1,1,,,,,
2026-07-24,2026-07-24,CM,BSE,STK,540492,INE594W01042,STARLENT,B,,,,,STARLINEPS ENTERPRISES LIMITED,10.07,10.70,10.01,10.56,10.56,10.26,,10.56,,,582308,6034029.00,377,F1,1,,,,,
2026-07-24,2026-07-24,CM,BSE,STK,540497,INE807K01035,SCHAND,B,,,,,S Chand And Company Limited,148.10,148.10,145.95,147.20,147.20,145.60,,147.69,,,151,22183.00,13,F1,1,,,,,
2026-07-24,2026-07-24,CM,BSE,STK,540515,INE453S01015,KANUNGO,X,,,,,KANUNGO FINANCIERS LIMITED,9.48,9.48,9.40,9.40,9.40,9.03,,9.40,,,12293,116529.00,7,F1,1,,,,,
2026-07-24,2026-07-24,CM,BSE,STK,540519,INE343X01026,MEERA,T,,,,,Meera Industries Limited,41.00,41.00,40.67,40.67,40.67,41.49,,40.67,,,1909,77670.00,17,F1,1,,,,,
2026-07-24,2026-07-24,CM,BSE,STK,540526,INE183W23014,IRBINVIT,IF,,,,,IRB InvIT Fund,63.22,63.22,62.66,63.01,63.00,62.86,,63.01,,,53032,3336070.00,482,F1,1,,,,,
2026-07-24,2026-07-24,CM,BSE,STK,540530,INE031A01017,HUDCO,A,,,,,Housing &Urban Development Cor,196.60,197.30,191.85,195.75,195.30,196.60,,195.55,,,106448,20648828.00,1316,F1,1,,,,,
2026-07-24,2026-07-24,CM,BSE,STK,540544,INE488V01015,PSPPROJECT,B,,,,,PSP Projects Limited,979.00,1039.45,978.95,1031.60,1028.80,987.80,,1031.20,,,8443,8497763.00,559,F1,1,,,,,
2026-07-24,2026-07-24,CM,BSE,STK,540545,INE986W01016,GKL,X,,,,,GURU KRUPA GEMS AND JEWELLERY,32.37,33.00,30.00,32.57,33.00,31.47,,32.57,,,98030,3063577.00,207,F1,1,,,,,
2026-07-24,2026-07-24,CM,BSE,STK,540565,INE219X23014,INDIGRID,IF,,,,,IndiGrid Infrastructure Trust,178.67,179.88,178.67,179.54,179.35,179.17,,179.27,,,11911,2135507.00,330,F1,1,,,,,
2026-07-24,2026-07-24,CM,BSE,STK,540570,INE717F01028,VARIMAN,XT,,,,,VARIMAN GLOBAL ENTERPRISES LIM,4.38,4.38,4.03,4.23,4.30,4.24,,4.23,,,144992,591238.00,94,F1,1,,,,,
2026-07-24,2026-07-24,CM,BSE,STK,540575,INE460H01021,STARCEMENT,B,,,,,Star Cement Limited,201.35,205.50,201.35,204.90,205.20,204.05,,204.88,,,204980,41816900.00,175,F1,1,,,,,
2026-07-24,2026-07-24,CM,BSE,STK,540590,INE325X01015,RIDDHICORP,X,,,,,Riddhi Corporate Services Limi,57.60,59.90,56.00,58.99,58.99,59.25,,58.99,,,1580,88767.00,20,F1,1,,,,,
2026-07-24,2026-07-24,CM,BSE,STK,540595,INE010J01012,TEJASNET,A,,,,,Tejas Networks Limited,495.70,503.85,487.90,496.20,501.70,497.40,,495.45,,,104265,51794332.00,2509,F1,1,,,,,
2026-07-24,2026-07-24,CM,BSE,STK,540596,INE406M01024,ERIS,A,,,,,Eris Lifesciences Limited,1371.00,1406.90,1370.30,1398.90,1395.15,1395.15,,1400.60,,,1224,1702348.00,207,F1,1,,,,,
2026-07-24,2026-07-24,CM,BSE,STK,540597,INE319U01022,CONTAINER,X,,,,,Containerway International Lim,18.00,18.00,16.80,16.80,16.80,17.85,,16.80,,,2271,40874.00,21,F1,1,,,,,
2026-07-24,2026-07-24,CM,BSE,STK,540602,INE869I01013,GTPL,B,,,,,GTPL Hathway Limited,60.00,60.66,58.81,59.50,60.30,59.49,,60.56,,,6499,386423.00,168,F1,1,,,,,
2026-07-24,2026-07-24,CM,BSE,STK,540611,INE949L01017,AUBANK,A,,,,,AU Small Finance Bank Limited,970.00,1015.00,967.40,1002.25,1014.70,976.30,,1003.90,,,825841,807471173.00,6948,F1,1,,,,,
2026-07-24,2026-07-24,CM,BSE,STK,540612,INF109KC19U5,LOWVOLIETF,B,,,,,ICICI Prudential Nifty Low Vol,22.06,22.17,21.90,22.11,22.06,22.18,,22.08,,,11904,262335.00,233,F1,1,,,,,
2026-07-24,2026-07-24,CM,BSE,STK,540613,INE721X01023,GEL,M,,,,,Gautam Exim Limited,33.49,33.99,32.99,33.88,33.99,33.40,,33.88,,,15000,502890.00,5,F1,3000,,,,,
2026-07-24,2026-07-24,CM,BSE,STK,540615,INE413X01035,7NR,XT,,,,,7NR Retail Limited,6.70,6.70,6.44,6.44,6.44,6.57,,6.44,,,44048,288497.00,42,F1,1,,,,,
2026-07-24,2026-07-24,CM,BSE,STK,540642,INE170V01027,SALASAR,B,,,,,Salasar Techno Engineering Lim,5.79,6.04,5.79,5.97,6.02,5.91,,5.97,,,507427,2988035.00,1290,F1,1,,,,,
2026-07-24,2026-07-24,CM,BSE,STK,540648,INE471W01019,PALASHSECU,B,,,,,Palash Securities Limited,89.00,89.00,89.00,89.00,89.00,89.00,,88.31,,,202,17978.00,95,F1,1,,,,,
2026-07-24,2026-07-24,CM,BSE,STK,540649,INE349W01017,AVADHSUGAR,T,,,,,AVADH SUGAR & ENERGY LIMITED,516.35,529.95,516.35,529.95,529.95,531.20,,525.35,,,184,96322.00,19,F1,1,,,,,
2026-07-24,2026-07-24,CM,BSE,STK,540650,INE347W01011,MAGADSUGAR,B,,,,,Magadh Sugar & Energy Limited,490.00,496.15,490.00,494.00,494.00,494.30,,493.85,,,162,80076.00,26,F1,1,,,,,
2026-07-24,2026-07-24,CM,BSE,STK,540654,INE632W01016,GSTL,XT,,,,,GlobalSpace Technologies Limit,23.85,24.95,23.07,24.46,24.20,23.96,,24.46,,,18250,446419.00,69,F1,1,,,,,
2026-07-24,2026-07-24,CM,BSE,STK,540669,INF789F1AUW9,NEXT50BETA,B,,,,,UTI Mutual Fund,77.30,77.71,76.90,77.67,77.67,77.40,,77.75,,,1663,128369.00,42,F1,1,,,,,
2026-07-24,2026-07-24,CM,BSE,STK,540673,INE285J01028,SIS,B,,,,,SIS LIMITED,439.00,440.00,434.15,436.60,436.60,439.30,,437.50,,,6787,2969542.00,322,F1,1,,,,,
2026-07-24,2026-07-24,CM,BSE,STK,540678,INE704P01025,COCHINSHIP,A,,,,,Cochin Shipyard Limited,1384.90,1399.00,1374.75,1391.95,1391.95,1395.35,,1392.40,,,42581,59183364.00,2184,F1,1,,,,,
2026-07-24,2026-07-24,CM,BSE,STK,540679,INE320X01016,HALEOSLABS,B,,,,,HALEOS LABS LIMITED,1650.00,1650.00,1528.95,1585.70,1585.70,1586.90,,1539.00,,,32,49552.00,9,F1,1,,,,,
2026-07-24,2026-07-24,CM,BSE,STK,540680,INE880L01014,KIOCL,B,,,,,KIOCL Limited,350.10,350.60,341.95,349.45,349.90,351.00,,348.75,,,3646,1264050.00,205,F1,1,,,,,
2026-07-24,2026-07-24,CM,BSE,STK,540686,INE172E01011,SMRUTHIORG,X,,,,,Smruthi Organics Limited,116.20,116.20,113.00,114.00,113.05,113.70,,114.00,,,2053,234015.00,33,F1,1,,,,,
2026-07-24,2026-07-24,CM,BSE,STK,540691,INE674K01013,ABCAPITAL,A,,,,,Aditya Birla Capital Ltd,387.25,396.00,384.45,394.20,394.20,392.70,,393.85,,,117905,45859557.00,3126,F1,1,,,,,
2026-07-24,2026-07-24,CM,BSE,STK,540692,INE346W01013,APEX,B,,,,,Apex Frozen Foods Limited,398.90,398.90,377.70,382.50,383.15,381.75,,381.05,,,6005,2299013.00,217,F1,1,,,,,
2026-07-24,2026-07-24,CM,BSE,STK,540693,INE145Y01023,SHISHIND,X,,,,,Shish Industries Limited,12.72,13.70,12.65,13.47,13.47,12.80,,13.47,,,1446496,19242919.00,758,F1,1,,,,,
2026-07-24,2026-07-24,CM,BSE,STK,540694,INE236W01016,ANG,T,,,,,ANG Lifesciences India Limited,36.50,36.50,34.62,35.94,35.05,36.43,,35.94,,,5640,197486.00,18,F1,1,,,,,
2026-07-24,2026-07-24,CM,BSE,STK,540696,INE185U01035,KCDGROUP,X,,,,,KCD INDUSTRIES INDIA LIMITED,3.93,3.93,3.73,3.88,3.88,3.79,,3.88,,,8817,33942.00,41,F1,1,,,,,
2026-07-24,2026-07-24,CM,BSE,STK,540699,INE935N01020,DIXON,A,,,,,Dixon Technologies (India) Lim,13787.70,13889.35,13587.25,13845.25,13880.00,13827.20,,13846.00,,,21107,289393724.00,4907,F1,1,,,,,
2026-07-24,2026-07-24,CM,BSE,STK,540700,INE727S01012,BRNL,B,,,,,Bharat Road Network Limited,17.59,18.97,17.21,18.29,18.29,17.40,,18.06,,,7265,130428.00,29,F1,1,,,,,
2026-07-24,2026-07-24,CM,BSE,STK,540701,INE385W01011,DCAL,B,,,,,Dishman Carbogen Amcis Limited,179.55,184.35,176.15,184.05,184.15,179.45,,183.59,,,16571,2986550.00,356,F1,1,,,,,
2026-07-24,2026-07-24,CM,BSE,STK,540702,INE670X01014,LASA,B,,,,,Lasa Supergenerics Limited,7.15,7.15,6.80,6.82,6.86,7.15,,6.94,,,8404,58063.00,40,F1,1,,,,,
2026-07-24,2026-07-24,CM,BSE,STK,540703,INE438C01010,PROCLB,X,,,,,PRO CLB GLOBAL LIMITED,27.21,27.99,26.01,27.99,27.99,26.95,,27.99,,,2266,61967.00,17,F1,1,,,,,
2026-07-24,2026-07-24,CM,BSE,STK,540704,INE866R01028,MATRIMONY,B,,,,,Matrimony.com Limited,420.25,424.75,413.90,424.00,424.00,424.40,,425.55,,,919,386034.00,57,F1,1,,,,,
2026-07-24,2026-07-24,CM,BSE,STK,540709,INE217K01011,RHFL,Z,,,,,Reliance Home Finance Limited,1.97,2.00,1.95,1.97,1.97,2.00,,1.96,,,70685,138887.00,152,F1,1,,,,,
2026-07-24,2026-07-24,CM,BSE,STK,540710,INE264T01014,CAPACITE,B,,,,,Capacite Infraprojects Limited,214.40,214.40,210.95,212.75,212.55,214.35,,212.75,,,14259,3034976.00,314,F1,1,,,,,
2026-07-24,2026-07-24,CM,BSE,STK,540716,INE765G01017,ICICIGI,A,,,,,ICICI Lombard General Insuranc,1606.55,1665.90,1606.40,1661.50,1661.50,1621.00,,1661.80,,,125568,207855604.00,8611,F1,1,,,,,
2026-07-24,2026-07-24,CM,BSE,STK,540717,INE689M01025,PQIF,X,,,,,Polo Queen Industrial and Fint,9.33,9.33,9.33,9.33,9.33,8.89,,9.33,,,33778,315148.00,64,F1,1,,,,,
2026-07-24,2026-07-24,CM,BSE,STK,540718,INE777X01017,AAYUSHBULL,M,,,,,AAYUSH ART AND BULLION LIMITED,1161.50,1189.00,1161.40,1168.95,1182.95,1164.30,,1168.95,,,109625,127704368.00,644,F1,125,,,,,
2026-07-24,2026-07-24,CM,BSE,STK,540719,INE123W01016,SBILIFE,A,,,,,SBI Life Insurance Company Lim,1849.60,1889.10,1831.50,1857.65,1857.65,1852.75,,1858.60,,,59266,109659428.00,2822,F1,1,,,,,
2026-07-24,2026-07-24,CM,BSE,STK,540724,INE393P01035,DIAMONDYD,B,,,,,Prataap Snacks Limited,1105.00,1116.00,1104.30,1116.00,1116.00,1113.55,,1111.40,,,141,156764.00,15,F1,1,,,,,
2026-07-24,2026-07-24,CM,BSE,STK,540725,INE932X01026,SHAREINDIA,B,,,,,Share India Securities Limited,193.75,193.85,186.50,191.30,191.30,193.60,,191.56,,,44304,8399254.00,502,F1,1,,,,,
2026-07-24,2026-07-24,CM,BSE,STK,540726,INE071Y01013,TTFL,X,,,,,Trident Texofab Limited,31.80,32.00,30.50,31.07,31.75,31.85,,31.07,,,3068,95884.00,40,F1,1,,,,,
2026-07-24,2026-07-24,CM,BSE,STK,540727,INE973X01012,POOJA,B,,,,,Poojawestern Metaliks Limited,17.40,17.89,17.05,17.25,17.20,17.65,,17.25,,,4697,81724.00,73,F1,1,,,,,
2026-07-24,2026-07-24,CM,BSE,STK,540728,INE327G01032,SAYAJIIND,X,,,,,Sayaji Industries Limited,100.10,104.50,98.55,103.85,103.85,99.65,,103.85,,,1786,184628.00,23,F1,1,,,,,
2026-07-24,2026-07-24,CM,BSE,STK,540730,INE062Y01020,MEHAI,XT,,,,,Mehai Technology  Limited,1.19,1.19,1.13,1.16,1.18,1.16,,1.16,,,276464,316695.00,205,F1,1,,,,,
2026-07-24,2026-07-24,CM,BSE,STK,540735,INE864K01010,IRIS,B,,,,,IRIS RegTech Solutions Limited,235.00,245.20,230.00,243.80,240.75,237.40,,244.50,,,2316,551747.00,115,F1,1,,,,,
2026-07-24,2026-07-24,CM,BSE,STK,540737,INE414Y01015,SGRL,X,,,,,Shree Ganesh Remedies Limited,656.95,657.00,634.00,643.00,646.00,660.10,,643.00,,,1931,1247385.00,97,F1,1,,,,,
2026-07-24,2026-07-24,CM,BSE,STK,540738,INE402Y01028,STL,B,,,,,Shreeji Translogistics Limited,8.47,8.47,8.20,8.37,8.46,8.48,,8.37,,,10277,86192.00,48,F1,1,,,,,
2026-07-24,2026-07-24,CM,BSE,STK,540743,INE850D01014,GODREJAGRO,A,,,,,Godrej Agrovet Limited,563.80,582.85,556.55,574.05,574.00,560.80,,573.60,,,16001,9183531.00,376,F1,1,,,,,
2026-07-24,2026-07-24,CM,BSE,STK,540749,INE348L01012,MASFIN,B,,,,,MAS Financial Services Limited,313.50,314.60,308.20,313.00,314.60,315.55,,313.55,,,3566,1109067.00,155,F1,1,,,,,
2026-07-24,2026-07-24,CM,BSE,STK,540750,INE022Q01020,IEX,A,,,,,Indian Energy Exchange Limited,121.10,125.70,120.65,124.25,124.25,121.85,,124.26,,,566196,70183316.00,3578,F1,1,,,,,
2026-07-24,2026-07-24,CM,BSE,STK,540755,INE481Y01014,GICRE,A,,,,,General Insurance Corporation,357.45,359.70,356.60,357.40,357.40,359.55,,357.50,,,14535,5200114.00,327,F1,1,,,,,
2026-07-24,2026-07-24,CM,BSE,STK,540757,INE501Y01019,SCPL,B,,,,,SHEETAL COOL PRODUCTS LIMITED,577.90,578.55,566.20,570.45,572.00,577.85,,570.70,,,22709,12986624.00,152,F1,1,,,,,
2026-07-24,2026-07-24,CM,BSE,STK,540762,INE974X01010,TIINDIA,A,,,,,Tube Investments of India Ltd,2815.00,2821.40,2747.90,2766.90,2783.20,2823.90,,2767.00,,,144727,401461573.00,3377,F1,1,,,,,
2026-07-24,2026-07-24,CM,BSE,STK,540767,INE298J01013,NAM-INDIA,A,,,,,NIPPON LIFE INDIA ASSET MANAGE,1104.55,1118.95,1079.75,1112.65,1112.65,1105.90,,1112.50,,,25350,27901469.00,1883,F1,1,,,,,
2026-07-24,2026-07-24,CM,BSE,STK,540768,INE766P01016,MAHLOG,B,,,,,Mahindra Logistics Limited,392.80,428.75,390.00,416.05,416.05,392.75,,416.35,,,81437,33863566.00,2570,F1,1,,,,,
2026-07-24,2026-07-24,CM,BSE,STK,540769,INE470Y01017,NIACL,A,,,,,The New India Assurance Compan,172.40,175.80,169.30,173.20,175.80,173.30,,173.20,,,56451,9678464.00,921,F1,1,,,,,
2026-07-24,2026-07-24,CM,BSE,STK,540774,INE133Y01011,IFGLEXPOR,B,,,,,IFGL Refractories Limited,196.20,201.00,190.00,197.50,201.00,196.05,,197.60,,,11081,2166385.00,419,F1,1,,,,,
2026-07-24,2026-07-24,CM,BSE,STK,540775,INE834I01025,KHADIM,T,,,,,Khadim India Limited,94.80,94.90,93.00,94.85,94.85,93.90,,94.15,,,1367,128945.00,56,F1,1,,,,,
2026-07-24,2026-07-24,CM,BSE,STK,540776,INE618L01018,5PAISA,B,,,,,5paisa Capital Limited,362.80,373.90,362.80,373.55,371.85,367.95,,373.10,,,1871,688028.00,109,F1,1,,,,,
2026-07-24,2026-07-24,CM,BSE,STK,540777,INE795G01014,HDFCLIFE,A,,,,,HDFC LIFE INSURANCE COMPANY LI,549.25,556.80,546.50,555.10,555.80,550.90,,555.05,,,45457,25137779.00,1268,F1,1,,,,,
2026-07-24,2026-07-24,CM,BSE,STK,540786,INE669Y01022,SHARIKA,T,,,,,SHARIKA ENTERPRISES LIMITED,18.92,18.93,18.92,18.93,18.93,19.30,,18.93,,,6908,130718.00,24,F1,1,,,,,
2026-07-24,2026-07-24,CM,BSE,STK,540787,INF109KB15Y7,ICICIB22,A,,,,,ICICI Prudential Mutual Fund,114.09,115.74,114.09,115.38,115.58,115.34,,115.36,,,7341,843390.00,313,F1,1,,,,,
2026-07-24,2026-07-24,CM,BSE,STK,540788,INE500C01017,ASPIRA,XT,,,,,Aspira Pathlab & Diagnostics L,105.55,107.65,105.55,107.65,107.65,105.55,,107.65,,,1042,110506.00,5,F1,1,,,,,
2026-07-24,2026-07-24,CM,BSE,STK,540789,INE016M01021,DNAMEDIA,B,,,,,Diligent Media Corporation Lim,2.90,2.90,2.69,2.84,2.84,2.84,,2.79,,,1154,3181.00,8,F1,1,,,,,
2026-07-24,2026-07-24,CM,BSE,STK,540795,INE600Y01019,DYCL,B,,,,,Dynamic Cables Limited,403.05,424.80,394.35,402.55,402.75,406.50,,402.40,,,80930,33100058.00,1781,F1,1,,,,,
2026-07-24,2026-07-24,CM,BSE,STK,540796,INE821Y01011,RATNABHUMI,B,,,,,Ratnabhumi Developers Limited,183.30,183.30,183.30,183.30,183.30,188.00,,183.30,,,10,1833.00,1,F1,1,,,,,
2026-07-24,2026-07-24,CM,BSE,STK,540797,INE597J01018,SHALBY,B,,,,,Shalby Limited,162.90,164.05,160.10,163.00,163.85,163.00,,163.10,,,3015,491063.00,120,F1,1,,,,,
2026-07-24,2026-07-24,CM,BSE,STK,540809,INE333Y01017,MRCAGRO,B,,,,,MRC AGROTECH LIMITED,37.49,37.49,36.16,37.18,37.18,36.90,,37.18,,,92441,3416831.00,203,F1,1,,,,,
2026-07-24,2026-07-24,CM,BSE,STK,540821,INE994R01028,CRYSTAL,XT,,,,,CRYSTAL BUSINESS SYSTEM LIMITE,1.90,1.90,1.90,1.90,1.90,1.87,,1.90,,,6074,11540.00,26,F1,1,,,,,
2026-07-24,2026-07-24,CM,BSE,STK,540824,INE646X01014,ASTRON,T,,,,,Astron Paper & Board Mill Limi,4.04,4.30,4.00,4.01,4.00,4.18,,4.08,,,10032,41276.00,43,F1,1,,,,,
2026-07-24,2026-07-24,CM,BSE,STK,540829,INE371F01024,CHANDRIMA,X,,,,,Chandrima Mercantiles limited,6.68,7.00,6.36,6.98,6.98,6.82,,6.98,,,240624,1675737.00,165,F1,1,,,,,
2026-07-24,2026-07-24,CM,BSE,STK,540874,INE454F01010,7SEASL,X,,,,,7SEAS ENTERTAINMENT LIMITED,72.20,76.80,72.20,74.00,74.00,77.00,,74.00,,,3409,251514.00,59,F1,1,,,,,
2026-07-24,2026-07-24,CM,BSE,STK,540879,INE713T01028,APOLLO,A,,,,,Apollo Micro Systems Limited,389.00,396.25,386.10,394.10,394.10,393.75,,394.30,,,444134,173994572.00,3938,F1,1,,,,,
2026-07-24,2026-07-24,CM,BSE,STK,540900,INE619B01017,NEWGEN,A,,,,,Newgen Software Technologies L,503.00,511.85,497.05,505.65,505.65,510.35,,505.70,,,78974,39758158.00,2059,F1,1,,,,,
2026-07-24,2026-07-24,CM,BSE,STK,540901,INE546Y01022,PRAXIS,T,,,,,Praxis Home Retail Limited,6.81,7.12,6.81,7.11,7.12,7.11,,6.99,,,5571,39049.00,19,F1,1,,,,,
2026-07-24,2026-07-24,CM,BSE,STK,540902,INE371P01015,AMBER,A,,,,,Amber Enterprises India Limite,7428.05,7428.05,7218.00,7260.75,7260.75,7428.75,,7261.50,,,8594,62505056.00,1634,F1,1,,,,,
2026-07-24,2026-07-24,CM,BSE,STK,540904,INE115G01015,TIRUFOAM,X,,,,,TIRUPATI FOAM LIMITED,82.60,82.64,82.50,82.64,82.64,78.71,,82.64,,,1393,115112.00,10,F1,1,,,,,
2026-07-24,2026-07-24,CM,BSE,STK,540914,INE425C01017,SRUSTEELS,XT,,,,,SRU Steels Limited,1.55,1.55,1.43,1.49,1.49,1.49,,1.49,,,227397,334940.00,137,F1,1,,,,,
2026-07-24,2026-07-24,CM,BSE,STK,540923,INE760Y01011,ASHOKAMET,B,,,,,Ashoka Metcast Limited,14.46,14.50,14.01,14.14,14.14,14.12,,14.16,,,3468,49177.00,24,F1,1,,,,,
2026-07-24,2026-07-24,CM,BSE,STK,540935,INE600K01018,GALAXYSURF,B,,,,,Galaxy Surfactants Limited,1905.80,1935.75,1905.80,1933.95,1933.95,1934.10,,1945.00,,,189,363954.00,47,F1,1,,,,,
2026-07-24,2026-07-24,CM,BSE,STK,540936,INE063Z01017,GGL,X,,,,,Gautam Gems Limited,3.05,3.07,2.99,3.03,3.03,3.05,,3.03,,,89162,270154.00,48,F1,1,,,,,
2026-07-24,2026-07-24,CM,BSE,STK,540937,INE630Y01024,MEDICO,B,,,,,MEDICO REMEDIES LIMITED,38.27,38.66,37.64,38.20,38.54,38.27,,38.01,,,485,18546.00,22,F1,1,,,,,
2026-07-24,2026-07-24,CM,BSE,STK,540952,INE740X01023,LAL,B,,,,,LORENZINI APPARELS LIMITED,8.83,8.83,8.27,8.66,8.67,9.04,,8.41,,,778,6547.00,16,F1,1,,,,,
2026-07-24,2026-07-24,CM,BSE,STK,540953,INE923Y01023,KENVI,B,,,,,Kenvi Jewels Limited,2.00,2.02,1.90,1.97,1.95,1.99,,1.97,,,109563,215562.00,124,F1,1,,,,,
2026-07-24,2026-07-24,CM,BSE,STK,540954,INE586E01020,IWP,B,,,,,The Indian Wood Products Co. L,32.96,33.93,32.00,32.75,32.75,32.80,,32.37,,,506,16639.00,15,F1,1,,,,,
2026-07-24,2026-07-24,CM,BSE,STK,540955,INE773Y01014,TDSL,Z,,,,,Tasty Dairy Specialities Limit,4.31,4.31,4.10,4.10,4.25,4.31,,4.10,,,1804,7417.00,15,F1,1,,,,,
2026-07-24,2026-07-24,CM,BSE,STK,540956,INE341Z01025,BHATIA,X,,,,,Bhatia Communications & Retail,23.26,23.93,23.26,23.60,23.60,23.72,,23.60,,,8686,204948.00,71,F1,1,,,,,
2026-07-24,2026-07-24,CM,BSE,STK,540961,INE644Y01017,SHIVAMILLS,T,,,,,Shiva Mills Limited,58.00,58.00,58.00,58.00,58.00,55.30,,59.88,,,322,18676.00,2,F1,1,,,,,
2026-07-24,2026-07-24,CM,BSE,STK,540975,INE914M01019,ASTERDM,A,,,,,Aster DM Healthcare Limited,784.00,791.15,772.05,784.00,790.00,784.55,,784.90,,,121440,95181251.00,1152,F1,1,,,,,
2026-07-24,2026-07-24,CM,BSE,STK,541005,INE398L01017,KANCOTEA,X,,,,,KANCO TEA & INDUSTRIES LIMITED,46.62,47.99,45.00,47.69,47.69,46.54,,47.69,,,2012,92859.00,38,F1,1,,,,,
2026-07-24,2026-07-24,CM,BSE,STK,541019,INE926X01010,HGINFRA,B,,,,,H.G. Infra Engineering Limited,536.35,540.00,531.05,536.65,538.00,541.55,,536.85,,,3464,1855140.00,173,F1,1,,,,,
2026-07-24,2026-07-24,CM,BSE,STK,541083,INE464Z01017,INFLAME,M,,,,,Inflame Appliances Limited,241.00,241.00,226.75,237.20,237.90,236.00,,237.20,,,4750,1106300.00,19,F1,250,,,,,
2026-07-24,2026-07-24,CM,BSE,STK,541096,INE365Y01019,BPLPHARMA,X,,,,,Bharat Parenterals Limited,1509.95,1509.95,1426.00,1436.40,1426.00,1507.90,,1436.40,,,828,1199052.00,46,F1,1,,,,,
2026-07-24,2026-07-24,CM,BSE,STK,541097,INF740KA1EU7,LIQUIDETF,F,,,,,DSP BlackRock Mutual Fund,1000.00,1000.00,999.99,1000.00,1000.00,1000.00,,1000.00,,,602300,602299988.00,34,F1,1,,,,,
2026-07-24,2026-07-24,CM,BSE,STK,541143,INE171Z01026,BDL,A,,,,,Bharat Dynamics Limited,1226.55,1251.05,1221.05,1242.40,1242.40,1239.90,,1243.00,,,63208,78114823.00,3819,F1,1,,,,,
2026-07-24,2026-07-24,CM,BSE,STK,541144,INE380Z01015,ACTIVE,B,,,,,Active Clothing Co  Limited,115.50,129.95,115.00,115.95,115.95,115.50,,115.95,,,14688,1770587.00,137,F1,1,,,,,
2026-07-24,2026-07-24,CM,BSE,STK,541152,INE705X01026,GOYALALUM,B,,,,,GOYAL ALUMINIUMS LIMITED,6.34,6.69,6.34,6.52,6.60,6.50,,6.54,,,15685,102238.00,107,F1,1,,,,,
2026-07-24,2026-07-24,CM,BSE,STK,541153,INE545U01014,BANDHANBNK,A,,,,,Bandhan Bank Limited,165.80,167.70,161.95,166.00,166.00,165.75,,165.93,,,1158192,190848556.00,8661,F1,1,,,,,
2026-07-24,2026-07-24,CM,BSE,STK,541154,INE066F01020,HAL,A,,,,,Hindustan Aeronautics Limited,4564.50,4597.80,4520.10,4569.15,4565.55,4592.05,,4573.00,,,32430,148027481.00,3731,F1,1,,,,,
2026-07-24,2026-07-24,CM,BSE,STK,541161,INE278R01034,DHARAN,Z,,,,,DHARAN INFRA-EPC LIMITED,0.19,0.19,0.19,0.19,0.19,0.19,,0.15,,,48205,9158.00,39,F1,1,,,,,
2026-07-24,2026-07-24,CM,BSE,STK,541163,INE278H01035,SANDHAR,B,,,,,Sandhar Technologies Limited,588.90,598.00,576.45,594.15,593.85,585.45,,593.95,,,7912,4648020.00,345,F1,1,,,,,
2026-07-24,2026-07-24,CM,BSE,STK,541167,INE616Z01012,YASHO,B,,,,,YASHO INDUSTRIES LIMITED,3089.85,3122.45,3030.00,3069.85,3030.00,3079.55,,3071.90,,,1744,5357126.00,266,F1,1,,,,,
2026-07-24,2026-07-24,CM,BSE,STK,541195,INE099Z01011,MIDHANI,A,,,,,Mishra Dhatu Nigam Limited,394.50,395.15,386.70,392.45,391.70,394.75,,392.70,,,16023,6261332.00,816,F1,1,,,,,
2026-07-24,2026-07-24,CM,BSE,STK,541228,INE459Z01017,TRL,B,,,,,Taylormade Renewables Limited,70.00,70.00,62.35,63.31,63.75,68.54,,63.31,,,57970,3709561.00,629,F1,1,,,,,
2026-07-24,2026-07-24,CM,BSE,STK,541233,INE970X01018,LEMONTREE,A,,,,,Lemon Tree Hotels Limited,110.00,110.40,107.60,109.25,109.75,110.30,,109.35,,,262772,28548527.00,2877,F1,1,,,,,
2026-07-24,2026-07-24,CM,BSE,STK,541269,INE783X01023,CHEMFAB,T,,,,,Chemfab Alkalis Ltd,357.00,369.50,357.00,369.50,369.50,360.00,,366.10,,,306,113032.00,6,F1,1,,,,,
2026-07-24,2026-07-24,CM,BSE,STK,541276,INE626Z01029,HARDWYN,B,,,,,HARDWYN INDIA LIMITED,15.75,16.30,14.20,15.92,16.00,15.63,,15.83,,,348436,5401384.00,979,F1,1,,,,,
2026-07-24,2026-07-24,CM,BSE,STK,541299,INE871Z01013,DLCL,M,,,,,DR LALCHANDANI LABS LIMITED,7.56,7.97,7.56,7.97,7.97,7.95,,7.97,,,28000,216600.00,7,F1,4000,,,,,
2026-07-24,2026-07-24,CM,BSE,STK,541301,INE142Z01019,ORIENTELEC,B,,,,,Orient Electric Limited,175.50,177.30,170.00,170.95,170.95,174.35,,170.75,,,66942,11663747.00,880,F1,1,,,,,
2026-07-24,2026-07-24,CM,BSE,STK,541302,INE506Z01015,DHRUV,T,,,,,Dhruv Consultancy Services Lim,25.00,25.00,24.75,24.80,24.80,24.93,,24.49,,,918,22905.00,11,F1,1,,,,,
2026-07-24,2026-07-24,CM,BSE,STK,541303,INE256Z01025,AKSHAR,B,,,,,Akshar Spintex Limited,0.42,0.43,0.41,0.43,0.43,0.42,,0.42,,,83194,34815.00,36,F1,1,,,,,
2026-07-24,2026-07-24,CM,BSE,STK,541304,INE250Z01010,INDOUS,B,,,,,Indo US Bio-Tech Limited,86.07,86.40,84.96,85.01,85.00,86.13,,84.98,,,312,26681.00,21,F1,1,,,,,
2026-07-24,2026-07-24,CM,BSE,STK,541313,INF109KC1V59,BSE500IETF,A,,,,,ICICI Prudential BSE 500 ETF,38.75,38.93,38.41,38.80,38.80,38.95,,38.74,,,4922,190739.00,69,F1,1,,,,,
2026-07-24,2026-07-24,CM,BSE,STK,541336,INE896L01010,INDOSTAR,B,,,,,IndoStar Capital Finance Limit,261.20,262.30,256.20,260.35,261.00,261.05,,260.50,,,1278,332681.00,49,F1,1,,,,,
2026-07-24,2026-07-24,CM,BSE,STK,541338,INE556Z01010,UHZAVERI,B,,,,,U. H. ZAVERI LIMITED,10.45,10.78,10.05,10.16,10.39,10.45,,10.16,,,5648,57792.00,29,F1,1,,,,,
2026-07-24,2026-07-24,CM,BSE,STK,541347,INE295Z01015,PARVATI,X,,,,,Parvati Sweetners and Power Lt,6.73,6.73,6.50,6.52,6.50,6.60,,6.52,,,306161,1996486.00,48,F1,1,,,,,
2026-07-24,2026-07-24,CM,BSE,STK,541352,INE00EM01016,MEGASTAR,B,,,,,Megastar Foods Limited,342.70,343.80,333.20,338.95,343.80,346.55,,340.75,,,222,74716.00,28,F1,1,,,,,
2026-07-24,2026-07-24,CM,BSE,STK,541353,INE870Z01015,INNOVATORS,M,,,,,Innovators Facade Systems Limi,115.00,115.00,109.95,110.15,110.00,116.00,,110.15,,,19200,2147280.00,22,F1,800,,,,,
2026-07-24,2026-07-24,CM,BSE,STK,541358,INE926R01012,UCIL,XT,,,,,UNIFINZ CAPITAL INDIA LIMITED,111.55,111.90,109.00,110.00,110.00,111.95,,110.00,,,24048,2683395.00,21,F1,1,,,,,
2026-07-24,2026-07-24,CM,BSE,STK,541400,INE518E01015,ZIMLAB,T,,,,,ZIM Laboratories Limited,120.05,120.05,120.00,120.00,120.00,120.05,,120.00,,,2214,265770.00,9,F1,1,,,,,
2026-07-24,2026-07-24,CM,BSE,STK,541402,INE692Z01013,AFFORDABLE,T,,,,,Affordable Robotic & Automatio,189.95,189.95,180.00,186.40,186.95,185.05,,183.82,,,1128,204177.00,29,F1,1,,,,,
2026-07-24,2026-07-24,CM,BSE,STK,541403,INE325C01035,DOLLAR,B,,,,,Dollar Industries Limited,252.05,258.85,249.20,258.40,258.85,252.15,,258.00,,,3706,941575.00,126,F1,1,,,,,
2026-07-24,2026-07-24,CM,BSE,STK,541418,INE236Y01012,NGIL,T,,,,,NAKODA GROUP OF INDUSTRIES LIM,38.75,38.75,38.00,38.00,38.00,40.00,,38.05,,,1000,38382.00,12,F1,1,,,,,
2026-07-24,2026-07-24,CM,BSE,STK,541444,INE838Z01012,PALMJEWELS,X,,,,,Palm Jewels Limited,14.75,15.20,14.75,14.90,14.90,14.92,,14.90,,,3768,56724.00,16,F1,1,,,,,
2026-07-24,2026-07-24,CM,BSE,STK,541445,INE799N01012,WAA,M,,,,,Waa Solar Limited,44.60,44.60,42.00,42.95,42.95,44.52,,42.95,,,23200,997728.00,28,F1,800,,,,,
2026-07-24,2026-07-24,CM,BSE,STK,541450,INE364U01010,ADANIGREEN,A,,,,,Adani Green Energy Limited,1359.95,1404.40,1352.15,1394.25,1394.25,1380.05,,1395.00,,,353176,488171504.00,16590,F1,1,,,,,
2026-07-24,2026-07-24,CM,BSE,STK,541503,INE250G01010,UNICK,X,,,,,Unick Fix-A- Form and Printers,44.46,44.46,44.46,44.46,44.46,46.80,,44.46,,,644,28632.00,12,F1,1,,,,,
2026-07-24,2026-07-24,CM,BSE,STK,541540,INE624Z01016,SOLARA,B,,,,,SOLARA ACTIVE PHARMA SCIENCES,517.15,530.20,487.30,490.35,490.35,524.10,,491.90,,,32325,16270100.00,1424,F1,1,,,,,
2026-07-24,2026-07-24,CM,BSE,STK,541546,INE287Z01012,GAYAHWS,B,,,,,GAYATRI HIGHWAYS LTD,1.90,1.92,1.85,1.90,1.90,1.89,,1.88,,,5327,10014.00,37,F1,1,,,,,
2026-07-24,2026-07-24,CM,BSE,STK,541556,INE320J01015,RITES,A,,,,,RITES Limited,210.80,214.50,210.25,213.75,213.50,213.50,,213.70,,,58743,12471028.00,1192,F1,1,,,,,
2026-07-24,2026-07-24,CM,BSE,STK,541557,INE686Y01026,FINEORG,A,,,,,Fine Organic Industries Limite,4675.05,4838.20,4675.05,4831.55,4787.00,4745.10,,4828.50,,,370,1769327.00,92,F1,1,,,,,
2026-07-24,2026-07-24,CM,BSE,STK,541578,INE665L01035,VARROC,A,,,,,Varroc Engineering Limited,631.40,646.40,630.85,643.00,642.50,640.10,,642.75,,,1397,893181.00,192,F1,1,,,,,
2026-07-24,2026-07-24,CM,BSE,STK,541601,INE685Z01033,RAJNISH,B,,,,,Rajnish Wellness Limited,0.40,0.41,0.39,0.41,0.41,0.40,,0.41,,,1804656,726201.00,452,F1,1,,,,,
2026-07-24,2026-07-24,CM,BSE,STK,541627,INE173V01013,GUJWIND,X,,,,,Gujarat Winding Systems Limite,7.00,7.00,7.00,7.00,7.00,7.00,,7.00,,,305,2135.00,2,F1,1,,,,,
2026-07-24,2026-07-24,CM,BSE,STK,541634,INE960Z01014,RAWEDGE,B,,,,,Raw Edge Industrial Solutions,18.19,18.19,16.82,16.82,16.82,18.68,,16.82,,,12139,206027.00,37,F1,1,,,,,
2026-07-24,2026-07-24,CM,BSE,STK,541702,INE694W01024,ASHNI,XT,,,,,Ashnisha Industries Limited,3.46,3.70,3.46,3.60,3.60,3.62,,3.60,,,616811,2200428.00,758,F1,1,,,,,
2026-07-24,2026-07-24,CM,BSE,STK,541729,INE127D01025,HDFCAMC,A,,,,,HDFC Asset Management Company,2508.20,2532.00,2469.05,2505.70,2505.70,2508.25,,2505.70,,,88731,222929414.00,2125,F1,1,,,,,
2026-07-24,2026-07-24,CM,BSE,STK,541735,INE299W01022,VIVANTA,X,,,,,Vivanta Industries Limited,1.62,1.65,1.55,1.62,1.62,1.63,,1.62,,,59183,95151.00,181,F1,1,,,,,
2026-07-24,2026-07-24,CM,BSE,STK,541741,INE401Z01019,FRATELLI,XT,,,,,Fratelli Vineyards Limited,87.52,96.33,87.17,96.00,96.32,91.75,,96.00,,,138067,12205761.00,284,F1,1,,,,,
2026-07-24,2026-07-24,CM,BSE,STK,541770,INE741K01010,CREDITACC,A,,,,,CreditAccess Grameen Ltd.,1505.00,1521.40,1457.70,1516.90,1516.90,1503.25,,1517.60,,,9159,13759658.00,929,F1,1,,,,,
2026-07-24,2026-07-24,CM,BSE,STK,541771,INE572Z01017,AMINTAN,XT,,,,,AMIN TANNERY LIMITED,1.51,1.54,1.44,1.44,1.54,1.48,,1.44,,,41670,61164.00,41,F1,1,,,,,
2026-07-24,2026-07-24,CM,BSE,STK,541778,INE00IY01012,DEEP,X,,,,,Deep Polymers Limited,34.39,35.49,33.50,33.56,33.50,33.94,,33.56,,,21176,718089.00,112,F1,1,,,,,
2026-07-24,2026-07-24,CM,BSE,STK,541809,INF109KC1NS5,NEXT50IETF,B,,,,,ICICI Prudential Mutual Fund,73.85,75.95,73.85,75.78,75.95,75.75,,75.75,,,37338,2810640.00,419,F1,1,,,,,
2026-07-24,2026-07-24,CM,BSE,STK,541865,INE01B501018,ASRL,X,,,,,Add-Shop E-Retail Limited,6.94,6.94,6.70,6.82,6.86,6.94,,6.82,,,9769,66257.00,76,F1,1,,,,,
2026-07-24,2026-07-24,CM,BSE,STK,541890,INE797Z01028,SPACEINCUBA,XT,,,,,Space Incubatrics Technologies,0.18,0.18,0.18,0.18,0.18,0.18,,0.18,,,186244,33523.00,63,F1,1,,,,,
2026-07-24,2026-07-24,CM,BSE,STK,541929,INE00QT01015,SGIL,B,,,,,Synergy Green Industries Limit,595.65,595.65,595.60,595.60,595.60,595.60,,596.25,,,46,27397.00,41,F1,1,,,,,
2026-07-24,2026-07-24,CM,BSE,STK,541946,INF109KC1KT9,LIQUIDIETF,F,,,,,ICICI Prudential BSE Liquid Ra,1000.00,1000.01,1000.00,1000.00,1000.00,1000.00,,999.99,,,104330,104330000.00,41,F1,1,,,,,
2026-07-24,2026-07-24,CM,BSE,STK,541956,INE962Y01021,IRCON,A,,,,,IRCON International Ltd,124.35,126.65,123.45,126.10,126.10,125.50,,126.07,,,147056,18378238.00,2207,F1,1,,,,,
2026-07-24,2026-07-24,CM,BSE,STK,541967,INE01IU01018,SKYGOLD,A,,,,,Sky Gold And Diamonds Limited,648.15,660.00,633.05,650.55,653.00,648.75,,653.50,,,65080,42310463.00,1941,F1,1,,,,,
2026-07-24,2026-07-24,CM,BSE,STK,541972,INF200KA1VQ2,SETFSN50,A,,,,,SBI Mutual Fund,945.00,945.00,918.95,932.05,932.05,926.52,,932.05,,,94,87473.00,14,F1,1,,,,,
2026-07-24,2026-07-24,CM,BSE,STK,541973,INE004Z01011,MACH,M,,,,,Mac Hotels Limited,85.00,85.00,82.00,82.00,82.00,91.00,,82.00,,,4500,378000.00,3,F1,1500,,,,,
2026-07-24,2026-07-24,CM,BSE,STK,541974,INE00VM01036,MANORAMA,A,,,,,Manorama Industries Limited,1575.00,1598.00,1566.45,1586.95,1584.50,1580.10,,1585.60,,,3056,4830212.00,305,F1,1,,,,,
2026-07-24,2026-07-24,CM,BSE,STK,541988,INE216P01012,AAVAS,A,,,,,AAVAS Financiers Limited,1370.00,1400.90,1339.90,1379.55,1400.90,1387.25,,1379.00,,,9482,12937493.00,921,F1,1,,,,,
2026-07-24,2026-07-24,CM,BSE,STK,542011,INE382Z01011,GRSE,A,,,,,Garden Reach Shipbuilders & En,2573.75,2586.50,2536.35,2565.45,2581.65,2574.25,,2565.90,,,14516,37112898.00,1019,F1,1,,,,,
2026-07-24,2026-07-24,CM,BSE,STK,542012,INE911Z01025,A1L,B,,,,,A-1 LIMITED,5.77,5.77,5.50,5.72,5.72,5.50,,5.72,,,2515636,14254632.00,2508,F1,1,,,,,
2026-07-24,2026-07-24,CM,BSE,STK,542013,INE666Y01010,DOLFIN,B,,,,,Dolfin Rubbers Limited,170.95,173.95,170.00,170.50,170.50,170.95,,170.50,,,2802,478170.00,29,F1,1,,,,,
2026-07-24,2026-07-24,CM,BSE,STK,542019,INE01J501010,SHUBHAM,X,,,,,Shubham Polyspin Limited,38.90,38.90,38.50,38.60,38.60,38.35,,38.60,,,1668,64455.00,16,F1,1,,,,,
2026-07-24,2026-07-24,CM,BSE,STK,542020,INE642Z01026,AKI,B,,,,,AKI India Limited,4.24,4.43,4.24,4.34,4.36,4.52,,4.27,,,20647,88186.00,67,F1,1,,,,,
2026-07-24,2026-07-24,CM,BSE,STK,542025,INE206Z01020,SUNRETAIL,M,,,,,Sun Retail Limited,0.29,0.29,0.29,0.29,0.29,0.28,,0.29,,,48000,13920.00,1,F1,48000,,,,,
2026-07-24,2026-07-24,CM,BSE,STK,542034,INE00Q901014,SMGOLD,B,,,,,S. M. Gold Limited,12.24,12.24,11.90,12.00,12.00,12.05,,12.00,,,1838,22111.00,35,F1,1,,,,,
2026-07-24,2026-07-24,CM,BSE,STK,542046,INE647Z01025,VIVIDM,B,,,,,VIVID MERCANTILE LIMITED,6.26,6.26,5.99,6.17,6.18,6.10,,6.17,,,9493,58376.00,50,F1,1,,,,,
2026-07-24,2026-07-24,CM,BSE,STK,542057,INE00SW01015,BCPL,B,,,,,BCPL Railway Infrastructure Li,71.29,71.29,69.15,70.16,70.39,70.06,,70.27,,,691,48311.00,75,F1,1,,,,,
2026-07-24,2026-07-24,CM,BSE,STK,542066,INE399L01023,ATGL,A,,,,,ADANI TOTAL GAS LIMITED,653.00,663.70,648.85,653.20,653.20,664.05,,652.85,,,105585,69213255.00,3362,F1,1,,,,,
2026-07-24,2026-07-24,CM,BSE,STK,542123,INE398C01016,PHOSPHATE,X,,,,,The Phosphate Company Limited,145.00,145.00,145.00,145.00,145.00,145.00,,145.00,,,10,1450.00,2,F1,1,,,,,
2026-07-24,2026-07-24,CM,BSE,STK,542131,INF769K01EG9,NIFTYETF,B,,,,,Mirae Asset Mutual Fund,259.00,259.00,256.61,258.65,258.81,259.65,,258.50,,,5909,1522469.00,286,F1,1,,,,,
2026-07-24,2026-07-24,CM,BSE,STK,542141,INE285K01026,TECHNOE,A,,,,,Techno Electric & Engineering,991.80,1004.00,985.00,993.60,1000.45,996.10,,991.90,,,11137,11057494.00,1052,F1,1,,,,,
2026-07-24,2026-07-24,CM,BSE,STK,542145,INE02AP01013,RONI,M,,,,,Roni Households Limited,35.28,35.30,35.28,35.30,35.30,35.30,,35.30,,,3600,127044.00,2,F1,1800,,,,,
2026-07-24,2026-07-24,CM,BSE,STK,542146,INE951Z01013,SKIFL,M,,,,,Shree Krishna Infrastructure L,7.67,7.67,7.67,7.67,7.67,7.32,,7.67,,,1250,9587.00,1,F1,1250,,,,,
2026-07-24,2026-07-24,CM,BSE,STK,542176,INE016X01010,ARYAN,X,,,,,Aryan Share & Stock Brokers Lt,17.51,18.36,17.51,18.36,18.36,17.49,,18.36,,,3,54.00,2,F1,1,,,,,
2026-07-24,2026-07-24,CM,BSE,STK,542206,INE139E01028,NIVAKA,X,,,,,NIVAKA FASHIONS LIMITED,0.49,0.49,0.47,0.47,0.47,0.49,,0.47,,,370331,175703.00,98,F1,1,,,,,
2026-07-24,2026-07-24,CM,BSE,STK,542216,INE00R701025,DALBHARAT,A,,,,,DALMIA BHARAT LIMITED,1850.00,1870.00,1780.20,1808.75,1801.00,1855.30,,1810.80,,,21650,39505167.00,4058,F1,1,,,,,
2026-07-24,2026-07-24,CM,BSE,STK,542230,INF209KB16D7,ABSLNN50ET,B,,,,,Aditya Birla Sun Life Mutual F,74.96,75.67,74.91,75.43,75.43,75.47,,75.56,,,237,17831.00,12,F1,1,,,,,
2026-07-24,2026-07-24,CM,BSE,STK,542231,INE00S901012,NILASPACES,B,,,,,Nila Spaces Ltd,11.62,11.98,11.62,11.89,11.85,11.78,,11.89,,,49121,578754.00,179,F1,1,,,,,
2026-07-24,2026-07-24,CM,BSE,STK,542232,INE01NE01012,SRD,B,,,,,Shankar Lal Rampal Dye-Chem Li,37.20,37.99,37.00,37.45,37.45,37.77,,37.92,,,1529,56833.00,22,F1,1,,,,,
2026-07-24,2026-07-24,CM,BSE,STK,542233,INE00CA01015,TREJHARA,B,,,,,Trejhara Solutions Limited,138.00,139.75,137.10,137.10,137.10,138.20,,138.74,,,108,14986.00,11,F1,1,,,,,
2026-07-24,2026-07-24,CM,BSE,STK,542248,INE452W01019,DECCAN,T,,,,,Deccan Health Care Limited,12.65,12.99,12.17,12.46,12.95,12.64,,12.46,,,4147,52263.00,18,F1,1,,,,,
2026-07-24,2026-07-24,CM,BSE,STK,542285,INE02EZ01022,AXITA,B,,,,,Axita Cotton Limited,7.46,7.46,7.31,7.33,7.33,7.33,,7.36,,,55193,406634.00,190,F1,1,,,,,
2026-07-24,2026-07-24,CM,BSE,STK,542323,INE542W01025,KPIGREEN,A,,,,,KPI Green Energy Limited,388.15,394.95,383.05,390.00,391.80,390.25,,390.20,,,22560,8779448.00,805,F1,1,,,,,
2026-07-24,2026-07-24,CM,BSE,STK,542333,INE425Y01011,RPSGVENT,B,,,,,RPSG VENTURES LIMITED,896.00,897.20,890.05,890.10,890.05,894.25,,893.90,,,171,152760.00,30,F1,1,,,,,
2026-07-24,2026-07-24,CM,BSE,STK,542337,INE020801028,SPENCERS,B,,,,,Spencer's Retail Limited,34.61,35.32,32.65,33.08,32.95,34.39,,33.06,,,4755,160387.00,228,F1,1,,,,,
2026-07-24,2026-07-24,CM,BSE,STK,542351,INE350Z01018,GLOSTERLTD,B,,,,,Gloster Ltd,680.75,688.00,670.05,685.80,688.00,685.60,,683.80,,,563,385189.00,35,F1,1,,,,,
2026-07-24,2026-07-24,CM,BSE,STK,542367,INE01P501012,XELPMOC,B,,,,,Xelpmoc Design and Tech Limite,80.01,83.50,77.11,81.94,82.00,81.29,,81.42,,,1364,109175.00,151,F1,1,,,,,
2026-07-24,2026-07-24,CM,BSE,STK,542376,INE726X01014,SPACAPS,XT,,,,,SPA Capital Services Limited,203.30,203.30,203.30,203.30,203.30,214.00,,203.30,,,5,1016.00,1,F1,1,,,,,
2026-07-24,2026-07-24,CM,BSE,STK,542383,INE01EG01016,RITCO,B,,,,,Ritco Logistics Limited,294.15,305.15,291.75,296.85,300.00,295.05,,297.20,,,9566,2872704.00,310,F1,1,,,,,
2026-07-24,2026-07-24,CM,BSE,STK,542399,INE427F01016,CHALET,A,,,,,Chalet Hotels Limited,819.10,822.75,809.30,815.05,814.80,819.10,,814.40,,,1924,1565982.00,125,F1,1,,,,,
2026-07-24,2026-07-24,CM,BSE,STK,542437,INE02AR01019,ANMOL,B,,,,,Anmol India Limited,10.29,10.29,10.04,10.09,10.09,10.29,,10.12,,,12134,122516.00,76,F1,1,,,,,
2026-07-24,2026-07-24,CM,BSE,STK,542446,INE793Z01027,JONJUA,MT,,,,,Jonjua Overseas Limited,3.40,3.42,3.39,3.42,3.42,3.26,,3.42,,,62673,213714.00,12,F1,4821,,,,,
2026-07-24,2026-07-24,CM,BSE,STK,542459,INE911T01010,KRANTI,B,,,,,Kranti Industries Limited,51.93,52.94,50.58,51.69,51.69,51.61,,51.69,,,9205,474994.00,204,F1,1,,,,,
2026-07-24,2026-07-24,CM,BSE,STK,542460,INE294Z01018,ANUP,B,,,,,The Anup Engineering Ltd,2117.55,2142.75,2068.20,2116.85,2120.00,2104.25,,2119.30,,,1062,2242848.00,149,F1,1,,,,,
2026-07-24,2026-07-24,CM,BSE,STK,542484,INE955V01021,ARVINDFASN,A,,,,,Arvind Fashions Limited,480.00,480.00,460.05,462.85,462.40,477.15,,462.65,,,7070,3310414.00,281,F1,1,,,,,
2026-07-24,2026-07-24,CM,BSE,STK,542503,INE00CX01017,MAHIP,MT,,,,,Mahip Industries Limited,17.99,17.99,17.99,17.99,17.99,18.93,,17.99,,,4000,71960.00,1,F1,4000,,,,,
2026-07-24,2026-07-24,CM,BSE,STK,542513,INF789F1AUU3,SNXT50BETA,A,,,,,UTI BSE  Sensex Next 50 ETF,92.54,92.65,91.81,92.18,91.81,92.54,,92.57,,,107,9859.00,27,F1,1,,,,,
2026-07-24,2026-07-24,CM,BSE,STK,542524,INE342U01016,AIHL,X,,,,,AMBASSADOR INTRA HOLDINGS LIMI,33.99,33.99,33.99,33.99,33.99,33.99,,33.99,,,1,33.00,1,F1,1,,,,,
2026-07-24,2026-07-24,CM,BSE,STK,542543,INE05KD23015,ENERGYINF,IF,,,,,Energy Infrastructure Trust,74.50,74.99,73.95,74.40,74.40,73.95,,74.40,,,675000,50263250.00,22,F1,25000,,,,,
2026-07-24,2026-07-24,CM,BSE,STK,542579,INE05FR01029,AGOL,B,,,,,Ashapuri Gold Ornament Limited,3.81,3.96,3.75,3.84,3.84,3.84,,3.84,,,380507,1443740.00,755,F1,1,,,,,
2026-07-24,2026-07-24,CM,BSE,STK,542580,INE01C001026,AARTECH,T,,,,,Aartech Solonics Limited,47.03,47.03,47.03,47.03,47.03,47.43,,47.93,,,55,2586.00,2,F1,1,,,,,
2026-07-24,2026-07-24,CM,BSE,STK,542592,INE02PC01027,HBEL,MT,,,,,Humming Bird Education Limited,14.70,14.70,14.70,14.70,14.70,14.00,,14.70,,,2500,36750.00,2,F1,1250,,,,,
2026-07-24,2026-07-24,CM,BSE,STK,542597,INE255X01014,MSTCLTD,B,,,,,MSTC Limited,600.00,612.25,586.50,607.95,610.80,596.95,,607.25,,,12251,7356773.00,346,F1,1,,,,,
2026-07-24,2026-07-24,CM,BSE,STK,542602,INE041025011,EMBASSY,IF,,,,,Embassy Office Parks REIT,440.00,441.50,437.05,438.46,439.59,442.04,,437.98,,,105873,46353645.00,854,F1,1,,,,,
2026-07-24,2026-07-24,CM,BSE,STK,542627,INE01GZ01011,CHANDNIMACH,XT,,,,,Chandni Machines Limited,103.50,105.00,101.50,103.61,103.50,102.00,,103.61,,,5835,603030.00,57,F1,1,,,,,
2026-07-24,2026-07-24,CM,BSE,STK,542628,INE01BL01012,NSL,B,,,,,Northern Spirits Limited,133.25,134.75,131.55,133.25,132.75,133.30,,133.25,,,2324,307645.00,112,F1,1,,,,,
2026-07-24,2026-07-24,CM,BSE,STK,542649,INE415G01027,RVNL,A,,,,,Rail Vikas Nigam Limited,221.35,225.85,220.75,224.55,224.55,224.30,,224.53,,,662954,148224053.00,7868,F1,1,,,,,
2026-07-24,2026-07-24,CM,BSE,STK,542650,INE112L01020,METROPOLIS,A,,,,,Metropolis Healthcare Limited,571.25,575.00,566.20,571.15,575.00,566.75,,570.30,,,7232,4117906.00,401,F1,1,,,,,
2026-07-24,2026-07-24,CM,BSE,STK,542651,INE04I401011,KPITTECH,A,,,,,KPIT Technologies Ltd,549.35,586.85,546.50,583.00,583.00,550.45,,583.20,,,341023,196254163.00,5918,F1,1,,,,,
2026-07-24,2026-07-24,CM,BSE,STK,542652,INE455K01017,POLYCAB,A,,,,,Polycab India Limited,8870.55,8970.95,8840.30,8905.40,8905.40,8936.15,,8907.50,,,12721,113363560.00,3922,F1,1,,,,,
2026-07-24,2026-07-24,CM,BSE,STK,542654,INE06LG01010,VRFILMS,B,,,,,V R FILMS & STUDIOS LIMITED,14.99,14.99,14.99,14.99,14.99,14.99,,14.99,,,7,104.00,3,F1,1,,,,,
2026-07-24,2026-07-24,CM,BSE,STK,542655,INE161L01027,VIKASLIFE,B,,,,,VIKAS LIFECARE LIMITED,1.29,1.36,1.28,1.32,1.32,1.29,,1.31,,,562619,739105.00,10750,F1,1,,,,,
2026-07-24,2026-07-24,CM,BSE,STK,542665,INE136S01016,NEOGEN,B,,,,,Neogen Chemicals Limited,2096.65,2105.40,2030.80,2063.35,2063.65,2086.90,,2062.80,,,2074,4281711.00,377,F1,1,,,,,
2026-07-24,2026-07-24,CM,BSE,STK,542666,INE05QJ01015,GKP,B,,,,,G. K. P. Printing & Packaging,5.61,5.78,5.41,5.69,5.69,5.63,,5.69,,,3560,20054.00,35,F1,1,,,,,
2026-07-24,2026-07-24,CM,BSE,STK,542668,INE06TD01010,EVANS,M,,,,,EVANS ELECTRIC LIMITED,66.00,70.00,66.00,69.00,69.00,65.80,,69.00,,,6000,409900.00,6,F1,1000,,,,,
2026-07-24,2026-07-24,CM,BSE,STK,542669,INE374E01021,BMW,X,,,,,BMW INDUSTRIES LIMITED,54.05,55.40,54.05,55.14,55.14,55.07,,55.14,,,115257,6303342.00,365,F1,1,,,,,
2026-07-24,2026-07-24,CM,BSE,STK,542670,INE757T01025,AEPL,B,,,,,Artemis Electricals and Projec,15.29,15.45,14.80,15.02,15.00,14.99,,14.96,,,1202,18018.00,25,F1,1,,,,,
2026-07-24,2026-07-24,CM,BSE,STK,542677,INE01MO01013,MAHESH,XT,,,,,Mahesh Developers Limited,37.98,37.98,37.98,37.98,37.98,39.97,,37.98,,,32,1215.00,3,F1,1,,,,,
2026-07-24,2026-07-24,CM,BSE,STK,542679,INE413F01016,DEL,X,,,,,Dhanashree Electronics Limited,140.45,140.45,140.45,140.45,140.45,147.80,,140.45,,,103,14466.00,10,F1,1,,,,,
2026-07-24,2026-07-24,CM,BSE,STK,542682,INE01K301012,HARISH,X,,,,,Harish Textile Engineers Limit,66.06,69.00,65.20,66.60,66.99,69.15,,66.60,,,2812,187712.00,27,F1,1,,,,,
2026-07-24,2026-07-24,CM,BSE,STK,542684,INE050001010,PPL,T,,,,,Prakash Pipes Limited,276.70,276.70,261.20,264.50,263.15,271.80,,270.60,,,4401,1172041.00,90,F1,1,,,,,
2026-07-24,2026-07-24,CM,BSE,STK,542721,INE02GA01012,ARL,B,,,,,Anand Rayons Limited,53.89,53.89,50.49,50.75,51.80,51.89,,50.75,,,5915,302693.00,217,F1,1,,,,,
2026-07-24,2026-07-24,CM,BSE,STK,542725,INE04AK01028,SBC,B,,,,,SBC EXPORTS LIMITED,42.35,42.36,42.04,42.13,42.04,42.14,,42.07,,,23007,969486.00,138,F1,1,,,,,
2026-07-24,2026-07-24,CM,BSE,STK,542726,INE933S01016,INDIAMART,A,,,,,IndiaMART InterMESH Limited,1792.05,1800.00,1752.00,1757.85,1761.10,1792.45,,1759.70,,,18786,33217017.00,2156,F1,1,,,,,
2026-07-24,2026-07-24,CM,BSE,STK,542727,INE056001014,CPML,M,,,,,CITY PULSE MULTIVENTURES LIMIT,521.35,521.35,521.35,521.35,521.35,548.75,,521.35,,,100,52135.00,2,F1,50,,,,,
2026-07-24,2026-07-24,CM,BSE,STK,542728,INE04ST01013,SKIEL,MT,,,,,SK International Export Limite,24.40,24.40,24.40,24.40,24.40,25.50,,24.40,,,6000,146400.00,1,F1,6000,,,,,
2026-07-24,2026-07-24,CM,BSE,STK,542729,INE08KP01019,DCMNVL,T,,,,,DCM NOUVELLE LIMITED,142.05,150.85,142.05,150.85,150.85,147.00,,143.60,,,462,65935.00,9,F1,1,,,,,
2026-07-24,2026-07-24,CM,BSE,STK,542730,INF109KC15I8,BANKIETF,B,,,,,ICICI Prudential Mutual Fund,57.67,58.41,57.62,58.15,58.21,58.20,,58.31,,,95054,5514622.00,270,F1,1,,,,,
2026-07-24,2026-07-24,CM,BSE,STK,542747,INF204KB15D0,SNXT50BEES,A,,,,,NIPPON INDIA ETF SENSEX NEXT 5,90.01,91.00,89.80,90.73,90.00,90.81,,90.73,,,4028,364151.00,93,F1,1,,,,,
2026-07-24,2026-07-24,CM,BSE,STK,542752,INE00WC01027,AFFLE,A,,,,,AFFLE 3I LIMITED,1458.00,1464.60,1420.00,1444.35,1461.00,1461.20,,1445.20,,,15861,22917509.00,1521,F1,1,,,,,
2026-07-24,2026-07-24,CM,BSE,STK,542758,INF109KC18U7,PVTBANIETF,B,,,,,ICICI Prudential Mutual Fund,28.20,28.20,26.83,27.57,27.62,27.52,,27.56,,,72609,1992566.00,395,F1,1,,,,,
2026-07-24,2026-07-24,CM,BSE,STK,542759,INE572J01011,SPANDANA,B,,,,,Spandana Sphoorty Financial Li,290.95,290.95,258.05,261.35,261.35,291.75,,261.50,,,75047,20118375.00,2918,F1,1,,,,,
2026-07-24,2026-07-24,CM,BSE,STK,542760,INE00M201021,SWSOLAR,B,,,,,STERLING AND WILSON RENEWABLE,204.05,208.70,200.10,207.90,207.90,206.45,,207.93,,,72475,14821458.00,1050,F1,1,,,,,
2026-07-24,2026-07-24,CM,BSE,STK,542770,INE08E401029,ALPHALOGIC,B,,,,,Alphalogic Techsys Limited,38.50,43.50,38.50,41.52,42.55,41.00,,41.52,,,7355,300978.00,117,F1,1,,,,,
2026-07-24,2026-07-24,CM,BSE,STK,542772,INE466L01038,360ONE,A,,,,,360 ONE WAM LIMITED,1068.25,1104.55,1065.75,1101.30,1101.55,1086.05,,1102.30,,,64118,69444867.00,4685,F1,1,,,,,
2026-07-24,2026-07-24,CM,BSE,STK,542773,INE489L01022,IIFLCAPS,A,,,,,IIFL CAPITAL SERVICES LIMITED,339.70,343.40,338.00,339.60,339.00,339.20,,340.20,,,12823,4358022.00,218,F1,1,,,,,
2026-07-24,2026-07-24,CM,BSE,STK,542774,INE08KJ01020,MUFIN,B,,,,,MUFIN GREEN FINANCE LIMITED,125.20,126.25,122.20,124.40,124.40,125.50,,124.33,,,40782,5062336.00,262,F1,1,,,,,
2026-07-24,2026-07-24,CM,BSE,STK,542802,INE906Y01028,GALACTICO,B,,,,,Galactico Corporate Services L,2.01,2.01,1.91,1.98,1.99,1.98,,1.98,,,31814,62513.00,101,F1,1,,,,,
2026-07-24,2026-07-24,CM,BSE,STK,542803,INE560T01015,VEL,X,,,,,Vaxfab Enterprises Limited,61.00,63.24,61.00,62.40,62.68,62.49,,62.40,,,2775,172340.00,39,F1,1,,,,,
2026-07-24,2026-07-24,CM,BSE,STK,542812,INE09N301011,FLUOROCHEM,A,,,,,Gujarat Fluorochemicals Limite,4530.00,4628.90,4470.10,4597.70,4604.00,4575.10,,4575.20,,,17707,80434772.00,498,F1,1,,,,,
2026-07-24,2026-07-24,CM,BSE,STK,542830,INE335Y01020,IRCTC,A,,,,,Indian Railway Catering and To,492.80,495.85,489.00,495.20,495.20,493.85,,495.05,,,36723,18060190.00,1636,F1,1,,,,,
2026-07-24,2026-07-24,CM,BSE,STK,542852,INE430N01022,VISHWARAJ,B,,,,,Vishwaraj Sugar Industries Lim,5.47,5.47,5.05,5.19,5.19,5.26,,5.19,,,19962,102673.00,90,F1,1,,,,,
2026-07-24,2026-07-24,CM,BSE,STK,542857,INE08ZM01014,GREENPANEL,B,,,,,Greenpanel Industries Limited,191.85,195.10,189.40,194.00,194.25,193.15,,194.21,,,2915,563247.00,123,F1,1,,,,,
2026-07-24,2026-07-24,CM,BSE,STK,542862,INE052001026,SHAHLON,X,,,,,Shahlon Silk Industries Limite,26.70,26.70,26.03,26.10,26.10,26.69,,26.10,,,2701,71039.00,12,F1,1,,,,,
2026-07-24,2026-07-24,CM,BSE,STK,542863,INF209KB17D5,ABSLBANETF,B,,,,,Aditya Birla Sun Life Mutual F,57.96,58.32,57.50,58.25,58.25,58.18,,58.25,,,545,31574.00,20,F1,1,,,,,
2026-07-24,2026-07-24,CM,BSE,STK,542865,INE490Z01012,ANUROOP,B,,,,,Anuroop Packaging Limited,12.04,12.04,11.55,11.62,11.62,12.04,,11.62,,,10615,125874.00,35,F1,1,,,,,
2026-07-24,2026-07-24,CM,BSE,STK,542867,INE679A01013,CSBBANK,A,,,,,CSB Bank Limited,339.00,342.40,331.65,340.65,340.25,338.30,,340.90,,,16548,5571644.00,475,F1,1,,,,,
2026-07-24,2026-07-24,CM,BSE,STK,542904,INE551W01018,UJJIVANSFB,A,,,,,Ujjivan Small Finance Bank Lim,71.30,71.51,67.97,70.69,70.69,68.83,,70.72,,,6595892,460097447.00,18314,F1,1,,,,,
2026-07-24,2026-07-24,CM,BSE,STK,542905,INE05AN01011,HINDWAREAP,B,,,,,Hindware Home Innovation Limit,210.05,215.00,206.90,212.15,215.00,211.35,,211.90,,,5015,1059124.00,145,F1,1,,,,,
2026-07-24,2026-07-24,CM,BSE,STK,542906,INE771C01014,EASUN,XT,,,,,Easun Capital Markets Limited,42.27,42.27,42.27,42.27,42.27,44.49,,42.27,,,1,42.00,1,F1,1,,,,,
2026-07-24,2026-07-24,CM,BSE,STK,542907,INE689W01016,PRINCEPIPE,B,,,,,Prince Pipes and Fittings Limi,258.00,261.90,251.70,261.40,260.50,257.05,,261.20,,,8344,2132750.00,319,F1,1,,,,,
2026-07-24,2026-07-24,CM,BSE,STK,542909,INF754K01KO2,EBBETF0430,F,,,,,Edelweiss Mutual Fund,1603.51,1607.77,1601.71,1607.41,1607.77,1604.24,,1606.03,,,155,248641.00,28,F1,1,,,,,
2026-07-24,2026-07-24,CM,BSE,STK,542910,INE08RT01016,VALENCIA,MS,,,,,Valencia Nutrition Limited,47.00,47.00,47.00,47.00,47.00,46.40,,47.00,,,1500,70500.00,1,F1,1500,,,,,
2026-07-24,2026-07-24,CM,BSE,STK,542918,INE063601012,GIANLIFE,Z,,,,,Gian Life Care Limited,4.65,4.87,4.59,4.60,4.60,4.72,,4.60,,,17681,82214.00,53,F1,1,,,,,
2026-07-24,2026-07-24,CM,BSE,STK,542919,INE025R01021,ARTEMISMED,B,,,,,Artemis Medicare Services Limi,272.15,277.00,268.00,275.85,276.85,271.85,,275.75,,,11053,3053130.00,169,F1,1,,,,,
2026-07-24,2026-07-24,CM,BSE,STK,542920,INE258G01013,SUMICHEM,A,,,,,SUMITOMO CHEMICAL INDIA LIMITE,524.25,530.30,515.15,520.10,520.00,531.20,,520.45,,,25061,13058617.00,768,F1,1,,,,,
2026-07-24,2026-07-24,CM,BSE,STK,542921,INF109KC11W8,MIDCAPIETF,B,,,,,ICICI Prudential Mutual Fund,23.47,23.56,23.20,23.55,23.56,23.50,,23.52,,,43887,1023111.00,163,F1,1,,,,,
2026-07-24,2026-07-24,CM,BSE,STK,542922,INF769K01FN2,NEXT50,B,,,,,Mirae Asset Mutual Fund,736.00,742.09,733.65,741.24,741.24,740.80,,740.35,,,408,300585.00,38,F1,1,,,,,
2026-07-24,2026-07-24,CM,BSE,STK,542933,INE03V001013,UNIVPHOTO,T,,,,,UNIVERSUS PHOTO IMAGINGS LIMIT,480.00,480.55,480.00,480.55,480.55,480.55,,475.75,,,98,47068.00,8,F1,1,,,,,
2026-07-24,2026-07-24,CM,BSE,STK,542934,INE07QQ01016,CBPL,M,,,,,Chandra Bhagat Pharma Limited,33.00,33.00,32.00,32.00,32.00,33.00,,32.00,,,2000,65000.00,2,F1,1000,,,,,
2026-07-24,2026-07-24,CM,BSE,STK,543064,INE03QK01018,COHANCE,A,,,,,Cohance Lifesciences Limited,418.10,420.95,411.05,417.60,420.00,422.40,,417.15,,,30700,12776545.00,1128,F1,1,,,,,
2026-07-24,2026-07-24,CM,BSE,STK,543066,INE018E01016,SBICARD,A,,,,,SBI CARDS AND PAYMENT SERVICES,617.45,625.45,611.30,618.95,618.95,621.75,,618.75,,,27525,17016928.00,1019,F1,1,,,,,
2026-07-24,2026-07-24,CM,BSE,STK,543071,INF204KB10R1,07AGG,F,,,,,Nippon India Mutual Fund,12.00,12.00,11.76,11.78,12.00,12.94,,11.78,,,2860,34316.00,15,F1,1,,,,,
2026-07-24,2026-07-24,CM,BSE,STK,543079,INF204KB16R8,07GPG,F,,,,,Nippon India Mutual Fund,3.99,3.99,3.46,3.48,3.97,3.83,,3.48,,,335,1309.00,9,F1,1,,,,,
2026-07-24,2026-07-24,CM,BSE,STK,543083,INF204KB10P5,09MPD,F,,,,,Nippon India Mutual Fund,0.30,0.30,0.30,0.30,0.30,0.28,,0.30,,,1,0.00,1,F1,1,,,,,
2026-07-24,2026-07-24,CM,BSE,STK,543110,INF789F1ARQ7,UTCRFS2RGR,F,,,,,UTI Mutual Fund,4.90,4.90,4.02,4.02,4.05,4.46,,4.02,,,5023,20871.00,29,F1,1,,,,,
2026-07-24,2026-07-24,CM,BSE,STK,543144,INF204KB11T5,08MPD,B,,,,,Nippon India Mutual Fund,5.35,5.85,5.00,5.44,5.44,5.35,,5.44,,,1305,6878.00,10,F1,1,,,,,
2026-07-24,2026-07-24,CM,BSE,STK,543150,INF204KB16S6,08GPG,B,,,,,Nippon India Mutual Fund,2.17,2.17,1.83,1.84,1.89,1.99,,1.84,,,8211,15936.00,31,F1,1,,,,,
2026-07-24,2026-07-24,CM,BSE,STK,543161,INF204KB14P7,10AGG,F,,,,,Nippon India Mutual Fund,98.90,98.90,98.79,98.85,98.79,98.79,,98.85,,,13,1285.00,3,F1,1,,,,,
2026-07-24,2026-07-24,CM,BSE,STK,543171,INE0BDU01028,ROJL,B,,,,,RO Jewels Limited,1.46,1.75,1.46,1.70,1.70,1.75,,1.70,,,107891,186278.00,35,F1,1,,,,,
2026-07-24,2026-07-24,CM,BSE,STK,543172,INE0CQB01010,COSPOWER,MT,,,,,Cospower Engineering Limited,1911.00,1915.00,1910.00,1910.00,1910.00,1912.00,,1910.00,,,375,717000.00,3,F1,125,,,,,
2026-07-24,2026-07-24,CM,BSE,STK,543174,INF204KB10U5,11GPG,B,,,,,Nippon India Mutual Fund,1.67,1.72,1.65,1.72,1.72,1.67,,1.72,,,16533,27709.00,22,F1,1,,,,,
2026-07-24,2026-07-24,CM,BSE,STK,543175,INF204KB15U4,11MPD,B,,,,,Nippon India Mutual Fund,2.73,2.94,2.73,2.80,2.80,2.72,,2.80,,,3,8.00,3,F1,1,,,,,
2026-07-24,2026-07-24,CM,BSE,STK,543176,INF204KB16U2,11MPR,B,,,,,Nippon India Mutual Fund,59.44,59.44,55.00,55.00,55.00,54.06,,55.00,,,7,411.00,3,F1,1,,,,,
2026-07-24,2026-07-24,CM,BSE,STK,543177,INF204KB11U3,11QPD,B,,,,,Nippon India Mutual Fund,6.27,6.27,5.65,6.23,6.25,6.27,,6.23,,,906,5613.00,20,F1,1,,,,,
2026-07-24,2026-07-24,CM,BSE,STK,543181,INF204KB13T1,11AGG,B,,,,,Nippon India Mutual Fund,23.73,25.98,22.03,23.39,22.03,23.62,,23.39,,,165,4004.00,16,F1,1,,,,,
2026-07-24,2026-07-24,CM,BSE,STK,543182,INF204KB18T0,11AMD,B,,,,,Nippon India Mutual Fund,32.32,32.32,29.76,30.79,30.79,29.76,,30.79,,,283,8636.00,10,F1,1,,,,,
2026-07-24,2026-07-24,CM,BSE,STK,543184,INF204KB14T9,11AQD,B,,,,,Nippon India Mutual Fund,27.74,27.74,26.98,26.98,26.98,25.27,,26.98,,,21,567.00,3,F1,1,,,,,
2026-07-24,2026-07-24,CM,BSE,STK,543186,INF204KB13U9,11DPD,B,,,,,Nippon India Mutual Fund,3.50,3.79,3.25,3.60,3.60,3.49,,3.60,,,1427,5102.00,21,F1,1,,,,,
2026-07-24,2026-07-24,CM,BSE,STK,543187,INE07Y701011,POWERINDIA,A,,,,,HITACHI ENERGY INDIA LIMITED,32083.00,32350.00,31000.00,31069.50,31069.50,32074.60,,31070.00,,,8314,262739727.00,3033,F1,1,,,,,
2026-07-24,2026-07-24,CM,BSE,STK,543193,INE0B1K01014,DJML,B,,,,,DJ Mediaprint & Logistics Limi,110.95,115.75,108.75,115.10,113.45,109.50,,114.47,,,57887,6556170.00,897,F1,1,,,,,
2026-07-24,2026-07-24,CM,BSE,STK,543207,INE06MM01016,NATURAL,X,,,,,Natural Biocon (India) Limited,3.72,3.72,3.43,3.64,3.64,3.58,,3.64,,,8640,30749.00,55,F1,1,,,,,
2026-07-24,2026-07-24,CM,BSE,STK,543208,INE745R01024,REGIS,X,,,,,REGIS INDUSTRIES LIMITED,2.17,2.25,2.03,2.16,2.15,2.20,,2.16,,,104736,226871.00,104,F1,1,,,,,
2026-07-24,2026-07-24,CM,BSE,STK,543209,INE0CRS01012,BILLWIN,M,,,,,Billwin Industries Limited,20.25,20.25,19.50,19.99,19.50,23.65,,19.99,,,9000,179910.00,3,F1,3000,,,,,
2026-07-24,2026-07-24,CM,BSE,STK,543210,INE09EO01013,AARTISURF,B,,,,,Aarti Surfactants Limited,385.85,385.85,375.60,383.00,383.00,385.85,,381.65,,,579,220720.00,58,F1,1,,,,,
2026-07-24,2026-07-24,CM,BSE,STK,543211,INE0B9A01018,BONLON,B,,,,,BONLON INDUSTRIES LIMITED,41.20,41.91,41.20,41.90,41.90,41.00,,40.96,,,12,502.00,3,F1,1,,,,,
2026-07-24,2026-07-24,CM,BSE,STK,543212,INE02PY01013,BOROLTD,B,,,,,Borosil Limited,230.10,236.60,228.50,232.80,232.80,233.65,,232.34,,,4752,1101522.00,152,F1,1,,,,,
2026-07-24,2026-07-24,CM,BSE,STK,543213,INE02A801020,ROSSARI,B,,,,,ROSSARI BIOTECH LIMITED,486.05,498.05,486.05,489.30,489.00,491.10,,489.80,,,3377,1666755.00,203,F1,1,,,,,
2026-07-24,2026-07-24,CM,BSE,STK,543214,INE07OG01012,NDRAUTO,B,,,,,NDR Auto Components Limited,822.85,910.95,785.10,814.10,811.05,818.95,,812.75,,,4394,3631431.00,539,F1,1,,,,,
2026-07-24,2026-07-24,CM,BSE,STK,543217,INE0CCU25019,MINDSPACE,IF,,,,,Mindspace Business Parks REIT,491.90,491.90,483.98,484.25,485.20,491.01,,484.58,,,4942,2407920.00,397,F1,1,,,,,
2026-07-24,2026-07-24,CM,BSE,STK,543218,INE05ST01028,SBGLP,B,,,,,SURATWWALA BUSINESS GROUP LIMI,24.71,24.75,24.58,24.75,24.75,24.70,,24.42,,,69,1703.00,6,F1,1,,,,,
2026-07-24,2026-07-24,CM,BSE,STK,543219,INF109KC17V7,ALPL30IETF,B,,,,,ICICI Prudential Mutual Fund,27.70,27.83,27.61,27.78,27.77,27.91,,27.75,,,12684,351720.00,66,F1,1,,,,,
2026-07-24,2026-07-24,CM,BSE,STK,543220,INE027H01010,MAXHEALTH,A,,,,,Max Healthcare Institute Limit,1066.50,1086.95,1066.50,1081.50,1078.90,1083.70,,1080.40,,,14615,15720840.00,1009,F1,1,,,,,
2026-07-24,2026-07-24,CM,BSE,STK,543221,INF109KC16I6,ITIETF,B,,,,,ICICI Prudential Mutual Fund,31.57,32.09,31.36,32.00,32.00,31.66,,31.97,,,12822,406052.00,91,F1,1,,,,,
2026-07-24,2026-07-24,CM,BSE,STK,543223,INE0CG601016,MAXIND,B,,,,,Max India Limited,177.95,184.95,174.10,182.45,182.45,165.80,,182.11,,,62089,11140268.00,1383,F1,1,,,,,
2026-07-24,2026-07-24,CM,BSE,STK,543224,INF179KC1HY0,HDFCNIFBAN,B,,,,,HDFC Mutual Fund,58.10,58.56,57.86,58.55,58.56,58.27,,58.45,,,962,56149.00,32,F1,1,,,,,
2026-07-24,2026-07-24,CM,BSE,STK,543225,INE0BWS23018,ALTIUSINVIT,IF,,,,,Altius Telecom Infrastructure,170.50,171.00,170.50,171.00,171.00,171.00,,171.00,,,350000,59837500.00,13,F1,25000,,,,,
2026-07-24,2026-07-24,CM,BSE,STK,543226,INF789F1AUV1,BANKBETA,B,,,,,UTI Mutual Fund,58.05,58.84,57.55,58.83,58.83,58.64,,58.74,,,2116,123319.00,30,F1,1,,,,,
2026-07-24,2026-07-24,CM,BSE,STK,543227,INE419U01012,HAPPSTMNDS,A,,,,,Happiest Minds Technologies Li,363.00,373.95,360.00,372.25,372.25,365.75,,372.55,,,40618,14912002.00,1207,F1,1,,,,,
2026-07-24,2026-07-24,CM,BSE,STK,543228,INE450U01017,ROUTE,B,,,,,Route Mobile Limited,588.80,609.25,563.00,571.20,571.20,600.65,,568.75,,,513503,301410318.00,11903,F1,1,,,,,
2026-07-24,2026-07-24,CM,BSE,STK,543230,INE0ALI01010,ADVAIT,B,,,,,ADVAIT ENERGY TRANSITIONS LIMI,2222.05,2260.45,2162.65,2249.55,2259.45,2234.70,,2252.20,,,3376,7421118.00,496,F1,1,,,,,
2026-07-24,2026-07-24,CM,BSE,STK,543232,INE596I01020,CAMS,A,,,,,Computer Age Management Servic,758.20,766.65,747.50,761.15,761.15,758.20,,761.45,,,109110,82381186.00,5966,F1,1,,,,,
2026-07-24,2026-07-24,CM,BSE,STK,543233,INE03YM01018,CHEMCON,T,,,,,Chemcon Speciality Chemicals L,179.50,180.00,171.60,175.20,178.90,178.80,,176.35,,,1425,250194.00,68,F1,1,,,,,
2026-07-24,2026-07-24,CM,BSE,STK,543235,INE732I01021,ANGELONE,A,,,,,ANGEL ONE LIMITED,304.85,310.60,301.20,308.00,307.95,306.00,,307.95,,,145591,44444625.00,2631,F1,1,,,,,
2026-07-24,2026-07-24,CM,BSE,STK,543236,INE09KD01013,ATAM,B,,,,,Atam Valves Limited,66.00,67.22,66.00,66.03,67.02,67.29,,65.88,,,650,42968.00,28,F1,1,,,,,
2026-07-24,2026-07-24,CM,BSE,STK,543237,INE249Z01020,MAZDOCK,A,,,,,Mazagon Dock Shipbuilders Limi,2280.00,2311.95,2271.80,2294.65,2294.65,2299.05,,2293.70,,,49221,112785973.00,4443,F1,1,,,,,
2026-07-24,2026-07-24,CM,BSE,STK,543238,INE094J01016,UTIAMC,A,,,,,UTI Asset Management Company L,904.00,908.75,877.00,880.60,882.55,904.30,,881.40,,,41902,37118811.00,2886,F1,1,,,,,
2026-07-24,2026-07-24,CM,BSE,STK,543240,INE060901027,LIKHITHA,B,,,,,Likhitha Infrastructure Limite,227.50,228.55,224.00,227.75,228.55,231.00,,226.65,,,2137,483986.00,82,F1,1,,,,,
2026-07-24,2026-07-24,CM,BSE,STK,543241,INE244W01010,VGIL,T,,,,,Veer Global Infraconstruction,135.35,138.85,134.80,134.90,135.00,135.60,,134.90,,,1991,268930.00,24,F1,1,,,,,
2026-07-24,2026-07-24,CM,BSE,STK,543242,INE0AJG01018,HEMIPROP,B,,,,,Hemisphere Properties India Li,132.55,133.70,131.05,133.30,133.15,133.25,,133.36,,,21013,2783121.00,287,F1,1,,,,,
2026-07-24,2026-07-24,CM,BSE,STK,543243,INE063P01018,EQUITASBNK,A,,,,,Equitas Small Finance Bank Lim,78.49,78.95,76.53,78.49,78.49,78.55,,78.35,,,113780,8828707.00,1061,F1,1,,,,,
2026-07-24,2026-07-24,CM,BSE,STK,543244,INE0BLY01023,SHINEFASH,MT,,,,,Shine Fashions (India) Limited,25.00,25.00,25.00,25.00,25.00,23.85,,25.00,,,4000,100000.00,1,F1,4000,,,,,
2026-07-24,2026-07-24,CM,BSE,STK,543245,INE068V01023,GLAND,A,,,,,Gland Pharma Limited,2385.70,2414.85,2370.50,2378.35,2387.10,2377.55,,2379.80,,,8626,20606871.00,701,F1,1,,,,,
2026-07-24,2026-07-24,CM,BSE,STK,543246,INF769K01GS9,ESG,B,,,,,Mirae Asset Mutual Fund,40.78,41.06,40.72,41.01,41.01,41.18,,40.99,,,3249,133129.00,11,F1,1,,,,,
2026-07-24,2026-07-24,CM,BSE,STK,543248,INE07T201019,RBA,A,,,,,Restaurant Brands Asia Limited,64.51,65.88,63.63,65.13,65.88,64.80,,65.16,,,128768,8331248.00,480,F1,1,,,,,
2026-07-24,2026-07-24,CM,BSE,STK,543249,INE0EK901012,TARC,B,,,,,TARC LIMITED,128.05,131.90,124.55,131.20,131.10,130.90,,131.43,,,51255,6547578.00,468,F1,1,,,,,
2026-07-24,2026-07-24,CM,BSE,STK,543250,INF247L01AK4,MOGSEC,F,,,,,Motilal Oswal Mutual Fund,64.86,65.98,64.81,65.46,65.46,65.23,,65.39,,,197,12849.00,68,F1,1,,,,,
2026-07-24,2026-07-24,CM,BSE,STK,543251,INE09E501017,RVHL,B,,,,,Ravinder Heights Limited,45.69,45.69,45.69,45.69,45.69,45.69,,45.87,,,1,45.00,1,F1,1,,,,,
2026-07-24,2026-07-24,CM,BSE,STK,543252,INE0DNW01011,FAIRCHEMOR,T,,,,,Fairchem Organics Limited,774.00,778.00,745.10,750.00,750.00,772.90,,768.10,,,1185,898851.00,49,F1,1,,,,,
2026-07-24,2026-07-24,CM,BSE,STK,543253,INE495P01020,BECTORFOOD,B,,,,,Mrs. Bectors Food Specialities,197.90,210.75,197.00,207.05,207.05,199.30,,206.65,,,266860,54541086.00,2243,F1,1,,,,,
2026-07-24,2026-07-24,CM,BSE,STK,543254,INE01BK01022,AWHCL,B,,,,,Antony Waste Handling Cell Lim,435.90,436.15,429.00,432.80,432.00,434.80,,433.40,,,2179,940261.00,146,F1,1,,,,,
2026-07-24,2026-07-24,CM,BSE,STK,543255,INF732E01268,INFRABEES,B,,,,,Nippon India Mutual Fund,957.58,959.50,945.99,956.99,958.29,959.21,,957.26,,,783,745053.00,283,F1,1,,,,,
2026-07-24,2026-07-24,CM,BSE,STK,543256,INE018S01016,RFLL,X,,,,,RITA FINANCE AND LEASING LIMIT,13.99,14.03,12.81,13.96,13.99,13.37,,13.96,,,60847,838305.00,93,F1,1,,,,,
2026-07-24,2026-07-24,CM,BSE,STK,543257,INE053F01010,IRFC,A,,,,,Indian Railway Finance Corpora,86.68,87.85,86.09,87.62,87.62,87.03,,87.62,,,810987,70354634.00,7635,F1,1,,,,,
2026-07-24,2026-07-24,CM,BSE,STK,543258,INE09VQ01012,INDIGOPNTS,A,,,,,Indigo Paints Limited,1047.60,1059.95,1034.00,1046.65,1045.50,1047.65,,1048.90,,,2819,2952102.00,176,F1,1,,,,,
2026-07-24,2026-07-24,CM,BSE,STK,543259,INE481N01025,HOMEFIRST,A,,,,,Home First Finance Company Ind,1190.90,1190.90,1155.80,1173.75,1189.90,1202.35,,1174.00,,,112772,131231455.00,2663,F1,1,,,,,
2026-07-24,2026-07-24,CM,BSE,STK,543260,INE00IN01015,STOVEKRAFT,B,,,,,STOVE KRAFT LIMITED,753.50,777.55,738.35,772.15,766.50,743.90,,773.30,,,2992,2281455.00,182,F1,1,,,,,
2026-07-24,2026-07-24,CM,BSE,STK,543261,INE0FDU25010,BIRET,IF,,,,,Brookfield India Real Estate T,337.90,341.87,334.90,339.34,339.99,336.75,,339.01,,,6540,2216351.00,367,F1,1,,,,,
2026-07-24,2026-07-24,CM,BSE,STK,543262,INE0D7801012,MRP,M,,,,,MRP Agro Limited,88.00,90.00,88.00,90.00,90.00,90.00,,90.00,,,3000,267950.00,3,F1,1000,,,,,
2026-07-24,2026-07-24,CM,BSE,STK,543263,INE103C01036,SMCGLOBAL,B,,,,,SMC Global Securities Limited,77.25,77.27,74.89,75.49,75.30,77.85,,75.46,,,24744,1871779.00,157,F1,1,,,,,
2026-07-24,2026-07-24,CM,BSE,STK,543264,INE0DSF01015,NURECA,B,,,,,Nureca Limited,298.25,306.00,291.80,300.75,299.30,296.65,,301.57,,,2234,666006.00,257,F1,1,,,,,
2026-07-24,2026-07-24,CM,BSE,STK,543265,INE0DD101019,RAILTEL,A,,,,,RailTel Corporation of India L,284.85,287.35,279.50,284.95,284.95,287.00,,284.75,,,32728,9260585.00,1224,F1,1,,,,,
2026-07-24,2026-07-24,CM,BSE,STK,543266,INE694N01015,HERANBA,B,,,,,Heranba Industries Limited,175.05,175.40,171.70,174.95,174.95,174.65,,174.96,,,1531,265672.00,105,F1,1,,,,,
2026-07-24,2026-07-24,CM,BSE,STK,543267,INE179G01029,DAVANGERE,B,,,,,Davangere Sugar Company Limite,3.29,3.47,3.24,3.41,3.41,3.29,,3.42,,,430693,1446554.00,322,F1,1,,,,,
2026-07-24,2026-07-24,CM,BSE,STK,543268,INE03RS01027,DRCSYSTEMS,B,,,,,DRC Systems India Limited,13.32,13.57,13.32,13.47,13.47,13.35,,13.41,,,815,10912.00,9,F1,1,,,,,
2026-07-24,2026-07-24,CM,BSE,STK,543270,INE864I01014,MTARTECH,T,,,,,MTAR Technologies Limited,5835.00,5921.45,5700.20,5850.20,5850.20,5873.15,,5816.50,,,11287,65420780.00,1432,F1,1,,,,,
2026-07-24,2026-07-24,CM,BSE,STK,543271,INE0BY001018,JUBLINGREA,A,,,,,Jubilant Ingrevia Limited,750.90,750.90,723.70,725.50,725.00,744.75,,725.55,,,17052,12499413.00,850,F1,1,,,,,
2026-07-24,2026-07-24,CM,BSE,STK,543272,INE07O001026,EASEMYTRIP,B,,,,,Easy Trip Planners Limited,6.78,6.85,6.73,6.83,6.83,6.84,,6.83,,,465508,3156786.00,833,F1,1,,,,,
2026-07-24,2026-07-24,CM,BSE,STK,543273,INE0CJD01029,KMEW,B,,,,,Knowledge Marine & Engineering,2319.85,2471.40,2318.40,2433.45,2471.40,2340.40,,2430.50,,,5287,12647765.00,618,F1,1,,,,,
2026-07-24,2026-07-24,CM,BSE,STK,543275,INE930P01018,ANURAS,A,,,,,Anupam Rasayan India Limited,1229.90,1257.00,1215.00,1249.20,1232.00,1237.90,,1249.60,,,7730,9581790.00,776,F1,1,,,,,
2026-07-24,2026-07-24,CM,BSE,STK,543276,INE00LO01017,CRAFTSMAN,A,,,,,Craftsman Automation Limited,9260.95,9311.00,9125.75,9295.90,9282.00,9300.45,,9284.50,,,5886,54164692.00,243,F1,1,,,,,
2026-07-24,2026-07-24,CM,BSE,STK,543277,INE576O01020,LXCHEM,B,,,,,Laxmi Organic Industries Limit,180.00,186.50,178.30,182.30,181.90,183.15,,182.28,,,132570,24111182.00,1425,F1,1,,,,,
2026-07-24,2026-07-24,CM,BSE,STK,543278,INE303R01014,KALYANKJIL,A,,,,,Kalyan Jewellers India Limited,584.90,588.45,569.10,573.10,573.10,585.80,,573.50,,,1051347,608940102.00,17383,F1,1,,,,,
2026-07-24,2026-07-24,CM,BSE,STK,543279,INE428Q01011,SURYODAY,B,,,,,Suryoday Small Finance Bank Li,199.50,217.50,189.40,192.60,192.60,194.90,,193.09,,,2987562,621048626.00,57803,F1,1,,,,,
2026-07-24,2026-07-24,CM,BSE,STK,543280,INE418L01047,NAZARA,A,,,,,Nazara Technologies Limited,304.40,304.40,295.50,302.40,303.00,304.35,,302.30,,,41343,12390416.00,1560,F1,1,,,,,
2026-07-24,2026-07-24,CM,BSE,STK,543281,INE018401013,SUVIDHAA,B,,,,,Suvidhaa Infoserve Limited,2.59,2.59,2.46,2.47,2.52,2.51,,2.50,,,3913,9833.00,32,F1,1,,,,,
2026-07-24,2026-07-24,CM,BSE,STK,543283,INE382M01027,UFBL,B,,,,,UNITED FOODBRANDS LIMITED,656.75,688.50,623.95,676.00,675.85,656.75,,674.90,,,20287,12819727.00,502,F1,1,,,,,
2026-07-24,2026-07-24,CM,BSE,STK,543284,INE0CPR01018,EKI,B,,,,,EKI Energy Services Limited,83.30,86.50,81.00,83.09,83.10,84.32,,83.09,,,11830,983377.00,252,F1,1,,,,,
2026-07-24,2026-07-24,CM,BSE,STK,543285,INE0CQ101015,RCAN,M,,,,,Rajeshwari Cans Limited,15.03,15.39,15.00,15.03,15.03,15.28,,15.03,,,2800,42212.00,5,F1,400,,,,,
2026-07-24,2026-07-24,CM,BSE,STK,543287,INE670K01029,LODHA,A,,,,,Lodha Developers Limited,1138.85,1166.00,1124.80,1144.40,1144.10,1146.60,,1144.10,,,69995,80100686.00,3508,F1,1,,,,,
2026-07-24,2026-07-24,CM,BSE,STK,543288,INE0FHS01024,DEEPINDS,B,,,,,Deep Industries Limited,454.30,484.00,453.55,479.60,481.00,458.40,,479.60,,,370867,177100730.00,1316,F1,1,,,,,
2026-07-24,2026-07-24,CM,BSE,STK,543290,INE0GGX23010,PGINVIT,IF,,,,,POWERGRID Infrastructure Inves,99.71,100.35,99.02,100.29,100.29,99.56,,100.26,,,172559,17227252.00,795,F1,1,,,,,
2026-07-24,2026-07-24,CM,BSE,STK,543291,INF769K01HF4,MAFANG,B,,,,,Mirae Asset Mutual Fund,196.15,196.15,195.36,196.15,196.10,197.77,,196.13,,,14774,2896378.00,606,F1,1,,,,,
2026-07-24,2026-07-24,CM,BSE,STK,543292,INF109KC1Q72,HEALTHIETF,B,,,,,ICICI Prudential Mutual Fund,167.10,167.75,165.97,166.57,166.32,166.94,,166.63,,,5369,894435.00,210,F1,1,,,,,
2026-07-24,2026-07-24,CM,BSE,STK,543298,INE505Y01010,VINEETLAB,T,,,,,Vineet Laboratories Limited,38.90,39.00,36.50,38.70,38.70,37.28,,38.52,,,3683,136205.00,15,F1,1,,,,,
2026-07-24,2026-07-24,CM,BSE,STK,543299,INE810G01011,SHYAMMETL,A,,,,,Shyam Metalics and Energy Limi,1015.85,1032.25,1010.90,1027.25,1024.80,1039.00,,1027.45,,,6786,6934654.00,362,F1,1,,,,,
2026-07-24,2026-07-24,CM,BSE,STK,543300,INE073K01018,SONACOMS,A,,,,,Sona BLW Precision Forgings Li,712.90,741.75,705.00,717.70,717.70,719.25,,717.95,,,541381,392575169.00,16796,F1,1,,,,,
2026-07-24,2026-07-24,CM,BSE,STK,543306,INE021O01019,DODLA,A,,,,,Dodla Dairy Limited,1025.85,1063.40,1022.60,1052.75,1052.65,1039.90,,1060.90,,,876,907146.00,93,F1,1,,,,,
2026-07-24,2026-07-24,CM,BSE,STK,543308,INE967H01025,KIMS,A,,,,,Krishna Institute of Medical S,784.60,799.45,778.85,797.25,793.80,781.85,,797.80,,,38511,30490617.00,3203,F1,1,,,,,
2026-07-24,2026-07-24,CM,BSE,STK,543311,INE0D6701023,IPL,B,,,,,India Pesticides Limited,149.95,150.65,146.60,149.85,149.90,150.10,,149.97,,,12911,1920223.00,204,F1,1,,,,,
2026-07-24,2026-07-24,CM,BSE,STK,543317,INE201P01022,GRINFRA,B,,,,,G R Infraprojects Limited,861.35,875.70,861.35,870.55,872.25,870.45,,869.90,,,577,501066.00,72,F1,1,,,,,
2026-07-24,2026-07-24,CM,BSE,STK,543318,INE227W01023,CLEAN,A,,,,,Clean Science and Technology L,721.10,729.40,716.00,720.95,721.50,729.35,,721.00,,,16258,11737557.00,1533,F1,1,,,,,
2026-07-24,2026-07-24,CM,BSE,STK,543320,INE758T01015,ETERNAL,A,,,,,Eternal Limited,286.50,286.50,276.60,280.00,280.00,286.70,,280.00,,,2165302,604808618.00,21063,F1,1,,,,,
2026-07-24,2026-07-24,CM,BSE,STK,543321,INE0GK401011,TATVA,B,,,,,Tatva Chintan Pharma Chem Limi,1693.95,1730.00,1661.00,1726.45,1720.20,1701.25,,1722.70,,,8323,14149392.00,671,F1,1,,,,,
2026-07-24,2026-07-24,CM,BSE,STK,543322,INE03Q201024,ALIVUS,A,,,,,ALIVUS LIFE SCIENCES LIMITED,1118.95,1118.95,1087.50,1101.55,1101.10,1104.05,,1101.20,,,6028,6625775.00,564,F1,1,,,,,
2026-07-24,2026-07-24,CM,BSE,STK,543323,INF769K01HI8,BFSI,B,,,,,Mirae Asset Mutual Fund,27.03,27.04,26.71,26.96,26.98,27.03,,26.95,,,53301,1434534.00,297,F1,1,,,,,
2026-07-24,2026-07-24,CM,BSE,STK,543324,INE199P01028,GCSL,B,,,,,Gretex Corporate Services Limi,516.50,532.90,511.05,531.90,532.90,521.30,,531.00,,,4023,2096364.00,163,F1,1,,,,,
2026-07-24,2026-07-24,CM,BSE,STK,543325,INE645S01024,ROLEXRINGS,B,,,,,Rolex Rings Limited,136.90,139.90,134.50,139.40,139.20,137.10,,139.63,,,67961,9303872.00,778,F1,1,,,,,
2026-07-24,2026-07-24,CM,BSE,STK,543326,INF109KC19V3,FMCGIETF,B,,,,,ICICI Prudential Mutual Fund,52.98,52.98,52.47,52.76,52.63,52.67,,52.69,,,18057,951016.00,186,F1,1,,,,,
2026-07-24,2026-07-24,CM,BSE,STK,543327,INE0GFE01026,EXXARO,B,,,,,Exxaro Tiles Limited,6.29,6.75,6.10,6.66,6.60,6.25,,6.56,,,66403,437574.00,170,F1,1,,,,,
2026-07-24,2026-07-24,CM,BSE,STK,543328,INE08LI01020,KRSNAA,B,,,,,Krsnaa Diagnostics Limited,537.10,548.20,526.80,541.95,545.50,537.10,,544.25,,,8436,4549237.00,373,F1,1,,,,,
2026-07-24,2026-07-24,CM,BSE,STK,543329,INE0H5O01029,WINDLAS,B,,,,,Windlas Biotech Limited,858.00,863.70,836.05,859.50,857.35,859.35,,858.00,,,1260,1077238.00,144,F1,1,,,,,
2026-07-24,2026-07-24,CM,BSE,STK,543330,INE872J01023,DEVYANI,A,,,,,Devyani International Limited,109.65,113.10,107.05,112.30,112.45,109.85,,112.30,,,163628,18152028.00,1979,F1,1,,,,,
2026-07-24,2026-07-24,CM,BSE,STK,543331,INE0CT101020,MOL,B,,,,,Meghmani Organics Limited,55.94,56.19,53.51,54.44,54.44,55.68,,54.46,,,107818,5889079.00,533,F1,1,,,,,
2026-07-24,2026-07-24,CM,BSE,STK,543332,INE071N01016,EPIGRAL,B,,,,,Epigral Limited,1165.15,1214.35,1153.90,1163.05,1157.00,1148.85,,1162.70,,,13668,16155731.00,863,F1,1,,,,,
2026-07-24,2026-07-24,CM,BSE,STK,543333,INE290S01011,CARTRADE,A,,,,,CarTrade Tech Limited,2661.55,2738.95,2638.55,2654.95,2654.95,2693.20,,2656.30,,,25996,69652816.00,2035,F1,1,,,,,
2026-07-24,2026-07-24,CM,BSE,STK,543334,INE118D01016,NUVOCO,A,,,,,Nuvoco Vistas Corporation Limi,358.40,360.70,351.10,355.70,357.25,361.80,,356.05,,,34719,12366655.00,523,F1,1,,,,,
2026-07-24,2026-07-24,CM,BSE,STK,543335,INE852O01025,APTUS,A,,,,,Aptus Value Housing Finance In,283.85,283.85,276.50,277.35,279.10,284.95,,277.15,,,582455,161950832.00,2394,F1,1,,,,,
2026-07-24,2026-07-24,CM,BSE,STK,543336,INE488A01050,CHEMPLASTS,B,,,,,Chemplast Sanmar Limited,206.00,208.05,198.70,202.45,203.00,209.90,,202.29,,,17059,3465256.00,426,F1,1,,,,,
2026-07-24,2026-07-24,CM,BSE,STK,543341,INE647W01014,SHARPLINE,X,,,,,SHARPLINE BROADCAST LIMITED,9.99,10.00,9.99,10.00,10.00,10.00,,10.00,,,38556,385556.00,8,F1,1,,,,,
2026-07-24,2026-07-24,CM,BSE,STK,543347,INF846K01Y96,ITAXIS,B,,,,,Axis Mutual Fund,310.17,315.45,310.17,315.45,315.45,313.80,,316.49,,,54,16834.00,3,F1,1,,,,,
2026-07-24,2026-07-24,CM,BSE,STK,543348,INF846K01Z12,HEALTHAXIS,B,,,,,Axis Mutual Fund,167.37,167.37,164.16,166.01,166.01,166.54,,165.12,,,4041,666041.00,12,F1,1,,,,,
2026-07-24,2026-07-24,CM,BSE,STK,543349,INE00FF01025,ACUTAAS,A,,,,,ACUTAAS CHEMICALS LIMITED,3381.00,3451.95,3211.00,3257.15,3257.15,3455.90,,3259.40,,,78749,260359073.00,5924,F1,1,,,,,
2026-07-24,2026-07-24,CM,BSE,STK,543350,INE043W01024,VIJAYA,A,,,,,Vijaya Diagnostic Centre Limit,1316.85,1323.00,1295.00,1313.00,1323.00,1320.95,,1313.80,,,8631,11287073.00,559,F1,1,,,,,
2026-07-24,2026-07-24,CM,BSE,STK,543351,INE0GOA01018,NBL,TS,,,,,Naapbooks Limited,132.80,132.80,132.80,132.80,132.80,139.75,,132.80,,,2400,318720.00,2,F1,1200,,,,,
2026-07-24,2026-07-24,CM,BSE,STK,543358,INE953O01021,SANSERA,A,,,,,Sansera Engineering Limited,3149.35,3203.05,3101.00,3187.15,3187.15,3190.90,,3184.80,,,22229,70153327.00,2030,F1,1,,,,,
2026-07-24,2026-07-24,CM,BSE,STK,543363,INE0GAO01018,PREVEST,M,,,,,Prevest Denpro Limited,383.10,392.95,383.10,390.00,390.00,387.00,,390.00,,,4400,1710240.00,17,F1,200,,,,,
2026-07-24,2026-07-24,CM,BSE,STK,543364,INE0FW001016,MARKOLINES,B,,,,,Markolines Pavement Technologi,176.35,178.75,173.45,176.00,174.10,176.30,,175.87,,,35203,6212149.00,804,F1,1,,,,,
2026-07-24,2026-07-24,CM,BSE,STK,543365,INF769K01HP3,MASPTOP50,B,,,,,Mirae Asset Mutual Fund,79.53,79.53,79.06,79.53,79.53,79.53,,79.53,,,10149,805860.00,143,F1,1,,,,,
2026-07-24,2026-07-24,CM,BSE,STK,543367,INE045601023,PARAS,A,,,,,Paras Defence and Space Techno,1188.90,1204.50,1154.30,1195.80,1195.80,1197.30,,1195.20,,,38907,45933090.00,1876,F1,1,,,,,
2026-07-24,2026-07-24,CM,BSE,STK,543372,INE0H1201020,GETALONG,MT,,,,,Getalong Enterprise Limited,7.70,7.70,7.70,7.70,7.70,7.40,,7.70,,,5000,38500.00,1,F1,5000,,,,,
2026-07-24,2026-07-24,CM,BSE,STK,543373,INE0HLJ01013,SVRL,MT,,,,,Shri Venkatesh Refineries Limi,374.45,374.45,374.30,374.30,374.30,393.95,,374.30,,,3500,1310300.00,6,F1,500,,,,,
2026-07-24,2026-07-24,CM,BSE,STK,543374,INE404A01024,ABSLAMC,A,,,,,Aditya Birla Sun Life AMC Limi,983.85,1021.45,980.00,1016.90,1016.90,985.45,,1017.00,,,12663,12707964.00,673,F1,1,,,,,
2026-07-24,2026-07-24,CM,BSE,STK,543376,INE0GD201014,SAMOR,B,,,,,Samor Reality Limited,95.00,95.00,95.00,95.00,95.00,92.00,,95.00,,,2,190.00,1,F1,1,,,,,
2026-07-24,2026-07-24,CM,BSE,STK,543377,INE0CWK01019,ADISHAKTI,M,,,,,Adishakti Loha and Ispat Limit,12.87,12.87,12.01,12.50,12.50,12.62,,12.50,,,80000,1001900.00,7,F1,10000,,,,,
2026-07-24,2026-07-24,CM,BSE,STK,543378,INE0H8H01019,CWD,MS,,,,,CWD Limited,300.00,303.95,300.00,303.95,303.95,300.55,,303.95,,,2500,753950.00,5,F1,500,,,,,
2026-07-24,2026-07-24,CM,BSE,STK,543383,INF109KC1V42,CONSUMIETF,B,,,,,ICICI Prudential Mutual Fund,121.14,121.47,120.82,121.40,121.40,121.91,,121.14,,,957,115762.00,17,F1,1,,,,,
2026-07-24,2026-07-24,CM,BSE,STK,543384,INE388Y01029,NYKAA,A,,,,,FSN E-Commerce Ventures Limite,322.60,323.65,317.25,322.80,323.65,324.90,,322.80,,,114442,36616294.00,2162,F1,1,,,,,
2026-07-24,2026-07-24,CM,BSE,STK,543386,INE02NC01014,FINOPB,B,,,,,Fino Payments Bank Limited,168.00,168.45,163.10,167.60,167.50,171.50,,167.08,,,54965,9103250.00,719,F1,1,,,,,
2026-07-24,2026-07-24,CM,BSE,STK,543387,INE284S01014,SJS,A,,,,,S.J.S. Enterprises Limited,2276.50,2359.00,2243.75,2334.30,2359.00,2275.70,,2335.50,,,8836,20318365.00,972,F1,1,,,,,
2026-07-24,2026-07-24,CM,BSE,STK,543388,INF740KA1QK2,EQUAL50ADD,B,,,,,DSP Mutual Fund,338.00,339.87,338.00,339.87,339.87,339.77,,339.64,,,13,4396.00,3,F1,1,,,,,
2026-07-24,2026-07-24,CM,BSE,STK,543389,INE0D0K01022,SIGACHI,T,,,,,Sigachi Industries Limited,25.43,25.43,25.43,25.43,25.43,25.94,,25.43,,,79554,2023058.00,118,F1,1,,,,,
2026-07-24,2026-07-24,CM,BSE,STK,543390,INE417T01026,POLICYBZR,A,,,,,PB Fintech Limited,1515.00,1546.00,1503.00,1538.55,1534.75,1526.75,,1537.20,,,187965,286367040.00,2609,F1,1,,,,,
2026-07-24,2026-07-24,CM,BSE,STK,543391,INE07GA01011,SGFRL,M,,,,,Suyog Gurbaxani Funicular Rope,97.00,99.50,95.05,99.50,99.50,101.00,,99.50,,,2250,218662.00,3,F1,750,,,,,
2026-07-24,2026-07-24,CM,BSE,STK,543396,INE982J01020,PAYTM,A,,,,,One 97 Communications Limited,1254.80,1296.00,1236.20,1284.00,1284.00,1256.70,,1283.20,,,178748,226593886.00,7176,F1,1,,,,,
2026-07-24,2026-07-24,CM,BSE,STK,543397,INE806T01020,SAPPHIRE,A,,,,,Sapphire Foods India Limited,178.95,185.10,172.00,178.95,180.40,179.60,,179.12,,,237658,42668983.00,2590,F1,1,,,,,
2026-07-24,2026-07-24,CM,BSE,STK,543398,INE0I7C01011,LATENTVIEW,A,,,,,Latent View Analytics Limited,295.40,296.85,288.00,295.95,296.25,293.85,,296.05,,,22889,6685020.00,431,F1,1,,,,,
2026-07-24,2026-07-24,CM,BSE,STK,543399,INE144Z01023,TARSONS,B,,,,,Tarsons Products Limited,316.00,317.10,309.90,312.55,309.90,315.85,,312.70,,,18167,5680019.00,297,F1,1,,,,,
2026-07-24,2026-07-24,CM,BSE,STK,543400,INE0JFE01012,OMNIPOTENT,M,,,,,Omnipotent Industries Limited,2.45,2.45,2.45,2.45,2.45,2.45,,2.45,,,2000,4900.00,1,F1,2000,,,,,
2026-07-24,2026-07-24,CM,BSE,STK,543401,INE0BJS01011,GOCOLORS,B,,,,,Go Fashion (India) Limited,320.25,325.35,316.85,324.10,324.60,321.25,,324.15,,,11953,3840683.00,249,F1,1,,,,,
2026-07-24,2026-07-24,CM,BSE,STK,543410,INE07L501010,DMR,M,,,,,DMR ENGINEERING LIMITED,27.60,27.60,27.60,27.60,27.60,27.60,,27.60,,,1950,53820.00,1,F1,1950,,,,,
2026-07-24,2026-07-24,CM,BSE,STK,543411,INE106T01025,HITECH,B,,,,,HI-TECH PIPES LIMITED,84.15,85.31,82.78,84.77,84.79,85.05,,84.79,,,44258,3715341.00,399,F1,1,,,,,
2026-07-24,2026-07-24,CM,BSE,STK,543412,INE575P01011,STARHEALTH,A,,,,,Star Health and Allied Insuran,570.05,589.10,570.05,581.55,581.55,577.10,,580.80,,,20947,12164788.00,1028,F1,1,,,,,
2026-07-24,2026-07-24,CM,BSE,STK,543413,INE011K01018,TEGA,A,,,,,Tega Industries Limited,1555.05,1580.95,1540.00,1564.15,1559.90,1555.05,,1560.40,,,1437,2239606.00,235,F1,1,,,,,
2026-07-24,2026-07-24,CM,BSE,STK,543414,INF769K01HS7,MAHKTECH,B,,,,,Mirae Asset Mutual Fund,23.16,23.16,23.16,23.16,23.16,23.30,,23.16,,,852,19732.00,13,F1,1,,,,,
2026-07-24,2026-07-24,CM,BSE,STK,543415,INE463V01026,ANANDRATHI,A,,,,,Anand Rathi Wealth Limited,2030.55,2054.95,2002.65,2041.80,2054.95,2044.20,,2042.10,,,12025,24327771.00,810,F1,1,,,,,
2026-07-24,2026-07-24,CM,BSE,STK,543416,INE761Y01019,ZODIAC,T,,,,,Zodiac Energy Limited,258.00,258.00,245.70,250.85,251.50,256.05,,251.05,,,1621,405404.00,61,F1,1,,,,,
2026-07-24,2026-07-24,CM,BSE,STK,543417,INE0CLI01024,RATEGAIN,A,,,,,RateGain Travel Technologies L,877.75,903.35,851.50,901.15,903.00,876.50,,900.40,,,10236,8934433.00,696,F1,1,,,,,
2026-07-24,2026-07-24,CM,BSE,STK,543418,INF754K01OB1,BBETF0432,F,,,,,Edelweiss Mutual Fund,1350.00,1354.10,1344.65,1354.10,1354.10,1355.54,,1354.50,,,604,815710.00,13,F1,1,,,,,
2026-07-24,2026-07-24,CM,BSE,STK,543419,INE217L01019,SHRIRAMPPS,B,,,,,Shriram Properties Limited,87.19,87.20,82.10,85.15,85.12,83.98,,85.02,,,106689,8946004.00,323,F1,1,,,,,
2026-07-24,2026-07-24,CM,BSE,STK,543420,INE982V01025,JETFREIGHT,B,,,,,Jet Freight Logistics Limited,23.05,23.19,22.52,22.92,22.92,23.10,,22.88,,,9417,214994.00,61,F1,1,,,,,
2026-07-24,2026-07-24,CM,BSE,STK,543425,INE0BV301023,MAPMYINDIA,A,,,,,C.E. Info Systems Limited,1080.80,1134.80,1080.00,1116.55,1116.55,1081.45,,1117.10,,,23584,25922118.00,1121,F1,1,,,,,
2026-07-24,2026-07-24,CM,BSE,STK,543426,INE317I01021,METROBRAND,A,,,,,Metro Brands Limited,1025.55,1030.00,1006.55,1020.80,1030.00,1025.50,,1021.80,,,280663,286267200.00,1628,F1,1,,,,,
2026-07-24,2026-07-24,CM,BSE,STK,543427,INE804L01022,MEDPLUS,A,,,,,Medplus Health Services Limite,715.25,722.85,714.40,720.90,721.80,714.80,,720.55,,,7133,5125911.00,483,F1,1,,,,,
2026-07-24,2026-07-24,CM,BSE,STK,543428,INE0IX101010,DATAPATTNS,A,,,,,Data Patterns (India) Limited,4522.25,4668.40,4420.05,4582.50,4582.50,4599.15,,4584.40,,,92130,419228146.00,9478,F1,1,,,,,
2026-07-24,2026-07-24,CM,BSE,STK,543433,INE0GSL01024,HPAL,B,,,,,HP Adhesives Limited,32.55,33.60,32.50,33.20,33.60,32.55,,33.27,,,2997,98977.00,92,F1,1,,,,,
2026-07-24,2026-07-24,CM,BSE,STK,543434,INE07RO01027,SUPRIYA,B,,,,,Supriya Lifescience Limited,822.45,845.00,820.05,840.15,842.40,832.55,,840.50,,,4008,3352546.00,229,F1,1,,,,,
2026-07-24,2026-07-24,CM,BSE,STK,543437,INF247L01AU3,MONQ50,B,,,,,Motilal Oswal Mutual Fund,142.45,142.45,142.45,142.45,142.45,142.42,,142.45,,,192,27350.00,7,F1,1,,,,,
2026-07-24,2026-07-24,CM,BSE,STK,543438,INF740KA1ZF3,MIDQ50ADD,B,,,,,DSP Mutual Fund,24.55,25.55,24.36,24.86,24.69,24.63,,24.67,,,5518,134588.00,13,F1,1,,,,,
2026-07-24,2026-07-24,CM,BSE,STK,543440,INF740KA1CL0,NIFTYADD,B,,,,,DSP Mutual Fund,251.34,251.34,248.64,251.33,251.33,252.01,,250.91,,,248,62166.00,26,F1,1,,,,,
2026-07-24,2026-07-24,CM,BSE,STK,543441,INE925R01014,CMSINFO,A,,,,,CMS Info Systems Limited,272.00,278.45,268.50,273.80,274.25,271.70,,273.90,,,162759,44754268.00,678,F1,1,,,,,
2026-07-24,2026-07-24,CM,BSE,STK,543442,INE977Y01011,BCONCEPTS,B,,,,,Brand Concepts Limited,190.10,190.10,186.15,186.15,186.15,185.90,,186.53,,,48,9054.00,13,F1,1,,,,,
2026-07-24,2026-07-24,CM,BSE,STK,543449,INE02WG01024,WEL,B,,,,,WONDER ELECTRICALS LIMITED,101.60,109.00,98.40,107.55,108.00,101.40,,107.25,,,15368,1590002.00,293,F1,1,,,,,
2026-07-24,2026-07-24,CM,BSE,STK,543450,INF109KC10V2,AUTOIETF,B,,,,,ICICI Prudential Mutual Fund,28.03,28.31,27.96,28.19,28.18,28.35,,28.22,,,27051,760675.00,290,F1,1,,,,,
2026-07-24,2026-07-24,CM,BSE,STK,543452,INF109KC1Y56,SILVERIETF,E,,,,,ICICI Prudential Mutual Fund,225.00,225.00,215.66,220.36,220.15,220.35,,220.47,,,122440,26702624.00,2199,F1,1,,,,,
2026-07-24,2026-07-24,CM,BSE,STK,543454,INF769K01IB1,MAKEINDIA,B,,,,,Mirae Asset Mutual Fund,160.77,161.51,160.00,161.32,161.40,162.05,,161.49,,,8215,1317012.00,36,F1,1,,,,,
2026-07-24,2026-07-24,CM,BSE,STK,543458,INE699H01024,AWL,A,,,,,AWL AGRI BUSINESS LIMITED,186.30,189.00,185.20,188.20,188.20,187.60,,188.16,,,138207,25851827.00,2113,F1,1,,,,,
2026-07-24,2026-07-24,CM,BSE,STK,543461,INE0JNA01014,SSTL,M,,,,,Safa Systems & Technologies Li,19.30,19.30,19.30,19.30,19.30,19.30,,19.30,,,5000,96500.00,1,F1,5000,,,,,
2026-07-24,2026-07-24,CM,BSE,STK,543462,INE060X01034,DEVIT,B,,,,,DEV INFORMATION TECHNOLOGY LIM,25.89,26.15,25.81,26.00,26.00,25.89,,26.07,,,6598,170862.00,67,F1,1,,,,,
2026-07-24,2026-07-24,CM,BSE,STK,543463,INE825V01034,MANYAVAR,A,,,,,Vedant Fashions Limited,393.20,406.70,393.20,403.40,406.70,402.20,,402.35,,,6073,2431736.00,436,F1,1,,,,,
2026-07-24,2026-07-24,CM,BSE,STK,543464,INE0JSJ01014,SPITZE,M,,,,,Maruti Interior Products Limit,52.00,59.00,52.00,55.00,55.00,54.60,,55.00,,,10000,556480.00,10,F1,1000,,,,,
2026-07-24,2026-07-24,CM,BSE,STK,543465,INF247L01BK2,MOMOMENTUM,B,,,,,Motilal Oswal Mutual Fund,60.71,61.51,60.42,60.92,61.51,61.34,,60.95,,,3126,189993.00,51,F1,1,,,,,
2026-07-24,2026-07-24,CM,BSE,STK,543471,INF209KB19F6,SILVER,E,,,,,Aditya Birla Sun Life Mutual F,218.14,220.58,215.82,220.40,220.40,220.35,,220.42,,,67502,14691424.00,1060,F1,1,,,,,
2026-07-24,2026-07-24,CM,BSE,STK,543472,INF209KB11D8,TECH,B,,,,,Aditya Birla Sun Life Mutual F,31.29,31.41,30.85,31.15,31.01,31.20,,31.35,,,4980,154764.00,29,F1,1,,,,,
2026-07-24,2026-07-24,CM,BSE,STK,543473,INF209KB10C2,HEALTHY,B,,,,,Aditya Birla Sun Life Mutual F,16.39,16.82,16.39,16.76,16.80,16.82,,16.68,,,12512,209207.00,103,F1,1,,,,,
2026-07-24,2026-07-24,CM,BSE,STK,543474,INF209KB19D1,BSLNIFTY,B,,,,,Aditya Birla Sun Life Mutual F,28.68,28.68,27.60,27.91,27.83,27.99,,27.88,,,14502,403157.00,315,F1,1,,,,,
2026-07-24,2026-07-24,CM,BSE,STK,543481,INF769K01IC9,MIDCAPETF,B,,,,,Mirae Asset Mutual Fund,23.28,23.28,22.80,23.22,23.23,23.23,,23.19,,,155612,3590961.00,603,F1,1,,,,,
2026-07-24,2026-07-24,CM,BSE,STK,543482,INE0KCE01017,EUREKAFORB,A,,,,,Eureka Forbes Limited,430.50,433.90,425.05,432.40,433.40,434.55,,432.15,,,5545,2383651.00,404,F1,1,,,,,
2026-07-24,2026-07-24,CM,BSE,STK,543489,INE079J01017,GATEWAY,B,,,,,Gateway Distriparks Limited,57.38,57.38,56.02,56.33,56.50,57.03,,56.38,,,37113,2092275.00,675,F1,1,,,,,
2026-07-24,2026-07-24,CM,BSE,STK,543490,INE0CU601026,GMRP&UI,A,,,,,GMR Power and Urban Infra Limi,98.70,98.70,96.75,97.39,97.64,99.88,,97.54,,,54504,5318053.00,480,F1,1,,,,,
2026-07-24,2026-07-24,CM,BSE,STK,543497,INE0KQ001017,BCCL,M,,,,,Bhatia Colour Chem Limited,41.00,41.50,39.65,39.85,39.65,41.00,,39.85,,,2000,81280.00,5,F1,400,,,,,
2026-07-24,2026-07-24,CM,BSE,STK,543498,INE0FS801015,MSUMI,A,,,,,Motherson Sumi Wiring India Li,39.60,40.20,39.36,40.09,40.05,39.92,,40.11,,,206340,8193224.00,884,F1,1,,,,,
2026-07-24,2026-07-24,CM,BSE,STK,543499,INE0K1401020,ACHYUT,T,,,,,Achyut Healthcare Limited,7.25,7.25,6.94,7.07,7.14,7.07,,7.07,,,59568,418198.00,316,F1,1,,,,,
2026-07-24,2026-07-24,CM,BSE,STK,543500,INE0JVD01011,EVOQ,MT,,,,,Evoq Remedies Limited,1.88,1.92,1.88,1.89,1.89,1.88,,1.89,,,48000,91000.00,12,F1,4000,,,,,
2026-07-24,2026-07-24,CM,BSE,STK,543501,INF247L01BL0,MOLOWVOL,B,,,,,Motilal Oswal Mutual Fund,36.64,37.49,36.60,37.49,37.49,36.64,,36.96,,,175,6426.00,3,F1,1,,,,,
2026-07-24,2026-07-24,CM,BSE,STK,543512,INE652Z01025,AVROIND,B,,,,,Avro India Limited,8.80,9.20,8.60,8.84,8.92,8.92,,8.83,,,16901,148887.00,119,F1,1,,,,,
2026-07-24,2026-07-24,CM,BSE,STK,543513,INE0GIU01018,UMAEXPORTS,T,,,,,Uma Exports Limited,19.70,20.08,19.40,20.06,20.08,19.63,,20.04,,,5952,117920.00,30,F1,1,,,,,
2026-07-24,2026-07-24,CM,BSE,STK,543514,INE0IQ001011,VERANDA,B,,,,,Veranda Learning Solutions Lim,233.80,235.20,230.05,234.35,234.55,237.50,,233.85,,,7565,1756096.00,154,F1,1,,,,,
2026-07-24,2026-07-24,CM,BSE,STK,543515,INE0KPY01017,SEML,MT,,,,,Sunrise Efficient Marketing Li,45.10,45.10,43.18,43.24,43.18,45.45,,43.24,,,7500,328068.00,19,F1,375,,,,,
2026-07-24,2026-07-24,CM,BSE,STK,543516,INE0K5F01014,DHYAANITR,MT,,,,,DHYAANI TRADEVENTTURES LIMITED,5.07,5.15,4.78,5.15,5.15,4.97,,5.15,,,308000,1524432.00,24,F1,2800,,,,,
2026-07-24,2026-07-24,CM,BSE,STK,543517,INE00EV01017,HARIOMPIPE,B,,,,,Hariom Pipe Industries Limited,384.00,395.00,377.90,390.60,393.05,382.65,,391.75,,,11478,4407310.00,301,F1,1,,,,,
2026-07-24,2026-07-24,CM,BSE,STK,543520,INE0J2K01014,GLHRL,M,,,,,Global Longlife Hospital and R,12.89,12.89,11.79,12.20,12.20,12.41,,12.20,,,8000,96480.00,6,F1,1000,,,,,
2026-07-24,2026-07-24,CM,BSE,STK,543522,INE0E5R01017,NVENTURES,M,,,,,Nanavati Ventures Limited,74.80,74.80,74.80,74.80,74.80,73.80,,74.80,,,1500,112200.00,1,F1,750,,,,,
2026-07-24,2026-07-24,CM,BSE,STK,543523,INE278Y01022,CAMPUS,A,,,,,Campus Activewear Limited,219.80,220.30,216.00,216.80,216.80,218.95,,216.56,,,30735,6695911.00,637,F1,1,,,,,
2026-07-24,2026-07-24,CM,BSE,STK,543524,INE961O01016,RAINBOW,A,,,,,Rainbow Children's Medicare Li,1455.80,1473.45,1429.10,1455.45,1468.00,1467.65,,1457.70,,,6316,9166621.00,600,F1,1,,,,,
2026-07-24,2026-07-24,CM,BSE,STK,543525,INE625X01026,SILVERTUC,B,,,,,Silver Touch Technologies Limi,196.40,201.50,187.65,199.95,199.95,191.95,,200.13,,,99274,19111223.00,1054,F1,1,,,,,
2026-07-24,2026-07-24,CM,BSE,STK,543526,INE0J1Y01017,LICI,A,,,,,LIFE INSURANCE CORPORATION OF,420.30,423.90,416.50,421.35,421.35,421.45,,421.30,,,107060,44981939.00,2638,F1,1,,,,,
2026-07-24,2026-07-24,CM,BSE,STK,543527,INE00F201020,PRUDENT,A,,,,,Prudent Corporate Advisory Ser,2835.00,2871.30,2764.60,2862.50,2866.60,2876.85,,2859.10,,,14626,40678195.00,588,F1,1,,,,,
2026-07-24,2026-07-24,CM,BSE,STK,543528,INE0JA001018,VENUSPIPES,B,,,,,Venus Pipes & Tubes Limited,1661.25,1711.15,1661.20,1702.10,1702.00,1682.25,,1700.10,,,4833,8165216.00,395,F1,1,,,,,
2026-07-24,2026-07-24,CM,BSE,STK,543529,INE148O01028,DELHIVERY,A,,,,,Delhivery Limited,464.35,466.55,458.40,462.55,463.00,465.40,,462.55,,,70843,32739623.00,1459,F1,1,,,,,
2026-07-24,2026-07-24,CM,BSE,STK,543530,INE088F01024,PARADEEP,A,,,,,Paradeep Phosphates Limited,135.90,136.85,132.90,136.00,136.60,136.15,,136.07,,,117920,15864177.00,802,F1,1,,,,,
2026-07-24,2026-07-24,CM,BSE,STK,543531,INE05CY01014,TIERRA,X,,,,,Tierra Agrotech Limited,40.49,41.90,38.25,38.76,38.25,38.90,,38.76,,,1023,40028.00,28,F1,1,,,,,
2026-07-24,2026-07-24,CM,BSE,STK,543532,INE04TZ01018,ETHOSLTD,A,,,,,ETHOS LIMITED,2560.00,2588.35,2525.30,2557.75,2568.00,2580.20,,2562.70,,,1081,2754733.00,198,F1,1,,,,,
2026-07-24,2026-07-24,CM,BSE,STK,543533,INE01QM01018,EMUDHRA,B,,,,,eMudhra Limited,455.90,463.70,448.10,456.70,454.00,457.50,,455.75,,,2414,1095606.00,143,F1,1,,,,,
2026-07-24,2026-07-24,CM,BSE,STK,543534,INE0BWX01014,AETHER,A,,,,,Aether Industries Limited,1441.05,1441.60,1400.60,1428.15,1418.85,1434.90,,1427.50,,,15342,21785636.00,849,F1,1,,,,,
2026-07-24,2026-07-24,CM,BSE,STK,543538,INE0K6L01010,GOEL,M,,,,,Goel Food Products Limited,11.55,11.55,11.50,11.54,11.55,12.10,,11.54,,,10000,115400.00,3,F1,2000,,,,,
2026-07-24,2026-07-24,CM,BSE,STK,543539,INE0L0L01012,MODIS,B,,,,,MODI'S NAVNIRMAN LIMITED,409.95,412.80,390.45,392.20,390.45,401.45,,392.10,,,4022,1620924.00,253,F1,1,,,,,
2026-07-24,2026-07-24,CM,BSE,STK,543540,INE0GTX01019,PGCRL,M,,,,,Pearl Green Clubs and Resorts,109.00,109.00,109.00,109.00,109.00,104.80,,109.00,,,600,65400.00,1,F1,600,,,,,
2026-07-24,2026-07-24,CM,BSE,STK,543542,INE0L1C01019,KESAR,M,,,,,KESAR INDIA LIMITED,1250.50,1259.00,1220.00,1251.10,1253.00,1274.80,,1251.10,,,186700,233474325.00,180,F1,100,,,,,
2026-07-24,2026-07-24,CM,BSE,STK,543543,INE0IZQ01016,BRRL,M,,,,,B-RIGHT REALESTATE LIMITED,801.50,888.00,801.50,869.70,872.00,900.00,,869.70,,,7200,6239300.00,25,F1,200,,,,,
2026-07-24,2026-07-24,CM,BSE,STK,543545,INE0ID001024,VEERKRUPA,M,,,,,Veerkrupa Jewellers Limited,0.49,0.53,0.49,0.53,0.53,0.50,,0.53,,,400800,209585.00,17,F1,16700,,,,,
2026-07-24,2026-07-24,CM,BSE,STK,543546,INE0L3501015,HEALTHYLIFE,MT,,,,,HEALTHY LIFE AGRITEC LIMITED,5.80,5.90,5.58,5.72,5.62,5.87,,5.72,,,158000,885320.00,45,F1,2000,,,,,
2026-07-24,2026-07-24,CM,BSE,STK,543547,INE0HR601026,DDEVPLSTIK,B,,,,,DDEV PLASTIKS INDUSTRIES LIMIT,273.60,277.25,268.00,275.50,277.25,272.70,,275.65,,,3966,1078153.00,271,F1,1,,,,,
2026-07-24,2026-07-24,CM,BSE,STK,543563,INF247L01BB1,MOHEALTH,B,,,,,Motilal Oswal Mutual Fund,50.34,50.46,50.00,50.40,50.42,50.27,,50.29,,,5829,293337.00,66,F1,1,,,,,
2026-07-24,2026-07-24,CM,BSE,STK,543568,INF109KC17C7,MOM30IETF,B,,,,,ICICI Prudential Mutual Fund,30.66,30.71,30.40,30.68,30.67,30.75,,30.59,,,25899,790577.00,359,F1,1,,,,,
2026-07-24,2026-07-24,CM,BSE,STK,543569,INF179KC1HR4,HDFCNIF100,B,,,,,HDFC Mutual Fund,25.63,25.86,25.52,25.86,25.86,25.88,,25.67,,,10160,261695.00,42,F1,1,,,,,
2026-07-24,2026-07-24,CM,BSE,STK,543570,INF179KC1HS2,HDFCNEXT50,B,,,,,HDFC Mutual Fund,72.46,73.56,72.06,73.39,73.20,73.49,,73.34,,,15063,1098362.00,144,F1,1,,,,,
2026-07-24,2026-07-24,CM,BSE,STK,543571,INF109KC16E5,INFRAIETF,B,,,,,ICICI Prudential Mutual Fund,94.79,96.09,94.22,95.26,95.30,95.65,,94.89,,,3097,293961.00,128,F1,1,,,,,
2026-07-24,2026-07-24,CM,BSE,STK,543572,INF740KA1RE3,SILVERADD,E,,,,,DSP Mutual Fund,212.25,212.91,208.03,212.32,212.38,212.73,,212.40,,,23884,4981664.00,122,F1,1,,,,,
2026-07-24,2026-07-24,CM,BSE,STK,543573,INE0DYJ01015,SYRMA,A,,,,,Syrma SGS Technology Limited,1357.50,1368.15,1271.75,1294.15,1292.75,1378.85,,1288.50,,,63976,84282896.00,3018,F1,1,,,,,
2026-07-24,2026-07-24,CM,BSE,STK,543574,INF209KB15K4,NIFTYQLITY,B,,,,,Aditya Birla Sun Life Mutual F,21.03,21.19,20.95,21.19,21.19,21.03,,21.16,,,1535,32330.00,23,F1,1,,,,,
2026-07-24,2026-07-24,CM,BSE,STK,543575,INF209KB14K7,MOMENTUM,B,,,,,Aditya Birla Sun Life Mutual F,30.70,30.70,30.17,30.59,30.62,30.76,,30.38,,,7328,222523.00,66,F1,1,,,,,
2026-07-24,2026-07-24,CM,BSE,STK,543576,INF247L01BE5,MOVALUE,B,,,,,Motilal Oswal Mutual Fund,112.37,112.98,111.61,112.32,112.70,112.95,,112.60,,,6918,776040.00,105,F1,1,,,,,
2026-07-24,2026-07-24,CM,BSE,STK,543577,INF247L01BH8,MOQUALITY,B,,,,,Motilal Oswal Mutual Fund,199.13,200.10,198.06,198.10,198.06,200.74,,198.94,,,120,23948.00,6,F1,1,,,,,
2026-07-24,2026-07-24,CM,BSE,STK,543578,INE0M3901015,OLATECH,M,,,,,Olatech Solutions Limited,58.00,59.00,58.00,58.01,58.01,60.00,,58.01,,,19425,1131571.00,17,F1,925,,,,,
2026-07-24,2026-07-24,CM,BSE,STK,543590,INE0KKN01029,RHETAN,B,,,,,Rhetan TMT Limited,28.99,29.05,28.16,28.30,28.28,28.52,,28.35,,,26159,748384.00,120,F1,1,,,,,
2026-07-24,2026-07-24,CM,BSE,STK,543591,INE0JS101016,DREAMFOLKS,B,,,,,DREAMFOLKS SERVICES LIMITED,66.20,67.92,65.88,66.97,66.97,66.85,,67.02,,,4413,293937.00,175,F1,1,,,,,
2026-07-24,2026-07-24,CM,BSE,STK,543592,INF179KC1DI2,HDFCSILVER,E,,,,,HDFC Mutual Fund,207.85,211.35,206.64,210.92,210.92,210.87,,210.79,,,107022,22352318.00,1721,F1,1,,,,,
2026-07-24,2026-07-24,CM,BSE,STK,543593,INE0I3401014,DBOL,B,,,,,Dhampur Bio Organics Limited,100.95,102.70,100.00,102.20,101.60,101.90,,102.10,,,4563,461432.00,73,F1,1,,,,,
2026-07-24,2026-07-24,CM,BSE,STK,543594,INE0MC401013,DPL,M,,,,,DIPNA PHARMACHEM LIMITED,5.16,5.16,4.94,4.97,4.96,5.20,,4.97,,,57000,284580.00,17,F1,3000,,,,,
2026-07-24,2026-07-24,CM,BSE,STK,543596,INE668A01016,TMB,A,,,,,Tamilnad Mercantile Bank Limit,791.00,808.70,788.00,802.90,804.15,799.60,,804.45,,,5914,4703458.00,428,F1,1,,,,,
2026-07-24,2026-07-24,CM,BSE,STK,543597,INE0I0T01010,VOEPL,B,,,,,Virtuoso Optoelectronics Limit,490.35,511.00,481.00,483.45,483.20,498.85,,483.95,,,11872,5876880.00,605,F1,1,,,,,
2026-07-24,2026-07-24,CM,BSE,STK,543599,INE0D6I01023,KSOLVES,B,,,,,Ksolves India Limited,283.90,284.25,272.80,281.45,281.45,281.45,,281.00,,,12400,3459293.00,295,F1,1,,,,,
2026-07-24,2026-07-24,CM,BSE,STK,543600,INE0JUS01029,HARSHA,B,,,,,Harsha Engineers International,400.30,417.80,399.05,405.95,406.90,403.60,,405.65,,,8800,3587245.00,398,F1,1,,,,,
2026-07-24,2026-07-24,CM,BSE,STK,543605,INF179KC1DL6,HDFCQUAL,B,,,,,HDFC Mutual Fund,56.41,57.51,56.41,57.33,57.33,57.37,,57.45,,,371,21312.00,10,F1,1,,,,,
2026-07-24,2026-07-24,CM,BSE,STK,543606,INE0M8901010,CONTAINE,MT,,,,,CONTAINE TECHNOLOGIES LIMITED,26.45,26.45,26.45,26.45,26.45,26.00,,26.45,,,1000,26450.00,1,F1,1000,,,,,
2026-07-24,2026-07-24,CM,BSE,STK,543607,INF179KC1DJ0,HDFCGROWTH,B,,,,,HDFC Mutual Fund,116.05,116.30,115.36,116.12,116.12,116.31,,115.90,,,204,23675.00,15,F1,1,,,,,
2026-07-24,2026-07-24,CM,BSE,STK,543608,INF179KC1DK8,HDFCVALUE,B,,,,,HDFC Mutual Fund,128.00,128.00,124.20,124.60,124.60,125.31,,124.83,,,146,18231.00,11,F1,1,,,,,
2026-07-24,2026-07-24,CM,BSE,STK,543614,INE0LQS01015,TIPSFILMS,B,,,,,Tips Films Limited,410.05,440.00,394.00,405.75,405.75,382.05,,408.80,,,48235,20014636.00,1989,F1,1,,,,,
2026-07-24,2026-07-24,CM,BSE,STK,543615,INE0MNV01014,SRSOLTD,M,,,,,SILICON RENTAL SOLUTIONS LIMIT,77.42,79.99,77.42,79.99,79.99,77.42,,79.99,,,2400,187864.00,3,F1,800,,,,,
2026-07-24,2026-07-24,CM,BSE,STK,543616,INE0MKA01014,TLL,M,,,,,Trident Lifeline Limited,265.00,265.00,261.25,262.55,262.50,263.70,,262.55,,,26400,6927300.00,44,F1,600,,,,,
2026-07-24,2026-07-24,CM,BSE,STK,543619,INE0N0J01014,CNCRD,M,,,,,Concord Control Systems Limite,2450.00,2479.95,2400.00,2453.50,2461.95,2515.60,,2453.50,,,10150,24676132.00,164,F1,50,,,,,
2026-07-24,2026-07-24,CM,BSE,STK,543620,INE0LGX01024,INA,B,,,,,INSOLATION ENERGY LIMITED,111.55,113.65,110.70,112.55,112.55,113.45,,112.57,,,76658,8596472.00,798,F1,1,,,,,
2026-07-24,2026-07-24,CM,BSE,STK,543623,INE0NC801013,VEDANTASSET,MT,,,,,VEDANT ASSET LIMITED,81.29,81.29,81.29,81.29,81.29,82.94,,81.29,,,1500,121935.00,1,F1,1500,,,,,
2026-07-24,2026-07-24,CM,BSE,STK,543626,INE02YR01019,EMIL,B,,,,,Electronics Mart India Limited,128.40,130.00,125.80,129.40,129.45,127.70,,129.64,,,46161,5894930.00,506,F1,1,,,,,
2026-07-24,2026-07-24,CM,BSE,STK,543627,INF179KC1HU8,HDFCLOWVOL,B,,,,,HDFC Mutual Fund,20.54,20.66,20.54,20.66,20.66,20.79,,20.53,,,109,2240.00,4,F1,1,,,,,
2026-07-24,2026-07-24,CM,BSE,STK,543628,INF179KC1HV6,HDFCMOMENT,B,,,,,HDFC Mutual Fund,30.40,30.50,30.18,30.50,30.50,30.58,,30.39,,,6981,211571.00,76,F1,1,,,,,
2026-07-24,2026-07-24,CM,BSE,STK,543635,INE0DK501011,PPLPHARMA,A,,,,,PIRAMAL PHARMA LIMITED,178.90,182.25,178.85,181.15,181.65,180.85,,181.26,,,1308107,236264191.00,2973,F1,1,,,,,
2026-07-24,2026-07-24,CM,BSE,STK,543636,INE0A1101019,DCI,B,,,,,Dc Infotech and Communication,275.00,290.00,270.60,288.20,290.00,276.00,,287.85,,,1612,453787.00,62,F1,1,,,,,
2026-07-24,2026-07-24,CM,BSE,STK,543637,INE0N1L01018,PACE,MT,,,,,PACE E-COMMERCE VENTURES LIMIT,14.10,14.10,13.85,13.85,13.85,14.10,,13.85,,,2400,33540.00,2,F1,1200,,,,,
2026-07-24,2026-07-24,CM,BSE,STK,543638,INE0HMF01019,TRACXN,B,,,,,Tracxn Technologies Limited,30.03,30.05,29.63,29.83,30.00,30.02,,29.71,,,7869,234775.00,178,F1,1,,,,,
2026-07-24,2026-07-24,CM,BSE,STK,543643,INE117Z01011,NARMADA,B,,,,,Narmada Agrobase Limited,35.00,36.11,34.41,35.00,34.96,35.18,,34.92,,,35594,1252462.00,251,F1,1,,,,,
2026-07-24,2026-07-24,CM,BSE,STK,543644,INE344S01016,INFOBEAN,B,,,,,InfoBeans Technologies Limited,154.75,160.35,154.75,157.30,158.00,156.70,,157.33,,,9506,1496365.00,230,F1,1,,,,,
2026-07-24,2026-07-24,CM,BSE,STK,543645,INE05X901010,HPIL,B,,,,,HINDPRAKASH INDUSTRIES LIMITED,121.50,126.95,121.50,126.95,126.95,128.50,,126.31,,,104,12854.00,15,F1,1,,,,,
2026-07-24,2026-07-24,CM,BSE,STK,543650,INE0KL801015,DCXINDIA,B,,,,,DCX Systems Limited,178.00,182.05,175.50,180.55,180.40,179.85,,180.67,,,41191,7360511.00,818,F1,1,,,,,
2026-07-24,2026-07-24,CM,BSE,STK,543652,INE139R01012,FUSION,B,,,,,FUSION FINANCE LIMITED,219.60,219.60,209.15,216.00,213.60,220.65,,216.47,,,30367,6514022.00,472,F1,1,,,,,
2026-07-24,2026-07-24,CM,BSE,STK,543653,INE00E101023,BIKAJI,A,,,,,Bikaji Foods International Lim,624.85,639.05,624.85,633.10,633.10,631.55,,630.80,,,9137,5783116.00,1328,F1,1,,,,,
2026-07-24,2026-07-24,CM,BSE,STK,543654,INE474Q01031,MEDANTA,A,,,,,Global Health Limited,1375.05,1376.30,1351.00,1370.40,1369.35,1374.05,,1371.00,,,9587,13101615.00,709,F1,1,,,,,
2026-07-24,2026-07-24,CM,BSE,STK,543656,INE0MXP01015,TECHNOPACK,M,,,,,Technopack Polymers Limited,12.41,13.05,12.41,13.05,13.05,14.00,,13.05,,,16000,204880.00,4,F1,4000,,,,,
2026-07-24,2026-07-24,CM,BSE,STK,543657,INE128X01021,ACI,A,,,,,Archean Chemical Industries Li,550.05,557.00,545.45,554.65,557.00,553.45,,554.85,,,10978,6047928.00,731,F1,1,,,,,
2026-07-24,2026-07-24,CM,BSE,STK,543663,INE128S01021,FIVESTAR,A,,,,,Five-Star Business Finance Ltd,533.00,537.45,520.50,535.15,536.00,534.35,,535.20,,,1169672,620181159.00,2635,F1,1,,,,,
2026-07-24,2026-07-24,CM,BSE,STK,543664,INE918Z01012,KAYNES,A,,,,,KAYNES TECHNOLOGY INDIA LIMITE,3219.90,3236.75,3132.00,3176.10,3176.10,3238.70,,3176.20,,,39796,126019379.00,4319,F1,1,,,,,
2026-07-24,2026-07-24,CM,BSE,STK,543665,INF179KC1IA8,HDFCNIFIT,B,,,,,HDFC Mutual Fund,30.59,30.94,30.14,30.94,30.83,30.59,,30.80,,,5498,166427.00,20,F1,1,,,,,
2026-07-24,2026-07-24,CM,BSE,STK,543666,INF179KC1HZ7,HDFCPVTBAN,B,,,,,HDFC Mutual Fund,27.76,27.93,27.56,27.89,27.92,27.79,,27.86,,,7211,199468.00,27,F1,1,,,,,
2026-07-24,2026-07-24,CM,BSE,STK,543667,INE510W01014,INOXGREEN,A,,,,,INOX GREEN ENERGY SERVICES LIM,185.10,193.15,183.65,192.20,191.40,187.50,,191.88,,,48621,9187660.00,826,F1,1,,,,,
2026-07-24,2026-07-24,CM,BSE,STK,543668,INE01EE01011,BBTCL,B,,,,,B&B Triplewall Containers Limi,216.35,221.90,210.00,214.55,219.90,216.35,,216.72,,,3559,765779.00,64,F1,1,,,,,
2026-07-24,2026-07-24,CM,BSE,STK,543669,INE263M01029,RUSTOMJEE,B,,,,,Keystone Realtors Limited,398.20,404.20,395.90,399.05,398.70,402.80,,399.75,,,259,103234.00,29,F1,1,,,,,
2026-07-24,2026-07-24,CM,BSE,STK,543670,INE01KI01027,VINNY,B,,,,,VINNY OVERSEAS LIMITED,1.08,1.10,1.07,1.07,1.08,1.08,,1.07,,,14802,15863.00,32,F1,1,,,,,
2026-07-24,2026-07-24,CM,BSE,STK,543671,INE0D0U01013,AAATECH,B,,,,,AAA TECHNOLOGIES LIMITED,91.00,91.19,89.00,91.19,91.19,92.00,,89.70,,,2896,261868.00,140,F1,1,,,,,
2026-07-24,2026-07-24,CM,BSE,STK,543677,INF109KC17L8,FINIETF,B,,,,,ICICI Prudential Mutual Fund,31.93,32.18,31.65,32.02,32.18,32.11,,32.01,,,42828,1359982.00,189,F1,1,,,,,
2026-07-24,2026-07-24,CM,BSE,STK,543678,INE0N6V01016,AMBOAGRI,M,,,,,AMBO AGRITEC LIMITED,9.13,9.59,9.12,9.50,9.50,9.60,,9.50,,,25000,232150.00,19,F1,1000,,,,,
2026-07-24,2026-07-24,CM,BSE,STK,543686,INE792Z01011,SIRCA,B,,,,,Sirca Paints India Limited,394.40,395.35,389.20,393.85,393.85,394.00,,393.45,,,9226,3628833.00,230,F1,1,,,,,
2026-07-24,2026-07-24,CM,BSE,STK,543687,INE00OQ01016,DHARMAJ,B,,,,,Dharmaj Crop Guard Limited,260.95,261.90,259.30,260.85,260.50,258.90,,260.95,,,330,86025.00,41,F1,1,,,,,
2026-07-24,2026-07-24,CM,BSE,STK,543688,INE324X01026,SARVESHWAR,T,,,,,Sarveshwar Foods Limited,3.44,3.50,3.38,3.47,3.47,3.45,,3.45,,,59636,205559.00,122,F1,1,,,,,
2026-07-24,2026-07-24,CM,BSE,STK,543689,INE244O01017,UNIPARTS,B,,,,,Uniparts India Limited,675.35,692.50,662.25,689.55,691.00,672.20,,689.50,,,4342,2945027.00,290,F1,1,,,,,
2026-07-24,2026-07-24,CM,BSE,STK,543699,INF754K01QX0,EBBETF0433,F,,,,,Edelweiss Mutual Fund,1310.30,1315.00,1310.30,1311.70,1311.70,1316.00,,1310.61,,,428,561558.00,18,F1,1,,,,,
2026-07-24,2026-07-24,CM,BSE,STK,543709,INE0NT601018,GARGI,M,,,,,PNGS GARGI FASHION JEWELLERY L,646.00,660.00,646.00,654.55,652.50,645.65,,654.55,,,10125,6605075.00,61,F1,125,,,,,
2026-07-24,2026-07-24,CM,BSE,STK,543710,INF109KC19O8,COMMOIETF,B,,,,,ICICI Prudential Mutual Fund,99.23,99.86,98.64,99.08,99.72,99.98,,99.57,,,2677,265228.00,80,F1,1,,,,,
2026-07-24,2026-07-24,CM,BSE,STK,543711,INE142Q01026,SULA,B,,,,,Sula Vineyards Limited,149.40,151.45,148.00,150.10,149.90,149.10,,149.80,,,18934,2831011.00,329,F1,1,,,,,
2026-07-24,2026-07-24,CM,BSE,STK,543713,INE0MQD01015,DRONACHRYA,M,,,,,Droneacharya Aerial Innovation,36.15,37.00,35.40,35.83,35.56,36.70,,35.83,,,43000,1551780.00,39,F1,1000,,,,,
2026-07-24,2026-07-24,CM,BSE,STK,543714,INE559R01029,LANDMARK,B,,,,,LANDMARK CARS LIMITED,502.00,518.00,487.00,512.80,518.00,504.85,,512.80,,,13407,6767011.00,358,F1,1,,,,,
2026-07-24,2026-07-24,CM,BSE,STK,543720,INE138Y01010,KFINTECH,A,,,,,KFin Technologies Limited,871.05,872.00,856.00,858.00,857.50,867.60,,857.75,,,37790,32621836.00,2225,F1,1,,,,,
2026-07-24,2026-07-24,CM,BSE,STK,543725,INE050401020,ELIN,B,,,,,Elin Electronics Limited,99.25,102.70,98.90,100.45,100.10,100.45,,101.12,,,5861,587681.00,117,F1,1,,,,,
2026-07-24,2026-07-24,CM,BSE,STK,543732,INE855R01021,RADIANTCMS,B,,,,,Radiant Cash Management Servic,36.51,37.16,36.51,37.00,37.00,37.02,,36.93,,,3420,126377.00,207,F1,1,,,,,
2026-07-24,2026-07-24,CM,BSE,STK,543737,INE09BN01011,AVEER,X,,,,,Aveer Foods Limited,609.95,611.00,608.95,610.85,611.00,599.80,,610.85,,,93,56767.00,7,F1,1,,,,,
2026-07-24,2026-07-24,CM,BSE,STK,543738,INF740KA1RX3,BANKADD,B,,,,,DSP Mutual Fund,57.60,58.21,57.27,57.99,57.99,58.06,,58.08,,,2801,162127.00,18,F1,1,,,,,
2026-07-24,2026-07-24,CM,BSE,STK,543743,INE035801013,AERONEU,B,,,,,Aeroflex Neu Limited,87.45,88.50,85.00,85.00,85.00,86.20,,85.38,,,34,2927.00,9,F1,1,,,,,
2026-07-24,2026-07-24,CM,BSE,STK,543745,INE0MID01012,SVS,M,,,,,SVS VENTURES LIMITED,6.00,6.00,6.00,6.00,6.00,5.85,,6.00,,,6000,36000.00,1,F1,6000,,,,,
2026-07-24,2026-07-24,CM,BSE,STK,543746,INE0BSU01018,LOGICA,M,,,,,LOGICA INFOWAY LIMITED,155.00,160.10,155.00,158.05,160.10,160.10,,158.05,,,4800,749820.00,8,F1,600,,,,,
2026-07-24,2026-07-24,CM,BSE,STK,543747,INE0BTI01037,KAMOPAINTS,B,,,,,Kamdhenu Ventures Limited,4.50,4.59,4.50,4.55,4.59,4.52,,4.55,,,39680,179021.00,110,F1,1,,,,,
2026-07-24,2026-07-24,CM,BSE,STK,543748,INE0LRU01027,AARTIPHARM,A,,,,,Aarti Pharmalabs Limited,659.75,684.00,657.80,674.25,674.25,659.70,,673.80,,,7917,5315055.00,438,F1,1,,,,,
2026-07-24,2026-07-24,CM,BSE,STK,543766,INE094B01013,ASHIKA,B,,,,,Ashika Credit Capital Ltd.,395.15,399.90,393.15,399.35,399.90,397.25,,399.25,,,39945,15832535.00,332,F1,1,,,,,
2026-07-24,2026-07-24,CM,BSE,STK,543767,INE0EEJ01023,BTML,B,,,,,BODHI TREE MULTIMEDIA LIMITED,6.05,7.09,5.70,6.92,6.99,6.10,,6.96,,,161061,1066123.00,358,F1,1,,,,,
2026-07-24,2026-07-24,CM,BSE,STK,543768,INE0NNS01018,NSLNISP,A,,,,,NMDC Steel Limited,41.50,41.70,40.68,41.40,41.40,41.69,,41.41,,,356997,14679695.00,1985,F1,1,,,,,
2026-07-24,2026-07-24,CM,BSE,STK,543769,INE0KN201016,INDONG,M,,,,,INDONG TEA COMPANY LIMITED,9.00,9.91,9.00,9.01,9.01,9.02,,9.01,,,40000,379800.00,10,F1,4000,,,,,
2026-07-24,2026-07-24,CM,BSE,STK,543774,INF179KC1EZ4,HDFCBSE500,B,,,,,HDFC Mutual Fund,36.80,37.03,36.63,36.99,36.98,36.91,,37.00,,,1658,60887.00,23,F1,1,,,,,
2026-07-24,2026-07-24,CM,BSE,STK,543775,INF179KC1FB2,HDFCSML250,B,,,,,HDFC Mutual Fund,176.49,177.78,175.33,177.59,177.60,177.94,,177.58,,,57996,10249933.00,885,F1,1,,,,,
2026-07-24,2026-07-24,CM,BSE,STK,543776,INF179KC1HT0,HDFCMID150,B,,,,,HDFC Mutual Fund,23.05,23.17,22.47,23.03,23.17,23.05,,22.99,,,75837,1732310.00,400,F1,1,,,,,
2026-07-24,2026-07-24,CM,BSE,STK,543781,INF769K01JP9,GOLDETF,E,,,,,Mirae Asset Mutual Fund,138.74,139.96,137.36,138.96,139.41,139.68,,138.89,,,68434,9457335.00,854,F1,1,,,,,
2026-07-24,2026-07-24,CM,BSE,STK,543782,INE0O4601016,SEALMATIC,M,,,,,Sealmatic India Limited,390.00,396.50,390.00,393.85,396.50,390.00,,393.85,,,4860,1899810.00,17,F1,180,,,,,
2026-07-24,2026-07-24,CM,BSE,STK,543787,INE0OLH01013,ROBU,M,,,,,Macfos Limited,1175.00,1180.00,1160.00,1171.65,1165.05,1145.00,,1171.65,,,3795,4448226.00,15,F1,165,,,,,
2026-07-24,2026-07-24,CM,BSE,STK,543798,INE0NPA01011,PATRON,MT,,,,,Patron Exim Limited,2.09,2.09,2.06,2.06,2.06,2.16,,2.06,,,92000,189880.00,10,F1,4000,,,,,
2026-07-24,2026-07-24,CM,BSE,STK,543799,INE0JZS01010,SVJ,M,,,,,S. V. J. Enterprises Limited,182.30,182.30,181.60,181.90,181.60,191.15,,181.90,,,1000,181875.00,4,F1,250,,,,,
2026-07-24,2026-07-24,CM,BSE,STK,543805,INE0NYN01016,RESGEN,M,,,,,RESGEN LIMITED,50.60,50.60,50.60,50.60,50.60,49.63,,50.60,,,750,37950.00,1,F1,750,,,,,
2026-07-24,2026-07-24,CM,BSE,STK,543806,INE0O6A01019,ITCONS,M,,,,,ITCONS E-Solutions Limited,283.00,294.70,268.00,286.25,286.25,281.00,,286.25,,,70400,19913930.00,168,F1,200,,,,,
2026-07-24,2026-07-24,CM,BSE,STK,543811,INE645W01026,AIRAN,B,,,,,AIRAN LIMITED,15.15,15.30,14.94,15.20,15.20,15.18,,15.03,,,6037,91215.00,31,F1,1,,,,,
2026-07-24,2026-07-24,CM,BSE,STK,543812,INE753U01022,DIVGIITTS,B,,,,,DIVGI TORQTRANSFER SYSTEMS LIM,928.50,960.00,904.50,944.60,960.00,934.80,,945.50,,,2153,2004479.00,219,F1,1,,,,,
2026-07-24,2026-07-24,CM,BSE,STK,543813,INF209KB18T9,ABSLLIQUID,F,,,,,Aditya Birla Sun Life Mutual F,999.99,999.99,999.99,999.99,999.99,1000.00,,1000.00,,,100,99999.00,1,F1,1,,,,,
2026-07-24,2026-07-24,CM,BSE,STK,543819,INF109KC10S8,PSUBNKIETF,B,,,,,ICICI Prudential Mutual Fund,83.83,86.23,83.34,84.89,85.02,84.54,,84.72,,,4354,366441.00,76,F1,1,,,,,
2026-07-24,2026-07-24,CM,BSE,STK,543828,INE00TV01023,SUDARSHAN,MT,,,,,SUDARSHAN PHARMA INDUSTRIES LI,38.76,42.15,38.76,41.82,40.80,40.15,,41.82,,,332000,13846840.00,50,F1,4000,,,,,
2026-07-24,2026-07-24,CM,BSE,STK,543829,INE0JSX01015,GSLSU,B,,,,,Global Surfaces Limited,28.57,28.57,27.00,28.57,28.57,27.21,,28.01,,,80016,2271641.00,369,F1,1,,,,,
2026-07-24,2026-07-24,CM,BSE,STK,543830,INE0NLJ01011,LABELKRAFT,M,,,,,LABELKRAFT TECHNOLOGIES LIMITE,61.61,61.61,61.61,61.61,61.61,62.80,,61.61,,,2000,123220.00,1,F1,2000,,,,,
2026-07-24,2026-07-24,CM,BSE,STK,543831,INE0OMI01019,BRIGHT,M,,,,,Bright Outdoor Media Limited,364.95,369.00,360.00,362.60,360.00,360.65,,362.60,,,24750,9038362.00,44,F1,375,,,,,
2026-07-24,2026-07-24,CM,BSE,STK,543853,INF846K010Q0,SENSEXAXIS,B,,,,,AXIS BSE SENSEX ETF,78.39,79.67,78.39,79.67,79.67,79.66,,79.12,,,76,6021.00,3,F1,1,,,,,
2026-07-24,2026-07-24,CM,BSE,STK,543860,INE825B01010,JAFINANCE,X,,,,,J.A. Finance Limited,87.00,87.00,87.00,87.00,87.00,87.00,,87.00,,,200,17400.00,2,F1,1,,,,,
2026-07-24,2026-07-24,CM,BSE,STK,543861,INE0N0Y01013,USK,B,,,,,Udayshivakumar infra limited,22.21,22.40,21.29,21.40,21.40,21.67,,21.75,,,507,10863.00,7,F1,1,,,,,
2026-07-24,2026-07-24,CM,BSE,STK,543874,INE0O1T01010,MAIDEN,M,,,,,Maiden Forgings Limited,94.01,94.01,93.10,93.10,93.10,94.99,,93.10,,,19000,1774760.00,8,F1,1000,,,,,
2026-07-24,2026-07-24,CM,BSE,STK,543895,INE0O8901016,EXHICON,M,,,,,Exhicon Events Media Solutions,518.05,519.00,510.00,510.50,510.50,521.30,,510.50,,,16750,8596450.00,57,F1,250,,,,,
2026-07-24,2026-07-24,CM,BSE,STK,543896,INE0LCL01028,AVALON,A,,,,,Avalon Technologies Limited,1741.40,1765.35,1719.00,1741.75,1742.00,1741.40,,1741.50,,,6816,11854749.00,637,F1,1,,,,,
2026-07-24,2026-07-24,CM,BSE,STK,543897,INE0P7001013,SANCODE,MT,,,,,Sancode Technologies Limited,399.30,407.25,399.30,407.25,407.25,399.30,,407.25,,,12500,5058825.00,13,F1,500,,,,,
2026-07-24,2026-07-24,CM,BSE,STK,543898,INE0N7W01012,BLAL,B,,,,,BEML Land Assets Limited,179.50,179.50,175.00,176.25,175.50,179.50,,175.97,,,527,93046.00,42,F1,1,,,,,
2026-07-24,2026-07-24,CM,BSE,STK,543900,INF789F1AYK6,SILVERBETA,E,,,,,UTI Mutual Fund,209.44,213.27,208.65,212.86,212.98,213.48,,212.92,,,15458,3246359.00,557,F1,1,,,,,
2026-07-24,2026-07-24,CM,BSE,STK,543901,INE508K01013,RHL,B,,,,,ROBUST HOTELS LIMITED,190.00,190.00,166.10,167.90,167.90,170.05,,167.34,,,3011,565083.00,19,F1,1,,,,,
2026-07-24,2026-07-24,CM,BSE,STK,543902,INE0NTC01019,RETINA,M,,,,,Retina Paints Limited,41.80,41.80,39.99,39.99,39.99,40.80,,39.99,,,6000,243560.00,3,F1,2000,,,,,
2026-07-24,2026-07-24,CM,BSE,STK,543903,INF740KA1SW3,GOLDADD,E,,,,,DSP Mutual Fund,137.82,138.90,137.25,138.70,138.90,139.58,,138.61,,,2922,402939.00,33,F1,1,,,,,
2026-07-24,2026-07-24,CM,BSE,STK,543904,INE634S01028,MANKIND,A,,,,,Mankind Pharma Limited,2556.20,2556.20,2501.55,2505.40,2509.65,2557.10,,2507.10,,,6973,17582823.00,664,F1,1,,,,,
2026-07-24,2026-07-24,CM,BSE,STK,543910,INE680Z01018,AVG,T,,,,,AVG Logistics Limited,200.70,206.00,193.20,205.45,204.00,203.35,,204.23,,,9119,1778863.00,52,F1,1,,,,,
2026-07-24,2026-07-24,CM,BSE,STK,543911,INE0ALR01029,ATALREAL,B,,,,,Atal Realtech Limited,30.66,32.12,30.66,31.44,31.30,31.36,,31.44,,,184372,5816222.00,365,F1,1,,,,,
2026-07-24,2026-07-24,CM,BSE,STK,543912,INE557Z01018,PIGL,B,,,,,Power & Instrumentation (Gujar,109.20,109.50,102.45,106.50,106.05,108.80,,105.30,,,7929,831562.00,123,F1,1,,,,,
2026-07-24,2026-07-24,CM,BSE,STK,543913,INE0NDH25011,NXST,IF,,,,,Nexus Select Trust,166.20,166.83,165.74,166.27,166.50,165.91,,166.28,,,3602,598502.00,186,F1,1,,,,,
2026-07-24,2026-07-24,CM,BSE,STK,543914,INE210F01016,SWATIPRO,X,,,,,Swati Projects Limited,29.41,30.95,29.00,29.37,29.20,29.18,,29.37,,,3732,110709.00,49,F1,1,,,,,
2026-07-24,2026-07-24,CM,BSE,STK,543915,INE07S101038,PAVNAIND,B,,,,,Pavna Industries Limited,15.96,16.44,15.90,16.27,16.35,15.96,,16.10,,,1724,27936.00,38,F1,1,,,,,
2026-07-24,2026-07-24,CM,BSE,STK,543916,INE0GYI01028,HSIL,MT,,,,,Hemant Surgical Industries Lim,384.00,384.00,366.00,380.90,380.90,384.25,,380.90,,,10000,3722060.00,24,F1,400,,,,,
2026-07-24,2026-07-24,CM,BSE,STK,543917,INE0A0S01028,SIGMA,B,,,,,SIGMA SOLVE LIMITED,37.87,38.30,37.00,37.80,37.80,37.87,,38.06,,,2713,102093.00,28,F1,1,,,,,
2026-07-24,2026-07-24,CM,BSE,STK,543918,INE0PA801013,GHCLTEXTIL,B,,,,,GHCL Textiles Limited,115.56,117.01,112.36,115.58,115.01,115.28,,115.79,,,32970,3782242.00,392,F1,1,,,,,
2026-07-24,2026-07-24,CM,BSE,STK,543919,INE964W01021,MKPL,B,,,,,M.K.Proteins Limited,4.18,4.22,4.00,4.12,4.11,4.17,,4.13,,,25488,104453.00,116,F1,1,,,,,
2026-07-24,2026-07-24,CM,BSE,STK,543920,INE0NJ001013,CFF,M,,,,,CFF FLUID CONTROL LIMITED,928.00,962.50,918.65,960.30,962.50,939.10,,960.30,,,25400,23976780.00,114,F1,200,,,,,
2026-07-24,2026-07-24,CM,BSE,STK,543921,INE0NXA01015,COMRADE,MT,,,,,Comrade Appliances Limited,41.67,41.67,41.67,41.67,41.67,39.69,,41.67,,,10000,416700.00,8,F1,1000,,,,,
2026-07-24,2026-07-24,CM,BSE,STK,543922,INF769K01KG6,SILVERAG,E,,,,,Mirae Asset Mutual Fund,211.16,214.90,210.23,214.47,214.86,214.90,,214.74,,,5168,1094770.00,174,F1,1,,,,,
2026-07-24,2026-07-24,CM,BSE,STK,543923,INE0LOJ01019,IKIO,B,,,,,IKIO Technologies Limited,205.00,207.20,199.00,204.65,204.35,206.70,,204.81,,,20409,4150393.00,413,F1,1,,,,,
2026-07-24,2026-07-24,CM,BSE,STK,543924,INE0N5O01013,SONALIS,M,,,,,Sonalis Consumer Products Limi,50.95,51.03,50.95,51.03,51.03,48.60,,51.03,,,20000,1020320.00,9,F1,2000,,,,,
2026-07-24,2026-07-24,CM,BSE,STK,543926,INE0OJ401014,BIZOTIC,MT,,,,,Bizotic Commercial Limited,545.10,579.95,540.00,567.50,579.95,560.00,,567.50,,,1600,883820.00,8,F1,200,,,,,
2026-07-24,2026-07-24,CM,BSE,STK,543927,INE04Z101016,ASIAN,X,,,,,Asian Warehousing Limited,36.00,36.00,34.98,34.98,34.98,35.45,,34.98,,,502,18045.00,4,F1,1,,,,,
2026-07-24,2026-07-24,CM,BSE,STK,543928,INE0ORA01015,COSMICCRF,MT,,,,,Cosmic CRF Limited,1222.00,1235.00,1192.00,1226.75,1220.00,1241.00,,1226.75,,,3900,4713015.00,34,F1,100,,,,,
2026-07-24,2026-07-24,CM,BSE,STK,543929,INE0ECP01024,HMAAGRO,B,,,,,HMA Agro Industries Limited,21.40,21.70,21.00,21.41,21.35,21.39,,21.34,,,10346,221130.00,144,F1,1,,,,,
2026-07-24,2026-07-24,CM,BSE,STK,543930,INE568Z01015,URAVIDEF,T,,,,,Uravi Defence and Technology L,114.00,114.00,111.70,112.00,112.00,112.90,,111.94,,,31,3480.00,11,F1,1,,,,,
2026-07-24,2026-07-24,CM,BSE,STK,543931,INE0Q0M01015,VEEFIN,M,,,,,VEEFIN SOLUTIONS LIMITED,306.95,306.95,302.05,305.25,305.50,302.90,,305.25,,,7400,2251550.00,29,F1,200,,,,,
2026-07-24,2026-07-24,CM,BSE,STK,543932,INE349Y01013,IDEAFORGE,T,,,,,IDEAFORGE TECHNOLOGY LIMITED,850.00,892.00,850.00,868.75,868.75,859.45,,870.50,,,10276,8949034.00,631,F1,1,,,,,
2026-07-24,2026-07-24,CM,BSE,STK,543933,INE055S01018,CYIENTDLM,B,,,,,Cyient DLM Limited,663.55,680.40,653.60,671.10,668.30,665.05,,670.50,,,38888,25990994.00,1155,F1,1,,,,,
2026-07-24,2026-07-24,CM,BSE,STK,543934,INE01BT01015,MACIND,X,,,,,Machhar Industries Limited,362.50,362.50,344.70,354.10,361.90,362.80,,354.10,,,133,46425.00,11,F1,1,,,,,
2026-07-24,2026-07-24,CM,BSE,STK,543935,INF740KA1SX1,ITADD,B,,,,,DSP Mutual Fund,30.38,30.48,29.99,30.23,30.23,30.30,,30.53,,,1235,37455.00,11,F1,1,,,,,
2026-07-24,2026-07-24,CM,BSE,STK,543936,INE602W01027,SENCO,A,,,,,Senco Gold Limited,385.00,389.00,377.15,382.95,382.95,385.85,,382.85,,,91328,34932133.00,1553,F1,1,,,,,
2026-07-24,2026-07-24,CM,BSE,STK,543937,INE0NZF01019,ALPHAIND,M,,,,,ALPHALOGIC INDUSTRIES LIMITED,155.10,155.10,155.10,155.10,155.10,141.00,,155.10,,,1800,279180.00,1,F1,600,,,,,
2026-07-24,2026-07-24,CM,BSE,STK,543939,INE0P3N01018,KAKA,M,,,,,Kaka Industries Limited,211.00,215.25,211.00,212.00,212.00,208.25,,212.00,,,8500,1805875.00,16,F1,500,,,,,
2026-07-24,2026-07-24,CM,BSE,STK,543940,INE758E01017,JIOFIN,A,,,,,Jio Financial Services Limited,232.20,235.50,231.25,234.75,234.75,233.15,,234.71,,,766833,178807254.00,6662,F1,1,,,,,
2026-07-24,2026-07-24,CM,BSE,STK,543941,INE0NEV01011,AHASOLAR,M,,,,,AHASOLAR TECHNOLOGIES LIMITED,74.00,74.00,74.00,74.00,74.00,74.00,,74.00,,,800,59200.00,2,F1,400,,,,,
2026-07-24,2026-07-24,CM,BSE,STK,543942,INE735W01017,UTKARSHBNK,B,,,,,UTKARSH SMALL FINANCE BANK LIM,14.33,14.51,14.18,14.47,14.40,14.50,,14.45,,,222362,3182407.00,416,F1,1,,,,,
2026-07-24,2026-07-24,CM,BSE,STK,543943,INE0DN001027,ASARFI,M,,,,,ASARFI HOSPITAL LIMITED,209.10,214.00,209.10,213.05,213.05,213.20,,213.05,,,12000,2546450.00,10,F1,1000,,,,,
2026-07-24,2026-07-24,CM,BSE,STK,543944,INF769K01KR3,BANKETF,B,,,,,Mirae Asset Mutual Fund,572.40,579.13,570.81,577.50,577.99,577.50,,578.68,,,194,111820.00,22,F1,1,,,,,
2026-07-24,2026-07-24,CM,BSE,STK,543945,INE0NT901020,NETWEB,A,,,,,NETWEB TECHNOLOGIES INDIA LIMI,4214.95,4223.55,4114.90,4154.85,4154.85,4244.05,,4155.90,,,43406,180515110.00,5108,F1,1,,,,,
2026-07-24,2026-07-24,CM,BSE,STK,543946,INF769K01KS1,LIQUID,F,,,,,Mirae Asset Mutual Fund,1000.00,1000.01,1000.00,1000.00,1000.00,1000.00,,999.99,,,33357,33357000.00,47,F1,1,,,,,
2026-07-24,2026-07-24,CM,BSE,STK,543947,INF740KA1SZ6,SENSEXADD,A,,,,,DSP BSE Sensex ETF,78.32,78.59,78.06,78.58,78.58,78.90,,78.57,,,482,37831.00,11,F1,1,,,,,
2026-07-24,2026-07-24,CM,BSE,STK,543948,INF740KA1SY9,PSUBANKADD,B,,,,,DSP Mutual Fund,83.62,85.60,83.22,85.60,85.60,83.78,,84.55,,,783,66084.00,245,F1,1,,,,,
2026-07-24,2026-07-24,CM,BSE,STK,543949,INF740KA1TA7,PVTBANKADD,B,,,,,DSP Mutual Fund,27.56,27.77,27.56,27.74,27.77,27.62,,27.74,,,21,581.00,7,F1,1,,,,,
2026-07-24,2026-07-24,CM,BSE,STK,543950,INE0JO301016,YATHARTH,A,,,,,YATHARTH HOSPITAL & TRAUMA CAR,845.95,848.90,825.25,837.90,839.00,840.75,,838.75,,,7451,6241374.00,509,F1,1,,,,,
2026-07-24,2026-07-24,CM,BSE,STK,543952,INE342G01023,NIITMTS,B,,,,,NIIT Learning Systems Limited,228.05,235.00,225.15,233.10,235.00,232.20,,230.39,,,8649,1975598.00,363,F1,1,,,,,
2026-07-24,2026-07-24,CM,BSE,STK,543953,INE0OWC01011,KHAZANCHI,M,,,,,Khazanchi Jewellers Limited,665.55,674.50,665.00,673.40,674.00,665.55,,673.40,,,30750,20598650.00,93,F1,250,,,,,
2026-07-24,2026-07-24,CM,BSE,STK,543954,INE0NN701020,ATL,B,,,,,Allcargo Terminals Limited,23.48,23.48,22.57,22.83,23.09,22.84,,22.81,,,2329,52903.00,64,F1,1,,,,,
2026-07-24,2026-07-24,CM,BSE,STK,543955,INE0O3901029,TREL,B,,,,,Transindia Real Estate Limited,24.00,24.57,23.63,24.55,24.55,24.57,,24.32,,,10084,244353.00,93,F1,1,,,,,
2026-07-24,2026-07-24,CM,BSE,STK,543956,INF109KC18V5,QUAL30IETF,B,,,,,ICICI Prudential Mutual Fund,20.82,20.97,20.73,20.97,20.97,20.82,,20.94,,,920,19242.00,15,F1,1,,,,,
2026-07-24,2026-07-24,CM,BSE,STK,543957,INE0LXT01019,REDTAPE,B,,,,,REDTAPE Limited,131.50,131.50,125.75,127.05,127.05,127.70,,126.78,,,24474,3152077.00,379,F1,1,,,,,
2026-07-24,2026-07-24,CM,BSE,STK,543958,INE03HW01020,VLEGOV,T,,,,,VL E-Governance & IT Solutions,10.41,10.41,10.41,10.41,10.41,10.62,,10.41,,,11517,119891.00,70,F1,1,,,,,
2026-07-24,2026-07-24,CM,BSE,STK,543959,INE423Y01016,SBFC,A,,,,,SBFC Finance Limited,90.58,92.40,90.00,92.13,91.83,90.56,,92.18,,,85533,7797081.00,794,F1,1,,,,,
2026-07-24,2026-07-24,CM,BSE,STK,543960,INE338H01029,CONCORDBIO,A,,,,,Concord Biotech Limited,1252.20,1270.45,1237.70,1248.65,1250.90,1268.25,,1248.50,,,2786,3488738.00,227,F1,1,,,,,
2026-07-24,2026-07-24,CM,BSE,STK,543962,INE864X01013,DPWIRES,T,,,,,D.P. WIRES LIMITED,165.00,172.00,161.60,169.00,169.00,165.40,,165.18,,,1152,192158.00,30,F1,1,,,,,
2026-07-24,2026-07-24,CM,BSE,STK,543963,INE013V01011,SHELTER,M,,,,,SHELTER PHARMA LIMITED,27.20,27.20,26.50,26.90,26.90,27.00,,26.90,,,12000,322050.00,4,F1,3000,,,,,
2026-07-24,2026-07-24,CM,BSE,STK,543965,INE395N01027,TVSSCS,B,,,,,TVS Supply Chain Solutions Lim,132.05,133.60,129.60,133.25,133.45,132.30,,133.14,,,47525,6247629.00,690,F1,1,,,,,
2026-07-24,2026-07-24,CM,BSE,STK,543969,INE0MIS01010,PYRAMID,B,,,,,Pyramid Technoplast Limited,164.75,165.20,158.10,163.65,163.05,163.85,,164.21,,,2891,472145.00,86,F1,1,,,,,
2026-07-24,2026-07-24,CM,BSE,STK,543971,INE0Q8P01029,BONDADA,M,,,,,Bondada Engineering Limited,310.00,314.50,304.10,306.35,306.35,305.95,,306.35,,,198000,61048560.00,527,F1,200,,,,,
2026-07-24,2026-07-24,CM,BSE,STK,543972,INE024001021,AEROFLEX,B,,,,,Aeroflex Industries Limited,414.80,438.05,403.45,420.95,420.95,420.10,,420.85,,,93444,39445848.00,2310,F1,1,,,,,
2026-07-24,2026-07-24,CM,BSE,STK,543973,INF179KC1JG3,HDFCLIQUID,F,,,,,HDFC Mutual Fund,1070.91,1070.91,1070.91,1070.91,1070.91,1070.48,,1070.92,,,93,99594.00,1,F1,1,,,,,
2026-07-24,2026-07-24,CM,BSE,STK,543974,INE0AE001013,VPRPL,T,,,,,VISHNU PRAKASH R PUNGLIA LIMIT,27.92,27.92,27.92,27.92,27.92,27.38,,27.92,,,4358,121675.00,15,F1,1,,,,,
2026-07-24,2026-07-24,CM,BSE,STK,543975,INF789F1AYX9,MIDCAPBETA,B,,,,,UTI Mutual Fund,226.01,226.01,226.01,226.01,226.01,232.00,,227.78,,,1,226.00,1,F1,1,,,,,
2026-07-24,2026-07-24,CM,BSE,STK,543976,INE489B01031,SHRAAITECH,X,,,,,Shradha AI Technologies Limite,23.30,24.45,23.05,23.68,23.52,23.83,,23.68,,,10745,255833.00,125,F1,1,,,,,
2026-07-24,2026-07-24,CM,BSE,STK,543977,INE0N2P01017,RISHABH,B,,,,,Rishabh Instruments Limited,629.00,632.00,612.20,623.10,624.90,632.90,,622.35,,,9407,5860708.00,437,F1,1,,,,,
2026-07-24,2026-07-24,CM,BSE,STK,543978,INE05CZ01011,RATNAVEER,B,,,,,Ratnaveer Precision Engineerin,174.70,180.55,174.70,178.85,178.25,178.00,,178.62,,,26153,4673033.00,448,F1,1,,,,,
2026-07-24,2026-07-24,CM,BSE,STK,543979,INE04T901017,KAHAN,MT,,,,,Kahan Packaging Limited,68.59,68.59,68.59,68.59,68.59,72.20,,68.59,,,3200,219488.00,2,F1,1600,,,,,
2026-07-24,2026-07-24,CM,BSE,STK,543980,INE682M01020,JLHL,A,,,,,Jupiter Life Line Hospitals Li,315.25,327.40,306.00,324.30,323.50,1576.30,,323.20,,,5861,1845117.00,507,F1,1,,,,,
2026-07-24,2026-07-24,CM,BSE,STK,543981,INE777K01022,RRKABEL,A,,,,,R R KABEL LIMITED,2377.45,2508.00,2337.50,2497.00,2505.90,2377.40,,2493.70,,,42481,103417828.00,2586,F1,1,,,,,
2026-07-24,2026-07-24,CM,BSE,STK,543982,INE0OYE01013,QUESTFLOW,MT,,,,,QUEST FLOW CONTROLS LIMITED,203.30,203.35,203.30,203.35,203.35,207.40,,203.35,,,2600,528680.00,11,F1,200,,,,,
2026-07-24,2026-07-24,CM,BSE,STK,543983,INE0OV601013,EMSLIMITED,B,,,,,EMS LIMITED,404.90,406.50,392.00,404.05,404.00,406.65,,403.30,,,16316,6510534.00,592,F1,1,,,,,
2026-07-24,2026-07-24,CM,BSE,STK,543984,INE08U801020,SAMHI,A,,,,,Samhi Hotels Limited,169.30,179.90,167.05,177.60,177.60,169.25,,177.66,,,50833,8866977.00,847,F1,1,,,,,
2026-07-24,2026-07-24,CM,BSE,STK,543985,INE07K301024,ZAGGLE,A,,,,,ZAGGLE PREPAID OCEAN SERVICES,200.00,202.30,198.65,200.20,200.50,201.15,,199.98,,,44273,8854987.00,842,F1,1,,,,,
2026-07-24,2026-07-24,CM,BSE,STK,543986,INE980Y01015,SOUTHWEST,B,,,,,South West Pinnacle Exploratio,246.45,246.45,229.25,234.10,232.10,235.90,,233.69,,,5408,1256093.00,212,F1,1,,,,,
2026-07-24,2026-07-24,CM,BSE,STK,543988,INE531F01023,NUVAMA,A,,,,,Nuvama Wealth Management Limit,1930.60,2067.00,1918.95,1979.80,1979.80,1947.20,,1980.10,,,269515,541788371.00,16910,F1,1,,,,,
2026-07-24,2026-07-24,CM,BSE,STK,543989,INE438K01021,KALAMANDIR,B,,,,,Sai Silks (Kalamandir) Limited,88.40,88.75,86.30,88.50,88.75,88.40,,88.43,,,62084,5434583.00,593,F1,1,,,,,
2026-07-24,2026-07-24,CM,BSE,STK,543990,INE903U01023,SIGNATURE,A,,,,,SIGNATUREGLOBAL (INDIA) LIMITE,765.15,777.65,755.55,769.20,771.20,767.10,,768.40,,,16844,12844990.00,430,F1,1,,,,,
2026-07-24,2026-07-24,CM,BSE,STK,543991,INE0P4P01011,TECHKGREEN,M,,,,,TECHKNOWGREEN SOLUTIONS LIMITE,143.00,155.00,143.00,154.45,154.00,146.00,,154.45,,,7600,1150640.00,19,F1,400,,,,,
2026-07-24,2026-07-24,CM,BSE,STK,543992,INE0JR601024,YATRA,B,,,,,YATRA ONLINE LIMITED,106.85,108.10,104.95,107.65,107.50,107.30,,107.67,,,110063,11782287.00,2176,F1,1,,,,,
2026-07-24,2026-07-24,CM,BSE,STK,543993,INE372M01010,ARCL,X,,,,,ARCL Organics Ltd,197.90,202.70,193.00,193.65,193.10,194.00,,193.65,,,3110,616531.00,32,F1,1,,,,,
2026-07-24,2026-07-24,CM,BSE,STK,543994,INE880J01026,JSWINFRA,A,,,,,JSW Infrastructure Limited,319.55,325.15,316.60,322.40,322.40,324.55,,322.70,,,183462,58745751.00,5243,F1,1,,,,,
2026-07-24,2026-07-24,CM,BSE,STK,543995,INE0KNT01012,MVGJL,B,,,,,MANOJ VAIBHAV GEMS 'N' JEWELLE,155.25,157.00,153.05,155.15,156.50,155.00,,155.70,,,2048,317557.00,165,F1,1,,,,,
2026-07-24,2026-07-24,CM,BSE,STK,543996,INE851I01011,UDS,B,,,,,Updater Services Limited,208.10,208.15,198.30,201.80,202.00,208.15,,201.21,,,24752,5006703.00,447,F1,1,,,,,
2026-07-24,2026-07-24,CM,BSE,STK,543997,INE0MIO01019,ORGANICREC,M,,,,,ORGANIC RECYCLING SYSTEMS LIMI,229.10,230.00,229.00,229.00,229.00,229.05,,229.00,,,27000,6189570.00,41,F1,600,,,,,
2026-07-24,2026-07-24,CM,BSE,STK,543998,INE0JWS01017,VALIANTLAB,T,,,,,Valiant Laboratories Limited,62.50,62.50,60.17,60.17,60.17,62.50,,61.50,,,122,7383.00,6,F1,1,,,,,
2026-07-24,2026-07-24,CM,BSE,STK,543999,INF769K01KT9,SENSEXETF,A,,,,,Mirae Asset Mutual Fund,79.18,79.18,77.82,78.50,78.54,78.77,,78.46,,,17753,1383028.00,78,F1,1,,,,,
2026-07-24,2026-07-24,CM,BSE,STK,544000,INE0M7501019,CCAL,MT,,,,,CITY CROPS AGRO LIMITED,29.60,29.61,29.60,29.61,29.61,28.20,,29.61,,,18000,532920.00,3,F1,6000,,,,,
2026-07-24,2026-07-24,CM,BSE,STK,544001,INE0Q1S01010,SUNITATOOL,MT,,,,,Sunita Tools Limited,957.50,957.55,957.00,957.55,957.55,938.80,,957.55,,,22000,21064168.00,56,F1,125,,,,,
2026-07-24,2026-07-24,CM,BSE,STK,544002,INE0PA601017,VIVAA,MT,,,,,Vivaa Tradecom Limited,99.35,101.33,99.35,101.33,101.33,99.35,,101.33,,,4000,401360.00,2,F1,2000,,,,,
2026-07-24,2026-07-24,CM,BSE,STK,544003,INE0INJ01017,PLAZACABLE,T,,,,,Plaza Wires Limited,41.60,43.29,41.00,43.00,43.00,42.36,,42.92,,,2674,111827.00,41,F1,1,,,,,
2026-07-24,2026-07-24,CM,BSE,STK,544004,INE07U701015,IRMENERGY,B,,,,,IRM ENERGY LIMITED,252.55,256.10,252.15,254.85,255.00,255.90,,254.55,,,4252,1075555.00,138,F1,1,,,,,
2026-07-24,2026-07-24,CM,BSE,STK,544006,INF769K01KV5,ITETF,B,,,,,Mirae Asset Mutual Fund,30.10,30.67,29.89,30.56,30.50,30.26,,30.49,,,39284,1190920.00,185,F1,1,,,,,
2026-07-24,2026-07-24,CM,BSE,STK,544007,INF769K01KU7,ALPHAETF,B,,,,,Mirae Asset Mutual Fund,25.50,25.67,25.31,25.62,25.67,25.71,,25.56,,,19821,504928.00,322,F1,1,,,,,
2026-07-24,2026-07-24,CM,BSE,STK,544008,INE03EI01018,MAXESTATES,B,,,,,Max Estates Limited,380.00,388.65,378.95,385.85,386.85,384.60,,387.10,,,2350,903491.00,122,F1,1,,,,,
2026-07-24,2026-07-24,CM,BSE,STK,544009,INE0KBH01020,BLUEJET,A,,,,,Blue Jet Healthcare Limited,576.00,595.40,563.50,566.65,566.65,577.20,,566.90,,,49081,28517824.00,1515,F1,1,,,,,
2026-07-24,2026-07-24,CM,BSE,STK,544012,INE0LMW01024,CELLO,A,,,,,Cello World Limited,340.25,345.50,336.95,344.45,344.45,340.40,,344.30,,,15403,5261546.00,697,F1,1,,,,,
2026-07-24,2026-07-24,CM,BSE,STK,544014,INE0J5401028,HONASA,A,,,,,Honasa Consumer Limited,446.10,455.00,445.00,448.90,447.55,444.80,,448.60,,,19906,8937718.00,793,F1,1,,,,,
2026-07-24,2026-07-24,CM,BSE,STK,544020,INE818W01011,ESAFSFB,B,,,,,ESAF Small Finance Bank Ltd,35.55,38.90,35.20,38.72,38.72,35.60,,38.69,,,700032,26421941.00,2401,F1,1,,,,,
2026-07-24,2026-07-24,CM,BSE,STK,544021,INE004A01022,PROTEAN,A,,,,,Protean eGov Technologies Limi,574.60,600.10,565.00,594.00,594.85,571.30,,593.90,,,34008,19928766.00,1287,F1,1,,,,,
2026-07-24,2026-07-24,CM,BSE,STK,544022,INE491J01022,ASKAUTOLTD,B,,,,,ASK Automotive Limited,503.55,512.00,498.00,509.80,507.00,502.45,,509.30,,,31978,16180745.00,1214,F1,1,,,,,
2026-07-24,2026-07-24,CM,BSE,STK,544023,INE0N6U01018,KALYANI,MT,,,,,Kalyani Cast-Tech Limited,727.00,743.45,715.00,740.95,743.40,727.00,,740.95,,,3000,2199212.00,12,F1,250,,,,,
2026-07-24,2026-07-24,CM,BSE,STK,544026,INE202E01016,IREDA,A,,,,,Indian Renewable Energy Develo,118.80,120.70,117.50,120.50,120.30,119.55,,120.48,,,448657,53487076.00,48091,F1,1,,,,,
2026-07-24,2026-07-24,CM,BSE,STK,544027,INE007N01010,FEDFINA,B,,,,,Fedbank Financial Services Lim,150.20,151.45,147.50,150.55,150.15,150.20,,150.53,,,53450,7988304.00,470,F1,1,,,,,
2026-07-24,2026-07-24,CM,BSE,STK,544028,INE142M01025,TATATECH,A,,,,,Tata Technologies Limited,688.00,714.00,688.00,711.00,711.00,696.30,,711.00,,,84237,59116139.00,3180,F1,1,,,,,
2026-07-24,2026-07-24,CM,BSE,STK,544029,INE717W01049,GANDHAR,B,,,,,Gandhar Oil Refinery (India) L,290.20,303.20,275.70,283.20,283.20,282.20,,282.48,,,1609235,464569240.00,20332,F1,1,,,,,
2026-07-24,2026-07-24,CM,BSE,STK,544030,INE00Y201027,FLAIR,B,,,,,Flair Writing Industries Limit,247.65,254.95,243.00,253.10,254.95,245.55,,252.55,,,8181,2042304.00,189,F1,1,,,,,
2026-07-24,2026-07-24,CM,BSE,STK,544035,INE0RDR01012,SPL,M,,,,,Swashthik Plascon Limited,22.00,22.00,21.00,22.00,22.00,23.05,,22.00,,,12800,276928.00,7,F1,1600,,,,,
2026-07-24,2026-07-24,CM,BSE,STK,544036,INE0RDM01013,DEEPAKCHEM,M,,,,,DEEPAK CHEMTEX LIMITED,76.28,76.28,76.00,76.00,76.00,76.28,,76.00,,,1600,121824.00,2,F1,800,,,,,
2026-07-24,2026-07-24,CM,BSE,STK,544037,INE0P9J01013,AMIC,M,,,,,Amic Forging Limited,1726.95,1740.00,1661.00,1724.80,1738.00,1736.80,,1724.80,,,50500,85663650.00,261,F1,100,,,,,
2026-07-24,2026-07-24,CM,BSE,STK,544042,INE0KQN01018,BAJEL,B,,,,,Bajel Projects Limited,179.00,179.60,176.00,179.30,178.80,179.35,,178.93,,,10914,1946104.00,206,F1,1,,,,,
2026-07-24,2026-07-24,CM,BSE,STK,544043,INF251K01SU9,BBNPPGOLD,E,,,,,BARODA BNP PARIBAS MUTUAL FUND,138.96,138.96,136.35,138.04,138.05,141.90,,137.90,,,245,33577.00,10,F1,1,,,,,
2026-07-24,2026-07-24,CM,BSE,STK,544044,INE922K01024,INDIASHLTR,A,,,,,India Shelter Finance Corporat,741.15,741.15,715.30,721.70,722.20,746.85,,723.80,,,7254,5265629.00,590,F1,1,,,,,
2026-07-24,2026-07-24,CM,BSE,STK,544045,INE321T01012,DOMS,A,,,,,DOMS Industries Limited,2220.00,2241.40,2206.05,2221.85,2235.00,2233.40,,2221.00,,,6602,14662985.00,796,F1,1,,,,,
2026-07-24,2026-07-24,CM,BSE,STK,544046,INE616N01034,INOXINDIA,A,,,,,INOX India Limited,2010.00,2014.65,1968.45,2003.55,2009.35,2010.55,,2004.00,,,5244,10449896.00,486,F1,1,,,,,
2026-07-24,2026-07-24,CM,BSE,STK,544047,INE0QSK01017,SIYARAM,MT,,,,,Siyaram Recycling Industries L,37.50,38.97,36.92,38.03,38.55,38.28,,38.03,,,24000,907050.00,16,F1,1500,,,,,
2026-07-24,2026-07-24,CM,BSE,STK,544053,INE0FRK01020,MOTISONS,B,,,,,Motisons Jewellers Limited,14.00,14.40,13.89,14.20,14.17,14.23,,14.17,,,450195,6370532.00,614,F1,1,,,,,
2026-07-24,2026-07-24,CM,BSE,STK,544054,INE843S01025,SURAJEST,B,,,,,Suraj Estate Developers Limite,194.00,194.10,190.10,193.70,193.00,193.95,,193.57,,,1449,277972.00,56,F1,1,,,,,
2026-07-24,2026-07-24,CM,BSE,STK,544055,INE046W01019,MUTHOOTMF,B,,,,,Muthoot Microfin Limited,241.35,251.75,238.60,250.45,250.00,241.35,,250.12,,,22822,5570283.00,550,F1,1,,,,,
2026-07-24,2026-07-24,CM,BSE,STK,544057,INE330T01021,HAPPYFORGE,B,,,,,Happy Forgings Limited,1599.55,1626.70,1590.00,1614.10,1613.20,1584.65,,1615.50,,,1934,3121204.00,235,F1,1,,,,,
2026-07-24,2026-07-24,CM,BSE,STK,544058,INE220Q01020,MUFTI,B,,,,,Credo Brands Marketing Limited,83.76,84.79,81.98,82.81,82.75,83.09,,82.92,,,1505,125554.00,40,F1,1,,,,,
2026-07-24,2026-07-24,CM,BSE,STK,544059,INE0QZQ01019,SHANTIDENM,M,,,,,SHANTI SPINTEX LIMITED,36.88,37.00,36.88,37.00,37.00,37.69,,37.00,,,4000,147760.00,2,F1,2000,,,,,
2026-07-24,2026-07-24,CM,BSE,STK,544060,INE0PEQ01016,RBZJEWEL,B,,,,,RBZ Jewellers Limited,140.00,141.45,137.95,139.70,140.90,140.85,,140.91,,,1086,151476.00,48,F1,1,,,,,
2026-07-24,2026-07-24,CM,BSE,STK,544061,INE02IJ01035,AZAD,A,,,,,Azad Engineering Limited,2356.10,2443.25,2335.00,2440.15,2440.15,2346.95,,2439.00,,,37535,90011115.00,2603,F1,1,,,,,
2026-07-24,2026-07-24,CM,BSE,STK,544066,INE0Q3R01026,SUNCLAY,B,,,,,SUNDARAM-CLAYTON LIMITED,1350.00,1383.25,1350.00,1363.90,1383.25,1368.25,,1363.40,,,246,334918.00,142,F1,1,,,,,
2026-07-24,2026-07-24,CM,BSE,STK,544067,INE0DUT01020,INNOVACAP,B,,,,,INNOVA CAPTAB LIMITED,965.00,965.00,935.10,943.75,951.05,967.00,,949.45,,,4770,4503745.00,176,F1,1,,,,,
2026-07-24,2026-07-24,CM,BSE,STK,544072,INE0QFT01015,AIKPIPES,M,,,,,AIK Pipes and Polymers Limited,24.00,24.31,24.00,24.23,24.31,23.16,,24.23,,,3200,77536.00,4,F1,800,,,,,
2026-07-24,2026-07-24,CM,BSE,STK,544073,INE0A6N01026,MCPL,MT,,,,,Manoj Ceramic Limited,75.30,75.30,74.95,74.95,74.95,78.85,,74.95,,,3000,225200.00,3,F1,1000,,,,,
2026-07-24,2026-07-24,CM,BSE,STK,544074,INE0RNZ01014,SBVCL,MT,,,,,Shri Balaji Valve Components L,105.90,105.90,103.75,105.00,105.00,105.90,,105.00,,,1800,188790.00,3,F1,600,,,,,
2026-07-24,2026-07-24,CM,BSE,STK,544079,INE0PSC01024,DIGIDRIVE,B,,,,,DIGIDRIVE DISTRIBUTORS LIMITED,18.00,18.00,17.50,17.67,18.00,18.00,,17.93,,,440,7796.00,21,F1,1,,,,,
2026-07-24,2026-07-24,CM,BSE,STK,544081,INE980O01024,JYOTICNC,A,,,,,Jyoti CNC Automation Limited,788.00,800.10,777.00,796.20,796.20,788.25,,795.15,,,40298,31698332.00,1591,F1,1,,,,,
2026-07-24,2026-07-24,CM,BSE,STK,544082,INE0GEN01012,SWANAGRO,M,,,,,New Swan Multitech Limited,42.20,42.20,42.20,42.20,42.20,43.50,,42.20,,,6000,253200.00,2,F1,2000,,,,,
2026-07-24,2026-07-24,CM,BSE,STK,544088,INE456Z01021,MEDIASSIST,A,,,,,Medi Assist Healthcare Service,333.85,340.50,333.85,339.70,340.20,338.50,,340.05,,,5871,1985253.00,238,F1,1,,,,,
2026-07-24,2026-07-24,CM,BSE,STK,544089,INF0R8F01034,LIQUIDCASE,F,,,,,Zerodha Mutual Fund,115.16,115.18,115.16,115.18,115.18,115.13,,115.17,,,941534,108434650.00,471,F1,1,,,,,
2026-07-24,2026-07-24,CM,BSE,STK,544090,INE07G501017,SHPLPUNE,X,,,,,Sayaji Hotels (Pune) Limited,840.00,840.00,800.00,805.00,805.00,830.00,,805.00,,,40,32280.00,9,F1,1,,,,,
2026-07-24,2026-07-24,CM,BSE,STK,544091,INE0Q1R01012,QLL,M,,,,,Qualitek Labs Limited,430.00,443.00,430.00,440.00,440.00,441.55,,440.00,,,2800,1225200.00,7,F1,400,,,,,
2026-07-24,2026-07-24,CM,BSE,STK,544092,INF0QA701722,NIFTYBETF,B,,,,,Bajaj Finserv Mutual Fund,243.50,245.35,243.50,245.35,245.35,245.69,,244.94,,,42,10229.00,3,F1,1,,,,,
2026-07-24,2026-07-24,CM,BSE,STK,544093,INF0QA701714,BANKBETF,B,,,,,Bajaj Finserv Mutual Fund,57.20,57.99,56.83,57.54,57.96,57.84,,57.76,,,816,47098.00,26,F1,1,,,,,
2026-07-24,2026-07-24,CM,BSE,STK,544095,INE0G5901015,EPACK,B,,,,,EPACK Durable Limited,227.25,235.50,227.15,234.25,235.00,230.75,,234.51,,,21315,4944854.00,501,F1,1,,,,,
2026-07-24,2026-07-24,CM,BSE,STK,544100,INE02H701025,NOVAAGRI,T,,,,,Nova Agritech Limited,22.50,23.15,22.30,23.14,23.08,22.80,,22.81,,,9567,216432.00,60,F1,1,,,,,
2026-07-24,2026-07-24,CM,BSE,STK,544101,INE0Q6L01014,BRISK,MT,,,,,Brisk Technovision Limited,74.95,77.45,74.95,77.45,77.45,73.85,,77.45,,,6400,487680.00,6,F1,800,,,,,
2026-07-24,2026-07-24,CM,BSE,STK,544102,INF789F1AZD8,ITBETA,B,,,,,UTI Mutual Fund,298.40,298.40,298.40,298.40,298.40,301.59,,303.03,,,10,2984.00,8,F1,1,,,,,
2026-07-24,2026-07-24,CM,BSE,STK,544104,INF789F1AZF3,GILT10BETA,F,,,,,UTI Mutual Fund,26.27,26.80,26.27,26.80,26.80,26.85,,26.69,,,226,6043.00,2,F1,1,,,,,
2026-07-24,2026-07-24,CM,BSE,STK,544105,INE0OLZ01015,HARSHDEEP,M,,,,,HARSHDEEP HORTICO LIMITED,81.16,81.16,79.15,81.00,81.00,83.26,,81.00,,,18000,1452075.00,11,F1,1500,,,,,
2026-07-24,2026-07-24,CM,BSE,STK,544106,INE0R5Z01015,MCFL,MT,,,,,Mayank Cattle Food Limited,211.00,211.00,211.00,211.00,211.00,210.20,,211.00,,,600,126600.00,1,F1,600,,,,,
2026-07-24,2026-07-24,CM,BSE,STK,544107,INE0NLT01010,BLSE,B,,,,,BLS E-Services Limited,260.05,287.75,259.95,282.20,282.20,263.50,,282.32,,,73749,20453653.00,1447,F1,1,,,,,
2026-07-24,2026-07-24,CM,BSE,STK,544108,INE0QZF01012,GPSL,M,,,,,Gabriel Pet Straps Limited,97.00,99.00,96.00,99.00,99.00,98.00,,99.00,,,3600,351000.00,6,F1,600,,,,,
2026-07-24,2026-07-24,CM,BSE,STK,544109,INF740KA1ZG1,HEALTHADD,B,,,,,DSP Mutual Fund,16.40,16.40,16.33,16.40,16.40,16.44,,16.40,,,4490,73348.00,6,F1,1,,,,,
2026-07-24,2026-07-24,CM,BSE,STK,544110,INF179KC1HW4,HDFCPSUBK,B,,,,,HDFC Mutual Fund,83.63,84.88,83.32,84.37,84.74,84.09,,84.61,,,1632,137381.00,164,F1,1,,,,,
2026-07-24,2026-07-24,CM,BSE,STK,544111,INE988S01028,PARKHOTELS,B,,,,,Apeejay Surrendra Park Hotels,121.75,123.30,120.35,122.60,122.30,123.35,,122.39,,,7085,859436.00,148,F1,1,,,,,
2026-07-24,2026-07-24,CM,BSE,STK,544112,INE0QXV01014,JGTL,X,,,,,JASCH GAUGING TECHNOLOGIES LIM,478.35,479.70,466.40,477.05,476.80,478.35,,477.05,,,1590,749668.00,54,F1,1,,,,,
2026-07-24,2026-07-24,CM,BSE,STK,544117,INE0KGZ01021,SIGNPOST,B,,,,,Signpost India Limited,307.80,311.55,303.00,309.05,311.55,301.30,,309.40,,,8703,2674706.00,214,F1,1,,,,,
2026-07-24,2026-07-24,CM,BSE,STK,544118,INE953L01027,JSFB,A,,,,,JANA SMALL FINANCE BANK LIMITE,540.00,544.50,525.90,537.80,542.35,545.35,,536.95,,,39240,20940077.00,1099,F1,1,,,,,
2026-07-24,2026-07-24,CM,BSE,STK,544119,INE0J1F01024,RPTECH,B,,,,,Rashi Peripherals Limited,756.00,786.95,754.50,780.30,778.65,761.25,,779.85,,,38294,29591148.00,1324,F1,1,,,,,
2026-07-24,2026-07-24,CM,BSE,STK,544120,INE646H01017,CAPITALSFB,B,,,,,Capital Small Finance Bank Ltd,300.00,300.00,287.60,292.20,292.35,299.85,,292.00,,,4778,1394791.00,189,F1,1,,,,,
2026-07-24,2026-07-24,CM,BSE,STK,544121,INE0OYK01010,RUDRAGAS,M,,,,,Rudra Gas Enterprise Limited,71.21,71.21,71.20,71.20,71.20,71.25,,71.20,,,2000,142410.00,2,F1,1000,,,,,
2026-07-24,2026-07-24,CM,BSE,STK,544122,INE010601016,ENTERO,B,,,,,Entero Healthcare Solutions Li,1199.95,1234.90,1194.00,1230.80,1226.40,1199.00,,1229.60,,,1103,1348157.00,132,F1,1,,,,,
2026-07-24,2026-07-24,CM,BSE,STK,544123,INF767K01RN1,LICNMID100,B,,,,,LIC Mutual Fund,61.79,62.12,61.71,62.12,62.12,62.00,,62.07,,,2501,154457.00,5,F1,1,,,,,
2026-07-24,2026-07-24,CM,BSE,STK,544124,INE0QTF01015,VSTL,B,,,,,VIBHOR STEEL TUBES LIMITED,110.00,110.60,110.00,110.05,110.05,109.20,,111.13,,,243,26734.00,11,F1,1,,,,,
2026-07-24,2026-07-24,CM,BSE,STK,544129,INE696F01016,JUNIPER,B,,,,,Juniper Hotels Limited,193.95,194.15,190.00,192.70,193.35,194.90,,193.05,,,19171,3662861.00,356,F1,1,,,,,
2026-07-24,2026-07-24,CM,BSE,STK,544130,INF769K01LC3,SMALLCAP,B,,,,,Mirae Asset Mutual Fund,46.78,46.78,45.82,46.53,46.56,46.76,,46.52,,,85572,3965911.00,367,F1,1,,,,,
2026-07-24,2026-07-24,CM,BSE,STK,544131,INE486R01017,GPTHEALTH,B,,,,,GPT Healthcare Limited,157.25,164.70,155.35,160.00,160.00,156.50,,159.64,,,20390,3278470.00,502,F1,1,,,,,
2026-07-24,2026-07-24,CM,BSE,STK,544132,INF0R8F01042,GOLDCASE,E,,,,,Zerodha Mutual Fund,22.80,22.80,22.02,22.45,22.50,22.59,,22.44,,,398914,8913110.00,1474,F1,1,,,,,
2026-07-24,2026-07-24,CM,BSE,STK,544133,INE777F01014,EXICOM,B,,,,,EXICOM TELE-SYSTEMS LIMITED,159.20,162.40,155.50,160.35,160.40,161.85,,160.30,,,166749,26471967.00,1409,F1,1,,,,,
2026-07-24,2026-07-24,CM,BSE,STK,544134,INE0PT501018,PLATIND,B,,,,,Platinum Industries Limited,228.00,228.50,219.70,226.00,227.80,228.70,,227.81,,,3001,666351.00,78,F1,1,,,,,
2026-07-24,2026-07-24,CM,BSE,STK,544135,INE0CG401037,MUKKA,B,,,,,Mukka Proteins Limited,23.48,23.48,22.60,22.93,23.12,22.71,,22.94,,,2877,65908.00,74,F1,1,,,,,
2026-07-24,2026-07-24,CM,BSE,STK,544136,INE0NQ801033,RKSWAMY,B,,,,,R K Swamy Limited,102.00,103.10,100.00,101.75,101.55,99.40,,101.38,,,2448,247352.00,128,F1,1,,,,,
2026-07-24,2026-07-24,CM,BSE,STK,544137,INE0NHL23019,INDUSINVIT,IF,,,,,Indus Infra Trust,130.80,131.15,130.35,130.86,130.71,130.25,,130.76,,,3705,484356.00,145,F1,1,,,,,
2026-07-24,2026-07-24,CM,BSE,STK,544138,INE0MB501011,JGCHEM,B,,,,,J.G.Chemicals Limited,478.65,511.00,467.75,505.25,505.30,475.95,,505.35,,,25768,12679345.00,769,F1,1,,,,,
2026-07-24,2026-07-24,CM,BSE,STK,544139,INE0M8R01011,KOURA,M,,,,,KOURA FINE DIAMOND JEWELRY LIM,32.30,32.30,32.20,32.20,32.20,33.60,,32.20,,,8000,258000.00,4,F1,2000,,,,,
2026-07-24,2026-07-24,CM,BSE,STK,544140,INE0L9R01028,GOPAL,B,,,,,Gopal Snacks Limited,260.80,260.80,256.60,258.85,257.00,258.20,,258.30,,,13779,3564144.00,222,F1,1,,,,,
2026-07-24,2026-07-24,CM,BSE,STK,544141,INE510U01018,PESB,MT,,,,,Pune E - Stock Broking Limited,252.00,260.00,248.00,257.95,258.00,254.10,,257.95,,,32000,8187360.00,34,F1,800,,,,,
2026-07-24,2026-07-24,CM,BSE,STK,544142,INE0PB301013,SCILAL,B,,,,,Shipping Corporation of India,41.08,41.68,40.99,41.26,41.20,41.69,,41.31,,,30810,1271387.00,231,F1,1,,,,,
2026-07-24,2026-07-24,CM,BSE,STK,544143,INE0QQG01019,ROYAL,M,,,,,Royal Sense Limited,110.00,112.00,105.02,105.50,105.50,111.99,,105.50,,,7500,817785.00,9,F1,500,,,,,
2026-07-24,2026-07-24,CM,BSE,STK,544144,INE772T01024,PVSL,B,,,,,Popular Vehicles and Services,103.00,108.00,103.00,105.76,105.61,105.84,,106.00,,,3656,387545.00,120,F1,1,,,,,
2026-07-24,2026-07-24,CM,BSE,STK,544149,INE0QN801017,KRYSTAL,B,,,,,KRYSTAL INTEGRATED SERVICES LI,603.20,603.20,600.00,602.45,603.10,603.20,,601.40,,,515,309317.00,105,F1,1,,,,,
2026-07-24,2026-07-24,CM,BSE,STK,544150,INE0QVH01025,KPGEL,M,,,,,KP GREEN ENGINEERING LIMITED,335.00,337.90,330.00,333.75,333.50,335.15,,333.75,,,40250,13391637.00,146,F1,250,,,,,
2026-07-24,2026-07-24,CM,BSE,STK,544151,INE0AH901011,CHATHA,M,,,,,CHATHA FOODS LIMITED,84.00,88.40,82.80,86.14,88.40,84.95,,86.14,,,37000,3138160.00,32,F1,1000,,,,,
2026-07-24,2026-07-24,CM,BSE,STK,544157,INE0OMZ01013,VRUDDHI,M,,,,,Vruddhi Engineering Works Limi,225.00,225.00,225.00,225.00,225.00,227.00,,225.00,,,500,112500.00,1,F1,500,,,,,
2026-07-24,2026-07-24,CM,BSE,STK,544158,INE0R6Z01013,SRM,B,,,,,SRM CONTRACTORS LIMITED,501.00,509.90,488.00,505.90,509.00,502.00,,507.60,,,3158,1571882.00,164,F1,1,,,,,
2026-07-24,2026-07-24,CM,BSE,STK,544159,INF740KA1UM0,LIQUIDADD,F,,,,,DSP BSE Liquid Rate ETF,1137.35,1137.36,1137.34,1137.36,1137.34,1136.92,,1137.35,,,25225,28689471.00,34,F1,1,,,,,
2026-07-24,2026-07-24,CM,BSE,STK,544160,INE0MSS01019,JAYKAILASH,MT,,,,,Jay Kailash Namkeen Limited,36.50,36.78,36.50,36.75,36.75,35.03,,36.75,,,43200,1587936.00,22,F1,1600,,,,,
2026-07-24,2026-07-24,CM,BSE,STK,544161,INE266Y01019,DPABHUSHAN,B,,,,,D P ABHUSHAN LIMITED,1350.00,1364.50,1306.85,1325.45,1339.90,1349.25,,1327.95,,,1758,2340539.00,163,F1,1,,,,,
2026-07-24,2026-07-24,CM,BSE,STK,544162,INE343G01021,BHARTIHEXA,A,,,,,Bharti Hexacom Limited,1592.70,1610.30,1571.45,1607.05,1610.30,1608.00,,1607.60,,,58036,92197647.00,349,F1,1,,,,,
2026-07-24,2026-07-24,CM,BSE,STK,544164,INE0Q9W01015,FAALCON,M,,,,,Faalcon Concepts Limited,39.55,39.55,39.55,39.55,39.55,39.50,,39.55,,,2000,79100.00,1,F1,2000,,,,,
2026-07-24,2026-07-24,CM,BSE,STK,544165,INE0SGR01013,SHIVAM,M,,,,,SHIVAM CHEMICALS LIMITED,98.00,98.65,98.00,98.05,98.05,102.00,,98.05,,,6000,589125.00,4,F1,1500,,,,,
2026-07-24,2026-07-24,CM,BSE,STK,544166,INE0SDC01012,EMMFORCE,MT,,,,,EMMFORCE AUTOTECH LIMITED,170.05,181.00,166.50,179.70,181.00,175.00,,179.70,,,34800,6160260.00,28,F1,1200,,,,,
2026-07-24,2026-07-24,CM,BSE,STK,544167,INE0OAF01028,JNKINDIA,B,,,,,JNK India Limited,455.55,475.95,452.00,470.50,474.95,461.75,,470.85,,,19507,8980113.00,485,F1,1,,,,,
2026-07-24,2026-07-24,CM,BSE,STK,544168,INE0R6801013,VARYAA,M,,,,,VARYAA CREATIONS LIMITED,27.10,27.10,27.00,27.00,27.00,30.00,,27.00,,,3000,81110.00,3,F1,1000,,,,,
2026-07-24,2026-07-24,CM,BSE,STK,544170,INE0QXT01018,DKUAL,M,,,,,Dolphin Kitchen Utensils and A,7.60,7.87,7.60,7.87,7.87,7.71,,7.87,,,12000,92540.00,6,F1,2000,,,,,
2026-07-24,2026-07-24,CM,BSE,STK,544171,INE0RGM01016,STAL,MT,,,,,Storage Technologies and Autom,36.10,36.10,36.00,36.05,36.00,37.00,,36.05,,,1600,57680.00,2,F1,800,,,,,
2026-07-24,2026-07-24,CM,BSE,STK,544172,INE065X01017,INDGN,A,,,,,Indegene Limited,483.80,494.40,483.80,492.75,494.40,488.55,,492.65,,,12718,6241877.00,470,F1,1,,,,,
2026-07-24,2026-07-24,CM,BSE,STK,544173,INE0QOQ01013,FTL,MT,,,,,Finelistings Technologies Limi,11.76,11.76,11.18,11.18,11.18,11.76,,11.18,,,6000,67660.00,6,F1,1000,,,,,
2026-07-24,2026-07-24,CM,BSE,STK,544174,INE673O01025,TBOTEK,A,,,,,TBO TEK LIMITED,1415.00,1441.10,1399.55,1429.90,1429.80,1437.30,,1429.00,,,3600,5089418.00,410,F1,1,,,,,
2026-07-24,2026-07-24,CM,BSE,STK,544175,INE0SMU01015,TGIF,M,,,,,TGIF AGRIBUSINESS LIMITED,102.00,102.00,102.00,102.00,102.00,100.00,,102.00,,,1200,122400.00,1,F1,1200,,,,,
2026-07-24,2026-07-24,CM,BSE,STK,544176,INE883F01010,AADHARHFC,A,,,,,Aadhar Housing Finance Limited,499.20,500.00,492.90,494.85,496.70,501.40,,495.00,,,10841,5373375.00,462,F1,1,,,,,
2026-07-24,2026-07-24,CM,BSE,STK,544177,INE0SCB01016,AZTEC,M,,,,,Aztec Fluids & Machinery Limit,96.60,102.00,96.60,101.20,101.00,97.20,,101.20,,,14000,1393250.00,14,F1,1000,,,,,
2026-07-24,2026-07-24,CM,BSE,STK,544179,INE03JT01014,GODIGIT,A,,,,,Go Digit General Insurance Lim,270.05,274.80,254.00,256.50,256.90,280.85,,256.20,,,266442,69419074.00,6560,F1,1,,,,,
2026-07-24,2026-07-24,CM,BSE,STK,544180,INF769K01LJ8,MIDSMALL,B,,,,,Mirae Asset Mutual Fund,49.92,50.14,49.51,50.14,50.14,50.15,,50.07,,,16919,842525.00,162,F1,1,,,,,
2026-07-24,2026-07-24,CM,BSE,STK,544181,INE108V01019,AWFIS,A,,,,,Awfis Space Solutions Limited,273.00,274.85,270.75,272.25,272.00,278.95,,271.85,,,22521,6128726.00,644,F1,1,,,,,
2026-07-24,2026-07-24,CM,BSE,STK,544184,INE02L001032,BOROSCI,B,,,,,Borosil Scientific Limited,153.10,153.55,150.85,152.05,152.05,152.05,,152.09,,,2527,384064.00,61,F1,1,,,,,
2026-07-24,2026-07-24,CM,BSE,STK,544185,INE257C01014,ADTECH,X,,,,,ADTECH SYSTEMS LIMITED,56.90,56.90,51.80,54.52,54.30,55.50,,54.52,,,1891,103286.00,40,F1,1,,,,,
2026-07-24,2026-07-24,CM,BSE,STK,544186,INE0TT901016,TOTEM,X,,,,,Forbes Precision Tools and Mac,137.00,139.55,133.80,134.30,134.30,137.95,,134.30,,,22838,3085654.00,440,F1,1,,,,,
2026-07-24,2026-07-24,CM,BSE,STK,544187,INE0ATZ01017,KRONOX,B,,,,,KRONOX LAB SCIENCES LIMITED,153.30,155.55,147.75,153.40,154.25,152.25,,154.35,,,3912,590819.00,151,F1,1,,,,,
2026-07-24,2026-07-24,CM,BSE,STK,544191,INE0CYK01015,PURPLEFIN,X,,,,,Purple Finance Limited,66.55,72.80,66.55,69.48,70.00,70.47,,69.48,,,64395,4462478.00,288,F1,1,,,,,
2026-07-24,2026-07-24,CM,BSE,STK,544192,INE0HV901016,IXIGO,A,,,,,Le Travenues Technology Limite,185.35,185.35,180.55,184.65,184.50,186.45,,184.60,,,21407,3908874.00,474,F1,1,,,,,
2026-07-24,2026-07-24,CM,BSE,STK,544193,INF0R8F01059,MID150CASE,B,,,,,Zerodha Mutual Fund,11.17,11.56,11.17,11.40,11.40,11.40,,11.42,,,26655,302612.00,204,F1,1,,,,,
2026-07-24,2026-07-24,CM,BSE,STK,544194,INF0R8F01067,TOP100CASE,B,,,,,Zerodha Mutual Fund,10.73,10.73,10.26,10.45,10.47,10.47,,10.43,,,181796,1884557.00,237,F1,1,,,,,
2026-07-24,2026-07-24,CM,BSE,STK,544195,INE0S0I01011,COTFAB,M,,,,,United Cotfab Limited,16.50,16.50,16.50,16.50,16.50,16.95,,16.50,,,2000,33000.00,1,F1,2000,,,,,
2026-07-24,2026-07-24,CM,BSE,STK,544196,INF251K01TL6,BBNPNBETF,B,,,,,BARODA BNP PARIBAS MUTUAL FUND,56.82,57.20,56.72,57.20,57.20,58.45,,57.22,,,219,12497.00,4,F1,1,,,,,
2026-07-24,2026-07-24,CM,BSE,STK,544198,INE841L01016,DEEDEV,T,,,,,DEE DEVELOPMENT ENGINEERS LIMI,645.00,677.95,615.15,657.90,665.00,647.50,,653.50,,,4199,2697206.00,185,F1,1,,,,,
2026-07-24,2026-07-24,CM,BSE,STK,544199,INE0RUJ01013,GEMENVIRO,M,,,,,GEM Enviro Management Limited,39.00,39.00,37.20,37.20,37.20,39.00,,37.20,,,2400,90760.00,3,F1,800,,,,,
2026-07-24,2026-07-24,CM,BSE,STK,544200,INE916Y01027,AFIL,B,,,,,Akme Fintrade (India) Limited,9.40,9.45,9.16,9.34,9.34,9.25,,9.21,,,29892,276499.00,136,F1,1,,,,,
2026-07-24,2026-07-24,CM,BSE,STK,544201,INE0S6R01027,DFPL,MT,,,,,DINDIGUL FARM PRODUCT LIMITED,15.10,15.10,15.00,15.00,15.00,14.92,,15.00,,,6000,90200.00,3,F1,2000,,,,,
2026-07-24,2026-07-24,CM,BSE,STK,544202,INE01A001028,STANLEY,B,,,,,STANLEY LIFESTYLES LIMITED,154.20,154.75,152.25,153.45,153.80,154.20,,153.77,,,8061,1236669.00,247,F1,1,,,,,
2026-07-24,2026-07-24,CM,BSE,STK,544203,INE552Z01027,ABDL,A,,,,,Allied Blenders and Distillers,594.95,627.00,581.40,619.70,623.50,602.50,,620.70,,,41522,25136724.00,2005,F1,1,,,,,
2026-07-24,2026-07-24,CM,BSE,STK,544204,INE0S2V01010,VRAJ,B,,,,,VRAJ IRON AND STEEL LIMITED,131.10,131.10,125.25,129.80,129.80,131.10,,129.21,,,912,115810.00,39,F1,1,,,,,
2026-07-24,2026-07-24,CM,BSE,STK,544205,INE0PO601011,NPL,XT,,,,,National Peroxide Limited,551.20,570.00,551.20,562.85,570.00,578.90,,562.85,,,381,213696.00,25,F1,1,,,,,
2026-07-24,2026-07-24,CM,BSE,STK,544206,INF200KB1217,SBISILVER,E,,,,,SBI Mutual Fund,213.04,216.39,211.61,216.00,216.14,216.25,,215.98,,,70688,15085790.00,1465,F1,1,,,,,
2026-07-24,2026-07-24,CM,BSE,STK,544207,INE375Y01018,RELIABLE,B,,,,,Reliable Data Services Limited,143.55,144.50,142.10,143.60,144.45,144.55,,143.86,,,430,61558.00,42,F1,1,,,,,
2026-07-24,2026-07-24,CM,BSE,STK,544209,INE0B9K01025,BANSALWIRE,B,,,,,Bansal Wire Industries Limited,311.90,324.95,307.85,323.05,322.10,308.10,,323.95,,,14258,4530076.00,490,F1,1,,,,,
2026-07-24,2026-07-24,CM,BSE,STK,544210,INE168P01015,EMCURE,A,,,,,Emcure Pharmaceuticals Limited,1872.60,1892.40,1856.10,1881.65,1882.00,1864.05,,1881.00,,,3602,6758801.00,420,F1,1,,,,,
2026-07-24,2026-07-24,CM,BSE,STK,544211,INF209KC1134,ABGSEC,F,,,,,Aditya Birla Sun Life Mutual F,114.47,114.47,113.33,113.33,113.33,113.59,,113.33,,,6,683.00,6,F1,1,,,,,
2026-07-24,2026-07-24,CM,BSE,STK,544212,INF769K01LQ3,EVINDIA,B,,,,,Mirae Asset Mutual Fund,31.79,31.79,31.34,31.75,31.70,31.73,,31.90,,,12580,397415.00,112,F1,1,,,,,
2026-07-24,2026-07-24,CM,BSE,STK,544213,INE0T3401029,ACLD,M,,,,,AELEA COMMODITIES LIMITED,140.00,144.25,140.00,143.85,144.25,143.35,,143.85,,,8400,1196370.00,14,F1,600,,,,,
2026-07-24,2026-07-24,CM,BSE,STK,544214,INE0UK501010,THREEMPAPE,M,,,,,THREE M PAPER BOARDS LIMITED,23.55,23.55,23.55,23.55,23.55,25.97,,23.55,,,2000,47100.00,1,F1,2000,,,,,
2026-07-24,2026-07-24,CM,BSE,STK,544215,INF200KB1282,SBINEQWETF,B,,,,,SBI Mutual Fund,32.68,33.43,32.54,33.11,33.20,33.35,,33.02,,,5307,174954.00,50,F1,1,,,,,
2026-07-24,2026-07-24,CM,BSE,STK,544216,INF109KC18W3,OILIETF,B,,,,,ICICI Prudential Mutual Fund,10.99,11.29,10.99,11.26,11.28,11.28,,11.24,,,82300,922893.00,835,F1,1,,,,,
2026-07-24,2026-07-24,CM,BSE,STK,544217,INE08NE01025,SANSTAR,B,,,,,SANSTAR LIMITED,105.35,109.60,104.00,108.15,108.15,105.85,,108.97,,,20835,2199837.00,237,F1,1,,,,,
2026-07-24,2026-07-24,CM,BSE,STK,544218,INF209KB19Z4,ABSLPSE,B,,,,,Aditya Birla Sun Life Mutual F,10.35,10.37,10.25,10.29,10.36,10.37,,10.33,,,16322,168598.00,47,F1,1,,,,,
2026-07-24,2026-07-24,CM,BSE,STK,544219,INE0MNP01016,VVIPIL,M,,,,,VVIP Infratech Limited,125.40,125.40,116.40,118.15,118.70,121.50,,118.15,,,3600,429030.00,6,F1,600,,,,,
2026-07-24,2026-07-24,CM,BSE,STK,544221,INE0RMR01013,KIZI,M,,,,,Kizi Apparels Limited,19.00,19.00,19.00,19.00,19.00,19.00,,19.00,,,3000,57000.00,1,F1,3000,,,,,
2026-07-24,2026-07-24,CM,BSE,STK,544222,INE09XN01023,AKUMS,B,,,,,Akums Drugs and Pharmaceutical,689.50,691.95,679.00,684.40,682.85,695.55,,687.25,,,4831,3308734.00,313,F1,1,,,,,
2026-07-24,2026-07-24,CM,BSE,STK,544223,INE0AG901020,CEIGALL,B,,,,,Ceigall India Limited,333.95,338.00,329.40,337.10,338.00,336.25,,337.10,,,8564,2863251.00,687,F1,1,,,,,
2026-07-24,2026-07-24,CM,BSE,STK,544224,INE0OXY01013,AFCOM,M,,,,,Afcom Holdings Limited,1318.00,1353.95,1300.00,1337.35,1332.05,1328.90,,1337.35,,,53160,70939038.00,260,F1,120,,,,,
2026-07-24,2026-07-24,CM,BSE,STK,544225,INE0LXG01040,OLAELEC,A,,,,,Ola Electric Mobility Limited,37.48,37.54,36.30,37.07,37.07,37.00,,37.08,,,2731354,100421124.00,6119,F1,1,,,,,
2026-07-24,2026-07-24,CM,BSE,STK,544226,INE02RE01045,FIRSTCRY,A,,,,,Brainbees Solutions Limited,208.15,209.30,205.10,208.40,208.00,209.50,,208.31,,,48396,10026779.00,882,F1,1,,,,,
2026-07-24,2026-07-24,CM,BSE,STK,544227,INE00U401027,UNIECOM,B,,,,,UNICOMMERCE ESOLUTIONS LIMITED,84.00,84.50,83.00,84.41,84.45,84.54,,84.38,,,35641,2985320.00,295,F1,1,,,,,
2026-07-24,2026-07-24,CM,BSE,STK,544229,INF109KC19W1,METALIETF,B,,,,,ICICI Prudential Mutual Fund,12.58,12.58,12.37,12.50,12.48,12.58,,12.50,,,337308,4206616.00,994,F1,1,,,,,
2026-07-24,2026-07-24,CM,BSE,STK,544230,INE0PQ101010,SSDL,B,,,,,SARASWATI SAREE DEPOT LIMITED,52.71,52.90,51.85,52.53,52.53,51.85,,52.48,,,1013,52972.00,26,F1,1,,,,,
2026-07-24,2026-07-24,CM,BSE,STK,544232,INE00M901018,INTERARCH,B,,,,,Interarch Building Solutions L,1765.55,1830.00,1765.55,1799.00,1795.00,1811.15,,1799.30,,,2047,3681553.00,262,F1,1,,,,,
2026-07-24,2026-07-24,CM,BSE,STK,544233,INE0US801024,MFML,B,,,,,Mahalaxmi Fabric Mills Limited,19.59,19.59,18.29,19.19,19.19,19.56,,18.75,,,745,14043.00,11,F1,1,,,,,
2026-07-24,2026-07-24,CM,BSE,STK,544235,INE0PPK01015,ORIENTTECH,B,,,,,Orient Technologies Limited,257.00,259.95,253.25,259.05,259.05,257.10,,258.81,,,11236,2887517.00,258,F1,1,,,,,
2026-07-24,2026-07-24,CM,BSE,STK,544236,INE0SK201011,RAL,MT,,,,,Resourceful Automobile Limited,41.80,41.80,41.80,41.80,41.80,41.71,,41.80,,,1200,50160.00,1,F1,1200,,,,,
2026-07-24,2026-07-24,CM,BSE,STK,544238,INE0BS701011,PREMIERENE,A,,,,,Premier Energies Limited,1022.60,1022.65,1010.00,1018.55,1018.55,1024.05,,1019.30,,,39003,39644417.00,1776,F1,1,,,,,
2026-07-24,2026-07-24,CM,BSE,STK,544239,INE06HJ01020,ECOSMOBLTY,T,,,,,ECOS (India) Mobility & Hospit,128.95,128.95,123.70,128.45,128.45,126.60,,126.90,,,968,121368.00,23,F1,1,,,,,
2026-07-24,2026-07-24,CM,BSE,STK,544240,INE02ID01020,RAYMONDLSL,A,,,,,Raymond Lifestyle Limited,718.95,718.95,700.25,709.15,716.60,715.00,,714.80,,,3218,2278106.00,241,F1,1,,,,,
2026-07-24,2026-07-24,CM,BSE,STK,544241,INF769K01LX9,MULTICAP,B,,,,,Mirae Asset Mutual Fund,16.31,16.42,16.22,16.39,16.39,16.45,,16.38,,,28913,471757.00,326,F1,1,,,,,
2026-07-24,2026-07-24,CM,BSE,STK,544243,INE01FR01028,STYLEBAAZA,T,,,,,Baazar Style Retail Limited,266.10,285.00,265.00,284.15,284.95,274.50,,280.55,,,4588,1255258.00,318,F1,1,,,,,
2026-07-24,2026-07-24,CM,BSE,STK,544244,INE0RE001014,GALAPREC,B,,,,,Gala Precision Engineering Lim,1137.40,1157.15,1130.00,1143.55,1153.10,1166.20,,1146.30,,,1869,2124526.00,185,F1,1,,,,,
2026-07-24,2026-07-24,CM,BSE,STK,544246,INE0DAB01012,RVTH,B,,,,,Revathi Equipment India Limite,690.80,690.80,690.80,690.80,690.80,700.50,,685.05,,,5,3454.00,2,F1,1,,,,,
2026-07-24,2026-07-24,CM,BSE,STK,544247,INF740KA1UR9,TOP10ADD,B,,,,,DSP Mutual Fund,86.07,86.45,85.57,86.18,86.20,86.41,,86.40,,,2408,207349.00,140,F1,1,,,,,
2026-07-24,2026-07-24,CM,BSE,STK,544248,INE0UYT01018,MACHLTD,M,,,,,MACH TRAVEL SOLUTIONS LIMITED,150.20,153.00,149.00,149.20,149.00,155.00,,149.20,,,7200,1077720.00,12,F1,600,,,,,
2026-07-24,2026-07-24,CM,BSE,STK,544249,INE0S2G01011,BALAJEE,B,,,,,SHREE TIRUPATI BALAJEE AGRO TR,29.95,29.95,26.90,27.20,27.20,28.02,,27.07,,,10989,296565.00,139,F1,1,,,,,
2026-07-24,2026-07-24,CM,BSE,STK,544250,INE0UOS01011,SANOFICONR,B,,,,,Sanofi Consumer Healthcare Ind,4614.75,4718.00,4614.75,4681.70,4683.45,4646.10,,4674.80,,,283,1322221.00,57,F1,1,,,,,
2026-07-24,2026-07-24,CM,BSE,STK,544252,INE377Y01014,BAJAJHFL,A,,,,,Bajaj Housing Finance Limited,84.05,84.55,83.56,84.18,84.18,84.82,,84.19,,,439862,36993015.00,5083,F1,1,,,,,
2026-07-24,2026-07-24,CM,BSE,STK,544253,INE0O6601022,KROSS,B,,,,,Kross Limited,203.20,206.95,200.40,205.60,205.60,205.50,,206.11,,,36534,7433038.00,466,F1,1,,,,,
2026-07-24,2026-07-24,CM,BSE,STK,544254,INE0RWQ01014,TOLINS,B,,,,,Tolins Tyres Limited,101.50,104.75,101.20,101.95,101.65,103.15,,102.68,,,2141,218494.00,111,F1,1,,,,,
2026-07-24,2026-07-24,CM,BSE,STK,544256,INE953R01016,PNGJL,B,,,,,P N GADGIL JEWELLERS LIMITED,652.15,654.55,630.90,647.05,645.05,649.45,,647.00,,,36465,23492735.00,853,F1,1,,,,,
2026-07-24,2026-07-24,CM,BSE,STK,544257,INE0Q3401017,SAFE,M,,,,,Sodhani Academy of Fintech Ena,149.80,149.80,149.80,149.80,149.80,145.00,,149.80,,,1500,224700.00,3,F1,500,,,,,
2026-07-24,2026-07-24,CM,BSE,STK,544258,INE0CJF01024,WCIL,B,,,,,Western Carriers (India) Limit,89.60,90.45,88.40,90.30,90.45,89.00,,89.98,,,1747,155854.00,72,F1,1,,,,,
2026-07-24,2026-07-24,CM,BSE,STK,544259,INE0PZB01013,PFL,M,,,,,POPULAR FOUNDATIONS LIMITED,30.90,31.55,29.56,31.00,31.00,30.12,,31.00,,,93000,2872680.00,26,F1,3000,,,,,
2026-07-24,2026-07-24,CM,BSE,STK,544260,INE850M01015,NORTHARC,A,,,,,Northern Arc Capital Ltd.,293.35,301.15,291.65,299.30,298.70,297.80,,299.40,,,18501,5496532.00,359,F1,1,,,,,
2026-07-24,2026-07-24,CM,BSE,STK,544261,INE0QRL01017,ARKADE,B,,,,,ARKADE DEVELOPERS LIMITED,139.50,139.50,133.55,135.70,135.50,139.95,,135.61,,,17139,2319547.00,248,F1,1,,,,,
2026-07-24,2026-07-24,CM,BSE,STK,544262,INE939X01013,MANBA,B,,,,,Manba Finance Limited,137.95,139.15,136.50,137.95,137.50,136.85,,138.19,,,10263,1416088.00,155,F1,1,,,,,
2026-07-24,2026-07-24,CM,BSE,STK,544263,INE0Q3J01015,KRN,T,,,,,KRN HEAT EXCHANGER AND REFRIGE,1219.00,1248.20,1190.00,1237.55,1237.55,1226.65,,1234.10,,,8784,10669652.00,271,F1,1,,,,,
2026-07-24,2026-07-24,CM,BSE,STK,544264,INE184O01015,DIFFNKG,B,,,,,Diffusion Engineers Limited,384.70,397.00,381.90,395.80,396.85,386.05,,395.35,,,7091,2747480.00,310,F1,1,,,,,
2026-07-24,2026-07-24,CM,BSE,STK,544266,INF769K01LZ4,BANKPSU,B,,,,,Mirae Asset Mutual Fund,83.00,84.38,83.00,84.38,84.38,83.75,,84.43,,,1908,158546.00,6,F1,1,,,,,
2026-07-24,2026-07-24,CM,BSE,STK,544267,INE0U6201010,SUBAM,M,,,,,SUBAM PAPERS LIMITED,220.05,221.00,219.90,220.95,220.95,221.50,,220.95,,,3200,705520.00,4,F1,800,,,,,
2026-07-24,2026-07-24,CM,BSE,STK,544268,INF769K01LY7,METAL,B,,,,,Mirae Asset Mutual Fund,12.27,12.56,12.27,12.54,12.55,12.59,,12.53,,,183697,2295563.00,570,F1,1,,,,,
2026-07-24,2026-07-24,CM,BSE,STK,544271,INE0JVO01026,GARUDA,B,,,,,Garuda Construction and Engine,169.80,174.95,168.20,174.70,174.95,172.75,,174.69,,,23940,4088534.00,379,F1,1,,,,,
2026-07-24,2026-07-24,CM,BSE,STK,544272,INE0YRO01015,SHIVTEXCHEM,MT,,,,,SHIV TEXCHEM LIMITED,115.60,119.00,115.00,115.00,115.00,116.10,,115.00,,,4800,559100.00,12,F1,400,,,,,
2026-07-24,2026-07-24,CM,BSE,STK,544273,INE0APB01032,MGEL,T,,,,,MANGALAM GLOBAL ENTERPRISE LIM,16.37,16.37,16.01,16.18,16.18,16.18,,16.20,,,37528,606973.00,77,F1,1,,,,,
2026-07-24,2026-07-24,CM,BSE,STK,544274,INE0V6F01027,HYUNDAI,A,,,,,HYUNDAI MOTOR INDIA LIMITED,1947.70,1974.65,1928.40,1953.20,1956.05,1953.70,,1952.60,,,19793,38675067.00,1638,F1,1,,,,,
2026-07-24,2026-07-24,CM,BSE,STK,544275,INF109KC16X5,VAL30IETF,B,,,,,ICICI Prudential Mutual Fund,15.50,15.50,14.96,15.36,15.39,15.35,,15.28,,,13486,205320.00,86,F1,1,,,,,
2026-07-24,2026-07-24,CM,BSE,STK,544276,INE0OPA01027,DBEIL,T,,,,,Deepak Builders and Engineers,7.05,7.50,7.05,7.49,7.50,7.23,,7.43,,,22581,163311.00,89,F1,1,,,,,
2026-07-24,2026-07-24,CM,BSE,STK,544277,INE377N01017,WAAREEENER,A,,,,,Waaree Energies Limited,2708.95,2718.45,2678.00,2700.85,2702.80,2711.65,,2701.90,,,19110,51544393.00,2348,F1,1,,,,,
2026-07-24,2026-07-24,CM,BSE,STK,544278,INE0PK601023,OCCLLTD,T,,,,,OCCL Limited,142.65,145.90,137.00,145.00,145.00,140.35,,144.96,,,12175,1736434.00,124,F1,1,,,,,
2026-07-24,2026-07-24,CM,BSE,STK,544279,INE497S01012,GODAVARIB,B,,,,,Godavari Biorefineries Limited,272.00,280.25,272.00,278.45,279.95,276.80,,278.80,,,9491,2634766.00,207,F1,1,,,,,
2026-07-24,2026-07-24,CM,BSE,STK,544280,INE101I01011,AFCONS,A,,,,,Afcons Infrastructure Limited,280.00,288.95,279.95,285.95,285.95,283.80,,285.95,,,35594,10106722.00,821,F1,1,,,,,
2026-07-24,2026-07-24,CM,BSE,STK,544281,INE00YB01025,ABINFRA,B,,,,,A B INFRABUILD LIMITED,9.88,10.55,8.90,10.24,10.49,10.02,,10.31,,,135870,1334868.00,135,F1,1,,,,,
2026-07-24,2026-07-24,CM,BSE,STK,544282,INE0W2G01015,SAGILITY,A,,,,,Sagility Limited,41.32,41.56,40.30,40.46,40.46,41.32,,40.42,,,1359858,55344973.00,8340,F1,1,,,,,
2026-07-24,2026-07-24,CM,BSE,STK,544283,INE622W01025,ACMESOLAR,A,,,,,ACME Solar Holdings Limited,361.95,374.80,361.95,366.05,366.20,363.05,,365.85,,,71397,26270684.00,1959,F1,1,,,,,
2026-07-24,2026-07-24,CM,BSE,STK,544285,INE00H001014,SWIGGY,A,,,,,SWIGGY LIMITED,260.00,260.00,242.60,251.40,251.40,261.60,,251.42,,,1455129,361031026.00,16108,F1,1,,,,,
2026-07-24,2026-07-24,CM,BSE,STK,544286,INE995S01015,NIVABUPA,A,,,,,NIVA BUPA HEALTH INSURANCE COM,84.22,86.98,84.14,86.62,86.67,84.83,,86.64,,,80132,6874401.00,836,F1,1,,,,,
2026-07-24,2026-07-24,CM,BSE,STK,544288,INE0UIZ01018,BLACKBUCK,A,,,,,BlackBuck Limited,543.75,543.75,533.10,539.30,542.60,545.60,,539.35,,,9863,5309931.00,547,F1,1,,,,,
2026-07-24,2026-07-24,CM,BSE,STK,544289,INE0ONG01011,NTPCGREEN,A,,,,,NTPC GREEN ENERGY LIMITED,97.00,98.20,94.97,96.29,96.29,97.21,,96.32,,,728929,70518762.00,5220,F1,1,,,,,
2026-07-24,2026-07-24,CM,BSE,STK,544290,INE0LLY01014,EIEL,B,,,,,ENVIRO INFRA ENGINEERS LIMITED,217.85,221.55,212.25,219.90,219.90,217.85,,220.14,,,103666,22368338.00,1334,F1,1,,,,,
2026-07-24,2026-07-24,CM,BSE,STK,544291,INE0VN801010,RAJESH,M,,,,,RAJESH POWER SERVICES LIMITED,845.00,848.30,831.00,839.30,846.80,856.25,,839.30,,,19900,16695395.00,162,F1,100,,,,,
2026-07-24,2026-07-24,CM,BSE,STK,544292,INE013P01021,ONESOURCE,A,,,,,Onesource Specialty Pharma Lim,1644.00,1658.00,1631.95,1653.40,1653.55,1653.80,,1653.90,,,1495,2458696.00,177,F1,1,,,,,
2026-07-24,2026-07-24,CM,BSE,STK,544293,INE877V01027,SURAKSHA,B,,,,,SURAKSHA DIAGNOSTIC LIMITED,259.65,264.30,241.50,252.45,251.05,263.70,,252.95,,,11733,2954639.00,637,F1,1,,,,,
2026-07-24,2026-07-24,CM,BSE,STK,544294,INE0OJW01016,ROSSTECH,B,,,,,Rossell Techsys Limited,970.00,987.95,950.70,983.05,987.95,976.05,,983.30,,,5549,5377399.00,262,F1,1,,,,,
2026-07-24,2026-07-24,CM,BSE,STK,544295,INE19RO25013,PSPLATINA,IF,,,,,Property Share Investment Trus,1062000.00,1062000.00,1062000.00,1062000.00,1062000.00,1077000.00,,1062000.00,,,1,1062000.00,1,F1,1,,,,,
2026-07-24,2026-07-24,CM,BSE,STK,544296,INE0DQN01013,NISUS,M,,,,,NISUS FINANCE SERVICES CO LIMI,194.00,194.00,189.00,193.00,193.00,194.20,,193.00,,,12000,2301320.00,24,F1,400,,,,,
2026-07-24,2026-07-24,CM,BSE,STK,544301,INE054301028,ODIGMA,T,,,,,Odigma Consultancy Solutions L,22.30,22.84,22.02,22.40,22.40,22.29,,22.64,,,1742,39681.00,40,F1,1,,,,,
2026-07-24,2026-07-24,CM,BSE,STK,544302,INE403Y01018,INNOVANA,B,,,,,Innovana Thinklabs Limited,326.00,345.75,324.50,344.75,345.75,323.25,,344.35,,,233,76567.00,50,F1,1,,,,,
2026-07-24,2026-07-24,CM,BSE,STK,544304,INE0WCH01015,JUNGLECAMP,M,,,,,JUNGLE CAMPS INDIA LIMITED,46.45,46.95,45.51,46.95,46.95,47.00,,46.95,,,6400,295088.00,4,F1,1600,,,,,
2026-07-24,2026-07-24,CM,BSE,STK,544305,INE0HLU01028,MOBIKWIK,B,,,,,One Mobikwik Systems Limited,203.75,204.10,197.00,200.90,201.00,205.20,,201.02,,,53313,10702629.00,746,F1,1,,,,,
2026-07-24,2026-07-24,CM,BSE,STK,544306,INE570L01029,SAILIFE,A,,,,,Sai Life Sciences Limited,1246.85,1246.85,1223.25,1232.30,1240.20,1240.15,,1232.90,,,8181,10095402.00,480,F1,1,,,,,
2026-07-24,2026-07-24,CM,BSE,STK,544307,INE01EA01019,VMM,A,,,,,Vishal Mega Mart Limited,109.35,109.35,106.85,108.00,108.10,109.85,,108.04,,,509807,55109830.00,4540,F1,1,,,,,
2026-07-24,2026-07-24,CM,BSE,STK,544308,INE168C01013,HILLTONE,X,,,,,Hilltone Software and Gases Lt,41.59,42.99,40.24,42.64,42.64,41.59,,42.64,,,33041,1371414.00,44,F1,1,,,,,
2026-07-24,2026-07-24,CM,BSE,STK,544309,INE115Q01022,IKS,A,,,,,INVENTURUS KNOWLEDGE SOLUTIONS,1798.05,1806.85,1736.55,1760.60,1767.00,1798.55,,1759.80,,,3963,7006122.00,554,F1,1,,,,,
2026-07-24,2026-07-24,CM,BSE,STK,544310,INE00GK01023,YASHHV,M,,,,,Yash Highvoltage Limited,890.00,938.00,875.00,931.30,931.30,889.65,,931.30,,,67500,60931975.00,259,F1,250,,,,,
2026-07-24,2026-07-24,CM,BSE,STK,544311,INE0Q9301021,IGIL,A,,,,,International Gemological Inst,353.15,353.15,326.00,338.75,338.75,345.55,,338.20,,,140349,46956359.00,2886,F1,1,,,,,
2026-07-24,2026-07-24,CM,BSE,STK,544312,INE0QBD01018,HAMPS,MT,,,,,HAMPS BIO LIMITED,24.30,24.30,24.30,24.30,24.30,23.48,,24.30,,,4000,97200.00,1,F1,4000,,,,,
2026-07-24,2026-07-24,CM,BSE,STK,544314,INE0JPD01013,SANATHAN,B,,,,,Sanathan Textiles Limited,480.25,496.05,476.05,488.15,489.20,482.10,,483.10,,,2128,1029656.00,181,F1,1,,,,,
2026-07-24,2026-07-24,CM,BSE,STK,544315,INE037Z01029,CEWATER,B,,,,,Concord Enviro Systems Limited,291.50,301.15,290.55,299.50,299.90,297.55,,298.45,,,4996,1478447.00,240,F1,1,,,,,
2026-07-24,2026-07-24,CM,BSE,STK,544316,INE284H01025,DAMCAPITAL,B,,,,,DAM Capital Advisors Limited,157.90,160.00,153.95,157.90,158.00,157.90,,157.88,,,25655,4015363.00,375,F1,1,,,,,
2026-07-24,2026-07-24,CM,BSE,STK,544317,INE454P01035,TRANSRAILL,A,,,,,Transrail Lighting Limited,476.85,485.00,475.00,482.85,485.00,481.35,,482.70,,,15281,7326733.00,756,F1,1,,,,,
2026-07-24,2026-07-24,CM,BSE,STK,544318,INE0TO701015,MAMATA,B,,,,,MAMATA MACHINERY LIMITED,395.10,397.85,393.10,395.20,395.95,396.70,,395.35,,,5020,1987248.00,207,F1,1,,,,,
2026-07-24,2026-07-24,CM,BSE,STK,544319,INE0RB801010,SENORES,A,,,,,SENORES PHARMACEUTICALS LIMITE,1392.50,1402.80,1372.05,1386.15,1386.15,1395.65,,1387.50,,,7613,10565775.00,627,F1,1,,,,,
2026-07-24,2026-07-24,CM,BSE,STK,544320,INE0V7W01012,CARRARO,B,,,,,CARRARO INDIA LIMITED,537.00,542.05,527.00,536.15,537.80,536.95,,534.00,,,5302,2823461.00,332,F1,1,,,,,
2026-07-24,2026-07-24,CM,BSE,STK,544321,INE781S01027,VENTIVE,B,,,,,Ventive Hospitality Limited,612.70,621.00,603.00,616.50,621.00,612.70,,617.65,,,1206,733471.00,121,F1,1,,,,,
2026-07-24,2026-07-24,CM,BSE,STK,544322,INE0U3I01011,UNIMECH,B,,,,,Unimech Aerospace and Manufact,1209.05,1247.30,1185.30,1237.00,1237.00,1215.90,,1237.40,,,9412,11428027.00,649,F1,1,,,,,
2026-07-24,2026-07-24,CM,BSE,STK,544323,INF769K01NS5,CONSUMER,B,,,,,Mirae Asset Mutual Fund,11.55,11.66,11.49,11.64,11.66,11.67,,11.61,,,15384,178225.00,58,F1,1,,,,,
2026-07-24,2026-07-24,CM,BSE,STK,544325,INE379A01028,ITCHOTELS,A,,,,,ITC Hotels Limited,160.95,161.00,158.50,159.90,160.00,161.85,,159.92,,,116587,18608129.00,2274,F1,1,,,,,
2026-07-24,2026-07-24,CM,BSE,STK,544326,INF754K01TX4,ECAPINSURE,B,,,,,Edelweiss Mutual Fund,23.65,23.71,23.45,23.71,23.71,23.66,,23.65,,,427,10082.00,12,F1,1,,,,,
2026-07-24,2026-07-24,CM,BSE,STK,544328,INE622H01018,INDOFARM,B,,,,,INDO FARM EQUIPMENT LIMITED,152.80,155.35,150.30,152.40,152.60,153.00,,152.25,,,7014,1073762.00,187,F1,1,,,,,
2026-07-24,2026-07-24,CM,BSE,STK,544329,INE0RH001011,VANDU,M,,,,,LEO DRYFRUITS & SPICES TRADING,50.00,51.00,50.00,51.00,51.00,51.00,,51.00,,,6000,302000.00,3,F1,2000,,,,,
2026-07-24,2026-07-24,CM,BSE,STK,544330,INE0QQJ01021,PARMESHWAR,MT,,,,,PARMESHWAR METAL LIMITED,185.75,189.00,185.75,189.00,189.00,180.00,,189.00,,,9000,1692650.00,9,F1,1000,,,,,
2026-07-24,2026-07-24,CM,BSE,STK,544331,INE0Q2L01013,DAVIN,M,,,,,Davin Sons Retail Limited,28.10,32.99,28.10,30.00,30.00,31.40,,30.00,,,18000,547560.00,7,F1,2000,,,,,
2026-07-24,2026-07-24,CM,BSE,STK,544332,INE0HSD01011,FABCLEAN,MT,,,,,FABTECH TECHNOLOGIES CLEANROOM,385.00,385.00,376.00,376.00,376.00,380.00,,376.00,,,1200,454800.00,3,F1,400,,,,,
2026-07-24,2026-07-24,CM,BSE,STK,544333,INE0M4D01010,SETL,B,,,,,STANDARD ENGINEERING TECHNOLOG,281.45,284.00,272.80,273.10,272.80,287.15,,272.70,,,52295,14434981.00,957,F1,1,,,,,
2026-07-24,2026-07-24,CM,BSE,STK,544334,INE0FK501019,INDOBELL,MT,,,,,Indobell Insulations Limited,67.00,71.99,66.80,67.01,67.00,70.30,,67.01,,,8250,559080.00,11,F1,750,,,,,
2026-07-24,2026-07-24,CM,BSE,STK,544335,INE00ST01011,BRGIL,M,,,,,B.R.GOYAL INFRASTRUCTURE LIMIT,126.30,131.75,126.30,130.45,130.45,126.30,,130.45,,,17000,2194800.00,16,F1,1000,,,,,
2026-07-24,2026-07-24,CM,BSE,STK,544336,INE0LRY01011,QUADFUTURE,B,,,,,Quadrant Future Tek Limited,377.40,381.70,339.50,359.20,359.20,381.35,,361.00,,,70127,25366245.00,1661,F1,1,,,,,
2026-07-24,2026-07-24,CM,BSE,STK,544337,INE0NQ401024,AVAX,MT,,,,,Avax Apparels and Ornaments Li,50.00,52.40,50.00,52.40,52.40,50.00,,52.40,,,36000,1802400.00,6,F1,1000,,,,,
2026-07-24,2026-07-24,CM,BSE,STK,544338,INE0Z8Z23013,CAPINVIT,IF,,,,,Capital Infra Trust,72.50,72.99,72.00,72.27,72.33,74.40,,72.24,,,43606,3156274.00,1564,F1,1,,,,,
2026-07-24,2026-07-24,CM,BSE,STK,544339,INE0WO601020,LAXMIDENTL,B,,,,,Laxmi Dental Limited,211.35,218.00,210.35,216.25,218.00,215.45,,216.42,,,8321,1770007.00,346,F1,1,,,,,
2026-07-24,2026-07-24,CM,BSE,STK,544340,INE0CFH01028,RIKHAV,M,,,,,Rikhav Securities Limited,46.50,46.56,46.50,46.56,46.56,47.25,,46.56,,,3200,148896.00,2,F1,1600,,,,,
2026-07-24,2026-07-24,CM,BSE,STK,544341,INE12QA01010,LGLL,M,,,,,LANDMARK GLOBAL LEARNING LIMIT,11.41,11.42,11.41,11.41,11.41,12.01,,11.41,,,9600,109552.00,6,F1,1600,,,,,
2026-07-24,2026-07-24,CM,BSE,STK,544342,INE0RYC01010,STALLION,B,,,,,Stallion India Fluorochemicals,251.15,251.45,240.60,242.55,242.55,253.20,,241.93,,,142454,34853950.00,1903,F1,1,,,,,
2026-07-24,2026-07-24,CM,BSE,STK,544343,INE0WXM01011,CNINFOTECH,M,,,,,CAPITALNUMBERS INFOTECH  LIMIT,91.70,92.00,91.01,91.90,91.90,90.80,,91.90,,,10800,992756.00,12,F1,400,,,,,
2026-07-24,2026-07-24,CM,BSE,STK,544344,INE526E01018,SHRIPISTON,A,,,,,SPR Auto Technologies Limited,4294.70,4294.70,4129.10,4160.20,4173.75,4272.25,,4159.90,,,2326,9739674.00,437,F1,1,,,,,
2026-07-24,2026-07-24,CM,BSE,STK,544345,INE0R4L01018,DENTA,B,,,,,Denta Water and Infra Solution,327.20,338.75,323.25,336.45,335.95,331.00,,336.65,,,15474,5135479.00,358,F1,1,,,,,
2026-07-24,2026-07-24,CM,BSE,STK,544346,INE0AK901016,RRECL,X,,,,,RDB Real Estate Constructions,149.00,162.60,148.00,162.40,162.40,154.90,,162.40,,,13639,2192956.00,70,F1,1,,,,,
2026-07-24,2026-07-24,CM,BSE,STK,544347,INE0WDX01010,CLN,MT,,,,,CLN ENERGY LIMITED,515.00,515.00,512.50,515.00,515.00,512.50,,515.00,,,600,308500.00,3,F1,200,,,,,
2026-07-24,2026-07-24,CM,BSE,STK,544348,INE0RWU01016,GBLOGISTIC,M,,,,,GB Logistics Commerce Limited,25.50,27.00,25.25,27.00,27.00,27.03,,27.00,,,7200,187104.00,6,F1,1200,,,,,
2026-07-24,2026-07-24,CM,BSE,STK,544349,INE0DZD01015,HMEML,M,,,,,H.M. ELECTRO MECH LIMITED,47.25,49.61,47.25,49.61,49.61,47.25,,49.61,,,3200,154976.00,2,F1,1600,,,,,
2026-07-24,2026-07-24,CM,BSE,STK,544350,INE943P01029,AGARWALEYE,A,,,,,Dr. Agarwal's Health Care Limi,481.55,482.30,475.60,478.55,478.25,478.00,,478.90,,,816,390600.00,128,F1,1,,,,,
2026-07-24,2026-07-24,CM,BSE,STK,544352,INF740KA1VE5,NEXT30ADD,B,,,,,DSP Mutual Fund,42.11,42.25,41.92,42.10,42.10,42.42,,42.05,,,77,3244.00,5,F1,1,,,,,
2026-07-24,2026-07-24,CM,BSE,STK,544353,INE0U2L01017,AMWILL,M,,,,,Amwill Health Care Limited,42.50,42.50,41.00,41.58,41.00,41.43,,41.58,,,3600,149700.00,3,F1,1200,,,,,
2026-07-24,2026-07-24,CM,BSE,STK,544354,INE0W0H01017,SOLARIUM,M,,,,,SOLARIUM GREEN ENERGY LIMITED,174.80,174.90,170.40,174.05,174.00,174.90,,174.05,,,10200,1770195.00,33,F1,300,,,,,
2026-07-24,2026-07-24,CM,BSE,STK,544355,INE03CC01015,JUBLCPL,B,,,,,Jubilant Agri and Consumer Pro,1820.80,1873.00,1819.30,1850.40,1843.00,1844.50,,1851.20,,,177,326654.00,74,F1,1,,,,,
2026-07-24,2026-07-24,CM,BSE,STK,544356,INE274Y01021,AJAXENGG,B,,,,,AJAX Engineering Limited,582.90,582.90,559.00,568.10,563.00,570.90,,567.60,,,2728,1546773.00,172,F1,1,,,,,
2026-07-24,2026-07-24,CM,BSE,STK,544361,INE0R8101016,COVANCE,XT,,,,,COVANCE SOFTSOL LIMITED,254.00,264.10,245.55,263.30,263.30,255.15,,263.30,,,3413,875335.00,148,F1,1,,,,,
2026-07-24,2026-07-24,CM,BSE,STK,544362,INE093A01041,HEXT,A,,,,,Hexaware Technologies Limited,534.55,553.90,531.05,551.55,548.95,541.45,,551.80,,,19760,10723171.00,800,F1,1,,,,,
2026-07-24,2026-07-24,CM,BSE,STK,544363,INF582M01KS4,UNIONGOLD,E,,,,,UNION MUTUAL FUND,138.80,140.00,138.80,140.00,140.00,141.99,,139.55,,,70,9740.00,2,F1,1,,,,,
2026-07-24,2026-07-24,CM,BSE,STK,544364,INE0O9T01021,BAJAJINDEF,B,,,,,Indef Manufacturing Limited,234.00,234.25,226.00,230.00,229.20,235.20,,230.25,,,1513,344432.00,54,F1,1,,,,,
2026-07-24,2026-07-24,CM,BSE,STK,544365,INE0TD301017,SHANMUGA,M,,,,,SHANMUGA HOSPITAL LIMITED,45.50,45.50,42.20,42.20,42.20,42.99,,42.20,,,10000,429620.00,5,F1,2000,,,,,
2026-07-24,2026-07-24,CM,BSE,STK,544367,INE0SII01026,QPOWER,T,,,,,QUALITY POWER ELECTRICAL EQUIP,1097.90,1128.00,1063.00,1117.40,1118.50,1089.10,,1107.50,,,8746,9621718.00,418,F1,1,,,,,
2026-07-24,2026-07-24,CM,BSE,STK,544368,INE0TIR01017,SWASTH,M,,,,,Swasth Foodtech India Limited,16.00,16.00,16.00,16.00,16.00,16.00,,16.00,,,1200,19200.00,1,F1,1200,,,,,
2026-07-24,2026-07-24,CM,BSE,STK,544369,INE13VU01016,BEEZAASAN,MT,,,,,Beezaasan Explotech Limited,369.10,373.90,356.00,370.00,370.00,369.10,,370.00,,,3200,1175200.00,4,F1,800,,,,,
2026-07-24,2026-07-24,CM,BSE,STK,544370,INE0VYX01018,NUKLEUS,M,,,,,NUKLEUS OFFICE SOLUTIONS LIMIT,200.00,210.00,200.00,210.00,210.00,218.90,,210.00,,,1200,246000.00,2,F1,600,,,,,
2026-07-24,2026-07-24,CM,BSE,STK,544371,INE0NR501012,VIKRAMAR,X,,,,,VIKRAM AROMA LIMITED,71.00,71.40,69.51,70.92,69.51,71.00,,70.92,,,811,57572.00,9,F1,1,,,,,
2026-07-24,2026-07-24,CM,BSE,STK,544372,INE0RXS01018,SHREENATH,M,,,,,SHREENATH PAPER PRODUCTS LIMIT,13.44,13.44,13.00,13.00,13.00,13.44,,13.00,,,6000,79320.00,2,F1,3000,,,,,
2026-07-24,2026-07-24,CM,BSE,STK,544373,INE0VNH01014,NAPSGLOBAL,M,,,,,NAPS Global India Limited,38.00,38.00,37.33,37.33,37.33,35.65,,37.33,,,6400,241056.00,4,F1,1600,,,,,
2026-07-24,2026-07-24,CM,BSE,STK,544375,INF579M01BB5,GOLD360,E,,,,,360 ONE Mutual Fund,139.36,140.13,137.55,140.07,140.13,140.10,,139.45,,,320,44654.00,40,F1,1,,,,,
2026-07-24,2026-07-24,CM,BSE,STK,544376,INF769K01ON4,SELECTIPO,B,,,,,Mirae Asset Mutual Fund,45.22,45.49,44.91,45.31,45.49,45.76,,45.44,,,1054,47665.00,22,F1,1,,,,,
2026-07-24,2026-07-24,CM,BSE,STK,544377,INF769K01OA1,EQUAL200,B,,,,,Mirae Asset Mutual Fund,13.57,13.61,13.51,13.61,13.61,13.67,,13.63,,,1260,17048.00,14,F1,1,,,,,
2026-07-24,2026-07-24,CM,BSE,STK,544379,INE0I0M01023,PRABHA,B,,,,,Prabha Energy Limited,141.70,143.80,140.15,140.25,140.25,140.60,,139.86,,,280,39795.00,28,F1,1,,,,,
2026-07-24,2026-07-24,CM,BSE,STK,544381,INE16IQ01014,SUPERIRON,MT,,,,,Super Iron Foundry Limited,41.00,42.99,41.00,42.99,42.99,42.99,,42.99,,,8400,355476.00,7,F1,1200,,,,,
2026-07-24,2026-07-24,CM,BSE,STK,544382,INF846KA1119,VALUEAXIS,B,,,,,Axis Mutual Fund,32.31,32.81,32.24,32.78,32.78,32.83,,32.55,,,3447,111863.00,21,F1,1,,,,,
2026-07-24,2026-07-24,CM,BSE,STK,544383,INE0SMW01011,PPARIVAH,MT,,,,,PARADEEP PARIVAHAN LIMITED,220.00,229.50,220.00,227.05,229.50,227.00,,227.05,,,24000,5373480.00,14,F1,1200,,,,,
2026-07-24,2026-07-24,CM,BSE,STK,544384,INF0R8F01091,SILVERCASE,E,,,,,Zerodha Mutual Fund,22.32,22.42,21.81,22.33,22.30,22.37,,22.32,,,402706,8886930.00,815,F1,1,,,,,
2026-07-24,2026-07-24,CM,BSE,STK,544385,INF200KB1712,SBIBPB,B,,,,,SBI Mutual Fund,47.39,48.58,47.39,48.58,48.58,48.36,,48.33,,,2511,120113.00,72,F1,1,,,,,
2026-07-24,2026-07-24,CM,BSE,STK,544386,INE01EO01010,SPECTRUM,B,,,,,Spectrum Electrical Industries,2330.30,2378.65,2205.00,2280.60,2290.45,2325.30,,2281.60,,,2285,5213472.00,269,F1,1,,,,,
2026-07-24,2026-07-24,CM,BSE,STK,544387,INE0TGG01014,DESCO,MT,,,,,Desco Infratech Limited,180.70,185.00,180.70,184.55,184.00,184.50,,184.55,,,10500,1915600.00,19,F1,500,,,,,
2026-07-24,2026-07-24,CM,BSE,STK,544389,INF579M01BC3,SILVER360,E,,,,,360 ONE Mutual Fund,213.88,217.34,213.21,217.10,217.34,216.45,,217.03,,,724,155878.00,23,F1,1,,,,,
2026-07-24,2026-07-24,CM,BSE,STK,544390,INE1NPP01017,ENRIN,A,,,,,Siemens Energy India Limited,3319.00,3319.00,3225.00,3240.10,3246.60,3326.55,,3240.30,,,60850,199106510.00,1771,F1,1,,,,,
2026-07-24,2026-07-24,CM,BSE,STK,544391,INE0KWJ01014,RETAGGIO,MT,,,,,Retaggio Industries Limited,54.00,54.00,51.00,51.00,51.00,53.41,,51.00,,,6000,315000.00,2,F1,3000,,,,,
2026-07-24,2026-07-24,CM,BSE,STK,544393,INE12IB01015,INFONATIVE,M,,,,,INFONATIVE SOLUTIONS LIMITED,31.50,31.50,31.50,31.50,31.50,31.50,,31.50,,,1600,50400.00,1,F1,1600,,,,,
2026-07-24,2026-07-24,CM,BSE,STK,544394,INF109K1A153,EVIETF,B,,,,,ICICI Prudential Mutual Fund,31.72,31.80,31.31,31.77,31.77,31.72,,31.74,,,1645,52124.00,17,F1,1,,,,,
2026-07-24,2026-07-24,CM,BSE,STK,544395,INE1VXE01018,STLNETWORK,T,,,,,STL Networks Limited,24.80,25.75,24.11,25.50,25.70,24.58,,25.51,,,41031,1015457.00,253,F1,1,,,,,
2026-07-24,2026-07-24,CM,BSE,STK,544396,INE0FFK01017,NPST,B,,,,,Network People Services Techno,1523.20,1540.00,1502.00,1526.75,1526.75,1529.60,,1519.20,,,1561,2375757.00,140,F1,1,,,,,
2026-07-24,2026-07-24,CM,BSE,STK,544397,INE0LEZ01016,ATHERENERG,A,,,,,Ather Energy Limited,1225.15,1225.15,1189.20,1209.20,1209.90,1231.30,,1208.70,,,429047,516672016.00,5985,F1,1,,,,,
2026-07-24,2026-07-24,CM,BSE,STK,544399,INE0RJ901010,SRIGEE,M,,,,,SRIGEE DLM LIMITED,74.30,79.70,72.02,79.70,79.70,77.00,,79.70,,,14400,1089744.00,12,F1,1200,,,,,
2026-07-24,2026-07-24,CM,BSE,STK,544402,INE039O01029,JASH,B,,,,,JASH ENGINEERING LIMITED,504.50,512.00,500.00,507.90,508.50,510.15,,508.00,,,3161,1599134.00,132,F1,1,,,,,
2026-07-24,2026-07-24,CM,BSE,STK,544403,INE14LE01019,ABLBL,A,,,,,Aditya Birla Lifestyle Brands,93.36,94.45,91.80,94.09,94.05,92.75,,94.01,,,9244,859156.00,243,F1,1,,,,,
2026-07-24,2026-07-24,CM,BSE,STK,544404,INE16SF01016,BORANA,B,,,,,BORANA WEAVES LIMITED,322.95,332.80,321.95,328.00,327.50,326.30,,327.45,,,790,258240.00,59,F1,1,,,,,
2026-07-24,2026-07-24,CM,BSE,STK,544405,INE894V01022,BELRISE,A,,,,,BELRISE INDUSTRIES LIMITED,227.25,230.35,224.05,228.40,228.40,229.25,,228.26,,,119344,27113215.00,1763,F1,1,,,,,
2026-07-24,2026-07-24,CM,BSE,STK,544406,INE1ABX01018,UNIFIED,M,,,,,UNIFIED DATA TECH SOLUTIONS LI,367.00,367.00,361.05,361.10,361.10,367.00,,361.10,,,3600,1312460.00,8,F1,400,,,,,
2026-07-24,2026-07-24,CM,BSE,STK,544407,INE0INX01018,AEGISVOPAK,A,,,,,AEGIS VOPAK TERMINALS LIMITED,290.45,295.85,282.30,293.05,293.05,294.75,,292.66,,,117567,34006391.00,1525,F1,1,,,,,
2026-07-24,2026-07-24,CM,BSE,STK,544408,INE0AQ201015,THELEELA,A,,,,,Leela Palaces Hotels & Resorts,465.15,477.35,461.90,474.30,476.30,476.15,,474.65,,,92351,43158656.00,1146,F1,1,,,,,
2026-07-24,2026-07-24,CM,BSE,STK,544409,INE0TG901011,ASTONEALAB,MT,,,,,ASTONEA LABS LIMITED,266.00,266.05,266.00,266.05,266.05,261.75,,266.05,,,2000,532050.00,2,F1,1000,,,,,
2026-07-24,2026-07-24,CM,BSE,STK,544410,INE0BX301013,PROSTARM,B,,,,,PROSTARM INFO SYSTEMS LIMITED,122.15,124.80,119.40,123.75,123.75,121.75,,123.68,,,10680,1298590.00,283,F1,1,,,,,
2026-07-24,2026-07-24,CM,BSE,STK,544411,INE090501011,SCODATUBES,B,,,,,Scoda Tubes Limited,141.15,148.00,140.25,146.80,146.35,141.65,,146.92,,,11246,1626041.00,239,F1,1,,,,,
2026-07-24,2026-07-24,CM,BSE,STK,544412,INE0TE101010,3BFILMS,MT,,,,,3B FILMS LIMITED,15.90,16.50,15.90,16.18,16.10,16.02,,16.18,,,12000,194250.00,4,F1,3000,,,,,
2026-07-24,2026-07-24,CM,BSE,STK,544413,INE0U4701011,DIGITIDE,B,,,,,Digitide Solutions Limited,100.05,101.84,98.31,100.83,100.83,100.99,,101.21,,,8503,852371.00,175,F1,1,,,,,
2026-07-24,2026-07-24,CM,BSE,STK,544414,INE0U4101014,BLUSPRING,B,,,,,Bluspring Enterprises Limited,104.10,109.25,101.10,108.75,109.25,104.15,,108.43,,,17060,1779694.00,203,F1,1,,,,,
2026-07-24,2026-07-24,CM,BSE,STK,544415,INF204KC1EZ3,SNXT30BEES,B,,,,,Nippon India Mutual Fund,42.01,42.01,41.63,41.97,41.97,42.18,,41.86,,,576,24127.00,13,F1,1,,,,,
2026-07-24,2026-07-24,CM,BSE,STK,544416,INE0GGO01015,KRISHIVAL,B,,,,,KRISHIVAL FOODS LIMITED,398.95,398.95,387.70,387.95,387.70,391.05,,387.60,,,79,30914.00,30,F1,1,,,,,
2026-07-24,2026-07-24,CM,BSE,STK,544417,INE0XCV01014,ATENPAPERS,MT,,,,,Aten Papers & Foam Limited,19.51,21.00,19.51,20.26,21.00,20.11,,20.26,,,2400,48612.00,2,F1,1200,,,,,
2026-07-24,2026-07-24,CM,BSE,STK,544418,INE0BYP01024,OSWALPUMPS,B,,,,,Oswal Pumps Limited,339.35,360.85,335.25,358.80,356.00,339.35,,359.15,,,65476,22768755.00,1975,F1,1,,,,,
2026-07-24,2026-07-24,CM,BSE,STK,544419,INE0H9P01028,ARIS,B,,,,,ArisInfra Solutions Limited,122.95,126.50,121.85,123.15,124.00,122.20,,123.06,,,79272,9882861.00,1242,F1,1,,,,,
2026-07-24,2026-07-24,CM,BSE,STK,544420,INE1SY401010,RAYMONDREL,B,,,,,Raymond Realty Limited,644.10,656.95,627.95,655.20,655.20,642.25,,654.55,,,17663,11349992.00,687,F1,1,,,,,
2026-07-24,2026-07-24,CM,BSE,STK,544421,INE236E01022,ELLEN,B,,,,,ELLENBARRIE INDUSTRIAL GASES L,277.00,284.45,273.65,281.30,281.25,278.35,,281.20,,,24824,6951842.00,722,F1,1,,,,,
2026-07-24,2026-07-24,CM,BSE,STK,544422,INE0ZDY01011,ABRFL,M,,,,,Abram Food Limited,41.95,41.95,40.00,41.90,41.90,40.14,,41.90,,,3600,148620.00,3,F1,1200,,,,,
2026-07-24,2026-07-24,CM,BSE,STK,544423,INE227J01012,KALPATARU,B,,,,,Kalpataru Limited,269.60,269.95,265.10,266.05,266.50,269.60,,266.35,,,1857,497455.00,256,F1,1,,,,,
2026-07-24,2026-07-24,CM,BSE,STK,544424,INE0V3U01015,GLOBECIVIL,T,,,,,GLOBE CIVIL PROJECTS LIMITED,40.05,40.05,39.25,39.84,39.85,40.99,,39.31,,,2655,104475.00,20,F1,1,,,,,
2026-07-24,2026-07-24,CM,BSE,STK,544425,INE0XRR01010,AJCJEWEL,M,,,,,AJC Jewel Manufacturers Limite,113.20,117.00,113.20,116.98,117.00,114.00,,116.98,,,13200,1525560.00,9,F1,1200,,,,,
2026-07-24,2026-07-24,CM,BSE,STK,544426,INE0Y0E01012,ICON,MT,,,,,Icon Facilitators Limited,74.85,77.99,73.35,75.57,77.99,75.30,,75.57,,,14400,1088196.00,8,F1,1200,,,,,
2026-07-24,2026-07-24,CM,BSE,STK,544427,INF109K1A344,TOP15IETF,B,,,,,ICICI Prudential Mutual Fund,9.71,9.78,9.62,9.74,9.78,9.77,,9.73,,,2470,23886.00,51,F1,1,,,,,
2026-07-24,2026-07-24,CM,BSE,STK,544428,INE0SC101013,SEVL,M,,,,,SUPERTECH EV LIMITED,37.00,38.45,37.00,38.20,38.40,37.00,,38.20,,,9600,363840.00,8,F1,1200,,,,,
2026-07-24,2026-07-24,CM,BSE,STK,544429,INE756I01012,HDBFS,A,,,,,HDB FINANCIAL SERVICES LIMITED,691.85,694.00,682.10,691.20,692.90,691.85,,691.50,,,8491,5848459.00,637,F1,1,,,,,
2026-07-24,2026-07-24,CM,BSE,STK,544430,INE12NJ01018,SAMBHV,B,,,,,SAMBHV STEEL TUBES LIMITED,117.50,117.50,113.25,115.65,115.80,115.15,,115.92,,,24001,2757690.00,281,F1,1,,,,,
2026-07-24,2026-07-24,CM,BSE,STK,544431,INE0S9X01011,ACEALPHA,M,,,,,Ace Alpha Tech Limited,133.35,141.05,130.00,136.25,136.25,128.10,,136.25,,,94000,12577850.00,38,F1,1000,,,,,
2026-07-24,2026-07-24,CM,BSE,STK,544432,INE05J901018,IGCL,B,,,,,Indogulf Cropsciences Limited,76.98,76.98,73.00,74.29,74.00,75.37,,74.54,,,3748,278683.00,95,F1,1,,,,,
2026-07-24,2026-07-24,CM,BSE,STK,544433,INE130701019,VALINDIA,M,,,,,Valencia India Limited,17.50,18.71,17.50,17.80,17.80,18.00,,17.80,,,6000,109392.00,5,F1,1200,,,,,
2026-07-24,2026-07-24,CM,BSE,STK,544434,INE0UZO01024,NEETUYOSHI,MT,,,,,Neetu Yoshi Limited,165.50,170.60,158.00,169.35,168.00,166.00,,169.35,,,71200,11602480.00,82,F1,800,,,,,
2026-07-24,2026-07-24,CM,BSE,STK,544435,INE0W1601012,ADCOUNTY,M,,,,,ADCOUNTY MEDIA INDIA LIMITED,97.41,98.49,90.00,93.00,93.00,95.50,,93.00,,,20800,1964320.00,26,F1,800,,,,,
2026-07-24,2026-07-24,CM,BSE,STK,544436,INE0RDJ01019,VANDAN,M,,,,,VANDAN FOODS LIMITED,24.00,24.00,24.00,24.00,24.00,24.00,,24.00,,,1200,28800.00,1,F1,1200,,,,,
2026-07-24,2026-07-24,CM,BSE,STK,544438,INF769K01PB6,INTERNET,B,,,,,Mirae Asset Mutual Fund,12.99,13.00,12.77,12.98,13.00,13.11,,12.97,,,20386,263425.00,32,F1,1,,,,,
2026-07-24,2026-07-24,CM,BSE,STK,544439,INE0S4R01014,CRIZAC,B,,,,,CRIZAC LIMITED,187.05,187.95,183.45,185.55,184.60,186.65,,184.46,,,19096,3546841.00,303,F1,1,,,,,
2026-07-24,2026-07-24,CM,BSE,STK,544440,INE0TL001013,CRYOGENIC,MT,,,,,CRYOGENIC OGS LIMITED,287.00,300.90,286.00,296.55,300.90,288.50,,296.55,,,16500,4780012.00,17,F1,750,,,,,
2026-07-24,2026-07-24,CM,BSE,STK,544441,INE162901016,METAINFO,MT,,,,,META INFOTECH LIMITED,76.80,76.80,72.96,75.00,75.00,76.80,,75.00,,,34400,2573272.00,27,F1,800,,,,,
2026-07-24,2026-07-24,CM,BSE,STK,544442,INE0VWL01017,CHEMKART,MT,,,,,Chemkart India Limited,184.60,184.60,184.00,184.00,184.00,181.00,,184.00,,,9600,1769640.00,5,F1,600,,,,,
2026-07-24,2026-07-24,CM,BSE,STK,544443,INE103V01028,TRAVELFOOD,B,,,,,TRAVEL FOOD SERVICES LIMITED,1270.00,1289.50,1260.05,1286.90,1289.50,1279.85,,1286.30,,,949,1210533.00,189,F1,1,,,,,
2026-07-24,2026-07-24,CM,BSE,STK,544444,INE0UMC01019,GLEN,M,,,,,Glen Industries Limited,73.00,75.00,73.00,74.00,74.00,73.00,,74.00,,,36000,2667852.00,29,F1,1200,,,,,
2026-07-24,2026-07-24,CM,BSE,STK,544445,INE0SJX01015,APL,M,,,,,ASSTON PHARMACEUTICALS LIMITED,62.21,64.25,60.25,64.24,64.24,62.21,,64.24,,,4000,250950.00,4,F1,1000,,,,,
2026-07-24,2026-07-24,CM,BSE,STK,544446,INE28GN01010,ADVENTHTL,B,,,,,Advent Hotels International Li,143.00,147.50,139.50,142.35,141.50,143.90,,142.31,,,9693,1375205.00,162,F1,1,,,,,
2026-07-24,2026-07-24,CM,BSE,STK,544447,INE0NAZ01010,SMARTWORKS,B,,,,,SMARTWORKS COWORKING SPACES LI,485.10,485.10,471.50,482.25,484.95,479.95,,482.55,,,2522,1199728.00,189,F1,1,,,,,
2026-07-24,2026-07-24,CM,BSE,STK,544448,INE124Y01028,PASHUPATI,B,,,,,Pashupati Cotspin Limited,88.64,88.64,86.50,87.39,87.45,87.10,,87.14,,,3762,328842.00,384,F1,1,,,,,
2026-07-24,2026-07-24,CM,BSE,STK,544449,INE0CZ201020,ANTHEM,A,,,,,Anthem Biosciences Limited,772.00,780.00,767.25,769.90,769.90,779.30,,769.90,,,22739,17530970.00,2661,F1,1,,,,,
2026-07-24,2026-07-24,CM,BSE,STK,544450,INE0TGX01019,CHEMBONDCH,T,,,,,CHEMBOND CHEMICALS  LIMITED,255.00,255.00,245.60,250.05,250.05,258.50,,248.10,,,1214,302120.00,20,F1,1,,,,,
2026-07-24,2026-07-24,CM,BSE,STK,544451,INE0LCG01010,MONIKA,M,,,,,MONIKA ALCOBEV LIMITED,212.00,212.00,212.00,212.00,212.00,209.20,,212.00,,,400,84800.00,1,F1,400,,,,,
2026-07-24,2026-07-24,CM,BSE,STK,544452,INE0PTF01017,SWASTIKAAL,MT,,,,,Swastika Castal Limited,87.72,91.00,87.72,91.00,91.00,87.12,,91.00,,,10000,895700.00,5,F1,2000,,,,,
2026-07-24,2026-07-24,CM,BSE,STK,544453,INE0V0L01028,MSECL,MT,,,,,Monarch Surveyors and Engineer,219.00,222.00,218.60,218.60,218.60,224.00,,218.60,,,4200,925050.00,7,F1,600,,,,,
2026-07-24,2026-07-24,CM,BSE,STK,544454,INE06ST01018,INDIQUBE,B,,,,,INDIQUBE SPACES LIMITED,180.00,182.90,175.65,180.70,181.00,181.25,,181.30,,,381110,68027923.00,124,F1,1,,,,,
2026-07-24,2026-07-24,CM,BSE,STK,544455,INE18JU01028,EBGNG,B,,,,,GNG Electronics Limited,536.00,573.15,536.00,573.15,573.15,545.90,,572.45,,,30283,16967496.00,1460,F1,1,,,,,
2026-07-24,2026-07-24,CM,BSE,STK,544456,INE219Y01026,RMDRIP,B,,,,,R M DRIP AND SPRINKLERS SYSTEM,17.80,18.32,17.67,18.16,18.10,18.07,,18.11,,,31548,567358.00,315,F1,1,,,,,
2026-07-24,2026-07-24,CM,BSE,STK,544457,INE03NU01014,BRIGHOTEL,B,,,,,Brigade Hotel Ventures Limited,60.76,61.00,60.10,60.24,60.41,60.93,,60.16,,,1591,95928.00,289,F1,1,,,,,
2026-07-24,2026-07-24,CM,BSE,STK,544458,INE0FMZ01045,SHREEREF,M,,,,,SHREE REFRIGERATIONS LIMITED,341.25,342.95,337.00,339.15,338.00,342.95,,339.15,,,49500,16800275.00,90,F1,500,,,,,
2026-07-24,2026-07-24,CM,BSE,STK,544459,INE06ZD01017,SHANTIGOLD,B,,,,,SHANTI GOLD INTERNATIONAL LIMI,207.00,213.55,203.95,211.65,211.65,207.40,,211.30,,,55892,11738568.00,773,F1,1,,,,,
2026-07-24,2026-07-24,CM,BSE,STK,544460,INE161701011,PATELCHEM,MT,,,,,PATEL CHEM SPECIALITIES LIMITE,91.15,91.50,90.05,91.05,91.05,91.00,,91.05,,,22400,2039040.00,13,F1,1600,,,,,
2026-07-24,2026-07-24,CM,BSE,STK,544461,INE505V01016,EUROBOND,B,,,,,Euro Panel Products Limited,161.00,164.50,160.25,164.00,164.00,161.00,,161.61,,,2932,470144.00,117,F1,1,,,,,
2026-07-24,2026-07-24,CM,BSE,STK,544462,INE19RO25021,PSTITANIA,IF,,,,,PropShare Titania,1150000.00,1150000.00,1150000.00,1150000.00,1150000.00,1160000.00,,1150000.00,,,1,1150000.00,1,F1,1,,,,,
2026-07-24,2026-07-24,CM,BSE,STK,544463,INE15WN01014,REPONO,MT,,,,,REPONO LIMITED,76.40,77.00,74.10,75.10,75.00,78.00,,75.10,,,20400,1546248.00,16,F1,1200,,,,,
2026-07-24,2026-07-24,CM,BSE,STK,544465,INE06WU01026,LAXMIINDIA,T,,,,,LAXMI INDIA FINANCE LIMITED,128.75,133.00,121.25,131.02,131.02,126.76,,130.93,,,94070,12299807.00,81,F1,1,,,,,
2026-07-24,2026-07-24,CM,BSE,STK,544466,INE819V01029,CPPLUS,A,,,,,Aditya Infotech Limited,3550.60,3597.65,3476.30,3535.15,3535.15,3614.80,,3543.00,,,14208,49978117.00,1757,F1,1,,,,,
2026-07-24,2026-07-24,CM,BSE,STK,544467,INE301O01023,NSDL,A,,,,,National Securities Depository,810.60,813.05,809.00,810.05,810.05,815.00,,810.05,,,555429,450123670.00,18900,F1,1,,,,,
2026-07-24,2026-07-24,CM,BSE,STK,544469,INE0V9Q01010,LOTUSDEV,B,,,,,Sri Lotus Developers and Realt,174.35,180.95,174.35,180.40,180.40,173.65,,180.39,,,836224,149971334.00,4023,F1,1,,,,,
2026-07-24,2026-07-24,CM,BSE,STK,544470,INE08N601015,MBEL,B,,,,,M & B ENGINEERING LIMITED,290.95,297.45,286.85,296.55,296.55,292.40,,296.30,,,2842,836666.00,183,F1,1,,,,,
2026-07-24,2026-07-24,CM,BSE,STK,544471,INE14OX01013,TAKYON,M,,,,,TAKYON NETWORKS LIMITED,19.49,19.55,19.00,19.48,19.40,19.50,,19.48,,,14000,269100.00,7,F1,2000,,,,,
2026-07-24,2026-07-24,CM,BSE,STK,544473,INF666M01LM6,GROWWPOWER,B,,,,,Groww Mutual Fund,11.79,11.79,11.58,11.69,11.70,11.72,,11.67,,,53741,626143.00,193,F1,1,,,,,
2026-07-24,2026-07-24,CM,BSE,STK,544474,INE0W4K01013,BLT,MT,,,,,BLT Logistics Limited,28.80,29.00,28.80,29.00,29.00,27.65,,29.00,,,4800,138560.00,3,F1,1600,,,,,
2026-07-24,2026-07-24,CM,BSE,STK,544475,INE1IBY01019,ESSEX,MT,,,,,ESSEX MARINE LIMITED,39.51,40.89,39.50,40.89,40.89,41.44,,40.89,,,8000,319800.00,4,F1,2000,,,,,
2026-07-24,2026-07-24,CM,BSE,STK,544476,INE0J5801029,JSLL,A,,,,,Jeena Sikho Lifecare Limited,559.20,559.80,544.00,555.20,558.50,560.30,,554.80,,,22094,12170013.00,673,F1,1,,,,,
2026-07-24,2026-07-24,CM,BSE,STK,544477,INE00RL01028,HILINFRA,T,,,,,Highway Infrastructure Limited,43.50,44.49,43.00,43.82,44.40,44.00,,43.86,,,3936,173606.00,50,F1,1,,,,,
2026-07-24,2026-07-24,CM,BSE,STK,544479,INE0GV601021,ALLTIME,B,,,,,ALL TIME PLASTICS LIMITED,222.05,224.60,220.00,221.35,220.40,224.45,,220.88,,,1807,400756.00,90,F1,1,,,,,
2026-07-24,2026-07-24,CM,BSE,STK,544480,INE718I01012,JSWCEMENT,A,,,,,JSW CEMENT LIMITED,133.00,133.20,129.90,132.00,132.00,133.80,,132.12,,,113887,14980414.00,2255,F1,1,,,,,
2026-07-24,2026-07-24,CM,BSE,STK,544481,INE1JAR25012,KRT,IF,,,,,KNOWLEDGE REALTY TRUST,116.78,116.90,116.04,116.74,116.75,116.12,,116.69,,,1521,177157.00,155,F1,1,,,,,
2026-07-24,2026-07-24,CM,BSE,STK,544482,INE0YG001013,STARIMAGIN,MT,,,,,STAR IMAGING AND PATH LAB LIMI,90.73,90.73,86.25,87.30,86.25,90.73,,87.30,,,12000,1060120.00,10,F1,1000,,,,,
2026-07-24,2026-07-24,CM,BSE,STK,544484,INE304W01038,BLUESTONE,A,,,,,BlueStone Jewellery and Lifest,755.40,793.45,712.20,772.90,772.90,749.60,,772.45,,,3231834,2437470731.00,49944,F1,1,,,,,
2026-07-24,2026-07-24,CM,BSE,STK,544485,INE0MHO01029,REGAAL,T,,,,,REGAAL RESOURCES LIMITED,77.96,78.07,76.00,76.51,78.07,77.01,,75.72,,,5487,420644.00,40,F1,1,,,,,
2026-07-24,2026-07-24,CM,BSE,STK,544486,INF0R8F01133,LTGILTCASE,F,,,,,Zerodha Mutual Fund,30.40,30.46,30.40,30.44,30.44,30.44,,30.44,,,25033,761605.00,6,F1,1,,,,,
2026-07-24,2026-07-24,CM,BSE,STK,544487,INE0R8B01010,PATELRMART,B,,,,,PATEL RETAIL LIMITED,222.00,225.00,217.75,221.10,217.80,220.90,,223.35,,,2869,636037.00,104,F1,1,,,,,
2026-07-24,2026-07-24,CM,BSE,STK,544488,INE078V01014,VIKRAMSOLR,A,,,,,Vikram Solar Limited,182.35,183.40,179.50,182.80,183.20,183.95,,182.80,,,112273,20420761.00,1795,F1,1,,,,,
2026-07-24,2026-07-24,CM,BSE,STK,544489,INE191201016,LGT,M,,,,,LGT GLOBAL HOSPITALITY LIMITED,47.00,47.00,47.00,47.00,47.00,47.00,,47.00,,,1200,56400.00,1,F1,1200,,,,,
2026-07-24,2026-07-24,CM,BSE,STK,544490,INE1B6101010,SHREEJISPG,B,,,,,Shreeji Shipping Global Limite,608.90,627.20,608.90,622.90,626.50,617.55,,625.80,,,9151,5652487.00,302,F1,1,,,,,
2026-07-24,2026-07-24,CM,BSE,STK,544491,INE06XZ01023,GEMAROMA,B,,,,,Gem Aromatics Limited,176.55,179.05,175.00,177.20,179.00,177.00,,178.08,,,4466,791095.00,100,F1,1,,,,,
2026-07-24,2026-07-24,CM,BSE,STK,544492,INE0PKD01011,MEIL,T,,,,,MANGAL ELECTRICAL INDUSTRIES L,288.00,288.90,282.00,284.10,288.80,288.00,,284.65,,,128,36483.00,14,F1,1,,,,,
2026-07-24,2026-07-24,CM,BSE,STK,544493,INF204KC1GH6,MANUFGBEES,B,,,,,Nippon India Mutual Fund,159.04,161.00,157.91,159.54,159.54,161.25,,159.47,,,198,31451.00,18,F1,1,,,,,
2026-07-24,2026-07-24,CM,BSE,STK,544494,INE12P601017,GLOBTIER,MT,,,,,Globtier Infotech limited,17.01,17.01,16.25,16.26,16.25,17.01,,16.26,,,6400,105312.00,4,F1,1600,,,,,
2026-07-24,2026-07-24,CM,BSE,STK,544496,INE01R501028,VIKRAN,B,,,,,Vikran Engineering Limited,71.00,71.69,70.02,71.43,71.49,71.96,,71.43,,,70555,4990945.00,660,F1,1,,,,,
2026-07-24,2026-07-24,CM,BSE,STK,544497,INE0Y8W01025,AHCL,B,,,,,ANLON HEALTHCARE LIMITED,15.10,15.12,14.82,15.01,15.00,15.07,,15.01,,,92001,1379431.00,226,F1,1,,,,,
2026-07-24,2026-07-24,CM,BSE,STK,544499,INE0P6P01016,CPEDU,B,,,,,Career Point Edutech Limited,185.15,190.00,185.15,188.50,188.50,189.00,,186.47,,,803,148855.00,103,F1,1,,,,,
2026-07-24,2026-07-24,CM,BSE,STK,544501,INE0XX801016,SUGSLLOYD,MT,,,,,SUGS LLOYD LIMITED,133.10,134.85,130.00,132.00,131.00,134.70,,132.00,,,43000,5639950.00,38,F1,1000,,,,,
2026-07-24,2026-07-24,CM,BSE,STK,544502,INE084K01015,AMANTA,T,,,,,Amanta Healthcare Limited,165.00,165.00,163.00,163.00,163.00,164.00,,163.00,,,2062,340170.00,15,F1,1,,,,,
2026-07-24,2026-07-24,CM,BSE,STK,544503,INE0ZN101029,RACHIT,MT,,,,,Rachit Prints Limited,202.00,204.00,202.00,204.00,204.00,204.15,,204.00,,,5000,1014000.00,5,F1,1000,,,,,
2026-07-24,2026-07-24,CM,BSE,STK,544504,INE0ZOM01013,GOELCONS,MT,,,,,GOEL CONSTRUCTION COMPANY LIMI,442.00,442.00,436.00,440.00,440.00,442.00,,440.00,,,1600,703200.00,4,F1,400,,,,,
2026-07-24,2026-07-24,CM,BSE,STK,544505,INE104201012,AUSTERE,M,,,,,AUSTERE SYSTEMS LIMITED,41.20,41.20,41.20,41.20,41.20,41.00,,41.20,,,2000,82400.00,1,F1,2000,,,,,
2026-07-24,2026-07-24,CM,BSE,STK,544506,INE0UJF01018,SHARVAYA,MT,,,,,SHARVAYA METALS LIMITED,112.30,118.95,112.30,115.10,117.00,116.50,,115.10,,,10800,1244820.00,12,F1,600,,,,,
2026-07-24,2026-07-24,CM,BSE,STK,544507,INF0R8F01141,SML100CASE,B,,,,,Zerodha Mutual Fund,10.75,10.75,10.54,10.70,10.70,10.75,,10.71,,,87227,932099.00,277,F1,1,,,,,
2026-07-24,2026-07-24,CM,BSE,STK,544509,INE0XZB01017,KRUPALU,M,,,,,Krupalu Metals Limited,30.00,30.00,27.98,28.00,28.00,29.45,,28.00,,,9600,273520.00,6,F1,1600,,,,,
2026-07-24,2026-07-24,CM,BSE,STK,544512,INE1B3L01017,SHRINGARMS,B,,,,,SHRINGAR HOUSE OF MANGALSUTRA,220.00,220.20,215.00,219.65,218.45,220.60,,219.66,,,13869,3023208.00,198,F1,1,,,,,
2026-07-24,2026-07-24,CM,BSE,STK,544513,INE0VOV01021,DEVX,B,,,,,Dev Accelerator Limited,33.30,34.22,33.30,34.00,34.00,33.80,,33.90,,,3196,108573.00,32,F1,1,,,,,
2026-07-24,2026-07-24,CM,BSE,STK,544515,INE0CAZ01013,URBANCO,A,,,,,Urban Company Limited,129.75,130.15,126.80,129.80,129.35,130.25,,129.76,,,44133,5678559.00,731,F1,1,,,,,
2026-07-24,2026-07-24,CM,BSE,STK,544516,INE0XBS01012,AIRFLOA,M,,,,,AIRFLOA RAIL TECHNOLOGY LIMITE,325.00,331.00,321.10,330.15,330.85,330.30,,330.15,,,53000,17247500.00,93,F1,500,,,,,
2026-07-24,2026-07-24,CM,BSE,STK,544517,INE24OJ01011,BUILDPRO,B,,,,,Shankara Buildpro Limited,1234.40,1250.00,1207.00,1237.20,1237.60,1237.55,,1236.20,,,930,1145570.00,131,F1,1,,,,,
2026-07-24,2026-07-24,CM,BSE,STK,544518,INE0TJ801010,LTELEVATOR,MT,,,,,L. T. ELEVATOR LIMITED,243.10,250.00,240.50,250.00,250.00,251.15,,250.00,,,16000,3902480.00,18,F1,800,,,,,
2026-07-24,2026-07-24,CM,BSE,STK,544519,INE198501012,EUROPRATIK,B,,,,,EURO PRATIK SALES LIMITED,299.10,304.30,292.25,301.70,304.30,299.75,,301.65,,,7403,2210288.00,183,F1,1,,,,,
2026-07-24,2026-07-24,CM,BSE,STK,544520,INE10XS01012,SAMPAT,MT,,,,,SAMPAT ALUMINIUM LIMITED,35.24,35.35,35.24,35.35,35.35,35.32,,35.35,,,4800,169428.00,4,F1,1200,,,,,
2026-07-24,2026-07-24,CM,BSE,STK,544521,INE0SJA01013,VMSTMT,T,,,,,VMS TMT LIMITED,42.30,46.50,42.30,45.91,46.50,44.49,,45.17,,,5107,225841.00,39,F1,1,,,,,
2026-07-24,2026-07-24,CM,BSE,STK,544522,INE08PH01015,ABCOTS,B,,,,,A B Cotspin India Limited,204.90,204.90,199.00,199.20,199.00,200.40,,200.25,,,182,36374.00,29,F1,1,,,,,
2026-07-24,2026-07-24,CM,BSE,STK,544523,INE056801025,IVALUE,B,,,,,IVALUE INFOSOLUTIONS LIMITED,278.00,289.65,277.40,288.20,288.45,280.70,,287.70,,,15005,4219615.00,367,F1,1,,,,,
2026-07-24,2026-07-24,CM,BSE,STK,544524,INE14VP01014,JDCABLES,M,,,,,JD CABLES LIMITED,222.00,222.00,209.15,211.10,210.05,220.85,,211.10,,,83200,17947760.00,96,F1,800,,,,,
2026-07-24,2026-07-24,CM,BSE,STK,544525,INE1AG301022,GKENERGY,B,,,,,GK ENERGY LIMITED,134.05,137.25,133.45,136.25,137.25,136.10,,136.15,,,33745,4546375.00,576,F1,1,,,,,
2026-07-24,2026-07-24,CM,BSE,STK,544526,INE13B501022,SAATVIKGL,B,,,,,Saatvik Green Energy Limited,435.00,441.80,429.70,440.80,441.65,436.80,,440.55,,,6244,2712089.00,215,F1,1,,,,,
2026-07-24,2026-07-24,CM,BSE,STK,544527,INE0Z4F01028,ATLANTAELE,B,,,,,Atlanta Electricals Limited,1574.65,1615.80,1554.15,1590.55,1592.00,1538.90,,1589.90,,,16096,25675358.00,979,F1,1,,,,,
2026-07-24,2026-07-24,CM,BSE,STK,544528,INE652V01016,GANESHCP,B,,,,,Ganesh Consumer Products Limit,171.60,174.95,169.40,172.10,172.50,171.05,,171.85,,,4410,760239.00,203,F1,1,,,,,
2026-07-24,2026-07-24,CM,BSE,STK,544529,INE15XJ01010,APPL,MT,,,,,Aptus Pharma Limited,250.00,254.50,250.00,254.50,254.50,251.65,,254.50,,,5600,1412580.00,14,F1,400,,,,,
2026-07-24,2026-07-24,CM,BSE,STK,544530,INE549H01021,ARSSBL,B,,,,,ANAND RATHI SHARE AND STOCK BR,506.40,513.10,503.10,508.15,509.30,510.55,,508.20,,,7801,3952409.00,338,F1,1,,,,,
2026-07-24,2026-07-24,CM,BSE,STK,544531,INE1LDV01015,TRUECOLORS,M,,,,,TRUE COLORS LIMITED,154.40,155.25,154.40,155.25,155.25,158.00,,155.25,,,2400,371490.00,4,F1,600,,,,,
2026-07-24,2026-07-24,CM,BSE,STK,544532,INE0TY101024,SOLARWORLD,B,,,,,Solarworld Energy Solutions Li,195.75,203.30,194.65,201.85,202.20,199.05,,201.92,,,13466,2680174.00,279,F1,1,,,,,
2026-07-24,2026-07-24,CM,BSE,STK,544533,INE04VU01023,STYL,B,,,,,Seshaasai Technologies Limited,389.00,389.00,360.15,384.05,389.00,400.15,,384.45,,,65251,24318375.00,1522,F1,1,,,,,
2026-07-24,2026-07-24,CM,BSE,STK,544534,INE00YJ01010,JARO,B,,,,,Jaro Institute of Technology M,461.15,477.00,461.10,474.60,473.90,462.30,,475.70,,,6998,3307154.00,176,F1,1,,,,,
2026-07-24,2026-07-24,CM,BSE,STK,544535,INE0QMV01017,BHARATROHAN,M,,,,,BHARATROHAN AIRBORNE INNOVATIO,136.95,136.95,130.50,132.15,132.45,137.95,,132.15,,,21600,2857680.00,27,F1,800,,,,,
2026-07-24,2026-07-24,CM,BSE,STK,544536,INE658T01017,WEALTH,B,,,,,Wealth First Portfolio Manager,953.45,970.00,930.25,955.60,961.15,964.00,,940.30,,,60,57207.00,36,F1,1,,,,,
2026-07-24,2026-07-24,CM,BSE,STK,544537,INE0YD401026,JAINREC,B,,,,,Jain Resource Recycling Limite,330.70,345.00,328.20,339.80,339.80,337.15,,340.95,,,51098,17178505.00,850,F1,1,,,,,
2026-07-24,2026-07-24,CM,BSE,STK,544538,INE0TI501017,PRARUH,M,,,,,PRARUH TECHNOLOGIES LIMITED,63.50,63.50,63.50,63.50,63.50,63.18,,63.50,,,2000,127000.00,1,F1,2000,,,,,
2026-07-24,2026-07-24,CM,BSE,STK,544540,INE0MLS01022,EPACKPEB,B,,,,,Epack Prefab Technologies Limi,242.20,254.35,237.65,252.50,252.50,243.50,,251.97,,,61711,15280127.00,1172,F1,1,,,,,
2026-07-24,2026-07-24,CM,BSE,STK,544541,INE1KLZ01011,SYSTEMATIC,MT,,,,,SYSTEMATIC INDUSTRIES LIMITED,189.00,189.00,186.00,187.00,187.00,191.00,,187.00,,,10800,2023980.00,14,F1,600,,,,,
2026-07-24,2026-07-24,CM,BSE,STK,544542,INE0W5Q01017,JUSTO,M,,,,,Justo Realfintech Limited,87.20,88.00,87.20,88.00,88.00,86.00,,88.00,,,11000,967200.00,2,F1,1000,,,,,
2026-07-24,2026-07-24,CM,BSE,STK,544543,INE965W01036,BMWVENTLTD,B,,,,,BMW VENTURES LIMITED,56.72,57.00,56.01,56.42,56.42,56.60,,56.52,,,1295,73154.00,49,F1,1,,,,,
2026-07-24,2026-07-24,CM,BSE,STK,544544,INE0SRP01014,TELGE,MT,,,,,TELGE PROJECTS LIMITED,161.50,165.75,161.25,164.75,165.75,169.70,,164.75,,,20400,3315000.00,17,F1,1200,,,,,
2026-07-24,2026-07-24,CM,BSE,STK,544545,INE0MWH01014,TRUALT,B,,,,,TRUALT BIOENERGY LIMITED,423.90,438.80,423.90,429.40,428.60,432.60,,428.95,,,10637,4602383.00,555,F1,1,,,,,
2026-07-24,2026-07-24,CM,BSE,STK,544546,INE1B4801017,CHTR,MT,,,,,Chatterbox Technologies Limite,42.60,43.08,42.60,43.08,43.08,44.03,,43.08,,,2400,102816.00,2,F1,1200,,,,,
2026-07-24,2026-07-24,CM,BSE,STK,544547,INE1FF001016,JKIPL,T,,,,,Jinkushal Industries Limited,98.00,98.00,98.00,98.00,98.00,98.00,,96.69,,,2,196.00,2,F1,1,,,,,
2026-07-24,2026-07-24,CM,BSE,STK,544548,INE0SIK01014,GPAPL,M,,,,,GUJARAT PEANUT AND AGRI PRODUC,75.98,79.90,75.00,75.00,75.00,73.00,,75.00,,,12800,990752.00,7,F1,1600,,,,,
2026-07-24,2026-07-24,CM,BSE,STK,544550,INE0S3G01027,PACEDIGITK,B,,,,,Pace Digitek Limited,196.35,196.95,191.45,194.80,195.90,197.10,,195.24,,,42947,8335371.00,712,F1,1,,,,,
2026-07-24,2026-07-24,CM,BSE,STK,544552,INE0S5T01017,RDGAIL,M,,,,,RUKMANI DEVI GARG AGRO IMPEX L,106.50,110.00,106.45,106.45,106.45,106.45,,106.45,,,8400,913140.00,5,F1,1200,,,,,
2026-07-24,2026-07-24,CM,BSE,STK,544555,INE14QA01016,AMEENJI,M,,,,,AMEENJI RUBBER LIMITED,136.75,145.00,136.75,145.00,145.00,136.75,,145.00,,,12000,1705560.00,6,F1,1200,,,,,
2026-07-24,2026-07-24,CM,BSE,STK,544556,INE0SPJ01011,DHILLON,M,,,,,Dhillon Freight Carrier Limite,35.45,38.00,34.40,34.64,35.00,37.80,,34.64,,,40000,1442944.00,24,F1,1600,,,,,
2026-07-24,2026-07-24,CM,BSE,STK,544557,INE0TQE01026,GLOTTIS,T,,,,,Glottis Limited,66.00,66.99,65.55,66.20,66.20,66.38,,66.73,,,2198,145708.00,23,F1,1,,,,,
2026-07-24,2026-07-24,CM,BSE,STK,544558,INE0HF201011,FABTECH,B,,,,,Fabtech Technologies Limited,149.95,152.50,147.00,149.25,152.00,148.85,,149.72,,,10331,1545202.00,260,F1,1,,,,,
2026-07-24,2026-07-24,CM,BSE,STK,544559,INE0R8Q01018,OML,MT,,,,,OM METALLOGIC LIMITED,28.72,30.20,28.72,30.18,30.20,30.23,,30.18,,,24000,699600.00,15,F1,1600,,,,,
2026-07-24,2026-07-24,CM,BSE,STK,544560,INE0QU501030,SODHACAP,M,,,,,SODHANI CAPITAL LIMITED,58.00,61.50,58.00,58.00,58.00,59.02,,58.00,,,10000,600000.00,5,F1,2000,,,,,
2026-07-24,2026-07-24,CM,BSE,STK,544561,INE12P101018,CHIRAHARIT,M,,,,,Chiraharit Limited,8.03,8.03,8.02,8.02,8.02,8.10,,8.02,,,54000,433140.00,2,F1,6000,,,,,
2026-07-24,2026-07-24,CM,BSE,STK,544562,INE1B0W01010,ADVANCE,B,,,,,Advance Agrolife Limited,111.00,111.00,108.00,110.95,110.95,109.90,,109.91,,,3974,435560.00,77,F1,1,,,,,
2026-07-24,2026-07-24,CM,BSE,STK,544563,INE1B3501014,ZELIO,MT,,,,,Zelio E Mobility Limited,795.45,795.45,795.45,795.45,795.45,811.65,,795.45,,,2500,1988625.00,5,F1,500,,,,,
2026-07-24,2026-07-24,CM,BSE,STK,544564,INE1BZC01019,OMFREIGHT,T,,,,,Om Freight Forwarders Limited,92.20,93.00,92.20,93.00,93.00,92.00,,92.98,,,340,31582.00,5,F1,1,,,,,
2026-07-24,2026-07-24,CM,BSE,STK,544566,INE10CM01027,SUNSKY,M,,,,,Sunsky Logistics Limited,39.50,39.98,39.50,39.93,39.93,39.50,,39.93,,,4500,179115.00,3,F1,1500,,,,,
2026-07-24,2026-07-24,CM,BSE,STK,544567,INE16XA01017,INFINITY,M,,,,,Infinity Infoway Limited,363.90,399.00,363.90,390.00,390.00,352.20,,390.00,,,5200,1970440.00,13,F1,400,,,,,
2026-07-24,2026-07-24,CM,BSE,STK,544568,INE0SUM01015,ZAPPFRESH,M,,,,,DSM Fresh Foods Limited,89.95,98.99,82.32,84.66,84.66,89.23,,84.66,,,405600,36523764.00,321,F1,1200,,,,,
2026-07-24,2026-07-24,CM,BSE,STK,544569,INE1TAE01010,TMCV,B,,,,,Tata Motors Limited,403.00,407.60,398.55,406.20,406.20,408.00,,406.15,,,385882,155453343.00,13077,F1,1,,,,,
2026-07-24,2026-07-24,CM,BSE,STK,544570,INE085001019,WEWORK,B,,,,,WeWork India Management Limite,699.45,719.10,684.25,713.30,719.10,700.45,,712.10,,,11271,7873042.00,553,F1,1,,,,,
2026-07-24,2026-07-24,CM,BSE,STK,544572,INE2J8701016,SKFINDUS,B,,,,,SKF INDIA (INDUSTRIAL) LIMITED,2753.75,2779.90,2723.30,2731.10,2744.00,2783.25,,2731.20,,,979,2684431.00,215,F1,1,,,,,
2026-07-24,2026-07-24,CM,BSE,STK,544574,INE976I01016,TATACAP,A,,,,,Tata Capital Limited,340.35,343.40,335.65,341.45,341.45,341.30,,341.90,,,534900,180790064.00,2481,F1,1,,,,,
2026-07-24,2026-07-24,CM,BSE,STK,544576,INE324D01010,LGEINDIA,B,,,,,LG Electronics India Limited,1505.10,1535.00,1505.10,1525.25,1525.25,1528.70,,1527.10,,,11457,17403684.00,1127,F1,1,,,,,
2026-07-24,2026-07-24,CM,BSE,STK,544577,INE196Y01018,WORTHPERI,B,,,,,Worth Peripherals Limited,167.00,167.00,141.50,143.65,143.65,139.80,,142.83,,,55,7819.00,10,F1,1,,,,,
2026-07-24,2026-07-24,CM,BSE,STK,544578,INE506V01022,RUBICON,B,,,,,RUBICON RESEARCH LIMITED,1516.15,1538.35,1490.35,1519.10,1522.00,1531.10,,1520.10,,,15585,23644201.00,1168,F1,1,,,,,
2026-07-24,2026-07-24,CM,BSE,STK,544579,INE1UA823019,ANANTAM,IF,,,,,Anantam Highways Trust,105.40,105.50,105.00,105.50,105.50,105.48,,105.42,,,418,44083.00,9,F1,1,,,,,
2026-07-24,2026-07-24,CM,BSE,STK,544580,INE218I01013,CRAMC,B,,,,,Canara Robeco Asset Management,263.15,264.30,256.85,260.10,260.00,266.05,,259.95,,,60718,15804102.00,1479,F1,1,,,,,
2026-07-24,2026-07-24,CM,BSE,STK,544581,INF740KA1WU9,FLEXIADD,B,,,,,DSP Mutual Fund,9.99,10.03,9.76,9.94,9.94,10.07,,9.92,,,2117,20943.00,38,F1,1,,,,,
2026-07-24,2026-07-24,CM,BSE,STK,544582,INE1EUB01016,SHLOKKA,MT,,,,,SHLOKKA DYES LIMITED,22.39,22.39,22.39,22.39,22.39,23.56,,22.39,,,4800,107472.00,4,F1,1200,,,,,
2026-07-24,2026-07-24,CM,BSE,STK,544583,INE01TY01017,CANHLIFE,B,,,,,Canara HSBC Life Insurance Com,149.55,151.05,147.05,147.35,147.80,153.50,,147.31,,,126797,18856398.00,1168,F1,1,,,,,
2026-07-24,2026-07-24,CM,BSE,STK,544584,INE13YH01017,SKM,MT,,,,,SK Minerals & Additives Limite,481.00,490.00,464.00,473.75,473.75,486.50,,473.75,,,9000,4266600.00,9,F1,1000,,,,,
2026-07-24,2026-07-24,CM,BSE,STK,544585,INE0SFA01011,SIHORA,M,,,,,SIHORA INDUSTRIES LIMITED,59.00,59.00,59.00,59.00,59.00,59.00,,59.00,,,8000,472000.00,3,F1,2000,,,,,
2026-07-24,2026-07-24,CM,BSE,STK,544586,INF0R8F01166,NIFTYCASE,B,,,,,Zerodha Mutual Fund,9.60,9.63,9.48,9.55,9.57,9.59,,9.54,,,107401,1021241.00,263,F1,1,,,,,
2026-07-24,2026-07-24,CM,BSE,STK,544587,INE0XAD01024,MIDWESTLTD,B,,,,,Midwest Limited,1203.90,1246.35,1203.90,1235.50,1230.00,1242.85,,1234.50,,,1014,1243191.00,137,F1,1,,,,,
2026-07-24,2026-07-24,CM,BSE,STK,544594,INE1GUJ01014,TRADEUNO,M,,,,,GAME CHANGERS TEXFAB LIMITED,95.00,95.75,94.00,95.75,95.75,97.00,,95.75,,,3600,341700.00,3,F1,1200,,,,,
2026-07-24,2026-07-24,CM,BSE,STK,544595,INE16NZ01023,ORKLAINDIA,B,,,,,Orkla India Limited,557.30,561.20,553.75,558.40,558.40,559.55,,556.80,,,1825,1015872.00,222,F1,1,,,,,
2026-07-24,2026-07-24,CM,BSE,STK,544596,INE0SVZ01015,SAFECURE,M,,,,,Safecure Services Limited,23.45,23.97,21.00,23.97,23.97,23.97,,23.97,,,14400,320424.00,12,F1,1200,,,,,
2026-07-24,2026-07-24,CM,BSE,STK,544597,INE202B01038,PIRAMALFIN,B,,,,,Piramal Finance Limited,2094.50,2099.10,2046.00,2086.40,2077.00,2105.45,,2085.40,,,8787,18149745.00,455,F1,1,,,,,
2026-07-24,2026-07-24,CM,BSE,STK,544598,INE648Z01023,ACCURACY,T,,,,,Accuracy Shipping Limited,5.15,5.15,4.85,4.95,4.86,5.10,,5.00,,,5902,28768.00,42,F1,1,,,,,
2026-07-24,2026-07-24,CM,BSE,STK,544599,INE00Q601028,STUDDS,B,,,,,Studds Accessories Limited,441.85,459.60,438.80,451.65,449.60,442.20,,450.65,,,4160,1868934.00,185,F1,1,,,,,
2026-07-24,2026-07-24,CM,BSE,STK,544600,INE956O01016,LENSKART,B,,,,,Lenskart Solutions Limited,547.25,559.70,545.00,555.80,557.45,557.60,,555.90,,,142492,79151612.00,7038,F1,1,,,,,
2026-07-24,2026-07-24,CM,BSE,STK,544601,INF2KCX01012,CHOICEGOLD,E,,,,,Choice Mutual Fund,140.73,140.73,140.73,140.73,140.73,143.74,,141.55,,,14,1970.00,1,F1,1,,,,,
2026-07-24,2026-07-24,CM,BSE,STK,544602,INE1YPB01014,AGL,B,,,,,Allcargo Global Limited,12.88,12.88,12.21,12.53,12.53,12.69,,12.58,,,157997,1968439.00,439,F1,1,,,,,
2026-07-24,2026-07-24,CM,BSE,STK,544603,INE0HOQ01053,GROWW,B,,,,,Billionbrains Garage Ventures,202.75,205.00,200.35,202.30,202.30,202.40,,202.15,,,778975,157721902.00,6466,F1,1,,,,,
2026-07-24,2026-07-24,CM,BSE,STK,544604,INF769K01PR2,ENERGY,B,,,,,Mirae Asset Mutual Fund,39.24,39.24,38.82,39.03,38.98,39.24,,39.06,,,25412,990131.00,158,F1,1,,,,,
2026-07-24,2026-07-24,CM,BSE,STK,544605,INF769K01PQ4,SMALL250,B,,,,,Mirae Asset Mutual Fund,17.36,17.68,17.36,17.67,17.67,17.71,,17.65,,,60999,1069718.00,168,F1,1,,,,,
2026-07-24,2026-07-24,CM,BSE,STK,544606,INE15B701018,PINELABS,B,,,,,Pine Labs Limited,146.05,147.40,142.80,145.80,145.80,147.50,,145.67,,,598237,86814084.00,3804,F1,1,,,,,
2026-07-24,2026-07-24,CM,BSE,STK,544607,INE0D8001018,SHTL,MT,,,,,SHINING TOOLS LIMITED,75.30,75.30,71.54,74.00,74.00,75.30,,74.00,,,6000,441228.00,5,F1,1200,,,,,
2026-07-24,2026-07-24,CM,BSE,STK,544608,INE1C6T01020,EMMVEE,B,,,,,Emmvee Photovoltaic Power Limi,318.95,332.00,314.30,330.70,330.70,319.65,,331.00,,,92799,30070645.00,1699,F1,1,,,,,
2026-07-24,2026-07-24,CM,BSE,STK,544609,INE0LP301011,PWL,B,,,,,Physicswallah Limited,132.10,133.00,124.90,128.70,128.70,133.40,,128.09,,,803650,102664083.00,9725,F1,1,,,,,
2026-07-24,2026-07-24,CM,BSE,STK,544610,INE1I1301016,WORKMATES,M,,,,,WORKMATES CORE2CLOUD SOLUTION,326.00,340.00,326.00,340.00,340.00,339.00,,340.00,,,7200,2379900.00,12,F1,600,,,,,
2026-07-24,2026-07-24,CM,BSE,STK,544611,INE0U9D01019,MAHALIFE,M,,,,,MAHAMAYA LIFESCIENCES LIMITED,165.65,169.00,162.65,166.00,166.00,165.65,,166.00,,,9600,1587960.00,8,F1,1200,,,,,
2026-07-24,2026-07-24,CM,BSE,STK,544612,INE19RI01016,TENNIND,B,,,,,Tenneco Clean Air India Limite,540.75,546.05,535.00,539.85,540.00,543.70,,539.95,,,17854,9651229.00,1017,F1,1,,,,,
2026-07-24,2026-07-24,CM,BSE,STK,544613,INE12UR01024,UTLSOLAR,B,,,,,Fujiyama Power Systems Limited,365.75,388.25,365.75,383.90,383.00,374.95,,383.80,,,25301,9638074.00,939,F1,1,,,,,
2026-07-24,2026-07-24,CM,BSE,STK,544614,INE0ILV01024,CAPILLARY,B,,,,,Capillary Technologies India L,477.55,477.80,471.00,475.20,475.00,477.20,,476.20,,,160211,76099962.00,101,F1,1,,,,,
2026-07-24,2026-07-24,CM,BSE,STK,544615,INE1SPP01016,KSR,B,,,,,KSR Footwear Limited,29.49,30.25,28.02,29.16,30.25,29.49,,29.46,,,622,18117.00,7,F1,1,,,,,
2026-07-24,2026-07-24,CM,BSE,STK,544617,INE606N01019,EXCELSOFT,B,,,,,Excelsoft Technologies Limited,74.00,74.79,73.09,74.41,74.41,74.50,,74.38,,,15255,1123089.00,158,F1,1,,,,,
2026-07-24,2026-07-24,CM,BSE,STK,544618,INF754K01VY8,ESENSEX,B,,,,,Edelweiss Mutual Fund,76.29,76.29,76.29,76.29,76.29,77.06,,76.72,,,39,2975.00,1,F1,1,,,,,
2026-07-24,2026-07-24,CM,BSE,STK,544619,INE0QPI01025,SUDEEPPHRM,B,,,,,Sudeep Pharma Limited,803.50,830.80,803.50,826.65,824.00,814.45,,825.15,,,5606,4584236.00,430,F1,1,,,,,
2026-07-24,2026-07-24,CM,BSE,STK,544621,INE1U2R01013,SSMD,M,,,,,SSMD AGROTECH INDIA LIMITED,59.74,59.82,59.74,59.82,59.82,59.82,,59.82,,,5000,298950.00,4,F1,1000,,,,,
2026-07-24,2026-07-24,CM,BSE,STK,544622,INE2KCE01013,KWIL,B,,,,,Kwality Walls (India) Limited,31.73,32.16,31.05,32.00,32.00,31.73,,32.00,,,296902,9408115.00,1226,F1,1,,,,,
2026-07-24,2026-07-24,CM,BSE,STK,544624,INE0EOJ01014,KKSILK,MT,,,,,K K SILK MILLS LIMITED,9.77,10.50,9.77,10.01,10.50,10.25,,10.01,,,9000,90120.00,3,F1,3000,,,,,
2026-07-24,2026-07-24,CM,BSE,STK,544625,INE1BA901016,LOGICIEL,MT,,,,,Logiciel Solutions Limited,30.75,30.75,30.75,30.75,30.75,32.00,,30.75,,,600,18450.00,1,F1,600,,,,,
2026-07-24,2026-07-24,CM,BSE,STK,544626,INE1E4401010,EXATO,MT,,,,,EXATO TECHNOLOGIES LIMITED,533.30,574.00,531.00,568.25,561.00,558.15,,568.25,,,23000,12613975.00,40,F1,500,,,,,
2026-07-24,2026-07-24,CM,BSE,STK,544627,INE0VDK01019,PURPLEWAVE,M,,,,,PURPLE WAVE INFOCOM LIMITED,117.00,131.80,117.00,129.80,130.00,127.15,,129.80,,,121000,15444550.00,46,F1,1000,,,,,
2026-07-24,2026-07-24,CM,BSE,STK,544628,INE0RUY01012,ASTRONMULT,MT,,,,,Astron Multigrain Limited,18.09,18.99,18.09,18.50,18.50,19.04,,18.50,,,18000,329940.00,7,F1,2000,,,,,
2026-07-24,2026-07-24,CM,BSE,STK,544629,INE0W4D01018,RAVEL,M,,,,,Ravelcare Limited,120.00,120.50,120.00,120.30,120.30,119.50,,120.30,,,4000,481050.00,4,F1,1000,,,,,
2026-07-24,2026-07-24,CM,BSE,STK,544631,INE985W01018,CNL,B,,,,,CREATIVE NEWTECH LIMITED,866.95,1056.65,866.95,987.95,987.95,880.55,,987.05,,,246777,240406452.00,7505,F1,1,,,,,
2026-07-24,2026-07-24,CM,BSE,STK,544632,INE0VDM01015,MEESHO,B,,,,,Meesho Limited,188.00,189.05,177.60,185.25,185.25,188.95,,185.24,,,988333,180453056.00,11822,F1,1,,,,,
2026-07-24,2026-07-24,CM,BSE,STK,544633,INE14UN01029,VIDYAWIRES,B,,,,,VIDYA WIRES LIMITED,88.99,89.79,86.81,88.68,88.94,88.04,,88.55,,,94907,8396454.00,874,F1,1,,,,,
2026-07-24,2026-07-24,CM,BSE,STK,544634,INE947N01017,AEQUS,B,,,,,Aequs Limited,220.65,230.45,220.00,229.05,229.05,221.55,,229.22,,,201996,45730614.00,2369,F1,1,,,,,
2026-07-24,2026-07-24,CM,BSE,STK,544635,INE1CJB01013,LUXURY,MT,,,,,Luxury Time Limited,73.00,73.00,69.82,72.98,72.98,73.49,,72.98,,,8000,568720.00,5,F1,1600,,,,,
2026-07-24,2026-07-24,CM,BSE,STK,544636,INE1MF401019,WOSAL,M,,,,,Western Overseas Study Abroad,19.80,20.00,19.80,19.80,19.80,20.25,,19.80,,,6000,119200.00,3,F1,2000,,,,,
2026-07-24,2026-07-24,CM,BSE,STK,544637,INE0QZR01017,METHODHUB,M,,,,,Methodhub Software Limited,76.91,78.80,76.00,76.00,76.00,80.00,,76.00,,,27600,2103330.00,43,F1,600,,,,,
2026-07-24,2026-07-24,CM,BSE,STK,544638,INF194KB1KJ7,GOLDBND,E,,,,,Bandhan Mutual Fund,145.48,149.80,141.00,142.68,142.40,145.48,,142.59,,,790,112455.00,578,F1,1,,,,,
2026-07-24,2026-07-24,CM,BSE,STK,544639,INF194KB1KI9,SILVERBND,E,,,,,Bandhan Mutual Fund,221.00,227.00,217.74,225.81,223.25,222.02,,222.28,,,539,119127.00,21,F1,1,,,,,
2026-07-24,2026-07-24,CM,BSE,STK,544641,INE1IE301018,KVTOYS,M,,,,,K. V. TOYS INDIA LIMITED,265.00,293.95,265.00,280.00,280.00,289.50,,280.00,,,19200,5387820.00,25,F1,600,,,,,
2026-07-24,2026-07-24,CM,BSE,STK,544642,INE0E7301029,WAKEFIT,B,,,,,Wakefit Innovations Limited,132.50,137.20,123.50,129.50,129.50,134.60,,129.70,,,1033174,135424331.00,5685,F1,1,,,,,
2026-07-24,2026-07-24,CM,BSE,STK,544644,INE02ZQ01018,CORONA,B,,,,,Corona Remedies Limited,2035.45,2123.50,2035.45,2114.10,2095.00,2027.40,,2113.10,,,3940,8249863.00,443,F1,1,,,,,
2026-07-24,2026-07-24,CM,BSE,STK,544645,INE119201023,PARKHOSPS,B,,,,,PARK MEDI WORLD LIMITED,280.05,282.80,276.30,279.55,279.55,283.80,,280.20,,,20286,5662716.00,546,F1,1,,,,,
2026-07-24,2026-07-24,CM,BSE,STK,544646,INE0O9L01010,SHIPWAVES,M,,,,,Shipwaves Online Limited,3.42,3.42,3.20,3.28,3.28,3.16,,3.28,,,70000,228500.00,7,F1,10000,,,,,
2026-07-24,2026-07-24,CM,BSE,STK,544647,INE428V01029,NEPHROPLUS,B,,,,,Nephrocare Health Services Lim,678.50,686.00,670.65,673.45,673.45,678.05,,673.15,,,12741,8622827.00,702,F1,1,,,,,
2026-07-24,2026-07-24,CM,BSE,STK,544654,INF740KA1WX3,SMALLADD,B,,,,,DSP Mutual Fund,17.69,17.69,17.69,17.69,17.69,17.69,,17.67,,,60,1061.00,1,F1,1,,,,,
2026-07-24,2026-07-24,CM,BSE,STK,544656,INE1E1V01017,HRS,M,,,,,HRS ALUGLAZE LIMITED,249.00,249.00,248.90,248.90,248.90,249.95,,248.90,,,2000,497900.00,5,F1,400,,,,,
2026-07-24,2026-07-24,CM,BSE,STK,544657,INE14LM01012,PAJSON,M,,,,,Pajson Agro India Limited,180.50,185.00,180.00,180.00,180.00,180.50,,180.00,,,3000,546600.00,5,F1,600,,,,,
2026-07-24,2026-07-24,CM,BSE,STK,544658,INE346A01027,ICICIAMC,A,,,,,ICICI Prudential Asset Managem,3108.00,3130.20,3091.45,3125.90,3120.00,3131.15,,3125.60,,,3349,10422557.00,397,F1,1,,,,,
2026-07-24,2026-07-24,CM,BSE,STK,544660,INF769K01PZ5,TOP20,B,,,,,Mirae Asset Mutual Fund,8.71,8.74,8.65,8.73,8.73,8.77,,8.73,,,10844,94198.00,32,F1,1,,,,,
2026-07-24,2026-07-24,CM,BSE,STK,544661,INF769K01PY8,DIVIDEND,B,,,,,Mirae Asset Mutual Fund,34.99,35.10,34.65,35.10,35.10,35.11,,35.10,,,24703,861512.00,21,F1,1,,,,,
2026-07-24,2026-07-24,CM,BSE,STK,544662,INE0VI201010,SIMANDHAR,X,,,,,SIMANDHAR IMPEX LIMITED,144.55,157.90,144.55,146.20,157.90,144.55,,146.20,,,18,2615.00,3,F1,1,,,,,
2026-07-24,2026-07-24,CM,BSE,STK,544663,INE1NQ501012,NEPLOG,MT,,,,,NEPTUNE LOGITEK LIMITED,36.45,36.50,36.45,36.50,36.50,36.50,,36.50,,,3000,109450.00,3,F1,1000,,,,,
2026-07-24,2026-07-24,CM,BSE,STK,544664,INE987S01020,KSHINTL,B,,,,,KSH INTERNATIONAL LIMITED,863.55,894.00,854.00,885.70,891.00,867.50,,888.15,,,16878,14738562.00,733,F1,1,,,,,
2026-07-24,2026-07-24,CM,BSE,STK,544666,INE0V0W01025,GKSL,B,,,,,GUJARAT KIDNEY AND SUPER SPECI,127.80,129.20,127.00,128.25,128.50,127.25,,128.20,,,9996,1276096.00,362,F1,1,,,,,
2026-07-24,2026-07-24,CM,BSE,STK,544667,INE1F9M01018,DACHEPALLI,MT,,,,,Dachepalli Publishers Limited,81.29,85.80,81.29,81.60,81.60,85.56,,81.60,,,43200,3625728.00,20,F1,1200,,,,,
2026-07-24,2026-07-24,CM,BSE,STK,544668,INE0YJA01011,NANTA,MT,,,,,NANTA TECH LIMITED,469.05,511.95,467.60,489.80,511.95,492.20,,489.80,,,15600,7322280.00,26,F1,600,,,,,
2026-07-24,2026-07-24,CM,BSE,STK,544669,INE0XLO01010,ADMACH,MT,,,,,ADMACH SYSTEMS LIMITED,393.00,395.00,386.65,386.65,386.65,407.00,,386.65,,,11400,4432140.00,16,F1,600,,,,,
2026-07-24,2026-07-24,CM,BSE,STK,544670,INE1IJQ01026,BAIKAKAJI,M,,,,,BAI-KAKAJI POLYMERS LIMITED,181.60,190.00,181.60,189.05,189.05,185.00,,189.05,,,5400,1006350.00,8,F1,600,,,,,
2026-07-24,2026-07-24,CM,BSE,STK,544671,INE0X4A01013,ATIL,M,,,,,APOLLO TECHNO INDUSTRIES LIMIT,83.00,83.70,83.00,83.70,83.70,83.73,,83.70,,,4000,332700.00,4,F1,1000,,,,,
2026-07-24,2026-07-24,CM,BSE,STK,544672,INF2F0001370,TWCGOLDETF,E,,,,,The Wealth Company Mutual Fund,143.81,143.81,143.81,143.81,143.81,143.81,,142.45,,,1,143.00,1,F1,1,,,,,
2026-07-24,2026-07-24,CM,BSE,STK,544673,INE1HK501016,MDRC,M,,,,,MODERN DIAGNOSTIC & RESEARCH C,52.00,52.00,52.00,52.00,52.00,51.00,,52.00,,,1600,83200.00,1,F1,1600,,,,,
2026-07-24,2026-07-24,CM,BSE,STK,544674,INF740KA1XU7,NEXT50ADD,B,,,,,DSP Mutual Fund,71.58,72.42,71.58,71.86,71.86,72.70,,72.24,,,51,3664.00,4,F1,1,,,,,
2026-07-24,2026-07-24,CM,BSE,STK,544675,INE1H1501013,GTIL,M,,,,,Gabion Technologies India Limi,84.00,84.00,83.50,83.50,83.50,83.44,,83.50,,,6400,536000.00,4,F1,1600,,,,,
2026-07-24,2026-07-24,CM,BSE,STK,544676,INE0CNJ01010,YAJUR,MT,,,,,YAJUR FIBRES LIMITED,35.70,37.39,35.70,37.39,37.39,36.65,,37.39,,,4800,175424.00,6,F1,800,,,,,
2026-07-24,2026-07-24,CM,BSE,STK,544678,INE05XR01022,BHARATCOAL,B,,,,,BHARAT COKING COAL LIMITED,34.37,35.25,34.05,34.95,34.95,34.82,,34.99,,,471211,16256446.00,1304,F1,1,,,,,
2026-07-24,2026-07-24,CM,BSE,STK,544679,INE121R01077,AMAGI,B,,,,,Amagi Media Labs Limited,646.30,653.40,604.80,607.85,607.85,655.25,,609.05,,,33638,20895590.00,1789,F1,1,,,,,
2026-07-24,2026-07-24,CM,BSE,STK,544681,INE0WKY01013,INDOSMC,MT,,,,,INDO SMC Limited,446.80,448.60,427.30,448.60,448.60,427.25,,448.60,,,105000,46563750.00,82,F1,1000,,,,,
2026-07-24,2026-07-24,CM,BSE,STK,544682,INE0U8P01015,GRERENEW,MT,,,,,GRE Renew Enertech Limited,193.45,193.45,184.30,184.30,184.30,194.00,,184.30,,,22800,4214760.00,19,F1,1200,,,,,
2026-07-24,2026-07-24,CM,BSE,STK,544683,INE1D8001016,ARITAS,MT,,,,,Aritas Vinyl Limited,12.50,12.50,12.50,12.50,12.50,13.11,,12.50,,,9000,112500.00,2,F1,3000,,,,,
2026-07-24,2026-07-24,CM,BSE,STK,544684,INE1OOT01028,DIGILOGIC,M,,,,,DIGILOGIC SYSTEMS LIMITED,118.00,121.50,116.65,119.10,119.00,119.35,,119.10,,,56400,6708180.00,37,F1,1200,,,,,
2026-07-24,2026-07-24,CM,BSE,STK,544685,INE12UN01015,SHADOWFAX,B,,,,,SHADOWFAX TECHNOLOGIES LIMITED,208.25,217.20,203.85,214.35,214.35,218.55,,214.47,,,17621302,3650994986.00,80239,F1,1,,,,,
2026-07-24,2026-07-24,CM,BSE,STK,544686,INE0UCL01011,SHAYONAENG,M,,,,,SHAYONA ENGINEERING LIMITED,136.00,136.00,135.00,135.50,135.00,140.00,,135.50,,,2000,271000.00,2,F1,1000,,,,,
2026-07-24,2026-07-24,CM,BSE,STK,544687,INE0JVH01012,HANNAH,MT,,,,,Hannah Joseph Hospital Limited,110.00,110.00,108.10,109.95,109.95,108.00,,109.95,,,14000,1529300.00,7,F1,2000,,,,,
2026-07-24,2026-07-24,CM,BSE,STK,544688,INE0T1301023,KASTURI,M,,,,,KASTURI METAL COMPOSITE LIMITE,53.99,53.99,53.70,53.85,53.70,52.65,,53.85,,,4000,215380.00,2,F1,2000,,,,,
2026-07-24,2026-07-24,CM,BSE,STK,544693,INE163401016,KANISHK,MT,,,,,KANISHK ALUMINIUM INDIA LIMITE,28.25,28.25,28.25,28.25,28.25,27.34,,28.25,,,1600,45200.00,1,F1,1600,,,,,
2026-07-24,2026-07-24,CM,BSE,STK,544695,INE2B5L01011,MSAFE,MT,,,,,Msafe Equipments Limited,174.00,181.95,172.00,181.95,181.95,173.30,,181.95,,,39000,6909950.00,32,F1,1000,,,,,
2026-07-24,2026-07-24,CM,BSE,STK,544699,INE501X01029,AYE,B,,,,,Aye Finance Limited,171.15,175.00,164.95,171.90,171.80,170.65,,172.03,,,87469,14865547.00,979,F1,1,,,,,
2026-07-24,2026-07-24,CM,BSE,STK,544700,INE212S01015,FRACTAL,B,,,,,Fractal Analytics Limited,825.95,844.90,780.00,787.20,787.20,862.15,,786.75,,,103530,83825229.00,6623,F1,1,,,,,
2026-07-24,2026-07-24,CM,BSE,STK,544701,INF769K01QA6,HEALTHCARE,B,,,,,Mirae Asset Mutual Fund,21.04,21.04,20.86,21.01,21.01,21.05,,20.96,,,7115,148706.00,10,F1,1,,,,,
2026-07-24,2026-07-24,CM,BSE,STK,544702,INE0OU201013,DCMSIL,T,,,,,DCM SHRIRAM INTERNATIONAL LIMI,80.23,80.23,80.23,80.23,80.23,81.86,,80.23,,,3595,288426.00,11,F1,1,,,,,
2026-07-24,2026-07-24,CM,BSE,STK,544703,INE0OFM01015,DSFCL,T,,,,,DCM SHRIRAM FINE CHEMICALS LIM,27.44,27.50,27.44,27.44,27.44,28.00,,27.44,,,27252,749204.00,19,F1,1,,,,,
2026-07-24,2026-07-24,CM,BSE,STK,544704,INF769K01QB4,INFRA,B,,,,,Mirae Asset Mutual Fund,12.05,12.05,11.95,12.05,12.05,12.12,,12.05,,,7007,84343.00,24,F1,1,,,,,
2026-07-24,2026-07-24,CM,BSE,STK,544705,INF769K01QC2,DEFENCE,B,,,,,Mirae Asset Mutual Fund,77.33,78.09,77.10,77.91,78.04,78.12,,77.93,,,48973,3814566.00,75,F1,1,,,,,
2026-07-24,2026-07-24,CM,BSE,STK,544708,INE1O6P01016,YASHHTEJ,MT,,,,,Yashhtej Industries (India) Li,50.35,53.00,50.35,52.99,53.00,50.97,,52.99,,,34800,1835568.00,29,F1,1200,,,,,
2026-07-24,2026-07-24,CM,BSE,STK,544709,INE0P8B01020,GAUDIUMIVF,T,,,,,Gaudium IVF and Women Health L,151.45,151.45,151.45,151.45,151.45,154.50,,151.45,,,6574,995632.00,89,F1,1,,,,,
2026-07-24,2026-07-24,CM,BSE,STK,544710,INE132201018,ACCORDTS,M,,,,,ACCORD TRANSFORMER & SWITCHGEA,52.58,52.98,51.51,52.21,52.82,51.60,,52.21,,,24000,1252230.00,8,F1,3000,,,,,
2026-07-24,2026-07-24,CM,BSE,STK,544711,INE1C3F01018,KIAASA,M,,,,,KIAASA RETAIL LIMITED,35.50,35.50,34.50,34.50,34.50,35.50,,34.50,,,5000,175000.00,4,F1,1000,,,,,
2026-07-24,2026-07-24,CM,BSE,STK,544716,INE19GK01015,SRTL,B,,,,,SHREE RAM TWISTEX LIMITED,40.50,40.86,39.82,40.53,40.53,40.45,,40.29,,,1495,60332.00,30,F1,1,,,,,
2026-07-24,2026-07-24,CM,BSE,STK,544717,INE647U01026,CLEANMAX,B,,,,,Clean Max Enviro Energy Soluti,1427.50,1470.00,1389.85,1450.95,1428.00,1423.20,,1456.70,,,7670,10960498.00,658,F1,1,,,,,
2026-07-24,2026-07-24,CM,BSE,STK,544718,INE1RDG01013,PNGSREVA,B,,,,,PNGS Reva Diamond Jewellery Li,393.00,410.00,393.00,405.25,404.70,410.75,,405.90,,,8406,3377231.00,297,F1,1,,,,,
2026-07-24,2026-07-24,CM,BSE,STK,544719,INF209KC1670,ABSL10BANK,B,,,,,Aditya Birla Sun Life Mutual F,168.12,169.23,167.87,167.87,167.87,172.99,,168.46,,,651,109639.00,5,F1,1,,,,,
2026-07-24,2026-07-24,CM,BSE,STK,544720,INE0UH301010,OMNI,B,,,,,Omnitech Engineering Limited,581.90,628.15,581.90,610.00,610.00,591.85,,611.90,,,73575,44704980.00,2964,F1,1,,,,,
2026-07-24,2026-07-24,CM,BSE,STK,544721,INF666M01OD9,GROWWHOSPI,B,,,,,Groww Mutual Fund,52.80,53.91,52.50,53.50,53.50,53.57,,53.52,,,20871,1110339.00,233,F1,1,,,,,
2026-07-24,2026-07-24,CM,BSE,STK,544722,INF200KB1AJ0,SBIMIDMOM,B,,,,,SBI Mutual Fund,61.79,62.15,61.00,61.12,61.12,61.54,,61.35,,,498,30432.00,20,F1,1,,,,,
2026-07-24,2026-07-24,CM,BSE,STK,544723,INE00XB01019,SEDEMAC,B,,,,,SEDEMAC MECHATRONICS LIMITED,2739.00,2788.00,2672.55,2687.60,2687.60,2750.80,,2689.20,,,5246,14335279.00,678,F1,1,,,,,
2026-07-24,2026-07-24,CM,BSE,STK,544724,INE1FEW01013,ELFIN,MT,,,,,Elfin Agro India Limited,79.50,79.50,79.50,79.50,79.50,79.50,,79.50,,,3000,238500.00,1,F1,3000,,,,,
2026-07-24,2026-07-24,CM,BSE,STK,544725,INF740KA1YH2,BANK10ADD,B,,,,,DSP Mutual Fund,16.78,16.89,16.76,16.83,16.83,16.77,,16.83,,,3332,56054.00,15,F1,1,,,,,
2026-07-24,2026-07-24,CM,BSE,STK,544726,INE0J0B01017,KOTYARK,T,,,,,Kotyark Industries Limited,32.50,33.59,31.89,32.00,32.00,33.03,,31.82,,,8361,271301.00,44,F1,1,,,,,
2026-07-24,2026-07-24,CM,BSE,STK,544731,INE313L01016,RSL,B,,,,,RAJPUTANA STAINLESS LIMITED,130.00,137.00,130.00,133.10,134.10,134.25,,132.74,,,16402,2168978.00,393,F1,1,,,,,
2026-07-24,2026-07-24,CM,BSE,STK,544732,INE0ADB01012,INNOVISION,B,,,,,Innovision Limited,293.00,293.00,280.45,285.20,285.05,285.25,,285.30,,,801,226907.00,116,F1,1,,,,,
2026-07-24,2026-07-24,CM,BSE,STK,544733,INE713R01022,GSPCROP,B,,,,,GSP CROP SCIENCE LIMITED,549.50,556.95,524.85,530.10,530.10,546.70,,530.50,,,40557,21703030.00,991,F1,1,,,,,
2026-07-24,2026-07-24,CM,BSE,STK,544734,INE2PB023011,RIIT,IF,,,,,Raajmarg Infra Investment Trus,116.50,117.00,115.00,116.03,115.75,116.23,,115.66,,,18438,2138058.00,195,F1,1,,,,,
2026-07-24,2026-07-24,CM,BSE,STK,544735,INE1TFS01019,NOVUS,M,,,,,Novus Loyalty Limited,127.00,127.00,127.00,127.00,127.00,127.00,,127.00,,,14000,1778000.00,13,F1,1000,,,,,
2026-07-24,2026-07-24,CM,BSE,STK,544736,INF336L01RX2,HSBCGOLD,E,,,,,HSBC Mutual Fund,126.50,126.80,122.00,124.00,124.00,124.02,,124.06,,,566,70485.00,42,F1,1,,,,,
2026-07-24,2026-07-24,CM,BSE,STK,544737,INF769K01QV2,VALUE,B,,,,,Mirae Asset Mutual Fund,16.01,16.01,15.83,16.00,16.00,15.99,,15.99,,,1394,22229.00,8,F1,1,,,,,
2026-07-24,2026-07-24,CM,BSE,STK,544739,INE05HV01027,CMPDI,B,,,,,Central Mine Planning & Design,252.95,254.90,245.90,249.10,249.10,253.15,,248.47,,,173712,43429774.00,2259,F1,1,,,,,
2026-07-24,2026-07-24,CM,BSE,STK,544740,INE1U6D01014,TIPCO,MT,,,,,Tipco Engineering India Limite,177.20,182.20,176.05,180.05,180.05,184.10,,180.05,,,56000,9996160.00,27,F1,1600,,,,,
2026-07-24,2026-07-24,CM,BSE,STK,544741,INE1KI801019,HIGHNESS,MT,,,,,Highness Microelectronics Limi,163.00,174.50,161.00,174.50,174.50,169.00,,174.50,,,12000,1998000.00,10,F1,1200,,,,,
2026-07-24,2026-07-24,CM,BSE,STK,544742,INE0H9F01037,SAIPARENT,B,,,,,Sai Parenteral's Limited,535.10,544.65,529.00,538.05,539.95,539.90,,535.70,,,8581,4588365.00,336,F1,1,,,,,
2026-07-24,2026-07-24,CM,BSE,STK,544743,INE05TO01019,AEROPLANE,B,,,,,Amir Chand Jagdish Kumar (Expo,186.90,190.10,182.10,185.85,185.85,188.90,,187.83,,,13248,2445488.00,296,F1,1,,,,,
2026-07-24,2026-07-24,CM,BSE,STK,544744,INE921L01032,POWERICA,B,,,,,Powerica Ltd.,547.85,574.00,547.85,567.55,567.55,553.40,,568.05,,,42213,23639832.00,1894,F1,1,,,,,
2026-07-24,2026-07-24,CM,BSE,STK,544745,INF200KB1AK8,SBINMID150,B,,,,,SBI Mutual Fund,22.75,23.25,22.50,22.66,22.66,22.85,,22.80,,,1252,28941.00,22,F1,1,,,,,
2026-07-24,2026-07-24,CM,BSE,STK,544746,INE0UMH01018,SCDL,M,,,,,SAFETY CONTROLS & DEVICES LIMI,68.75,69.40,65.99,69.40,69.40,68.75,,69.40,,,12800,869360.00,8,F1,1600,,,,,
2026-07-24,2026-07-24,CM,BSE,STK,544747,INE1OSW01015,EMIAC,M,,,,,EMIAC TECHNOLOGIES LIMITED,93.10,95.00,93.10,94.70,94.70,93.05,,94.70,,,27600,2580840.00,18,F1,1200,,,,,
2026-07-24,2026-07-24,CM,BSE,STK,544748,INE840Y01029,ONEPOINT,B,,,,,ONE POINT ONE SOLUTIONS LIMITE,53.58,54.50,53.12,53.72,54.20,54.25,,53.95,,,29304,1583910.00,193,F1,1,,,,,
2026-07-24,2026-07-24,CM,BSE,STK,544750,INE25E901019,OMPOWER,B,,,,,OM POWER TRANSMISSION LIMITED,168.90,169.50,165.15,169.30,169.00,165.55,,169.20,,,10021,1676885.00,225,F1,1,,,,,
2026-07-24,2026-07-24,CM,BSE,STK,544751,INE1K0V01011,MTL,M,,,,,MEHUL TELECOM LIMITED,85.11,94.00,85.11,93.99,94.00,91.00,,93.99,,,4800,440508.00,3,F1,1200,,,,,
2026-07-24,2026-07-24,CM,BSE,STK,544752,INE19RO25039,PSCELESTIA,IF,,,,,PropShare Celestia,1018500.00,1018500.00,1018450.00,1018500.00,1018500.00,1017000.00,,1018500.00,,,7,7129449.00,7,F1,1,,,,,
2026-07-24,2026-07-24,CM,BSE,STK,544753,INE2Q7823014,CITIUSINVT,IF,,,,,Citius TransNet Investment Tru,108.50,109.95,108.38,108.55,108.55,109.60,,108.48,,,266,28987.00,22,F1,1,,,,,
2026-07-24,2026-07-24,CM,BSE,STK,544754,INE12F801023,KISSHT,B,,,,,OnEMI Technology Solutions Lim,343.10,350.15,334.20,340.45,340.25,345.55,,340.15,,,105426,35997387.00,2075,F1,1,,,,,
2026-07-24,2026-07-24,CM,BSE,STK,544755,INE2B6701015,RECODE,M,,,,,RECODE STUDIOS LIMITED,216.50,225.90,216.50,218.70,218.15,223.95,,218.70,,,15200,3342720.00,19,F1,800,,,,,
2026-07-24,2026-07-24,CM,BSE,STK,544756,INE368U01029,UNITEDPOLY,T,,,,,United Polyfab Gujarat Limited,29.45,29.48,28.20,29.48,29.48,28.08,,30.12,,,2344,66815.00,15,F1,1,,,,,
2026-07-24,2026-07-24,CM,BSE,STK,544757,INE032Z01020,BSHSL,T,,,,,BOMBAY SUPER HYBRID SEEDS LIMI,88.80,88.80,84.44,86.84,86.90,88.88,,86.97,,,361,30839.00,22,F1,1,,,,,
2026-07-24,2026-07-24,CM,BSE,STK,544758,INE2OVN25015,BAGMANE,IF,,,,,Bagmane Prime Office REIT,104.99,104.99,104.31,104.53,104.55,104.60,,104.63,,,1862,194848.00,172,F1,1,,,,,
2026-07-24,2026-07-24,CM,BSE,STK,544759,INE1CLW01015,GLPL,M,,,,,GOLDLINE PHARMACEUTICAL LIMITE,40.98,40.98,38.13,38.13,38.13,39.99,,38.13,,,15000,600270.00,4,F1,3000,,,,,
2026-07-24,2026-07-24,CM,BSE,STK,544760,INF740KA1ZA4,FMCGADD,B,,,,,DSP Mutual Fund,49.58,49.58,49.01,49.51,49.51,49.44,,49.25,,,143,7075.00,5,F1,1,,,,,
2026-07-24,2026-07-24,CM,BSE,STK,544762,INF200KB1AX1,SBIVALETF,B,,,,,SBI Mutual Fund,14.81,14.84,14.73,14.84,14.84,14.82,,14.84,,,444,6565.00,7,F1,1,,,,,
2026-07-24,2026-07-24,CM,BSE,STK,544763,INF200KB1AY9,SBISMLETF,B,,,,,SBI Mutual Fund,17.45,17.69,17.45,17.69,17.69,17.72,,17.67,,,12653,221467.00,36,F1,1,,,,,
2026-07-24,2026-07-24,CM,BSE,STK,544764,INE0JYY01029,MWL,B,,,,,Mangalam Worldwide Limited,35.75,36.20,34.50,35.95,36.00,35.75,,36.00,,,6725,235613.00,51,F1,1,,,,,
2026-07-24,2026-07-24,CM,BSE,STK,544765,INE1L3801017,VPAL,M,,,,,Vegorama Punjabi Angithi Limit,165.00,174.50,165.00,173.70,174.50,163.60,,173.70,,,94400,16087120.00,48,F1,1600,,,,,
2026-07-24,2026-07-24,CM,BSE,STK,544766,INF579M01BP5,MSCI360,B,,,,,360 ONE Mutual Fund,10.29,10.29,9.95,9.97,9.97,10.04,,9.99,,,106,1057.00,8,F1,1,,,,,
2026-07-24,2026-07-24,CM,BSE,STK,544767,INE18HI01019,AFLTD,M,,,,,Autofurnish Limited,59.00,59.00,58.88,58.88,58.88,55.05,,58.88,,,9000,530580.00,3,F1,3000,,,,,
2026-07-24,2026-07-24,CM,BSE,STK,544769,INE1UYW01010,HARIKANTA,M,,,,,HARIKANTA OVERSEAS LIMITED,77.99,77.99,74.49,74.49,74.49,75.38,,74.49,,,6000,456264.00,5,F1,1200,,,,,
2026-07-24,2026-07-24,CM,BSE,STK,544770,INE1T6L01010,YAASHVI,M,,,,,YAASHVI JEWELLERS LIMITED,67.50,72.90,67.00,72.00,72.00,70.35,,72.00,,,59200,4133440.00,24,F1,1600,,,,,
2026-07-24,2026-07-24,CM,BSE,STK,544771,INE1GM501015,RFIL,M,,,,,Rajnandini Fashion India Limit,34.12,34.12,34.12,34.12,34.12,34.12,,34.12,,,2000,68240.00,1,F1,2000,,,,,
2026-07-24,2026-07-24,CM,BSE,STK,544772,INE1KVL01010,AUREATE,M,,,,,AUREATE TRADDE LIMITED,30.75,30.75,30.75,30.75,30.75,32.36,,30.75,,,6000,184500.00,3,F1,2000,,,,,
2026-07-24,2026-07-24,CM,BSE,STK,544773,INE1RQS01010,MRTX,M,,,,,Merritronix Limited,357.90,375.00,351.35,365.65,365.65,358.50,,365.65,,,80000,28975350.00,77,F1,1000,,,,,
2026-07-24,2026-07-24,CM,BSE,STK,544774,INE11XK01017,SMR,M,,,,,SMR Jewels Limited,89.00,89.00,89.00,89.00,89.00,87.00,,89.00,,,2000,178000.00,2,F1,1000,,,,,
2026-07-24,2026-07-24,CM,BSE,STK,544777,INE00WV01027,CMRGREEN,B,,,,,CMR Green Technologies Limited,216.00,218.60,213.45,218.15,218.25,217.15,,218.05,,,26031,5620316.00,511,F1,1,,,,,
2026-07-24,2026-07-24,CM,BSE,STK,544778,INE0H3U01013,VAHH,M,,,,,Vahh Chemicals Limited,52.55,52.60,52.00,52.42,52.20,52.55,,52.42,,,20000,1047200.00,9,F1,2000,,,,,
2026-07-24,2026-07-24,CM,BSE,STK,544779,INE0YZ901011,UHMVL,M,,,,,UHM Vacation Limited,35.89,35.89,33.56,34.79,35.00,34.90,,34.79,,,24000,822568.00,30,F1,800,,,,,
2026-07-24,2026-07-24,CM,BSE,STK,544780,INE1CDF01017,VAML,B,,,,,Vedanta Aluminium Metal Limite,433.35,439.70,427.30,435.65,435.65,435.05,,435.60,,,249069,108422053.00,11270,F1,1,,,,,
2026-07-24,2026-07-24,CM,BSE,STK,544781,INE694L01019,VEDPOWER,B,,,,,Vedanta Power Limited,34.28,35.38,33.93,35.02,35.02,34.72,,35.01,,,2602134,90125677.00,9719,F1,1,,,,,
2026-07-24,2026-07-24,CM,BSE,STK,544782,INE704J01044,VOGL,B,,,,,Vedanta Oil and Gas Limited,32.46,34.49,32.11,34.17,34.17,32.79,,34.22,,,5298916,176817708.00,12142,F1,1,,,,,
2026-07-24,2026-07-24,CM,BSE,STK,544783,INE255Z01027,E2E,B,,,,,E2E Networks Limited,516.00,516.95,491.75,516.95,516.95,492.35,,516.75,,,1999739,1030325867.00,8343,F1,1,,,,,
2026-07-24,2026-07-24,CM,BSE,STK,544784,INE1CLE01013,VISL,B,,,,,Vedanta Iron and Steel Limited,30.99,31.25,30.21,30.36,30.36,31.10,,30.35,,,3183901,97516861.00,9832,F1,1,,,,,
2026-07-24,2026-07-24,CM,BSE,STK,544785,INE0JUI01012,HEXAGON,T,,,,,Hexagon Nutrition Limited,63.94,67.43,61.05,65.50,65.50,64.26,,65.51,,,303611,18961806.00,770,F1,1,,,,,
2026-07-24,2026-07-24,CM,BSE,STK,544786,INE155D01018,SELECTRIC,B,,,,,Schneider Electric President S,2578.05,2578.05,2332.55,2356.25,2356.25,2455.30,,2356.25,,,85100,212097794.00,2614,F1,1,,,,,
2026-07-24,2026-07-24,CM,BSE,STK,544793,INE2L0V01019,SUSAN,M,,,,,Susan Electricals India Limite,231.10,232.50,222.00,229.00,228.00,232.65,,229.00,,,178000,40467150.00,171,F1,1000,,,,,
2026-07-24,2026-07-24,CM,BSE,STK,544794,INE1SEO01013,HORIZON,M,,,,,HORIZON RECLAIM (INDIA) LIMITE,142.00,145.50,138.05,144.30,144.30,143.65,,144.30,,,39600,5630820.00,32,F1,1200,,,,,
2026-07-24,2026-07-24,CM,BSE,STK,544795,INF109K1A476,SMALLIETF,B,,,,,ICICI Prudential Mutual Fund,17.60,17.65,17.47,17.63,17.64,17.71,,18.11,,,5215,91669.00,16,F1,1,,,,,
2026-07-24,2026-07-24,CM,BSE,STK,544796,INE0TKX01011,LIOTECH,M,,,,,LIOTECH INDUSTRIES LIMITED,96.70,99.00,95.10,96.50,96.50,100.10,,96.50,,,21600,2063220.00,49,F1,400,,,,,
2026-07-24,2026-07-24,CM,BSE,STK,544797,INE0X6O01027,LESL,M,,,,,LEAPFROG ENGINEERING SERVICES,22.00,22.40,21.50,22.23,22.23,22.24,,22.23,,,90000,1982820.00,13,F1,6000,,,,,
2026-07-24,2026-07-24,CM,BSE,STK,544799,INE0OC301013,TURTLEMINT,B,,,,,Turtlemint Fintech Solutions L,122.80,130.70,122.80,130.15,129.00,127.20,,130.07,,,216059,27360559.00,2699,F1,1,,,,,
2026-07-24,2026-07-24,CM,BSE,STK,544800,INE1O7201010,ANUBHAV,M,,,,,ANUBHAV PLAST LIMITED,50.90,54.00,50.90,51.15,51.15,51.00,,51.15,,,67200,3582240.00,14,F1,1600,,,,,
2026-07-24,2026-07-24,CM,BSE,STK,544802,INE0LZF01013,CORDELIA,B,,,,,Waterways Leisure Tourism Limi,828.70,828.70,802.20,806.40,806.40,829.20,,806.40,,,33287,26995307.00,1369,F1,1,,,,,
2026-07-24,2026-07-24,CM,BSE,STK,544803,INE1SJO01012,RAMBHAJO,B,,,,,Advit Jewels Limited,200.05,204.55,192.65,194.00,194.00,203.00,,194.06,,,49739,9798264.00,839,F1,1,,,,,
2026-07-24,2026-07-24,CM,BSE,STK,544804,INE0KYI01012,RIYAASAT,M,,,,,Riyaasat Lifestyle Limited,55.05,55.10,55.05,55.10,55.10,58.70,,55.10,,,2400,132180.00,2,F1,1200,,,,,
2026-07-24,2026-07-24,CM,BSE,STK,544805,INE0V3T01017,JIVIAL,M,,,,,Jivial Industries Limited,75.00,79.65,75.00,78.55,79.65,79.65,,78.55,,,4200,327750.00,5,F1,600,,,,,
2026-07-24,2026-07-24,CM,BSE,STK,544806,INE0ZK601013,CSM,B,,,,,CSM TECHNOLOGIES LIMITED,99.85,101.80,95.10,99.55,99.20,97.15,,99.61,,,56692,5587427.00,801,F1,1,,,,,
2026-07-24,2026-07-24,CM,BSE,STK,544807,INE0RBX01014,CRAZY,M,,,,,CRAZY SNACKS LIMITED,53.51,54.51,53.01,53.01,53.01,56.98,,53.01,,,12000,646590.00,4,F1,3000,,,,,
2026-07-24,2026-07-24,CM,BSE,STK,544808,INE2FMX01012,AASTHA,B,,,,,AASTHA SPINTEX LIMITED,102.10,106.00,102.00,102.70,102.70,103.30,,102.62,,,806354,83259502.00,5518,F1,1,,,,,
2026-07-24,2026-07-24,CM,BSE,STK,544809,INE1SME01017,ADON,M,,,,,ADON AGRO COMMODITIES LIMITED,85.03,89.99,83.04,86.99,86.99,85.56,,86.99,,,246000,21318860.00,75,F1,2000,,,,,
2026-07-24,2026-07-24,CM,BSE,STK,544810,INE147701010,SILL,M,,,,,Sampark India Logistics Limite,74.00,93.00,74.00,92.83,93.00,90.00,,92.83,,,17600,1551600.00,6,F1,1600,,,,,
2026-07-24,2026-07-24,CM,BSE,STK,544811,INE1L0M01019,KRATIKAL,M,,,,,KRATIKAL TECH LIMITED,160.25,169.00,160.25,168.00,167.00,168.50,,168.00,,,13000,2168700.00,13,F1,1000,,,,,
2026-07-24,2026-07-24,CM,BSE,STK,544812,INE226801012,ATHARVA,M,,,,,Atharva Poly-Plast Limited,78.00,79.70,78.00,78.00,78.00,79.30,,78.00,,,16000,1259820.00,8,F1,2000,,,,,
2026-07-24,2026-07-24,CM,BSE,STK,544813,INE1EVO01017,SEEMAX,M,,,,,Seemax Resources Limited,50.05,51.20,50.05,50.20,50.20,52.25,,50.20,,,15000,757400.00,15,F1,1000,,,,,
2026-07-24,2026-07-24,CM,BSE,STK,544814,INE17QZ01016,KNACK,B,,,,,KNACK PACKAGING LIMITED,190.55,196.00,188.45,194.75,195.00,193.55,,194.87,,,206655,39681724.00,1664,F1,1,,,,,
2026-07-24,2026-07-24,CM,BSE,STK,544821,INE0ISX01025,KUSUMGAR,B,,,,,Kusumgar Limited,602.95,613.20,589.60,600.40,600.40,608.30,,601.30,,,57856,34770571.00,2349,F1,1,,,,,
2026-07-24,2026-07-24,CM,BSE,STK,544822,INE17IR01028,LASERPOWER,B,,,,,Laser Power & Infra Limited,277.80,308.65,272.65,308.65,308.65,280.60,,307.81,,,684144,203158553.00,9103,F1,1,,,,,
2026-07-24,2026-07-24,CM,BSE,STK,544823,INE2KRP01017,DEVSON,MT,,,,,DEVSON CATALYST LIMITED,222.00,226.00,213.05,222.50,222.00,223.25,,222.50,,,124800,27457380.00,95,F1,1200,,,,,
2026-07-24,2026-07-24,CM,BSE,STK,544825,INE1JCQ01037,ALPINETEX,T,,,,,ALPINE TEXWORLD LIMITED,85.60,85.60,85.60,85.60,85.60,90.10,,85.55,,,5968,510860.00,157,F1,1,,,,,
2026-07-24,2026-07-24,CM,BSE,STK,544826,INE1SRC01010,MILLWORKS,MT,,,,,MILLWORKS TECHNOLOGIES LIMITED,764.30,764.30,764.30,764.30,764.30,727.95,,764.30,,,305600,233570080.00,409,F1,400,,,,,
2026-07-24,2026-07-24,CM,BSE,STK,544827,INF0QA701CI0,BANK10BETF,B,,,,,Bajaj Finserv Mutual Fund,21.20,21.20,20.15,20.82,20.80,20.77,,20.96,,,8314,172380.00,102,F1,1,,,,,
2026-07-24,2026-07-24,CM,BSE,STK,544829,INE640G01020,SBIFUNDS,A,,,,,SBI Funds Management Limited,575.25,589.00,572.15,587.20,587.20,577.65,,587.30,,,814314,471868967.00,33157,F1,1,,,,,
2026-07-24,2026-07-24,CM,BSE,STK,544830,INF769K01RC0,MOMMIDCAP,B,,,,,Mirae Asset Mutual Fund,12.30,12.39,12.21,12.38,12.39,12.38,,12.34,,,79078,967919.00,38,F1,1,,,,,
2026-07-24,2026-07-24,CM,BSE,STK,544832,INE12Z301012,SOTEFIN,MT,,,,,Sotefin Bharat Limited,215.25,216.80,204.50,213.95,213.95,215.25,,213.95,,,600600,124559460.00,548,F1,600,,,,,
2026-07-24,2026-07-24,CM,BSE,STK,544833,INE11XY01018,CMLL,B,,,,,CALIBER MINING AND LOGISTICS L,504.00,538.15,463.15,528.50,528.50,0.00,,528.20,,,2163165,1077627181.00,95239,F1,1,,,,,
2026-07-24,2026-07-24,CM,BSE,STK,555555,INF346A01034,SENSEXIETF,A,,,,,ICICI Prudential BSE Sensex ET,875.58,881.64,867.64,876.78,881.64,878.51,,876.78,,,1363,1189855.00,51,F1,1,,,,,
2026-07-24,2026-07-24,CM,BSE,STK,570002,IN9623B01058,FELDVR,Z,,,,,Future Enterprises Limited,2.48,2.61,2.37,2.47,2.47,2.49,,2.47,,,2234,5511.00,11,F1,1,,,,,
2026-07-24,2026-07-24,CM,BSE,STK,570004,IN9175A01010,JISLDVREQS,B,,,,,JAIN IRRIGATION SYSTEMS LTD.,21.00,22.38,20.50,21.47,21.50,21.40,,21.28,,,11131,237658.00,67,F1,1,,,,,
2026-07-24,2026-07-24,CM,BSE,STK,570005,INE224E01036,GATECHDVR,B,,,,,GACM Technologies Limited - DV,0.46,0.46,0.43,0.44,0.43,0.45,,0.43,,,160351,71748.00,53,F1,1,,,,,
2026-07-24,2026-07-24,CM,BSE,STK,590003,INE036D01028,KARURVYSYA,B,,,,,KARUR VYSYA BANK LTD.,333.70,340.00,331.25,338.95,338.95,337.05,,338.90,,,301269,101102097.00,6588,F1,1,,,,,
2026-07-24,2026-07-24,CM,BSE,STK,590005,INE484C01030,VEEDOL,B,,,,,VEEDOL CORPORATION LIMITED,1408.90,1413.00,1383.40,1404.70,1413.00,1397.30,,1400.20,,,887,1240127.00,100,F1,1,,,,,
2026-07-24,2026-07-24,CM,BSE,STK,590006,INE098F01031,AMRUTANJAN,B,,,,,AMRUTANJAN HEALTH CARE LTD.,510.10,518.50,505.20,510.50,510.50,518.15,,509.10,,,5793,2963840.00,422,F1,1,,,,,
2026-07-24,2026-07-24,CM,BSE,STK,590013,INE445C01015,XPROINDIA,B,,,,,XPRO INDIA LTD.,1349.90,1391.95,1333.00,1387.95,1387.95,1349.90,,1386.20,,,243,328218.00,47,F1,1,,,,,
2026-07-24,2026-07-24,CM,BSE,STK,590018,INE598C01011,HISARMETAL,B,,,,,HISAR METAL INDUSTRIES LTD.,148.00,154.15,145.25,146.05,146.05,150.60,,147.46,,,394,57536.00,11,F1,1,,,,,
2026-07-24,2026-07-24,CM,BSE,STK,590021,INE838B01021,BHARATRAS,B,,,,,BHARAT RASAYAN LTD.,1270.00,1273.70,1253.70,1262.00,1263.20,1267.00,,1261.20,,,601,758329.00,147,F1,1,,,,,
2026-07-24,2026-07-24,CM,BSE,STK,590024,INE188A01015,FACT,B,,,,,FERTILIZERS & CHEMICALS TRAVAN,805.05,813.05,789.35,807.40,807.40,804.45,,809.20,,,8710,6956744.00,475,F1,1,,,,,
2026-07-24,2026-07-24,CM,BSE,STK,590025,INE424C01010,GINNIFILA,T,,,,,GINNI FILAMENTS LTD.,46.95,47.76,45.20,47.30,47.30,47.00,,47.21,,,15951,739038.00,65,F1,1,,,,,
2026-07-24,2026-07-24,CM,BSE,STK,590030,INE147A01011,SPIC,B,,,,,SOUTHERN PETROCHEMICALS LTD.,64.52,65.10,63.83,64.82,65.05,64.77,,64.93,,,15976,1032640.00,181,F1,1,,,,,
2026-07-24,2026-07-24,CM,BSE,STK,590031,INE244A01016,DENORA,B,,,,,DE NORA INDIA LTD.,867.35,868.00,848.00,856.85,848.70,868.05,,854.15,,,559,479752.00,80,F1,1,,,,,
2026-07-24,2026-07-24,CM,BSE,STK,590041,INE641C01019,KAVDEFENCE,B,,,,,Kavveri Defence &amp; Wireless,57.67,57.67,55.07,56.92,56.90,57.53,,57.04,,,15209,857270.00,184,F1,1,,,,,
2026-07-24,2026-07-24,CM,BSE,STK,590051,INE667G01023,SAKSOFT,B,,,,,SAKSOFT LTD.,164.60,169.00,160.60,168.20,169.00,164.50,,168.30,,,46551,7674246.00,473,F1,1,,,,,
2026-07-24,2026-07-24,CM,BSE,STK,590056,INE498E01010,SALONA,B,,,,,SALONA COTSPIN LTD.,254.30,254.30,242.00,243.25,246.00,254.30,,248.60,,,33,8047.00,7,F1,1,,,,,
2026-07-24,2026-07-24,CM,BSE,STK,590057,INE217G01035,EQUIPPP,T,,,,,EQUIPPP SOCIAL IMPACT TECHNOLO,23.62,24.00,23.61,23.99,23.80,24.50,,24.00,,,1858,44001.00,9,F1,1,,,,,
2026-07-24,2026-07-24,CM,BSE,STK,590062,INE715B01021,ANDHRSUGAR,B,,,,,ANDHRA SUGARS LTD.,84.50,86.84,83.42,86.37,86.79,85.25,,86.33,,,14524,1238464.00,173,F1,1,,,,,
2026-07-24,2026-07-24,CM,BSE,STK,590065,INE547E01014,IMPAL,B,,,,,INDIA MOTOR PARTS & ACCESSORIE,1071.55,1092.40,1058.40,1092.20,1092.40,1080.75,,1076.70,,,91,98178.00,21,F1,1,,,,,
2026-07-24,2026-07-24,CM,BSE,STK,590066,INE805C01028,KCP,B,,,,,K.C.P.LTD.,161.60,164.35,160.90,162.60,163.70,163.75,,162.64,,,3284,533004.00,102,F1,1,,,,,
2026-07-24,2026-07-24,CM,BSE,STK,590068,INE731C01018,KHAITANLTD,T,,,,,KHAITAN (INDIA) LTD.,128.10,128.10,128.10,128.10,128.10,128.10,,128.83,,,1,128.00,1,F1,1,,,,,
2026-07-24,2026-07-24,CM,BSE,STK,590070,INE874F01027,RADAAN,B,,,,,RADAAN MEDIAWORKS (I) LTD.,2.77,3.03,2.77,2.99,3.02,2.97,,2.94,,,16665,47615.00,190,F1,1,,,,,
2026-07-24,2026-07-24,CM,BSE,STK,590071,INE660A01013,SUNDARMFIN,B,,,,,SUNDARAM FINANCE LTD.,4440.10,4457.80,4346.50,4447.75,4455.00,4413.70,,4447.80,,,1092,4825134.00,208,F1,1,,,,,
2026-07-24,2026-07-24,CM,BSE,STK,590072,INE073D01013,SUNDRMBRAK,T,,,,,SUNDARAM BRAKE LININGS LTD.,799.00,800.00,780.00,780.00,780.00,808.50,,795.00,,,45,35651.00,4,F1,1,,,,,
2026-07-24,2026-07-24,CM,BSE,STK,590073,INE715A01015,WHEELS,B,,,,,WHEELS INDIA LTD.,1434.00,1450.60,1413.15,1442.05,1439.70,1442.15,,1441.70,,,6461,9240073.00,448,F1,1,,,,,
2026-07-24,2026-07-24,CM,BSE,STK,590075,INE112F01022,LAMBODHARA,B,,,,,LAMBODHARA TEXTILES LTD.,110.40,112.00,110.40,111.85,111.85,110.95,,112.27,,,55,6078.00,22,F1,1,,,,,
2026-07-24,2026-07-24,CM,BSE,STK,590078,INE683C01011,MAITHANALL,B,,,,,MAITHAN ALLOYS LTD.,963.00,981.10,954.75,960.45,960.00,969.50,,959.40,,,2205,2125427.00,237,F1,1,,,,,
2026-07-24,2026-07-24,CM,BSE,STK,590086,INE725E01024,ORISSAMINE,B,,,,,ORISSA MINERALS DEVELOPMENT CO,3592.05,3787.30,3580.00,3736.70,3716.00,3657.95,,3746.60,,,370,1359393.00,122,F1,1,,,,,
2026-07-24,2026-07-24,CM,BSE,STK,590095,INF204KB17I5,GOLDBEES,E,,,,,NIPPON INDIA ETF GOLD BEES,115.74,120.75,115.74,117.97,117.97,118.71,,117.91,,,1370430,160694495.00,9477,F1,1,,,,,
2026-07-24,2026-07-24,CM,BSE,STK,590096,INF732E01037,LIQUIDBEES,F,,,,,NIPPON INDIA ETF LIQUID BEES,999.99,1000.01,999.99,999.99,999.99,1000.00,,999.99,,,463650,463649280.00,792,F1,1,,,,,
2026-07-24,2026-07-24,CM,BSE,STK,590097,INF174KA1HJ8,GOLD1,E,,,,,KOTAK MAHINDRA MUTUAL FUND - K,118.54,119.12,117.85,118.98,119.12,119.95,,118.72,,,15110,1791753.00,765,F1,1,,,,,
2026-07-24,2026-07-24,CM,BSE,STK,590098,INF200KA16D8,SETFGOLD,E,,,,,SBI MUTUAL FUND - SBI GOLD EXC,125.52,125.52,120.41,121.78,121.95,122.46,,121.62,,,116242,14063799.00,1490,F1,1,,,,,
2026-07-24,2026-07-24,CM,BSE,STK,590099,INF082J01408,QGOLDHALF,E,,,,,QUANTUM GOLD FUND - EXCHANGE T,117.49,118.12,117.05,118.10,118.08,118.86,,118.07,,,4804,564776.00,247,F1,1,,,,,
2026-07-24,2026-07-24,CM,BSE,STK,590101,INF789F1AUX7,GOLDBETA,E,,,,,UTI MUTUAL FUND - UTI GOLD EXC,120.20,120.38,118.80,120.23,120.37,120.89,,120.05,,,13952,1667909.00,600,F1,1,,,,,
2026-07-24,2026-07-24,CM,BSE,STK,590103,INF204KB14I2,NIFTYBEES,B,,,,,NIPPON INDIA ETF NIFTY BEES,267.00,271.73,267.00,271.34,271.34,272.07,,271.21,,,528439,142885608.00,6267,F1,1,,,,,
2026-07-24,2026-07-24,CM,BSE,STK,590104,INF732E01045,JUNIORBEES,B,,,,,NIPPON INDIA ETF JUNIOR BEES,780.08,780.08,768.26,774.83,774.83,776.20,,776.24,,,20652,15955755.00,610,F1,1,,,,,
2026-07-24,2026-07-24,CM,BSE,STK,590106,INF204KB15I9,BANKBEES,B,,,,,NIPPON INDIA ETF BANK BEES,586.00,588.99,581.00,587.79,588.00,586.89,,587.76,,,39754,23220320.00,1303,F1,1,,,,,
2026-07-24,2026-07-24,CM,BSE,STK,590107,INF174KA1A86,PSUBANK,B,,,,,KOTAK MAHINDRA MUTUAL FUND - K,82.70,83.82,82.20,83.41,83.36,83.04,,83.48,,,14675,1215481.00,170,F1,1,,,,,
2026-07-24,2026-07-24,CM,BSE,STK,590108,INF204KB16I7,PSUBNKBEES,B,,,,,NIPPON INDIA ETF PSU BANK BEES,92.50,93.54,91.87,93.43,93.49,92.92,,93.42,,,95539,8821719.00,638,F1,1,,,,,
2026-07-24,2026-07-24,CM,BSE,STK,590109,INF732E01128,SHARIABEES,B,,,,,NIPPON INDIA ETF SHARIAH BEES,459.90,459.90,451.50,454.30,454.30,455.29,,453.95,,,190,86021.00,16,F1,1,,,,,
2026-07-24,2026-07-24,CM,BSE,STK,590110,INF082J01499,QNIFTY,B,,,,,Quantum Nifty 50 ETF,261.60,262.00,260.20,261.80,261.80,262.80,,261.73,,,365,95221.00,69,F1,1,,,,,
2026-07-24,2026-07-24,CM,BSE,STK,590113,INF204KB19I1,HNGSNGBEES,E,,,,,NIPPON INDIA ETF HANG SENG BEE,485.00,488.94,482.31,483.69,488.48,487.73,,484.30,,,9826,4770818.00,551,F1,1,,,,,
2026-07-24,2026-07-24,CM,BSE,STK,590115,INF247L01536,MOM50,B,,,,,MOTILAL OSWAL MUTUAL FUND,249.00,249.37,248.43,249.37,249.37,249.37,,248.99,,,52,12954.00,6,F1,1,,,,,
2026-07-24,2026-07-24,CM,BSE,STK,590134,INE414A01015,MADRASFERT,B,,,,,Madras Fertilizer Limited,66.31,66.50,65.83,66.07,66.50,66.31,,66.35,,,616,40686.00,45,F1,1,,,,,
2026-07-24,2026-07-24,CM,BSE,STK,590136,INF174KA1ZB7,BANKNIFTY1,B,,,,,Kotak Mahindra Mutual Fund - P,58.70,59.10,58.19,58.90,59.10,58.87,,58.90,,,21261,1245957.00,249,F1,1,,,,,
2026-07-24,2026-07-24,CM,BSE,STK,590137,INF200KA1580,SETFNIFBK,B,,,,,SBI Mutual Fund-Permitted,567.83,584.39,567.83,583.93,584.39,582.39,,583.21,,,3493,2014977.00,84,F1,1,,,,,
2026-07-24,2026-07-24,CM,BSE,STK,590138,INF200KA1FS1,SETFNIF50,B,,,,,SBI Mutual Fund-Permitted,258.45,258.45,254.62,256.48,256.62,257.10,,256.26,,,12185,3116629.00,362,F1,1,,,,,
2026-07-24,2026-07-24,CM,BSE,STK,590139,INF174KA1LV5,LIQUID1,B,,,,,Kotak Mahindra Mutual Fund - P,1115.20,1115.22,1115.20,1115.21,1115.20,1114.75,,1115.20,,,4753,5300591.00,17,F1,1,,,,,
2026-07-24,2026-07-24,CM,BSE,STK,590140,INF277KA1976,TATAGOLD,E,,,,,Tata Mutual Fund - Permitted,13.61,13.90,13.61,13.87,13.87,13.96,,13.86,,,3898956,53760296.00,6148,F1,1,,,,,
2026-07-24,2026-07-24,CM,BSE,STK,590141,INF204KB15V2,ITBEES,B,,,,,Nippon India Mutual Fund - Per,31.73,32.05,31.11,32.00,32.00,31.73,,32.00,,,412241,13125544.00,754,F1,1,,,,,
2026-07-24,2026-07-24,CM,BSE,STK,590142,INF204KC1089,PHARMABEES,B,,,,,Nippon India Mutual Fund - Per,26.27,26.41,26.10,26.28,26.28,26.34,,26.28,,,263309,6914572.00,1681,F1,1,,,,,
2026-07-24,2026-07-24,CM,BSE,STK,590143,INF204KB1882,LTGILTBEES,F,,,,,Nippon India Mutual Fund - Per,29.84,29.88,29.81,29.86,29.86,29.86,,29.86,,,23478,700632.00,34,F1,1,,,,,
2026-07-24,2026-07-24,CM,BSE,STK,590144,INF204KB1V68,MID150BEES,B,,,,,Nippon India Mutual Fund - Per,235.00,235.28,232.01,234.91,235.25,234.99,,234.83,,,20125,4690558.00,453,F1,1,,,,,
2026-07-24,2026-07-24,CM,BSE,STK,590145,INF204KC1402,SILVERBEES,E,,,,,Nippon India Mutual Fund - Per,208.24,211.38,206.59,211.02,211.02,211.00,,210.96,,,870057,181913868.00,5271,F1,1,,,,,
2026-07-24,2026-07-24,CM,BSE,STK,590146,INF247L01FY4,MOGOLD,E,,,,,Motilal Oswal Mutual Fund-Perm,140.14,142.10,139.61,141.58,142.10,142.57,,141.30,,,1462,206776.00,98,F1,1,,,,,
2026-07-24,2026-07-24,CM,BSE,STK,590147,INF247L01FZ1,MOSILVER,E,,,,,Motilal Oswal Mutual Fund-Perm,217.00,217.75,214.00,217.11,217.11,219.24,,217.17,,,501286,108830024.00,207,F1,1,,,,,
2026-07-24,2026-07-24,CM,BSE,STK,590148,INF247L01CH6,MOSMALL250,B,,,,,Motilal Oswal Mutual Fund-Perm,17.85,17.85,17.50,17.70,17.66,17.77,,17.66,,,129023,2270065.00,283,F1,1,,,,,
2026-07-24,2026-07-24,CM,BSE,STK,590149,INF247L01EV3,MOCAPITAL,B,,,,,Motilal Oswal Mutual Fund-Perm,52.36,53.03,52.18,52.82,53.03,52.98,,52.81,,,32371,1698214.00,498,F1,1,,,,,
2026-07-24,2026-07-24,CM,BSE,STK,590150,INF247L01CI4,MOREALTY,B,,,,,Motilal Oswal Mutual Fund-Perm,88.20,88.90,86.66,88.17,88.20,88.86,,88.27,,,65787,5741383.00,481,F1,1,,,,,
2026-07-24,2026-07-24,CM,BSE,STK,590151,INF247L01DK8,MOMENTUM50,B,,,,,Motilal Oswal Mutual Fund-Perm,52.28,52.28,51.57,51.96,52.10,52.28,,51.90,,,15179,786775.00,180,F1,1,,,,,
2026-07-24,2026-07-24,CM,BSE,STK,590152,INF247L01DJ0,MODEFENCE,B,,,,,Motilal Oswal Mutual Fund-Perm,102.69,103.49,101.49,102.55,102.85,103.01,,102.55,,,74243,7587765.00,679,F1,1,,,,,
2026-07-24,2026-07-24,CM,BSE,STK,590153,INF247L01BU1,MONIFTY500,B,,,,,Motilal Oswal Mutual Fund-Perm,23.59,23.60,23.25,23.50,23.60,23.50,,23.51,,,27061,633860.00,154,F1,1,,,,,
2026-07-24,2026-07-24,CM,BSE,STK,590154,INF174KA1IA5,ALPHA,B,,,,,Kotak Mahindra Mutual Fund - P,49.79,51.07,49.79,50.87,50.71,51.07,,50.84,,,42401,2145130.00,91,F1,1,,,,,
2026-07-24,2026-07-24,CM,BSE,STK,590155,INF666M01OF4,GROWWSLVR,E,,,,,GROWW MUTUAL FUND  PERMITTED,21.21,21.64,21.18,21.60,21.60,21.63,,21.59,,,51870,1111501.00,204,F1,1,,,,,
2026-07-24,2026-07-24,CM,BSE,STK,590156,INF666M01OE7,GROWWGOLD,E,,,,,GROWW MUTUAL FUND  PERMITTED,13.99,13.99,13.81,13.94,13.94,14.03,,13.93,,,71278,991175.00,440,F1,1,,,,,
2026-07-24,2026-07-24,CM,BSE,STK,590157,INF666M01IO8,GROWWDEFNC,B,,,,,GROWW MUTUAL FUND  PERMITTED,93.05,93.89,92.50,93.10,93.18,94.06,,93.47,,,2756,257110.00,114,F1,1,,,,,
2026-07-24,2026-07-24,CM,BSE,STK,590158,INF666M01JJ6,GROWWRAIL,B,,,,,GROWW MUTUAL FUND  PERMITTED,28.65,28.70,28.21,28.58,28.58,28.54,,28.63,,,30226,859962.00,210,F1,1,,,,,
2026-07-24,2026-07-24,CM,BSE,STK,590159,INF666M01IP5,GROWWLIQID,F,,,,,GROWW MUTUAL FUND  PERMITTED,110.07,110.08,110.07,110.07,110.07,110.03,,110.07,,,1276,140449.00,13,F1,1,,,,,
2026-07-24,2026-07-24,CM,BSE,STK,590160,INF277K015R5,NETF,B,,,,,Tata Mutual Fund - Permitted,258.39,293.85,251.00,257.73,257.73,261.01,,258.92,,,574,148172.00,23,F1,1,,,,,
2026-07-24,2026-07-24,CM,BSE,STK,590161,INF277KA1984,TATSILV,E,,,,,Tata Mutual Fund - Permitted,21.14,21.45,20.99,21.42,21.42,21.44,,21.41,,,1044681,22160139.00,3112,F1,1,,,,,
2026-07-24,2026-07-24,CM,BSE,STK,717506,INE494B04019,TVSMNCRPS,F,,,,,TVS Motor Company Ltd.,10.40,10.45,10.40,10.45,10.45,10.40,,10.45,,,28457,297304.00,60,F1,1,,,,,
2026-07-24,2026-07-24,CM,BSE,STK,751126,INE187R20011,CCDL-RE,R,,,,,Consecutive Commodities Limite,0.04,0.04,0.04,0.04,0.04,0.04,,0.04,,,527373,21094.00,84,F1,1,,,,,
2026-07-24,2026-07-24,CM,BSE,STK,800177,IN0020130053,92GS2030,G,,,,,920GOI2030,115.00,115.00,114.95,114.95,114.95,115.00,,114.93,,,7394,850140.00,6,F1,1,,,,,
2026-07-24,2026-07-24,CM,BSE,STK,800212,IN0020010081,1018GS2026,G,,,,,1018GOI2026,101.75,106.95,101.75,106.00,106.00,104.35,,104.31,,,13,1372.00,5,F1,1,,,,,
2026-07-24,2026-07-24,CM,BSE,STK,800295,IN0020190073,SGBJUN27,G,,,,,SOVEREIGN GOLD BOND 2019-20 SE,14200.00,14200.00,14200.00,14200.00,14200.00,14174.10,,14103.51,,,1,14200.00,1,F1,1,,,,,
2026-07-24,2026-07-24,CM,BSE,STK,800297,IN0020190107,SGBAUG27,G,,,,,SOVEREIGN GOLD BOND 2019-20 SE,14229.99,14316.39,14229.99,14301.84,14315.00,14321.00,,14278.92,,,7,99897.00,4,F1,1,,,,,
2026-07-24,2026-07-24,CM,BSE,STK,800301,IN0020190115,SGBSEP27,G,,,,,Sovereign Gold Bonds 2019-20 S,14112.00,14112.00,14058.00,14058.00,14058.00,14172.00,,14107.14,,,8,112582.00,3,F1,1,,,,,
2026-07-24,2026-07-24,CM,BSE,STK,800312,IN0020190461,SGBDC27VII,G,,,,,Sovereign Gold Bonds 2019-20 S,14280.00,14280.00,14199.99,14199.99,14199.99,14200.00,,14200.00,,,19,270419.00,6,F1,1,,,,,
2026-07-24,2026-07-24,CM,BSE,STK,800313,IN0020190537,SGBJ28VIII,G,,,,,Sovereign Gold Bonds 2019-20 S,14028.00,14028.00,14028.00,14028.00,14028.00,14028.00,,14194.99,,,2,28056.00,1,F1,1,,,,,
2026-07-24,2026-07-24,CM,BSE,STK,800318,IN0020200062,SGBAPR28I,G,,,,,Sovereign Gold Bonds 2020-21 S,14214.97,14214.97,14214.97,14214.97,14214.97,14310.00,,14273.32,,,7,99504.00,2,F1,1,,,,,
2026-07-24,2026-07-24,CM,BSE,STK,800320,IN0020200088,SGBMAY28,G,,,,,Sovereign Gold Bonds 2020-21 S,14169.99,14190.00,14045.01,14110.10,14110.00,13991.74,,14123.50,,,25,352391.00,7,F1,1,,,,,
2026-07-24,2026-07-24,CM,BSE,STK,800324,IN0020200146,SGBJUL28IV,G,,,,,Sovereign Gold Bond 2020-21 IV,14225.98,14225.98,14045.00,14170.00,14170.00,14201.60,,14154.86,,,26,367130.00,9,F1,1,,,,,
2026-07-24,2026-07-24,CM,BSE,STK,800325,IN0020200161,SGBAUG28V,G,,,,,Sovereign Gold Bonds 2020-21 V,14320.00,14330.00,14150.00,14230.80,14230.01,14335.00,,14238.77,,,140,1997591.00,17,F1,1,,,,,
2026-07-24,2026-07-24,CM,BSE,STK,800327,IN0020200195,SGBSEP28VI,G,,,,,Sovereign Gold Bonds 2020-21 S,14160.00,14160.00,14160.00,14160.00,14160.00,14200.00,,14244.55,,,1,14160.00,1,F1,1,,,,,
2026-07-24,2026-07-24,CM,BSE,STK,800329,IN0020200286,SGBN28VIII,G,,,,,Sovereign Gold Bonds 2020-21 S,14100.00,14100.00,14100.00,14100.00,14100.00,14273.95,,14158.10,,,10,141000.00,1,F1,1,,,,,
2026-07-24,2026-07-24,CM,BSE,STK,800330,IN0020200252,667GS2050,G,,,,,667GOI2050,93.00,93.00,93.00,93.00,93.00,91.50,,93.00,,,100,9300.00,1,F1,1,,,,,
2026-07-24,2026-07-24,CM,BSE,STK,800331,IN0020200377,SGBJAN29IX,G,,,,,SGB 2020-21 Series IX,14202.26,14202.26,14070.80,14070.80,14070.80,14236.50,,14117.50,,,13,183975.00,3,F1,1,,,,,
2026-07-24,2026-07-24,CM,BSE,STK,800332,IN0020200385,SGBJAN29X,G,,,,,Sovereign Gold Bonds 2021-21 S,14058.99,14199.99,14058.99,14140.00,14140.00,14310.00,,14117.25,,,27,382528.00,12,F1,1,,,,,
2026-07-24,2026-07-24,CM,BSE,STK,800333,IN0020200393,SGBFEB29XI,G,,,,,SGB 2020-21 SERIES XI,14120.00,14120.00,14120.00,14120.00,14120.00,14450.00,,14230.00,,,1,14120.00,1,F1,1,,,,,
2026-07-24,2026-07-24,CM,BSE,STK,800334,IN0020200401,676GS2061,G,,,,,676GOI2061,92.50,92.50,92.10,92.42,92.49,92.50,,92.42,,,28872,2665325.00,13,F1,1,,,,,
2026-07-24,2026-07-24,CM,BSE,STK,800339,IN0020200427,SGBMR29XII,G,,,,,SGB 2020-21 Series XII,14050.00,14184.00,14050.00,14150.02,14150.02,14342.67,,14174.45,,,39,552315.00,10,F1,1,,,,,
2026-07-24,2026-07-24,CM,BSE,STK,800340,IN0020210053,SGBMAY29I,G,,,,,SGB 2021-22 Series I,14280.00,14280.00,14120.00,14164.75,14150.00,14280.00,,14194.91,,,180,2548158.00,41,F1,1,,,,,
2026-07-24,2026-07-24,CM,BSE,STK,800341,IN0020210061,SGBJUN29II,G,,,,,SGB 2021-22 Series II,14199.99,14200.00,14199.99,14200.00,14200.00,14200.00,,14143.83,,,4,56799.00,3,F1,1,,,,,
2026-07-24,2026-07-24,CM,BSE,STK,800367,IN0020210111,SGBJUL29IV,G,,,,,Sovereign Gold Bond Series IV,14071.02,14120.00,14071.02,14120.00,14120.00,14295.00,,14134.20,,,4,56382.00,2,F1,1,,,,,
2026-07-24,2026-07-24,CM,BSE,STK,800385,IN0020210129,SGBAUG29V,G,,,,,Sovereign Gold Bonds 2021-22 S,14326.02,14326.02,14178.47,14220.71,14220.00,14429.00,,14227.22,,,40,570155.00,11,F1,1,,,,,
2026-07-24,2026-07-24,CM,BSE,STK,800434,IN0020210178,SGBNV29VII,G,,,,,Sovereign Gold Bonds 2021-22 S,14194.99,14280.00,14194.99,14280.00,14280.00,14234.00,,14270.40,,,3,42700.00,3,F1,1,,,,,
2026-07-24,2026-07-24,CM,BSE,STK,800435,IN0020210194,699GS2051,G,,,,,699GOI2051,99.99,99.99,99.99,99.99,99.99,97.00,,98.75,,,1,99.00,1,F1,1,,,,,
2026-07-24,2026-07-24,CM,BSE,STK,800436,IN0020210202,695GS2061,G,,,,,695GOI2061,94.00,94.00,94.00,94.00,94.00,93.51,,94.00,,,2000,188000.00,1,F1,1,,,,,
2026-07-24,2026-07-24,CM,BSE,STK,800437,IN0020210228,SGBD29VIII,G,,,,,Sovereign Gold Bonds 2021-22 S,14382.91,14475.00,14200.00,14302.80,14326.00,14100.89,,14302.80,,,156,2245477.00,24,F1,1,,,,,
2026-07-24,2026-07-24,CM,BSE,STK,800438,IN0020210236,SGBJAN30IX,G,,,,,Soveriegn Gold Bonds 2021-22 S,14058.00,14200.00,14058.00,14181.00,14181.00,14277.27,,14167.82,,,22,311761.00,14,F1,1,,,,,
2026-07-24,2026-07-24,CM,BSE,STK,800441,IN0020220029,754GS2036,G,,,,,754GOI2036,106.10,106.10,106.10,106.10,106.10,106.30,,106.18,,,6100,647210.00,3,F1,1,,,,,
2026-07-24,2026-07-24,CM,BSE,STK,800443,IN0020220045,SGBJUN30,G,,,,,Sovereign Gold Bonds 2022-23 S,14200.00,14200.00,14151.00,14151.00,14151.00,14358.00,,14240.13,,,3,42551.00,2,F1,1,,,,,
2026-07-24,2026-07-24,CM,BSE,STK,800488,IN0020220078,SGBAUG30,G,,,,,Sovereign Gold Bonds 2022-23 S,14290.00,14348.99,14160.00,14339.00,14339.00,14304.66,,14340.00,,,13,185216.00,7,F1,1,,,,,
2026-07-24,2026-07-24,CM,BSE,STK,800517,IN000958C024,GS19SEP2058,G,,,,,GS19SEP2058,22.00,22.00,22.00,22.00,22.00,22.00,,22.00,,,4,88.00,2,F1,1,,,,,
2026-07-24,2026-07-24,CM,BSE,STK,800573,IN0020220110,SGBDE30III,G,,,,,Soverign Gold Bond 2022-23 Sr,14429.99,14457.79,14297.36,14445.45,14445.45,14525.59,,14437.77,,,67,964629.00,24,F1,1,,,,,
2026-07-24,2026-07-24,CM,BSE,STK,800575,IN0020220169,SGBMAR31IV,G,,,,,Sovereign Gold Bond 2022-23 Sr,14250.00,14370.01,14250.00,14370.00,14370.00,14575.00,,14450.03,,,75,1071030.00,14,F1,1,,,,,
2026-07-24,2026-07-24,CM,BSE,STK,800580,IN0020230069,SGBJUN31I,G,,,,,Sovereign Gold Bonds 2023-24 S,14400.00,14506.63,14376.00,14462.32,14376.00,14520.00,,14512.65,,,55,793129.00,18,F1,1,,,,,
2026-07-24,2026-07-24,CM,BSE,STK,800588,IN0020230044,725GS2063,G,,,,,725GOI2063,97.20,97.69,97.00,97.00,97.00,97.60,,97.09,,,7386,716583.00,18,F1,1,,,,,
2026-07-24,2026-07-24,CM,BSE,STK,800596,IN0020230093,SGBSEP31II,G,,,,,Sovereign Gold Bonds 2023-24 S,14429.98,14518.98,14350.01,14518.98,14518.98,14487.95,,14508.49,,,32,462682.00,31,F1,1,,,,,
2026-07-24,2026-07-24,CM,BSE,STK,800603,IN0020230168,SGBDE31III,G,,,,,Sovereign Gold Bonds 2023-24 S,14430.97,14572.18,14400.00,14572.18,14572.18,14572.18,,14541.55,,,20,290207.00,9,F1,1,,,,,
2026-07-24,2026-07-24,CM,BSE,STK,800604,IN0020230119,733GS2026,G,,,,,733GS26J24,111.65,111.65,111.65,111.65,111.65,101.50,,111.65,,,1,111.00,1,F1,1,,,,,
2026-07-24,2026-07-24,CM,BSE,STK,800605,IN0020230184,SGBFEB32IV,G,,,,,Sovereign Gold Bonds 2023-24 S,14600.00,14703.96,14560.01,14687.49,14703.96,14699.71,,14668.20,,,77,1125568.00,19,F1,1,,,,,
2026-07-24,2026-07-24,CM,BSE,STK,800692,IN001041C036,GS22OCT41,G,,,,,GS22OCT41,30.72,30.72,30.71,30.71,30.71,31.27,,30.71,,,789900,24257879.00,2,F1,1,,,,,
2026-07-24,2026-07-24,CM,BSE,STK,800701,IN001034C031,GS22OCT34,G,,,,,GS22OCT34,53.89,53.89,53.89,53.89,53.89,52.93,,53.89,,,499100,26896499.00,1,F1,1,,,,,
2026-07-24,2026-07-24,CM,BSE,STK,800807,IN0020240142,709GOI74,G,,,,,709GOI74,94.60,95.89,94.60,95.89,95.89,95.80,,95.60,,,2552,242029.00,5,F1,1,,,,,
2026-07-24,2026-07-24,CM,BSE,STK,800815,IN0020250117,743GOI2076,G,,,,,743GOI2076,99.10,99.10,99.10,99.10,99.10,98.55,,98.90,,,100,9910.00,1,F1,1,,,,,
2026-07-24,2026-07-24,CM,BSE,STK,800816,IN0020260033,771GOI2066,G,,,,,771GOI2066,103.70,104.00,103.70,104.00,104.00,103.50,,104.25,,,25010,2593540.00,2,F1,1,,,,,
2026-07-24,2026-07-24,CM,BSE,STK,805217,IN002026X073,91TB20826,G,,,,,91TB20826,98.90,98.90,98.90,98.90,98.90,99.00,,99.20,,,200,19780.00,1,F1,1,,,,,
2026-07-24,2026-07-24,CM,BSE,STK,810966,IN2220230121,747MH34,G,,,,,747MHSDL34,99.00,99.00,99.00,99.00,99.00,99.31,,99.00,,,100,9900.00,1,F1,1,,,,,
2026-07-24,2026-07-24,CM,BSE,STK,811126,IN4520260022,807TGSDL56,G,,,,,807TGSDL56,101.10,101.10,101.10,101.10,101.10,101.20,,101.10,,,10,1011.00,1,F1,1,,,,,
2026-07-24,2026-07-24,CM,BSE,STK,890217,IN9273A01047,APLABPP,XT,,,,,Aplab Ltd.,56.61,59.90,56.60,56.60,56.60,59.57,,56.60,,,24979,1414246.00,36,F1,1,,,,,
2026-07-24,2026-07-24,CM,BSE,STK,890221,IN9572J01019,SSFLPP,B,,,,,Spandana Sphoorty Financial Li,158.50,158.50,135.50,142.05,142.05,158.40,,142.45,,,1256,181278.00,137,F1,1,,,,,
2026-07-24,2026-07-24,CM,BSE,STK,890228,IN90NN701011,ATLPP,B,,,,,Allcargo Terminals Limited,8.72,9.36,7.85,8.26,8.26,8.72,,8.44,,,448,4124.00,9,F1,1,,,,,
2026-07-24,2026-07-24,CM,BSE,STK,890230,IN9849B01026,ACESEPP,X,,,,,Ace Software Exports ltd.,54.10,62.01,53.80,59.98,59.98,57.51,,59.98,,,1935,114789.00,29,F1,1,,,,,
2026-07-24,2026-07-24,CM,BSE,STK,890231,IN9161F01019,ANIRITPP,XT,,,,,ANIRIT VENTURES LIMITED,21.94,21.94,21.94,21.94,21.94,21.94,,21.94,,,1000,21940.00,1,F1,1,,,,,
2026-07-24,2026-07-24,CM,BSE,STK,890234,IN9316D01014,VERTEXPP,XT,,,,,Vertex Securities Ltd.,1.62,1.70,1.62,1.62,1.62,1.62,,1.62,,,12425,20698.00,14,F1,1,,,,,
2026-07-24,2026-07-24,CM,BSE,STK,890238,IN9736H01014,GSAILPP,X,,,,,G.S. Auto International Ltd.,7.11,7.23,6.59,7.13,7.11,7.42,,7.13,,,19902,139632.00,24,F1,1,,,,,
2026-07-24,2026-07-24,CM,BSE,STK,935584,INE906B07EJ8,76NHAI31,F,,,,,NHAI-7.6%-11-1-31-TAXFREENCD,1109.00,1110.00,1109.00,1110.00,1110.00,1108.00,,1107.00,,,240,266390.00,7,F1,1,,,,,
2026-07-24,2026-07-24,CM,BSE,STK,935642,INE031A07AO5,764HUDCO31,F,,,,,HUDCO-7.64%-8-2-31-TAXFREENCD,1112.01,1112.01,1112.01,1112.01,1112.01,1115.00,,1112.01,,,30,33360.00,1,F1,1,,,,,
2026-07-24,2026-07-24,CM,BSE,STK,935858,INE148I07GK5,885SCL26,F,,,,,SCL-8.85%-26-9-26-NCDS,1065.00,1068.00,1065.00,1068.00,1068.00,1060.50,,1068.00,,,575,612600.00,17,F1,1,,,,,
2026-07-24,2026-07-24,CM,BSE,STK,935860,INE148I07GL3,9SCL26BA,F,,,,,SCL-9%-26-9-26-NCDS,1070.00,1070.00,1070.00,1070.00,1070.00,1070.00,,1072.00,,,400,428000.00,1,F1,1,,,,,
2026-07-24,2026-07-24,CM,BSE,STK,936130,INE528S07110,888ECL28,F,,,,,ECL-8.88%-22-3-28-NCD,999.00,999.00,999.00,999.00,999.00,970.00,,996.50,,,92,91908.00,1,F1,1,,,,,
2026-07-24,2026-07-24,CM,BSE,STK,936132,INE528S07128,925ECL28,F,,,,,ECL-9.25%-22-3-28-NCD,1011.00,1011.00,1011.00,1011.00,1011.00,1011.00,,1011.00,,,100,101100.00,1,F1,1,,,,,
2026-07-24,2026-07-24,CM,BSE,STK,936224,INE651J07622,975JMFCS28,F,,,,,JMFCSL-9.75%-7-6-28-NCD,1058.50,1059.00,1058.50,1059.00,1059.00,1054.95,,1059.00,,,50,52943.00,2,F1,1,,,,,
2026-07-24,2026-07-24,CM,BSE,STK,936236,INE721A07NX5,94SFL28,F,,,,,SFL-9.40%-12-7-28-NCD,1041.00,1041.00,1041.00,1041.00,1041.00,1040.00,,1041.00,,,54,56214.00,2,F1,1,,,,,
2026-07-24,2026-07-24,CM,BSE,STK,936254,INE804I079Y6,985ECL28,F,,,,,EFL-9.85%-6-8-28-NCD,1006.35,1006.35,1006.35,1006.35,1006.35,999.99,,1003.18,,,525,528333.00,5,F1,1,,,,,
2026-07-24,2026-07-24,CM,BSE,STK,936294,INE306N08292,910TCAP28,F,,,,,TCAP-9.10%-27-9-28-NCD,1103.00,1103.00,1103.00,1103.00,1103.00,1106.00,,1103.00,,,51,56253.00,1,F1,1,,,,,
2026-07-24,2026-07-24,CM,BSE,STK,936398,INE804IA7014,1015ECL29,F,,,,,EFL-10.15%-4-1-29-NCD,1008.00,1018.99,1008.00,1013.01,1013.01,1010.00,,1013.60,,,140,141384.00,6,F1,1,,,,,
2026-07-24,2026-07-24,CM,BSE,STK,936412,INE774D07SW9,93MMFSL27,F,,,,,MMFSL-9.3%-18-1-27-NCD,1036.00,1039.00,1036.00,1036.50,1036.50,1035.41,,1036.50,,,173,179244.00,5,F1,1,,,,,
2026-07-24,2026-07-24,CM,BSE,STK,936478,INE866I08295,105IIFL29,F,,,,,IFL-10.5%-7-2-29-NCD,1045.00,1045.00,1045.00,1045.00,1045.00,1050.00,,1072.00,,,5,5225.00,1,F1,1,,,,,
2026-07-24,2026-07-24,CM,BSE,STK,936532,INE027E07998,898LTF29,F,,,,,LTF-8.98%-13-3-29-NCD,1079.00,1079.99,1079.00,1079.99,1079.99,1089.90,,1073.00,,,10,10790.00,2,F1,1,,,,,
2026-07-24,2026-07-24,CM,BSE,STK,936578,INE027E07AN7,87LTF27,F,,,,,LTF-8.7%-15-4-27-NCD,1030.00,1030.00,1030.00,1030.00,1030.00,1010.00,,1030.00,,,25,25750.00,1,F1,1,,,,,
2026-07-24,2026-07-24,CM,BSE,STK,936722,INE804IA7139,995ECL29A,F,,,,,EFL-9.95%-23-5-29-NCD,1005.00,1011.00,1005.00,1010.85,1011.00,1001.00,,1010.85,,,40,40434.00,2,F1,1,,,,,
2026-07-24,2026-07-24,CM,BSE,STK,936959,INE360T07082,MHFLZC26,F,,,,,MHFL-ZC-7-9-26-NCD,1965.00,1965.00,1965.00,1965.00,1965.00,1967.97,,1965.00,,,64,125760.00,1,F1,1,,,,,
2026-07-24,2026-07-24,CM,BSE,STK,936975,INE804IA7246,995ECL29,F,,,,,ECL-9.95%-28-11-29-NCD,1000.00,1000.00,1000.00,1000.00,1000.00,983.10,,1000.00,,,70,70000.00,1,F1,1,,,,,
2026-07-24,2026-07-24,CM,BSE,STK,937053,INE033L07GS6,81TCHF28,F,,,,,TCHF-8.1%-14-1-28-NCD,1012.95,1012.95,1012.90,1012.90,1012.90,1012.98,,1014.40,,,135,136745.00,6,F1,1,,,,,
2026-07-24,2026-07-24,CM,BSE,STK,937345,INE532F07BP6,953EFSL31,F,,,,,EFSL-9.53%-8-1-31-NCD,970.00,980.00,970.00,971.07,980.00,989.90,,971.07,,,28,27190.00,2,F1,1,,,,,
2026-07-24,2026-07-24,CM,BSE,STK,937385,INE134E07AT8,715PFCL36,F,,,,,PFCL-7.15%-22-1-36-NCD,1018.98,1018.99,1018.98,1018.99,1018.99,991.03,,1018.99,,,7,7132.00,3,F1,1,,,,,
2026-07-24,2026-07-24,CM,BSE,STK,937409,INE549K08178,9MFL27,F,,,,,MFL-9%-29-1-27-NCD,994.00,994.00,994.00,994.00,994.00,995.00,,994.00,,,300,298200.00,28,F1,1,,,,,
2026-07-24,2026-07-24,CM,BSE,STK,937501,INE532F07CA6,930EFSL31,F,,,,,EFSL-9.30%-29-4-31-NCD,989.00,989.00,989.00,989.00,989.00,989.00,,989.00,,,87,86043.00,2,F1,1,,,,,
2026-07-24,2026-07-24,CM,BSE,STK,937503,INE532F07CB4,970EFSL31,F,,,,,EFSL-9.70%-29-4-31-NCD,968.00,980.80,968.00,980.80,980.80,968.00,,980.80,,,192,187084.00,2,F1,1,,,,,
2026-07-24,2026-07-24,CM,BSE,STK,937537,INE219X07264,82IGT31,F,,,,,IGT-8.2%-6-5-31-INVIT-NCD,1026.00,1026.00,1026.00,1026.00,1026.00,1023.00,,1026.00,,,78,80028.00,1,F1,1,,,,,
2026-07-24,2026-07-24,CM,BSE,STK,937581,INE516Y07428,9PFL31A,F,,,,,PFL-9%-23-07-31-NCD,1017.00,1017.00,1017.00,1017.00,1017.00,1025.00,,1017.00,,,100,101700.00,3,F1,1,,,,,
2026-07-24,2026-07-24,CM,BSE,STK,937631,INE532F07CF5,915EFSL26,F,,,,,EFSL-9.15%-10-9-26-NCD,990.00,1010.00,990.00,992.50,992.50,1009.99,,992.50,,,131,131186.00,5,F1,1,,,,,
2026-07-24,2026-07-24,CM,BSE,STK,937635,INE532F07CH1,EFSL26,F,,,,,EFSL-10-9-26-NCD,1550.00,1551.30,1550.00,1551.30,1551.30,1549.40,,1551.30,,,131,203068.00,6,F1,1,,,,,
2026-07-24,2026-07-24,CM,BSE,STK,937637,INE532F07CI9,93EFSL31,F,,,,,EFSL-9.30%-10-9-31-NCD,972.49,972.49,970.00,972.00,972.00,975.49,,972.00,,,120,116462.00,3,F1,1,,,,,
2026-07-24,2026-07-24,CM,BSE,STK,937707,INE523H07BO4,820JMFPL26,F,,,,,JMFPL-8.20%-7-10-26-NCD,1059.80,1059.80,1051.55,1056.00,1056.00,1056.64,,1056.00,,,152,160075.00,6,F1,1,,,,,
2026-07-24,2026-07-24,CM,BSE,STK,937709,INE523H07BP1,791JMFPL26,F,,,,,JMFPL-7.91%-7-10-26-NCD,1090.00,1090.00,999.00,999.00,999.00,989.55,,999.00,,,52,56498.00,2,F1,1,,,,,
2026-07-24,2026-07-24,CM,BSE,STK,937723,INE530B07179,875IIFL26,F,,,,,IIFL-8.75%-14-10-26-NCD,1062.50,1065.80,1062.50,1065.80,1065.80,1063.21,,1065.80,,,162,172151.00,5,F1,1,,,,,
2026-07-24,2026-07-24,CM,BSE,STK,937801,INE532F07CR0,955EFSL26B,F,,,,,EFSL-9.55%-28-12-26-NCD,1049.00,1050.00,1049.00,1049.20,1049.00,1044.99,,1049.20,,,225,236050.00,3,F1,1,,,,,
2026-07-24,2026-07-24,CM,BSE,STK,937805,INE532F07CT6,93EFSL31A,F,,,,,EFSL-9.30%-28-12-31-NCD,970.00,970.00,961.21,965.00,965.00,970.00,,965.00,,,49,47427.00,3,F1,1,,,,,
2026-07-24,2026-07-24,CM,BSE,STK,937835,INE477L07AS8,IIFLHF29,F,,,,,IHFL-ZC-3-1-29-NCD,1380.00,1380.00,1380.00,1380.00,1380.00,1270.45,,1380.00,,,5,6900.00,2,F1,1,,,,,
2026-07-24,2026-07-24,CM,BSE,STK,937861,INE148I07LC2,925SCFL27,F,,,,,SCL-9.25%-6-1-27-NCD,1032.20,1032.20,1032.20,1032.20,1032.20,1028.00,,1038.00,,,110,113542.00,1,F1,1,,,,,
2026-07-24,2026-07-24,CM,BSE,STK,937899,INE549K07BI5,MFLZC30,F,,,,,MFL-ZC-2-2-30-NCD,1435.82,1435.82,1435.82,1435.82,1435.82,1430.00,,1435.82,,,102,146453.00,1,F1,1,,,,,
2026-07-24,2026-07-24,CM,BSE,STK,937985,INE302E07466,10SFL27,F,,,,,SFL-10%-29-04-27-NCD,990.00,990.00,990.00,990.00,990.00,990.00,,990.00,,,5,4950.00,2,F1,1,,,,,
2026-07-24,2026-07-24,CM,BSE,STK,937999,INE530L07475,915NIDO27,F,,,,,NIDO-9.15%-29-4-27-NCD,994.00,994.00,994.00,994.00,994.00,994.99,,994.00,,,107,106358.00,2,F1,1,,,,,
2026-07-24,2026-07-24,CM,BSE,STK,938005,INE530L07509,930NIDO32,F,,,,,NIDO-9.30%-29-4-32-NCD,985.00,985.00,985.00,985.00,985.00,980.00,,985.00,,,300,295500.00,1,F1,1,,,,,
2026-07-24,2026-07-24,CM,BSE,STK,938007,INE530L07517,970NIDO32,F,,,,,NIDO-9.70%-29-4-32-NCD,1015.00,1015.00,1015.00,1015.00,1015.00,1010.00,,1015.00,,,20,20300.00,1,F1,1,,,,,
2026-07-24,2026-07-24,CM,BSE,STK,938011,INE414G07GE8,MFLII27B,F,,,,,MFL-II-5-5-27-NCD,985.00,985.00,985.00,985.00,985.00,984.00,,985.00,,,100,98500.00,2,F1,1,,,,,
2026-07-24,2026-07-24,CM,BSE,STK,938067,INE414G07GM1,MFLII27,F,,,,,MFL-23-6-27-NCD,973.20,973.20,973.20,973.20,973.20,988.90,,973.20,,,2,1946.00,1,F1,1,,,,,
2026-07-24,2026-07-24,CM,BSE,STK,938105,INE523L07710,916NWIL27,F,,,,,NWIL-9.16%-15-7-27-NCD,1000.00,1000.00,995.01,995.01,995.01,996.00,,995.01,,,330,328602.00,3,F1,1,,,,,
2026-07-24,2026-07-24,CM,BSE,STK,938135,INE549K07BN5,835MFL26,F,,,,,MFL-8.35%-6-9-26-NCD,1000.00,1000.00,1000.00,1000.00,1000.00,1000.00,,1000.00,,,14,14000.00,1,F1,1,,,,,
2026-07-24,2026-07-24,CM,BSE,STK,938180,INE148I07ML1,905SC24B,F,,,,,SCL-9.15%-28-9-27-NCD,999.90,999.90,950.00,950.00,950.00,920.50,,950.00,,,108,102999.00,2,F1,1,,,,,
2026-07-24,2026-07-24,CM,BSE,STK,938212,INE532F07DB2,935EFSL27,F,,,,,EFSL-9.35%-20-10-27-NCD,997.30,997.30,997.30,997.30,997.30,999.90,,997.30,,,50,49865.00,1,F1,1,,,,,
2026-07-24,2026-07-24,CM,BSE,STK,938218,INE532F07DD8,965EFSL32,F,,,,,EFSL-9.65%-20-10-32-NCD,980.00,984.90,965.00,984.90,984.90,984.80,,984.90,,,669,646680.00,5,F1,1,,,,,
2026-07-24,2026-07-24,CM,BSE,STK,938220,INE532F07DE6,1010EFSL32,F,,,,,EFSL-10.10%-20-10-32-NCD,1040.00,1040.00,1040.00,1040.00,1040.00,1025.50,,1040.00,,,21,21840.00,3,F1,1,,,,,
2026-07-24,2026-07-24,CM,BSE,STK,938222,INE0H7R07017,79NHIT35,F,,,,,NHIT-25-10-35-INVIT,310.45,310.49,310.39,310.39,310.39,310.50,,310.39,,,640,198671.00,3,F1,1,,,,,
2026-07-24,2026-07-24,CM,BSE,STK,938224,INE0H7R07025,79NHIT40,F,,,,,NHIT-25-10-40-INVIT,304.25,304.25,304.20,304.20,304.20,306.55,,305.68,,,500,152110.00,2,F1,1,,,,,
2026-07-24,2026-07-24,CM,BSE,STK,938256,INE414G07GV2,MFLTDII27,F,,,,,MFL-3-11-27-NCD,990.00,990.00,990.00,990.00,990.00,990.00,,990.00,,,100,99000.00,1,F1,1,,,,,
2026-07-24,2026-07-24,CM,BSE,STK,938264,INE414G07GY6,MFLV27,F,,,,,MFL-3-11-27-NCD,1041.00,1041.00,1041.00,1041.00,1041.00,1057.90,,1041.00,,,150,156150.00,3,F1,1,,,,,
2026-07-24,2026-07-24,CM,BSE,STK,938278,INE741K07496,10CAGL27,F,,,,,CAGL-10%-23-11-27-NCD,1212.00,1212.00,1212.00,1212.00,1212.00,1010.00,,1212.00,,,230,278760.00,1,F1,1,,,,,
2026-07-24,2026-07-24,CM,BSE,STK,938330,INE051307AB8,115CCIL28,F,,,,,CCIL-11.50%-11-1-28-NCD,1009.19,1009.19,1009.19,1009.19,1009.19,1000.00,,1009.19,,,1,1009.00,1,F1,1,,,,,
2026-07-24,2026-07-24,CM,BSE,STK,938348,INE403Q07DF4,95KFL27,F,,,,,KFL-9.5%-15-1-27-NCD,993.00,993.00,993.00,993.00,993.00,991.11,,993.00,,,44,43692.00,1,F1,1,,,,,
2026-07-24,2026-07-24,CM,BSE,STK,938364,INE532F07DK3,967EFSL28D,F,,,,,EFSL-9.67%-20-1-28-NCD,972.00,999.00,972.00,999.00,999.00,999.00,,999.00,,,219,218659.00,10,F1,1,,,,,
2026-07-24,2026-07-24,CM,BSE,STK,938368,INE532F07DG1,EFSLZC28,F,,,,,EFSL-Zero Coupon-20-1-28-NCD,1365.20,1365.20,1365.20,1365.20,1365.20,1384.80,,1365.20,,,11,15017.00,1,F1,1,,,,,
2026-07-24,2026-07-24,CM,BSE,STK,938370,INE532F07DH9,10EFSL33B,F,,,,,EFSL-10%-20-1-33-NCD,998.00,998.00,990.00,990.00,990.00,997.92,,990.00,,,1112,1108883.00,13,F1,1,,,,,
2026-07-24,2026-07-24,CM,BSE,STK,938382,INE530B07310,865IIFL28,F,,,,,IIFL-8.65%-25-1-28-NCD,992.90,995.00,990.00,995.00,995.00,992.90,,993.00,,,211,209557.00,6,F1,1,,,,,
2026-07-24,2026-07-24,CM,BSE,STK,938436,INE414G07HM9,785MFL28,F,,,,,MFL-7.85%-10-4-28-NCD,985.01,985.01,985.01,985.01,985.01,981.05,,985.01,,,1,985.00,1,F1,1,,,,,
2026-07-24,2026-07-24,CM,BSE,STK,938462,INE01I507737,1050KLMA28,F,,,,,KLMAFL-10.50%-9-3-28-NCD,1080.00,1080.00,1040.00,1040.00,1040.00,990.00,,1040.00,,,2,2120.00,2,F1,1,,,,,
2026-07-24,2026-07-24,CM,BSE,STK,938466,INE01I507752,KAFLZC30,F,,,,,KLMAFL-Zero Coupon-9-1-30-NCD,1260.00,1275.00,1260.00,1275.00,1275.00,1360.00,,1275.00,,,2,2535.00,2,F1,1,,,,,
2026-07-24,2026-07-24,CM,BSE,STK,938524,INE532F07DT4,967EFSL28,F,,,,,EFSL-9.67%-27-4-28-NCD,1000.00,1000.00,993.00,996.34,993.00,1005.00,,996.34,,,68,67751.00,4,F1,1,,,,,
2026-07-24,2026-07-24,CM,BSE,STK,938532,INE532F07DY4,1045EFS33B,F,,,,,EFSL-10.45%-27-4-33-NCD,1015.00,1015.00,1015.00,1015.00,1015.00,1010.00,,1015.00,,,98,99470.00,1,F1,1,,,,,
2026-07-24,2026-07-24,CM,BSE,STK,938570,INE549K07CC6,9MFL30A,F,,,,,MFL-9%-2-5-30-NCD,990.00,1005.00,990.00,1005.00,1005.00,1005.00,,1005.00,,,205,205950.00,3,F1,1,,,,,
2026-07-24,2026-07-24,CM,BSE,STK,938604,INE302E07565,1025SFL28,F,,,,,SFL-10.25%-8-5-28-NCD,1025.00,1025.00,1025.00,1025.00,1025.00,1010.00,,1025.00,,,20,20500.00,1,F1,1,,,,,
2026-07-24,2026-07-24,CM,BSE,STK,938658,INE532F07EG9,967EFS28,F,,,,,EFSL-9.67%-21-7-28-NCD,999.90,999.90,999.90,999.90,999.90,992.30,,999.90,,,10,9999.00,1,F1,1,,,,,
2026-07-24,2026-07-24,CM,BSE,STK,938664,INE532F07EI5,10EFS33,F,,,,,EFSL-10%-21-7-33-NCD,998.00,998.50,998.00,998.08,998.50,998.50,,998.08,,,501,500035.00,3,F1,1,,,,,
2026-07-24,2026-07-24,CM,BSE,STK,938706,INE134E07CK3,755PFCL38,F,,,,,PFC-7.55%-1-8-38-NCD,1000.00,1000.00,999.99,1000.00,1000.00,1000.00,,1000.00,,,1320,1319995.00,3,F1,1,,,,,
2026-07-24,2026-07-24,CM,BSE,STK,938788,INE549K07CQ6,890MFL26A,F,,,,,MFL-8.90%-20-9-26-NCD,995.00,995.00,995.00,995.00,995.00,999.29,,995.00,,,154,153230.00,3,F1,1,,,,,
2026-07-24,2026-07-24,CM,BSE,STK,938800,INE549K07CJ1,MFL26F,F,,,,,MFL-20-9-26-NCD,1279.00,1279.00,1279.00,1279.00,1279.00,1279.00,,1279.00,,,115,147085.00,4,F1,1,,,,,
2026-07-24,2026-07-24,CM,BSE,STK,938882,INE860H07IQ0,8ABCL26,F,,,,,ABCL-8%-9-10-26-NCD,1060.50,1060.50,1060.50,1060.50,1060.50,1060.50,,1058.75,,,60,63630.00,5,F1,1,,,,,
2026-07-24,2026-07-24,CM,BSE,STK,938884,INE860H07IR8,ABCL26,F,,,,,ABCL-9-10-26-NCD,1234.00,1234.00,1234.00,1234.00,1234.00,1232.00,,1234.00,,,25,30850.00,1,F1,1,,,,,
2026-07-24,2026-07-24,CM,BSE,STK,938892,INE860H07IS6,81ABCL33,F,,,,,ABCL-8.10%-9-10-33-NCD,1070.00,1070.00,1070.00,1070.00,1070.00,1040.00,,1070.00,,,10,10700.00,1,F1,1,,,,,
2026-07-24,2026-07-24,CM,BSE,STK,938902,INE532F07ES4,EFSLZC26C,F,,,,,EFSL-ZC-26-10-26-NCD,1272.00,1278.50,1272.00,1278.50,1278.50,1278.50,,1278.50,,,77,98243.00,7,F1,1,,,,,
2026-07-24,2026-07-24,CM,BSE,STK,938904,INE532F07EO3,967EFSL28A,F,,,,,EFSL-9.67%-26-10-28-NCD,999.90,999.90,999.90,999.90,999.90,990.00,,999.90,,,1,999.00,1,F1,1,,,,,
2026-07-24,2026-07-24,CM,BSE,STK,938910,INE532F07EL9,10EFSL33A,F,,,,,EFSL-10%-26-10-33-NCD,998.40,998.40,990.00,990.27,990.00,990.00,,990.27,,,247,244795.00,7,F1,1,,,,,
2026-07-24,2026-07-24,CM,BSE,STK,938916,INE549K07CS2,89MFL26,F,,,,,MFL-8.9%-1-11-26-NCD,986.55,986.55,986.55,986.55,986.55,998.80,,986.55,,,1,986.00,1,F1,1,,,,,
2026-07-24,2026-07-24,CM,BSE,STK,938928,INE549K07CY0,MFL26D,F,,,,,MFL-1-11-26-NCD,1264.80,1264.80,1264.80,1264.80,1264.80,1264.80,,1264.80,,,225,284580.00,1,F1,1,,,,,
2026-07-24,2026-07-24,CM,BSE,STK,938956,INE140A07765,920PFL28,F,,,,,PFL-9.20%-3-11-28-NCD,1056.56,1056.56,1056.56,1056.56,1056.56,1047.00,,1056.56,,,75,79242.00,1,F1,1,,,,,
2026-07-24,2026-07-24,CM,BSE,STK,938958,INE140A07773,935PFL33,F,,,,,PFL-9.35%-3-11-33-NCD,1134.00,1140.00,1134.00,1140.00,1140.00,1110.00,,1140.00,,,25,28470.00,2,F1,1,,,,,
2026-07-24,2026-07-24,CM,BSE,STK,938994,INE148I07QX7,1003SCL30A,F,,,,,SCL-10.03%-9-11-30-NCD,880.00,880.00,880.00,880.00,880.00,914.20,,880.00,,,50,44000.00,1,F1,1,,,,,
2026-07-24,2026-07-24,CM,BSE,STK,939020,INE121A07RK6,CIFCZC26,F,,,,,CIFCL-ZC-7-12-26-NCD,1260.00,1260.00,1260.00,1260.00,1260.00,1051.20,,1236.50,,,1,1260.00,1,F1,1,,,,,
2026-07-24,2026-07-24,CM,BSE,STK,939050,INE413U07236,957ISFL26,F,,,,,ISFL-9.57%-21-12-26-NCD,1003.00,1003.00,1003.00,1003.00,1003.00,1003.00,,1002.00,,,23,23069.00,1,F1,1,,,,,
2026-07-24,2026-07-24,CM,BSE,STK,939056,INE413U07251,1050ISFL28,F,,,,,ISFL-10.50%-21-12-28-NCD,1036.50,1036.50,1036.50,1036.50,1036.50,1036.20,,1036.50,,,5,5182.00,1,F1,1,,,,,
2026-07-24,2026-07-24,CM,BSE,STK,939128,INE148I07RP1,980SCL33D,F,,,,,SCL-9.71%-27-12-28-NCD,1050.00,1050.00,1050.00,1050.00,1050.00,986.40,,1050.00,,,6,6300.00,1,F1,1,,,,,
2026-07-24,2026-07-24,CM,BSE,STK,939196,INE532F07EY2,967EFSL29,F,,,,,EFSL-9.67%-29-1-29-NCD,993.25,993.25,993.00,993.00,993.00,997.00,,993.00,,,500,496518.00,2,F1,1,,,,,
2026-07-24,2026-07-24,CM,BSE,STK,939206,INE414G07IW6,825MFL27,F,,,,,MFL-8.25%-25-1-27-NCD,992.00,992.00,991.00,991.02,991.00,1004.00,,991.02,,,120,118922.00,3,F1,1,,,,,
2026-07-24,2026-07-24,CM,BSE,STK,939212,INE414G07IV8,850MFL27A,F,,,,,MFL-8.50%-25-1-27-NCD,1042.49,1042.49,1042.00,1042.00,1042.00,1034.00,,1042.00,,,215,224086.00,2,F1,1,,,,,
2026-07-24,2026-07-24,CM,BSE,STK,939309,INE530L07673,1026NIDO34,F,,,,,NHFL-10.26%-1-3-34-NCD,1000.00,1000.00,1000.00,1000.00,1000.00,1000.00,,1000.00,,,3,3000.00,1,F1,1,,,,,
2026-07-24,2026-07-24,CM,BSE,STK,939321,INE051307AT0,1150CCIL29,F,,,,,CCIL-11.50%-10-3-29-NCD,1020.00,1020.00,1020.00,1020.00,1020.00,1020.00,,1020.00,,,25,25500.00,1,F1,1,,,,,
2026-07-24,2026-07-24,CM,BSE,STK,939423,INE532F07FN2,967EFSL29A,F,,,,,EFSL-9.67%-29-4-29-NCD,980.00,988.00,978.00,988.00,988.00,990.00,,988.00,,,55,53930.00,3,F1,1,,,,,
2026-07-24,2026-07-24,CM,BSE,STK,939435,INE532F07FI2,1010EFS29A,F,,,,,EFSL-10.10%-29-4-29-NCD,1000.00,1000.00,1000.00,1000.00,1000.00,966.20,,1000.00,,,100,100000.00,1,F1,1,,,,,
2026-07-24,2026-07-24,CM,BSE,STK,939477,INE338I07164,897MOFSL29,F,,,,,MOFSL-8.97%-9-5-29-NCD,1030.00,1030.00,1030.00,1030.00,1030.00,1030.00,,1037.50,,,5,5150.00,1,F1,1,,,,,
2026-07-24,2026-07-24,CM,BSE,STK,939481,INE338I07115,93MOFSL34,F,,,,,MOFSL-9.3%-9-5-34-NCD,1087.00,1087.00,1087.00,1087.00,1087.00,1087.00,,1087.00,,,10,10870.00,2,F1,1,,,,,
2026-07-24,2026-07-24,CM,BSE,STK,939529,INE148I07TR3,1015SCL29,F,,,,,SCL-10.15%-31-5-29-NCD,963.00,963.00,951.10,951.10,951.10,951.10,,988.55,,,30,28592.00,2,F1,1,,,,,
2026-07-24,2026-07-24,CM,BSE,STK,939631,INE532F07FZ6,1049EFSL34,F,,,,,EFSL-10.49%-26-7-34-NCD,1011.00,1011.00,1003.15,1010.00,1010.00,1002.01,,1010.00,,,166,167200.00,6,F1,1,,,,,
2026-07-24,2026-07-24,CM,BSE,STK,939633,INE532F07FX1,11EFSL34,F,,,,,EFSL-11%-26-7-34-NCD,1010.00,1010.60,1010.00,1010.00,1010.00,1060.00,,1010.00,,,332,335369.00,7,F1,1,,,,,
2026-07-24,2026-07-24,CM,BSE,STK,939635,INE532F07FY9,11EFSL34A,F,,,,,EFSL-11%-26-7-34-NCD,1000.00,1010.00,1000.00,1010.00,1010.00,1045.00,,1010.00,,,1315,1318150.00,10,F1,1,,,,,
2026-07-24,2026-07-24,CM,BSE,STK,939711,INE05F407CM1,1125MML27,F,,,,,MML-11.25%-11-9-27-NCD,998.00,998.00,998.00,998.00,998.00,998.00,,998.00,,,327,326346.00,3,F1,1,,,,,
2026-07-24,2026-07-24,CM,BSE,STK,939725,INE423A07310,932AEL27,F,,,,,AEL-9.32%-12-9-27-NCD,1025.01,1031.10,1025.00,1029.35,1026.25,1028.00,,1029.35,,,607,623961.00,22,F1,1,,,,,
2026-07-24,2026-07-24,CM,BSE,STK,939727,INE423A07328,965AEL27,F,,,,,AEL-9.65%-12-9-27-NCD,1094.00,1094.00,1094.00,1094.00,1094.00,1091.00,,1094.45,,,48,52512.00,2,F1,1,,,,,
2026-07-24,2026-07-24,CM,BSE,STK,939743,INE549K07EI9,965MFCL30,F,,,,,MFCL-9.65%-16-9-30-NCD,990.00,990.00,990.00,990.00,990.00,1012.00,,990.00,,,2,1980.00,1,F1,1,,,,,
2026-07-24,2026-07-24,CM,BSE,STK,939747,INE549K07EE8,965MFCL27,F,,,,,MFCL-9.65%-16-9-27-NCD,1054.22,1054.22,1054.20,1054.20,1054.20,1059.80,,1054.20,,,100,105421.00,2,F1,1,,,,,
2026-07-24,2026-07-24,CM,BSE,STK,939753,INE549K07EL3,MFCL160924,F,,,,,MFCL-16-9-26-NCD,1175.00,1175.00,1175.00,1175.00,1175.00,1160.50,,1175.00,,,63,74025.00,3,F1,1,,,,,
2026-07-24,2026-07-24,CM,BSE,STK,939823,INE530L07897,1003NHF29,F,,,,,NHFL-10.03%-8-10-29-NCD,1002.00,1002.00,999.00,1002.00,1002.00,1002.00,,1002.00,,,100,100110.00,7,F1,1,,,,,
2026-07-24,2026-07-24,CM,BSE,STK,939829,INE530L07921,1049NHFL34,F,,,,,NHFL-10.49%-8-10-34-NCD,1010.00,1015.00,1010.00,1015.00,1015.00,1000.00,,1015.00,,,94,95365.00,4,F1,1,,,,,
2026-07-24,2026-07-24,CM,BSE,STK,939835,INE583D07521,1025UCL26A,F,,,,,UCL-10.25%-24-10-26-NCD,1001.00,1001.00,1001.00,1001.00,1001.00,1001.00,,999.00,,,40,40040.00,1,F1,1,,,,,
2026-07-24,2026-07-24,CM,BSE,STK,939841,INE532F07GC3,EFSL241024,F,,,,,EFSL-24-10-26-NCD,1158.45,1158.45,1158.45,1158.45,1158.45,1166.75,,1158.45,,,10,11584.00,1,F1,1,,,,,
2026-07-24,2026-07-24,CM,BSE,STK,939851,INE532F07GF6,1050EFS29C,F,,,,,EFSL-10.50%-24-10-29-NCD,1051.60,1051.60,1051.60,1051.60,1051.60,1065.80,,1051.60,,,3,3154.00,1,F1,1,,,,,
2026-07-24,2026-07-24,CM,BSE,STK,939857,INE532F07GI0,1049EFS34A,F,,,,,EFSL-10.49%-24-10-34-NCD,999.80,999.80,999.80,999.80,999.80,1018.00,,999.80,,,176,175964.00,1,F1,1,,,,,
2026-07-24,2026-07-24,CM,BSE,STK,939873,INE549K07EO7,965MFCL27A,F,,,,,MFCL-9.65%-30-10-27-NCD,1050.22,1050.22,1050.22,1050.22,1050.22,1060.00,,1050.22,,,10,10502.00,1,F1,1,,,,,
2026-07-24,2026-07-24,CM,BSE,STK,939899,INE0BUS07BE5,12IML29,F,,,,,IML-12%-7-11-29-NCD,1065.00,1065.00,1065.00,1065.00,1065.00,1015.00,,1065.00,,,100,106500.00,1,F1,1,,,,,
2026-07-24,2026-07-24,CM,BSE,STK,939923,INE01CY078R1,1250ICLF29,F,,,,,ICLFL-12.20%-02-12-29-NCD,1000.01,1000.01,1000.01,1000.01,1000.01,1020.99,,1000.01,,,6,6000.00,2,F1,1,,,,,
2026-07-24,2026-07-24,CM,BSE,STK,939969,INE403Q07FB8,KFL121224E,F,,,,,KFL-11-12-28-NCD,1130.00,1130.00,1069.00,1130.00,1130.00,1130.00,,1130.00,,,1332,1445950.00,22,F1,1,,,,,
2026-07-24,2026-07-24,CM,BSE,STK,940049,INE530L07947,1049NHFL35,F,,,,,NHFL-10.49%-6-1-35-NCD,993.00,1014.00,993.00,1014.00,1014.00,993.00,,1014.00,,,149,149984.00,4,F1,1,,,,,
2026-07-24,2026-07-24,CM,BSE,STK,940053,INE549K07EZ3,9MFLIII27,F,,,,,MFLIII-9%-10-1-27-NCD,996.24,996.24,996.24,996.24,996.24,995.00,,996.24,,,10,9962.00,1,F1,1,,,,,
2026-07-24,2026-07-24,CM,BSE,STK,940055,INE549K07FJ4,925MFL28,F,,,,,MFLIII-9.25%-10-1-28-NCD,1003.00,1003.00,1003.00,1003.00,1003.00,1003.00,,1003.00,,,300,300900.00,1,F1,1,,,,,
2026-07-24,2026-07-24,CM,BSE,STK,940059,INE549K07FF2,965MFL31,F,,,,,MFLIII-9.65%-10-1-31-NCD,1011.85,1011.85,1005.00,1011.58,1005.00,1005.00,,1011.58,,,350,353355.00,6,F1,1,,,,,
2026-07-24,2026-07-24,CM,BSE,STK,940097,INE532F07GO8,950EFSL27,F,,,,,EFSL-9.50%-24-1-27-NCD,1040.00,1044.80,1040.00,1044.70,1044.70,1045.80,,1044.70,,,200,208536.00,5,F1,1,,,,,
2026-07-24,2026-07-24,CM,BSE,STK,940099,INE532F07GP5,EFSL240125,F,,,,,EFSL-24-1-27-NCD,1134.80,1134.80,1134.80,1134.80,1134.80,1134.80,,1134.80,,,62,70357.00,1,F1,1,,,,,
2026-07-24,2026-07-24,CM,BSE,STK,940125,INE01CY079A5,12ICLFL28,F,,,,,ICLFL-12%-27-1-28-NCD,993.00,993.00,993.00,993.00,993.00,989.92,,993.00,,,100,99300.00,2,F1,1,,,,,
2026-07-24,2026-07-24,CM,BSE,STK,940159,INE549K07FM8,9MFLIV27,F,,,,,MFLIV-9%-24-2-27-NCD,985.02,985.02,985.02,985.02,985.02,990.08,,985.02,,,18,17730.00,1,F1,1,,,,,
2026-07-24,2026-07-24,CM,BSE,STK,940165,INE549K07FT3,965MFLIV31,F,,,,,MFLIV-9.65%-24-2-31-NCD,1003.40,1003.40,1003.40,1003.40,1003.40,1003.20,,1003.40,,,88,88299.00,2,F1,1,,,,,
2026-07-24,2026-07-24,CM,BSE,STK,940169,INE549K07FY3,940MFLIV27,F,,,,,MFLIV-9.40%-24-2-27-NCD,1011.23,1011.25,1011.23,1011.23,1011.23,980.53,,1011.23,,,100,101123.00,7,F1,1,,,,,
2026-07-24,2026-07-24,CM,BSE,STK,940177,INE549K07FQ9,MFLIV24225,F,,,,,MFLIV-24-8-26-NCD,1130.00,1130.00,1130.00,1130.00,1130.00,1126.08,,1130.00,,,21,23730.00,2,F1,1,,,,,
2026-07-24,2026-07-24,CM,BSE,STK,940191,INE148I07WH8,925SCL27B,F,,,,,SCL-9.25%-19-03-27-NCD,976.70,976.70,976.70,976.70,976.70,920.00,,976.70,,,100,97670.00,4,F1,1,,,,,
2026-07-24,2026-07-24,CM,BSE,STK,940255,INE530L07AM7,1049NHF35,F,,,,,NHFL-10.49%-3-4-35-NCD,1013.00,1013.00,1013.00,1013.00,1013.00,1015.00,,1013.00,,,100,101300.00,1,F1,1,,,,,
2026-07-24,2026-07-24,CM,BSE,STK,940271,INE403Q07FF9,KFL150425B,F,,,,,KFL-14-7-28-NCD,1105.00,1105.00,1105.00,1105.00,1105.00,1055.00,,1105.00,,,150,165750.00,1,F1,1,,,,,
2026-07-24,2026-07-24,CM,BSE,STK,940307,INE583D07562,10UCL26,F,,,,,UCL-10%-24-10-26-NCD,1000.00,1000.00,999.00,999.00,999.00,1000.00,,999.00,,,240,239860.00,2,F1,1,,,,,
2026-07-24,2026-07-24,CM,BSE,STK,940315,INE583D07596,1050UCL28,F,,,,,UCL-10.50%-24-10-28-NCD,1035.00,1035.00,1010.00,1010.00,1010.00,1015.00,,1005.55,,,41,42285.00,2,F1,1,,,,,
2026-07-24,2026-07-24,CM,BSE,STK,940317,INE103C07074,10SMCGSL27,F,,,,,SMCGSL-10%-24-04-27-NCD,1010.50,1010.50,1010.50,1010.50,1010.50,1009.90,,1010.50,,,10,10105.00,1,F1,1,,,,,
2026-07-24,2026-07-24,CM,BSE,STK,940319,INE103C07124,SMCG240425,F,,,,,SMCGSL-24-04-27-NCD,1110.00,1110.00,1110.00,1110.00,1110.00,1135.00,,1110.00,,,52,57720.00,4,F1,1,,,,,
2026-07-24,2026-07-24,CM,BSE,STK,940325,INE103C07082,1003SMCG30,F,,,,,SMCGSL-10.03%-24-04-30-NCD,1002.10,1003.05,1002.00,1002.30,1002.00,1002.00,,1002.30,,,573,574261.00,12,F1,1,,,,,
2026-07-24,2026-07-24,CM,BSE,STK,940335,INE532F07HI8,10EFSL28C,F,,,,,EFSL-10%-30-04-28-NCD,1000.20,1013.20,1000.20,1013.20,1013.20,1015.00,,1013.20,,,830,832516.00,10,F1,1,,,,,
2026-07-24,2026-07-24,CM,BSE,STK,940339,INE532F07HL2,1004EFS30D,F,,,,,EFSL-10.04%-30-04-30-NCD,940.00,940.00,940.00,940.00,940.00,940.00,,940.00,,,181,170140.00,1,F1,1,,,,,
2026-07-24,2026-07-24,CM,BSE,STK,940347,INE532F07HG2,1049EFS35F,F,,,,,EFSL-10.49%-30-04-35-NCD,1009.00,1009.00,1009.00,1009.00,1009.00,1014.24,,1009.00,,,20,20180.00,1,F1,1,,,,,
2026-07-24,2026-07-24,CM,BSE,STK,940349,INE532F07HB3,11EFSL35G,F,,,,,EFSL-11%-30-04-35-NCD,1045.00,1045.00,1045.00,1045.00,1045.00,1045.00,,1045.00,,,15,15675.00,1,F1,1,,,,,
2026-07-24,2026-07-24,CM,BSE,STK,940353,INE101Q07BC5,MML130525,F,,,,,MML-12-11-26-NCD,1096.50,1100.00,1096.50,1100.00,1100.00,1100.00,,1100.00,,,130,142895.00,2,F1,1,,,,,
2026-07-24,2026-07-24,CM,BSE,STK,940409,INE051307BQ4,105CCIL26A,F,,,,,CCIL-10.5%19-12-26-NCD,996.00,996.00,996.00,996.00,996.00,978.00,,996.00,,,8,7968.00,1,F1,1,,,,,
2026-07-24,2026-07-24,CM,BSE,STK,940423,INE530L07AT2,925NHFL27,F,,,,,NHFL-9.25%-02-07-27-NCD,970.20,970.20,970.20,970.20,970.20,1015.80,,970.20,,,10,9702.00,1,F1,1,,,,,
2026-07-24,2026-07-24,CM,BSE,STK,940439,INE530L07AQ8,1025NHFL35,F,,,,,NHFL-10.25%-02-07-35-NCD,1010.00,1010.00,1010.00,1010.00,1010.00,1009.99,,1010.00,,,15,15150.00,1,F1,1,,,,,
2026-07-24,2026-07-24,CM,BSE,STK,940443,INE549K07GW5,885MFCL27,F,,,,,MFCL-8.85%-16-7-27-NCD,1010.00,1010.00,988.00,988.00,988.00,990.00,,988.00,,,21,21188.00,2,F1,1,,,,,
2026-07-24,2026-07-24,CM,BSE,STK,940471,INE423A07427,885AEL28,F,,,,,AEL-8.85%-17-07-28-NCD,1015.00,1015.00,1015.00,1015.00,1015.00,1015.00,,1019.80,,,33,33495.00,1,F1,1,,,,,
2026-07-24,2026-07-24,CM,BSE,STK,940479,INE423A07393,930AEL30,F,,,,,AEL-9.30%-17-07-30-NCD,1055.45,1055.99,1055.45,1055.99,1055.99,1034.01,,1037.00,,,100,105593.00,2,F1,1,,,,,
2026-07-24,2026-07-24,CM,BSE,STK,940505,INE532F07HN8,975EFSL28,F,,,,,EFSL-9.75%-24-7-28-NCD,1005.80,1005.85,1005.80,1005.85,1005.85,1000.50,,1005.85,,,40,40233.00,3,F1,1,,,,,
2026-07-24,2026-07-24,CM,BSE,STK,940507,INE532F07HO6,EFSL24725,F,,,,,EFSL-24-7-28-NCD,1067.10,1067.10,1067.10,1067.10,1067.10,1060.20,,1067.10,,,20,21342.00,1,F1,1,,,,,
2026-07-24,2026-07-24,CM,BSE,STK,940511,INE532F07HU3,1025EFSL30,F,,,,,EFSL-10.25%-24-7-30-NCD,1000.00,1000.00,998.00,998.00,998.00,1005.80,,998.00,,,808,807406.00,14,F1,1,,,,,
2026-07-24,2026-07-24,CM,BSE,STK,940523,INE01I507AN1,95KAFL26,F,,,,,KAFL-9.5%-1-9-26-NCD,997.80,997.80,996.00,997.77,997.77,987.20,,997.77,,,114,113675.00,4,F1,1,,,,,
2026-07-24,2026-07-24,CM,BSE,STK,940541,INE01I507AU6,KAFL28725,F,,,,,KAFL-27-2-32-NCD,952.00,952.00,952.00,952.00,952.00,952.00,,952.00,,,10,9520.00,1,F1,1,,,,,
2026-07-24,2026-07-24,CM,BSE,STK,940545,INE05F407DH9,MML310725,F,,,,,MML-4-9-26-NCD,1086.00,1086.00,1086.00,1086.00,1086.00,1091.85,,1086.00,,,10,10860.00,1,F1,1,,,,,
2026-07-24,2026-07-24,CM,BSE,STK,940559,INE148I07XG8,865SCL27,F,,,,,SCL-8.65%-01-08-27-NCD,992.00,992.00,992.00,992.00,992.00,1000.00,,992.00,,,10,9920.00,1,F1,1,,,,,
2026-07-24,2026-07-24,CM,BSE,STK,940577,INE148I07XL8,965SCL30,F,,,,,SCL-9.65%-01-08-30-NCD,975.00,975.00,975.00,975.00,975.00,980.00,,975.00,,,39,38025.00,1,F1,1,,,,,
2026-07-24,2026-07-24,CM,BSE,STK,940585,INE148I07XS3,925SCL30A,F,,,,,SCL-9.25%-01-08-30-NCD,940.00,940.00,940.00,940.00,940.00,940.80,,940.00,,,185,173900.00,1,F1,1,,,,,
2026-07-24,2026-07-24,CM,BSE,STK,940609,INE01CYA7054,IFL200825,F,,,,,IFL-20-9-26-NCD,1089.80,1089.80,1089.80,1089.80,1089.80,1080.80,,1089.80,,,1,1089.00,1,F1,1,,,,,
2026-07-24,2026-07-24,CM,BSE,STK,940639,INE101Q07BM4,975MML28,F,,,,,MML-9.75%-29-8-28-NCD,952.00,988.00,952.00,988.00,988.00,988.00,,988.00,,,350,336800.00,3,F1,1,,,,,
2026-07-24,2026-07-24,CM,BSE,STK,940643,INE101Q07BJ0,105MML30,F,,,,,MML-10.5%-29-8-30-NCD,1060.51,1060.51,1060.51,1060.51,1060.51,1060.00,,1060.51,,,10,10605.00,1,F1,1,,,,,
2026-07-24,2026-07-24,CM,BSE,STK,940645,INE530L07BB8,9NHFL27,F,,,,,NHFL-9%-10-09-27-NCD,1050.50,1050.50,1050.50,1050.50,1050.50,1050.00,,1050.50,,,10,10505.00,1,F1,1,,,,,
2026-07-24,2026-07-24,CM,BSE,STK,940647,INE530L07BC6,NHFL10925,F,,,,,NHFL-10-09-27-NCD,1053.00,1055.00,1045.00,1050.17,1055.00,1045.00,,1050.17,,,390,409566.00,6,F1,1,,,,,
2026-07-24,2026-07-24,CM,BSE,STK,940649,INE530L07BD4,935NHFL28,F,,,,,NHFL-9.35%-10-09-28-NCD,986.50,989.00,985.00,989.00,989.00,985.00,,989.00,,,201,198141.00,4,F1,1,,,,,
2026-07-24,2026-07-24,CM,BSE,STK,940655,INE530L07BA0,980NHFL30,F,,,,,NHFL-9.80%-10-09-30-NCD,1010.00,1010.00,1007.00,1007.00,1007.00,1010.00,,1007.00,,,16,16157.00,3,F1,1,,,,,
2026-07-24,2026-07-24,CM,BSE,STK,940661,INE530L07BI3,1003NHFL35,F,,,,,NHFL-10.03%-10-09-35-NCD,1008.00,1008.00,1008.00,1008.00,1008.00,1010.00,,1008.00,,,1,1008.00,1,F1,1,,,,,
2026-07-24,2026-07-24,CM,BSE,STK,940669,INE532F07IA3,912EFSL28,F,,,,,EFSL-9.12%-7-10-28-NCD,980.50,990.80,980.50,990.00,990.00,980.51,,990.00,,,470,462245.00,8,F1,1,,,,,
2026-07-24,2026-07-24,CM,BSE,STK,940673,INE532F07IG0,EFSL071025,F,,,,,EFSL-7-10-28-NCD,1045.00,1045.00,1030.00,1045.00,1045.00,1045.00,,1045.00,,,741,767558.00,10,F1,1,,,,,
2026-07-24,2026-07-24,CM,BSE,STK,940675,INE532F07ID7,958EFSL30,F,,,,,EFSL-9.58%-7-10-30-NCD,995.00,995.00,995.00,995.00,995.00,1005.00,,995.00,,,50,49750.00,1,F1,1,,,,,
2026-07-24,2026-07-24,CM,BSE,STK,940683,INE532F07IF2,1025EFSL35,F,,,,,EFSL-10.25%-7-10-35-NCD,1035.00,1049.90,1035.00,1036.05,1036.05,1031.00,,1036.05,,,60,62706.00,3,F1,1,,,,,
2026-07-24,2026-07-24,CM,BSE,STK,940689,INE180C07189,855CGCL27,F,,,,,CGCL-8.55%-13-4-27-NCD,1010.00,1010.00,988.10,988.10,988.10,988.00,,988.10,,,45,44902.00,4,F1,1,,,,,
2026-07-24,2026-07-24,CM,BSE,STK,940693,INE180C07171,89CGCL28,F,,,,,CGCL-8.9%-13-10-28-NCD,1014.00,1020.00,1014.00,1014.00,1014.00,951.00,,1014.00,,,60,60920.00,5,F1,1,,,,,
2026-07-24,2026-07-24,CM,BSE,STK,940705,INE0BUS07CE3,975IML27,F,,,,,IML-9.75%-30-10-27-NCD,980.51,994.00,980.51,994.00,994.00,985.00,,994.00,,,97,96255.00,4,F1,1,,,,,
2026-07-24,2026-07-24,CM,BSE,STK,940709,INE0BUS07CD5,1025IML28,F,,,,,IML-10.25%-30-10-28-NCD,999.89,999.89,994.00,999.89,999.89,1000.00,,999.89,,,115,114931.00,7,F1,1,,,,,
2026-07-24,2026-07-24,CM,BSE,STK,940713,INE0BUS07CC7,1125IML30,F,,,,,IML-11.25%-30-10-30-NCD,1007.00,1007.00,1001.25,1005.00,1005.00,1005.59,,1005.00,,,572,575086.00,10,F1,1,,,,,
2026-07-24,2026-07-24,CM,BSE,STK,940715,INE0BUS07CA1,IML301025D,F,,,,,IML-30-10-31-NCD,993.00,1003.00,993.00,1003.00,1003.00,992.21,,1003.00,,,70,69823.00,5,F1,1,,,,,
2026-07-24,2026-07-24,CM,BSE,STK,940717,INE103C07181,975SGSL27,F,,,,,SGSL-9.75%-30-10-27-NCD,1051.20,1051.20,1051.00,1051.00,1051.00,1051.20,,1051.00,,,200,210236.00,2,F1,1,,,,,
2026-07-24,2026-07-24,CM,BSE,STK,940721,INE103C07140,10SGSL28,F,,,,,SGSL-10%-30-10-28-NCD,1055.00,1058.00,1055.00,1055.50,1055.50,1050.00,,1055.50,,,532,562181.00,4,F1,1,,,,,
2026-07-24,2026-07-24,CM,BSE,STK,940729,INE403Q07GN1,KFL101125,F,,,,,KFL-09-05-27-NCD,1017.20,1017.20,1017.20,1017.20,1017.20,1027.20,,1017.20,,,2,2034.00,1,F1,1,,,,,
2026-07-24,2026-07-24,CM,BSE,STK,940731,INE403Q07GJ9,950KFL28,F,,,,,KFL-9.50%-09-11-08-NCD,980.00,980.00,980.00,980.00,980.00,980.00,,980.00,,,100,98000.00,1,F1,1,,,,,
2026-07-24,2026-07-24,CM,BSE,STK,940741,INE403Q07GK7,10KFL2030,F,,,,,KFL-10%-09-11-30-NCD,1000.00,1000.00,1000.00,1000.00,1000.00,1000.00,,1000.00,,,1,1000.00,1,F1,1,,,,,
2026-07-24,2026-07-24,CM,BSE,STK,940743,INE403Q07GH3,KFL101125D,F,,,,,KFL-09-11-32-NCD,950.00,960.00,950.00,960.00,960.00,998.00,,960.00,,,6,5750.00,5,F1,1,,,,,
2026-07-24,2026-07-24,CM,BSE,STK,940783,INE532F07IL0,903EFSL28,F,,,,,EFSL-9.03%-12-12-28-NCD,1010.00,1010.00,1010.00,1010.00,1010.00,985.00,,1010.00,,,1,1010.00,1,F1,1,,,,,
2026-07-24,2026-07-24,CM,BSE,STK,940795,INE532F07IJ4,967EFSL35,F,,,,,EFSL-9.67-12-12-35-NCD,990.00,992.00,990.00,992.00,992.00,995.00,,992.00,,,16,15860.00,3,F1,1,,,,,
2026-07-24,2026-07-24,CM,BSE,STK,940825,INE05F407DO5,10MML27,F,,,,,MML-10%-19-12-27-NCD,951.00,951.00,951.00,951.00,951.00,999.00,,951.00,,,10,9510.00,1,F1,1,,,,,
2026-07-24,2026-07-24,CM,BSE,STK,940833,INE05F407DQ0,1075MML30,F,,,,,MML-10.75%-19-12-30-NCD,1010.00,1010.00,1010.00,1010.00,1010.00,1010.00,,1010.00,,,25,25250.00,3,F1,1,,,,,
2026-07-24,2026-07-24,CM,BSE,STK,940837,INE0IID07744,125PCL28,F,,,,,PCL-12.5%-29-12-28-NCD,1003.50,1003.50,1002.98,1002.98,1002.98,1003.54,,1002.98,,,20,20064.00,2,F1,1,,,,,
2026-07-24,2026-07-24,CM,BSE,STK,940841,INE0IID07769,13PCL30A,F,,,,,PCL-13%-29-12-30-NCD,1008.00,1008.00,1008.00,1008.00,1008.00,1000.00,,1008.00,,,10,10080.00,1,F1,1,,,,,
2026-07-24,2026-07-24,CM,BSE,STK,940847,INE423A07492,848AEL29,F,,,,,AEL-8.48%-12-1-29-NCD,1022.00,1022.00,1022.00,1022.00,1022.00,1005.00,,1014.00,,,2,2044.00,1,F1,1,,,,,
2026-07-24,2026-07-24,CM,BSE,STK,940859,INE549K07HE1,837MFL28,F,,,,,MFL-8.37%-12-2-28-NCD,975.71,976.00,975.71,976.00,976.00,975.22,,976.00,,,28,27321.00,4,F1,1,,,,,
2026-07-24,2026-07-24,CM,BSE,STK,940866,INE549K07HL6,87MFL28,F,,,,,MFL-8.7%-12-2-28-NCD,1006.56,1006.56,1006.56,1006.56,1006.56,1010.00,,1006.56,,,3,3019.00,1,F1,1,,,,,
2026-07-24,2026-07-24,CM,BSE,STK,940868,INE549K07HK8,885MFL29,F,,,,,MFL-8.85%-12-2-29-NCD,1020.00,1020.00,1020.00,1020.00,1020.00,1020.00,,1020.00,,,20,20400.00,1,F1,1,,,,,
2026-07-24,2026-07-24,CM,BSE,STK,940874,INE549K07HP7,MFL120226,F,,,,,MFL-12-2-28-NCD,1007.50,1013.80,1007.50,1013.80,1013.80,1013.80,,1013.80,,,103,104100.00,3,F1,1,,,,,
2026-07-24,2026-07-24,CM,BSE,STK,940886,INE403Q07GU6,9KFL2029,F,,,,,KFL-9%-19-2-29-NCD,963.00,976.00,963.00,970.00,970.00,963.31,,970.00,,,83,80412.00,15,F1,1,,,,,
2026-07-24,2026-07-24,CM,BSE,STK,940898,INE01CYA7245,10ICLFL27,F,,,,,ICLFL-10%-23-03-27-NCD,971.80,980.00,971.80,980.00,980.00,975.00,,980.00,,,67,65602.00,4,F1,1,,,,,
2026-07-24,2026-07-24,CM,BSE,STK,940902,INE01CYA7260,11ICLFL29,F,,,,,ICLFL-11%-23-02-29--NCD,980.00,980.00,980.00,980.00,980.00,980.00,,980.00,,,15,14700.00,1,F1,1,,,,,
2026-07-24,2026-07-24,CM,BSE,STK,940904,INE01CYA7278,1150ICLF31,F,,,,,ICLFL-11.50%-23-02-31-NCD,993.00,993.00,993.00,993.00,993.00,993.86,,993.00,,,79,78447.00,1,F1,1,,,,,
2026-07-24,2026-07-24,CM,BSE,STK,940906,INE01CYA7286,ICLFL23226,F,,,,,ICLFL-ZC-23-03-27-NCD,1006.00,1010.00,1005.20,1010.00,1010.00,1003.25,,1010.00,,,70,70416.00,4,F1,1,,,,,
2026-07-24,2026-07-24,CM,BSE,STK,940933,INE530B07658,837IIFL28,F,,,,,IIFL-8.37%-6-3-28-NCD,982.23,982.23,982.23,982.23,982.23,990.00,,982.23,,,10,9822.00,1,F1,1,,,,,
2026-07-24,2026-07-24,CM,BSE,STK,940955,INE0IID07785,13PCL31,F,,,,,PCL-13%-16-3-31-NCD,1010.00,1010.00,990.01,992.10,992.10,1000.00,,992.10,,,110,109768.00,10,F1,1,,,,,
2026-07-24,2026-07-24,CM,BSE,STK,940957,INE051307CJ7,1025CCIL27,F,,,,,CCIL-10.25%-18-09-27-NCD,969.22,969.22,961.80,961.80,961.80,989.00,,961.80,,,11,10654.00,2,F1,1,,,,,
2026-07-24,2026-07-24,CM,BSE,STK,940959,INE051307CG3,1080CCIL28,F,,,,,CCIL-10.80%-18-03-28-NCD,975.00,975.00,975.00,975.00,975.00,965.01,,975.00,,,10,9750.00,2,F1,1,,,,,
2026-07-24,2026-07-24,CM,BSE,STK,940973,INE532F07JC7,EFSL180326,F,,,,,EFSL-18-3-28-NCD,987.30,1000.00,987.30,1000.00,1000.00,982.51,,1000.00,,,20,19873.00,2,F1,1,,,,,
2026-07-24,2026-07-24,CM,BSE,STK,940981,INE532F07IV9,921EFSL31,F,,,,,EFSL-18-3-31-NCD,970.20,970.20,970.20,970.20,970.20,990.00,,970.20,,,11,10672.00,1,F1,1,,,,,
2026-07-24,2026-07-24,CM,BSE,STK,940987,INE532F07JA1,958EFSL36,F,,,,,EFSL-9.58%-18-3-36-NCD,997.00,997.00,997.00,997.00,997.00,981.05,,997.00,,,184,183448.00,6,F1,1,,,,,
2026-07-24,2026-07-24,CM,BSE,STK,940991,INE549K07HR3,837MFL28A,F,,,,,MFL-8.37%-25-3-28-NCD,980.00,980.00,979.99,979.99,979.99,979.99,,979.99,,,5,4899.00,3,F1,1,,,,,
2026-07-24,2026-07-24,CM,BSE,STK,940995,INE549K07IC3,865MFL31A,F,,,,,MFL-8.65%-25-3-31-NCD,952.00,952.00,951.00,951.00,951.00,970.00,,951.00,,,25,23780.00,4,F1,1,,,,,
2026-07-24,2026-07-24,CM,BSE,STK,940999,INE549K07IA7,87MFL28A,F,,,,,MFL-8.7%-25-3-28-NCD,995.20,995.20,995.20,995.20,995.20,998.00,,995.20,,,10,9952.00,1,F1,1,,,,,
2026-07-24,2026-07-24,CM,BSE,STK,941013,INE549K07HU7,MFL250326C,F,,,,,MFL-25-3-32-NCD,980.00,1000.00,980.00,1000.00,1000.00,980.00,,1000.00,,,109,108820.00,2,F1,1,,,,,
2026-07-24,2026-07-24,CM,BSE,STK,941015,INE01CYA7369,10ICLFL027,F,,,,,ICLFL-10%-28-05-27-NCD,979.99,979.99,971.01,971.57,971.01,977.90,,971.57,,,43,41794.00,5,F1,1,,,,,
2026-07-24,2026-07-24,CM,BSE,STK,941023,INE01CYA7401,ICLFL28426,F,,,,,ICLFL-ZC-28-05-27-NCD,982.85,982.85,982.85,982.85,982.85,980.25,,982.85,,,20,19657.00,1,F1,1,,,,,
2026-07-24,2026-07-24,CM,BSE,STK,941033,INE01CYA7336,ICLF28426,F,,,,,ICLFL-ZC-28-04-32-NCD,930.00,930.00,930.00,930.00,930.00,880.00,,930.00,,,10,9300.00,1,F1,1,,,,,
2026-07-24,2026-07-24,CM,BSE,STK,941035,INE180C07288,9CGCL028,F,,,,,CGCL-9%-30-4-28-NCD,1010.00,1010.00,990.01,998.40,998.40,1003.50,,998.40,,,46,46336.00,8,F1,1,,,,,
2026-07-24,2026-07-24,CM,BSE,STK,941037,INE180C07304,880CGCL29,F,,,,,CGCL-8.80%-30-4-29-NCD,1000.10,1012.90,1000.00,1012.90,1012.90,1000.00,,1012.90,,,216,216069.00,5,F1,1,,,,,
2026-07-24,2026-07-24,CM,BSE,STK,941039,INE180C07320,915CGCL29,F,,,,,CGCL-9.15%-30-4-29-NCD,1020.00,1020.00,1020.00,1020.00,1020.00,1020.00,,1020.00,,,291,296820.00,5,F1,1,,,,,
2026-07-24,2026-07-24,CM,BSE,STK,941041,INE180C07296,893CGCL31,F,,,,,CGCL-8.93%-30-4-31-NCD,1000.00,1000.00,1000.00,1000.00,1000.00,1010.00,,1000.00,,,77,77000.00,6,F1,1,,,,,
2026-07-24,2026-07-24,CM,BSE,STK,941045,INE180C07312,950CGCL36,F,,,,,CGCL-9.50%-30-4-36-NCD,1020.00,1054.00,1020.00,1054.00,1054.00,1039.50,,1054.00,,,122,126876.00,6,F1,1,,,,,
2026-07-24,2026-07-24,CM,BSE,STK,941047,INE549K07IE9,851MFL28,F,,,,,MFL-8.51%-12-5-28-NCD,979.50,985.00,978.00,983.33,983.50,985.00,,983.33,,,787,771683.00,13,F1,1,,,,,
2026-07-24,2026-07-24,CM,BSE,STK,941053,INE549K07IH2,888MFL32,F,,,,,MFL-8.88%-12-5-32-NCD,1010.00,1010.00,1000.00,1000.00,1000.00,1000.00,,1000.00,,,308,308810.00,4,F1,1,,,,,
2026-07-24,2026-07-24,CM,BSE,STK,941061,INE549K07IL4,925MFL32,F,,,,,MFL-9.25%-12-5-32-NCD,1020.00,1045.00,1000.00,1045.00,1045.00,1020.00,,1045.00,,,110,112100.00,7,F1,1,,,,,
2026-07-24,2026-07-24,CM,BSE,STK,941095,INE05F407DW8,11MML29,F,,,,,MML-11%-12-6-29-NCD,1015.00,1015.00,1015.00,1015.00,1015.00,1015.00,,1015.00,,,140,142100.00,1,F1,1,,,,,
2026-07-24,2026-07-24,CM,BSE,STK,941105,INE532F07JM6,880EFSL029,F,,,,,EFSL-8.80%-16-6-29-NCD,998.00,1000.00,998.00,1000.00,1000.00,998.00,,1000.00,,,102,101996.00,2,F1,1,,,,,
2026-07-24,2026-07-24,CM,BSE,STK,941107,INE532F07JG8,915EFSL029,F,,,,,EFSL-9.15%-16-6-29-NCD,985.00,985.00,985.00,985.00,985.00,985.00,,985.00,,,10,9850.00,1,F1,1,,,,,
2026-07-24,2026-07-24,CM,BSE,STK,941125,INE0IID07827,1275PCL31,F,,,,,PCL-12.75%-22-6-31-NCD,999.00,999.00,996.00,998.31,996.00,998.00,,998.31,,,90,89865.00,4,F1,1,,,,,
2026-07-24,2026-07-24,CM,BSE,STK,941127,INE549K07IP5,851MFL2028,F,,,,,MFL-8.51%-7-7-28-NCD,962.20,983.00,962.20,983.00,983.00,979.00,,983.00,,,614,601087.00,14,F1,1,,,,,
2026-07-24,2026-07-24,CM,BSE,STK,941129,INE549K07JA5,865MFL2029,F,,,,,MFL-8.65%-7-7-29-NCD,980.01,990.00,967.00,989.44,990.00,990.00,,989.44,,,205,202205.00,16,F1,1,,,,,
2026-07-24,2026-07-24,CM,BSE,STK,941131,INE549K07IR1,879MFL2031,F,,,,,MFL-8.79%-7-7-31-NCD,979.00,979.00,979.00,979.00,979.00,978.00,,979.00,,,38,37202.00,3,F1,1,,,,,
2026-07-24,2026-07-24,CM,BSE,STK,941133,INE549K07IS9,888MFL2032,F,,,,,MFL-8.88%-7-7-32-NCD,996.60,996.60,996.00,996.00,996.00,999.00,,996.00,,,100,99602.00,2,F1,1,,,,,
2026-07-24,2026-07-24,CM,BSE,STK,941135,INE549K07IT7,885MFL2028,F,,,,,MFL-8.85%-7-7-28-NCD,985.00,985.00,985.00,985.00,985.00,985.00,,985.00,,,20,19700.00,2,F1,1,,,,,
2026-07-24,2026-07-24,CM,BSE,STK,941139,INE549K07IV3,915MFL2031,F,,,,,MFL-9.15%-7-7-31-NCD,985.10,985.10,985.10,985.10,985.10,975.16,,985.10,,,10,9851.00,1,F1,1,,,,,
2026-07-24,2026-07-24,CM,BSE,STK,941141,INE549K07IW1,925MFL2032,F,,,,,MFL-9.25%-7-7-32-NCD,995.00,996.00,995.00,996.00,996.00,1001.99,,996.00,,,100,99550.00,2,F1,1,,,,,
2026-07-24,2026-07-24,CM,BSE,STK,941143,INE549K07IX9,MFL070726,F,,,,,MFL-7-7-28-NCD,981.50,981.50,980.00,981.50,981.50,971.50,,981.50,,,286,280670.00,8,F1,1,,,,,
2026-07-24,2026-07-24,CM,BSE,STK,941147,INE549K07IY7,MFL70726A,F,,,,,MFL-7-7-31-NCD,980.00,980.00,980.00,980.00,980.00,980.00,,980.00,,,13,12740.00,1,F1,1,,,,,
2026-07-24,2026-07-24,CM,BSE,STK,941149,INE549K07IQ3,MFL70726B,F,,,,,MFL-7-7-32-NCD,1020.00,1020.00,1020.00,1020.00,1020.00,1010.00,,1020.00,,,50,51000.00,1,F1,1,,,,,
2026-07-24,2026-07-24,CM,BSE,STK,957209,INE540P07269,975UPPCL27,F,,,,,UPPCL-9.75%-20-10-27-PVT,1015000.00,1015000.00,1015000.00,1015000.00,1015000.00,1018240.01,,1015000.00,,,1,1015000.00,1,F1,1,,,,,
2026-07-24,2026-07-24,CM,BSE,STK,957810,INE540P07350,1015UPPC28,F,,,,,UPPCL-10.15%-20-1-28-PVT,1035998.00,1035998.00,1035998.00,1035998.00,1035998.00,1035000.00,,1035998.00,,,1,1035998.00,1,F1,1,,,,,
2026-07-24,2026-07-24,CM,BSE,STK,960428,INE020B08DL4,797RECPER,F,,,,,RECL-7.97%-PERPETUAL-PVT,1015000.00,1015000.00,1015000.00,1015000.00,1015000.00,1015000.00,,1015000.00,,,1,1015000.00,1,F1,1,,,,,
2026-07-24,2026-07-24,CM,BSE,STK,961718,INE134E07182,PFCBT1S4,F,,,,,PFCBT1S4,16900.00,17000.00,16900.00,16970.00,17000.00,16900.00,,16970.00,,,12,203500.00,3,F1,1,,,,,
2026-07-24,2026-07-24,CM,BSE,STK,961728,INE906B07CB9,830NHAI27,F,,,,,830NHAI27,1079.01,1079.01,1079.01,1079.01,1079.01,1077.15,,1079.06,,,500,539505.00,1,F1,1,,,,,
2026-07-24,2026-07-24,CM,BSE,STK,961753,INE787H07149,736IIFCL28,F,,,,,736IIFCL28,1060.57,1061.30,1060.30,1061.30,1061.30,1061.30,,1061.30,,,3000,3182295.00,4,F1,1,,,,,
2026-07-24,2026-07-24,CM,BSE,STK,961779,INE020B07HS2,871REC28,F,,,,,871REC28,1116.50,1116.50,1116.50,1116.50,1116.50,1115.72,,1116.76,,,25,27912.00,1,F1,1,,,,,
2026-07-24,2026-07-24,CM,BSE,STK,961803,INE134E07448,879PFCL28,F,,,,,879PFC28,1128.00,1128.00,1127.00,1127.00,1127.00,1121.00,,1127.00,,,500,563750.00,2,F1,1,,,,,
2026-07-24,2026-07-24,CM,BSE,STK,961804,INE134E07463,892PFCL33,F,,,,,892PFC33,1285.00,1285.00,1277.00,1277.00,1277.00,1285.00,,1278.12,,,319,407523.00,5,F1,1,,,,,
2026-07-24,2026-07-24,CM,BSE,STK,961830,INE053F07686,865IRFC29,F,,,,,IRFC-8.65%-18-2-29-NCD,1102.00,1102.00,1102.00,1102.00,1102.00,1105.00,,1101.54,,,350,385700.00,6,F1,1,,,,,
2026-07-24,2026-07-24,CM,BSE,STK,961839,INE202E07138,880IREDA29,F,,,,,IREDA-8.80%-13-03-29-BOND,1135.00,1135.00,1135.00,1135.00,1135.00,1136.99,,1121.63,,,1,1135.00,1,F1,1,,,,,
2026-07-24,2026-07-24,CM,BSE,STK,961841,INE202E07153,880IREDA34,F,,,,,IREDA-8.80%-13-03-34-BOND,1255.00,1255.00,1254.00,1254.74,1254.00,1245.00,,1254.74,,,435,545890.00,5,F1,1,,,,,
2026-07-24,2026-07-24,CM,BSE,STK,961895,INE787H07420,880IIFCL29,F,,,,,IIFCL-8.8%-27-3-29-TFBOND,1112.00,1112.00,1103.00,1109.50,1109.50,1111.78,,1109.50,,,442,489599.00,8,F1,1,,,,,
2026-07-24,2026-07-24,CM,BSE,STK,961910,INE733E07JW2,762NTPC35F,F,,,,,NTPC-7.62%-3B-5-10-35-BOND,1221.00,1221.00,1221.00,1221.00,1221.00,1218.00,,1221.00,,,30,36630.00,3,F1,1,,,,,
2026-07-24,2026-07-24,CM,BSE,STK,972706,INE039A09NZ3,875IFCI26A,F,,,,,IFCI-III-8.75%-12-12-26-C-PVT,16600.00,16600.00,16600.00,16600.00,16600.00,16600.00,,16600.00,,,3,49800.00,1,F1,1,,,,,
2026-07-24,2026-07-24,CM,BSE,STK,972715,INE039A09OG1,916IFCI27,F,,,,,IFCI-9.16%-IV-15-2-27-C-PVT,17217.00,17217.00,17210.00,17217.00,17217.00,17149.50,,17217.00,,,3,51644.00,3,F1,1,,,,,
2026-07-24,2026-07-24,CM,BSE,STK,973491,INE516Y07444,675PFL31,F,,,,,PFL-6.75%-26-9-31-PVT,745.00,745.00,744.50,744.82,744.51,744.49,,744.82,,,1351,1006284.00,17,F1,1,,,,,
2026-07-24,2026-07-24,CM,BSE,STK,974089,INE01ZK07FT9,11HFL27,F,,,,,HFL-11%-2-8-27-PVT,1463294.89,1463294.89,1463294.89,1463294.89,1463294.89,1415184.19,,1463294.89,,,1,1463294.00,1,F1,1,,,,,
2026-07-24,2026-07-24,CM,BSE,STK,974286,INE540P07491,995UPPCL30,F,,,,,UPPCL-9.95%-29-3-30-PVT,1046440.01,1046440.01,1046440.01,1046440.01,1046440.01,1053660.00,,1046440.01,,,1,1046440.00,1,F1,1,,,,,
2026-07-24,2026-07-24,CM,BSE,STK,974451,INE0M2307198,962APSB31A,F,,,,,APSBCL-9.62%-28-11-31-PVT,1035150.01,1035150.01,1035150.01,1035150.01,1035150.01,1040000.00,,1035150.01,,,1,1035150.00,1,F1,1,,,,,
2026-07-24,2026-07-24,CM,BSE,STK,974634,INE468N07615,EELZC27,F,,,,,EEL-ZC-26-2-27-PVT,140460.00,140460.00,140290.00,140460.00,140460.00,140421.00,,140460.00,,,11,1544810.00,4,F1,1,,,,,
2026-07-24,2026-07-24,CM,BSE,STK,974775,INE975F07IJ5,811KMIL26,F,,,,,KMIL-8.1084%-18-8-26-PVT,102211.70,102211.70,102211.70,102211.70,102211.70,101981.50,,102211.70,,,19,1942022.00,1,F1,1,,,,,
2026-07-24,2026-07-24,CM,BSE,STK,975032,INE0D8F07048,1075OPGP26,F,,,,,OPGPL-10.75%-18-8-26-PVT,101819.74,101819.74,101819.74,101819.74,101819.74,101351.00,,101819.74,,,1,101819.00,1,F1,1,,,,,
2026-07-24,2026-07-24,CM,BSE,STK,975057,INE818W08099,1125ESFB29,F,,,,,ESAFSFBL-11.25%-4-5-29-PVT,100500.00,100500.00,100500.00,100500.00,100500.00,102050.00,,100500.00,,,2,201000.00,1,F1,1,,,,,
2026-07-24,2026-07-24,CM,BSE,STK,975059,INE572J07612,1075SSFL26,F,,,,,SSFL-10.75%-4-9-26-PVT,109167.13,109167.13,109167.13,109167.13,109167.13,109495.00,,109167.13,,,15,1637506.00,7,F1,1,,,,,
2026-07-24,2026-07-24,CM,BSE,STK,975107,INE420C07049,995PDL26,F,,,,,PDL-9.95%-26-9-26-PVT,100705.65,100705.65,100705.65,100705.65,100705.65,100110.22,,100705.65,,,1,100705.00,1,F1,1,,,,,
2026-07-24,2026-07-24,CM,BSE,STK,975231,INE146O08241,940HLFL31,F,,,,,HLFL-9.40%-30-1-31-PVT,100000.00,100000.00,100000.00,100000.00,100000.00,100000.00,,100000.00,,,2,200000.00,2,F1,1,,,,,
2026-07-24,2026-07-24,CM,BSE,STK,975272,INE658F08136,895KIIFB33,F,,,,,KIIFB-8.95%-22-12-33-PVT,99168.22,99168.22,99168.22,99168.22,99168.22,100900.00,,99168.22,,,1,99168.00,1,F1,1,,,,,
2026-07-24,2026-07-24,CM,BSE,STK,975306,INE01ZK07KC5,1050HFL27B,F,,,,,HFLTD-10.50%-5-10-27-PVT,99827.44,99827.44,99827.44,99827.44,99827.44,99683.56,,99827.44,,,1,99827.00,1,F1,1,,,,,
2026-07-24,2026-07-24,CM,BSE,STK,975375,INE982X08109,1385SML29,F,,,,,SML-13.85%-12-7-29-PVT,96499.00,96499.00,96499.00,96499.00,96499.00,95789.00,,96499.00,,,1,96499.00,1,F1,1,,,,,
2026-07-24,2026-07-24,CM,BSE,STK,975447,INE896L07975,995ICFL26C,F,,,,,ICFL-9.95%-28-11-26-PVT,101119.82,101119.82,101119.82,101119.82,101119.82,101065.09,,101119.82,,,1,101119.00,1,F1,1,,,,,
2026-07-24,2026-07-24,CM,BSE,STK,975572,INE468N07BD3,EEL280324A,F,,,,,EEL-26-11-27-PVT,152687.00,152687.00,147546.00,147546.00,147546.00,146972.00,,147546.00,,,2,300233.00,2,F1,1,,,,,
2026-07-24,2026-07-24,CM,BSE,STK,975580,INE179P08066,1430DKGF29,F,,,,,DKGFSPL-14.30%-28-5-29-PVT,103000.00,103250.00,103000.00,103250.00,103250.00,105000.00,,103250.00,,,2,206250.00,2,F1,1,,,,,
2026-07-24,2026-07-24,CM,BSE,STK,975790,INE735W08053,11USFBL31,F,,,,,USFBL-11%-28-6-31-PVT,101899.00,101899.00,101500.00,101899.00,101899.00,100999.00,,101899.00,,,28,2852374.00,5,F1,1,,,,,
2026-07-24,2026-07-24,CM,BSE,STK,975903,INE468N07BJ0,EEL130826,F,,,,,EEL-13-8-26-PVT,119838.00,119838.00,119838.00,119838.00,119838.00,119807.00,,119838.00,,,204,24446952.00,44,F1,1,,,,,
2026-07-24,2026-07-24,CM,BSE,STK,975941,INE836B07881,1025SCNL26,F,,,,,SCNL-10.25%-21-8-26-PVT,99901.00,99995.85,99901.00,99995.85,99995.85,98900.00,,99995.85,,,3,299892.00,3,F1,1,,,,,
2026-07-24,2026-07-24,CM,BSE,STK,975986,INE338I07172,925MOFSL32,F,,,,,MOFSL-9.25%-3-9-32-PVT,102500.00,105500.00,102500.00,105500.00,105500.00,108000.00,,105500.00,,,24,2517600.00,12,F1,1,,,,,
2026-07-24,2026-07-24,CM,BSE,STK,976023,INE321N07442,950IFSL26A,F,,,,,IFSL-9.50%-18-9-26-PVT,103294.16,103294.16,103294.16,103294.16,103294.16,104004.82,,103294.16,,,2,206588.00,1,F1,1,,,,,
2026-07-24,2026-07-24,CM,BSE,STK,976036,INE549K08509,1045MFL32,F,,,,,MFL-10.45%-24-12-32-PVT,10050.00,10089.00,10050.00,10089.00,10089.00,10100.00,,10089.00,,,3,30228.00,2,F1,1,,,,,
2026-07-24,2026-07-24,CM,BSE,STK,976084,INE658F08227,949KIIFB28,F,,,,,KIIFB-9.49%-8-10-28-PVT,101006.01,101550.00,101006.01,101549.90,101549.90,101110.00,,101549.90,,,4,405111.00,4,F1,1,,,,,
2026-07-24,2026-07-24,CM,BSE,STK,976146,INE296G07192,99MCSL26,F,,,,,MCSL-9.90%-29-10-26-PVT,2480.00,2480.00,2480.00,2480.00,2480.00,2490.00,,2480.00,,,2,4960.00,1,F1,1,,,,,
2026-07-24,2026-07-24,CM,BSE,STK,976228,INE549K08517,1045MFL33,F,,,,,MFL-10.45%-11-3-33-PVT,10090.00,10090.00,10090.00,10090.00,10090.00,10112.99,,10090.00,,,10,100900.00,1,F1,1,,,,,
2026-07-24,2026-07-24,CM,BSE,STK,976278,INE02VP07065,980IKFHF28,F,,,,,IKFHFL-9.80%-24-3-28-PVT,100000.00,100000.00,100000.00,100000.00,100000.00,0.00,,100000.00,,,14,1400000.00,5,F1,1,,,,,
2026-07-24,2026-07-24,CM,BSE,STK,976290,INE658F08300,942KIIFB30,F,,,,,KIIFB-9.4%-30-12-30-PVT,101900.00,101900.00,101900.00,101900.00,101900.00,101500.00,,101900.00,,,1,101900.00,1,F1,1,,,,,
2026-07-24,2026-07-24,CM,BSE,STK,976325,INE342T07544,1075NFL27,F,,,,,NFL-10.75%-31-12-27-PVT,10099.00,10099.00,10000.01,10075.00,10075.00,10067.81,,10075.00,,,117,1172538.00,20,F1,1,,,,,
2026-07-24,2026-07-24,CM,BSE,STK,976349,INE01ZK08620,1030HFL26,F,,,,,HFL-10.30%-24-11-26-PVT,99774.25,99774.25,99774.25,99774.25,99774.25,100141.10,,99774.25,,,11,1097516.00,1,F1,1,,,,,
2026-07-24,2026-07-24,CM,BSE,STK,976363,INE296G07259,10MCSL27B,F,,,,,MCSL-10%-28-1-27-PVT,9973.63,9973.63,9973.63,9973.63,9973.63,9950.00,,9973.63,,,2,19947.00,1,F1,1,,,,,
2026-07-24,2026-07-24,CM,BSE,STK,976369,INE605Y07197,98AFPL28,F,,,,,AFL-9.8%-29-1-28-PVT,99000.10,99000.10,99000.00,99000.05,99000.00,0.00,,99000.05,,,8,792000.00,3,F1,1,,,,,
2026-07-24,2026-07-24,CM,BSE,STK,976377,INE468N07BM4,EEL310125,F,,,,,EEL-DISC-31-1-28-PVT,115113.00,115113.00,115113.00,115113.00,115113.00,115053.00,,115113.00,,,1,115113.00,1,F1,1,,,,,
2026-07-24,2026-07-24,CM,BSE,STK,976411,INE08XP07282,12ACAPL28,F,,,,,ACAPL-12%-14-8-28-PVT,97500.01,97500.01,97500.00,97500.00,97500.00,96875.00,,97500.00,,,3,292500.00,3,F1,1,,,,,
2026-07-24,2026-07-24,CM,BSE,STK,976423,INE0BUS07BN6,11IML026,F,,,,,IML-11%-18-8-26-PVT,9980.00,9980.00,9940.55,9940.55,9940.55,10002.72,,9940.55,,,11,109740.00,3,F1,1,,,,,
2026-07-24,2026-07-24,CM,BSE,STK,976427,INE882Z08023,1115MHF30,F,,,,,MHFCL-11.15%-20-8-30-PVT,101070.00,101070.00,101070.00,101070.00,101070.00,100000.00,,101070.00,,,1,101070.00,1,F1,1,,,,,
2026-07-24,2026-07-24,CM,BSE,STK,976437,INE342T07569,1060NFL27,F,,,,,NFL-10.60%-21-5-27-PVT,10000.00,10019.00,9966.01,9999.00,10019.00,9998.00,,9999.00,,,34,339011.00,5,F1,1,,,,,
2026-07-24,2026-07-24,CM,BSE,STK,976445,INE836K07189,EFCL250225,F,,,,,EFCL-27-4-27-PVT,152783.00,152783.00,152783.00,152783.00,152783.00,145227.00,,152783.00,,,1,152783.00,1,F1,1,,,,,
2026-07-24,2026-07-24,CM,BSE,STK,976683,INE549K08392,1005MFL28A,F,,,,,MFL-10.05%-15-6-28-PVT,83700.00,83700.00,83700.00,83700.00,83700.00,83700.00,,83700.00,,,5,418500.00,3,F1,1,,,,,
2026-07-24,2026-07-24,CM,BSE,STK,976685,INE939X07192,1125MFL27,F,,,,,MFL-11.25%-9-2-27-PVT,9911.00,9911.00,9911.00,9911.00,9911.00,9900.00,,9911.00,,,7,69377.00,2,F1,1,,,,,
2026-07-24,2026-07-24,CM,BSE,STK,976708,INE836K07262,EFCL210525,F,,,,,EFCL-20-7-28-PVT,112876.00,112876.00,112876.00,112876.00,112876.00,119112.00,,112876.00,,,1,112876.00,1,F1,1,,,,,
2026-07-24,2026-07-24,CM,BSE,STK,976751,INE0BUS07BU1,1125IML27,F,,,,,IML-11.25%-03-02-27-PVT,100585.95,118422.00,100585.95,109503.98,118422.00,99500.00,,109503.98,,,2,219007.00,2,F1,1,,,,,
2026-07-24,2026-07-24,CM,BSE,STK,976752,INE420C07130,10PDL27,F,,,,,PDL-10%-3-6-27-PVT,99250.00,99250.00,99250.00,99250.00,99250.00,99250.01,,99250.00,,,3,297750.00,2,F1,1,,,,,
2026-07-24,2026-07-24,CM,BSE,STK,976788,INE101Q07BH4,975MML27A,F,,,,,MML-9.75%-12-6-27-PVT,100445.85,100445.85,97995.85,99220.85,97995.85,99400.00,,99220.85,,,2,198441.00,2,F1,1,,,,,
2026-07-24,2026-07-24,CM,BSE,STK,976808,INE342T07601,1075NFL28,F,,,,,NFL-10.75%-19-8-28-PVT,10020.00,10040.00,10015.00,10038.00,10040.00,10021.41,,10038.00,,,187,1875632.00,23,F1,1,,,,,
2026-07-24,2026-07-24,CM,BSE,STK,976825,INE932X07015,1075SISL27,F,,,,,SISL-10.75%-10-06-27-PVT,101000.00,101000.00,101000.00,101000.00,101000.00,101480.00,,101000.00,,,1,101000.00,1,F1,1,,,,,
2026-07-24,2026-07-24,CM,BSE,STK,976832,INE01HV07569,965VCL27,F,,,,,VCL-9.65%-5-2-27,10014.01,10014.01,10014.01,10014.01,10014.01,10014.01,,10014.01,,,5,50070.00,3,F1,1,,,,,
2026-07-24,2026-07-24,CM,BSE,STK,976855,INE342T07619,10NFL27,F,,,,,NFL-10%-25-03-27-PVT,99000.00,99000.00,98210.85,98501.85,98501.85,99995.95,,98501.85,,,3,295712.00,3,F1,1,,,,,
2026-07-24,2026-07-24,CM,BSE,STK,976868,INE08XP07324,125ACAP28,F,,,,,ACAPL-12.5%-27-12-28-PVT,97400.00,97400.00,97400.00,97400.00,97400.00,96600.01,,97400.00,,,4,389600.00,2,F1,1,,,,,
2026-07-24,2026-07-24,CM,BSE,STK,976896,INE403Q07GA8,1062KFL27,F,,,,,KFL-10.62%-09-07-27-PVT,100000.00,100000.00,100000.00,100000.00,100000.00,100650.00,,100000.00,,,1,100000.00,1,F1,1,,,,,
2026-07-24,2026-07-24,CM,BSE,STK,976924,INE179P07597,11DKGFS27,F,,,,,DKGFSPL-11%-18-7-27-PVT,9750.00,9750.00,9750.00,9750.00,9750.00,9779.54,,9750.00,,,2,19500.00,1,F1,1,,,,,
2026-07-24,2026-07-24,CM,BSE,STK,976940,INE836B08293,1150SCNL31,F,,,,,SCNL-11.50%-24-01-31-PVT,98500.00,100000.00,98500.00,99500.00,99000.00,97157.00,,99500.00,,,4,397500.00,4,F1,1,,,,,
2026-07-24,2026-07-24,CM,BSE,STK,976965,INE296G07309,10MCSL2027,F,,,,,MCSL-10%-29-07-27-PVT,99500.00,99500.00,99500.00,99500.00,99500.00,99448.92,,99500.00,,,1,99500.00,1,F1,1,,,,,
2026-07-24,2026-07-24,CM,BSE,STK,976968,INE836K07312,EFCL300725,F,,,,,EFCL-30-10-28-PVT,109337.00,109337.00,109337.00,109337.00,109337.00,109299.90,,109337.00,,,1,109337.00,1,F1,1,,,,,
2026-07-24,2026-07-24,CM,BSE,STK,977006,INE658F08433,967KIIFB29,F,,,,,KIIFB-9.67%-8-8-29-PVT,103000.00,103000.00,103000.00,103000.00,103000.00,101630.00,,103000.00,,,1,103000.00,1,F1,1,,,,,
2026-07-24,2026-07-24,CM,BSE,STK,977007,INE658F08441,967KIIFB30,F,,,,,KIIFB-9.67%-8-8-30-PVT,103500.00,103500.00,103500.00,103500.00,103500.00,103001.00,,103500.00,,,1,103500.00,1,F1,1,,,,,
2026-07-24,2026-07-24,CM,BSE,STK,977011,INE658F08482,967KIIFB34,F,,,,,KIIFB-9.67%-8-8-34-PVT,103500.00,103500.00,103500.00,103500.00,103500.00,103000.01,,103500.00,,,1,103500.00,1,F1,1,,,,,
2026-07-24,2026-07-24,CM,BSE,STK,977017,INE342T07635,1030NFL27,F,,,,,NFL-10.30%-30-09-27-PVT,9981.00,10009.00,9981.00,10009.00,10009.00,9990.00,,10009.00,,,26,259695.00,6,F1,1,,,,,
2026-07-24,2026-07-24,CM,BSE,STK,977022,INE07HK07825,1065KSL27,F,,,,,KSL-10.65%-12-08-27-PVT,99800.00,99905.00,99800.00,99905.00,99905.00,99800.01,,99905.00,,,11,1098525.00,4,F1,1,,,,,
2026-07-24,2026-07-24,CM,BSE,STK,977028,INE136S07013,1050NCL28,F,,,,,NCL-10.50%-12-2-28-PVT,98250.00,98250.00,98250.00,98250.00,98250.00,98250.00,,98250.00,,,1,98250.00,1,F1,1,,,,,
2026-07-24,2026-07-24,CM,BSE,STK,977044,INE0NES07261,111KFL27,F,,,,,KFL-11.10%-19-8-27-PVT,9839.00,9912.20,9839.00,9912.20,9912.20,9839.00,,9912.20,,,107,1054145.00,4,F1,1,,,,,
2026-07-24,2026-07-24,CM,BSE,STK,977064,INE348L07332,91MFSL27,F,,,,,MFSL-9.10%-29-8-27-PVT,9949.52,9949.52,9949.52,9949.52,9949.52,9899.52,,9949.52,,,3,29848.00,1,F1,1,,,,,
2026-07-24,2026-07-24,CM,BSE,STK,977093,INE138I08109,0MSFL27,F,,,,,MSFL-0%-9-9-27-PVT,109088.00,109088.00,109088.00,109088.00,109088.00,108800.00,,109088.00,,,23,2509024.00,2,F1,1,,,,,
2026-07-24,2026-07-24,CM,BSE,STK,977117,INE583D08081,1165UCL31,F,,,,,UCL-11.65%-15-3-31-PVT,98100.00,98299.99,98000.00,98125.00,98125.00,98057.74,,98125.00,,,65,6373436.00,12,F1,1,,,,,
2026-07-24,2026-07-24,CM,BSE,STK,977172,INE884Q07798,1075MML27A,F,,,,,MML-10.75%-30-9-27-PVT,99250.00,99250.00,99250.00,99250.00,99250.00,98900.00,,99250.00,,,1,99250.00,1,F1,1,,,,,
2026-07-24,2026-07-24,CM,BSE,STK,977176,INE08XP07381,1435ACAP26,F,,,,,ACAPL-14.35%-28-10-26-PVT,2620.80,2620.80,2620.80,2620.80,2620.80,2184.00,,2620.80,,,5,13104.00,1,F1,1,,,,,
2026-07-24,2026-07-24,CM,BSE,STK,977187,INE08E807100,1025SRFC28,F,,,,,SRFCPL-10.25%-1-4-28-PVT,98331.00,98331.00,98331.00,98331.00,98331.00,97230.55,,98331.00,,,1,98331.00,1,F1,1,,,,,
2026-07-24,2026-07-24,CM,BSE,STK,977200,INE146O08399,925HLFL31,F,,,,,HLFL-9.25%-9-7-31-PVT,106999.00,107049.00,106960.00,107049.00,107049.00,106999.00,,107049.00,,,33,3531041.00,14,F1,1,,,,,
2026-07-24,2026-07-24,CM,BSE,STK,977205,INE08XP07399,12ACAPL27A,F,,,,,ACAPL-12%-13-04-27-PVT,9950.00,9950.00,9950.00,9950.00,9950.00,9870.00,,9950.00,,,2,19900.00,1,F1,1,,,,,
2026-07-24,2026-07-24,CM,BSE,STK,977226,INE0JZO07032,1350LLD29,F,,,,,LLDL-13.50%-30-01-29-PVT,101500.00,101500.00,101300.00,101300.00,101300.00,101000.02,,101300.00,,,6,608053.00,6,F1,1,,,,,
2026-07-24,2026-07-24,CM,BSE,STK,977241,INE0NES07287,1140KRFL27,F,,,,,KRFL-11.40%-24-10-27-PVT,9766.01,9995.85,9766.01,9810.01,9810.01,9802.00,,9810.01,,,62,608002.00,18,F1,1,,,,,
2026-07-24,2026-07-24,CM,BSE,STK,977249,INE101Q07BS1,930MML28,F,,,,,MML-9.30%-27-1-28-PVT,9862.24,9898.99,9862.00,9897.99,9897.99,9862.51,,9897.99,,,96,947390.00,12,F1,1,,,,,
2026-07-24,2026-07-24,CM,BSE,STK,977309,INE08XP07423,12ACAPL27B,F,,,,,ACAPL-12%-21-05-27-PVT,9851.00,9917.57,9851.00,9917.57,9917.57,9850.00,,9917.57,,,28,276852.00,5,F1,1,,,,,
2026-07-24,2026-07-24,CM,BSE,STK,977331,INE07HK07866,1050KSL27,F,,,,,KSL-10.50%-2-12-27-PVT,99800.00,101000.00,99800.00,101000.00,101000.00,99666.25,,101000.00,,,5,500200.00,2,F1,1,,,,,
2026-07-24,2026-07-24,CM,BSE,STK,977333,INE104W07229,1155KFL27,F,,,,,KFL-11.55%-28-11-27-PVT,99470.00,99470.00,99470.00,99470.00,99470.00,98500.00,,99470.00,,,1,99470.00,1,F1,1,,,,,
2026-07-24,2026-07-24,CM,BSE,STK,977356,INE681R08141,1025NBS27A,F,,,,,NBS-10.25%-9-6-27-PVT,101249.19,101249.19,101249.19,101249.19,101249.19,99803.40,,101249.19,,,4,404996.00,1,F1,1,,,,,
2026-07-24,2026-07-24,CM,BSE,STK,977367,INE08XP07431,12ACAP27,F,,,,,ACAPL-12%-11-6-27-PVT,9970.00,9970.00,9830.02,9830.04,9830.06,9900.00,,9830.04,,,8,79375.00,4,F1,1,,,,,
2026-07-24,2026-07-24,CM,BSE,STK,977380,INE046W07347,985MML27,F,,,,,MML-9.85%-16-12-27-PVT,99685.97,99732.97,99200.00,99732.97,99732.97,99200.00,,99732.97,,,16,1591704.00,5,F1,1,,,,,
2026-07-24,2026-07-24,CM,BSE,STK,977382,INE583D07638,999UCL29,F,,,,,UCL-9.99%-16-06-29-PVT,9999.99,9999.99,9950.00,9999.99,9999.99,9999.99,,9999.99,,,46,459949.00,10,F1,1,,,,,
2026-07-24,2026-07-24,CM,BSE,STK,977383,INE08XP07449,1250ACAP27,F,,,,,ACAPL-12.50%-17-01-27-PVT,4600.00,4640.00,4565.11,4640.00,4640.00,4600.00,,4640.00,,,547,2516702.00,21,F1,1,,,,,
2026-07-24,2026-07-24,CM,BSE,STK,977410,INE0BNQ07154,1115AFPL27,F,,,,,AFPL-11.15%-30-6-27-PVT,51200.00,51200.00,51200.00,51200.00,51200.00,64000.00,,51200.00,,,1,51200.00,1,F1,1,,,,,
2026-07-24,2026-07-24,CM,BSE,STK,977418,INE515Q08283,1175AFPL32,F,,,,,AFPL-11.75%-14-04-32-PVT,102200.00,102200.00,102200.00,102200.00,102200.00,102100.00,,102200.00,,,4,408800.00,3,F1,1,,,,,
2026-07-24,2026-07-24,CM,BSE,STK,977419,INE884Q07822,1170MML27,F,,,,,MML-11.70%-30-06-27-PVT,99200.00,99200.00,99200.00,99200.00,99200.00,99500.00,,99200.00,,,1,99200.00,1,F1,1,,,,,
2026-07-24,2026-07-24,CM,BSE,STK,977424,INE0K0Y08037,0MCIBPL27A,F,,,,,MCIBPL-ZC-31-12-27-PVT,105768.00,105768.00,105768.00,105768.00,105768.00,105200.00,,105768.00,,,357,37759176.00,6,F1,1,,,,,
2026-07-24,2026-07-24,CM,BSE,STK,977431,INE01YL07417,1050ESPL28,F,,,,,ESPL-10.50%-9-3-28-PVT,99500.00,99500.00,99500.00,99500.00,99500.00,100000.00,,99500.00,,,3,298500.00,2,F1,1,,,,,
2026-07-24,2026-07-24,CM,BSE,STK,977438,INE2PA715013,1140IRWL27,F,,,,,IRONWELL-11.40%-19-11-27-PTC,3841.00,3841.00,3841.00,3841.00,3841.00,3841.00,,3841.00,,,4,15364.00,1,F1,1,,,,,
2026-07-24,2026-07-24,CM,BSE,STK,977440,INE0JZO07040,13LLDL29,F,,,,,LLDL-13%-30-1-29-PVT,100065.00,100195.00,99910.09,100000.00,100000.00,99848.33,,100000.00,,,6,600301.00,5,F1,1,,,,,
2026-07-24,2026-07-24,CM,BSE,STK,977456,INE836B07907,1015SCNL28,F,,,,,SCNL-10.15%-13-7-28-PVT,9900.00,9900.00,9850.00,9900.00,9900.00,9850.00,,9900.00,,,20,197600.00,4,F1,1,,,,,
2026-07-24,2026-07-24,CM,BSE,STK,977470,INE658F08565,930KIIFB32,F,,,,,KIIFB-9.30%-21-01-32-PVT,101200.00,101200.00,101200.00,101200.00,101200.00,101858.15,,101200.00,,,2,202400.00,1,F1,1,,,,,
2026-07-24,2026-07-24,CM,BSE,STK,977474,INE658F08557,930KIIFB36,F,,,,,KIIFB-9.30%-21-01-36-PVT,102897.97,102897.97,102897.97,102897.97,102897.97,102822.95,,102897.97,,,1,102897.00,1,F1,1,,,,,
2026-07-24,2026-07-24,CM,BSE,STK,977477,INE342T07668,1075NFL28A,F,,,,,NFL-10.75%-31-12-28-PVT,10046.00,10046.00,10035.00,10045.80,10046.00,10035.00,,10045.80,,,232,2330261.00,14,F1,1,,,,,
2026-07-24,2026-07-24,CM,BSE,STK,977488,INE836B08319,12SCNL31,F,,,,,SCNL-12%-23-07-31-PVT,98700.00,98700.00,98700.00,98700.00,98700.00,98800.00,,98700.00,,,1,98700.00,1,F1,1,,,,,
2026-07-24,2026-07-24,CM,BSE,STK,977495,INE836K07320,0EFCL29,F,,,,,EFCL-ZC-30-4-29-PVT,104498.00,104498.00,104498.00,104498.00,104498.00,104480.00,,104498.00,,,1,104498.00,1,F1,1,,,,,
2026-07-24,2026-07-24,CM,BSE,STK,977508,INE109C07139,1135AFSL28,F,,,,,AFSL-11.35%-29-07-28-PVT,10075.00,10075.00,10075.00,10075.00,10075.00,9870.00,,10075.00,,,10,100750.00,1,F1,1,,,,,
2026-07-24,2026-07-24,CM,BSE,STK,977529,INE046W07370,970MML28,F,,,,,MML-9.70%-6-2-28-PVT,99000.00,99000.00,99000.00,99000.00,99000.00,99114.75,,99000.00,,,1,99000.00,1,F1,1,,,,,
2026-07-24,2026-07-24,CM,BSE,STK,977532,INE138I08117,0MSAFL28,F,,,,,MSAFL-ZC-6-2-28-PVT,104703.00,104703.00,104700.00,104703.00,104703.00,104674.00,,104703.00,,,482,50466840.00,18,F1,1,,,,,
2026-07-24,2026-07-24,CM,BSE,STK,977534,INE08XP07464,1250ACAPL29,F,,,,,ACAPL-12.50%-06-02-29-PVT,9846.98,9846.98,9846.98,9846.98,9846.98,9850.00,,9846.98,,,1,9846.00,1,F1,1,,,,,
2026-07-24,2026-07-24,CM,BSE,STK,977541,INE0NES07303,12KFL28,F,,,,,KFL-12%-10-5-28-KFL,9870.00,9909.24,9870.00,9889.62,9909.24,9883.00,,9889.62,,,15,148246.00,3,F1,1,,,,,
2026-07-24,2026-07-24,CM,BSE,STK,977564,INE549K08590,104MFL33,F,,,,,MFL-10.4%-30-12-33-PVT,10107.99,10108.00,10107.90,10107.99,10107.99,10099.98,,10107.99,,,169,1708246.00,8,F1,1,,,,,
2026-07-24,2026-07-24,CM,BSE,STK,977576,INE926R07019,13UCIL27,F,,,,,UCIL-13%-24-5-27-PVT,9890.00,9890.00,9885.00,9887.50,9885.00,9880.00,,9887.50,,,2,19775.00,2,F1,1,,,,,
2026-07-24,2026-07-24,CM,BSE,STK,977583,INE101Q07BZ6,965MML28,F,,,,,MML-9.65%-25-8-28-PVT,9800.00,9800.00,9800.00,9800.00,9800.00,9800.00,,9800.00,,,10,98000.00,1,F1,1,,,,,
2026-07-24,2026-07-24,CM,BSE,STK,977622,INE229U07178,1125NFL28,F,,,,,NFL-11.25%-11-09-28-PVT,101399.00,101399.00,101399.00,101399.00,101399.00,101169.00,,101399.00,,,1,101399.00,1,F1,1,,,,,
2026-07-24,2026-07-24,CM,BSE,STK,977623,INE859C07253,85IFL28,F,,,,,IFL-8.5%-10-3-28-PVT,6400.00,6400.00,6400.00,6400.00,6400.00,8000.00,,6400.00,,,1,6400.00,1,F1,1,,,,,
2026-07-24,2026-07-24,CM,BSE,STK,977633,INE00DJ07052,1250TCL30,F,,,,,TCL-12.50%-12-3-30-PVT,100450.00,101000.00,100450.00,101000.00,101000.00,100450.00,,101000.00,,,6,603250.00,2,F1,1,,,,,
2026-07-24,2026-07-24,CM,BSE,STK,977636,INE14H407132,1110FCPL29,F,,,,,FCPL-11.10%-16-7-29-PVT,97178.01,97178.01,97178.01,97178.01,97178.01,98489.00,,97178.01,,,3,291534.00,1,F1,1,,,,,
2026-07-24,2026-07-24,CM,BSE,STK,977642,INE09B308044,12SSFBL31,F,,,,,SSFBL-12%-17-12-31-PVT,99500.00,99500.00,99000.00,99000.00,99000.00,99500.00,,99000.00,,,4,397500.00,4,F1,1,,,,,
2026-07-24,2026-07-24,CM,BSE,STK,977645,INE583D07653,95UCL27,F,,,,,UCL-9.5%-18-4-27-PVT,9926.00,9926.00,9926.00,9926.00,9926.00,9899.00,,9926.00,,,12,119112.00,3,F1,1,,,,,
2026-07-24,2026-07-24,CM,BSE,STK,977649,INE101Q07BW3,965MMCL28,F,,,,,MML-9.65%-18-09-28-PVT,9910.00,9910.00,9750.12,9899.98,9899.98,9870.01,,9899.98,,,75,740394.00,9,F1,1,,,,,
2026-07-24,2026-07-24,CM,BSE,STK,977671,INE836K07338,EFCL24326,F,,,,,EFCL-ZC-25-06-29-PVT,103080.00,103080.00,100100.01,101250.00,101250.00,103054.00,,101250.00,,,131,13259830.00,5,F1,1,,,,,
2026-07-24,2026-07-24,CM,BSE,STK,977680,INE01YL07441,105ESPL28A,F,,,,,ESPL-10.5%-4-7-28-PVT,100000.00,100000.00,100000.00,100000.00,100000.00,100004.44,,100000.00,,,1,100000.00,1,F1,1,,,,,
2026-07-24,2026-07-24,CM,BSE,STK,977700,INE04UP07170,1250BCSL29,F,,,,,BCSL-12.50%-30-3-29-PVT,8917.02,8917.02,8917.02,8917.02,8917.02,9099.00,,8917.02,,,1,8917.00,1,F1,1,,,,,
2026-07-24,2026-07-24,CM,BSE,STK,977712,INE403Q07GX0,10KFL29A,F,,,,,KFL-10%-6-1-29-PVT,96916.01,96916.01,96916.01,96916.01,96916.01,97981.38,,96916.01,,,5,484580.00,1,F1,1,,,,,
2026-07-24,2026-07-24,CM,BSE,STK,977729,INE366T07204,12LMPL27,F,,,,,LMPL-12%-31-10-27-PVT,6401.00,6401.00,6401.00,6401.00,6401.00,8000.00,,6401.00,,,1,6401.00,1,F1,1,,,,,
2026-07-24,2026-07-24,CM,BSE,STK,977730,INE342T07684,1030NFL28,F,,,,,NFL-10.30%-31-5-28-PVT,9969.00,9972.00,9969.00,9971.00,9971.00,9962.00,,9971.00,,,168,1674977.00,7,F1,1,,,,,
2026-07-24,2026-07-24,CM,BSE,STK,977732,INE0NES07329,12KFL27,F,,,,,KFL-12%-22-09-27-PVT,9861.11,9900.00,9861.00,9899.82,9897.00,9861.00,,9899.82,,,193,1908469.00,22,F1,1,,,,,
2026-07-24,2026-07-24,CM,BSE,STK,977740,INE926R07027,13UCIL28,F,,,,,UCIL-13%-23-4-28-PVT,9865.00,9889.00,9860.00,9865.00,9865.00,9884.51,,9865.00,,,45,444345.00,6,F1,1,,,,,
2026-07-24,2026-07-24,CM,BSE,STK,977753,INE572J07810,1125SSFL28,F,,,,,SSFL-11.25%-26-24-28-PVT,9960.00,9960.00,9960.00,9960.00,9960.00,9934.80,,9960.00,,,104,1035840.00,5,F1,1,,,,,
2026-07-24,2026-07-24,CM,BSE,STK,977773,INE08XP07480,1280ACAP28,F,,,,,ACAP-12.80%-7-5-28-PVT,9915.00,9915.00,9915.00,9915.00,9915.00,9921.00,,9915.00,,,61,604815.00,6,F1,1,,,,,
2026-07-24,2026-07-24,CM,BSE,STK,977788,INE734I07107,1133FFSL28,F,,,,,FFSL-11.33%-13-8-28-PVT,9721.00,9721.00,9721.00,9721.00,9721.00,8101.00,,9721.00,,,3,29163.00,1,F1,1,,,,,
2026-07-24,2026-07-24,CM,BSE,STK,977801,INE101Q07CA7,930MML2028,F,,,,,MML-9.30%-20-11-28-PVT,9736.08,9736.08,9736.00,9736.00,9736.00,9736.08,,9736.00,,,46,447859.00,5,F1,1,,,,,
2026-07-24,2026-07-24,CM,BSE,STK,977815,INE583D07661,975UCL2027,F,,,,,UCL-9.75%-26-11-27-PVT,9900.00,9900.00,9900.00,9900.00,9900.00,9900.00,,9900.00,,,3,29700.00,1,F1,1,,,,,
2026-07-24,2026-07-24,CM,BSE,STK,977839,INE884Q07855,1065MML28,F,,,,,MML-10.65%-01-06-28-PVT,98000.00,98000.00,98000.00,98000.00,98000.00,95500.00,,98000.00,,,1,98000.00,1,F1,1,,,,,
2026-07-24,2026-07-24,CM,BSE,STK,977846,INE0NES07345,12KFL2028,F,,,,,KFL-12%-4-9-28-PVT,9800.00,9959.45,9800.00,9959.45,9959.45,9994.80,,9959.45,,,73,719862.00,12,F1,1,,,,,
2026-07-24,2026-07-24,CM,BSE,STK,977855,INE0BUS08047,1225IML32,F,,,,,IML-12.25%-9-6-32-PVT,98500.00,98500.00,98199.00,98299.00,98299.00,98890.00,,98299.00,,,3,294998.00,3,F1,1,,,,,
2026-07-24,2026-07-24,CM,BSE,STK,977868,INE342T07718,1030NFL028,F,,,,,NFL-10.30%-31-3-28-PVT,9976.49,10000.00,9852.00,9990.00,9990.00,9976.49,,9990.00,,,109,1080952.00,20,F1,1,,,,,
2026-07-24,2026-07-24,CM,BSE,STK,977874,INE0K0Y07021,MCIBP15626,F,,,,,MCIBP-NIFTY 150-14-6-29-PVT,99999.00,99999.00,99999.00,99999.00,99999.00,100000.00,,99999.00,,,1,99999.00,1,F1,1,,,,,
2026-07-24,2026-07-24,CM,BSE,STK,977877,INE734I07115,1133FFS28,F,,,,,FFSL-11.33%-16-6-28-PVT,9732.00,9732.00,9732.00,9732.00,9732.00,9732.00,,9732.00,,,2,19464.00,1,F1,1,,,,,
2026-07-24,2026-07-24,CM,BSE,STK,977880,INE0KH208027,0ANSPL28,F,,,,,ANSPL-ZC-17-06-28-PVT,101000.00,101000.00,101000.00,101000.00,101000.00,100900.00,,101000.00,,,2,202000.00,1,F1,1,,,,,
2026-07-24,2026-07-24,CM,BSE,STK,977882,INE814O07618,1215NCPL27,F,,,,,NCPL-12.15%-18-12-27-PVT,98999.00,98999.00,98999.00,98999.00,98999.00,89000.00,,98999.00,,,1,98999.00,1,F1,1,,,,,
2026-07-24,2026-07-24,CM,BSE,STK,977903,INE882Z08049,1025MHFC29,F,,,,,MHFC-10.25%-23-6-29-PVT,99000.00,99000.00,99000.00,99000.00,99000.00,100309.00,,99000.00,,,3,297000.00,2,F1,1,,,,,
2026-07-24,2026-07-24,CM,BSE,STK,977913,INE0K0Y08052,0MCIBPL280M,F,,,,,MCIBPL-ZC-28-06-28-PVT,100687.00,100687.00,100687.00,100687.00,100687.00,100600.00,,100687.00,,,50,5034350.00,6,F1,1,,,,,
2026-07-24,2026-07-24,CM,BSE,STK,977922,INE01ZK08687,1050HFL30A,F,,,,,HFL-10.50%-25-3-30-PVT,99769.86,99769.86,99769.86,99769.86,99769.86,99741.10,,99769.86,,,5,498849.00,1,F1,1,,,,,
2026-07-24,2026-07-24,CM,BSE,STK,977935,INE0I5X07042,1440MFSP27,F,,,,,MFSP-14.40%-1-10-27-PVT,9970.00,9988.00,9960.10,9988.00,9988.00,9955.29,,9988.00,,,49,488682.00,10,F1,1,,,,,
