TradDt,BizDt,Sgmt,Src,FinInstrmTp,FinInstrmId,ISIN,TckrSymb,SctySrs,XpryDt,FininstrmActlXpryDt,StrkPric,OptnTp,FinInstrmNm,OpnPric,HghPric,LwPric,ClsPric,LastPric,PrvsClsgPric,UndrlygPric,SttlmPric,OpnIntrst,ChngInOpnIntrst,TtlTradgVol,TtlTrfVal,TtlNbOfTxsExctd,SsnId,NewBrdLotQty,Rmks,Rsvd1,Rsvd2,Rsvd3,Rsvd4
2026-09-18,2026-09-18,CM,BSE,STK,500002,INE117A01022,ABB,A,,,,,ABB INDIA LIMITED,7175.00,7308.85,7162.90,7235.20,7235.20,7129.00,,7270.50,,,18369,132648938.00,1685,F1,1,,,,,
2026-09-18,2026-09-18,CM,BSE,STK,500003,INE208C01025,AEGISLOG,A,,,,,AEGIS LOGISTICS LTD.,1364.45,1428.50,1362.00,1417.25,1417.25,1352.50,,1415.46,,,61053,85495446.00,2916,F1,1,,,,,
2026-09-18,2026-09-18,CM,BSE,STK,500008,INE885A01032,ARE&M,A,,,,,Amara Raja Energy & Mobility L,796.10,805.00,790.50,795.50,795.50,794.20,,795.98,,,40749,32496523.00,2491,F1,1,,,,,
2026-09-18,2026-09-18,CM,BSE,STK,500009,INE432A01017,AMBALALSA,T,,,,,AMBALAL SARABHAI ENTERPRISES L,40.70,40.70,39.31,40.45,40.45,39.87,,40.07,,,12759,507961.00,86,F1,1,,,,,
2026-09-18,2026-09-18,CM,BSE,STK,500012,INE714B01016,ANDHRAPET,X,,,,,ANDHRA PETROCHEMICALS LTD.,43.31,44.80,42.00,43.94,43.94,43.75,,43.94,,,153917,6647075.00,582,F1,1,,,,,
2026-09-18,2026-09-18,CM,BSE,STK,500013,INE436A01026,ANSALAPI,Z,,,,,ANSAL PROPERTIES & INFRASTRUCT,3.52,3.52,3.52,3.52,3.52,3.46,,3.52,,,10,35.00,1,F1,1,,,,,
2026-09-18,2026-09-18,CM,BSE,STK,500014,INE096A01010,UTIQUE,X,,,,,UTIQUE ENTERPRISES LIMITED,3.71,4.25,3.71,3.86,3.86,3.87,,3.86,,,4994,19122.00,72,F1,1,,,,,
2026-09-18,2026-09-18,CM,BSE,STK,500016,INE957C01019,ARUNAHTEL,X,,,,,ARUNA HOTELS LTD.,7.60,7.60,7.20,7.33,7.34,7.20,,7.33,,,1269,9311.00,28,F1,1,,,,,
2026-09-18,2026-09-18,CM,BSE,STK,500020,INE032A01023,BOMDYEING,B,,,,,BOMBAY DYEING & MFG.CO.LTD.,109.00,112.90,109.00,111.25,111.25,107.65,,111.30,,,50131,5547903.00,775,F1,1,,,,,
2026-09-18,2026-09-18,CM,BSE,STK,500023,INE363A01022,ASIANHOTNR,B,,,,,ASIAN HOTELS (NORTH) LIMITED,378.60,380.40,369.00,375.25,374.80,378.15,,374.90,,,321,119915.00,43,F1,1,,,,,
2026-09-18,2026-09-18,CM,BSE,STK,500027,INE100A01010,ATUL,A,,,,,ATUL LTD.,6150.00,6195.10,6116.55,6190.60,6131.15,6130.00,,6171.30,,,130530,804073238.00,181,F1,1,,,,,
2026-09-18,2026-09-18,CM,BSE,STK,500028,INE447A01015,ATVPR,X,,,,,ATV PROJECTS INDIA LTD.,24.79,24.79,23.78,23.94,24.05,23.78,,23.94,,,4176,100297.00,129,F1,1,,,,,
2026-09-18,2026-09-18,CM,BSE,STK,500031,INE193E01025,BAJAJELEC,A,,,,,BAJAJ ELECTRICALS LTD.,325.80,327.55,321.45,323.10,324.15,325.80,,323.05,,,5979,1934714.00,303,F1,1,,,,,
2026-09-18,2026-09-18,CM,BSE,STK,500032,INE306A01021,BAJAJHIND,B,,,,,BAJAJ HINDUSTHAN SUGAR LIMITED,19.36,19.72,19.01,19.57,19.57,19.39,,19.53,,,872251,16827349.00,2182,F1,1,,,,,
2026-09-18,2026-09-18,CM,BSE,STK,500033,INE451A01017,FORCEMOT,A,,,,,FORCE MOTORS LTD.,17622.00,17877.00,17601.75,17669.40,17669.40,17673.00,,17488.37,,,3709,65919786.00,867,F1,1,,,,,
2026-09-18,2026-09-18,CM,BSE,STK,500034,INE296A01032,BAJFINANCE,A,,,,,BAJAJ FINANCE LIMITED,1024.00,1036.10,1019.20,1027.00,1027.00,1016.00,,1040.20,,,1222302,1253818813.00,11485,F1,1,,,,,
2026-09-18,2026-09-18,CM,BSE,STK,500038,INE119A01028,BALRAMCHIN,A,,,,,BALRAMPUR CHINI MILLS LTD,675.05,679.45,662.80,672.20,678.00,676.05,,672.58,,,71165,47640388.00,2091,F1,1,,,,,
2026-09-18,2026-09-18,CM,BSE,STK,500039,INE213C01025,BANCOINDIA,A,,,,,BANCO PRODUCTS (INDIA) LTD.,596.00,608.00,596.00,604.20,604.00,592.30,,604.01,,,5484,3308838.00,245,F1,1,,,,,
2026-09-18,2026-09-18,CM,BSE,STK,500040,INE055A01016,ABREL,A,,,,,ADITYA BIRLA REAL ESTATE LIMIT,1266.25,1280.00,1250.00,1271.25,1278.30,1258.20,,1266.44,,,10007,12683746.00,538,F1,1,,,,,
2026-09-18,2026-09-18,CM,BSE,STK,500041,INE459A01010,BANARISUG,B,,,,,BANNARI AMMAN SUGARS LTD.,3314.40,3330.95,3314.40,3330.95,3330.95,3297.95,,3316.80,,,5,16588.00,3,F1,1,,,,,
2026-09-18,2026-09-18,CM,BSE,STK,500042,INE373A01013,BASF,A,,,,,BASF INDIA LTD.,3621.05,3644.45,3564.00,3607.50,3585.00,3600.05,,3605.78,,,1669,6013884.00,346,F1,1,,,,,
2026-09-18,2026-09-18,CM,BSE,STK,500043,INE176A01028,BATAINDIA,A,,,,,BATA INDIA LTD.,640.60,652.60,625.20,639.90,639.90,638.45,,638.33,,,26215,16674965.00,1409,F1,1,,,,,
2026-09-18,2026-09-18,CM,BSE,STK,500048,INE258A01024,BEML,A,,,,,BEML LTD.,2027.55,2151.00,2027.55,2134.25,2134.25,2013.05,,2134.96,,,66998,140462407.00,4459,F1,1,,,,,
2026-09-18,2026-09-18,CM,BSE,STK,500049,INE263A01024,BEL,A,,,,,BHARAT ELECTRONICS LTD.,398.95,399.30,393.65,393.65,393.65,395.60,,393.30,,,645274,256404368.00,10511,F1,1,,,,,
2026-09-18,2026-09-18,CM,BSE,STK,500051,INE099C01010,BHAGGAS,XT,,,,,BHAGAWATI GAS LIMITED,6.90,6.90,6.90,6.90,6.90,6.58,,6.90,,,1804,12447.00,6,F1,1,,,,,
2026-09-18,2026-09-18,CM,BSE,STK,500052,INE922A01025,BEPL,B,,,,,BHANSALI ENGINEERING POLYMERS,128.10,130.30,126.80,129.10,128.25,127.35,,128.96,,,76838,9875008.00,671,F1,1,,,,,
2026-09-18,2026-09-18,CM,BSE,STK,500058,INE819C01011,BIHSPONG,X,,,,,BIHAR SPONGE IRON LTD.,12.21,14.25,12.21,13.38,13.22,12.49,,13.38,,,137866,1874603.00,380,F1,1,,,,,
2026-09-18,2026-09-18,CM,BSE,STK,500059,INE071A01013,BILVYAPAR,T,,,,,BIL VYAPAR LIMITED,4.21,4.35,4.02,4.29,4.30,4.20,,4.29,,,5140,21624.00,16,F1,1,,,,,
2026-09-18,2026-09-18,CM,BSE,STK,500060,INE800A01015,BIRLACABLE,B,,,,,Birla Cable Limited,417.85,418.00,388.90,408.25,408.25,402.20,,409.40,,,70734,28842865.00,2273,F1,1,,,,,
2026-09-18,2026-09-18,CM,BSE,STK,500067,INE472A01039,BLUESTARCO,A,,,,,BLUE STAR LTD.,1554.65,1571.00,1541.00,1559.30,1559.30,1540.60,,1531.80,,,75325,117689318.00,5416,F1,1,,,,,
2026-09-18,2026-09-18,CM,BSE,STK,500068,INE131C01011,DISAQ,B,,,,,DISA INDIA LTD.,12500.20,12500.20,11760.15,12067.50,12075.00,11800.10,,12062.69,,,24,289608.00,23,F1,1,,,,,
2026-09-18,2026-09-18,CM,BSE,STK,500069,INE418C01012,QUESTCAP,X,,,,,QUEST CAPITAL MARKETS LIMITED,254.80,254.80,253.95,253.95,253.95,247.00,,253.95,,,82,20845.00,6,F1,1,,,,,
2026-09-18,2026-09-18,CM,BSE,STK,500074,INE110A01019,BPL,B,,,,,BPL LTD.,46.41,46.71,45.41,45.77,45.85,46.01,,45.79,,,2206,100947.00,78,F1,1,,,,,
2026-09-18,2026-09-18,CM,BSE,STK,500078,INE959C01023,OAL,B,,,,,ORIENTAL AROMATICS LIMITED,515.55,529.65,508.80,512.35,512.35,515.60,,514.15,,,1849,963743.00,138,F1,1,,,,,
2026-09-18,2026-09-18,CM,BSE,STK,500083,INE281A01026,CENTEXT,B,,,,,CENTURY EXTRUSIONS LTD.,19.00,19.50,19.00,19.17,19.15,19.01,,19.16,,,28887,555452.00,130,F1,1,,,,,
2026-09-18,2026-09-18,CM,BSE,STK,500084,INE486A01021,CESC,A,,,,,CESC LTD.,141.40,143.05,140.75,141.70,141.70,141.55,,141.53,,,102729,14532643.00,1801,F1,1,,,,,
2026-09-18,2026-09-18,CM,BSE,STK,500085,INE085A01013,CHAMBLFERT,A,,,,,CHAMBAL FERTILISERS & CHEMICAL,413.00,420.00,411.00,415.10,419.15,413.50,,414.92,,,39922,16542569.00,1469,F1,1,,,,,
2026-09-18,2026-09-18,CM,BSE,STK,500086,INE302A01020,EXIDEIND,A,,,,,EXIDE INDUSTRIES LTD.,419.85,444.50,419.80,436.20,436.20,418.10,,435.86,,,231131,100218511.00,5550,F1,1,,,,,
2026-09-18,2026-09-18,CM,BSE,STK,500087,INE059A01026,CIPLA,A,,,,,CIPLA LTD.,1372.25,1391.70,1371.45,1371.45,1371.45,1372.25,,1394.45,,,11566,15958033.00,1033,F1,1,,,,,
2026-09-18,2026-09-18,CM,BSE,STK,500089,INE303A01010,DICIND,B,,,,,DIC INDIA LTD.,635.00,641.55,617.80,641.20,641.55,630.40,,632.57,,,61,38380.00,12,F1,1,,,,,
2026-09-18,2026-09-18,CM,BSE,STK,500092,INE007A01025,CRISIL,A,,,,,CRISIL LTD.,4554.20,4615.85,4550.05,4576.85,4561.00,4542.40,,4577.49,,,1400,6409942.00,445,F1,1,,,,,
2026-09-18,2026-09-18,CM,BSE,STK,500093,INE067A01029,CGPOWER,A,,,,,CG Power and Industrial Soluti,881.05,911.00,881.05,900.00,900.00,880.00,,892.03,,,205329,185330320.00,6650,F1,1,,,,,
2026-09-18,2026-09-18,CM,BSE,STK,500096,INE016A01026,DABUR,A,,,,,DABUR INDIA LTD.,384.20,388.50,382.85,384.70,384.70,385.20,,394.98,,,73391,28306849.00,1444,F1,1,,,,,
2026-09-18,2026-09-18,CM,BSE,STK,500097,INE495A01022,DALMIASUG,B,,,,,DALMIA BHARAT SUGAR AND INDUST,393.70,393.70,383.15,389.60,390.00,390.25,,390.49,,,3373,1303419.00,164,F1,1,,,,,
2026-09-18,2026-09-18,CM,BSE,STK,500101,INE034A01011,ARVIND,A,,,,,ARVIND LTD.,544.30,555.15,542.65,552.40,552.00,541.60,,552.60,,,32256,17680088.00,1229,F1,1,,,,,
2026-09-18,2026-09-18,CM,BSE,STK,500103,INE257A01026,BHEL,A,,,,,BHARAT HEAVY ELECTRICALS LTD.,428.85,435.50,428.00,434.00,434.00,428.00,,439.88,,,459507,198646007.00,5247,F1,1,,,,,
2026-09-18,2026-09-18,CM,BSE,STK,500104,INE094A01015,HINDPETRO,A,,,,,HINDUSTAN PETROLEUM CORPORATIO,352.90,356.15,350.70,354.50,354.50,350.45,,358.93,,,134356,47531756.00,1862,F1,1,,,,,
2026-09-18,2026-09-18,CM,BSE,STK,500106,INE039A01010,IFCI,A,,,,,IFCI LTD.,77.94,77.94,75.48,76.57,76.57,77.05,,76.51,,,3445985,263158727.00,11613,F1,1,,,,,
2026-09-18,2026-09-18,CM,BSE,STK,500108,INE153A01019,MTNL,B,,,,,MAHANAGAR TELEPHONE NIGAM LTD.,23.65,24.00,23.60,23.78,23.70,23.78,,23.80,,,41065,977945.00,305,F1,1,,,,,
2026-09-18,2026-09-18,CM,BSE,STK,500109,INE103A01014,MRPL,A,,,,,MANGALORE REFINERY & PETROCHEM,164.15,167.00,162.70,165.40,165.40,163.80,,165.38,,,305716,50306062.00,2805,F1,1,,,,,
2026-09-18,2026-09-18,CM,BSE,STK,500110,INE178A01016,CHENNPETRO,A,,,,,CHENNAI PETROLEUM CORPORATION,1410.30,1438.20,1390.10,1415.50,1415.50,1414.80,,1416.53,,,89948,126523402.00,4371,F1,1,,,,,
2026-09-18,2026-09-18,CM,BSE,STK,500112,INE062A01020,SBIN,A,,,,,STATE BANK OF INDIA,992.80,994.50,985.10,989.80,989.80,984.50,,996.07,,,212391,210320967.00,5933,F1,1,,,,,
2026-09-18,2026-09-18,CM,BSE,STK,500113,INE114A01011,SAIL,A,,,,,STEEL AUTHORITY OF INDIA LTD.,176.15,180.00,176.05,180.00,180.00,175.15,,177.36,,,372472,66271767.00,3950,F1,1,,,,,
2026-09-18,2026-09-18,CM,BSE,STK,500114,INE280A01028,TITAN,A,,,,,TITAN COMPANY LIMITED,4846.00,4895.00,4756.50,4756.50,4756.50,4859.00,,4798.09,,,34914,167686345.00,4805,F1,1,,,,,
2026-09-18,2026-09-18,CM,BSE,STK,500116,INE008A01015,IDBI,A,,,,,IDBI BANK LTD.,82.01,84.88,81.82,83.08,83.08,81.93,,83.06,,,1157470,96425036.00,4198,F1,1,,,,,
2026-09-18,2026-09-18,CM,BSE,STK,500117,INE500A01029,DCW,B,,,,,DCW LTD.,45.24,45.57,45.10,45.21,45.10,45.33,,45.18,,,23969,1086113.00,146,F1,1,,,,,
2026-09-18,2026-09-18,CM,BSE,STK,500119,INE041A01016,DHAMPURSUG,B,,,,,DHAMPUR SUGAR MILLS LTD.,151.00,157.50,148.95,155.90,157.00,151.85,,156.20,,,62179,9513249.00,815,F1,1,,,,,
2026-09-18,2026-09-18,CM,BSE,STK,500120,INE591D01014,DIAMINESQ,B,,,,,DIAMINES & CHEMICALS LTD.,254.00,258.00,251.10,253.85,258.00,259.00,,256.72,,,46,11652.00,7,F1,1,,,,,
2026-09-18,2026-09-18,CM,BSE,STK,500123,INE280B01018,ELANTAS,B,,,,,ELANTAS BECK INDIA LTD.,13300.00,14449.15,13300.00,14311.25,14131.50,13740.05,,14246.01,,,654,9204921.00,246,F1,1,,,,,
2026-09-18,2026-09-18,CM,BSE,STK,500124,INE089A01031,DRREDDY,A,,,,,DR.REDDYS LABORATORIES LTD.,1184.80,1207.50,1171.10,1171.10,1171.10,1172.05,,1184.87,,,127813,152717294.00,6027,F1,1,,,,,
2026-09-18,2026-09-18,CM,BSE,STK,500125,INE126A01031,EIDPARRY,A,,,,,E.I.D.-PARRY (INDIA) LTD.,696.95,708.70,683.00,700.70,698.80,703.05,,700.70,,,37872,26295821.00,2435,F1,1,,,,,
2026-09-18,2026-09-18,CM,BSE,STK,500126,INE199A01012,PGHL,A,,,,,PROCTER & GAMBLE HEALTH LIMITE,5465.95,5520.00,5430.00,5502.00,5520.00,5434.95,,5503.49,,,252,1378515.00,80,F1,1,,,,,
2026-09-18,2026-09-18,CM,BSE,STK,500128,INE086A01029,ELECTCAST,A,,,,,ELECTROSTEEL CASTINGS LTD.,75.28,75.38,72.90,73.36,73.36,74.11,,73.38,,,72740,5349205.00,1351,F1,1,,,,,
2026-09-18,2026-09-18,CM,BSE,STK,500133,INE284A01012,ESABINDIA,B,,,,,ESAB INDIA LTD.,5613.00,5663.10,5592.05,5611.35,5592.05,5640.95,,5626.83,,,316,1781215.00,122,F1,1,,,,,
2026-09-18,2026-09-18,CM,BSE,STK,500135,INE255A01020,EPL,A,,,,,EPL LIMITED,231.65,240.95,231.65,238.90,238.90,231.20,,239.34,,,94541,22536254.00,1172,F1,1,,,,,
2026-09-18,2026-09-18,CM,BSE,STK,500136,INE778B01029,ESTER,B,,,,,ESTER INDUSTRIES LTD.,88.28,88.28,86.69,88.06,88.28,86.88,,87.70,,,2324,203296.00,128,F1,1,,,,,
2026-09-18,2026-09-18,CM,BSE,STK,500142,INE512A01016,FGP,XT,,,,,FGP LTD.,11.46,11.46,11.46,11.46,11.46,12.06,,11.46,,,2109,24169.00,15,F1,1,,,,,
2026-09-18,2026-09-18,CM,BSE,STK,500143,INE160F01013,PHCAP,XT,,,,,P H CAPITAL LIMITED,1070.00,1089.25,1005.00,1083.75,1088.00,1037.40,,1083.75,,,10402,11159575.00,474,F1,1,,,,,
2026-09-18,2026-09-18,CM,BSE,STK,500144,INE235A01022,FINCABLES,A,,,,,FINOLEX CABLES LTD.,1399.50,1435.00,1392.95,1410.90,1410.90,1394.70,,1411.19,,,53147,74953678.00,2365,F1,1,,,,,
2026-09-18,2026-09-18,CM,BSE,STK,500147,INE515A01019,COCKERILL,B,,,,,JOHN COCKERILL INDIA LIMITED,8148.95,8249.00,8011.05,8174.70,8175.00,8022.50,,8166.71,,,804,6552855.00,270,F1,1,,,,,
2026-09-18,2026-09-18,CM,BSE,STK,500148,INE516A01017,UFLEX,B,,,,,UFLEX LTD.,652.30,663.05,651.65,659.00,659.50,652.30,,659.41,,,3390,2231354.00,138,F1,1,,,,,
2026-09-18,2026-09-18,CM,BSE,STK,500150,INE519A01011,FOSECOIND,B,,,,,FOSECO INDIA LTD.,6752.75,6964.60,6623.25,6667.65,6672.25,6767.90,,6677.43,,,1627,10999195.00,390,F1,1,,,,,
2026-09-18,2026-09-18,CM,BSE,STK,500151,INE973A01010,GOLDENTOBC,Z,,,,,GOLDEN TOBACCO LTD.,24.80,24.80,24.61,24.61,24.61,23.64,,24.61,,,15,370.00,2,F1,1,,,,,
2026-09-18,2026-09-18,CM,BSE,STK,500153,INE388A01029,GANESHBE,T,,,,,GANESH BENZOPLAST LTD.,125.95,130.50,123.85,126.80,126.60,125.55,,126.86,,,14142,1803331.00,115,F1,1,,,,,
2026-09-18,2026-09-18,CM,BSE,STK,500160,INE043A01012,GTL,B,,,,,GTL LTD.,7.01,7.15,7.01,7.10,7.15,7.06,,7.10,,,18134,128148.00,90,F1,1,,,,,
2026-09-18,2026-09-18,CM,BSE,STK,500163,INE260B01028,GODFRYPHLP,A,,,,,GODFREY PHILLIPS INDIA LTD.,1950.00,2013.00,1949.25,2004.00,2004.00,1938.05,,2017.98,,,17671,35169233.00,1242,F1,1,,,,,
2026-09-18,2026-09-18,CM,BSE,STK,500164,INE233A01035,GODREJIND,A,,,,,GODREJ INDUSTRIES LTD.,1125.95,1130.00,1094.85,1107.45,1105.50,1126.90,,1107.40,,,5177,5732410.00,723,F1,1,,,,,
2026-09-18,2026-09-18,CM,BSE,STK,500165,INE531A01024,KANSAINER,A,,,,,KANSAI NEROLAC PAINTS LTD.,184.00,185.40,181.70,183.65,183.65,184.15,,183.95,,,14537,2670796.00,323,F1,1,,,,,
2026-09-18,2026-09-18,CM,BSE,STK,500166,INE300A01016,GOODRICKE,X,,,,,GOODRICKE GROUP LTD.,229.00,235.50,220.00,233.55,234.00,223.50,,233.55,,,9078,2104831.00,200,F1,1,,,,,
2026-09-18,2026-09-18,CM,BSE,STK,500168,INE533A01012,GOODYEAR,B,,,,,GOODYEAR INDIA LTD.,711.15,712.35,704.00,705.05,705.05,707.65,,704.89,,,966,682853.00,182,F1,1,,,,,
2026-09-18,2026-09-18,CM,BSE,STK,500170,INE537A01013,GTNINDS,X,,,,,GTN INDUSTRIES LTD.,24.41,24.41,23.02,24.24,24.24,23.76,,24.24,,,18,419.00,4,F1,1,,,,,
2026-09-18,2026-09-18,CM,BSE,STK,500171,INE539A01019,GHCL,A,,,,,GHCL LTD.,422.65,429.00,418.50,422.15,418.50,420.30,,421.73,,,13110,5549546.00,654,F1,1,,,,,
2026-09-18,2026-09-18,CM,BSE,STK,500173,INE538A01037,GFLLIMITED,B,,,,,GFL LIMITED,56.02,56.96,55.86,56.58,56.83,55.25,,56.43,,,683,38627.00,22,F1,1,,,,,
2026-09-18,2026-09-18,CM,BSE,STK,500178,INE905C01034,HARCR,XT,,,,,HARIG CRANKSHAFTS LTD.,34.45,34.45,34.45,34.45,34.45,33.78,,34.45,,,197,6786.00,10,F1,1,,,,,
2026-09-18,2026-09-18,CM,BSE,STK,500179,INE236A01020,HCL-INSYS,B,,,,,HCL INFOSYSTEMS LTD.,10.20,10.59,10.15,10.48,10.59,10.07,,10.47,,,78754,811001.00,392,F1,1,,,,,
2026-09-18,2026-09-18,CM,BSE,STK,500180,INE040A01034,HDFCBANK,A,,,,,HDFC BANK LTD.,715.95,733.50,715.05,729.10,729.10,713.00,,730.99,,,5055387,3671884592.00,33364,F1,1,,,,,
2026-09-18,2026-09-18,CM,BSE,STK,500182,INE158A01026,HEROMOTOCO,A,,,,,HERO MOTOCORP LTD.,5325.00,5360.00,5289.70,5300.00,5300.00,5325.00,,5285.51,,,15765,83796000.00,4141,F1,1,,,,,
2026-09-18,2026-09-18,CM,BSE,STK,500183,INE548A01028,HFCL,T,,,,,HFCL LIMITED,213.00,219.90,208.80,214.70,214.70,209.60,,215.67,,,435904,93471581.00,4741,F1,1,,,,,
2026-09-18,2026-09-18,CM,BSE,STK,500184,INE019C01026,HSCL,A,,,,,Himadri Speciality Chemical Lt,656.50,678.50,656.00,674.25,674.25,653.60,,675.27,,,269120,179803000.00,7403,F1,1,,,,,
2026-09-18,2026-09-18,CM,BSE,STK,500185,INE549A01026,HCC,A,,,,,HINDUSTAN CONSTRUCTION CO.LTD.,21.75,21.87,21.38,21.78,21.78,21.55,,21.77,,,815715,17637589.00,1457,F1,1,,,,,
2026-09-18,2026-09-18,CM,BSE,STK,500186,INE345A01011,HINDOILEXP,B,,,,,HINDUSTAN OIL EXPLORATION CO.L,182.40,182.75,178.70,180.00,180.00,181.25,,180.27,,,38594,6971297.00,429,F1,1,,,,,
2026-09-18,2026-09-18,CM,BSE,STK,500187,INE415A01038,AGI,B,,,,,AGI GREENPAC LIMITED,739.00,755.90,723.50,745.50,743.55,733.90,,745.07,,,6099,4498414.00,368,F1,1,,,,,
2026-09-18,2026-09-18,CM,BSE,STK,500188,INE267A01025,HINDZINC,A,,,,,HINDUSTAN ZINC LTD.,578.00,591.80,578.00,585.20,585.20,573.50,,595.85,,,361995,212239979.00,6955,F1,1,,,,,
2026-09-18,2026-09-18,CM,BSE,STK,500189,INE353A01023,NDLVENTURE,B,,,,,NDL Ventures Limited,122.00,123.75,121.60,123.75,123.75,117.90,,123.00,,,1278,156487.00,188,F1,1,,,,,
2026-09-18,2026-09-18,CM,BSE,STK,500191,INE262A01018,HMT,Z,,,,,HMT LTD.,61.49,61.50,61.05,61.50,61.50,60.71,,61.32,,,1366,83971.00,19,F1,1,,,,,
2026-09-18,2026-09-18,CM,BSE,STK,500192,INE962B01011,PRAGBOS,X,,,,,PRAG BOSIMI SYNTHETICS LTD.,1.91,1.93,1.85,1.88,1.88,1.89,,1.88,,,14347,26773.00,29,F1,1,,,,,
2026-09-18,2026-09-18,CM,BSE,STK,500193,INE102A01024,HLVLTD,B,,,,,HLV LIMITED,6.53,6.92,6.53,6.80,6.80,6.68,,6.76,,,30915,210204.00,152,F1,1,,,,,
2026-09-18,2026-09-18,CM,BSE,STK,500199,INE204A01010,IGPL,B,,,,,I G PETROCHEMICALS LTD.,554.30,561.65,540.00,550.75,540.00,554.85,,550.16,,,1078,599738.00,121,F1,1,,,,,
2026-09-18,2026-09-18,CM,BSE,STK,500201,INE560A01023,INDIAGLYCO,A,,,,,INDIA GLYCOLS LTD.,250.35,282.60,250.35,264.00,264.00,249.05,,263.73,,,107212,28849125.00,3100,F1,1,,,,,
2026-09-18,2026-09-18,CM,BSE,STK,500202,INE333C01013,INDLEASE,X,,,,,INDIA LEASE DEVELOPMENT LTD.,8.00,8.00,8.00,8.00,8.00,8.00,,8.00,,,1,8.00,1,F1,1,,,,,
2026-09-18,2026-09-18,CM,BSE,STK,500206,INE680B01019,MARGOFIN,X,,,,,MARGO FINANCE LIMITED,65.23,66.00,64.22,66.00,66.00,65.23,,66.00,,,268,17359.00,12,F1,1,,,,,
2026-09-18,2026-09-18,CM,BSE,STK,500207,INE156A01020,INDORAMA,B,,,,,INDO RAMA SYNTHETICS (INDIA) L,89.11,93.45,87.61,91.09,91.50,89.21,,91.05,,,82848,7523586.00,805,F1,1,,,,,
2026-09-18,2026-09-18,CM,BSE,STK,500209,INE009A01021,INFY,A,,,,,INFOSYS LTD.,1060.05,1062.55,1038.10,1050.15,1050.15,1056.10,,1051.40,,,362687,379156935.00,24788,F1,1,,,,,
2026-09-18,2026-09-18,CM,BSE,STK,500210,INE177A01018,INGERRAND,B,,,,,INGERSOLL-RAND (INDIA) LTD.,4216.45,4259.35,4130.00,4159.35,4154.60,4229.30,,4155.90,,,6091,25525758.00,687,F1,1,,,,,
2026-09-18,2026-09-18,CM,BSE,STK,500213,INE262B01016,ITHL,X,,,,,INTERNATIONAL TRAVEL HOUSE LTD,287.90,295.00,280.70,294.70,294.90,287.90,,294.70,,,795,228843.00,68,F1,1,,,,,
2026-09-18,2026-09-18,CM,BSE,STK,500214,INE570A01022,IONEXCHANG,A,,,,,ION EXCHANGE (INDIA) LTD.,427.35,446.70,424.05,442.35,442.95,424.05,,442.30,,,23707,10349847.00,740,F1,1,,,,,
2026-09-18,2026-09-18,CM,BSE,STK,500215,INE209A01019,SUNDROP,B,,,,,SUNDROP BRANDS LIMITED,665.65,668.25,655.90,665.60,668.25,665.65,,663.63,,,249,164795.00,78,F1,1,,,,,
2026-09-18,2026-09-18,CM,BSE,STK,500219,INE175A01038,JISLJALEQS,A,,,,,JAIN IRRIGATION SYSTEMS LTD.,30.90,31.88,29.30,30.59,30.66,30.24,,30.43,,,431431,13269250.00,1728,F1,1,,,,,
2026-09-18,2026-09-18,CM,BSE,STK,500220,INE711C01028,JASCH,XT,,,,,JASCH INDUSTRIES LTD.,279.65,279.70,270.10,274.25,278.00,279.95,,274.25,,,1794,490773.00,23,F1,1,,,,,
2026-09-18,2026-09-18,CM,BSE,STK,500227,INE197D01010,JINDALPOLY,B,,,,,JINDAL POLY FILMS LIMITED,726.50,727.45,706.00,721.35,725.00,726.45,,718.83,,,2814,2016616.00,216,F1,1,,,,,
2026-09-18,2026-09-18,CM,BSE,STK,500228,INE019A01038,JSWSTEEL,A,,,,,JSW STEEL LTD.,1282.80,1299.90,1262.90,1268.00,1268.00,1256.80,,1275.59,,,34929,44428854.00,2124,F1,1,,,,,
2026-09-18,2026-09-18,CM,BSE,STK,500233,INE217B01036,KAJARIACER,A,,,,,KAJARIA CERAMICS LTD.,1220.75,1220.75,1196.30,1203.00,1205.75,1217.00,,1202.71,,,8873,10662397.00,959,F1,1,,,,,
2026-09-18,2026-09-18,CM,BSE,STK,500234,INE437B01014,KAKATCEM,B,,,,,KAKATIYA CEMENT SUGAR & INDUST,109.00,109.00,106.15,108.60,108.60,106.00,,107.33,,,80,8679.00,4,F1,1,,,,,
2026-09-18,2026-09-18,CM,BSE,STK,500235,INE907A01026,KSL,B,,,,,KALYANI STEELS LTD.,963.05,979.40,951.70,954.55,953.00,971.25,,955.04,,,4843,4664826.00,396,F1,1,,,,,
2026-09-18,2026-09-18,CM,BSE,STK,500236,INE252C01023,KANELIND,XT,,,,,KANEL INDUSTRIES LIMITED,75.00,78.45,74.50,75.99,75.99,75.00,,75.99,,,972,74373.00,33,F1,1,,,,,
2026-09-18,2026-09-18,CM,BSE,STK,500238,INE716A01013,WHIRLPOOL,A,,,,,WHIRLPOOL OF INDIA LTD.,726.60,735.00,706.30,719.35,719.35,727.10,,717.73,,,36727,26396722.00,1845,F1,1,,,,,
2026-09-18,2026-09-18,CM,BSE,STK,500239,INE104A01012,KGDENIM,X,,,,,KG DENIM LTD.,14.95,14.95,13.78,14.00,14.00,14.24,,14.00,,,915,13055.00,20,F1,1,,,,,
2026-09-18,2026-09-18,CM,BSE,STK,500240,INE266B01017,KINETICENG,XT,,,,,KINETIC ENGINEERING LTD.,220.00,225.90,219.00,222.70,222.00,221.10,,222.70,,,17411,3895474.00,101,F1,1,,,,,
2026-09-18,2026-09-18,CM,BSE,STK,500241,INE732A01036,KIRLOSBROS,A,,,,,KIRLOSKAR BROTHERS LTD.,1787.85,1825.00,1787.00,1815.80,1819.80,1768.80,,1811.41,,,1409,2547674.00,193,F1,1,,,,,
2026-09-18,2026-09-18,CM,BSE,STK,500243,INE250A01039,KIRLOSIND,B,,,,,KIRLOSKAR INDUSTRIES LTD,3769.35,3825.00,3682.95,3695.90,3701.70,3788.30,,3699.70,,,399,1486967.00,124,F1,1,,,,,
2026-09-18,2026-09-18,CM,BSE,STK,500245,INE884B01025,KIRLFER,B,,,,,KIRLOSKAR FERROUS INDUSTRIES L,475.95,489.00,474.45,480.50,482.65,474.30,,480.64,,,19671,9484457.00,702,F1,1,,,,,
2026-09-18,2026-09-18,CM,BSE,STK,500246,INE601C01013,ENVAIREL,XT,,,,,ENVAIR ELECTRODYNE LTD.,55.05,55.05,55.05,55.05,55.05,52.43,,55.05,,,448,24662.00,4,F1,1,,,,,
2026-09-18,2026-09-18,CM,BSE,STK,500247,INE237A01036,KOTAKBANK,A,,,,,KOTAK MAHINDRA BANK LTD.,415.30,419.25,411.20,412.80,412.80,417.00,,412.50,,,137527,57224360.00,2551,F1,1,,,,,
2026-09-18,2026-09-18,CM,BSE,STK,500248,INE073A01019,KRIFILIND,XT,,,,,KRISHNA FILAMENT INDUSTRIES LI,5.75,5.75,5.75,5.75,5.75,5.77,,5.75,,,200,1150.00,2,F1,1,,,,,
2026-09-18,2026-09-18,CM,BSE,STK,500249,INE999A01023,KSB,A,,,,,KSB LIMITED,778.00,819.40,777.95,812.55,819.35,776.85,,813.07,,,8477,6833420.00,493,F1,1,,,,,
2026-09-18,2026-09-18,CM,BSE,STK,500250,INE337A01034,LGBBROSLTD,A,,,,,L.G.BALAKRISHNAN & BROS.LTD.,1720.00,1769.15,1699.65,1723.10,1714.70,1718.75,,1728.50,,,5818,10016276.00,256,F1,1,,,,,
2026-09-18,2026-09-18,CM,BSE,STK,500251,INE849A01020,TRENT,A,,,,,TRENT LTD.,2786.35,2820.00,2776.10,2778.05,2778.05,2796.00,,2823.78,,,43357,120783623.00,2190,F1,1,,,,,
2026-09-18,2026-09-18,CM,BSE,STK,500252,INE269B01029,LMW,A,,,,,LMW Limited,18198.05,18490.00,17597.40,17784.75,17809.90,18182.80,,17760.12,,,448,8012914.00,242,F1,1,,,,,
2026-09-18,2026-09-18,CM,BSE,STK,500253,INE115A01026,LICHSGFIN,A,,,,,LIC HOUSING FINANCE LTD.,548.45,551.65,543.85,548.90,548.90,546.50,,548.15,,,50602,27714929.00,1820,F1,1,,,,,
2026-09-18,2026-09-18,CM,BSE,STK,500257,INE326A01037,LUPIN,A,,,,,LUPIN LTD.,2090.60,2144.70,2079.00,2144.70,2144.70,2092.00,,2083.44,,,134400,281934306.00,1968,F1,1,,,,,
2026-09-18,2026-09-18,CM,BSE,STK,500259,INE933A01014,LYKALABS,T,,,,,LYKA LABS LTD.,85.76,85.76,83.40,83.40,83.40,84.08,,83.40,,,53356,4574984.00,42,F1,1,,,,,
2026-09-18,2026-09-18,CM,BSE,STK,500260,INE331A01037,RAMCOCEM,A,,,,,THE RAMCO CEMENTS LIMITED,864.40,881.75,864.40,869.95,867.20,858.15,,869.76,,,9357,8157083.00,642,F1,1,,,,,
2026-09-18,2026-09-18,CM,BSE,STK,500262,INE965B01022,HYBRIDFIN,T,,,,,HYBRID FINANCIAL SERVICES LIMI,16.23,16.95,16.23,16.95,16.95,16.22,,16.95,,,425,6933.00,2,F1,1,,,,,
2026-09-18,2026-09-18,CM,BSE,STK,500264,INE270B01035,MAFATIND,B,,,,,MAFATLAL INDUSTRIES LTD.,120.95,121.55,119.50,120.00,119.55,120.95,,119.66,,,10275,1233645.00,661,F1,1,,,,,
2026-09-18,2026-09-18,CM,BSE,STK,500265,INE271B01025,MAHSEAMLES,A,,,,,MAHARASHTRA SEAMLESS LTD.,725.55,725.55,713.00,716.70,715.50,719.85,,717.51,,,8375,6013643.00,391,F1,1,,,,,
2026-09-18,2026-09-18,CM,BSE,STK,500266,INE288A01013,MAHSCOOTER,A,,,,,MAHARASHTRA SCOOTERS LTD.,13219.85,13840.00,13195.00,13738.75,13840.00,13167.40,,13729.67,,,1033,13959725.00,387,F1,1,,,,,
2026-09-18,2026-09-18,CM,BSE,STK,500267,INE201B01022,MAJESAUT,T,,,,,MAJESTIC AUTO LTD.,366.00,375.05,360.05,361.20,361.20,361.45,,363.08,,,642,237701.00,31,F1,1,,,,,
2026-09-18,2026-09-18,CM,BSE,STK,500268,INE201A01024,MANALIPETC,B,,,,,MANALI PETROCHEMICAL LTD.,82.02,83.43,81.03,82.85,83.30,82.35,,82.92,,,52274,4315669.00,522,F1,1,,,,,
2026-09-18,2026-09-18,CM,BSE,STK,500270,INE461A01024,BARODARY,X,,,,,BARODA RAYON CORPORATION LTD.,125.05,127.00,125.05,127.00,127.00,126.85,,127.00,,,609,77227.00,7,F1,1,,,,,
2026-09-18,2026-09-18,CM,BSE,STK,500271,INE180A01020,MFSL,A,,,,,Max Financial Services Limited,1540.35,1575.00,1529.35,1575.00,1575.00,1553.10,,1559.02,,,50219,78591020.00,928,F1,1,,,,,
2026-09-18,2026-09-18,CM,BSE,STK,500277,INE401C01018,MIDINDIA,X,,,,,MID INDIA INDUSTRIES LTD.,5.63,5.63,5.62,5.62,5.62,5.61,,5.62,,,504,2832.00,5,F1,1,,,,,
2026-09-18,2026-09-18,CM,BSE,STK,500279,INE831A01028,ONIDA,B,,,,,ONIDA ELECTRONICS LIMITED,32.53,33.35,32.21,33.03,32.60,32.19,,32.89,,,30115,990073.00,216,F1,1,,,,,
2026-09-18,2026-09-18,CM,BSE,STK,500280,INE485A01015,CENTENKA,B,,,,,CENTURY ENKA LTD.,561.90,568.00,553.00,561.65,568.00,565.25,,561.47,,,3636,2040401.00,256,F1,1,,,,,
2026-09-18,2026-09-18,CM,BSE,STK,500282,INE794W01014,MODTHREAD,B,,,,,MODERN THREADS (INDIA) LTD.,49.25,49.25,47.21,47.84,47.84,50.00,,47.99,,,315,15206.00,10,F1,1,,,,,
2026-09-18,2026-09-18,CM,BSE,STK,500284,INE846D01012,LORDSCHLO,B,,,,,LORDS CHLORO ALKALI LTD.,134.00,137.60,134.00,136.00,136.00,133.90,,136.06,,,849,115135.00,139,F1,1,,,,,
2026-09-18,2026-09-18,CM,BSE,STK,500285,INE285B01017,SPICEJET,B,,,,,SPICEJET LTD.,8.22,8.68,8.10,8.49,8.49,8.18,,8.49,,,5818649,48336203.00,4504,F1,1,,,,,
2026-09-18,2026-09-18,CM,BSE,STK,500288,INE083A01026,MOREPENLAB,B,,,,,MOREPEN LABORATORIES LTD.,120.65,123.50,118.25,120.90,120.90,120.65,,120.90,,,1098795,132704451.00,5870,F1,1,,,,,
2026-09-18,2026-09-18,CM,BSE,STK,500290,INE883A01011,MRF,A,,,,,MRF LTD.,124849.95,126468.80,123800.00,125528.60,124622.00,124380.25,,125667.68,,,280,34910816.00,220,F1,1,,,,,
2026-09-18,2026-09-18,CM,BSE,STK,500292,INE578A01017,HEIDELBERG,B,,,,,HEIDELBERGCEMENT INDIA LTD.,141.75,150.20,141.05,147.15,147.15,141.65,,146.08,,,22622,3277390.00,375,F1,1,,,,,
2026-09-18,2026-09-18,CM,BSE,STK,500294,INE868B01028,NCC,A,,,,,NCC LIMITED,135.95,138.80,134.75,137.00,136.95,135.65,,137.12,,,171094,23398421.00,1977,F1,1,,,,,
2026-09-18,2026-09-18,CM,BSE,STK,500295,INE205A01025,VEDL,A,,,,,VEDANTA LIMITED,258.00,261.85,258.00,261.25,261.25,256.60,,267.59,,,179572,46805575.00,2736,F1,1,,,,,
2026-09-18,2026-09-18,CM,BSE,STK,500296,INE290A01027,NAHARSPING,B,,,,,NAHAR SPINNING MILLS LTD.,281.20,281.20,267.35,270.20,270.20,274.35,,269.20,,,727,198389.00,60,F1,1,,,,,
2026-09-18,2026-09-18,CM,BSE,STK,500298,INE585A01020,NAPEROL,X,,,,,Naperol Investments Limited,657.90,660.00,643.10,645.10,643.10,647.20,,645.10,,,1060,686420.00,100,F1,1,,,,,
2026-09-18,2026-09-18,CM,BSE,STK,500300,INE047A01021,GRASIM,A,,,,,GRASIM INDUSTRIES LTD.,3192.55,3202.00,3171.00,3171.00,3171.00,3175.20,,3209.00,,,17620,56080772.00,1842,F1,1,,,,,
2026-09-18,2026-09-18,CM,BSE,STK,500304,INE161A01038,NIITLTD,B,,,,,NIIT LTD.,87.90,94.35,86.70,91.75,91.75,87.30,,91.58,,,38898,3516773.00,340,F1,1,,,,,
2026-09-18,2026-09-18,CM,BSE,STK,500306,INE903A01025,JAYKAY,B,,,,,Jaykay Enterprises Limited,157.15,169.40,153.85,167.45,168.40,157.15,,167.21,,,132212,21571876.00,2651,F1,1,,,,,
2026-09-18,2026-09-18,CM,BSE,STK,500307,INE910A01012,NIRLON,B,,,,,NIRLON LTD.,600.10,606.00,597.05,599.40,597.05,601.00,,600.24,,,65,39111.00,24,F1,1,,,,,
2026-09-18,2026-09-18,CM,BSE,STK,500312,INE213A01029,ONGC,A,,,,,OIL AND NATURAL GAS CORPORATIO,232.50,234.30,231.75,232.50,232.50,232.75,,232.80,,,509178,118643071.00,5671,F1,1,,,,,
2026-09-18,2026-09-18,CM,BSE,STK,500313,INE591A01010,OILCOUNTUB,T,,,,,OIL COUNTRY TUBULAR LTD.,64.90,65.33,64.90,65.33,65.33,64.05,,65.33,,,5300,344056.00,3,F1,1,,,,,
2026-09-18,2026-09-18,CM,BSE,STK,500314,INE750A01020,ORIENTHOT,B,,,,,ORIENTAL HOTELS LTD.,141.95,144.75,141.00,143.40,143.50,140.80,,143.45,,,32529,4660564.00,299,F1,1,,,,,
2026-09-18,2026-09-18,CM,BSE,STK,500317,INE142A01012,OSWALAGRO,B,,,,,OSWAL AGRO MILLS LTD.,34.95,34.95,33.60,34.59,34.59,33.76,,33.88,,,3367,114092.00,435,F1,1,,,,,
2026-09-18,2026-09-18,CM,BSE,STK,500319,INE557C01017,INDSUCR,X,,,,,INDIAN SUCROSE LTD.,77.00,78.00,74.01,74.20,74.70,74.65,,74.20,,,3798,284608.00,68,F1,1,,,,,
2026-09-18,2026-09-18,CM,BSE,STK,500322,INE167E01037,PANCM,XT,,,,,PANYAM CEMENTS & MINERAL INDUS,117.50,117.50,117.50,117.50,117.50,117.70,,117.50,,,25,2937.00,2,F1,1,,,,,
2026-09-18,2026-09-18,CM,BSE,STK,500325,INE002A01018,RELIANCE,A,,,,,RELIANCE INDUSTRIES LTD.,1245.50,1247.35,1233.95,1233.95,1233.95,1240.80,,1226.47,,,481548,597631668.00,9494,F1,1,,,,,
2026-09-18,2026-09-18,CM,BSE,STK,500327,INE600A01035,PILITA,B,,,,,Pil Italica Lifestyle Limited,7.65,7.70,7.38,7.49,7.56,7.73,,7.48,,,10945,82707.00,90,F1,1,,,,,
2026-09-18,2026-09-18,CM,BSE,STK,500330,INE301A01014,RAYMOND,A,,,,,RAYMOND LTD.,980.00,1008.00,969.55,978.05,978.05,979.85,,978.00,,,139401,138263743.00,4673,F1,1,,,,,
2026-09-18,2026-09-18,CM,BSE,STK,500331,INE318A01026,PIDILITIND,A,,,,,PIDILITE INDUSTRIES LTD.,1557.20,1598.00,1557.20,1566.10,1566.10,1553.10,,1572.05,,,18096,28691781.00,1785,F1,1,,,,,
2026-09-18,2026-09-18,CM,BSE,STK,500333,INE751B01018,PIXTRANS,B,,,,,PIX TRANSMISSIONS LTD.,1728.00,1745.85,1727.00,1745.85,1745.85,1712.90,,1741.11,,,85,147474.00,39,F1,1,,,,,
2026-09-18,2026-09-18,CM,BSE,STK,500335,INE340A01012,BIRLACORPN,A,,,,,BIRLA CORPORATION LTD.,818.10,840.90,810.00,823.20,824.20,812.60,,823.56,,,92409,75367482.00,743,F1,1,,,,,
2026-09-18,2026-09-18,CM,BSE,STK,500336,INE335A01020,SURYAROSNI,B,,,,,SURYA ROSHNI LTD.,211.20,212.55,209.05,210.65,210.85,210.00,,210.62,,,20269,4277575.00,545,F1,1,,,,,
2026-09-18,2026-09-18,CM,BSE,STK,500337,INE032B01021,PRIMESECU,B,,,,,PRIME SECURITIES LTD.,296.55,302.55,287.00,300.80,288.35,295.05,,298.05,,,11116,3287002.00,105,F1,1,,,,,
2026-09-18,2026-09-18,CM,BSE,STK,500338,INE010A01011,PRSMJOHNSN,B,,,,,PRISM JOHNSON LIMITED.,113.60,118.20,113.35,117.15,117.45,113.10,,117.06,,,85973,10034341.00,679,F1,1,,,,,
2026-09-18,2026-09-18,CM,BSE,STK,500339,INE855B01025,RAIN,A,,,,,RAIN INDUSTRIES LIMITED,204.20,209.00,203.00,206.85,206.45,203.10,,206.92,,,139627,28924530.00,1673,F1,1,,,,,
2026-09-18,2026-09-18,CM,BSE,STK,500342,INE024D01016,PRUDMOULI,T,,,,,PRUDENTIAL SUGAR CORPORATION L,14.50,14.50,14.20,14.40,14.42,14.75,,14.30,,,322,4619.00,12,F1,1,,,,,
2026-09-18,2026-09-18,CM,BSE,STK,500343,INE606A01024,AMJLAND,B,,,,,AMJ LAND HOLDINGS LIMITED,37.88,43.00,37.88,39.93,43.00,36.35,,37.98,,,100,3992.00,6,F1,1,,,,,
2026-09-18,2026-09-18,CM,BSE,STK,500346,INE609A01010,PUNJCOMMU,B,,,,,PUNJAB COMMUNICATIONS LTD.,58.40,58.40,56.25,57.85,57.85,57.44,,57.85,,,105,5914.00,8,F1,1,,,,,
2026-09-18,2026-09-18,CM,BSE,STK,500350,INE611A01016,RSWM,T,,,,,RSWM LTD.,214.00,223.90,214.00,221.10,221.90,214.50,,220.43,,,4188,909558.00,62,F1,1,,,,,
2026-09-18,2026-09-18,CM,BSE,STK,500354,INE562B01019,RAJSREESUG,B,,,,,RAJSHREE SUGARS & CHEMICALS LT,32.90,32.90,31.28,32.20,32.20,32.90,,31.87,,,709,22299.00,26,F1,1,,,,,
2026-09-18,2026-09-18,CM,BSE,STK,500355,INE613A01020,RALLIS,A,,,,,RALLIS INDIA LTD.,203.85,204.90,202.05,203.80,204.45,204.40,,203.80,,,38839,7892817.00,845,F1,1,,,,,
2026-09-18,2026-09-18,CM,BSE,STK,500356,INE278B01020,RAMANEWS,B,,,,,SHREE RAMA NEWSPRINT LTD.,30.97,31.49,30.73,30.95,30.95,30.65,,31.33,,,5302,165268.00,184,F1,1,,,,,
2026-09-18,2026-09-18,CM,BSE,STK,500357,INE425E01013,RAMAPPR-B,Z,,,,,RAMA PAPER MILLS LTD.,16.00,17.44,16.00,16.92,16.99,16.77,,16.92,,,671,11354.00,12,F1,1,,,,,
2026-09-18,2026-09-18,CM,BSE,STK,500360,INE350D01015,RAPICUT,XT,,,,,RAPICUT CARBIDES LTD.,315.60,315.75,315.60,315.60,315.60,322.00,,315.60,,,8917,2814755.00,50,F1,1,,,,,
2026-09-18,2026-09-18,CM,BSE,STK,500365,INE731F01037,WELSPLSOL,B,,,,,WELSPUN SPECIALTY SOLUTIONS LI,53.94,56.57,53.20,56.02,55.44,54.17,,55.73,,,97404,5357469.00,639,F1,1,,,,,
2026-09-18,2026-09-18,CM,BSE,STK,500367,INE642C01025,RUBFILA,B,,,,,RUBFILA INTERNATIONAL LTD.,66.22,67.89,65.66,67.48,67.00,65.88,,67.37,,,28410,1880586.00,325,F1,1,,,,,
2026-09-18,2026-09-18,CM,BSE,STK,500368,INE619A01035,PATANJALI,A,,,,,Patanjali Foods Limited,352.95,363.65,352.95,363.10,363.10,354.50,,366.96,,,169696,61312796.00,1788,F1,1,,,,,
2026-09-18,2026-09-18,CM,BSE,STK,500370,INE924A01013,SALORAINTL,X,,,,,SALORA INTERNATIONAL LTD.,24.99,25.00,24.99,25.00,25.00,24.49,,25.00,,,1000,24997.00,5,F1,1,,,,,
2026-09-18,2026-09-18,CM,BSE,STK,500371,INE538C01017,SAMTELIN,XT,,,,,SAMTEL INDIA LTD.,41.36,41.36,41.36,41.36,41.36,40.55,,41.36,,,61016,2523621.00,17,F1,1,,,,,
2026-09-18,2026-09-18,CM,BSE,STK,500378,INE324A01032,JINDALSAW,A,,,,,JINDAL SAW LTD.,292.95,294.60,288.10,289.45,289.40,291.25,,289.50,,,90906,26454997.00,1630,F1,1,,,,,
2026-09-18,2026-09-18,CM,BSE,STK,500380,INE786A01032,JKLAKSHMI,A,,,,,JK LAKSHMI CEMENT LTD.,510.55,535.00,510.35,530.75,535.00,510.05,,530.24,,,13923,7324911.00,734,F1,1,,,,,
2026-09-18,2026-09-18,CM,BSE,STK,500387,INE070A01015,SHREECEM,A,,,,,SHREE CEMENT LTD.,22130.50,22967.15,22118.65,22749.60,22749.60,21908.95,,22601.68,,,3689,83342035.00,1274,F1,1,,,,,
2026-09-18,2026-09-18,CM,BSE,STK,500388,INE970C01012,SKPMIL,XT,,,,,SHREE KRISHNA PAPER MILLS & IN,99.22,99.22,99.22,99.22,99.22,99.22,,99.22,,,110,10914.00,4,F1,1,,,,,
2026-09-18,2026-09-18,CM,BSE,STK,500390,INE036A01016,RELINFRA,T,,,,,RELIANCE INFRASTRUCTURE LTD.,51.90,51.90,49.94,49.96,49.94,50.95,,49.97,,,53068,2661542.00,296,F1,1,,,,,
2026-09-18,2026-09-18,CM,BSE,STK,500399,INE629B01032,STEELCO,XT,,,,,STEELCO GUJARAT LTD.,252.85,252.85,242.95,242.95,242.95,247.90,,242.95,,,4275,1048288.00,67,F1,1,,,,,
2026-09-18,2026-09-18,CM,BSE,STK,500400,INE245A01021,TATAPOWER,A,,,,,TATA POWER CO.LTD.,365.35,374.80,360.90,374.80,374.80,368.30,,374.80,,,554549,203625495.00,3776,F1,1,,,,,
2026-09-18,2026-09-18,CM,BSE,STK,500402,INE937A01023,SPMLINFRA,B,,,,,SPML INFRA LIMITED,173.15,174.40,167.70,168.15,169.00,170.85,,168.23,,,4145,708472.00,140,F1,1,,,,,
2026-09-18,2026-09-18,CM,BSE,STK,500403,INE387A01021,SUNDRMFAST,A,,,,,SUNDRAM FASTENERS LTD.,1226.65,1238.30,1223.80,1228.45,1225.90,1226.50,,1228.20,,,4629,5696814.00,629,F1,1,,,,,
2026-09-18,2026-09-18,CM,BSE,STK,500404,INE947A01014,SUNFLAG,B,,,,,SUNFLAG IRON & STEEL CO.LTD.,348.30,354.55,343.70,344.85,346.25,343.65,,345.09,,,10758,3755194.00,303,F1,1,,,,,
2026-09-18,2026-09-18,CM,BSE,STK,500405,INE663A01033,SPLPETRO,A,,,,,SUPREME PETROCHEM LTD.,811.60,872.70,811.60,866.15,862.00,809.40,,865.73,,,86649,73911566.00,3323,F1,1,,,,,
2026-09-18,2026-09-18,CM,BSE,STK,500407,INE277A01016,SWARAJENG,B,,,,,SWARAJ ENGINES LTD.,3547.95,3637.45,3535.00,3624.80,3620.00,3554.35,,3625.08,,,1421,5070463.00,143,F1,1,,,,,
2026-09-18,2026-09-18,CM,BSE,STK,500408,INE670A01012,TATAELXSI,A,,,,,TATA ELXSI LTD.,3401.30,3401.30,3325.30,3340.00,3340.00,3385.00,,3267.18,,,19842,66369796.00,3237,F1,1,,,,,
2026-09-18,2026-09-18,CM,BSE,STK,500410,INE012A01025,ACC,A,,,,,ACC LTD.,1237.00,1277.80,1237.00,1265.25,1265.25,1233.55,,1259.80,,,16703,20923339.00,1017,F1,1,,,,,
2026-09-18,2026-09-18,CM,BSE,STK,500411,INE152A01029,THERMAX,A,,,,,THERMAX LTD.,3565.90,3585.30,3520.50,3550.45,3534.65,3568.35,,3551.85,,,7238,25710371.00,1086,F1,1,,,,,
2026-09-18,2026-09-18,CM,BSE,STK,500412,INE338A01024,TIRUMALCHM,B,,,,,THIRUMALAI CHEMICALS LTD.,155.95,163.30,155.80,158.55,158.55,155.70,,158.54,,,50325,8052753.00,945,F1,1,,,,,
2026-09-18,2026-09-18,CM,BSE,STK,500413,INE332A01027,THOMASCOOK,A,,,,,THOMAS COOK (INDIA) LTD.,103.50,107.45,103.20,106.20,107.45,103.40,,106.04,,,20281,2127519.00,200,F1,1,,,,,
2026-09-18,2026-09-18,CM,BSE,STK,500414,INE064A01026,TIMEX,B,,,,,TIMEX GROUP INDIA LTD.,615.95,729.00,615.95,715.55,715.55,611.25,,714.28,,,359655,248893404.00,12157,F1,1,,,,,
2026-09-18,2026-09-18,CM,BSE,STK,500418,INE932C01012,TOKYOPLAST,B,,,,,TOKYO PLAST INTERNATIONAL LTD.,75.50,75.50,75.50,75.50,75.50,75.00,,75.67,,,2,151.00,1,F1,1,,,,,
2026-09-18,2026-09-18,CM,BSE,STK,500420,INE685A01028,TORNTPHARM,A,,,,,TORRENT PHARMACEUTICALS LTD.,4871.10,4927.45,4804.25,4804.25,4804.25,4891.00,,4839.97,,,5888,28638935.00,1952,F1,1,,,,,
2026-09-18,2026-09-18,CM,BSE,STK,500421,INE578C01021,TPINDIA,XT,,,,,TPI INDIA LTD.,19.30,19.30,18.11,18.75,18.75,18.75,,18.75,,,11844,221966.00,13,F1,1,,,,,
2026-09-18,2026-09-18,CM,BSE,STK,500422,INE019B01010,TRANSCHEM,XT,,,,,TRANSCHEM LTD.,398.00,398.00,389.00,393.90,393.00,392.10,,393.90,,,4210,1653162.00,99,F1,1,,,,,
2026-09-18,2026-09-18,CM,BSE,STK,500425,INE079A01024,AMBUJACEM,A,,,,,AMBUJA CEMENTS LTD.,384.15,395.80,383.95,392.55,392.55,384.05,,388.31,,,161384,62906812.00,2999,F1,1,,,,,
2026-09-18,2026-09-18,CM,BSE,STK,500426,INE184E01024,UTLINDS,X,,,,,UTL INDUSTRIES LIMITED,1.41,1.49,1.41,1.42,1.42,1.41,,1.42,,,5413,7927.00,22,F1,1,,,,,
2026-09-18,2026-09-18,CM,BSE,STK,500429,INE037A01022,UNIENTER,B,,,,,UNIPHOS ENTERPRISES LTD.,92.00,92.00,91.00,91.00,91.00,89.18,,90.71,,,76,6964.00,7,F1,1,,,,,
2026-09-18,2026-09-18,CM,BSE,STK,500439,INE701A01023,VHL,B,,,,,VARDHMAN HOLDINGS LTD.,3386.00,3415.85,3330.10,3349.00,3349.00,3390.50,,3371.88,,,17,57006.00,7,F1,1,,,,,
2026-09-18,2026-09-18,CM,BSE,STK,500440,INE038A01020,HINDALCO,A,,,,,HINDALCO INDUSTRIES LTD.,981.65,999.35,972.00,972.00,972.00,983.80,,986.38,,,294392,290707358.00,5414,F1,1,,,,,
2026-09-18,2026-09-18,CM,BSE,STK,500444,INE976A01021,WSTCSTPAPR,B,,,,,West Coast Paper Mills Limited,715.00,771.10,714.85,768.55,770.85,716.85,,768.31,,,26749,20065628.00,1567,F1,1,,,,,
2026-09-18,2026-09-18,CM,BSE,STK,500449,INE048A01011,HOCL,B,,,,,HINDUSTAN ORGANIC CHEMICALS LT,36.05,39.01,35.70,38.43,38.50,36.22,,38.43,,,104124,3943304.00,465,F1,1,,,,,
2026-09-18,2026-09-18,CM,BSE,STK,500456,INE818B01023,PASUPTAC,B,,,,,PASUPATI ACRYLON LTD.,73.49,73.49,69.30,70.01,69.65,70.48,,69.99,,,14588,1025098.00,276,F1,1,,,,,
2026-09-18,2026-09-18,CM,BSE,STK,500458,INE601A01017,TEAM24,X,,,,,TEAM24 CONSUMER PRODUCTS LIMIT,29.50,29.50,28.90,29.02,28.97,27.01,,29.02,,,9862,285809.00,29,F1,1,,,,,
2026-09-18,2026-09-18,CM,BSE,STK,500459,INE179A01014,PGHH,A,,,,,PROCTER & GAMBLE HYGIENE & HEA,7670.00,7686.60,7435.00,7496.95,7496.95,7616.15,,7486.16,,,939,7089555.00,394,F1,1,,,,,
2026-09-18,2026-09-18,CM,BSE,STK,500460,INE304A01026,MUKANDLTD,B,,,,,MUKAND LTD.,134.95,135.25,134.00,134.20,134.35,134.00,,134.55,,,12907,1732380.00,76,F1,1,,,,,
2026-09-18,2026-09-18,CM,BSE,STK,500463,INE676A01027,BBOX,A,,,,,BLACK BOX LIMITED,771.05,804.00,767.00,800.15,800.90,765.70,,801.12,,,38150,30210252.00,1352,F1,1,,,,,
2026-09-18,2026-09-18,CM,BSE,STK,500464,INE139B01016,UCAL,T,,,,,UCAL LIMITED,140.00,140.20,136.10,138.20,139.90,140.20,,138.17,,,1586,220065.00,29,F1,1,,,,,
2026-09-18,2026-09-18,CM,BSE,STK,500467,INE544A01019,HARRMALAYA,B,,,,,HARRISONS MALAYALAM LTD.,181.40,182.00,177.95,180.40,180.35,181.35,,178.54,,,267,47979.00,44,F1,1,,,,,
2026-09-18,2026-09-18,CM,BSE,STK,500469,INE171A01029,FEDERALBNK,A,,,,,FEDERAL BANK LTD.,332.35,335.35,325.50,332.80,332.80,334.00,,332.75,,,398031,131812482.00,8289,F1,1,,,,,
2026-09-18,2026-09-18,CM,BSE,STK,500470,INE081A01020,TATASTEEL,A,,,,,TATA STEEL LTD.,186.20,187.95,184.75,184.75,184.75,188.00,,185.54,,,1085648,202833726.00,13354,F1,1,,,,,
2026-09-18,2026-09-18,CM,BSE,STK,500472,INE640A01023,SKFINDIA,A,,,,,SKF INDIA LIMITED,1564.80,1641.50,1516.35,1549.15,1549.15,1540.95,,1552.53,,,13131,20812662.00,1034,F1,1,,,,,
2026-09-18,2026-09-18,CM,BSE,STK,500477,INE208A01029,ASHOKLEY,A,,,,,ASHOK LEYLAND LTD.,158.90,163.10,158.50,162.80,162.80,158.90,,163.00,,,653799,105567624.00,6157,F1,1,,,,,
2026-09-18,2026-09-18,CM,BSE,STK,500480,INE298A01020,CUMMINSIND,A,,,,,CUMMINS INDIA LTD.,5019.95,5119.75,5019.95,5100.00,5100.00,5020.00,,5099.50,,,23563,119862501.00,2960,F1,1,,,,,
2026-09-18,2026-09-18,CM,BSE,STK,500483,INE151A01013,TATACOMM,A,,,,,TATA COMMUNICATIONS LTD.,1783.10,1803.50,1743.90,1772.80,1761.90,1792.45,,1780.03,,,10289,18238981.00,1332,F1,1,,,,,
2026-09-18,2026-09-18,CM,BSE,STK,500488,INE358A01014,ABBOTINDIA,A,,,,,ABBOTT INDIA LTD.,25917.55,27490.00,25917.55,27273.30,27309.10,25910.10,,27270.20,,,2951,79664002.00,1180,F1,1,,,,,
2026-09-18,2026-09-18,CM,BSE,STK,500490,INE118A01012,BAJAJHLDNG,A,,,,,BAJAJ HOLDINGS & INVESTMENT LT,11098.80,11355.00,11062.55,11281.00,11281.00,11026.35,,11282.00,,,1187,13326476.00,408,F1,1,,,,,
2026-09-18,2026-09-18,CM,BSE,STK,500493,INE465A01025,BHARATFORG,A,,,,,BHARAT FORGE LTD.,1934.25,1994.00,1934.25,1976.00,1976.00,1919.00,,1962.11,,,219407,435868075.00,5439,F1,1,,,,,
2026-09-18,2026-09-18,CM,BSE,STK,500495,INE042A01014,ESCORTS,A,,,,,Escorts Kubota Limited,2832.55,2836.00,2772.00,2794.80,2791.00,2829.10,,2798.16,,,2112,5931175.00,386,F1,1,,,,,
2026-09-18,2026-09-18,CM,BSE,STK,500500,INE253A01025,HINDMOTORS,X,,,,,HINDUSTAN MOTORS LTD.,13.49,13.65,13.49,13.55,13.55,13.43,,13.55,,,126808,1720582.00,604,F1,1,,,,,
2026-09-18,2026-09-18,CM,BSE,STK,500510,INE018A01030,LT,A,,,,,LARSEN & TOUBRO LTD.,3848.85,3896.00,3848.85,3860.00,3860.00,3830.15,,3884.60,,,50930,197189499.00,3061,F1,1,,,,,
2026-09-18,2026-09-18,CM,BSE,STK,500520,INE101A01026,M&M,A,,,,,MAHINDRA & MAHINDRA LTD.,3080.00,3097.00,3053.05,3053.05,3053.05,3080.00,,3052.00,,,175334,538942414.00,6541,F1,1,,,,,
2026-09-18,2026-09-18,CM,BSE,STK,500530,INE323A01026,BOSCHLTD,A,,,,,BOSCH LTD.,47850.00,48650.00,47700.00,47800.00,47800.00,47840.10,,47000.34,,,572,27495009.00,283,F1,1,,,,,
2026-09-18,2026-09-18,CM,BSE,STK,500540,INE342A01018,PREMIER,T,,,,,PREMIER LTD.,2.70,2.70,2.70,2.70,2.70,2.68,,2.78,,,1084,2926.00,2,F1,1,,,,,
2026-09-18,2026-09-18,CM,BSE,STK,500547,INE029A01011,BPCL,A,,,,,BHARAT PETROLEUM CORPORATION L,308.90,314.10,307.50,307.50,307.50,306.80,,313.97,,,93902,29235865.00,1634,F1,1,,,,,
2026-09-18,2026-09-18,CM,BSE,STK,500550,INE003A01024,SIEMENS,A,,,,,SIEMENS LTD.,3773.35,3845.40,3752.90,3822.80,3822.80,3770.00,,3913.89,,,43196,164114497.00,3985,F1,1,,,,,
2026-09-18,2026-09-18,CM,BSE,STK,500570,INE155A01022,TMPV,A,,,,,TATA MOTORS PASSENGER VEHICLES,310.00,311.50,301.60,303.80,303.80,314.65,,303.80,,,772811,235689132.00,17164,F1,1,,,,,
2026-09-18,2026-09-18,CM,BSE,STK,500575,INE226A01021,VOLTAS,A,,,,,VOLTAS LTD.,1136.70,1145.15,1128.80,1131.00,1131.00,1136.70,,1110.92,,,20980,23781862.00,1596,F1,1,,,,,
2026-09-18,2026-09-18,CM,BSE,STK,500620,INE017A01032,GESHIP,A,,,,,GREAT EASTERN SHIPPING CO.LTD.,1425.00,1439.00,1413.65,1430.60,1428.05,1425.00,,1432.00,,,41236,58841992.00,1764,F1,1,,,,,
2026-09-18,2026-09-18,CM,BSE,STK,500645,INE501A01019,DEEPAKFERT,A,,,,,DEEPAK FERTILISERS & PETROCHEM,1330.00,1349.60,1314.05,1343.40,1345.05,1325.20,,1343.21,,,15214,20318069.00,981,F1,1,,,,,
2026-09-18,2026-09-18,CM,BSE,STK,500650,INE369A01029,EXCELINDUS,B,,,,,EXCEL INDUSTRIES LTD.,957.20,967.25,950.70,951.90,960.10,964.20,,958.14,,,837,797996.00,106,F1,1,,,,,
2026-09-18,2026-09-18,CM,BSE,STK,500655,INE291A01017,GRWRHITECH,A,,,,,GARWARE HI-TECH FILMS LIMITED,6632.75,6750.00,6570.00,6720.95,6750.00,6502.70,,6724.39,,,1296,8650436.00,311,F1,1,,,,,
2026-09-18,2026-09-18,CM,BSE,STK,500660,INE159A01016,GLAXO,A,,,,,GLAXOSMITHKLINE PHARMACEUTICAL,2800.45,2890.00,2800.45,2851.85,2851.85,2800.45,,2839.28,,,6433,18249205.00,776,F1,1,,,,,
2026-09-18,2026-09-18,CM,BSE,STK,500670,INE113A01013,GNFC,A,,,,,GUJARAT NARMADA VALLEY FERTILI,579.00,594.45,574.20,589.55,588.45,584.70,,588.93,,,75848,44468073.00,1583,F1,1,,,,,
2026-09-18,2026-09-18,CM,BSE,STK,500672,INE234A01025,NOVARTIND,B,,,,,NOVARTIS INDIA LTD.,2107.00,2161.40,2018.05,2057.50,2055.00,2080.85,,2047.99,,,8249,17188275.00,1259,F1,1,,,,,
2026-09-18,2026-09-18,CM,BSE,STK,500674,INE058A01010,SANOFI,A,,,,,SANOFI INDIA LTD,3075.05,3117.95,3075.05,3088.00,3085.00,3089.05,,3087.44,,,690,2134488.00,168,F1,1,,,,,
2026-09-18,2026-09-18,CM,BSE,STK,500680,INE182A01018,PFIZER,A,,,,,PFIZER LTD.,4025.85,4040.00,3971.00,4001.20,3989.15,4016.05,,4002.33,,,4034,16150312.00,1139,F1,1,,,,,
2026-09-18,2026-09-18,CM,BSE,STK,500690,INE026A01025,GSFC,A,,,,,GUJARAT STATE FERTILIZERS & CH,153.00,153.60,150.35,151.70,152.55,152.25,,151.92,,,31999,4853404.00,657,F1,1,,,,,
2026-09-18,2026-09-18,CM,BSE,STK,500696,INE030A01027,HINDUNILVR,A,,,,,HINDUSTAN UNILEVER LTD.,1948.00,1959.30,1934.95,1934.95,1934.95,1955.95,,1932.02,,,38109,74338469.00,3495,F1,1,,,,,
2026-09-18,2026-09-18,CM,BSE,STK,500710,INE133A01011,JSWDULUX,A,,,,,JSW Dulux Limited,3090.00,3237.35,3060.15,3198.40,3190.00,3071.85,,3189.30,,,1064,3363066.00,146,F1,1,,,,,
2026-09-18,2026-09-18,CM,BSE,STK,500730,INE163A01018,NOCIL,B,,,,,NOCIL LTD.,187.00,196.70,186.55,194.25,194.25,186.40,,194.55,,,56621,10837977.00,932,F1,1,,,,,
2026-09-18,2026-09-18,CM,BSE,STK,500770,INE092A01019,TATACHEM,A,,,,,TATA CHEMICALS LTD.,725.70,741.95,688.00,693.50,693.50,780.40,,693.26,,,1015589,723414326.00,20941,F1,1,,,,,
2026-09-18,2026-09-18,CM,BSE,STK,500777,INE148A01019,TNPETRO,B,,,,,TAMILNADU PETROPRODUCTS LTD.,128.00,130.00,123.00,125.25,125.80,127.40,,125.69,,,58645,7403265.00,715,F1,1,,,,,
2026-09-18,2026-09-18,CM,BSE,STK,500780,INE217A01012,ZUARIIND,B,,,,,Zuari Industries Limited,259.95,263.00,256.90,262.65,260.80,260.30,,262.45,,,976,252698.00,75,F1,1,,,,,
2026-09-18,2026-09-18,CM,BSE,STK,500790,INE239A01024,NESTLEIND,A,,,,,NESTLE INDIA LTD.,1370.15,1389.15,1332.80,1353.10,1353.10,1372.00,,1372.38,,,157227,214001945.00,5452,F1,1,,,,,
2026-09-18,2026-09-18,CM,BSE,STK,500800,INE192A01025,TATACONSUM,A,,,,,TATA CONSUMER PRODUCTS LIMITED,1018.40,1018.40,1000.50,1002.80,1002.80,1015.00,,996.00,,,46258,46538943.00,2531,F1,1,,,,,
2026-09-18,2026-09-18,CM,BSE,STK,500820,INE021A01026,ASIANPAINT,A,,,,,ASIAN PAINTS LTD.,2454.00,2475.15,2405.00,2405.00,2405.00,2454.00,,2450.62,,,21753,53165808.00,2343,F1,1,,,,,
2026-09-18,2026-09-18,CM,BSE,STK,500825,INE216A01030,BRITANNIA,A,,,,,BRITANNIA INDUSTRIES LTD.,4986.00,5025.00,4967.30,5016.00,5016.00,4990.00,,4998.04,,,8472,42467232.00,1186,F1,1,,,,,
2026-09-18,2026-09-18,CM,BSE,STK,500830,INE259A01022,COLPAL,A,,,,,COLGATE-PALMOLIVE (INDIA) LTD.,1820.10,1885.90,1820.10,1885.00,1885.00,1856.40,,1917.77,,,13366,24986130.00,1538,F1,1,,,,,
2026-09-18,2026-09-18,CM,BSE,STK,500840,INE230A01023,EIHOTEL,A,,,,,EIH LTD.,299.00,320.50,299.00,318.00,318.00,299.50,,317.90,,,4177636,1281336755.00,2031,F1,1,,,,,
2026-09-18,2026-09-18,CM,BSE,STK,500850,INE053A01029,INDHOTEL,A,,,,,THE INDIAN HOTELS COMPANY LTD,726.00,742.80,720.55,732.25,732.25,726.30,,732.75,,,100400,73895508.00,2590,F1,1,,,,,
2026-09-18,2026-09-18,CM,BSE,STK,500870,INE172A01027,CASTROLIND,A,,,,,CASTROL INDIA LTD.,192.50,197.80,192.00,196.90,196.90,191.65,,197.13,,,429983,84010477.00,3868,F1,1,,,,,
2026-09-18,2026-09-18,CM,BSE,STK,500875,INE154A01025,ITC,A,,,,,ITC LTD.,266.85,267.00,262.20,262.20,262.20,266.00,,262.30,,,13004505,3452429457.00,5853,F1,1,,,,,
2026-09-18,2026-09-18,CM,BSE,STK,500877,INE438A01022,APOLLOTYRE,A,,,,,APOLLO TYRES LTD.,414.60,418.60,406.75,411.80,411.80,412.40,,409.33,,,45845,18886671.00,2139,F1,1,,,,,
2026-09-18,2026-09-18,CM,BSE,STK,500878,INE482A01020,CEATLTD,A,,,,,CEAT LTD.,3439.90,3529.55,3430.00,3468.20,3455.25,3432.80,,3468.85,,,15299,53420422.00,2089,F1,1,,,,,
2026-09-18,2026-09-18,CM,BSE,STK,500890,INE832A01018,MODIRUBBER,B,,,,,MODI RUBBER LTD.,123.50,123.50,123.50,123.50,123.50,123.50,,120.24,,,1,123.00,1,F1,1,,,,,
2026-09-18,2026-09-18,CM,BSE,STK,500940,INE183A01024,FINPIPE,A,,,,,FINOLEX INDUSTRIES LTD.,154.20,155.90,153.00,154.55,154.10,154.00,,154.63,,,34773,5365169.00,635,F1,1,,,,,
2026-09-18,2026-09-18,CM,BSE,STK,501148,INE422D01012,DSINVEST,XT,,,,,DALAL STREET INVESTMENTS LTD.,372.30,379.70,372.30,378.50,378.50,372.30,,378.50,,,31,11728.00,4,F1,1,,,,,
2026-09-18,2026-09-18,CM,BSE,STK,501150,INE660C01027,CENTRUM,B,,,,,CENTRUM CAPITAL LTD.,22.18,22.25,21.80,21.92,21.91,22.24,,21.94,,,2783,61658.00,45,F1,1,,,,,
2026-09-18,2026-09-18,CM,BSE,STK,501151,INE524U01019,KARTKIN,XT,,,,,KARTIK INVESTMENTS TRUST LTD.,7500.00,7500.00,7462.50,7462.50,7462.50,7500.00,,7462.50,,,5,37387.00,4,F1,1,,,,,
2026-09-18,2026-09-18,CM,BSE,STK,501242,INE911B01018,TCIFINANCE,B,,,,,TCI FINANCE LTD.,14.89,15.75,13.75,15.48,15.22,14.89,,15.56,,,7654,115471.00,103,F1,1,,,,,
2026-09-18,2026-09-18,CM,BSE,STK,501261,INE567L01025,LORDSMARK,XT,,,,,Lords Mark Industries Limited,86.50,89.68,86.50,89.00,89.00,85.41,,89.00,,,12433276,1064136566.00,2044,F1,1,,,,,
2026-09-18,2026-09-18,CM,BSE,STK,501295,INE886A01014,IITL,B,,,,,INDUSTRIAL INVESTMENT TRUST LT,148.40,149.80,142.25,144.20,142.35,148.05,,143.38,,,8296,1210811.00,107,F1,1,,,,,
2026-09-18,2026-09-18,CM,BSE,STK,501298,INE620D01011,INDPRUD,B,,,,,INDUSTRIAL & PRUDENTIAL INVEST,6180.00,6180.00,6180.00,6180.00,6180.00,6409.95,,6227.50,,,1,6180.00,1,F1,1,,,,,
2026-09-18,2026-09-18,CM,BSE,STK,501301,INE672A01026,TATAINVEST,A,,,,,TATA INVESTMENT CORPORATION LT,689.00,707.50,682.95,702.35,700.00,719.05,,702.35,,,165187,114774400.00,5121,F1,1,,,,,
2026-09-18,2026-09-18,CM,BSE,STK,501314,INE286N01028,PRISMX,B,,,,,PRISMX GLOBAL VENTURES LIMITED,0.53,0.58,0.53,0.56,0.56,0.55,,0.55,,,105092,58479.00,51,F1,1,,,,,
2026-09-18,2026-09-18,CM,BSE,STK,501343,INE861B01023,MOTOGENFIN,B,,,,,MOTOR & GENERAL FINANCE LTD.,26.04,27.14,25.33,26.32,25.33,24.76,,26.24,,,43286,1145582.00,60,F1,1,,,,,
2026-09-18,2026-09-18,CM,BSE,STK,501351,INE154M01012,RAPIDIN,X,,,,,RAPID INVESTMENTS LTD.,91.82,91.82,91.82,91.82,91.82,93.69,,91.82,,,28,2570.00,1,F1,1,,,,,
2026-09-18,2026-09-18,CM,BSE,STK,501370,INE695D01021,WALCHPF,X,,,,,WALCHAND PEOPLEFIRST LTD.,134.95,134.95,128.20,128.20,128.20,128.20,,128.20,,,252,33431.00,7,F1,1,,,,,
2026-09-18,2026-09-18,CM,BSE,STK,501391,INE855A01019,WHBRADY,B,,,,,W.H.BRADY & CO.LTD.,480.00,485.00,480.00,484.80,484.80,485.00,,477.87,,,281,135467.00,26,F1,1,,,,,
2026-09-18,2026-09-18,CM,BSE,STK,501421,INE314H01012,TECHNVISN,B,,,,,TechNVision Ventures Limited,4107.75,4313.10,4080.00,4313.10,4313.10,4107.75,,4348.16,,,150,622813.00,56,F1,1,,,,,
2026-09-18,2026-09-18,CM,BSE,STK,501423,INE151G01028,SHAILY,A,,,,,SHAILY ENGINEERING PLASTICS LT,3116.05,3200.00,3112.00,3149.15,3149.15,3109.25,,3149.78,,,8531,26892243.00,875,F1,1,,,,,
2026-09-18,2026-09-18,CM,BSE,STK,501425,INE050A01025,BBTC,A,,,,,The Bombay Burmah Trading Corp,1407.30,1531.60,1407.30,1510.30,1510.00,1398.95,,1512.03,,,1954087,2673903819.00,7004,F1,1,,,,,
2026-09-18,2026-09-18,CM,BSE,STK,501430,INE691K01017,BOMBCYC,X,,,,,BOMBAY CYCLE & MOTOR AGENCY LT,1570.60,1570.60,1570.60,1570.60,1570.60,1560.00,,1570.60,,,3,4711.00,3,F1,1,,,,,
2026-09-18,2026-09-18,CM,BSE,STK,501455,INE224A01026,GREAVESCOT,A,,,,,GREAVES COTTON LTD.,192.20,200.00,192.20,197.35,197.35,191.90,,197.35,,,121228,23915794.00,2172,F1,1,,,,,
2026-09-18,2026-09-18,CM,BSE,STK,501700,INE131H01028,INDIANVSH,X,,,,,INDIANIVESH LTD.,6.89,6.89,6.40,6.61,6.79,6.75,,6.61,,,7427,49511.00,22,F1,1,,,,,
2026-09-18,2026-09-18,CM,BSE,STK,501831,INE377E01024,COASTCORP,B,,,,,COASTAL CORPORATION LTD.,36.32,38.99,36.11,38.89,38.99,35.44,,38.84,,,25283,971439.00,124,F1,1,,,,,
2026-09-18,2026-09-18,CM,BSE,STK,501833,INE490A01015,CHOWGULSTM,X,,,,,CHOWGULE STEAMSHIPS LTD.,21.70,22.80,21.35,22.17,21.51,21.33,,22.17,,,1746,38463.00,19,F1,1,,,,,
2026-09-18,2026-09-18,CM,BSE,STK,501848,INE446C01013,GARWAOFFS,X,,,,,GARWARE OFFSHORE SERVICES LIMI,43.40,43.56,42.02,43.39,43.56,41.49,,43.39,,,9512,409753.00,67,F1,1,,,,,
2026-09-18,2026-09-18,CM,BSE,STK,501945,INE758D01027,DHENUBUILD,Z,,,,,DHENU BUILDCON INFRA LTD.,6.48,6.48,6.48,6.48,6.48,6.82,,6.48,,,13754,89125.00,80,F1,1,,,,,
2026-09-18,2026-09-18,CM,BSE,STK,502015,INE443A01030,ASIIL,X,,,,,ASI INDUSTRIES LIMITED,24.00,24.48,23.77,23.83,23.78,24.01,,23.83,,,11113,266524.00,43,F1,1,,,,,
2026-09-18,2026-09-18,CM,BSE,STK,502090,INE229C01021,SAGCEM,B,,,,,SAGAR CEMENTS LTD.,148.20,153.50,148.20,151.65,150.85,148.50,,151.79,,,1359,206735.00,46,F1,1,,,,,
2026-09-18,2026-09-18,CM,BSE,STK,502137,INE583C01021,DECCANCE,B,,,,,DECCAN CEMENTS LTD.,571.05,571.05,561.60,562.00,565.75,569.25,,567.42,,,1090,615249.00,62,F1,1,,,,,
2026-09-18,2026-09-18,CM,BSE,STK,502157,INE347A01017,MANGLMCEM,B,,,,,MANGALAM CEMENT LTD.,1043.25,1043.25,1024.00,1027.45,1030.75,1030.10,,1030.76,,,839,864214.00,85,F1,1,,,,,
2026-09-18,2026-09-18,CM,BSE,STK,502168,INE732C01016,NCLIND,B,,,,,NCL INDUSTRIES LTD.,174.60,174.60,172.50,174.00,174.00,172.25,,174.66,,,249,43190.00,12,F1,1,,,,,
2026-09-18,2026-09-18,CM,BSE,STK,502175,INE626A01014,SAURASHCEM,B,,,,,SAURASHTRA CEMENT LTD.,52.00,54.00,52.00,53.04,53.60,52.19,,53.43,,,9864,524811.00,416,F1,1,,,,,
2026-09-18,2026-09-18,CM,BSE,STK,502180,INE232A01011,SHREDIGCEM,B,,,,,SHREE DIGVIJAY CEMENT CO.LTD.,67.90,69.00,67.50,68.49,68.95,67.13,,68.51,,,15279,1048371.00,111,F1,1,,,,,
2026-09-18,2026-09-18,CM,BSE,STK,502219,INE666D01022,BORORENEW,A,,,,,BOROSIL RENEWABLES LIMITED,453.80,461.85,448.40,459.60,461.00,449.60,,459.51,,,34190,15570376.00,1289,F1,1,,,,,
2026-09-18,2026-09-18,CM,BSE,STK,502250,INE347D01011,LERTHAI,XT,,,,,LERTHAI FINANCE LIMITED,364.00,364.00,348.25,348.25,348.25,365.60,,348.25,,,21,7565.00,3,F1,1,,,,,
2026-09-18,2026-09-18,CM,BSE,STK,502281,INE094C01011,TRIVENIGQ,XT,,,,,TRIVENI GLASS LTD.,6.73,6.73,6.43,6.43,6.43,6.76,,6.43,,,8204,53053.00,20,F1,1,,,,,
2026-09-18,2026-09-18,CM,BSE,STK,502294,INE416N01013,NILACHAL,X,,,,,NILACHAL REFRACTORIES LTD.,37.00,37.00,37.00,37.00,37.00,36.40,,37.00,,,3,111.00,3,F1,1,,,,,
2026-09-18,2026-09-18,CM,BSE,STK,502330,INE435A01051,ANDHRAPAP,B,,,,,ANDHRA PAPER LIMITED,71.59,75.00,71.49,74.55,74.59,71.90,,74.62,,,39842,2912616.00,419,F1,1,,,,,
2026-09-18,2026-09-18,CM,BSE,STK,502355,INE787D01026,BALKRISIND,A,,,,,BALKRISHNA INDUSTRIES LTD.,2163.90,2295.00,2163.90,2267.75,2267.75,2171.20,,2265.35,,,17412,39071666.00,1977,F1,1,,,,,
2026-09-18,2026-09-18,CM,BSE,STK,502420,INE592A01026,ORIENTPPR,B,,,,,ORIENT PAPER & INDUSTRIES LTD.,17.48,17.48,16.95,17.28,17.48,17.36,,17.20,,,20091,344234.00,182,F1,1,,,,,
2026-09-18,2026-09-18,CM,BSE,STK,502445,INE906D01014,CITADEL,X,,,,,CITADEL REALTY AND DEVELOPERS,37.10,39.78,37.10,37.50,37.50,37.70,,37.50,,,1159,43453.00,8,F1,1,,,,,
2026-09-18,2026-09-18,CM,BSE,STK,502448,INE927A01040,ROLLT,T,,,,,ROLLATAINERS LTD.,5.63,5.63,5.16,5.63,5.63,5.37,,5.71,,,91775,511793.00,157,F1,1,,,,,
2026-09-18,2026-09-18,CM,BSE,STK,502450,INE630A01024,SESHAPAPER,B,,,,,SESHASAYEE PAPER & BOARDS LTD.,247.25,251.55,245.00,250.25,251.55,250.00,,249.82,,,2678,662523.00,112,F1,1,,,,,
2026-09-18,2026-09-18,CM,BSE,STK,502587,INE777A01023,NATHIND,X,,,,,NATH INDUSTRIES LIMITED,50.50,50.50,49.14,50.50,50.50,51.02,,50.50,,,2214,111637.00,20,F1,1,,,,,
2026-09-18,2026-09-18,CM,BSE,STK,502589,INE464D01014,VAPIENTER,XT,,,,,VAPI ENTERPRISE LIMITED,124.35,124.35,112.55,123.30,117.60,118.45,,123.30,,,416,47684.00,11,F1,1,,,,,
2026-09-18,2026-09-18,CM,BSE,STK,502865,INE518A01013,FORBESCO,X,,,,,FORBES & COMPANY LTD.,358.80,358.80,340.05,341.90,342.90,358.10,,341.90,,,9932,3440025.00,254,F1,1,,,,,
2026-09-18,2026-09-18,CM,BSE,STK,502873,INE950C01014,HPCOTTON,X,,,,,H.P.COTTON TEXTILE MILLS LTD.,94.00,94.00,89.00,90.00,90.00,93.05,,90.00,,,866,78751.00,17,F1,1,,,,,
2026-09-18,2026-09-18,CM,BSE,STK,502893,INE706D01018,UNITEDINT,X,,,,,UNITED INTERACTIVE LTD.,63.94,63.94,61.01,61.02,61.02,63.94,,61.02,,,17,1068.00,7,F1,1,,,,,
2026-09-18,2026-09-18,CM,BSE,STK,502901,INE462D01034,JAMSHRI,X,,,,,JAMSHRI REALTY LIMITED,75.75,75.75,73.51,75.70,75.70,75.00,,75.70,,,448,33117.00,12,F1,1,,,,,
2026-09-18,2026-09-18,CM,BSE,STK,502933,INE498G01015,KATRSPG,X,,,,,KATARE SPINNING MILLS LTD.,96.75,97.20,96.75,97.20,97.20,97.20,,97.20,,,7,679.00,3,F1,1,,,,,
2026-09-18,2026-09-18,CM,BSE,STK,502937,INE087A01019,KESORAMIND,T,,,,,KESORAM INDUSTRIES LTD.,12.64,12.65,11.88,11.92,12.00,12.32,,11.94,,,52443,638161.00,103,F1,1,,,,,
2026-09-18,2026-09-18,CM,BSE,STK,502986,INE825A01020,VTL,A,,,,,VARDHMAN TEXTILES LTD.,557.85,581.10,557.85,577.60,578.70,560.85,,578.04,,,9828,5571429.00,629,F1,1,,,,,
2026-09-18,2026-09-18,CM,BSE,STK,503031,INE138A01028,PENINLAND,B,,,,,PENINSULA LAND LTD.,15.62,15.97,15.05,15.41,15.41,15.58,,15.36,,,17978,276822.00,195,F1,1,,,,,
2026-09-18,2026-09-18,CM,BSE,STK,503100,INE211B01039,PHOENIXLTD,A,,,,,THE PHOENIX MILLS LTD,1876.40,1922.40,1876.40,1877.00,1877.00,1872.65,,1877.90,,,6130,11668051.00,856,F1,1,,,,,
2026-09-18,2026-09-18,CM,BSE,STK,503101,INE182D01020,MARATHON,B,,,,,MARATHON NEXTGEN REALTY LTD.,409.45,419.65,405.00,408.75,405.00,414.55,,408.99,,,4435,1820925.00,198,F1,1,,,,,
2026-09-18,2026-09-18,CM,BSE,STK,503127,INE491N01016,RAJABAH,X,,,,,RAJA BAHADUR INTERNATIONAL LTD,4934.10,4934.10,4934.10,4934.10,4934.10,5193.75,,4934.10,,,24,118418.00,3,F1,1,,,,,
2026-09-18,2026-09-18,CM,BSE,STK,503162,INE750D01016,RELCHEMQ,B,,,,,RELIANCE CHEMOTEX INDUSTRIES L,123.00,125.80,116.55,119.20,121.00,120.05,,119.65,,,387,45804.00,22,F1,1,,,,,
2026-09-18,2026-09-18,CM,BSE,STK,503169,INE301D01026,RUBYMILLS,B,,,,,RUBY MILLS LTD.,442.00,478.90,440.15,463.90,478.90,457.80,,466.76,,,1648,752552.00,214,F1,1,,,,,
2026-09-18,2026-09-18,CM,BSE,STK,503229,INE167H01014,SIMPLXREA,B,,,,,SIMPLEX REALTY LTD.,131.00,137.75,131.00,131.00,131.00,137.75,,126.47,,,18,2398.00,4,F1,1,,,,,
2026-09-18,2026-09-18,CM,BSE,STK,503310,INE665A01038,SWANCORP,A,,,,,Swan Corp Limited,288.40,296.90,287.55,294.40,294.35,289.40,,294.93,,,43948,12853488.00,607,F1,1,,,,,
2026-09-18,2026-09-18,CM,BSE,STK,503349,INE203D01016,VICTMILL,XT,,,,,VICTORIA MILLS LTD.,7909.10,8125.00,7895.00,8112.25,8113.00,7909.10,,8112.25,,,54,432659.00,25,F1,1,,,,,
2026-09-18,2026-09-18,CM,BSE,STK,503624,INE406N01014,ZSVARAJT,X,,,,,SVARAJ TRADING & AGENCIES LTD.,7.70,7.70,7.25,7.28,7.28,7.59,,7.28,,,201,1546.00,3,F1,1,,,,,
2026-09-18,2026-09-18,CM,BSE,STK,503635,INE315N01017,SALSAIN,XT,,,,,SHREE SALASAR INVESTMENT LTD.,289.00,304.10,288.95,289.50,288.95,304.15,,289.50,,,507,146614.00,22,F1,1,,,,,
2026-09-18,2026-09-18,CM,BSE,STK,503639,INE314N01028,APOLLOIN,XT,,,,,Apollo Ingredients Limited,99.84,99.84,99.84,99.84,99.84,101.87,,99.84,,,15471,1544624.00,82,F1,1,,,,,
2026-09-18,2026-09-18,CM,BSE,STK,503641,INE945J01027,ZODIACVEN,X,,,,,ZODIAC VENTURES LIMITED,1.55,1.67,1.53,1.66,1.66,1.52,,1.66,,,279623,452208.00,194,F1,1,,,,,
2026-09-18,2026-09-18,CM,BSE,STK,503657,INE255E01030,VEERENRGY,X,,,,,VEER ENERGY & INFRASTRUCTURE L,13.05,13.05,12.41,12.65,12.60,12.75,,12.65,,,4991,63449.00,50,F1,1,,,,,
2026-09-18,2026-09-18,CM,BSE,STK,503659,INE948K01011,SW1,XT,,,,,SW INVESTMENTS LTD,159.30,167.25,151.40,167.25,167.25,159.30,,167.25,,,627,101492.00,16,F1,1,,,,,
2026-09-18,2026-09-18,CM,BSE,STK,503663,INE026L01022,TILAK,X,,,,,Tilak Ventures Limited,1.22,1.30,1.22,1.26,1.26,1.22,,1.26,,,492237,617493.00,524,F1,1,,,,,
2026-09-18,2026-09-18,CM,BSE,STK,503675,INE786K01023,WAGEND,X,,,,,WAGEND INFRA VENTURE LIMITED,1.15,1.20,1.15,1.20,1.20,1.20,,1.20,,,5590,6635.00,10,F1,1,,,,,
2026-09-18,2026-09-18,CM,BSE,STK,503681,INE927X01018,ELCIDIN,B,,,,,ELCID INVESTMENTS LTD.,107989.55,107990.00,106271.00,107500.00,107500.00,107997.00,,105130.00,,,11,1178807.00,8,F1,1,,,,,
2026-09-18,2026-09-18,CM,BSE,STK,503722,INE629D01020,BANSWRAS,B,,,,,BANSWARA SYNTEX LTD.,110.80,111.80,106.35,109.15,110.40,110.35,,108.51,,,2575,279221.00,128,F1,1,,,,,
2026-09-18,2026-09-18,CM,BSE,STK,503804,INE204C01024,SHRIDINE,XT,,,,,SHRI DINESH MILLS LTD.,368.30,368.30,355.15,355.55,364.90,364.70,,355.55,,,121,43092.00,12,F1,1,,,,,
2026-09-18,2026-09-18,CM,BSE,STK,503806,INE647A01010,SRF,A,,,,,SRF LTD.,2530.00,2567.40,2530.00,2561.00,2561.00,2536.00,,2512.11,,,9016,23020631.00,1207,F1,1,,,,,
2026-09-18,2026-09-18,CM,BSE,STK,503811,INE076B01028,SIYSIL,B,,,,,SIYARAM SILK MILLS LTD.,512.50,534.10,512.50,526.70,528.00,515.00,,527.39,,,2937,1529168.00,294,F1,1,,,,,
2026-09-18,2026-09-18,CM,BSE,STK,503816,INE243N01029,SWADPOL,X,,,,,SWADESHI POLYTEX LTD.,34.10,35.67,33.50,34.47,34.50,34.79,,34.47,,,5229,178931.00,62,F1,1,,,,,
2026-09-18,2026-09-18,CM,BSE,STK,503837,INE796C01011,SHRAJSYNQ,X,,,,,SHREE RAJASTHAN SYNTEX LTD.,8.41,8.41,8.37,8.37,8.37,8.37,,8.37,,,154,1289.00,6,F1,1,,,,,
2026-09-18,2026-09-18,CM,BSE,STK,503960,INE464A01036,BBL,B,,,,,BHARAT BIJLEE LTD.,2207.90,2219.10,2190.95,2209.45,2211.40,2200.90,,2207.97,,,616,1358963.00,106,F1,1,,,,,
2026-09-18,2026-09-18,CM,BSE,STK,504000,INE579B01039,ELPROINTL,B,,,,,ELPRO INTERNATIONAL LTD.,171.95,175.00,170.75,171.90,171.30,174.50,,172.53,,,8252,1418270.00,1702,F1,1,,,,,
2026-09-18,2026-09-18,CM,BSE,STK,504028,INE064H01021,GEE,XT,,,,,GEE LTD.,131.20,134.00,128.10,128.60,128.60,131.25,,128.60,,,14856,1938198.00,107,F1,1,,,,,
2026-09-18,2026-09-18,CM,BSE,STK,504036,INE835D01023,HIRECT,B,,,,,Hirect Limited,1231.00,1281.20,1226.05,1243.95,1243.95,1212.10,,1242.83,,,1675,2093176.00,246,F1,1,,,,,
2026-09-18,2026-09-18,CM,BSE,STK,504058,INE567A01028,NIPPOBATRY,B,,,,,INDO-NATIONAL LTD.,323.55,326.00,314.45,326.00,326.00,317.20,,319.80,,,144,45516.00,26,F1,1,,,,,
2026-09-18,2026-09-18,CM,BSE,STK,504067,INE520A01027,ZENSARTECH,A,,,,,ZENSAR TECHNOLOGIES LTD.,441.10,443.65,433.25,436.50,436.75,441.95,,436.45,,,79618,34729210.00,2097,F1,1,,,,,
2026-09-18,2026-09-18,CM,BSE,STK,504076,INE511D01012,JYOTI,X,,,,,JYOTI LTD.,61.48,61.48,59.60,59.99,59.99,59.56,,59.99,,,38031,2298551.00,223,F1,1,,,,,
2026-09-18,2026-09-18,CM,BSE,STK,504080,INE581L01018,JSLINDL,X,,,,,JSL INDUSTRIES LTD.,800.00,820.00,799.95,803.60,799.95,799.95,,803.60,,,63,50618.00,11,F1,1,,,,,
2026-09-18,2026-09-18,CM,BSE,STK,504084,INE813G01023,KAYCEEI,X,,,,,KAYCEE INDUSTRIES LTD.,800.00,810.00,800.00,806.75,810.00,805.70,,806.75,,,193,155482.00,33,F1,1,,,,,
2026-09-18,2026-09-18,CM,BSE,STK,504092,INE716F01012,INDOKEM,B,,,,,INDOKEM LTD.,641.55,666.95,620.00,625.75,620.00,647.70,,621.86,,,5560,3519163.00,336,F1,1,,,,,
2026-09-18,2026-09-18,CM,BSE,STK,504093,INE795A01017,PANAENERG,X,,,,,PANASONIC ENERGY INDIA COMPANY,252.55,257.85,250.20,252.35,252.00,252.50,,252.35,,,1190,300651.00,102,F1,1,,,,,
2026-09-18,2026-09-18,CM,BSE,STK,504112,INE045B01015,NELCO,B,,,,,NELCO LTD.,969.60,1019.00,964.35,1010.70,1005.00,965.60,,1011.76,,,41805,42028395.00,2235,F1,1,,,,,
2026-09-18,2026-09-18,CM,BSE,STK,504132,INE418E01018,PERMAGN,B,,,,,PERMANENT MAGNETS LTD.,834.75,850.00,825.00,844.50,850.00,825.90,,847.95,,,684,571182.00,83,F1,1,,,,,
2026-09-18,2026-09-18,CM,BSE,STK,504176,INE783E01023,HIGHENE,X,,,,,HIGH ENERGY BATTERIES (INDIA),611.00,628.00,603.05,624.55,627.00,603.85,,624.55,,,12226,7557724.00,375,F1,1,,,,,
2026-09-18,2026-09-18,CM,BSE,STK,504180,INE502C01039,STDBAT,X,,,,,STANDARD BATTERIES LTD.,45.71,46.75,41.00,41.59,41.00,45.49,,41.59,,,6665,278918.00,133,F1,1,,,,,
2026-09-18,2026-09-18,CM,BSE,STK,504212,INE279A01012,UNIVCABLES,B,,,,,UNIVERSAL CABLES LTD.,1459.70,1480.00,1438.30,1476.55,1480.00,1436.25,,1476.99,,,5769,8419194.00,619,F1,1,,,,,
2026-09-18,2026-09-18,CM,BSE,STK,504220,INE100D01014,WSI,B,,,,,W.S.INDUSTRIES (INDIA) LTD.,57.60,58.90,56.79,58.38,58.40,57.60,,58.59,,,5906,341287.00,73,F1,1,,,,,
2026-09-18,2026-09-18,CM,BSE,STK,504240,INE872E01016,DLTNCBL,XT,,,,,DELTON CABLES LTD.,728.60,728.60,679.00,708.00,710.00,714.00,,708.00,,,4823,3393712.00,217,F1,1,,,,,
2026-09-18,2026-09-18,CM,BSE,STK,504258,INE284C01018,LAKSELEC,X,,,,,LAKSHMI ELECTRICAL CONTROL SYS,795.50,809.95,782.00,800.00,800.00,795.75,,800.00,,,1667,1331648.00,55,F1,1,,,,,
2026-09-18,2026-09-18,CM,BSE,STK,504273,INE064R01012,MODULEX,Z,,,,,MODULEX CONSTRUCTION TECHNOLOG,14.85,16.28,14.85,15.87,16.00,15.63,,15.87,,,37596,573581.00,41,F1,1,,,,,
2026-09-18,2026-09-18,CM,BSE,STK,504286,INE393A01011,DELTAMAGNT,B,,,,,DELTA MANUFACTURING LIMITED,58.45,58.45,53.71,54.01,54.01,53.50,,54.95,,,330,17935.00,32,F1,1,,,,,
2026-09-18,2026-09-18,CM,BSE,STK,504340,INE180M01033,LONGSPUR,X,,,,,Longspur International Venture,7.60,7.93,7.30,7.31,7.89,7.68,,7.31,,,761,5600.00,12,F1,1,,,,,
2026-09-18,2026-09-18,CM,BSE,STK,504341,INE206N01018,RELTD,B,,,,,RAVINDRA ENERGY LIMITED,146.95,149.20,144.75,146.65,146.35,145.90,,147.47,,,22543,3287519.00,510,F1,1,,,,,
2026-09-18,2026-09-18,CM,BSE,STK,504351,INE507F01023,EMPOWER,B,,,,,EMPOWER INDIA LTD.,2.39,2.39,2.38,2.38,2.38,2.50,,2.38,,,231226,550407.00,191,F1,1,,,,,
2026-09-18,2026-09-18,CM,BSE,STK,504356,INE017P01014,ZMULTIPU,X,,,,,MULTIPURPOSE TRADING & AGENCIE,8.39,8.87,8.03,8.87,8.87,8.45,,8.87,,,2201,18062.00,12,F1,1,,,,,
2026-09-18,2026-09-18,CM,BSE,STK,504369,INE927M01029,GRANDMA,XT,,,,,GRANDMA TRADING & AGENCIES LTD,0.58,0.58,0.58,0.58,0.58,0.59,,0.58,,,5301,3074.00,11,F1,1,,,,,
2026-09-18,2026-09-18,CM,BSE,STK,504378,INE812K01027,NYSSACORP,X,,,,,NYSSA CORPORATION LIMITED,2.06,2.26,2.04,2.05,2.11,2.07,,2.05,,,49860,102964.00,72,F1,1,,,,,
2026-09-18,2026-09-18,CM,BSE,STK,504380,INE952M01019,FLOMIC,X,,,,,FLOMIC GLOBAL LOGISTICS LIMITE,43.10,46.24,43.10,45.17,45.18,44.92,,45.17,,,245,10776.00,25,F1,1,,,,,
2026-09-18,2026-09-18,CM,BSE,STK,504392,INE537L01010,KRISHNA,XT,,,,,KRISHNA VENTURES LIMITED,44.28,44.30,44.28,44.30,44.30,44.28,,44.30,,,1315,58233.00,8,F1,1,,,,,
2026-09-18,2026-09-18,CM,BSE,STK,504397,INE932M01011,GANHOLD,XT,,,,,GANESH HOLDINGS LTD.,127.00,130.00,119.07,119.07,119.07,125.33,,119.07,,,7216,861465.00,55,F1,1,,,,,
2026-09-18,2026-09-18,CM,BSE,STK,504605,INE361D01012,UNIABEXAL,X,,,,,UNI ABEX ALLOY PRODUCTS LTD.,4390.00,4434.95,4263.05,4315.45,4311.00,4299.55,,4315.45,,,268,1161104.00,80,F1,1,,,,,
2026-09-18,2026-09-18,CM,BSE,STK,504614,INE385C01021,SARDAEN,A,,,,,SARDA ENERGY & MINERALS LTD.,507.70,512.50,504.00,505.60,504.00,507.40,,505.91,,,33085,16759520.00,1056,F1,1,,,,,
2026-09-18,2026-09-18,CM,BSE,STK,504646,INE106G01014,BGWTATO,XT,,,,,BHAGWATI AUTOCAST LTD.,709.00,715.00,680.00,698.55,705.00,686.00,,698.55,,,1529,1076952.00,56,F1,1,,,,,
2026-09-18,2026-09-18,CM,BSE,STK,504648,INE089T01023,BOMBWIR,X,,,,,BOMBAY WIRE ROPES LTD.,40.81,42.60,40.81,42.00,42.60,40.80,,42.00,,,469,19540.00,6,F1,1,,,,,
2026-09-18,2026-09-18,CM,BSE,STK,504731,INE566M01017,AZADIND,B,,,,,AZAD INDIA MOBILITY LIMITED,85.21,85.78,80.31,81.20,81.20,86.03,,81.98,,,4629,384771.00,165,F1,1,,,,,
2026-09-18,2026-09-18,CM,BSE,STK,504741,INE323C01030,INDIANHUME,B,,,,,INDIAN HUME PIPE CO.LTD.,356.95,367.50,352.10,365.50,365.50,356.95,,365.31,,,6188,2238134.00,398,F1,1,,,,,
2026-09-18,2026-09-18,CM,BSE,STK,504746,INE359D01024,INLCM,X,,,,,INDIAN LINK CHAIN MANUFACTURES,245.60,271.40,245.60,271.35,271.35,258.50,,271.35,,,21788,5544352.00,281,F1,1,,,,,
2026-09-18,2026-09-18,CM,BSE,STK,504786,INE155E01016,INVPRECQ,T,,,,,INVESTMENT & PRECISION CASTING,1375.00,1375.00,1350.00,1372.00,1372.00,1365.00,,1372.00,,,1088,1492225.00,38,F1,1,,,,,
2026-09-18,2026-09-18,CM,BSE,STK,504840,INE375D01012,KAIRA,X,,,,,KAIRA CAN CO.LTD.,1422.00,1422.00,1400.00,1400.00,1400.00,1421.00,,1400.00,,,22,31175.00,5,F1,1,,,,,
2026-09-18,2026-09-18,CM,BSE,STK,504879,INE569C01020,ORIENTCER,B,,,,,ORIENT CERATECH LIMITED,45.94,47.00,45.33,46.39,46.70,46.33,,46.50,,,6353,295980.00,171,F1,1,,,,,
2026-09-18,2026-09-18,CM,BSE,STK,504882,INE166R01015,NATIONSTD,B,,,,,NATIONAL STANDARD (INDIA) LTD.,114.50,116.95,110.45,110.45,110.45,111.75,,109.94,,,219,24530.00,18,F1,1,,,,,
2026-09-18,2026-09-18,CM,BSE,STK,504903,INE336C01016,RATHIST,XT,,,,,RATHI STEEL & POWER LTD.,21.89,21.95,21.12,21.47,21.50,21.24,,21.47,,,22452,483492.00,131,F1,1,,,,,
2026-09-18,2026-09-18,CM,BSE,STK,504908,INE340F01011,DUNCANENG,X,,,,,Duncan Engineering Limited,338.00,349.60,338.00,343.15,343.15,340.00,,343.15,,,244,83177.00,16,F1,1,,,,,
2026-09-18,2026-09-18,CM,BSE,STK,504918,INE149K01016,SANDUMA,A,,,,,SANDUR MANGANESE & IRON ORES L,183.95,186.00,183.00,185.45,184.90,182.50,,185.40,,,24371,4508778.00,535,F1,1,,,,,
2026-09-18,2026-09-18,CM,BSE,STK,504959,INE755D01015,STOVACQ,X,,,,,STOVEC INDUSTRIES LTD.,1587.00,1600.00,1570.00,1588.70,1588.70,1595.30,,1588.70,,,305,483277.00,53,F1,1,,,,,
2026-09-18,2026-09-18,CM,BSE,STK,504973,INE149A01033,CHOLAHLDNG,A,,,,,CHOLAMANDALAM FINANCIAL HOLDIN,1487.00,1527.80,1482.60,1508.45,1503.00,1495.00,,1507.71,,,9561,14477087.00,529,F1,1,,,,,
2026-09-18,2026-09-18,CM,BSE,STK,505010,INE449A01011,AUTOAXLES,B,,,,,AUTOMOTIVE AXLES LTD.,1652.40,1710.85,1645.05,1690.60,1690.00,1700.00,,1699.87,,,495,830846.00,44,F1,1,,,,,
2026-09-18,2026-09-18,CM,BSE,STK,505029,INE446A01025,ATLASCYCLE,B,,,,,ATLAS CYCLES (HARYANA) LTD.,96.53,96.53,87.61,88.15,88.85,88.63,,88.18,,,15371,1354914.00,834,F1,1,,,,,
2026-09-18,2026-09-18,CM,BSE,STK,505036,INE451C01013,ACGL,B,,,,,AUTOMOBILE CORPORATION OF GOA,1772.00,1815.00,1730.00,1746.45,1746.45,1764.00,,1739.36,,,367,645600.00,51,F1,1,,,,,
2026-09-18,2026-09-18,CM,BSE,STK,505075,INE878E01021,SETCO,T,,,,,SETCO AUTOMOTIVE LTD.,17.18,17.68,16.99,17.35,17.35,16.84,,17.06,,,6198,108011.00,24,F1,1,,,,,
2026-09-18,2026-09-18,CM,BSE,STK,505160,INE187D01029,TALBROAUTO,B,,,,,TALBROS AUTOMOTIVE COMPONENTS,441.95,480.00,440.00,475.60,475.60,434.95,,476.64,,,77830,36389717.00,2025,F1,1,,,,,
2026-09-18,2026-09-18,CM,BSE,STK,505163,INE116C01012,ZFSTEERING,B,,,,,Z.F.STEERING GEAR (INDIA) LTD.,697.00,703.00,690.05,700.85,700.85,697.90,,697.85,,,107,74329.00,33,F1,1,,,,,
2026-09-18,2026-09-18,CM,BSE,STK,505192,INE294B01019,SMLMAH,A,,,,,SML Mahindra Limited,6234.75,6458.25,6234.75,6297.30,6315.00,6223.65,,6292.79,,,1908,12108318.00,536,F1,1,,,,,
2026-09-18,2026-09-18,CM,BSE,STK,505196,INE806C01018,TIL,T,,,,,TIL LTD.,251.00,262.20,250.25,259.15,259.15,249.75,,257.55,,,14251,3711742.00,90,F1,1,,,,,
2026-09-18,2026-09-18,CM,BSE,STK,505200,INE066A01021,EICHERMOT,A,,,,,EICHER MOTORS LTD.,7515.95,7570.00,7480.00,7500.00,7500.00,7510.30,,7515.99,,,6650,50036131.00,1264,F1,1,,,,,
2026-09-18,2026-09-18,CM,BSE,STK,505212,INE280F01019,JAINEX,X,,,,,JAINEX AAMCOL LTD.,157.00,169.90,156.40,165.00,165.00,167.95,,165.00,,,449,70398.00,15,F1,1,,,,,
2026-09-18,2026-09-18,CM,BSE,STK,505216,INE782D01027,ALFREDHE,B,,,,,ALFRED HERBERT (INDIA) LTD.,2819.50,2819.50,2815.00,2818.50,2818.50,2770.55,,2824.25,,,13,36624.00,8,F1,1,,,,,
2026-09-18,2026-09-18,CM,BSE,STK,505232,INE232E01013,VELJAN,T,,,,,VELJAN DENISON LIMITED,1972.60,2000.00,1936.20,1940.00,1941.00,1964.75,,1940.60,,,77,150537.00,20,F1,1,,,,,
2026-09-18,2026-09-18,CM,BSE,STK,505242,INE221B01012,DYNAMATECH,A,,,,,DYNAMATIC TECHNOLOGIES LTD.,12054.20,12224.10,11884.00,12054.85,12040.00,11817.80,,12060.89,,,509,6138206.00,174,F1,1,,,,,
2026-09-18,2026-09-18,CM,BSE,STK,505255,INE541A01023,GMMPFAUDLR,A,,,,,GMM PFAUDLER LTD.,1373.40,1475.00,1373.40,1469.80,1454.10,1361.55,,1467.11,,,42291,61014056.00,2772,F1,1,,,,,
2026-09-18,2026-09-18,CM,BSE,STK,505283,INE811A01038,KIRLPNU,A,,,,,KIRLOSKAR PNEUMATIC CO.LTD.,696.00,704.35,686.00,698.10,698.10,694.15,,698.64,,,11574,8032556.00,1035,F1,1,,,,,
2026-09-18,2026-09-18,CM,BSE,STK,505299,INE731D01024,KPT,X,,,,,KPT INDUSTRIES LIMITED,460.80,468.40,455.80,460.60,460.15,460.70,,460.60,,,1120,519381.00,61,F1,1,,,,,
2026-09-18,2026-09-18,CM,BSE,STK,505302,INE718M01022,LAKSHMIEW,X,,,,,LAKSHMI ENGINEERING AND WAREHO,2449.95,2489.00,2449.95,2469.95,2489.00,2381.00,,2469.95,,,92,226035.00,22,F1,1,,,,,
2026-09-18,2026-09-18,CM,BSE,STK,505324,INE867A01022,MANUGRAPH,B,,,,,MANUGRAPH INDIA LTD.,15.07,18.34,15.00,18.24,18.24,15.29,,18.12,,,136840,2466481.00,624,F1,1,,,,,
2026-09-18,2026-09-18,CM,BSE,STK,505336,INE098E01026,HARSHILAGR,XT,,,,,HARSHIL AGROTECH LIMITED,0.26,0.26,0.25,0.26,0.26,0.26,,0.26,,,1929328,491626.00,360,F1,1,,,,,
2026-09-18,2026-09-18,CM,BSE,STK,505343,INE811D01024,MONOT,X,,,,,MONOTYPE INDIA LTD.,0.31,0.31,0.29,0.29,0.29,0.30,,0.29,,,659592,196303.00,266,F1,1,,,,,
2026-09-18,2026-09-18,CM,BSE,STK,505355,INE317F01035,NESCO,A,,,,,NESCO LTD.,1086.45,1120.00,1078.45,1099.15,1116.05,1081.10,,1110.42,,,2248,2459136.00,211,F1,1,,,,,
2026-09-18,2026-09-18,CM,BSE,STK,505358,INE984B01023,INTEGRAEN,X,,,,,INTEGRA ENGINEERING INDIA LTD.,170.05,173.90,166.55,168.50,168.40,168.95,,168.50,,,6360,1080345.00,97,F1,1,,,,,
2026-09-18,2026-09-18,CM,BSE,STK,505368,INE617A01013,SEMAC,B,,,,,Semac Construction Limited,270.05,270.10,270.05,270.10,270.10,281.30,,273.70,,,130,35108.00,11,F1,1,,,,,
2026-09-18,2026-09-18,CM,BSE,STK,505400,INE435C01024,TEXINFRA,B,,,,,TEXMACO INFRASTRUCTURE & HOLDI,115.75,115.75,112.50,113.15,113.10,115.40,,113.54,,,8029,910281.00,125,F1,1,,,,,
2026-09-18,2026-09-18,CM,BSE,STK,505412,INE274C01019,WENDT,B,,,,,WENDT (INDIA) LTD.,8889.95,8930.00,8660.05,8771.35,8815.80,8746.90,,8767.67,,,518,4544173.00,172,F1,1,,,,,
2026-09-18,2026-09-18,CM,BSE,STK,505502,INE953M01033,PSITINFRA,XT,,,,,PS IT INFRASTRUCTURE & SERVICE,1.64,1.65,1.64,1.65,1.65,1.64,,1.65,,,124290,203851.00,29,F1,1,,,,,
2026-09-18,2026-09-18,CM,BSE,STK,505504,INE809Q01020,GHVINFRA,XT,,,,,GHV INFRA PROJECTS LIMITED,287.00,287.00,272.95,280.45,284.40,277.25,,280.45,,,20228,5575832.00,227,F1,1,,,,,
2026-09-18,2026-09-18,CM,BSE,STK,505509,INE688D01026,RESPONIND,B,,,,,RESPONSIVE INDUSTRIES LTD.,159.45,160.80,155.70,159.60,160.25,163.35,,159.19,,,13297,2099566.00,182,F1,1,,,,,
2026-09-18,2026-09-18,CM,BSE,STK,505515,INE203N01015,SHYMINV,X,,,,,SHYAMKAMAL INVESTMENTS LTD.,12.36,14.00,11.72,11.96,11.72,12.27,,11.96,,,13255,170036.00,88,F1,1,,,,,
2026-09-18,2026-09-18,CM,BSE,STK,505523,INE272E01027,MAHACORP,X,,,,,MAHARASHTRA CORPORATION LTD.,0.31,0.33,0.31,0.32,0.32,0.32,,0.32,,,1028623,328254.00,170,F1,1,,,,,
2026-09-18,2026-09-18,CM,BSE,STK,505526,INE966A01022,DOLATALGO,B,,,,,DOLAT ALGOTECH LIMITED,68.00,68.66,67.11,67.32,67.74,67.65,,67.32,,,5049,343078.00,100,F1,1,,,,,
2026-09-18,2026-09-18,CM,BSE,STK,505533,INE274F01020,WESTLIFE,A,,,,,WESTLIFE FOODWORLD LIMITED,550.95,567.15,550.95,565.00,565.90,547.20,,564.41,,,1227,690422.00,81,F1,1,,,,,
2026-09-18,2026-09-18,CM,BSE,STK,505537,INE256A01028,ZEEL,A,,,,,ZEE ENTERTAINMENT ENTERPRISES,78.39,79.90,76.80,78.60,78.60,78.16,,78.62,,,972744,76007752.00,4133,F1,1,,,,,
2026-09-18,2026-09-18,CM,BSE,STK,505590,INE308E01029,SVPGLOB,B,,,,,SVP GLOBAL TEXTILES LIMITED,3.47,3.53,3.35,3.49,3.49,3.37,,3.49,,,10329,35651.00,42,F1,1,,,,,
2026-09-18,2026-09-18,CM,BSE,STK,505650,INE178E01026,SKYLMILAR,X,,,,,SKYLINE MILLARS LTD.,9.55,10.10,9.08,9.89,9.89,9.27,,9.89,,,12534,118871.00,54,F1,1,,,,,
2026-09-18,2026-09-18,CM,BSE,STK,505681,INE469A01019,BIMETAL,B,,,,,BIMETAL BEARINGS LTD.,645.00,645.00,645.00,645.00,645.00,648.50,,640.20,,,2,1290.00,2,F1,1,,,,,
2026-09-18,2026-09-18,CM,BSE,STK,505685,INE614R01014,TAPARIA,XT,,,,,TAPARIA TOOLS LTD.,14.03,14.03,14.03,14.03,14.03,13.37,,14.03,,,4,56.00,1,F1,1,,,,,
2026-09-18,2026-09-18,CM,BSE,STK,505688,INE561C01019,BHARATGEAR,T,,,,,BHARAT GEARS LTD.,100.20,100.95,100.20,100.70,100.70,101.50,,100.58,,,491,49395.00,13,F1,1,,,,,
2026-09-18,2026-09-18,CM,BSE,STK,505690,INE856A01017,BRADYM,X,,,,,BRADY & MORRIS ENGINEERING CO.,665.00,665.00,645.00,651.40,663.65,665.00,,651.40,,,486,316084.00,35,F1,1,,,,,
2026-09-18,2026-09-18,CM,BSE,STK,505693,INE501N01020,LATIMMETAL,X,,,,,La Tim Metal & Industries Limi,10.40,10.42,10.21,10.26,10.38,10.33,,10.26,,,95307,980416.00,103,F1,1,,,,,
2026-09-18,2026-09-18,CM,BSE,STK,505700,INE205B01031,ELECON,A,,,,,ELECON ENGINEERING CO.LTD.,417.05,423.55,414.00,421.10,419.00,413.75,,421.20,,,13669,5730017.00,467,F1,1,,,,,
2026-09-18,2026-09-18,CM,BSE,STK,505710,INE266D01021,GRAUWEIL,B,,,,,GRAUER & WEIL (INDIA) LTD.,82.80,88.53,82.25,86.45,86.50,79.42,,86.61,,,707873,61075893.00,6197,F1,1,,,,,
2026-09-18,2026-09-18,CM,BSE,STK,505712,INE705G01021,HIMTEK,XT,,,,,HIM TEKNOFORGE LIMITED,275.00,279.00,265.00,271.95,274.35,274.00,,271.95,,,8945,2422731.00,101,F1,1,,,,,
2026-09-18,2026-09-18,CM,BSE,STK,505714,INE524A01029,GABRIEL,A,,,,,GABRIEL INDIA LTD.,1285.20,1335.15,1285.20,1321.10,1328.50,1285.20,,1321.78,,,16288,21460166.00,1688,F1,1,,,,,
2026-09-18,2026-09-18,CM,BSE,STK,505720,INE688E01024,HERCULES,X,,,,,Hercules Investments Limited,115.60,117.45,115.05,116.20,116.70,115.25,,116.20,,,3287,381304.00,93,F1,1,,,,,
2026-09-18,2026-09-18,CM,BSE,STK,505725,INE598D01035,ALGOQUANT,B,,,,,ALGOQUANT FINTECH LIMITED,70.88,76.18,70.53,72.19,72.80,69.95,,72.26,,,863472,63272878.00,6141,F1,1,,,,,
2026-09-18,2026-09-18,CM,BSE,STK,505726,INE559A01017,IFBIND,B,,,,,IFB INDUSTRIES LTD.,1215.90,1236.90,1210.70,1226.95,1223.75,1218.85,,1225.24,,,1654,2024234.00,234,F1,1,,,,,
2026-09-18,2026-09-18,CM,BSE,STK,505729,INE638A01035,SINGERIND,B,,,,,SINGER INDIA LTD.,76.51,77.89,75.50,76.92,76.08,76.85,,76.36,,,2498,191993.00,62,F1,1,,,,,
2026-09-18,2026-09-18,CM,BSE,STK,505737,INE403C01014,INTLCOMBQ,X,,,,,INTERNATIONAL COMBUSTION (INDI,482.50,499.70,482.50,491.85,495.00,481.00,,491.85,,,328,158660.00,25,F1,1,,,,,
2026-09-18,2026-09-18,CM,BSE,STK,505744,INE529A01010,FMGOETZE,B,,,,,FEDERAL-MOGUL GOETZE (INDIA) L,450.45,454.15,443.90,446.75,443.90,447.45,,446.18,,,9114,4091904.00,371,F1,1,,,,,
2026-09-18,2026-09-18,CM,BSE,STK,505750,INE636D01041,JOSTS,X,,,,,JOSTS ENGINEERING CO.LTD.,219.85,224.95,218.00,220.70,218.00,219.85,,220.70,,,4327,964958.00,79,F1,1,,,,,
2026-09-18,2026-09-18,CM,BSE,STK,505790,INE513A01022,SCHAEFFLER,A,,,,,Schaeffler India Limited,3993.15,4264.05,3993.15,4225.95,4256.25,3991.60,,4218.59,,,27338,113881239.00,6060,F1,1,,,,,
2026-09-18,2026-09-18,CM,BSE,STK,505797,INE860N01012,MPCOSEMB,X,,,,,MIPCO SEAMLESS RINGS (GUJARAT),36.09,36.12,35.99,36.12,36.12,34.40,,36.12,,,21925,791767.00,53,F1,1,,,,,
2026-09-18,2026-09-18,CM,BSE,STK,505800,INE384A01010,RANEHOLDIN,B,,,,,RANE HOLDINGS LTD.,1595.00,1602.25,1533.00,1597.95,1599.70,1619.35,,1598.37,,,2716,4303248.00,445,F1,1,,,,,
2026-09-18,2026-09-18,CM,BSE,STK,505827,INE568F01017,SNL,X,,,,,SNL BEARINGS LTD.,449.90,475.90,448.05,472.30,472.30,444.15,,472.30,,,11403,5302346.00,374,F1,1,,,,,
2026-09-18,2026-09-18,CM,BSE,STK,505840,INE058D01030,JAIPAN,XT,,,,,JAIPAN INDUSTRIES LTD.,38.51,38.51,36.01,36.36,36.50,36.68,,36.36,,,1111,40428.00,18,F1,1,,,,,
2026-09-18,2026-09-18,CM,BSE,STK,505850,INE545L01039,MANCREDIT,B,,,,,MANGAL CREDIT AND FINCORP LTD.,217.40,224.40,217.40,224.05,224.40,217.35,,223.44,,,801,178211.00,32,F1,1,,,,,
2026-09-18,2026-09-18,CM,BSE,STK,505854,INE391D01019,TRF,B,,,,,TRF LTD.,222.05,222.05,215.00,215.20,215.00,222.20,,215.25,,,764,165484.00,49,F1,1,,,,,
2026-09-18,2026-09-18,CM,BSE,STK,505872,INE765D01022,WPIL,B,,,,,WPIL LTD.,444.25,444.30,431.00,433.00,433.00,441.55,,433.51,,,5531,2399607.00,296,F1,1,,,,,
2026-09-18,2026-09-18,CM,BSE,STK,505890,INE717A01029,KENNAMET,B,,,,,KENNAMETAL INDIA LTD.,4380.45,4380.70,4233.55,4279.25,4275.00,4318.55,,4281.38,,,1961,8407145.00,586,F1,1,,,,,
2026-09-18,2026-09-18,CM,BSE,STK,505893,INE724D01011,HINDHARD,X,,,,,HINDUSTAN HARDY LIMITED,732.60,762.95,732.60,755.20,755.20,737.15,,755.20,,,2264,1708394.00,68,F1,1,,,,,
2026-09-18,2026-09-18,CM,BSE,STK,505978,INE440G01017,TRITONV,B,,,,,TRITON VALVES LTD.,1095.00,1104.95,1073.55,1080.00,1077.00,1079.60,,1083.47,,,348,378379.00,77,F1,1,,,,,
2026-09-18,2026-09-18,CM,BSE,STK,506003,INE618D01015,SUDAI,X,,,,,SUDAL INDUSTRIES LTD.,43.05,45.15,43.01,43.25,45.10,43.50,,43.25,,,1864,80647.00,11,F1,1,,,,,
2026-09-18,2026-09-18,CM,BSE,STK,506022,INE603A01013,PRAKASH,B,,,,,PRAKASH INDUSTRIES LTD.,116.60,119.35,116.60,118.40,118.60,116.90,,118.50,,,23503,2779076.00,246,F1,1,,,,,
2026-09-18,2026-09-18,CM,BSE,STK,506074,INE968D01022,ARSHIYA,Z,,,,,ARSHIYA LIMITED,0.73,0.73,0.71,0.72,0.72,0.74,,0.71,,,57577,41227.00,27,F1,1,,,,,
2026-09-18,2026-09-18,CM,BSE,STK,506076,INE536A01023,GRINDWELL,A,,,,,GRINDWELL NORTON LTD.,1861.00,1910.00,1861.00,1893.00,1910.00,1862.25,,1895.40,,,3057,5785217.00,333,F1,1,,,,,
2026-09-18,2026-09-18,CM,BSE,STK,506079,INE651C01018,LAKPRE,Z,,,,,LAKSHMI PRECISION SCREWS LTD.,5.28,5.28,5.28,5.28,5.28,5.55,,4.90,,,501,2645.00,4,F1,1,,,,,
2026-09-18,2026-09-18,CM,BSE,STK,506105,INE441L01015,STANROS,X,,,,,STANROSE MAFATLAL INVESTMENTS,68.70,68.70,68.61,68.61,68.61,64.07,,68.61,,,112,7685.00,4,F1,1,,,,,
2026-09-18,2026-09-18,CM,BSE,STK,506109,INE727B01026,GENESYS,B,,,,,GENESYS INTERNATIONAL CORPORAT,286.85,295.65,282.75,285.95,286.40,284.05,,285.24,,,38762,11212454.00,674,F1,1,,,,,
2026-09-18,2026-09-18,CM,BSE,STK,506122,INE820M01026,VOLKAI,XT,,,,,Kairosoft AI Solutions Limited,19.70,19.70,19.30,19.70,19.70,187.80,,19.70,,,358512,7061808.00,809,F1,1,,,,,
2026-09-18,2026-09-18,CM,BSE,STK,506128,INE383L01019,PARNAXLAB,B,,,,,PARNAX LAB LTD.,120.40,128.05,120.40,125.30,128.05,123.80,,126.98,,,673,85547.00,23,F1,1,,,,,
2026-09-18,2026-09-18,CM,BSE,STK,506134,INE512D01028,GOURMET,XT,,,,,GOURMET GATEWAY INDIA LIMITED,11.76,11.76,11.30,11.30,11.30,11.53,,11.30,,,2664,31027.00,12,F1,1,,,,,
2026-09-18,2026-09-18,CM,BSE,STK,506146,INE370E01029,VIVIDHA,B,,,,,VISAGAR POLYTEX LTD.,0.52,0.53,0.51,0.51,0.51,0.51,,0.51,,,108576,56568.00,39,F1,1,,,,,
2026-09-18,2026-09-18,CM,BSE,STK,506166,INE070K01014,APIS,B,,,,,APIS INDIA LTD.,49.01,52.19,49.01,51.61,51.89,50.90,,51.61,,,5143,262258.00,165,F1,1,,,,,
2026-09-18,2026-09-18,CM,BSE,STK,506180,INE668L01013,EMERGENT,XT,,,,,EMERGENT INDUSTRIAL SOLUTIONS,396.00,409.95,396.00,400.00,400.00,396.00,,400.00,,,40,16250.00,7,F1,1,,,,,
2026-09-18,2026-09-18,CM,BSE,STK,506184,INE879E01037,KANANIIND,B,,,,,KANANI INDUSTRIES LTD.,1.44,1.44,1.38,1.41,1.41,1.41,,1.42,,,16957,23945.00,52,F1,1,,,,,
2026-09-18,2026-09-18,CM,BSE,STK,506186,INE403B01016,GSLTD,X,,,,,GALAXY SUPERMARKET LIMITED,18.92,19.35,18.50,18.80,19.20,18.92,,18.80,,,6149,115107.00,42,F1,1,,,,,
2026-09-18,2026-09-18,CM,BSE,STK,506194,INE643K01018,ARIHANTSUP,B,,,,,ARIHANT SUPERSTRUCTURES LIMITE,223.50,223.90,220.15,222.00,222.00,216.30,,227.20,,,98,21588.00,6,F1,1,,,,,
2026-09-18,2026-09-18,CM,BSE,STK,506197,INE416D01022,BLISSGVS,T,,,,,BLISS GVS PHARMA LTD.,698.95,720.00,676.00,680.40,676.00,690.10,,681.82,,,9828,6816991.00,264,F1,1,,,,,
2026-09-18,2026-09-18,CM,BSE,STK,506222,INE189B01011,STYRENIX,B,,,,,Styrenix Performance Materials,2054.25,2094.20,2048.95,2067.50,2049.55,2069.35,,2067.88,,,1627,3378316.00,218,F1,1,,,,,
2026-09-18,2026-09-18,CM,BSE,STK,506235,INE426A01027,ALEMBICLTD,B,,,,,ALEMBIC LTD.,102.50,106.00,102.05,102.71,102.30,102.89,,102.63,,,52279,5426930.00,789,F1,1,,,,,
2026-09-18,2026-09-18,CM,BSE,STK,506248,INE275D01022,AMNPLST,B,,,,,AMINES & PLASTICIZERS LTD.,167.00,182.00,167.00,170.40,168.20,161.20,,171.21,,,534,92634.00,167,F1,1,,,,,
2026-09-18,2026-09-18,CM,BSE,STK,506260,INE489G01022,ANUHPHR,B,,,,,ANUH PHARMA LTD.,93.50,95.00,91.87,93.39,93.40,93.59,,93.48,,,13501,1263279.00,372,F1,1,,,,,
2026-09-18,2026-09-18,CM,BSE,STK,506261,INE737D01021,MODISONLTD,T,,,,,MODISON LIMITED,447.00,466.00,447.00,464.25,460.00,448.70,,457.90,,,4379,2013416.00,81,F1,1,,,,,
2026-09-18,2026-09-18,CM,BSE,STK,506285,INE462A01022,BAYERCROP,A,,,,,BAYER CROPSCIENCE LTD.,3892.00,3892.00,3763.30,3786.55,3786.55,3894.70,,3779.76,,,3742,14318605.00,938,F1,1,,,,,
2026-09-18,2026-09-18,CM,BSE,STK,506365,INE320M01019,STARSOURCE,X,,,,,STARSOURCE MULTITRADE LIMITED,73.44,73.45,73.44,73.45,73.45,73.44,,73.45,,,526,38633.00,5,F1,1,,,,,
2026-09-18,2026-09-18,CM,BSE,STK,506395,INE169A01031,COROMANDEL,A,,,,,COROMANDEL INTERNATIONAL LTD.,1927.40,2018.65,1920.85,1998.00,1958.70,1930.75,,1999.43,,,15494,30742029.00,1550,F1,1,,,,,
2026-09-18,2026-09-18,CM,BSE,STK,506401,INE288B01029,DEEPAKNTR,A,,,,,DEEPAK NITRITE LTD.,1606.00,1623.90,1578.40,1607.95,1607.95,1605.75,,1592.65,,,137776,221516765.00,1867,F1,1,,,,,
2026-09-18,2026-09-18,CM,BSE,STK,506405,INE505A01010,DMCC,B,,,,,DMCC SPECIALITY CHEMICALS LIMI,262.05,282.90,261.55,280.50,281.90,261.75,,280.65,,,3557,979771.00,216,F1,1,,,,,
2026-09-18,2026-09-18,CM,BSE,STK,506414,INE225B01021,FERMENTA,B,,,,,FERMENTA BIOTECH LIMITED,469.65,477.85,467.50,475.75,477.85,465.35,,474.23,,,3531,1664026.00,277,F1,1,,,,,
2026-09-18,2026-09-18,CM,BSE,STK,506480,INE077F01035,GOCLCORP,B,,,,,GOCL Corporation Limited,457.60,461.45,440.90,446.00,446.00,456.50,,446.08,,,66459,29856798.00,1646,F1,1,,,,,
2026-09-18,2026-09-18,CM,BSE,STK,506520,INE693E01016,JAYCH,X,,,,,JAYSHREE CHEMICALS LTD.,6.90,6.90,6.55,6.61,6.67,6.85,,6.61,,,30515,202163.00,105,F1,1,,,,,
2026-09-18,2026-09-18,CM,BSE,STK,506525,INE138C01024,KANORICHEM,T,,,,,KANORIA CHEMICALS & INDUSTRIES,183.00,189.90,178.85,184.10,187.00,184.05,,184.11,,,5402,988011.00,74,F1,1,,,,,
2026-09-18,2026-09-18,CM,BSE,STK,506528,INE881E01017,KELENRG,XT,,,,,KELTECH ENERGIES LTD.,12273.15,12273.15,12273.15,12273.15,12273.15,12032.50,,12273.15,,,221,2712366.00,29,F1,1,,,,,
2026-09-18,2026-09-18,CM,BSE,STK,506530,INE060E01018,KEMP,X,,,,,KEMP & COMPANY LTD.,1157.10,1157.10,1156.00,1156.00,1156.00,1102.00,,1156.00,,,7,8098.00,3,F1,1,,,,,
2026-09-18,2026-09-18,CM,BSE,STK,506532,INE265B01019,NITTAGELA,B,,,,,NITTA GELATIN INDIA LTD.,1765.05,1766.05,1707.50,1714.55,1724.00,1760.15,,1711.75,,,365,631247.00,88,F1,1,,,,,
2026-09-18,2026-09-18,CM,BSE,STK,506543,INE468C01017,MPAGI,XT,,,,,M.P.AGRO INDUSTRIES LTD.,9.50,9.59,9.50,9.59,9.59,9.50,,9.59,,,19,182.00,4,F1,1,,,,,
2026-09-18,2026-09-18,CM,BSE,STK,506579,INE321D01016,AGVENTURES,X,,,,,AG VENTURES LIMITED,127.55,132.00,126.15,127.65,127.00,127.55,,127.65,,,12958,1656579.00,111,F1,1,,,,,
2026-09-18,2026-09-18,CM,BSE,STK,506590,INE602A01031,PCBL,A,,,,,PCBL Chemical Limited,332.00,338.15,328.85,336.75,337.20,329.55,,336.70,,,126636,42275738.00,3217,F1,1,,,,,
2026-09-18,2026-09-18,CM,BSE,STK,506597,INE841D01013,AMAL,B,,,,,AMAL LTD.,738.15,740.00,701.55,720.80,720.80,728.45,,722.05,,,8991,6453136.00,610,F1,1,,,,,
2026-09-18,2026-09-18,CM,BSE,STK,506605,INE752B01024,POLYCHEM,X,,,,,POLYCHEM LTD.,1904.95,2040.00,1852.10,1852.10,1852.10,1843.00,,1852.10,,,200,382882.00,44,F1,1,,,,,
2026-09-18,2026-09-18,CM,BSE,STK,506618,INE277B01014,PUNJABCHEM,B,,,,,PUNJAB CHEMICALS AND CROP PROT,1070.00,1087.15,1065.95,1074.25,1068.15,1069.15,,1075.66,,,492,530207.00,135,F1,1,,,,,
2026-09-18,2026-09-18,CM,BSE,STK,506640,INE218N01021,ZR2,X,,,,,ZR2 BIOENERGY LIMITED,137.55,144.40,131.00,136.90,144.30,137.55,,136.90,,,1101,156354.00,23,F1,1,,,,,
2026-09-18,2026-09-18,CM,BSE,STK,506642,INE888C01040,SADHNANIQ,T,,,,,SADHANA NITROCHEM LTD.,2.81,2.81,2.77,2.77,2.77,2.82,,2.77,,,98792,273802.00,58,F1,1,,,,,
2026-09-18,2026-09-18,CM,BSE,STK,506655,INE659A01023,SUDARSCHEM,A,,,,,SUDARSHAN CHEMICAL INDUSTRIES,1202.85,1280.00,1202.85,1260.85,1264.80,1206.40,,1263.40,,,29355,36930833.00,1347,F1,1,,,,,
2026-09-18,2026-09-18,CM,BSE,STK,506680,INE014B01011,TECILCHEM,B,,,,,TECIL CHEMICALS & HYDRO POWER,9.60,10.05,9.60,9.81,9.81,9.90,,9.77,,,2103,20622.00,11,F1,1,,,,,
2026-09-18,2026-09-18,CM,BSE,STK,506685,INE405A01021,ULTRAMAR,B,,,,,ULTRAMARINE & PIGMENTS LTD.,416.75,430.00,414.00,425.65,425.65,411.80,,424.50,,,8172,3441289.00,293,F1,1,,,,,
2026-09-18,2026-09-18,CM,BSE,STK,506687,INE687A01016,TRANSPEK,T,,,,,TRANSPEK INDUSTRY LTD.,1340.10,1360.00,1330.10,1360.00,1360.00,1340.00,,1359.40,,,368,493821.00,16,F1,1,,,,,
2026-09-18,2026-09-18,CM,BSE,STK,506690,INE351A01035,UNICHEMLAB,B,,,,,UNICHEM LABORATORIES LTD.,540.95,547.30,540.95,545.50,545.25,537.65,,545.69,,,2944,1600790.00,191,F1,1,,,,,
2026-09-18,2026-09-18,CM,BSE,STK,506734,INE741A01011,MYSORPETRO,T,,,,,MYSORE PETRO CHEMICALS LTD.,125.00,130.00,125.00,125.70,130.00,128.50,,127.61,,,349,43752.00,12,F1,1,,,,,
2026-09-18,2026-09-18,CM,BSE,STK,506767,INE150B01039,ALKYLAMINE,A,,,,,ALKYL AMINES CHEMICALS LTD.,1844.10,1882.70,1839.55,1865.40,1865.40,1843.65,,1863.26,,,6898,12834175.00,629,F1,1,,,,,
2026-09-18,2026-09-18,CM,BSE,STK,506808,INE400A01014,TUTIALKA,B,,,,,TUTICORIN ALKALI CHEMICALS AND,56.45,57.97,56.19,57.12,56.19,56.22,,57.06,,,2101,119125.00,24,F1,1,,,,,
2026-09-18,2026-09-18,CM,BSE,STK,506820,INE203A01020,ASTRAZEN,A,,,,,ASTRAZENECA PHARMA INDIA LTD.,6610.00,6772.65,6610.00,6751.40,6734.10,6674.55,,6751.50,,,402,2701770.00,139,F1,1,,,,,
2026-09-18,2026-09-18,CM,BSE,STK,506852,INE607A01022,PRIMO,B,,,,,Primo Chemicals Limited,21.69,21.72,21.31,21.36,21.31,21.25,,21.35,,,25314,543250.00,110,F1,1,,,,,
2026-09-18,2026-09-18,CM,BSE,STK,506854,INE639B01023,TANFACIND,B,,,,,TANFAC INDUSTRIES LTD.,3591.00,3591.05,3473.05,3526.05,3530.00,3526.80,,3526.05,,,8098,28573130.00,984,F1,1,,,,,
2026-09-18,2026-09-18,CM,BSE,STK,506858,INE636P01011,GUJPETR,X,,,,,GUJARAT PETROSYNTHESE LTD.,54.80,54.98,52.00,52.99,53.00,53.00,,52.99,,,829,44701.00,6,F1,1,,,,,
2026-09-18,2026-09-18,CM,BSE,STK,506863,INE716M01034,SWADEIN,X,,,,,SWADESHI INDUSTRIES LEASING CO,84.00,84.00,75.40,77.00,75.40,80.00,,77.00,,,539,41967.00,22,F1,1,,,,,
2026-09-18,2026-09-18,CM,BSE,STK,506879,INE942C01045,GUJTHEM,B,,,,,GUJARAT THEMIS BIOSYN LTD.,420.95,440.25,420.95,427.65,426.50,421.05,,427.41,,,27970,12121208.00,902,F1,1,,,,,
2026-09-18,2026-09-18,CM,BSE,STK,506935,INE423K01015,CONTCHM,X,,,,,CONTINENTAL CHEMICALS LTD.,52.00,52.00,51.11,51.99,51.11,52.71,,51.99,,,101,5251.00,2,F1,1,,,,,
2026-09-18,2026-09-18,CM,BSE,STK,506947,INE334N01018,ADVPETR-B,XT,,,,,ADVANCE PETROCHEMICALS LTD.,569.40,569.40,547.75,562.25,562.25,542.30,,562.25,,,1433,814194.00,98,F1,1,,,,,
2026-09-18,2026-09-18,CM,BSE,STK,506979,INE046E01025,APTPACK,X,,,,,APT PACKAGING LTD.,65.00,70.00,64.12,66.99,67.00,66.88,,66.99,,,3268,214126.00,35,F1,1,,,,,
2026-09-18,2026-09-18,CM,BSE,STK,506981,INE472D01017,BLUECHIPT,X,,,,,BLUE CHIP TEX INDUSTRIES LTD.,119.00,119.00,118.00,118.95,118.95,116.85,,118.95,,,52,6186.00,8,F1,1,,,,,
2026-09-18,2026-09-18,CM,BSE,STK,507155,INE574A01016,JAGAJITIND,X,,,,,JAGATJIT INDUSTRIES LTD.,168.90,168.90,161.15,164.40,164.40,168.10,,164.40,,,12695,2106674.00,152,F1,1,,,,,
2026-09-18,2026-09-18,CM,BSE,STK,507180,INE133B01027,KESARENT,XT,,,,,KESAR ENTERPRISES LTD.,12.48,12.48,12.48,12.48,12.48,12.24,,12.48,,,118602,1480152.00,46,F1,1,,,,,
2026-09-18,2026-09-18,CM,BSE,STK,507205,INE133E01013,TI,A,,,,,TILAKNAGAR INDUSTRIES LTD.,552.40,575.40,552.40,570.05,570.00,544.15,,568.77,,,110849,62695820.00,5609,F1,1,,,,,
2026-09-18,2026-09-18,CM,BSE,STK,507265,INE044N01021,EMERALL,XT,,,,,Emerald Leisures Limited,284.40,296.90,284.40,296.90,296.90,284.40,,296.90,,,32,9225.00,5,F1,1,,,,,
2026-09-18,2026-09-18,CM,BSE,STK,507300,INE615A01025,RAVALSUGAR,X,,,,,The Ravalgaon Sugar Farm Limit,922.00,925.50,922.00,925.50,925.50,922.00,,925.50,,,20,18496.00,3,F1,1,,,,,
2026-09-18,2026-09-18,CM,BSE,STK,507315,INE623A01011,SAKHTISUG,B,,,,,SAKTHI SUGARS LTD.,18.13,18.87,18.10,18.33,18.40,18.50,,18.37,,,6301,116296.00,69,F1,1,,,,,
2026-09-18,2026-09-18,CM,BSE,STK,507410,INE711A01022,WALCHANNAG,B,,,,,WALCHANDNAGAR INDUSTRIES LTD.,200.15,203.95,198.20,202.80,202.80,199.50,,202.72,,,33489,6743444.00,579,F1,1,,,,,
2026-09-18,2026-09-18,CM,BSE,STK,507438,INE076C01018,IFBAGRO,B,,,,,IFB AGRO INDUSTRIES LTD.,876.00,901.25,869.75,878.20,875.00,861.35,,887.43,,,113,99270.00,38,F1,1,,,,,
2026-09-18,2026-09-18,CM,BSE,STK,507474,INE991B01010,KFBL,X,,,,,KOTHARI FERMENTATION & BIOCHEM,42.39,42.39,41.55,42.39,42.39,42.39,,42.39,,,3268,136905.00,12,F1,1,,,,,
2026-09-18,2026-09-18,CM,BSE,STK,507486,INE470N01010,CAPRO,X,,,,,CAPROLACTAM CHEMICALS LTD.,46.55,46.55,46.55,46.55,46.55,46.63,,46.55,,,1,46.00,1,F1,1,,,,,
2026-09-18,2026-09-18,CM,BSE,STK,507488,INE075D01018,GMBREW,B,,,,,G.M.BREWERIES LTD.,935.10,963.00,935.10,953.35,956.00,938.15,,953.92,,,14882,14215593.00,719,F1,1,,,,,
2026-09-18,2026-09-18,CM,BSE,STK,507490,INE625B01014,RANASUG,B,,,,,RANA SUGARS LTD.,14.98,14.98,14.21,14.47,14.53,14.66,,14.43,,,17175,250168.00,252,F1,1,,,,,
2026-09-18,2026-09-18,CM,BSE,STK,507498,INE544C01023,PICCASUG,X,,,,,PICCADILY SUGAR & ALLIED INDUS,34.34,35.68,33.00,35.00,35.00,34.68,,35.00,,,2025,69747.00,30,F1,1,,,,,
2026-09-18,2026-09-18,CM,BSE,STK,507514,INE480C01038,SDBL,B,,,,,SOM DISTILLERIES & BREWERIES L,67.52,69.13,67.50,68.10,67.98,67.89,,68.06,,,35143,2397978.00,333,F1,1,,,,,
2026-09-18,2026-09-18,CM,BSE,STK,507515,INE557D01015,CJGEL,X,,,,,C.J.GELATINE PRODUCTS LTD.,26.95,26.95,24.40,26.62,26.94,25.68,,26.62,,,785,19813.00,23,F1,1,,,,,
2026-09-18,2026-09-18,CM,BSE,STK,507526,INE073G01016,ASALCBR,B,,,,,ASSOCIATED ALCOHOLS & BREWERIE,660.00,662.80,649.45,658.65,661.15,657.95,,659.50,,,2386,1563104.00,200,F1,1,,,,,
2026-09-18,2026-09-18,CM,BSE,STK,507552,INE976E01023,FOODSIN,B,,,,,FOODS & INNS LTD.,55.00,55.42,53.57,54.00,54.00,54.44,,54.57,,,2551,137997.00,169,F1,1,,,,,
2026-09-18,2026-09-18,CM,BSE,STK,507580,INE043C01018,IVP,T,,,,,IVP LTD.,216.00,223.00,210.00,212.15,218.00,216.00,,214.27,,,399,85311.00,14,F1,1,,,,,
2026-09-18,2026-09-18,CM,BSE,STK,507598,INE014E01015,KLRFM,X,,,,,KOVILPATTI LAKSHMI ROLLER FLOU,83.70,87.70,80.50,82.89,83.00,85.35,,82.89,,,1430,119006.00,58,F1,1,,,,,
2026-09-18,2026-09-18,CM,BSE,STK,507609,INE286E01019,OLYOI,X,,,,,OLYMPIC OIL INDUSTRIES LTD.,28.06,28.06,28.00,28.01,28.01,26.73,,28.01,,,74,2074.00,8,F1,1,,,,,
2026-09-18,2026-09-18,CM,BSE,STK,507621,INE588G01021,MLKFOOD,B,,,,,MILKFOOD LTD.,80.01,81.00,78.01,80.44,79.50,80.01,,80.24,,,3723,298895.00,116,F1,1,,,,,
2026-09-18,2026-09-18,CM,BSE,STK,507685,INE075A01022,WIPRO,A,,,,,WIPRO LTD.,167.15,167.15,163.35,166.00,166.00,166.35,,166.83,,,669293,110068099.00,9672,F1,1,,,,,
2026-09-18,2026-09-18,CM,BSE,STK,507690,INE247F01018,ORIBEVER,X,,,,,ORIENT BEVERAGES LTD.,163.00,166.00,161.00,164.95,165.00,162.10,,164.95,,,2881,473122.00,44,F1,1,,,,,
2026-09-18,2026-09-18,CM,BSE,STK,507717,INE435G01025,DHANUKA,B,,,,,DHANUKA AGRITECH LTD.,983.15,992.15,970.40,971.70,972.10,976.80,,973.21,,,958,941245.00,79,F1,1,,,,,
2026-09-18,2026-09-18,CM,BSE,STK,507747,INE910C01018,TTKHLTCARE,B,,,,,TTK HEALTHCARE LTD.,1048.95,1090.15,1045.20,1050.45,1050.30,1050.75,,1050.01,,,1385,1464608.00,296,F1,1,,,,,
2026-09-18,2026-09-18,CM,BSE,STK,507753,INE284B01028,TGVSL,B,,,,,TGV SRAAC Limited,103.00,103.40,102.00,102.65,102.85,103.10,,102.61,,,30386,3115684.00,249,F1,1,,,,,
2026-09-18,2026-09-18,CM,BSE,STK,507759,INE891G01011,LIMECHM,X,,,,,LIME CHEMICALS LTD.,13.50,13.50,13.50,13.50,13.50,13.42,,13.50,,,89,1201.00,1,F1,1,,,,,
2026-09-18,2026-09-18,CM,BSE,STK,507779,INE694E01014,KANPRPLA,B,,,,,KANPUR PLASTIPACK LTD.,260.00,260.00,245.00,245.55,245.05,260.00,,246.00,,,3892,963731.00,103,F1,1,,,,,
2026-09-18,2026-09-18,CM,BSE,STK,507785,INE123C01018,TAINWALCHM,B,,,,,TAINWALA CHEMICALS & PLASTICS,207.65,217.00,207.65,214.45,214.45,212.75,,213.42,,,105,22502.00,7,F1,1,,,,,
2026-09-18,2026-09-18,CM,BSE,STK,507789,INE048B01035,JAGSNPHARM,B,,,,,JAGSONPAL PHARMACEUTICALS LTD.,229.55,230.55,226.20,228.00,230.55,227.75,,228.41,,,2009,458491.00,154,F1,1,,,,,
2026-09-18,2026-09-18,CM,BSE,STK,507794,INE745B01028,KHAICHEM,B,,,,,KHAITAN CHEMICALS & FERTILIZER,50.08,51.40,49.60,50.68,50.37,49.84,,49.95,,,9848,500744.00,137,F1,1,,,,,
2026-09-18,2026-09-18,CM,BSE,STK,507813,INE296D01010,NOL,X,,,,,NATIONAL OXYGEN LTD.,59.50,59.50,55.76,57.97,57.97,59.00,,57.97,,,1455,81726.00,24,F1,1,,,,,
2026-09-18,2026-09-18,CM,BSE,STK,507815,INE322A01010,GILLETTE,A,,,,,GILLETTE INDIA LTD.,7346.80,7346.80,7032.00,7081.55,7081.55,7304.95,,7073.18,,,1331,9511779.00,413,F1,1,,,,,
2026-09-18,2026-09-18,CM,BSE,STK,507828,INE880B01015,ANSALHSG,X,,,,,ANSAL HOUSING LIMITED,4.87,5.00,4.80,4.93,4.98,4.85,,4.93,,,10753,53123.00,58,F1,1,,,,,
2026-09-18,2026-09-18,CM,BSE,STK,507833,INE607B01012,COMPUPN,X,,,,,COMPUTER POINT LTD.,3.28,3.40,3.23,3.39,3.39,3.29,,3.39,,,13202,43751.00,37,F1,1,,,,,
2026-09-18,2026-09-18,CM,BSE,STK,507836,INE435D01014,MCCHRLS-B,B,,,,,MAC CHARLES (INDIA) LTD.,679.95,679.95,647.50,658.70,663.00,659.00,,657.03,,,4673,3069007.00,45,F1,1,,,,,
2026-09-18,2026-09-18,CM,BSE,STK,507852,INE757C01021,ADDIND,B,,,,,ADDI INDUSTRIES LTD.,81.80,81.80,79.01,81.48,81.48,81.80,,82.07,,,12,963.00,8,F1,1,,,,,
2026-09-18,2026-09-18,CM,BSE,STK,507872,INE372I01018,ASHNOOR,X,,,,,ASHNOOR TEXTILE MILLS LTD.,51.99,51.99,50.00,50.06,51.10,50.25,,50.06,,,1000,50503.00,17,F1,1,,,,,
2026-09-18,2026-09-18,CM,BSE,STK,507878,INE694A01020,UNITECH,B,,,,,UNITECH LTD.,4.28,4.36,4.17,4.31,4.31,4.28,,4.31,,,741365,3145295.00,669,F1,1,,,,,
2026-09-18,2026-09-18,CM,BSE,STK,507880,INE054A01027,VIPIND,A,,,,,V.I.P.INDUSTRIES LTD.,303.85,310.20,292.40,299.15,300.00,304.25,,299.10,,,49011,14639805.00,1606,F1,1,,,,,
2026-09-18,2026-09-18,CM,BSE,STK,507910,INE296C01020,FIBERWEB,B,,,,,FIBERWEB (INDIA) LTD.,26.75,26.77,25.80,26.05,26.77,26.75,,26.09,,,387,10129.00,47,F1,1,,,,,
2026-09-18,2026-09-18,CM,BSE,STK,507912,INE724A01017,GYFTR,B,,,,,GYFTR LIMITED,176.50,179.00,167.80,171.45,167.80,177.50,,171.09,,,20099,3449159.00,948,F1,1,,,,,
2026-09-18,2026-09-18,CM,BSE,STK,507944,INE704G01024,BAJAJST,B,,,,,BAJAJ STEEL INDUSTRIES LTD.,353.00,355.90,350.55,352.10,350.60,352.85,,352.19,,,978,344435.00,87,F1,1,,,,,
2026-09-18,2026-09-18,CM,BSE,STK,507946,INE845A01028,KIDUJA,X,,,,,KIDUJA INDIA LTD.,20.50,20.50,19.49,19.49,19.49,19.43,,19.49,,,210,4175.00,5,F1,1,,,,,
2026-09-18,2026-09-18,CM,BSE,STK,507948,INE130F01016,KEYCORP,X,,,,,KEY CORP LTD.,75.86,75.86,71.11,74.00,74.00,72.27,,74.00,,,363,26242.00,17,F1,1,,,,,
2026-09-18,2026-09-18,CM,BSE,STK,507960,INE621C01011,GUJHOTE,X,,,,,GUJARAT HOTELS LTD.,180.75,183.00,178.25,181.20,181.00,180.30,,181.20,,,1296,233432.00,38,F1,1,,,,,
2026-09-18,2026-09-18,CM,BSE,STK,507962,INE455H01021,FYNX,XT,,,,,FYNX CAPITAL LIMITED,6.17,6.60,6.17,6.60,6.60,6.49,,6.60,,,3163,19703.00,25,F1,1,,,,,
2026-09-18,2026-09-18,CM,BSE,STK,507966,INE651D01016,RASRESOR,X,,,,,RAS RESORTS & APART HOTELS LTD,57.92,57.92,54.00,54.00,54.00,58.50,,54.00,,,1166,62983.00,14,F1,1,,,,,
2026-09-18,2026-09-18,CM,BSE,STK,507968,INE289M01016,JOLYPLS,XT,,,,,JOLLY PLASTIC INDUSTRIES LTD.,45.09,45.10,40.85,45.10,45.10,43.00,,45.10,,,554,22824.00,8,F1,1,,,,,
2026-09-18,2026-09-18,CM,BSE,STK,507970,INE143I01013,PARMCOS-B,X,,,,,PARAMOUNT COSMETICS (INDIA) LT,36.50,36.79,34.14,34.14,34.14,35.04,,34.14,,,236,8419.00,12,F1,1,,,,,
2026-09-18,2026-09-18,CM,BSE,STK,507981,INE726D01016,JINDHOT,X,,,,,JINDAL HOTELS LTD.,64.00,66.80,64.00,64.18,64.12,62.44,,64.18,,,2591,169079.00,44,F1,1,,,,,
2026-09-18,2026-09-18,CM,BSE,STK,507998,INE657D01021,SIMMOND,X,,,,,SIMMONDS MARSHALL LTD.,234.55,239.95,234.50,237.05,238.20,235.10,,237.05,,,4341,1032664.00,57,F1,1,,,,,
2026-09-18,2026-09-18,CM,BSE,STK,508486,INE979B01015,HAWKINCOOK,B,,,,,HAWKINS COOKERS LTD.,8489.00,8489.00,8260.70,8305.00,8305.00,8219.20,,8286.00,,,31,257832.00,23,F1,1,,,,,
2026-09-18,2026-09-18,CM,BSE,STK,508494,INE712A01012,WARRENTEA,X,,,,,WARREN TEA LTD.,45.40,46.80,45.10,46.50,46.50,45.40,,46.50,,,5821,270318.00,19,F1,1,,,,,
2026-09-18,2026-09-18,CM,BSE,STK,508571,INE788M01017,COCHMAL,X,,,,,COCHIN MALABAR ESTATES & INDUS,133.00,134.50,133.00,134.05,134.05,139.95,,134.05,,,150,20026.00,14,F1,1,,,,,
2026-09-18,2026-09-18,CM,BSE,STK,508664,INE553F01035,BESTEAST,XT,,,,,BEST EASTERN HOTELS LTD.,15.95,15.95,15.30,15.30,15.30,15.95,,15.30,,,698,10737.00,9,F1,1,,,,,
2026-09-18,2026-09-18,CM,BSE,STK,508670,INE605D01012,NEAGI,B,,,,,NEELAMALAI AGRO INDUSTRIES LTD,3300.00,3314.00,3300.00,3314.00,3314.00,3305.00,,3312.00,,,6,19828.00,3,F1,1,,,,,
2026-09-18,2026-09-18,CM,BSE,STK,508807,INE684B01029,ISTLTD,B,,,,,IST LTD.,675.15,675.15,656.50,663.00,663.00,672.55,,663.74,,,99,66100.00,21,F1,1,,,,,
2026-09-18,2026-09-18,CM,BSE,STK,508814,INE757A01017,COSMOFIRST,B,,,,,Cosmo First Limited,885.60,885.60,867.00,869.10,868.50,874.05,,871.16,,,1111,968643.00,86,F1,1,,,,,
2026-09-18,2026-09-18,CM,BSE,STK,508869,INE437A01024,APOLLOHOSP,A,,,,,APOLLO HOSPITALS ENTERPRISE LT,8790.75,8866.65,8770.25,8770.25,8770.25,8750.00,,8944.38,,,25549,225376312.00,1565,F1,1,,,,,
2026-09-18,2026-09-18,CM,BSE,STK,508875,INE861H01020,NITINCAST,XT,,,,,Nitin Castings Limited,470.00,470.00,461.65,461.65,461.65,485.90,,461.65,,,591,273707.00,20,F1,1,,,,,
2026-09-18,2026-09-18,CM,BSE,STK,508905,INE641A01013,NEXOME,XT,,,,,NEXOME CAPITAL MARKETS LIMITED,99.60,99.60,90.25,94.65,97.95,95.00,,94.65,,,1241,114100.00,20,F1,1,,,,,
2026-09-18,2026-09-18,CM,BSE,STK,508906,INE295A01018,EVERESTIND,T,,,,,EVEREST INDUSTRIES LTD.,413.00,413.00,413.00,413.00,413.00,396.00,,412.50,,,50,20650.00,1,F1,1,,,,,
2026-09-18,2026-09-18,CM,BSE,STK,508918,INE791H01011,IRONWOOD,X,,,,,IRONWOOD EDUCATION LIMITED,45.74,45.75,44.60,44.60,44.60,45.73,,44.60,,,1182,53529.00,17,F1,1,,,,,
2026-09-18,2026-09-18,CM,BSE,STK,508933,INE193B01039,AYMSYNTEX,B,,,,,AYM Syntex Limited,283.00,285.85,278.90,283.90,281.20,282.30,,283.19,,,1999,563749.00,95,F1,1,,,,,
2026-09-18,2026-09-18,CM,BSE,STK,508941,INE013E01017,PANCARBON,X,,,,,PANASONIC CARBON INDIA CO.LTD.,407.00,418.30,407.00,409.60,409.90,410.00,,409.60,,,1983,812610.00,82,F1,1,,,,,
2026-09-18,2026-09-18,CM,BSE,STK,508954,INE734I01027,FINKURVE,B,,,,,FINKURVE FINANCIAL SERVICES LT,75.00,75.59,72.60,73.22,73.22,74.18,,73.10,,,2697,199298.00,35,F1,1,,,,,
2026-09-18,2026-09-18,CM,BSE,STK,508956,INE549B01016,HBLEAS,X,,,,,HB LEASING & FINANCE CO.LTD.,10.03,10.68,10.00,10.30,10.30,10.73,,10.30,,,7069,70755.00,27,F1,1,,,,,
2026-09-18,2026-09-18,CM,BSE,STK,508961,INE753D01010,SHRICON,XT,,,,,SHRICON INDUSTRIES LTD.,166.95,166.95,159.75,164.55,159.75,159.00,,164.55,,,3,493.00,2,F1,1,,,,,
2026-09-18,2026-09-18,CM,BSE,STK,508963,INE668Y01024,TRUSTWAVE,X,,,,,TRUSTWAVE SECURITIES LIMITED,205.51,205.51,205.51,205.51,205.51,186.83,,205.51,,,11,2260.00,3,F1,1,,,,,
2026-09-18,2026-09-18,CM,BSE,STK,508969,INE673M01029,SULABEN,X,,,,,SULABH ENGINEERS & SERVICES LT,2.40,2.48,2.37,2.43,2.43,2.35,,2.43,,,17096,41676.00,41,F1,1,,,,,
2026-09-18,2026-09-18,CM,BSE,STK,508980,INE977E01013,FRONTCAP,XT,,,,,FRONTIER CAPITAL LIMITED,9.96,10.00,9.51,9.51,9.51,9.96,,9.51,,,25040,250374.00,5,F1,1,,,,,
2026-09-18,2026-09-18,CM,BSE,STK,508989,INE060A01024,NAVNETEDUL,B,,,,,NAVNEET EDUCATION LIMITED,125.80,128.65,124.00,126.35,128.65,125.10,,126.88,,,4339,540392.00,88,F1,1,,,,,
2026-09-18,2026-09-18,CM,BSE,STK,509009,INE218C01016,AUSOMENT,B,,,,,AUSOM ENTERPRISE LIMITED,152.50,154.00,147.10,153.25,154.00,153.05,,152.32,,,2620,394013.00,55,F1,1,,,,,
2026-09-18,2026-09-18,CM,BSE,STK,509015,INE190F01028,THAKRAL,X,,,,,THAKRAL SERVICES (INDIA) LTD.,15.99,15.99,15.99,15.99,15.99,15.99,,15.99,,,5,79.00,1,F1,1,,,,,
2026-09-18,2026-09-18,CM,BSE,STK,509020,INE413B01023,RUCHINFRA,B,,,,,RUCHI INFRASTRUCTURE LTD.,5.21,5.34,5.05,5.31,5.32,5.18,,5.21,,,4382,22506.00,35,F1,1,,,,,
2026-09-18,2026-09-18,CM,BSE,STK,509024,INE088E01019,GOLDLEG,X,,,,,GOLDEN LEGAND LEASING & FINANC,7.99,7.99,7.53,7.84,7.84,7.87,,7.84,,,2380,18185.00,25,F1,1,,,,,
2026-09-18,2026-09-18,CM,BSE,STK,509026,INE117F01013,VJTFEDU,X,,,,,VJTF EDUSERVICES LTD.,64.00,68.00,64.00,68.00,68.00,65.74,,68.00,,,49,3140.00,3,F1,1,,,,,
2026-09-18,2026-09-18,CM,BSE,STK,509038,INE763D01019,VOLLF,XT,,,,,VOLTAIRE LEASING & FINANCE LTD,20.03,21.25,20.03,20.35,20.35,20.24,,20.35,,,117,2380.00,6,F1,1,,,,,
2026-09-18,2026-09-18,CM,BSE,STK,509040,INE040F01033,NETLINK,X,,,,,NETLINK SOLUTIONS (INDIA) LTD.,194.00,194.00,182.00,182.10,182.10,187.00,,182.10,,,78,14592.00,9,F1,1,,,,,
2026-09-18,2026-09-18,CM,BSE,STK,509046,INE778N01016,TRILIANCE,X,,,,,TRILIANCE POLYMERS LIMITED,47.30,47.30,47.27,47.27,47.27,45.09,,47.27,,,27,1276.00,4,F1,1,,,,,
2026-09-18,2026-09-18,CM,BSE,STK,509048,INE572G01025,LANCORHOL,T,,,,,LANCOR HOLDINGS LTD.,36.18,37.34,34.40,36.50,36.50,35.99,,35.06,,,10614,385973.00,48,F1,1,,,,,
2026-09-18,2026-09-18,CM,BSE,STK,509051,INE300B01022,INDINFO,X,,,,,INDIAN INFOTECH & SOFTWARE LTD,0.56,0.57,0.56,0.57,0.57,0.56,,0.57,,,1998604,1130498.00,601,F1,1,,,,,
2026-09-18,2026-09-18,CM,BSE,STK,509053,INE521L01030,BANASFN,X,,,,,BANAS FINANCE LTD.,6.96,7.19,6.81,6.91,6.84,6.98,,6.91,,,13833,96009.00,70,F1,1,,,,,
2026-09-18,2026-09-18,CM,BSE,STK,509055,INE392A01021,VISAKAIND,B,,,,,VISAKA INDUSTRIES LTD.,91.41,97.80,91.41,97.26,97.15,90.75,,97.35,,,49081,4681360.00,666,F1,1,,,,,
2026-09-18,2026-09-18,CM,BSE,STK,509069,INE669A01022,INFOMEDIA,B,,,,,INFOMEDIA PRESS LTD.,4.92,5.48,4.91,5.16,5.16,5.51,,5.28,,,2995,14789.00,17,F1,1,,,,,
2026-09-18,2026-09-18,CM,BSE,STK,509073,INE525B01016,HATHWAYB,X,,,,,HATHWAY BHAWANI CABLETEL & DAT,10.35,12.45,10.35,12.00,12.00,11.50,,12.00,,,530,6356.00,7,F1,1,,,,,
2026-09-18,2026-09-18,CM,BSE,STK,509079,INE742B01025,GUFICBIO,B,,,,,GUFIC BIOSCIENCES LTD.,427.05,440.60,420.60,435.60,435.00,426.15,,435.98,,,3954,1705270.00,215,F1,1,,,,,
2026-09-18,2026-09-18,CM,BSE,STK,509152,INE137I01015,GRPLTD,B,,,,,GRP LTD.,2007.00,2010.00,1986.00,2010.00,2010.00,1970.00,,2009.99,,,20586,41368864.00,24,F1,1,,,,,
2026-09-18,2026-09-18,CM,BSE,STK,509162,INE802D01023,INDAG,XT,,,,,INDAG RUBBER LTD.,120.20,120.20,115.20,117.45,117.45,119.00,,117.45,,,1374,162848.00,49,F1,1,,,,,
2026-09-18,2026-09-18,CM,BSE,STK,509196,INE159E01026,MMRUBBR-B,X,,,,,MM RUBBER COMPANY LTD.,58.04,58.04,55.42,55.45,57.75,56.90,,55.45,,,224,12449.00,8,F1,1,,,,,
2026-09-18,2026-09-18,CM,BSE,STK,509220,INE034D01049,PTL,B,,,,,PTL ENTERPRISES LTD.,38.28,38.70,38.05,38.16,38.15,38.09,,38.33,,,1029,39258.00,56,F1,1,,,,,
2026-09-18,2026-09-18,CM,BSE,STK,509243,INE421C01016,TVSSRICHAK,B,,,,,TVS SRICHAKRA LTD.,4909.60,4927.00,4787.50,4845.35,4829.20,4877.55,,4844.59,,,184,892765.00,63,F1,1,,,,,
2026-09-18,2026-09-18,CM,BSE,STK,509423,INE367E01033,SEL,X,,,,,SANATHNAGAR ENTERPRISES LIMITE,31.16,32.65,31.16,32.65,32.65,31.10,,32.65,,,860,27944.00,15,F1,1,,,,,
2026-09-18,2026-09-18,CM,BSE,STK,509438,INE664D01019,BENARAS,B,,,,,BENARES HOTELS LTD.,10832.00,10832.00,10400.00,10472.00,10472.00,10941.90,,10588.00,,,52,550420.00,22,F1,1,,,,,
2026-09-18,2026-09-18,CM,BSE,STK,509449,INE026I01010,BHAGWOX,X,,,,,BHAGWATI OXYGEN LTD.,40.51,40.91,38.00,38.79,38.00,40.51,,38.79,,,855,33621.00,19,F1,1,,,,,
2026-09-18,2026-09-18,CM,BSE,STK,509470,INE01TL01014,BOMOXY-B1,X,,,,,BOMBAY OXYGEN INVESTMENTS LIMI,18204.00,18204.00,18204.00,18204.00,18204.00,18204.00,,18204.00,,,2,36408.00,1,F1,1,,,,,
2026-09-18,2026-09-18,CM,BSE,STK,509472,INE145E01017,CRAVATEX,B,,,,,CRAVATEX LTD.,335.00,335.00,323.10,323.10,323.10,332.50,,324.55,,,36,11752.00,3,F1,1,,,,,
2026-09-18,2026-09-18,CM,BSE,STK,509480,INE463A01038,BERGEPAINT,A,,,,,BERGER PAINTS INDIA LTD.,450.05,461.10,449.10,458.75,458.75,448.65,,458.65,,,401528,181534965.00,1933,F1,1,,,,,
2026-09-18,2026-09-18,CM,BSE,STK,509486,INE479A01018,CAPRIHANS,XT,,,,,CAPRIHANS INDIA LTD.,119.30,121.00,119.30,121.00,121.00,121.00,,121.00,,,300,36184.00,9,F1,1,,,,,
2026-09-18,2026-09-18,CM,BSE,STK,509488,INE371A01025,GRAPHITE,A,,,,,GRAPHITE INDIA LTD.,819.40,838.20,810.00,827.85,827.85,813.75,,830.73,,,379380,314148424.00,2960,F1,1,,,,,
2026-09-18,2026-09-18,CM,BSE,STK,509496,INE686A01026,CEMPRO,A,,,,,Cemindia Projects Limited,1274.45,1286.20,1246.80,1263.55,1261.00,1254.60,,1263.50,,,6997,8877514.00,748,F1,1,,,,,
2026-09-18,2026-09-18,CM,BSE,STK,509525,INE515H01014,EMPIND,B,,,,,EMPIRE INDUSTRIES LTD.,1060.00,1060.00,1052.60,1053.20,1053.20,1062.10,,1057.09,,,249,262306.00,13,F1,1,,,,,
2026-09-18,2026-09-18,CM,BSE,STK,509546,INE214F01026,GRAVISSHO,T,,,,,GRAVISS HOSPITALITY LIMITED,38.35,38.35,38.34,38.34,38.34,40.35,,38.25,,,1968,75455.00,11,F1,1,,,,,
2026-09-18,2026-09-18,CM,BSE,STK,509557,INE276A01018,GARFIBRES,A,,,,,GARWARE TECHNICAL FIBRES LIMIT,800.25,839.80,794.70,820.35,825.90,799.90,,819.10,,,5155,4191853.00,330,F1,1,,,,,
2026-09-18,2026-09-18,CM,BSE,STK,509563,INE925D01014,GARWAMAR,X,,,,,GARWARE MARINE INDUSTRIES LTD.,18.32,18.75,18.32,18.50,18.50,18.49,,18.50,,,1966,36313.00,44,F1,1,,,,,
2026-09-18,2026-09-18,CM,BSE,STK,509567,INE426D01013,GOACARBON,B,,,,,GOA CARBON LTD.,384.90,387.25,376.10,378.00,376.10,378.25,,377.66,,,1962,747506.00,213,F1,1,,,,,
2026-09-18,2026-09-18,CM,BSE,STK,509597,INE722D01015,HARDCAS,X,,,,,HARDCASTLE & WAUD MFG.CO.LTD.,822.00,822.00,801.85,802.00,802.00,810.00,,802.00,,,33,26515.00,8,F1,1,,,,,
2026-09-18,2026-09-18,CM,BSE,STK,509631,INE545A01024,HEG,T,,,,,HEG LTD.,227.20,238.55,226.90,238.55,238.55,227.20,,237.70,,,303075,72106992.00,2111,F1,1,,,,,
2026-09-18,2026-09-18,CM,BSE,STK,509635,INE310C01029,HINDCOMPOS,B,,,,,HINDUSTAN COMPOSITES LTD.,378.80,388.70,370.10,377.60,379.70,367.80,,378.62,,,1356,507336.00,54,F1,1,,,,,
2026-09-18,2026-09-18,CM,BSE,STK,509675,INE557A01011,BIRLANU,B,,,,,BIRLANU LIMITED,1398.80,1399.80,1363.50,1378.25,1378.25,1382.90,,1380.08,,,240,332145.00,48,F1,1,,,,,
2026-09-18,2026-09-18,CM,BSE,STK,509692,INE061A01014,INDIANCARD,B,,,,,INDIAN CARD CLOTHING CO.LTD.,206.50,210.00,206.50,210.00,210.00,210.00,,210.00,,,16,3353.00,3,F1,1,,,,,
2026-09-18,2026-09-18,CM,BSE,STK,509709,INE575C01027,INTLCONV,B,,,,,INTERNATIONAL CONVEYORS LTD.,76.78,77.92,76.16,76.46,76.40,76.19,,76.60,,,1669,127537.00,48,F1,1,,,,,
2026-09-18,2026-09-18,CM,BSE,STK,509715,INE364A01020,JAYSREETEA,B,,,,,JAY SHREE TEA & INDUSTRIES LTD,91.53,91.53,89.98,90.06,89.98,89.42,,89.38,,,1392,126001.00,152,F1,1,,,,,
2026-09-18,2026-09-18,CM,BSE,STK,509732,INE972A01020,KOTIC,B,,,,,KOTHARI INDUSTRIAL CORPORATION,135.65,151.00,135.65,144.55,144.95,132.95,,144.41,,,10583,1535236.00,360,F1,1,,,,,
2026-09-18,2026-09-18,CM,BSE,STK,509760,INE370A01019,MODRNSH,XT,,,,,MODERN SHARES & STOCKBROKERS L,39.10,39.10,38.11,38.11,38.11,40.11,,38.11,,,54,2058.00,6,F1,1,,,,,
2026-09-18,2026-09-18,CM,BSE,STK,509762,INE848M01019,MAPROIN,XT,,,,,MAPRO INDUSTRIES LTD.,50.94,50.94,50.94,50.94,50.94,53.62,,50.94,,,700,35658.00,2,F1,1,,,,,
2026-09-18,2026-09-18,CM,BSE,STK,509820,INE275B01026,HUHTAMAKI,B,,,,,HUHTAMAKI INDIA LIMITED,247.50,247.50,241.40,244.75,244.75,243.40,,244.98,,,8157,1996445.00,322,F1,1,,,,,
2026-09-18,2026-09-18,CM,BSE,STK,509874,INE849C01026,SHALPAINTS,T,,,,,SHALIMAR PAINTS LTD.,82.11,82.99,80.16,80.80,80.60,80.50,,80.90,,,1580,129517.00,33,F1,1,,,,,
2026-09-18,2026-09-18,CM,BSE,STK,509895,INE832D01020,HINDMILL,X,,,,,HINDOOSTAN MILLS LTD.,149.95,149.95,136.10,144.90,144.95,143.90,,144.90,,,377,52930.00,36,F1,1,,,,,
2026-09-18,2026-09-18,CM,BSE,STK,509930,INE195A01028,SUPREMEIND,A,,,,,SUPREME INDUSTRIES LTD.,3347.35,3485.00,3347.35,3460.00,3460.00,3332.10,,3580.22,,,17623,60614637.00,1629,F1,1,,,,,
2026-09-18,2026-09-18,CM,BSE,STK,509953,INE961E01017,TRADWIN,XT,,,,,TRADE WINGS LTD.,465.70,465.70,465.70,465.70,465.70,465.70,,465.70,,,1,465.00,1,F1,1,,,,,
2026-09-18,2026-09-18,CM,BSE,STK,509966,INE710A01016,VSTIND,B,,,,,VST INDUSTRIES LTD.,205.00,215.00,202.95,208.60,208.60,204.15,,208.90,,,22434,4674023.00,795,F1,1,,,,,
2026-09-18,2026-09-18,CM,BSE,STK,510245,INE804A01025,SWASTIVI,X,,,,,SWASTI VINAYAKA SYNTHETICS LTD,3.85,3.90,3.64,3.80,3.80,3.81,,3.80,,,28968,110845.00,90,F1,1,,,,,
2026-09-18,2026-09-18,CM,BSE,STK,511000,INE856D01011,MSLGLOBAL,X,,,,,MSL GLOBAL LIMITED,17.10,17.85,17.10,17.51,17.54,17.26,,17.51,,,954,16719.00,16,F1,1,,,,,
2026-09-18,2026-09-18,CM,BSE,STK,511012,INE457N01025,YAMNINV,XT,,,,,YAMINI INVESTMENTS COMPANY LTD,0.60,0.60,0.59,0.60,0.60,0.59,,0.60,,,151512,90316.00,254,F1,1,,,,,
2026-09-18,2026-09-18,CM,BSE,STK,511016,INE946K01023,PREMCAP,XT,,,,,PREMIER CAPITAL SERVICES LTD.,6.09,6.09,5.80,6.09,6.09,5.80,,6.09,,,7567,45593.00,21,F1,1,,,,,
2026-09-18,2026-09-18,CM,BSE,STK,511018,INE679T01013,ZMILGFIN,X,,,,,MILGREY FINANCE & INVESTMENT L,43.80,43.80,38.55,40.83,40.83,42.30,,40.83,,,50730,2074335.00,156,F1,1,,,,,
2026-09-18,2026-09-18,CM,BSE,STK,511034,INE742C01031,JINDRILL,B,,,,,JINDAL DRILLING & INDUSTRIES L,583.50,599.55,576.05,594.55,594.00,582.80,,594.83,,,18303,10755673.00,680,F1,1,,,,,
2026-09-18,2026-09-18,CM,BSE,STK,511066,INE302E01014,SAKTHIFIN,X,,,,,SAKTHI FINANCE LTD.,27.47,27.47,26.77,26.92,27.07,27.07,,26.92,,,2915,78660.00,55,F1,1,,,,,
2026-09-18,2026-09-18,CM,BSE,STK,511076,INE065D01027,AEROENTER,B,,,,,AEROFLEX ENTERPRISES LIMITED,124.20,126.40,121.00,125.30,126.00,122.55,,125.48,,,45855,5675843.00,653,F1,1,,,,,
2026-09-18,2026-09-18,CM,BSE,STK,511092,INE047E01031,JMDVL,XT,,,,,JMD Ventures Limited,7.10,7.10,6.95,7.01,7.01,7.03,,7.01,,,5646,39604.00,19,F1,1,,,,,
2026-09-18,2026-09-18,CM,BSE,STK,511108,INE705C01020,SHIVATEX,B,,,,,SHIVA TEXYARN LTD.,170.75,170.75,162.05,162.05,162.05,176.20,,168.51,,,211,35880.00,6,F1,1,,,,,
2026-09-18,2026-09-18,CM,BSE,STK,511110,INE848D01018,VBDESAI,X,,,,,V.B.DESAI FINANCIAL SERVICES L,16.97,16.97,16.97,16.97,16.97,17.86,,16.97,,,1437,24385.00,6,F1,1,,,,,
2026-09-18,2026-09-18,CM,BSE,STK,511116,INE527B01020,QUADRANT,XT,,,,,QUADRANT TELEVENTURES LIMITED,0.79,0.79,0.79,0.79,0.79,0.76,,0.79,,,2359007,1863615.00,141,F1,1,,,,,
2026-09-18,2026-09-18,CM,BSE,STK,511122,INE609B01018,1STCUS,X,,,,,FIRST CUSTODIAN FUND (INDIA) L,61.00,61.00,61.00,61.00,61.00,61.00,,61.00,,,10,610.00,1,F1,1,,,,,
2026-09-18,2026-09-18,CM,BSE,STK,511131,INE344D01018,KAMANWALA,B,,,,,KAMANWALA HOUSING CONSTRUCTION,16.50,16.50,16.50,16.50,16.50,17.00,,16.51,,,841,13876.00,6,F1,1,,,,,
2026-09-18,2026-09-18,CM,BSE,STK,511144,INE520G01024,AXISOL,XT,,,,,AXIS SOLUTIONS LIMITED,592.15,603.95,580.35,580.35,580.35,592.15,,580.35,,,7259,4255077.00,173,F1,1,,,,,
2026-09-18,2026-09-18,CM,BSE,STK,511147,INE549D01012,WSFX,X,,,,,WSFX Global Pay Limited,64.21,65.80,63.75,64.01,64.00,64.53,,64.01,,,799,51923.00,11,F1,1,,,,,
2026-09-18,2026-09-18,CM,BSE,STK,511153,INE096I01021,ANJANIFOODS,XT,,,,,Anjani Foods Limited,16.50,16.80,16.50,16.79,16.79,16.30,,16.79,,,927,15337.00,10,F1,1,,,,,
2026-09-18,2026-09-18,CM,BSE,STK,511169,INE552N01023,RKDAGRRTL,X,,,,,RKD AGRI AND RETAIL LIMITED,5.20,5.20,5.20,5.20,5.20,5.20,,5.20,,,1635,8502.00,9,F1,1,,,,,
2026-09-18,2026-09-18,CM,BSE,STK,511176,INE635I01018,PARSHWANA,XT,,,,,PARSHWANATH CORPORATION LTD.,104.94,104.94,98.50,98.70,98.70,99.95,,98.70,,,56,5532.00,6,F1,1,,,,,
2026-09-18,2026-09-18,CM,BSE,STK,511185,INE381N01019,RAJVI,X,,,,,RAJVI LOGITRADE LIMITED,29.82,29.82,29.82,29.82,29.82,28.40,,29.82,,,100,2982.00,3,F1,1,,,,,
2026-09-18,2026-09-18,CM,BSE,STK,511187,INE570N01025,MILLENNIUM,X,,,,,Millennium Online Solutions (I,1.68,1.68,1.68,1.68,1.68,1.68,,1.68,,,1920,3225.00,7,F1,1,,,,,
2026-09-18,2026-09-18,CM,BSE,STK,511194,INE613B01010,ICDSLTD,T,,,,,ICDS LTD.,61.60,61.60,58.52,58.52,58.52,61.60,,57.86,,,743,43490.00,13,F1,1,,,,,
2026-09-18,2026-09-18,CM,BSE,STK,511196,INE477A01020,CANFINHOME,A,,,,,CAN FIN HOMES LTD.,779.70,786.65,769.05,780.00,780.85,774.10,,778.52,,,10214,7947530.00,679,F1,1,,,,,
2026-09-18,2026-09-18,CM,BSE,STK,511208,INE050B01023,IVC,B,,,,,IL&FS INVESTMENT MANAGERS LTD.,7.95,7.95,7.81,7.90,7.92,7.82,,7.90,,,8532,67462.00,155,F1,1,,,,,
2026-09-18,2026-09-18,CM,BSE,STK,511218,INE721A01047,SHRIRAMFIN,A,,,,,Shriram Finance Limited,1003.10,1019.00,1001.00,1005.00,1005.00,996.95,,1009.99,,,128954,130408997.00,4646,F1,1,,,,,
2026-09-18,2026-09-18,CM,BSE,STK,511243,INE121A01024,CHOLAFIN,A,,,,,CHOLAMANDALAM INVESTMENT AND F,1773.20,1804.00,1760.05,1778.60,1778.60,1761.50,,1799.99,,,7867,14042014.00,700,F1,1,,,,,
2026-09-18,2026-09-18,CM,BSE,STK,511246,INE910D01024,BOMTALKIES,X,,,,,BOMBAY TALKIES LIMITED,3.08,3.12,3.08,3.12,3.12,3.09,,3.12,,,3,9.00,2,F1,1,,,,,
2026-09-18,2026-09-18,CM,BSE,STK,511260,INE088P01015,ICONIKSPEV,X,,,,,ICONIK SPORTS AND EVENTS LIMIT,36.22,36.22,34.25,34.70,34.26,35.50,,34.70,,,4948,173266.00,42,F1,1,,,,,
2026-09-18,2026-09-18,CM,BSE,STK,511333,INE709A01018,VLSFINANCE,B,,,,,VLS FINANCE LTD.,239.40,243.35,236.65,238.50,238.50,238.30,,238.21,,,1065,256141.00,75,F1,1,,,,,
2026-09-18,2026-09-18,CM,BSE,STK,511355,INE429D01017,INDCEMCAP,XT,,,,,INDIA CEMENTS CAPITAL LTD.,29.35,29.35,29.35,29.35,29.35,29.94,,29.35,,,22982,674521.00,13,F1,1,,,,,
2026-09-18,2026-09-18,CM,BSE,STK,511359,INE556D01017,ADMANUM,X,,,,,AD-MANUM FINANCE LTD.,53.90,53.90,51.10,53.85,53.85,50.97,,53.85,,,282,14443.00,7,F1,1,,,,,
2026-09-18,2026-09-18,CM,BSE,STK,511377,INE240B01012,MEHIF,X,,,,,MEHTA INTEGRATED FINANCE LTD.,29.03,29.03,27.58,27.58,27.58,29.03,,27.58,,,1367,39359.00,6,F1,1,,,,,
2026-09-18,2026-09-18,CM,BSE,STK,511391,INE661M01016,INTRGLB,X,,,,,INTER GLOBE FINANCE LTD.,66.78,66.78,58.32,61.99,61.99,64.00,,61.99,,,1837,116204.00,26,F1,1,,,,,
2026-09-18,2026-09-18,CM,BSE,STK,511401,INE410E01015,MCLTD,X,,,,,MUNOTH COMMUNICATION LIMITED,6.60,6.60,6.60,6.60,6.60,6.60,,6.60,,,51,336.00,3,F1,1,,,,,
2026-09-18,2026-09-18,CM,BSE,STK,511411,INE472C01027,SHRISTI,X,,,,,SHRISTI INFRASTRUCTURE DEVELOP,28.00,29.00,26.75,27.00,27.00,29.45,,27.00,,,5798,156983.00,38,F1,1,,,,,
2026-09-18,2026-09-18,CM,BSE,STK,511413,INE559D01011,CREST,B,,,,,CREST,391.30,391.30,360.10,360.10,360.10,386.40,,365.75,,,353,131724.00,35,F1,1,,,,,
2026-09-18,2026-09-18,CM,BSE,STK,511431,INE051B01021,VAKRANGEE,B,,,,,VAKRANGEE LIMITED,5.25,5.34,5.23,5.32,5.29,5.25,,5.30,,,49674,263018.00,209,F1,1,,,,,
2026-09-18,2026-09-18,CM,BSE,STK,511441,INE034B01019,GUJCRED,X,,,,,GUJARAT CREDIT CORPORATION LTD,22.57,23.50,22.57,23.50,23.50,23.75,,23.50,,,568,12847.00,8,F1,1,,,,,
2026-09-18,2026-09-18,CM,BSE,STK,511447,INE706F01021,SYLPH,X,,,,,Sylph Industries Limited,0.21,0.21,0.20,0.21,0.21,0.21,,0.21,,,2987060,615323.00,510,F1,1,,,,,
2026-09-18,2026-09-18,CM,BSE,STK,511451,INE899D01011,DHARFIN,XT,,,,,DHARANI FINANCE LTD.,11.99,11.99,11.00,11.95,11.95,11.45,,11.95,,,179,2138.00,7,F1,1,,,,,
2026-09-18,2026-09-18,CM,BSE,STK,511463,INE191N01012,ALEXANDER,X,,,,,Alexander Stamps And Coin Limi,7.50,7.75,7.50,7.74,7.74,7.50,,7.74,,,11533,86754.00,23,F1,1,,,,,
2026-09-18,2026-09-18,CM,BSE,STK,511473,INE841B01017,INDBANK,B,,,,,INDBANK MERCHANT BANKING SERVI,25.95,26.27,25.29,25.85,25.50,25.66,,25.57,,,1437,37058.00,106,F1,1,,,,,
2026-09-18,2026-09-18,CM,BSE,STK,511493,INE488C01015,SHRYDUS,XT,,,,,SHRYDUS INDUSTRIES LIMITED,3.98,3.99,3.79,3.97,3.97,3.98,,3.97,,,24856,94758.00,30,F1,1,,,,,
2026-09-18,2026-09-18,CM,BSE,STK,511501,INE900A01013,BHARAT,X,,,,,Bharat Bhushan Finance & Commo,23.87,23.87,22.20,22.91,22.90,23.50,,22.91,,,2729,62333.00,43,F1,1,,,,,
2026-09-18,2026-09-18,CM,BSE,STK,511505,INE707C01018,CAPTRUST,T,,,,,CAPITAL TRUST LTD.,18.60,19.41,18.31,19.41,19.41,18.49,,19.39,,,13923,268082.00,41,F1,1,,,,,
2026-09-18,2026-09-18,CM,BSE,STK,511507,INE697C01011,USHAKIRA,X,,,,,USHAKIRAN FINANCE LTD.,29.90,29.90,29.90,29.90,29.90,31.45,,29.90,,,71,2122.00,1,F1,1,,,,,
2026-09-18,2026-09-18,CM,BSE,STK,511509,INE380K01017,VIVOBIOT,B,,,,,VIVO BIO TECH LTD.,17.15,17.15,16.10,16.71,16.50,16.99,,16.73,,,11794,192920.00,75,F1,1,,,,,
2026-09-18,2026-09-18,CM,BSE,STK,511523,INE882C01035,VEERHEALTH,XT,,,,,VEERHEALTH CARE LIMITED,47.99,50.90,47.99,49.99,49.98,49.88,,49.99,,,29583,1470913.00,309,F1,1,,,,,
2026-09-18,2026-09-18,CM,BSE,STK,511525,INE376A01032,PANINDIAC,X,,,,,PAN INDIA CORPORATION LTD.,1.34,1.37,1.32,1.36,1.37,1.32,,1.36,,,77115,102660.00,119,F1,1,,,,,
2026-09-18,2026-09-18,CM,BSE,STK,511533,INE135C01012,SAHARAHOUS,X,,,,,SAHARA HOUSINGFINA CORPORATION,39.00,39.50,38.10,38.11,38.10,39.20,,38.11,,,254,9684.00,4,F1,1,,,,,
2026-09-18,2026-09-18,CM,BSE,STK,511535,INE026C01013,NDASEC,X,,,,,NDA SECURITIES LTD.,24.00,25.00,23.17,24.98,25.00,23.75,,24.98,,,1473,36309.00,9,F1,1,,,,,
2026-09-18,2026-09-18,CM,BSE,STK,511539,INE533B01028,SUPRATRE,X,,,,,Supra Trends Limited,15.00,15.00,15.00,15.00,15.00,14.60,,15.00,,,10,150.00,2,F1,1,,,,,
2026-09-18,2026-09-18,CM,BSE,STK,511543,INE777C01011,GSBFIN,XT,,,,,GSB FINANCE LTD.,47.00,50.40,45.66,45.70,45.70,48.02,,45.70,,,895,42054.00,20,F1,1,,,,,
2026-09-18,2026-09-18,CM,BSE,STK,511549,INE367A01015,MORARKFI,X,,,,,MORARKA FINANCE LTD.,64.50,64.65,62.10,64.50,64.50,64.09,,64.50,,,92,5752.00,11,F1,1,,,,,
2026-09-18,2026-09-18,CM,BSE,STK,511551,INE903D01011,MONARCH,B,,,,,Monarch Networth Capital Limit,368.25,368.25,363.50,366.35,365.00,368.70,,366.16,,,5972,2192458.00,613,F1,1,,,,,
2026-09-18,2026-09-18,CM,BSE,STK,511557,INE732K01027,PROFINC,Z,,,,,PRO FIN CAPITAL SERVICES LTD.,2.49,2.55,2.39,2.50,2.50,2.45,,2.50,,,295875,732696.00,166,F1,1,,,,,
2026-09-18,2026-09-18,CM,BSE,STK,511559,INE289C01025,TEAMGTY,B,,,,,TEAM INDIA GUARANTY LIMITED,243.00,243.00,241.90,241.90,241.90,245.75,,240.20,,,3,727.00,3,F1,1,,,,,
2026-09-18,2026-09-18,CM,BSE,STK,511571,INE754C01010,CRESCENTIS,X,,,,,Crescentis Capital Limited,104.00,104.00,103.80,103.80,103.80,103.80,,103.80,,,1240,128722.00,7,F1,1,,,,,
2026-09-18,2026-09-18,CM,BSE,STK,511577,INE304E01010,MANTRA,X,,,,,Mantra Capital Limited,18.49,18.49,18.30,18.30,18.30,17.89,,18.30,,,106,1940.00,3,F1,1,,,,,
2026-09-18,2026-09-18,CM,BSE,STK,511589,INE323B01024,AVONMORE,B,,,,,AVONMORE CAPITAL & MANAGEMENT,12.20,12.58,12.11,12.51,12.40,12.00,,12.46,,,3039,37621.00,167,F1,1,,,,,
2026-09-18,2026-09-18,CM,BSE,STK,511593,INE212B01011,LIBORDFIN,X,,,,,LIBORD FINANCE LTD,16.41,16.41,15.00,15.57,16.33,16.50,,15.57,,,155,2401.00,10,F1,1,,,,,
2026-09-18,2026-09-18,CM,BSE,STK,511601,INE216B01012,YASHMGM,X,,,,,YASH MANAGEMENT & SATELLITE LT,10.75,10.75,9.87,10.51,10.69,10.70,,10.51,,,3218,32902.00,30,F1,1,,,,,
2026-09-18,2026-09-18,CM,BSE,STK,511605,INE420B01036,ARIHANTCAP,B,,,,,ARIHANT CAPITAL MARKETS LTD.,80.70,81.09,79.74,80.24,80.24,81.11,,80.29,,,1595,127680.00,29,F1,1,,,,,
2026-09-18,2026-09-18,CM,BSE,STK,511609,INE569B01022,ISLCONSUL,X,,,,,ISL CONSULTING LTD.,12.60,12.60,12.00,12.35,12.35,12.14,,12.35,,,715,8582.00,8,F1,1,,,,,
2026-09-18,2026-09-18,CM,BSE,STK,511611,INE891B01012,DCMFINSERV,B,,,,,DCM FINANCIAL SERVICES LTD.,5.12,5.64,4.74,5.05,5.22,5.17,,5.14,,,9740,47980.00,29,F1,1,,,,,
2026-09-18,2026-09-18,CM,BSE,STK,511626,INE229D01011,RRFIN,XT,,,,,RR FINANCIAL CONSULTANTS LTD.,62.48,64.99,62.48,64.99,64.99,62.48,,64.99,,,278,17418.00,9,F1,1,,,,,
2026-09-18,2026-09-18,CM,BSE,STK,511628,INE417D01020,FEDDERSHOL,B,,,,,FEDDERS HOLDING LIMITED,52.52,53.37,52.00,52.97,52.00,52.52,,52.90,,,266142,14112583.00,1077,F1,1,,,,,
2026-09-18,2026-09-18,CM,BSE,STK,511630,INE699B01027,SAMBHAAV,B,,,,,SAMBHAAV MEDIA LTD.,5.93,6.11,5.75,5.89,5.89,5.93,,6.09,,,1382,8342.00,13,F1,1,,,,,
2026-09-18,2026-09-18,CM,BSE,STK,511644,INE113B01037,OMEGAIN,X,,,,,OMEGA INTERACTIVE TECHNOLOGIES,18.88,20.47,18.88,18.88,18.88,19.87,,18.88,,,500978,9586454.00,1905,F1,1,,,,,
2026-09-18,2026-09-18,CM,BSE,STK,511654,INE309D01011,SUGALDAM,X,,,,,SUGAL & DAMANI SHARE BROKERS L,70.50,70.50,64.00,67.20,67.18,70.29,,67.20,,,870,57414.00,28,F1,1,,,,,
2026-09-18,2026-09-18,CM,BSE,STK,511658,INE027D01019,NETTLINX,X,,,,,NETTLINX LTD.,10.17,10.44,9.70,10.04,10.00,10.17,,10.04,,,33153,332886.00,52,F1,1,,,,,
2026-09-18,2026-09-18,CM,BSE,STK,511664,INE443D01018,BGIL,X,,,,,BGIL FILMS & TECHNOLOGIES LTD.,6.30,6.33,6.28,6.29,6.33,6.30,,6.29,,,1600,10069.00,7,F1,1,,,,,
2026-09-18,2026-09-18,CM,BSE,STK,511672,INE099G01011,SCANSTL,T,,,,,Scan Steels Limited,52.50,54.98,52.50,53.91,54.98,54.43,,53.44,,,10255,550701.00,52,F1,1,,,,,
2026-09-18,2026-09-18,CM,BSE,STK,511676,INE289B01019,GICHSGFIN,B,,,,,GIC HOUSING FINANCE LTD.,136.10,140.00,135.70,138.45,140.00,135.30,,139.32,,,1926,265369.00,47,F1,1,,,,,
2026-09-18,2026-09-18,CM,BSE,STK,511692,INE759C01027,AJCON,X,,,,,AJCON GLOBAL SERVICES LTD.,5.99,5.99,5.60,5.67,5.61,5.63,,5.67,,,12186,69547.00,30,F1,1,,,,,
2026-09-18,2026-09-18,CM,BSE,STK,511696,INE953B01010,CHRTEDCA,X,,,,,CHARTERED CAPITAL & INVESTMENT,242.00,242.00,241.00,241.00,241.00,242.00,,241.00,,,54,13025.00,4,F1,1,,,,,
2026-09-18,2026-09-18,CM,BSE,STK,511700,INE625D01028,STANCAP,X,,,,,STANDARD CAPITAL MARKETS LTD.,0.32,0.33,0.31,0.33,0.33,0.31,,0.33,,,4256817,1382582.00,910,F1,1,,,,,
2026-09-18,2026-09-18,CM,BSE,STK,511702,INE290E01011,YOGI,B,,,,,YOGI LIMITED,161.00,168.95,155.50,163.65,163.20,163.95,,163.91,,,2177,347330.00,16,F1,1,,,,,
2026-09-18,2026-09-18,CM,BSE,STK,511710,INE717D01023,CUBIFIN,XT,,,,,CUBICAL FINANCIAL SERVICES LTD,6.66,6.66,6.66,6.66,6.66,6.66,,6.66,,,16495,109856.00,37,F1,1,,,,,
2026-09-18,2026-09-18,CM,BSE,STK,511712,INE452B01013,RELICTEC,X,,,,,RELIC TECHNOLOGIES LTD.,72.50,78.00,66.35,70.00,70.00,72.71,,70.00,,,690,48609.00,21,F1,1,,,,,
2026-09-18,2026-09-18,CM,BSE,STK,511714,INE875B01015,NIMBSPROJ,B,,,,,NIMBUS PROJECTS LTD.,187.40,187.40,187.40,187.40,187.40,178.50,,185.64,,,312,58468.00,12,F1,1,,,,,
2026-09-18,2026-09-18,CM,BSE,STK,511716,INE359A01012,INVIGO,XT,,,,,Invigorated Business Consultin,10.12,10.12,9.62,10.00,10.00,10.12,,10.00,,,2088,20850.00,21,F1,1,,,,,
2026-09-18,2026-09-18,CM,BSE,STK,511724,INE020D01022,BAIDFIN,B,,,,,BAID FINSERV LIMITED,11.00,11.42,10.68,11.05,10.89,10.40,,10.89,,,15410,167910.00,88,F1,1,,,,,
2026-09-18,2026-09-18,CM,BSE,STK,511726,INE946H01037,VIPULLTD,T,,,,,VIPUL LTD.,12.73,12.73,12.73,12.73,12.73,12.98,,12.49,,,69,878.00,5,F1,1,,,,,
2026-09-18,2026-09-18,CM,BSE,STK,511728,INE006C01015,KZLFIN,X,,,,,K.Z.LEASING & FINANCE LTD.,17.16,17.16,16.00,16.00,16.00,16.35,,16.00,,,1006,17256.00,7,F1,1,,,,,
2026-09-18,2026-09-18,CM,BSE,STK,511734,INE527C01010,PASUFIN,X,,,,,PASUPATI FINCAP LTD.,17.81,17.81,17.81,17.81,17.81,16.97,,17.81,,,17,302.00,5,F1,1,,,,,
2026-09-18,2026-09-18,CM,BSE,STK,511740,INE239B01014,RFL,X,,,,,RUPAREL FOOD PRODUCTS LIMITED,94.25,94.25,94.25,94.25,94.25,89.80,,94.25,,,19,1790.00,2,F1,1,,,,,
2026-09-18,2026-09-18,CM,BSE,STK,511742,INE583D01011,UGROCAP,B,,,,,UGRO CAPITAL LIMITED,83.21,85.89,83.00,83.96,83.86,83.48,,83.75,,,4191,350030.00,63,F1,1,,,,,
2026-09-18,2026-09-18,CM,BSE,STK,511754,INE861D01011,SAHLIBHFI,B,,,,,SHALIBHADRA FINANCE LTD.,79.70,79.70,76.44,76.52,76.52,78.33,,76.56,,,1788,138945.00,48,F1,1,,,,,
2026-09-18,2026-09-18,CM,BSE,STK,511756,INE195I01013,ABIRAFN,Z,,,,,ABIRAMI FINANCIAL SERVICES (IN,34.43,34.43,32.50,32.50,32.50,32.82,,32.50,,,584,20093.00,4,F1,1,,,,,
2026-09-18,2026-09-18,CM,BSE,STK,511758,INE094E01017,MANSIFIN,X,,,,,MANSI FINANCE (CHENNAI) LTD.,60.11,60.15,60.11,60.15,60.15,62.38,,60.15,,,8,481.00,3,F1,1,,,,,
2026-09-18,2026-09-18,CM,BSE,STK,511764,INE819K01014,AASTAFIN,X,,,,,Aastamangalam Finance Limited,31.49,31.49,30.05,30.39,30.39,30.98,,30.39,,,3826,115486.00,28,F1,1,,,,,
2026-09-18,2026-09-18,CM,BSE,STK,511766,INE296G01013,MUTHOOTCAP,B,,,,,MUTHOOT CAPITAL SERVICES LTD.,232.95,240.10,232.40,235.20,235.35,235.90,,234.29,,,840,198933.00,50,F1,1,,,,,
2026-09-18,2026-09-18,CM,BSE,STK,511768,INE677D01037,MASTERTR,B,,,,,MASTER TRUST LTD.,87.99,90.00,87.95,89.49,89.90,87.32,,89.67,,,27231,2432070.00,408,F1,1,,,,,
2026-09-18,2026-09-18,CM,BSE,STK,512008,INE886D01026,EFCIL,B,,,,,EFC (I) LIMITED,179.00,180.10,176.90,178.15,178.65,177.80,,178.64,,,10761,1917440.00,209,F1,1,,,,,
2026-09-18,2026-09-18,CM,BSE,STK,512014,INE754D01018,SOBME,X,,,,,SOBHAGYA MERCHANTILE LTD.,1264.50,1271.65,1237.20,1271.65,1271.60,1211.10,,1271.65,,,621,781953.00,51,F1,1,,,,,
2026-09-18,2026-09-18,CM,BSE,STK,512018,INE135H01029,TTGIL,X,,,,,TOMORROW TECHNOLOGIES GLOBAL I,7.57,8.30,7.35,7.68,7.66,7.64,,7.68,,,78912,610921.00,85,F1,1,,,,,
2026-09-18,2026-09-18,CM,BSE,STK,512025,INE767M01029,ASGARD,X,,,,,ASGARD ALCOBEV LIMITED,34.20,34.20,31.60,33.46,32.50,32.25,,33.46,,,28631,945801.00,201,F1,1,,,,,
2026-09-18,2026-09-18,CM,BSE,STK,512036,INE393H01016,SKYBIOTECH,X,,,,,SKYBIOTECH HEALTHCARE LIMITED,118.80,120.00,118.80,120.00,120.00,120.00,,120.00,,,25,2994.00,2,F1,1,,,,,
2026-09-18,2026-09-18,CM,BSE,STK,512038,INE887D01024,TCC,B,,,,,TCC CONCEPT LIMITED,51.00,52.00,49.45,49.90,49.75,51.30,,49.85,,,93921,4708675.00,357,F1,1,,,,,
2026-09-18,2026-09-18,CM,BSE,STK,512047,INE510H01015,ROYALIND,X,,,,,ROYAL INDIA CORPORATION LIMITE,5.30,5.70,5.09,5.48,5.69,5.27,,5.48,,,66630,361225.00,130,F1,1,,,,,
2026-09-18,2026-09-18,CM,BSE,STK,512048,INE195E01020,DHANSAFAL,X,,,,,DHANSAFAL FINSERVE LIMITED,2.29,2.42,2.29,2.42,2.42,2.37,,2.42,,,67308,159165.00,60,F1,1,,,,,
2026-09-18,2026-09-18,CM,BSE,STK,512062,INE896J01014,TANDHANIN,XT,,,,,TANDHAN INDUSTRIES LIMITED,163.10,163.10,152.00,159.00,159.00,159.85,,159.00,,,172,27194.00,8,F1,1,,,,,
2026-09-18,2026-09-18,CM,BSE,STK,512064,INE762D01011,VISVEN,X,,,,,VISHVPRABHA VENTURES LIMITED,37.85,40.00,36.60,37.96,40.00,40.00,,37.96,,,11,417.00,4,F1,1,,,,,
2026-09-18,2026-09-18,CM,BSE,STK,512065,INE738D01029,MRUTR,XT,,,,,MRUGESH TRADING LTD.,90.70,90.70,90.70,90.70,90.70,92.55,,90.70,,,958,86890.00,47,F1,1,,,,,
2026-09-18,2026-09-18,CM,BSE,STK,512068,INE945F01025,DECNGOLD,B,,,,,DECCAN GOLD MINES LTD.,218.95,220.70,214.45,217.20,217.20,218.00,,217.21,,,229869,50001273.00,2014,F1,1,,,,,
2026-09-18,2026-09-18,CM,BSE,STK,512070,INE628A01036,UPL,A,,,,,UPL LIMITED,554.60,566.55,553.90,559.90,559.90,554.35,,579.99,,,270743,150334784.00,1470,F1,1,,,,,
2026-09-18,2026-09-18,CM,BSE,STK,512093,INE234B01023,CRANESSOFT,Z,,,,,CRANES SOFTWARE INTERNATIONAL,5.76,5.93,5.52,5.78,5.80,5.65,,5.78,,,66092,381768.00,154,F1,1,,,,,
2026-09-18,2026-09-18,CM,BSE,STK,512097,INE092G01024,SAICOM,X,,,,,SAIANAND COMMERCIAL LIMITED,0.20,0.21,0.20,0.21,0.21,0.21,,0.21,,,269362,54627.00,36,F1,1,,,,,
2026-09-18,2026-09-18,CM,BSE,STK,512099,INE750G01019,EY,XT,,,,,EYANTRA VENTURES LIMITED,585.90,585.90,530.10,533.15,585.85,558.00,,533.15,,,43,23293.00,9,F1,1,,,,,
2026-09-18,2026-09-18,CM,BSE,STK,512103,INE276H01013,NIDHGRN,X,,,,,NIDHI GRANITES LTD.,240.75,240.75,228.75,229.00,229.00,240.75,,229.00,,,356,82814.00,17,F1,1,,,,,
2026-09-18,2026-09-18,CM,BSE,STK,512115,INE649C01012,ROSEMER,X,,,,,ROSE MERC.LTD.,54.23,56.99,52.31,53.99,54.30,54.23,,53.99,,,2671,143358.00,43,F1,1,,,,,
2026-09-18,2026-09-18,CM,BSE,STK,512131,INE529F01035,SIGIND,T,,,,,SIGNET INDUSTRIES LIMITED,70.24,70.35,69.50,69.79,70.35,67.00,,69.98,,,3347,234420.00,24,F1,1,,,,,
2026-09-18,2026-09-18,CM,BSE,STK,512149,INE758A01072,AVANCE,B,,,,,AVANCE TECHNOLOGIES LTD.,0.77,0.82,0.77,0.80,0.80,0.79,,0.80,,,1702163,1367506.00,635,F1,1,,,,,
2026-09-18,2026-09-18,CM,BSE,STK,512161,INE650K01021,SECURKLOUD,B,,,,,SECUREKLOUD TECHNOLOGIES LIMIT,17.15,17.20,16.72,17.00,17.00,17.26,,16.85,,,740,12434.00,24,F1,1,,,,,
2026-09-18,2026-09-18,CM,BSE,STK,512165,INE365O01028,ABANSENT,B,,,,,ABANS ENTERPRISES LTD,26.25,27.22,25.58,25.70,25.70,26.36,,25.89,,,1318,34268.00,36,F1,1,,,,,
2026-09-18,2026-09-18,CM,BSE,STK,512169,INE968E01012,CAPRICORN,XT,,,,,CAPRICORN SYSTEMS GLOBAL SOLUT,30.18,30.33,30.18,30.18,30.18,30.79,,30.18,,,119801,3615613.00,46,F1,1,,,,,
2026-09-18,2026-09-18,CM,BSE,STK,512175,INE685D01022,VAMA,X,,,,,VAMA INDUSTRIES LTD.,3.33,3.63,3.33,3.41,3.37,3.50,,3.41,,,21602,75464.00,82,F1,1,,,,,
2026-09-18,2026-09-18,CM,BSE,STK,512179,INE805D01034,SUNTECK,B,,,,,SUNTECK REALTY LTD.,280.35,298.55,280.35,294.25,295.90,280.95,,294.06,,,6415,1855230.00,189,F1,1,,,,,
2026-09-18,2026-09-18,CM,BSE,STK,512197,INE798C01017,SILVERO,Z,,,,,SILVER OAK COMMERCIAL LTD.,5.37,5.65,5.37,5.65,5.65,5.65,,5.65,,,3003,16414.00,15,F1,1,,,,,
2026-09-18,2026-09-18,CM,BSE,STK,512217,INE730E01016,PRISMMEDI,X,,,,,PRISM MEDICO AND PHARMACY LTD.,29.70,29.96,29.20,29.80,29.80,29.40,,29.80,,,4641,137239.00,47,F1,1,,,,,
2026-09-18,2026-09-18,CM,BSE,STK,512229,INE379J01029,VERITAS,XT,,,,,VERITAS (INDIA) LTD.,162.40,164.00,159.00,159.80,159.80,161.60,,159.80,,,1453,235221.00,33,F1,1,,,,,
2026-09-18,2026-09-18,CM,BSE,STK,512237,INE070D01027,JAICORPLTD,B,,,,,JAI CORP LTD.,93.36,94.68,93.11,94.46,94.32,93.26,,94.42,,,11539,1082544.00,247,F1,1,,,,,
2026-09-18,2026-09-18,CM,BSE,STK,512247,INE894A01026,ASHCAP,X,,,,,ASHIRWAD CAPITAL LTD.,2.56,2.59,2.56,2.58,2.58,2.56,,2.58,,,23069,59563.00,90,F1,1,,,,,
2026-09-18,2026-09-18,CM,BSE,STK,512257,INE895A01023,SVARTCORP,X,,,,,SWASTI VINAYAKA ART AND HERITA,3.34,3.44,3.30,3.35,3.35,3.29,,3.35,,,29779,100016.00,104,F1,1,,,,,
2026-09-18,2026-09-18,CM,BSE,STK,512267,INE200D01020,MMWL,B,,,,,MEDIA MATRIX WORLDWIDE LTD.,13.40,13.43,12.76,12.77,12.76,12.81,,12.89,,,400,5322.00,23,F1,1,,,,,
2026-09-18,2026-09-18,CM,BSE,STK,512277,INE340U01010,AUTOINT,X,,,,,AUTORIDERS INTERNATIONAL LTD.,229.65,237.35,225.55,225.55,225.55,237.40,,225.55,,,1783,402968.00,92,F1,1,,,,,
2026-09-18,2026-09-18,CM,BSE,STK,512296,INE458B01036,BHAGYANGR,B,,,,,BHAGYANAGAR INDIA LTD.,464.00,469.80,439.50,446.35,444.10,447.45,,446.68,,,37304,16863995.00,1306,F1,1,,,,,
2026-09-18,2026-09-18,CM,BSE,STK,512301,INE417N01011,CHMBBRW,XT,,,,,CHAMBAL BREWERIES & DISTILLERI,37.80,39.59,37.20,39.58,39.58,37.71,,39.58,,,13533,524379.00,70,F1,1,,,,,
2026-09-18,2026-09-18,CM,BSE,STK,512329,INE385F01024,SGMART,B,,,,,SG MART LIMITED,720.10,749.80,714.05,732.90,728.35,711.40,,733.54,,,8447,6229049.00,340,F1,1,,,,,
2026-09-18,2026-09-18,CM,BSE,STK,512344,INE068C01015,ARAVALIS,X,,,,,ARAVALI SECURITIES & FINANCE L,4.76,4.78,4.76,4.78,4.78,4.72,,4.78,,,89,423.00,3,F1,1,,,,,
2026-09-18,2026-09-18,CM,BSE,STK,512345,INE745A01012,LEXGLOBAL,XT,,,,,LEXORA GLOBAL LIMITED,107.80,118.75,107.80,109.80,108.00,113.10,,109.80,,,62,6803.00,7,F1,1,,,,,
2026-09-18,2026-09-18,CM,BSE,STK,512359,INE093G01022,SWORDEDGE,X,,,,,SWORD-EDGE COMMERCIALS LIMITED,0.33,0.41,0.32,0.32,0.32,0.39,,0.32,,,15895470,5347445.00,1472,F1,1,,,,,
2026-09-18,2026-09-18,CM,BSE,STK,512361,INE108G01010,CUPIDALBV,X,,,,,CUPID BREWERIES AND DISTILLERI,23.01,24.38,22.30,22.66,22.61,23.47,,22.66,,,211597,4839180.00,759,F1,1,,,,,
2026-09-18,2026-09-18,CM,BSE,STK,512379,INE716D01033,CRSL,T,,,,,CRESSANDA RAILWAY SOLUTIONS LI,2.40,2.54,2.40,2.46,2.46,2.48,,2.45,,,89272,220368.00,144,F1,1,,,,,
2026-09-18,2026-09-18,CM,BSE,STK,512393,INE037B01020,SHARDUL,T,,,,,SHARDUL SECURITIES LTD.,54.30,54.30,54.17,54.17,54.17,54.00,,55.00,,,300,16277.00,2,F1,1,,,,,
2026-09-18,2026-09-18,CM,BSE,STK,512399,INE017I01027,SERA,X,,,,,SERA INVESTMENTS & FINANCE IND,57.33,59.90,57.05,59.08,59.08,58.40,,59.08,,,29910,1742833.00,222,F1,1,,,,,
2026-09-18,2026-09-18,CM,BSE,STK,512415,INE319T01016,MERCTRD,X,,,,,MERCURY TRADE LINKS LTD.,3.76,4.00,3.73,3.99,3.99,3.76,,3.99,,,30391,118865.00,90,F1,1,,,,,
2026-09-18,2026-09-18,CM,BSE,STK,512425,INE242B01018,NIRAVCOM,X,,,,,NIRAV COMMERCIALS LTD.,675.00,675.00,625.00,625.50,625.00,651.15,,625.50,,,11,6930.00,4,F1,1,,,,,
2026-09-18,2026-09-18,CM,BSE,STK,512437,INE412D01013,APOLLOFI,XT,,,,,APOLLO FINVEST (INDIA) LTD.,523.75,523.85,513.45,514.75,513.45,513.45,,514.75,,,141,73320.00,17,F1,1,,,,,
2026-09-18,2026-09-18,CM,BSE,STK,512441,INE993I01029,ENBETRD,X,,,,,Enbee Trade &amp; Finance Ltd,0.28,0.29,0.27,0.28,0.27,0.28,,0.28,,,9040330,2583867.00,517,F1,1,,,,,
2026-09-18,2026-09-18,CM,BSE,STK,512443,INE162L01017,GANONPRO,X,,,,,Ganon Products Limited,7.69,7.69,7.05,7.23,7.25,7.42,,7.23,,,61313,446600.00,46,F1,1,,,,,
2026-09-18,2026-09-18,CM,BSE,STK,512455,INE281B01032,LLOYDSME,A,,,,,LLOYDS METALS AND ENERGY LTD.,1800.70,1831.90,1800.70,1827.95,1825.00,1804.10,,1826.73,,,11061,20139884.00,1081,F1,1,,,,,
2026-09-18,2026-09-18,CM,BSE,STK,512463,INE080I01025,LLOYDSENT,A,,,,,LLOYDS ENTERPRISES LIMITED,66.78,69.60,66.78,68.79,68.60,67.04,,68.84,,,144056,9878316.00,979,F1,1,,,,,
2026-09-18,2026-09-18,CM,BSE,STK,512477,INE765L01017,BETXIND,X,,,,,BETEX INDIA LTD.,483.85,483.85,470.00,473.30,470.00,485.85,,473.30,,,65,30813.00,5,F1,1,,,,,
2026-09-18,2026-09-18,CM,BSE,STK,512489,INE876A01023,OASISEC,XT,,,,,OASIS SECURITIES LTD.,16.99,17.00,16.22,16.40,16.26,16.53,,16.40,,,44129,749447.00,29,F1,1,,,,,
2026-09-18,2026-09-18,CM,BSE,STK,512493,INE590B01010,GARNETINT,X,,,,,GARNET INTERNATIONAL LTD.,55.53,58.00,55.20,57.51,58.00,56.00,,57.51,,,1271,71655.00,26,F1,1,,,,,
2026-09-18,2026-09-18,CM,BSE,STK,512499,INE435E01020,SHALPRO,XT,,,,,SHALIMAR PRODUCTIONS LTD.,0.27,0.27,0.26,0.26,0.26,0.27,,0.26,,,1846204,480368.00,376,F1,1,,,,,
2026-09-18,2026-09-18,CM,BSE,STK,512519,INE668D01028,DONEAR,B,,,,,DONEAR INDUSTRIES LTD.,83.07,83.62,83.07,83.15,83.50,82.66,,83.69,,,562,46751.00,14,F1,1,,,,,
2026-09-18,2026-09-18,CM,BSE,STK,512527,INE091C01017,SUPER,XT,,,,,SUPER SALES INDIA LTD.,1200.00,1217.00,1200.00,1205.00,1205.00,1200.10,,1205.00,,,228,275922.00,15,F1,1,,,,,
2026-09-18,2026-09-18,CM,BSE,STK,512529,INE807F01027,VIYASH,A,,,,,VIYASH SCIENTIFIC LIMITED,246.00,251.10,245.75,249.90,249.90,244.80,,249.66,,,70642,17555966.00,967,F1,1,,,,,
2026-09-18,2026-09-18,CM,BSE,STK,512531,INE655A01013,STCINDIA,B,,,,,STATE TRADING CORPORATION OF I,112.40,113.50,112.00,112.40,112.00,110.55,,111.58,,,144,16177.00,14,F1,1,,,,,
2026-09-18,2026-09-18,CM,BSE,STK,512559,INE080B01012,KOHINOOR,B,,,,,KOHINOOR FOODS LTD.,31.98,32.66,30.33,30.65,30.88,31.23,,30.55,,,4544,141960.00,300,F1,1,,,,,
2026-09-18,2026-09-18,CM,BSE,STK,512573,INE871C01038,AVANTIFEED,A,,,,,AVANTI FEEDS LTD.,774.50,778.00,754.90,774.05,774.05,771.05,,774.43,,,32295,24794785.00,2800,F1,1,,,,,
2026-09-18,2026-09-18,CM,BSE,STK,512587,INE077B01018,ZODJRDMKJ,X,,,,,ZODIAC-JRD-MKJ LTD.,36.89,36.90,36.11,36.51,36.30,36.95,,36.51,,,2355,86167.00,40,F1,1,,,,,
2026-09-18,2026-09-18,CM,BSE,STK,512589,INE579D01019,SITAENT,X,,,,,SITA ENTERPRISES LTD.,130.00,130.00,126.00,126.00,126.00,124.85,,126.00,,,138,17432.00,7,F1,1,,,,,
2026-09-18,2026-09-18,CM,BSE,STK,512591,INE183U01022,PULSRIN,X,,,,,PULSAR INTERNATIONAL LTD.,0.39,0.41,0.38,0.41,0.41,0.39,,0.41,,,2663495,1074996.00,480,F1,1,,,,,
2026-09-18,2026-09-18,CM,BSE,STK,512595,INE348N01042,KDGREEN,B,,,,,KD Green Industries Limited,49.71,49.75,49.71,49.75,49.75,48.83,,49.35,,,851,42337.00,313,F1,1,,,,,
2026-09-18,2026-09-18,CM,BSE,STK,512597,INE681C01015,KEYFINSERV,B,,,,,KEYNOTE FINANCIAL SERVICES LIM,245.90,245.90,239.00,239.00,239.00,239.00,,245.95,,,38,9281.00,21,F1,1,,,,,
2026-09-18,2026-09-18,CM,BSE,STK,512599,INE423A01024,ADANIENT,A,,,,,ADANI ENTERPRISES LTD.,2935.00,3005.80,2924.55,2999.10,2999.10,2926.55,,3019.97,,,58067,172188619.00,4562,F1,1,,,,,
2026-09-18,2026-09-18,CM,BSE,STK,512600,INE307N01014,ASTALLTD,X,,,,,ASTAL LABORATORIES LIMITED,73.50,73.50,69.60,70.00,69.60,73.00,,70.00,,,20650,1460081.00,139,F1,1,,,,,
2026-09-18,2026-09-18,CM,BSE,STK,512608,INE474E01029,BHANDARI,B,,,,,BHANDARI HOSIERY EXPORTS LTD.,2.98,3.02,2.95,2.98,2.98,2.97,,2.98,,,22789,67934.00,37,F1,1,,,,,
2026-09-18,2026-09-18,CM,BSE,STK,512618,INE629C01014,RLF,X,,,,,RLF LTD.,10.80,10.80,10.50,10.50,10.50,9.00,,10.50,,,1281,13565.00,20,F1,1,,,,,
2026-09-18,2026-09-18,CM,BSE,STK,512624,INE769D01016,REGENTRP,X,,,,,Regent Enterprises Limited,5.30,5.50,4.85,5.29,5.32,5.37,,5.29,,,23786,122264.00,104,F1,1,,,,,
2026-09-18,2026-09-18,CM,BSE,STK,512626,INE231G01010,ORBTEXP,T,,,,,ORBIT EXPORTS LTD.,224.20,233.00,224.20,233.00,233.00,224.20,,229.88,,,5,1144.00,4,F1,1,,,,,
2026-09-18,2026-09-18,CM,BSE,STK,512634,INE104E01014,SAVERA,X,,,,,SAVERA INDUSTRIES LTD.,164.90,164.90,158.00,159.95,158.00,161.00,,159.95,,,3440,551101.00,37,F1,1,,,,,
2026-09-18,2026-09-18,CM,BSE,STK,513005,INE114E01013,CHROME,X,,,,,Chrome Silicon Limited,43.00,46.00,38.01,42.35,42.50,41.50,,42.35,,,6909,291801.00,46,F1,1,,,,,
2026-09-18,2026-09-18,CM,BSE,STK,513023,INE725A01030,NAVA,A,,,,,NAVA LIMITED,550.70,571.45,549.60,562.25,561.20,547.00,,562.30,,,47102,26660421.00,1550,F1,1,,,,,
2026-09-18,2026-09-18,CM,BSE,STK,513043,INE158G01015,REMIEDEL,X,,,,,REMI EDELSTAHL TUBULARS LIMITE,259.25,259.25,253.75,256.45,256.00,259.25,,256.45,,,1629,417299.00,43,F1,1,,,,,
2026-09-18,2026-09-18,CM,BSE,STK,513059,INE736H01024,GSAUTO,XT,,,,,G.S.AUTO INTERNATIONAL LTD.,19.50,20.45,18.54,18.55,18.54,19.51,,18.55,,,6978,131622.00,91,F1,1,,,,,
2026-09-18,2026-09-18,CM,BSE,STK,513063,INE360D01014,TRANSFRE,X,,,,,TRANS-FREIGHT CONTAINERS LTD.,21.29,21.29,18.50,19.79,19.79,19.89,,19.79,,,8525,159826.00,41,F1,1,,,,,
2026-09-18,2026-09-18,CM,BSE,STK,513097,INE386D01027,SBCL,B,,,,,SHIVALIK BIMETAL CONTROLS LTD.,1071.00,1106.60,1071.00,1095.40,1096.20,1092.85,,1096.14,,,6894,7563376.00,682,F1,1,,,,,
2026-09-18,2026-09-18,CM,BSE,STK,513108,INE524B01027,GANDHITUBE,B,,,,,GANDHI SPECIAL TUBES LTD.,891.00,912.35,880.00,896.15,902.90,890.90,,899.16,,,330,293599.00,63,F1,1,,,,,
2026-09-18,2026-09-18,CM,BSE,STK,513117,INE991A01020,AMFORG,X,,,,,AMFORGE INDUSTRIES LTD.,5.46,5.60,5.31,5.58,5.58,5.52,,5.58,,,323,1744.00,12,F1,1,,,,,
2026-09-18,2026-09-18,CM,BSE,STK,513119,INE173M01012,ONIXSOLAR,B,,,,,ONIX SOLAR ENERGY LIMITED,356.80,356.80,356.80,356.80,356.80,375.55,,356.81,,,89557,31953937.00,83,F1,1,,,,,
2026-09-18,2026-09-18,CM,BSE,STK,513121,INE730A01022,ORICONENT,B,,,,,ORICON ENTERPRISES LTD.,51.09,52.40,51.09,52.40,52.40,51.16,,52.74,,,179,9331.00,60,F1,1,,,,,
2026-09-18,2026-09-18,CM,BSE,STK,513149,INE950D01012,ACROW,X,,,,,ACROW INDIA LTD.,768.00,768.00,745.00,755.00,755.00,768.90,,755.00,,,22,16536.00,3,F1,1,,,,,
2026-09-18,2026-09-18,CM,BSE,STK,513173,INE205F01016,STLSTRINF,B,,,,,STEEL STRIPS INFRASTRUCTURES L,25.90,25.90,23.14,23.30,23.30,25.69,,23.41,,,3430,83133.00,80,F1,1,,,,,
2026-09-18,2026-09-18,CM,BSE,STK,513228,INE932A01024,PENIND,A,,,,,PENNAR INDUSTRIES LTD.,171.75,172.65,168.80,171.50,172.65,170.35,,171.44,,,12288,2100379.00,310,F1,1,,,,,
2026-09-18,2026-09-18,CM,BSE,STK,513250,INE197A01024,JYOTISTRUC,B,,,,,JYOTI STRUCTURES LTD.,9.17,9.44,9.05,9.32,9.32,9.12,,9.29,,,511383,4700501.00,419,F1,1,,,,,
2026-09-18,2026-09-18,CM,BSE,STK,513252,INE289D01015,JAYUSH,X,,,,,JAY USHIN LTD.,858.80,858.80,833.20,856.85,857.15,827.35,,856.85,,,15,12782.00,8,F1,1,,,,,
2026-09-18,2026-09-18,CM,BSE,STK,513262,INE802C01033,SSWL,B,,,,,STEEL STRIPS WHEELS LTD.,350.45,378.95,350.45,372.35,372.00,348.30,,372.39,,,101678,37763589.00,2300,F1,1,,,,,
2026-09-18,2026-09-18,CM,BSE,STK,513269,INE993A01026,MANINDS,B,,,,,MAN INDUSTRIES (INDIA) LTD.,825.45,859.20,822.65,851.75,851.75,822.65,,851.56,,,52363,44012469.00,1802,F1,1,,,,,
2026-09-18,2026-09-18,CM,BSE,STK,513295,INE611C01020,IMEC,X,,,,,IMEC SERVICES LIMITED,100.65,101.00,98.50,98.90,100.00,100.65,,98.90,,,1335,132411.00,36,F1,1,,,,,
2026-09-18,2026-09-18,CM,BSE,STK,513303,INE001F01019,MDRNSTL,X,,,,,MODERN STEELS LTD.,14.27,15.20,14.27,15.15,15.15,14.34,,15.15,,,91,1332.00,14,F1,1,,,,,
2026-09-18,2026-09-18,CM,BSE,STK,513307,INE363L01045,BELDING,X,,,,,BELDING INDIA LIMITED,975.00,990.00,965.00,984.75,990.00,969.00,,984.75,,,9809,9623868.00,93,F1,1,,,,,
2026-09-18,2026-09-18,CM,BSE,STK,513337,INE145J01032,GUJTLRM,B,,,,,GUJARAT TOOLROOM LTD.,0.43,0.44,0.42,0.44,0.44,0.43,,0.44,,,6057777,2594376.00,1491,F1,1,,,,,
2026-09-18,2026-09-18,CM,BSE,STK,513343,INE534A01028,GFSTEELS,T,,,,,GRAND FOUNDRY LTD.,22.59,22.59,22.59,22.59,22.59,21.52,,24.02,,,10,225.00,1,F1,1,,,,,
2026-09-18,2026-09-18,CM,BSE,STK,513349,INE298G01035,AJMERA,B,,,,,AJMERA REALTY & INFRA INDIA LT,113.65,116.50,113.10,115.60,114.85,113.80,,115.60,,,10166,1170012.00,354,F1,1,,,,,
2026-09-18,2026-09-18,CM,BSE,STK,513353,INE105D01013,COCHINM,X,,,,,COCHIN MINERALS & RUTILE LTD.,306.00,312.95,303.30,305.20,305.20,311.00,,305.20,,,13322,4098918.00,259,F1,1,,,,,
2026-09-18,2026-09-18,CM,BSE,STK,513361,INE072A01029,INDIAHOMES,X,,,,,India Homes Limited,27.00,27.80,26.20,27.34,27.25,26.63,,27.34,,,593114,15828502.00,428,F1,1,,,,,
2026-09-18,2026-09-18,CM,BSE,STK,513369,INE013J01016,KVFORGE,XT,,,,,KRISHANVEER FORGE LIMITED,131.00,133.00,128.05,133.00,133.00,134.00,,133.00,,,412,53771.00,12,F1,1,,,,,
2026-09-18,2026-09-18,CM,BSE,STK,513375,INE120A01034,CARBORUNIV,A,,,,,CARBORUNDUM UNIVERSAL LTD.,1080.65,1142.35,1080.00,1125.65,1134.00,1083.65,,1124.46,,,33379,37368745.00,2791,F1,1,,,,,
2026-09-18,2026-09-18,CM,BSE,STK,513377,INE123F01029,MMTC,B,,,,,MMTC LTD.,60.25,60.82,60.00,60.21,60.30,60.10,,60.26,,,72949,4396479.00,394,F1,1,,,,,
2026-09-18,2026-09-18,CM,BSE,STK,513397,INE457E01016,VALLABHSQ,XT,,,,,VALLABH STEELS LTD.,10.68,10.68,10.06,10.06,10.06,10.58,,10.06,,,220,2219.00,3,F1,1,,,,,
2026-09-18,2026-09-18,CM,BSE,STK,513418,INE728B01032,SMFIL,XT,,,,,SMITHS & FOUNDERS (INDIA) LIMI,9.73,9.73,9.26,9.26,9.26,9.74,,9.26,,,23083,213913.00,42,F1,1,,,,,
2026-09-18,2026-09-18,CM,BSE,STK,513430,INE501L01024,MAITRI,XT,,,,,Maitri Enterprises Limited,37.32,37.50,37.32,37.50,37.50,37.50,,37.50,,,50,1869.00,2,F1,1,,,,,
2026-09-18,2026-09-18,CM,BSE,STK,513436,INE640C01011,SHAHALLOYS,T,,,,,SHAH ALLOYS LTD.,97.00,97.00,92.25,92.70,92.50,93.00,,92.51,,,721,68573.00,10,F1,1,,,,,
2026-09-18,2026-09-18,CM,BSE,STK,513452,INE594D01018,ELANGO,XT,,,,,ELANGO INDUSTRIES LTD.,12.50,12.50,12.50,12.50,12.50,12.75,,12.50,,,1,12.00,1,F1,1,,,,,
2026-09-18,2026-09-18,CM,BSE,STK,513456,INE791E01018,KANSHST,X,,,,,KANISHK STEEL INDUSTRIES LTD.,45.00,45.00,43.24,44.45,44.45,45.50,,44.45,,,1926,85027.00,14,F1,1,,,,,
2026-09-18,2026-09-18,CM,BSE,STK,513460,INE257F01017,MAHALXSE,Z,,,,,MAHALAXMI SEAMLESS LTD.,7.86,7.87,7.86,7.86,7.86,7.85,,7.86,,,1574,12372.00,7,F1,1,,,,,
2026-09-18,2026-09-18,CM,BSE,STK,513472,INE658D01029,SIMPLEXCAS,X,,,,,SIMPLEX CASTINGS LTD.,115.50,127.40,113.00,126.05,126.05,114.85,,126.05,,,625365,75918178.00,2065,F1,1,,,,,
2026-09-18,2026-09-18,CM,BSE,STK,513488,INE387D01025,SSWRL,XT,,,,,SHREE STEEL WIRE ROPES LTD.,23.80,25.00,23.80,25.00,25.00,24.99,,25.00,,,156,3778.00,5,F1,1,,,,,
2026-09-18,2026-09-18,CM,BSE,STK,513496,INE235U01012,SIZEMASTER,XT,,,,,SIZEMASTERS TECHNOLOGY LIMITED,350.00,369.00,341.05,366.40,366.00,357.00,,366.40,,,1135,414131.00,53,F1,1,,,,,
2026-09-18,2026-09-18,CM,BSE,STK,513498,INE308N01012,SOUTHMG,X,,,,,SOUTHERN MAGNESIUM & CHEMICALS,77.75,78.13,73.02,73.73,73.02,75.89,,73.73,,,1285,97185.00,18,F1,1,,,,,
2026-09-18,2026-09-18,CM,BSE,STK,513502,INE927K01023,BAROEXT,X,,,,,BARODA EXTRUSION LTD.,9.86,10.20,9.50,9.86,9.85,9.67,,9.86,,,197939,1942130.00,310,F1,1,,,,,
2026-09-18,2026-09-18,CM,BSE,STK,513509,INE314G01014,KALYANIFRG,T,,,,,KALYANI FORGE LTD.,1024.90,1024.90,973.70,977.95,977.95,1024.90,,975.37,,,440,430251.00,40,F1,1,,,,,
2026-09-18,2026-09-18,CM,BSE,STK,513511,INE798F01010,PANCHMAHQ,B,,,,,PANCHMAHAL STEEL LTD.,303.15,303.15,290.00,302.75,302.75,299.70,,300.58,,,280,83995.00,20,F1,1,,,,,
2026-09-18,2026-09-18,CM,BSE,STK,513513,INE570B01012,ADITYA,X,,,,,ADITYA ISPAT LTD.,9.30,9.30,8.10,8.10,8.10,8.10,,8.10,,,4757,38553.00,46,F1,1,,,,,
2026-09-18,2026-09-18,CM,BSE,STK,513517,INE124E01038,STEELCAS,B,,,,,STEELCAST LTD.,308.00,323.20,308.00,321.05,323.20,302.00,,319.95,,,6298,1988438.00,268,F1,1,,,,,
2026-09-18,2026-09-18,CM,BSE,STK,513519,INE450D01021,PITTIENG,B,,,,,PITTI ENGINEERING LIMITED,1126.05,1177.75,1126.05,1144.85,1156.00,1132.00,,1146.04,,,8242,9520271.00,685,F1,1,,,,,
2026-09-18,2026-09-18,CM,BSE,STK,513528,INE741B01027,GLITTEKG,XT,,,,,GLITTEK GRANITES LTD.,71.06,72.50,71.06,71.40,71.40,72.50,,71.40,,,1619,116543.00,20,F1,1,,,,,
2026-09-18,2026-09-18,CM,BSE,STK,513532,INE770A01010,PRADPME,T,,,,,PRADEEP METALS LTD.,454.00,456.00,454.00,456.00,456.00,455.00,,453.71,,,136,61845.00,8,F1,1,,,,,
2026-09-18,2026-09-18,CM,BSE,STK,513536,INE207H01018,GNRL,B,,,,,GUJARAT NATURAL RESOURCES LIMI,101.40,103.90,97.30,98.77,98.10,101.15,,98.47,,,33132,3321076.00,2053,F1,1,,,,,
2026-09-18,2026-09-18,CM,BSE,STK,513540,INE176E01012,TNSTLTU,P,,,,,TAMILNADU STEEL TUBES LTD.,31.01,31.01,31.01,31.01,31.01,30.90,,31.01,,,100,3101.00,1,F1,100,,,,,
2026-09-18,2026-09-18,CM,BSE,STK,513544,INE277E01026,MSCTC,XT,,,,,MARDIA SAMYOUNG CAPILLARY TUBE,59.00,60.10,58.99,60.10,60.10,59.00,,60.10,,,794,46847.00,14,F1,1,,,,,
2026-09-18,2026-09-18,CM,BSE,STK,513548,INE385M01012,SHRDAIS,X,,,,,SHARDA ISPAT LTD.,141.15,141.15,141.15,141.15,141.15,141.15,,141.15,,,5,705.00,1,F1,1,,,,,
2026-09-18,2026-09-18,CM,BSE,STK,513554,INE451L01014,MAHASTEEL,T,,,,,MAHAMAYA STEEL INDUSTRIES LTD.,1142.00,1142.00,1127.55,1127.55,1127.55,1186.85,,1133.38,,,715,808893.00,49,F1,1,,,,,
2026-09-18,2026-09-18,CM,BSE,STK,513566,INE608C01026,NOVIS,XT,,,,,NOVA IRON & STEEL LTD.,13.49,13.49,12.82,12.83,13.05,13.49,,12.83,,,6504,83742.00,65,F1,1,,,,,
2026-09-18,2026-09-18,CM,BSE,STK,513575,INE067E01013,STERPOW,X,,,,,STERLING POWERGENSYS LTD,25.20,25.20,24.61,24.81,24.88,25.90,,24.81,,,19764,489903.00,121,F1,1,,,,,
2026-09-18,2026-09-18,CM,BSE,STK,513599,INE531E01026,HINDCOPPER,A,,,,,HINDUSTAN COPPER LTD.,490.20,499.20,487.05,497.55,497.55,485.50,,497.41,,,453162,223883029.00,9018,F1,1,,,,,
2026-09-18,2026-09-18,CM,BSE,STK,513629,INE463D01016,TULSYAN,X,,,,,TULSYAN NEC LTD.,27.00,28.90,26.60,28.43,28.70,27.64,,28.43,,,3153,86339.00,33,F1,1,,,,,
2026-09-18,2026-09-18,CM,BSE,STK,513642,INE197C01012,AXELPOLY,X,,,,,AXEL POLYMERS LTD.,50.90,50.90,43.02,43.23,43.23,46.21,,43.23,,,174,8280.00,10,F1,1,,,,,
2026-09-18,2026-09-18,CM,BSE,STK,513683,INE589A01014,NLCINDIA,A,,,,,NLC India Limited,264.50,269.75,262.90,268.55,268.55,262.45,,268.78,,,124133,33167346.00,3074,F1,1,,,,,
2026-09-18,2026-09-18,CM,BSE,STK,513687,INE848B01012,SPECTRA,Z,,,,,SPECTRA INDUSTRIES LTD.,3.61,3.97,3.61,3.89,3.89,3.79,,3.89,,,723,2727.00,10,F1,1,,,,,
2026-09-18,2026-09-18,CM,BSE,STK,513693,INE434C01027,KAJARIR,X,,,,,KIC METALIKS LTD.,31.74,33.15,31.61,31.95,31.61,32.39,,31.95,,,4997,162231.00,28,F1,1,,,,,
2026-09-18,2026-09-18,CM,BSE,STK,513699,INE584G01012,SOLIDSTON,X,,,,,SOLID STONE COMPANY LTD.,26.98,26.98,26.40,26.40,26.40,25.04,,26.40,,,12,317.00,3,F1,1,,,,,
2026-09-18,2026-09-18,CM,BSE,STK,513709,INE960A01017,SHILGRAVQ,B,,,,,SHILP GRAVURES LTD.,164.00,164.55,152.30,154.60,156.00,156.10,,154.68,,,471,72393.00,26,F1,1,,,,,
2026-09-18,2026-09-18,CM,BSE,STK,513713,INE146C01019,WHITEORG,X,,,,,White Organic Agro Limited,3.36,3.38,3.30,3.33,3.33,3.31,,3.33,,,9776,32520.00,53,F1,1,,,,,
2026-09-18,2026-09-18,CM,BSE,STK,513721,INE614F01019,MFSINTRCRP,X,,,,,MFS INTERCORP LTD.,13.39,13.39,13.39,13.39,13.39,14.09,,13.39,,,244,3267.00,2,F1,1,,,,,
2026-09-18,2026-09-18,CM,BSE,STK,514010,INE723D01021,RUDRAECO,XT,,,,,RUDRA ECOVATION LIMITED,22.00,22.00,22.00,22.00,22.00,20.96,,22.00,,,188272,4141984.00,80,F1,1,,,,,
2026-09-18,2026-09-18,CM,BSE,STK,514028,INE376L01013,RAJKSYN,X,,,,,RAJKAMAL SYNTHETICS LTD.,23.00,23.00,18.20,20.99,20.99,21.20,,20.99,,,124,2465.00,8,F1,1,,,,,
2026-09-18,2026-09-18,CM,BSE,STK,514030,INE272C01013,DEEPAKSP,X,,,,,DEEPAK SPINNERS LTD.,139.00,149.00,137.70,141.50,144.95,139.25,,141.50,,,3836,546849.00,102,F1,1,,,,,
2026-09-18,2026-09-18,CM,BSE,STK,514036,INE970D01010,LOYALTEX,B,,,,,LOYAL TEXTILE MILLS LTD.,202.15,222.45,201.00,203.00,203.00,205.10,,203.00,,,452,91141.00,39,F1,1,,,,,
2026-09-18,2026-09-18,CM,BSE,STK,514043,INE049A01027,HIMATSEIDE,B,,,,,HIMATSINGKA SEIDE LTD.,64.28,65.52,63.00,64.72,64.72,63.72,,64.66,,,26594,1712901.00,460,F1,1,,,,,
2026-09-18,2026-09-18,CM,BSE,STK,514060,INE229N01010,NEWTRAC,XT,,,,,NEWTRAC FOODS & BEVERAGES LIMI,4.30,4.30,3.95,4.19,4.20,4.15,,4.19,,,27962,114016.00,145,F1,1,,,,,
2026-09-18,2026-09-18,CM,BSE,STK,514087,INE501F01018,PBMPOLY,B,,,,,PBM POLYTEX LTD.,64.90,64.90,59.00,60.30,60.30,59.85,,65.00,,,723,43645.00,9,F1,1,,,,,
2026-09-18,2026-09-18,CM,BSE,STK,514113,INE207C01019,ADINATH,X,,,,,ADINATH TEXTILES LTD.,22.34,22.94,22.34,22.50,22.50,22.34,,22.50,,,224,5101.00,9,F1,1,,,,,
2026-09-18,2026-09-18,CM,BSE,STK,514138,INE132C01027,SURYALA,B,,,,,SURYALATA SPINNING MILLS LTD.,400.00,400.00,400.00,400.00,400.00,404.40,,397.50,,,1001,400400.00,2,F1,1,,,,,
2026-09-18,2026-09-18,CM,BSE,STK,514142,INE592B01024,TTL,B,,,,,T T LTD.,7.47,7.50,6.90,7.27,7.28,7.09,,7.25,,,8885,64425.00,62,F1,1,,,,,
2026-09-18,2026-09-18,CM,BSE,STK,514162,INE192B01031,WELSPUNLIV,A,,,,,WELSPUN LIVING LIMITED,212.75,215.85,211.25,214.65,214.35,212.00,,214.66,,,199002,42592633.00,2672,F1,1,,,,,
2026-09-18,2026-09-18,CM,BSE,STK,514165,INE862B01013,INDIANACRY,X,,,,,INDIAN ACRYLICS LTD.,5.80,5.95,5.78,5.93,5.94,5.80,,5.93,,,7870,46241.00,42,F1,1,,,,,
2026-09-18,2026-09-18,CM,BSE,STK,514167,INE845D01014,GANECOS,B,,,,,GANESHA ECOSPHERE LTD.,989.35,1011.55,986.75,997.60,997.10,988.70,,1001.82,,,2192,2187926.00,209,F1,1,,,,,
2026-09-18,2026-09-18,CM,BSE,STK,514171,INE760J01012,CEETAIN,X,,,,,CEETA INDUSTRIES LTD.,38.50,38.50,38.40,38.50,38.50,36.78,,38.50,,,279,10738.00,6,F1,1,,,,,
2026-09-18,2026-09-18,CM,BSE,STK,514175,INE835A01029,VARDMNPOLY,B,,,,,VARDHMAN POLYTEX LTD.,5.80,5.97,5.66,5.73,5.66,5.84,,5.70,,,60873,349971.00,223,F1,1,,,,,
2026-09-18,2026-09-18,CM,BSE,STK,514183,INE761G01016,BLACKROSE,T,,,,,BLACK ROSE INDUSTRIES LTD.,103.60,108.35,102.00,106.15,108.20,104.15,,106.39,,,3749,389255.00,79,F1,1,,,,,
2026-09-18,2026-09-18,CM,BSE,STK,514197,INE110Q01023,STCORP,X,,,,,S&T CORPORATION LTD.,4.38,4.38,4.16,4.20,4.20,4.19,,4.20,,,1234,5247.00,23,F1,1,,,,,
2026-09-18,2026-09-18,CM,BSE,STK,514211,INE235C01036,SUMEETINDS,B,,,,,SUMEET INDUSTRIES LTD.,9.25,9.62,9.25,9.43,9.61,9.38,,9.54,,,119586,1132288.00,234,F1,1,,,,,
2026-09-18,2026-09-18,CM,BSE,STK,514223,INE410D01017,RAMGOPOLY,XT,,,,,RAMGOPAL POLYTEX LTD.,27.00,27.00,27.00,27.00,27.00,27.29,,27.00,,,500,13500.00,2,F1,1,,,,,
2026-09-18,2026-09-18,CM,BSE,STK,514234,INE495C01010,SANGAMIND,B,,,,,SANGAM (INDIA) LTD.,577.85,581.85,577.55,580.85,578.05,581.90,,580.05,,,256,148622.00,57,F1,1,,,,,
2026-09-18,2026-09-18,CM,BSE,STK,514238,INE874A01010,MKVENTURES,X,,,,,MKVENTURES CAPITAL LIMITED,1128.00,1128.00,1022.00,1030.15,1025.00,1073.65,,1030.15,,,1046,1091086.00,56,F1,1,,,,,
2026-09-18,2026-09-18,CM,BSE,STK,514240,INE979D01011,KUSHIND,X,,,,,Kush Industries Limited,6.05,6.43,6.04,6.04,6.04,6.15,,6.04,,,1666,10131.00,18,F1,1,,,,,
2026-09-18,2026-09-18,CM,BSE,STK,514260,INE899E01019,SURBHIN,XT,,,,,SURBHI INDUSTRIES LTD.,95.73,104.49,94.55,98.39,98.15,99.52,,98.39,,,1892,191061.00,56,F1,1,,,,,
2026-09-18,2026-09-18,CM,BSE,STK,514264,INE707B01010,SEASONST,X,,,,,SEASONS TEXTILES LTD.,18.49,18.49,16.51,16.60,17.92,17.89,,16.60,,,367,6182.00,7,F1,1,,,,,
2026-09-18,2026-09-18,CM,BSE,STK,514266,INE106C01013,ZENIFIB,X,,,,,ZENITH FIBRES LTD.,55.50,56.00,54.00,56.00,56.00,55.00,,56.00,,,6002,335110.00,27,F1,1,,,,,
2026-09-18,2026-09-18,CM,BSE,STK,514272,INE436C01014,BHILSPIN,X,,,,,BHILWARA SPINNERS LTD.,124.60,129.00,123.50,129.00,129.00,124.60,,129.00,,,5110,631661.00,7,F1,1,,,,,
2026-09-18,2026-09-18,CM,BSE,STK,514274,INE273D01027,VGL,B,,,,,VARVEE GLOBAL LIMITED,67.74,67.74,66.15,66.15,66.15,65.84,,66.27,,,3308,219130.00,52,F1,1,,,,,
2026-09-18,2026-09-18,CM,BSE,STK,514280,INE589J01015,SANTETX,X,,,,,SANRHEA TECHNICAL TEXTILES LTD,160.00,161.00,156.00,156.65,156.65,159.55,,156.65,,,447,70659.00,8,F1,1,,,,,
2026-09-18,2026-09-18,CM,BSE,STK,514286,INE440A01010,ASHIMASYN,B,,,,,ASHIMA LTD.,16.40,16.60,15.45,15.73,15.80,16.12,,15.67,,,50721,789066.00,116,F1,1,,,,,
2026-09-18,2026-09-18,CM,BSE,STK,514300,INE156C01018,PIONEEREMB,B,,,,,PIONEER EMBROIDERIES LTD.,21.70,21.70,21.70,21.70,21.70,21.70,,21.95,,,3550,77035.00,31,F1,1,,,,,
2026-09-18,2026-09-18,CM,BSE,STK,514302,INE660D01017,VIPPYSP,X,,,,,VIPPY SPINPRO LTD.,174.00,187.40,174.00,186.90,186.90,182.50,,186.90,,,213,37266.00,10,F1,1,,,,,
2026-09-18,2026-09-18,CM,BSE,STK,514312,INE156E01014,JAIHIND,X,,,,,JAIHIND INDUSTRIES LIMITED,47.50,48.08,45.03,45.38,47.70,48.41,,45.38,,,35234,1658705.00,110,F1,1,,,,,
2026-09-18,2026-09-18,CM,BSE,STK,514316,INE969C01022,RAGHUSYN,X,,,,,RAGHUVIR SYNTHETICS LTD.,89.89,90.00,86.22,86.37,86.37,89.89,,86.37,,,3455,305573.00,32,F1,1,,,,,
2026-09-18,2026-09-18,CM,BSE,STK,514318,INE722N01014,JATTAINDUS,X,,,,,JATTASHANKAR INDUSTIES LTD.,580.00,580.00,580.00,580.00,580.00,580.00,,580.00,,,4,2320.00,1,F1,1,,,,,
2026-09-18,2026-09-18,CM,BSE,STK,514322,INE535C01013,KAMADGIRI,X,,,,,KAMADGIRI FASHION LTD.,102.15,105.00,100.10,100.60,100.10,101.00,,100.60,,,180,18302.00,10,F1,1,,,,,
2026-09-18,2026-09-18,CM,BSE,STK,514324,INE814D01010,OMNITEX,X,,,,,OMNITEX INDUSTRIES (INDIA) LTD,796.00,796.00,742.75,742.85,742.75,761.60,,742.85,,,442,346943.00,13,F1,1,,,,,
2026-09-18,2026-09-18,CM,BSE,STK,514326,INE790C01014,PATSPINLTD,X,,,,,PATSPIN INDIA LTD.,6.33,6.33,5.81,6.32,6.32,6.21,,6.32,,,163,1031.00,4,F1,1,,,,,
2026-09-18,2026-09-18,CM,BSE,STK,514330,INE670O01013,ONEGLOBAL,B,,,,,ONE GLOBAL SERVICE PROVIDER LI,534.70,549.85,525.00,540.25,541.20,532.05,,538.99,,,2852,1525702.00,142,F1,1,,,,,
2026-09-18,2026-09-18,CM,BSE,STK,514332,INE216I01017,NEOINFRA,X,,,,,NEO INFRACON LTD.,37.07,52.17,37.07,40.93,42.99,43.50,,40.93,,,819,35126.00,34,F1,1,,,,,
2026-09-18,2026-09-18,CM,BSE,STK,514336,INE194N01016,CCME,X,,,,,CCME GLOBAL LIMITED,36.44,36.45,36.44,36.45,36.45,34.72,,36.45,,,3095,112812.00,8,F1,1,,,,,
2026-09-18,2026-09-18,CM,BSE,STK,514354,INE309M01020,PREMIERPOL,B,,,,,PREMIER POLYFILM LTD.,81.85,83.86,79.85,81.00,82.07,82.20,,81.40,,,4181,341275.00,115,F1,1,,,,,
2026-09-18,2026-09-18,CM,BSE,STK,514358,INE339D01034,EVERFIN,X,,,,,EVERLON FINANCIALS LIMITED,106.05,106.50,106.00,106.40,106.00,107.00,,106.40,,,578,61491.00,4,F1,1,,,,,
2026-09-18,2026-09-18,CM,BSE,STK,514360,INE078T01026,KRRAIL,X,,,,,K&R RAIL ENGINEERING LIMITED,20.88,21.45,19.99,20.57,20.97,20.39,,20.57,,,99045,2017418.00,570,F1,1,,,,,
2026-09-18,2026-09-18,CM,BSE,STK,514378,INE564C01013,YARNSYN,X,,,,,YARN SYNDICATE LTD.,13.46,13.46,12.74,12.80,12.80,13.46,,12.80,,,1330,17089.00,19,F1,1,,,,,
2026-09-18,2026-09-18,CM,BSE,STK,514386,INE004C01028,GUJCOTEX,X,,,,,GUJARAT COTEX LTD.,2.54,2.66,2.42,2.66,2.66,2.54,,2.66,,,2480594,6330446.00,675,F1,1,,,,,
2026-09-18,2026-09-18,CM,BSE,STK,514400,INE340D01016,GARWSYN,X,,,,,GARWARE SYNTHETICS LTD.,19.40,19.45,18.55,19.00,19.00,18.53,,19.00,,,3264,62364.00,25,F1,1,,,,,
2026-09-18,2026-09-18,CM,BSE,STK,514402,INE638N01012,ECOHOTELS,X,,,,,ECO HOTELS AND RESORTS LIMITED,12.17,12.74,11.85,12.31,11.91,12.14,,12.31,,,43059,525054.00,50,F1,1,,,,,
2026-09-18,2026-09-18,CM,BSE,STK,514414,INE114D01015,OXFORDIN,XT,,,,,OXFORD INDUSTRIES LTD.,14.88,14.89,14.88,14.88,14.88,15.18,,14.88,,,160,2380.00,11,F1,1,,,,,
2026-09-18,2026-09-18,CM,BSE,STK,514418,INE370D01013,MANORG,B,,,,,MANGALAM ORGANICS LIMITED,453.50,460.00,453.00,457.95,459.60,453.15,,456.96,,,208,94523.00,13,F1,1,,,,,
2026-09-18,2026-09-18,CM,BSE,STK,514440,INE439N01031,BPAGRI,B,,,,,Blue Pearl Agriventures Limite,7.76,7.76,7.16,7.19,7.16,7.53,,7.19,,,58411,421647.00,258,F1,1,,,,,
2026-09-18,2026-09-18,CM,BSE,STK,514442,INE009C01019,SRIKPRIND,T,,,,,SRI KPR INDUSTRIES LTD.,27.83,28.20,27.12,28.12,28.20,28.20,,28.00,,,3622,101323.00,24,F1,1,,,,,
2026-09-18,2026-09-18,CM,BSE,STK,514448,INE577D01013,JYOTIRES,B,,,,,JYOTI RESINS & ADHESIVES LTD.,833.50,845.05,832.20,842.45,842.80,839.90,,841.98,,,2826,2374269.00,244,F1,1,,,,,
2026-09-18,2026-09-18,CM,BSE,STK,514450,INE112D01035,MHLXMIRU,T,,,,,MAHALAXMI RUBTECH LTD.,149.35,155.55,149.00,155.55,155.55,149.35,,153.97,,,313,47293.00,5,F1,1,,,,,
2026-09-18,2026-09-18,CM,BSE,STK,514454,INE410M01018,SOUTLAT,XT,,,,,SOUTHERN LATEX LTD.,33.65,33.65,33.50,33.50,33.50,33.32,,33.50,,,49,1645.00,3,F1,1,,,,,
2026-09-18,2026-09-18,CM,BSE,STK,514470,INE837B01031,WINSOMTX,X,,,,,WINSOME TEXTILE INDUSTRIES LTD,81.60,83.82,79.99,80.86,81.35,81.49,,80.86,,,57539,4703147.00,51,F1,1,,,,,
2026-09-18,2026-09-18,CM,BSE,STK,515008,INE219W01012,MODINSU,XT,,,,,MODERN INSULATORS LTD.,450.90,465.25,443.05,463.00,463.75,443.10,,463.00,,,55496,25580680.00,688,F1,1,,,,,
2026-09-18,2026-09-18,CM,BSE,STK,515018,INE277C01012,REGENCERAM,B,,,,,REGENCY CERAMICS LTD.,31.45,35.55,31.20,34.65,34.65,35.20,,33.95,,,2506,80092.00,10,F1,1,,,,,
2026-09-18,2026-09-18,CM,BSE,STK,515030,INE439A01020,ASAHIINDIA,A,,,,,ASAHI INDIA GLASS LTD.,957.90,965.35,954.60,961.60,963.85,950.15,,961.06,,,2045,1964326.00,242,F1,1,,,,,
2026-09-18,2026-09-18,CM,BSE,STK,515037,INE692B01014,MURUDCERA,B,,,,,MURUDESHWAR CERAMICS LTD.,28.47,29.00,28.00,28.05,28.05,28.60,,28.26,,,10094,282921.00,193,F1,1,,,,,
2026-09-18,2026-09-18,CM,BSE,STK,515043,INE068B01017,SEKURITIND,B,,,,,SAINT-GOBAIN SEKURIT INDIA LTD,108.95,114.00,108.40,113.55,113.80,108.75,,113.46,,,15609,1756583.00,363,F1,1,,,,,
2026-09-18,2026-09-18,CM,BSE,STK,515055,INE242C01024,ANANTRAJ,A,,,,,ANANT RAJ LIMITED,594.70,607.15,594.70,606.25,607.00,597.00,,606.15,,,115411,69562814.00,3719,F1,1,,,,,
2026-09-18,2026-09-18,CM,BSE,STK,515059,INE469C01023,MADHUDIN,X,,,,,MADHUSUDAN INDUSTRIES LTD.,34.99,35.89,34.20,35.89,35.89,34.58,,35.89,,,200,7097.00,5,F1,1,,,,,
2026-09-18,2026-09-18,CM,BSE,STK,515085,INE298E01022,RESTILE,X,,,,,RESTILE CERAMICS LTD.,7.26,7.54,7.01,7.48,7.48,7.26,,7.48,,,808,5806.00,20,F1,1,,,,,
2026-09-18,2026-09-18,CM,BSE,STK,515093,INE925C01016,MADHAV,B,,,,,MADHAV MARBLES & GRANITES LTD.,35.19,38.45,35.19,36.06,36.15,34.37,,35.52,,,6594,242413.00,72,F1,1,,,,,
2026-09-18,2026-09-18,CM,BSE,STK,515147,INE506D01020,HALDYNGL,T,,,,,HALDYN GLASS LTD,143.50,143.75,140.05,141.80,142.85,142.80,,142.44,,,6428,911442.00,86,F1,1,,,,,
2026-09-18,2026-09-18,CM,BSE,STK,516003,INE932D01010,DUROPLY,X,,,,,DUROPLY INDUSTRIES LIMITED,111.00,112.99,107.50,107.80,107.50,111.00,,107.80,,,1054,114290.00,14,F1,1,,,,,
2026-09-18,2026-09-18,CM,BSE,STK,516016,INE231C01019,SHREYANIND,B,,,,,SHREYANS INDUSTRIES LTD.,129.95,132.05,129.95,131.20,131.25,126.05,,131.13,,,70,9210.00,8,F1,1,,,,,
2026-09-18,2026-09-18,CM,BSE,STK,516022,INE733A01018,STARPAPER,B,,,,,STAR PAPER MILLS LTD.,155.00,155.00,155.00,155.00,155.00,155.45,,158.82,,,7,1085.00,1,F1,1,,,,,
2026-09-18,2026-09-18,CM,BSE,STK,516030,INE551D01018,PAKKA,B,,,,,PAKKA LIMITED,77.60,79.66,77.36,78.62,78.30,77.59,,78.56,,,7974,625217.00,217,F1,1,,,,,
2026-09-18,2026-09-18,CM,BSE,STK,516032,INE385D01029,TAHMARENT,X,,,,,TAHMAR ENTERPRISES LIMITED,6.00,6.39,5.25,5.25,5.25,5.83,,5.25,,,541302,3101593.00,476,F1,1,,,,,
2026-09-18,2026-09-18,CM,BSE,STK,516038,INE737E01011,KSSMART,X,,,,,KS Smart Technologies Limited,112.20,116.00,107.00,115.75,113.65,110.50,,115.75,,,28274,3196217.00,170,F1,1,,,,,
2026-09-18,2026-09-18,CM,BSE,STK,516062,INE497C01016,NATPLY,Z,,,,,NATIONAL PLYWOOD INDUSTRIES LT,2.57,2.57,2.57,2.57,2.57,2.52,,2.57,,,51,131.00,1,F1,1,,,,,
2026-09-18,2026-09-18,CM,BSE,STK,516064,INE570D01018,ARROWGREEN,B,,,,,Arrow Greentech Limited,899.65,925.10,881.00,887.80,883.55,901.10,,889.22,,,2852,2569556.00,232,F1,1,,,,,
2026-09-18,2026-09-18,CM,BSE,STK,516072,INE270I01022,VISHNU,B,,,,,VISHNU CHEMICALS LTD.,715.85,726.50,710.90,721.90,724.85,708.70,,722.11,,,4970,3587991.00,394,F1,1,,,,,
2026-09-18,2026-09-18,CM,BSE,STK,516078,INE699D01015,JUMBO,XT,,,,,JUMBO BAG LTD.,91.60,91.60,89.99,89.99,89.99,89.80,,89.99,,,846,77068.00,15,F1,1,,,,,
2026-09-18,2026-09-18,CM,BSE,STK,516082,INE740D01017,NRAIL,B,,,,,N.R.AGARWAL INDUSTRIES LTD.,640.90,640.90,601.00,626.95,625.10,623.10,,625.80,,,3443,2107759.00,144,F1,1,,,,,
2026-09-18,2026-09-18,CM,BSE,STK,516092,INE105C01023,3PLAND,B,,,,,3P LAND HOLDINGS LTD.,30.00,30.00,30.00,30.00,30.00,30.17,,31.09,,,2,60.00,1,F1,1,,,,,
2026-09-18,2026-09-18,CM,BSE,STK,516096,INE384D01022,SANPA,X,,,,,SANGAL PAPERS LTD.,180.60,199.30,180.60,199.30,199.30,189.95,,199.30,,,570,113002.00,12,F1,1,,,,,
2026-09-18,2026-09-18,CM,BSE,STK,516098,INE810C01044,VENTURA,X,,,,,VENTURA TEXTILES LTD.,8.50,8.93,7.02,7.68,7.82,8.53,,7.68,,,39171,298305.00,85,F1,1,,,,,
2026-09-18,2026-09-18,CM,BSE,STK,516106,INE538D01015,SHKARTP,X,,,,,SHREE KARTHIK PAPERS LTD.,7.30,7.64,7.01,7.54,7.54,7.41,,7.54,,,7757,56439.00,33,F1,1,,,,,
2026-09-18,2026-09-18,CM,BSE,STK,516108,INE088G01014,STHINPA,X,,,,,SOUTH INDIA PAPER MILLS LTD.,120.30,121.50,117.50,117.75,117.75,122.75,,117.75,,,6493,770108.00,52,F1,1,,,,,
2026-09-18,2026-09-18,CM,BSE,STK,516110,INE146N01016,FAMILYCARE,X,,,,,FAMILY CARE HOSPITALS LIMITED,1.98,2.02,1.98,2.00,2.00,1.99,,2.00,,,48583,96969.00,145,F1,1,,,,,
2026-09-18,2026-09-18,CM,BSE,STK,517015,INE707A01012,VINDHYATEL,B,,,,,VINDHYA TELELINKS LTD.,2620.00,2680.90,2620.00,2657.95,2657.20,2639.55,,2659.97,,,1391,3693346.00,323,F1,1,,,,,
2026-09-18,2026-09-18,CM,BSE,STK,517035,INE302D01024,RIR,B,,,,,RIR POWER ELECTRONICS LIMITED,202.55,214.00,196.45,198.80,198.80,198.40,,198.93,,,1293773,268518545.00,10468,F1,1,,,,,
2026-09-18,2026-09-18,CM,BSE,STK,517041,INE045A01017,ADOR,B,,,,,ADOR WELDING LTD.,1602.85,1602.85,1570.00,1591.30,1591.80,1568.95,,1592.04,,,1412,2237539.00,155,F1,1,,,,,
2026-09-18,2026-09-18,CM,BSE,STK,517059,INE457F01013,SALZERELEC,B,,,,,SALZER ELECTRONICS LTD.,551.00,557.20,543.95,549.10,549.35,550.55,,550.35,,,5478,3003299.00,253,F1,1,,,,,
2026-09-18,2026-09-18,CM,BSE,STK,517063,INE919C01019,JETKINGQ,X,,,,,JETKING INFOTRAIN LTD.,120.80,128.75,120.80,125.80,124.05,124.00,,125.80,,,5879,729284.00,54,F1,1,,,,,
2026-09-18,2026-09-18,CM,BSE,STK,517077,INE115E01010,INDAGIV,XT,,,,,IND-AGIV COMMERCE LTD.,36.32,36.50,36.32,36.50,36.50,36.50,,36.50,,,285,10367.00,2,F1,1,,,,,
2026-09-18,2026-09-18,CM,BSE,STK,517096,INE273A01015,APLAB,X,,,,,APLAB LTD.,76.43,76.43,72.00,75.99,75.99,74.97,,75.99,,,691,52163.00,21,F1,1,,,,,
2026-09-18,2026-09-18,CM,BSE,STK,517119,INE834B01012,PCS,X,,,,,PCS TECHNOLOGY LTD.,19.74,19.74,17.00,18.15,18.00,18.86,,18.15,,,27932,506748.00,135,F1,1,,,,,
2026-09-18,2026-09-18,CM,BSE,STK,517146,INE228A01035,USHAMART,A,,,,,USHA MARTIN LTD.,496.55,510.00,494.25,506.75,505.50,496.15,,507.19,,,48886,24725405.00,2087,F1,1,,,,,
2026-09-18,2026-09-18,CM,BSE,STK,517168,INE287B01021,SUBROS,B,,,,,SUBROS LTD.,687.20,738.45,687.20,723.25,718.55,689.50,,720.56,,,5739,4130603.00,512,F1,1,,,,,
2026-09-18,2026-09-18,CM,BSE,STK,517170,INE125G01014,EDVENSWA,X,,,,,Edvenswa Enterprises Limited,21.31,21.59,21.11,21.44,21.44,21.64,,21.44,,,5261,111918.00,28,F1,1,,,,,
2026-09-18,2026-09-18,CM,BSE,STK,517172,INE443P01038,PERVASIVE,XT,,,,,Pervasive Commodities Limited,10.37,10.37,10.37,10.37,10.37,10.17,,10.37,,,495,5133.00,1,F1,1,,,,,
2026-09-18,2026-09-18,CM,BSE,STK,517174,INE671A01010,HONAUT,A,,,,,HONEYWELL AUTOMATION INDIA LTD,33925.00,36460.00,33925.00,35751.05,35200.00,33887.05,,35448.87,,,250,8888572.00,155,F1,1,,,,,
2026-09-18,2026-09-18,CM,BSE,STK,517201,INE311D01017,SWITCHTE,XT,,,,,SWITCHING TECHNOLOGIES GUNTHER,134.80,134.80,128.00,130.55,130.55,128.90,,130.55,,,2503,327148.00,27,F1,1,,,,,
2026-09-18,2026-09-18,CM,BSE,STK,517206,INE162B01018,LUMAXIND,B,,,,,LUMAX INDUSTRIES LTD.,5790.05,5900.00,5790.05,5862.30,5872.75,5724.10,,5851.07,,,427,2504596.00,148,F1,1,,,,,
2026-09-18,2026-09-18,CM,BSE,STK,517214,INE927C01020,DIGISPICE,B,,,,,DIGISPICE TECHNOLOGIES LIMITED,16.58,17.15,16.02,17.04,16.95,16.41,,16.99,,,38389,643480.00,176,F1,1,,,,,
2026-09-18,2026-09-18,CM,BSE,STK,517230,INE766A01026,AURIQUE,XT,,,,,AURIQUE LIMITED,25.27,25.27,25.27,25.27,25.27,24.07,,25.27,,,1,25.00,1,F1,1,,,,,
2026-09-18,2026-09-18,CM,BSE,STK,517236,INE216C01010,CALCOM,X,,,,,CALCOM VISION LTD.,71.40,71.40,68.00,68.08,69.59,70.00,,68.08,,,1502,102684.00,21,F1,1,,,,,
2026-09-18,2026-09-18,CM,BSE,STK,517238,INE083E01010,DYNAVSN,X,,,,,DYNAVISION LTD.,236.00,236.00,236.00,236.00,236.00,235.50,,236.00,,,1035,244260.00,1,F1,1,,,,,
2026-09-18,2026-09-18,CM,BSE,STK,517246,INE788D01016,BCCFUBA,XT,,,,,BCC FUBA INDIA LTD.,266.80,266.80,251.05,257.65,259.95,258.75,,257.65,,,16914,4329727.00,196,F1,1,,,,,
2026-09-18,2026-09-18,CM,BSE,STK,517258,INE143C01024,PRECISIO,XT,,,,,PRECISION ELECTRONICS LTD.,187.40,187.40,187.40,187.40,187.40,178.50,,187.40,,,2004,375549.00,36,F1,1,,,,,
2026-09-18,2026-09-18,CM,BSE,STK,517264,INE087E01011,FINELINE,X,,,,,FINE-LINE CIRCUITS LTD.,64.44,66.50,62.50,62.88,62.82,65.77,,62.88,,,2422,153145.00,49,F1,1,,,,,
2026-09-18,2026-09-18,CM,BSE,STK,517271,INE292B01021,HBLENGINE,A,,,,,HBL ENGINEERING LIMITED,754.95,767.00,751.75,759.45,759.45,756.15,,760.01,,,85837,65207519.00,2851,F1,1,,,,,
2026-09-18,2026-09-18,CM,BSE,STK,517273,INE902B01017,S&SPOWER,B,,,,,S&S POWER SWITCHGEAR LTD.,321.00,321.00,321.00,321.00,321.00,329.95,,319.00,,,26,8346.00,2,F1,1,,,,,
2026-09-18,2026-09-18,CM,BSE,STK,517286,INE335Q01026,RNITAI,XT,,,,,RNIT AI SOLUTIONS LIMITED,90.90,94.20,88.15,93.90,94.20,91.83,,93.90,,,66675,6137145.00,293,F1,1,,,,,
2026-09-18,2026-09-18,CM,BSE,STK,517288,INE541F01022,GUJARATPOLY,XT,,,,,Gujarat Poly Electronics Limit,61.95,61.95,59.00,60.70,61.00,61.35,,60.70,,,617,37427.00,30,F1,1,,,,,
2026-09-18,2026-09-18,CM,BSE,STK,517300,INE162A01010,GIPCL,B,,,,,GUJARAT INDUSTRIES POWER CO.LT,187.65,189.30,185.35,188.70,187.20,185.95,,188.39,,,33767,6345119.00,466,F1,1,,,,,
2026-09-18,2026-09-18,CM,BSE,STK,517320,INE898E01011,MAGNUS,X,,,,,MAGNUS STEEL AND INFRA LIMITED,27.70,27.70,27.70,27.70,27.70,26.39,,27.70,,,6755,187113.00,46,F1,1,,,,,
2026-09-18,2026-09-18,CM,BSE,STK,517334,INE775A01035,MOTHERSON,A,,,,,Samvardhana Motherson Internat,161.75,165.20,161.75,164.40,164.40,162.00,,162.57,,,1260480,207386585.00,4739,F1,1,,,,,
2026-09-18,2026-09-18,CM,BSE,STK,517336,INE834C01028,MODMA,P,,,,,MODERN MALLEABLES LTD.,35.75,36.54,35.66,35.71,35.71,37.53,,35.71,,,5600,200111.00,22,F1,100,,,,,
2026-09-18,2026-09-18,CM,BSE,STK,517344,INE110B01017,MINDTECK,B,,,,,MINDTECK (INDIA) LTD.,154.20,160.20,154.20,158.25,158.25,156.05,,158.33,,,487,77124.00,37,F1,1,,,,,
2026-09-18,2026-09-18,CM,BSE,STK,517354,INE176B01034,HAVELLS,A,,,,,HAVELLS INDIA LTD.,1086.05,1102.00,1086.05,1096.00,1096.00,1092.60,,1132.32,,,21381,23431106.00,1526,F1,1,,,,,
2026-09-18,2026-09-18,CM,BSE,STK,517356,INE167B01025,ACIIN,XT,,,,,ACI INFOCOM LTD.,2.41,2.41,2.41,2.41,2.41,2.37,,2.41,,,146147,352214.00,69,F1,1,,,,,
2026-09-18,2026-09-18,CM,BSE,STK,517360,INE689V01018,SBECSYS,X,,,,,SBEC SYSTEMS (INDIA) LTD.,22.70,22.70,19.85,19.85,19.85,20.00,,19.85,,,598,12554.00,17,F1,1,,,,,
2026-09-18,2026-09-18,CM,BSE,STK,517370,INE437C01012,INCAP,X,,,,,INCAP LTD.,82.75,82.75,82.75,82.75,82.75,82.60,,82.75,,,3,248.00,1,F1,1,,,,,
2026-09-18,2026-09-18,CM,BSE,STK,517372,INE877E01015,GUJINTRX,X,,,,,GUJARAT INTRUX LTD.,442.45,442.45,421.00,430.40,431.00,458.65,,430.40,,,10910,4674176.00,474,F1,1,,,,,
2026-09-18,2026-09-18,CM,BSE,STK,517380,INE188B01013,IGARASHI,B,,,,,IGARASHI MOTORS INDIA LTD.,431.00,439.80,429.15,431.65,430.95,427.90,,432.34,,,1635,707514.00,97,F1,1,,,,,
2026-09-18,2026-09-18,CM,BSE,STK,517385,INE225D01027,SYMPHONY,B,,,,,SYMPHONY LIMITED,583.25,604.50,580.05,599.50,599.50,585.20,,598.72,,,5894,3499682.00,287,F1,1,,,,,
2026-09-18,2026-09-18,CM,BSE,STK,517393,INE043B01028,REGANTO,Z,,,,,REGANTO ENTERPRISES LIMITED,3.77,3.84,3.60,3.84,3.84,3.66,,3.84,,,169701,644537.00,337,F1,1,,,,,
2026-09-18,2026-09-18,CM,BSE,STK,517397,INE648E01010,PANELEC,X,,,,,PAN ELECTRONICS INDIA LTD.,27.50,27.50,26.00,26.01,26.01,27.85,,26.01,,,2281,60203.00,36,F1,1,,,,,
2026-09-18,2026-09-18,CM,BSE,STK,517399,INE756A01019,VXLINSTR,X,,,,,VXL INSTRUMENTS LTD.,4.54,4.54,4.54,4.54,4.54,4.33,,4.54,,,121381,551069.00,41,F1,1,,,,,
2026-09-18,2026-09-18,CM,BSE,STK,517411,INE635A01023,SHYAMTEL,B,,,,,SHYAM TELECOM LTD.,11.50,11.50,11.50,11.50,11.50,11.00,,11.50,,,7,80.00,1,F1,1,,,,,
2026-09-18,2026-09-18,CM,BSE,STK,517415,INE791B01014,LEENEE,T,,,,,LEE & NEE SOFTWARES (EXPORTS),7.92,8.13,7.76,7.96,8.10,7.76,,7.96,,,23419,182493.00,31,F1,1,,,,,
2026-09-18,2026-09-18,CM,BSE,STK,517417,INE082C01024,PATELSAI,X,,,,,PATELS AIRTEMP (INDIA) LTD.,384.30,384.30,384.30,384.30,384.30,366.00,,384.30,,,21003,8071452.00,160,F1,1,,,,,
2026-09-18,2026-09-18,CM,BSE,STK,517421,INE295F01017,BUTTERFLY,B,,,,,BUTTERFLY GANDHIMATHI APPLIANC,574.05,585.65,568.00,584.95,585.00,580.15,,585.79,,,735,422369.00,161,F1,1,,,,,
2026-09-18,2026-09-18,CM,BSE,STK,517429,INE576B01019,ATHENAGLO,X,,,,,Athena Global Technologies Lim,52.49,52.50,49.50,52.50,52.50,50.00,,52.50,,,366,19100.00,12,F1,1,,,,,
2026-09-18,2026-09-18,CM,BSE,STK,517431,INE060D01028,NARMP,X,,,,,NARMADA MACPLAST DRIP IRRIGATI,23.10,24.16,23.01,23.35,23.93,23.01,,23.35,,,51418,1223840.00,216,F1,1,,,,,
2026-09-18,2026-09-18,CM,BSE,STK,517437,INE940C01015,DUTRON,X,,,,,DUTRON POLYMERS LTD.,107.35,107.35,107.35,107.35,107.35,107.35,,107.35,,,1,107.00,1,F1,1,,,,,
2026-09-18,2026-09-18,CM,BSE,STK,517447,INE165B01029,RSSOFTWARE,B,,,,,R.S.SOFTWARE INDIA LTD.,29.50,30.50,29.50,29.83,29.83,29.81,,30.26,,,3699,110993.00,9,F1,1,,,,,
2026-09-18,2026-09-18,CM,BSE,STK,517449,INE437D01010,MAGNAELQ,X,,,,,MAGNA ELECTRO CASTINGS LTD.,1348.30,1348.30,1267.15,1323.35,1338.90,1318.25,,1323.35,,,2186,2831741.00,113,F1,1,,,,,
2026-09-18,2026-09-18,CM,BSE,STK,517467,INE415B01044,MARSONS,B,,,,,MARSONS LIMITED,122.70,132.30,121.90,128.45,128.45,121.90,,128.61,,,371572,48005420.00,3030,F1,1,,,,,
2026-09-18,2026-09-18,CM,BSE,STK,517477,INE033C01019,ELNET,X,,,,,ELNET TECHNOLOGIES LTD.,305.90,306.80,301.25,306.50,306.50,302.50,,306.50,,,743,225736.00,21,F1,1,,,,,
2026-09-18,2026-09-18,CM,BSE,STK,517494,INE258C01038,ACCEL,X,,,,,ACCEL LIMITED,12.25,12.65,12.15,12.25,12.25,12.28,,12.25,,,3181,38916.00,30,F1,1,,,,,
2026-09-18,2026-09-18,CM,BSE,STK,517498,INE855C01023,WEBELSOLAR,A,,,,,WEBSOL ENERGY SYSTEM LTD.,72.90,73.71,72.38,72.92,72.92,71.74,,72.94,,,100101,7297842.00,1074,F1,1,,,,,
2026-09-18,2026-09-18,CM,BSE,STK,517500,INE535D01037,ROTO,B,,,,,ROTO PUMPS LTD.,63.02,65.00,62.40,62.73,62.67,63.40,,62.68,,,25069,1590482.00,268,F1,1,,,,,
2026-09-18,2026-09-18,CM,BSE,STK,517506,INE690A01028,TTKPRESTIG,B,,,,,TTK PRESTIGE LTD.,542.00,542.10,527.00,530.75,536.00,543.50,,530.85,,,3102,1657170.00,295,F1,1,,,,,
2026-09-18,2026-09-18,CM,BSE,STK,517514,INE589D01018,DHINDIA,X,,,,,D&H INDIA LTD,180.20,185.00,175.00,178.70,179.00,180.20,,178.70,,,5157,909059.00,68,F1,1,,,,,
2026-09-18,2026-09-18,CM,BSE,STK,517522,INE451D01029,RAJRATAN,B,,,,,RAJRATAN GLOBAL WIRE LTD.,442.15,460.00,435.55,453.50,456.50,440.15,,452.68,,,10928,4956047.00,625,F1,1,,,,,
2026-09-18,2026-09-18,CM,BSE,STK,517530,INE130B01031,SURANAT&P,B,,,,,SURANA TELECOM AND POWER LIMIT,16.30,17.04,15.61,16.45,16.34,15.85,,16.39,,,14180,235068.00,223,F1,1,,,,,
2026-09-18,2026-09-18,CM,BSE,STK,517536,INE229A01017,ONWARDTEC,B,,,,,ONWARD TECHNOLOGIES LTD.,289.15,294.30,284.90,286.10,285.85,289.90,,286.99,,,1868,541014.00,127,F1,1,,,,,
2026-09-18,2026-09-18,CM,BSE,STK,517544,INE320B01020,CENTUM,B,,,,,CENTUM ELECTRONICS LTD.,4383.65,4424.60,4320.00,4333.70,4341.60,4343.10,,4333.31,,,800,3498136.00,193,F1,1,,,,,
2026-09-18,2026-09-18,CM,BSE,STK,517546,INE209C01015,ALFATRAN,X,,,,,ALFA TRANSFORMERS LTD.,32.15,32.85,30.75,32.04,32.59,31.52,,32.04,,,8677,278587.00,70,F1,1,,,,,
2026-09-18,2026-09-18,CM,BSE,STK,517554,INE141C01036,NHCFOODS,XT,,,,,NHC FOODS LTD.,2.20,2.21,2.16,2.21,2.21,2.11,,2.21,,,24925642,55047298.00,5184,F1,1,,,,,
2026-09-18,2026-09-18,CM,BSE,STK,517556,INE362A01016,PVP,B,,,,,PVP VENTURES LTD.,58.10,59.79,57.82,59.39,59.39,56.95,,59.30,,,74883,4417416.00,443,F1,1,,,,,
2026-09-18,2026-09-18,CM,BSE,STK,517562,INE948A01012,TRIGYN,B,,,,,TRIGYN TECHNOLOGIES LTD.,54.80,56.00,53.03,54.26,54.50,54.80,,53.57,,,1297,70602.00,87,F1,1,,,,,
2026-09-18,2026-09-18,CM,BSE,STK,517569,INE878B01027,KEI,A,,,,,KEI INDUSTRIES LTD.,4564.50,4648.00,4535.00,4648.00,4648.00,4550.00,,4650.00,,,11264,51540776.00,2494,F1,1,,,,,
2026-09-18,2026-09-18,CM,BSE,STK,518053,INE827D01020,SRICC,X,,,,,Sri Chakra Cement Limited,29.51,30.50,29.50,29.99,29.94,29.50,,29.99,,,3247,97069.00,46,F1,1,,,,,
2026-09-18,2026-09-18,CM,BSE,STK,518075,INE069E01019,SURAJ,Z,,,,,SURAJ PRODUCTS LTD.,255.85,255.85,242.55,251.85,251.85,248.20,,251.85,,,1581,386484.00,33,F1,1,,,,,
2026-09-18,2026-09-18,CM,BSE,STK,518091,INE071F01012,APCL,B,,,,,ANJANI PORTLAND CEMENT LTD.,98.70,99.03,97.20,99.03,99.03,96.41,,97.89,,,149,14507.00,10,F1,1,,,,,
2026-09-18,2026-09-18,CM,BSE,STK,519003,INE537F01012,MODINATUR,B,,,,,MODI NATURALS LIMITED,341.00,374.85,341.00,359.95,358.65,341.00,,359.06,,,531,193156.00,40,F1,1,,,,,
2026-09-18,2026-09-18,CM,BSE,STK,519031,INE455D01012,SHAHFOOD,XT,,,,,SHAH FOODS LTD.,402.90,409.00,382.50,383.00,400.00,401.60,,383.00,,,329,128495.00,23,F1,1,,,,,
2026-09-18,2026-09-18,CM,BSE,STK,519091,INE488B01017,TASTYBITE,B,,,,,TASTY BITE EATABLES LTD.,9950.00,9950.00,9790.15,9903.80,9875.35,9910.95,,9901.08,,,36,356881.00,16,F1,1,,,,,
2026-09-18,2026-09-18,CM,BSE,STK,519097,INE534D01014,RITESHIN,XT,,,,,RITESH INTERNATIONAL LTD.,92.69,93.50,87.19,87.66,89.00,90.87,,87.66,,,5822,518942.00,68,F1,1,,,,,
2026-09-18,2026-09-18,CM,BSE,STK,519105,INE488D01021,AVTNPL,B,,,,,AVT NATURAL PRODUCTS LTD.,84.95,86.79,84.95,85.99,85.57,85.17,,85.71,,,2115,182044.00,37,F1,1,,,,,
2026-09-18,2026-09-18,CM,BSE,STK,519126,INE254N01026,HNDFDS,B,,,,,HINDUSTAN FOODS LTD.,620.85,628.60,612.50,625.90,625.70,616.95,,625.71,,,2816,1756450.00,165,F1,1,,,,,
2026-09-18,2026-09-18,CM,BSE,STK,519136,INE289A01011,NAHARINDUS,B,,,,,NAHAR INDUSTRIAL ENTERPRISES L,134.00,134.00,129.50,131.75,129.80,132.80,,131.31,,,132,17453.00,28,F1,1,,,,,
2026-09-18,2026-09-18,CM,BSE,STK,519152,INE693D01018,VADILENT,B,,,,,VADILAL ENTERPRISES LTD.,10441.05,10500.00,10430.00,10430.05,10430.00,10500.00,,10485.03,,,11,114872.00,9,F1,1,,,,,
2026-09-18,2026-09-18,CM,BSE,STK,519156,INE694D01016,VADILALIND,B,,,,,VADILAL INDUSTRIES LTD.,7100.00,7374.95,7055.85,7360.95,7374.95,7106.60,,7361.99,,,571,4113251.00,201,F1,1,,,,,
2026-09-18,2026-09-18,CM,BSE,STK,519174,INE709D01012,ASHAI,XT,,,,,ASHIANA AGRO INDUSTRIES LTD.,10.70,11.23,10.70,11.23,11.23,10.70,,11.23,,,45,492.00,4,F1,1,,,,,
2026-09-18,2026-09-18,CM,BSE,STK,519183,INE982B01027,ADFFOODS,B,,,,,ADF FOODS LTD.,265.20,265.50,261.10,261.90,262.25,270.40,,261.46,,,7770,2039155.00,287,F1,1,,,,,
2026-09-18,2026-09-18,CM,BSE,STK,519191,INE601N01010,RGRL,Z,,,,,Retro Green Revolution Limited,1.23,1.25,1.20,1.23,1.23,1.21,,1.23,,,11824,14495.00,23,F1,1,,,,,
2026-09-18,2026-09-18,CM,BSE,STK,519214,INE188E01017,WILLIMFI,X,,,,,WILLIAMSON FINANCIAL SERVICES,4.40,4.40,4.40,4.40,4.40,4.45,,4.40,,,1119,4923.00,4,F1,1,,,,,
2026-09-18,2026-09-18,CM,BSE,STK,519216,INE601B01023,AJANTSOY,X,,,,,AJANTA SOYA LTD.,22.34,22.50,22.21,22.30,22.38,22.30,,22.30,,,24765,553311.00,81,F1,1,,,,,
2026-09-18,2026-09-18,CM,BSE,STK,519230,INE102C01020,KISAAN,X,,,,,KISAAN PARIVAR INDUSTRIES LIMI,11.92,11.92,11.70,11.82,11.91,11.87,,11.82,,,1104,13054.00,20,F1,1,,,,,
2026-09-18,2026-09-18,CM,BSE,STK,519234,INE843L01012,SIEL,B,,,,,SUPERIOR INDUSTRIAL ENTERPRISE,32.66,32.66,30.08,30.10,30.10,31.66,,30.05,,,461,14636.00,11,F1,1,,,,,
2026-09-18,2026-09-18,CM,BSE,STK,519238,INE233P01017,SPTRSHI,XT,,,,,SAPTARISHI AGRO INDUSTRIES LTD,31.67,31.67,30.99,31.00,31.00,30.17,,31.00,,,1614,50035.00,10,F1,1,,,,,
2026-09-18,2026-09-18,CM,BSE,STK,519242,INE995U01011,SRDAPRT,X,,,,,SARDA PROTEINS LTD.,136.86,136.86,135.99,136.86,136.86,130.35,,136.86,,,13762,1881300.00,75,F1,1,,,,,
2026-09-18,2026-09-18,CM,BSE,STK,519260,INE890C01046,SANWARIA,Z,,,,,SANWARIA CONSUMER LIMITED,0.49,0.49,0.49,0.49,0.49,0.49,,0.18,,,291,142.00,5,F1,1,,,,,
2026-09-18,2026-09-18,CM,BSE,STK,519262,INE297D01018,PRIMAGR,X,,,,,PRIMA AGRO LTD.,16.13,16.13,14.71,15.99,15.99,15.38,,15.99,,,5021,74638.00,13,F1,1,,,,,
2026-09-18,2026-09-18,CM,BSE,STK,519279,INE110C01015,MADHURIND,X,,,,,MADHUR INDUSTRIES LTD.,5.52,5.52,5.52,5.52,5.52,5.26,,5.52,,,605,3339.00,2,F1,1,,,,,
2026-09-18,2026-09-18,CM,BSE,STK,519285,INE906C01016,TARAI,Z,,,,,TARAI FOODS LTD.,4.50,4.50,4.31,4.31,4.31,4.48,,4.31,,,70,311.00,4,F1,1,,,,,
2026-09-18,2026-09-18,CM,BSE,STK,519287,INE617B01011,MODAIRY,X,,,,,MODERN DAIRIES LTD.,47.25,54.48,47.00,50.93,51.05,45.80,,50.93,,,174161,8941043.00,863,F1,1,,,,,
2026-09-18,2026-09-18,CM,BSE,STK,519295,INE921D01013,BAMBINO,X,,,,,BAMBINO AGRO INDUSTRIES LTD.,235.00,260.00,233.30,259.40,260.00,235.00,,259.40,,,2901,744001.00,47,F1,1,,,,,
2026-09-18,2026-09-18,CM,BSE,STK,519299,INE543F01028,PRIMIND,X,,,,,PRIME INDUSTRIES LTD.,59.75,59.75,59.75,59.75,59.75,56.91,,59.75,,,3887,232248.00,21,F1,1,,,,,
2026-09-18,2026-09-18,CM,BSE,STK,519307,INE706A01022,VIKASWSP,Z,,,,,VIKAS WSP LTD.,0.90,0.90,0.85,0.87,0.87,0.88,,0.87,,,41569,36313.00,53,F1,1,,,,,
2026-09-18,2026-09-18,CM,BSE,STK,519331,INE923K01014,VSFPROJ,X,,,,,VSF PROJECTS LTD.,37.00,37.00,34.99,34.99,34.99,35.00,,34.99,,,64,2266.00,5,F1,1,,,,,
2026-09-18,2026-09-18,CM,BSE,STK,519353,INE856E01019,NOVYRA,ZP,,,,,NOVYRA PHARMACHEM LIMITED,10.14,10.14,9.64,9.64,9.64,10.14,,9.64,,,2000,19330.00,2,F1,100,,,,,
2026-09-18,2026-09-18,CM,BSE,STK,519359,INE809E01018,POONADAL,X,,,,,POONA DAL & OIL INDUSTRIES LTD,60.00,61.00,58.38,58.86,58.86,57.28,,58.86,,,2335,140040.00,22,F1,1,,,,,
2026-09-18,2026-09-18,CM,BSE,STK,519367,INE213P01027,TRANSFD,X,,,,,TRANSGLOBE FOODS LTD.,420.00,420.00,420.00,420.00,420.00,420.00,,420.00,,,50,21000.00,2,F1,1,,,,,
2026-09-18,2026-09-18,CM,BSE,STK,519383,INE087B01017,ANIKINDS,B,,,,,ANIK INDUSTRIES LTD.,44.00,44.99,43.44,44.99,44.99,44.73,,44.59,,,24,1047.00,4,F1,1,,,,,
2026-09-18,2026-09-18,CM,BSE,STK,519397,INE220Z01013,SHINDL,B,,,,,SHARAT INDUSTRIES LTD.,162.50,163.05,160.05,161.40,160.85,161.10,,161.64,,,11644,1878106.00,143,F1,1,,,,,
2026-09-18,2026-09-18,CM,BSE,STK,519413,INE673U01014,DATIWARE,P,,,,,DATIWARE MARITIME INFRA LIMITE,62.50,62.50,62.50,62.50,62.50,62.22,,62.50,,,100,6250.00,1,F1,100,,,,,
2026-09-18,2026-09-18,CM,BSE,STK,519421,INE953E01022,KSE,B,,,,,KSE LTD.,179.50,179.90,176.80,178.45,179.90,176.55,,178.38,,,1971,352051.00,117,F1,1,,,,,
2026-09-18,2026-09-18,CM,BSE,STK,519439,INE062E01014,PIONAGR,XT,,,,,PIONEER AGRO EXTRACTS LTD.,22.50,22.50,22.50,22.50,22.50,23.16,,22.50,,,275,6187.00,3,F1,1,,,,,
2026-09-18,2026-09-18,CM,BSE,STK,519457,INE295C01014,VIRATCRA,X,,,,,VIRAT CRANE INDUSTRIES LTD.,31.99,31.99,31.20,31.95,31.97,31.41,,31.95,,,335,10571.00,23,F1,1,,,,,
2026-09-18,2026-09-18,CM,BSE,STK,519463,INE678B01039,IBINFO,X,,,,,IB INFOTECH ENTERPRISES LTD.,29.88,29.88,28.42,28.42,28.42,29.91,,28.42,,,4102,117395.00,43,F1,1,,,,,
2026-09-18,2026-09-18,CM,BSE,STK,519471,INE072V01017,AMBARPIL,XT,,,,,Ambar Protein Industries Limit,215.20,215.20,205.00,215.00,215.00,215.20,,215.00,,,222,46890.00,19,F1,1,,,,,
2026-09-18,2026-09-18,CM,BSE,STK,519475,INE975C01011,CHORDIA,XT,,,,,CHORDIA FOOD PRODUCTS LTD.,102.00,102.99,102.00,102.00,102.00,100.60,,102.00,,,500,51192.00,5,F1,1,,,,,
2026-09-18,2026-09-18,CM,BSE,STK,519477,INE052V01019,CIANAGRO,B,,,,,CIAN Agro Ind & Infra Ltd,1233.10,1248.00,1199.00,1228.40,1228.40,1226.95,,1228.40,,,40718,49545723.00,2273,F1,1,,,,,
2026-09-18,2026-09-18,CM,BSE,STK,519479,INE112B01013,OMEAG,X,,,,,OMEGA AG-SEEDS (PUNJAB) LTD.,9.00,9.07,9.00,9.07,9.07,9.07,,9.07,,,1001,9079.00,3,F1,1,,,,,
2026-09-18,2026-09-18,CM,BSE,STK,519483,INE358D01018,TAIIND,X,,,,,TAI INDUSTRIES LTD.,26.20,29.90,26.20,27.30,28.16,29.49,,27.30,,,947,26112.00,24,F1,1,,,,,
2026-09-18,2026-09-18,CM,BSE,STK,519500,INE356C01022,BKV,X,,,,,BKV INDUSTRIES LTD.,9.30,9.35,8.79,9.25,9.25,9.30,,9.25,,,2412,21966.00,17,F1,1,,,,,
2026-09-18,2026-09-18,CM,BSE,STK,519506,INE630N01019,NCCBLUE,P,,,,,NCC BLUE WATER PRODUCTS LTD.,24.74,24.74,24.74,24.74,24.74,26.04,,24.74,,,300,7422.00,3,F1,100,,,,,
2026-09-18,2026-09-18,CM,BSE,STK,519532,INE822B01017,ASIANTNE,B,,,,,ASIAN TEA & EXPORTS LTD.,9.39,9.65,9.15,9.63,9.63,9.20,,9.28,,,1133,10758.00,18,F1,1,,,,,
2026-09-18,2026-09-18,CM,BSE,STK,519552,INE978A01027,HERITGFOOD,B,,,,,HERITAGE FOODS LIMITED,406.85,420.00,402.75,417.70,420.00,404.80,,418.06,,,32524,13463692.00,656,F1,1,,,,,
2026-09-18,2026-09-18,CM,BSE,STK,519566,INE354D01017,SIMRAN,X,,,,,SIMRAN FARMS LTD.,173.80,174.80,173.80,174.80,174.00,173.50,,174.80,,,223,38958.00,5,F1,1,,,,,
2026-09-18,2026-09-18,CM,BSE,STK,519574,INE092301014,HINDUST,X,,,,,HINDUSTAN AGRIGENETICS LTD.,37.50,37.50,37.50,37.50,37.50,36.69,,37.50,,,1000,37500.00,2,F1,1,,,,,
2026-09-18,2026-09-18,CM,BSE,STK,519600,INE421D01022,CCL,A,,,,,CCL PRODUCTS (INDIA) LTD.,1063.95,1077.35,1060.50,1064.35,1060.50,1062.35,,1065.58,,,2987,3192326.00,274,F1,1,,,,,
2026-09-18,2026-09-18,CM,BSE,STK,519602,INE164B01030,KELLTONTEC,B,,,,,KELLTON TECH SOLUTIONS LTD.,13.91,14.00,13.40,13.68,13.50,13.60,,13.61,,,130892,1797489.00,372,F1,1,,,,,
2026-09-18,2026-09-18,CM,BSE,STK,519604,INE565E01016,SURFI,X,,,,,SURYO FOODS & INDUSTRIES LTD.,16.35,16.45,16.35,16.36,16.36,17.20,,16.36,,,113,1848.00,3,F1,1,,,,,
2026-09-18,2026-09-18,CM,BSE,STK,519606,INE177M01021,INTEGFD,XT,,,,,INTEGRATED PROTEINS LTD.,13.55,13.55,13.55,13.55,13.55,13.80,,13.55,,,2518,34118.00,12,F1,1,,,,,
2026-09-18,2026-09-18,CM,BSE,STK,519612,INE734D01010,LAKESHORE,X,,,,,LAKE SHORE REALTY LIMITED,64.00,64.00,60.50,61.50,61.50,63.00,,61.50,,,1986,120511.00,24,F1,1,,,,,
2026-09-18,2026-09-18,CM,BSE,STK,520008,INE209B01025,RICOAUTO,B,,,,,RICO AUTO INDUSTRIES LTD.,128.00,131.25,127.25,130.60,130.60,127.95,,130.58,,,43543,5654135.00,593,F1,1,,,,,
2026-09-18,2026-09-18,CM,BSE,STK,520021,INE090B01011,OMAXAUTO,B,,,,,OMAX AUTOS LTD.,177.35,185.00,174.40,182.80,183.00,176.50,,182.23,,,5178,939551.00,267,F1,1,,,,,
2026-09-18,2026-09-18,CM,BSE,STK,520043,INE577A01027,MUNJALSHOW,B,,,,,MUNJAL SHOWA LTD.,124.40,126.90,123.20,125.90,125.90,123.90,,125.80,,,603,75164.00,34,F1,1,,,,,
2026-09-18,2026-09-18,CM,BSE,STK,520051,INE039C01032,JAMNAAUTO,A,,,,,JAMNA AUTO INDUSTRIES LTD.,126.55,128.10,122.50,125.00,125.00,126.95,,125.03,,,93108,11562195.00,1268,F1,1,,,,,
2026-09-18,2026-09-18,CM,BSE,STK,520056,INE105A01035,TVSHLTD,A,,,,,TVS Holdings Limited,12884.00,13041.20,12556.15,12817.00,12850.00,12902.10,,12812.23,,,1937,24802644.00,1056,F1,1,,,,,
2026-09-18,2026-09-18,CM,BSE,STK,520057,INE643A01035,JTEKTINDIA,B,,,,,JTEKT India Ltd,119.25,122.00,117.30,117.95,117.85,118.85,,117.77,,,12839,1531189.00,230,F1,1,,,,,
2026-09-18,2026-09-18,CM,BSE,STK,520059,INE672B01032,MUNJALAU,B,,,,,MUNJAL AUTO INDUSTRIES LTD.,105.00,105.55,103.50,104.05,104.30,104.80,,103.99,,,5657,591300.00,83,F1,1,,,,,
2026-09-18,2026-09-18,CM,BSE,STK,520066,INE571B01036,JAYBARMARU,B,,,,,JAY BHARAT MARUTI LTD.,115.00,115.00,110.00,111.25,110.90,112.70,,111.16,,,21351,2391308.00,389,F1,1,,,,,
2026-09-18,2026-09-18,CM,BSE,STK,520073,INE704B01017,RACLGEAR,B,,,,,RACL Geartech Limited,1842.80,1850.00,1752.80,1761.45,1752.80,1832.35,,1760.92,,,3820,6869908.00,472,F1,1,,,,,
2026-09-18,2026-09-18,CM,BSE,STK,520075,INE706B01012,SAMKRG,X,,,,,SAMKRG PISTONS & RINGS LTD.,112.00,119.45,110.00,111.20,110.00,112.00,,111.20,,,795,90713.00,45,F1,1,,,,,
2026-09-18,2026-09-18,CM,BSE,STK,520081,INE315F01013,ECSTSTL,P,,,,,EAST COAST STEEL LTD.,17.10,17.10,17.10,17.10,17.10,18.00,,17.10,,,300,5130.00,2,F1,100,,,,,
2026-09-18,2026-09-18,CM,BSE,STK,520086,INE075B01020,SICALLOG,T,,,,,SICAL LOGISTICS LTD.,93.00,93.00,93.00,93.00,93.00,91.05,,91.07,,,570,53010.00,7,F1,1,,,,,
2026-09-18,2026-09-18,CM,BSE,STK,520111,INE703B01027,RATNAMANI,A,,,,,RATNAMANI METALS & TUBES LTD.,2723.90,2898.75,2709.35,2862.75,2894.25,2690.40,,2859.37,,,3724,10566966.00,367,F1,1,,,,,
2026-09-18,2026-09-18,CM,BSE,STK,520113,INE386A01023,VESUVIUS,A,,,,,VESUVIUS INDIA LTD.,401.30,415.30,401.00,406.25,404.80,400.20,,405.95,,,18022,7301868.00,546,F1,1,,,,,
2026-09-18,2026-09-18,CM,BSE,STK,520119,INE900C01027,ASAL,B,,,,,AUTOMOTIVE STAMPINGS & ASSEMBL,445.80,452.00,444.35,450.55,446.20,446.85,,449.72,,,517,231247.00,53,F1,1,,,,,
2026-09-18,2026-09-18,CM,BSE,STK,520121,INE276D01012,ARCEEIN,X,,,,,ARCEE INDUSTRIES LTD.,14.50,14.50,14.50,14.50,14.50,13.81,,14.50,,,7070,102515.00,9,F1,1,,,,,
2026-09-18,2026-09-18,CM,BSE,STK,520123,INE125D01011,ABCINDQ,X,,,,,ABC INDIA LTD.,63.68,63.68,61.50,63.59,63.60,63.68,,63.59,,,62,3934.00,7,F1,1,,,,,
2026-09-18,2026-09-18,CM,BSE,STK,520127,INE654B01014,BALTE,X,,,,,BALURGHAT TECHNOLOGIES LTD.,11.81,11.81,11.04,11.09,11.70,11.81,,11.09,,,1455,16417.00,14,F1,1,,,,,
2026-09-18,2026-09-18,CM,BSE,STK,520131,INE229E01019,COARO,P,,,,,COASTAL ROADWAYS LTD.,23.98,23.98,23.98,23.98,23.98,25.24,,23.98,,,200,4796.00,2,F1,100,,,,,
2026-09-18,2026-09-18,CM,BSE,STK,520141,INE441C01014,SIBARAUT,X,,,,,SIBAR AUTO PARTS LTD.,7.99,7.99,7.56,7.57,7.95,7.99,,7.57,,,321,2489.00,17,F1,1,,,,,
2026-09-18,2026-09-18,CM,BSE,STK,520151,INE757B01015,TRANSWORLD,T,,,,,TRANSWORLD SHIPPING LINES LIMI,165.00,165.00,164.00,164.00,164.00,165.30,,165.20,,,615,101467.00,7,F1,1,,,,,
2026-09-18,2026-09-18,CM,BSE,STK,520155,INE580C01019,STARLOG,X,,,,,Starlog Enterprises Limited,38.20,38.20,37.46,37.96,37.96,37.46,,37.96,,,199,7554.00,9,F1,1,,,,,
2026-09-18,2026-09-18,CM,BSE,STK,521005,INE807M01031,TITANIN,X,,,,,TITAN INTECH LIMITED,0.98,0.99,0.97,0.97,0.97,0.97,,0.97,,,1714680,1673662.00,852,F1,1,,,,,
2026-09-18,2026-09-18,CM,BSE,STK,521014,INE022C01012,EUROTEXIND,T,,,,,EUROTEX INDUSTRIES & EXPORTS L,11.70,11.75,11.70,11.75,11.75,12.25,,11.75,,,431,5049.00,5,F1,1,,,,,
2026-09-18,2026-09-18,CM,BSE,STK,521016,INE483B01026,ICIL,A,,,,,INDO COUNT INDUSTRIES LTD.,432.70,449.15,432.65,447.75,447.75,436.25,,447.37,,,19867,8811654.00,671,F1,1,,,,,
2026-09-18,2026-09-18,CM,BSE,STK,521018,INE882A01013,MARALOVER,B,,,,,MARAL OVERSEAS LTD.,59.20,59.20,59.01,59.01,59.01,59.14,,59.36,,,69,4079.00,6,F1,1,,,,,
2026-09-18,2026-09-18,CM,BSE,STK,521034,INE314C01013,SOMATEX,B,,,,,SOMA TEXTILES & INDUSTRIES LTD,82.70,82.70,79.65,81.00,81.00,82.90,,80.95,,,10300,825517.00,73,F1,1,,,,,
2026-09-18,2026-09-18,CM,BSE,STK,521036,INE695C01015,SOURCEIND,XT,,,,,SOURCE INDUSTRIES (INDIA) LTD.,58.61,58.61,58.61,58.61,58.61,57.47,,58.61,,,90,5274.00,3,F1,1,,,,,
2026-09-18,2026-09-18,CM,BSE,STK,521054,INE092E01011,KAKTEX,X,,,,,KAKATIYA TEXTILES LTD.,7.70,7.70,7.70,7.70,7.70,8.09,,7.70,,,11,84.00,3,F1,1,,,,,
2026-09-18,2026-09-18,CM,BSE,STK,521062,INE814L01013,OCTAVE,X,,,,,PERFECT-OCTAVE MEDIA PROJECTS,3.76,3.83,3.54,3.83,3.83,3.83,,3.83,,,229,870.00,10,F1,1,,,,,
2026-09-18,2026-09-18,CM,BSE,STK,521064,INE064C01022,TRIDENT,A,,,,,TRIDENT LTD.,23.07,24.02,23.02,23.24,23.24,23.09,,23.22,,,771932,18011888.00,2399,F1,1,,,,,
2026-09-18,2026-09-18,CM,BSE,STK,521068,INE689E01014,HISARSP,P,,,,,HISAR SPINNING MILLS LTD.,55.60,55.60,53.00,55.39,55.50,53.00,,55.39,,,5500,304335.00,14,F1,100,,,,,
2026-09-18,2026-09-18,CM,BSE,STK,521070,INE270A01029,ALOKINDS,A,,,,,ALOK INDUSTRIES LTD.,7.03,7.15,6.99,7.06,7.06,7.06,,7.05,,,1468410,10378668.00,2164,F1,1,,,,,
2026-09-18,2026-09-18,CM,BSE,STK,521080,INE604F01010,PASARI,X,,,,,PASARI SPINNING MILLS LTD.,6.81,7.29,6.81,7.28,7.28,7.18,,7.28,,,1685,11561.00,10,F1,1,,,,,
2026-09-18,2026-09-18,CM,BSE,STK,521097,INE484D01012,AMARJOTHI,B,,,,,AMARJOTHI SPINNING MILLS LTD.,148.95,148.95,146.50,147.00,147.00,149.00,,147.02,,,777,114402.00,14,F1,1,,,,,
2026-09-18,2026-09-18,CM,BSE,STK,521105,INE482O01021,OLYMPTX,X,,,,,OLYMPIA INDUSTRIES LTD.,24.00,24.40,23.45,24.36,24.39,24.00,,24.36,,,2646,63663.00,31,F1,1,,,,,
2026-09-18,2026-09-18,CM,BSE,STK,521109,INE123B01028,NAGREEKEXP,B,,,,,NAGREEKA EXPORTS LTD.,22.24,22.24,20.80,20.95,20.95,21.80,,21.13,,,1878,39973.00,54,F1,1,,,,,
2026-09-18,2026-09-18,CM,BSE,STK,521113,INE691D01012,SUDTIND-B,X,,,,,SUDITI INDUSTRIES LTD.,60.00,61.90,57.00,60.24,60.94,60.07,,60.24,,,16551,969065.00,108,F1,1,,,,,
2026-09-18,2026-09-18,CM,BSE,STK,521131,INE363D01018,SBFL,X,,,,,Shree Bhavya Fabrics Limited,21.50,22.50,21.02,22.50,22.50,22.47,,22.50,,,246,5307.00,8,F1,1,,,,,
2026-09-18,2026-09-18,CM,BSE,STK,521133,INE165F01020,GEMSPIN,P,,,,,GEM SPINNERS INDIA LTD.,4.78,4.78,4.78,4.78,4.78,4.56,,4.78,,,400,1912.00,2,F1,100,,,,,
2026-09-18,2026-09-18,CM,BSE,STK,521137,INE958A01011,EUREKAI,XT,,,,,EUREKA INDUSTRIES LTD.,6.37,6.37,6.37,6.37,6.37,6.50,,6.37,,,5100,32487.00,14,F1,1,,,,,
2026-09-18,2026-09-18,CM,BSE,STK,521141,INE122D01026,ADITYASP,X,,,,,ADITYA SPINNERS LTD.,14.75,14.75,13.69,14.00,14.00,14.65,,14.00,,,560,7843.00,17,F1,1,,,,,
2026-09-18,2026-09-18,CM,BSE,STK,521149,INE419E01024,PRIMEURB,X,,,,,PRIME URBAN DEVELOPMENT INDIA,8.45,8.45,7.61,7.72,7.72,8.34,,7.72,,,2039,15877.00,23,F1,1,,,,,
2026-09-18,2026-09-18,CM,BSE,STK,521161,INE456D01010,SLSTLQ,X,,,,,SRI LAKSHMI SARASWATHI TEXTILE,32.84,32.84,32.84,32.84,32.84,32.84,,32.84,,,4,131.00,2,F1,1,,,,,
2026-09-18,2026-09-18,CM,BSE,STK,521163,INE206B01013,ZODIACLOTH,B,,,,,ZODIAC CLOTHING CO.LTD.,71.55,71.60,69.30,69.50,69.50,69.10,,69.52,,,6,422.00,6,F1,1,,,,,
2026-09-18,2026-09-18,CM,BSE,STK,521167,INE485D01043,MAXGROW,XT,,,,,MAXGROW INDIA LIMITED,184.90,188.00,184.90,184.90,184.90,188.65,,184.90,,,29653,5492133.00,331,F1,1,,,,,
2026-09-18,2026-09-18,CM,BSE,STK,521178,INE306D01017,SRMCL,X,,,,,SRI RAMAKRISHNA MILLS (COIMBAT,58.65,60.55,56.10,60.54,60.55,57.67,,60.54,,,14679,867600.00,91,F1,1,,,,,
2026-09-18,2026-09-18,CM,BSE,STK,521180,INE662A01027,SUPERSPIN,T,,,,,SUPER SPINNING MILLS LTD.,7.35,7.38,7.05,7.05,7.05,7.03,,7.26,,,2314,16632.00,12,F1,1,,,,,
2026-09-18,2026-09-18,CM,BSE,STK,521194,INE923A01015,SILINV,B,,,,,SIL INVESTMENTS LTD.,454.00,454.00,441.55,441.60,441.55,454.00,,446.70,,,33,14844.00,16,F1,1,,,,,
2026-09-18,2026-09-18,CM,BSE,STK,521200,INE713B01026,SURYALAXMI,B,,,,,SURYALAKSHMI COTTON MILLS LTD.,57.90,58.90,57.90,58.90,58.90,58.93,,57.76,,,327,19230.00,2,F1,1,,,,,
2026-09-18,2026-09-18,CM,BSE,STK,521206,INE931D01020,SAMTEX,X,,,,,SAMTEX FASHIONS LTD.,1.25,1.44,1.15,1.40,1.44,1.20,,1.40,,,113423,140136.00,78,F1,1,,,,,
2026-09-18,2026-09-18,CM,BSE,STK,521216,INE220C01012,DHANROTO,X,,,,,DHANALAXMI ROTO SPINNERS LTD.,74.99,74.99,72.72,74.95,74.95,74.99,,74.95,,,934,69380.00,14,F1,1,,,,,
2026-09-18,2026-09-18,CM,BSE,STK,521220,INE497D01022,DAMODARIND,T,,,,,DAMODAR INDUSTRIES LTD.,28.10,28.10,28.10,28.10,28.10,26.98,,28.11,,,1000,28100.00,1,F1,1,,,,,
2026-09-18,2026-09-18,CM,BSE,STK,521222,INE602D01027,SANBLUE,X,,,,,SANBLUE CORPORATION LTD.,28.41,28.41,28.41,28.41,28.41,29.02,,28.41,,,25,710.00,1,F1,1,,,,,
2026-09-18,2026-09-18,CM,BSE,STK,521226,INE980D01019,UNIROYAL,X,,,,,UNIROYAL INDUSTRIES LTD.,26.00,26.00,22.95,23.06,23.06,25.50,,23.06,,,2537,59237.00,28,F1,1,,,,,
2026-09-18,2026-09-18,CM,BSE,STK,521228,INE083G01031,TATIAGLOB,X,,,,,TATIA GLOBAL VENNTURE LTD.,2.04,2.04,2.02,2.02,2.04,2.02,,2.02,,,20963,42616.00,95,F1,1,,,,,
2026-09-18,2026-09-18,CM,BSE,STK,521232,INE124M01015,SUNILTX,P,,,,,SUNIL INDUSTRIES LTD.,89.60,89.70,89.60,89.60,89.60,85.43,,89.60,,,1600,143370.00,7,F1,100,,,,,
2026-09-18,2026-09-18,CM,BSE,STK,521234,INE443E01016,SRINACHA,X,,,,,SRI NACHAMMAI COTTON MILLS LTD,27.45,27.45,26.00,27.00,27.00,27.00,,27.00,,,3,80.00,3,F1,1,,,,,
2026-09-18,2026-09-18,CM,BSE,STK,521238,INE893C01032,BGDL,B,,,,,BHARAT GLOBAL DEVELOPERS LIMIT,149.00,153.95,149.00,149.00,149.00,144.70,,149.00,,,65037,9705383.00,495,F1,1,,,,,
2026-09-18,2026-09-18,CM,BSE,STK,521240,INE304D01012,SAMBANDAM,B,,,,,SAMBANDAM SPINNING MILLS LTD.,104.00,105.00,99.40,100.40,100.40,104.05,,100.20,,,346,35430.00,26,F1,1,,,,,
2026-09-18,2026-09-18,CM,BSE,STK,521244,INE676G01024,MKPMOB,X,,,,,MKP Mobility Limited,159.65,161.30,146.00,161.30,161.30,153.65,,161.30,,,455,71043.00,24,F1,1,,,,,
2026-09-18,2026-09-18,CM,BSE,STK,521246,INE162C01024,PARASPETRO,B,,,,,PARAS PETROFILS LTD.,2.21,2.21,2.15,2.15,2.15,2.12,,2.14,,,1402,3041.00,10,F1,1,,,,,
2026-09-18,2026-09-18,CM,BSE,STK,521248,INE602G01020,KITEX,A,,,,,KITEX GARMENTS LTD.,120.75,121.10,119.10,119.45,120.50,120.90,,119.50,,,17095,2046780.00,296,F1,1,,,,,
2026-09-18,2026-09-18,CM,BSE,STK,522001,INE608B01010,CRANEX,XT,,,,,CRANEX LTD.,79.15,79.15,75.00,77.20,77.50,76.18,,77.20,,,2505,189800.00,36,F1,1,,,,,
2026-09-18,2026-09-18,CM,BSE,STK,522004,INE177C01022,BATLIBOI,B,,,,,BATLIBOI LTD.,80.26,82.00,78.25,81.66,81.66,78.61,,81.13,,,3905,311223.00,240,F1,1,,,,,
2026-09-18,2026-09-18,CM,BSE,STK,522005,INE759F01012,AUSTENG,B,,,,,AUSTIN ENGINEERING CO.LTD.,139.85,139.85,139.85,139.85,139.85,125.05,,131.41,,,2,279.00,2,F1,1,,,,,
2026-09-18,2026-09-18,CM,BSE,STK,522014,INE961D01019,UNIDT,B,,,,,UNITED DRILLING TOOLS LTD.,228.35,229.90,223.50,225.30,224.45,228.35,,224.01,,,2203,503143.00,61,F1,1,,,,,
2026-09-18,2026-09-18,CM,BSE,STK,522017,INE459C01016,FLUIDOM,X,,,,,FLUIDOMAT LTD.,745.00,750.00,737.05,747.45,748.00,743.30,,747.45,,,1011,752289.00,103,F1,1,,,,,
2026-09-18,2026-09-18,CM,BSE,STK,522027,INE279D01016,EMAINDIA,X,,,,,EMA INDIA LTD.,601.20,601.20,592.15,601.20,601.20,604.20,,601.20,,,592,353381.00,16,F1,1,,,,,
2026-09-18,2026-09-18,CM,BSE,STK,522029,INE052A01021,WINDMACHIN,B,,,,,WINDSOR MACHINES LTD.,301.00,302.95,295.45,300.45,300.45,300.85,,300.05,,,2142,640280.00,83,F1,1,,,,,
2026-09-18,2026-09-18,CM,BSE,STK,522034,INE631A01022,SHANTIGEAR,B,,,,,SHANTHI GEARS LTD.,678.85,704.50,668.25,700.50,698.65,678.80,,700.09,,,7253,4977940.00,342,F1,1,,,,,
2026-09-18,2026-09-18,CM,BSE,STK,522036,INE338P01014,MIVENMACH,X,,,,,MIVEN MACHINE TOOLS LTD.,69.36,69.36,68.00,68.00,68.00,68.00,,68.00,,,19,1297.00,3,F1,1,,,,,
2026-09-18,2026-09-18,CM,BSE,STK,522064,INE634A01018,HONDAPOWER,B,,,,,HONDA INDIA POWER PRODUCTS LIM,1935.00,1967.00,1901.30,1916.75,1901.30,1947.15,,1929.23,,,280,537842.00,56,F1,1,,,,,
2026-09-18,2026-09-18,CM,BSE,STK,522073,INE127B01011,HITECHGEAR,T,,,,,The Hi-Tech Gears Ltd,535.10,535.10,516.00,527.35,527.35,536.00,,540.00,,,323,170598.00,12,F1,1,,,,,
2026-09-18,2026-09-18,CM,BSE,STK,522074,INE285A01027,ELGIEQUIP,A,,,,,ELGI EQUIPMENTS LTD.,592.95,613.35,592.95,609.05,610.00,593.50,,609.51,,,36464,22076257.00,1388,F1,1,,,,,
2026-09-18,2026-09-18,CM,BSE,STK,522091,INE890G01047,UVDRHOR,X,,,,,UNITED VAN DER HORST LTD.,38.05,38.61,37.00,37.88,37.83,38.82,,37.88,,,7974,300726.00,43,F1,1,,,,,
2026-09-18,2026-09-18,CM,BSE,STK,522101,INE338F01015,KLBRENG-B,B,,,,,KILBURN ENGINEERING LTD.,467.45,476.00,455.00,471.50,471.50,460.30,,471.13,,,24213,11301528.00,726,F1,1,,,,,
2026-09-18,2026-09-18,CM,BSE,STK,522105,INE372E01025,BIRLAPREC,T,,,,,BIRLA PRECISION TECHNOLOGIES L,58.40,59.00,56.06,57.31,57.98,58.95,,57.12,,,36507,2090348.00,223,F1,1,,,,,
2026-09-18,2026-09-18,CM,BSE,STK,522108,INE384C01016,YUKEN,B,,,,,YUKEN INDIA LTD.,1112.00,1142.25,1083.65,1138.70,1140.00,1121.90,,1139.18,,,1430,1593004.00,262,F1,1,,,,,
2026-09-18,2026-09-18,CM,BSE,STK,522113,INE325A01013,TIMKEN,A,,,,,TIMKEN INDIA LTD.,3185.00,3269.45,3095.00,3119.90,3144.85,3181.80,,3123.34,,,151903,482473079.00,968,F1,1,,,,,
2026-09-18,2026-09-18,CM,BSE,STK,522122,INE285C01015,VOITHPAPR,B,,,,,VOITH PAPER FABRICS INDIA LTD.,1470.00,1492.50,1470.00,1485.90,1485.90,1460.00,,1462.23,,,79,116756.00,4,F1,1,,,,,
2026-09-18,2026-09-18,CM,BSE,STK,522134,INE133D01023,ARTSON,X,,,,,ARTSON LIMITED,168.15,171.95,163.00,167.55,168.85,170.00,,167.55,,,13676,2301613.00,102,F1,1,,,,,
2026-09-18,2026-09-18,CM,BSE,STK,522163,INE989C01038,DIACABS,T,,,,,DIAMOND POWER INFRASTRUCTURE L,376.95,379.95,362.05,367.15,367.85,375.70,,366.81,,,50566,18569585.00,770,F1,1,,,,,
2026-09-18,2026-09-18,CM,BSE,STK,522165,INE867D01018,INDSILHYD,X,,,,,INDSIL HYDRO POWER AND MANGANE,40.00,40.00,38.50,39.28,39.70,39.15,,39.28,,,3860,150432.00,60,F1,1,,,,,
2026-09-18,2026-09-18,CM,BSE,STK,522183,INE478D01014,ITL,B,,,,,ITL INDUSTRIES LTD.,369.00,369.05,357.00,357.15,357.00,364.00,,356.92,,,88,31513.00,14,F1,1,,,,,
2026-09-18,2026-09-18,CM,BSE,STK,522195,INE572D01014,FRONTSP,B,,,,,FRONTIER SPRINGS LTD.,1220.00,1222.45,1189.00,1201.65,1203.90,1200.45,,1199.00,,,3360,4042521.00,317,F1,1,,,,,
2026-09-18,2026-09-18,CM,BSE,STK,522205,INE074A01025,PRAJIND,A,,,,,PRAJ INDUSTRIES LTD.,316.00,319.70,314.20,316.05,316.05,317.30,,316.05,,,20570,6498493.00,649,F1,1,,,,,
2026-09-18,2026-09-18,CM,BSE,STK,522207,INE682D01011,RASANDIK,X,,,,,RASANDIK ENGINEERING INDUSTRIE,62.40,62.45,56.05,59.84,59.89,58.50,,59.84,,,752,45362.00,21,F1,1,,,,,
2026-09-18,2026-09-18,CM,BSE,STK,522209,INE429B01011,YOGISUNG,X,,,,,YOGI SUNG-WON (INDIA) LTD.,6.67,6.67,6.29,6.65,6.65,6.67,,6.65,,,126,839.00,8,F1,1,,,,,
2026-09-18,2026-09-18,CM,BSE,STK,522215,INE461D01028,HLEGLAS,B,,,,,HLE GLASCOAT LIMITED,419.95,456.95,414.25,446.00,446.00,415.95,,446.79,,,59056,26144092.00,2423,F1,1,,,,,
2026-09-18,2026-09-18,CM,BSE,STK,522217,INE826C01016,GUJAPOLLO,B,,,,,GUJARAT APOLLO INDUSTRIES LTD.,326.50,355.00,325.00,355.00,355.00,326.90,,350.10,,,1266,429876.00,213,F1,1,,,,,
2026-09-18,2026-09-18,CM,BSE,STK,522229,INE692C01020,TANAA,B,,,,,TANEJA AEROSPACE & AVIATION LT,266.05,270.00,262.00,266.50,266.50,264.05,,266.40,,,2584,687319.00,116,F1,1,,,,,
2026-09-18,2026-09-18,CM,BSE,STK,522231,INE714D01020,CONART,X,,,,,CONART ENGINEERS LTD.,89.99,91.40,87.43,88.20,89.00,87.43,,88.20,,,10210,902466.00,96,F1,1,,,,,
2026-09-18,2026-09-18,CM,BSE,STK,522235,INE097E01028,MINALIND,T,,,,,MINAL INDUSTRIES LIMITED,5.15,5.15,5.15,5.15,5.15,5.25,,5.15,,,494,2544.00,13,F1,1,,,,,
2026-09-18,2026-09-18,CM,BSE,STK,522237,INE092H01014,SHIVAGR,X,,,,,SHIVAGRICO IMPLEMENTS LTD.,26.30,26.30,22.50,22.52,22.52,25.00,,22.52,,,1106,24921.00,13,F1,1,,,,,
2026-09-18,2026-09-18,CM,BSE,STK,522241,INE227C01017,MMFL,B,,,,,M.M.FORGINGS LTD.,624.70,633.00,621.05,628.55,629.90,618.10,,628.55,,,786,492718.00,97,F1,1,,,,,
2026-09-18,2026-09-18,CM,BSE,STK,522249,INE040D01038,MAYURUNIQ,B,,,,,MAYUR UNIQUOTERS LTD.,754.35,754.75,743.55,744.90,744.40,749.70,,743.43,,,825,616835.00,114,F1,1,,,,,
2026-09-18,2026-09-18,CM,BSE,STK,522251,INE627F01011,CENLUB,X,,,,,CENLUB INDUSTRIES LTD.,165.95,170.95,162.05,164.35,169.40,165.95,,164.35,,,3588,602777.00,95,F1,1,,,,,
2026-09-18,2026-09-18,CM,BSE,STK,522257,INE535F01024,RAJOOENG,T,,,,,RAJOO ENGINEERS LTD.,54.00,54.33,51.76,52.92,52.92,53.67,,52.97,,,21010,1109976.00,138,F1,1,,,,,
2026-09-18,2026-09-18,CM,BSE,STK,522261,INE920A01037,DOLPHIN,B,,,,,DOLPHIN OFFSHORE ENTERPRISES (,673.90,680.00,660.75,664.05,663.45,678.80,,665.34,,,1763,1174560.00,152,F1,1,,,,,
2026-09-18,2026-09-18,CM,BSE,STK,522267,INE466D01019,VJLAXMIE,X,,,,,VEEJAY LAKSHMI ENGINEERING WOR,38.15,38.21,38.15,38.20,38.20,38.11,,38.20,,,51,1948.00,3,F1,1,,,,,
2026-09-18,2026-09-18,CM,BSE,STK,522273,INE868C01018,AHMDSTE,X,,,,,AHMEDABAD STEELCRAFT LTD.,168.90,168.90,152.95,158.05,160.00,162.00,,158.05,,,1511,242753.00,54,F1,1,,,,,
2026-09-18,2026-09-18,CM,BSE,STK,522275,INE200A01026,GVT&D,A,,,,,GE Vernova T&D India Limited,4394.40,4432.00,4356.70,4405.00,4405.00,4353.85,,4385.02,,,24972,109679538.00,3362,F1,1,,,,,
2026-09-18,2026-09-18,CM,BSE,STK,522281,INE207E01023,RAMRAT,B,,,,,RAM RATNA WIRES LTD.,561.80,564.00,552.75,554.60,553.80,558.55,,554.74,,,12968,7245931.00,518,F1,1,,,,,
2026-09-18,2026-09-18,CM,BSE,STK,522285,INE854B01010,JAYNECOIND,A,,,,,JAYASWAL NECO INDUSTRIES LTD.,88.94,89.87,88.63,89.38,89.80,88.97,,89.27,,,57061,5094551.00,432,F1,1,,,,,
2026-09-18,2026-09-18,CM,BSE,STK,522287,INE220B01022,KPIL,A,,,,,KALPATARU PROJECTS INTERNATION,1400.55,1456.75,1400.55,1447.10,1456.75,1399.50,,1445.58,,,17039,24489300.00,1976,F1,1,,,,,
2026-09-18,2026-09-18,CM,BSE,STK,522289,INE169F01014,NMSGLOBAL,X,,,,,NMS GLOBAL LIMITED,39.56,40.95,39.56,39.56,39.56,41.64,,39.56,,,286959,11352219.00,27,F1,1,,,,,
2026-09-18,2026-09-18,CM,BSE,STK,522292,INE713D01055,CANDOUR,XT,,,,,CANDOUR TECHTEX LIMITED,61.18,63.90,61.18,62.36,63.20,60.88,,62.36,,,1389,87891.00,22,F1,1,,,,,
2026-09-18,2026-09-18,CM,BSE,STK,522294,INE811B01010,TIGLOB,X,,,,,T & I GLOBAL LTD.,177.35,179.50,177.30,179.50,179.50,177.30,,179.50,,,945,168023.00,9,F1,1,,,,,
2026-09-18,2026-09-18,CM,BSE,STK,522295,INE663B01015,CONTROLPR,B,,,,,CONTROL PRINT LIMITED,610.00,611.45,597.70,598.30,603.45,604.80,,600.88,,,579,350853.00,63,F1,1,,,,,
2026-09-18,2026-09-18,CM,BSE,STK,522650,INE142E01022,BEMHY,X,,,,,BEMCO HYDRAULICS LTD.,103.00,105.00,101.45,102.15,102.20,102.00,,102.15,,,4415,451967.00,90,F1,1,,,,,
2026-09-18,2026-09-18,CM,BSE,STK,523007,INE030C01015,ANSALBU,B,,,,,ANSAL BUILDWELL LTD.,76.01,78.01,76.01,78.00,78.00,80.00,,78.58,,,372,28757.00,5,F1,1,,,,,
2026-09-18,2026-09-18,CM,BSE,STK,523011,INE080A01014,WEIZMANIND,B,,,,,WEIZMANN LTD.,70.46,70.46,70.46,70.46,70.46,72.83,,71.48,,,12,845.00,2,F1,1,,,,,
2026-09-18,2026-09-18,CM,BSE,STK,523019,INE710D01028,BNRSEC,X,,,,,B.N.RATHI SECURITIES LTD.,17.25,17.80,17.25,17.56,17.55,17.50,,17.56,,,5609,98760.00,84,F1,1,,,,,
2026-09-18,2026-09-18,CM,BSE,STK,523021,INE989D01010,RISHITECH,X,,,,,RISHI TECHTEX LTD.,38.40,38.40,38.40,38.40,38.40,39.79,,38.40,,,50,1920.00,1,F1,1,,,,,
2026-09-18,2026-09-18,CM,BSE,STK,523023,INE985A01022,SINCLAIR,B,,,,,SINCLAIRS HOTELS LIMITED,78.97,82.80,78.97,81.99,82.17,77.52,,81.93,,,274,22160.00,32,F1,1,,,,,
2026-09-18,2026-09-18,CM,BSE,STK,523025,INE429E01023,SAFARI,A,,,,,SAFARI INDUSTRIES (INDIA) LTD.,1506.55,1523.35,1465.00,1502.60,1504.25,1512.35,,1501.03,,,5347,7954634.00,702,F1,1,,,,,
2026-09-18,2026-09-18,CM,BSE,STK,523100,INE124B01018,COSMOFE,X,,,,,COSMO FERRITES LTD.,176.50,184.25,176.50,182.75,180.00,179.95,,182.75,,,770,138106.00,21,F1,1,,,,,
2026-09-18,2026-09-18,CM,BSE,STK,523105,INE293E01031,CROPSTER,T,,,,,CROPSTER AGRO LIMITED,2.47,2.47,2.47,2.47,2.47,2.60,,2.47,,,2701680,6673149.00,2854,F1,1,,,,,
2026-09-18,2026-09-18,CM,BSE,STK,523120,INE628D01014,THRIVE,XT,,,,,THRIVE FUTURE HABITATS LIMITED,92.10,92.10,90.00,91.99,91.99,87.72,,91.99,,,2141,196880.00,17,F1,1,,,,,
2026-09-18,2026-09-18,CM,BSE,STK,523127,INE276C01014,EIHAHOTELS,B,,,,,EIH ASSOCIATED HOTELS LTD.,295.35,307.20,294.60,303.15,302.90,293.70,,303.48,,,1311,396271.00,129,F1,1,,,,,
2026-09-18,2026-09-18,CM,BSE,STK,523144,INE442D01010,MEDICAPQ,T,,,,,MEDI-CAPS LTD.,25.81,25.81,24.66,25.81,25.81,24.59,,25.82,,,1795,46127.00,7,F1,1,,,,,
2026-09-18,2026-09-18,CM,BSE,STK,523160,INE599F01020,FOSECOC,X,,,,,FOSECO CRUCIBLE INDIA LIMITED,1995.85,2048.00,1985.05,2017.25,2034.00,1995.85,,2017.25,,,5237,10581913.00,429,F1,1,,,,,
2026-09-18,2026-09-18,CM,BSE,STK,523186,INE00FM01013,BAPACK,X,,,,,B&A PACKAGING INDIA LIMITED,218.90,218.95,200.10,200.95,210.00,219.00,,200.95,,,891,181962.00,30,F1,1,,,,,
2026-09-18,2026-09-18,CM,BSE,STK,523204,INE421A01028,ABAN,T,,,,,ABAN OFFSHORE LTD.,14.32,14.40,14.14,14.26,14.26,14.20,,14.53,,,1127,16033.00,31,F1,1,,,,,
2026-09-18,2026-09-18,CM,BSE,STK,523207,INE760A01029,KOKUYOCMLN,B,,,,,KOKUYO CAMLIN LTD.,76.69,78.73,76.39,78.19,78.73,77.35,,77.80,,,1599,123077.00,105,F1,1,,,,,
2026-09-18,2026-09-18,CM,BSE,STK,523222,INE173J01018,SRMENERGY,XT,,,,,SRM ENERGY LTD.,24.60,26.99,24.43,26.70,26.99,25.71,,26.70,,,39198,1008951.00,94,F1,1,,,,,
2026-09-18,2026-09-18,CM,BSE,STK,523229,INE415D01024,BHARATSE,B,,,,,BHARAT SEATS LTD.,210.20,215.45,210.20,214.20,213.10,209.00,,214.02,,,5572,1184184.00,170,F1,1,,,,,
2026-09-18,2026-09-18,CM,BSE,STK,523232,INE369D01023,CONTPTR,X,,,,,CONTINENTAL PETROLEUMS LTD.,75.60,79.95,72.46,77.49,77.49,75.60,,77.49,,,278,20254.00,7,F1,1,,,,,
2026-09-18,2026-09-18,CM,BSE,STK,523242,INE006F01018,NBFOOT,P,,,,,NB FOOTWEAR LTD.,3.40,3.59,3.25,3.58,3.58,3.42,,3.58,,,5600,19579.00,14,F1,100,,,,,
2026-09-18,2026-09-18,CM,BSE,STK,523248,INE082B01018,MACPLASQ,X,,,,,MACHINO PLASTICS LTD.,292.70,292.80,274.35,284.95,285.00,291.80,,284.95,,,4592,1326519.00,29,F1,1,,,,,
2026-09-18,2026-09-18,CM,BSE,STK,523260,INE844A01013,PEARLPOLY,B,,,,,PEARL POLYMERS LTD.,15.87,15.87,15.87,15.87,15.87,15.12,,17.09,,,1,15.00,1,F1,1,,,,,
2026-09-18,2026-09-18,CM,BSE,STK,523261,INE398A01010,VENKEYS,B,,,,,VENKYS (INDIA) LTD.,1664.80,1673.95,1617.70,1645.20,1652.50,1653.90,,1646.72,,,3352,5513587.00,329,F1,1,,,,,
2026-09-18,2026-09-18,CM,BSE,STK,523269,INE199C01026,ADVANIHOTR,B,,,,,ADVANI HOTELS & RESORTS (INDIA,48.97,48.98,47.52,47.71,47.52,47.63,,47.87,,,2366,113643.00,75,F1,1,,,,,
2026-09-18,2026-09-18,CM,BSE,STK,523277,INE395B01048,GVFILM,X,,,,,GV FILMS LTD.,0.39,0.39,0.38,0.39,0.39,0.38,,0.39,,,2593718,1011550.00,227,F1,1,,,,,
2026-09-18,2026-09-18,CM,BSE,STK,523283,INE712B01010,SUPERHOUSE,B,,,,,SUPERHOUSE LTD.,166.35,168.85,165.05,168.85,168.85,167.00,,165.10,,,39,6482.00,6,F1,1,,,,,
2026-09-18,2026-09-18,CM,BSE,STK,523289,INE763B01013,RAMAVISION,X,,,,,RAMA VISION LTD.,182.00,182.00,164.00,175.10,176.95,165.00,,175.10,,,5035,859852.00,54,F1,1,,,,,
2026-09-18,2026-09-18,CM,BSE,STK,523301,INE822C01015,TCPLPACK,B,,,,,TCPL PACKAGING LTD.,3881.90,3910.30,3845.00,3863.20,3890.50,3865.85,,3844.78,,,244,943610.00,58,F1,1,,,,,
2026-09-18,2026-09-18,CM,BSE,STK,523309,INE241V01018,SHRIGANG,X,,,,,SHRI GANG INDUSTRIES AND ALLIE,53.74,54.99,53.17,53.61,54.30,53.52,,53.61,,,3725,199747.00,56,F1,1,,,,,
2026-09-18,2026-09-18,CM,BSE,STK,523319,INE164A01016,BALMLAWRIE,B,,,,,BALMER LAWRIE AND COMPANY LIMI,163.55,169.25,162.65,168.10,168.45,162.65,,167.47,,,14539,2409776.00,280,F1,1,,,,,
2026-09-18,2026-09-18,CM,BSE,STK,523323,INE177F01017,KOVAI,B,,,,,KOVAI MEDICAL CENTER & HOSPITA,6139.05,6296.85,6101.00,6232.60,6296.65,6140.75,,6228.36,,,1106,6873709.00,309,F1,1,,,,,
2026-09-18,2026-09-18,CM,BSE,STK,523329,INE668G01021,ELDEHSG,B,,,,,ELDECO HOUSING & INDUSTRIES LT,787.20,787.20,769.00,769.90,769.00,775.00,,776.43,,,5476,4211136.00,9,F1,1,,,,,
2026-09-18,2026-09-18,CM,BSE,STK,523367,INE499A01024,DCMSHRIRAM,A,,,,,DCM SHRIRAM LIMITED,989.05,1006.10,983.45,998.35,1003.10,984.45,,995.22,,,4911,4892517.00,285,F1,1,,,,,
2026-09-18,2026-09-18,CM,BSE,STK,523369,INE843D01027,DCMSRIND,B,,,,,DCM SHRIRAM INDUSTRIES LTD.,38.23,39.60,37.51,38.40,38.54,38.40,,38.24,,,37495,1430703.00,217,F1,1,,,,,
2026-09-18,2026-09-18,CM,BSE,STK,523371,INE636A01039,MAWANASUG,B,,,,,MAWANA SUGARS LTD.,125.30,129.80,124.00,128.60,128.05,125.45,,128.22,,,4104,516046.00,107,F1,1,,,,,
2026-09-18,2026-09-18,CM,BSE,STK,523373,INE281E01028,MINID,X,,,,,MINI DIAMONDS (INDIA) LTD.,4.33,4.33,4.19,4.20,4.20,4.22,,4.20,,,228290,971225.00,327,F1,1,,,,,
2026-09-18,2026-09-18,CM,BSE,STK,523384,INE843B01013,MAHAPEXLTD,B,,,,,MAHA RASHTRA APEX CORPORATION,57.22,57.22,54.45,54.45,54.45,54.33,,54.72,,,124,6874.00,7,F1,1,,,,,
2026-09-18,2026-09-18,CM,BSE,STK,523385,INE310A01015,NILKAMAL,B,,,,,NILKAMAL LTD.,1919.35,1922.00,1868.70,1889.95,1889.95,1921.35,,1887.92,,,2543,4817263.00,329,F1,1,,,,,
2026-09-18,2026-09-18,CM,BSE,STK,523387,INE982C01033,HOM,X,,,,,HOMRE LIMITED,1.95,1.98,1.80,1.83,1.82,1.89,,1.83,,,165025,300452.00,266,F1,1,,,,,
2026-09-18,2026-09-18,CM,BSE,STK,523391,INE308A01027,NAHARPOLY,B,,,,,NAHAR POLYFILMS LTD.,225.00,228.65,225.00,226.10,226.10,223.00,,227.02,,,201,45614.00,12,F1,1,,,,,
2026-09-18,2026-09-18,CM,BSE,STK,523395,INE470A01017,3MINDIA,A,,,,,3M INDIA LTD.,32490.00,34400.00,32404.90,34233.10,34150.00,32481.05,,34100.70,,,287,9741277.00,129,F1,1,,,,,
2026-09-18,2026-09-18,CM,BSE,STK,523398,INE782A01015,BOSCH-HCIL,B,,,,,BOSCH HOME COMFORT INDIA LIMIT,1672.75,1708.30,1670.25,1695.55,1674.25,1668.45,,1694.17,,,3525,5972107.00,444,F1,1,,,,,
2026-09-18,2026-09-18,CM,BSE,STK,523405,INE780C01023,JMFINANCIL,A,,,,,JM FINANCIAL LTD.,123.00,126.75,122.55,126.30,126.25,122.50,,126.30,,,107231,13470078.00,1149,F1,1,,,,,
2026-09-18,2026-09-18,CM,BSE,STK,523411,INE833A01016,ADCINDIA,XT,,,,,ADC INDIA COMMUNICATIONS LIMIT,2265.40,2271.00,2265.00,2271.00,2271.00,2265.40,,2271.00,,,469,1064550.00,30,F1,1,,,,,
2026-09-18,2026-09-18,CM,BSE,STK,523419,INE141D01018,TNTELE,B,,,,,TAMILNADU TELECOMMUNICATIONS L,8.90,8.98,8.63,8.66,8.66,8.92,,8.86,,,553,4923.00,8,F1,1,,,,,
2026-09-18,2026-09-18,CM,BSE,STK,523425,INE459D01014,SUNRAJDI,X,,,,,SUNRAJ DIAMOND EXPORTS LTD.,11.14,11.64,10.55,11.19,11.63,11.09,,11.19,,,2263,25356.00,26,F1,1,,,,,
2026-09-18,2026-09-18,CM,BSE,STK,523445,INE046A01015,RIIL,B,,,,,RELIANCE INDUSTRIAL INFRASTRUC,705.85,705.85,700.05,702.40,702.50,699.10,,703.15,,,1021,718169.00,92,F1,1,,,,,
2026-09-18,2026-09-18,CM,BSE,STK,523457,INE473A01011,LINDEINDIA,A,,,,,Linde India Limited,6130.00,6257.20,6130.00,6243.15,6257.20,6094.10,,6241.53,,,888,5510603.00,257,F1,1,,,,,
2026-09-18,2026-09-18,CM,BSE,STK,523465,INE969D01012,INDBNK,B,,,,,IND BANK HOUSING LTD.,52.00,52.95,51.50,52.92,52.95,48.60,,52.92,,,2309,120562.00,46,F1,1,,,,,
2026-09-18,2026-09-18,CM,BSE,STK,523467,INE250C01027,JAIMATAG,XT,,,,,JAI MATA GLASS LTD.,2.85,2.99,2.76,2.99,2.99,2.85,,2.99,,,58896,174789.00,73,F1,1,,,,,
2026-09-18,2026-09-18,CM,BSE,STK,523475,INE026D01011,LOTUSCHO,B,,,,,LOTUS CHOCOLATE CO.LTD.,569.30,580.00,560.00,576.35,576.70,569.30,,575.62,,,1657,942871.00,279,F1,1,,,,,
2026-09-18,2026-09-18,CM,BSE,STK,523489,INE889F01017,CMMHOSP,X,,,,,CHENNAI MEENAKSHI MULTISPECIAL,39.50,39.50,37.00,38.60,38.60,38.51,,38.60,,,92,3424.00,10,F1,1,,,,,
2026-09-18,2026-09-18,CM,BSE,STK,523519,INE951C01012,UNIOFFICE,X,,,,,UNIVERSAL OFFICE AUTOMATION LT,6.53,6.97,6.53,6.70,6.70,6.85,,6.70,,,385,2667.00,6,F1,1,,,,,
2026-09-18,2026-09-18,CM,BSE,STK,523537,INE170D01025,APMIN,X,,,,,APM INDUSTRIES LTD.,58.00,59.50,58.00,58.00,58.00,59.40,,58.00,,,14717,856856.00,35,F1,1,,,,,
2026-09-18,2026-09-18,CM,BSE,STK,523539,INE372C01037,PRECWIRE,B,,,,,PRECISION WIRES INDIA LTD.,449.00,488.00,449.00,478.80,478.80,449.55,,478.43,,,87588,41819302.00,3317,F1,1,,,,,
2026-09-18,2026-09-18,CM,BSE,STK,523550,INE951B01014,KRYPTONQ,X,,,,,KRYPTON INDUSTRIES LTD.,34.50,34.50,34.50,34.50,34.50,35.01,,34.50,,,214,7383.00,12,F1,1,,,,,
2026-09-18,2026-09-18,CM,BSE,STK,523558,INE010C01025,SWISSMLTRY,T,,,,,SWISS MILITARY CONSUMER GOODS,14.98,15.24,14.35,14.62,14.51,14.75,,14.78,,,18016,266326.00,115,F1,1,,,,,
2026-09-18,2026-09-18,CM,BSE,STK,523566,INE199D01016,MARBU,X,,,,,MARTIN BURN LTD.,45.20,45.94,43.00,45.94,45.94,45.20,,45.94,,,814,35115.00,13,F1,1,,,,,
2026-09-18,2026-09-18,CM,BSE,STK,523574,INE623B01027,FEL,Z,,,,,Future Enterprises Limited,0.49,0.49,0.49,0.49,0.49,0.49,,0.36,,,3189,1562.00,6,F1,1,,,,,
2026-09-18,2026-09-18,CM,BSE,STK,523586,INE826B01026,INDTONER,X,,,,,INDIAN TONERS & DEVELOPERS LTD,47.80,47.80,46.32,47.12,47.01,47.22,,47.12,,,15545,736171.00,160,F1,1,,,,,
2026-09-18,2026-09-18,CM,BSE,STK,523594,INE638D01021,KUNSTOFF,X,,,,,KUNSTSTOFFE INDUSTRIES LTD.,20.20,21.45,20.20,20.49,20.50,21.69,,20.49,,,291,5906.00,13,F1,1,,,,,
2026-09-18,2026-09-18,CM,BSE,STK,523598,INE109A01011,SCI,A,,,,,SHIPPING CORPORATION OF INDIA,270.75,278.00,269.50,277.10,277.10,269.80,,277.05,,,77398,21195192.00,1567,F1,1,,,,,
2026-09-18,2026-09-18,CM,BSE,STK,523606,INE438E01032,SIKA,B,,,,,SIKA INTERPLANT SYSTEMS LTD.,1029.65,1060.50,1012.90,1020.90,1045.45,1027.15,,1021.41,,,8038,8318012.00,628,F1,1,,,,,
2026-09-18,2026-09-18,CM,BSE,STK,523610,INE248A01017,ITI,B,,,,,ITI LTD.,254.45,257.20,254.25,256.45,256.70,255.40,,256.30,,,7563,1932203.00,290,F1,1,,,,,
2026-09-18,2026-09-18,CM,BSE,STK,523618,INE506A01018,DREDGECORP,B,,,,,DREDGING CORPORATION OF INDIA,985.55,1005.00,985.55,992.25,990.80,989.35,,992.30,,,3651,3637766.00,338,F1,1,,,,,
2026-09-18,2026-09-18,CM,BSE,STK,523620,INE486I01016,PHRMASI,X,,,,,PHAARMASIA LTD.,89.00,89.00,88.00,88.00,88.00,89.00,,88.00,,,213,18857.00,4,F1,1,,,,,
2026-09-18,2026-09-18,CM,BSE,STK,523630,INE870D01012,NFL,B,,,,,NATIONAL FERTILIZERS LTD.,66.90,67.32,66.60,66.80,66.72,66.75,,66.79,,,29890,1996734.00,231,F1,1,,,,,
2026-09-18,2026-09-18,CM,BSE,STK,523638,INE558A01019,IPRINGLTD,B,,,,,IP RINGS LTD.,144.95,144.95,137.50,140.00,140.00,136.80,,139.95,,,808,113123.00,45,F1,1,,,,,
2026-09-18,2026-09-18,CM,BSE,STK,523642,INE603J01030,PIIND,A,,,,,P.I.INDUSTRIES LTD.,2304.70,2337.90,2301.15,2327.00,2327.00,2308.00,,2366.78,,,11184,25974935.00,1129,F1,1,,,,,
2026-09-18,2026-09-18,CM,BSE,STK,523648,INE083C01022,PLASTIBLEN,B,,,,,PLASTIBLENDS INDIA LTD.,186.65,188.00,185.75,186.20,186.20,184.80,,186.63,,,250,46697.00,34,F1,1,,,,,
2026-09-18,2026-09-18,CM,BSE,STK,523650,INE823D01011,YASHINNO,X,,,,,YASH INNOVENTURES LIMITED,46.99,46.99,44.00,46.00,46.00,44.95,,46.00,,,25813,1158538.00,96,F1,1,,,,,
2026-09-18,2026-09-18,CM,BSE,STK,523660,INE054C01015,WATERBASE,B,,,,,WATERBASE LTD.,46.07,47.35,45.48,45.86,45.86,46.47,,45.95,,,3009,138948.00,147,F1,1,,,,,
2026-09-18,2026-09-18,CM,BSE,STK,523672,INE954B01018,FLEXFO,X,,,,,FLEX FOODS LTD.,46.50,48.00,46.50,46.59,48.00,46.55,,46.59,,,12375,589189.00,26,F1,1,,,,,
2026-09-18,2026-09-18,CM,BSE,STK,523676,INE798D01015,GOLKUNDIA,X,,,,,GOLKUNDA DIAMONDS & JEWELLERY,317.70,334.50,317.70,328.15,328.00,331.25,,328.15,,,959,317859.00,56,F1,1,,,,,
2026-09-18,2026-09-18,CM,BSE,STK,523694,INE116A01032,APCOTEXIND,B,,,,,APCOTEX INDUSTRIES LTD.,597.70,612.35,593.00,605.15,610.55,599.50,,604.87,,,7142,4324803.00,350,F1,1,,,,,
2026-09-18,2026-09-18,CM,BSE,STK,523696,INE842B01015,FORTISMLR,X,,,,,FORTIS MALAR HOSPITALS LIMITED,42.00,42.00,40.20,41.95,41.95,41.31,,41.95,,,7501,310650.00,163,F1,1,,,,,
2026-09-18,2026-09-18,CM,BSE,STK,523704,INE759A01021,MASTEK,A,,,,,MASTEK LTD.,1633.65,1634.00,1576.10,1588.20,1588.80,1634.45,,1588.20,,,22766,36263677.00,1091,F1,1,,,,,
2026-09-18,2026-09-18,CM,BSE,STK,523708,INE158B01016,EIMCOELECO,B,,,,,EIMCO ELECON (INDIA) LTD.,2272.05,2292.40,2242.00,2245.50,2242.00,2245.50,,2248.24,,,1048,2362517.00,177,F1,1,,,,,
2026-09-18,2026-09-18,CM,BSE,STK,523710,INE318C01014,SAYAJIHOTL,B,,,,,SAYAJI HOTELS LIMITED,315.80,343.00,315.80,343.00,343.00,319.00,,331.00,,,111,35081.00,2,F1,1,,,,,
2026-09-18,2026-09-18,CM,BSE,STK,523716,INE365D01021,ASHIANA,B,,,,,ASHIANA HOUSING LTD.,352.75,363.20,349.00,355.80,353.15,353.10,,354.77,,,4590,1623012.00,156,F1,1,,,,,
2026-09-18,2026-09-18,CM,BSE,STK,523722,INE119B01018,SVAMSOF,X,,,,,SVAM SOFTWARE LTD.,6.35,6.45,6.01,6.05,6.05,6.15,,6.05,,,15523,98777.00,52,F1,1,,,,,
2026-09-18,2026-09-18,CM,BSE,STK,523732,INE866A01016,ECOBOAR,X,,,,,ECOBOARD INDUSTRIES LTD.,63.99,67.25,62.63,64.90,63.00,60.89,,64.90,,,17825,1163596.00,68,F1,1,,,,,
2026-09-18,2026-09-18,CM,BSE,STK,523736,INE477B01010,DVL,B,,,,,Dhunseri Ventures Limited,292.55,292.55,289.50,290.25,290.25,277.45,,290.01,,,299,86860.00,18,F1,1,,,,,
2026-09-18,2026-09-18,CM,BSE,STK,523752,INE502D01011,TIHIL,XT,,,,,TRANS INDIA HOUSE IMPEX LIMITE,2.82,2.82,2.67,2.75,2.77,2.76,,2.75,,,21801,59074.00,47,F1,1,,,,,
2026-09-18,2026-09-18,CM,BSE,STK,523754,INE215D01010,MAHEPC,B,,,,,MAHINDRA EPC IRRIGATION LIMITE,103.00,104.00,101.20,101.70,101.65,103.55,,102.54,,,8114,833356.00,67,F1,1,,,,,
2026-09-18,2026-09-18,CM,BSE,STK,523782,INE844D01017,MITSHI,X,,,,,Mitshi India Limited,15.48,15.48,14.20,14.93,14.99,14.54,,14.93,,,8645,128330.00,60,F1,1,,,,,
2026-09-18,2026-09-18,CM,BSE,STK,523792,INE885E01042,MAZDA,T,,,,,MAZDA LTD.,255.00,273.90,254.10,271.00,271.00,264.35,,266.62,,,53373,13905614.00,87,F1,1,,,,,
2026-09-18,2026-09-18,CM,BSE,STK,523796,INE048C01025,VHLTD,T,,,,,VICEROY HOTELS LTD.,123.45,127.90,123.45,126.55,125.85,129.90,,126.34,,,29948,3762782.00,120,F1,1,,,,,
2026-09-18,2026-09-18,CM,BSE,STK,523826,INE959D01013,SOVERDIA,X,,,,,SOVEREIGN DIAMONDS LTD.,28.74,30.10,27.01,28.12,28.01,28.47,,28.12,,,318,8647.00,7,F1,1,,,,,
2026-09-18,2026-09-18,CM,BSE,STK,523828,INE071D01033,MENONBE,T,,,,,MENON BEARINGS LTD.,312.50,320.50,305.60,312.95,316.00,305.60,,316.67,,,12315,3892311.00,221,F1,1,,,,,
2026-09-18,2026-09-18,CM,BSE,STK,523832,INE862C01029,MUKATPIP,X,,,,,MUKAT PIPES LTD.,14.00,14.59,13.48,14.51,14.59,14.17,,14.51,,,5526,77539.00,27,F1,1,,,,,
2026-09-18,2026-09-18,CM,BSE,STK,523836,INE610B01024,GUJRAFFIA,B,,,,,GUJARAT RAFFIA INDUSTRIES LTD.,40.00,41.50,39.89,41.40,41.40,42.30,,40.36,,,2530,101896.00,24,F1,1,,,,,
2026-09-18,2026-09-18,CM,BSE,STK,523838,INE059B01024,SIMPLEXINF,B,,,,,SIMPLEX INFRASTRUCTURES LTD.,253.30,268.15,249.85,251.35,251.00,251.40,,251.40,,,7709,1976498.00,321,F1,1,,,,,
2026-09-18,2026-09-18,CM,BSE,STK,523840,INE965C01038,INNOVTEC,X,,,,,INNOVATIVE TECH PACK LTD.,14.65,15.44,14.32,15.39,15.39,14.57,,15.39,,,6060,87939.00,30,F1,1,,,,,
2026-09-18,2026-09-18,CM,BSE,STK,523842,INE460D01038,SUPTANERY,T,,,,,SUPER TANNERY LIMITED,8.52,9.40,8.52,9.40,9.40,8.96,,9.39,,,322969,2918200.00,616,F1,1,,,,,
2026-09-18,2026-09-18,CM,BSE,STK,523844,INE537B01011,CONSTRONIC,X,,,,,CONSTRONICS INFRA LIMITED,49.80,50.50,46.95,49.93,50.50,50.74,,49.93,,,2065,103099.00,20,F1,1,,,,,
2026-09-18,2026-09-18,CM,BSE,STK,523850,INE767C01012,AXTEL,B,,,,,AXTEL INDUSTRIES LTD.,435.65,448.90,435.65,441.55,442.95,440.05,,440.09,,,300,132495.00,24,F1,1,,,,,
2026-09-18,2026-09-18,CM,BSE,STK,523862,INE926B01016,GRANDOAK,B,,,,,GRAND OAK CANYONS DISTILLERY L,35.94,35.94,33.15,34.49,34.05,34.63,,34.23,,,411,14109.00,12,F1,1,,,,,
2026-09-18,2026-09-18,CM,BSE,STK,523874,INE191C01023,EASTINDIA,XT,,,,,East India Drums and Barrels M,95.95,95.95,93.55,94.77,95.00,94.98,,94.77,,,109398,10395320.00,84,F1,1,,,,,
2026-09-18,2026-09-18,CM,BSE,STK,523888,INE317D01014,MEGAMONT,X,,,,,MEGAMONT LIMITED,176.70,193.90,176.70,188.50,188.50,185.95,,188.50,,,284,53294.00,11,F1,1,,,,,
2026-09-18,2026-09-18,CM,BSE,STK,524000,INE511C01022,POONAWALLA,A,,,,,POONAWALLA FINCORP LIMITED,434.00,492.00,434.00,480.90,480.90,433.30,,479.48,,,419488,195401616.00,13193,F1,1,,,,,
2026-09-18,2026-09-18,CM,BSE,STK,524019,INE473D01015,KINGFA,B,,,,,Kingfa Science & Technology (I,5899.95,5940.00,5792.90,5805.05,5805.05,5851.25,,5825.79,,,402,2346986.00,118,F1,1,,,,,
2026-09-18,2026-09-18,CM,BSE,STK,524031,INE637N01014,PATIDAR,X,,,,,PATIDAR BUILDCON LIMITED,5.75,5.75,5.47,5.47,5.47,5.75,,5.47,,,110,621.00,4,F1,1,,,,,
2026-09-18,2026-09-18,CM,BSE,STK,524037,INE809A01032,RAMAPHO,B,,,,,RAMA PHOSPHATES LTD.,118.30,121.55,118.00,121.35,121.35,118.00,,120.87,,,1695,204796.00,118,F1,1,,,,,
2026-09-18,2026-09-18,CM,BSE,STK,524038,INE204D01022,VENLONENT,X,,,,,VENLON ENTERPRISES LTD.,4.35,4.35,3.77,3.79,3.79,4.20,,3.79,,,1944,7415.00,9,F1,1,,,,,
2026-09-18,2026-09-18,CM,BSE,STK,524051,INE633B01018,POLYPLEX,B,,,,,POLYPLEX CORPORATION LTD.,1089.55,1092.55,1074.10,1079.75,1080.90,1085.00,,1079.30,,,589,638167.00,92,F1,1,,,,,
2026-09-18,2026-09-18,CM,BSE,STK,524075,INE155C01010,ALBERTDAVD,B,,,,,ALBERT DAVID LTD.,836.05,847.25,820.80,847.25,847.25,848.75,,833.86,,,143,118077.00,7,F1,1,,,,,
2026-09-18,2026-09-18,CM,BSE,STK,524080,INE681F01018,HARLETH,X,,,,,HARYANA LEATHER CHEMICALS LTD.,57.55,57.55,56.10,57.32,57.43,56.15,,57.32,,,221,12709.00,12,F1,1,,,,,
2026-09-18,2026-09-18,CM,BSE,STK,524091,INE482D01024,CARYSIL,B,,,,,CARYSIL LIMITED,1111.65,1136.00,1107.00,1130.00,1131.40,1109.60,,1131.30,,,1742,1947239.00,227,F1,1,,,,,
2026-09-18,2026-09-18,CM,BSE,STK,524109,INE900B01029,KABRAEXTRU,B,,,,,KABRA EXTRUSIONTECHNIK LTD.,625.00,689.00,625.00,683.05,689.00,634.65,,681.65,,,12481,8359374.00,882,F1,1,,,,,
2026-09-18,2026-09-18,CM,BSE,STK,524129,INE250B01029,VINYLINDIA,B,,,,,VINYL CHEMICALS (INDIA) LTD.,216.00,225.05,216.00,224.95,224.60,215.00,,222.86,,,842,186925.00,69,F1,1,,,,,
2026-09-18,2026-09-18,CM,BSE,STK,524136,INE417E01010,PCCOSMA,XT,,,,,PEE CEE COSMA SOPE LTD.,499.55,499.55,475.00,491.25,493.70,490.00,,491.25,,,1812,884847.00,67,F1,1,,,,,
2026-09-18,2026-09-18,CM,BSE,STK,524156,INE034F01010,TCMLMTD,X,,,,,TCM LTD.,51.00,58.00,51.00,56.42,57.00,48.99,,56.42,,,21262,1150415.00,128,F1,1,,,,,
2026-09-18,2026-09-18,CM,BSE,STK,524164,INE485C01029,IOLCP,B,,,,,IOL CHEMICALS & PHARMACEUTICAL,198.95,205.85,196.00,202.95,202.95,197.45,,203.14,,,298944,60000824.00,4010,F1,1,,,,,
2026-09-18,2026-09-18,CM,BSE,STK,524174,INE133C01033,KESARPE,X,,,,,KESAR PETROPRODUCTS LTD.,13.07,13.98,12.80,13.19,13.05,13.11,,13.19,,,95103,1255571.00,271,F1,1,,,,,
2026-09-18,2026-09-18,CM,BSE,STK,524200,INE410B01037,VINATIORGA,A,,,,,VINATI ORGANICS LTD.,1250.60,1250.60,1230.00,1236.35,1230.00,1248.55,,1234.97,,,129988,161173202.00,424,F1,1,,,,,
2026-09-18,2026-09-18,CM,BSE,STK,524202,INE058I01013,LACTOSE,X,,,,,LACTOSE (INDIA) LTD.,102.00,102.90,100.45,101.45,101.60,100.90,,101.45,,,1569,158897.00,27,F1,1,,,,,
2026-09-18,2026-09-18,CM,BSE,STK,524204,INE757D01011,TEEAI,X,,,,,TEESTA AGRO INDUSTRIES LTD.,127.00,127.00,115.10,115.10,115.10,115.00,,115.10,,,45,5316.00,6,F1,1,,,,,
2026-09-18,2026-09-18,CM,BSE,STK,524208,INE769A01020,AARTIIND,A,,,,,AARTI INDUSTRIES LTD.,477.70,492.95,476.55,490.50,487.05,476.55,,491.13,,,26521,12913438.00,1227,F1,1,,,,,
2026-09-18,2026-09-18,CM,BSE,STK,524212,INE107F01022,WANBURY,B,,,,,WANBURY LTD.,226.00,228.35,221.35,223.15,222.00,222.85,,222.76,,,6297,1414897.00,204,F1,1,,,,,
2026-09-18,2026-09-18,CM,BSE,STK,524218,INE486D01017,RESONANCE,XT,,,,,RESONANCE SPECIALTIES LTD.,168.45,172.00,162.00,169.55,170.00,164.60,,169.55,,,8703,1465817.00,127,F1,1,,,,,
2026-09-18,2026-09-18,CM,BSE,STK,524226,INE036B01030,GAEL,B,,,,,GUJARAT AMBUJA EXPORTS LTD.,159.30,160.35,156.50,157.00,156.50,159.30,,156.95,,,11115,1757837.00,344,F1,1,,,,,
2026-09-18,2026-09-18,CM,BSE,STK,524230,INE027A01015,RCF,A,,,,,RASHTRIYA CHEMICALS & FERTILIZ,109.80,110.25,107.60,109.10,108.95,109.85,,109.08,,,65021,7036682.00,975,F1,1,,,,,
2026-09-18,2026-09-18,CM,BSE,STK,524238,INE659F01022,GUJINJEC,XT,,,,,GUJARAT INJECT (KERALA) LTD.,9.50,9.91,9.35,9.90,9.91,9.44,,9.90,,,914541,8982704.00,435,F1,1,,,,,
2026-09-18,2026-09-18,CM,BSE,STK,524280,INE082A01010,KOPRAN,B,,,,,KOPRAN LTD.,267.55,281.90,261.00,277.75,276.00,268.60,,277.61,,,133095,36175595.00,1902,F1,1,,,,,
2026-09-18,2026-09-18,CM,BSE,STK,524288,INE008B01013,AIMCOPEST,X,,,,,AIMCO PESTICIDES LTD.,47.00,47.00,44.12,45.35,45.02,47.82,,45.35,,,7441,337448.00,82,F1,1,,,,,
2026-09-18,2026-09-18,CM,BSE,STK,524314,INE499G01013,GUJTERC,X,,,,,GUJARAT TERCE LABORATORIES LTD,39.40,39.59,36.60,36.78,36.70,37.75,,36.78,,,7394,281748.00,52,F1,1,,,,,
2026-09-18,2026-09-18,CM,BSE,STK,524322,INE323K01017,KABRADG,X,,,,,KABRA DRUGS LTD.,19.25,19.83,18.80,19.08,19.08,19.22,,19.08,,,58827,1132277.00,126,F1,1,,,,,
2026-09-18,2026-09-18,CM,BSE,STK,524324,INE573R01012,SEYAIND,T,,,,,SEYA INDUSTRIES LTD.,13.05,13.05,13.05,13.05,13.05,12.80,,13.12,,,275,3588.00,3,F1,1,,,,,
2026-09-18,2026-09-18,CM,BSE,STK,524330,INE785A01026,JAYAGROGN,B,,,,,JAYANT AGRO-ORGANICS LTD.,225.75,229.80,224.95,229.65,229.65,224.45,,227.63,,,405,92626.00,14,F1,1,,,,,
2026-09-18,2026-09-18,CM,BSE,STK,524332,INE412G01024,BCLIND,B,,,,,BCL INDUSTRIES LIMITED,33.04,33.75,32.74,33.12,33.13,33.16,,33.06,,,53187,1771305.00,281,F1,1,,,,,
2026-09-18,2026-09-18,CM,BSE,STK,524336,INE065E01017,SHHARICH,XT,,,,,SHREE HARI CHEMICALS EXPORT LT,280.70,280.70,280.00,280.70,280.70,267.35,,280.70,,,22077,6196530.00,79,F1,1,,,,,
2026-09-18,2026-09-18,CM,BSE,STK,524342,INE803D01021,INDOBORAX,B,,,,,INDO BORAX & CHEMICALS LTD.,470.10,476.30,467.65,471.00,471.00,466.05,,472.05,,,8206,3868642.00,254,F1,1,,,,,
2026-09-18,2026-09-18,CM,BSE,STK,524348,INE767A01016,AARTIDRUGS,B,,,,,AARTI DRUGS LTD.,428.35,435.00,425.15,431.75,431.95,427.20,,431.80,,,5081,2191770.00,382,F1,1,,,,,
2026-09-18,2026-09-18,CM,BSE,STK,524370,INE338D01028,BODALCHEM,B,,,,,BODAL CHEMICALS LTD.,186.90,190.45,184.80,190.45,190.45,181.40,,191.23,,,124970,23614062.00,1041,F1,1,,,,,
2026-09-18,2026-09-18,CM,BSE,STK,524372,INE191A01027,ORCHPHARMA,B,,,,,Orchid Pharma Limited,975.40,1000.50,964.45,989.10,1000.50,956.20,,989.62,,,4656,4582908.00,261,F1,1,,,,,
2026-09-18,2026-09-18,CM,BSE,STK,524394,INE579C01029,VIMTALABS,B,,,,,VIMTA LABS LTD.,599.40,610.00,599.40,602.80,602.25,600.70,,603.08,,,5837,3527608.00,396,F1,1,,,,,
2026-09-18,2026-09-18,CM,BSE,STK,524396,INE829A01014,BIOFILCHEM,B,,,,,BIOFIL CHEMICALS & PHARMACEUTI,32.99,34.39,32.00,32.86,32.56,32.99,,32.83,,,3695,121999.00,263,F1,1,,,,,
2026-09-18,2026-09-18,CM,BSE,STK,524400,INE806D01016,ISHITADR,X,,,,,ISHITA DRUGS & INDUSTRIES LTD.,71.00,71.00,71.00,71.00,71.00,71.00,,71.00,,,118,8378.00,2,F1,1,,,,,
2026-09-18,2026-09-18,CM,BSE,STK,524404,INE750C01026,MARKSANS,A,,,,,MARKSANS PHARMA LTD.,321.70,325.55,318.95,319.80,320.25,319.15,,320.13,,,56372,18120432.00,948,F1,1,,,,,
2026-09-18,2026-09-18,CM,BSE,STK,524408,INE113E01015,UNIVSTAR,XT,,,,,UNIVERSAL STARCH-CHEM ALLIED L,197.80,200.00,190.30,197.80,200.00,197.80,,197.80,,,1188,234509.00,10,F1,1,,,,,
2026-09-18,2026-09-18,CM,BSE,STK,524412,INE198H01019,AAREYDRUGS,B,,,,,AAREY DRUGS & PHARMACEUTICALS,102.50,103.50,99.01,102.49,101.90,101.32,,102.22,,,36647,3760780.00,291,F1,1,,,,,
2026-09-18,2026-09-18,CM,BSE,STK,524414,INE744C01029,NORRIS,X,,,,,NORRIS MEDICINES LTD.,18.20,18.48,18.20,18.24,18.48,17.60,,18.24,,,5340,98630.00,38,F1,1,,,,,
2026-09-18,2026-09-18,CM,BSE,STK,524434,INE810M01019,ASINPET,X,,,,,ASIAN PETROPRODUCTS & EXPORTS,9.82,9.97,9.61,9.97,9.97,10.02,,9.97,,,1300,12816.00,14,F1,1,,,,,
2026-09-18,2026-09-18,CM,BSE,STK,524440,INE198C01010,CAMEXLTD,X,,,,,CAMEX LTD.,48.00,50.75,48.00,49.81,50.43,49.93,,49.81,,,1828,91337.00,31,F1,1,,,,,
2026-09-18,2026-09-18,CM,BSE,STK,524444,INE313M01030,EVEXIA,X,,,,,EVEXIA LIFECARE LIMITED,1.81,1.81,1.73,1.78,1.78,1.73,,1.78,,,41329547,74166338.00,1693,F1,1,,,,,
2026-09-18,2026-09-18,CM,BSE,STK,524458,INE319N01019,INDOEURO,X,,,,,INDO EURO INDCHEM LTD.,8.29,9.65,8.29,9.65,9.65,8.34,,9.65,,,50,421.00,2,F1,1,,,,,
2026-09-18,2026-09-18,CM,BSE,STK,524470,INE312C01025,SYNCOMF,B,,,,,SYNCOM FORMULATIONS (INDIA) LT,18.80,20.25,18.80,20.02,20.15,18.80,,20.04,,,788788,15656499.00,1938,F1,1,,,,,
2026-09-18,2026-09-18,CM,BSE,STK,524480,INE249D01019,RIDDHI,X,,,,,RIDDHI SIDDHI GLUCO BIOLS LTD.,762.90,762.90,749.95,750.00,750.00,749.85,,750.00,,,124,93091.00,17,F1,1,,,,,
2026-09-18,2026-09-18,CM,BSE,STK,524488,INE038B01010,SVCIND,X,,,,,SVC INDUSTRIES LIMITED,2.50,2.55,2.49,2.55,2.55,2.50,,2.55,,,6015,15086.00,34,F1,1,,,,,
2026-09-18,2026-09-18,CM,BSE,STK,524494,INE571A01038,IPCALAB,A,,,,,IPCA LABORATORIES LTD.,1975.65,2039.15,1964.50,2011.00,1986.10,1969.80,,2009.69,,,50010,100051540.00,2898,F1,1,,,,,
2026-09-18,2026-09-18,CM,BSE,STK,524500,INE729D01010,KILITCH,T,,,,,KILITCH DRUGS (INDIA) LTD.,191.00,196.00,189.00,193.80,193.90,191.10,,191.58,,,1247,238775.00,67,F1,1,,,,,
2026-09-18,2026-09-18,CM,BSE,STK,524502,INE548H01015,RAAJMEDI,XT,,,,,RAAJ MEDISAFE INDIA LTD.,103.00,103.00,102.39,102.49,102.49,102.74,,102.49,,,214,21982.00,8,F1,1,,,,,
2026-09-18,2026-09-18,CM,BSE,STK,524506,INE683E01017,CORALAB,XT,,,,,CORAL LABORATORIES LTD.,575.00,579.00,560.00,570.05,570.00,578.40,,570.05,,,371,212332.00,22,F1,1,,,,,
2026-09-18,2026-09-18,CM,BSE,STK,524516,INE711D01018,BACPHAR,XT,,,,,BACIL PHARMA LTD.,20.77,21.50,20.00,21.44,21.49,20.66,,21.44,,,39412,837261.00,86,F1,1,,,,,
2026-09-18,2026-09-18,CM,BSE,STK,524518,INE268B01013,KREBSBIO,B,,,,,KREBS BIOCHEMICALS & INDUSTRIE,56.05,61.46,56.05,57.16,57.21,56.05,,57.30,,,8031,468556.00,148,F1,1,,,,,
2026-09-18,2026-09-18,CM,BSE,STK,524520,INE879K01018,KMCSHIL,B,,,,,KMC SPECIALITY HOSPITALS (INDI,156.55,158.00,148.05,150.40,153.00,156.90,,150.29,,,118349,18128962.00,1562,F1,1,,,,,
2026-09-18,2026-09-18,CM,BSE,STK,524522,INE919B01011,LAFFANSQ,X,,,,,LAFFANS PETROCHEMICALS LTD.,29.90,30.50,28.80,30.50,30.50,29.89,,30.50,,,2852,85752.00,13,F1,1,,,,,
2026-09-18,2026-09-18,CM,BSE,STK,524534,INE972C01018,BHASKAGR,X,,,,,BHASKAR AGROCHEMICALS LTD.,108.00,108.00,104.00,106.85,106.85,108.30,,106.85,,,985,103740.00,26,F1,1,,,,,
2026-09-18,2026-09-18,CM,BSE,STK,524542,INE450E01029,SUKHJITS,B,,,,,SUKHJIT STARCH & CHEMICALS LTD,162.50,163.05,160.80,161.40,161.00,162.10,,161.91,,,897,145147.00,40,F1,1,,,,,
2026-09-18,2026-09-18,CM,BSE,STK,524548,INE465H01012,SHARMEH,X,,,,,SHARMA EAST INDIA HOSPITALS &,95.50,95.50,89.66,89.70,89.66,92.00,,89.70,,,526,48686.00,21,F1,1,,,,,
2026-09-18,2026-09-18,CM,BSE,STK,524558,INE794A01010,NEULANDLAB,A,,,,,NEULAND LABORATORIES LTD.,22696.55,23007.95,22444.30,22875.70,22736.30,22656.20,,22840.61,,,4026,90906202.00,867,F1,1,,,,,
2026-09-18,2026-09-18,CM,BSE,STK,524564,INE052E01015,GAYATRIBI,XT,,,,,GAYATRI BIOORGANICS LTD.,7.89,7.89,7.36,7.80,7.80,7.74,,7.80,,,3193,24762.00,26,F1,1,,,,,
2026-09-18,2026-09-18,CM,BSE,STK,524570,INE371C01013,PODDARMENT,B,,,,,PODDAR PIGMENTS LTD.,280.00,280.00,280.00,280.00,280.00,275.00,,284.15,,,10,2800.00,1,F1,1,,,,,
2026-09-18,2026-09-18,CM,BSE,STK,524572,INE117D01018,PHARMAID,X,,,,,PHARMAIDS PHARMACEUTICALS LTD.,29.71,30.78,29.15,29.68,30.27,29.68,,29.68,,,4555,136217.00,41,F1,1,,,,,
2026-09-18,2026-09-18,CM,BSE,STK,524576,INE737C01023,VIVIDIND,X,,,,,VIVID GLOBAL INDUSTRIES LTD.,19.25,20.50,18.61,20.22,20.22,19.89,,20.22,,,6104,120601.00,61,F1,1,,,,,
2026-09-18,2026-09-18,CM,BSE,STK,524582,INE314D01011,TIRUSTA,X,,,,,TIRUPATI STARCH & CHEMICALS LT,130.00,135.00,115.00,119.85,119.85,130.00,,119.85,,,3792,442112.00,62,F1,1,,,,,
2026-09-18,2026-09-18,CM,BSE,STK,524592,INE263B01022,JAYSYNTH,XT,,,,,JAYSYNTH ORGOCHEM LIMITED,17.64,17.65,16.55,16.56,16.55,17.42,,16.56,,,20790,349513.00,121,F1,1,,,,,
2026-09-18,2026-09-18,CM,BSE,STK,524594,INE994D01010,AEONXDIGI,X,,,,,Aeonx Digital Technology Limit,115.95,115.95,106.95,108.65,107.00,115.95,,108.65,,,1306,143913.00,34,F1,1,,,,,
2026-09-18,2026-09-18,CM,BSE,STK,524598,INE542B01011,AKSHARCHEM,T,,,,,AKSHARCHEM (INDIA) LTD.,380.00,396.60,380.00,396.60,396.60,377.75,,396.60,,,1107,437739.00,52,F1,1,,,,,
2026-09-18,2026-09-18,CM,BSE,STK,524602,INE875N01036,BANDARAM,X,,,,,BANDARAM PHARMA PACKTECH LIMIT,20.88,20.99,20.30,20.99,20.99,20.78,,20.99,,,557,11632.00,17,F1,1,,,,,
2026-09-18,2026-09-18,CM,BSE,STK,524606,INE415H01017,BERLDRG,X,,,,,BERYL DRUGS LTD.,23.90,23.90,22.30,23.69,23.69,23.21,,23.69,,,905,20748.00,16,F1,1,,,,,
2026-09-18,2026-09-18,CM,BSE,STK,524614,INE056E01024,INDXTRA,X,,,,,IEL LIMITED,5.58,5.58,5.18,5.26,5.25,5.37,,5.26,,,67778,354455.00,112,F1,1,,,,,
2026-09-18,2026-09-18,CM,BSE,STK,524622,INE532B01020,ISTRNETWK,X,,,,,ISTREET NETWORK LIMITED,46.98,47.56,45.28,47.56,47.56,45.30,,47.56,,,43463,2056475.00,170,F1,1,,,,,
2026-09-18,2026-09-18,CM,BSE,STK,524624,INE076D01016,GAGAN,X,,,,,GAGAN GASES LTD.,20.99,20.99,19.50,20.49,20.49,20.99,,20.49,,,910,17926.00,18,F1,1,,,,,
2026-09-18,2026-09-18,CM,BSE,STK,524628,INE750B01010,PARKERAC,X,,,,,PARKER AGROCHEM EXPORTS LTD.,20.90,20.90,20.80,20.80,20.80,20.00,,20.80,,,143,2988.00,3,F1,1,,,,,
2026-09-18,2026-09-18,CM,BSE,STK,524632,INE551C01044,SHUKRAPHAR,B,,,,,Shukra Pharmaceuticals Limited,54.04,57.75,54.04,55.96,56.00,54.26,,55.93,,,404972,22534823.00,1618,F1,1,,,,,
2026-09-18,2026-09-18,CM,BSE,STK,524634,INE058F01019,ALUFLUOR,B,,,,,ALUFLUORIDE LTD.,500.00,541.80,500.00,537.15,536.60,491.40,,537.15,,,3645,1919411.00,299,F1,1,,,,,
2026-09-18,2026-09-18,CM,BSE,STK,524636,INE102E01018,OXYGENTAPH,XT,,,,,OXYGENTA PHARMACEUTICAL LIMITE,53.00,55.28,53.00,53.20,53.20,53.00,,53.20,,,6832,367151.00,25,F1,1,,,,,
2026-09-18,2026-09-18,CM,BSE,STK,524640,INE078I01011,ARCHITORG,XT,,,,,ARCHIT ORGANOSYS LTD.,66.79,70.83,66.14,70.34,69.50,67.46,,70.34,,,64795,4508491.00,223,F1,1,,,,,
2026-09-18,2026-09-18,CM,BSE,STK,524648,INE760F01028,INDOAMIN,T,,,,,INDO AMINES LTD.,125.00,127.80,123.00,126.85,127.80,123.40,,126.56,,,4355,544027.00,50,F1,1,,,,,
2026-09-18,2026-09-18,CM,BSE,STK,524654,INE936B01015,NATCAPSUQ,T,,,,,NATURAL CAPSULES LTD.,171.85,181.35,170.00,172.20,172.20,176.10,,172.04,,,6817,1173247.00,72,F1,1,,,,,
2026-09-18,2026-09-18,CM,BSE,STK,524661,INE331C01025,WELCURE,X,,,,,WELCURE DRUGS & PHARMACEUTICAL,0.22,0.22,0.21,0.21,0.22,0.22,,0.21,,,3483369,748962.00,360,F1,1,,,,,
2026-09-18,2026-09-18,CM,BSE,STK,524663,INE994B01014,BIBCL,B,,,,,BHARAT IMMUNOLOGICALS & BIOLOG,14.18,14.47,14.05,14.16,14.16,14.59,,14.16,,,40890,580888.00,295,F1,1,,,,,
2026-09-18,2026-09-18,CM,BSE,STK,524667,INE035D01020,SOTL,B,,,,,SAVITA OIL TECHNOLOGIES LTD.,692.00,720.45,687.25,707.75,705.90,691.60,,708.03,,,12127,8508973.00,576,F1,1,,,,,
2026-09-18,2026-09-18,CM,BSE,STK,524669,INE782E01017,HESTERBIO,B,,,,,HESTER BIOSCIENCES LTD.,2233.65,2290.80,2161.00,2187.10,2204.00,2238.80,,2194.80,,,478,1049661.00,119,F1,1,,,,,
2026-09-18,2026-09-18,CM,BSE,STK,524675,INE645C01010,KABSON,X,,,,,KABSONS INDUSTRIES LTD.,20.85,20.85,19.35,19.56,19.56,19.76,,19.56,,,1029,20453.00,22,F1,1,,,,,
2026-09-18,2026-09-18,CM,BSE,STK,524687,INE473E01021,BASANTGL,X,,,,,BASANT AGRO TECH (INDIA) LTD.,11.21,11.50,11.02,11.24,11.21,11.30,,11.24,,,11575,129156.00,108,F1,1,,,,,
2026-09-18,2026-09-18,CM,BSE,STK,524703,INE751D01014,SANDUPHQ,X,,,,,SANDU PHARMACEUTICALS LTD.,37.00,37.35,36.45,37.00,37.00,36.76,,37.00,,,225,8271.00,9,F1,1,,,,,
2026-09-18,2026-09-18,CM,BSE,STK,524709,INE295D01020,NACLIND,B,,,,,NACL Industries Limited,149.80,149.80,143.30,146.85,147.70,148.90,,146.75,,,38936,5655752.00,1023,F1,1,,,,,
2026-09-18,2026-09-18,CM,BSE,STK,524711,INE427C01021,VISTAPH,X,,,,,VISTA PHARMACEUTICALS LTD.,5.99,5.99,5.62,5.88,5.88,5.61,,5.88,,,15318,89398.00,34,F1,1,,,,,
2026-09-18,2026-09-18,CM,BSE,STK,524715,INE044A01036,SUNPHARMA,A,,,,,SUN PHARMACEUTICAL INDUSTRIES,1868.00,1875.00,1835.50,1835.50,1835.50,1866.00,,1837.29,,,22192,41072350.00,1729,F1,1,,,,,
2026-09-18,2026-09-18,CM,BSE,STK,524717,INE150C01029,TITANBIO,X,,,,,TITAN BIOTECH LTD.,404.60,417.60,398.30,410.65,410.00,404.60,,410.65,,,9623,3931919.00,300,F1,1,,,,,
2026-09-18,2026-09-18,CM,BSE,STK,524723,INE491D01017,ARVAYA,XT,,,,,Arvaya Healthcare Limited,121.70,121.70,115.65,115.95,115.65,121.70,,115.95,,,86,9976.00,6,F1,1,,,,,
2026-09-18,2026-09-18,CM,BSE,STK,524727,INE004E01016,SDL,X,,,,,Span Divergent Limited,27.72,27.72,27.72,27.72,27.72,26.40,,27.72,,,200,5544.00,2,F1,1,,,,,
2026-09-18,2026-09-18,CM,BSE,STK,524731,INE354A01013,JENBURPH,B,,,,,JENBURKT PHARMACEUTICALS LTD.,992.20,1012.00,974.10,978.00,978.00,992.20,,978.17,,,386,379204.00,22,F1,1,,,,,
2026-09-18,2026-09-18,CM,BSE,STK,524735,INE475B01022,HIKAL,B,,,,,HIKAL LTD.,225.15,232.25,224.85,226.10,228.95,225.35,,226.05,,,40364,9242792.00,657,F1,1,,,,,
2026-09-18,2026-09-18,CM,BSE,STK,524742,INE475E01026,CAPLIPOINT,A,,,,,CAPLIN POINT LABORATORIES LTD.,2593.90,2773.70,2593.90,2747.85,2756.70,2595.45,,2748.57,,,13055,35440065.00,1542,F1,1,,,,,
2026-09-18,2026-09-18,CM,BSE,STK,524743,INE771F01041,FISCHER,B,,,,,FISCHER MEDICAL VENTURES LIMIT,33.61,33.84,32.79,33.20,33.45,33.22,,33.15,,,39798,1329606.00,187,F1,1,,,,,
2026-09-18,2026-09-18,CM,BSE,STK,524748,INE302F01011,LINKPH,X,,,,,LINK PHARMA CHEM LTD.,29.00,29.00,26.50,27.86,26.50,26.99,,27.86,,,2761,75169.00,22,F1,1,,,,,
2026-09-18,2026-09-18,CM,BSE,STK,524752,INE643N01012,DECIPHER,X,,,,,DECIPHER LABS LIMITED,5.51,5.51,5.45,5.50,5.50,5.51,,5.50,,,936,5154.00,11,F1,1,,,,,
2026-09-18,2026-09-18,CM,BSE,STK,524768,INE634B01016,EMMESSA,X,,,,,EMMESSAR BIOTECH & NUTRITION L,24.00,24.47,23.44,24.06,24.10,24.00,,24.06,,,724,17215.00,24,F1,1,,,,,
2026-09-18,2026-09-18,CM,BSE,STK,524774,INE887E01022,NGLFINE,B,,,,,NGL FINE-CHEM LTD.,2708.00,2788.90,2693.50,2777.95,2779.50,2708.55,,2768.48,,,314,858284.00,97,F1,1,,,,,
2026-09-18,2026-09-18,CM,BSE,STK,524790,INE334C01029,EVERESTO,X,,,,,EVEREST ORGANICS LTD.,253.05,254.80,250.50,251.05,251.00,250.50,,251.05,,,822,206268.00,35,F1,1,,,,,
2026-09-18,2026-09-18,CM,BSE,STK,524804,INE406A01037,AUROPHARMA,A,,,,,AUROBINDO PHARMA LTD.,1687.85,1735.00,1676.40,1735.00,1735.00,1683.95,,1734.01,,,35962,61077392.00,2093,F1,1,,,,,
2026-09-18,2026-09-18,CM,BSE,STK,524808,INE037C01010,PHYTO,X,,,,,PHYTO CHEM (INDIA) LTD.,17.65,17.65,16.00,16.83,16.83,16.90,,16.83,,,4943,80744.00,35,F1,1,,,,,
2026-09-18,2026-09-18,CM,BSE,STK,524816,INE987B01026,NATCOPHARM,A,,,,,NATCO PHARMA LTD.,820.00,821.85,807.00,813.90,813.90,818.75,,813.41,,,34266,27862650.00,3877,F1,1,,,,,
2026-09-18,2026-09-18,CM,BSE,STK,524818,INE457C01010,DYNAMIND,X,,,,,DYNAMIC INDUSTRIES LTD.,126.65,131.00,126.60,129.60,131.00,128.95,,129.60,,,955,122152.00,39,F1,1,,,,,
2026-09-18,2026-09-18,CM,BSE,STK,524820,INE305C01029,PANAMAPET,B,,,,,PANAMA PETROCHEM LTD.,457.60,472.00,457.60,470.25,469.30,460.10,,470.20,,,9919,4623398.00,448,F1,1,,,,,
2026-09-18,2026-09-18,CM,BSE,STK,524824,INE083D01012,BALPHARMA,B,,,,,BAL PHARMA LTD.,103.00,103.09,100.24,100.27,100.24,102.04,,100.66,,,830,83925.00,34,F1,1,,,,,
2026-09-18,2026-09-18,CM,BSE,STK,524828,INE278D01018,BDH,X,,,,,BDH INDUSTRIES LTD.,505.00,518.80,488.60,502.95,503.05,508.25,,502.95,,,3085,1537845.00,128,F1,1,,,,,
2026-09-18,2026-09-18,CM,BSE,STK,526001,INE593O01017,JAUSPOL,X,,,,,JAUSS POLYMERS LTD.,19.85,20.85,19.00,20.17,19.15,19.65,,20.17,,,351,6804.00,8,F1,1,,,,,
2026-09-18,2026-09-18,CM,BSE,STK,526025,INE064L01015,GLOBUSCON,X,,,,,GLOBUS CONSTRUCTORS & DEVELOPE,19.30,20.90,15.55,17.18,17.18,18.37,,17.18,,,165443,3205840.00,675,F1,1,,,,,
2026-09-18,2026-09-18,CM,BSE,STK,526027,INE144D01012,CUBEXTUB,B,,,,,CUBEX TUBINGS LTD.,86.00,86.40,80.70,85.26,85.00,81.96,,85.32,,,26018,2196975.00,555,F1,1,,,,,
2026-09-18,2026-09-18,CM,BSE,STK,526043,INE809B01014,POLYCHMP,X,,,,,POLYMECHPLAST MACHINES LTD.,50.19,50.19,46.51,46.80,46.51,47.01,,46.80,,,624,29323.00,25,F1,1,,,,,
2026-09-18,2026-09-18,CM,BSE,STK,526071,INE395F01023,STELLANT,XT,,,,,STELLANT SECURITIES (INDIA) LT,1009.75,1009.75,942.00,976.85,970.00,980.40,,976.85,,,1799,1768684.00,106,F1,1,,,,,
2026-09-18,2026-09-18,CM,BSE,STK,526073,INE020S01012,GALXBRG,XT,,,,,GALAXY BEARINGS LTD.,933.00,944.80,890.00,913.00,913.00,902.10,,913.00,,,1676,1517205.00,143,F1,1,,,,,
2026-09-18,2026-09-18,CM,BSE,STK,526075,INE092O01028,VINRKLB,XT,,,,,REKVINA LABORATORIES LTD.,54.93,54.93,54.93,54.93,54.93,56.05,,54.93,,,1600,87888.00,5,F1,1,,,,,
2026-09-18,2026-09-18,CM,BSE,STK,526081,INE895E01017,SCAGRO,XT,,,,,SC Agrotech Limited,26.31,26.50,25.00,26.50,26.50,26.31,,26.50,,,3907,98040.00,23,F1,1,,,,,
2026-09-18,2026-09-18,CM,BSE,STK,526095,INE427E01027,RALEGRA,X,,,,,RAVILEELA GRANITES LTD.,60.00,60.00,56.00,56.00,56.00,58.80,,56.00,,,822,46272.00,12,F1,1,,,,,
2026-09-18,2026-09-18,CM,BSE,STK,526113,INE602H01010,UNRYLMA,XT,,,,,UNIROYAL MARINE EXPORTS LTD.,19.00,19.00,18.99,18.99,18.99,18.10,,18.99,,,83,1576.00,5,F1,1,,,,,
2026-09-18,2026-09-18,CM,BSE,STK,526115,INE327D01013,KARANWO,X,,,,,KARAN WOO-SIN LTD.,8.24,8.24,8.20,8.20,8.20,7.85,,8.20,,,2,16.00,2,F1,1,,,,,
2026-09-18,2026-09-18,CM,BSE,STK,526117,INE011D01013,SHERVANI,B,,,,,SHERVANI INDUSTRIAL SYNDICATE,350.00,350.00,349.95,349.95,349.95,338.00,,351.65,,,82,28699.00,6,F1,1,,,,,
2026-09-18,2026-09-18,CM,BSE,STK,526125,INE00HZ01011,BNAGROCHEM,B,,,,,BN AGROCHEM LIMITED,205.10,205.10,205.00,205.00,205.00,205.00,,206.00,,,300,61520.00,2,F1,1,,,,,
2026-09-18,2026-09-18,CM,BSE,STK,526133,INE881B01054,SUPERTEX,X,,,,,SUPERTEX INDUSTRIES LTD.,6.00,6.00,5.51,5.99,5.99,6.00,,5.99,,,291,1696.00,8,F1,1,,,,,
2026-09-18,2026-09-18,CM,BSE,STK,526137,INE278C01010,SHETR,X,,,,,SHETRON LTD.,99.00,99.00,98.15,98.45,99.00,98.65,,98.45,,,1022,100928.00,25,F1,1,,,,,
2026-09-18,2026-09-18,CM,BSE,STK,526139,INE773D01018,TRABI,X,,,,,TRANSGENE BIOTEK LTD.,2.91,2.91,2.67,2.73,2.69,2.69,,2.73,,,6468,18035.00,33,F1,1,,,,,
2026-09-18,2026-09-18,CM,BSE,STK,526143,INE343A01016,MPL,X,,,,,MPL PLASTICS LTD.,6.26,6.26,6.20,6.20,6.20,6.26,,6.20,,,1310,8188.00,10,F1,1,,,,,
2026-09-18,2026-09-18,CM,BSE,STK,526159,INE926C01022,NIKHILAD,X,,,,,NIKHIL ADHESIVES LTD.,83.80,83.80,81.45,81.91,81.45,81.29,,81.91,,,4688,385255.00,50,F1,1,,,,,
2026-09-18,2026-09-18,CM,BSE,STK,526161,INE175C01018,SPENTA,XT,,,,,SPENTA INTERNATIONAL LTD.,144.30,144.30,138.70,138.70,138.70,141.50,,138.70,,,3304,471167.00,7,F1,1,,,,,
2026-09-18,2026-09-18,CM,BSE,STK,526169,INE678F01014,MULTIBASE,X,,,,,MULTIBASE INDIA LTD.,175.00,183.60,173.00,175.20,177.00,170.30,,175.20,,,6063,1061385.00,102,F1,1,,,,,
2026-09-18,2026-09-18,CM,BSE,STK,526173,INE449C01025,ANDREWYU,B,,,,,ANDREW YULE & COMPANY LTD.,25.99,26.54,25.41,26.12,26.15,25.89,,26.25,,,12404,325699.00,254,F1,1,,,,,
2026-09-18,2026-09-18,CM,BSE,STK,526179,INE983C01015,LUDLOWJUT,X,,,,,LUDLOW JUTE & SPECIALITIES LTD,310.75,326.25,310.75,320.35,320.35,310.75,,320.35,,,1423,459227.00,38,F1,1,,,,,
2026-09-18,2026-09-18,CM,BSE,STK,526187,INE293C01019,ASHRAM,X,,,,,ASHRAM ONLINE.COM LTD.,5.50,5.50,5.50,5.50,5.50,5.50,,5.50,,,51,280.00,3,F1,1,,,,,
2026-09-18,2026-09-18,CM,BSE,STK,526193,INE618A01011,ROYALCU,X,,,,,ROYAL CUSHION VINYL PRODUCTS L,11.85,12.00,11.40,11.95,11.94,11.40,,11.95,,,17506,209016.00,23,F1,1,,,,,
2026-09-18,2026-09-18,CM,BSE,STK,526211,INE170U01011,SURJIND,X,,,,,SURAJ INDUSTRIES LTD.,59.01,59.01,56.11,56.89,56.89,57.89,,56.89,,,4639,263917.00,62,F1,1,,,,,
2026-09-18,2026-09-18,CM,BSE,STK,526217,INE120D01012,HITECHCORP,T,,,,,Hitech Corporation Limited,331.80,332.00,325.00,325.00,325.00,321.00,,327.64,,,161,53291.00,4,F1,1,,,,,
2026-09-18,2026-09-18,CM,BSE,STK,526227,INE816B01035,FILATEX,B,,,,,FILATEX INDIA LTD.,90.09,94.50,87.96,94.00,93.09,90.37,,93.85,,,389434,35848763.00,2378,F1,1,,,,,
2026-09-18,2026-09-18,CM,BSE,STK,526231,INE307D01015,STDSFAC,XT,,,,,STANDARD SURFACTANTS LTD.,158.36,158.36,143.28,158.36,158.36,150.82,,158.36,,,99917,15441571.00,650,F1,1,,,,,
2026-09-18,2026-09-18,CM,BSE,STK,526237,INE902C01015,MORGAN,X,,,,,MORGAN VENTURES LTD.,42.00,44.30,42.00,43.95,44.30,42.67,,43.95,,,1296,55985.00,19,F1,1,,,,,
2026-09-18,2026-09-18,CM,BSE,STK,526241,INE762C01021,AMRAPLIN,XT,,,,,AMRAPALI INDUSTRIES LTD.,38.11,38.88,36.22,37.31,38.00,38.11,,37.31,,,5075,191160.00,44,F1,1,,,,,
2026-09-18,2026-09-18,CM,BSE,STK,526247,INE863B01029,PREMEXPLN,A,,,,,PREMIER EXPLOSIVES LTD.,668.10,671.10,667.60,668.05,668.00,667.75,,668.25,,,1957,1308169.00,93,F1,1,,,,,
2026-09-18,2026-09-18,CM,BSE,STK,526263,INE835B01035,MOLDTECH,T,,,,,MOLD-TEK TECHNOLOGIES LTD.,189.60,198.00,188.25,193.05,194.55,196.25,,192.83,,,1687,322749.00,62,F1,1,,,,,
2026-09-18,2026-09-18,CM,BSE,STK,526269,INE293N01016,CRSTCHM,X,,,,,CRESTCHEM LTD.,155.00,159.00,151.50,153.50,153.50,153.30,,153.50,,,3536,544216.00,108,F1,1,,,,,
2026-09-18,2026-09-18,CM,BSE,STK,526299,INE356A01018,MPHASIS,A,,,,,MPHASIS LTD.,2310.75,2340.75,2275.00,2309.90,2309.90,2310.00,,2300.40,,,118851,271139150.00,1157,F1,1,,,,,
2026-09-18,2026-09-18,CM,BSE,STK,526315,INE410G01010,DIVSHKT,XT,,,,,DIVYASHAKTI LIMITED,73.18,73.18,66.55,67.01,67.01,69.89,,67.01,,,2837,191109.00,38,F1,1,,,,,
2026-09-18,2026-09-18,CM,BSE,STK,526325,INE609C01024,ORIENTLTD,T,,,,,ORIENT PRESS LTD.,80.28,80.28,80.28,80.28,80.28,84.50,,80.82,,,229,18384.00,1,F1,1,,,,,
2026-09-18,2026-09-18,CM,BSE,STK,526331,INE875S01019,ADVMULT,XT,,,,,ADVANCE MULTITECH LTD.,65.58,65.58,65.58,65.58,65.58,62.46,,65.58,,,90,5902.00,1,F1,1,,,,,
2026-09-18,2026-09-18,CM,BSE,STK,526335,INE115F01017,SHREYASI,X,,,,,SHREYAS INTERMEDIATES LTD.,7.01,7.15,6.36,6.58,6.55,7.01,,6.58,,,13282,88028.00,36,F1,1,,,,,
2026-09-18,2026-09-18,CM,BSE,STK,526345,INE744D01019,PANJON,X,,,,,PANJON LTD.,22.86,22.86,21.57,21.98,21.99,22.86,,21.98,,,564,12553.00,28,F1,1,,,,,
2026-09-18,2026-09-18,CM,BSE,STK,526355,INE138B01018,DUROPACK,X,,,,,DUROPACK LTD.,62.00,68.96,62.00,65.00,65.00,63.00,,65.00,,,408,25351.00,10,F1,1,,,,,
2026-09-18,2026-09-18,CM,BSE,STK,526365,INE967A01012,SWARNSAR,B,,,,,SWARNSARITA JEWELS INDIA LIMIT,39.55,39.55,37.31,39.21,39.21,39.44,,39.16,,,2568,98713.00,22,F1,1,,,,,
2026-09-18,2026-09-18,CM,BSE,STK,526367,INE460C01014,GANESHHOU,B,,,,,GANESH HOUSING LIMITED,756.85,756.85,735.20,740.50,742.00,745.00,,741.39,,,2567,1908952.00,137,F1,1,,,,,
2026-09-18,2026-09-18,CM,BSE,STK,526371,INE584A01023,NMDC,A,,,,,NMDC LTD.,81.11,81.70,79.70,79.70,79.70,80.91,,79.15,,,739690,59612938.00,5554,F1,1,,,,,
2026-09-18,2026-09-18,CM,BSE,STK,526373,INE908C01012,CINDHO,X,,,,,CINDRELLA HOTELS LTD.,43.20,45.00,42.52,44.64,45.00,44.65,,44.64,,,429,18850.00,22,F1,1,,,,,
2026-09-18,2026-09-18,CM,BSE,STK,526381,INE529D01014,PATINTLOG,T,,,,,PATEL INTEGRATED LOGISTICS LTD,14.34,14.34,13.78,13.78,13.78,13.74,,14.00,,,7653,107474.00,42,F1,1,,,,,
2026-09-18,2026-09-18,CM,BSE,STK,526397,INE137C01018,ALPHAGEO,T,,,,,ALPHAGEO (INDIA) LTD.,288.10,304.50,288.10,298.75,298.75,296.45,,292.10,,,1214,362333.00,39,F1,1,,,,,
2026-09-18,2026-09-18,CM,BSE,STK,526407,INE299D01022,HAMPTON,B,,,,,HAMPTON SKY REALTY LIMITED,7.91,8.30,7.90,7.96,7.96,8.35,,8.22,,,2187,17492.00,48,F1,1,,,,,
2026-09-18,2026-09-18,CM,BSE,STK,526409,INE301C01028,KKALPANAIND,X,,,,,KKALPANA INDUSTRIES (INDIA) LT,6.80,6.85,6.66,6.75,6.75,6.67,,6.75,,,27865,188825.00,55,F1,1,,,,,
2026-09-18,2026-09-18,CM,BSE,STK,526415,INE870B01024,OKPLA,X,,,,,OK PLAY INDIA LTD.,3.30,3.30,3.16,3.26,3.27,3.26,,3.26,,,186920,601072.00,180,F1,1,,,,,
2026-09-18,2026-09-18,CM,BSE,STK,526423,INE479D01038,KRITI,B,,,,,KRITI INDUSTRIES (INDIA) LTD.,59.80,61.94,59.02,61.29,61.29,60.03,,59.44,,,1399,83694.00,38,F1,1,,,,,
2026-09-18,2026-09-18,CM,BSE,STK,526433,INE867C01010,ASMTEC,B,,,,,ASM TECHNOLOGIES LTD.,6712.00,6915.00,6690.00,6854.70,6854.70,6577.75,,6854.70,,,22081,149859989.00,2906,F1,1,,,,,
2026-09-18,2026-09-18,CM,BSE,STK,526435,INE759I01024,PERFEPA,X,,,,,PERFECTPAC LTD.,70.00,70.00,65.00,67.00,69.70,68.22,,67.00,,,1003,67201.00,18,F1,1,,,,,
2026-09-18,2026-09-18,CM,BSE,STK,526441,INE515B01025,VISIONCINE,X,,,,,VISION CINEMAS LTD.,1.21,1.21,1.14,1.18,1.18,1.18,,1.18,,,20114,23046.00,34,F1,1,,,,,
2026-09-18,2026-09-18,CM,BSE,STK,526443,INE072B01027,AEIM,X,,,,,Artificial Electronics Intelli,73.90,79.77,72.50,79.77,79.77,72.52,,79.77,,,78193,6083753.00,524,F1,1,,,,,
2026-09-18,2026-09-18,CM,BSE,STK,526445,INE007C01021,INDRANIB,XT,,,,,INDRAYANI BIOTECH LTD.,10.10,10.10,9.30,9.36,9.30,9.78,,9.36,,,75702,714996.00,175,F1,1,,,,,
2026-09-18,2026-09-18,CM,BSE,STK,526468,INE940E01011,EUROLED,XT,,,,,EURO LEDER FASHION LTD.,20.32,22.30,20.30,22.10,22.19,21.36,,22.10,,,2820,60696.00,53,F1,1,,,,,
2026-09-18,2026-09-18,CM,BSE,STK,526471,INE391C01011,WINSOMBR,X,,,,,WINSOME BREWERIES LTD.,20.50,20.80,19.16,20.00,20.00,19.86,,20.00,,,10422,210806.00,106,F1,1,,,,,
2026-09-18,2026-09-18,CM,BSE,STK,526473,INE152E01013,ELEFLOR,X,,,,,ELEGANT FLORICULTURE & AGROTEC,4.81,4.81,4.63,4.81,4.68,4.78,,4.81,,,16746,79729.00,46,F1,1,,,,,
2026-09-18,2026-09-18,CM,BSE,STK,526479,INE765B01018,SKYIND,X,,,,,SKY INDUSTRIES LTD.,92.68,94.00,92.00,93.17,93.47,92.68,,93.17,,,5007,467407.00,36,F1,1,,,,,
2026-09-18,2026-09-18,CM,BSE,STK,526481,INE245B01011,PHOENXINTL,B,,,,,PHOENIX INTERNATIONAL LTD.,29.80,29.80,29.80,29.80,29.80,28.24,,29.40,,,10,298.00,1,F1,1,,,,,
2026-09-18,2026-09-18,CM,BSE,STK,526488,INE432N01010,BHUDEVI,X,,,,,BHUDEVI INFRA PROJECTS LIMITED,64.55,64.55,64.55,64.55,64.55,67.90,,64.55,,,1964,126776.00,40,F1,1,,,,,
2026-09-18,2026-09-18,CM,BSE,STK,526490,INE206C01029,PRATIK,X,,,,,PRATIK PANELS LTD.,4.38,4.49,4.17,4.29,4.40,4.40,,4.29,,,36698,161573.00,67,F1,1,,,,,
2026-09-18,2026-09-18,CM,BSE,STK,526492,INE582D01013,RISHIROOP,X,,,,,Rishiroop Limited,124.95,124.95,120.35,122.90,122.90,120.00,,122.90,,,640,78372.00,15,F1,1,,,,,
2026-09-18,2026-09-18,CM,BSE,STK,526494,INE818D01011,PROMACT,X,,,,,Promact Plastics Limited,14.04,14.04,14.04,14.04,14.04,13.38,,14.04,,,2660,37346.00,8,F1,1,,,,,
2026-09-18,2026-09-18,CM,BSE,STK,526500,INE398F01019,STRGRENWO,X,,,,,STERLING GREEN WOODS LTD.,21.33,21.33,21.25,21.25,21.25,21.33,,21.25,,,7,148.00,3,F1,1,,,,,
2026-09-18,2026-09-18,CM,BSE,STK,526506,INE356B01024,SYSTMTXC,T,,,,,SYSTEMATIX CORPORATE SERVICES,74.38,74.38,74.38,74.38,74.38,72.93,,74.38,,,4444,330544.00,18,F1,1,,,,,
2026-09-18,2026-09-18,CM,BSE,STK,526508,INE825D01016,SHAHISHIP,X,,,,,Shahi Shipping Limited,10.93,11.75,10.93,11.48,11.48,11.05,,11.48,,,2910,33281.00,29,F1,1,,,,,
2026-09-18,2026-09-18,CM,BSE,STK,526519,INE840D01015,ALPINEHOU,XT,,,,,ALPINE HOUSING DEVELOPMENT COR,102.10,112.75,102.10,102.60,108.85,107.40,,102.60,,,572,58523.00,15,F1,1,,,,,
2026-09-18,2026-09-18,CM,BSE,STK,526530,INE670C01026,IIRM,XT,,,,,IIRM HOLDINGS INDIA LIMITED,141.90,141.90,137.25,140.15,140.20,140.00,,140.15,,,1190,166405.00,16,F1,1,,,,,
2026-09-18,2026-09-18,CM,BSE,STK,526532,INE716K01020,SFPIL,X,,,,,SQUARE FOUR PROJECTS INDIA LIM,8.00,8.53,7.90,8.53,8.53,7.92,,8.53,,,179,1430.00,5,F1,1,,,,,
2026-09-18,2026-09-18,CM,BSE,STK,526544,INE967B01028,SGLRES,B,,,,,SGL RESOURCES LIMITED,2.50,2.59,2.37,2.51,2.59,2.47,,2.43,,,8967,21962.00,17,F1,1,,,,,
2026-09-18,2026-09-18,CM,BSE,STK,526546,INE493D01013,CHOKSILA,XT,,,,,CHOKSI LABORATORIES LTD.,201.45,205.00,192.05,198.05,195.00,201.45,,198.05,,,9208,1827616.00,128,F1,1,,,,,
2026-09-18,2026-09-18,CM,BSE,STK,526550,INE652F01027,CCHHL,B,,,,,COUNTRY CLUB HOSPITALITY AND H,12.55,13.20,12.55,13.04,13.05,12.80,,13.01,,,103,1341.00,15,F1,1,,,,,
2026-09-18,2026-09-18,CM,BSE,STK,526554,INE159C01012,SALGUTI,X,,,,,SALGUTI INDUSTRIES LTD.,30.00,30.00,30.00,30.00,30.00,30.40,,30.00,,,25,750.00,1,F1,1,,,,,
2026-09-18,2026-09-18,CM,BSE,STK,526570,INE519N01014,REMAGNET,B,,,,,MIDWEST ENERGY LIMITED,3526.00,3608.90,3490.05,3531.70,3550.00,3496.55,,3531.70,,,6028,21252273.00,877,F1,1,,,,,
2026-09-18,2026-09-18,CM,BSE,STK,526574,INE439G01019,ENTRINT,X,,,,,ENTERPRISE INTERNATIONAL LTD.,23.00,23.30,23.00,23.30,23.30,23.30,,23.30,,,111,2581.00,4,F1,1,,,,,
2026-09-18,2026-09-18,CM,BSE,STK,526582,INE413G01022,TPLPLASTEH,B,,,,,TPL PLASTECH LTD.,64.00,66.31,63.98,66.31,66.31,64.20,,65.34,,,3174,207041.00,78,F1,1,,,,,
2026-09-18,2026-09-18,CM,BSE,STK,526588,INE813B01016,PHOTOQUP,XT,,,,,PHOTOQUIP INDIA LTD.,13.00,13.00,13.00,13.00,13.00,13.16,,13.00,,,100,1300.00,1,F1,1,,,,,
2026-09-18,2026-09-18,CM,BSE,STK,526596,INE557B01019,LIBERTSHOE,B,,,,,LIBERTY SHOES LTD.,216.85,222.75,216.85,220.95,220.95,216.20,,221.27,,,565,124266.00,95,F1,1,,,,,
2026-09-18,2026-09-18,CM,BSE,STK,526604,INE845B01018,LIPPISYS,XT,,,,,LIPPI SYSTEMS LTD.,208.40,214.00,208.00,210.55,213.95,210.40,,210.55,,,4217,891642.00,48,F1,1,,,,,
2026-09-18,2026-09-18,CM,BSE,STK,526608,INE822G01016,ELECTHERM,B,,,,,ELECTROTHERM (INDIA) LTD.,947.25,947.25,929.80,934.40,941.95,929.80,,925.52,,,38,35525.00,15,F1,1,,,,,
2026-09-18,2026-09-18,CM,BSE,STK,526612,INE233B01017,BLUEDART,A,,,,,BLUE DART EXPRESS LTD.,4800.00,4840.00,4772.10,4818.60,4840.00,4808.15,,4820.92,,,454,2186264.00,153,F1,1,,,,,
2026-09-18,2026-09-18,CM,BSE,STK,526614,INE561D01025,EXPOEAPL,XT,,,,,EXPO ENGINEERING AND PROJECTS,91.07,93.60,90.60,93.26,93.60,91.07,,93.26,,,5658,522888.00,37,F1,1,,,,,
2026-09-18,2026-09-18,CM,BSE,STK,526616,INE233D01013,NATPLAS,X,,,,,NATIONAL PLASTIC INDUSTRIES LT,39.95,40.50,39.35,39.50,39.42,39.97,,39.50,,,3826,152392.00,23,F1,1,,,,,
2026-09-18,2026-09-18,CM,BSE,STK,526622,INE244C01020,MFLINDIA,X,,,,,MFL INDIA LTD.,0.42,0.42,0.39,0.39,0.39,0.42,,0.39,,,912005,366781.00,289,F1,1,,,,,
2026-09-18,2026-09-18,CM,BSE,STK,526638,INE594V01028,TEXELIN,X,,,,,TEXEL INDUSTRIES LTD.,63.01,64.95,62.05,62.99,62.99,62.27,,62.99,,,9401,591724.00,73,F1,1,,,,,
2026-09-18,2026-09-18,CM,BSE,STK,526640,INE008C01011,RAYALEMA,X,,,,,ROYALE MANOR HOTELS & INDUSTRI,28.50,28.50,27.79,27.80,27.80,26.90,,27.80,,,668,18762.00,13,F1,1,,,,,
2026-09-18,2026-09-18,CM,BSE,STK,526642,INE771A01026,MIRZAINT,B,,,,,MIRZA INTERNATIONAL LTD.,29.21,29.93,28.76,29.18,28.95,29.49,,29.15,,,17621,513743.00,841,F1,1,,,,,
2026-09-18,2026-09-18,CM,BSE,STK,526650,INE305A01023,TFCILTD,A,,,,,TOURISM FINANCE CORPORATION OF,139.15,141.00,139.00,140.00,140.00,138.85,,139.63,,,178634,24973449.00,1270,F1,1,,,,,
2026-09-18,2026-09-18,CM,BSE,STK,526654,INE403F01017,THAKDEV,B,,,,,THAKKERS DEVELOPERS LTD.,131.25,131.25,125.90,126.05,126.05,139.60,,126.05,,,40,5084.00,4,F1,1,,,,,
2026-09-18,2026-09-18,CM,BSE,STK,526666,INE828A01016,BIL,B,,,,,BHARTIYA INTERNATIONAL LTD.,1034.05,1074.15,1010.05,1044.25,1056.45,1025.35,,1040.97,,,216,221127.00,72,F1,1,,,,,
2026-09-18,2026-09-18,CM,BSE,STK,526668,INE967C01018,KAMATHOTEL,B,,,,,KAMAT HOTELS (INDIA) LTD.,219.00,231.90,215.85,227.45,230.20,218.85,,229.27,,,1804,404775.00,145,F1,1,,,,,
2026-09-18,2026-09-18,CM,BSE,STK,526675,INE008N01018,TIRTPLS,X,,,,,TIRTH PLASTIC LTD.,25.50,25.50,24.95,25.50,25.50,25.50,,25.50,,,7357,187543.00,52,F1,1,,,,,
2026-09-18,2026-09-18,CM,BSE,STK,526677,INE055C01020,KEEPLEARN,B,,,,,DSJ KEEP LEARNING LIMITED,1.87,1.92,1.84,1.90,1.90,1.87,,1.86,,,4174,7709.00,17,F1,1,,,,,
2026-09-18,2026-09-18,CM,BSE,STK,526703,INE423D01010,ECOPLAST,X,,,,,ECOPLAST LTD.,498.95,498.95,481.55,493.85,493.00,496.50,,493.85,,,109,53822.00,9,F1,1,,,,,
2026-09-18,2026-09-18,CM,BSE,STK,526705,INE095B01010,ELEMARB,X,,,,,ELEGANT MARBLES & GRANI INDUST,190.95,190.95,171.35,185.00,185.00,190.85,,185.00,,,157,28311.00,39,F1,1,,,,,
2026-09-18,2026-09-18,CM,BSE,STK,526709,INE839A01021,BITS,X,,,,,BITS LTD.,7.20,7.20,6.82,6.87,6.90,6.96,,6.87,,,47685,329584.00,221,F1,1,,,,,
2026-09-18,2026-09-18,CM,BSE,STK,526711,INE627D01016,ADARSHPL,X,,,,,ADARSH PLANT PROTECT LTD.,27.44,27.44,27.00,27.00,27.00,27.44,,27.00,,,69,1874.00,6,F1,1,,,,,
2026-09-18,2026-09-18,CM,BSE,STK,526717,INE136C01044,HPBL,XT,,,,,HCP PLASTENE BULKPACK LIMITED,384.30,384.30,355.25,383.80,384.25,366.00,,383.80,,,16028,6140952.00,245,F1,1,,,,,
2026-09-18,2026-09-18,CM,BSE,STK,526721,INE653C01022,NICCOPAR,B,,,,,NICCO PARKS & RESORTS LTD.,81.00,81.24,77.43,80.92,80.45,81.06,,80.50,,,1725,136881.00,47,F1,1,,,,,
2026-09-18,2026-09-18,CM,BSE,STK,526723,INE920C01017,NTCIND,B,,,,,NTC INDUSTRIES LTD.,136.00,136.00,131.10,131.80,131.80,133.10,,132.56,,,306,40780.00,17,F1,1,,,,,
2026-09-18,2026-09-18,CM,BSE,STK,526725,INE583B01015,SANDESH,B,,,,,SANDESH LTD.,1049.00,1058.20,1048.00,1048.00,1048.00,1017.70,,1028.02,,,3,3155.00,3,F1,1,,,,,
2026-09-18,2026-09-18,CM,BSE,STK,526727,INE797D01017,GARNET,X,,,,,GARNET CONSTRUCTION LTD.,51.00,51.40,50.50,51.37,51.40,51.59,,51.37,,,234,11957.00,12,F1,1,,,,,
2026-09-18,2026-09-18,CM,BSE,STK,526729,INE025B01025,GOLDIAM,A,,,,,GOLDIAM INTERNATIONAL LTD.,325.45,328.95,322.55,326.90,326.90,325.75,,326.75,,,19088,6214888.00,452,F1,1,,,,,
2026-09-18,2026-09-18,CM,BSE,STK,526731,INE630D01010,BRIGHTBR,B,,,,,BRIGHT BROTHERS LTD.,245.00,254.00,243.00,251.80,243.00,242.25,,249.16,,,189,46970.00,16,F1,1,,,,,
2026-09-18,2026-09-18,CM,BSE,STK,526739,INE869A01010,SHAWGELTIN,X,,,,,NARMADA GELATINES LTD.,480.00,480.00,465.65,469.15,469.15,483.05,,469.15,,,1302,613170.00,113,F1,1,,,,,
2026-09-18,2026-09-18,CM,BSE,STK,526747,INE078D01012,PGFOILQ,X,,,,,PG FOILS LTD.,214.00,216.50,211.30,212.50,212.00,213.25,,212.50,,,2587,550858.00,51,F1,1,,,,,
2026-09-18,2026-09-18,CM,BSE,STK,526751,INE915E01013,GRATEXI,X,,,,,GRATEX INDUSTRIES LTD.,20.25,20.25,20.25,20.25,20.25,20.25,,20.25,,,1,20.00,1,F1,1,,,,,
2026-09-18,2026-09-18,CM,BSE,STK,526755,INE548D01014,VELHO,X,,,,,VELAN HOTELS LTD.,6.65,6.65,6.21,6.25,6.25,6.34,,6.25,,,42676,283706.00,27,F1,1,,,,,
2026-09-18,2026-09-18,CM,BSE,STK,526761,INE931B01016,HOWARHO,X,,,,,HOWARD HOTELS LTD.,19.30,19.30,19.30,19.30,19.30,19.39,,19.30,,,1,19.00,1,F1,1,,,,,
2026-09-18,2026-09-18,CM,BSE,STK,526775,INE760B01019,VALIANT,X,,,,,VALIANT COMMUNICATIONS LTD.,1278.50,1400.00,1261.50,1391.05,1391.05,1259.90,,1391.05,,,66898,90704228.00,1682,F1,1,,,,,
2026-09-18,2026-09-18,CM,BSE,STK,526783,INE934C01018,DRAGARWQ,B,,,,,DR.AGARWALS EYE HOSPITAL LTD.,5228.95,5380.00,5228.95,5376.65,5380.00,5318.40,,5371.77,,,218,1163898.00,46,F1,1,,,,,
2026-09-18,2026-09-18,CM,BSE,STK,526797,INE461C01038,GREENPLY,B,,,,,GREENPLY INDUSTRIES LTD.,294.70,296.15,289.80,292.65,291.50,292.85,,292.84,,,7698,2252809.00,299,F1,1,,,,,
2026-09-18,2026-09-18,CM,BSE,STK,526807,INE497B01018,SEAMECLTD,B,,,,,SEAMEC LTD.,1738.50,1747.15,1716.95,1728.80,1729.20,1734.15,,1726.31,,,741,1279692.00,109,F1,1,,,,,
2026-09-18,2026-09-18,CM,BSE,STK,526813,INE753B01014,RAGHUNAT,X,,,,,RAGHUNATH INTERNATIONAL LTD.,10.15,10.60,10.10,10.60,10.60,10.68,,10.60,,,1575,15984.00,11,F1,1,,,,,
2026-09-18,2026-09-18,CM,BSE,STK,526817,INE974B01016,CHEVIOT,B,,,,,CHEVIOT CO.LTD.,1161.50,1184.70,1161.50,1161.70,1161.70,1164.00,,1174.67,,,63,73404.00,14,F1,1,,,,,
2026-09-18,2026-09-18,CM,BSE,STK,526821,INE928C01010,DAICHI,T,,,,,DAI-ICHI KARKARIA LTD.,320.05,320.05,320.05,320.05,320.05,318.00,,327.95,,,50,16002.00,2,F1,1,,,,,
2026-09-18,2026-09-18,CM,BSE,STK,526823,INE016C01014,RAJINFRA,Z,,,,,RAJESWARI INFRASTRUCTURE LIMIT,3.97,4.00,3.96,4.00,4.00,3.97,,4.00,,,1284,5116.00,6,F1,1,,,,,
2026-09-18,2026-09-18,CM,BSE,STK,526827,INE882D01025,SPICEISLIN,XT,,,,,SPICE ISLANDS INDUSTRIES LIMIT,94.00,94.00,89.10,91.20,91.20,90.15,,91.20,,,17898,1631740.00,261,F1,1,,,,,
2026-09-18,2026-09-18,CM,BSE,STK,526829,INE552D01024,CONFIPET,B,,,,,CONFIDENCE PETROLEUM INDIA LTD,87.24,92.50,86.81,91.96,91.96,86.72,,91.95,,,217233,19787880.00,2058,F1,1,,,,,
2026-09-18,2026-09-18,CM,BSE,STK,526839,INE413C01013,SIPL,X,,,,,SHELTER INFRA PROJECTS LTD.,14.10,14.56,14.10,14.56,14.56,13.81,,14.56,,,651,9466.00,9,F1,1,,,,,
2026-09-18,2026-09-18,CM,BSE,STK,526841,INE794C01016,SHAKTIPR,X,,,,,SHAKTI PRESS LTD.,10.48,10.59,9.80,9.83,9.83,10.09,,9.83,,,360645,3580678.00,897,F1,1,,,,,
2026-09-18,2026-09-18,CM,BSE,STK,526847,INE338C01012,ASHSI,X,,,,,ASHIRWAD STEELS & INDUSTRIES L,22.35,23.00,21.34,22.89,22.89,22.35,,22.89,,,507,11060.00,25,F1,1,,,,,
2026-09-18,2026-09-18,CM,BSE,STK,526849,INE655B01011,BANARBEADS,B,,,,,BANARAS BEADS LTD.,112.10,114.00,110.90,110.95,110.95,111.00,,112.93,,,61,6845.00,10,F1,1,,,,,
2026-09-18,2026-09-18,CM,BSE,STK,526851,INE480H01011,AREXMIS,X,,,,,AREX INDUSTRIES LTD.,123.05,124.95,122.00,122.05,122.05,125.55,,122.05,,,276,33925.00,10,F1,1,,,,,
2026-09-18,2026-09-18,CM,BSE,STK,526853,INE986A01012,BI,T,,,,,BILCARE LTD.,108.90,109.14,102.51,109.14,109.14,103.95,,109.14,,,83317,9052370.00,193,F1,1,,,,,
2026-09-18,2026-09-18,CM,BSE,STK,526859,INE973B01026,ISFL,X,,,,,ISF LIMITED,0.79,0.80,0.79,0.80,0.80,0.79,,0.80,,,7591,6014.00,17,F1,1,,,,,
2026-09-18,2026-09-18,CM,BSE,STK,526861,INE988D01012,RISHILASE,X,,,,,RISHI LASER LTD.,144.25,147.95,142.00,143.45,144.50,144.30,,143.45,,,44276,6371285.00,63,F1,1,,,,,
2026-09-18,2026-09-18,CM,BSE,STK,526865,INE966C01010,JAINCO,X,,,,,JAINCO PROJECTS (INDIA) LTD.,4.36,4.36,4.36,4.36,4.36,4.38,,4.36,,,92,401.00,4,F1,1,,,,,
2026-09-18,2026-09-18,CM,BSE,STK,526869,INE795E01019,KUMPFIN,X,,,,,KUMBHAT FINANCIAL SERVICES LTD,22.25,22.26,20.14,20.49,20.14,21.20,,20.49,,,4940,109636.00,8,F1,1,,,,,
2026-09-18,2026-09-18,CM,BSE,STK,526871,INE017E01018,INTECCAP,X,,,,,INTEC CAPITAL LTD.,14.00,14.79,14.00,14.50,14.49,13.69,,14.50,,,330,4827.00,7,F1,1,,,,,
2026-09-18,2026-09-18,CM,BSE,STK,526873,INE184D01026,RAJSEC,X,,,,,RAJASTHAN SECURITIES LIMITED,58.30,58.30,58.10,58.30,58.30,58.19,,58.30,,,2740,159729.00,27,F1,1,,,,,
2026-09-18,2026-09-18,CM,BSE,STK,526877,INE797C01019,SIDDHEGA,XT,,,,,SIDDHESWARI GARMENTS LTD.,20.50,20.50,20.45,20.45,20.45,21.50,,20.45,,,42,860.00,4,F1,1,,,,,
2026-09-18,2026-09-18,CM,BSE,STK,526881,INE111B01023,63MOONS,A,,,,,63 Moons Technologies Limited,873.60,890.00,865.70,884.85,884.85,873.55,,884.75,,,13003,11429158.00,792,F1,1,,,,,
2026-09-18,2026-09-18,CM,BSE,STK,526885,INE453D01025,SARLAPOLY,B,,,,,SARLA PERFORMANCE FIBERS LTD.,98.00,98.45,97.25,97.40,97.35,95.80,,97.48,,,371,36247.00,33,F1,1,,,,,
2026-09-18,2026-09-18,CM,BSE,STK,526887,INE147D01015,INDOCRED,XT,,,,,INDO CREDIT CAPITAL LTD.,6.00,6.00,6.00,6.00,6.00,6.25,,6.00,,,1000,6000.00,1,F1,1,,,,,
2026-09-18,2026-09-18,CM,BSE,STK,526891,INE944C01017,MKTCREAT,X,,,,,MARKET CREATORS LTD.,16.20,16.20,16.20,16.20,16.20,15.47,,16.20,,,2,32.00,2,F1,1,,,,,
2026-09-18,2026-09-18,CM,BSE,STK,526899,INE552B01010,HFIL,X,,,,,HIMALAYA FOOD INTERNATIONAL LI,8.06,8.20,7.87,8.17,8.20,8.08,,8.17,,,14870,120231.00,99,F1,1,,,,,
2026-09-18,2026-09-18,CM,BSE,STK,526901,INE344I01017,SONALAD,X,,,,,SONAL ADHESIVES LTD.,43.74,43.74,40.12,40.12,40.12,43.74,,40.12,,,629,26117.00,18,F1,1,,,,,
2026-09-18,2026-09-18,CM,BSE,STK,526905,INE743D01011,PADMAIND,X,,,,,Padmanabh Industries Ltd,7.40,7.75,7.12,7.75,7.75,7.40,,7.75,,,837,6279.00,10,F1,1,,,,,
2026-09-18,2026-09-18,CM,BSE,STK,526921,INE253B01015,21STCENMGM,B,,,,,TWENTYFIRST CENTURY MANAGEMENT,39.00,39.28,39.00,39.28,39.28,39.00,,38.98,,,306,11948.00,2,F1,1,,,,,
2026-09-18,2026-09-18,CM,BSE,STK,526931,INE400G01011,HRYNSHP,B,,,,,HARIYANA SHIP BREAKERS LTD.,100.25,100.25,97.00,97.25,97.00,100.25,,97.20,,,125,12400.00,19,F1,1,,,,,
2026-09-18,2026-09-18,CM,BSE,STK,526935,INE377D01026,KALIND,X,,,,,Kalind Limited,4.73,4.73,4.73,4.73,4.73,4.97,,4.73,,,4641449,21954053.00,579,F1,1,,,,,
2026-09-18,2026-09-18,CM,BSE,STK,526941,INE116E01018,VAICC,P,,,,,VAISHNO CEMENT CO.LTD.,2.75,2.75,2.75,2.75,2.75,2.64,,2.75,,,5000,13750.00,7,F1,100,,,,,
2026-09-18,2026-09-18,CM,BSE,STK,526945,INE945B01016,TYROON,X,,,,,TYROON TEA CO.LTD.,82.00,85.80,82.00,85.80,85.80,81.24,,85.80,,,23,1897.00,2,F1,1,,,,,
2026-09-18,2026-09-18,CM,BSE,STK,526947,INE059D01020,LAOPALA,B,,,,,LA OPALA RG LTD.,157.90,165.10,156.30,163.70,163.25,156.10,,162.62,,,17651,2837959.00,405,F1,1,,,,,
2026-09-18,2026-09-18,CM,BSE,STK,526951,INE239C01020,STYLAMIND,B,,,,,STYLAM INDUSTRIES LIMITED,3248.00,3308.60,3248.00,3289.60,3275.00,3243.70,,3295.33,,,788,2582401.00,174,F1,1,,,,,
2026-09-18,2026-09-18,CM,BSE,STK,526953,INE411B01019,VENUSREM,T,,,,,VENUS REMEDIES LTD.,1546.20,1598.00,1522.50,1590.05,1575.00,1550.00,,1582.90,,,960,1498205.00,115,F1,1,,,,,
2026-09-18,2026-09-18,CM,BSE,STK,526961,INE404B01022,LASTMILE,X,,,,,LAST MILE ENTERPRISES LIMITED,5.05,5.05,4.93,5.00,5.00,4.97,,5.00,,,26590,133555.00,72,F1,1,,,,,
2026-09-18,2026-09-18,CM,BSE,STK,526965,INE372D01019,GUJCRAFT,X,,,,,GUJARAT CRAFT INDUSTRIES LTD.,95.00,95.00,89.18,90.14,90.00,91.18,,90.14,,,324,29659.00,21,F1,1,,,,,
2026-09-18,2026-09-18,CM,BSE,STK,526967,INE025D01013,HEERAISP,X,,,,,HEERA ISPAT LTD.,6.32,6.32,6.32,6.32,6.32,6.65,,6.32,,,102,644.00,2,F1,1,,,,,
2026-09-18,2026-09-18,CM,BSE,STK,526971,INE313G01016,DHOOTIN,XT,,,,,DHOOT INDUSTRIAL FINANCE LTD.,274.00,274.00,253.55,260.00,260.00,264.30,,260.00,,,444,115262.00,31,F1,1,,,,,
2026-09-18,2026-09-18,CM,BSE,STK,526981,INE402H01015,SHBAJRG,B,,,,,SHRI BAJRANG ALLIANCE LIMITED,168.00,168.00,154.00,158.50,158.50,155.00,,155.00,,,95,14873.00,11,F1,1,,,,,
2026-09-18,2026-09-18,CM,BSE,STK,526987,INE550C01020,URJA,B,,,,,URJA GLOBAL LTD.,9.40,9.40,9.06,9.15,9.15,9.11,,9.15,,,111481,1020512.00,517,F1,1,,,,,
2026-09-18,2026-09-18,CM,BSE,STK,527001,INE348A01023,ASHAPURMIN,A,,,,,ASHAPURA MINECHEM LTD.,521.50,526.95,517.75,525.80,526.05,517.75,,525.37,,,12314,6444548.00,454,F1,1,,,,,
2026-09-18,2026-09-18,CM,BSE,STK,527005,INE847D01010,SHREEPAC,X,,,,,SHREE PACETRONIX LTD.,151.95,169.75,151.90,159.40,158.45,148.25,,159.40,,,17656,2816903.00,294,F1,1,,,,,
2026-09-18,2026-09-18,CM,BSE,STK,530001,INE186A01019,GUJALKALI,B,,,,,GUJARAT ALKALIES & CHEMICALS L,658.65,666.90,631.15,638.45,637.40,674.25,,638.69,,,14151,9061409.00,777,F1,1,,,,,
2026-09-18,2026-09-18,CM,BSE,STK,530005,INE383A01012,INDIACEM,A,,,,,INDIA CEMENTS LTD.,355.75,356.25,342.80,344.45,345.00,349.35,,344.77,,,14459,5031269.00,379,F1,1,,,,,
2026-09-18,2026-09-18,CM,BSE,STK,530007,INE573A01042,JKTYRE,A,,,,,JK TYRE & INDUSTRIES LTD.,350.00,352.15,344.45,349.55,349.55,348.60,,349.36,,,41499,14439255.00,1873,F1,1,,,,,
2026-09-18,2026-09-18,CM,BSE,STK,530017,INE173A01025,SIL,B,,,,,STANDARD INDUSTRIES LTD.,16.99,16.99,16.11,16.23,16.39,16.54,,16.14,,,4938,80379.00,39,F1,1,,,,,
2026-09-18,2026-09-18,CM,BSE,STK,530019,INE700A01033,JUBLPHARMA,A,,,,,JUBILANT PHARMOVA LIMITED,1013.15,1082.00,1009.30,1067.15,1073.25,1012.05,,1065.47,,,13762,14428274.00,1016,F1,1,,,,,
2026-09-18,2026-09-18,CM,BSE,STK,530023,INE924D01017,THEINVEST,B,,,,,THE INVESTMENT TRUST OF INDIA,95.78,95.78,94.05,94.11,94.11,95.82,,94.25,,,717,67608.00,23,F1,1,,,,,
2026-09-18,2026-09-18,CM,BSE,STK,530025,INE607G01011,SAMYAKINT,X,,,,,SAMYAK INTERNATIONAL LTD.,18.00,18.58,18.00,18.13,18.58,17.79,,18.13,,,2122,38388.00,6,F1,1,,,,,
2026-09-18,2026-09-18,CM,BSE,STK,530037,INE618F01010,SPARKLEGR,X,,,,,SPARKLE GOLD ROCK LIMITED,66.82,67.98,62.05,67.98,67.98,66.49,,67.98,,,3238,213332.00,50,F1,1,,,,,
2026-09-18,2026-09-18,CM,BSE,STK,530043,INE326C01017,ACKNIT,X,,,,,ACKNIT INDUSTRIES LTD.,311.00,328.95,310.00,326.35,326.90,310.05,,326.35,,,296,93607.00,16,F1,1,,,,,
2026-09-18,2026-09-18,CM,BSE,STK,530045,INE090D01017,TITANSEC,X,,,,,TITAN SECURITIES LTD.,40.80,43.00,40.21,40.50,40.50,40.00,,40.50,,,30016,1242931.00,109,F1,1,,,,,
2026-09-18,2026-09-18,CM,BSE,STK,530053,INE055E01034,REALECO,X,,,,,REAL ECO-ENERGY LIMITED,4.85,4.85,4.46,4.50,4.50,4.58,,4.50,,,554394,2542394.00,66,F1,1,,,,,
2026-09-18,2026-09-18,CM,BSE,STK,530057,INE984E01035,VIVANZA,X,,,,,Vivanza Biosciences Limited,1.80,1.80,1.76,1.76,1.76,1.80,,1.76,,,20493,36673.00,23,F1,1,,,,,
2026-09-18,2026-09-18,CM,BSE,STK,530063,INE095C01018,YASHRAJC,XT,,,,,YASHRAJ CONTAINEURS LTD.,4.48,4.64,4.48,4.64,4.64,4.48,,4.64,,,983,4459.00,13,F1,1,,,,,
2026-09-18,2026-09-18,CM,BSE,STK,530065,INE689J01013,LORDSHOTL,X,,,,,LORDS ISHWAR HOTELS LIMITED,16.25,16.25,15.00,15.90,15.90,15.50,,15.90,,,292,4544.00,6,F1,1,,,,,
2026-09-18,2026-09-18,CM,BSE,STK,530067,INE718F01018,CSLFINANCE,B,,,,,CSL Finance Limited,217.70,221.00,215.05,218.40,218.40,217.65,,218.28,,,3094,674643.00,138,F1,1,,,,,
2026-09-18,2026-09-18,CM,BSE,STK,530073,INE989A01032,SANGHVIMOV,B,,,,,SANGHVI MOVERS LTD.,418.15,434.15,415.00,430.45,433.80,419.60,,430.67,,,33075,14094379.00,981,F1,1,,,,,
2026-09-18,2026-09-18,CM,BSE,STK,530075,INE818A01017,ANTELOPUS,B,,,,,Antelopus Selan Energy Limited,1130.80,1145.70,1092.00,1102.25,1106.90,1131.10,,1104.77,,,38514,42823759.00,1600,F1,1,,,,,
2026-09-18,2026-09-18,CM,BSE,STK,530077,INE795D01011,PURETROP,X,,,,,PURETROP FRUITS LIMITED,186.00,190.00,177.65,183.95,186.95,186.75,,183.95,,,6632,1245034.00,87,F1,1,,,,,
2026-09-18,2026-09-18,CM,BSE,STK,530079,INE963C01033,FAZE3Q,B,,,,,FAZE THREE LTD.,444.40,445.70,440.75,442.05,442.00,439.80,,442.93,,,329,145923.00,59,F1,1,,,,,
2026-09-18,2026-09-18,CM,BSE,STK,530109,INE069B01023,ANUPAM,X,,,,,ANUPAM FINSERV LIMITED,1.81,1.83,1.77,1.80,1.80,1.82,,1.80,,,113362,204084.00,104,F1,1,,,,,
2026-09-18,2026-09-18,CM,BSE,STK,530111,INE639C01013,RAJPACK,X,,,,,RAJ PACKAGING INDUSTRIES LTD.,33.35,34.00,32.16,33.91,34.00,32.70,,33.91,,,12935,433707.00,26,F1,1,,,,,
2026-09-18,2026-09-18,CM,BSE,STK,530117,INE959A01019,PRIVISCL,A,,,,,PRIVI SPECIALITY CHEMICALS LIM,3491.30,3508.30,3438.00,3445.65,3445.00,3487.55,,3444.91,,,1073,3738605.00,182,F1,1,,,,,
2026-09-18,2026-09-18,CM,BSE,STK,530119,INE444D01016,NATRAJPR,X,,,,,NATRAJ PROTEINS LTD.,39.50,39.99,38.11,39.99,39.99,38.11,,39.99,,,1296,50267.00,14,F1,1,,,,,
2026-09-18,2026-09-18,CM,BSE,STK,530125,INE103E01016,SAMRATPH,X,,,,,SAMRAT PHARMACHEM LTD.,229.20,229.20,226.00,228.95,228.95,229.30,,228.95,,,234,53284.00,13,F1,1,,,,,
2026-09-18,2026-09-18,CM,BSE,STK,530127,INE446D01011,NPRFIN,XT,,,,,NPR FINANCE LTD.,23.00,24.00,22.50,23.50,23.50,23.30,,23.50,,,323,7365.00,8,F1,1,,,,,
2026-09-18,2026-09-18,CM,BSE,STK,530129,INE445D01013,NILE,B,,,,,NILE LTD.,1460.00,1479.85,1454.15,1454.15,1454.15,1454.10,,1462.16,,,554,807467.00,83,F1,1,,,,,
2026-09-18,2026-09-18,CM,BSE,STK,530133,INE924B01011,AMCOIND,X,,,,,AMCO INDIA LTD.,66.55,66.55,64.05,64.05,64.05,64.32,,64.05,,,112,7379.00,4,F1,1,,,,,
2026-09-18,2026-09-18,CM,BSE,STK,530135,INE350C01017,OPTIEMUS,B,,,,,OPTIEMUS INFRACOM LTD,609.50,621.00,585.90,590.00,588.25,611.65,,590.09,,,10384,6185636.00,440,F1,1,,,,,
2026-09-18,2026-09-18,CM,BSE,STK,530139,INE302C01018,KREONFIN,XT,,,,,KREON FINNANCIAL SERVICES LTD.,89.00,89.00,82.01,85.99,85.99,85.87,,85.99,,,7904,660883.00,23,F1,1,,,,,
2026-09-18,2026-09-18,CM,BSE,STK,530141,INE487G01018,GYANDEV,X,,,,,GYAN DEVELOPERS & BUILDERS LTD,55.49,55.50,55.00,55.50,55.50,54.08,,55.50,,,265,14694.00,7,F1,1,,,,,
2026-09-18,2026-09-18,CM,BSE,STK,530145,INE017C01012,KISAN,XT,,,,,KISAN MOULDINGS LTD.,22.90,22.90,22.03,22.50,22.50,22.47,,22.50,,,33284,735454.00,32,F1,1,,,,,
2026-09-18,2026-09-18,CM,BSE,STK,530163,INE817B01025,KERALAYUR,X,,,,,KERALA AYURVEDA LTD.,172.15,175.95,170.00,170.80,175.00,172.15,,170.80,,,4135,714974.00,94,F1,1,,,,,
2026-09-18,2026-09-18,CM,BSE,STK,530167,INE153K01018,MONGIPA,XT,,,,,MOONGIPA CAPITAL FINANCE LTD.,20.44,20.44,20.00,20.00,20.00,19.50,,20.00,,,422,8537.00,4,F1,1,,,,,
2026-09-18,2026-09-18,CM,BSE,STK,530169,INE388C01017,MOHITPPR,X,,,,,MOHIT PAPER MILLS LTD.,26.90,26.90,25.50,26.50,26.50,26.00,,26.50,,,480,12603.00,15,F1,1,,,,,
2026-09-18,2026-09-18,CM,BSE,STK,530171,INE108C01019,DAULAT,X,,,,,DAULAT SECURITIES LTD.,26.54,28.00,26.50,27.00,27.00,26.53,,27.00,,,15710,418796.00,29,F1,1,,,,,
2026-09-18,2026-09-18,CM,BSE,STK,530175,INE213B01019,ODYSSEY,X,,,,,ODYSSEY TECHNOLOGIES LTD.,38.35,42.88,38.35,40.67,40.51,40.07,,40.67,,,1031,41385.00,37,F1,1,,,,,
2026-09-18,2026-09-18,CM,BSE,STK,530177,INE758B01013,VKGLOBAL,X,,,,,VK Global Industries Limited,32.37,32.37,32.37,32.37,32.37,30.83,,32.37,,,7026,227431.00,19,F1,1,,,,,
2026-09-18,2026-09-18,CM,BSE,STK,530179,INE015F01019,RSCINT,XT,,,,,RSC INTERNATIONAL LTD.,91.19,91.19,91.19,91.19,91.19,89.41,,91.19,,,250,22797.00,4,F1,1,,,,,
2026-09-18,2026-09-18,CM,BSE,STK,530185,INE936A01025,SURATRAML,X,,,,,Surat Trade and Mercantile Lim,4.67,4.70,4.57,4.69,4.69,4.61,,4.69,,,36734,170824.00,107,F1,1,,,,,
2026-09-18,2026-09-18,CM,BSE,STK,530187,INE354E01031,ATHARVENT,XT,,,,,ATHARV ENTERPRISES LTD.,5.29,5.29,5.29,5.29,5.29,5.56,,5.29,,,45680,241647.00,38,F1,1,,,,,
2026-09-18,2026-09-18,CM,BSE,STK,530197,INE365H01014,FUNDVISER,X,,,,,FUNDVISER CAPITAL (INDIA) LIMI,385.00,405.00,385.00,405.00,405.00,390.00,,405.00,,,1049,421456.00,21,F1,1,,,,,
2026-09-18,2026-09-18,CM,BSE,STK,530199,INE083B01024,THEMISMED,B,,,,,THEMIS MEDICARE LTD.,121.15,125.25,119.40,124.80,124.90,118.45,,123.97,,,1632,198554.00,104,F1,1,,,,,
2026-09-18,2026-09-18,CM,BSE,STK,530201,INE629F01025,KALLAM,XT,,,,,KALLAM TEXTILES LTD,2.13,2.13,2.06,2.06,2.07,2.10,,2.06,,,9806,20365.00,30,F1,1,,,,,
2026-09-18,2026-09-18,CM,BSE,STK,530207,INE899B01015,BRAWN,X,,,,,BRAWN BIOTECH LTD.,22.80,22.80,22.80,22.80,22.80,21.76,,22.80,,,200,4560.00,2,F1,1,,,,,
2026-09-18,2026-09-18,CM,BSE,STK,530213,INE501D01013,FORINTL,X,,,,,FORTUNE INTERNATIONAL LTD.,85.00,85.50,80.00,80.00,80.00,82.77,,80.00,,,1756,141908.00,12,F1,1,,,,,
2026-09-18,2026-09-18,CM,BSE,STK,530215,INE050N01010,KINGSINFR,X,,,,,KINGS INFRA VENTURES LIMITED,73.85,75.50,72.45,73.53,73.86,73.85,,73.53,,,13046,955917.00,160,F1,1,,,,,
2026-09-18,2026-09-18,CM,BSE,STK,530217,INE295B01016,SWOJAS,X,,,,,SWOJAS FOODS LIMITED,7.29,7.29,6.81,6.97,6.90,6.98,,6.97,,,3763,26099.00,25,F1,1,,,,,
2026-09-18,2026-09-18,CM,BSE,STK,530231,INE690D01014,SUBSM,X,,,,,SUBHASH SILK MILLS LTD.,49.87,49.87,49.87,49.87,49.87,52.49,,49.87,,,302,15060.00,3,F1,1,,,,,
2026-09-18,2026-09-18,CM,BSE,STK,530233,INE292C01011,AUROLAB,X,,,,,AURO LABORATORIES LTD.,249.00,259.00,243.90,249.90,250.00,244.40,,249.90,,,4948,1223515.00,59,F1,1,,,,,
2026-09-18,2026-09-18,CM,BSE,STK,530235,INE533C01018,KJMCFIN,B,,,,,KJMC FINANCIAL SERVICES LTD.,60.00,60.25,60.00,60.25,60.25,61.09,,63.20,,,54,3252.00,2,F1,1,,,,,
2026-09-18,2026-09-18,CM,BSE,STK,530239,INE495B01038,SUVEN,B,,,,,SUVEN LIFE SCIENCES LTD.,350.90,351.70,338.20,342.55,345.70,350.15,,341.68,,,27524,9473045.00,842,F1,1,,,,,
2026-09-18,2026-09-18,CM,BSE,STK,530245,INE032E01017,ARYAMAN,B,,,,,ARYAMAN FINANCIAL SERVICES LTD,634.00,635.00,610.00,621.05,630.00,611.30,,624.47,,,376,235334.00,94,F1,1,,,,,
2026-09-18,2026-09-18,CM,BSE,STK,530249,INE958C01025,BRIDGESE,X,,,,,BRIDGE SECURITIES LTD.,8.21,8.21,8.12,8.21,8.21,7.82,,8.21,,,259176,2125510.00,365,F1,1,,,,,
2026-09-18,2026-09-18,CM,BSE,STK,530251,INE001O01029,RISAINTL,X,,,,,RISA INTERNATIONAL LTD.,0.41,0.42,0.41,0.42,0.42,0.41,,0.42,,,36755,15406.00,27,F1,1,,,,,
2026-09-18,2026-09-18,CM,BSE,STK,530253,INE497E01020,RAJTUBE,XT,,,,,RAJASTHAN TUBE MANUFACTURING C,9.60,9.60,9.02,9.12,9.19,9.49,,9.12,,,13504,122803.00,87,F1,1,,,,,
2026-09-18,2026-09-18,CM,BSE,STK,530255,INE961B01013,KAYPOWR,X,,,,,KAY POWER AND PAPER LTD.,9.96,9.96,9.20,9.86,9.86,9.92,,9.86,,,3741,35718.00,36,F1,1,,,,,
2026-09-18,2026-09-18,CM,BSE,STK,530259,INE003B01014,INTSTOIL,XT,,,,,INTER STATE OIL CARRIER LTD.,50.27,50.27,48.00,49.95,49.95,49.28,,49.95,,,2208,109540.00,19,F1,1,,,,,
2026-09-18,2026-09-18,CM,BSE,STK,530263,INE062C01042,GLOBALCA,X,,,,,GLOBAL CAPITAL MARKETS LTD.,0.46,0.46,0.45,0.45,0.45,0.45,,0.45,,,54805,24898.00,54,F1,1,,,,,
2026-09-18,2026-09-18,CM,BSE,STK,530265,INE584B01013,SAINIK,X,,,,,SAINIK FINANCE & INDUSTRIES LT,43.90,43.90,40.99,41.00,41.00,41.48,,41.00,,,709,30576.00,14,F1,1,,,,,
2026-09-18,2026-09-18,CM,BSE,STK,530267,INE021N01011,ARIGATO,X,,,,,ARIGATO UNIVERSE LIMITED,45.20,45.20,41.40,41.40,41.40,43.57,,41.40,,,2188,90883.00,32,F1,1,,,,,
2026-09-18,2026-09-18,CM,BSE,STK,530271,INE652D01014,RICHUNV,X,,,,,RICH UNIVERSE NETWORK LTD.,10.25,10.25,9.34,9.83,9.83,9.83,,9.83,,,69,657.00,9,F1,1,,,,,
2026-09-18,2026-09-18,CM,BSE,STK,530281,INE373C01019,QUANTDIA,XT,,,,,QUANTUM DIGITAL VISION (INDIA),44.89,45.33,44.67,44.67,44.67,44.89,,44.67,,,182,8175.00,16,F1,1,,,,,
2026-09-18,2026-09-18,CM,BSE,STK,530289,INE102F01015,SPCAPIT,X,,,,,SP CAPITAL FINANCING LTD.,51.05,51.07,51.05,51.07,51.07,51.00,,51.07,,,430,21952.00,2,F1,1,,,,,
2026-09-18,2026-09-18,CM,BSE,STK,530299,INE823A01017,KOTHARIPRO,B,,,,,KOTHARI PRODUCTS LTD.,64.00,64.50,62.74,63.03,62.82,64.34,,63.10,,,1379,87016.00,149,F1,1,,,,,
2026-09-18,2026-09-18,CM,BSE,STK,530305,INE546C01010,PICCADIL,B,,,,,PICCADILY AGRO INDUSTRIES LTD.,598.95,606.50,585.55,589.40,588.35,600.35,,589.40,,,10694,6333294.00,511,F1,1,,,,,
2026-09-18,2026-09-18,CM,BSE,STK,530307,INE419D01026,CLSEL,B,,,,,CHAMAN LAL SETIA EXPORTS LIMIT,295.00,298.90,293.00,294.25,297.00,295.10,,294.87,,,1527,449660.00,87,F1,1,,,,,
2026-09-18,2026-09-18,CM,BSE,STK,530309,INE368D01025,CHANDRAP,X,,,,,CHANDRA PRABHU INTERNATIONAL L,10.89,10.89,10.00,10.63,10.80,10.49,,10.63,,,28885,296517.00,88,F1,1,,,,,
2026-09-18,2026-09-18,CM,BSE,STK,530313,INE285U01025,KIMIABL,X,,,,,KIMIA BIOSCIENCES LIMITED,28.99,30.00,27.97,29.39,30.00,28.11,,29.39,,,10207,299699.00,41,F1,1,,,,,
2026-09-18,2026-09-18,CM,BSE,STK,530315,INE428D01019,HINDTIN,X,,,,,HINDUSTAN TIN WORKS LTD.,110.45,115.60,110.45,115.00,115.00,114.80,,115.00,,,2411,275954.00,56,F1,1,,,,,
2026-09-18,2026-09-18,CM,BSE,STK,530317,INE362C01012,GODAVARI,X,,,,,GODAVARI DRUGS LTD.,109.95,113.83,108.43,112.25,112.90,109.95,,112.25,,,246,27303.00,15,F1,1,,,,,
2026-09-18,2026-09-18,CM,BSE,STK,530331,INE001E01012,PREMCO,B,,,,,PREMCO GLOBAL LTD.,399.95,400.00,388.00,400.00,400.00,400.00,,400.10,,,292,115221.00,20,F1,1,,,,,
2026-09-18,2026-09-18,CM,BSE,STK,530341,INE596B01017,MUKESHB,B,,,,,MUKESH BABU FINANCIAL SERVICES,133.00,133.00,133.00,133.00,133.00,133.00,,133.00,,,100,13300.00,2,F1,1,,,,,
2026-09-18,2026-09-18,CM,BSE,STK,530343,INE955D01029,GENUSPOWER,A,,,,,GENUS POWER INFRASTRUCTURES LT,305.40,316.05,304.70,310.20,310.20,303.20,,310.74,,,122167,37909965.00,2323,F1,1,,,,,
2026-09-18,2026-09-18,CM,BSE,STK,530355,INE276G01015,ASIANENE,B,,,,,ASIAN ENERGY SERVICES LTD,488.00,500.00,478.20,492.00,493.10,486.15,,492.24,,,19337,9440792.00,524,F1,1,,,,,
2026-09-18,2026-09-18,CM,BSE,STK,530357,INE883D01023,KBSINDIA,X,,,,,KBS INDIA LIMITED,1.31,1.36,1.31,1.33,1.33,1.31,,1.33,,,29889,40017.00,72,F1,1,,,,,
2026-09-18,2026-09-18,CM,BSE,STK,530361,INE428P01013,PRABHHANS,XT,,,,,PRABHHANS INDUSTRIES LIMITED,37.15,40.40,37.05,38.88,39.00,39.00,,38.88,,,14294,551183.00,32,F1,1,,,,,
2026-09-18,2026-09-18,CM,BSE,STK,530363,INE071E01023,UGARSUGAR,B,,,,,UGAR SUGAR WORKS LTD.,53.12,58.46,52.85,56.98,56.64,53.50,,56.81,,,104560,5847276.00,779,F1,1,,,,,
2026-09-18,2026-09-18,CM,BSE,STK,530365,INE607D01018,ORIENTBELL,B,,,,,ORIENT BELL LIMITED,387.00,396.00,385.00,394.20,396.00,387.70,,393.26,,,689,268290.00,50,F1,1,,,,,
2026-09-18,2026-09-18,CM,BSE,STK,530367,INE349A01021,NRBBEARING,B,,,,,NRB BEARINGS LTD.,475.80,535.00,473.95,525.70,525.70,471.60,,525.51,,,316779,165645616.00,5695,F1,1,,,,,
2026-09-18,2026-09-18,CM,BSE,STK,530369,INE380C01014,VAMSHIRU,X,,,,,VAMSHI RUBBER LTD.,38.80,38.80,37.20,37.54,37.42,38.80,,37.54,,,782,29283.00,29,F1,1,,,,,
2026-09-18,2026-09-18,CM,BSE,STK,530377,INE937C01029,NILAINFRA,B,,,,,NILA INFRASTRUCTURES LTD.,6.95,6.95,6.45,6.67,6.60,6.53,,6.64,,,19426,128151.00,71,F1,1,,,,,
2026-09-18,2026-09-18,CM,BSE,STK,530393,INE921B01025,DBSTOCKBRO,T,,,,,DB (INTERNATIONAL) STOCK BROKE,29.31,30.40,29.31,30.40,30.40,29.31,,30.35,,,72,2186.00,3,F1,1,,,,,
2026-09-18,2026-09-18,CM,BSE,STK,530401,INE526H01011,VINYOFL,X,,,,,VINYOFLEX LTD.,51.00,52.89,50.00,51.23,51.50,49.28,,51.23,,,332,17058.00,15,F1,1,,,,,
2026-09-18,2026-09-18,CM,BSE,STK,530405,INE356F01017,JINDCAP,X,,,,,JINDAL CAPITAL LTD.,32.60,33.50,32.58,33.00,33.00,33.95,,33.00,,,463,15184.00,16,F1,1,,,,,
2026-09-18,2026-09-18,CM,BSE,STK,530407,INE932F01015,EPIC,X,,,,,EPIC ENERGY LTD.,33.80,33.80,31.62,31.97,32.48,31.99,,31.97,,,2538,81215.00,39,F1,1,,,,,
2026-09-18,2026-09-18,CM,BSE,STK,530419,INE886B01012,SUMEDHA,B,,,,,SUMEDHA FISCAL SERVICES LTD.,45.00,45.00,42.81,44.89,44.89,44.38,,44.61,,,1694,75786.00,24,F1,1,,,,,
2026-09-18,2026-09-18,CM,BSE,STK,530421,INE430F01010,KUWERIN,X,,,,,KUWER INDUSTRIES LTD.,10.99,10.99,10.20,10.65,10.65,10.49,,10.65,,,316,3296.00,14,F1,1,,,,,
2026-09-18,2026-09-18,CM,BSE,STK,530427,INE865B01016,CHOKSI,X,,,,,CHOKSI ASIA LIMITED,231.00,233.95,226.10,228.70,226.10,229.95,,228.70,,,269,61985.00,11,F1,1,,,,,
2026-09-18,2026-09-18,CM,BSE,STK,530429,INE831C01016,ASHISHPO,X,,,,,ASHISH POLYPLAST LTD.,30.28,30.28,27.70,30.15,30.15,30.38,,30.15,,,263,7416.00,7,F1,1,,,,,
2026-09-18,2026-09-18,CM,BSE,STK,530433,INE960E01019,SHIVAAGRO,B,,,,,SHIVA GLOBAL AGRO INDUSTRIES L,38.31,42.55,38.30,41.26,41.89,40.69,,41.70,,,1243,49582.00,36,F1,1,,,,,
2026-09-18,2026-09-18,CM,BSE,STK,530439,INE140C01012,SIDDHA,X,,,,,SIDDHA VENTURES LTD.,4.60,4.60,4.48,4.48,4.48,4.60,,4.48,,,200,907.00,9,F1,1,,,,,
2026-09-18,2026-09-18,CM,BSE,STK,530445,INE764B01029,SUMERUIND,X,,,,,SUMERU INDUSTRIES LTD.,1.56,1.56,1.51,1.51,1.51,1.40,,1.51,,,1479,2251.00,20,F1,1,,,,,
2026-09-18,2026-09-18,CM,BSE,STK,530449,INE347C01013,RUNGTAIR,X,,,,,RUNGTA IRRIGATION LTD.,49.48,49.48,49.48,49.48,49.48,49.50,,49.48,,,32,1583.00,2,F1,1,,,,,
2026-09-18,2026-09-18,CM,BSE,STK,530457,INE959B01017,GTTDATA,X,,,,,GTT DATA SOLUTIONS LIMITED,45.50,45.50,40.01,40.83,40.83,45.16,,40.83,,,35205,1480406.00,338,F1,1,,,,,
2026-09-18,2026-09-18,CM,BSE,STK,530459,INE808A01018,VALSONQ,XT,,,,,VALSON INDUSTRIES LTD.,44.00,44.00,44.00,44.00,44.00,44.00,,44.00,,,1,44.00,1,F1,1,,,,,
2026-09-18,2026-09-18,CM,BSE,STK,530461,INE440C01016,SABOOSOD,X,,,,,SABOO SODIUM CHLORO LTD.,12.23,12.23,11.85,11.90,11.90,11.68,,11.90,,,7958,94675.00,35,F1,1,,,,,
2026-09-18,2026-09-18,CM,BSE,STK,530469,INE721D01017,GSLSEC,X,,,,,GSL SECURITIES LTD.,41.72,41.72,41.72,41.72,41.72,39.74,,41.72,,,232,9679.00,5,F1,1,,,,,
2026-09-18,2026-09-18,CM,BSE,STK,530475,INE015C01016,TINNARUBR,B,,,,,TINNA RUBBER AND INFRASTRUCTUR,1010.00,1025.00,1006.95,1018.85,1025.00,999.65,,1018.76,,,2348,2390462.00,175,F1,1,,,,,
2026-09-18,2026-09-18,CM,BSE,STK,530477,INE337E01010,VIKRAMTH,XT,,,,,VIKRAM THERMO (INDIA) LTD.,305.75,337.85,305.75,337.60,337.60,321.80,,337.60,,,46397,14836625.00,848,F1,1,,,,,
2026-09-18,2026-09-18,CM,BSE,STK,530495,INE473C01025,STRATMONT,X,,,,,STRATMONT INDUSTRIES LIMITED,59.00,59.95,56.05,59.95,59.95,59.00,,59.95,,,299,17002.00,8,F1,1,,,,,
2026-09-18,2026-09-18,CM,BSE,STK,530499,INE701G01012,AKCAPIT,B,,,,,A.K.CAPITAL SERVICES LTD.,1739.95,1750.00,1708.05,1736.00,1736.00,1752.75,,1746.40,,,602,1050507.00,53,F1,1,,,,,
2026-09-18,2026-09-18,CM,BSE,STK,530517,INE131B01039,RELAXO,A,,,,,RELAXO FOOTWEARS LTD.,314.30,314.30,289.15,291.90,291.90,314.00,,291.27,,,109151,32291485.00,4189,F1,1,,,,,
2026-09-18,2026-09-18,CM,BSE,STK,530521,INE467D01017,VIRAT,B,,,,,VIRAT INDUSTRIES LTD.,375.00,404.45,375.00,387.65,404.45,383.30,,390.73,,,7566,2953541.00,300,F1,1,,,,,
2026-09-18,2026-09-18,CM,BSE,STK,530525,INE786J01033,RRETAIL,XT,,,,,RAJNISH RETAIL LIMITED,2.16,2.16,2.03,2.08,2.10,2.09,,2.08,,,55521,117054.00,102,F1,1,,,,,
2026-09-18,2026-09-18,CM,BSE,STK,530533,INE390D01011,TERAI,B,,,,,TERAI TEA CO.LTD.,129.05,129.05,120.30,123.20,123.20,131.25,,123.20,,,298,37824.00,10,F1,1,,,,,
2026-09-18,2026-09-18,CM,BSE,STK,530545,INE949B01018,COSCO,X,,,,,COSCO (INDIA) LTD.,190.00,192.00,190.00,190.25,192.00,188.85,,190.25,,,721,137155.00,12,F1,1,,,,,
2026-09-18,2026-09-18,CM,BSE,STK,530547,INE395E01018,KENFIN,XT,,,,,KEN FINANCIAL SERVICES LTD.,15.19,15.19,14.50,14.50,14.50,15.19,,14.50,,,861,12939.00,5,F1,1,,,,,
2026-09-18,2026-09-18,CM,BSE,STK,530549,INE790G01031,SHILPAMED,A,,,,,SHILPA MEDICARE LTD.,959.40,1033.40,952.85,1020.90,1028.65,957.40,,1021.09,,,77067,77054245.00,3363,F1,1,,,,,
2026-09-18,2026-09-18,CM,BSE,STK,530555,INE074B01023,PARACABLES,B,,,,,PARAMOUNT COMMUNICATIONS LTD.,60.00,62.48,60.00,61.96,62.25,60.71,,62.02,,,91305,5638261.00,718,F1,1,,,,,
2026-09-18,2026-09-18,CM,BSE,STK,530557,INE132F01038,NCLRESE,XT,,,,,NCL RESEARCH & FINANCIAL SERVI,0.67,0.69,0.67,0.69,0.69,0.68,,0.69,,,3866088,2640774.00,570,F1,1,,,,,
2026-09-18,2026-09-18,CM,BSE,STK,530565,INE149B01015,KOIYAIN,XT,,,,,KOIYA INTERNATIONAL LIMITED,7.29,7.29,7.29,7.29,7.29,7.67,,7.29,,,2500,18225.00,1,F1,1,,,,,
2026-09-18,2026-09-18,CM,BSE,STK,530571,INE335G01019,EXPLICITFIN,X,,,,,EXPLICIT FINANCE LTD.,7.40,7.40,7.40,7.40,7.40,7.40,,7.40,,,210,1554.00,3,F1,1,,,,,
2026-09-18,2026-09-18,CM,BSE,STK,530577,INE519D01015,LADDERUP,T,,,,,LADDERUP FINANCE LTD.,65.30,65.36,59.14,60.75,60.75,62.25,,60.03,,,830,50286.00,14,F1,1,,,,,
2026-09-18,2026-09-18,CM,BSE,STK,530579,INE152C01025,UYFINCORP,T,,,,,U. Y. FINCORP LIMITED,19.90,19.99,19.21,19.25,19.25,19.50,,19.29,,,7381,146041.00,27,F1,1,,,,,
2026-09-18,2026-09-18,CM,BSE,STK,530581,INE906L01025,EKAMLEA,XT,,,,,EKAM LEASING & FINANCE CO.LTD.,5.63,5.63,5.63,5.63,5.63,5.37,,5.63,,,174,979.00,3,F1,1,,,,,
2026-09-18,2026-09-18,CM,BSE,STK,530585,INE691C01022,SWASTIKA,XT,,,,,SWASTIKA INVESTMART LIMITED,149.35,156.00,148.00,149.10,148.00,150.85,,149.10,,,11403,1708914.00,59,F1,1,,,,,
2026-09-18,2026-09-18,CM,BSE,STK,530589,INE573B01016,PRIMAPLA,X,,,,,PRIMA PLASTICS LTD.,132.10,151.00,132.00,141.50,142.00,134.00,,141.50,,,8216,1174537.00,137,F1,1,,,,,
2026-09-18,2026-09-18,CM,BSE,STK,530595,INE381G01013,TELECANOR,XT,,,,,TELECANOR GLOBAL LTD.,17.99,18.09,17.01,17.50,17.49,17.60,,17.50,,,9292,162530.00,49,F1,1,,,,,
2026-09-18,2026-09-18,CM,BSE,STK,530601,INE582C01015,JAGSONSER,X,,,,,JAGSONPAL SERVICES LIMITED,47.50,49.00,47.50,49.00,49.00,50.00,,49.00,,,151,7174.00,4,F1,1,,,,,
2026-09-18,2026-09-18,CM,BSE,STK,530615,INE194E01015,GARGFUR,XT,,,,,GARG FURNACE LTD.,203.00,204.30,190.70,191.35,191.10,200.70,,191.35,,,9188,1776661.00,89,F1,1,,,,,
2026-09-18,2026-09-18,CM,BSE,STK,530617,INE375C01022,SAMPRE,X,,,,,SAMPRE NUTRITIONS LTD.,6.33,6.33,5.90,5.99,5.99,6.03,,5.99,,,128003,768343.00,137,F1,1,,,,,
2026-09-18,2026-09-18,CM,BSE,STK,530621,INE864E01021,AAIL,XT,,,,,Akar Auto Industries Limited,86.00,90.99,86.00,88.56,88.70,86.88,,88.56,,,4026,355486.00,39,F1,1,,,,,
2026-09-18,2026-09-18,CM,BSE,STK,530627,INE834D01018,VIPULORG,X,,,,,Vipul Organics Limited,268.70,268.70,257.05,259.85,260.00,263.95,,259.85,,,687,181657.00,23,F1,1,,,,,
2026-09-18,2026-09-18,CM,BSE,STK,530643,INE316A01038,ECORECO,B,,,,,ECO RECYCLING LTD.,439.65,442.45,429.50,433.70,435.15,431.85,,432.22,,,799,348347.00,115,F1,1,,,,,
2026-09-18,2026-09-18,CM,BSE,STK,530655,INE127I01024,GOODLUCK,B,,,,,Goodluck India Limited,508.15,523.25,508.15,517.10,516.50,510.60,,517.24,,,43218,22402057.00,856,F1,1,,,,,
2026-09-18,2026-09-18,CM,BSE,STK,530663,INE912B01032,GOYALASS,X,,,,,GOYAL ASSOCIATES LTD.,1.04,1.04,1.02,1.02,1.02,1.04,,1.02,,,5600,5805.00,17,F1,1,,,,,
2026-09-18,2026-09-18,CM,BSE,STK,530665,INE812B01026,ZENITHHE,X,,,,,ZENITH HEALTH CARE LTD.,3.28,3.30,3.12,3.17,3.20,3.28,,3.17,,,21218,67650.00,102,F1,1,,,,,
2026-09-18,2026-09-18,CM,BSE,STK,530669,INE035401020,ACEENGITEC,X,,,,,ACE ENGITECH LIMITED,95.30,95.30,95.30,95.30,95.30,95.30,,95.30,,,13,1238.00,2,F1,1,,,,,
2026-09-18,2026-09-18,CM,BSE,STK,530675,INE057Q01018,YORKEXP,X,,,,,YORK EXPORTS LTD.,76.00,76.00,68.90,73.89,73.89,72.40,,73.89,,,2115,147682.00,26,F1,1,,,,,
2026-09-18,2026-09-18,CM,BSE,STK,530677,INE822E01011,SUPREME,B,,,,,SUPREME HOLDINGS & HOSPITALITY,33.06,33.06,31.96,32.52,32.11,32.43,,32.00,,,1319,43494.00,38,F1,1,,,,,
2026-09-18,2026-09-18,CM,BSE,STK,530689,INE624M01014,LYKISLTD,X,,,,,LYKIS LIMITED,49.00,50.39,48.46,49.01,49.00,49.37,,49.01,,,9207,452106.00,22,F1,1,,,,,
2026-09-18,2026-09-18,CM,BSE,STK,530695,INE233C01023,PRIMEPRO,X,,,,,PRIME PROPERTY DEVELOPMENT COR,26.88,26.88,25.69,25.69,25.69,25.63,,25.69,,,107,2756.00,11,F1,1,,,,,
2026-09-18,2026-09-18,CM,BSE,STK,530697,INE546F01013,ZENLABS,X,,,,,Zenlabs Ethica Limited,30.24,30.24,28.00,28.45,28.37,29.51,,28.45,,,323,9087.00,18,F1,1,,,,,
2026-09-18,2026-09-18,CM,BSE,STK,530699,INE533D01032,RAJRILTD,T,,,,,RAJ RAYON INDUSTRIES LIMITED,21.03,21.56,20.90,20.90,20.90,21.25,,20.82,,,2031,42989.00,23,F1,1,,,,,
2026-09-18,2026-09-18,CM,BSE,STK,530705,INE161F01011,ANIRIT,X,,,,,ANIRIT VENTURES LIMITED,37.97,39.90,37.97,39.88,39.90,39.96,,39.88,,,442,17624.00,7,F1,1,,,,,
2026-09-18,2026-09-18,CM,BSE,STK,530709,INE225G01012,GOWRALE,XT,,,,,GOWRA LEASING & FINANCE LTD.,85.00,85.50,85.00,85.50,85.50,85.00,,85.50,,,775,66151.00,12,F1,1,,,,,
2026-09-18,2026-09-18,CM,BSE,STK,530711,INE144C01014,JAGANLAM,X,,,,,JAGAN LAMPS LTD.,58.40,58.40,54.22,56.72,56.72,56.08,,56.72,,,969,54938.00,18,F1,1,,,,,
2026-09-18,2026-09-18,CM,BSE,STK,530723,INE041B01014,ASITCFIN,X,,,,,ASIT C.MEHTA FINANCIAL SERVICE,116.00,116.60,109.45,109.90,109.80,113.55,,109.90,,,2906,320249.00,17,F1,1,,,,,
2026-09-18,2026-09-18,CM,BSE,STK,530735,INE897A01011,SUPERBAK,X,,,,,SUPER BAKERS (INDIA) LTD.,38.32,38.32,38.32,38.32,38.32,36.50,,38.32,,,61,2337.00,2,F1,1,,,,,
2026-09-18,2026-09-18,CM,BSE,STK,530741,INE812S01012,OVOBELE,XT,,,,,OVOBEL FOODS LTD.,268.00,272.40,249.80,264.95,268.30,262.90,,264.95,,,12009,3196738.00,165,F1,1,,,,,
2026-09-18,2026-09-18,CM,BSE,STK,530745,INE366C01021,ACSTECH,T,,,,,ACS TECHNOLOGIES LIMITED,63.30,66.32,63.30,66.32,66.32,63.17,,66.32,,,190451,12594437.00,276,F1,1,,,,,
2026-09-18,2026-09-18,CM,BSE,STK,530747,INE807A01010,CHALLANI,X,,,,,CHALLANI CAPITAL LIMITED,17.69,17.69,16.45,17.69,17.69,17.69,,17.69,,,8,137.00,5,F1,1,,,,,
2026-09-18,2026-09-18,CM,BSE,STK,530755,INE715D01019,CORNE,X,,,,,CORAL NEWSPRINTS LTD.,9.32,9.32,9.32,9.32,9.32,8.88,,9.32,,,48,447.00,3,F1,1,,,,,
2026-09-18,2026-09-18,CM,BSE,STK,530759,INE334A01023,STERTOOLS,T,,,,,STERLING TOOLS LTD.,212.00,214.80,209.65,212.35,213.95,212.45,,213.15,,,701,148127.00,40,F1,1,,,,,
2026-09-18,2026-09-18,CM,BSE,STK,530787,INE055O01033,INLANPR,XT,,,,,INLAND PRINTERS LTD.,79.80,79.80,79.80,79.80,79.80,76.00,,79.80,,,6,478.00,1,F1,1,,,,,
2026-09-18,2026-09-18,CM,BSE,STK,530789,INE358C01010,CEEJAY,X,,,,,CEEJAY FINANCE LTD.,154.00,159.70,154.00,159.45,159.40,155.15,,159.45,,,89,13722.00,6,F1,1,,,,,
2026-09-18,2026-09-18,CM,BSE,STK,530795,INE584D01019,SUNCITYSY,XT,,,,,SUNCITY SYNTHETICS LTD.,12.00,12.00,12.00,12.00,12.00,12.10,,12.00,,,56,672.00,3,F1,1,,,,,
2026-09-18,2026-09-18,CM,BSE,STK,530799,INE336D01014,ANNAINFRA,X,,,,,ANNA INFRASTRUCTURES LTD.,26.75,27.60,26.75,27.59,27.55,27.50,,27.59,,,355,9792.00,9,F1,1,,,,,
2026-09-18,2026-09-18,CM,BSE,STK,530803,INE354C01027,BHAGERIA,T,,,,,Bhageria Industries Limited,323.05,340.50,323.05,340.50,340.50,324.30,,340.31,,,30988,10515526.00,285,F1,1,,,,,
2026-09-18,2026-09-18,CM,BSE,STK,530805,INE125F01032,OIVL,X,,,,,ONESOURCE INDUSTRIES AND VENTU,3.69,3.99,3.56,3.93,3.94,3.69,,3.93,,,106042,405976.00,184,F1,1,,,,,
2026-09-18,2026-09-18,CM,BSE,STK,530809,INE355C01016,BNRUDY,X,,,,,BNR UDYOG LTD.,37.89,37.89,34.39,37.12,37.12,37.20,,37.12,,,352,12193.00,9,F1,1,,,,,
2026-09-18,2026-09-18,CM,BSE,STK,530813,INE001B01026,KRBL,A,,,,,KRBL LTD.,392.85,397.25,390.50,392.60,393.85,396.15,,392.45,,,14340,5634137.00,445,F1,1,,,,,
2026-09-18,2026-09-18,CM,BSE,STK,530821,INE838C01011,SSPDL,X,,,,,SSPDL LTD.,14.74,14.74,14.00,14.20,14.63,13.80,,14.20,,,309,4437.00,12,F1,1,,,,,
2026-09-18,2026-09-18,CM,BSE,STK,530825,INE789B01018,DAIKAFFI,XT,,,,,DAIKAFFIL CHEMICALS INDIA LTD.,46.00,46.00,45.96,45.96,45.96,45.55,,45.96,,,786,36146.00,5,F1,1,,,,,
2026-09-18,2026-09-18,CM,BSE,STK,530829,INE830A01012,CILSEC,X,,,,,CIL SECURITIES LIMITED,41.47,41.47,38.00,39.00,39.00,37.72,,39.00,,,212,8258.00,7,F1,1,,,,,
2026-09-18,2026-09-18,CM,BSE,STK,530839,INE011B01017,CLIOINFO,XT,,,,,CLIO INFOTECH LTD.,13.00,13.34,12.82,13.02,13.29,12.73,,13.02,,,2660,35175.00,19,F1,1,,,,,
2026-09-18,2026-09-18,CM,BSE,STK,530843,INE509F01029,CUPID,A,,,,,CUPID LTD.,280.00,282.00,251.10,265.05,265.05,279.15,,265.00,,,2281812,614413029.00,18863,F1,1,,,,,
2026-09-18,2026-09-18,CM,BSE,STK,530845,INE199E01014,SUNSHIEL,B,,,,,SUNSHIELD CHEMICALS LTD.,1231.05,1241.90,1198.70,1235.80,1238.00,1212.10,,1233.47,,,454,553949.00,70,F1,1,,,,,
2026-09-18,2026-09-18,CM,BSE,STK,530853,INE963A01011,HIPOLIN,XT,,,,,HIPOLIN LTD.,72.00,76.67,72.00,76.67,76.67,74.00,,76.67,,,285,21397.00,10,F1,1,,,,,
2026-09-18,2026-09-18,CM,BSE,STK,530871,INE995D01025,CHEMBOND,B,,,,,Chembond Material Technologies,193.00,193.00,187.00,192.00,192.00,195.65,,192.77,,,510,97489.00,29,F1,1,,,,,
2026-09-18,2026-09-18,CM,BSE,STK,530879,INE345H01024,CIFL,B,,,,,CAPITAL INDIA FINANCE LIMITED,20.47,20.47,19.91,20.00,19.94,19.98,,19.98,,,27589,552675.00,235,F1,1,,,,,
2026-09-18,2026-09-18,CM,BSE,STK,530881,INE485K01022,ABVL,X,,,,,Arunjyoti Bio Ventures Limited,4.57,4.57,3.78,4.33,4.44,4.50,,4.33,,,512512,2158778.00,514,F1,1,,,,,
2026-09-18,2026-09-18,CM,BSE,STK,530883,INE366G01022,SUCROSA,XT,,,,,SUPER CROP SAFE LTD.,13.44,13.44,12.55,13.06,12.82,13.12,,13.06,,,101094,1331005.00,134,F1,1,,,,,
2026-09-18,2026-09-18,CM,BSE,STK,530889,INE061B01038,AUDROC,XT,,,,,AUDROC Limited,18.99,18.99,18.99,18.99,18.99,18.62,,18.99,,,212,4025.00,12,F1,1,,,,,
2026-09-18,2026-09-18,CM,BSE,STK,530897,INE825C01018,NGIND,X,,,,,N.G.INDUSTRIES LTD.,114.00,120.00,113.40,117.45,114.85,117.25,,117.45,,,1399,163995.00,44,F1,1,,,,,
2026-09-18,2026-09-18,CM,BSE,STK,530899,INE784M01016,ASIAPAK,X,,,,,ASIA PACK LTD.,57.20,57.20,56.00,56.00,56.00,57.50,,56.00,,,25,1405.00,9,F1,1,,,,,
2026-09-18,2026-09-18,CM,BSE,STK,530907,INE417F01017,SICAPIT,XT,,,,,SI CAPITAL & FINANCIAL SERVICE,13.18,13.18,11.98,12.38,12.43,12.61,,12.38,,,50227,605069.00,70,F1,1,,,,,
2026-09-18,2026-09-18,CM,BSE,STK,530909,INE308B01017,ERPSOFT,X,,,,,ERP SOFT SYSTEMS LTD.,72.00,72.00,72.00,72.00,72.00,72.00,,72.00,,,10,720.00,1,F1,1,,,,,
2026-09-18,2026-09-18,CM,BSE,STK,530919,INE474C01023,REMSONSIND,B,,,,,REMSONS INDUSTRIES LTD.,98.40,103.20,95.32,98.98,98.30,95.63,,98.71,,,20750,2056973.00,749,F1,1,,,,,
2026-09-18,2026-09-18,CM,BSE,STK,530925,INE609D01014,RAMSONS,X,,,,,RAMSONS PROJECTS LTD.,79.00,81.00,79.00,81.00,81.00,79.05,,81.00,,,214,17306.00,4,F1,1,,,,,
2026-09-18,2026-09-18,CM,BSE,STK,530931,INE457D01018,STANPACK,X,,,,,STANPACKS (INDIA) LTD.,13.85,13.85,13.00,13.00,13.00,13.44,,13.00,,,220,3042.00,2,F1,1,,,,,
2026-09-18,2026-09-18,CM,BSE,STK,530943,INE416A01051,AQYLON,B,,,,,Aqylon Nexus Limited,18.99,19.12,17.97,17.97,18.16,18.91,,17.98,,,670634,12072919.00,501,F1,1,,,,,
2026-09-18,2026-09-18,CM,BSE,STK,530951,INE357B01022,RAMINFO,X,,,,,RAMINFO LIMITED,44.99,44.99,43.00,44.35,44.35,44.20,,44.35,,,1484,65519.00,27,F1,1,,,,,
2026-09-18,2026-09-18,CM,BSE,STK,530953,INE224D01012,SUNILAGR,X,,,,,SUNIL AGRO FOODS LTD.,76.01,80.48,76.01,80.40,80.40,79.95,,80.40,,,14,1077.00,5,F1,1,,,,,
2026-09-18,2026-09-18,CM,BSE,STK,530959,INE012E01035,DIANATEA,X,,,,,DIANA TEA CO.LTD.,28.04,28.42,27.95,28.42,28.42,27.79,,28.42,,,2133,59752.00,11,F1,1,,,,,
2026-09-18,2026-09-18,CM,BSE,STK,530961,INE806A01020,VIKASECO,B,,,,,Vikas EcoTech Limited,1.05,1.05,1.04,1.05,1.05,1.04,,1.04,,,163811,170929.00,153,F1,1,,,,,
2026-09-18,2026-09-18,CM,BSE,STK,530965,INE242A01010,IOC,A,,,,,INDIAN OIL CORPORATION LTD.,134.80,136.80,134.65,136.80,136.80,134.10,,137.00,,,281142,38119056.00,2528,F1,1,,,,,
2026-09-18,2026-09-18,CM,BSE,STK,530973,INE042C01010,ALFAICA,X,,,,,ALFA ICA (INDIA) LTD.,81.00,81.00,81.00,81.00,81.00,84.30,,81.00,,,120,9720.00,2,F1,1,,,,,
2026-09-18,2026-09-18,CM,BSE,STK,530977,INE260E01014,SKCIL,X,,,,,Shri Keshav Cements and Infra,103.99,103.99,98.51,100.35,103.90,100.72,,100.35,,,228,23084.00,11,F1,1,,,,,
2026-09-18,2026-09-18,CM,BSE,STK,530979,INE274E01015,INDIAHOME,X,,,,,INDIA HOME LOAN LTD.,31.70,32.43,31.00,32.20,32.20,32.00,,32.20,,,506,16269.00,21,F1,1,,,,,
2026-09-18,2026-09-18,CM,BSE,STK,530991,INE443C01010,ROOPAIND,X,,,,,ROOPA INDUSTRIES LTD.,44.97,45.50,44.00,44.11,45.50,43.99,,44.11,,,122,5394.00,8,F1,1,,,,,
2026-09-18,2026-09-18,CM,BSE,STK,530993,INE075H01019,SARTHAKGL,X,,,,,SARTHAK GLOBAL LTD.,34.12,35.79,34.12,35.65,35.65,34.12,,35.65,,,3,105.00,3,F1,1,,,,,
2026-09-18,2026-09-18,CM,BSE,STK,530997,INE333E01019,UNIQUEO,X,,,,,UNIQUE ORGANICS LTD.,85.00,91.80,85.00,87.48,87.48,86.02,,87.48,,,1345,118305.00,35,F1,1,,,,,
2026-09-18,2026-09-18,CM,BSE,STK,530999,INE050E01027,BALAMINES,B,,,,,BALAJI AMINES LTD.,2152.85,2194.65,2145.00,2170.65,2169.70,2148.10,,2171.47,,,5568,12120556.00,574,F1,1,,,,,
2026-09-18,2026-09-18,CM,BSE,STK,531003,INE595G01018,SWRNASE,X,,,,,SWARNA SECURITIES LTD.,85.08,85.08,80.83,85.08,85.08,85.08,,85.08,,,127,10273.00,3,F1,1,,,,,
2026-09-18,2026-09-18,CM,BSE,STK,531015,INE154G01022,VENMAX,X,,,,,VENMAX DRUGS AND PHARMACEUTICA,14.65,14.90,13.70,14.81,14.85,13.60,,14.81,,,26101,368571.00,89,F1,1,,,,,
2026-09-18,2026-09-18,CM,BSE,STK,531017,INE190D01015,ARISE,X,,,,,ARIHANTS SECURITIES LTD.,20.20,20.40,19.30,19.40,20.15,19.59,,19.40,,,6288,123228.00,37,F1,1,,,,,
2026-09-18,2026-09-18,CM,BSE,STK,531025,INE309H01038,VISAGAR,X,,,,,VISAGAR FINANCIAL SERVICES LTD,0.30,0.31,0.30,0.31,0.31,0.30,,0.31,,,384891,118403.00,218,F1,1,,,,,
2026-09-18,2026-09-18,CM,BSE,STK,531027,INE267E01019,LIBORD,X,,,,,LIBORD SECURITIES LTD.,20.25,20.25,20.25,20.25,20.25,20.25,,20.25,,,53,1073.00,2,F1,1,,,,,
2026-09-18,2026-09-18,CM,BSE,STK,531033,INE101E01010,REGAL,X,,,,,REGAL ENTERTAINMENT & CONSULTA,16.32,16.32,16.29,16.29,16.29,15.55,,16.29,,,404,6587.00,5,F1,1,,,,,
2026-09-18,2026-09-18,CM,BSE,STK,531035,INE432F01032,EBIX,T,,,,,EBIX LIMITED,18.75,19.90,18.66,19.10,19.10,19.05,,19.04,,,3404,65535.00,27,F1,1,,,,,
2026-09-18,2026-09-18,CM,BSE,STK,531041,INE823B01015,COMPEAU,B,,,,,COMPETENT AUTOMOBILES CO.LTD.,363.00,366.90,354.60,366.65,366.50,365.90,,366.65,,,153,55371.00,9,F1,1,,,,,
2026-09-18,2026-09-18,CM,BSE,STK,531043,INE239F01015,ZDHJERK,X,,,,,DHANVANTRI JEEVAN REKHA LTD.,23.89,23.89,23.89,23.89,23.89,23.00,,23.89,,,510,12183.00,3,F1,1,,,,,
2026-09-18,2026-09-18,CM,BSE,STK,531049,INE741D01015,NEELKAN,Z,,,,,NEELKANTH ROCKMINERALS LTD.,57.00,57.00,57.00,57.00,57.00,57.49,,57.00,,,61,3477.00,3,F1,1,,,,,
2026-09-18,2026-09-18,CM,BSE,STK,531067,INE080G01029,CONTILI,X,,,,,CONTIL INDIA LTD.,19.57,19.63,18.99,19.10,19.10,19.58,,19.10,,,4527,87024.00,47,F1,1,,,,,
2026-09-18,2026-09-18,CM,BSE,STK,531069,INE362D01010,VIJSOLX,B,,,,,VIJAY SOLVEX LTD.,630.10,649.95,630.05,632.75,630.05,652.00,,631.82,,,140,88494.00,12,F1,1,,,,,
2026-09-18,2026-09-18,CM,BSE,STK,531082,INE914E01040,ALANKIT,B,,,,,ALANKIT,7.96,7.96,7.60,7.75,7.75,7.71,,7.74,,,15614,120618.00,151,F1,1,,,,,
2026-09-18,2026-09-18,CM,BSE,STK,531083,INE876E01033,NIHARINF,X,,,,,NIHAR INFO GLOBAL LTD.,4.98,4.98,4.98,4.98,4.98,5.24,,4.98,,,18213,90700.00,20,F1,1,,,,,
2026-09-18,2026-09-18,CM,BSE,STK,531091,INE858C01027,UNITDCR,X,,,,,UNITED CREDIT LTD.,22.40,22.50,22.40,22.50,22.50,23.50,,22.50,,,8,179.00,3,F1,1,,,,,
2026-09-18,2026-09-18,CM,BSE,STK,531092,INE239D01028,OMINFRAL,B,,,,,OM INFRA LIMITED,79.98,81.29,78.20,78.44,78.31,79.28,,78.33,,,2408,190962.00,107,F1,1,,,,,
2026-09-18,2026-09-18,CM,BSE,STK,531099,INE396H01019,CENTUPLE,XT,,,,,CENTUPLE GLOBAL LIMITED,31.63,31.63,29.91,29.91,29.91,31.48,,29.91,,,40326,1206297.00,70,F1,1,,,,,
2026-09-18,2026-09-18,CM,BSE,STK,531109,INE561M01018,ISHANCH,B,,,,,Ishan Dyes and Chemicals Limit,52.05,54.05,49.50,51.54,51.55,48.81,,51.06,,,3994,208919.00,109,F1,1,,,,,
2026-09-18,2026-09-18,CM,BSE,STK,531111,INE538G01018,GOTHIPL,P,,,,,GOTHI PLASCON (INDIA) LTD.,38.80,40.25,38.80,40.25,40.25,38.35,,40.25,,,1000,38945.00,2,F1,100,,,,,
2026-09-18,2026-09-18,CM,BSE,STK,531112,INE011E01029,BALUFORGE,A,,,,,BALU FORGE INDUSTRIES LIMITED,504.85,525.10,504.85,522.20,524.50,501.55,,522.15,,,46824,24220404.00,1181,F1,1,,,,,
2026-09-18,2026-09-18,CM,BSE,STK,531119,INE418D01010,CEENIK,XT,,,,,CEENIK EXPORTS (INDIA) LTD.,227.15,235.00,227.10,234.00,235.00,236.65,,234.00,,,252,57253.00,6,F1,1,,,,,
2026-09-18,2026-09-18,CM,BSE,STK,531120,INE244B01030,PATELENG,A,,,,,PATEL ENGINEERING LTD.,25.96,26.30,25.48,25.61,25.61,25.96,,25.62,,,321668,8287153.00,1383,F1,1,,,,,
2026-09-18,2026-09-18,CM,BSE,STK,531126,INE237C01016,KATIPATANG,X,,,,,KATI PATANG LIFESTYLE LIMITED,14.76,14.88,13.79,14.86,14.88,14.18,,14.86,,,235350,3472420.00,153,F1,1,,,,,
2026-09-18,2026-09-18,CM,BSE,STK,531127,INE148B01033,MENAMANI,XT,,,,,MENA MANI INDUSTRIES LIMITED,13.04,13.04,13.04,13.04,13.04,13.30,,13.04,,,10599,138210.00,19,F1,1,,,,,
2026-09-18,2026-09-18,CM,BSE,STK,531129,INE635D01027,INANI,X,,,,,INANI MARBLES & INDUSTRIES LTD,10.35,10.49,10.25,10.47,10.48,9.90,,10.47,,,831,8639.00,20,F1,1,,,,,
2026-09-18,2026-09-18,CM,BSE,STK,531137,INE503D01027,GEMSI,X,,,,,GEMSTONE INVESTMENTS LTD.,1.45,1.48,1.37,1.40,1.42,1.37,,1.40,,,49182,69442.00,153,F1,1,,,,,
2026-09-18,2026-09-18,CM,BSE,STK,531144,INE158F01017,ELFORGE,X,,,,,EL FORGE LTD.,17.44,17.44,16.93,16.96,17.00,17.04,,16.96,,,9408,161289.00,59,F1,1,,,,,
2026-09-18,2026-09-18,CM,BSE,STK,531146,INE646B01010,MEDICAMEQ,T,,,,,MEDICAMEN BIOTECH LTD.,345.00,350.00,330.25,330.25,330.25,347.60,,328.46,,,1809,600098.00,113,F1,1,,,,,
2026-09-18,2026-09-18,CM,BSE,STK,531147,INE062D01024,ALICON,B,,,,,ALICON CASTALLOY LIMITED,701.10,736.00,695.00,730.35,730.35,692.00,,729.35,,,1019,725009.00,96,F1,1,,,,,
2026-09-18,2026-09-18,CM,BSE,STK,531153,INE650C01036,DILIGENT,X,,,,,DILIGENT INDUSTRIES LTD.,2.23,2.24,2.10,2.24,2.24,2.17,,2.24,,,140586,308609.00,125,F1,1,,,,,
2026-09-18,2026-09-18,CM,BSE,STK,531155,INE601F01016,EPSOMPRO,XT,,,,,EPSOM PROPERTIES LTD.,8.98,8.98,8.98,8.98,8.98,8.80,,8.98,,,1,8.00,1,F1,1,,,,,
2026-09-18,2026-09-18,CM,BSE,STK,531156,INE883B01027,ALFAVIO,XT,,,,,ALFAVISION OVERSEAS (INDIA) LT,13.10,13.65,12.91,13.27,13.45,13.09,,13.27,,,23780,315459.00,60,F1,1,,,,,
2026-09-18,2026-09-18,CM,BSE,STK,531157,INE412E01011,ORGCOAT,X,,,,,ORGANIC COATINGS LTD.,18.30,18.30,17.50,18.00,18.00,18.41,,18.00,,,454,8291.00,6,F1,1,,,,,
2026-09-18,2026-09-18,CM,BSE,STK,531158,INE660B01011,CATVISION,X,,,,,CATVISION  LIMITED,19.30,19.86,18.75,18.77,18.77,19.30,,18.77,,,640,12333.00,27,F1,1,,,,,
2026-09-18,2026-09-18,CM,BSE,STK,531161,INE850B01026,ABMKNO,B,,,,,ABM KNOWLEDGEWARE LTD.,172.10,175.00,169.00,171.70,171.70,177.00,,170.83,,,1309,225011.00,26,F1,1,,,,,
2026-09-18,2026-09-18,CM,BSE,STK,531162,INE548C01032,EMAMILTD,A,,,,,EMAMI LTD.,380.00,380.00,367.00,368.30,368.30,376.10,,368.45,,,130579,48559382.00,4879,F1,1,,,,,
2026-09-18,2026-09-18,CM,BSE,STK,531163,INE971L01029,KEMISTAR,X,,,,,KEMISTAR CORPORATION LIMITED,50.00,50.00,48.55,49.41,49.41,47.67,,49.41,,,374,18392.00,12,F1,1,,,,,
2026-09-18,2026-09-18,CM,BSE,STK,531169,INE709B01016,SKPSEC,X,,,,,SKP SECURITIES LTD.,102.90,102.90,96.55,97.00,97.00,99.80,,97.00,,,828,80953.00,42,F1,1,,,,,
2026-09-18,2026-09-18,CM,BSE,STK,531173,INE121D01036,SYSCHEM,X,,,,,SYSCHEM (INDIA) LTD.,29.12,30.47,29.11,29.76,29.76,29.70,,29.76,,,14721,434946.00,85,F1,1,,,,,
2026-09-18,2026-09-18,CM,BSE,STK,531176,INE186C01023,MEFCOMCAP,X,,,,,MEFCOM CAPITAL MARKETS LTD.,11.81,12.24,11.81,12.15,12.15,11.94,,12.15,,,2064,25149.00,28,F1,1,,,,,
2026-09-18,2026-09-18,CM,BSE,STK,531178,INE930A01010,HEMANG,X,,,,,HEMANG RESOURCES LIMITED,9.91,9.91,9.48,9.90,9.91,9.91,,9.90,,,539,5322.00,9,F1,1,,,,,
2026-09-18,2026-09-18,CM,BSE,STK,531179,INE109C01017,ARMANFIN,B,,,,,ARMAN FINANCIAL SERVICES LTD.,1952.25,1971.10,1945.85,1964.35,1971.00,1959.20,,1961.06,,,746,1460797.00,118,F1,1,,,,,
2026-09-18,2026-09-18,CM,BSE,STK,531191,INE589N01017,FILTRON,X,,,,,FILTRON ENGINEERS LTD.,75.00,75.00,72.37,72.37,72.37,73.84,,72.37,,,1749,126594.00,11,F1,1,,,,,
2026-09-18,2026-09-18,CM,BSE,STK,531199,INE580D01017,GLANCE,X,,,,,GLANCE FINANCE LTD.,191.90,191.90,191.90,191.90,191.90,191.90,,191.90,,,358,68700.00,4,F1,1,,,,,
2026-09-18,2026-09-18,CM,BSE,STK,531201,INE024F01011,SHILCTECH,B,,,,,SHILCHAR TECHNOLOGIES LTD.,4060.05,4160.00,4050.00,4082.10,4080.00,4112.90,,4068.56,,,911,3751932.00,248,F1,1,,,,,
2026-09-18,2026-09-18,CM,BSE,STK,531203,INE819G01012,TRADEWELL,X,,,,,TRADEWELL HOLDINGS LIMITED,47.05,47.05,47.05,47.05,47.05,47.05,,47.05,,,1,47.00,1,F1,1,,,,,
2026-09-18,2026-09-18,CM,BSE,STK,531205,INE179O01031,SPRIGHT,X,,,,,SPRIGHT AGRO LIMITED,0.36,0.37,0.36,0.36,0.37,0.36,,0.36,,,2546000,925187.00,732,F1,1,,,,,
2026-09-18,2026-09-18,CM,BSE,STK,531209,INE096B01018,NUCLEUS,B,,,,,NUCLEUS SOFTWARE EXPORTS LTD.,695.00,695.00,682.85,684.95,683.60,694.00,,686.07,,,1938,1330553.00,134,F1,1,,,,,
2026-09-18,2026-09-18,CM,BSE,STK,531210,INE923C01011,COLINZ,XT,,,,,COLINZ LABORATORIES LTD.,75.00,75.00,71.25,71.26,75.00,75.00,,71.26,,,1922,137956.00,17,F1,1,,,,,
2026-09-18,2026-09-18,CM,BSE,STK,531212,INE606C01012,NLFL,X,,,,,NALIN LEASE FINANCE LTD.,39.30,39.30,38.00,39.13,39.25,39.70,,39.13,,,131,5096.00,8,F1,1,,,,,
2026-09-18,2026-09-18,CM,BSE,STK,531213,INE522D01027,MANAPPURAM,A,,,,,Manappuram Finance Ltd,319.10,319.90,315.30,316.75,316.75,316.00,,319.15,,,92883,29521213.00,2471,F1,1,,,,,
2026-09-18,2026-09-18,CM,BSE,STK,531215,INE005C01017,RTSPOWR,B,,,,,RTS POWER CORPORATION LTD.,88.29,88.56,84.00,87.57,87.50,85.06,,87.52,,,251,22086.00,7,F1,1,,,,,
2026-09-18,2026-09-18,CM,BSE,STK,531216,INE819A01049,COMFINTE,B,,,,,COMFORT INTECH LTD.,5.97,6.20,5.81,5.97,6.05,6.01,,5.98,,,30703,182286.00,129,F1,1,,,,,
2026-09-18,2026-09-18,CM,BSE,STK,531221,INE262W01012,MAYURFL,X,,,,,MAYUR FLOORINGS LTD.,18.01,18.90,18.00,18.90,18.90,18.00,,18.90,,,2466,46021.00,20,F1,1,,,,,
2026-09-18,2026-09-18,CM,BSE,STK,531223,INE364D01032,ANJANI,X,,,,,ANJANI SYNTHETICS LTD.,27.45,28.00,27.00,27.99,28.00,27.36,,27.99,,,15175,420924.00,36,F1,1,,,,,
2026-09-18,2026-09-18,CM,BSE,STK,531225,INE547B01028,XTGLOBAL,B,,,,,XTGLOBAL INFOTECH LIMITED,32.65,32.65,29.50,30.29,30.29,29.17,,29.54,,,336,9948.00,9,F1,1,,,,,
2026-09-18,2026-09-18,CM,BSE,STK,531227,INE907E01010,DECOMIC,X,,,,,DECO-MICA LTD.,57.33,57.33,57.33,57.33,57.33,57.33,,57.33,,,520,29811.00,3,F1,1,,,,,
2026-09-18,2026-09-18,CM,BSE,STK,531233,INE822D01021,RASIELEC,X,,,,,RASI ELECTRODES LTD.,13.71,14.30,13.71,14.05,14.28,13.88,,14.05,,,20535,288595.00,118,F1,1,,,,,
2026-09-18,2026-09-18,CM,BSE,STK,531234,INE962E01015,SCOOBEEDAY,X,,,,,SCOOBEE DAY GARMENTS (INDIA) L,67.90,67.90,62.10,65.95,65.95,64.62,,65.95,,,69,4340.00,9,F1,1,,,,,
2026-09-18,2026-09-18,CM,BSE,STK,531235,INE494D01011,CITIPOR,X,,,,,CITIPORT FINANCIAL SERVICES LT,42.00,42.00,42.00,42.00,42.00,42.38,,42.00,,,26,1092.00,2,F1,1,,,,,
2026-09-18,2026-09-18,CM,BSE,STK,531237,INE972E01014,DHRUVCA,X,,,,,DHRUVA CAPITAL SERVICES LTD.,74.02,80.63,74.01,78.13,78.40,77.90,,78.13,,,20421,1578018.00,64,F1,1,,,,,
2026-09-18,2026-09-18,CM,BSE,STK,531241,INE802B01027,LINC,B,,,,,LINC LIMITED,91.95,92.84,91.30,91.54,91.50,91.20,,91.80,,,652,59845.00,50,F1,1,,,,,
2026-09-18,2026-09-18,CM,BSE,STK,531246,INE723N01012,PRIMAIN,X,,,,,PRIMA INDUSTRIES LTD.,17.89,17.89,16.50,17.78,17.78,17.78,,17.78,,,159,2700.00,10,F1,1,,,,,
2026-09-18,2026-09-18,CM,BSE,STK,531253,INE342D01012,INDGELA,X,,,,,INDIA GELATINE & CHEMICALS LTD,370.80,379.40,370.80,371.75,371.75,370.05,,371.75,,,443,165919.00,30,F1,1,,,,,
2026-09-18,2026-09-18,CM,BSE,STK,531254,INE031G01022,OPTIFIN,B,,,,,Optimus Finance Limited,15.00,15.00,13.81,14.25,14.25,14.31,,14.01,,,10816,153514.00,81,F1,1,,,,,
2026-09-18,2026-09-18,CM,BSE,STK,531255,INE015E01012,PARAGONF,X,,,,,PARAGON FINANCE LTD.,51.34,52.05,51.34,52.05,52.05,51.34,,52.05,,,156,8080.00,4,F1,1,,,,,
2026-09-18,2026-09-18,CM,BSE,STK,531257,INE530D01012,VELLORA,X,,,,,VELLORA IMPACT LIMITED,10.99,11.31,10.78,11.31,11.31,10.78,,11.31,,,20301,225728.00,43,F1,1,,,,,
2026-09-18,2026-09-18,CM,BSE,STK,531259,INE328F01016,ESHAMEDIA,XT,,,,,ESHA MEDIA RESEARCH LIMITED,34.50,35.51,32.13,32.13,32.13,33.82,,32.13,,,604,20130.00,7,F1,1,,,,,
2026-09-18,2026-09-18,CM,BSE,STK,531266,INE764D01017,VSTTILLERS,B,,,,,V.S.T.TILLERS TRACTORS LTD.,4200.00,4313.65,4085.00,4236.55,4267.90,4204.40,,4239.88,,,1174,4917105.00,334,F1,1,,,,,
2026-09-18,2026-09-18,CM,BSE,STK,531268,INE151B01011,B2BSOFT,X,,,,,B2B SOFTWARE TECHNOLOGIES LTD.,22.49,22.49,21.80,22.04,22.40,21.75,,22.04,,,7635,169600.00,101,F1,1,,,,,
2026-09-18,2026-09-18,CM,BSE,STK,531272,INE526C01012,NIKKIGL,X,,,,,NIKKI GLOBAL FINANCE LTD.,21.79,21.79,21.00,21.79,21.79,20.76,,21.79,,,740,16045.00,7,F1,1,,,,,
2026-09-18,2026-09-18,CM,BSE,STK,531273,INE986B01044,RADHEDE,X,,,,,RADHE DEVELOPERS (INDIA) LTD.,1.41,1.43,1.38,1.40,1.40,1.39,,1.40,,,57720,81203.00,78,F1,1,,,,,
2026-09-18,2026-09-18,CM,BSE,STK,531274,INE674M01019,KINETRU,XT,,,,,KINETIC TRUST LTD.,42.75,42.75,42.75,42.75,42.75,45.00,,42.75,,,1,42.00,1,F1,1,,,,,
2026-09-18,2026-09-18,CM,BSE,STK,531278,INE785D01012,ELIXIR,X,,,,,Elixir Capital Limited,98.00,103.80,98.00,102.87,103.49,100.00,,102.87,,,1407,140594.00,17,F1,1,,,,,
2026-09-18,2026-09-18,CM,BSE,STK,531279,INE238C01022,TRISHAKT,XT,,,,,Trishakti Industries Limited,240.20,245.00,232.00,238.30,238.30,243.00,,238.30,,,16799,3967172.00,252,F1,1,,,,,
2026-09-18,2026-09-18,CM,BSE,STK,531280,INE698B01011,PANKAJPO,XT,,,,,PANKAJ POLYMERS LTD.,117.35,129.65,117.35,129.65,129.65,123.50,,129.65,,,30009,3772324.00,142,F1,1,,,,,
2026-09-18,2026-09-18,CM,BSE,STK,531281,INE807H01023,MARBLE,XT,,,,,MARBLE CITY INDIA LIMITED,174.95,179.00,170.10,175.50,179.00,175.40,,175.50,,,18704,3269666.00,68,F1,1,,,,,
2026-09-18,2026-09-18,CM,BSE,STK,531287,INE896D01017,NATPLASTI,X,,,,,NATIONAL PLASTIC TECHNOLOGIES,213.35,215.95,209.90,210.65,209.90,211.25,,210.65,,,547,116312.00,32,F1,1,,,,,
2026-09-18,2026-09-18,CM,BSE,STK,531288,INE531D01010,LEADFIN,X,,,,,LEAD FINANCIAL SERVICES LTD.,15.00,15.00,14.30,14.30,14.30,15.00,,14.30,,,278,4167.00,5,F1,1,,,,,
2026-09-18,2026-09-18,CM,BSE,STK,531289,INE643C01015,NATFIT,XT,,,,,NATIONAL FITTINGS LIMITED,299.25,299.25,299.25,299.25,299.25,285.00,,299.25,,,10650,3187012.00,48,F1,1,,,,,
2026-09-18,2026-09-18,CM,BSE,STK,531297,INE885B01014,ARTEFACT,X,,,,,ARTEFACT PROJECTS LTD.,51.40,52.73,51.40,51.83,51.50,52.01,,51.83,,,555,28659.00,14,F1,1,,,,,
2026-09-18,2026-09-18,CM,BSE,STK,531301,INE319M01011,TUSALDAH,X,,,,,TUSALDAH LIMITED,120.20,120.20,112.95,112.95,112.95,117.80,,112.95,,,7,833.00,3,F1,1,,,,,
2026-09-18,2026-09-18,CM,BSE,STK,531306,INE590D01016,DHPIND,X,,,,,DHP INDIA LTD.,512.55,514.85,503.65,508.60,508.50,510.00,,508.60,,,415,210012.00,15,F1,1,,,,,
2026-09-18,2026-09-18,CM,BSE,STK,531307,INE951M01037,RRIL,B,,,,,RRIL LIMITED,15.90,16.00,15.00,15.51,15.50,16.10,,15.54,,,15163,235799.00,100,F1,1,,,,,
2026-09-18,2026-09-18,CM,BSE,STK,531310,INE325G01010,AVAILFC,B,,,,,AVAILABLE FINANCE LTD.,142.00,142.80,138.15,141.95,141.95,140.00,,141.95,,,744,105026.00,25,F1,1,,,,,
2026-09-18,2026-09-18,CM,BSE,STK,531314,INE366H01012,INTCAPL,X,,,,,INTEGRA CAPITAL LIMITED,12.65,12.65,12.65,12.65,12.65,13.24,,12.65,,,100,1265.00,1,F1,1,,,,,
2026-09-18,2026-09-18,CM,BSE,STK,531319,INE368C01019,MGIL,X,,,,,MARUTI GLOBAL INDUSTRIES LIMIT,41.45,42.50,39.01,39.70,40.39,41.22,,39.70,,,7569,306017.00,89,F1,1,,,,,
2026-09-18,2026-09-18,CM,BSE,STK,531322,INE293B01029,HAVISHA,B,,,,,SRI HAVISHA HOSPITALITY INFRAS,1.48,1.48,1.26,1.33,1.33,1.35,,1.33,,,37565,49329.00,27,F1,1,,,,,
2026-09-18,2026-09-18,CM,BSE,STK,531328,INE128R01023,KRETTOSYS,X,,,,,KRETTO SYSCON LIMITED,0.40,0.40,0.38,0.40,0.39,0.40,,0.40,,,1744780,683694.00,392,F1,1,,,,,
2026-09-18,2026-09-18,CM,BSE,STK,531334,INE186E01011,VIKALPS,X,,,,,VIKALP SECURITIES LTD.,18.75,18.75,18.75,18.75,18.75,17.86,,18.75,,,672,12600.00,4,F1,1,,,,,
2026-09-18,2026-09-18,CM,BSE,STK,531335,INE768C01028,ZYDUSWELL,A,,,,,ZYDUS WELLNESS LTD.,547.00,553.15,512.00,521.50,521.50,546.35,,522.22,,,49202,26113876.00,2487,F1,1,,,,,
2026-09-18,2026-09-18,CM,BSE,STK,531338,INE151H01018,MILESTONE,X,,,,,MILESTONE GLOBAL LTD.,18.50,19.42,18.50,19.42,19.42,18.50,,19.42,,,2900,54478.00,4,F1,1,,,,,
2026-09-18,2026-09-18,CM,BSE,STK,531340,INE348I01018,BERVINL,X,,,,,BERVIN INVESTMENT & LEASING LT,42.57,42.57,40.51,41.55,41.55,42.57,,41.55,,,1745,70734.00,9,F1,1,,,,,
2026-09-18,2026-09-18,CM,BSE,STK,531344,INE111A01025,CONCOR,A,,,,,CONTAINER CORPORATION OF INDIA,488.50,498.00,485.50,490.00,490.00,488.25,,504.53,,,55755,27556811.00,1623,F1,1,,,,,
2026-09-18,2026-09-18,CM,BSE,STK,531346,INE500D01015,EASTRED,X,,,,,EASTERN TREADS LTD.,29.55,29.55,29.00,29.12,29.41,29.54,,29.12,,,106,3089.00,3,F1,1,,,,,
2026-09-18,2026-09-18,CM,BSE,STK,531349,INE922B01023,PANACEABIO,B,,,,,PANACEA BIOTEC LTD.,372.45,372.45,360.50,368.00,367.20,372.40,,367.90,,,7560,2763505.00,306,F1,1,,,,,
2026-09-18,2026-09-18,CM,BSE,STK,531357,INE763M01028,MERCURYEV,B,,,,,MERCURY EV-TECH LIMITED,40.57,41.69,39.30,39.86,39.86,41.12,,39.91,,,32826,1320965.00,852,F1,1,,,,,
2026-09-18,2026-09-18,CM,BSE,STK,531358,INE102B01014,CHOICEIN,A,,,,,CHOICE INTERNATIONAL LTD.,739.20,775.00,738.50,764.20,764.20,739.50,,763.86,,,49266,37506884.00,1356,F1,1,,,,,
2026-09-18,2026-09-18,CM,BSE,STK,531359,INE777G01012,SRAMSET,X,,,,,SHRIRAM ASSET MANAGEMENT CO.LT,271.95,280.00,261.05,277.50,277.00,262.75,,277.50,,,2798,757775.00,84,F1,1,,,,,
2026-09-18,2026-09-18,CM,BSE,STK,531364,INE005E01013,EKANSH,X,,,,,Ekansh Concepts Limited,203.70,203.70,199.00,201.70,201.70,203.70,,201.70,,,1380,277829.00,20,F1,1,,,,,
2026-09-18,2026-09-18,CM,BSE,STK,531370,INE960B01015,SPAR,X,,,,,SPARC ELECTREX LIMITED,4.03,4.40,4.00,4.39,4.39,4.16,,4.39,,,28980,119240.00,53,F1,1,,,,,
2026-09-18,2026-09-18,CM,BSE,STK,531373,INE319B01014,BYKE,T,,,,,THE BYKE HOSPITALITY LTD.,30.00,30.00,30.00,30.00,30.00,30.10,,30.25,,,25,750.00,1,F1,1,,,,,
2026-09-18,2026-09-18,CM,BSE,STK,531380,INE405H01018,CSURGSU,X,,,,,CENTENIAL SURGICAL SUTURE LTD.,96.05,96.05,96.05,96.05,96.05,95.10,,96.05,,,11,1056.00,1,F1,1,,,,,
2026-09-18,2026-09-18,CM,BSE,STK,531381,INE413D01011,ARIHANT,B,,,,,ARIHANT FOUNDATIONS & HOUSING,922.00,949.00,922.00,931.25,939.40,923.55,,934.86,,,434,404525.00,123,F1,1,,,,,
2026-09-18,2026-09-18,CM,BSE,STK,531387,INE671D01014,HASTIFIN,XT,,,,,HASTI FINANCE LTD.,8.55,9.00,8.55,9.00,9.00,9.00,,9.00,,,1532,13106.00,6,F1,1,,,,,
2026-09-18,2026-09-18,CM,BSE,STK,531390,INE890B01014,UPSURGE,X,,,,,UPSURGE INVESTMENT & FINANCE L,62.12,63.80,62.08,62.40,63.22,62.08,,62.40,,,5726,361809.00,56,F1,1,,,,,
2026-09-18,2026-09-18,CM,BSE,STK,531395,INE448D01025,PADAMCO,XT,,,,,PADAM COTTON YARNS LTD.,0.95,0.98,0.95,0.97,0.97,0.97,,0.97,,,549739,529635.00,383,F1,1,,,,,
2026-09-18,2026-09-18,CM,BSE,STK,531396,INE905B01010,WOMENNET,X,,,,,WOMEN NETWORKS LTD.,7.14,7.14,7.14,7.14,7.14,7.51,,7.14,,,197,1406.00,2,F1,1,,,,,
2026-09-18,2026-09-18,CM,BSE,STK,531397,INE262C01014,POLYCON,XT,,,,,POLYCON INTERNATIONAL LTD.,24.00,24.00,24.00,24.00,24.00,24.00,,24.00,,,27,648.00,2,F1,1,,,,,
2026-09-18,2026-09-18,CM,BSE,STK,531398,INE679C01027,SOURCENTRL,X,,,,,SOURCE NATURAL FOODS & HERBAL,118.95,118.95,110.05,114.45,116.00,114.05,,114.45,,,1227,137779.00,57,F1,1,,,,,
2026-09-18,2026-09-18,CM,BSE,STK,531399,INE493B01017,GGAUTO,X,,,,,G.G.AUTOMOTIVE GEARS LTD.,177.90,177.90,173.20,174.50,173.45,173.10,,174.50,,,4535,794431.00,84,F1,1,,,,,
2026-09-18,2026-09-18,CM,BSE,STK,531400,INE326B01035,ALMONDZ,B,,,,,ALMONDZ GLOBAL SECURITIES LTD.,19.48,19.48,18.06,18.72,18.68,18.17,,18.56,,,29439,549221.00,98,F1,1,,,,,
2026-09-18,2026-09-18,CM,BSE,STK,531402,INE281M01013,LWSKNIT,X,,,,,LWS KNITWEAR LTD.,14.50,14.50,13.45,13.77,13.89,13.95,,13.77,,,1570,21639.00,44,F1,1,,,,,
2026-09-18,2026-09-18,CM,BSE,STK,531406,INE234J01018,ANSINDUS,XT,,,,,ANS INDUSTRIES LTD,24.37,24.37,24.37,24.37,24.37,25.65,,24.37,,,68,1657.00,4,F1,1,,,,,
2026-09-18,2026-09-18,CM,BSE,STK,531411,INE560D01027,TUNITEX,X,,,,,TUNI TEXTILE MILLS LTD.,1.39,1.39,1.38,1.39,1.39,1.27,,1.39,,,7301330,10137126.00,547,F1,1,,,,,
2026-09-18,2026-09-18,CM,BSE,STK,531412,INE576N01014,RADIXIND,X,,,,,RADIX INDUSTRIES (INDIA) LIMIT,130.55,130.55,130.05,130.35,130.25,126.60,,130.35,,,71,9255.00,5,F1,1,,,,,
2026-09-18,2026-09-18,CM,BSE,STK,531416,INE603F01012,NARPROP,X,,,,,NARENDRA PROPERTIES LTD.,35.90,36.30,35.50,35.55,35.55,35.67,,35.55,,,143,5094.00,13,F1,1,,,,,
2026-09-18,2026-09-18,CM,BSE,STK,531417,INE804B01023,MEGACOR,X,,,,,MEGA CORPORATION LTD.,2.28,2.45,2.10,2.34,2.36,2.30,,2.34,,,82458,186755.00,122,F1,1,,,,,
2026-09-18,2026-09-18,CM,BSE,STK,531420,INE644K01016,BMBMUMG,XT,,,,,BMB MUSIC & MAGNETICS LTD.,6.30,6.30,6.25,6.25,6.25,6.30,,6.25,,,526,3303.00,5,F1,1,,,,,
2026-09-18,2026-09-18,CM,BSE,STK,531426,INE107A01015,TNPL,B,,,,,TAMIL NADU NEWSPRINT & PAPERS,144.05,149.00,144.05,148.45,149.00,144.55,,148.34,,,10779,1583776.00,164,F1,1,,,,,
2026-09-18,2026-09-18,CM,BSE,STK,531431,INE908D01010,SHAKTIPUMP,A,,,,,SHAKTI PUMPS (INDIA) LTD.,465.95,470.30,458.45,461.20,462.25,462.55,,460.96,,,25242,11722466.00,816,F1,1,,,,,
2026-09-18,2026-09-18,CM,BSE,STK,531433,INE271D01013,SUNGOLD,X,,,,,SUNGOLD CAPITAL LTD.,2.80,2.80,2.70,2.70,2.70,2.90,,2.70,,,7866,21325.00,11,F1,1,,,,,
2026-09-18,2026-09-18,CM,BSE,STK,531436,INE474D01013,SAFFRON,X,,,,,SAFFRON INDUSTRIES LIMITED,25.25,25.25,24.50,24.90,25.25,25.00,,24.90,,,1350,33672.00,40,F1,1,,,,,
2026-09-18,2026-09-18,CM,BSE,STK,531437,INE523I01016,PWASML,X,,,,,Prakash Woollen & Synthetic Mi,23.00,23.25,22.50,22.61,22.61,23.45,,22.61,,,1917,43401.00,24,F1,1,,,,,
2026-09-18,2026-09-18,CM,BSE,STK,531439,INE805A01014,GOLDTECH,T,,,,,AION TECH SOLUTIONS LIMITED,41.89,41.90,40.10,41.41,41.41,41.17,,41.32,,,3792,156377.00,32,F1,1,,,,,
2026-09-18,2026-09-18,CM,BSE,STK,531441,INE100F01019,LYONSCO,X,,,,,LYONS CORPORATE MARKET LTD.,21.55,21.55,21.55,21.55,21.55,21.30,,21.55,,,70,1508.00,3,F1,1,,,,,
2026-09-18,2026-09-18,CM,BSE,STK,531449,INE192H01020,GRMOVER,B,,,,,GRM OVERSEAS LTD.,82.60,82.60,79.81,81.65,81.51,80.10,,81.64,,,380194,30919034.00,2063,F1,1,,,,,
2026-09-18,2026-09-18,CM,BSE,STK,531453,INE954E01012,MOHITIND,B,,,,,MOHIT INDUSTRIES LTD.,23.16,24.00,23.02,23.94,23.51,24.00,,23.62,,,238,5566.00,21,F1,1,,,,,
2026-09-18,2026-09-18,CM,BSE,STK,531454,INE323D01020,POLYLINK,X,,,,,POLYLINK POLYMERS (INDIA) LTD.,23.80,23.80,22.25,22.38,22.38,23.59,,22.38,,,1140,26083.00,42,F1,1,,,,,
2026-09-18,2026-09-18,CM,BSE,STK,531456,INE952C01028,MINAXI,X,,,,,MINAXI TEXTILES LTD.,1.15,1.32,1.15,1.32,1.32,1.10,,1.32,,,24529,29945.00,23,F1,1,,,,,
2026-09-18,2026-09-18,CM,BSE,STK,531458,INE109B01019,BOSTON,X,,,,,BOSTON COMMERCE LIMITED,6.53,6.57,6.53,6.57,6.57,5.98,,6.57,,,90407,590361.00,21,F1,1,,,,,
2026-09-18,2026-09-18,CM,BSE,STK,531460,INE545B01022,CONTICON,XT,,,,,CONTINENTAL CONTROLS LTD.,15.40,15.40,15.40,15.40,15.40,15.12,,15.40,,,350,5390.00,2,F1,1,,,,,
2026-09-18,2026-09-18,CM,BSE,STK,531463,INE377M01043,GBLINFRA,XT,,,,,GLOBAL INFRATECH & FINANCE LIM,108.25,108.25,108.25,108.25,108.25,106.13,,108.25,,,17,1840.00,4,F1,1,,,,,
2026-09-18,2026-09-18,CM,BSE,STK,531465,INE317B01042,NOUVEAU,XT,,,,,NOUVEAU GLOBAL VENTURES LTD.,0.30,0.30,0.29,0.29,0.29,0.30,,0.29,,,85959,25752.00,34,F1,1,,,,,
2026-09-18,2026-09-18,CM,BSE,STK,531471,INE397G01019,DUKEOFS,XT,,,,,DUKE OFFSHORE LTD.,74.70,74.70,74.70,74.70,74.70,73.24,,74.70,,,1979,147831.00,20,F1,1,,,,,
2026-09-18,2026-09-18,CM,BSE,STK,531472,INE183D01010,CYBELEIND,X,,,,,CYBELE INDUSTRIES LTD.,37.10,37.81,36.00,36.56,36.99,36.02,,36.56,,,7983,293188.00,49,F1,1,,,,,
2026-09-18,2026-09-18,CM,BSE,STK,531486,INE600B01033,FILME,X,,,,,FILMCITY MEDIA LTD.,1.35,1.39,1.31,1.39,1.39,1.33,,1.39,,,27149,37579.00,20,F1,1,,,,,
2026-09-18,2026-09-18,CM,BSE,STK,531489,INE084D01010,CGVAK,B,,,,,CG-VAK SOFTWARE & EXPORTS LTD.,153.00,153.00,147.00,147.60,149.95,145.35,,147.83,,,1193,176480.00,15,F1,1,,,,,
2026-09-18,2026-09-18,CM,BSE,STK,531494,INE268H01044,NAVKARURB,T,,,,,NAVKAR URBANSTRUCTURE LIMITED,0.83,0.84,0.81,0.84,0.84,0.85,,0.83,,,77500,63671.00,44,F1,1,,,,,
2026-09-18,2026-09-18,CM,BSE,STK,531495,INE472B01011,BLUECOAST,B,,,,,BLUE COAST HOTELS LTD.,21.97,21.97,20.46,21.59,21.59,20.95,,21.28,,,29,626.00,5,F1,1,,,,,
2026-09-18,2026-09-18,CM,BSE,STK,531497,INE378D01032,MADHUCON,T,,,,,MADHUCON PROJECTS LTD.,3.94,4.04,3.66,4.04,4.04,3.85,,4.07,,,27254,100210.00,11,F1,1,,,,,
2026-09-18,2026-09-18,CM,BSE,STK,531500,INE343B01030,RAJESHEXPO,Z,,,,,RAJESH EXPORTS LTD.,73.60,77.89,70.92,72.64,72.64,74.65,,70.85,,,30582,2266148.00,583,F1,1,,,,,
2026-09-18,2026-09-18,CM,BSE,STK,531502,INE404L01039,ESARIND,X,,,,,ESAAR (INDIA) LTD.,11.42,11.98,11.40,11.45,11.40,11.99,,11.45,,,1297834,14833010.00,348,F1,1,,,,,
2026-09-18,2026-09-18,CM,BSE,STK,531503,INE866D01010,MARIS,X,,,,,MARIS SPINNERS LTD.,37.56,38.40,36.88,37.57,37.73,36.81,,37.57,,,2479,92882.00,27,F1,1,,,,,
2026-09-18,2026-09-18,CM,BSE,STK,531505,INE628F01019,INDERGR,XT,,,,,INDERGIRI FINANCE LTD.,22.01,22.01,20.06,22.01,22.01,21.11,,22.01,,,2618,55544.00,11,F1,1,,,,,
2026-09-18,2026-09-18,CM,BSE,STK,531508,INE128A01029,EVEREADY,B,,,,,EVEREADY INDUSTRIES INDIA LTD.,338.20,341.30,329.30,331.15,334.60,333.25,,331.01,,,9613,3193560.00,343,F1,1,,,,,
2026-09-18,2026-09-18,CM,BSE,STK,531509,INE623D01015,STEP2COR,XT,,,,,STEP TWO CORPORATION LTD.,27.05,27.05,27.05,27.05,27.05,28.45,,27.05,,,3,81.00,2,F1,1,,,,,
2026-09-18,2026-09-18,CM,BSE,STK,531512,INE681D01039,ORIENTTR,X,,,,,ORIENT TRADELINK LTD.,4.28,4.28,4.00,4.00,4.00,4.21,,4.00,,,722453,2917726.00,247,F1,1,,,,,
2026-09-18,2026-09-18,CM,BSE,STK,531515,INE735D01041,MAHANIN,X,,,,,MAHAN INDUSTRIES LTD.,18.00,18.00,18.00,18.00,18.00,17.15,,18.00,,,376,6768.00,10,F1,1,,,,,
2026-09-18,2026-09-18,CM,BSE,STK,531518,INE767B01022,VIKASPROP,Z,,,,,VIKAS PROPPANT & GRANITE LTD.,0.27,0.27,0.26,0.26,0.26,0.27,,0.26,,,78681,20716.00,63,F1,1,,,,,
2026-09-18,2026-09-18,CM,BSE,STK,531525,INE849B01010,ACESOFT,XT,,,,,ACE SOFTWARE EXPORTS LTD.,199.90,206.00,198.00,205.90,205.90,199.40,,205.90,,,75627,15175796.00,224,F1,1,,,,,
2026-09-18,2026-09-18,CM,BSE,STK,531529,INE562E01021,SOFTRAKV,XT,,,,,SOFTRAK VENTURE INVESTMENT LTD,1.78,1.78,1.65,1.75,1.76,1.70,,1.75,,,27815,48706.00,102,F1,1,,,,,
2026-09-18,2026-09-18,CM,BSE,STK,531530,INE658E01027,BETALA,X,,,,,BETALA GLOBAL SECURITIES LTD.,32.76,32.76,28.23,29.20,29.20,32.76,,29.20,,,11367,340570.00,49,F1,1,,,,,
2026-09-18,2026-09-18,CM,BSE,STK,531531,INE473B01035,HATSUN,A,,,,,HATSUN AGRO PRODUCT LTD.,1189.55,1189.55,1124.50,1139.40,1144.50,1182.70,,1139.11,,,7391,8480259.00,883,F1,1,,,,,
2026-09-18,2026-09-18,CM,BSE,STK,531533,INE578B01015,ACCEDERE,X,,,,,ACCEDERE LIMITED,49.50,53.43,49.50,50.42,50.48,52.08,,50.42,,,5824,297467.00,67,F1,1,,,,,
2026-09-18,2026-09-18,CM,BSE,STK,531537,INE681K01026,MIZVEN,XT,,,,,MIZZEN VENTURES LIMITED,38.93,39.95,38.93,39.90,39.90,38.93,,39.90,,,6599,261071.00,20,F1,1,,,,,
2026-09-18,2026-09-18,CM,BSE,STK,531539,INE864D01015,RISHDIGA,X,,,,,RISHABH DIGHA STEEL & ALLIED P,43.43,43.43,43.00,43.43,43.43,41.37,,43.43,,,8090,351187.00,33,F1,1,,,,,
2026-09-18,2026-09-18,CM,BSE,STK,531540,INE392G01028,MAINFRA,X,,,,,MARUTI INFRASTRUCTURE LTD.,10.23,10.38,9.92,10.22,10.30,10.23,,10.22,,,4841,49579.00,42,F1,1,,,,,
2026-09-18,2026-09-18,CM,BSE,STK,531541,INE881A01015,KOBO,Z,,,,,KOBO BIOTECH LIMITED,4.29,4.29,4.29,4.29,4.29,4.37,,4.29,,,1576,6761.00,13,F1,1,,,,,
2026-09-18,2026-09-18,CM,BSE,STK,531543,INE247D01039,JINDWORLD,B,,,,,JINDAL WORLDWIDE LTD.,49.01,51.51,47.76,49.43,49.79,49.00,,49.68,,,546665,27362117.00,1312,F1,1,,,,,
2026-09-18,2026-09-18,CM,BSE,STK,531548,INE355A01028,SOMANYCERA,B,,,,,SOMANY CERAMICS LTD.,564.00,578.00,563.30,571.75,575.15,564.80,,572.56,,,4879,2777817.00,257,F1,1,,,,,
2026-09-18,2026-09-18,CM,BSE,STK,531550,INE865D01012,JHACC,X,,,,,JHAVERI CREDITS & CAPITAL LTD.,203.80,208.50,200.10,204.00,204.00,200.30,,204.00,,,1616,326832.00,42,F1,1,,,,,
2026-09-18,2026-09-18,CM,BSE,STK,531552,INE754B01012,RAGHUTOB,X,,,,,RAGHUNATH TOBACCO CO.LTD.,16.00,16.00,14.02,14.17,14.12,14.99,,14.17,,,4992,71150.00,45,F1,1,,,,,
2026-09-18,2026-09-18,CM,BSE,STK,531553,INE193D01019,DRL,XT,,,,,DISHA RESOURCES LIMITED,36.00,39.78,36.00,37.95,37.97,37.89,,37.95,,,11713,424096.00,35,F1,1,,,,,
2026-09-18,2026-09-18,CM,BSE,STK,531556,INE558D01021,CORALFINAC,B,,,,,CORAL INDIA FINANCE & HOUSING,32.03,32.97,32.02,32.24,32.24,32.05,,32.56,,,60,1973.00,4,F1,1,,,,,
2026-09-18,2026-09-18,CM,BSE,STK,531557,INE137E01014,AMITSEC,X,,,,,AMIT SECURITIES LTD.,39.65,39.65,38.98,38.98,38.98,37.77,,38.98,,,12,471.00,3,F1,1,,,,,
2026-09-18,2026-09-18,CM,BSE,STK,531569,INE860D01013,SANJIVIN,X,,,,,SANJIVANI PARANTERAL LTD.,183.65,185.00,178.00,179.80,181.50,180.80,,179.80,,,1620,295626.00,79,F1,1,,,,,
2026-09-18,2026-09-18,CM,BSE,STK,531574,INE192C01013,VASINFRA,XT,,,,,VAS INFRASTRUCTURE LTD.,7.56,7.56,7.56,7.56,7.56,7.95,,7.56,,,11,83.00,1,F1,1,,,,,
2026-09-18,2026-09-18,CM,BSE,STK,531582,INE508J01015,BERYLSE,X,,,,,BERYL SECURITIES LTD.,29.36,29.38,29.36,29.36,29.38,29.39,,29.36,,,1542,45279.00,3,F1,1,,,,,
2026-09-18,2026-09-18,CM,BSE,STK,531583,INE483D01014,RAP,X,,,,,RAP CORP LIMITED,34.00,34.00,30.71,31.02,31.00,33.91,,31.02,,,17722,549327.00,80,F1,1,,,,,
2026-09-18,2026-09-18,CM,BSE,STK,531585,INE455C01014,DEVINE,X,,,,,DEVINE IMPEX LTD.,8.11,8.11,8.11,8.11,8.11,8.15,,8.11,,,60,486.00,1,F1,1,,,,,
2026-09-18,2026-09-18,CM,BSE,STK,531591,INE802A01037,BAMPSL,X,,,,,BAMPSL SECURITIES LTD.,18.71,18.71,18.00,18.05,18.00,18.57,,18.05,,,3679,67073.00,25,F1,1,,,,,
2026-09-18,2026-09-18,CM,BSE,STK,531592,INE861N01036,GENPHARMA,X,,,,,GENPHARMASEC LIMITED,1.13,1.14,1.11,1.14,1.14,1.12,,1.14,,,126755,142358.00,170,F1,1,,,,,
2026-09-18,2026-09-18,CM,BSE,STK,531594,INE507D01010,INCON,XT,,,,,INCON ENGINEERS LTD.,25.00,25.72,25.00,25.72,25.72,24.50,,25.72,,,1160,29475.00,7,F1,1,,,,,
2026-09-18,2026-09-18,CM,BSE,STK,531595,INE180C01042,CGCL,A,,,,,CAPRI GLOBAL CAPITAL LIMITED,262.65,273.55,262.00,270.55,271.05,262.25,,270.65,,,268096,72439085.00,3672,F1,1,,,,,
2026-09-18,2026-09-18,CM,BSE,STK,531599,INE258B01022,FDC,B,,,,,FDC LTD.,353.00,354.00,347.10,352.95,353.00,350.95,,352.51,,,3295,1155595.00,155,F1,1,,,,,
2026-09-18,2026-09-18,CM,BSE,STK,531600,INE832C01014,GOGIACAPGL,X,,,,,GOGIA CAPITAL GROWTH LIMITED,57.75,57.75,57.75,57.75,57.75,55.00,,57.75,,,208,12012.00,4,F1,1,,,,,
2026-09-18,2026-09-18,CM,BSE,STK,531608,INE792J01015,GORANIN,X,,,,,GORANI INDUSTRIES LTD.,42.73,42.73,40.10,42.73,42.73,40.70,,42.73,,,1056,44914.00,12,F1,1,,,,,
2026-09-18,2026-09-18,CM,BSE,STK,531613,INE100C01024,MAL,XT,,,,,Meyer Apparel Limited,2.13,2.13,2.13,2.13,2.13,2.17,,2.13,,,8410,17913.00,6,F1,1,,,,,
2026-09-18,2026-09-18,CM,BSE,STK,531624,INE695B01025,COUNCODOS,T,,,,,COUNTRY CONDOS LTD.,6.38,6.38,6.15,6.35,6.35,6.39,,6.32,,,10760,66941.00,34,F1,1,,,,,
2026-09-18,2026-09-18,CM,BSE,STK,531626,INE628B01034,OROSMITHS,XT,,,,,OROSIL SMITHS INDIA LTD.,6.70,6.73,6.54,6.67,6.70,6.60,,6.67,,,46672,311674.00,121,F1,1,,,,,
2026-09-18,2026-09-18,CM,BSE,STK,531628,INE173E01019,TEJASSVI,XT,,,,,TEJASSVI AAHARAM LIMITED,57.21,63.22,57.21,57.84,57.84,60.22,,57.84,,,3410,213680.00,25,F1,1,,,,,
2026-09-18,2026-09-18,CM,BSE,STK,531633,INE405C01035,LINCOLN,B,,,,,LINCOLN PHARMACEUTICALS LTD.,596.95,612.20,596.95,606.40,601.35,601.20,,604.95,,,1058,639079.00,130,F1,1,,,,,
2026-09-18,2026-09-18,CM,BSE,STK,531635,INE870J01019,SILVOAK,X,,,,,SILVER OAK (INDIA) LTD.,72.20,76.00,72.20,73.14,72.72,76.28,,73.14,,,880,64109.00,29,F1,1,,,,,
2026-09-18,2026-09-18,CM,BSE,STK,531637,INE722B01019,PRAVEG,B,,,,,PRAVEG LIMITED,252.00,254.90,245.25,247.50,246.15,251.00,,247.46,,,8908,2221344.00,317,F1,1,,,,,
2026-09-18,2026-09-18,CM,BSE,STK,531638,INE713C01016,SURAJLTD,B,,,,,SURAJ LTD.,192.40,199.95,192.40,197.55,197.55,203.00,,199.17,,,38,7420.00,7,F1,1,,,,,
2026-09-18,2026-09-18,CM,BSE,STK,531642,INE196A01026,MARICO,A,,,,,MARICO LTD.,822.40,822.40,801.00,801.00,801.00,816.75,,803.90,,,82043,67053666.00,1726,F1,1,,,,,
2026-09-18,2026-09-18,CM,BSE,STK,531644,INE546D01018,TOKYOFIN,X,,,,,TOKYO FINANCE LTD.,20.49,20.49,18.10,19.15,20.00,19.61,,19.15,,,911,18286.00,13,F1,1,,,,,
2026-09-18,2026-09-18,CM,BSE,STK,531652,INE528C01018,UVS,X,,,,,UVS HOSPITALITY AND SERVICES L,93.00,93.00,78.52,78.79,78.52,79.74,,78.79,,,2924,233564.00,28,F1,1,,,,,
2026-09-18,2026-09-18,CM,BSE,STK,531658,INE454E01013,ABATEAS,X,,,,,ABATE AS INDUSTRIES LIMITED,8.28,8.67,8.02,8.13,8.25,8.28,,8.13,,,10397,85474.00,58,F1,1,,,,,
2026-09-18,2026-09-18,CM,BSE,STK,531661,INE863C01019,HITTCO,XT,,,,,HITTCO TOOLS LTD.,15.10,15.62,14.87,15.60,15.60,15.55,,15.60,,,7368,112168.00,29,F1,1,,,,,
2026-09-18,2026-09-18,CM,BSE,STK,531663,INE139D01020,YUVRAAJHPL,X,,,,,YUVRAAJ HYGIENE PRODUCTS LTD.,9.69,9.69,9.46,9.50,9.50,9.50,,9.50,,,16431,156262.00,34,F1,1,,,,,
2026-09-18,2026-09-18,CM,BSE,STK,531667,INE117K01013,RRMETAL,XT,,,,,RR METALMAKERS INDIA LIMITED,41.47,43.50,41.47,41.47,41.47,43.65,,41.47,,,7465,309743.00,25,F1,1,,,,,
2026-09-18,2026-09-18,CM,BSE,STK,531668,INE661D01015,VISIONCO,XT,,,,,VISION CORPORATION LTD.,2.35,2.35,2.35,2.35,2.35,2.35,,2.35,,,1385,3254.00,9,F1,1,,,,,
2026-09-18,2026-09-18,CM,BSE,STK,531671,INE214D01021,KARNAWATI,X,,,,,Karnawati Innovation Limited,1.19,1.21,1.19,1.20,1.19,1.22,,1.20,,,33579,40318.00,102,F1,1,,,,,
2026-09-18,2026-09-18,CM,BSE,STK,531673,INE067C01025,ANKIN,X,,,,,ANKA INDIA LTD.,21.20,21.44,20.17,20.25,20.25,20.80,,20.25,,,2225,47186.00,14,F1,1,,,,,
2026-09-18,2026-09-18,CM,BSE,STK,531676,INE554H01021,EMROCK,XT,,,,,EMROCK CORPORATION LIMITED,240.00,255.00,238.95,249.70,251.00,251.50,,249.70,,,2565,634738.00,22,F1,1,,,,,
2026-09-18,2026-09-18,CM,BSE,STK,531680,INE799E01011,MAYUR,XT,,,,,MAYUR LEATHER PRODUCTS LTD.,42.34,42.34,38.91,42.21,42.12,40.33,,42.21,,,42647,1769991.00,99,F1,1,,,,,
2026-09-18,2026-09-18,CM,BSE,STK,531681,INE673C01020,AMERISE,XT,,,,,AMERISE BIOSCIENCES LIMITED,0.79,0.84,0.79,0.84,0.84,0.80,,0.84,,,232557,194999.00,29,F1,1,,,,,
2026-09-18,2026-09-18,CM,BSE,STK,531688,INE621B01021,PRITHVIEXCH,X,,,,,Prithvi Exchange (India) Limit,108.40,108.40,100.00,102.85,102.80,100.05,,102.85,,,198,20291.00,21,F1,1,,,,,
2026-09-18,2026-09-18,CM,BSE,STK,531692,INE593B01030,KHYATI,XT,,,,,KHYATI MULTIMEDIA-ENTERTAINMEN,2.80,2.81,2.80,2.81,2.81,2.72,,2.81,,,21,59.00,3,F1,1,,,,,
2026-09-18,2026-09-18,CM,BSE,STK,531694,INE230F01014,RAINBOWF,X,,,,,RAINBOW FOUNDATIONS LTD.,31.01,32.49,31.00,32.00,32.00,30.77,,32.00,,,3283,104651.00,22,F1,1,,,,,
2026-09-18,2026-09-18,CM,BSE,STK,531716,INE843F01014,TRICOMFRU,XT,,,,,TRICOM FRUIT PRODUCTS LIMITED,1.26,1.26,1.16,1.20,1.20,1.21,,1.20,,,6996,8242.00,15,F1,1,,,,,
2026-09-18,2026-09-18,CM,BSE,STK,531717,INE632C01026,VIDHIING,B,,,,,Vidhi Specialty Food Ingredien,347.10,350.00,339.30,346.40,347.40,345.00,,344.57,,,1330,461101.00,91,F1,1,,,,,
2026-09-18,2026-09-18,CM,BSE,STK,531719,INE414D01027,BHAGCHEM,B,,,,,BHAGIRADHA CHEMICALS & INDUSTR,249.70,252.30,246.15,246.95,246.90,247.55,,246.85,,,2324,576695.00,44,F1,1,,,,,
2026-09-18,2026-09-18,CM,BSE,STK,531723,INE224E01028,GATECH,T,,,,,GACM Technologies Limited,0.75,0.75,0.74,0.75,0.75,0.72,,0.74,,,11270753,8447400.00,1396,F1,1,,,,,
2026-09-18,2026-09-18,CM,BSE,STK,531726,INE316G01019,PANCHSHEEL,X,,,,,PANCHSHEEL ORGANICS LTD.,109.20,111.95,108.00,111.55,111.55,109.20,,111.55,,,3827,420479.00,38,F1,1,,,,,
2026-09-18,2026-09-18,CM,BSE,STK,531727,INE650G01029,MENNPIS,T,,,,,MENON PISTONS LTD.,74.50,75.50,73.00,74.34,73.91,74.72,,73.85,,,9947,740068.00,105,F1,1,,,,,
2026-09-18,2026-09-18,CM,BSE,STK,531737,INE414C01045,GREENCREST,X,,,,,GREENCREST FINANCIAL SERVICES,0.66,0.70,0.65,0.69,0.69,0.68,,0.69,,,183312,124036.00,168,F1,1,,,,,
2026-09-18,2026-09-18,CM,BSE,STK,531739,INE509C01026,GENNEX,X,,,,,GENNEX LABORATORIES LTD.,10.46,10.50,10.00,10.27,10.27,10.43,,10.27,,,312154,3187515.00,611,F1,1,,,,,
2026-09-18,2026-09-18,CM,BSE,STK,531744,INE548B01018,GINISILK,X,,,,,GINI SILK MILLS LTD.,57.58,59.86,54.10,57.80,57.56,60.98,,57.80,,,1202,67254.00,21,F1,1,,,,,
2026-09-18,2026-09-18,CM,BSE,STK,531746,INE505C01016,PRAENG,B,,,,,PRAJAY ENGINEERS SYNDICATE LTD,23.47,23.47,21.85,22.61,22.55,22.51,,22.68,,,4542,104276.00,62,F1,1,,,,,
2026-09-18,2026-09-18,CM,BSE,STK,531752,INE703D01023,BIOGEN,X,,,,,BIOGEN PHARMACHEM INDUSTRIES L,0.28,0.28,0.26,0.27,0.28,0.28,,0.27,,,2398902,656961.00,710,F1,1,,,,,
2026-09-18,2026-09-18,CM,BSE,STK,531758,INE131D01019,GKCONS,X,,,,,G.K.CONSULTANTS LTD.,11.80,11.85,11.35,11.70,11.70,11.85,,11.70,,,343,4042.00,16,F1,1,,,,,
2026-09-18,2026-09-18,CM,BSE,STK,531761,INE126J01016,APOLLOPIPE,B,,,,,APOLLO PIPES LIMITED,526.50,546.85,526.50,543.40,538.65,525.45,,543.60,,,10933,5844999.00,451,F1,1,,,,,
2026-09-18,2026-09-18,CM,BSE,STK,531762,INE576D01015,UNJHAFOR,XT,,,,,UNJHA FORMULATIONS LTD.,30.40,32.95,30.40,32.50,32.50,31.99,,32.50,,,2304,71042.00,22,F1,1,,,,,
2026-09-18,2026-09-18,CM,BSE,STK,531768,INE205C01021,POLYMED,A,,,,,POLY MEDICURE LTD.,1706.00,1746.40,1705.00,1727.75,1734.60,1711.80,,1726.09,,,5308,9158565.00,345,F1,1,,,,,
2026-09-18,2026-09-18,CM,BSE,STK,531769,INE600F01018,PFLINFOTC,X,,,,,PFL INFOTECH LTD.,4.00,4.00,4.00,4.00,4.00,4.00,,4.00,,,381,1524.00,3,F1,1,,,,,
2026-09-18,2026-09-18,CM,BSE,STK,531771,INE311M01018,SHRADDHA,B,,,,,SHRADDHA PRIME PROJECTS LTD,145.10,152.95,145.10,152.95,152.95,149.55,,147.14,,,632,93241.00,23,F1,1,,,,,
2026-09-18,2026-09-18,CM,BSE,STK,531778,INE059E01010,KACHCHH,X,,,,,KACHCHH MINERALS LTD.,27.06,27.06,26.90,26.90,26.90,26.93,,26.90,,,386,10399.00,6,F1,1,,,,,
2026-09-18,2026-09-18,CM,BSE,STK,531779,INE630U01014,PADALPO,X,,,,,PADMANABH ALLOYS & POLYMERS LT,21.00,22.01,21.00,22.01,22.01,21.00,,22.01,,,263,5764.00,6,F1,1,,,,,
2026-09-18,2026-09-18,CM,BSE,STK,531780,INE229G01022,KACL,X,,,,,KAISER CORPORATION LIMITED,5.74,5.76,5.60,5.60,5.61,5.67,,5.60,,,18023,101491.00,67,F1,1,,,,,
2026-09-18,2026-09-18,CM,BSE,STK,531784,INE469F01026,KCLINFRA,X,,,,,KCL Infra Projects Limited,1.09,1.14,1.06,1.06,1.09,1.09,,1.06,,,165256,178610.00,116,F1,1,,,,,
2026-09-18,2026-09-18,CM,BSE,STK,531795,INE951D01028,ATULAUTO,B,,,,,ATUL AUTO LTD.,443.20,452.15,443.00,446.45,446.45,441.45,,446.45,,,6686,2984441.00,326,F1,1,,,,,
2026-09-18,2026-09-18,CM,BSE,STK,531797,INE393D01015,SCANPRO,X,,,,,SCAN PROJECTS LTD.,113.00,113.00,103.05,103.05,103.05,108.30,,103.05,,,42,4736.00,3,F1,1,,,,,
2026-09-18,2026-09-18,CM,BSE,STK,531802,INE426H01014,PRERINFRA,X,,,,,PRERNA INFRABUILD LTD.,23.22,24.59,23.00,23.99,23.99,23.22,,23.99,,,8205,192310.00,37,F1,1,,,,,
2026-09-18,2026-09-18,CM,BSE,STK,531810,INE161E01014,METALCO,X,,,,,METAL COATINGS (INDIA) LTD.,49.58,50.49,49.50,50.49,50.49,49.90,,50.49,,,1968,99312.00,10,F1,1,,,,,
2026-09-18,2026-09-18,CM,BSE,STK,531812,INE266C01023,SGNTE,X,,,,,SGN TELECOMS LTD.,0.58,0.58,0.57,0.57,0.57,0.57,,0.57,,,4740,2720.00,18,F1,1,,,,,
2026-09-18,2026-09-18,CM,BSE,STK,531814,INE297J01023,TIRSARJ,X,,,,,TIRUPATI SARJAN LTD.,8.00,8.44,8.00,8.39,8.39,8.16,,8.39,,,1845,15176.00,15,F1,1,,,,,
2026-09-18,2026-09-18,CM,BSE,STK,531821,INE348D01019,MUNOTHFI,XT,,,,,MUNOTH FINANCIAL SERVICES LTD.,59.40,61.18,59.40,61.18,61.18,60.00,,61.18,,,101,6177.00,3,F1,1,,,,,
2026-09-18,2026-09-18,CM,BSE,STK,531822,INE513E01024,RODIUM,X,,,,,RODIUM REALTY LIMITED,138.00,148.65,138.00,143.00,143.00,138.10,,143.00,,,41,5913.00,7,F1,1,,,,,
2026-09-18,2026-09-18,CM,BSE,STK,531832,INE793H01017,NAGTECH,X,,,,,NAGARJUNA AGRI TECH LTD.,39.30,39.39,37.43,39.39,39.39,39.39,,39.39,,,15,588.00,6,F1,1,,,,,
2026-09-18,2026-09-18,CM,BSE,STK,531834,INE487B01019,NATHUEC,XT,,,,,NATURA HUE CHEM LTD.,37.50,38.65,36.72,37.99,38.00,38.65,,37.99,,,1365,50554.00,19,F1,1,,,,,
2026-09-18,2026-09-18,CM,BSE,STK,531840,INE172B01017,IECEDU,X,,,,,IEC EDUCATION LTD.,24.50,27.12,22.40,25.75,25.75,22.60,,25.75,,,97004,2551407.00,385,F1,1,,,,,
2026-09-18,2026-09-18,CM,BSE,STK,531841,INE935D01013,INDUSFINL,XT,,,,,Indus Finance Limited,308.55,308.55,308.55,308.55,308.55,302.50,,308.55,,,2167,668627.00,13,F1,1,,,,,
2026-09-18,2026-09-18,CM,BSE,STK,531842,INE515C01023,LAHOTIOV,B,,,,,LAHOTI OVERSEAS LTD.,44.86,44.86,39.25,39.40,39.36,40.50,,39.30,,,156,6277.00,8,F1,1,,,,,
2026-09-18,2026-09-18,CM,BSE,STK,531845,INE318D01020,ZENITHSTL,B,,,,,ZENITH STEEL PIPES AND  INDUST,5.30,5.75,5.30,5.65,5.68,5.65,,5.60,,,9064,50364.00,89,F1,1,,,,,
2026-09-18,2026-09-18,CM,BSE,STK,531846,INE884X01011,TRINITYLEA,X,,,,,TRINITY LEAGUE INDIA LTD.,8.90,8.97,8.90,8.97,8.97,8.83,,8.97,,,6,53.00,2,F1,1,,,,,
2026-09-18,2026-09-18,CM,BSE,STK,531847,INE194D01017,ASTAR,B,,,,,ASIAN STAR CO.LTD.,797.00,827.15,770.00,825.75,827.15,689.30,,825.02,,,11048,9062832.00,478,F1,1,,,,,
2026-09-18,2026-09-18,CM,BSE,STK,531859,INE457G01029,ORIRAIL,B,,,,,ORIENTAL RAIL INFRASTRUCTURE L,118.30,119.30,116.35,117.55,117.00,118.05,,117.21,,,16699,1963959.00,286,F1,1,,,,,
2026-09-18,2026-09-18,CM,BSE,STK,531861,INE024B01010,JOINDRE,X,,,,,JOINDRE CAPITAL SERVICES LTD.,49.00,49.00,48.50,48.60,48.60,48.97,,48.60,,,1214,59010.00,24,F1,1,,,,,
2026-09-18,2026-09-18,CM,BSE,STK,531862,INE842D01029,BHARATAGRI,X,,,,,BHARAT AGRI FERT & REALTY LTD.,21.96,22.28,20.99,21.36,21.36,21.92,,21.36,,,51952,1111047.00,166,F1,1,,,,,
2026-09-18,2026-09-18,CM,BSE,STK,531867,INE929K01011,UNITINT,Z,,,,,UNITECH INTERNATIONAL LTD.,3.14,3.20,3.13,3.18,3.18,3.29,,3.18,,,30450,95435.00,18,F1,1,,,,,
2026-09-18,2026-09-18,CM,BSE,STK,531869,INE433G01020,SACHEMT,X,,,,,SACHETA METALS LTD.,3.72,3.83,3.72,3.82,3.83,3.77,,3.82,,,45848,173598.00,68,F1,1,,,,,
2026-09-18,2026-09-18,CM,BSE,STK,531870,INE370C01015,POPULARES,X,,,,,POPULAR ESTATE MANAGEMENT LTD.,13.25,13.91,13.25,13.91,13.91,13.25,,13.91,,,70,967.00,4,F1,1,,,,,
2026-09-18,2026-09-18,CM,BSE,STK,531878,INE283D01018,ANJANIFIN,X,,,,,ANJANI FINANCE LTD.,9.00,9.00,7.47,7.48,7.48,8.30,,7.48,,,3647,27379.00,20,F1,1,,,,,
2026-09-18,2026-09-18,CM,BSE,STK,531888,INE687C01012,REXNORD,X,,,,,REXNORD ELECTRONICS & CONTROLS,95.95,95.95,92.00,92.41,93.95,96.22,,92.41,,,4199,390685.00,77,F1,1,,,,,
2026-09-18,2026-09-18,CM,BSE,STK,531889,INE882B01037,NWIL,X,,,,,NURTURE WELL INDUSTRIES LIMITE,21.00,21.30,20.00,20.69,20.70,20.87,,20.69,,,292267,6034203.00,841,F1,1,,,,,
2026-09-18,2026-09-18,CM,BSE,STK,531892,INE060B01014,KHANDSE,B,,,,,KHANDWALA SECURITIES LTD.,17.88,17.88,17.88,17.88,17.88,16.88,,18.09,,,1,17.00,1,F1,1,,,,,
2026-09-18,2026-09-18,CM,BSE,STK,531893,INE248B01023,SAWACA,X,,,,,SAWACA ENTERPRISES LIMITED,0.30,0.30,0.29,0.30,0.30,0.30,,0.30,,,422935,124317.00,200,F1,1,,,,,
2026-09-18,2026-09-18,CM,BSE,STK,531900,INE778E01031,CCLINTER,X,,,,,CCL INTERNATIONAL LTD.,21.50,23.00,21.50,22.75,22.75,21.50,,22.75,,,261,5943.00,9,F1,1,,,,,
2026-09-18,2026-09-18,CM,BSE,STK,531902,INE755J01012,GALLOPENT,XT,,,,,GALLOPS ENTERPRISE LTD.,40.95,40.95,37.06,37.06,37.06,39.00,,37.06,,,102,3978.00,3,F1,1,,,,,
2026-09-18,2026-09-18,CM,BSE,STK,531909,INE587J01027,CROISSANCE,XT,,,,,CROISSANCE LIMITED,1.10,1.12,1.10,1.10,1.11,1.10,,1.10,,,10194,11256.00,27,F1,1,,,,,
2026-09-18,2026-09-18,CM,BSE,STK,531910,INE312M01024,JOJO,XT,,,,,JOJO LIMITED,230.45,230.50,230.45,230.50,230.50,226.00,,230.50,,,54015,12449784.00,98,F1,1,,,,,
2026-09-18,2026-09-18,CM,BSE,STK,531911,INE803L01016,GALAGEX,XT,,,,,GALAXY AGRICO EXPORTS LTD.,98.40,98.40,97.99,98.00,98.00,98.49,,98.00,,,205,20131.00,8,F1,1,,,,,
2026-09-18,2026-09-18,CM,BSE,STK,531913,INE641H01018,CASTORA,X,,,,,CASTORA AGRI COMMODITIES LIMIT,14.22,14.87,13.51,13.91,14.02,14.22,,13.91,,,7130,100158.00,35,F1,1,,,,,
2026-09-18,2026-09-18,CM,BSE,STK,531921,INE204E01012,AGARIND,B,,,,,AGARWAL INDUSTRIAL CORPORATION,411.80,414.55,404.40,412.35,414.55,407.95,,412.61,,,2490,1018429.00,187,F1,1,,,,,
2026-09-18,2026-09-18,CM,BSE,STK,531923,INE956B01013,DHAMPURE,X,,,,,DHAMPURE SPECIALITY SUGARS LTD,128.50,138.00,126.50,128.20,128.20,126.45,,128.20,,,15461,1995262.00,122,F1,1,,,,,
2026-09-18,2026-09-18,CM,BSE,STK,531925,INE545N01019,SHAQUAK,X,,,,,SHANTANU SHEOREY AQUAKULT LTD.,1.29,1.29,1.20,1.20,1.20,1.13,,1.20,,,4584,5792.00,13,F1,1,,,,,
2026-09-18,2026-09-18,CM,BSE,STK,531930,INE074H01012,SARTHAKIND,X,,,,,SARTHAK INDUSTRIES LTD.,25.00,25.87,24.00,25.87,25.87,26.00,,25.87,,,806,19546.00,8,F1,1,,,,,
2026-09-18,2026-09-18,CM,BSE,STK,531931,INE531X01018,SAICAPI,B,,,,,SAI CAPITAL LTD.,164.70,164.75,155.00,158.35,158.35,158.00,,158.38,,,351,56563.00,8,F1,1,,,,,
2026-09-18,2026-09-18,CM,BSE,STK,531944,INE185D01015,LEXORAA,X,,,,,LEXORAA INDUSTRIES LIMITED,17.59,17.59,17.50,17.50,17.50,16.80,,17.50,,,320,5610.00,8,F1,1,,,,,
2026-09-18,2026-09-18,CM,BSE,STK,531950,INE316D01024,VERTEX,XT,,,,,VERTEX SECURITIES LTD.,3.15,3.28,3.08,3.27,3.27,3.14,,3.27,,,38102,123228.00,69,F1,1,,,,,
2026-09-18,2026-09-18,CM,BSE,STK,531952,INE811H01017,RIBATEX,XT,,,,,RIBA TEXTILES LTD.,64.74,65.70,61.31,63.10,62.20,64.10,,63.10,,,2410,152123.00,50,F1,1,,,,,
2026-09-18,2026-09-18,CM,BSE,STK,531959,INE997D01021,NEWINFRA,X,,,,,NEWTIME INFRASTRUCTURE LIMITED,1.82,2.00,1.82,1.88,1.90,1.83,,1.88,,,231027,445915.00,235,F1,1,,,,,
2026-09-18,2026-09-18,CM,BSE,STK,531962,INE914B01012,SHREMETAL,X,,,,,SHREE METALLOYS LTD.,37.95,37.95,34.35,37.65,37.95,37.30,,37.65,,,993,36865.00,33,F1,1,,,,,
2026-09-18,2026-09-18,CM,BSE,STK,531977,INE558F01026,CHLOGIST,XT,,,,,CHARTERED LOGISTICS LTD.,9.38,9.60,9.38,9.42,9.42,9.56,,9.42,,,45457,429194.00,31,F1,1,,,,,
2026-09-18,2026-09-18,CM,BSE,STK,531978,INE540G01014,AMBIKCO,B,,,,,AMBIKA COTTON MILLS LTD.,1584.50,1605.00,1565.50,1600.45,1600.00,1570.80,,1601.80,,,881,1402850.00,146,F1,1,,,,,
2026-09-18,2026-09-18,CM,BSE,STK,531979,INE227B01019,HINDALUMI,B,,,,,HIND ALUMINIUM INDUSTRIES LTD.,96.45,96.45,91.30,93.10,93.04,94.23,,93.13,,,2682,249530.00,69,F1,1,,,,,
2026-09-18,2026-09-18,CM,BSE,STK,531982,INE547C01018,SPECFOOD,X,,,,,SPECTRUM FOODS LTD.,16.87,17.36,16.48,17.36,17.36,16.54,,17.36,,,31917,552956.00,61,F1,1,,,,,
2026-09-18,2026-09-18,CM,BSE,STK,531991,INE735C01027,AMRAAGRI,X,,,,,AMRAWORLD AGRICO LTD.,0.51,0.53,0.51,0.53,0.53,0.53,,0.53,,,44131,23367.00,34,F1,1,,,,,
2026-09-18,2026-09-18,CM,BSE,STK,531994,INE706C01028,AUTOPINS,XT,,,,,AUTO PINS (INDIA) LTD.,173.00,177.15,163.00,175.10,177.00,168.75,,175.10,,,40,6897.00,27,F1,1,,,,,
2026-09-18,2026-09-18,CM,BSE,STK,531996,INE839E01023,ODYCORP,B,,,,,ODYSSEY CORPORATION LTD.,6.90,7.10,6.67,7.09,7.10,6.63,,7.07,,,5163,35581.00,25,F1,1,,,,,
2026-09-18,2026-09-18,CM,BSE,STK,531997,INE164D01010,IKOMA,XT,,,,,IKOMA TECHNOLOGIES LIMITED,62.74,63.75,60.04,61.96,63.00,61.48,,61.96,,,121553,7643649.00,135,F1,1,,,,,
2026-09-18,2026-09-18,CM,BSE,STK,532001,INE146H01018,INDCTST,X,,,,,INDUCTO STEEL LTD.,60.00,60.00,56.35,60.00,60.00,60.00,,60.00,,,25,1482.00,10,F1,1,,,,,
2026-09-18,2026-09-18,CM,BSE,STK,532005,INE653D01012,SAMINDUS,X,,,,,SAM INDUSTRIES LTD.,36.68,39.97,36.68,36.68,36.68,36.68,,36.68,,,1050,41713.00,5,F1,1,,,,,
2026-09-18,2026-09-18,CM,BSE,STK,532007,INE981C01019,SHVFL,X,,,,,SHREEVATSAA FINANCE & LEASING,27.83,27.83,25.20,25.20,25.20,26.51,,25.20,,,398,11030.00,8,F1,1,,,,,
2026-09-18,2026-09-18,CM,BSE,STK,532011,INE147C01017,POOJAENT,X,,,,,VASHU BHAGNANI INDUSTRIES LIMI,70.49,70.49,61.90,65.93,65.93,69.11,,65.93,,,25513,1685732.00,129,F1,1,,,,,
2026-09-18,2026-09-18,CM,BSE,STK,532015,INE995A01013,GRAVITY,X,,,,,GRAVITY (INDIA) LTD.,12.99,13.24,12.55,12.65,12.75,12.66,,12.65,,,30455,391655.00,164,F1,1,,,,,
2026-09-18,2026-09-18,CM,BSE,STK,532016,INE176O01011,ESPIRE,X,,,,,ESPIRE HOSPITALITY LIMITED,149.90,149.90,142.00,149.70,149.70,150.00,,149.70,,,814,116016.00,23,F1,1,,,,,
2026-09-18,2026-09-18,CM,BSE,STK,532019,INE938A01021,LCCINFOTEC,B,,,,,LCC INFOTECH LTD.,3.46,3.46,3.46,3.46,3.46,3.30,,3.44,,,12330,42661.00,17,F1,1,,,,,
2026-09-18,2026-09-18,CM,BSE,STK,532022,INE185E01021,FILATFASH,B,,,,,FILATEX FASHIONS LTD.,0.19,0.19,0.19,0.19,0.19,0.19,,0.17,,,351685,66820.00,140,F1,1,,,,,
2026-09-18,2026-09-18,CM,BSE,STK,532029,INE325D01025,SINDHUTRAD,B,,,,,SINDHU TRADE LINKS LIMITED,23.39,24.93,22.10,24.68,24.80,23.48,,24.72,,,444171,10409613.00,474,F1,1,,,,,
2026-09-18,2026-09-18,CM,BSE,STK,532039,INE486F01012,ZENOTECH,X,,,,,ZENOTECH LABORATORIES LTD.,44.76,45.88,44.10,44.24,44.16,45.00,,44.24,,,1334,59552.00,41,F1,1,,,,,
2026-09-18,2026-09-18,CM,BSE,STK,532041,INE597C01021,HINDBIO,XT,,,,,HINDUSTAN BIO SCIENCES LTD.,7.53,7.53,7.16,7.16,7.16,7.53,,7.16,,,5146,37384.00,59,F1,1,,,,,
2026-09-18,2026-09-18,CM,BSE,STK,532042,INE092D01013,FRONTCORP,X,,,,,FRONTLINE CORPORATION LTD.,36.56,36.56,34.74,34.74,34.74,36.56,,34.74,,,577,20046.00,15,F1,1,,,,,
2026-09-18,2026-09-18,CM,BSE,STK,532051,INE409B01013,SWELECTES,B,,,,,SWELECT ENERGY SYSTEMS LIMITED,558.05,560.00,550.35,560.00,560.00,560.30,,556.80,,,265,147048.00,41,F1,1,,,,,
2026-09-18,2026-09-18,CM,BSE,STK,532053,INE121B01014,WALLFORT,X,,,,,WALLFORT FINANCIAL SERVICES LT,84.99,84.99,82.78,82.78,82.78,82.99,,82.78,,,44,3690.00,5,F1,1,,,,,
2026-09-18,2026-09-18,CM,BSE,STK,532054,INE291D01011,KDDL,B,,,,,KDDL LTD.,3863.25,3873.50,3822.20,3853.30,3852.75,3839.25,,3858.34,,,389,1497342.00,118,F1,1,,,,,
2026-09-18,2026-09-18,CM,BSE,STK,532057,INE516F01016,ABHICAP,X,,,,,ABHINAV CAPITAL SERVICES LTD.,108.45,108.45,101.75,107.95,107.95,108.15,,107.95,,,6,642.00,4,F1,1,,,,,
2026-09-18,2026-09-18,CM,BSE,STK,532067,INE994E01018,3BBLACKBIO,B,,,,,3B BlackBio Dx Limited,1304.80,1329.80,1291.30,1326.95,1329.00,1289.40,,1320.16,,,285,371349.00,48,F1,1,,,,,
2026-09-18,2026-09-18,CM,BSE,STK,532070,INE311N01016,GUJJUBHAI,X,,,,,GUJJUBHAI INDUSTRIES LIMITED,110.80,110.80,103.25,108.35,108.50,104.70,,108.35,,,44058,4730533.00,94,F1,1,,,,,
2026-09-18,2026-09-18,CM,BSE,STK,532090,INE219M01021,ATVOENT,X,,,,,Atvo Enterprises Limited,40.01,41.00,39.73,39.91,39.75,40.44,,39.91,,,32913,1321108.00,108,F1,1,,,,,
2026-09-18,2026-09-18,CM,BSE,STK,532092,INE807D01030,EPUJA,X,,,,,EPUJA SPIRITECH LIMITED,1.03,1.04,1.01,1.02,1.01,1.03,,1.02,,,50663,51740.00,60,F1,1,,,,,
2026-09-18,2026-09-18,CM,BSE,STK,532100,INE456B01014,INDOCITY,X,,,,,INDO-CITY INFOTECH LTD.,13.49,13.50,13.00,13.50,13.50,13.68,,13.50,,,3526,46734.00,22,F1,1,,,,,
2026-09-18,2026-09-18,CM,BSE,STK,532102,INE948G01019,SBECSUG,X,,,,,SBEC SUGAR LTD.,70.00,70.00,64.55,65.06,64.84,67.00,,65.06,,,1876,128297.00,29,F1,1,,,,,
2026-09-18,2026-09-18,CM,BSE,STK,532113,INE957E01031,BRIJLEAS,X,,,,,BRIJLAXMI LEASING & FINANCE LT,8.84,8.84,8.84,8.84,8.84,8.50,,8.84,,,246,2174.00,3,F1,1,,,,,
2026-09-18,2026-09-18,CM,BSE,STK,532123,INE395A01016,BSELALGO,X,,,,,BSEL ALGO LIMITED,3.87,4.02,3.87,3.93,4.01,3.88,,3.93,,,47619,186577.00,118,F1,1,,,,,
2026-09-18,2026-09-18,CM,BSE,STK,532124,INE419H01019,RELIABVEN,XT,,,,,RELIABLE VENTURES INDIA LTD.,25.37,25.37,25.37,25.37,25.37,24.88,,25.37,,,2055,52135.00,3,F1,1,,,,,
2026-09-18,2026-09-18,CM,BSE,STK,532131,INE382B01012,TRIUMPIN,X,,,,,TRIUMPH INTERNATIONAL FINANCE,15.23,15.96,15.23,15.57,15.96,15.20,,15.57,,,14627,230746.00,36,F1,1,,,,,
2026-09-18,2026-09-18,CM,BSE,STK,532134,INE028A01039,BANKBARODA,A,,,,,BANK OF BARODA,232.45,234.80,232.05,234.80,234.80,232.40,,234.94,,,262503,61156195.00,3112,F1,1,,,,,
2026-09-18,2026-09-18,CM,BSE,STK,532140,INE154B01023,MOHITE,B,,,,,MOHITE INDUSTRIES LIMITED,2.55,2.55,2.31,2.52,2.52,2.52,,2.45,,,34338,81005.00,43,F1,1,,,,,
2026-09-18,2026-09-18,CM,BSE,STK,532141,INE666E01020,ACL,B,,,,,ANDHRA CEMENTS LTD.,41.99,42.99,41.80,42.89,42.95,41.99,,42.77,,,2735,116245.00,193,F1,1,,,,,
2026-09-18,2026-09-18,CM,BSE,STK,532143,INE411D01023,SKMEGGPROD,B,,,,,SKM EGG PRODUCTS EXPORT (INDIA,231.00,235.30,227.90,230.05,230.00,232.10,,229.79,,,32812,7562444.00,540,F1,1,,,,,
2026-09-18,2026-09-18,CM,BSE,STK,532144,INE191B01025,WELCORP,A,,,,,WELSPUN CORP LIMITED,2465.35,2678.00,2465.35,2657.70,2657.70,2460.50,,2660.01,,,235923,613378073.00,14424,F1,1,,,,,
2026-09-18,2026-09-18,CM,BSE,STK,532145,INE731B01010,HOTLSILV,X,,,,,H.S.INDIA LTD.,11.00,11.00,10.50,10.89,10.89,10.97,,10.89,,,145,1549.00,17,F1,1,,,,,
2026-09-18,2026-09-18,CM,BSE,STK,532149,INE084A01016,BANKINDIA,A,,,,,BANK OF INDIA,138.95,140.10,138.10,140.10,140.10,138.10,,140.00,,,122905,17063213.00,922,F1,1,,,,,
2026-09-18,2026-09-18,CM,BSE,STK,532150,INE681B01017,INDRAMEDCO,A,,,,,INDRAPRASTHA MEDICAL CORP.LTD.,361.60,366.40,361.60,362.85,362.20,363.50,,362.89,,,8651,3144579.00,251,F1,1,,,,,
2026-09-18,2026-09-18,CM,BSE,STK,532154,INE560F01022,JOHNPHARMA,X,,,,,JOHNSON PHARMACARE LIMITED,0.47,0.47,0.45,0.46,0.46,0.46,,0.46,,,388480,179018.00,298,F1,1,,,,,
2026-09-18,2026-09-18,CM,BSE,STK,532155,INE129A01019,GAIL,A,,,,,GAIL (INDIA) LTD.,171.85,174.60,171.85,172.00,172.00,172.00,,173.89,,,195159,33851207.00,2569,F1,1,,,,,
2026-09-18,2026-09-18,CM,BSE,STK,532156,INE884A01027,VAIBHAVGBL,B,,,,,VAIBHAV GLOBAL LTD,212.30,212.60,207.20,209.85,209.55,211.70,,209.90,,,32182,6735419.00,727,F1,1,,,,,
2026-09-18,2026-09-18,CM,BSE,STK,532159,INE088D01011,TRESCON,X,,,,,TRESCON LIMITED,6.40,6.83,6.40,6.74,6.74,6.49,,6.74,,,11801,78601.00,37,F1,1,,,,,
2026-09-18,2026-09-18,CM,BSE,STK,532160,INE944A01011,GUJSTATFIN,B,,,,,GUJARAT STATE FINANCIAL CORPOR,9.47,9.79,9.47,9.55,9.75,9.81,,9.55,,,5062,48516.00,54,F1,1,,,,,
2026-09-18,2026-09-18,CM,BSE,STK,532162,INE789E01012,JKPAPER,A,,,,,JK PAPER LTD.,417.70,432.60,417.70,430.60,427.90,417.75,,430.60,,,30055,12823263.00,914,F1,1,,,,,
2026-09-18,2026-09-18,CM,BSE,STK,532163,INE979A01025,SAREGAMA,A,,,,,SAREGAMA INDIA LTD.,488.45,506.20,488.45,500.40,502.00,489.30,,499.91,,,22000,11036565.00,725,F1,1,,,,,
2026-09-18,2026-09-18,CM,BSE,STK,532172,INE737B01033,ADROITINFO,B,,,,,Adroit Infotech Limited,11.00,11.72,11.00,11.35,11.30,11.20,,11.18,,,8968,100688.00,133,F1,1,,,,,
2026-09-18,2026-09-18,CM,BSE,STK,532173,INE214A01019,CYBERTECH,T,,,,,CYBERTECH SYSTEMS AND SOFTWARE,141.50,144.00,139.20,142.00,141.60,141.50,,142.65,,,5389,766019.00,68,F1,1,,,,,
2026-09-18,2026-09-18,CM,BSE,STK,532174,INE090A01021,ICICIBANK,A,,,,,ICICI BANK LTD.,1352.95,1359.10,1337.10,1337.10,1337.10,1345.00,,1338.89,,,480190,644349397.00,4033,F1,1,,,,,
2026-09-18,2026-09-18,CM,BSE,STK,532175,INE136B01020,CYIENT,A,,,,,CYIENT LIMITED,1064.25,1080.00,1047.45,1073.05,1080.00,1066.65,,1073.30,,,32271,34373189.00,2960,F1,1,,,,,
2026-09-18,2026-09-18,CM,BSE,STK,532178,INE510A01028,ENGINERSIN,A,,,,,ENGINEERS INDIA LTD.,264.20,268.00,263.45,266.50,267.30,263.65,,266.35,,,66559,17711019.00,1397,F1,1,,,,,
2026-09-18,2026-09-18,CM,BSE,STK,532180,INE680A01011,DHANBANK,B,,,,,DHANLAXMI BANK LIMITED,28.85,29.80,28.85,29.51,29.51,29.00,,29.47,,,33025,966627.00,308,F1,1,,,,,
2026-09-18,2026-09-18,CM,BSE,STK,532181,INE131A01031,GMDCLTD,A,,,,,GUJARAT MINERAL DEVELOPMENT CO,552.40,559.55,552.00,556.60,556.60,549.05,,556.45,,,45389,25208631.00,987,F1,1,,,,,
2026-09-18,2026-09-18,CM,BSE,STK,532183,INE622E01023,GAYATRI,X,,,,,GAYATRI SUGARS LTD.,7.25,7.37,7.08,7.26,7.34,7.11,,7.26,,,55531,399788.00,130,F1,1,,,,,
2026-09-18,2026-09-18,CM,BSE,STK,532187,INE095A01012,INDUSINDBK,A,,,,,INDUSIND BANK LTD.,960.15,969.95,957.05,957.10,957.10,960.00,,966.27,,,38143,36653142.00,1867,F1,1,,,,,
2026-09-18,2026-09-18,CM,BSE,STK,532189,INE353K01014,ITDC,B,,,,,INDIA TOURISM DEVELOPMENT CORP,662.05,666.55,655.25,657.55,655.25,665.85,,658.28,,,3045,2003885.00,153,F1,1,,,,,
2026-09-18,2026-09-18,CM,BSE,STK,532209,INE168A01041,J&KBANK,A,,,,,JAMMU & KASHMIR BANK LTD.,147.05,149.85,145.10,146.75,145.90,147.35,,146.59,,,162261,24011739.00,2182,F1,1,,,,,
2026-09-18,2026-09-18,CM,BSE,STK,532210,INE491A01021,CUB,A,,,,,CITY UNION BANK LIMITED,232.00,238.90,232.00,235.75,235.70,231.90,,235.79,,,218523,51671092.00,2671,F1,1,,,,,
2026-09-18,2026-09-18,CM,BSE,STK,532212,INE731A01020,ARCHIES,B,,,,,ARCHIES LTD.,12.26,12.49,12.22,12.43,12.48,12.35,,12.36,,,1576,19545.00,53,F1,1,,,,,
2026-09-18,2026-09-18,CM,BSE,STK,532215,INE238A01034,AXISBANK,A,,,,,AXIS BANK LTD.,1241.45,1249.85,1240.60,1240.90,1240.90,1238.05,,1256.98,,,79791,99278545.00,3225,F1,1,,,,,
2026-09-18,2026-09-18,CM,BSE,STK,532216,INE550B01022,HBSL,B,,,,,HB STOCKHOLDINGS LTD.,52.12,53.60,52.12,53.10,53.10,50.90,,52.68,,,307,16452.00,4,F1,1,,,,,
2026-09-18,2026-09-18,CM,BSE,STK,532217,INE027F01014,CMXLTD,XT,,,,,CMX HOLDINGS LIMITED,21.60,22.65,21.54,22.62,22.62,22.67,,22.62,,,96105,2070199.00,32,F1,1,,,,,
2026-09-18,2026-09-18,CM,BSE,STK,532218,INE683A01023,SOUTHBANK,A,,,,,SOUTH INDIAN BANK LTD.,46.19,46.54,45.84,46.07,46.15,45.84,,46.07,,,375640,17335538.00,1903,F1,1,,,,,
2026-09-18,2026-09-18,CM,BSE,STK,532219,INE306C01019,ENERGYDEV,B,,,,,ENERGY DEVELOPMENT COMPANY LTD,14.31,15.25,14.31,14.90,14.94,14.68,,14.76,,,1388,20660.00,48,F1,1,,,,,
2026-09-18,2026-09-18,CM,BSE,STK,532221,INE269A01021,SONATSOFTW,A,,,,,SONATA SOFTWARE LTD.,281.55,281.55,272.30,274.00,274.00,281.85,,274.00,,,26601,7322776.00,727,F1,1,,,,,
2026-09-18,2026-09-18,CM,BSE,STK,532230,INE665D01016,BENGALT,X,,,,,BENGAL TEA & FABRICS LTD.,142.00,142.00,138.05,138.05,138.05,138.05,,138.05,,,259,35919.00,13,F1,1,,,,,
2026-09-18,2026-09-18,CM,BSE,STK,532234,INE139A01034,NATIONALUM,A,,,,,NATIONAL ALUMINIUM CO.LTD.,361.35,362.95,356.30,357.00,357.00,355.50,,350.50,,,129551,46456092.00,2247,F1,1,,,,,
2026-09-18,2026-09-18,CM,BSE,STK,532240,INE092B01025,INDNIPPON,B,,,,,INDIA NIPPON ELECTRICALS LTD.,1262.55,1276.10,1254.10,1259.25,1257.00,1263.60,,1259.78,,,3482,4391610.00,308,F1,1,,,,,
2026-09-18,2026-09-18,CM,BSE,STK,532256,INE023A01030,NSIL,B,,,,,NALWA SONS INVESTMENTS LTD.,5494.00,5530.00,5460.00,5501.75,5482.15,5442.60,,5507.25,,,108,593952.00,34,F1,1,,,,,
2026-09-18,2026-09-18,CM,BSE,STK,532259,INE372A01015,APARINDS,A,,,,,APAR INDUSTRIES LTD.,17818.70,19054.00,17754.95,18873.90,18873.90,17805.35,,18858.93,,,15948,294988828.00,4738,F1,1,,,,,
2026-09-18,2026-09-18,CM,BSE,STK,532262,INE920B01019,TCIIND,X,,,,,TCI INDUSTRIES LTD.,1200.00,1230.00,1192.25,1230.00,1230.00,1255.00,,1230.00,,,10,11991.00,5,F1,1,,,,,
2026-09-18,2026-09-18,CM,BSE,STK,532268,INE793A01012,ACCELYA,B,,,,,ACCELYA SOLUTIONS INDIA LIMITE,1131.00,1131.00,1113.10,1123.30,1124.05,1124.40,,1123.08,,,642,721204.00,93,F1,1,,,,,
2026-09-18,2026-09-18,CM,BSE,STK,532271,INE215B01022,ORCHASP,B,,,,,ORCHASP LIMITED,1.41,1.43,1.22,1.39,1.42,1.39,,1.40,,,88576,120294.00,135,F1,1,,,,,
2026-09-18,2026-09-18,CM,BSE,STK,532275,INE394C01023,LANDMARC,X,,,,,LANDMARC LEISURE CORPORATION L,2.02,2.04,1.99,2.01,2.03,2.00,,2.01,,,15181,30574.00,42,F1,1,,,,,
2026-09-18,2026-09-18,CM,BSE,STK,532281,INE860A01027,HCLTECH,A,,,,,HCL TECHNOLOGIES LTD.,1257.90,1260.00,1235.80,1238.00,1238.00,1256.00,,1249.25,,,43337,53853110.00,3093,F1,1,,,,,
2026-09-18,2026-09-18,CM,BSE,STK,532284,INE389D01013,TCFCFINQ,X,,,,,TCFC FINANCE LTD.,26.39,26.39,24.21,25.01,25.99,25.04,,25.01,,,1313,33176.00,39,F1,1,,,,,
2026-09-18,2026-09-18,CM,BSE,STK,532285,INE007B01023,GEOJITFSL,B,,,,,Geojit Financial Services Limi,79.75,83.51,79.60,81.87,81.40,80.22,,81.99,,,29956,2452407.00,453,F1,1,,,,,
2026-09-18,2026-09-18,CM,BSE,STK,532286,INE749A01030,JINDALSTEL,A,,,,,JINDAL STEEL LIMITED,1130.15,1139.60,1124.55,1124.85,1124.85,1125.55,,1119.50,,,11424,12903132.00,634,F1,1,,,,,
2026-09-18,2026-09-18,CM,BSE,STK,532290,INE791A01024,BLBLIMITED,B,,,,,BLB LTD.,16.25,16.25,15.93,15.98,15.98,16.16,,16.00,,,1659,26592.00,16,F1,1,,,,,
2026-09-18,2026-09-18,CM,BSE,STK,532296,INE935A01035,GLENMARK,A,,,,,GLENMARK PHARMACEUTICALS LTD.,2417.30,2436.00,2380.00,2380.00,2380.00,2414.50,,2447.32,,,57061,137054597.00,2177,F1,1,,,,,
2026-09-18,2026-09-18,CM,BSE,STK,532300,INE049B01025,WOCKPHARMA,A,,,,,WOCKHARDT LTD.,2074.65,2109.35,2048.00,2086.95,2082.45,2070.80,,2086.11,,,71154,148606912.00,1502,F1,1,,,,,
2026-09-18,2026-09-18,CM,BSE,STK,532303,INE934A01012,INTEGHIT,X,,,,,INTEGRATED HITECH LTD.,3.15,3.15,3.15,3.15,3.15,3.21,,3.15,,,9,28.00,1,F1,1,,,,,
2026-09-18,2026-09-18,CM,BSE,STK,532304,INE602C01011,KJMCCORP,X,,,,,KJMC CORPORATE ADVISORS (INDIA,59.95,59.95,58.00,59.90,59.90,59.97,,59.90,,,235,13871.00,8,F1,1,,,,,
2026-09-18,2026-09-18,CM,BSE,STK,532305,INE915B01019,INDSWFTLAB,B,,,,,IND-SWIFT LABORATORIES LTD.,379.60,385.55,370.00,373.10,374.15,377.80,,373.24,,,28272,10652731.00,659,F1,1,,,,,
2026-09-18,2026-09-18,CM,BSE,STK,532309,INE878A01011,GVPIL,B,,,,,GE Power India Ltd,629.75,657.55,629.35,657.55,657.55,626.25,,656.79,,,25318,16559687.00,809,F1,1,,,,,
2026-09-18,2026-09-18,CM,BSE,STK,532310,INE879A01019,SHREERAMA,B,,,,,SHREE RAMA MULTI-TECH LTD.,44.83,45.76,44.44,44.44,44.44,44.44,,44.52,,,3749,169587.00,282,F1,1,,,,,
2026-09-18,2026-09-18,CM,BSE,STK,532313,INE813A01018,MAHLIFE,A,,,,,MAHINDRA LIFESPACE DEVELOPERS,363.05,371.00,356.80,368.90,367.35,363.70,,366.45,,,5939,2171313.00,352,F1,1,,,,,
2026-09-18,2026-09-18,CM,BSE,STK,532315,INE042B01012,GROARC,X,,,,,GROARC INDUSTRIES INDIA LIMITE,6.08,6.39,6.00,6.39,6.39,6.09,,6.39,,,10110,63683.00,22,F1,1,,,,,
2026-09-18,2026-09-18,CM,BSE,STK,532320,INE418B01048,VAARAD,X,,,,,VAARAD VENTURES LTD,9.25,9.25,9.20,9.25,9.25,9.25,,9.25,,,1032,9544.00,8,F1,1,,,,,
2026-09-18,2026-09-18,CM,BSE,STK,532321,INE010B01027,ZYDUSLIFE,A,,,,,Zydus Lifesciences Limited,1150.65,1167.15,1148.45,1153.00,1153.00,1137.35,,1159.99,,,122211,141490263.00,6358,F1,1,,,,,
2026-09-18,2026-09-18,CM,BSE,STK,532323,INE555C01029,SHIVACEM,B,,,,,SHIVA CEMENT LTD.,15.40,15.70,15.14,15.52,15.52,15.39,,15.46,,,35247,539026.00,360,F1,1,,,,,
2026-09-18,2026-09-18,CM,BSE,STK,532324,INE039B01026,CINEVISTA,B,,,,,CINEVISTA LTD.,14.69,15.05,14.15,14.15,14.15,13.80,,14.14,,,178,2549.00,15,F1,1,,,,,
2026-09-18,2026-09-18,CM,BSE,STK,532326,INE781A01025,INTENTECH,B,,,,,INTENSE TECHNOLOGIES LTD.,77.84,78.80,77.05,78.80,78.80,77.45,,78.14,,,34,2633.00,19,F1,1,,,,,
2026-09-18,2026-09-18,CM,BSE,STK,532329,INE310B01013,DANLAW,XT,,,,,DANLAW TECHNOLOGIES INDIA LTD.,1678.40,1698.00,1620.00,1625.55,1675.00,1630.75,,1625.55,,,3752,6237402.00,292,F1,1,,,,,
2026-09-18,2026-09-18,CM,BSE,STK,532331,INE031B01049,AJANTPHARM,A,,,,,AJANTA PHARMA LTD.,3524.00,3634.85,3524.00,3566.15,3566.15,3501.35,,3563.71,,,9410,33678813.00,1714,F1,1,,,,,
2026-09-18,2026-09-18,CM,BSE,STK,532333,INE638B01025,HBPOR,B,,,,,HB PORTFOLIO LTD.,60.71,62.59,60.71,60.74,60.74,61.31,,60.91,,,108,6587.00,7,F1,1,,,,,
2026-09-18,2026-09-18,CM,BSE,STK,532334,INE640B01021,HBESD,B,,,,,HB ESTATE DEVELOPERS LTD.,71.00,71.00,71.00,71.00,71.00,70.06,,73.57,,,121,8591.00,14,F1,1,,,,,
2026-09-18,2026-09-18,CM,BSE,STK,532335,INE792B01012,AMBICAAGAR,B,,,,,AMBICA AGARBATHIES & AROMA IND,24.75,25.00,24.75,25.00,25.00,25.10,,24.92,,,204,5099.00,5,F1,1,,,,,
2026-09-18,2026-09-18,CM,BSE,STK,532339,INE453B01029,COMPUSOFT,B,,,,,COMPUCOM SOFTWARE LTD.,13.49,14.80,13.47,13.82,13.82,12.83,,13.69,,,93421,1309291.00,207,F1,1,,,,,
2026-09-18,2026-09-18,CM,BSE,STK,532340,INE369B01019,OMNIAX,X,,,,,OMNI AXS SOFTWARE LTD.,3.79,3.79,3.35,3.40,3.40,3.40,,3.40,,,2615,9641.00,16,F1,1,,,,,
2026-09-18,2026-09-18,CM,BSE,STK,532341,INE848A01014,IZMO,B,,,,,IZMO Limited,921.95,943.05,915.00,935.05,926.35,914.30,,934.39,,,5376,4993430.00,365,F1,1,,,,,
2026-09-18,2026-09-18,CM,BSE,STK,532343,INE494B01023,TVSMOTOR,A,,,,,TVS MOTOR COMPANY LTD.,4113.65,4195.00,4113.65,4161.00,4161.00,4110.30,,4171.28,,,25619,106581524.00,3761,F1,1,,,,,
2026-09-18,2026-09-18,CM,BSE,STK,532344,INE002B01016,MADALA,X,,,,,MADALA HOLDINGS LIMITED,181.00,185.85,181.00,185.85,185.85,181.85,,185.85,,,145,26293.00,6,F1,1,,,,,
2026-09-18,2026-09-18,CM,BSE,STK,532348,INE754A01055,SUBEXLTD,B,,,,,SUBEX LTD.,19.99,20.65,19.70,20.10,20.16,19.95,,20.11,,,725041,14623090.00,1270,F1,1,,,,,
2026-09-18,2026-09-18,CM,BSE,STK,532349,INE688A01022,TCI,B,,,,,TRANSPORT CORPORATION OF INDIA,822.90,834.45,820.15,829.75,829.35,828.10,,829.80,,,1133,938063.00,215,F1,1,,,,,
2026-09-18,2026-09-18,CM,BSE,STK,532350,INE243B01016,PADMALAYAT,Z,,,,,PADMALAYA TELEFILMS LTD.,3.45,3.72,3.45,3.72,3.72,3.55,,3.72,,,1671,5952.00,7,F1,1,,,,,
2026-09-18,2026-09-18,CM,BSE,STK,532351,INE523B01011,AKSHOPTFBR,T,,,,,AKSH OPTIFIBRE LTD.,7.96,8.35,7.75,7.78,7.92,7.97,,7.82,,,57715,465983.00,158,F1,1,,,,,
2026-09-18,2026-09-18,CM,BSE,STK,532354,INE400B01020,VIRGOGLOB,XT,,,,,Virgo Global Limited,4.62,4.62,4.22,4.62,4.61,4.40,,4.62,,,1636867,7552241.00,252,F1,1,,,,,
2026-09-18,2026-09-18,CM,BSE,STK,532355,INE448B01029,PICTUREHS,X,,,,,PICTUREHOUSE MEDIA LTD.,7.80,7.80,7.57,7.58,7.76,7.60,,7.58,,,1051,7966.00,12,F1,1,,,,,
2026-09-18,2026-09-18,CM,BSE,STK,532356,INE256C01024,TRIVENI,A,,,,,TRIVENI ENGINEERING & INDUSTRI,234.60,240.40,234.60,238.45,238.00,232.45,,238.78,,,36727,8725675.00,756,F1,1,,,,,
2026-09-18,2026-09-18,CM,BSE,STK,532357,INE374B01019,MUKTAARTS,T,,,,,MUKTA ARTS LTD.,56.00,58.30,56.00,58.30,58.30,58.30,,58.11,,,27,1523.00,2,F1,1,,,,,
2026-09-18,2026-09-18,CM,BSE,STK,532359,INE309B01023,HITKITGLO,X,,,,,HIT KIT GLOBAL SOLUTIONS LTD.,2.33,2.34,2.15,2.20,2.19,2.26,,2.20,,,39189,86135.00,79,F1,1,,,,,
2026-09-18,2026-09-18,CM,BSE,STK,532362,INE099E01016,NAGPI,X,,,,,NAGPUR POWER & INDUSTRIES LTD.,174.00,174.55,173.00,174.35,174.35,167.65,,174.35,,,14,2428.00,5,F1,1,,,,,
2026-09-18,2026-09-18,CM,BSE,STK,532365,INE417B01040,DSSL,B,,,,,DYNACONS SYSTEMS & SOLUTIONS L,1012.55,1030.80,1010.00,1015.15,1019.55,1009.10,,1013.44,,,1278,1298978.00,280,F1,1,,,,,
2026-09-18,2026-09-18,CM,BSE,STK,532366,INE859A01011,PNBGILTS,B,,,,,PNB GILTS LTD.,78.72,79.61,78.06,79.18,79.27,78.79,,79.18,,,19338,1526667.00,259,F1,1,,,,,
2026-09-18,2026-09-18,CM,BSE,STK,532368,INE425B01027,BCG,B,,,,,BRIGHTCOM GROUP LIMITED,9.93,10.38,9.88,10.26,10.35,9.86,,10.26,,,1074200,10874411.00,1036,F1,1,,,,,
2026-09-18,2026-09-18,CM,BSE,STK,532369,INE614A01028,RAMCOIND,B,,,,,RAMCO INDUSTRIES LTD.,322.60,335.55,316.60,332.90,335.55,319.80,,332.19,,,9795,3236214.00,256,F1,1,,,,,
2026-09-18,2026-09-18,CM,BSE,STK,532370,INE246B01019,RAMCOSYS,B,,,,,RAMCO SYSTEMS LTD.,564.00,570.20,557.50,565.35,567.05,565.05,,567.11,,,3978,2242463.00,358,F1,1,,,,,
2026-09-18,2026-09-18,CM,BSE,STK,532371,INE517B01013,TTML,A,,,,,TATA TELESERVICES (MAHARASHTRA,36.33,36.33,35.56,35.75,35.75,36.65,,35.73,,,218762,7847183.00,1306,F1,1,,,,,
2026-09-18,2026-09-18,CM,BSE,STK,532372,INE539B01017,VIRINCHI,B,,,,,Virinchi Limited,13.97,14.27,13.86,14.24,14.27,13.90,,14.20,,,14119,199779.00,102,F1,1,,,,,
2026-09-18,2026-09-18,CM,BSE,STK,532373,INE434B01029,WEPSOLN,X,,,,,WEP SOLUTIONS LTD.,35.70,37.63,35.05,37.23,37.23,35.84,,37.23,,,34637,1285717.00,159,F1,1,,,,,
2026-09-18,2026-09-18,CM,BSE,STK,532374,INE089C01029,STLTECH,T,,,,,STERLITE TECHNOLOGIES LTD.,851.45,851.45,805.60,818.85,818.85,824.35,,818.80,,,88537,72841367.00,2586,F1,1,,,,,
2026-09-18,2026-09-18,CM,BSE,STK,532375,INE716B01029,TIPSMUSIC,A,,,,,TIPS MUSIC LIMITED,659.25,665.60,647.70,657.95,657.95,655.65,,657.71,,,13745,9039663.00,789,F1,1,,,,,
2026-09-18,2026-09-18,CM,BSE,STK,532376,INE398B01018,UMIYA-MRO,B,,,,,UMIYA BUILDCON LIMITED,98.99,98.99,97.00,98.87,98.95,98.70,,98.18,,,1060,104079.00,55,F1,1,,,,,
2026-09-18,2026-09-18,CM,BSE,STK,532378,INE464B01018,UNIVARTS,X,,,,,UNIVERSAL ARTS LTD.,5.50,5.50,5.00,5.00,5.00,5.55,,5.00,,,3601,18325.00,12,F1,1,,,,,
2026-09-18,2026-09-18,CM,BSE,STK,532379,INE683B01047,FIRSTFIN,XT,,,,,FIRST FINTEC LIMITED,10.26,10.31,10.15,10.31,10.31,9.82,,10.31,,,32091,328274.00,34,F1,1,,,,,
2026-09-18,2026-09-18,CM,BSE,STK,532380,INE893A01036,BABA,X,,,,,BABA ARTS LTD.,14.34,14.34,13.70,13.87,13.87,14.06,,13.87,,,5319,73770.00,28,F1,1,,,,,
2026-09-18,2026-09-18,CM,BSE,STK,532382,INE794B01026,BALAJITELE,B,,,,,BALAJI TELEFILMS LTD.,95.03,97.07,94.46,95.70,95.99,95.96,,95.25,,,5473,522142.00,132,F1,1,,,,,
2026-09-18,2026-09-18,CM,BSE,STK,532384,INE443B01012,TYCHE,X,,,,,TYCHE INDUSTRIES LTD.,109.45,112.60,109.45,110.95,111.00,109.50,,110.95,,,4101,455651.00,79,F1,1,,,,,
2026-09-18,2026-09-18,CM,BSE,STK,532386,INE526B01014,CALSOFT,T,,,,,CALIFORNIA SOFTWARE CO.LTD.,36.95,39.49,36.95,39.18,38.75,37.67,,39.19,,,20243,781447.00,150,F1,1,,,,,
2026-09-18,2026-09-18,CM,BSE,STK,532387,INE392B01011,PNC,B,,,,,PNC Media and Entertainment Li,19.65,19.65,16.26,17.00,17.00,16.51,,16.88,,,80985,1393839.00,230,F1,1,,,,,
2026-09-18,2026-09-18,CM,BSE,STK,532388,INE565A01014,IOB,A,,,,,INDIAN OVERSEAS BANK,32.17,32.31,31.97,32.16,32.16,32.10,,32.17,,,169440,5442454.00,1377,F1,1,,,,,
2026-09-18,2026-09-18,CM,BSE,STK,532390,INE586B01026,TAJGVK,B,,,,,TAJGVK HOTELS & RESORTS LTD.,336.85,336.85,331.30,334.60,334.00,332.80,,334.69,,,1819,607114.00,121,F1,1,,,,,
2026-09-18,2026-09-18,CM,BSE,STK,532392,INE230B01021,CREATIVEYE,B,,,,,CREATIVE EYE LTD.,5.52,5.52,5.51,5.52,5.52,5.55,,5.70,,,1000,5515.00,3,F1,1,,,,,
2026-09-18,2026-09-18,CM,BSE,STK,532395,INE555B01013,AXISCADES,B,,,,,AXISCADES TECHNOLOGIES LIMITED,1857.10,1879.45,1786.00,1809.90,1809.90,1853.15,,1811.15,,,18806,34495716.00,1747,F1,1,,,,,
2026-09-18,2026-09-18,CM,BSE,STK,532397,INE971A01014,KONNDOR,XT,,,,,KONNDOR INDUSTRIES LIMITED,17.78,18.49,17.78,18.49,18.49,18.14,,18.49,,,601,10688.00,5,F1,1,,,,,
2026-09-18,2026-09-18,CM,BSE,STK,532398,INE240C01028,UMESLTD,B,,,,,USHA MARTIN EDUCATION & SOLUTI,4.07,4.45,3.90,4.45,4.45,4.28,,4.39,,,10251,43413.00,74,F1,1,,,,,
2026-09-18,2026-09-18,CM,BSE,STK,532400,INE836A01035,BSOFT,A,,,,,BIRLASOFT LIMITED,284.75,284.80,278.85,280.10,280.45,283.85,,280.39,,,128103,35893647.00,3611,F1,1,,,,,
2026-09-18,2026-09-18,CM,BSE,STK,532402,INE718B01017,USGTECH,XT,,,,,USG TECH SOLUTIONS LTD.,8.20,8.20,7.85,8.19,8.19,8.20,,8.19,,,21073,172496.00,12,F1,1,,,,,
2026-09-18,2026-09-18,CM,BSE,STK,532404,INE856B01023,7TEC,X,,,,,SAVEN TECHNOLOGIES LTD.,32.85,33.98,32.60,33.35,33.35,32.68,,33.35,,,3403,112865.00,100,F1,1,,,,,
2026-09-18,2026-09-18,CM,BSE,STK,532406,INE005B01027,AVANTEL,A,,,,,AVANTEL LTD.,146.40,148.55,146.25,147.20,147.20,146.25,,147.23,,,46914,6909124.00,510,F1,1,,,,,
2026-09-18,2026-09-18,CM,BSE,STK,532407,INE935B01025,MOSCHIP,A,,,,,MOSCHIP TECHNOLOGIES LIMITED,209.75,211.30,207.90,208.85,208.85,208.10,,208.89,,,96079,20114716.00,1514,F1,1,,,,,
2026-09-18,2026-09-18,CM,BSE,STK,532408,INE933B01012,SIGMAADV,T,,,,,SIGMA ADVANCED SYSTEMS LIMITED,846.05,887.40,836.10,864.85,869.00,855.50,,866.01,,,32557,28109763.00,739,F1,1,,,,,
2026-09-18,2026-09-18,CM,BSE,STK,532410,INE330E01023,TRANSCOR,B,,,,,TRANSCORP INTERNATIONAL LTD.,25.25,25.50,24.30,24.38,24.34,24.99,,23.85,,,661,16113.00,38,F1,1,,,,,
2026-09-18,2026-09-18,CM,BSE,STK,532416,INE747B01016,NEXTMEDIA,B,,,,,NEXT MEDIAWORKS LTD.,3.90,3.90,3.75,3.82,3.77,3.88,,3.82,,,1513,5677.00,12,F1,1,,,,,
2026-09-18,2026-09-18,CM,BSE,STK,532419,INE178C01020,SMARTLINK,T,,,,,Smartlink Holdings Limited,218.45,218.45,213.00,218.45,218.45,214.00,,220.45,,,150,32496.00,4,F1,1,,,,,
2026-09-18,2026-09-18,CM,BSE,STK,532424,INE102D01028,GODREJCP,A,,,,,GODREJ CONSUMER PRODUCTS LTD.,875.00,885.70,870.45,884.00,884.00,873.90,,880.02,,,319918,280227637.00,1227,F1,1,,,,,
2026-09-18,2026-09-18,CM,BSE,STK,532425,INE256D01014,GENUSPRIME,XT,,,,,GENUS PRIME INFRA LIMITED,41.91,41.91,41.91,41.91,41.91,44.11,,41.91,,,19785,829189.00,431,F1,1,,,,,
2026-09-18,2026-09-18,CM,BSE,STK,532430,INE243D01012,BFUTILITIE,B,,,,,BF UTILITIES LTD.,520.05,564.00,520.05,541.25,538.00,521.40,,541.98,,,8762,4753031.00,518,F1,1,,,,,
2026-09-18,2026-09-18,CM,BSE,STK,532432,INE854D01024,UNITDSPR,A,,,,,UNITED SPIRITS LTD.,1383.75,1405.00,1380.15,1390.00,1390.00,1387.95,,1371.00,,,5470,7628556.00,581,F1,1,,,,,
2026-09-18,2026-09-18,CM,BSE,STK,532435,INE799C01049,SANINFRA,XT,,,,,SANMIT INFRA LIMITED,53.48,53.48,50.50,50.53,50.53,52.96,,50.53,,,1611,81955.00,76,F1,1,,,,,
2026-09-18,2026-09-18,CM,BSE,STK,532439,INE260D01016,OLECTRA,A,,,,,OLECTRA GREENTECH LIMITED,1184.70,1205.00,1184.70,1199.25,1198.45,1185.10,,1198.81,,,8889,10644891.00,619,F1,1,,,,,
2026-09-18,2026-09-18,CM,BSE,STK,532440,INE943D01017,MPSLTD,B,,,,,MPS LTD.,2570.10,2675.00,2563.00,2667.85,2670.00,2581.80,,2667.33,,,673,1773069.00,150,F1,1,,,,,
2026-09-18,2026-09-18,CM,BSE,STK,532443,INE739E01017,CERA,A,,,,,CERA SANITARYWARE LTD.,5610.05,5789.35,5592.00,5640.95,5640.95,5587.90,,5644.98,,,451,2555853.00,164,F1,1,,,,,
2026-09-18,2026-09-18,CM,BSE,STK,532444,INE541C01037,TSPIRITUAL,X,,,,,T.SPIRITUAL WORLD LTD.,1.96,1.97,1.81,1.81,1.81,1.90,,1.81,,,13756,25513.00,29,F1,1,,,,,
2026-09-18,2026-09-18,CM,BSE,STK,532454,INE397D01024,BHARTIARTL,A,,,,,BHARTI AIRTEL LTD.,1843.95,1866.00,1835.05,1866.00,1866.00,1827.50,,1892.87,,,363671,676299643.00,2466,F1,1,,,,,
2026-09-18,2026-09-18,CM,BSE,STK,532455,INE655D01025,SHALIWIR,X,,,,,SHALIMAR WIRES INDUSTRIES LTD.,18.50,18.69,18.00,18.00,18.00,18.39,,18.00,,,601,10958.00,26,F1,1,,,,,
2026-09-18,2026-09-18,CM,BSE,STK,532456,INE070C01037,COMPINFO,Z,,,,,COMPUAGE INFOCOM LTD.,1.10,1.11,1.08,1.11,1.11,1.11,,1.11,,,1255,1385.00,4,F1,1,,,,,
2026-09-18,2026-09-18,CM,BSE,STK,532457,INE255D01024,GULPOLY,B,,,,,GULSHAN POLYOLS LTD.,171.50,171.60,168.30,170.00,171.00,170.95,,169.99,,,4432,753707.00,147,F1,1,,,,,
2026-09-18,2026-09-18,CM,BSE,STK,532460,INE838E01017,PONNIERODE,B,,,,,PONNI SUGARS (ERODE) LTD.,353.15,362.35,353.15,357.85,357.95,353.50,,356.67,,,1029,366627.00,64,F1,1,,,,,
2026-09-18,2026-09-18,CM,BSE,STK,532461,INE160A01022,PNB,A,,,,,PUNJAB NATIONAL BANK,116.85,118.00,116.45,117.20,117.20,116.80,,117.27,,,485801,56848683.00,4696,F1,1,,,,,
2026-09-18,2026-09-18,CM,BSE,STK,532466,INE881D01027,OFSS,A,,,,,ORACLE FINANCIAL SERVICES SOFT,11634.05,11700.00,11522.00,11675.00,11675.00,11619.45,,11895.36,,,2596,30262227.00,507,F1,1,,,,,
2026-09-18,2026-09-18,CM,BSE,STK,532467,INE550F01049,HAZOOR,B,,,,,HAZOOR MULTI PROJECTS LTD.,18.70,19.83,17.72,19.30,19.68,18.53,,19.30,,,451531,8535229.00,1306,F1,1,,,,,
2026-09-18,2026-09-18,CM,BSE,STK,532468,INE411F01010,KAMAHOLD,B,,,,,KAMA HOLDINGS LIMITED,2269.15,2269.15,2250.00,2250.30,2253.50,2269.15,,2249.90,,,2107,4743207.00,356,F1,1,,,,,
2026-09-18,2026-09-18,CM,BSE,STK,532475,INE266F01018,APTECHT,T,,,,,APTECH LTD.,87.50,92.29,87.22,92.29,92.29,87.90,,92.22,,,10826,989045.00,135,F1,1,,,,,
2026-09-18,2026-09-18,CM,BSE,STK,532477,INE692A01016,UNIONBANK,A,,,,,UNION BANK OF INDIA,177.80,178.95,177.00,177.00,177.00,177.45,,176.56,,,99160,17645459.00,1096,F1,1,,,,,
2026-09-18,2026-09-18,CM,BSE,STK,532478,INE686F01025,UBL,A,,,,,UNITED BREWERIES LTD.,1225.00,1258.60,1225.00,1248.95,1247.95,1215.80,,1251.46,,,8304,10302867.00,969,F1,1,,,,,
2026-09-18,2026-09-18,CM,BSE,STK,532481,INE781B01015,NOIDATOLL,B,,,,,NOIDA TOLL BRIDGE COMPANY LTD.,3.92,4.04,3.88,4.04,4.04,4.00,,4.02,,,13084,52389.00,74,F1,1,,,,,
2026-09-18,2026-09-18,CM,BSE,STK,532482,INE101D01020,GRANULES,A,,,,,GRANULES INDIA LTD.,873.40,890.10,865.50,875.00,875.00,870.05,,875.50,,,29436,25901274.00,1039,F1,1,,,,,
2026-09-18,2026-09-18,CM,BSE,STK,532483,INE476A01022,CANBK,A,,,,,CANARA BANK,123.90,123.90,123.00,123.50,123.50,123.90,,123.78,,,491004,60563027.00,3590,F1,1,,,,,
2026-09-18,2026-09-18,CM,BSE,STK,532485,INE525F01025,BLIL,B,,,,,BALMER LAWRIE INVESTMENTS LTD.,67.62,68.35,66.97,67.11,67.23,67.65,,67.10,,,55356,3746822.00,703,F1,1,,,,,
2026-09-18,2026-09-18,CM,BSE,STK,532486,INE637C01025,POKARNA,B,,,,,POKARNA LTD.,746.00,757.85,735.45,746.15,746.15,739.45,,746.82,,,9481,7086835.00,296,F1,1,,,,,
2026-09-18,2026-09-18,CM,BSE,STK,532488,INE361B01024,DIVISLAB,A,,,,,DIVIS LABORATORIES LTD.,9331.00,9445.65,9330.00,9367.00,9367.00,9346.50,,9375.00,,,23386,219215383.00,5977,F1,1,,,,,
2026-09-18,2026-09-18,CM,BSE,STK,532493,INE386C01029,ASTRAMICRO,A,,,,,ASTRA MICROWAVE PRODUCTS LTD.,1609.35,1650.00,1609.35,1632.15,1646.50,1609.05,,1631.26,,,11570,18819459.00,1179,F1,1,,,,,
2026-09-18,2026-09-18,CM,BSE,STK,532497,INE944F01028,RADICO,A,,,,,RADICO KHAITAN LTD.,4380.45,4459.00,4380.45,4438.00,4438.00,4393.95,,4535.37,,,8907,39449467.00,1470,F1,1,,,,,
2026-09-18,2026-09-18,CM,BSE,STK,532500,INE585B01010,MARUTI,A,,,,,MARUTI SUZUKI INDIA LTD.,12365.65,12456.15,12145.00,12145.00,12145.00,12389.95,,12103.54,,,41946,513003809.00,6170,F1,1,,,,,
2026-09-18,2026-09-18,CM,BSE,STK,532503,INE296E01026,RAJPALAYAM,B,,,,,RAJAPALAYAM MILLS LTD.,785.00,785.00,770.00,774.45,775.00,780.00,,789.46,,,51,39692.00,16,F1,1,,,,,
2026-09-18,2026-09-18,CM,BSE,STK,532504,INE048G01026,NAVINFLUOR,A,,,,,NAVIN FLUORINE INTERNATIONAL L,8232.90,8680.00,8232.90,8584.60,8584.60,8220.30,,8589.90,,,22650,190509022.00,1837,F1,1,,,,,
2026-09-18,2026-09-18,CM,BSE,STK,532505,INE691A01018,UCOBANK,A,,,,,UCO BANK,23.56,23.88,23.50,23.77,23.77,23.60,,23.75,,,385078,9105429.00,1651,F1,1,,,,,
2026-09-18,2026-09-18,CM,BSE,STK,532507,INE116D01028,BAGFILMS,B,,,,,B.A.G.FILMS & MEDIA LTD.,4.39,4.50,4.30,4.36,4.43,4.32,,4.35,,,34510,151196.00,49,F1,1,,,,,
2026-09-18,2026-09-18,CM,BSE,STK,532508,INE220G01021,JSL,A,,,,,JINDAL STAINLESS LTD.,724.30,754.85,724.30,750.90,750.90,724.30,,750.95,,,33035,24639765.00,1387,F1,1,,,,,
2026-09-18,2026-09-18,CM,BSE,STK,532509,INE399C01030,SUPRAJIT,A,,,,,SUPRAJIT ENGINEERING LTD.,489.35,503.15,485.30,498.05,499.20,484.05,,499.00,,,10223,5070169.00,937,F1,1,,,,,
2026-09-18,2026-09-18,CM,BSE,STK,532513,INE236G01019,TVSELECT,B,,,,,TVS ELECTRONICS LTD.,407.05,408.80,396.00,403.00,404.30,405.80,,403.15,,,5580,2239050.00,197,F1,1,,,,,
2026-09-18,2026-09-18,CM,BSE,STK,532514,INE203G01027,IGL,A,,,,,INDRAPRASTHA GAS LTD.,148.70,151.75,148.15,149.40,149.05,148.70,,148.57,,,121060,18171443.00,2110,F1,1,,,,,
2026-09-18,2026-09-18,CM,BSE,STK,532515,INE038F01029,TVTODAY,B,,,,,TV TODAY NETWORK LTD.,108.00,110.00,106.90,107.55,107.55,107.10,,109.29,,,924,99936.00,58,F1,1,,,,,
2026-09-18,2026-09-18,CM,BSE,STK,532521,INE218G01033,PALREDTEC,B,,,,,PALRED TECHNOLOGIES LIMITED,49.00,49.00,46.55,46.55,46.55,49.00,,46.55,,,169,7989.00,8,F1,1,,,,,
2026-09-18,2026-09-18,CM,BSE,STK,532522,INE347G01014,PETRONET,A,,,,,PETRONET LNG LTD.,285.20,288.45,283.25,284.10,284.10,283.25,,292.59,,,60211,17260294.00,1061,F1,1,,,,,
2026-09-18,2026-09-18,CM,BSE,STK,532523,INE376G01013,BIOCON,A,,,,,BIOCON LTD.,380.00,388.80,379.50,385.00,385.00,380.00,,385.00,,,91962,35350317.00,2037,F1,1,,,,,
2026-09-18,2026-09-18,CM,BSE,STK,532524,INE877F01012,PTC,A,,,,,PTC INDIA LTD.,156.70,156.80,153.80,156.20,156.25,155.90,,156.23,,,123703,19197933.00,1125,F1,1,,,,,
2026-09-18,2026-09-18,CM,BSE,STK,532525,INE457A01014,MAHABANK,A,,,,,BANK OF MAHARASHTRA,81.30,83.25,81.20,82.00,82.00,80.80,,83.53,,,651488,53824966.00,2814,F1,1,,,,,
2026-09-18,2026-09-18,CM,BSE,STK,532527,INE399G01023,RKFORGE,A,,,,,RAMKRISHNA FORGINGS LTD.,709.95,726.55,707.00,723.75,723.00,705.25,,724.07,,,35855,25881789.00,1364,F1,1,,,,,
2026-09-18,2026-09-18,CM,BSE,STK,532528,INE365B01017,DATAMATICS,A,,,,,DATAMATICS GLOBAL SERVICES LTD,759.00,770.95,752.95,765.50,765.30,757.95,,765.91,,,3825,2914721.00,191,F1,1,,,,,
2026-09-18,2026-09-18,CM,BSE,STK,532529,INE155G01029,NDTV,B,,,,,NEW DELHI TELEVISION LTD.,71.00,73.34,70.96,71.57,72.00,70.92,,71.70,,,7675,551912.00,243,F1,1,,,,,
2026-09-18,2026-09-18,CM,BSE,STK,532531,INE939A01011,STAR,A,,,,,STRIDES PHARMA SCIENCE LIMITED,1204.80,1228.00,1200.00,1220.00,1215.30,1200.05,,1219.81,,,9502,11529362.00,692,F1,1,,,,,
2026-09-18,2026-09-18,CM,BSE,STK,532538,INE481G01011,ULTRACEMCO,A,,,,,ULTRATECH CEMENT LTD.,10873.40,11056.00,10670.00,10670.00,10670.00,10830.30,,11007.41,,,137992,1517278699.00,5085,F1,1,,,,,
2026-09-18,2026-09-18,CM,BSE,STK,532539,INE405E01023,UNOMINDA,A,,,,,UNO Minda Limited,1208.30,1249.00,1207.30,1240.00,1240.00,1207.00,,1283.89,,,149312,185445262.00,1773,F1,1,,,,,
2026-09-18,2026-09-18,CM,BSE,STK,532540,INE467B01029,TCS,A,,,,,TATA CONSULTANCY SERVICES LTD.,2179.50,2179.50,2101.00,2101.00,2101.00,2196.00,,2104.98,,,340214,722507049.00,25282,F1,1,,,,,
2026-09-18,2026-09-18,CM,BSE,STK,532541,INE591G01025,COFORGE,A,,,,,COFORGE LIMITED,1791.30,1793.05,1755.15,1760.00,1760.00,1789.20,,1840.91,,,75351,133699073.00,3851,F1,1,,,,,
2026-09-18,2026-09-18,CM,BSE,STK,532543,INE586G01017,GULFPETRO,T,,,,,GP PETROLEUMS LTD,61.49,64.00,60.36,62.50,62.50,61.36,,61.90,,,3490,215591.00,48,F1,1,,,,,
2026-09-18,2026-09-18,CM,BSE,STK,532548,INE348B01021,CENTURYPLY,A,,,,,CENTURY PLYBOARDS (I) LTD.,716.00,731.10,715.05,722.90,722.50,717.55,,722.66,,,1681,1214811.00,168,F1,1,,,,,
2026-09-18,2026-09-18,CM,BSE,STK,532553,INE625G01013,WELENT,A,,,,,WELSPUN ENTERPRISES LIMTED,783.75,837.95,773.75,825.80,821.05,778.70,,823.40,,,37448,29628854.00,819,F1,1,,,,,
2026-09-18,2026-09-18,CM,BSE,STK,532555,INE733E01010,NTPC,A,,,,,NTPC LTD.,330.05,330.70,324.00,324.00,324.00,329.35,,323.65,,,124364,40750854.00,2253,F1,1,,,,,
2026-09-18,2026-09-18,CM,BSE,STK,532604,INE658G01014,SALSTEEL,B,,,,,S.A.L.STEEL LTD.,80.10,82.07,80.10,82.07,82.07,78.17,,82.26,,,28664,2340299.00,327,F1,1,,,,,
2026-09-18,2026-09-18,CM,BSE,STK,532605,INE927D01051,JBMA,A,,,,,JBM AUTO LTD.,594.10,604.75,594.10,598.65,599.00,593.50,,599.07,,,21149,12678259.00,577,F1,1,,,,,
2026-09-18,2026-09-18,CM,BSE,STK,532610,INE366A01041,DWARKESH,B,,,,,DWARIKESH SUGAR INDUSTRIES LTD,40.42,41.40,39.96,41.14,41.40,40.51,,41.15,,,78778,3198702.00,354,F1,1,,,,,
2026-09-18,2026-09-18,CM,BSE,STK,532612,INE873D01024,INDOCO,B,,,,,INDOCO REMEDIES LTD.,253.20,259.85,246.80,249.35,248.00,254.45,,249.03,,,19042,4834411.00,374,F1,1,,,,,
2026-09-18,2026-09-18,CM,BSE,STK,532613,INE450G01024,VIPCLOTHNG,B,,,,,VIP Clothing Limited,20.75,21.20,20.75,20.84,20.84,20.61,,20.80,,,7954,165744.00,545,F1,1,,,,,
2026-09-18,2026-09-18,CM,BSE,STK,532614,INE691G01015,IMPEXFERRO,Z,,,,,IMPEX FERRO TECH LTD.,5.44,5.44,5.44,5.44,5.44,5.34,,5.49,,,9902,53866.00,7,F1,1,,,,,
2026-09-18,2026-09-18,CM,BSE,STK,532616,INE692G01013,XCHANGING,B,,,,,XCHANGING SOLUTIONS LTD.,62.47,62.75,61.60,62.75,62.75,61.71,,62.16,,,4534,280759.00,87,F1,1,,,,,
2026-09-18,2026-09-18,CM,BSE,STK,532624,INE796G01012,JINDALPHOT,B,,,,,JINDAL PHOTO LTD.,1125.20,1138.85,1106.50,1125.20,1125.60,1134.55,,1125.59,,,204,229367.00,61,F1,1,,,,,
2026-09-18,2026-09-18,CM,BSE,STK,532626,INE063E01061,POCL,A,,,,,PONDY OXIDES & CHEMICALS LTD.,469.50,476.30,461.55,468.30,476.25,469.45,,469.82,,,31226,14577271.00,932,F1,1,,,,,
2026-09-18,2026-09-18,CM,BSE,STK,532627,INE351F01018,JPPOWER,A,,,,,JAIPRAKASH POWER VENTURES LIMI,15.26,15.48,15.18,15.35,15.35,15.28,,15.37,,,3133096,48045432.00,3961,F1,1,,,,,
2026-09-18,2026-09-18,CM,BSE,STK,532628,INE748C01038,3IINFOLTD,T,,,,,3I INFOTECH LTD.,25.31,26.00,25.00,25.55,25.55,25.78,,25.50,,,49892,1276241.00,232,F1,1,,,,,
2026-09-18,2026-09-18,CM,BSE,STK,532629,INE748A01024,MBECL,T,,,,,MCNALLY BHARAT ENGINEERING COM,401.47,401.47,401.47,401.47,401.47,382.36,,401.59,,,14,5620.00,4,F1,1,,,,,
2026-09-18,2026-09-18,CM,BSE,STK,532630,INE887G01027,GOKEX,A,,,,,GOKALDAS EXPORTS LTD.,730.35,743.95,723.00,727.20,728.05,726.65,,727.73,,,115297,84233091.00,547,F1,1,,,,,
2026-09-18,2026-09-18,CM,BSE,STK,532633,INE835G01018,ALLDIGI,B,,,,,Alldigi Tech Limited,785.15,795.00,773.15,777.85,775.00,785.15,,776.45,,,566,441636.00,124,F1,1,,,,,
2026-09-18,2026-09-18,CM,BSE,STK,532636,INE530B01024,IIFL,A,,,,,IIFL FINANCE LIMITED,599.15,614.00,599.00,600.10,599.00,596.55,,600.20,,,97279,59048309.00,1757,F1,1,,,,,
2026-09-18,2026-09-18,CM,BSE,STK,532637,INE584F01014,MANGALAM,B,,,,,MANGALAM DRUGS & ORGANICS LTD.,34.36,34.99,32.19,34.24,34.48,32.03,,34.26,,,25385,854022.00,506,F1,1,,,,,
2026-09-18,2026-09-18,CM,BSE,STK,532638,INE498B01024,SHOPERSTOP,B,,,,,SHOPPERS STOP LTD.,407.90,412.30,394.40,400.35,400.35,413.75,,399.82,,,5796,2331796.00,286,F1,1,,,,,
2026-09-18,2026-09-18,CM,BSE,STK,532640,INE278G01037,CYBERMEDIA,T,,,,,CYBER MEDIA (INDIA) LTD.,21.93,22.38,21.05,21.29,21.29,22.15,,21.17,,,6667,143204.00,36,F1,1,,,,,
2026-09-18,2026-09-18,CM,BSE,STK,532641,INE875G01048,NDL,B,,,,,NANDAN DENIM LIMITED,2.82,2.90,2.74,2.79,2.79,2.81,,2.78,,,138133,384233.00,298,F1,1,,,,,
2026-09-18,2026-09-18,CM,BSE,STK,532642,INE824G01012,JSWHL,A,,,,,JSW HOLDINGS LIMITED,11250.00,11545.70,10950.00,11290.25,11373.00,11186.40,,11283.38,,,603,6754670.00,288,F1,1,,,,,
2026-09-18,2026-09-18,CM,BSE,STK,532644,INE823G01014,JKCEMENT,A,,,,,J.K.CEMENT LTD.,5020.95,5133.50,4990.00,5063.40,5086.00,5030.30,,5064.48,,,18840,95612459.00,584,F1,1,,,,,
2026-09-18,2026-09-18,CM,BSE,STK,532645,INE052B01011,BEEYU,X,,,,,BEEYU OVERSEAS LTD.,2.50,2.50,2.50,2.50,2.50,2.50,,2.50,,,41,102.00,3,F1,1,,,,,
2026-09-18,2026-09-18,CM,BSE,STK,532648,INE528G01035,YESBANK,A,,,,,YES BANK LTD.,23.16,23.36,23.11,23.12,23.12,23.15,,22.72,,,3513631,81501820.00,26279,F1,1,,,,,
2026-09-18,2026-09-18,CM,BSE,STK,532649,INE023H01027,NECLIFE,B,,,,,NECTAR LIFESCIENCES LTD.,11.19,11.22,10.72,11.01,11.21,11.11,,10.98,,,15563,169958.00,161,F1,1,,,,,
2026-09-18,2026-09-18,CM,BSE,STK,532650,INE752G01015,MSPL,B,,,,,MSP STEEL & POWER LTD.,33.96,34.61,33.47,34.33,34.33,33.64,,34.16,,,19180,654878.00,168,F1,1,,,,,
2026-09-18,2026-09-18,CM,BSE,STK,532652,INE614B01018,KTKBANK,A,,,,,KARNATAKA BANK LTD.,314.90,317.55,312.20,313.90,314.30,313.10,,313.80,,,30157,9512631.00,620,F1,1,,,,,
2026-09-18,2026-09-18,CM,BSE,STK,532654,INE942G01012,MCLEODRUSS,B,,,,,MCLEOD RUSSEL INDIA LTD.,42.11,44.55,42.11,44.55,44.55,42.43,,44.54,,,22107,971091.00,129,F1,1,,,,,
2026-09-18,2026-09-18,CM,BSE,STK,532656,INE828G01013,FACORALL,XT,,,,,FACOR ALLOYS LTD.,2.71,2.84,2.71,2.84,2.84,2.71,,2.84,,,67473,190785.00,44,F1,1,,,,,
2026-09-18,2026-09-18,CM,BSE,STK,532660,INE526G01021,VIVIMEDLAB,T,,,,,VIVIMED LABS LTD.,5.73,5.73,5.73,5.73,5.73,5.84,,5.58,,,2,11.00,1,F1,1,,,,,
2026-09-18,2026-09-18,CM,BSE,STK,532661,INE050H01012,RML,B,,,,,RANE (MADRAS) LTD.,1293.30,1335.00,1252.40,1323.50,1331.90,1282.80,,1324.45,,,6221,7977535.00,528,F1,1,,,,,
2026-09-18,2026-09-18,CM,BSE,STK,532662,INE501G01024,HTMEDIA,B,,,,,HT MEDIA LIMITED,25.50,25.50,23.29,23.93,23.29,23.94,,23.75,,,10598,256535.00,67,F1,1,,,,,
2026-09-18,2026-09-18,CM,BSE,STK,532663,INE231F01020,SASKEN,B,,,,,Sasken Technologies Limited,1671.55,1737.85,1671.55,1718.25,1714.00,1726.15,,1719.59,,,402,690321.00,113,F1,1,,,,,
2026-09-18,2026-09-18,CM,BSE,STK,532666,INE512B01022,FCSSOFT,B,,,,,FCS SOFTWARE SOLUTIONS LTD.,1.44,1.44,1.41,1.42,1.42,1.41,,1.41,,,232361,329891.00,135,F1,1,,,,,
2026-09-18,2026-09-18,CM,BSE,STK,532667,INE040H01021,SUZLON,A,,,,,SUZLON ENERGY LTD.,42.73,43.75,42.69,43.30,43.30,42.55,,43.14,,,4293191,186009660.00,19026,F1,1,,,,,
2026-09-18,2026-09-18,CM,BSE,STK,532668,INE132H01018,AURIONPRO,A,,,,,AURIONPRO SOLUTIONS LTD.,701.15,701.15,681.00,685.30,685.00,703.90,,685.58,,,9671,6654574.00,521,F1,1,,,,,
2026-09-18,2026-09-18,CM,BSE,STK,532670,INE087H01022,RENUKA,A,,,,,SHREE RENUKA SUGARS LTD.,22.82,23.35,22.35,23.08,23.08,22.81,,23.06,,,667035,15175128.00,1432,F1,1,,,,,
2026-09-18,2026-09-18,CM,BSE,STK,532673,INE157H01023,KMSUGAR,B,,,,,K.M.SUGAR MILLS LTD.,32.35,32.35,28.16,28.70,28.87,28.40,,28.62,,,7623,218057.00,118,F1,1,,,,,
2026-09-18,2026-09-18,CM,BSE,STK,532674,INE186H01022,BASML,T,,,,,BANNARI AMMAN SPINNING MILLS L,24.39,24.39,23.45,23.75,23.83,24.04,,23.54,,,3134,74816.00,22,F1,1,,,,,
2026-09-18,2026-09-18,CM,BSE,STK,532676,INE160H01019,PBAINFRA,XT,,,,,PBA INFRASTRUCTURE LTD.,10.65,10.65,9.67,9.70,10.54,10.15,,9.70,,,2009,20667.00,23,F1,1,,,,,
2026-09-18,2026-09-18,CM,BSE,STK,532683,INE212H01026,AIAENG,A,,,,,AIA ENGINEERING LTD.,3975.45,4025.45,3902.75,3971.95,4013.15,3984.05,,3973.27,,,2089,8280962.00,576,F1,1,,,,,
2026-09-18,2026-09-18,CM,BSE,STK,532684,INE184H01027,EKC,B,,,,,EVEREST KANTO CYLINDER LTD.,101.10,101.40,100.00,101.15,100.55,101.05,,101.08,,,8452,849298.00,185,F1,1,,,,,
2026-09-18,2026-09-18,CM,BSE,STK,532686,INE202H01019,KERNEX,B,,,,,KERNEX MICROSYSTEMS (INDIA) LT,1729.00,1738.55,1702.05,1732.90,1730.00,1722.60,,1732.52,,,4814,8280739.00,473,F1,1,,,,,
2026-09-18,2026-09-18,CM,BSE,STK,532687,INE461B01014,REPRO,B,,,,,REPRO INDIA LTD.,299.15,300.70,298.50,300.20,300.20,296.60,,305.25,,,301,90089.00,12,F1,1,,,,,
2026-09-18,2026-09-18,CM,BSE,STK,532689,INE191H01014,PVRINOX,A,,,,,PVR INOX LIMITED,1277.00,1340.00,1272.00,1329.05,1332.30,1271.70,,1324.85,,,55426,72598870.00,3070,F1,1,,,,,
2026-09-18,2026-09-18,CM,BSE,STK,532694,INE855F01042,ASMS,T,,,,,Avio Smart Market Stack Limite,6.96,6.96,6.66,6.68,6.68,6.82,,6.66,,,7278,48845.00,83,F1,1,,,,,
2026-09-18,2026-09-18,CM,BSE,STK,532695,INE185H01016,CELEBRITY,B,,,,,CELEBRITY FASHIONS LTD.,6.82,6.83,6.80,6.83,6.83,6.80,,6.83,,,310,2114.00,6,F1,1,,,,,
2026-09-18,2026-09-18,CM,BSE,STK,532698,INE229H01012,NITINSPIN,B,,,,,NITIN SPINNERS LTD.,618.45,628.95,612.50,619.80,621.00,618.30,,619.25,,,2862,1774476.00,281,F1,1,,,,,
2026-09-18,2026-09-18,CM,BSE,STK,532699,INE283H01019,ROHLTD,B,,,,,ROYAL ORCHID HOTELS LTD.,298.05,310.00,298.05,309.90,309.30,298.05,,304.92,,,500,151272.00,57,F1,1,,,,,
2026-09-18,2026-09-18,CM,BSE,STK,532700,INE265F01028,ENIL,B,,,,,ENTERTAINMENT NETWORK (INDIA),100.00,100.45,99.60,100.00,100.00,100.70,,101.90,,,379,37767.00,9,F1,1,,,,,
2026-09-18,2026-09-18,CM,BSE,STK,532701,INE266H01014,CELLA,Z,,,,,CELLA SPACE LIMITED,42.21,42.21,39.89,40.01,40.01,41.98,,40.01,,,34615,1388136.00,140,F1,1,,,,,
2026-09-18,2026-09-18,CM,BSE,STK,532705,INE199G01027,JAGRAN,B,,,,,JAGRAN PRAKASHAN LTD.,62.65,62.65,61.68,62.30,62.35,61.90,,62.36,,,3935,244465.00,149,F1,1,,,,,
2026-09-18,2026-09-18,CM,BSE,STK,532708,INE251H01024,GVKPIL,T,,,,,GVK POWER & INFRASTRUCTURE LTD,2.42,2.42,2.42,2.42,2.42,2.38,,2.41,,,159837,386805.00,104,F1,1,,,,,
2026-09-18,2026-09-18,CM,BSE,STK,532710,INE226H01026,SADBHAV,B,,,,,SADBHAV ENGINEERING LTD.,7.62,7.80,7.62,7.64,7.74,7.49,,7.73,,,7021,53770.00,62,F1,1,,,,,
2026-09-18,2026-09-18,CM,BSE,STK,532712,INE330H01018,RCOM,T,,,,,RELIANCE COMMUNICATIONS LTD.,0.92,0.92,0.92,0.92,0.92,0.96,,0.92,,,278767,256465.00,200,F1,1,,,,,
2026-09-18,2026-09-18,CM,BSE,STK,532713,INE190H01024,SAKUMA,B,,,,,SAKUMA EXPORTS LTD.,1.57,1.58,1.50,1.52,1.52,1.56,,1.51,,,160421,246438.00,309,F1,1,,,,,
2026-09-18,2026-09-18,CM,BSE,STK,532714,INE389H01022,KEC,A,,,,,KEC INTERNATIONAL LTD.,402.35,409.05,396.65,402.50,402.50,401.55,,404.10,,,143291,57450255.00,3421,F1,1,,,,,
2026-09-18,2026-09-18,CM,BSE,STK,532716,INE047B01011,GILLANDERS,B,,,,,GILLANDERS ARBUTHNOT & CO.LTD.,101.50,104.00,101.50,104.00,104.00,101.10,,104.51,,,28,2902.00,2,F1,1,,,,,
2026-09-18,2026-09-18,CM,BSE,STK,532717,INE332H01014,INDOTECH,B,,,,,INDO TECH TRANSFORMERS LTD.,3446.55,3454.40,3364.80,3393.80,3407.00,3409.55,,3394.67,,,1405,4807615.00,178,F1,1,,,,,
2026-09-18,2026-09-18,CM,BSE,STK,532719,INE350H01032,BLKASHYAP,B,,,,,B.L.KASHYAP AND SONS LTD.,53.11,53.83,51.90,52.60,51.90,52.75,,52.73,,,27519,1457602.00,192,F1,1,,,,,
2026-09-18,2026-09-18,CM,BSE,STK,532720,INE774D01024,M&MFIN,A,,,,,MAHINDRA & MAHINDRA FINANCIAL,349.85,356.50,347.05,353.95,351.65,345.80,,353.31,,,63465,22342897.00,2719,F1,1,,,,,
2026-09-18,2026-09-18,CM,BSE,STK,532721,INE286H01012,VISACHROME,B,,,,,VISA Chrome Limited,28.83,31.75,28.83,31.23,31.23,30.34,,30.09,,,11420,346906.00,205,F1,1,,,,,
2026-09-18,2026-09-18,CM,BSE,STK,532722,INE858F01012,NITCO,B,,,,,NITCO LTD.,85.84,88.49,85.35,86.84,87.99,86.05,,86.99,,,28210,2438979.00,302,F1,1,,,,,
2026-09-18,2026-09-18,CM,BSE,STK,532723,INE493H01014,MPDL,T,,,,,MPDL LIMITED,33.35,33.35,30.21,30.21,30.21,31.79,,30.00,,,166,5328.00,7,F1,1,,,,,
2026-09-18,2026-09-18,CM,BSE,STK,532725,INE343H01029,SOLARINDS,A,,,,,SOLAR INDUSTRIES INDIA LTD.,18849.80,19088.80,18726.90,18830.00,18830.00,18890.00,,18556.43,,,18696,353721027.00,5169,F1,1,,,,,
2026-09-18,2026-09-18,CM,BSE,STK,532726,INE297H01019,GALLANTT,A,,,,,GALLANTT ISPAT LIMITED,545.20,553.45,544.90,547.60,544.90,537.40,,547.19,,,6154,3374145.00,296,F1,1,,,,,
2026-09-18,2026-09-18,CM,BSE,STK,532728,INE383H01017,MALUPAPER,B,,,,,MALU PAPER MILLS LTD.,32.06,32.99,32.06,32.26,32.16,31.91,,32.17,,,700,22709.00,231,F1,1,,,,,
2026-09-18,2026-09-18,CM,BSE,STK,532729,INE786F01031,UTTAMSUGAR,B,,,,,UTTAM SUGAR MILLS LTD.,253.00,261.15,250.00,260.15,261.15,251.85,,260.24,,,6704,1722234.00,180,F1,1,,,,,
2026-09-18,2026-09-18,CM,BSE,STK,532730,INE353H01010,SGL,B,,,,,STL GLOBAL LTD.,9.63,9.80,9.36,9.80,9.80,9.36,,9.38,,,1536,14516.00,17,F1,1,,,,,
2026-09-18,2026-09-18,CM,BSE,STK,532732,INE401H01017,KKCL,B,,,,,KEWAL KIRAN CLOTHING LTD.,488.15,490.00,482.15,486.10,487.20,487.15,,485.67,,,592,288131.00,52,F1,1,,,,,
2026-09-18,2026-09-18,CM,BSE,STK,532733,INE424H01027,SUNTV,A,,,,,SUN TV NETWORK LTD.,470.75,470.75,449.25,452.15,452.15,467.75,,451.71,,,37678,17212256.00,2311,F1,1,,,,,
2026-09-18,2026-09-18,CM,BSE,STK,532734,INE177H01039,GPIL,A,,,,,GODAWARI POWER & ISPAT LTD.,239.35,239.60,232.50,233.70,233.25,238.35,,233.47,,,49638,11677213.00,1564,F1,1,,,,,
2026-09-18,2026-09-18,CM,BSE,STK,532735,INE411H01032,RSYSTEMS,B,,,,,R SYSTEMS INTERNATIONAL LTD.,243.75,246.65,241.00,242.00,242.10,246.10,,242.14,,,5147,1249488.00,187,F1,1,,,,,
2026-09-18,2026-09-18,CM,BSE,STK,532737,INE296H01011,EMKAY,B,,,,,EMKAY GLOBAL FINANCIAL SERVICE,250.60,251.95,245.35,245.35,245.35,247.60,,248.90,,,755,187283.00,39,F1,1,,,,,
2026-09-18,2026-09-18,CM,BSE,STK,532738,INE388G01026,TICL,T,,,,,TwamevConstruction and Infrast,6.01,6.01,5.86,5.89,5.98,6.16,,5.85,,,8029,47344.00,31,F1,1,,,,,
2026-09-18,2026-09-18,CM,BSE,STK,532740,INE397H01017,LOKESHMACH,B,,,,,LOKESH MACHINES LTD.,349.55,350.45,342.10,345.00,345.00,341.75,,344.80,,,461,159906.00,72,F1,1,,,,,
2026-09-18,2026-09-18,CM,BSE,STK,532741,INE390H01020,KAMDHENU,T,,,,,Kamdhenu Limited,39.94,41.60,38.50,41.30,41.30,39.62,,41.14,,,383182,15779218.00,566,F1,1,,,,,
2026-09-18,2026-09-18,CM,BSE,STK,532742,INE111F01024,PAUSHAKLTD,B,,,,,PAUSHAK LTD.,721.55,729.55,707.00,718.05,718.05,725.95,,716.44,,,1413,1019103.00,143,F1,1,,,,,
2026-09-18,2026-09-18,CM,BSE,STK,532744,INE302H01017,GTNTEX,X,,,,,GTN TEXTILES LTD.,8.21,8.78,8.01,8.08,8.06,8.27,,8.08,,,2393,19288.00,18,F1,1,,,,,
2026-09-18,2026-09-18,CM,BSE,STK,532748,INE367G01038,PFOCUS,B,,,,,PRIME FOCUS LTD.,335.00,347.50,335.00,344.55,344.00,334.70,,344.36,,,155621,53309317.00,3055,F1,1,,,,,
2026-09-18,2026-09-18,CM,BSE,STK,532749,INE418H01029,ALLCARGO,B,,,,,ALLCARGO LOGISTICS LTD.,10.96,11.35,10.94,11.10,11.10,11.03,,11.11,,,452366,5001792.00,641,F1,1,,,,,
2026-09-18,2026-09-18,CM,BSE,STK,532754,INE776C01039,GMRAIRPORT,A,,,,,GMR Airports Limited,95.40,97.75,95.40,96.11,96.11,95.20,,99.29,,,572222,55589278.00,3566,F1,1,,,,,
2026-09-18,2026-09-18,CM,BSE,STK,532755,INE669C01036,TECHM,A,,,,,TECH MAHINDRA LTD.,1559.00,1559.00,1522.60,1530.70,1530.70,1559.00,,1537.07,,,35279,54194129.00,1856,F1,1,,,,,
2026-09-18,2026-09-18,CM,BSE,STK,532756,INE536H01010,CIEINDIA,A,,,,,CIE Automotive India Limited,387.40,391.75,383.00,387.00,388.00,386.45,,387.14,,,22177,8571539.00,935,F1,1,,,,,
2026-09-18,2026-09-18,CM,BSE,STK,532757,INE540H01012,VOLTAMP,A,,,,,VOLTAMP TRANSFORMERS LTD.,10700.05,10950.00,10700.05,10895.30,10870.00,10735.55,,10879.29,,,539,5863263.00,202,F1,1,,,,,
2026-09-18,2026-09-18,CM,BSE,STK,532759,INE285H01022,ATLANTAA,B,,,,,ATLANTAA LIMITED,36.39,37.00,35.53,35.98,35.99,36.44,,36.02,,,5922,214167.00,519,F1,1,,,,,
2026-09-18,2026-09-18,CM,BSE,STK,532761,INE596H01014,HGM,B,,,,,HANDSON GLOBAL MANAGEMENT (HGM,49.64,49.64,49.64,49.64,49.64,49.28,,48.51,,,44,2184.00,1,F1,1,,,,,
2026-09-18,2026-09-18,CM,BSE,STK,532762,INE731H01025,ACE,A,,,,,ACTION CONSTRUCTION EQUIPMENT,1214.80,1241.45,1201.05,1229.25,1216.50,1204.95,,1229.20,,,48889,59913355.00,2441,F1,1,,,,,
2026-09-18,2026-09-18,CM,BSE,STK,532767,INE336H01023,GAYAPROJ,B,,,,,GAYATRI PROJECTS LTD.,23.65,24.81,23.60,24.75,24.75,23.63,,24.72,,,329102,8074626.00,1031,F1,1,,,,,
2026-09-18,2026-09-18,CM,BSE,STK,532768,INE737H01014,FIEMIND,B,,,,,FIEM INDUSTRIES LTD.,1905.05,1963.45,1905.05,1938.45,1936.00,1902.60,,1937.31,,,2150,4186351.00,412,F1,1,,,,,
2026-09-18,2026-09-18,CM,BSE,STK,532771,INE544H01014,JHS,B,,,,,JHS SVENDGAARD LABORATORIES LT,8.79,8.79,8.50,8.50,8.50,8.55,,8.52,,,8517,72717.00,71,F1,1,,,,,
2026-09-18,2026-09-18,CM,BSE,STK,532772,INE503A01015,DCBBANK,A,,,,,DCB BANK LIMITED,220.15,223.00,216.60,217.70,219.10,218.60,,218.32,,,63982,14024568.00,864,F1,1,,,,,
2026-09-18,2026-09-18,CM,BSE,STK,532773,INE792H01019,GLOBALVECT,B,,,,,GLOBAL VECTRA HELICORP LTD.,127.00,145.00,125.00,145.00,145.00,126.00,,131.59,,,608,78568.00,29,F1,1,,,,,
2026-09-18,2026-09-18,CM,BSE,STK,532774,INE020G01017,INSPIRISYS,B,,,,,Inspirisys Solutions Limited,87.00,87.00,83.00,83.77,86.80,84.84,,83.27,,,199,16699.00,10,F1,1,,,,,
2026-09-18,2026-09-18,CM,BSE,STK,532775,INE221H01019,GTLINFRA,B,,,,,GTL INFRASTRUCTURE LTD.,1.14,1.16,1.13,1.15,1.15,1.14,,1.15,,,3142713,3611749.00,7722,F1,1,,,,,
2026-09-18,2026-09-18,CM,BSE,STK,532776,INE637H01024,SHIVAMAUTO,B,,,,,SHIVAM AUTOTECH LTD.,17.28,20.08,17.20,20.08,20.08,16.74,,20.08,,,826611,16560801.00,900,F1,1,,,,,
2026-09-18,2026-09-18,CM,BSE,STK,532777,INE663F01032,NAUKRI,A,,,,,INFO EDGE (INDIA) LTD.,1264.95,1283.20,1255.00,1255.00,1255.00,1268.20,,1251.20,,,141849,179191259.00,3871,F1,1,,,,,
2026-09-18,2026-09-18,CM,BSE,STK,532779,INE813H01021,TORNTPOWER,A,,,,,TORRENT POWER LTD.,1275.75,1283.60,1246.00,1258.00,1246.00,1275.05,,1258.78,,,16405,20717636.00,1432,F1,1,,,,,
2026-09-18,2026-09-18,CM,BSE,STK,532780,INE561H01026,PARSVNATH,T,,,,,PARSVNATH DEVELOPERS LTD.,1.84,1.84,1.84,1.84,1.84,1.81,,1.84,,,8367,15395.00,11,F1,1,,,,,
2026-09-18,2026-09-18,CM,BSE,STK,532782,INE645H01027,SUTLEJTEX,T,,,,,SUTLEJ TEXTILES & INDUSTRIES L,38.55,38.80,37.55,38.80,38.80,38.55,,38.30,,,2860,109117.00,20,F1,1,,,,,
2026-09-18,2026-09-18,CM,BSE,STK,532783,INE818H01020,LTFOODS,A,,,,,LT FOODS LTD.,421.00,425.55,416.20,422.75,422.90,421.80,,423.19,,,32227,13568774.00,784,F1,1,,,,,
2026-09-18,2026-09-18,CM,BSE,STK,532784,INE671H01015,SOBHA,A,,,,,SOBHA,1196.00,1223.95,1195.45,1215.25,1215.00,1189.20,,1215.20,,,3343,4049081.00,257,F1,1,,,,,
2026-09-18,2026-09-18,CM,BSE,STK,532785,INE803H01014,RUCHIRA,B,,,,,RUCHIRA PAPERS LTD.,109.40,109.40,107.75,108.00,108.00,107.20,,108.84,,,1191,129094.00,45,F1,1,,,,,
2026-09-18,2026-09-18,CM,BSE,STK,532790,INE483C01032,TANLA,A,,,,,TANLA PLATFORMS LIMITED,498.00,499.60,486.45,489.65,490.00,495.30,,489.26,,,20165,9904276.00,966,F1,1,,,,,
2026-09-18,2026-09-18,CM,BSE,STK,532794,INE966H01019,ZEEMEDIA,B,,,,,ZEE MEDIA CORPORATION LIMITED,7.32,7.45,7.29,7.33,7.35,7.43,,7.32,,,147056,1083122.00,269,F1,1,,,,,
2026-09-18,2026-09-18,CM,BSE,STK,532795,INE965H01011,SITINET,Z,,,,,Siti Networks Ltd.,0.49,0.49,0.49,0.49,0.49,0.49,,0.28,,,79671,39038.00,44,F1,1,,,,,
2026-09-18,2026-09-18,CM,BSE,STK,532796,INE872H01027,LUMAXTECH,A,,,,,LUMAX AUTO TECHNOLOGIES LTD.,2014.95,2115.50,2000.10,2102.40,2106.00,2019.90,,2102.67,,,24607,51502193.00,2142,F1,1,,,,,
2026-09-18,2026-09-18,CM,BSE,STK,532797,INE718H01014,AUTOIND,B,,,,,AUTOLINE INDUSTRIES LTD.,78.88,79.13,77.67,78.47,78.84,78.02,,78.35,,,9910,776072.00,128,F1,1,,,,,
2026-09-18,2026-09-18,CM,BSE,STK,532798,INE870H01013,NETWORK18,A,,,,,NETWORK18 MEDIA & INVESTMENTS,26.46,27.15,26.46,26.99,26.99,26.46,,27.00,,,221540,5941270.00,754,F1,1,,,,,
2026-09-18,2026-09-18,CM,BSE,STK,532799,INE703H01016,HUBTOWN,A,,,,,HUBTOWN LTD.,175.75,179.95,174.35,177.25,178.25,173.10,,177.68,,,22244,3928937.00,407,F1,1,,,,,
2026-09-18,2026-09-18,CM,BSE,STK,532801,INE627H01017,CTE,T,,,,,CAMBRIDGE TECHNOLOGY ENTERPRIS,40.00,41.49,40.00,41.43,41.44,40.00,,41.04,,,452,18459.00,8,F1,1,,,,,
2026-09-18,2026-09-18,CM,BSE,STK,532804,INE545H01011,TIIL,B,,,,,TECHNOCRAFT INDUSTRIES (INDIA),3052.20,3118.00,3032.50,3052.70,3053.95,3055.70,,3054.08,,,1468,4515647.00,321,F1,1,,,,,
2026-09-18,2026-09-18,CM,BSE,STK,532805,INE891D01026,REDINGTON,A,,,,,Redington Limited,405.25,413.35,396.05,399.70,399.70,400.00,,399.85,,,503262,203069986.00,7626,F1,1,,,,,
2026-09-18,2026-09-18,CM,BSE,STK,532806,INE768E01024,AICHAMP,XT,,,,,AI CHAMPDANY INDUSTRIES LTD.,18.90,19.84,18.86,18.86,18.86,19.85,,18.86,,,4845,91593.00,44,F1,1,,,,,
2026-09-18,2026-09-18,CM,BSE,STK,532807,INE704H01022,CINELINE,B,,,,,CINELINE INDIA LIMITED,94.50,94.50,90.00,90.08,90.24,94.50,,90.34,,,2260,205321.00,33,F1,1,,,,,
2026-09-18,2026-09-18,CM,BSE,STK,532808,INE940H01022,PGIL,A,,,,,PEARL GLOBAL INDUSTRIES LIMITE,1142.85,1156.55,1121.50,1146.95,1146.95,1141.15,,1146.12,,,5682,6497544.00,510,F1,1,,,,,
2026-09-18,2026-09-18,CM,BSE,STK,532809,INE684F01012,FSL,A,,,,,FIRSTSOURCE SOLUTIONS LTD.,273.00,275.20,269.20,273.70,273.00,273.05,,273.46,,,49871,13621365.00,1490,F1,1,,,,,
2026-09-18,2026-09-18,CM,BSE,STK,532810,INE134E01011,PFC,A,,,,,POWER FINANCE CORPORATION LTD.,344.60,347.05,344.35,346.00,346.00,345.50,,342.56,,,395237,136659640.00,7695,F1,1,,,,,
2026-09-18,2026-09-18,CM,BSE,STK,532811,INE758C01029,AHLUCONT,A,,,,,AHLUWALIA CONTRACTS (INDIA) LT,568.45,590.40,563.05,585.35,584.20,567.35,,584.76,,,3843,2219369.00,169,F1,1,,,,,
2026-09-18,2026-09-18,CM,BSE,STK,532814,INE562A01011,INDIANB,A,,,,,INDIAN BANK,845.00,847.80,835.00,844.80,844.80,840.00,,839.80,,,26288,22107326.00,1528,F1,1,,,,,
2026-09-18,2026-09-18,CM,BSE,STK,532815,INE812G01025,SMSPHARMA,B,,,,,SMS PHARMACEUTICALS LTD.,417.05,445.50,417.05,442.95,440.50,412.45,,442.95,,,66255,29021705.00,1863,F1,1,,,,,
2026-09-18,2026-09-18,CM,BSE,STK,532817,INE998H01012,ORIENTALTL,B,,,,,ORIENTAL TRIMEX LTD.,4.94,5.04,4.92,5.00,5.00,5.07,,4.96,,,15681,77726.00,118,F1,1,,,,,
2026-09-18,2026-09-18,CM,BSE,STK,532820,INE311H01018,ELAND,X,,,,,E-Land Apparel Limited,11.94,12.48,10.60,11.64,11.25,11.89,,11.64,,,4197,47480.00,33,F1,1,,,,,
2026-09-18,2026-09-18,CM,BSE,STK,532822,INE669E01016,IDEA,A,,,,,VODAFONE IDEA  LIMITED,14.33,14.37,14.10,14.10,14.10,14.23,,13.92,,,13922702,198102101.00,298907,F1,1,,,,,
2026-09-18,2026-09-18,CM,BSE,STK,532825,INE702H01018,JAGJANANI,XT,,,,,JAGJANANI TEXTILES LTD.,5.81,5.81,5.80,5.80,5.80,5.90,,5.80,,,4657,27042.00,10,F1,1,,,,,
2026-09-18,2026-09-18,CM,BSE,STK,532826,INE952H01027,RAJTV,B,,,,,RAJ TELEVISION NETWORK LTD.,8.46,8.79,8.45,8.58,8.58,8.89,,8.60,,,3937,33551.00,44,F1,1,,,,,
2026-09-18,2026-09-18,CM,BSE,STK,532827,INE761H01022,PAGEIND,A,,,,,PAGE INDUSTRIES LTD.,34975.00,35942.40,34950.00,35900.00,35900.00,35102.40,,36399.05,,,744,26454383.00,349,F1,1,,,,,
2026-09-18,2026-09-18,CM,BSE,STK,532828,INE005I01014,AMDIND,T,,,,,AMD INDUSTRIES LTD.,64.90,64.90,63.29,63.29,63.29,66.62,,63.27,,,2274,143994.00,30,F1,1,,,,,
2026-09-18,2026-09-18,CM,BSE,STK,532829,INE976H01018,LEHAR,X,,,,,LEHAR FOOTWEARS LIMITED,207.00,213.00,206.00,208.45,208.55,207.10,,208.45,,,13014,2728641.00,484,F1,1,,,,,
2026-09-18,2026-09-18,CM,BSE,STK,532830,INE006I01046,ASTRAL,A,,,,,ASTRAL LIMITED,1403.30,1425.00,1396.05,1425.00,1425.00,1395.80,,1427.70,,,12451,17540741.00,1178,F1,1,,,,,
2026-09-18,2026-09-18,CM,BSE,STK,532832,INE069I01010,EMBDL,A,,,,,EMBASSY DEVELOPMENTS LIMITED,55.40,55.40,53.52,53.83,53.87,54.86,,53.88,,,42964,2322809.00,534,F1,1,,,,,
2026-09-18,2026-09-18,CM,BSE,STK,532834,INE052I01032,CAMLINFINE,B,,,,,Camlin Fine Sciences Ltd,100.95,100.95,95.95,97.55,97.55,99.80,,97.29,,,68961,6765846.00,695,F1,1,,,,,
2026-09-18,2026-09-18,CM,BSE,STK,532835,INE725G01011,ICRA,B,,,,,ICRA LTD.,4642.75,4642.75,4531.00,4553.30,4551.35,4582.95,,4544.80,,,626,2854115.00,166,F1,1,,,,,
2026-09-18,2026-09-18,CM,BSE,STK,532839,INE836F01026,DISHTV,B,,,,,DISH TV INDIA LTD.,2.59,2.64,2.53,2.56,2.56,2.60,,2.56,,,286856,745155.00,425,F1,1,,,,,
2026-09-18,2026-09-18,CM,BSE,STK,532841,INE280H01015,SAHYADRI,B,,,,,SAHYADRI INDUSTRIES LTD.,364.90,366.00,362.00,366.00,366.00,361.10,,365.45,,,203,74057.00,17,F1,1,,,,,
2026-09-18,2026-09-18,CM,BSE,STK,532842,INE917H01012,SRHHYPOLTD,B,,,,,SREE RAYALASEEMA HI-STRENGTH H,525.00,527.60,517.60,522.85,520.95,516.15,,523.10,,,750,392318.00,71,F1,1,,,,,
2026-09-18,2026-09-18,CM,BSE,STK,532843,INE061F01013,FORTIS,A,,,,,FORTIS HEALTHCARE LTD.,882.80,899.75,875.00,875.00,875.00,887.25,,885.97,,,59189,52913412.00,1752,F1,1,,,,,
2026-09-18,2026-09-18,CM,BSE,STK,532845,INE797H01018,TGBHOTELS,B,,,,,TGB BANQUETS AND HOTELS LTD.,8.70,10.14,8.70,9.78,9.78,9.69,,9.41,,,828,7949.00,18,F1,1,,,,,
2026-09-18,2026-09-18,CM,BSE,STK,532847,INE788H01017,HILTON,B,,,,,HILTON METAL FORGING LTD.,16.55,17.48,16.21,16.24,16.24,17.05,,16.29,,,249964,4185079.00,1740,F1,1,,,,,
2026-09-18,2026-09-18,CM,BSE,STK,532848,INE124G01033,DELTACORP,B,,,,,DELTA CORP LTD.,56.53,58.80,55.75,58.39,58.39,56.12,,58.34,,,69523,4020855.00,750,F1,1,,,,,
2026-09-18,2026-09-18,CM,BSE,STK,532850,INE287C01037,MICEL,T,,,,,MIC ELECTRONICS LTD.,33.24,33.35,33.24,33.35,33.35,33.81,,33.35,,,25505,849034.00,131,F1,1,,,,,
2026-09-18,2026-09-18,CM,BSE,STK,532851,INE070I01018,INSECTICID,B,,,,,INSECTICIDES (INDIA) LTD.,598.85,607.95,591.25,607.50,607.95,595.90,,605.61,,,360,214364.00,43,F1,1,,,,,
2026-09-18,2026-09-18,CM,BSE,STK,532853,INE228I01012,ASAHISONG,T,,,,,ASAHI SONGWON COLORS LTD.,365.50,381.00,361.00,371.10,371.10,365.50,,372.79,,,1148,420912.00,20,F1,1,,,,,
2026-09-18,2026-09-18,CM,BSE,STK,532855,INE928H01019,HARYNACAP,X,,,,,HARYANA CAPFIN LTD.,149.50,149.50,149.00,149.00,149.00,148.00,,149.00,,,28,4175.00,3,F1,1,,,,,
2026-09-18,2026-09-18,CM,BSE,STK,532856,INE508G01029,TIMETECHNO,A,,,,,TIME TECHNOPLAST LTD.,176.30,180.45,176.10,179.00,179.20,174.50,,179.23,,,71107,12687540.00,1145,F1,1,,,,,
2026-09-18,2026-09-18,CM,BSE,STK,532859,INE170I01016,HGS,B,,,,,HINDUJA GLOBAL SOLUTIONS LTD.,383.95,383.95,378.20,379.60,378.80,389.10,,379.42,,,2164,823110.00,236,F1,1,,,,,
2026-09-18,2026-09-18,CM,BSE,STK,532864,INE189I01024,NELCAST,B,,,,,NELCAST LTD.,108.10,110.00,105.60,107.90,107.75,107.65,,108.31,,,5553,597539.00,117,F1,1,,,,,
2026-09-18,2026-09-18,CM,BSE,STK,532867,INE945H01021,V2RETAIL,B,,,,,V2 RETAIL LTD.,211.40,215.65,209.95,214.15,214.85,210.45,,214.04,,,45252,9675541.00,890,F1,1,,,,,
2026-09-18,2026-09-18,CM,BSE,STK,532868,INE271C01023,DLF,A,,,,,DLF LTD.,639.55,653.50,631.05,631.05,631.05,641.65,,644.28,,,572126,372569586.00,2332,F1,1,,,,,
2026-09-18,2026-09-18,CM,BSE,STK,532869,INE924H01018,TARMAT,B,,,,,TARMAT LTD.,56.83,58.70,56.83,57.50,57.50,56.83,,57.76,,,278,15898.00,10,F1,1,,,,,
2026-09-18,2026-09-18,CM,BSE,STK,532870,INE106I01010,ANKITMETAL,Z,,,,,ANKIT METAL & POWER LTD.,1.77,1.77,1.77,1.77,1.77,1.74,,1.77,,,21516,38083.00,17,F1,1,,,,,
2026-09-18,2026-09-18,CM,BSE,STK,532872,INE232I01014,SPARC,B,,,,,SUN PHARMA ADVANCED RESEARCH C,189.90,198.60,189.90,194.05,194.05,193.30,,193.93,,,48468,9454608.00,970,F1,1,,,,,
2026-09-18,2026-09-18,CM,BSE,STK,532873,INE191I01012,HDIL,Z,,,,,HOUSING DEVELOPMENT & INFRASTR,1.48,1.48,1.39,1.46,1.48,1.46,,1.45,,,45295,64936.00,49,F1,1,,,,,
2026-09-18,2026-09-18,CM,BSE,STK,532875,INE102I01027,ADSL,B,,,,,ALLIED DIGITAL SERVICES LTD.,97.55,97.55,95.40,95.90,96.50,97.35,,96.28,,,5614,539169.00,166,F1,1,,,,,
2026-09-18,2026-09-18,CM,BSE,STK,532878,INE385I01010,ALPA,B,,,,,ALPA LABORATORIES LTD.,60.50,60.50,57.89,60.05,60.05,58.21,,59.46,,,689,41252.00,33,F1,1,,,,,
2026-09-18,2026-09-18,CM,BSE,STK,532880,INE800H01010,OMAXE,B,,,,,OMAXE LTD.,121.10,122.65,117.00,117.45,117.75,120.65,,117.31,,,23819,2862004.00,225,F1,1,,,,,
2026-09-18,2026-09-18,CM,BSE,STK,532884,INE056I01025,REFEX,A,,,,,REFEX INDUSTRIES LTD.,269.85,277.10,269.85,272.30,269.90,271.95,,271.93,,,25016,6824751.00,570,F1,1,,,,,
2026-09-18,2026-09-18,CM,BSE,STK,532885,INE483A01010,CENTRALBK,A,,,,,CENTRAL BANK OF INDIA,30.38,32.44,30.38,31.76,31.76,30.39,,31.73,,,1551068,48962481.00,5643,F1,1,,,,,
2026-09-18,2026-09-18,CM,BSE,STK,532887,INE333I01044,NEUEON,T,,,,,Neueon Corporation Limited,11.68,11.68,11.68,11.68,11.68,11.40,,11.29,,,10,116.00,1,F1,1,,,,,
2026-09-18,2026-09-18,CM,BSE,STK,532888,INE022I01019,ASIANTILES,B,,,,,ASIAN GRANITO INDIA LTD.,50.00,51.21,49.25,50.62,50.80,49.91,,50.65,,,77359,3873080.00,499,F1,1,,,,,
2026-09-18,2026-09-18,CM,BSE,STK,532889,INE930H01031,KPRMILL,A,,,,,K.P.R.MILL LIMITED,1095.80,1151.80,1087.30,1141.30,1141.30,1096.20,,1141.40,,,13078,14678461.00,1271,F1,1,,,,,
2026-09-18,2026-09-18,CM,BSE,STK,532890,INE142I01023,TAKE,B,,,,,TAKE LIMITED,16.07,16.43,16.07,16.07,16.07,16.91,,15.97,,,19652,316608.00,144,F1,1,,,,,
2026-09-18,2026-09-18,CM,BSE,STK,532891,INE323I01011,PURVA,B,,,,,Puravankara Limited,219.30,219.30,211.25,213.50,213.50,218.40,,213.44,,,32602,7003236.00,481,F1,1,,,,,
2026-09-18,2026-09-18,CM,BSE,STK,532892,INE338I01027,MOTILALOFS,A,,,,,MOTILAL OSWAL FINANCIAL SERVIC,990.10,1008.10,961.50,1005.50,1005.50,986.70,,1010.00,,,7665,7669006.00,353,F1,1,,,,,
2026-09-18,2026-09-18,CM,BSE,STK,532893,INE222F01029,VTMLTD,B,,,,,VTM LTD.,48.43,48.43,46.50,47.83,47.83,48.17,,47.52,,,6045,290449.00,158,F1,1,,,,,
2026-09-18,2026-09-18,CM,BSE,STK,532894,INE227G01018,INDOWIND,B,,,,,INDOWIND ENERGY LTD.,9.24,9.24,8.82,9.01,9.00,8.95,,8.94,,,14048,126592.00,112,F1,1,,,,,
2026-09-18,2026-09-18,CM,BSE,STK,532895,INE245I01016,NAGREEKCAP,B,,,,,NAGREEKA CAPITAL & INFRASTRUCT,28.95,29.20,27.75,28.78,29.00,27.86,,28.40,,,2889,82958.00,59,F1,1,,,,,
2026-09-18,2026-09-18,CM,BSE,STK,532896,INE387I01016,MAGNUM,B,,,,,MAGNUM VENTURES LTD.,20.00,20.06,19.03,19.44,19.50,19.40,,19.20,,,50188,972686.00,78,F1,1,,,,,
2026-09-18,2026-09-18,CM,BSE,STK,532898,INE752E01010,POWERGRID,A,,,,,POWER GRID CORPORATION OF INDI,264.80,270.00,263.40,270.00,270.00,263.50,,270.30,,,162286,43198826.00,1916,F1,1,,,,,
2026-09-18,2026-09-18,CM,BSE,STK,532899,INE455I01029,KSCL,B,,,,,KAVERI SEED COMPANY LTD.,707.50,707.85,689.00,697.00,691.00,703.95,,696.38,,,5889,4127060.00,385,F1,1,,,,,
2026-09-18,2026-09-18,CM,BSE,STK,532900,INE420C01059,PAISALO,A,,,,,PAISALO DIGITAL LIMITED,90.10,91.00,88.72,89.48,89.24,88.84,,89.51,,,1229291,110174503.00,3477,F1,1,,,,,
2026-09-18,2026-09-18,CM,BSE,STK,532902,INE429I01024,CCCL,B,,,,,CONSOLIDATED CONSTRUCTION CONS,13.68,13.94,13.68,13.75,13.75,13.70,,13.76,,,16129,223346.00,53,F1,1,,,,,
2026-09-18,2026-09-18,CM,BSE,STK,532904,INE550H01011,SUPREMEINF,B,,,,,SUPREME INFRASTRUCTURE INDIA L,81.00,82.83,79.47,80.00,80.00,84.42,,79.88,,,4496,364543.00,46,F1,1,,,,,
2026-09-18,2026-09-18,CM,BSE,STK,532906,INE215I01027,MAANALU,B,,,,,MAAN ALUMINIUM LTD.,106.70,106.70,103.20,105.00,105.30,102.25,,104.77,,,5652,591137.00,95,F1,1,,,,,
2026-09-18,2026-09-18,CM,BSE,STK,532907,INE369I01014,IL&FSENGG,Z,,,,,IL&FS ENGINEERING AND CONSTRUC,38.89,40.42,37.91,40.41,40.42,38.50,,40.56,,,7,272.00,4,F1,1,,,,,
2026-09-18,2026-09-18,CM,BSE,STK,532911,INE272G01014,PARLEIND,XT,,,,,PARLE INDUSTRIES LIMITED,5.74,6.01,5.65,5.95,6.00,5.73,,5.95,,,233266,1358972.00,479,F1,1,,,,,
2026-09-18,2026-09-18,CM,BSE,STK,532915,INE621H01010,RELIGARE,A,,,,,RELIGARE ENTERPRISES LTD.,249.35,253.70,248.70,251.55,253.05,248.70,,252.92,,,15866,3993392.00,303,F1,1,,,,,
2026-09-18,2026-09-18,CM,BSE,STK,532916,INE139I01011,BVCL,B,,,,,BARAK VALLEY CEMENTS LTD.,40.37,41.74,40.37,41.70,41.70,40.87,,40.76,,,1272,51575.00,16,F1,1,,,,,
2026-09-18,2026-09-18,CM,BSE,STK,532918,INE575I01016,RATHIBAR,X,,,,,RATHI BARS LTD.,15.59,16.00,15.19,15.56,15.27,15.66,,15.56,,,2965,46045.00,40,F1,1,,,,,
2026-09-18,2026-09-18,CM,BSE,STK,532921,INE742F01042,ADANIPORTS,A,,,,,ADANI PORTS AND SPECIAL ECONOM,1749.75,1801.00,1744.30,1801.00,1801.00,1736.40,,1823.75,,,104576,185456832.00,7867,F1,1,,,,,
2026-09-18,2026-09-18,CM,BSE,STK,532922,INE532F01054,EDELWEISS,A,,,,,EDELWEISS FINANCIAL SERVICES L,129.00,137.00,129.00,136.35,136.35,128.15,,136.25,,,410359,54889253.00,2711,F1,1,,,,,
2026-09-18,2026-09-18,CM,BSE,STK,532923,INE722H01024,RGL,B,,,,,RENAISSANCE GLOBAL LIMITED,155.65,157.10,152.45,153.85,153.85,156.80,,153.40,,,11531,1791871.00,226,F1,1,,,,,
2026-09-18,2026-09-18,CM,BSE,STK,532924,INE094I01018,KOLTEPATIL,B,,,,,KOLTE-PATIL DEVELOPERS LTD.,433.00,437.35,424.20,429.25,430.45,434.90,,431.65,,,3259,1402056.00,168,F1,1,,,,,
2026-09-18,2026-09-18,CM,BSE,STK,532926,INE668F01031,JYOTHYLAB,A,,,,,JYOTHY LABS LIMITED,193.80,196.75,192.80,195.05,195.20,193.80,,195.07,,,28434,5538725.00,731,F1,1,,,,,
2026-09-18,2026-09-18,CM,BSE,STK,532927,INE738I01010,ECLERX,A,,,,,ECLERX SERVICES LTD.,1921.50,1940.00,1897.95,1916.80,1918.25,1924.55,,1915.64,,,12106,23182396.00,1204,F1,1,,,,,
2026-09-18,2026-09-18,CM,BSE,STK,532928,INE763I01026,TARIL,A,,,,,TRANSFORMERS AND RECTIFIERS (I,277.20,285.10,277.20,280.30,278.85,276.15,,279.87,,,75691,21327955.00,2016,F1,1,,,,,
2026-09-18,2026-09-18,CM,BSE,STK,532929,INE791I01019,BRIGADE,A,,,,,BRIGADE ENTERPRISES LTD.,621.00,629.00,617.00,621.35,618.05,621.95,,621.70,,,16150,10044338.00,817,F1,1,,,,,
2026-09-18,2026-09-18,CM,BSE,STK,532930,INE661I01014,BGRENERGY,T,,,,,BGR ENERGY SYSTEMS LTD.,252.90,254.45,252.90,254.45,254.45,242.35,,255.62,,,2095,530385.00,20,F1,1,,,,,
2026-09-18,2026-09-18,CM,BSE,STK,532931,INE817H01022,BURNPUR,T,,,,,BURNPUR CEMENT LTD.,18.37,18.37,17.00,17.94,17.85,17.50,,17.86,,,25371,447262.00,134,F1,1,,,,,
2026-09-18,2026-09-18,CM,BSE,STK,532932,INE015D01022,MANAKSIA,B,,,,,MANAKSIA LTD.,65.00,65.91,63.24,64.25,63.24,64.24,,64.26,,,4815,314598.00,88,F1,1,,,,,
2026-09-18,2026-09-18,CM,BSE,STK,532933,INE386I01018,PORWAL,X,,,,,PORWAL AUTO COMPONENTS LTD.,50.58,51.44,49.50,49.50,49.50,50.50,,49.50,,,4377,218458.00,59,F1,1,,,,,
2026-09-18,2026-09-18,CM,BSE,STK,532934,INE095I01015,PPAP,T,,,,,PPAP,239.00,242.90,235.00,242.90,242.90,239.00,,240.64,,,595,142600.00,23,F1,1,,,,,
2026-09-18,2026-09-18,CM,BSE,STK,532935,INE298I01015,ARIES,T,,,,,ARIES AGRO LTD.,479.95,485.00,466.65,471.00,471.00,480.05,,472.04,,,877,420183.00,20,F1,1,,,,,
2026-09-18,2026-09-18,CM,BSE,STK,532937,INE529I01021,KUANTUM,B,,,,,KUANTUM PAPERS LTD.,76.82,79.55,76.00,79.00,79.00,75.51,,78.77,,,3110,240620.00,286,F1,1,,,,,
2026-09-18,2026-09-18,CM,BSE,STK,532939,INE614G01033,RPOWER,A,,,,,RELIANCE POWER LTD.,21.02,21.33,20.90,21.15,21.15,21.06,,21.13,,,2516121,53178051.00,4983,F1,1,,,,,
2026-09-18,2026-09-18,CM,BSE,STK,532940,INE576I01022,JKIL,B,,,,,J.KUMAR INFRAPROJECTS LTD.,478.10,489.45,475.70,487.45,485.75,475.95,,486.56,,,2511,1213741.00,216,F1,1,,,,,
2026-09-18,2026-09-18,CM,BSE,STK,532941,INE792I01017,CORDSCABLE,B,,,,,CORDS CABLE INDUSTRIES LTD.,367.35,381.30,356.50,363.95,362.95,353.95,,364.15,,,18440,6848569.00,417,F1,1,,,,,
2026-09-18,2026-09-18,CM,BSE,STK,532942,INE634I01029,KNRCON,A,,,,,KNR CONSTRUCTIONS LTD.,121.10,125.65,121.10,124.75,124.40,120.90,,124.80,,,311986,38248555.00,1663,F1,1,,,,,
2026-09-18,2026-09-18,CM,BSE,STK,532944,INE809I01019,ONMOBILE,T,,,,,ONMOBILE,49.65,52.20,49.10,49.18,49.50,51.68,,48.83,,,14709,728308.00,183,F1,1,,,,,
2026-09-18,2026-09-18,CM,BSE,STK,532945,INE964H01014,SEPC,B,,,,,SEPC LIMITED,5.22,5.29,5.09,5.23,5.24,5.22,,5.23,,,708201,3662247.00,699,F1,1,,,,,
2026-09-18,2026-09-18,CM,BSE,STK,532946,INE863I01016,BANG,B,,,,,BANG OVERSEAS LTD.,34.90,34.90,33.07,33.27,33.24,33.04,,33.48,,,466,15525.00,11,F1,1,,,,,
2026-09-18,2026-09-18,CM,BSE,STK,532947,INE821I01022,IRB,A,,,,,IRB INFRASTRUCTURE DEVELOPERS,18.95,18.95,18.39,18.54,18.54,18.86,,18.48,,,1267490,23696819.00,4838,F1,1,,,,,
2026-09-18,2026-09-18,CM,BSE,STK,532951,INE871H01011,GSS,B,,,,,GSS INFOTECH LTD.,10.29,10.59,9.81,10.44,10.44,10.01,,10.37,,,2830,29335.00,87,F1,1,,,,,
2026-09-18,2026-09-18,CM,BSE,STK,532952,INE049I01012,NAHARCAP,B,,,,,NAHAR CAPITAL & FINANCIAL SERV,252.90,252.95,252.90,252.95,252.95,249.00,,247.50,,,35,8852.00,3,F1,1,,,,,
2026-09-18,2026-09-18,CM,BSE,STK,532953,INE951I01027,VGUARD,A,,,,,V-GUARD INDUSTRIES LTD.,330.50,337.00,323.40,325.15,323.95,330.45,,325.39,,,34819,11477767.00,814,F1,1,,,,,
2026-09-18,2026-09-18,CM,BSE,STK,532955,INE020B01018,RECLTD,A,,,,,REC LIMITED,310.45,313.65,309.30,311.40,311.40,311.50,,312.00,,,161827,50354395.00,3427,F1,1,,,,,
2026-09-18,2026-09-18,CM,BSE,STK,532957,INE642I01014,GOKAKTEX,X,,,,,GOKAK TEXTILES LTD.,68.60,72.28,68.60,72.28,72.28,65.71,,72.28,,,14308,1026308.00,149,F1,1,,,,,
2026-09-18,2026-09-18,CM,BSE,STK,532966,INE615H01020,TITAGARH,A,,,,,TITAGARH RAIL SYSTEMS LIMITED,827.20,849.00,827.20,837.90,840.00,827.20,,837.66,,,45120,37876632.00,2114,F1,1,,,,,
2026-09-18,2026-09-18,CM,BSE,STK,532967,INE415I01015,KIRIINDUS,A,,,,,KIRI INDUSTRIES LTD.,539.35,541.80,528.50,531.70,529.00,535.30,,531.75,,,9315,4971770.00,540,F1,1,,,,,
2026-09-18,2026-09-18,CM,BSE,STK,532974,INE865C01022,BIRLAMONEY,B,,,,,ADITYA BIRLA MONEY LTD.,120.00,121.55,118.20,120.65,120.00,120.40,,120.49,,,1261,150827.00,69,F1,1,,,,,
2026-09-18,2026-09-18,CM,BSE,STK,532975,INE778I01024,TELOGICA,XT,,,,,TELOGICA LIMITED,8.55,8.78,8.55,8.78,8.78,8.37,,8.78,,,53726,468383.00,43,F1,1,,,,,
2026-09-18,2026-09-18,CM,BSE,STK,532976,INE091G01026,JAIBALAJI,A,,,,,JAI BALAJI INDUSTRIES LTD.,63.41,65.23,63.03,64.32,64.67,63.79,,64.46,,,53357,3429722.00,425,F1,1,,,,,
2026-09-18,2026-09-18,CM,BSE,STK,532977,INE917I01010,BAJAJ-AUTO,A,,,,,BAJAJ AUTO LTD.,11512.60,11530.30,11400.05,11499.85,11499.85,11524.00,,11414.05,,,12262,140933526.00,579,F1,1,,,,,
2026-09-18,2026-09-18,CM,BSE,STK,532978,INE918I01026,BAJAJFINSV,A,,,,,BAJAJ FINSERV LTD.,1859.10,1870.00,1843.25,1849.85,1849.85,1862.40,,1852.49,,,361756,673934003.00,1371,F1,1,,,,,
2026-09-18,2026-09-18,CM,BSE,STK,532980,INE020J01029,GOKUL,B,,,,,GOKUL REFOILS & SOLVENT LTD.,39.80,40.18,39.76,39.81,39.81,39.51,,40.43,,,17870,713004.00,85,F1,1,,,,,
2026-09-18,2026-09-18,CM,BSE,STK,532983,INE105J01010,RPGLIFE,B,,,,,RPG LIFE SCIENCES LTD.,2815.15,2863.45,2750.00,2805.60,2798.00,2826.10,,2802.44,,,817,2301305.00,200,F1,1,,,,,
2026-09-18,2026-09-18,CM,BSE,STK,532985,INF174KA1JD7,SENSEX1,B,,,,,KOTAK MAHINDRA MUTUAL FUND,79.97,82.38,79.97,81.81,81.81,81.60,,81.81,,,14646,1184158.00,91,F1,1,,,,,
2026-09-18,2026-09-18,CM,BSE,STK,532986,INE368I01016,NIRAJ,B,,,,,NIRAJ CEMENT STRUCTURALS LTD.,27.46,28.79,26.85,27.78,28.10,28.80,,27.75,,,2188,59601.00,24,F1,1,,,,,
2026-09-18,2026-09-18,CM,BSE,STK,532989,INE878I01022,BAFNAPH,T,,,,,BAFNA PHARMACEUTICALS LTD.,322.50,322.50,322.50,322.50,322.50,316.20,,322.50,,,805,259612.00,17,F1,1,,,,,
2026-09-18,2026-09-18,CM,BSE,STK,532992,INE790D01020,CHLLTD,X,,,,,CHL LTD.,30.90,30.90,27.11,27.46,27.11,26.58,,27.46,,,1206,34608.00,21,F1,1,,,,,
2026-09-18,2026-09-18,CM,BSE,STK,532993,INE955I01044,SEJALLTD,B,,,,,SEJAL GLASS LIMITED,694.35,718.85,680.20,718.15,718.25,684.65,,714.75,,,10133,7230723.00,248,F1,1,,,,,
2026-09-18,2026-09-18,CM,BSE,STK,532994,INE877I01016,ARCHIDPLY,B,,,,,ARCHIDPLY INDUSTRIES LTD.,104.15,105.05,102.25,104.85,104.95,99.85,,104.80,,,285,29635.00,45,F1,1,,,,,
2026-09-18,2026-09-18,CM,BSE,STK,533001,INE323J01019,SOMICONVEY,B,,,,,SOMI CONVEYOR BELTINGS LTD.,95.01,96.71,94.30,94.30,94.30,94.99,,94.25,,,3227,309125.00,168,F1,1,,,,,
2026-09-18,2026-09-18,CM,BSE,STK,533006,INE655I01032,BIRLACOT,XT,,,,,BIRLA COTSYN (INDIA) LTD.,14.23,14.94,14.10,14.94,14.94,14.23,,14.94,,,49482,732430.00,206,F1,1,,,,,
2026-09-18,2026-09-18,CM,BSE,STK,533007,INE201J01017,LGBFORGE,XT,,,,,LGB FORGE LTD.,5.35,5.38,5.10,5.24,5.24,5.27,,5.24,,,90690,472631.00,183,F1,1,,,,,
2026-09-18,2026-09-18,CM,BSE,STK,533012,INE197J01017,LPDC,B,,,,,LANDMARK PROPERTY DEVELOPMENT,6.33,7.20,6.06,7.07,7.07,6.33,,7.07,,,91164,629623.00,172,F1,1,,,,,
2026-09-18,2026-09-18,CM,BSE,STK,533014,INE176J01011,SICAGEN,B,,,,,SICAGEN INDIA LTD.,53.50,53.50,51.51,52.25,53.50,52.47,,52.74,,,415,21725.00,20,F1,1,,,,,
2026-09-18,2026-09-18,CM,BSE,STK,533019,INE456H01029,SIMPLXPAP,X,,,,,SIMPLEX PAPERS LTD.,1324.00,1325.00,1324.00,1325.00,1325.00,1263.50,,1325.00,,,2,2649.00,2,F1,1,,,,,
2026-09-18,2026-09-18,CM,BSE,STK,533022,INE144J01027,20MICRONS,B,,,,,20 MICRONS LTD.,206.10,209.00,205.00,208.20,208.00,206.15,,208.26,,,6381,1324113.00,227,F1,1,,,,,
2026-09-18,2026-09-18,CM,BSE,STK,533023,INE342J01019,ZFCVINDIA,A,,,,,ZF Commercial Vehicle Control,2449.90,2449.95,2362.00,2390.45,2390.45,2449.80,,2387.08,,,9964,23971332.00,1564,F1,1,,,,,
2026-09-18,2026-09-18,CM,BSE,STK,533029,INE773I01017,ALKALI,B,,,,,ALKALI METALS LTD.,72.86,86.68,70.51,86.68,86.68,72.24,,87.66,,,12502,1039622.00,432,F1,1,,,,,
2026-09-18,2026-09-18,CM,BSE,STK,533033,INE858B01029,ISGEC,B,,,,,ISGEC HEAVY ENGINEERING LTD.,774.00,788.70,768.40,784.85,784.95,769.85,,786.20,,,6074,4725015.00,426,F1,1,,,,,
2026-09-18,2026-09-18,CM,BSE,STK,533047,INE919H01018,IMFA,A,,,,,INDIAN METALS & FERRO ALLOYS L,1269.00,1283.50,1246.30,1250.70,1250.00,1273.05,,1252.18,,,2565,3244681.00,257,F1,1,,,,,
2026-09-18,2026-09-18,CM,BSE,STK,533048,INE065J01024,TPHQ,T,,,,,Teamo Productions HQ Limited,0.56,0.56,0.54,0.56,0.56,0.55,,0.55,,,144981,79992.00,113,F1,1,,,,,
2026-09-18,2026-09-18,CM,BSE,STK,533056,INE359B01010,VEDAVAAG,B,,,,,VEDAVAAG SYSTEMS LTD.,21.90,23.26,20.11,22.31,21.85,20.95,,22.24,,,14219,314954.00,288,F1,1,,,,,
2026-09-18,2026-09-18,CM,BSE,STK,533080,INE893J01029,MOLDTKPAC,B,,,,,MOLD-TEK PACKAGING LIMITED,662.00,666.60,655.10,657.80,657.85,663.60,,658.22,,,5790,3813528.00,422,F1,1,,,,,
2026-09-18,2026-09-18,CM,BSE,STK,533088,INE998I01010,MHRIL,B,,,,,MAHINDRA HOLIDAYS & RESORTS IN,195.00,201.25,195.00,198.85,198.65,196.10,,199.25,,,15586,3082048.00,453,F1,1,,,,,
2026-09-18,2026-09-18,CM,BSE,STK,533090,INE688J01023,LANDSMILL,B,,,,,Landsmill Green Limited,0.56,0.57,0.55,0.56,0.56,0.57,,0.56,,,582665,326743.00,205,F1,1,,,,,
2026-09-18,2026-09-18,CM,BSE,STK,533093,INE294G01026,ROML,B,,,,,RAJ OIL MILLS LTD.,41.90,41.90,41.05,41.05,41.05,42.60,,41.35,,,150,6208.00,5,F1,1,,,,,
2026-09-18,2026-09-18,CM,BSE,STK,533095,INE083K01017,BENGALASM,B,,,,,BENGAL & ASSAM COMPANY LTD.,6198.50,6285.00,6198.50,6264.15,6279.90,6261.10,,6219.92,,,23,143405.00,17,F1,1,,,,,
2026-09-18,2026-09-18,CM,BSE,STK,533096,INE814H01029,ADANIPOWER,A,,,,,ADANI POWER LTD.,206.30,209.60,205.75,209.00,209.00,205.00,,206.61,,,738687,153401210.00,4942,F1,1,,,,,
2026-09-18,2026-09-18,CM,BSE,STK,533098,INE848E01016,NHPC,A,,,,,NHPC LTD.,75.13,76.50,75.13,76.50,76.50,75.07,,76.95,,,1036911,78262723.00,1687,F1,1,,,,,
2026-09-18,2026-09-18,CM,BSE,STK,533100,INE429K01012,PEIL,X,,,,,PREMIER ENERGY AND INFRASTRUCT,7.60,7.60,6.86,7.37,7.36,7.58,,7.37,,,3010,21684.00,22,F1,1,,,,,
2026-09-18,2026-09-18,CM,BSE,STK,533101,INE360J01011,SURYAAMBA,X,,,,,SURYAAMBA SPINNING MILLS LTD.,112.80,114.10,112.75,114.05,114.05,116.80,,114.05,,,1071,122077.00,16,F1,1,,,,,
2026-09-18,2026-09-18,CM,BSE,STK,533104,INE615I01010,GLOBUSSPR,B,,,,,GLOBUS SPIRITS LTD.,834.40,834.40,815.90,818.75,818.75,830.90,,819.69,,,4956,4078115.00,386,F1,1,,,,,
2026-09-18,2026-09-18,CM,BSE,STK,533106,INE274J01014,OIL,A,,,,,OIL INDIA LTD.,479.55,492.20,472.00,492.20,492.20,477.00,,476.05,,,66174,31740077.00,1764,F1,1,,,,,
2026-09-18,2026-09-18,CM,BSE,STK,533107,INE542F01020,SWANDEF,T,,,,,SWAN DEFENCE AND HEAVY INDUSTR,2745.00,2757.00,2660.00,2727.40,2755.00,2709.80,,2746.24,,,1039,2809206.00,137,F1,1,,,,,
2026-09-18,2026-09-18,CM,BSE,STK,533108,INE274K01012,BTTL,T,,,,,BHILWARA TECHNICAL TEXTILES LT,41.50,41.50,40.70,40.70,40.70,40.70,,39.64,,,101,4190.00,2,F1,1,,,,,
2026-09-18,2026-09-18,CM,BSE,STK,533110,INE318K01025,SPSL,X,,,,,SHREE PRECOATED STEELS LTD.,12.21,12.21,11.67,11.67,11.67,12.21,,11.67,,,34,414.00,4,F1,1,,,,,
2026-09-18,2026-09-18,CM,BSE,STK,533121,INE201K01015,EXPLEOSOL,B,,,,,EXPLEO SOLUTIONS LIMITED,895.05,897.90,877.65,880.90,890.75,897.45,,881.91,,,1183,1052384.00,133,F1,1,,,,,
2026-09-18,2026-09-18,CM,BSE,STK,533122,INE399K01017,RTNPOWER,A,,,,,RATTANINDIA POWER LTD.,7.06,7.19,7.01,7.15,7.15,7.07,,7.14,,,1448431,10266334.00,9433,F1,1,,,,,
2026-09-18,2026-09-18,CM,BSE,STK,533137,INE947J01015,DEN,B,,,,,DEN NETWORKS LTD,26.44,26.78,26.41,26.69,26.78,26.44,,26.62,,,8451,224921.00,109,F1,1,,,,,
2026-09-18,2026-09-18,CM,BSE,STK,533138,INE563J01010,ASTEC,B,,,,,ASTEC LIFESCIENCES LIMITED,755.15,771.05,718.00,727.50,732.00,756.90,,726.73,,,5535,4062515.00,402,F1,1,,,,,
2026-09-18,2026-09-18,CM,BSE,STK,533146,INE250K01012,DLINKINDIA,B,,,,,D-LINK (INDIA) LTD,427.15,432.15,425.40,430.05,431.00,422.90,,430.05,,,1580,676681.00,119,F1,1,,,,,
2026-09-18,2026-09-18,CM,BSE,STK,533148,INE121E01018,JSWENERGY,A,,,,,JSW ENERGY LTD,511.05,517.80,509.05,517.80,517.80,511.00,,526.00,,,36202,18604983.00,903,F1,1,,,,,
2026-09-18,2026-09-18,CM,BSE,STK,533149,INE143K01019,YUNIKM,X,,,,,Yunik Managing Advisors Limite,6.10,6.10,5.40,5.75,5.75,5.70,,5.75,,,347,2013.00,12,F1,1,,,,,
2026-09-18,2026-09-18,CM,BSE,STK,533150,INE484J01027,GODREJPROP,A,,,,,GODREJ PROPERTIES LTD,1689.40,1720.00,1680.05,1701.00,1701.00,1680.00,,1691.10,,,16936,28861845.00,1841,F1,1,,,,,
2026-09-18,2026-09-18,CM,BSE,STK,533151,INE950I01011,DBCORP,B,,,,,D B CORP LTD,188.10,188.50,183.45,183.80,183.80,187.55,,184.05,,,2374,439248.00,285,F1,1,,,,,
2026-09-18,2026-09-18,CM,BSE,STK,533152,INE912H01013,MBLINFRA,B,,,,,MBL Infrastructure Ltd,21.71,22.60,21.71,22.47,22.47,22.41,,22.29,,,1416,30891.00,15,F1,1,,,,,
2026-09-18,2026-09-18,CM,BSE,STK,533155,INE797F01020,JUBLFOOD,A,,,,,JUBILANT FOODWORKS LTD,482.10,502.00,480.95,498.00,498.00,481.75,,500.00,,,87607,43294925.00,3145,F1,1,,,,,
2026-09-18,2026-09-18,CM,BSE,STK,533156,INE893I01013,VASCONEQ,B,,,,,VASCON ENGINEERS LTD,30.54,30.94,29.31,30.25,30.10,30.51,,30.34,,,56037,1693573.00,389,F1,1,,,,,
2026-09-18,2026-09-18,CM,BSE,STK,533158,INE085J01014,THANGAMAYL,A,,,,,THANGAMAYIL JEWELLERY LTD,4849.40,5047.75,4807.40,5014.90,5047.00,4807.40,,5044.16,,,8652,43366706.00,1271,F1,1,,,,,
2026-09-18,2026-09-18,CM,BSE,STK,533160,INE879I01012,DBREALTY,A,,,,,VALOR ESTATE LIMITED,95.30,97.05,94.05,95.55,96.25,95.00,,95.68,,,41179,3921094.00,591,F1,1,,,,,
2026-09-18,2026-09-18,CM,BSE,STK,533161,INE753K01015,EMMBI,T,,,,,EMMBI INDUSTRIES LTD,90.00,90.99,86.70,90.75,90.75,91.00,,89.01,,,194,16894.00,9,F1,1,,,,,
2026-09-18,2026-09-18,CM,BSE,STK,533162,INE982F01036,HATHWAY,B,,,,,HATHWAY CABLE & DATACOM LTD,10.00,10.13,9.90,9.99,10.00,10.02,,9.98,,,243305,2434741.00,338,F1,1,,,,,
2026-09-18,2026-09-18,CM,BSE,STK,533164,INE141K01013,TEXMOPIPES,B,,,,,TEXMO PIPES & PRODUCTS LTD.,62.50,64.35,61.07,61.49,61.49,62.38,,61.49,,,44408,2785240.00,470,F1,1,,,,,
2026-09-18,2026-09-18,CM,BSE,STK,533166,INE108E01023,SUNDARAM,B,,,,,SUNDARAM MULTI PAP LTD.,1.19,1.21,1.16,1.17,1.17,1.19,,1.16,,,156508,183413.00,90,F1,1,,,,,
2026-09-18,2026-09-18,CM,BSE,STK,533167,INE312J01012,COROENGG,X,,,,,COROMANDEL ENGINEERING COMPANY,49.50,51.55,49.00,49.00,49.00,49.05,,49.00,,,15944,794727.00,75,F1,1,,,,,
2026-09-18,2026-09-18,CM,BSE,STK,533168,INE847C01020,ROSSELLIND,B,,,,,ROSSELL INDIA LTD.,52.35,55.37,51.30,52.67,52.48,54.54,,52.64,,,8817,462070.00,504,F1,1,,,,,
2026-09-18,2026-09-18,CM,BSE,STK,533169,INE949H01023,MANINFRA,B,,,,,MAN INFRACONSTRUCTION LTD.,125.75,127.65,124.75,125.30,125.70,125.95,,125.61,,,95646,12040687.00,528,F1,1,,,,,
2026-09-18,2026-09-18,CM,BSE,STK,533170,INE864J01012,TAMBOLIIN,T,,,,,TAMBOLI INDUSTRIES LIMITED,307.00,307.00,294.00,304.95,304.95,294.00,,301.45,,,862,257904.00,23,F1,1,,,,,
2026-09-18,2026-09-18,CM,BSE,STK,533172,INF205KA1BP1,IVZINGOLD,E,,,,,INVESCO India Gold Exchange Tr,132.85,133.95,132.85,133.95,133.95,131.20,,133.75,,,30,4011.00,4,F1,1,,,,,
2026-09-18,2026-09-18,CM,BSE,STK,533177,INE975G01012,IL&FSTRANS,Z,,,,,IL&FS TRANSPORTATION NETWORKS,1.88,1.96,1.85,1.91,1.94,1.92,,1.91,,,11782,22624.00,28,F1,1,,,,,
2026-09-18,2026-09-18,CM,BSE,STK,533179,INE262H01021,PERSISTENT,A,,,,,PERSISTENT SYSTEMS LTD.,5480.00,5488.15,5388.70,5433.00,5433.00,5480.00,,5416.01,,,35569,192455909.00,3669,F1,1,,,,,
2026-09-18,2026-09-18,CM,BSE,STK,533181,INE566K01011,ISFT,B,,,,,INTRASOFT TECHNOLOGIES LTD.,98.20,99.00,88.70,95.06,94.95,90.79,,95.15,,,45043,4255090.00,1106,F1,1,,,,,
2026-09-18,2026-09-18,CM,BSE,STK,533192,INE790B01024,KCPSUGIND,T,,,,,KCP SUGAR & INDUSTRIES CORPORA,29.39,30.48,28.31,29.06,29.62,29.28,,29.28,,,10111,296039.00,70,F1,1,,,,,
2026-09-18,2026-09-18,CM,BSE,STK,533193,INE134B01017,KECL,B,,,,,KIRLOSKAR ELECTRIC COMPANY LTD,120.60,123.45,119.90,122.85,122.30,119.40,,122.78,,,8348,1015951.00,158,F1,1,,,,,
2026-09-18,2026-09-18,CM,BSE,STK,533202,INE639K01016,SATCH,X,,,,,SATCHMO HOLDINGS LIMITED,3.67,3.72,3.56,3.70,3.71,3.63,,3.70,,,23077,84534.00,77,F1,1,,,,,
2026-09-18,2026-09-18,CM,BSE,STK,533203,INE747K01017,TARAPUR,B,,,,,TARAPUR TRANSFORMERS LTD,12.69,12.94,12.32,12.55,12.55,12.38,,12.55,,,1322,16573.00,84,F1,1,,,,,
2026-09-18,2026-09-18,CM,BSE,STK,533206,INE002L01015,SJVN,A,,,,,SJVN LTD,64.76,65.14,63.75,64.08,64.08,64.80,,63.95,,,262537,16920468.00,3448,F1,1,,,,,
2026-09-18,2026-09-18,CM,BSE,STK,533208,INE830C01026,EMAMIPAP,T,,,,,EMAMI PAPER MILLS LTD.,112.00,117.10,111.00,116.80,117.10,112.00,,116.71,,,4766,541259.00,39,F1,1,,,,,
2026-09-18,2026-09-18,CM,BSE,STK,533210,INE798K01010,KRITINUT,B,,,,,KRITI NUTRIENTS LTD,82.11,83.00,80.51,81.10,81.10,80.50,,81.34,,,1145,92866.00,39,F1,1,,,,,
2026-09-18,2026-09-18,CM,BSE,STK,533212,INE265D01015,GKB,B,,,,,GKB OPHTHALMICS LTD.,62.50,62.50,62.50,62.50,62.50,62.50,,67.44,,,1,62.00,1,F1,1,,,,,
2026-09-18,2026-09-18,CM,BSE,STK,533217,INE871K01015,HMVL,T,,,,,HINDUSTAN MEDIA VENTURES LTD.,75.16,80.20,73.21,80.20,80.20,77.06,,81.09,,,20827,1529585.00,69,F1,1,,,,,
2026-09-18,2026-09-18,CM,BSE,STK,533218,INE778K01012,EMAMIREAL,B,,,,,EMAMI REALTY LIMITED,66.14,68.34,66.14,68.25,67.00,66.66,,67.28,,,249,16581.00,52,F1,1,,,,,
2026-09-18,2026-09-18,CM,BSE,STK,533229,INE933K01021,BAJAJCON,A,,,,,BAJAJ CONSUMER CARE LIMITED,504.60,525.00,498.00,512.65,512.55,502.40,,512.16,,,32903,16979900.00,1014,F1,1,,,,,
2026-09-18,2026-09-18,CM,BSE,STK,533230,INF179KC1981,HDFCGOLD,E,,,,,HDFC MUTUAL FUND - HDFC GOLD E,129.16,131.03,129.16,130.55,130.58,128.63,,130.64,,,165845,21650052.00,809,F1,1,,,,,
2026-09-18,2026-09-18,CM,BSE,STK,533239,INE696K01024,PRAKASHSTL,B,,,,,PRAKASH STEELAGE LTD.,3.74,3.87,3.68,3.69,3.72,3.76,,3.66,,,18526,69236.00,71,F1,1,,,,,
2026-09-18,2026-09-18,CM,BSE,STK,533244,INF109KC1NT3,GOLDIETF,E,,,,,ICICI Prudential Gold ETF,129.30,132.35,129.30,131.28,131.28,128.95,,131.16,,,284922,37348678.00,2056,F1,1,,,,,
2026-09-18,2026-09-18,CM,BSE,STK,533248,INE517F01014,GPPL,A,,,,,GUJARAT PIPAVAV PORT LTD.,162.70,163.00,158.40,160.60,160.60,162.85,,160.36,,,136245,21745965.00,1796,F1,1,,,,,
2026-09-18,2026-09-18,CM,BSE,STK,533252,INE389K01018,WELINV,T,,,,,WELSPUN INVESTMENTS AND COMMER,2200.00,2200.00,2200.00,2200.00,2200.00,2204.20,,2260.00,,,2,4400.00,2,F1,1,,,,,
2026-09-18,2026-09-18,CM,BSE,STK,533257,INE866K01023,WAAREEINDO,B,,,,,INDOSOLAR LTD.,264.65,271.10,254.10,269.10,267.00,258.20,,268.06,,,27872,7477833.00,739,F1,1,,,,,
2026-09-18,2026-09-18,CM,BSE,STK,533259,INE019J01013,HEALTHX,B,,,,,HEALTH X PLATFORM LIMITED,302.45,302.45,290.80,293.35,291.30,320.00,,299.20,,,106,31116.00,54,F1,1,,,,,
2026-09-18,2026-09-18,CM,BSE,STK,533260,INE521J01018,CPCAP,B,,,,,CP CAPITAL LIMITED,141.40,152.10,141.40,145.70,145.80,140.70,,145.22,,,9102,1334219.00,245,F1,1,,,,,
2026-09-18,2026-09-18,CM,BSE,STK,533262,INE874I01013,RAMKY,B,,,,,RAMKY INFRASTRUCTURE LTD.,320.00,323.50,316.70,318.75,316.70,321.95,,319.30,,,3424,1093277.00,108,F1,1,,,,,
2026-09-18,2026-09-18,CM,BSE,STK,533263,INE999K01014,GREENPOWER,B,,,,,ORIENT GREEN POWER COMPANY LTD,9.40,9.40,9.01,9.06,9.06,9.06,,9.05,,,538561,4910687.00,787,F1,1,,,,,
2026-09-18,2026-09-18,CM,BSE,STK,533267,INE068L01024,CANTABIL,B,,,,,CANTABIL RETAIL INDIA LTD.,241.60,245.25,241.55,243.00,242.10,243.30,,242.63,,,2420,589538.00,70,F1,1,,,,,
2026-09-18,2026-09-18,CM,BSE,STK,533268,INE351L01016,SEATV,X,,,,,SEA TV NETWORK LTD.,3.00,3.00,3.00,3.00,3.00,3.00,,3.00,,,1,3.00,1,F1,1,,,,,
2026-09-18,2026-09-18,CM,BSE,STK,533269,INE956G01038,WABAG,A,,,,,VA TECH WABAG LTD.,2088.10,2149.00,2068.00,2127.65,2127.65,2072.65,,2132.48,,,18211,38426731.00,1036,F1,1,,,,,
2026-09-18,2026-09-18,CM,BSE,STK,533270,INE844K01012,BEDMUTHA,B,,,,,BEDMUTHA INDUSTRIES LTD.,104.00,104.50,104.00,104.50,104.50,99.50,,104.72,,,10,1042.00,2,F1,1,,,,,
2026-09-18,2026-09-18,CM,BSE,STK,533271,INE442H01029,ASHOKA,A,,,,,ASHOKA BUILDCON LTD.,108.00,114.60,107.95,112.90,114.50,108.85,,113.40,,,71244,7913296.00,692,F1,1,,,,,
2026-09-18,2026-09-18,CM,BSE,STK,533272,INE209L01016,JWL,A,,,,,JUPITER WAGONS LIMITED,233.15,233.70,228.50,229.95,229.95,231.20,,230.12,,,53968,12441109.00,1455,F1,1,,,,,
2026-09-18,2026-09-18,CM,BSE,STK,533273,INE093I01010,OBEROIRLTY,A,,,,,OBEROI REALTY LTD.,1737.70,1778.00,1564.95,1778.00,1778.00,1738.80,,1784.98,,,9959,17425059.00,1109,F1,1,,,,,
2026-09-18,2026-09-18,CM,BSE,STK,533274,INE811K01011,PRESTIGE,A,,,,,PRESTIGE ESTATES PROJECTS LTD.,1450.35,1471.50,1440.05,1458.00,1458.00,1444.95,,1435.11,,,9371,13688771.00,974,F1,1,,,,,
2026-09-18,2026-09-18,CM,BSE,STK,533275,INE482J01021,SHAH,B,,,,,SHAH METACORP LIMITED,3.32,3.34,3.26,3.29,3.29,3.30,,3.28,,,78366,257585.00,106,F1,1,,,,,
2026-09-18,2026-09-18,CM,BSE,STK,533278,INE522F01014,COALINDIA,A,,,,,COAL INDIA LTD.,418.95,419.95,409.85,411.85,411.85,417.90,,409.91,,,1292839,531102072.00,4924,F1,1,,,,,
2026-09-18,2026-09-18,CM,BSE,STK,533282,INE024L01027,GRAVITA,A,,,,,GRAVITA INDIA LTD.,1621.95,1636.00,1585.70,1598.45,1605.00,1610.90,,1598.40,,,12866,20611511.00,2894,F1,1,,,,,
2026-09-18,2026-09-18,CM,BSE,STK,533284,INE324L01013,RPPINFRA,B,,,,,RPP INFRA PROJECTS LTD.,54.75,55.00,53.47,53.72,53.75,54.66,,53.81,,,2415,129913.00,88,F1,1,,,,,
2026-09-18,2026-09-18,CM,BSE,STK,533285,INE245L01028,RDBIPL,B,,,,,RDB INFRASTRUCTURE AND POWER L,16.47,17.16,15.54,15.97,16.78,16.35,,15.97,,,281412,4574795.00,593,F1,1,,,,,
2026-09-18,2026-09-18,CM,BSE,STK,533286,INE490G01020,MOIL,A,,,,,MOIL LTD.,244.35,245.10,241.00,243.95,243.80,243.05,,243.88,,,14510,3532897.00,469,F1,1,,,,,
2026-09-18,2026-09-18,CM,BSE,STK,533287,INE565L01011,ZEELEARN,B,,,,,ZEE LEARN LTD.,7.35,7.35,6.60,6.87,6.81,6.82,,6.87,,,172731,1168466.00,411,F1,1,,,,,
2026-09-18,2026-09-18,CM,BSE,STK,533289,INE096L01025,KTIL,X,,,,,KESAR TERMINALS & INFRASTRUCTU,58.00,61.49,58.00,60.91,60.90,58.85,,60.91,,,203,11959.00,14,F1,1,,,,,
2026-09-18,2026-09-18,CM,BSE,STK,533292,INE619I01012,A2ZINFRA,B,,,,,A2Z INFRA ENGINEERING LIMITED,15.07,15.11,14.90,15.11,15.11,15.00,,14.89,,,53,790.00,4,F1,1,,,,,
2026-09-18,2026-09-18,CM,BSE,STK,533293,INE146L01010,KIRLOSENG,A,,,,,KIRLOSKAR OIL ENGINES LTD.,2102.70,2169.05,2102.70,2160.00,2163.85,2118.80,,2160.10,,,13022,27961985.00,1349,F1,1,,,,,
2026-09-18,2026-09-18,CM,BSE,STK,533294,INE722J01012,RKDL,B,,,,,RAVI KUMAR DISTILLERIES LTD.,18.70,18.70,18.00,18.20,18.70,18.88,,18.39,,,418,7640.00,13,F1,1,,,,,
2026-09-18,2026-09-18,CM,BSE,STK,533295,INE608A01012,PSB,B,,,,,PUNJAB & SIND BANK,22.05,22.28,21.70,22.10,22.22,21.88,,22.10,,,212776,4679758.00,921,F1,1,,,,,
2026-09-18,2026-09-18,CM,BSE,STK,533296,INE360L01017,FMNL,B,,,,,FUTURE MARKET NETWORKS LTD.,8.84,9.39,8.62,9.21,9.39,8.96,,9.24,,,12973,113423.00,63,F1,1,,,,,
2026-09-18,2026-09-18,CM,BSE,STK,533298,INE272L01022,SURANASOL,B,,,,,SURANA SOLAR LTD.,24.61,25.88,24.61,25.61,25.74,25.36,,25.51,,,11556,294412.00,243,F1,1,,,,,
2026-09-18,2026-09-18,CM,BSE,STK,533301,INE268L01046,SHEKHAWATI,T,,,,,SHEKHAWATI INDUSTRIES LIMITED,21.78,21.86,20.26,21.86,21.86,20.82,,21.48,,,58583,1276618.00,43,F1,1,,,,,
2026-09-18,2026-09-18,CM,BSE,STK,533302,INE029L01018,KICL,B,,,,,KALYANI INVESTMENT COMPANY LTD,4989.95,5010.00,4970.00,4970.00,4970.00,4816.50,,5008.54,,,34,169654.00,21,F1,1,,,,,
2026-09-18,2026-09-18,CM,BSE,STK,533303,INE878K01010,BFINVEST,B,,,,,BF INVESTMENT LTD.,436.90,452.70,436.60,445.20,446.20,439.45,,445.24,,,2289,1021144.00,263,F1,1,,,,,
2026-09-18,2026-09-18,CM,BSE,STK,533306,INE519C01017,SUMMITSEC,B,,,,,SUMMIT SECURITIES LTD.,1390.80,1418.10,1379.65,1418.10,1418.10,1385.00,,1412.00,,,42,58304.00,14,F1,1,,,,,
2026-09-18,2026-09-18,CM,BSE,STK,533316,INE577L01016,STEL,B,,,,,STEL HOLDINGS LIMITED,733.00,733.00,634.90,655.50,658.00,626.05,,654.21,,,727,473750.00,145,F1,1,,,,,
2026-09-18,2026-09-18,CM,BSE,STK,533326,INE621L01012,TEXRAIL,A,,,,,TEXMACO RAIL & ENGINEERING LTD,111.85,115.95,111.80,114.55,115.00,111.80,,114.66,,,156914,17931868.00,1208,F1,1,,,,,
2026-09-18,2026-09-18,CM,BSE,STK,533329,INE611L01021,INDTERRAIN,B,,,,,INDIAN TERRAIN FASHIONS LTD.,28.43,29.12,28.43,28.85,28.85,28.92,,28.91,,,1003,28746.00,16,F1,1,,,,,
2026-09-18,2026-09-18,CM,BSE,STK,533333,INE045J01034,FCL,B,,,,,FINEOTEX CHEMICAL LTD.,53.25,57.69,52.90,57.09,57.09,53.03,,57.02,,,1544470,85773516.00,5925,F1,1,,,,,
2026-09-18,2026-09-18,CM,BSE,STK,533339,INE251B01027,ZENTEC,A,,,,,ZEN TECHNOLOGIES LTD.,1691.70,1705.85,1680.00,1686.55,1688.80,1682.10,,1687.36,,,19177,32427481.00,1624,F1,1,,,,,
2026-09-18,2026-09-18,CM,BSE,STK,533343,INE597L01014,LOVABLE,B,,,,,LOVABLE LINGERIE LTD.,71.39,72.47,69.23,69.23,69.23,69.61,,69.66,,,212,14977.00,21,F1,1,,,,,
2026-09-18,2026-09-18,CM,BSE,STK,533344,INE560K01014,PFS,B,,,,,PTC INDIA FINANCIAL SERVICES L,26.46,26.62,26.07,26.16,26.16,26.46,,26.17,,,31603,829052.00,420,F1,1,,,,,
2026-09-18,2026-09-18,CM,BSE,STK,533385,INF247L01AP3,MON100,B,,,,,MOTILAL OSWAL MOST SHARES NASD,314.42,331.00,314.42,330.48,330.88,322.49,,330.34,,,65804,21663455.00,2310,F1,1,,,,,
2026-09-18,2026-09-18,CM,BSE,STK,533398,INE414G01012,MUTHOOTFIN,A,,,,,MUTHOOT FINANCE LTD.,2774.85,2851.35,2774.85,2840.00,2840.00,2772.00,,2841.10,,,38943,110260216.00,3570,F1,1,,,,,
2026-09-18,2026-09-18,CM,BSE,STK,533407,INE672K01025,TRUEGREEN,XT,,,,,TRUE GREEN BIO ENERGY LIMITED,207.00,210.10,194.10,209.70,210.10,200.10,,209.70,,,7524,1563459.00,57,F1,1,,,,,
2026-09-18,2026-09-18,CM,BSE,STK,533408,INF209KB18D3,BSLGOLDETF,E,,,,,Aditya Birla Sun Life Mutual F,133.75,134.86,133.51,134.47,134.20,132.67,,134.53,,,5910,793422.00,102,F1,1,,,,,
2026-09-18,2026-09-18,CM,BSE,STK,533427,INE932K01015,VMS,X,,,,,VMS INDUSTRIES LTD.,18.30,18.85,18.01,18.50,18.17,18.20,,18.50,,,14188,259358.00,120,F1,1,,,,,
2026-09-18,2026-09-18,CM,BSE,STK,533451,INE725L01011,KARMAENG,B,,,,,KARMA ENERGY LTD.,42.99,42.99,40.01,41.06,41.06,40.00,,41.19,,,3340,136737.00,244,F1,1,,,,,
2026-09-18,2026-09-18,CM,BSE,STK,533452,INE726L01027,DELPHIFX,T,,,,,DELPHI WORLD MONEY LIMITED,5.29,5.29,5.00,5.00,5.00,5.26,,4.96,,,18809,95804.00,50,F1,1,,,,,
2026-09-18,2026-09-18,CM,BSE,STK,533470,INE573K01025,RUSHIL,B,,,,,RUSHIL DECOR LTD.,15.53,18.18,15.42,17.25,17.17,15.49,,17.26,,,223353,3916912.00,702,F1,1,,,,,
2026-09-18,2026-09-18,CM,BSE,STK,533477,INE130L01014,ENKEIWHEL,B,,,,,ENKEI WHEELS (INDIA) LTD.,409.00,409.00,395.00,396.10,396.10,390.80,,395.40,,,264,105193.00,9,F1,1,,,,,
2026-09-18,2026-09-18,CM,BSE,STK,533482,INE524L01026,KRIDHANINF,B,,,,,KRIDHAN INFRA LIMITED,1.83,1.88,1.78,1.84,1.84,1.83,,1.83,,,293,536.00,22,F1,1,,,,,
2026-09-18,2026-09-18,CM,BSE,STK,533506,INE878H01024,INVENTURE,B,,,,,INVENTURE GROWTH & SECURITIES,0.89,0.90,0.89,0.90,0.90,0.88,,0.89,,,36871,33086.00,29,F1,1,,,,,
2026-09-18,2026-09-18,CM,BSE,STK,533519,INE498L01015,LTF,A,,,,,L&T Finance Limited,302.50,314.00,302.10,311.00,311.00,302.00,,312.79,,,142899,44207786.00,2332,F1,1,,,,,
2026-09-18,2026-09-18,CM,BSE,STK,533520,INE126M01010,IBULLSLTD,B,,,,,Indiabulls Limited,30.04,30.98,29.51,30.42,30.42,29.65,,30.39,,,2520275,76609446.00,4101,F1,1,,,,,
2026-09-18,2026-09-18,CM,BSE,STK,533540,INE040M01013,TREEHOUSE,B,,,,,TREE HOUSE EDUCATION & ACCESSO,5.90,6.10,5.71,5.71,5.71,5.90,,5.87,,,136,788.00,6,F1,1,,,,,
2026-09-18,2026-09-18,CM,BSE,STK,533543,INE650L01011,BROOKS,B,,,,,BROOKS LABORATORIES LTD.,65.14,65.14,60.80,61.39,62.00,62.23,,61.46,,,16612,1023744.00,146,F1,1,,,,,
2026-09-18,2026-09-18,CM,BSE,STK,533552,INE895B01021,RUPA,B,,,,,RUPA & COMPANY LTD.,135.95,138.30,134.00,137.20,136.55,134.95,,137.16,,,3758,509074.00,225,F1,1,,,,,
2026-09-18,2026-09-18,CM,BSE,STK,533553,INE419M01035,TDPOWERSYS,A,,,,,T D POWER SYSTEMS LTD.,726.65,770.00,726.50,764.05,764.05,721.90,,763.76,,,109196,82324289.00,3254,F1,1,,,,,
2026-09-18,2026-09-18,CM,BSE,STK,533570,INF846K01W80,GOLDAXIS,E,,,,,AXIS MUTUAL FUND - AXIS GOLD E,125.92,128.13,125.92,127.72,127.02,125.28,,127.67,,,19943,2540328.00,212,F1,1,,,,,
2026-09-18,2026-09-18,CM,BSE,STK,533573,INE901L01018,APLLTD,A,,,,,ALEMBIC PHARMACEUTICALS LTD.,828.95,860.65,828.95,845.70,845.00,826.30,,845.75,,,42119,35754594.00,2550,F1,1,,,,,
2026-09-18,2026-09-18,CM,BSE,STK,533576,INE590L01019,VASWANI,B,,,,,VASWANI INDUSTRIES LTD.,45.10,48.00,44.50,47.51,48.00,45.57,,46.53,,,8381,378552.00,245,F1,1,,,,,
2026-09-18,2026-09-18,CM,BSE,STK,533581,INE457L01029,PGEL,A,,,,,PG ELECTROPLAST LTD.,529.30,541.50,529.30,538.00,538.00,530.65,,529.27,,,45362,24276519.00,1457,F1,1,,,,,
2026-09-18,2026-09-18,CM,BSE,STK,533602,INE050L01048,LESHAIND,X,,,,,LESHA INDUSTRIES LTD.,0.72,0.76,0.72,0.75,0.75,0.74,,0.75,,,245585,182663.00,127,F1,1,,,,,
2026-09-18,2026-09-18,CM,BSE,STK,533608,INE123M01017,RDBRL,X,,,,,RDB RASAYANS LTD.,165.90,169.00,162.05,164.30,162.05,164.15,,164.30,,,14840,2442368.00,106,F1,1,,,,,
2026-09-18,2026-09-18,CM,BSE,STK,533629,INE440L01017,TIJARIA,T,,,,,TIJARIA POLYPIPES LTD.,7.68,8.00,7.42,7.65,7.85,7.70,,7.40,,,14424,113370.00,31,F1,1,,,,,
2026-09-18,2026-09-18,CM,BSE,STK,533632,INE912L01015,ONELIFECAP,T,,,,,ONELIFE CAPITAL ADVISORS LTD.,32.30,34.00,32.30,33.99,33.99,33.93,,34.01,,,3008,99333.00,16,F1,1,,,,,
2026-09-18,2026-09-18,CM,BSE,STK,533638,INE060J01017,FLEXITUFF,T,,,,,FLEXITUFF VENTURES INTERNATION,2.59,2.59,2.59,2.59,2.59,2.47,,2.59,,,9279,24032.00,9,F1,1,,,,,
2026-09-18,2026-09-18,CM,BSE,STK,533644,INE899L01030,UEL,B,,,,,UJAAS ENERGY LIMITED,189.10,205.00,189.10,201.80,202.30,196.75,,203.54,,,3643,730706.00,283,F1,1,,,,,
2026-09-18,2026-09-18,CM,BSE,STK,533655,INE152M01016,TRITURBINE,A,,,,,TRIVENI TURBINE LTD.,555.05,572.75,549.90,568.80,572.75,556.60,,567.83,,,234168,129426518.00,1378,F1,1,,,,,
2026-09-18,2026-09-18,CM,BSE,STK,533676,INE337M01021,INDOTHAI,B,,,,,INDO THAI SECURITIES LTD.,33.74,36.40,33.74,33.74,33.74,35.51,,33.56,,,352966,12144751.00,1872,F1,1,,,,,
2026-09-18,2026-09-18,CM,BSE,STK,533704,INE122M01019,ESSARSHPNG,B,,,,,ESSAR SHIPPING LTD.,16.99,16.99,16.07,16.11,16.21,16.10,,16.18,,,26882,438122.00,150,F1,1,,,,,
2026-09-18,2026-09-18,CM,BSE,STK,533719,INF767K01SM1,LICMFGOLD,E,,,,,LIC MUTUAL FUND - LIC MF GOLD,136.69,138.00,136.09,137.53,137.40,135.55,,137.65,,,7595,1039103.00,106,F1,1,,,,,
2026-09-18,2026-09-18,CM,BSE,STK,533758,INE702C01027,APLAPOLLO,A,,,,,APL APOLLO TUBES LTD.,2155.35,2270.65,2100.05,2270.65,2270.65,2144.70,,2270.10,,,26123,57423574.00,1987,F1,1,,,,,
2026-09-18,2026-09-18,CM,BSE,STK,533761,INE390G01014,GPTINFRA,B,,,,,GPT INFRAPROJECTS LTD.,119.00,123.35,116.40,118.95,119.00,113.15,,118.96,,,102233,12239827.00,1272,F1,1,,,,,
2026-09-18,2026-09-18,CM,BSE,STK,533896,INE258M01011,FERVENTSYN,X,,,,,FERVENT SYNERGIES LTD.,14.86,14.89,14.42,14.50,14.50,14.79,,14.50,,,1265,18435.00,21,F1,1,,,,,
2026-09-18,2026-09-18,CM,BSE,STK,533941,INE480M01011,THOMASCOTT,B,,,,,THOMAS SCOTT (INDIA) LIMITED,236.95,237.00,230.00,235.60,237.00,237.05,,236.51,,,3333,770140.00,93,F1,1,,,,,
2026-09-18,2026-09-18,CM,BSE,STK,533982,INE482B01010,TERASOFT,B,,,,,TERA SOFTWARE LTD.,259.00,259.00,229.00,236.50,236.40,224.75,,236.58,,,2041,481035.00,267,F1,1,,,,,
2026-09-18,2026-09-18,CM,BSE,STK,534060,INE793G01035,PMCFIN,X,,,,,PMC FINCORP LIMITED,1.61,1.62,1.56,1.59,1.58,1.60,,1.59,,,312509,495070.00,327,F1,1,,,,,
2026-09-18,2026-09-18,CM,BSE,STK,534063,INE241F01011,FUTSOL,X,,,,,FUTURISTIC SOLUTIONS LTD.,46.00,46.00,46.00,46.00,46.00,46.00,,46.00,,,23,1058.00,1,F1,1,,,,,
2026-09-18,2026-09-18,CM,BSE,STK,534064,INE123D01024,AIML,XT,,,,,ALLIANCE INTEGRATED METALIKS L,2.86,2.94,2.73,2.94,2.94,2.80,,2.94,,,532519,1534356.00,257,F1,1,,,,,
2026-09-18,2026-09-18,CM,BSE,STK,534076,INE743M01012,RHIM,A,,,,,RHI MAGNESITA INDIA LIMITED,364.85,371.55,364.85,368.25,368.70,365.95,,368.68,,,7853,2891391.00,279,F1,1,,,,,
2026-09-18,2026-09-18,CM,BSE,STK,534091,INE745G01043,MCX,A,,,,,MULTI COMMODITY EXCHANGE OF IN,3263.10,3313.55,3232.00,3249.00,3249.00,3265.00,,3259.99,,,478117,1558874411.00,29265,F1,1,,,,,
2026-09-18,2026-09-18,CM,BSE,STK,534139,INE839M01018,SCHNEIDER,A,,,,,SCHNEIDER ELECTRIC INFRASTRUCT,1206.60,1244.70,1206.60,1212.15,1212.15,1202.05,,1213.47,,,26619,32691377.00,1993,F1,1,,,,,
2026-09-18,2026-09-18,CM,BSE,STK,534190,INE550L01013,OLPCL,X,,,,,OLYMPIC CARDS LTD.,2.79,2.79,2.79,2.79,2.79,2.54,,2.79,,,3945,11006.00,15,F1,1,,,,,
2026-09-18,2026-09-18,CM,BSE,STK,534309,INE095N01031,NBCC,A,,,,,NBCC (India) Limited,82.32,84.24,82.32,83.86,83.86,82.42,,82.40,,,409715,34090890.00,2628,F1,1,,,,,
2026-09-18,2026-09-18,CM,BSE,STK,534312,INE472M01018,MTEDUCARE,T,,,,,MT EDUCARE LTD.,1.76,1.76,1.76,1.76,1.76,1.85,,1.69,,,100,176.00,1,F1,1,,,,,
2026-09-18,2026-09-18,CM,BSE,STK,534328,INE750M01017,HEXATRADEX,B,,,,,HEXA TRADEX LTD.,153.40,170.00,153.40,169.75,169.75,161.90,,158.29,,,312,49415.00,17,F1,1,,,,,
2026-09-18,2026-09-18,CM,BSE,STK,534338,INE393F01010,MAXHEIGHTS,X,,,,,Max heights Infrastucture Ltd,11.00,11.00,11.00,11.00,11.00,11.40,,11.00,,,23,253.00,4,F1,1,,,,,
2026-09-18,2026-09-18,CM,BSE,STK,534369,INE760L01018,TBZ,B,,,,,TRIBHOVANDAS BHIMJI ZAVERI LTD,602.90,602.90,586.00,602.90,602.90,574.20,,603.55,,,68162,40980038.00,770,F1,1,,,,,
2026-09-18,2026-09-18,CM,BSE,STK,534392,INE050M01012,VSSL,B,,,,,VARDHMAN SPECIAL STEELS LTD.,405.00,411.35,398.00,405.85,405.00,406.80,,404.79,,,22860,9233469.00,1847,F1,1,,,,,
2026-09-18,2026-09-18,CM,BSE,STK,534422,INE204N01013,LOOKS,XT,,,,,LOOKS HEALTH SERVICES LIMITED,10.01,10.01,9.32,9.53,9.99,9.81,,9.53,,,6112,59522.00,44,F1,1,,,,,
2026-09-18,2026-09-18,CM,BSE,STK,534425,INE247M01014,SPECIALITY,T,,,,,SPECIALITY RESTAURANTS LTD.,141.30,145.00,140.10,143.30,145.00,139.65,,144.88,,,1600,229051.00,20,F1,1,,,,,
2026-09-18,2026-09-18,CM,BSE,STK,534532,INE142K01011,AURUS,B,,,,,AURUS GEM CORPORATION LIMITED,4.75,4.95,4.71,4.94,4.94,4.87,,4.87,,,2125,10332.00,27,F1,1,,,,,
2026-09-18,2026-09-18,CM,BSE,STK,534535,INE958L01034,META,T,,,,,STRING METAVERSE LIMITED,7.60,8.02,7.50,8.02,8.02,7.64,,8.02,,,1202027,9544083.00,920,F1,1,,,,,
2026-09-18,2026-09-18,CM,BSE,STK,534597,INE834M01019,RTNINDIA,B,,,,,RATTANINDIA ENTERPRISES LIMITE,26.61,26.74,26.33,26.54,26.46,26.44,,26.54,,,92020,2439998.00,616,F1,1,,,,,
2026-09-18,2026-09-18,CM,BSE,STK,534598,INE735M01018,SAMPANN,B,,,,,Sampann Utpadan India Limited,24.00,25.19,24.00,24.70,25.19,24.39,,24.67,,,516,12581.00,12,F1,1,,,,,
2026-09-18,2026-09-18,CM,BSE,STK,534600,INE391J01032,JTLIND,B,,,,,JTL INDUSTRIES LIMITED,88.02,90.29,86.94,88.19,87.80,87.33,,87.68,,,121171,10744823.00,1076,F1,1,,,,,
2026-09-18,2026-09-18,CM,BSE,STK,534612,INE436N01029,AMTL,X,,,,,ADVANCE METERING TECHNOLOGY LT,16.31,17.15,16.00,16.87,16.87,15.98,,16.87,,,3516,57003.00,23,F1,1,,,,,
2026-09-18,2026-09-18,CM,BSE,STK,534615,INE553C01016,NECCLTD,T,,,,,NORTH EASTERN CARRYING CORPORA,19.50,19.70,18.00,19.23,19.70,18.88,,19.04,,,12820,245077.00,60,F1,1,,,,,
2026-09-18,2026-09-18,CM,BSE,STK,534618,INE299N01021,WAAREERTL,A,,,,,WAAREE RENEWABLE TECHNOLOGIES,811.05,825.00,811.05,820.10,820.10,810.65,,819.69,,,8343,6833085.00,528,F1,1,,,,,
2026-09-18,2026-09-18,CM,BSE,STK,534623,INE524N01014,JUPITERIN,X,,,,,JUPITER INFOMEDIA LTD.,41.45,42.78,40.80,41.00,40.80,41.71,,41.00,,,2678,110225.00,34,F1,1,,,,,
2026-09-18,2026-09-18,CM,BSE,STK,534674,INE741L01018,DUCON,B,,,,,Ducon Infratechnologies Ltd,1.21,1.30,1.18,1.24,1.24,1.25,,1.23,,,1064309,1309260.00,318,F1,1,,,,,
2026-09-18,2026-09-18,CM,BSE,STK,534675,INE195N01013,PROZONER,B,,,,,PROZONE REALTY LIMITED,53.50,53.94,52.10,52.53,53.00,53.31,,53.17,,,16081,845495.00,248,F1,1,,,,,
2026-09-18,2026-09-18,CM,BSE,STK,534680,INE559N01010,SRGHFL,B,,,,,SRG HOUSING FINANCE LTD.,135.00,135.00,127.00,127.30,127.00,125.65,,128.11,,,2420,312625.00,121,F1,1,,,,,
2026-09-18,2026-09-18,CM,BSE,STK,534691,INE456N01019,COMCL,X,,,,,COMFORT COMMOTRADE LTD.,13.95,14.45,13.80,13.86,13.82,14.49,,13.86,,,2980,41567.00,29,F1,1,,,,,
2026-09-18,2026-09-18,CM,BSE,STK,534708,INE892L01019,SHANTIGURU,M,,,,,SHANTI GURU INDUSTRIES LIMITED,9.00,9.45,8.80,8.80,8.80,8.60,,8.80,,,48000,426240.00,11,F1,3000,,,,,
2026-09-18,2026-09-18,CM,BSE,STK,534732,INE176N01039,CASPIAN,X,,,,,CASPIAN CORPORATE SERVICES LIM,35.50,35.50,33.57,33.82,34.80,34.96,,33.82,,,1031,35068.00,43,F1,1,,,,,
2026-09-18,2026-09-18,CM,BSE,STK,534733,INE175N01023,AERPACE,XT,,,,,Aerpace Industries Limited,37.58,37.58,37.58,37.58,37.58,36.85,,37.58,,,372992,14017039.00,101,F1,1,,,,,
2026-09-18,2026-09-18,CM,BSE,STK,534741,INE247C01023,VIRTUALG,T,,,,,VIRTUAL GLOBAL EDUCATION LTD.,0.50,0.50,0.46,0.46,0.46,0.48,,0.47,,,47176,22172.00,43,F1,1,,,,,
2026-09-18,2026-09-18,CM,BSE,STK,534742,INE840M01016,ZUARI,B,,,,,ZUARI AGRO CHEMICALS LTD.,217.60,221.35,215.45,220.25,220.25,217.15,,220.76,,,3915,854414.00,231,F1,1,,,,,
2026-09-18,2026-09-18,CM,BSE,STK,534748,INE503B01021,STEELXIND,B,,,,,STEEL EXCHANGE INDIA LTD.,11.14,11.89,11.14,11.77,11.77,11.21,,11.74,,,374849,4299841.00,757,F1,1,,,,,
2026-09-18,2026-09-18,CM,BSE,STK,534755,INE234G01022,TRIOMERC,XT,,,,,TRIO MERCANTILE & TRADING LTD.,2.31,2.34,2.16,2.24,2.27,2.24,,2.24,,,74523,170482.00,86,F1,1,,,,,
2026-09-18,2026-09-18,CM,BSE,STK,534796,INE198N01017,JUJHARLOGI,X,,,,,JUJHAR LOGISTICS  LIMITED,189.00,206.40,189.00,204.25,204.25,196.65,,204.25,,,958,193132.00,26,F1,1,,,,,
2026-09-18,2026-09-18,CM,BSE,STK,534804,INE752H01013,CARERATING,A,,,,,CARE Ratings Limited,1652.75,1669.25,1622.30,1663.95,1660.00,1643.00,,1668.57,,,1393,2292055.00,372,F1,1,,,,,
2026-09-18,2026-09-18,CM,BSE,STK,534809,INE785M01021,PCJEWELLER,A,,,,,PC JEWELLER LTD.,12.50,13.05,12.37,12.73,12.73,12.36,,12.72,,,15708797,199164909.00,21886,F1,1,,,,,
2026-09-18,2026-09-18,CM,BSE,STK,534816,INE121J01017,INDUSTOWER,A,,,,,INDUS TOWERS LIMITED,381.20,384.00,376.40,384.00,384.00,380.25,,375.91,,,52053,19744340.00,1072,F1,1,,,,,
2026-09-18,2026-09-18,CM,BSE,STK,534920,INE899M01020,ISERA,XT,,,,,iSERA LIFESCIENCES LIMITED,143.90,143.90,143.90,143.90,143.90,151.05,,143.90,,,8,1151.00,1,F1,1,,,,,
2026-09-18,2026-09-18,CM,BSE,STK,534976,INE665J01013,VMART,A,,,,,V-MART RETAIL LTD.,787.00,827.10,779.35,807.65,807.65,790.40,,808.12,,,5305,4246366.00,495,F1,1,,,,,
2026-09-18,2026-09-18,CM,BSE,STK,535136,INE149O01018,NIBE,B,,,,,NIBE LIMITED,1275.00,1300.00,1230.00,1286.40,1285.80,1246.60,,1286.95,,,3926,4957667.00,364,F1,1,,,,,
2026-09-18,2026-09-18,CM,BSE,STK,535204,INE160O01031,MUKTA,XT,,,,,Mukta Agriculture Limited,5.63,5.63,5.53,5.53,5.53,5.78,,5.53,,,105556,585456.00,45,F1,1,,,,,
2026-09-18,2026-09-18,CM,BSE,STK,535205,INE159O01033,MYSTICELE,X,,,,,Mystic Electronics Limited,3.80,3.89,3.61,3.83,3.83,3.70,,3.83,,,7782,29712.00,31,F1,1,,,,,
2026-09-18,2026-09-18,CM,BSE,STK,535267,INE274M01026,COMFINCAP,X,,,,,COMFORT FINCAP LTD.,7.84,7.84,7.40,7.52,7.52,7.56,,7.52,,,57898,433809.00,112,F1,1,,,,,
2026-09-18,2026-09-18,CM,BSE,STK,535276,INF200K01VT2,SBISENSEX,B,,,,,SBI MUTUAL FUND - SBI ETF SENS,832.01,837.49,829.00,836.18,837.49,831.44,,836.18,,,406889,338710062.00,199,F1,1,,,,,
2026-09-18,2026-09-18,CM,BSE,STK,535322,INE612J01015,REPCOHOME,B,,,,,REPCO HOME FINANCE LTD.,348.85,357.40,344.70,355.10,355.45,344.90,,354.56,,,7018,2476567.00,273,F1,1,,,,,
2026-09-18,2026-09-18,CM,BSE,STK,535387,INE191O01010,LAKHOTIA,X,,,,,LAKHOTIA POLYESTERS (INDIA) LT,66.65,66.65,52.00,54.29,52.00,55.98,,54.29,,,1533,86350.00,38,F1,1,,,,,
2026-09-18,2026-09-18,CM,BSE,STK,535431,INE168O01026,GCMSECU,B,,,,,GCM SECURITIES LTD,0.66,0.66,0.63,0.63,0.63,0.64,,0.63,,,62881,40656.00,62,F1,1,,,,,
2026-09-18,2026-09-18,CM,BSE,STK,535458,INE047O01014,NIBL,B,,,,,NRB INDUSTRIAL BEARINGS LTD.,31.50,31.50,30.14,31.00,31.00,30.62,,30.97,,,12911,400417.00,118,F1,1,,,,,
2026-09-18,2026-09-18,CM,BSE,STK,535514,INE748D01010,PRIMECAPM,XT,,,,,PRIME CAPITAL MARKET LTD.,5.50,5.50,5.50,5.50,5.50,5.50,,5.50,,,10,55.00,1,F1,1,,,,,
2026-09-18,2026-09-18,CM,BSE,STK,535566,INE902D01013,KIFS,X,,,,,KIFS FINANCIAL SERVICES LTD.,110.50,115.00,110.50,110.50,110.50,110.35,,110.50,,,598,68712.00,9,F1,1,,,,,
2026-09-18,2026-09-18,CM,BSE,STK,535601,INE099F01013,SREEL,T,,,,,SREELEATHERS LTD.,297.80,300.00,283.00,286.80,283.00,297.80,,283.71,,,1812,526758.00,52,F1,1,,,,,
2026-09-18,2026-09-18,CM,BSE,STK,535602,INE597I01028,SHARDAMOTR,B,,,,,SHARDA MOTOR INDUSTRIES LTD,934.00,972.25,931.00,966.35,965.00,948.10,,967.03,,,7626,7295638.00,744,F1,1,,,,,
2026-09-18,2026-09-18,CM,BSE,STK,535620,INE160L01011,BINNYMILLS,X,,,,,BINNY MILLS LTD.,249.25,249.25,249.25,249.25,249.25,237.40,,249.25,,,23,5732.00,3,F1,1,,,,,
2026-09-18,2026-09-18,CM,BSE,STK,535621,INE159L01013,SVGLOBAL,B,,,,,S V GLOBAL MILL LTD.,123.00,155.80,123.00,147.95,155.65,137.90,,147.93,,,1148,167447.00,32,F1,1,,,,,
2026-09-18,2026-09-18,CM,BSE,STK,535648,INE599M01018,JUSTDIAL,A,,,,,JUST DIAL LTD.,686.00,686.00,664.00,669.25,664.85,673.25,,669.01,,,12941,8702122.00,625,F1,1,,,,,
2026-09-18,2026-09-18,CM,BSE,STK,535657,INE860E01011,OONE,X,,,,,OBJECTONE INFORMATION SYSTEMS,8.00,8.00,7.85,7.85,7.85,8.00,,7.85,,,3846,30617.00,22,F1,1,,,,,
2026-09-18,2026-09-18,CM,BSE,STK,535693,INE320I01017,BRAHMINFRA,B,,,,,BRAHMAPUTRA INFRASTRUCTURE LTD,164.80,164.80,158.15,162.00,162.40,159.75,,162.32,,,1743,281496.00,64,F1,1,,,,,
2026-09-18,2026-09-18,CM,BSE,STK,535719,INE989J01017,AMPVOLTS,X,,,,,AMPVOLTS LIMITED,24.80,25.50,24.00,25.37,25.37,24.68,,25.37,,,4871,122395.00,38,F1,1,,,,,
2026-09-18,2026-09-18,CM,BSE,STK,535730,INE731G01027,KHOOBSURAT,X,,,,,KHOOBSURAT LTD,0.46,0.47,0.45,0.46,0.46,0.47,,0.46,,,936552,430328.00,237,F1,1,,,,,
2026-09-18,2026-09-18,CM,BSE,STK,535754,INE876N01018,ORIENTCEM,B,,,,,ORIENT CEMENT LTD,122.50,126.20,122.25,124.45,124.70,122.05,,124.55,,,13179,1640419.00,208,F1,1,,,,,
2026-09-18,2026-09-18,CM,BSE,STK,535755,INE647O01011,ABFRL,A,,,,,Aditya Birla Fashion and Retai,50.69,50.75,49.81,50.15,50.15,50.51,,50.16,,,129800,6520995.00,1766,F1,1,,,,,
2026-09-18,2026-09-18,CM,BSE,STK,535789,INE148I01020,SAMMAANCAP,A,,,,,Sammaan Capital Limited,142.00,144.45,141.95,143.75,143.60,142.10,,143.92,,,146763,21070139.00,3136,F1,1,,,,,
2026-09-18,2026-09-18,CM,BSE,STK,535910,INE340O01021,MMLF,B,,,,,MONEY MASTERS LEASING & FINANC,0.69,0.70,0.65,0.69,0.69,0.68,,0.69,,,92169,61951.00,30,F1,1,,,,,
2026-09-18,2026-09-18,CM,BSE,STK,535916,INE030P01017,ALSL,B,,,,,ALACRITY SECURITIES LTD,52.25,53.39,47.00,51.51,51.51,52.59,,51.51,,,18974,948912.00,114,F1,1,,,,,
2026-09-18,2026-09-18,CM,BSE,STK,535958,INE418N01035,ESSENTIA,B,,,,,Integra Essentia Limited,1.04,1.04,1.02,1.03,1.04,1.04,,1.03,,,241700,247890.00,160,F1,1,,,,,
2026-09-18,2026-09-18,CM,BSE,STK,536073,INE890N01027,JULIEN,X,,,,,JULIEN AGRO INFRATECH LIMITED,1.11,1.31,1.11,1.21,1.22,1.11,,1.21,,,691707,829076.00,289,F1,1,,,,,
2026-09-18,2026-09-18,CM,BSE,STK,536264,INE906O01029,TIGERLOGS,B,,,,,TIGER LOGISTICS (INDIA) LTD,27.20,27.41,26.00,26.09,26.45,26.75,,26.13,,,5827,156039.00,246,F1,1,,,,,
2026-09-18,2026-09-18,CM,BSE,STK,536493,INE690O01011,JKAGRI,X,,,,,JK AGRI GENETICS LTD,312.00,321.00,298.00,304.70,304.90,303.25,,304.70,,,613,187968.00,34,F1,1,,,,,
2026-09-18,2026-09-18,CM,BSE,STK,536507,INE452O01016,FLFL,Z,,,,,FUTURE LIFESTYLE FASHIONS LTD,1.12,1.13,1.10,1.12,1.13,1.11,,1.15,,,2510,2791.00,8,F1,1,,,,,
2026-09-18,2026-09-18,CM,BSE,STK,536565,INE314I01036,NOVELIX,XT,,,,,NOVELIX PHARMACEUTICALS LIMITE,81.99,81.99,78.00,78.26,78.00,78.16,,78.26,,,1901,148890.00,11,F1,1,,,,,
2026-09-18,2026-09-18,CM,BSE,STK,536659,INE428B01021,PVVINFRA,X,,,,,PVV Infra Limited,2.59,2.68,2.53,2.55,2.58,2.56,,2.55,,,957626,2491444.00,479,F1,1,,,,,
2026-09-18,2026-09-18,CM,BSE,STK,536672,INE962O01014,VCU,X,,,,,VCU DATA MANAGEMENT LTD,7.21,7.21,7.05,7.11,7.10,7.15,,7.11,,,5905,42062.00,46,F1,1,,,,,
2026-09-18,2026-09-18,CM,BSE,STK,536709,INE138O01029,INDRENEW,Z,,,,,IND Renewable Energy Ltd,15.00,15.15,14.15,14.88,15.00,14.89,,14.88,,,44574,649795.00,57,F1,1,,,,,
2026-09-18,2026-09-18,CM,BSE,STK,536737,INE218P01018,ACFSL,MT,,,,,AMRAPALI CAPITAL AND FINANCE S,65.60,65.60,65.60,65.60,65.60,69.00,,65.60,,,1200,78720.00,1,F1,1200,,,,,
2026-09-18,2026-09-18,CM,BSE,STK,536773,INE147P01019,JPOLYINVST,B,,,,,JINDAL POLY INVESTMENT AND FIN,981.80,990.00,980.00,985.00,985.00,981.90,,980.94,,,113,111273.00,31,F1,1,,,,,
2026-09-18,2026-09-18,CM,BSE,STK,536846,INE156M01017,YURANUS,X,,,,,YURANUS INFRASTRUCTURE LTD,85.01,87.30,85.01,87.30,87.30,83.20,,87.30,,,219,18846.00,5,F1,1,,,,,
2026-09-18,2026-09-18,CM,BSE,STK,536960,INF247L01023,MOM100,B,,,,,MOTILAL OSWAL MUTUAL FUND - MO,66.21,67.17,66.21,67.10,67.02,66.43,,66.96,,,31310,2092499.00,312,F1,1,,,,,
2026-09-18,2026-09-18,CM,BSE,STK,536974,INE536P01021,CPL,B,,,,,CAPTAIN POLYPLAST LTD,67.00,68.00,62.86,64.05,63.56,65.42,,64.43,,,8156,539303.00,169,F1,1,,,,,
2026-09-18,2026-09-18,CM,BSE,STK,537007,INF109K012R6,NIFTYIETF,B,,,,,ICICI Prudential Nifty ETF,263.75,265.45,263.75,265.16,265.25,264.77,,265.13,,,15936,4221087.00,434,F1,1,,,,,
2026-09-18,2026-09-18,CM,BSE,STK,537008,INF109KC16V9,NIF100IETF,B,,,,,ICICI Prudential Nifty 100 ETF,27.50,27.55,27.08,27.25,27.23,27.19,,27.36,,,5062,138183.00,41,F1,1,,,,,
2026-09-18,2026-09-18,CM,BSE,STK,537069,INE185K01036,ARNOLD,XT,,,,,ARNOLD HOLDINGS LTD,15.70,17.30,15.70,16.76,16.50,16.49,,16.76,,,42006,696075.00,73,F1,1,,,,,
2026-09-18,2026-09-18,CM,BSE,STK,537253,INE671C01016,SUNLOC,B,,,,,SUNIL HEALTHCARE LTD,72.99,77.50,72.99,73.64,77.50,76.00,,73.62,,,7,515.00,3,F1,1,,,,,
2026-09-18,2026-09-18,CM,BSE,STK,537254,INE140B01048,JTLDEFENCE,XT,,,,,JTL DEFENCE LIMITED,822.50,822.50,822.50,822.50,822.50,839.25,,822.50,,,354,291165.00,42,F1,1,,,,,
2026-09-18,2026-09-18,CM,BSE,STK,537259,INE442P01014,SUYOG,B,,,,,SUYOG TELEMATICS LTD,663.85,664.05,645.00,645.85,646.00,661.75,,649.40,,,858,561365.00,69,F1,1,,,,,
2026-09-18,2026-09-18,CM,BSE,STK,537291,INE448G01010,NATHBIOGEN,B,,,,,NATH BIO-GENES (INDIA) LTD,148.20,148.20,146.00,148.00,148.00,147.90,,147.38,,,510,75109.00,18,F1,1,,,,,
2026-09-18,2026-09-18,CM,BSE,STK,537292,INE449G01018,AGRITECH,B,,,,,AGRI- TECH (INDIA) LTD,97.45,98.20,97.45,98.20,98.20,96.90,,98.32,,,40,3914.00,4,F1,1,,,,,
2026-09-18,2026-09-18,CM,BSE,STK,537326,INE212P01011,CHEMTECH,X,,,,,CHEMTECH INDUSTRIAL VALVES LTD,59.20,59.90,57.00,58.08,58.99,59.13,,58.08,,,27863,1625770.00,146,F1,1,,,,,
2026-09-18,2026-09-18,CM,BSE,STK,537392,INE392H01026,KETOMOTORS,XT,,,,,Keto Motors Limited,232.05,253.80,229.70,253.80,253.80,241.75,,253.80,,,7148,1677536.00,81,F1,1,,,,,
2026-09-18,2026-09-18,CM,BSE,STK,537483,INF204K014N5,NIF100BEES,B,,,,,NIPPON INDIA ETF NIFTY 100,260.19,261.25,259.00,260.29,259.00,258.68,,260.70,,,715,185815.00,297,F1,1,,,,,
2026-09-18,2026-09-18,CM,BSE,STK,537536,INE051G01012,DENISCHEM,X,,,,,DENIS CHEM LAB LTD,68.00,68.00,63.85,65.78,65.78,68.29,,65.78,,,49494,3232636.00,341,F1,1,,,,,
2026-09-18,2026-09-18,CM,BSE,STK,537707,INE546I01025,LADDU,X,,,,,LADDU GOPAL ONLINE SERVICES LI,0.45,0.45,0.44,0.44,0.45,0.43,,0.44,,,618192,277333.00,105,F1,1,,,,,
2026-09-18,2026-09-18,CM,BSE,STK,537708,INF174K014P6,NIFTY1,B,,,,,KOTAK MAHINDRA MUTUAL FUND - K,259.28,260.04,259.00,259.85,260.04,258.79,,259.67,,,754,195740.00,85,F1,1,,,,,
2026-09-18,2026-09-18,CM,BSE,STK,537709,INE101H01013,HANSUGAR,XT,,,,,SHREE HANUMAN SUGAR & INDUSTRI,3.60,3.84,3.60,3.82,3.84,3.67,,3.82,,,17090,64446.00,81,F1,1,,,,,
2026-09-18,2026-09-18,CM,BSE,STK,537750,INE555P01013,KIRANVYPAR,B,,,,,KIRAN VYAPAR LTD,202.50,213.60,202.50,207.95,208.00,207.60,,207.43,,,1253,256805.00,76,F1,1,,,,,
2026-09-18,2026-09-18,CM,BSE,STK,537766,INE905P01028,BCP,X,,,,,B.C. POWER CONTROLS LTD,1.68,1.74,1.62,1.68,1.68,1.65,,1.68,,,88125,147813.00,116,F1,1,,,,,
2026-09-18,2026-09-18,CM,BSE,STK,537785,INE084Q01012,RACE,B,,,,,RACE ECO CHAIN LIMITED,97.89,97.89,97.89,97.89,97.89,96.47,,96.95,,,60,5873.00,4,F1,1,,,,,
2026-09-18,2026-09-18,CM,BSE,STK,537800,INE717C01025,MANGIND,X,,,,,MANGALAM INDUSTRIAL FINANCE LT,0.57,0.57,0.55,0.56,0.56,0.56,,0.56,,,1387823,775680.00,496,F1,1,,,,,
2026-09-18,2026-09-18,CM,BSE,STK,537820,INE159N01027,VIJIFIN,T,,,,,VIJI FINANCE LTD,14.52,15.10,14.52,15.10,15.10,14.81,,15.10,,,1128417,17036216.00,599,F1,1,,,,,
2026-09-18,2026-09-18,CM,BSE,STK,537839,INE977M01024,HBGHOTELS,X,,,,,HBG HOTELS LIMITED,71.17,77.99,71.17,72.74,72.74,73.62,,72.74,,,8254,615256.00,66,F1,1,,,,,
2026-09-18,2026-09-18,CM,BSE,STK,537985,INE463B01036,INFRONICS,X,,,,,INFRONICS SYSTEMS LTD,21.74,21.74,19.92,20.90,20.94,20.96,,20.90,,,996,20415.00,25,F1,1,,,,,
2026-09-18,2026-09-18,CM,BSE,STK,538057,INF457M01133,CPSEETF,B,,,,,CPSE ETF,92.40,92.98,92.25,92.57,92.50,92.27,,92.58,,,12215,1129842.00,328,F1,1,,,,,
2026-09-18,2026-09-18,CM,BSE,STK,538081,INE493N01012,HARIAAPL,X,,,,,HARIA APPARELS LTD,5.50,5.50,4.99,4.99,4.99,4.99,,4.99,,,378,1889.00,9,F1,1,,,,,
2026-09-18,2026-09-18,CM,BSE,STK,538119,INE012Q01039,RNBDENIMS,T,,,,,R&B DENIMS LTD,9.27,9.55,8.95,8.95,8.95,9.42,,8.95,,,104393,941058.00,215,F1,1,,,,,
2026-09-18,2026-09-18,CM,BSE,STK,538212,INE909D01026,SHARPINV,XT,,,,,SHARP INVESTMENTS LTD,0.35,0.36,0.35,0.35,0.35,0.36,,0.35,,,66091,23140.00,33,F1,1,,,,,
2026-09-18,2026-09-18,CM,BSE,STK,538268,INE066O01014,WONDERLA,B,,,,,WONDERLA HOLIDAYS LTD,518.70,529.50,516.10,527.90,528.95,516.65,,527.86,,,6939,3647222.00,350,F1,1,,,,,
2026-09-18,2026-09-18,CM,BSE,STK,538273,INE401B01010,RESPONSINF,X,,,,,RESPONSE INFORMATICS LTD,19.50,19.52,19.50,19.52,19.52,19.92,,19.52,,,128,2496.00,3,F1,1,,,,,
2026-09-18,2026-09-18,CM,BSE,STK,538351,INE663P01015,AFEL,Z,,,,,A.F. ENTERPRISES LTD,1.69,1.77,1.61,1.70,1.70,1.69,,1.70,,,45396,74279.00,29,F1,1,,,,,
2026-09-18,2026-09-18,CM,BSE,STK,538365,INE452L01012,INCREDIBLE,B,,,,,INCREDIBLE INDUSTRIES LIMITED,33.40,34.70,31.25,33.59,33.58,34.00,,33.31,,,1696,55031.00,23,F1,1,,,,,
2026-09-18,2026-09-18,CM,BSE,STK,538382,INE266P01017,WESTLEIRES,X,,,,,WEST LEISURE RESORTS LTD,71.85,71.85,71.85,71.85,71.85,71.11,,71.85,,,4,287.00,2,F1,1,,,,,
2026-09-18,2026-09-18,CM,BSE,STK,538401,INE318N01011,METSL,X,,,,,MAESTROS ELECTRONICS & TELECOM,164.80,170.75,162.50,165.10,164.05,163.75,,165.10,,,3685,609851.00,60,F1,1,,,,,
2026-09-18,2026-09-18,CM,BSE,STK,538422,INE508N01025,JACKSON,X,,,,,JACKSON INVESTMENTS LTD,0.35,0.37,0.35,0.36,0.35,0.35,,0.36,,,368057,132139.00,192,F1,1,,,,,
2026-09-18,2026-09-18,CM,BSE,STK,538446,INE296Q01012,MONEYBOXX,B,,,,,MONEYBOXX FINANCE LIMITED,54.51,54.51,54.51,54.51,54.51,51.92,,54.50,,,22481,1225439.00,43,F1,1,,,,,
2026-09-18,2026-09-18,CM,BSE,STK,538451,INE114O01020,WORTH,X,,,,,WORTH INVESTMENT & TRADING CO,3.43,3.54,3.37,3.42,3.45,3.50,,3.42,,,4387517,15241215.00,280,F1,1,,,,,
2026-09-18,2026-09-18,CM,BSE,STK,538464,INE901C01017,TPROJECT,X,,,,,THIRANI PROJECTS LTD,3.70,3.70,3.35,3.59,3.59,3.74,,3.59,,,3189,10789.00,13,F1,1,,,,,
2026-09-18,2026-09-18,CM,BSE,STK,538476,INE172D01021,CTL,XT,,,,,CAPITAL TRADE LINKS LTD,29.00,29.98,27.80,29.47,29.96,29.00,,29.47,,,48000,1402811.00,309,F1,1,,,,,
2026-09-18,2026-09-18,CM,BSE,STK,538520,INE857P01021,SBL,X,,,,,SHIVAMSHREE BUSINESSES LIMITED,1.96,2.04,1.90,1.90,1.90,1.96,,1.90,,,2871,5599.00,20,F1,1,,,,,
2026-09-18,2026-09-18,CM,BSE,STK,538521,INE969E01010,YAANENT,X,,,,,YAAN ENTERPRISES LIMITED,132.00,132.00,123.50,127.05,125.00,128.85,,127.05,,,646,82056.00,16,F1,1,,,,,
2026-09-18,2026-09-18,CM,BSE,STK,538539,INE075K01013,ANVRDHI,X,,,,,ANNVRRIDHHI VENTURES LIMITED,12.66,12.80,12.12,12.23,12.13,12.81,,12.23,,,45089,555541.00,156,F1,1,,,,,
2026-09-18,2026-09-18,CM,BSE,STK,538540,INE516P01015,RAAMA,XT,,,,,RAAMA FINANCE LIMITED,15.46,16.39,15.41,15.69,16.00,16.13,,15.69,,,64460,1012377.00,182,F1,1,,,,,
2026-09-18,2026-09-18,CM,BSE,STK,538542,INE634J01027,GOLDCOINHF,X,,,,,GOLD COIN HEALTH FOODS LTD,28.70,30.00,28.12,28.44,28.44,28.70,,28.44,,,2553,73915.00,34,F1,1,,,,,
2026-09-18,2026-09-18,CM,BSE,STK,538546,INE319Q01012,BRPL,B,,,,,BANSAL ROOFING PRODUCTS LTD,154.00,158.15,150.00,156.30,153.50,153.35,,156.30,,,9953,1541097.00,159,F1,1,,,,,
2026-09-18,2026-09-18,CM,BSE,STK,538556,INE510P01018,ARMAN,X,,,,,ARMAN HOLDINGS LTD,117.80,132.00,115.05,124.90,125.00,115.05,,124.90,,,18788,2305755.00,144,F1,1,,,,,
2026-09-18,2026-09-18,CM,BSE,STK,538562,INE439E01022,SKIPPER,B,,,,,SKIPPER LTD,536.35,568.75,532.65,565.95,564.00,532.65,,566.20,,,68306,38038913.00,1928,F1,1,,,,,
2026-09-18,2026-09-18,CM,BSE,STK,538563,INE673E01018,SMTEL,X,,,,,SMT ENGINEERING LIMITED,331.60,336.00,331.60,332.30,332.30,349.05,,332.30,,,619,205837.00,23,F1,1,,,,,
2026-09-18,2026-09-18,CM,BSE,STK,538564,INE718P01017,JAMESWARREN,X,,,,,JAMES WARREN TEA LTD,253.05,259.80,251.60,259.80,259.80,253.05,,259.80,,,335,85435.00,19,F1,1,,,,,
2026-09-18,2026-09-18,CM,BSE,STK,538565,INE878P01019,VISTARAMAR,X,,,,,Vistar Amar Limited,180.00,196.80,172.10,188.75,192.95,178.95,,188.75,,,7410,1384235.00,139,F1,1,,,,,
2026-09-18,2026-09-18,CM,BSE,STK,538567,INE635Q01029,GULFOILLUB,B,,,,,GULF OIL LUBRICANTS INDIA LTD,1065.05,1074.95,1060.00,1068.55,1070.00,1065.10,,1069.88,,,4316,4607614.00,428,F1,1,,,,,
2026-09-18,2026-09-18,CM,BSE,STK,538568,INE836C01015,FRUTION,XT,,,,,FRUITION VENTURE LTD,32.43,32.43,29.40,31.06,32.43,30.89,,31.06,,,12483,373915.00,24,F1,1,,,,,
2026-09-18,2026-09-18,CM,BSE,STK,538569,INE916P01025,TRIVENIENT,X,,,,,TRIVENI ENTERPRISES LTD,0.97,0.98,0.97,0.98,0.98,0.97,,0.98,,,2569,2499.00,12,F1,1,,,,,
2026-09-18,2026-09-18,CM,BSE,STK,538576,INE336Q01016,BHANDERI,MT,,,,,BHANDERI INFRACON LTD,123.00,123.00,123.00,123.00,123.00,125.00,,123.00,,,9600,1180800.00,2,F1,1200,,,,,
2026-09-18,2026-09-18,CM,BSE,STK,538596,INE222B01028,CEMAINFRA,X,,,,,CEMANTIC INFRA-TECH LIMITED,4.69,4.82,4.69,4.82,4.82,4.71,,4.82,,,301,1422.00,6,F1,1,,,,,
2026-09-18,2026-09-18,CM,BSE,STK,538597,INE404F01031,TTIENT,X,,,,,TTI ENTERPRISE LTD,7.35,7.35,6.88,7.32,7.32,7.30,,7.32,,,4259,31211.00,14,F1,1,,,,,
2026-09-18,2026-09-18,CM,BSE,STK,538598,INE755Q01025,VISHAL,B,,,,,VISHAL FABRICS LTD,18.21,18.47,18.07,18.15,18.15,18.06,,18.22,,,4402,80333.00,91,F1,1,,,,,
2026-09-18,2026-09-18,CM,BSE,STK,538607,INE457P01020,TOYAMSL,B,,,,,TOYAM SPORTS LIMITED,0.78,0.79,0.77,0.79,0.79,0.76,,0.79,,,911247,718285.00,166,F1,1,,,,,
2026-09-18,2026-09-18,CM,BSE,STK,538609,INE868G01019,GAJANANSEC,X,,,,,GAJANAN SECURITIES SERVICES LT,53.90,53.90,50.00,52.75,52.75,52.50,,52.75,,,257,13537.00,35,F1,1,,,,,
2026-09-18,2026-09-18,CM,BSE,STK,538610,INE099D01026,UNISON,XT,,,,,UNISON METALS LTD,0.90,0.97,0.90,0.93,0.93,0.93,,0.93,,,504670,472543.00,300,F1,1,,,,,
2026-09-18,2026-09-18,CM,BSE,STK,538611,INE840I01014,RTFL,Z,,,,,Real Touch Finance Limited,41.40,43.00,41.40,43.00,43.00,41.40,,43.00,,,16,672.00,2,F1,1,,,,,
2026-09-18,2026-09-18,CM,BSE,STK,538634,INE406F01010,VRL,XT,,,,,VASUNDHARA RASAYANS LTD,157.85,158.00,155.00,157.15,158.00,157.40,,157.15,,,2583,404140.00,14,F1,1,,,,,
2026-09-18,2026-09-18,CM,BSE,STK,538635,INE734N01019,SNOWMAN,B,,,,,SNOWMAN LOGISTICS LTD,34.77,35.46,34.12,35.24,35.11,34.53,,35.25,,,9323,324833.00,93,F1,1,,,,,
2026-09-18,2026-09-18,CM,BSE,STK,538646,INE837C01013,QGO,X,,,,,QGO FINANCE LIMITED,38.99,38.99,37.11,38.05,38.05,38.56,,38.05,,,3442,131212.00,40,F1,1,,,,,
2026-09-18,2026-09-18,CM,BSE,STK,538666,INE221J01015,SHARDACROP,A,,,,,Sharda Cropchem Limited,746.35,752.00,736.90,743.05,745.25,742.15,,743.10,,,8380,6218210.00,564,F1,1,,,,,
2026-09-18,2026-09-18,CM,BSE,STK,538668,INE898Q01015,MIIL,B,,,,,Meghna Infracon Infrastructure,700.90,714.50,691.00,708.05,714.00,689.95,,710.96,,,35808,25231693.00,525,F1,1,,,,,
2026-09-18,2026-09-18,CM,BSE,STK,538674,INE158C01014,CITYONLINE,Z,,,,,City Online Services Limited,7.48,7.48,7.45,7.45,7.45,7.30,,7.45,,,21,156.00,2,F1,1,,,,,
2026-09-18,2026-09-18,CM,BSE,STK,538683,INF204KA1UN7,SENSEXBEES,B,,,,,NIPPON INDIA ETF SENSEX,850.55,863.91,850.55,859.28,863.50,856.48,,859.28,,,2452,2102666.00,181,F1,1,,,,,
2026-09-18,2026-09-18,CM,BSE,STK,538685,INE363M01019,SHEMAROO,T,,,,,SHEMAROO ENTERTAINMENT LIMITED,115.65,119.75,115.50,119.75,119.75,115.65,,116.39,,,293,34901.00,4,F1,1,,,,,
2026-09-18,2026-09-18,CM,BSE,STK,538706,INE010R01023,ULTRACAB,X,,,,,Ultracab (India) Limited,8.38,8.98,8.20,8.84,8.84,8.17,,8.84,,,930964,8243694.00,1183,F1,1,,,,,
2026-09-18,2026-09-18,CM,BSE,STK,538707,INE929D01016,RCCL,X,,,,,Rajasthan Cylinders & Containe,31.20,31.20,30.79,30.79,30.79,30.93,,30.79,,,12,370.00,3,F1,1,,,,,
2026-09-18,2026-09-18,CM,BSE,STK,538708,INE937K01014,ETIL,X,,,,,Econo Trade (India) Limited,6.50,6.50,6.20,6.50,6.50,6.56,,6.50,,,513,3334.00,5,F1,1,,,,,
2026-09-18,2026-09-18,CM,BSE,STK,538713,INE011R01013,ATISHAY,X,,,,,Atishay Limited,142.00,142.10,140.00,140.00,140.00,138.80,,140.00,,,739,103689.00,10,F1,1,,,,,
2026-09-18,2026-09-18,CM,BSE,STK,538714,INE475D01010,SANGAMFIN,X,,,,,Sangam Finserv Limited,39.70,40.00,39.00,39.00,39.00,39.75,,39.00,,,1722,68295.00,13,F1,1,,,,,
2026-09-18,2026-09-18,CM,BSE,STK,538715,INE260R01016,DHABRIYA,T,,,,,Dhabriya Polywood Limited,474.00,493.70,454.65,491.95,493.70,478.55,,489.80,,,6477,3022720.00,157,F1,1,,,,,
2026-09-18,2026-09-18,CM,BSE,STK,538716,INE229R01011,ARYACAPM,B,,,,,Aryaman Capital Markets Limite,419.00,419.00,419.00,419.00,419.00,411.50,,419.00,,,5,2095.00,1,F1,1,,,,,
2026-09-18,2026-09-18,CM,BSE,STK,538730,INE111Q01021,PDSL,B,,,,,PDS LIMITED,345.95,352.05,345.60,350.90,350.15,345.45,,351.14,,,1407,492026.00,72,F1,1,,,,,
2026-09-18,2026-09-18,CM,BSE,STK,538732,INE761Q01015,VGCL,B,,,,,Vibrant Global Capital Limited,48.54,48.54,46.00,46.78,46.78,46.26,,47.47,,,1971,92385.00,13,F1,1,,,,,
2026-09-18,2026-09-18,CM,BSE,STK,538734,INE016Q01014,CEINSYS,B,,,,,CEINSYS TECH LIMITED,692.75,715.00,673.30,675.40,679.45,684.40,,675.35,,,12537,8630108.00,858,F1,1,,,,,
2026-09-18,2026-09-18,CM,BSE,STK,538742,INE516E01019,PANABYTE,XT,,,,,PANABYTE TECHNOLOGIES LIMITED,17.35,18.85,17.35,18.57,18.80,17.99,,18.57,,,3095,57485.00,54,F1,1,,,,,
2026-09-18,2026-09-18,CM,BSE,STK,538743,INE491C01027,MUDUNURU,XT,,,,,Mudunuru Limited,7.85,8.00,7.60,7.61,7.61,8.00,,7.61,,,7888,60293.00,14,F1,1,,,,,
2026-09-18,2026-09-18,CM,BSE,STK,538770,INE176L01017,CRANEINFRA,X,,,,,Crane Infrastructure Limited,12.11,12.19,11.50,11.51,11.55,11.34,,11.51,,,1477,17505.00,23,F1,1,,,,,
2026-09-18,2026-09-18,CM,BSE,STK,538772,INE480D01010,NIYOGIN,X,,,,,Niyogin Fintech Limited,56.80,56.80,52.90,55.55,56.69,54.41,,55.55,,,26165,1437588.00,232,F1,1,,,,,
2026-09-18,2026-09-18,CM,BSE,STK,538777,INE131Q01011,ASIACAP,XT,,,,,ASIA CAPITAL LIMITED,128.00,128.00,125.95,126.00,126.00,125.80,,126.00,,,494,62420.00,11,F1,1,,,,,
2026-09-18,2026-09-18,CM,BSE,STK,538778,INE149Q01021,KALYANCAP,X,,,,,Kalyan Capitals Limited,6.68,6.77,6.40,6.43,6.47,6.60,,6.43,,,27926,180969.00,86,F1,1,,,,,
2026-09-18,2026-09-18,CM,BSE,STK,538786,INE473L01018,CITIZEN,X,,,,,Citizen Solar Limited,195.00,201.00,187.00,187.50,187.50,195.00,,187.50,,,418,80398.00,24,F1,1,,,,,
2026-09-18,2026-09-18,CM,BSE,STK,538787,INE997C01015,GBFL,X,,,,,Goenka Business & Finance Limi,10.20,10.38,10.00,10.16,10.13,10.00,,10.16,,,16072,164177.00,64,F1,1,,,,,
2026-09-18,2026-09-18,CM,BSE,STK,538788,INE918C01029,GILADAFINS,X,,,,,Gilada Finance & Investments L,12.65,12.65,11.90,12.35,11.94,12.65,,12.35,,,2669,32661.00,91,F1,1,,,,,
2026-09-18,2026-09-18,CM,BSE,STK,538795,INE185C01017,SAPPL,B,,,,,Shree Ajit Pulp And Paper Ltd.,270.15,286.60,270.00,286.60,286.60,272.40,,276.32,,,705,190431.00,12,F1,1,,,,,
2026-09-18,2026-09-18,CM,BSE,STK,538812,INE322R01022,AANCHALISP,XT,,,,,Aanchal Ispat Limited,65.00,66.00,63.22,64.74,64.68,66.00,,64.74,,,2774,177517.00,22,F1,1,,,,,
2026-09-18,2026-09-18,CM,BSE,STK,538817,INE513R01026,CAPPIPES,B,,,,,Captain Pipes Limited,8.04,8.29,7.56,7.77,7.78,8.05,,7.77,,,222670,1732858.00,633,F1,1,,,,,
2026-09-18,2026-09-18,CM,BSE,STK,538833,INE891N01017,KAIZENAGRO,XT,,,,,KAIZEN AGRO INFRABUILD LIMITED,9.69,9.69,9.65,9.65,9.65,9.77,,9.65,,,2282,22072.00,12,F1,1,,,,,
2026-09-18,2026-09-18,CM,BSE,STK,538834,INE242Q01016,JMJFIN,X,,,,,JMJ Fintech Limited,9.65,9.68,9.30,9.56,9.60,9.51,,9.56,,,13791,131794.00,113,F1,1,,,,,
2026-09-18,2026-09-18,CM,BSE,STK,538835,INE306R01017,INTELLECT,A,,,,,INTELLECT DESIGN ARENA LIMITED,649.00,655.95,642.55,646.90,645.25,651.10,,647.44,,,9471,6128881.00,621,F1,1,,,,,
2026-09-18,2026-09-18,CM,BSE,STK,538836,INE950M01013,MONTECARLO,B,,,,,Monte Carlo Fashions Limited,557.05,562.75,547.25,553.10,552.70,553.35,,553.05,,,6439,3562111.00,334,F1,1,,,,,
2026-09-18,2026-09-18,CM,BSE,STK,538837,INE237B01018,JSTL,X,,,,,Jeevan Scientific Technology L,83.50,83.50,80.50,81.25,81.98,80.66,,81.25,,,4893,399652.00,50,F1,1,,,,,
2026-09-18,2026-09-18,CM,BSE,STK,538838,INE407P01017,ICL,X,,,,,Indo Cotspin Limited,29.00,29.00,27.55,28.95,29.00,29.00,,28.95,,,474,13208.00,8,F1,1,,,,,
2026-09-18,2026-09-18,CM,BSE,STK,538857,INE892C01018,SCC,X,,,,,Scintilla Commercial & Credit,9.90,9.90,9.90,9.90,9.90,9.90,,9.90,,,4912,48628.00,2,F1,1,,,,,
2026-09-18,2026-09-18,CM,BSE,STK,538860,INE655P01029,PANAFIC,XT,,,,,PANAFIC INDUSTRIALS LTD,2.68,2.68,2.68,2.68,2.68,2.63,,2.68,,,164434,440683.00,79,F1,1,,,,,
2026-09-18,2026-09-18,CM,BSE,STK,538862,INE232L01018,MYMONEY,X,,,,,My Money Securities Ltd.,40.60,40.60,38.00,38.49,38.49,36.96,,38.49,,,22,858.00,9,F1,1,,,,,
2026-09-18,2026-09-18,CM,BSE,STK,538868,INE183Q01020,CSL,XT,,,,,Continental Securities Limited,24.70,24.70,23.00,24.23,24.23,24.05,,24.23,,,448540,10727508.00,728,F1,1,,,,,
2026-09-18,2026-09-18,CM,BSE,STK,538874,INE370Q01015,NEXUSSURGL,XT,,,,,NEXUS SURGICAL AND MEDICARE LI,33.00,33.80,30.60,30.67,32.34,32.21,,30.67,,,6875,213699.00,90,F1,1,,,,,
2026-09-18,2026-09-18,CM,BSE,STK,538881,INE243E01010,GALADAFIN,X,,,,,Galada Finance Limited,28.70,30.00,28.70,30.00,30.00,30.19,,30.00,,,436,12518.00,7,F1,1,,,,,
2026-09-18,2026-09-18,CM,BSE,STK,538882,INE030Q01015,EMERALD,X,,,,,Emerald Finance Limited,66.80,66.80,58.90,64.69,64.50,65.26,,64.69,,,68553,4288401.00,420,F1,1,,,,,
2026-09-18,2026-09-18,CM,BSE,STK,538890,INE227F01010,MKEXIM,B,,,,,M. K. Exim (India) Ltd.,68.09,70.00,67.00,68.75,69.40,67.51,,68.41,,,40855,2796820.00,294,F1,1,,,,,
2026-09-18,2026-09-18,CM,BSE,STK,538891,INE613C01026,MCLOUD,B,,,,,MAGELLANIC CLOUD LIMITED,25.05,25.55,25.05,25.23,25.45,25.20,,25.29,,,104804,2649463.00,296,F1,1,,,,,
2026-09-18,2026-09-18,CM,BSE,STK,538894,INE513C01010,OCTAL,X,,,,,Octal Credit Capital Ltd.,18.85,18.85,18.85,18.85,18.85,18.85,,18.85,,,10,188.00,2,F1,1,,,,,
2026-09-18,2026-09-18,CM,BSE,STK,538895,INE779Q01017,MIHIKA,XT,,,,,Mihika Industries Ltd.,11.90,11.90,10.96,11.62,11.69,11.53,,11.62,,,2695,30370.00,16,F1,1,,,,,
2026-09-18,2026-09-18,CM,BSE,STK,538896,INE081G01019,KANCHI,B,,,,,Kanchi Karpooram Ltd.,391.95,393.80,382.00,393.10,393.80,390.00,,388.21,,,127,49377.00,25,F1,1,,,,,
2026-09-18,2026-09-18,CM,BSE,STK,538897,INE201F01015,SHRINIWAS,XT,,,,,Shri Niwas Leasing and Finance,12.00,12.61,11.42,12.61,12.61,12.01,,12.61,,,5000,57961.00,17,F1,1,,,,,
2026-09-18,2026-09-18,CM,BSE,STK,538902,INE341R01014,DTIL,T,,,,,Dhunseri Tea & Industries Ltd,136.00,142.25,136.00,137.20,142.25,142.25,,138.40,,,326,44771.00,16,F1,1,,,,,
2026-09-18,2026-09-18,CM,BSE,STK,538918,INE661Q01017,VANICOM,X,,,,,Vani Commercials Limited,8.00,8.00,7.81,8.00,8.00,8.10,,8.00,,,4324,34591.00,10,F1,1,,,,,
2026-09-18,2026-09-18,CM,BSE,STK,538920,INE498Q01014,VINCOFE,B,,,,,VINTAGE COFFEE AND BEVERAGES L,173.50,177.85,172.65,174.25,174.90,176.05,,174.19,,,79155,13803391.00,1108,F1,1,,,,,
2026-09-18,2026-09-18,CM,BSE,STK,538922,INE029B01019,COSYN,X,,,,,COSYN Limited,22.00,23.95,21.80,21.95,21.82,22.37,,21.95,,,1908,42009.00,22,F1,1,,,,,
2026-09-18,2026-09-18,CM,BSE,STK,538923,INE499Q01012,SOFCOM,XT,,,,,SOFCOM SYSTEMS LIMITED,16.78,17.10,16.19,16.96,17.00,16.87,,16.96,,,117885,1975970.00,123,F1,1,,,,,
2026-09-18,2026-09-18,CM,BSE,STK,538926,INE223R01014,NAPL,X,,,,,Naturite Agro Products Limited,187.00,191.70,170.60,178.30,189.40,183.90,,178.30,,,39395,7065940.00,437,F1,1,,,,,
2026-09-18,2026-09-18,CM,BSE,STK,538928,INE554R01020,KARNAVATI,X,,,,,Karnavati Finance Limited,1.40,1.40,1.30,1.36,1.30,1.35,,1.36,,,11463,15750.00,31,F1,1,,,,,
2026-09-18,2026-09-18,CM,BSE,STK,538935,INE723C01015,ABHIFIN,X,,,,,Abhishek Finlease limited,68.00,68.00,68.00,68.00,68.00,65.20,,68.00,,,51,3468.00,2,F1,1,,,,,
2026-09-18,2026-09-18,CM,BSE,STK,538942,INE689O01013,MERCANTILE,B,,,,,Mercantile Ventures Limited,23.88,23.88,23.66,23.66,23.66,22.10,,22.73,,,46,1098.00,3,F1,1,,,,,
2026-09-18,2026-09-18,CM,BSE,STK,538952,INE211D01027,ALFL,X,,,,,Abhinav Leasing & Finance Limi,1.01,1.22,1.01,1.09,1.09,1.03,,1.09,,,69692,81208.00,25,F1,1,,,,,
2026-09-18,2026-09-18,CM,BSE,STK,538961,INE949P01018,GENUSPAPER,B,,,,,GENUS PAPER & BOARDS LIMITED,11.17,11.50,10.96,11.26,11.40,11.30,,11.40,,,2635,29381.00,53,F1,1,,,,,
2026-09-18,2026-09-18,CM,BSE,STK,538962,INE842C01021,MINDACORP,A,,,,,Minda Corporation Limited,682.30,696.45,682.30,691.25,695.00,681.60,,691.44,,,10621,7337357.00,738,F1,1,,,,,
2026-09-18,2026-09-18,CM,BSE,STK,538964,INE947G01011,MERCURYLAB,X,,,,,Mercury Laboratories Limited,780.00,780.00,780.00,780.00,780.00,781.00,,780.00,,,137,106860.00,2,F1,1,,,,,
2026-09-18,2026-09-18,CM,BSE,STK,538965,INE858L01010,CONCORD,X,,,,,Concord Drugs Limited,79.98,79.98,75.20,75.30,75.30,77.02,,75.30,,,3751,283423.00,75,F1,1,,,,,
2026-09-18,2026-09-18,CM,BSE,STK,538970,INE945P01024,WARDINMOBI,B,,,,,WARDWIZARD INNOVATIONS AND MOB,5.68,5.79,5.61,5.76,5.72,5.68,,5.73,,,52275,298234.00,229,F1,1,,,,,
2026-09-18,2026-09-18,CM,BSE,STK,538975,INE397C01026,SHREESEC,Z,,,,,Shree Securities Ltd.,0.20,0.20,0.19,0.19,0.19,0.19,,0.19,,,211685,40420.00,86,F1,1,,,,,
2026-09-18,2026-09-18,CM,BSE,STK,538979,INE544R01021,GREENLAM,B,,,,,Greenlam Industries Ltd,239.05,239.05,229.35,232.00,231.00,236.25,,231.51,,,1208,280971.00,66,F1,1,,,,,
2026-09-18,2026-09-18,CM,BSE,STK,538987,INE717E01013,TALBROSENG,X,,,,,TALBROS ENGINEERING LIMITED,621.20,630.00,617.15,620.25,627.95,622.60,,620.25,,,1537,957501.00,70,F1,1,,,,,
2026-09-18,2026-09-18,CM,BSE,STK,538992,INE002E01010,SAPL,XT,,,,,Sar  Auto Products Limited,6303.00,6534.15,6223.00,6532.30,6530.00,6223.00,,6532.30,,,76,493588.00,26,F1,1,,,,,
2026-09-18,2026-09-18,CM,BSE,STK,539006,INE596F01018,PTCIL,A,,,,,PTC Industries Ltd.,22989.95,23400.55,22700.00,22803.90,22803.90,22607.80,,22804.98,,,2188,50546554.00,689,F1,1,,,,,
2026-09-18,2026-09-18,CM,BSE,STK,539011,INE777O01016,CHENFERRO,X,,,,,CHENNAI FERROUS INDUSTRIES LIM,74.75,77.00,66.30,70.93,70.93,73.58,,70.93,,,1369,103490.00,75,F1,1,,,,,
2026-09-18,2026-09-18,CM,BSE,STK,539012,INE756R01013,MEGRISOFT,X,,,,,Megri Soft Limited,87.00,87.00,77.65,79.00,79.00,85.00,,79.00,,,317,25064.00,12,F1,1,,,,,
2026-09-18,2026-09-18,CM,BSE,STK,539013,INE776O01018,GITARENEW,X,,,,,GITA RENEWABLE ENERGY LIMITED,72.00,72.00,66.35,68.48,70.95,72.74,,68.48,,,723,49604.00,43,F1,1,,,,,
2026-09-18,2026-09-18,CM,BSE,STK,539014,INE059Q01014,KALPACOMME,X,,,,,Kalpa Commercial Limited,8.47,8.47,7.22,7.50,7.50,8.23,,7.50,,,17354,128558.00,25,F1,1,,,,,
2026-09-18,2026-09-18,CM,BSE,STK,539016,INE396C01010,NEIL,X,,,,,Neil Industries Ltd.,6.59,6.59,6.16,6.49,6.49,6.47,,6.49,,,3744,24091.00,21,F1,1,,,,,
2026-09-18,2026-09-18,CM,BSE,STK,539017,INE526R01028,STARHFL,X,,,,,STAR HOUSING FINANCE LIMITED,4.80,4.81,4.60,4.65,4.61,4.59,,4.65,,,157433,748307.00,124,F1,1,,,,,
2026-09-18,2026-09-18,CM,BSE,STK,539018,INE213D01015,BEEKAY,B,,,,,Beekay Steel Industries Ltd.,421.50,434.50,421.50,434.50,434.50,421.00,,430.06,,,76,32060.00,38,F1,1,,,,,
2026-09-18,2026-09-18,CM,BSE,STK,539031,INF200KA1572,SETFBSE100,B,,,,,SBI Mutual Fund,277.97,279.75,277.78,279.35,279.35,277.97,,279.35,,,737,206113.00,7,F1,1,,,,,
2026-09-18,2026-09-18,CM,BSE,STK,539032,INE184Q01010,FRASER,X,,,,,Fraser And Company Limited,8.95,8.95,8.15,8.65,8.65,8.54,,8.65,,,13764,116118.00,23,F1,1,,,,,
2026-09-18,2026-09-18,CM,BSE,STK,539040,INE812Q01016,TIRUPATIIN,X,,,,,TIRUPATI INNOVAR LIMITED,6.03,6.38,6.03,6.17,6.17,6.23,,6.17,,,36291,225002.00,169,F1,1,,,,,
2026-09-18,2026-09-18,CM,BSE,STK,539041,INE369Q01017,GANVERSE,MT,,,,,GANESHA ECOVERSE LIMITED,24.71,26.85,24.55,26.08,26.85,25.84,,26.08,,,37500,926912.00,11,F1,1250,,,,,
2026-09-18,2026-09-18,CM,BSE,STK,539042,INE976R01033,AGIIL,B,,,,,AGI Infra Limited,268.40,273.35,266.00,270.85,270.85,265.70,,270.47,,,23476,6355688.00,262,F1,1,,,,,
2026-09-18,2026-09-18,CM,BSE,STK,539044,INE824Q01011,MANAKSTEEL,T,,,,,Manaksia Steels Limited,108.00,108.00,105.05,105.61,105.13,106.42,,107.55,,,2598,276873.00,31,F1,1,,,,,
2026-09-18,2026-09-18,CM,BSE,STK,539045,INE859Q01017,MANAKALUCO,B,,,,,Manaksia Aluminium Company Ltd,36.00,36.33,35.65,35.65,35.65,35.63,,35.87,,,1204,43297.00,49,F1,1,,,,,
2026-09-18,2026-09-18,CM,BSE,STK,539046,INE830Q01018,MANAKCOAT,B,,,,,Manaksia Coated Metals & Indus,129.10,131.90,128.00,129.30,129.30,129.75,,129.22,,,21380,2758425.00,316,F1,1,,,,,
2026-09-18,2026-09-18,CM,BSE,STK,539056,INE172N01012,IMAGICAA,B,,,,,IMAGICAAWORLD ENTERTAINMENT LI,51.70,54.80,51.05,52.72,53.05,51.09,,52.81,,,90618,4863886.00,607,F1,1,,,,,
2026-09-18,2026-09-18,CM,BSE,STK,539083,INE066P01011,INOXWIND,A,,,,,Inox Wind Limited,74.26,75.90,74.25,74.95,74.95,74.35,,76.79,,,551806,41428606.00,3254,F1,1,,,,,
2026-09-18,2026-09-18,CM,BSE,STK,539090,INE751R01014,RAJPUTANA,X,,,,,Rajputana Investment and Finan,30.50,30.50,29.00,30.08,30.15,30.00,,30.08,,,121,3588.00,13,F1,1,,,,,
2026-09-18,2026-09-18,CM,BSE,STK,539091,INE187R01029,CCDL,XT,,,,,Consecutive Commodities Limite,1.09,1.09,1.09,1.09,1.09,1.14,,1.09,,,325348,354629.00,296,F1,1,,,,,
2026-09-18,2026-09-18,CM,BSE,STK,539097,INE904R01027,URSUGAR,T,,,,,UR SUGAR INDUSTRIES LIMITED,3.00,3.00,2.91,2.92,2.92,3.03,,2.92,,,23909,70008.00,85,F1,1,,,,,
2026-09-18,2026-09-18,CM,BSE,STK,539110,INE736P01019,NORTHLINK,Z,,,,,Northlink Fiscal And Capital S,40.27,40.27,40.27,40.27,40.27,41.09,,40.27,,,5,201.00,2,F1,1,,,,,
2026-09-18,2026-09-18,CM,BSE,STK,539111,INE193R01019,SHESHAINDS,X,,,,,SHESHADRI INDUSTRIES LIMITED,18.50,18.50,18.50,18.50,18.50,18.70,,18.50,,,87,1609.00,2,F1,1,,,,,
2026-09-18,2026-09-18,CM,BSE,STK,539113,INE291E01019,PML,B,,,,,Paul Merchants Ltd.,481.05,483.45,481.00,481.00,481.00,480.60,,496.15,,,68,32727.00,6,F1,1,,,,,
2026-09-18,2026-09-18,CM,BSE,STK,539115,INE273F01022,ALANSCOTT,XT,,,,,ALAN SCOTT ENTERPRISES LIMITED,257.00,262.00,252.20,257.95,255.00,251.00,,257.95,,,2956,758358.00,40,F1,1,,,,,
2026-09-18,2026-09-18,CM,BSE,STK,539117,INE029H01016,SUJALA,X,,,,,Sujala Trading & Holding Ltd.,13.30,13.30,12.86,13.16,13.18,12.97,,13.16,,,38025,494881.00,94,F1,1,,,,,
2026-09-18,2026-09-18,CM,BSE,STK,539118,INE366I01010,VRLLOG,B,,,,,VRL Logistics Limited,286.10,295.20,286.10,292.85,294.45,288.05,,293.54,,,12838,3726888.00,350,F1,1,,,,,
2026-09-18,2026-09-18,CM,BSE,STK,539120,INE578R01011,GRAMEVA,XT,,,,,GRAMEVA LIMITED,89.99,89.99,89.50,89.50,89.50,86.00,,89.50,,,3,269.00,3,F1,1,,,,,
2026-09-18,2026-09-18,CM,BSE,STK,539121,INE239L01013,PALCO,X,,,,,Palco Metals Limited,160.90,169.20,158.40,164.55,165.00,158.40,,164.55,,,4449,734100.00,44,F1,1,,,,,
2026-09-18,2026-09-18,CM,BSE,STK,539122,INE104F01029,BODHTREE,X,,,,,Bodhtree Consulting Limited,13.50,13.75,13.10,13.13,13.12,13.16,,13.13,,,2584,34010.00,24,F1,1,,,,,
2026-09-18,2026-09-18,CM,BSE,STK,539123,INE334E01017,VBIND,X,,,,,V B INDUSTRIES LIMITED,8.65,9.00,8.36,8.46,8.90,8.65,,8.46,,,4321,37100.00,28,F1,1,,,,,
2026-09-18,2026-09-18,CM,BSE,STK,539126,INE776I01010,MEP,Z,,,,,MEP Infrastructure Developers,0.65,0.66,0.64,0.65,0.65,0.65,,0.65,,,28775,18685.00,32,F1,1,,,,,
2026-09-18,2026-09-18,CM,BSE,STK,539132,INE761D01021,WARDWIZFBL,X,,,,,Wardwizard Foods and Beverages,9.66,9.66,9.25,9.39,9.35,9.46,,9.39,,,82521,777546.00,173,F1,1,,,,,
2026-09-18,2026-09-18,CM,BSE,STK,539141,INE527H01019,UFO,B,,,,,UFO Moviez India Limited,65.70,65.70,60.01,61.00,60.50,61.18,,60.95,,,558,34058.00,22,F1,1,,,,,
2026-09-18,2026-09-18,CM,BSE,STK,539143,INE945O01019,PANTH,X,,,,,PANTH INFINITY LIMITED,9.93,9.93,9.46,9.81,9.84,9.46,,9.81,,,9264,90282.00,56,F1,1,,,,,
2026-09-18,2026-09-18,CM,BSE,STK,539148,INE788J01021,SHIVALIK,B,,,,,Shivalik Rasayan Ltd.,350.65,379.00,350.65,370.15,372.75,369.40,,372.04,,,6175,2287765.00,391,F1,1,,,,,
2026-09-18,2026-09-18,CM,BSE,STK,539149,INE682B01023,ICSL,X,,,,,Integrated Capital Services Lt,3.62,3.65,3.41,3.50,3.50,3.55,,3.50,,,10099,35708.00,22,F1,1,,,,,
2026-09-18,2026-09-18,CM,BSE,STK,539150,INE195J01029,PNCINFRA,A,,,,,PNC Infratech Limited,139.05,141.15,135.75,138.80,138.25,139.60,,138.86,,,207336,28700714.00,1944,F1,1,,,,,
2026-09-18,2026-09-18,CM,BSE,STK,539151,INE784R01023,ARFIN,B,,,,,Arfin India Limited,88.00,94.12,87.05,89.53,89.98,88.05,,89.62,,,280102,25414639.00,1510,F1,1,,,,,
2026-09-18,2026-09-18,CM,BSE,STK,539167,INE347L01022,VLL,X,,,,,Virat Leasing Limited,60.50,60.50,60.50,60.50,60.50,61.00,,60.50,,,1,60.00,1,F1,1,,,,,
2026-09-18,2026-09-18,CM,BSE,STK,539174,INE738P01015,HELPAGE,X,,,,,Helpage Finlease Ltd.,21.95,23.50,21.95,23.50,23.50,22.26,,23.50,,,2,45.00,2,F1,1,,,,,
2026-09-18,2026-09-18,CM,BSE,STK,539176,INE230I01018,HAWAENG,X,,,,,Hawa Engineers ltd.,78.01,78.99,78.01,78.99,78.99,78.80,,78.99,,,8,627.00,4,F1,1,,,,,
2026-09-18,2026-09-18,CM,BSE,STK,539177,INE206F01022,AIIL,A,,,,,Authum Investment & Infrastruc,528.85,562.60,528.85,559.50,559.85,527.10,,559.01,,,25474,13998669.00,998,F1,1,,,,,
2026-09-18,2026-09-18,CM,BSE,STK,539195,INE035S01028,POEL,B,,,,,POCL ENTERPRISES LTD,136.25,142.60,135.75,137.45,137.05,138.05,,137.23,,,9548,1336961.00,425,F1,1,,,,,
2026-09-18,2026-09-18,CM,BSE,STK,539196,INE829P01020,AEL,X,,,,,Amba Enterprises Ltd.,120.50,121.00,116.50,117.25,119.75,121.90,,117.25,,,9392,1115519.00,115,F1,1,,,,,
2026-09-18,2026-09-18,CM,BSE,STK,539199,INE618R01015,SGFIN,B,,,,,SG FINSERVE LIMITED,628.10,636.55,624.05,631.85,632.00,618.90,,631.10,,,7319,4610475.00,335,F1,1,,,,,
2026-09-18,2026-09-18,CM,BSE,STK,539200,INE203Q01026,NOBPOL,XT,,,,,NOBLE POLYMERS LIMITED,14.77,14.77,14.77,14.77,14.77,14.49,,14.77,,,4862,71811.00,10,F1,1,,,,,
2026-09-18,2026-09-18,CM,BSE,STK,539201,INE170E01023,SATIA,B,,,,,SATIA INDUSTRIES LIMITED,68.00,68.85,66.79,68.63,68.42,68.01,,68.47,,,6511,442400.00,327,F1,1,,,,,
2026-09-18,2026-09-18,CM,BSE,STK,539206,INE574D01010,GVBL,X,,,,,GENOMIC VALLEY BIOTECH LIMITED,31.69,31.69,28.73,28.73,28.73,30.24,,28.73,,,723,20786.00,7,F1,1,,,,,
2026-09-18,2026-09-18,CM,BSE,STK,539216,INE653S01028,GARMNTMNTR,X,,,,,GARMENT MANTRA LIFESTYLE LIMIT,1.12,1.13,1.11,1.12,1.12,1.11,,1.12,,,1042165,1167540.00,130,F1,1,,,,,
2026-09-18,2026-09-18,CM,BSE,STK,539217,INE606K01049,SRESTHA,X,,,,,Srestha Finvest Limited,0.26,0.26,0.24,0.25,0.25,0.25,,0.25,,,2823000,689231.00,383,F1,1,,,,,
2026-09-18,2026-09-18,CM,BSE,STK,539219,INE150D01027,MUL,X,,,,,MAURIA UDYOG LIMITED,7.77,7.77,7.41,7.72,7.74,7.55,,7.72,,,13867,105558.00,67,F1,1,,,,,
2026-09-18,2026-09-18,CM,BSE,STK,539220,INE540S01019,MISHKA,X,,,,,Mishka Exim Limited,43.00,43.00,42.59,42.70,42.70,43.00,,42.70,,,1695,72574.00,11,F1,1,,,,,
2026-09-18,2026-09-18,CM,BSE,STK,539221,INE885H01029,SPORTKING,B,,,,,Sportking India Ltd.,201.80,205.80,201.05,203.70,204.60,200.95,,203.85,,,8960,1822737.00,296,F1,1,,,,,
2026-09-18,2026-09-18,CM,BSE,STK,539222,INE451S01027,GROWINGTON,B,,,,,GROWINGTON VENTURES INDIA LIMI,0.87,0.95,0.86,0.92,0.92,0.90,,0.92,,,8124889,7400843.00,621,F1,1,,,,,
2026-09-18,2026-09-18,CM,BSE,STK,539224,INE345Q01017,HCKKVENTURE,XT,,,,,HCKK Ventures Limited,31.83,31.83,28.81,28.85,31.00,30.32,,28.85,,,153,4425.00,5,F1,1,,,,,
2026-09-18,2026-09-18,CM,BSE,STK,539226,INE027T01023,RUDRA,B,,,,,RUDRA GLOBAL INFRA PRODUCTS LI,20.01,21.00,20.01,20.42,20.43,20.79,,20.59,,,19045,389542.00,109,F1,1,,,,,
2026-09-18,2026-09-18,CM,BSE,STK,539227,INE876S01017,LOYAL,X,,,,,Loyal Equipments Limited,138.00,138.00,131.55,132.70,134.40,130.95,,132.70,,,3881,519235.00,91,F1,1,,,,,
2026-09-18,2026-09-18,CM,BSE,STK,539228,INE480S01026,GGPL,Z,,,,,Gala Global Products Limited,1.38,1.38,1.38,1.38,1.38,1.32,,1.38,,,86483,119346.00,28,F1,1,,,,,
2026-09-18,2026-09-18,CM,BSE,STK,539251,INE875R01011,BALKRISHNA,B,,,,,Balkrishna Paper Mills Ltd.,16.66,17.06,16.00,16.96,16.96,16.66,,16.43,,,1745,28595.00,21,F1,1,,,,,
2026-09-18,2026-09-18,CM,BSE,STK,539252,INE979R01011,SHYAMCENT,T,,,,,Shyam Century Ferrous Limited,4.90,5.06,4.90,4.95,5.03,4.98,,5.05,,,4634,22857.00,25,F1,1,,,,,
2026-09-18,2026-09-18,CM,BSE,STK,539254,INE931S01010,ADANIENSOL,A,,,,,Adani Energy Solutions Limited,1381.00,1437.00,1381.00,1415.00,1415.00,1382.00,,1436.07,,,73961,104956664.00,4018,F1,1,,,,,
2026-09-18,2026-09-18,CM,BSE,STK,539255,INE541K01014,STARDELTA,X,,,,,STAR DELTA TRANSFORMERS LIMITE,468.95,468.95,450.00,457.40,461.00,453.55,,457.40,,,439,200256.00,67,F1,1,,,,,
2026-09-18,2026-09-18,CM,BSE,STK,539267,INE579N01018,SAMSRITA,X,,,,,SAMSRITA LABS LIMITED,12.12,12.12,11.43,11.44,11.45,12.00,,11.44,,,8624,101717.00,12,F1,1,,,,,
2026-09-18,2026-09-18,CM,BSE,STK,539268,INE398R01022,SYNGENE,A,,,,,Syngene International Limited,380.35,383.95,366.80,369.25,369.25,379.95,,369.06,,,103568,38627130.00,5352,F1,1,,,,,
2026-09-18,2026-09-18,CM,BSE,STK,539275,INE829S01016,MSL,B,,,,,Mangalam Seeds Limited,144.95,146.00,143.00,145.05,146.00,128.00,,144.40,,,409,59063.00,12,F1,1,,,,,
2026-09-18,2026-09-18,CM,BSE,STK,539276,INE587G01015,KAYA,T,,,,,Kaya Limited,333.50,335.20,333.50,335.20,335.20,319.25,,341.00,,,157,52600.00,10,F1,1,,,,,
2026-09-18,2026-09-18,CM,BSE,STK,539278,INE653R01012,SYMBIOX,X,,,,,Symbiox Investment & Trading C,1.95,2.00,1.91,2.00,2.00,1.95,,2.00,,,12643,24839.00,16,F1,1,,,,,
2026-09-18,2026-09-18,CM,BSE,STK,539287,INE749B01020,ORTINGLOBE,B,,,,,ORTIN GLOBAL LIMITED,16.89,16.89,15.93,15.98,15.93,16.64,,15.87,,,650,10434.00,9,F1,1,,,,,
2026-09-18,2026-09-18,CM,BSE,STK,539289,INE898S01029,AURUM,B,,,,,AURUM PROPTECH LIMITED,221.40,221.50,218.85,220.70,220.05,221.00,,219.78,,,998,219930.00,68,F1,1,,,,,
2026-09-18,2026-09-18,CM,BSE,STK,539290,INE143A01010,OSWALGREEN,B,,,,,Oswal Greentech Limited,19.01,19.75,18.68,19.36,19.55,19.23,,19.43,,,16791,322440.00,178,F1,1,,,,,
2026-09-18,2026-09-18,CM,BSE,STK,539300,INE671K01027,SUNRAKSHAK,B,,,,,SUNRAKSHAKK INDUSTRIES INDIA L,369.90,379.10,363.60,364.00,364.00,365.60,,368.50,,,2123,780260.00,117,F1,1,,,,,
2026-09-18,2026-09-18,CM,BSE,STK,539301,INE034S01021,ARVSMART,B,,,,,Arvind SmartSpaces Limited,557.95,561.70,543.00,552.50,543.05,555.60,,550.14,,,3513,1947677.00,257,F1,1,,,,,
2026-09-18,2026-09-18,CM,BSE,STK,539302,INE211R01019,POWERMECH,A,,,,,Power Mech Projects Limited,2347.60,2394.15,2343.80,2384.60,2394.00,2338.95,,2371.67,,,1153,2732435.00,230,F1,1,,,,,
2026-09-18,2026-09-18,CM,BSE,STK,539309,INE230R01035,RAMASTEEL,T,,,,,Rama Steel Tubes Limited,4.20,4.31,4.02,4.29,4.29,4.11,,4.28,,,574928,2424656.00,796,F1,1,,,,,
2026-09-18,2026-09-18,CM,BSE,STK,539310,INE365S01045,THINKINK,X,,,,,THINKINK PICTUREZ LIMITED,0.19,0.19,0.19,0.19,0.19,0.19,,0.19,,,356291,67695.00,97,F1,1,,,,,
2026-09-18,2026-09-18,CM,BSE,STK,539312,INF789FB1X58,SENSEXBETA,B,,,,,UTI BSE Sensex ETF,818.97,829.00,818.97,827.00,827.00,827.25,,832.87,,,126,103267.00,26,F1,1,,,,,
2026-09-18,2026-09-18,CM,BSE,STK,539313,INF789F1AZC0,NIFTYBETA,B,,,,,UTI Mutual Fund,258.13,259.75,258.13,259.05,259.75,259.00,,259.77,,,1478,381923.00,24,F1,1,,,,,
2026-09-18,2026-09-18,CM,BSE,STK,539314,INE203T01012,UNIAUTO,B,,,,,Universal Autofoundry Limited,49.12,50.74,49.10,49.85,49.60,50.01,,49.85,,,4506,224496.00,60,F1,1,,,,,
2026-09-18,2026-09-18,CM,BSE,STK,539331,INE918N01018,VETO,T,,,,,VETO SWITCHGEARS AND CABLES LI,133.05,138.60,133.05,138.60,138.60,132.00,,139.15,,,10269,1411965.00,101,F1,1,,,,,
2026-09-18,2026-09-18,CM,BSE,STK,539332,INE278M01019,NAVKARCORP,B,,,,,Navkar Corporation Limited,87.63,89.20,87.42,88.81,88.99,87.76,,88.91,,,27308,2405499.00,391,F1,1,,,,,
2026-09-18,2026-09-18,CM,BSE,STK,539334,INE712K01011,SHREEPUSHK,B,,,,,Shree Pushkar Chemicals & Fert,508.10,517.70,500.70,513.60,517.70,513.80,,514.28,,,2532,1280925.00,143,F1,1,,,,,
2026-09-18,2026-09-18,CM,BSE,STK,539335,INE714Q01014,CALLISTA,XT,,,,,Callista Industries Limited,133.95,142.50,133.95,133.95,133.95,140.95,,133.95,,,2442,329393.00,36,F1,1,,,,,
2026-09-18,2026-09-18,CM,BSE,STK,539336,INE844O01030,GUJENERGY,A,,,,,Gujarat Energy Limited,239.15,251.00,238.35,245.30,245.30,239.60,,244.66,,,335252,82078630.00,7645,F1,1,,,,,
2026-09-18,2026-09-18,CM,BSE,STK,539337,INE725P01012,WAAREE,M,,,,,WAAREE TECHNOLOGIES LIMITED,202.00,207.05,202.00,206.00,205.00,204.05,,206.00,,,3500,717360.00,20,F1,175,,,,,
2026-09-18,2026-09-18,CM,BSE,STK,539346,INE764L01010,SADBHIN,B,,,,,Sadbhav Infrastructure Project,2.44,2.57,2.44,2.55,2.56,2.50,,2.54,,,37990,96145.00,69,F1,1,,,,,
2026-09-18,2026-09-18,CM,BSE,STK,539353,INE724G01014,SALAUTO,X,,,,,SAL AUTOMOTIVE LIMITED,190.00,198.00,190.00,192.15,192.05,192.00,,192.15,,,400,77009.00,35,F1,1,,,,,
2026-09-18,2026-09-18,CM,BSE,STK,539354,INE914G01029,POLYSPIN,B,,,,,Polyspin Exports Ltd.,28.07,28.07,28.06,28.06,28.06,28.08,,28.06,,,50,1403.00,2,F1,1,,,,,
2026-09-18,2026-09-18,CM,BSE,STK,539359,INE583R01029,PRITIKAUTO,T,,,,,Pritika Auto Industries Limite,14.78,14.95,14.68,14.86,14.75,14.60,,14.83,,,18561,276240.00,61,F1,1,,,,,
2026-09-18,2026-09-18,CM,BSE,STK,539383,INE019D01016,MAHAVEER,Z,,,,,Mahaveer Infoway Limited,10.00,10.00,10.00,10.00,10.00,10.51,,10.00,,,55,550.00,3,F1,1,,,,,
2026-09-18,2026-09-18,CM,BSE,STK,539391,INE636B01011,ACME,Z,,,,,Acme Resources Limited,28.71,28.71,28.69,28.70,28.70,27.59,,28.70,,,2614,75005.00,9,F1,1,,,,,
2026-09-18,2026-09-18,CM,BSE,STK,539398,INE060T01024,VISHALBL,B,,,,,Vishal Bearings Limited,55.89,56.00,52.51,53.77,55.30,52.18,,53.77,,,908,50029.00,40,F1,1,,,,,
2026-09-18,2026-09-18,CM,BSE,STK,539399,INE344T01014,BELLACASA,B,,,,,Bella Casa Fashion & Retail Li,251.05,263.20,250.20,256.90,256.90,250.20,,262.23,,,518,131621.00,65,F1,1,,,,,
2026-09-18,2026-09-18,CM,BSE,STK,539400,INE389C01015,MALLCOM,B,,,,,MALLCOM (INDIA) LTD.,962.70,976.45,957.00,969.55,970.00,957.50,,968.90,,,46,44460.00,20,F1,1,,,,,
2026-09-18,2026-09-18,CM,BSE,STK,539402,INE256S01012,NAKSH,Z,,,,,Naksh Precious Metals Limited,3.78,3.78,3.60,3.62,3.61,3.77,,3.62,,,4325,15638.00,15,F1,1,,,,,
2026-09-18,2026-09-18,CM,BSE,STK,539404,INE836B01017,SATIN,B,,,,,SATIN CREDITCARE NETWORK LIMIT,218.45,220.45,218.20,219.70,219.10,219.70,,219.32,,,4858,1065035.00,135,F1,1,,,,,
2026-09-18,2026-09-18,CM,BSE,STK,539405,INE183R01010,DITCO,X,,,,,Decorous Investment and Tradin,13.95,13.95,13.01,13.01,13.01,14.02,,13.01,,,1626,22293.00,7,F1,1,,,,,
2026-09-18,2026-09-18,CM,BSE,STK,539407,INE854S01022,GENCON,B,,,,,Generic Engineering Constructi,39.73,40.00,39.53,39.61,39.60,39.49,,40.01,,,611,24307.00,52,F1,1,,,,,
2026-09-18,2026-09-18,CM,BSE,STK,539408,INE594R01018,KUBERJI,XT,,,,,Kuber Udyog Limited,51.06,52.49,48.03,51.50,50.50,50.06,,51.50,,,20231,1028391.00,90,F1,1,,,,,
2026-09-18,2026-09-18,CM,BSE,STK,539428,INE030T01027,TEJNAKSH,X,,,,,Tejnaksh Healthcare Limited,14.25,14.25,12.90,13.60,13.60,13.99,,13.60,,,4983,65416.00,33,F1,1,,,,,
2026-09-18,2026-09-18,CM,BSE,STK,539435,INE201C01012,RFSL,X,,,,,Richfield Financial Services L,19.27,19.27,19.27,19.27,19.27,19.27,,19.27,,,450,8671.00,3,F1,1,,,,,
2026-09-18,2026-09-18,CM,BSE,STK,539436,INE335K01011,COFFEEDAY,B,,,,,Coffee Day Enterprises Limited,31.45,31.45,30.23,30.56,30.60,30.78,,30.52,,,23901,728834.00,242,F1,1,,,,,
2026-09-18,2026-09-18,CM,BSE,STK,539437,INE092T01019,IDFCFIRSTB,A,,,,,IDFC FIRST BANK LIMITED,86.18,87.15,86.00,86.35,86.35,86.21,,85.92,,,470838,40780874.00,5139,F1,1,,,,,
2026-09-18,2026-09-18,CM,BSE,STK,539448,INE646L01027,INDIGO,A,,,,,InterGlobe Aviation Limited,4912.20,4965.90,4883.80,4899.10,4899.10,4854.00,,4919.83,,,39577,195044298.00,4006,F1,1,,,,,
2026-09-18,2026-09-18,CM,BSE,STK,539449,INE099S01016,IGCIL,X,,,,,IGC Industries Limited,2.00,2.00,1.95,1.97,1.96,1.99,,1.97,,,24467,48469.00,57,F1,1,,,,,
2026-09-18,2026-09-18,CM,BSE,STK,539450,INE500L01026,SHK,B,,,,,S H Kelkar and Company Limited,140.50,143.35,132.90,136.85,136.00,138.80,,137.03,,,60228,8315248.00,549,F1,1,,,,,
2026-09-18,2026-09-18,CM,BSE,STK,539455,INE360S01012,ECOFINITY,X,,,,,ECOFINITY ATOMIX LIMITED,66.21,70.51,66.21,69.82,70.50,69.99,,69.82,,,8392,582757.00,29,F1,1,,,,,
2026-09-18,2026-09-18,CM,BSE,STK,539469,INE258R01028,PANORAMA,B,,,,,PANORAMA STUDIOS INTERNATIONAL,52.70,53.50,52.05,53.21,53.21,52.66,,53.26,,,21229,1121522.00,200,F1,1,,,,,
2026-09-18,2026-09-18,CM,BSE,STK,539470,INE051N01026,SHREEGANES,X,,,,,Shree Ganesh Biotech (India) L,0.47,0.48,0.46,0.48,0.48,0.46,,0.48,,,507172,236420.00,259,F1,1,,,,,
2026-09-18,2026-09-18,CM,BSE,STK,539479,INE910R01024,GTV,X,,,,,GTV Engineering Limited,63.99,64.88,62.20,63.91,63.91,62.34,,63.91,,,50521,3192774.00,295,F1,1,,,,,
2026-09-18,2026-09-18,CM,BSE,STK,539480,INF767K01OS7,LICNETFN50,B,,,,,LIC MF EXHGE TRADED FUND-NIFTY,264.21,264.21,259.11,262.82,262.82,266.06,,263.11,,,6,1574.00,3,F1,1,,,,,
2026-09-18,2026-09-18,CM,BSE,STK,539487,INF767K01OT5,LICNETFSEN,B,,,,,LIC MF EXCHNG TRADED FUND-SENS,836.67,836.67,836.67,836.67,836.67,845.13,,837.76,,,35,29283.00,1,F1,1,,,,,
2026-09-18,2026-09-18,CM,BSE,STK,539492,INE721C01019,GARBIFIN,X,,,,,Garbi Finvest Limited,8.72,9.09,8.72,8.99,8.99,8.55,,8.99,,,256,2311.00,5,F1,1,,,,,
2026-09-18,2026-09-18,CM,BSE,STK,539494,INE766D01020,SMARTFIN,X,,,,,Smart Finsec Limited,7.96,8.17,7.95,8.07,8.13,8.12,,8.07,,,11035,88391.00,62,F1,1,,,,,
2026-09-18,2026-09-18,CM,BSE,STK,539495,INE176R01014,RAJKOTINV,X,,,,,Rajkot Investment Trust Limite,41.45,44.75,41.45,44.75,44.75,43.58,,44.75,,,10,433.00,3,F1,1,,,,,
2026-09-18,2026-09-18,CM,BSE,STK,539506,INE805Q01028,ADCON,XT,,,,,Adcon Capital Services Limited,0.49,0.49,0.47,0.48,0.49,0.48,,0.48,,,98997,47794.00,107,F1,1,,,,,
2026-09-18,2026-09-18,CM,BSE,STK,539515,INE641R01017,QUINT,B,,,,,Quint Digital Limited,66.00,69.59,60.65,69.59,69.59,63.27,,70.02,,,76154,5159007.00,902,F1,1,,,,,
2026-09-18,2026-09-18,CM,BSE,STK,539516,INF179KC1965,HDFCNIFTY,B,,,,,HDFC Mutual Fund,262.36,263.87,262.36,263.71,263.85,263.49,,263.56,,,1123,295752.00,70,F1,1,,,,,
2026-09-18,2026-09-18,CM,BSE,STK,539517,INF179KC1HX2,HDFCSENSEX,B,,,,,HDFC Mutual Fund,84.23,85.29,84.06,84.81,84.90,85.09,,84.78,,,16220,1369241.00,154,F1,1,,,,,
2026-09-18,2026-09-18,CM,BSE,STK,539518,INE551B01012,UDAYJEW,B,,,,,Uday Jewellery Industries Limi,158.35,158.35,151.50,153.60,153.60,157.00,,152.26,,,2920,451703.00,131,F1,1,,,,,
2026-09-18,2026-09-18,CM,BSE,STK,539519,INE280E01038,TAVEXIA,XT,,,,,TAVEXIA LIFECARE LIMITED,1.21,1.22,1.18,1.20,1.22,1.19,,1.20,,,1646275,1975302.00,346,F1,1,,,,,
2026-09-18,2026-09-18,CM,BSE,STK,539522,INE343C01012,GROVY,XT,,,,,Grovy India Limited,61.10,61.10,58.10,58.45,58.45,61.10,,58.45,,,2139,125015.00,25,F1,1,,,,,
2026-09-18,2026-09-18,CM,BSE,STK,539523,INE540L01014,ALKEM,A,,,,,Alkem Laboratories Limited,5340.90,5501.60,5310.35,5501.60,5501.60,5340.00,,5467.79,,,25104,134591127.00,1506,F1,1,,,,,
2026-09-18,2026-09-18,CM,BSE,STK,539524,INE600L01024,LALPATHLAB,A,,,,,Dr. Lal Pathlabs Limited,1932.05,1959.25,1884.20,1895.85,1900.55,1926.70,,1896.86,,,22826,43724402.00,2995,F1,1,,,,,
2026-09-18,2026-09-18,CM,BSE,STK,539526,INE452S01025,SCTL,X,,,,,Suncare Traders Limited,0.43,0.44,0.43,0.43,0.44,0.43,,0.43,,,437468,191098.00,131,F1,1,,,,,
2026-09-18,2026-09-18,CM,BSE,STK,539527,INE146E01015,CREATIVE,X,,,,,Creative Castings Limited,668.00,668.00,642.10,662.25,661.80,662.95,,662.25,,,155,100562.00,34,F1,1,,,,,
2026-09-18,2026-09-18,CM,BSE,STK,539528,INE430R01023,AAYUSH,X,,,,,AAYUSH WELLNESS LIMITED,24.21,25.91,24.00,25.15,25.15,24.50,,25.15,,,160264,3966741.00,487,F1,1,,,,,
2026-09-18,2026-09-18,CM,BSE,STK,539533,INE669R01026,ELITECON,B,,,,,ELITECON INTERNATIONAL LIMITED,7.38,8.13,7.38,8.00,8.00,7.76,,7.99,,,2109392,16241008.00,3116,F1,1,,,,,
2026-09-18,2026-09-18,CM,BSE,STK,539542,INE150G01020,LUXIND,B,,,,,LUX Industries Limited,1060.20,1168.95,1048.40,1135.00,1123.00,1041.80,,1139.06,,,12133,13531268.00,787,F1,1,,,,,
2026-09-18,2026-09-18,CM,BSE,STK,539545,INE217S01014,APOORVA,B,,,,,Apoorva Leasing Finance & Inve,27.05,27.05,27.05,27.05,27.05,25.77,,31.05,,,2,54.00,1,F1,1,,,,,
2026-09-18,2026-09-18,CM,BSE,STK,539546,INE679E01015,AGRIBIO,X,,,,,AGRIBIO SPIRITS LIMITED,320.00,320.00,310.50,311.00,311.00,311.10,,311.00,,,2798,873758.00,26,F1,1,,,,,
2026-09-18,2026-09-18,CM,BSE,STK,539551,INE410P01011,NH,A,,,,,Narayana Hrudayalaya Limited,1860.85,1939.00,1860.85,1929.75,1929.75,1871.20,,1928.58,,,27927,53357217.00,2424,F1,1,,,,,
2026-09-18,2026-09-18,CM,BSE,STK,539552,INE108T01021,DHVIJAFIN,X,,,,,DHVIJA FINANCE LIMITED,11.00,11.45,10.73,11.25,11.25,11.00,,11.25,,,24595,275645.00,65,F1,1,,,,,
2026-09-18,2026-09-18,CM,BSE,STK,539559,INE005G01026,DEEPAI,XT,,,,,Deep Health AI India Limited,1.75,1.78,1.72,1.75,1.76,1.75,,1.75,,,190360,332779.00,398,F1,1,,,,,
2026-09-18,2026-09-18,CM,BSE,STK,539561,INE549S01036,SUPHA,Z,,,,,SUPHA PHARMACHEM LIMITED,0.26,0.27,0.25,0.27,0.27,0.26,,0.27,,,1989772,512333.00,373,F1,1,,,,,
2026-09-18,2026-09-18,CM,BSE,STK,539562,INE750R01016,AARNAV,T,,,,,AARNAV FASHIONS LIMITED,31.79,31.79,31.75,31.75,31.75,30.87,,31.20,,,15,476.00,2,F1,1,,,,,
2026-09-18,2026-09-18,CM,BSE,STK,539593,INE728Q01014,SHIVA,XT,,,,,Shivansh Finserv Limited,12.51,12.51,12.50,12.50,12.50,13.15,,12.50,,,850,10625.00,10,F1,1,,,,,
2026-09-18,2026-09-18,CM,BSE,STK,539594,INE094S01041,MISHTANN,X,,,,,Mishtann Foods Limited,3.07,3.12,3.07,3.10,3.10,3.07,,3.10,,,710587,2196500.00,1303,F1,1,,,,,
2026-09-18,2026-09-18,CM,BSE,STK,539596,INE681Q01015,DELTA,X,,,,,Delta Industrial Resources Lim,11.45,11.45,11.45,11.45,11.45,11.45,,11.45,,,12,137.00,2,F1,1,,,,,
2026-09-18,2026-09-18,CM,BSE,STK,539598,INE727C01024,AMPL,X,,,,,AMPL Capital Limited,37.97,37.97,34.00,34.52,34.52,34.28,,34.52,,,25885,916532.00,157,F1,1,,,,,
2026-09-18,2026-09-18,CM,BSE,STK,539599,INE079C01012,KEL,X,,,,,Kotia Enterprises Limited,26.93,26.93,26.26,26.26,26.26,26.80,,26.26,,,36,954.00,3,F1,1,,,,,
2026-09-18,2026-09-18,CM,BSE,STK,539607,INE373T01047,BLUECLOUDS,B,,,,,Blue Cloud Softech Solutions L,19.61,19.70,19.30,19.37,19.37,19.57,,19.35,,,176137,3423924.00,631,F1,1,,,,,
2026-09-18,2026-09-18,CM,BSE,STK,539620,INE534E01020,KEIL,X,,,,,KANORIA ENERGY & INFRASTRUCTUR,17.90,18.23,16.70,17.12,17.58,17.53,,17.12,,,8698,152535.00,64,F1,1,,,,,
2026-09-18,2026-09-18,CM,BSE,STK,539636,INE484I01029,PRECAM,B,,,,,Precision Camshafts Limited,113.85,117.00,113.80,116.60,116.60,113.85,,116.42,,,6610,761765.00,182,F1,1,,,,,
2026-09-18,2026-09-18,CM,BSE,STK,539658,INE985S01024,TEAMLEASE,B,,,,,TeamLease Services Limited,1228.00,1241.85,1201.20,1216.10,1214.00,1233.05,,1218.95,,,614,752173.00,131,F1,1,,,,,
2026-09-18,2026-09-18,CM,BSE,STK,539659,INE564S01019,KAMATS,B,,,,,VIKRAM KAMATS HOSPITALITY LIMI,32.46,32.46,31.40,31.63,32.37,31.15,,31.63,,,1903,61569.00,18,F1,1,,,,,
2026-09-18,2026-09-18,CM,BSE,STK,539660,INE052T01021,BESTAGRO,B,,,,,BEST AGROLIFE LIMITED,18.17,18.79,18.17,18.54,18.42,18.50,,18.51,,,53737,995508.00,340,F1,1,,,,,
2026-09-18,2026-09-18,CM,BSE,STK,539661,INE023R01018,ACEMEN,X,,,,,ACE MEN ENGG WORKS LIMITED,114.00,116.85,112.50,114.70,113.50,116.55,,114.70,,,65490,7525317.00,181,F1,1,,,,,
2026-09-18,2026-09-18,CM,BSE,STK,539662,INE948Q01018,BFLAFL,X,,,,,BFL Asset Finvest Limited,6.37,6.40,6.37,6.40,6.40,6.40,,6.40,,,416,2653.00,9,F1,1,,,,,
2026-09-18,2026-09-18,CM,BSE,STK,539669,INE684D01025,RGF,X,,,,,RGF Capital Markets Limited,1.61,1.61,1.56,1.60,1.60,1.57,,1.60,,,54152,86482.00,93,F1,1,,,,,
2026-09-18,2026-09-18,CM,BSE,STK,539673,INE792P01020,RCL,Z,,,,,Radhagobind Commercial Limited,1.96,1.96,1.90,1.90,1.90,1.96,,1.90,,,66,126.00,3,F1,1,,,,,
2026-09-18,2026-09-18,CM,BSE,STK,539678,INE306L01010,QUICKHEAL,B,,,,,Quick Heal Technologies Limite,154.30,158.75,151.40,152.55,153.15,152.55,,152.46,,,10021,1544964.00,283,F1,1,,,,,
2026-09-18,2026-09-18,CM,BSE,STK,539679,INE332Q01023,KAPILRAJ,XT,,,,,Kapil Raj Finance Ltd.,2.69,2.69,2.69,2.69,2.69,2.57,,2.69,,,995797,2678693.00,97,F1,1,,,,,
2026-09-18,2026-09-18,CM,BSE,STK,539682,INE622Q01027,MOBAVENUE,X,,,,,Mobavenue AI Tech Limited,278.55,294.00,276.60,291.85,292.00,278.55,,291.85,,,30160,8637736.00,349,F1,1,,,,,
2026-09-18,2026-09-18,CM,BSE,STK,539686,INE127T01021,KPEL,B,,,,,K.P. Energy Limited,212.00,220.75,212.00,216.65,216.65,212.75,,216.86,,,19894,4304327.00,590,F1,1,,,,,
2026-09-18,2026-09-18,CM,BSE,STK,539692,INE064T01018,IFINSER,X,,,,,INTERACTIVE FINANCIAL SERVICES,11.01,11.85,11.01,11.50,11.50,11.44,,11.50,,,8624,97609.00,34,F1,1,,,,,
2026-09-18,2026-09-18,CM,BSE,STK,539697,INE966Q01010,HILIKS,XT,,,,,HILIKS TECHNOLOGIES LIMITED,58.90,61.39,56.11,57.34,61.24,58.47,,57.34,,,84433,4977511.00,149,F1,1,,,,,
2026-09-18,2026-09-18,CM,BSE,STK,539724,INE039D01014,HYPERSOFT,XT,,,,,HYPERSOFT TECHNOLOGIES LIMITED,153.25,167.90,152.30,152.30,152.30,160.30,,152.30,,,7589,1168027.00,96,F1,1,,,,,
2026-09-18,2026-09-18,CM,BSE,STK,539725,INE314T01033,GOKULAGRO,B,,,,,Gokul Agro Resources Ltd,218.70,225.95,218.70,224.25,224.20,218.25,,224.24,,,11995,2664780.00,308,F1,1,,,,,
2026-09-18,2026-09-18,CM,BSE,STK,539730,INE194R01017,FREDUN,B,,,,,Fredun Pharmaceuticals Limited,1303.60,1319.20,1290.00,1305.85,1306.45,1278.65,,1303.97,,,16359,21352666.00,1270,F1,1,,,,,
2026-09-18,2026-09-18,CM,BSE,STK,539742,INE748T01016,SIMBHALS,Z,,,,,Simbhaoli Sugars Ltd,7.59,7.59,7.59,7.59,7.59,7.74,,7.13,,,902,6846.00,3,F1,1,,,,,
2026-09-18,2026-09-18,CM,BSE,STK,539760,INE773T01014,RELICAB,B,,,,,Relicab Cable Manufacturing Li,36.06,37.15,35.61,36.49,36.49,35.78,,36.49,,,2829,102724.00,22,F1,1,,,,,
2026-09-18,2026-09-18,CM,BSE,STK,539761,INE427T01025,VKAL,X,,,,,Vantage Knowledge Academy Limi,0.75,0.77,0.74,0.75,0.75,0.75,,0.75,,,471687,356190.00,286,F1,1,,,,,
2026-09-18,2026-09-18,CM,BSE,STK,539762,INE250S01015,MEAPL,X,,,,,MODERN ENGINEERING AND PROJECT,24.70,24.70,22.50,22.79,23.00,24.40,,22.79,,,55051,1279973.00,159,F1,1,,,,,
2026-09-18,2026-09-18,CM,BSE,STK,539767,INE216Q01010,MNIL,X,,,,,Mega Nirman & Industries Limit,42.00,43.35,36.00,41.21,41.39,41.38,,41.21,,,51557,1972967.00,80,F1,1,,,,,
2026-09-18,2026-09-18,CM,BSE,STK,539770,INE830S01014,DARJEELING,X,,,,,DARJEELING INDUSTRIIES LIMITED,28.05,28.05,25.67,27.79,26.13,27.02,,27.79,,,12740,355538.00,44,F1,1,,,,,
2026-09-18,2026-09-18,CM,BSE,STK,539773,INE178T01024,ADVIKCA,B,,,,,Advik Capital Limited,0.96,0.99,0.96,0.98,0.98,0.99,,0.98,,,134118,130558.00,128,F1,1,,,,,
2026-09-18,2026-09-18,CM,BSE,STK,539784,INF767K01PC8,LICNFNHGP,B,,,,,LIC MF EXHNGE TRADED FUND NIFT,270.45,270.45,269.78,269.78,269.78,270.45,,268.00,,,12,3244.00,3,F1,1,,,,,
2026-09-18,2026-09-18,CM,BSE,STK,539785,INE865T01018,PDMJEPAPER,B,,,,,Pudumjee Paper Products Limite,101.94,103.56,100.23,101.43,101.70,102.82,,101.58,,,26270,2683138.00,434,F1,1,,,,,
2026-09-18,2026-09-18,CM,BSE,STK,539787,INE075I01017,HCG,A,,,,,HealthCare Global Enterprises,691.80,714.00,691.20,708.65,707.40,689.45,,708.29,,,366845,259358461.00,604,F1,1,,,,,
2026-09-18,2026-09-18,CM,BSE,STK,539798,INE173U01015,UMIYA,X,,,,,Umiya Tubes Limited,24.70,25.40,24.06,24.50,24.50,23.10,,24.50,,,26537,656621.00,53,F1,1,,,,,
2026-09-18,2026-09-18,CM,BSE,STK,539799,INE316L01019,BHARATWIRE,B,,,,,Bharat Wire Ropes Limited,172.30,173.45,170.15,172.60,172.15,171.70,,173.02,,,6867,1182347.00,194,F1,1,,,,,
2026-09-18,2026-09-18,CM,BSE,STK,539800,INE043U01010,CHDCHEM,X,,,,,CHD Chemicals Limited,6.05,6.05,6.00,6.00,6.00,6.00,,6.00,,,8029,48378.00,12,F1,1,,,,,
2026-09-18,2026-09-18,CM,BSE,STK,539807,INE483S01020,CCAVENUE,A,,,,,AvenuesAI Limited,16.36,16.63,15.97,16.08,16.08,16.33,,16.08,,,1249296,20290151.00,2089,F1,1,,,,,
2026-09-18,2026-09-18,CM,BSE,STK,539814,INE204S01012,LELAVOIR,X,,,,,LE LAVOIR LIMITED,71.11,73.72,71.11,73.72,73.72,71.11,,73.72,,,965,70163.00,7,F1,1,,,,,
2026-09-18,2026-09-18,CM,BSE,STK,539834,INE119R01014,BALGOPAL,X,,,,,Balgopal Commercial limited,182.95,182.95,172.00,172.00,172.00,184.90,,172.00,,,91619,15762132.00,108,F1,1,,,,,
2026-09-18,2026-09-18,CM,BSE,STK,539835,INE574R01028,SUPERIOR,X,,,,,Superior Finlease Limited,1.69,1.69,1.69,1.69,1.69,1.69,,1.69,,,600,1014.00,2,F1,1,,,,,
2026-09-18,2026-09-18,CM,BSE,STK,539837,INE912T01018,RPEL,B,,,,,RAGHAV PRODUCTIVITY ENHANCERS,1670.95,1677.65,1617.90,1648.10,1636.05,1652.90,,1652.26,,,6366,10467620.00,639,F1,1,,,,,
2026-09-18,2026-09-18,CM,BSE,STK,539841,INE359U01028,LANCER,B,,,,,Lancer Container Lines Limited,12.59,12.59,12.00,12.08,12.00,12.38,,12.10,,,63399,771789.00,294,F1,1,,,,,
2026-09-18,2026-09-18,CM,BSE,STK,539843,INE395U01014,NINSYS,B,,,,,NINtec Systems Limited,708.45,718.45,697.65,710.45,708.00,708.45,,707.75,,,132,93091.00,24,F1,1,,,,,
2026-09-18,2026-09-18,CM,BSE,STK,539854,INE115S01010,HALDER,B,,,,,Halder Venture Limited,294.10,294.10,294.10,294.10,294.10,294.10,,293.39,,,2698,793481.00,6,F1,1,,,,,
2026-09-18,2026-09-18,CM,BSE,STK,539871,INE594H01019,THYROCARE,A,,,,,Thyrocare Technologies Limited,561.85,568.30,554.00,555.90,554.45,559.95,,555.81,,,12117,6778918.00,680,F1,1,,,,,
2026-09-18,2026-09-18,CM,BSE,STK,539872,INE411U01027,BAJAJHCARE,B,,,,,Bajaj Healthcare Limited,329.25,331.50,326.30,329.05,326.50,328.55,,330.18,,,6208,2042347.00,207,F1,1,,,,,
2026-09-18,2026-09-18,CM,BSE,STK,539875,INE616F01022,RSDFIN,T,,,,,RSD Finance Limited,88.40,95.80,88.30,89.70,88.30,91.55,,89.74,,,1648,147235.00,13,F1,1,,,,,
2026-09-18,2026-09-18,CM,BSE,STK,539876,INE299U01018,CROMPTON,A,,,,,Crompton Greaves Consumer Elec,225.75,226.80,225.15,226.00,226.00,225.25,,227.12,,,63409,14330433.00,1361,F1,1,,,,,
2026-09-18,2026-09-18,CM,BSE,STK,539884,INE671T01028,DARSHANORNA,X,,,,,Darshan Orna Limited,2.19,2.20,2.14,2.15,2.15,2.16,,2.15,,,44805,96956.00,86,F1,1,,,,,
2026-09-18,2026-09-18,CM,BSE,STK,539889,INE883N01014,PARAGMILK,A,,,,,Parag Milk Foods Limited,267.30,272.85,263.65,268.10,268.00,264.70,,268.48,,,740415,198157454.00,1283,F1,1,,,,,
2026-09-18,2026-09-18,CM,BSE,STK,539894,INE631R01026,MADHAVIPL,B,,,,,Madhav Infra Projects Limited,7.80,9.00,7.65,7.86,7.80,7.55,,7.80,,,138958,1140240.00,235,F1,1,,,,,
2026-09-18,2026-09-18,CM,BSE,STK,539895,INE631E01024,SPICELOUNG,B,,,,,SPICE LOUNGE FOOD WORKS LIMITE,40.01,40.01,40.00,40.01,40.01,38.11,,40.01,,,1297589,51914625.00,2142,F1,1,,,,,
2026-09-18,2026-09-18,CM,BSE,STK,539900,INE642P01019,DIDL,X,,,,,DALMIA INDUSTRIAL DEVELOPMENT,9.43,9.43,8.63,9.33,9.33,9.47,,9.33,,,2227,19464.00,10,F1,1,,,,,
2026-09-18,2026-09-18,CM,BSE,STK,539911,INE730R01042,SNIM,X,,,,,Svarnim Trade Udyog Limited,11.49,11.49,11.49,11.49,11.49,11.31,,11.49,,,12,137.00,1,F1,1,,,,,
2026-09-18,2026-09-18,CM,BSE,STK,539921,INE440T01028,SEIL,B,,,,,Shanti Educational Initiatives,193.00,194.30,187.50,192.85,187.50,192.65,,192.25,,,13872,2673471.00,263,F1,1,,,,,
2026-09-18,2026-09-18,CM,BSE,STK,539922,INE364S01022,RGIL,XT,,,,,Rotographics (India) Limited,54.00,54.00,53.31,53.31,53.31,54.39,,53.31,,,433,23090.00,11,F1,1,,,,,
2026-09-18,2026-09-18,CM,BSE,STK,539938,INE858Q01019,MIL,X,,,,,Medico Intercontinental Limite,26.94,27.00,25.50,26.49,26.49,25.97,,26.49,,,1442,37606.00,56,F1,1,,,,,
2026-09-18,2026-09-18,CM,BSE,STK,539939,INE571U01010,YASHCHEM,X,,,,,Yash Chemex Limited,52.83,52.83,50.00,50.97,51.00,49.90,,50.97,,,691,35188.00,20,F1,1,,,,,
2026-09-18,2026-09-18,CM,BSE,STK,539945,INF109KC11V0,NV20IETF,B,,,,,ICICI Prudential NV20 ETF,13.16,13.32,13.16,13.20,13.32,13.15,,13.20,,,10106,133277.00,348,F1,1,,,,,
2026-09-18,2026-09-18,CM,BSE,STK,539946,INE217E01014,BAZELINTER,XT,,,,,Bazel International Limited,21.61,21.65,21.01,21.65,21.65,21.61,,21.65,,,254,5402.00,4,F1,1,,,,,
2026-09-18,2026-09-18,CM,BSE,STK,539947,INE919T01013,JLL,XT,,,,,JINDAL LEASEFIN LIMITED,82.90,86.80,78.85,84.86,86.37,83.00,,84.86,,,2306,190574.00,16,F1,1,,,,,
2026-09-18,2026-09-18,CM,BSE,STK,539956,INE524T01011,TAALTECH,B,,,,,TAAL TECH LIMITED,5341.60,5480.00,5326.45,5412.85,5405.00,5386.50,,5415.97,,,1618,8748219.00,367,F1,1,,,,,
2026-09-18,2026-09-18,CM,BSE,STK,539957,INE002S01010,MGL,A,,,,,Mahanagar Gas Limited,1066.30,1088.95,1066.30,1083.60,1083.60,1071.45,,1081.75,,,7263,7832188.00,488,F1,1,,,,,
2026-09-18,2026-09-18,CM,BSE,STK,539963,INE819S01025,ZEAL,X,,,,,Zeal Aqua Limited,10.81,10.95,10.60,10.67,10.76,10.75,,10.67,,,34845,372244.00,181,F1,1,,,,,
2026-09-18,2026-09-18,CM,BSE,STK,539978,INE615P01015,QUESS,B,,,,,Quess Corp Limited,354.55,354.80,344.90,350.70,351.85,353.05,,351.63,,,24760,8675214.00,1342,F1,1,,,,,
2026-09-18,2026-09-18,CM,BSE,STK,539979,INE731U01028,DIGJAMLMTD,T,,,,,DIGJAM LIMITED,56.50,62.02,56.50,62.02,62.02,59.07,,61.97,,,42449,2608885.00,84,F1,1,,,,,
2026-09-18,2026-09-18,CM,BSE,STK,539980,INF109KC10W0,MIDSELIETF,B,,,,,ICICI Prudential BSE Midcap Se,19.40,19.75,19.20,19.59,19.74,19.59,,19.63,,,19862,386405.00,87,F1,1,,,,,
2026-09-18,2026-09-18,CM,BSE,STK,539985,INE120V01014,TITAANIUM,M,,,,,Titaanium Ten Enterprise Limit,16.39,17.54,16.39,17.54,17.54,16.29,,17.54,,,4000,67310.00,4,F1,1000,,,,,
2026-09-18,2026-09-18,CM,BSE,STK,539986,INE073V01015,COMSYN,B,,,,,Commercial Syn Bags Limited,297.00,314.00,295.05,307.05,304.40,292.50,,306.56,,,23152,7130114.00,622,F1,1,,,,,
2026-09-18,2026-09-18,CM,BSE,STK,539991,INE700F01024,CFEL,T,,,,,CONFIDENCE FUTURISTIC ENERGETE,45.00,46.48,44.00,46.40,46.40,46.13,,46.95,,,1535,68516.00,24,F1,1,,,,,
2026-09-18,2026-09-18,CM,BSE,STK,539992,INE093R01011,LLOYDSENGG,A,,,,,LLOYDS ENGINEERING WORKS LIMIT,80.11,82.62,80.11,82.45,82.45,80.21,,82.43,,,275683,22513489.00,1945,F1,1,,,,,
2026-09-18,2026-09-18,CM,BSE,STK,539997,INE552U01010,KPL,B,,,,,Kwality Pharmaceuticals Limite,3504.80,3560.55,3430.00,3475.40,3469.95,3451.35,,3471.42,,,2665,9306936.00,550,F1,1,,,,,
2026-09-18,2026-09-18,CM,BSE,STK,540005,INE214T01019,LTM,A,,,,,LTM LIMITED,4240.60,4279.00,4157.20,4257.90,4257.90,4258.50,,4275.09,,,19896,84157743.00,2591,F1,1,,,,,
2026-09-18,2026-09-18,CM,BSE,STK,540006,INE595R01023,EASTWEST,B,,,,,EAST WEST FREIGHT CARRIERS LTD,2.27,2.33,2.13,2.24,2.33,2.26,,2.24,,,15187,33826.00,77,F1,1,,,,,
2026-09-18,2026-09-18,CM,BSE,STK,540008,INF209KB10E8,BSLSENETFG,B,,,,,Aditya Birla Sun Life BSE Sens,74.99,75.51,74.99,75.44,75.44,75.43,,75.15,,,93,7000.00,8,F1,1,,,,,
2026-09-18,2026-09-18,CM,BSE,STK,540023,INE621I01042,COLORCHIPS,X,,,,,COLORCHIPS NEW MEDIA LIMITED,10.84,11.50,10.80,10.82,10.80,10.82,,10.82,,,5280,57625.00,40,F1,1,,,,,
2026-09-18,2026-09-18,CM,BSE,STK,540025,INE837H01020,ADVENZYMES,B,,,,,Advanced Enzyme Technologies L,289.00,291.05,286.70,288.15,288.30,288.00,,287.82,,,8241,2379070.00,164,F1,1,,,,,
2026-09-18,2026-09-18,CM,BSE,STK,540026,INE213U01019,LAHL,X,,,,,Ladam Affortable Housing Limit,6.63,7.26,6.10,6.68,6.68,6.77,,6.68,,,3198,20197.00,12,F1,1,,,,,
2026-09-18,2026-09-18,CM,BSE,STK,540047,INE917M01012,DBL,A,,,,,Dilip Buildcon Limited,407.75,428.20,407.75,425.25,425.25,408.35,,425.49,,,31127,13152489.00,899,F1,1,,,,,
2026-09-18,2026-09-18,CM,BSE,STK,540048,INE212I01016,SPAL,B,,,,,S.P. Apparels Limited,998.20,1007.95,980.55,992.30,989.95,1002.65,,994.29,,,492,490397.00,74,F1,1,,,,,
2026-09-18,2026-09-18,CM,BSE,STK,540061,INE412U01025,BIGBLOC,B,,,,,Bigbloc Construction Limited,40.00,40.70,39.36,40.36,40.00,39.52,,40.40,,,3319,132614.00,89,F1,1,,,,,
2026-09-18,2026-09-18,CM,BSE,STK,540065,INE976G01028,RBLBANK,A,,,,,RBL Bank Limited,406.65,409.70,405.05,408.00,408.00,404.00,,415.90,,,33764,13756875.00,706,F1,1,,,,,
2026-09-18,2026-09-18,CM,BSE,STK,540073,INE153T01027,BLS,A,,,,,BLS International Services Ltd,227.60,230.40,225.75,226.50,226.55,227.90,,226.50,,,81733,18656527.00,1644,F1,1,,,,,
2026-09-18,2026-09-18,CM,BSE,STK,540078,INE317V01016,MITSU,X,,,,,Mitsu Chem Plast Limited,175.60,180.50,175.60,179.20,179.20,174.50,,179.20,,,16032,2870101.00,230,F1,1,,,,,
2026-09-18,2026-09-18,CM,BSE,STK,540079,INE537U01037,SPRAYKING,B,,,,,Sprayking Limited,1.18,1.22,1.16,1.20,1.20,1.18,,1.20,,,55128,65912.00,129,F1,1,,,,,
2026-09-18,2026-09-18,CM,BSE,STK,540080,INE715T01031,DHATRE,B,,,,,Dhatre Udyog Limited,4.21,4.55,4.08,4.23,4.20,4.09,,4.18,,,3862,16581.00,30,F1,1,,,,,
2026-09-18,2026-09-18,CM,BSE,STK,540083,INE871L01013,TVVISION,T,,,,,TV VISION LIMITED,2.56,2.56,2.47,2.48,2.47,2.44,,2.52,,,615,1529.00,12,F1,1,,,,,
2026-09-18,2026-09-18,CM,BSE,STK,540097,INE890S01026,GAMCO,X,,,,,GAMCO LIMITED,46.50,47.49,46.02,47.49,47.49,46.13,,47.49,,,22480,1047203.00,52,F1,1,,,,,
2026-09-18,2026-09-18,CM,BSE,STK,540115,INE010V01017,LTTS,A,,,,,L&T Technology Services Limite,3340.15,3362.05,3294.00,3347.25,3320.00,3323.40,,3347.50,,,2956,9823738.00,522,F1,1,,,,,
2026-09-18,2026-09-18,CM,BSE,STK,540124,INE934S01014,GNA,B,,,,,G N A Axles Limited,534.50,589.00,534.50,558.80,559.00,537.50,,558.55,,,150106,84750280.00,2962,F1,1,,,,,
2026-09-18,2026-09-18,CM,BSE,STK,540125,INE583V01021,RADHIKAJWE,T,,,,,Radhika Jeweltech Limited,68.60,71.57,65.26,70.41,71.30,68.17,,71.16,,,83259,5759324.00,745,F1,1,,,,,
2026-09-18,2026-09-18,CM,BSE,STK,540132,INE400R01018,SIIL,XT,,,,,Sabrimala Industries India Lim,16.32,16.32,15.25,15.33,15.33,16.00,,15.33,,,110401,1696674.00,29,F1,1,,,,,
2026-09-18,2026-09-18,CM,BSE,STK,540133,INE726G01019,ICICIPRULI,A,,,,,ICICI Prudential Life Insuranc,494.95,501.40,491.35,493.80,493.80,492.05,,492.00,,,62835,31218861.00,1847,F1,1,,,,,
2026-09-18,2026-09-18,CM,BSE,STK,540135,INE202R01026,ARCFIN,X,,,,,ARC Finance Limited,0.47,0.48,0.45,0.47,0.47,0.47,,0.47,,,3390860,1567821.00,658,F1,1,,,,,
2026-09-18,2026-09-18,CM,BSE,STK,540136,INE495S01016,HPL,B,,,,,HPL Electric & Power Limited,279.25,287.40,279.25,284.35,282.55,280.55,,284.30,,,12520,3554572.00,540,F1,1,,,,,
2026-09-18,2026-09-18,CM,BSE,STK,540143,INE184B01012,SAGARSOFT,X,,,,,Sagarsoft (India) Limited,88.30,93.60,84.00,92.91,85.77,93.90,,92.91,,,2077,184677.00,21,F1,1,,,,,
2026-09-18,2026-09-18,CM,BSE,STK,540145,INE565V01010,VALIANTORG,T,,,,,Valiant Organics Limited,421.60,421.60,412.00,421.60,421.60,401.55,,426.65,,,6537,2755401.00,76,F1,1,,,,,
2026-09-18,2026-09-18,CM,BSE,STK,540147,INE700V01021,SHASHIJIT,X,,,,,Shashijit Infraprojects Limite,2.31,2.65,2.12,2.58,2.55,2.23,,2.58,,,119210,291378.00,96,F1,1,,,,,
2026-09-18,2026-09-18,CM,BSE,STK,540153,INE913H01037,ENDURANCE,A,,,,,Endurance Technologies Limited,2689.30,2741.80,2689.30,2733.40,2741.80,2689.15,,2732.02,,,1490,4049995.00,299,F1,1,,,,,
2026-09-18,2026-09-18,CM,BSE,STK,540159,INE905R01016,PURPLE,X,,,,,PURPLE AGROTECH INDUSTRIES LIM,6.19,6.19,6.18,6.18,6.18,5.90,,6.18,,,40001,247506.00,3,F1,1,,,,,
2026-09-18,2026-09-18,CM,BSE,STK,540168,INE268T01015,SUPRAPFSL,X,,,,,Supra Pacific Financial Servic,34.00,34.00,30.21,31.41,31.41,33.94,,31.41,,,209949,6735332.00,869,F1,1,,,,,
2026-09-18,2026-09-18,CM,BSE,STK,540173,INE572E01012,PNBHOUSING,A,,,,,PNB Housing Finance Limited,1103.00,1138.00,1083.00,1128.00,1128.00,1107.90,,1133.09,,,28711,32174182.00,1762,F1,1,,,,,
2026-09-18,2026-09-18,CM,BSE,STK,540174,INE298B01010,SOUTHERNIN,X,,,,,SOUTHERN INFOCONSULTANTS LIMIT,21.05,22.65,21.05,21.97,21.15,21.15,,21.97,,,699,14902.00,16,F1,1,,,,,
2026-09-18,2026-09-18,CM,BSE,STK,540175,INE964R01013,REGENCY,XT,,,,,REGENCY FINCORP LIMITED,44.95,45.50,44.00,44.93,45.48,45.69,,44.93,,,41125,1835051.00,160,F1,1,,,,,
2026-09-18,2026-09-18,CM,BSE,STK,540180,INE200M01039,VBL,A,,,,,Varun Beverages Limited,416.45,425.40,416.45,421.80,421.80,416.00,,421.95,,,330148,139092497.00,5432,F1,1,,,,,
2026-09-18,2026-09-18,CM,BSE,STK,540181,INE894E01028,SALEM,X,,,,,Salem Erode Investments Ltd.,25.50,25.50,23.01,24.19,24.80,25.95,,24.19,,,5548,138143.00,39,F1,1,,,,,
2026-09-18,2026-09-18,CM,BSE,STK,540190,INE789R01022,FRANKLININD,X,,,,,Franklin Industries Limited,0.32,0.32,0.31,0.31,0.32,0.31,,0.31,,,971737,306351.00,572,F1,1,,,,,
2026-09-18,2026-09-18,CM,BSE,STK,540192,INE341H01023,LKPSEC,B,,,,,LKP Securities Limited,15.02,15.23,14.12,15.08,15.23,15.02,,15.08,,,2964,43860.00,35,F1,1,,,,,
2026-09-18,2026-09-18,CM,BSE,STK,540198,INE186R01013,OSIAJEE,X,,,,,OSIAJEE TEXFAB LIMITED,269.00,269.00,239.00,243.10,249.00,246.00,,243.10,,,5080,1243523.00,62,F1,1,,,,,
2026-09-18,2026-09-18,CM,BSE,STK,540199,INE850R01014,CMBL,X,,,,,Corporate Merchant Bankers Lim,45.09,45.60,45.09,45.09,45.09,43.49,,45.09,,,7,316.00,5,F1,1,,,,,
2026-09-18,2026-09-18,CM,BSE,STK,540203,INE916U01025,SFL,A,,,,,Sheela Foam Limited,673.00,680.55,652.00,656.75,652.00,672.35,,657.26,,,19310,12829854.00,726,F1,1,,,,,
2026-09-18,2026-09-18,CM,BSE,STK,540204,INE666Q01016,EIKO,X,,,,,EIKO LIFESCIENCES LIMITED,44.16,44.60,43.98,44.16,43.98,43.87,,44.16,,,1453,64396.00,36,F1,1,,,,,
2026-09-18,2026-09-18,CM,BSE,STK,540205,INE679V01027,AVL,A,,,,,Aditya Vision Limited,639.70,642.25,630.00,637.10,637.10,632.50,,636.96,,,8885,5652646.00,383,F1,1,,,,,
2026-09-18,2026-09-18,CM,BSE,STK,540210,INE759V01019,HEADSUP,B,,,,,Heads UP Ventures Limited,6.80,6.98,6.65,6.69,6.80,6.60,,6.71,,,3042,20357.00,34,F1,1,,,,,
2026-09-18,2026-09-18,CM,BSE,STK,540212,INE586V01016,TCIEXP,B,,,,,TCI Express Limited,495.00,497.45,480.30,484.60,490.05,491.05,,485.25,,,2381,1156842.00,140,F1,1,,,,,
2026-09-18,2026-09-18,CM,BSE,STK,540222,INE947Q01028,LAURUSLABS,A,,,,,Laurus Labs Limited,1960.00,1981.25,1955.25,1955.25,1955.25,1956.40,,1954.00,,,54069,106534886.00,3798,F1,1,,,,,
2026-09-18,2026-09-18,CM,BSE,STK,540243,INE835U01027,NEWLIGHT,XT,,,,,NEW LIGHT INDUSTRIES LIMITED,1.38,1.38,1.32,1.37,1.37,1.35,,1.37,,,26081,35416.00,59,F1,1,,,,,
2026-09-18,2026-09-18,CM,BSE,STK,540252,INE607V01028,VSL,B,,,,,Viram Suvarn Limited,10.09,10.27,10.01,10.05,10.16,10.19,,10.05,,,254172,2581677.00,220,F1,1,,,,,
2026-09-18,2026-09-18,CM,BSE,STK,540254,INE245H01018,MTPL,XT,,,,,MARG TECHNO PROJECTS LIMITED,8.38,8.77,7.97,8.30,8.30,8.38,,8.30,,,674056,5577942.00,197,F1,1,,,,,
2026-09-18,2026-09-18,CM,BSE,STK,540259,INE118R01032,SHANGAR,X,,,,,SHANGAR DECOR LIMITED,0.24,0.24,0.22,0.23,0.23,0.24,,0.23,,,643094,148784.00,173,F1,1,,,,,
2026-09-18,2026-09-18,CM,BSE,STK,540266,INE804Q01013,GLCL,X,,,,,Globe Commercials Limited,18.49,18.77,17.63,18.51,18.74,18.15,,18.51,,,14081,259288.00,114,F1,1,,,,,
2026-09-18,2026-09-18,CM,BSE,STK,540267,INE318U01016,FLORACORP,X,,,,,Flora Corporation Limited,7.04,7.04,6.80,6.80,6.80,7.15,,6.80,,,3,20.00,2,F1,1,,,,,
2026-09-18,2026-09-18,CM,BSE,STK,540268,INE615R01029,TRU,B,,,,,TruCap Finance Limited,4.40,4.40,4.05,4.20,4.20,4.05,,4.21,,,12068,50480.00,28,F1,1,,,,,
2026-09-18,2026-09-18,CM,BSE,STK,540269,INE459U01018,SKL,MT,,,,,SUPER FINE KNITTERS LIMITED,12.00,12.00,12.00,12.00,12.00,11.80,,12.00,,,10000,120000.00,1,F1,10000,,,,,
2026-09-18,2026-09-18,CM,BSE,STK,540293,INE726V01018,PRICOLLTD,A,,,,,Pricol Limited,755.20,777.50,755.20,768.25,768.25,752.55,,767.54,,,17979,13823240.00,1368,F1,1,,,,,
2026-09-18,2026-09-18,CM,BSE,STK,540310,INE181U01018,CFL,X,,,,,Classic Filaments Limited,86.46,86.46,86.46,86.46,86.46,82.35,,86.46,,,7669,663061.00,24,F1,1,,,,,
2026-09-18,2026-09-18,CM,BSE,STK,540311,INE863T01013,JITFINFRA,B,,,,,JITF INFRALOGISTICS LIMITED,288.85,293.55,284.50,286.50,286.50,284.75,,284.78,,,1294,374576.00,82,F1,1,,,,,
2026-09-18,2026-09-18,CM,BSE,STK,540332,INE978V01015,TANVI,M,,,,,Tanvi Foods (India) Limited,39.92,39.93,39.92,39.92,39.92,42.02,,39.92,,,3000,119770.00,3,F1,1000,,,,,
2026-09-18,2026-09-18,CM,BSE,STK,540358,INE655V01019,RMC,B,,,,,RMC SWITCHGEARS LIMITED,232.60,237.85,222.65,227.80,229.50,229.85,,228.08,,,8896,2021601.00,296,F1,1,,,,,
2026-09-18,2026-09-18,CM,BSE,STK,540360,INE715Q01029,LLFICL,T,,,,,LEADING LEASING FINANCE AND IN,1.13,1.13,1.13,1.13,1.13,1.15,,1.13,,,599358,677274.00,128,F1,1,,,,,
2026-09-18,2026-09-18,CM,BSE,STK,540361,INE575D01041,DANUBE,XT,,,,,DANUBE INDUSTRIES LIMITED,5.35,5.40,5.10,5.33,5.35,5.35,,5.33,,,77502,408749.00,96,F1,1,,,,,
2026-09-18,2026-09-18,CM,BSE,STK,540366,INE919I01024,RADIOCITY,B,,,,,Music Broadcast Limited,5.92,6.08,5.92,6.08,6.08,6.00,,6.01,,,89,535.00,5,F1,1,,,,,
2026-09-18,2026-09-18,CM,BSE,STK,540376,INE192R01011,DMART,A,,,,,Avenue Supermarts Limited,3708.05,3755.00,3680.00,3738.00,3738.00,3715.00,,3749.88,,,34805,128938389.00,3716,F1,1,,,,,
2026-09-18,2026-09-18,CM,BSE,STK,540377,INE714U01024,IFL,B,,,,,IFL ENTERPRISES LIMITED,0.33,0.33,0.31,0.33,0.33,0.33,,0.33,,,1334172,432489.00,458,F1,1,,,,,
2026-09-18,2026-09-18,CM,BSE,STK,540386,INE989S01042,ONTIC,XT,,,,,Ontic Finserve Limited,1.54,1.54,1.54,1.54,1.54,1.57,,1.54,,,39686,61116.00,24,F1,1,,,,,
2026-09-18,2026-09-18,CM,BSE,STK,540393,INE017W01010,SMLT,B,,,,,Sarthak Metals Limited,60.00,60.28,59.92,60.20,60.20,60.00,,61.42,,,514,30833.00,13,F1,1,,,,,
2026-09-18,2026-09-18,CM,BSE,STK,540395,INE298W01016,CHEMCRUX,B,,,,,Chemcrux Enterprises Limited,84.05,84.05,78.75,79.71,79.80,82.00,,80.75,,,4879,386939.00,95,F1,1,,,,,
2026-09-18,2026-09-18,CM,BSE,STK,540396,INE784W01015,MANOMAY,B,,,,,Manomay Tex India Limited,232.00,232.00,224.00,228.40,228.40,223.60,,229.68,,,15052,3446271.00,467,F1,1,,,,,
2026-09-18,2026-09-18,CM,BSE,STK,540401,INE544W01021,MAXIMUS,X,,,,,Maximus International Limited,14.30,14.61,14.25,14.48,14.50,14.48,,14.48,,,44940,648064.00,102,F1,1,,,,,
2026-09-18,2026-09-18,CM,BSE,STK,540403,INE201M01029,CLEDUCATE,B,,,,,CL Educate Limited,53.82,56.46,53.80,54.96,55.00,55.39,,54.81,,,173,9434.00,23,F1,1,,,,,
2026-09-18,2026-09-18,CM,BSE,STK,540404,INE442V01012,PRIMEFRESH,B,,,,,PRIME FRESH LIMITED,162.00,162.65,157.20,161.85,162.65,162.65,,161.85,,,5221,844289.00,25,F1,1,,,,,
2026-09-18,2026-09-18,CM,BSE,STK,540405,INE711V01010,OCEANIC,X,,,,,Oceanic Foods Limited,51.40,52.85,51.00,52.21,52.50,50.66,,52.21,,,733,38118.00,14,F1,1,,,,,
2026-09-18,2026-09-18,CM,BSE,STK,540425,INE274V01019,SHANKARA,B,,,,,Shankara Building Products Lim,150.00,150.00,148.40,148.70,149.40,148.75,,149.26,,,4304,641253.00,134,F1,1,,,,,
2026-09-18,2026-09-18,CM,BSE,STK,540455,INE953W01016,ESCORP,B,,,,,Escorp Asset Management Limite,112.90,116.00,109.15,114.45,116.00,112.90,,114.45,,,134,15221.00,5,F1,1,,,,,
2026-09-18,2026-09-18,CM,BSE,STK,540481,INE949C01016,CLFL,X,,,,,Classic Leasing & Finance Ltd.,54.25,54.25,54.25,54.25,54.25,54.20,,54.25,,,43,2332.00,3,F1,1,,,,,
2026-09-18,2026-09-18,CM,BSE,STK,540492,INE594W01042,STARLENT,B,,,,,STARLINEPS ENTERPRISES LIMITED,8.45,8.46,8.11,8.25,8.29,8.28,,8.25,,,172250,1421310.00,262,F1,1,,,,,
2026-09-18,2026-09-18,CM,BSE,STK,540497,INE807K01035,SCHAND,B,,,,,S Chand And Company Limited,133.90,136.40,133.30,134.65,133.30,133.30,,133.99,,,3370,455264.00,343,F1,1,,,,,
2026-09-18,2026-09-18,CM,BSE,STK,540515,INE453S01015,KANUNGO,XT,,,,,KANUNGO FINANCIERS LIMITED,14.19,14.19,14.00,14.00,14.00,13.52,,14.00,,,155,2196.00,4,F1,1,,,,,
2026-09-18,2026-09-18,CM,BSE,STK,540519,INE343X01026,MEERA,B,,,,,Meera Industries Limited,28.62,29.33,27.17,27.23,27.17,28.60,,27.23,,,46158,1271652.00,310,F1,1,,,,,
2026-09-18,2026-09-18,CM,BSE,STK,540526,INE183W23014,IRBINVIT,IF,,,,,IRB InvIT Fund,63.99,65.25,63.85,65.00,65.00,63.85,,65.12,,,99001,6356167.00,747,F1,1,,,,,
2026-09-18,2026-09-18,CM,BSE,STK,540530,INE031A01017,HUDCO,A,,,,,Housing &Urban Development Cor,170.00,176.55,169.45,175.15,175.15,169.65,,174.93,,,296450,51453307.00,5827,F1,1,,,,,
2026-09-18,2026-09-18,CM,BSE,STK,540544,INE488V01015,PSPPROJECT,B,,,,,PSP Projects Limited,819.40,819.40,799.15,811.35,811.35,811.40,,810.12,,,1727,1395811.00,139,F1,1,,,,,
2026-09-18,2026-09-18,CM,BSE,STK,540545,INE986W01016,GKL,XT,,,,,GURU KRUPA GEMS AND JEWELLERY,39.41,39.41,36.50,38.09,38.20,38.22,,38.09,,,80858,3118196.00,113,F1,1,,,,,
2026-09-18,2026-09-18,CM,BSE,STK,540565,INE219X23014,INDIGRID,IF,,,,,IndiGrid Infrastructure Trust,173.00,174.28,172.82,173.49,173.65,173.38,,173.49,,,19912,3453001.00,422,F1,1,,,,,
2026-09-18,2026-09-18,CM,BSE,STK,540570,INE717F01028,VARIMAN,X,,,,,VARIMAN GLOBAL ENTERPRISES LIM,4.95,5.20,4.90,5.07,5.10,4.98,,5.07,,,56354,289104.00,90,F1,1,,,,,
2026-09-18,2026-09-18,CM,BSE,STK,540575,INE460H01021,STARCEMENT,B,,,,,Star Cement Limited,190.75,196.00,188.95,194.45,195.35,187.95,,194.26,,,16157,3123613.00,292,F1,1,,,,,
2026-09-18,2026-09-18,CM,BSE,STK,540590,INE325X01015,RIDDHICORP,X,,,,,Riddhi Corporate Services Limi,54.30,54.30,53.57,54.07,54.00,56.74,,54.07,,,451,24383.00,15,F1,1,,,,,
2026-09-18,2026-09-18,CM,BSE,STK,540595,INE010J01012,TEJASNET,A,,,,,Tejas Networks Limited,526.00,526.40,514.95,518.35,518.35,524.70,,518.30,,,99018,51478801.00,2339,F1,1,,,,,
2026-09-18,2026-09-18,CM,BSE,STK,540596,INE406M01024,ERIS,A,,,,,Eris Lifesciences Limited,1322.55,1355.00,1304.00,1321.25,1310.00,1309.65,,1321.30,,,7463,9883716.00,1005,F1,1,,,,,
2026-09-18,2026-09-18,CM,BSE,STK,540597,INE319U01022,CONTAINER,X,,,,,Containerway International Lim,18.79,18.79,16.70,17.90,17.90,17.17,,17.90,,,722,12761.00,17,F1,1,,,,,
2026-09-18,2026-09-18,CM,BSE,STK,540602,INE869I01013,GTPL,B,,,,,GTPL Hathway Limited,57.69,57.82,56.56,56.99,56.94,56.92,,56.96,,,5783,329811.00,157,F1,1,,,,,
2026-09-18,2026-09-18,CM,BSE,STK,540611,INE949L01017,AUBANK,A,,,,,AU Small Finance Bank Limited,1043.15,1046.25,1034.20,1041.00,1041.00,1036.60,,1058.60,,,10161,10546411.00,942,F1,1,,,,,
2026-09-18,2026-09-18,CM,BSE,STK,540612,INF109KC19U5,LOWVOLIETF,B,,,,,ICICI Prudential Nifty Low Vol,21.40,21.50,21.21,21.40,21.21,21.31,,21.41,,,309234,6602557.00,245,F1,1,,,,,
2026-09-18,2026-09-18,CM,BSE,STK,540613,INE721X01023,GEL,M,,,,,Gautam Exim Limited,23.85,23.85,22.67,22.67,22.67,23.85,,22.67,,,9000,207570.00,3,F1,3000,,,,,
2026-09-18,2026-09-18,CM,BSE,STK,540615,INE413X01035,7NR,XT,,,,,7NR Retail Limited,6.86,7.12,6.84,7.09,7.09,6.80,,7.09,,,7238,50417.00,71,F1,1,,,,,
2026-09-18,2026-09-18,CM,BSE,STK,540642,INE170V01027,SALASAR,B,,,,,Salasar Techno Engineering Lim,4.88,4.97,4.85,4.91,4.95,4.90,,4.89,,,358435,1757250.00,1432,F1,1,,,,,
2026-09-18,2026-09-18,CM,BSE,STK,540648,INE471W01019,PALASHSECU,B,,,,,Palash Securities Limited,87.00,87.00,87.00,87.00,87.00,88.90,,86.11,,,16,1392.00,1,F1,1,,,,,
2026-09-18,2026-09-18,CM,BSE,STK,540649,INE349W01017,AVADHSUGAR,B,,,,,AVADH SUGAR & ENERGY LIMITED,728.05,734.40,708.90,731.40,730.00,719.10,,730.46,,,2430,1749580.00,192,F1,1,,,,,
2026-09-18,2026-09-18,CM,BSE,STK,540650,INE347W01011,MAGADSUGAR,B,,,,,Magadh Sugar & Energy Limited,507.30,512.65,497.50,502.90,504.00,509.80,,504.74,,,653,327931.00,78,F1,1,,,,,
2026-09-18,2026-09-18,CM,BSE,STK,540654,INE632W01016,GSTL,X,,,,,GlobalSpace Technologies Limit,33.09,33.09,30.80,31.15,31.10,31.59,,31.15,,,25646,807078.00,127,F1,1,,,,,
2026-09-18,2026-09-18,CM,BSE,STK,540669,INF789F1AUW9,NEXT50BETA,B,,,,,UTI Mutual Fund,77.49,78.39,77.41,78.00,78.00,77.69,,77.89,,,2175,169411.00,59,F1,1,,,,,
2026-09-18,2026-09-18,CM,BSE,STK,540673,INE285J01028,SIS,B,,,,,SIS LIMITED,421.00,430.95,419.00,429.35,429.55,419.55,,428.37,,,10878,4650598.00,539,F1,1,,,,,
2026-09-18,2026-09-18,CM,BSE,STK,540678,INE704P01025,COCHINSHIP,A,,,,,Cochin Shipyard Limited,1335.95,1379.00,1333.65,1363.00,1363.00,1333.65,,1397.90,,,63364,86184765.00,2998,F1,1,,,,,
2026-09-18,2026-09-18,CM,BSE,STK,540679,INE320X01016,HALEOSLABS,B,,,,,HALEOS LABS LIMITED,1457.55,1480.15,1457.55,1480.15,1480.15,1473.30,,1497.45,,,202,295617.00,11,F1,1,,,,,
2026-09-18,2026-09-18,CM,BSE,STK,540680,INE880L01014,KIOCL,B,,,,,KIOCL Limited,338.85,344.00,336.10,340.10,341.10,337.15,,340.59,,,4476,1522745.00,225,F1,1,,,,,
2026-09-18,2026-09-18,CM,BSE,STK,540686,INE172E01011,SMRUTHIORG,X,,,,,Smruthi Organics Limited,158.50,158.50,154.00,158.10,158.50,152.75,,158.10,,,5453,856652.00,75,F1,1,,,,,
2026-09-18,2026-09-18,CM,BSE,STK,540691,INE674K01013,ABCAPITAL,A,,,,,Aditya Birla Capital Ltd,390.90,404.25,390.90,400.10,400.10,389.55,,410.04,,,2315362,928389260.00,2803,F1,1,,,,,
2026-09-18,2026-09-18,CM,BSE,STK,540692,INE346W01013,APEX,B,,,,,Apex Frozen Foods Limited,350.30,355.00,342.40,346.00,345.00,351.40,,345.37,,,4064,1408190.00,264,F1,1,,,,,
2026-09-18,2026-09-18,CM,BSE,STK,540693,INE145Y01023,SHISHIND,X,,,,,Shish Industries Limited,13.06,13.49,12.60,12.83,12.83,13.23,,12.83,,,702968,9102846.00,851,F1,1,,,,,
2026-09-18,2026-09-18,CM,BSE,STK,540694,INE236W01016,ANG,T,,,,,ANG Lifesciences India Limited,37.23,37.97,37.23,37.97,37.97,37.23,,37.97,,,8283,314345.00,15,F1,1,,,,,
2026-09-18,2026-09-18,CM,BSE,STK,540696,INE185U01035,KCDGROUP,XT,,,,,KCD INDUSTRIES INDIA LIMITED,3.70,3.83,3.65,3.80,3.80,3.77,,3.80,,,1199,4450.00,20,F1,1,,,,,
2026-09-18,2026-09-18,CM,BSE,STK,540699,INE935N01020,DIXON,A,,,,,Dixon Technologies (India) Lim,13306.65,13381.65,13070.00,13100.00,13100.00,13271.00,,13005.26,,,23599,312084141.00,4110,F1,1,,,,,
2026-09-18,2026-09-18,CM,BSE,STK,540700,INE727S01012,BRNL,B,,,,,Bharat Road Network Limited,16.44,16.44,16.23,16.33,16.39,16.39,,16.25,,,409,6683.00,24,F1,1,,,,,
2026-09-18,2026-09-18,CM,BSE,STK,540701,INE385W01011,DCAL,B,,,,,Dishman Carbogen Amcis Limited,162.10,171.60,158.00,170.45,170.45,162.05,,170.52,,,35750,5958869.00,896,F1,1,,,,,
2026-09-18,2026-09-18,CM,BSE,STK,540703,INE438C01010,PROCLB,X,,,,,PRO CLB GLOBAL LIMITED,45.20,46.00,41.90,46.00,46.00,44.10,,46.00,,,67182,3064141.00,56,F1,1,,,,,
2026-09-18,2026-09-18,CM,BSE,STK,540704,INE866R01028,MATRIMONY,B,,,,,Matrimony.com Limited,545.00,545.00,527.15,537.25,537.45,527.50,,535.70,,,452,241102.00,65,F1,1,,,,,
2026-09-18,2026-09-18,CM,BSE,STK,540709,INE217K01011,RHFL,Z,,,,,Reliance Home Finance Limited,1.72,1.75,1.72,1.74,1.74,1.75,,1.74,,,84468,146056.00,153,F1,1,,,,,
2026-09-18,2026-09-18,CM,BSE,STK,540710,INE264T01014,CAPACITE,B,,,,,Capacite Infraprojects Limited,193.75,198.50,193.25,195.85,194.00,192.60,,195.71,,,11297,2222701.00,245,F1,1,,,,,
2026-09-18,2026-09-18,CM,BSE,STK,540716,INE765G01017,ICICIGI,A,,,,,ICICI Lombard General Insuranc,1486.50,1488.00,1466.25,1488.00,1488.00,1482.00,,1458.12,,,10939,16146645.00,1061,F1,1,,,,,
2026-09-18,2026-09-18,CM,BSE,STK,540717,INE689M01025,PQIF,X,,,,,Polo Queen Industrial and Fint,9.29,9.29,8.46,8.47,8.46,8.90,,8.47,,,127810,1102867.00,372,F1,1,,,,,
2026-09-18,2026-09-18,CM,BSE,STK,540718,INE777X01017,AAYUSHBULL,M,,,,,AAYUSH ART AND BULLION LIMITED,1264.00,1274.00,1262.50,1270.50,1273.85,1267.90,,1270.50,,,85250,108108337.00,633,F1,125,,,,,
2026-09-18,2026-09-18,CM,BSE,STK,540719,INE123W01016,SBILIFE,A,,,,,SBI Life Insurance Company Lim,1754.95,1769.40,1741.00,1769.40,1769.40,1762.25,,1731.05,,,12815,22550510.00,1183,F1,1,,,,,
2026-09-18,2026-09-18,CM,BSE,STK,540724,INE393P01035,DIAMONDYD,B,,,,,Prataap Snacks Limited,1105.90,1119.40,1079.35,1081.60,1083.00,1095.30,,1087.96,,,195,213310.00,48,F1,1,,,,,
2026-09-18,2026-09-18,CM,BSE,STK,540725,INE932X01026,SHAREINDIA,B,,,,,Share India Securities Limited,220.80,233.25,216.10,228.65,227.55,218.35,,228.17,,,1063765,239674458.00,9986,F1,1,,,,,
2026-09-18,2026-09-18,CM,BSE,STK,540726,INE071Y01013,TTFL,X,,,,,Trident Texofab Limited,21.45,21.78,20.23,20.30,20.30,21.29,,20.30,,,58306,1192502.00,268,F1,1,,,,,
2026-09-18,2026-09-18,CM,BSE,STK,540727,INE973X01012,POOJA,B,,,,,Poojawestern Metaliks Limited,16.64,16.64,15.79,16.22,16.40,16.31,,16.22,,,2692,44025.00,64,F1,1,,,,,
2026-09-18,2026-09-18,CM,BSE,STK,540728,INE327G01032,SAYAJIIND,B,,,,,Sayaji Industries Limited,114.00,116.95,109.20,109.85,109.30,113.85,,112.30,,,341,37443.00,107,F1,1,,,,,
2026-09-18,2026-09-18,CM,BSE,STK,540730,INE062Y01020,MEHAI,X,,,,,Mehai Technology  Limited,1.16,1.26,1.14,1.19,1.19,1.16,,1.19,,,1166822,1382739.00,263,F1,1,,,,,
2026-09-18,2026-09-18,CM,BSE,STK,540735,INE864K01010,IRIS,B,,,,,IRIS RegTech Solutions Limited,238.75,241.20,236.25,236.25,236.25,236.00,,238.09,,,568,135492.00,51,F1,1,,,,,
2026-09-18,2026-09-18,CM,BSE,STK,540737,INE414Y01015,SGRL,B,,,,,Shree Ganesh Remedies Limited,695.00,715.90,680.25,698.20,697.50,677.45,,697.83,,,5067,3545473.00,428,F1,1,,,,,
2026-09-18,2026-09-18,CM,BSE,STK,540738,INE402Y01028,STL,B,,,,,Shreeji Translogistics Limited,7.88,8.11,7.85,7.92,7.88,7.89,,7.92,,,10638,84339.00,69,F1,1,,,,,
2026-09-18,2026-09-18,CM,BSE,STK,540743,INE850D01014,GODREJAGRO,A,,,,,Godrej Agrovet Limited,660.00,669.50,647.55,660.65,669.50,653.35,,661.58,,,4380,2877707.00,197,F1,1,,,,,
2026-09-18,2026-09-18,CM,BSE,STK,540749,INE348L01012,MASFIN,B,,,,,MAS Financial Services Limited,288.45,289.90,281.20,289.20,289.90,286.25,,288.95,,,5141,1472197.00,257,F1,1,,,,,
2026-09-18,2026-09-18,CM,BSE,STK,540750,INE022Q01020,IEX,A,,,,,Indian Energy Exchange Limited,112.95,114.60,112.95,114.40,114.40,113.80,,115.46,,,210393,23969691.00,2765,F1,1,,,,,
2026-09-18,2026-09-18,CM,BSE,STK,540755,INE481Y01014,GICRE,A,,,,,General Insurance Corporation,341.40,352.80,340.80,350.65,350.65,339.80,,350.98,,,54259,18914883.00,1666,F1,1,,,,,
2026-09-18,2026-09-18,CM,BSE,STK,540757,INE501Y01019,SCPL,T,,,,,SHEETAL COOL PRODUCTS LIMITED,640.10,655.00,622.00,633.55,628.90,629.85,,623.97,,,923,585233.00,67,F1,1,,,,,
2026-09-18,2026-09-18,CM,BSE,STK,540762,INE974X01010,TIINDIA,A,,,,,Tube Investments of India Ltd,2573.00,2674.90,2573.00,2605.00,2605.00,2612.50,,2600.01,,,16241,42190325.00,4149,F1,1,,,,,
2026-09-18,2026-09-18,CM,BSE,STK,540767,INE298J01013,NAM-INDIA,A,,,,,NIPPON LIFE INDIA ASSET MANAGE,1128.00,1155.00,1125.00,1153.50,1153.50,1118.00,,1155.00,,,32429,37206322.00,1791,F1,1,,,,,
2026-09-18,2026-09-18,CM,BSE,STK,540768,INE766P01016,MAHLOG,B,,,,,Mahindra Logistics Limited,392.55,394.90,387.00,392.60,390.20,390.40,,392.74,,,7409,2897206.00,259,F1,1,,,,,
2026-09-18,2026-09-18,CM,BSE,STK,540769,INE470Y01017,NIACL,A,,,,,The New India Assurance Compan,196.55,196.55,186.00,187.40,187.40,197.05,,187.65,,,521265,98624298.00,5267,F1,1,,,,,
2026-09-18,2026-09-18,CM,BSE,STK,540774,INE133Y01011,IFGLEXPOR,B,,,,,IFGL Refractories Limited,200.00,203.05,195.70,195.70,195.70,197.05,,199.01,,,1030,207249.00,90,F1,1,,,,,
2026-09-18,2026-09-18,CM,BSE,STK,540775,INE834I01025,KHADIM,T,,,,,Khadim India Limited,124.00,125.50,124.00,125.50,125.50,124.00,,125.50,,,3375,420027.00,19,F1,1,,,,,
2026-09-18,2026-09-18,CM,BSE,STK,540776,INE618L01018,5PAISA,B,,,,,5paisa Capital Limited,318.00,323.90,316.65,320.40,323.90,314.15,,321.29,,,1357,433274.00,110,F1,1,,,,,
2026-09-18,2026-09-18,CM,BSE,STK,540777,INE795G01014,HDFCLIFE,A,,,,,HDFC LIFE INSURANCE COMPANY LI,558.00,564.30,552.15,552.15,552.15,556.75,,550.95,,,181908,101610739.00,3962,F1,1,,,,,
2026-09-18,2026-09-18,CM,BSE,STK,540786,INE669Y01022,SHARIKA,T,,,,,SHARIKA ENTERPRISES LIMITED,18.49,19.42,18.31,19.12,19.33,18.50,,19.12,,,56247,1087039.00,98,F1,1,,,,,
2026-09-18,2026-09-18,CM,BSE,STK,540787,INF109KB15Y7,ICICIB22,B,,,,,ICICI Prudential Mutual Fund,114.77,114.77,111.92,112.79,112.50,111.98,,112.51,,,11284,1269937.00,192,F1,1,,,,,
2026-09-18,2026-09-18,CM,BSE,STK,540788,INE500C01017,ASPIRA,X,,,,,Aspira Pathlab & Diagnostics L,115.00,115.00,115.00,115.00,115.00,109.53,,115.00,,,87,10005.00,9,F1,1,,,,,
2026-09-18,2026-09-18,CM,BSE,STK,540789,INE016M01021,DNAMEDIA,B,,,,,Diligent Media Corporation Lim,2.25,2.58,2.25,2.49,2.49,2.39,,2.47,,,7594,18361.00,35,F1,1,,,,,
2026-09-18,2026-09-18,CM,BSE,STK,540795,INE600Y01019,DYCL,B,,,,,Dynamic Cables Limited,444.35,463.75,443.55,457.45,455.00,442.30,,457.40,,,20913,9513317.00,648,F1,1,,,,,
2026-09-18,2026-09-18,CM,BSE,STK,540797,INE597J01018,SHALBY,B,,,,,Shalby Limited,139.60,140.40,135.00,137.85,138.00,138.10,,137.66,,,5689,785085.00,306,F1,1,,,,,
2026-09-18,2026-09-18,CM,BSE,STK,540809,INE333Y01017,MRCAGRO,B,,,,,MRC AGROTECH LIMITED,28.80,28.84,27.18,28.84,28.84,27.47,,28.84,,,46561,1331160.00,149,F1,1,,,,,
2026-09-18,2026-09-18,CM,BSE,STK,540811,INE158R01012,DML,M,,,,,Diggi Multitrade Limited,12.28,12.28,12.28,12.28,12.28,12.92,,12.28,,,50000,614000.00,5,F1,5000,,,,,
2026-09-18,2026-09-18,CM,BSE,STK,540821,INE994R01028,CRYSTAL,X,,,,,CRYSTAL BUSINESS SYSTEM LIMITE,1.89,1.99,1.88,1.96,1.96,1.86,,1.96,,,27124,52413.00,114,F1,1,,,,,
2026-09-18,2026-09-18,CM,BSE,STK,540824,INE646X01014,ASTRON,Z,,,,,Astron Paper & Board Mill Limi,2.98,2.98,2.92,2.92,2.92,2.98,,2.96,,,253,742.00,9,F1,1,,,,,
2026-09-18,2026-09-18,CM,BSE,STK,540829,INE371F01024,CHANDRIMA,XT,,,,,Chandrima Mercantiles limited,13.78,13.78,13.78,13.78,13.78,14.06,,13.78,,,10009,137924.00,80,F1,1,,,,,
2026-09-18,2026-09-18,CM,BSE,STK,540874,INE454F01010,7SEASL,X,,,,,7SEAS ENTERTAINMENT LIMITED,102.45,102.45,98.30,98.34,98.30,99.59,,98.34,,,4279,428166.00,42,F1,1,,,,,
2026-09-18,2026-09-18,CM,BSE,STK,540879,INE713T01028,APOLLO,A,,,,,Apollo Micro Systems Limited,383.00,391.85,368.10,370.55,370.55,378.20,,370.69,,,526087,199965343.00,8854,F1,1,,,,,
2026-09-18,2026-09-18,CM,BSE,STK,540900,INE619B01017,NEWGEN,A,,,,,Newgen Software Technologies L,492.85,499.00,487.00,497.40,497.50,489.55,,497.30,,,80581,39599846.00,2217,F1,1,,,,,
2026-09-18,2026-09-18,CM,BSE,STK,540901,INE546Y01022,PRAXIS,B,,,,,Praxis Home Retail Limited,4.09,4.30,4.01,4.15,4.13,4.14,,4.09,,,4924,20217.00,50,F1,1,,,,,
2026-09-18,2026-09-18,CM,BSE,STK,540902,INE371P01015,AMBER,A,,,,,Amber Enterprises India Limite,7071.60,7165.80,7071.60,7129.00,7129.00,7065.25,,7125.01,,,3877,27632266.00,671,F1,1,,,,,
2026-09-18,2026-09-18,CM,BSE,STK,540904,INE115G01015,TIRUFOAM,XT,,,,,TIRUPATI FOAM LIMITED,79.00,79.00,78.70,78.70,78.70,82.80,,78.70,,,5950,468850.00,20,F1,1,,,,,
2026-09-18,2026-09-18,CM,BSE,STK,540914,INE425C01017,SRUSTEELS,X,,,,,SRU Steels Limited,1.50,1.50,1.37,1.41,1.41,1.44,,1.41,,,31808,44745.00,85,F1,1,,,,,
2026-09-18,2026-09-18,CM,BSE,STK,540923,INE760Y01011,ASHOKAMET,B,,,,,Ashoka Metcast Limited,15.19,15.51,14.63,15.09,15.09,14.55,,15.10,,,24386,367372.00,93,F1,1,,,,,
2026-09-18,2026-09-18,CM,BSE,STK,540935,INE600K01018,GALAXYSURF,B,,,,,Galaxy Surfactants Limited,2256.50,2260.50,2200.00,2212.80,2210.50,2256.95,,2215.03,,,18090,40523953.00,178,F1,1,,,,,
2026-09-18,2026-09-18,CM,BSE,STK,540936,INE063Z01017,GGL,X,,,,,Gautam Gems Limited,3.09,3.19,3.03,3.12,3.13,3.09,,3.12,,,10271,31969.00,48,F1,1,,,,,
2026-09-18,2026-09-18,CM,BSE,STK,540937,INE630Y01024,MEDICO,B,,,,,MEDICO REMEDIES LIMITED,38.50,38.50,34.77,35.01,34.78,36.19,,34.89,,,9280,328233.00,172,F1,1,,,,,
2026-09-18,2026-09-18,CM,BSE,STK,540952,INE740X01023,LAL,B,,,,,LORENZINI APPARELS LIMITED,8.65,9.90,8.64,8.80,8.80,8.55,,8.86,,,10100,94419.00,29,F1,1,,,,,
2026-09-18,2026-09-18,CM,BSE,STK,540953,INE923Y01023,KENVI,B,,,,,Kenvi Jewels Limited,1.92,2.00,1.91,2.00,1.98,1.93,,2.00,,,66521,131620.00,122,F1,1,,,,,
2026-09-18,2026-09-18,CM,BSE,STK,540954,INE586E01020,IWP,B,,,,,The Indian Wood Products Co. L,34.50,34.90,34.50,34.71,34.71,34.50,,34.73,,,2530,88032.00,64,F1,1,,,,,
2026-09-18,2026-09-18,CM,BSE,STK,540955,INE773Y01014,TDSL,Z,,,,,Tasty Dairy Specialities Limit,3.84,4.15,3.84,4.15,4.15,4.04,,4.15,,,3915,15175.00,14,F1,1,,,,,
2026-09-18,2026-09-18,CM,BSE,STK,540956,INE341Z01025,BHATIA,X,,,,,Bhatia Communications & Retail,35.99,41.64,35.99,39.09,39.09,35.99,,39.09,,,1529454,58170074.00,2087,F1,1,,,,,
2026-09-18,2026-09-18,CM,BSE,STK,540961,INE644Y01017,SHIVAMILLS,B,,,,,Shiva Mills Limited,58.00,60.00,58.00,60.00,60.00,58.00,,61.58,,,620,36160.00,3,F1,1,,,,,
2026-09-18,2026-09-18,CM,BSE,STK,540975,INE914M01019,ASTERDM,A,,,,,ASTER DM QUALITY CARE LIMITED,762.00,768.55,747.00,755.85,754.15,760.40,,755.07,,,239524,182351634.00,2205,F1,1,,,,,
2026-09-18,2026-09-18,CM,BSE,STK,540980,INE868X01014,YSL,X,,,,,The Yamuna Syndicate Ltd,26290.10,26290.10,26290.00,26290.00,26290.00,25505.00,,26290.00,,,3,78870.00,3,F1,1,,,,,
2026-09-18,2026-09-18,CM,BSE,STK,541019,INE926X01010,HGINFRA,B,,,,,H.G. Infra Engineering Limited,458.55,464.70,441.00,442.95,442.95,461.05,,442.49,,,10022,4512005.00,664,F1,1,,,,,
2026-09-18,2026-09-18,CM,BSE,STK,541083,INE464Z01017,INFLAME,M,,,,,Inflame Appliances Limited,221.00,238.25,221.00,235.05,235.25,223.90,,235.05,,,15500,3591187.00,44,F1,250,,,,,
2026-09-18,2026-09-18,CM,BSE,STK,541096,INE365Y01019,BPLPHARMA,B,,,,,Bharat Parenterals Limited,1554.00,1554.00,1450.00,1504.15,1500.00,1546.95,,1508.11,,,205,309673.00,41,F1,1,,,,,
2026-09-18,2026-09-18,CM,BSE,STK,541097,INF740KA1EU7,LIQUIDETF,F,,,,,DSP NIFTY 1D Rate Liquid ETF,1000.00,1000.01,999.99,1000.01,1000.01,1000.01,,1000.00,,,2091,2090996.00,14,F1,1,,,,,
2026-09-18,2026-09-18,CM,BSE,STK,541143,INE171Z01026,BDL,A,,,,,Bharat Dynamics Limited,1153.00,1176.85,1150.00,1173.00,1173.00,1150.00,,1196.56,,,38719,45268401.00,2109,F1,1,,,,,
2026-09-18,2026-09-18,CM,BSE,STK,541144,INE380Z01015,ACTIVE,B,,,,,Active Clothing Co  Limited,100.25,105.00,100.25,103.40,103.80,102.25,,103.40,,,5583,576608.00,28,F1,1,,,,,
2026-09-18,2026-09-18,CM,BSE,STK,541152,INE705X01026,GOYALALUM,B,,,,,GOYAL ALUMINIUMS LIMITED,5.83,5.99,5.59,5.79,5.88,5.91,,5.77,,,27381,157019.00,317,F1,1,,,,,
2026-09-18,2026-09-18,CM,BSE,STK,541153,INE545U01014,BANDHANBNK,A,,,,,Bandhan Bank Limited,172.80,178.30,172.75,175.00,175.00,171.45,,175.00,,,949155,166834465.00,5421,F1,1,,,,,
2026-09-18,2026-09-18,CM,BSE,STK,541154,INE066F01020,HAL,A,,,,,Hindustan Aeronautics Limited,4809.70,4887.25,4781.50,4801.00,4801.00,4776.50,,4800.30,,,76346,370144910.00,4964,F1,1,,,,,
2026-09-18,2026-09-18,CM,BSE,STK,541161,INE278R01034,DHARAN,Z,,,,,DHARAN INFRA-EPC LIMITED,0.19,0.19,0.19,0.19,0.19,0.19,,0.15,,,454513,86357.00,381,F1,1,,,,,
2026-09-18,2026-09-18,CM,BSE,STK,541163,INE278H01035,SANDHAR,B,,,,,Sandhar Technologies Limited,588.35,606.25,588.25,600.85,601.10,588.75,,601.23,,,6006,3597321.00,427,F1,1,,,,,
2026-09-18,2026-09-18,CM,BSE,STK,541167,INE616Z01012,YASHO,B,,,,,YASHO INDUSTRIES LIMITED,4043.30,4060.00,3976.00,4002.10,4023.60,4007.85,,4002.00,,,949,3805809.00,192,F1,1,,,,,
2026-09-18,2026-09-18,CM,BSE,STK,541195,INE099Z01011,MIDHANI,A,,,,,Mishra Dhatu Nigam Limited,411.05,421.25,410.25,417.40,418.10,407.65,,417.30,,,72166,30090537.00,1731,F1,1,,,,,
2026-09-18,2026-09-18,CM,BSE,STK,541206,INE426Z01016,OBCL,B,,,,,OBCL Limited,55.82,55.82,55.15,55.15,55.15,55.15,,57.02,,,65,3585.00,3,F1,1,,,,,
2026-09-18,2026-09-18,CM,BSE,STK,541228,INE459Z01017,TRL,T,,,,,Taylormade Renewables Limited,54.05,56.80,54.05,55.96,55.80,54.82,,55.96,,,4393,244099.00,100,F1,1,,,,,
2026-09-18,2026-09-18,CM,BSE,STK,541233,INE970X01018,LEMONTREE,A,,,,,Lemon Tree Hotels Limited,104.10,107.00,104.10,106.50,107.00,103.90,,106.47,,,100608,10611792.00,1237,F1,1,,,,,
2026-09-18,2026-09-18,CM,BSE,STK,541269,INE783X01023,CHEMFAB,B,,,,,Chemfab Alkalis Ltd,361.95,367.65,361.95,367.65,367.65,361.95,,369.40,,,136,49338.00,10,F1,1,,,,,
2026-09-18,2026-09-18,CM,BSE,STK,541276,INE626Z01029,HARDWYN,B,,,,,HARDWYN INDIA LIMITED,9.11,9.20,9.05,9.17,9.20,9.11,,9.16,,,23564,215319.00,102,F1,1,,,,,
2026-09-18,2026-09-18,CM,BSE,STK,541300,INE790Z23019,INTERISE,IF,,,,,INTERISE TRUST,111.85,111.85,111.85,111.85,111.85,113.00,,111.85,,,550000,61517500.00,22,F1,25000,,,,,
2026-09-18,2026-09-18,CM,BSE,STK,541301,INE142Z01019,ORIENTELEC,B,,,,,Orient Electric Limited,170.65,170.65,166.50,167.45,166.50,168.80,,167.36,,,5707,958181.00,223,F1,1,,,,,
2026-09-18,2026-09-18,CM,BSE,STK,541302,INE506Z01015,DHRUV,B,,,,,Dhruv Consultancy Services Lim,21.30,22.30,21.00,21.35,21.28,21.80,,21.39,,,735,15532.00,20,F1,1,,,,,
2026-09-18,2026-09-18,CM,BSE,STK,541303,INE256Z01025,AKSHAR,B,,,,,Akshar Spintex Limited,0.42,0.42,0.41,0.42,0.42,0.41,,0.41,,,50343,20970.00,35,F1,1,,,,,
2026-09-18,2026-09-18,CM,BSE,STK,541304,INE250Z01010,INDOUS,B,,,,,Indo US Bio-Tech Limited,80.00,81.00,77.00,77.06,77.06,80.28,,77.99,,,17,1354.00,13,F1,1,,,,,
2026-09-18,2026-09-18,CM,BSE,STK,541313,INF109KC1V59,BSE500IETF,B,,,,,ICICI Prudential BSE 500 ETF,38.77,38.89,38.33,38.77,38.77,38.25,,38.76,,,24701,956515.00,35,F1,1,,,,,
2026-09-18,2026-09-18,CM,BSE,STK,541336,INE896L01010,INDOSTAR,B,,,,,IndoStar Capital Finance Limit,229.20,245.50,229.20,241.95,240.90,229.50,,241.12,,,7810,1871137.00,228,F1,1,,,,,
2026-09-18,2026-09-18,CM,BSE,STK,541337,INE424Z01011,MILEFUR,MT,,,,,Milestone Furniture Limited,25.87,27.25,25.87,27.25,27.25,27.23,,27.25,,,24000,628680.00,8,F1,3000,,,,,
2026-09-18,2026-09-18,CM,BSE,STK,541338,INE556Z01010,UHZAVERI,B,,,,,U. H. ZAVERI LIMITED,9.25,9.25,8.20,8.51,8.46,8.84,,8.51,,,47236,402583.00,57,F1,1,,,,,
2026-09-18,2026-09-18,CM,BSE,STK,541347,INE295Z01015,PARVATI,XT,,,,,Parvati Sweetners and Power Lt,6.82,7.04,6.65,6.81,6.72,6.82,,6.81,,,8023,54617.00,39,F1,1,,,,,
2026-09-18,2026-09-18,CM,BSE,STK,541353,INE870Z01015,INNOVATORS,M,,,,,Innovators Facade Systems Limi,111.00,114.00,111.00,112.95,112.10,113.30,,112.95,,,7200,808680.00,9,F1,800,,,,,
2026-09-18,2026-09-18,CM,BSE,STK,541358,INE926R01012,UCIL,XT,,,,,UNIFINZ CAPITAL INDIA LIMITED,100.00,102.95,100.00,102.00,102.00,100.00,,102.00,,,747,75416.00,13,F1,1,,,,,
2026-09-18,2026-09-18,CM,BSE,STK,541400,INE518E01015,ZIMLAB,B,,,,,ZIM Laboratories Limited,138.20,139.20,130.25,135.30,133.45,137.75,,135.51,,,7179,964852.00,333,F1,1,,,,,
2026-09-18,2026-09-18,CM,BSE,STK,541402,INE692Z01013,AFFORDABLE,B,,,,,Affordable Robotic & Automatio,168.05,174.65,162.50,172.25,173.00,166.35,,172.31,,,3849,656291.00,92,F1,1,,,,,
2026-09-18,2026-09-18,CM,BSE,STK,541403,INE325C01035,DOLLAR,B,,,,,Dollar Industries Limited,268.60,278.00,266.90,273.65,271.95,265.15,,273.26,,,7124,1947360.00,331,F1,1,,,,,
2026-09-18,2026-09-18,CM,BSE,STK,541418,INE236Y01012,NGIL,B,,,,,NAKODA GROUP OF INDUSTRIES LIM,37.00,40.93,35.99,38.45,38.45,37.28,,38.08,,,3600,136248.00,49,F1,1,,,,,
2026-09-18,2026-09-18,CM,BSE,STK,541444,INE838Z01012,PALMJEWELS,X,,,,,Palm Jewels Limited,15.50,15.50,15.02,15.49,15.49,15.02,,15.49,,,976,15041.00,23,F1,1,,,,,
2026-09-18,2026-09-18,CM,BSE,STK,541445,INE799N01012,WAA,M,,,,,Waa Solar Limited,47.80,49.79,47.40,49.79,49.79,47.80,,49.79,,,5600,269992.00,7,F1,800,,,,,
2026-09-18,2026-09-18,CM,BSE,STK,541450,INE364U01010,ADANIGREEN,A,,,,,Adani Green Energy Limited,1274.95,1338.05,1273.60,1313.70,1313.70,1266.25,,1334.41,,,141765,186511015.00,5936,F1,1,,,,,
2026-09-18,2026-09-18,CM,BSE,STK,541540,INE624Z01016,SOLARA,B,,,,,SOLARA ACTIVE PHARMA SCIENCES,742.45,751.45,730.50,740.80,743.00,740.70,,741.92,,,20967,15517018.00,865,F1,1,,,,,
2026-09-18,2026-09-18,CM,BSE,STK,541546,INE287Z01012,GAYAHWS,B,,,,,GAYATRI HIGHWAYS LTD,1.85,1.95,1.85,1.88,1.94,1.90,,1.90,,,12617,23919.00,67,F1,1,,,,,
2026-09-18,2026-09-18,CM,BSE,STK,541556,INE320J01015,RITES,A,,,,,RITES Limited,205.10,211.30,204.40,207.20,206.70,207.85,,207.23,,,37753,7816349.00,897,F1,1,,,,,
2026-09-18,2026-09-18,CM,BSE,STK,541557,INE686Y01026,FINEORG,A,,,,,Fine Organic Industries Limite,5214.30,5252.00,5160.50,5204.90,5194.90,5191.40,,5199.02,,,653,3402370.00,152,F1,1,,,,,
2026-09-18,2026-09-18,CM,BSE,STK,541578,INE665L01035,VARROC,A,,,,,Varroc Engineering Limited,844.60,877.00,844.25,862.40,858.00,844.05,,861.56,,,10447,9061947.00,613,F1,1,,,,,
2026-09-18,2026-09-18,CM,BSE,STK,541601,INE685Z01033,RAJNISH,B,,,,,Rajnish Wellness Limited,0.40,0.41,0.39,0.40,0.40,0.40,,0.40,,,4750799,1899966.00,379,F1,1,,,,,
2026-09-18,2026-09-18,CM,BSE,STK,541627,INE173V01013,GUJWIND,XT,,,,,Gujarat Winding Systems Limite,10.23,10.76,10.23,10.25,10.25,10.76,,10.25,,,2645,27698.00,10,F1,1,,,,,
2026-09-18,2026-09-18,CM,BSE,STK,541634,INE960Z01014,RAWEDGE,B,,,,,Raw Edge Industrial Solutions,14.75,14.75,13.61,14.00,14.00,14.27,,14.00,,,763,10644.00,20,F1,1,,,,,
2026-09-18,2026-09-18,CM,BSE,STK,541702,INE694W01024,ASHNI,XT,,,,,Ashnisha Industries Limited,2.45,2.49,2.44,2.49,2.49,2.38,,2.49,,,8880155,22108942.00,574,F1,1,,,,,
2026-09-18,2026-09-18,CM,BSE,STK,541729,INE127D01025,HDFCAMC,A,,,,,HDFC Asset Management Company,2395.20,2437.70,2395.20,2425.00,2425.00,2384.50,,2425.00,,,62216,150334770.00,1527,F1,1,,,,,
2026-09-18,2026-09-18,CM,BSE,STK,541735,INE299W01022,VIVANTA,X,,,,,Vivanta Industries Limited,1.83,1.89,1.82,1.83,1.82,1.81,,1.83,,,92020,170416.00,187,F1,1,,,,,
2026-09-18,2026-09-18,CM,BSE,STK,541741,INE401Z01019,FRATELLI,XT,,,,,Fratelli Vineyards Limited,137.55,137.90,133.45,135.55,136.90,131.35,,135.55,,,35826,4924011.00,95,F1,1,,,,,
2026-09-18,2026-09-18,CM,BSE,STK,541770,INE741K01010,CREDITACC,A,,,,,CreditAccess Grameen Ltd.,1374.10,1395.70,1359.20,1385.20,1386.55,1370.50,,1387.57,,,3693,5064014.00,784,F1,1,,,,,
2026-09-18,2026-09-18,CM,BSE,STK,541771,INE572Z01017,AMINTAN,XT,,,,,AMIN TANNERY LIMITED,1.72,1.90,1.72,1.90,1.90,1.81,,1.90,,,630344,1161220.00,480,F1,1,,,,,
2026-09-18,2026-09-18,CM,BSE,STK,541778,INE00IY01012,DEEP,B,,,,,Deep Polymers Limited,47.01,48.06,46.50,46.82,47.70,47.26,,46.74,,,5540,260898.00,250,F1,1,,,,,
2026-09-18,2026-09-18,CM,BSE,STK,541799,INE266S01011,SMEL,MT,,,,,Sungold Media and Entertainmen,22.10,22.10,22.10,22.10,22.10,21.05,,22.10,,,5000,110500.00,1,F1,5000,,,,,
2026-09-18,2026-09-18,CM,BSE,STK,541809,INF109KC1NS5,NEXT50IETF,B,,,,,ICICI Prudential Mutual Fund,75.30,76.54,74.54,76.48,76.46,75.28,,76.39,,,16467,1251639.00,242,F1,1,,,,,
2026-09-18,2026-09-18,CM,BSE,STK,541865,INE01B501018,ASRL,X,,,,,Add-Shop E-Retail Limited,5.94,5.94,5.70,5.84,5.91,5.64,,5.84,,,13539,79329.00,75,F1,1,,,,,
2026-09-18,2026-09-18,CM,BSE,STK,541890,INE797Z01028,SPACEINCUBA,XT,,,,,Space Incubatrics Technologies,0.18,0.18,0.18,0.18,0.18,0.18,,0.18,,,32831,5909.00,46,F1,1,,,,,
2026-09-18,2026-09-18,CM,BSE,STK,541929,INE00QT01015,SGIL,B,,,,,Synergy Green Industries Limit,585.55,601.95,585.55,586.40,586.40,585.90,,589.17,,,82,48374.00,37,F1,1,,,,,
2026-09-18,2026-09-18,CM,BSE,STK,541946,INF109KC1KT9,LIQUIDIETF,F,,,,,ICICI Prudential BSE Liquid Ra,999.99,1000.01,999.99,1000.00,1000.00,1000.00,,999.99,,,93599,93599016.00,31,F1,1,,,,,
2026-09-18,2026-09-18,CM,BSE,STK,541956,INE962Y01021,IRCON,A,,,,,IRCON International Ltd,108.00,110.65,107.05,109.85,109.85,107.95,,109.85,,,333127,36318417.00,3804,F1,1,,,,,
2026-09-18,2026-09-18,CM,BSE,STK,541967,INE01IU01018,SKYGOLD,A,,,,,Sky Gold And Diamonds Limited,793.70,806.65,780.30,783.75,785.90,793.70,,783.70,,,30213,23942569.00,1412,F1,1,,,,,
2026-09-18,2026-09-18,CM,BSE,STK,541972,INF200KA1VQ2,SETFSN50,B,,,,,SBI Mutual Fund,936.50,942.02,934.77,942.02,942.02,931.74,,942.02,,,141,132157.00,9,F1,1,,,,,
2026-09-18,2026-09-18,CM,BSE,STK,541973,INE004Z01011,MACH,M,,,,,Mac Hotels Limited,54.00,54.00,54.00,54.00,54.00,60.00,,54.00,,,3000,162000.00,2,F1,1500,,,,,
2026-09-18,2026-09-18,CM,BSE,STK,541974,INE00VM01036,MANORAMA,A,,,,,Manorama Industries Limited,1934.60,1982.60,1930.00,1968.05,1975.10,1936.90,,1966.94,,,3445,6779278.00,361,F1,1,,,,,
2026-09-18,2026-09-18,CM,BSE,STK,541988,INE216P01012,AAVAS,A,,,,,AAVAS Financiers Limited,1295.00,1303.00,1273.00,1281.20,1296.75,1290.45,,1284.49,,,5414,6967978.00,367,F1,1,,,,,
2026-09-18,2026-09-18,CM,BSE,STK,542011,INE382Z01011,GRSE,A,,,,,Garden Reach Shipbuilders & En,2345.10,2429.30,2345.10,2413.00,2413.00,2339.85,,2411.76,,,44701,107010182.00,4883,F1,1,,,,,
2026-09-18,2026-09-18,CM,BSE,STK,542012,INE911Z01025,A1L,T,,,,,A-1 LIMITED,5.67,6.25,5.67,6.23,6.23,5.96,,6.23,,,2527012,15180087.00,2766,F1,1,,,,,
2026-09-18,2026-09-18,CM,BSE,STK,542013,INE666Y01010,DOLFIN,B,,,,,Dolfin Rubbers Limited,169.00,173.50,167.30,169.00,169.00,167.35,,169.00,,,67,11399.00,14,F1,1,,,,,
2026-09-18,2026-09-18,CM,BSE,STK,542019,INE01J501010,SHUBHAM,X,,,,,Shubham Polyspin Limited,38.69,38.69,36.03,36.08,36.08,37.60,,36.08,,,1053,38938.00,11,F1,1,,,,,
2026-09-18,2026-09-18,CM,BSE,STK,542020,INE642Z01026,AKI,T,,,,,AKI India Limited,6.15,6.15,6.15,6.15,6.15,5.86,,6.11,,,27679,170225.00,35,F1,1,,,,,
2026-09-18,2026-09-18,CM,BSE,STK,542025,INE206Z01020,SUNRETAIL,MT,,,,,Sun Retail Limited,0.40,0.41,0.40,0.41,0.41,0.41,,0.41,,,144000,58080.00,2,F1,48000,,,,,
2026-09-18,2026-09-18,CM,BSE,STK,542034,INE00Q901014,SMGOLD,B,,,,,S. M. Gold Limited,14.40,14.98,13.67,13.76,13.76,14.12,,13.76,,,38163,540266.00,316,F1,1,,,,,
2026-09-18,2026-09-18,CM,BSE,STK,542046,INE647Z01025,VIVIDM,B,,,,,VIVID MERCANTILE LIMITED,5.99,5.99,5.72,5.85,5.88,5.94,,5.85,,,109477,642891.00,65,F1,1,,,,,
2026-09-18,2026-09-18,CM,BSE,STK,542057,INE00SW01015,BCPL,B,,,,,BCPL Railway Infrastructure Li,68.39,68.39,66.10,66.62,66.55,68.40,,66.88,,,2080,138860.00,132,F1,1,,,,,
2026-09-18,2026-09-18,CM,BSE,STK,542066,INE399L01023,ATGL,A,,,,,ADANI TOTAL GAS LIMITED,588.90,674.80,588.90,660.65,660.65,586.85,,660.69,,,2031715,1325209533.00,30000,F1,1,,,,,
2026-09-18,2026-09-18,CM,BSE,STK,542123,INE398C01016,PHOSPHATE,X,,,,,The Phosphate Company Limited,135.45,138.00,134.15,138.00,138.00,136.10,,138.00,,,97,13063.00,11,F1,1,,,,,
2026-09-18,2026-09-18,CM,BSE,STK,542131,INF769K01EG9,NIFTYETF,B,,,,,Mirae Asset Mutual Fund,254.04,255.02,253.65,254.49,253.89,254.04,,254.51,,,3378,858039.00,236,F1,1,,,,,
2026-09-18,2026-09-18,CM,BSE,STK,542141,INE285K01026,TECHNOE,A,,,,,Techno Electric & Engineering,991.30,1039.00,991.30,1032.75,1032.75,986.55,,1030.69,,,48938,49720332.00,2738,F1,1,,,,,
2026-09-18,2026-09-18,CM,BSE,STK,542146,INE951Z01013,SKIFL,M,,,,,Shree Krishna Infrastructure L,7.90,7.90,7.90,7.90,7.90,8.19,,7.90,,,1250,9875.00,1,F1,1250,,,,,
2026-09-18,2026-09-18,CM,BSE,STK,542176,INE016X01010,ARYAN,X,,,,,Aryan Share & Stock Brokers Lt,18.23,18.23,18.23,18.23,18.23,18.06,,18.23,,,5,91.00,1,F1,1,,,,,
2026-09-18,2026-09-18,CM,BSE,STK,542206,INE139E01028,NIVAKA,XT,,,,,NIVAKA FASHIONS LIMITED,0.63,0.69,0.63,0.69,0.66,0.66,,0.69,,,160391,103310.00,90,F1,1,,,,,
2026-09-18,2026-09-18,CM,BSE,STK,542216,INE00R701025,DALBHARAT,A,,,,,DALMIA BHARAT LIMITED,1688.95,1800.00,1688.95,1765.70,1800.00,1690.00,,1761.46,,,6907,12032403.00,601,F1,1,,,,,
2026-09-18,2026-09-18,CM,BSE,STK,542230,INF209KB16D7,ABSLNN50ET,B,,,,,Aditya Birla Sun Life Mutual F,76.61,76.61,74.00,75.70,75.70,74.75,,75.87,,,3147,235659.00,30,F1,1,,,,,
2026-09-18,2026-09-18,CM,BSE,STK,542231,INE00S901012,NILASPACES,B,,,,,Nila Spaces Ltd,12.30,12.65,12.15,12.31,12.30,12.53,,12.30,,,102969,1278801.00,325,F1,1,,,,,
2026-09-18,2026-09-18,CM,BSE,STK,542232,INE01NE01012,SRD,B,,,,,Shankar Lal Rampal Dye-Chem Li,40.50,40.50,39.00,39.11,39.11,39.95,,39.15,,,6544,260302.00,51,F1,1,,,,,
2026-09-18,2026-09-18,CM,BSE,STK,542233,INE00CA01015,TREJHARA,B,,,,,Trejhara Solutions Limited,136.15,137.80,132.00,132.70,132.50,136.95,,132.37,,,2108,286496.00,63,F1,1,,,,,
2026-09-18,2026-09-18,CM,BSE,STK,542248,INE452W01019,DECCAN,T,,,,,Deccan Health Care Limited,11.60,12.14,11.56,11.56,11.56,12.16,,11.56,,,7304,84596.00,93,F1,1,,,,,
2026-09-18,2026-09-18,CM,BSE,STK,542285,INE02EZ01022,AXITA,B,,,,,Axita Cotton Limited,8.04,8.05,7.97,8.00,8.00,8.00,,7.99,,,99633,797569.00,120,F1,1,,,,,
2026-09-18,2026-09-18,CM,BSE,STK,542323,INE542W01025,KPIGREEN,A,,,,,KPI Green Energy Limited,280.25,287.05,276.55,284.40,285.25,278.75,,284.45,,,57428,16221875.00,1294,F1,1,,,,,
2026-09-18,2026-09-18,CM,BSE,STK,542332,INE302R01024,HIKLASS,XT,,,,,Hi-Klass Trading and Investmen,90.20,90.20,90.20,90.20,90.20,90.00,,90.20,,,15,1353.00,1,F1,1,,,,,
2026-09-18,2026-09-18,CM,BSE,STK,542333,INE425Y01011,RPSGVENT,B,,,,,RPSG VENTURES LIMITED,833.85,856.45,833.00,841.60,833.00,833.85,,843.27,,,1408,1186018.00,89,F1,1,,,,,
2026-09-18,2026-09-18,CM,BSE,STK,542337,INE020801028,SPENCERS,B,,,,,Spencer's Retail Limited,27.76,29.00,27.70,28.78,28.78,27.63,,28.38,,,718,20463.00,18,F1,1,,,,,
2026-09-18,2026-09-18,CM,BSE,STK,542351,INE350Z01018,GLOSTERLTD,B,,,,,Gloster Ltd,588.00,588.00,585.00,585.00,585.00,590.00,,586.09,,,26,15213.00,3,F1,1,,,,,
2026-09-18,2026-09-18,CM,BSE,STK,542367,INE01P501012,XELPMOC,B,,,,,Xelpmoc Design and Tech Limite,75.60,75.75,73.20,75.36,75.75,74.98,,74.40,,,955,70786.00,58,F1,1,,,,,
2026-09-18,2026-09-18,CM,BSE,STK,542383,INE01EG01016,RITCO,B,,,,,Ritco Logistics Limited,296.55,297.45,290.00,290.70,290.00,299.00,,291.35,,,6279,1830444.00,206,F1,1,,,,,
2026-09-18,2026-09-18,CM,BSE,STK,542399,INE427F01016,CHALET,A,,,,,Chalet Hotels Limited,840.05,874.40,840.00,867.45,863.50,843.45,,865.68,,,9660,8322529.00,889,F1,1,,,,,
2026-09-18,2026-09-18,CM,BSE,STK,542437,INE02AR01019,ANMOL,T,,,,,Anmol India Limited,14.60,14.84,14.16,14.37,14.70,14.90,,14.27,,,15426,219621.00,53,F1,1,,,,,
2026-09-18,2026-09-18,CM,BSE,STK,542446,INE793Z01027,JONJUA,M,,,,,Jonjua Overseas Limited,3.10,3.22,2.95,3.19,3.19,3.09,,3.19,,,149448,466651.00,23,F1,6227,,,,,
2026-09-18,2026-09-18,CM,BSE,STK,542459,INE911T01010,KRANTI,B,,,,,Kranti Industries Limited,45.90,45.90,44.00,44.06,44.00,45.21,,44.06,,,4343,192765.00,60,F1,1,,,,,
2026-09-18,2026-09-18,CM,BSE,STK,542460,INE294Z01018,ANUP,B,,,,,The Anup Engineering Ltd,1649.00,1679.90,1626.00,1640.65,1640.65,1642.00,,1638.38,,,1442,2380354.00,225,F1,1,,,,,
2026-09-18,2026-09-18,CM,BSE,STK,542484,INE955V01021,ARVINDFASN,A,,,,,Arvind Fashions Limited,429.45,433.35,422.50,429.00,429.75,423.75,,428.15,,,8406,3596356.00,469,F1,1,,,,,
2026-09-18,2026-09-18,CM,BSE,STK,542513,INF789F1AUU3,SNXT50BETA,B,,,,,UTI BSE  Sensex Next 50 ETF,92.40,92.40,92.40,92.40,92.40,92.22,,92.86,,,1,92.00,1,F1,1,,,,,
2026-09-18,2026-09-18,CM,BSE,STK,542524,INE342U01016,AIHL,X,,,,,AMBASSADOR INTRA HOLDINGS LIMI,26.90,29.72,26.90,29.57,29.57,28.31,,29.57,,,8503,229963.00,13,F1,1,,,,,
2026-09-18,2026-09-18,CM,BSE,STK,542543,INE05KD23015,ENERGYINF,IF,,,,,Energy Infrastructure Trust,72.99,73.15,72.55,72.65,73.00,72.87,,72.65,,,2350000,170567750.00,27,F1,25000,,,,,
2026-09-18,2026-09-18,CM,BSE,STK,542579,INE05FR01029,AGOL,B,,,,,Ashapuri Gold Ornament Limited,4.75,4.84,4.73,4.79,4.79,4.70,,4.79,,,904507,4329456.00,1245,F1,1,,,,,
2026-09-18,2026-09-18,CM,BSE,STK,542580,INE01C001026,AARTECH,T,,,,,Aartech Solonics Limited,51.45,51.98,50.51,51.01,51.01,51.45,,51.28,,,3698,188857.00,22,F1,1,,,,,
2026-09-18,2026-09-18,CM,BSE,STK,542592,INE02PC01027,HBEL,M,,,,,Humming Bird Education Limited,28.50,28.50,28.50,28.50,28.50,28.60,,28.50,,,1250,35625.00,1,F1,1250,,,,,
2026-09-18,2026-09-18,CM,BSE,STK,542597,INE255X01014,MSTCLTD,B,,,,,MSTC Limited,737.90,741.05,701.15,724.90,726.00,714.15,,724.10,,,14020,10132950.00,480,F1,1,,,,,
2026-09-18,2026-09-18,CM,BSE,STK,542602,INE041025011,EMBASSY,IF,,,,,Embassy Office Parks REIT,438.53,446.10,437.50,442.91,439.40,439.48,,441.11,,,316702,139071327.00,1838,F1,1,,,,,
2026-09-18,2026-09-18,CM,BSE,STK,542627,INE01GZ01011,CHANDNIMACH,XT,,,,,Chandni Machines Limited,98.99,98.99,90.00,95.98,95.98,94.30,,95.98,,,8989,838134.00,54,F1,1,,,,,
2026-09-18,2026-09-18,CM,BSE,STK,542628,INE01BL01012,NSL,B,,,,,Northern Spirits Limited,128.70,129.80,125.50,127.00,127.00,127.00,,127.00,,,3687,469392.00,59,F1,1,,,,,
2026-09-18,2026-09-18,CM,BSE,STK,542649,INE415G01027,RVNL,A,,,,,Rail Vikas Nigam Limited,201.90,210.50,200.80,210.30,210.30,201.15,,214.26,,,383120,78910235.00,3739,F1,1,,,,,
2026-09-18,2026-09-18,CM,BSE,STK,542650,INE112L01020,METROPOLIS,A,,,,,Metropolis Healthcare Limited,589.65,602.00,589.65,597.55,595.70,585.30,,597.45,,,9550,5697770.00,538,F1,1,,,,,
2026-09-18,2026-09-18,CM,BSE,STK,542651,INE04I401011,KPITTECH,A,,,,,KPIT Technologies Ltd,559.95,560.00,539.20,543.00,543.00,559.30,,532.04,,,228979,125073008.00,6682,F1,1,,,,,
2026-09-18,2026-09-18,CM,BSE,STK,542652,INE455K01017,POLYCAB,A,,,,,Polycab India Limited,8250.00,8375.00,8237.00,8360.00,8360.00,8225.00,,8399.76,,,75691,629325472.00,6438,F1,1,,,,,
2026-09-18,2026-09-18,CM,BSE,STK,542654,INE06LG01010,VRFILMS,B,,,,,V R FILMS & STUDIOS LIMITED,11.55,11.75,11.20,11.75,11.75,11.50,,11.75,,,10003,112368.00,16,F1,1,,,,,
2026-09-18,2026-09-18,CM,BSE,STK,542655,INE161L01027,VIKASLIFE,B,,,,,VIKAS LIFECARE LIMITED,1.22,1.24,1.21,1.21,1.21,1.22,,1.21,,,359225,438988.00,6835,F1,1,,,,,
2026-09-18,2026-09-18,CM,BSE,STK,542665,INE136S01016,NEOGEN,B,,,,,Neogen Chemicals Limited,2436.65,2498.50,2378.60,2489.10,2489.10,2392.85,,2488.43,,,15299,37403993.00,1489,F1,1,,,,,
2026-09-18,2026-09-18,CM,BSE,STK,542666,INE05QJ01015,GKP,B,,,,,G. K. P. Printing & Packaging,7.61,7.94,7.41,7.69,7.78,7.61,,7.69,,,35238,267454.00,84,F1,1,,,,,
2026-09-18,2026-09-18,CM,BSE,STK,542669,INE374E01021,BMW,X,,,,,BMW INDUSTRIES LIMITED,53.31,53.31,51.30,52.08,52.25,52.59,,52.08,,,70074,3661015.00,712,F1,1,,,,,
2026-09-18,2026-09-18,CM,BSE,STK,542670,INE757T01025,AEPL,B,,,,,Artemis Electricals and Projec,16.30,16.30,15.80,16.00,16.00,15.68,,15.95,,,3443,55286.00,32,F1,1,,,,,
2026-09-18,2026-09-18,CM,BSE,STK,542677,INE01MO01013,MAHESH,X,,,,,Mahesh Developers Limited,15.23,15.23,14.47,15.00,15.00,15.23,,15.00,,,281,4082.00,13,F1,1,,,,,
2026-09-18,2026-09-18,CM,BSE,STK,542678,INE05BN01027,CHCL,MT,,,,,Cian Healthcare Limited,18.80,18.80,18.80,18.80,18.80,17.91,,18.80,,,822,15453.00,6,F1,137,,,,,
2026-09-18,2026-09-18,CM,BSE,STK,542679,INE413F01016,DEL,X,,,,,Dhanashree Electronics Limited,125.00,125.00,124.95,124.95,124.95,123.00,,124.95,,,2,249.00,2,F1,1,,,,,
2026-09-18,2026-09-18,CM,BSE,STK,542682,INE01K301012,HARISH,X,,,,,Harish Textile Engineers Limit,66.99,66.99,64.98,66.90,66.90,68.40,,66.90,,,1069,69521.00,4,F1,1,,,,,
2026-09-18,2026-09-18,CM,BSE,STK,542684,INE050001010,PPL,T,,,,,Prakash Pipes Limited,265.35,277.60,265.35,272.00,275.40,276.10,,268.68,,,1503,404452.00,36,F1,1,,,,,
2026-09-18,2026-09-18,CM,BSE,STK,542685,INE03JI01017,DGCONTENT,B,,,,,Digicontent Limited,23.82,25.75,23.82,25.75,25.75,23.53,,24.49,,,347,8892.00,2,F1,1,,,,,
2026-09-18,2026-09-18,CM,BSE,STK,542721,INE02GA01012,ARL,T,,,,,Anand Rayons Limited,40.39,40.39,38.50,39.90,39.90,40.39,,39.90,,,21573,841922.00,84,F1,1,,,,,
2026-09-18,2026-09-18,CM,BSE,STK,542725,INE04AK01028,SBC,B,,,,,SBC EXPORTS LIMITED,48.16,49.82,48.16,49.45,49.04,48.28,,49.26,,,2314956,113698190.00,2262,F1,1,,,,,
2026-09-18,2026-09-18,CM,BSE,STK,542726,INE933S01016,INDIAMART,A,,,,,IndiaMART InterMESH Limited,1653.60,1670.00,1623.50,1643.15,1643.15,1663.15,,1646.27,,,264545,436325543.00,1911,F1,1,,,,,
2026-09-18,2026-09-18,CM,BSE,STK,542727,INE056001014,CPML,M,,,,,CITY PULSE MULTIVENTURES LIMIT,75.90,75.90,75.90,75.90,75.90,79.85,,75.90,,,1700,129030.00,19,F1,50,,,,,
2026-09-18,2026-09-18,CM,BSE,STK,542729,INE08KP01019,DCMNVL,B,,,,,DCM NOUVELLE LIMITED,173.50,177.75,173.50,177.70,177.70,171.75,,180.20,,,53,9409.00,5,F1,1,,,,,
2026-09-18,2026-09-18,CM,BSE,STK,542730,INF109KC15I8,BANKIETF,B,,,,,ICICI Prudential Mutual Fund,57.36,58.08,57.36,57.92,58.08,57.79,,57.90,,,2076,120188.00,126,F1,1,,,,,
2026-09-18,2026-09-18,CM,BSE,STK,542747,INF204KB15D0,SNXT50BEES,B,,,,,NIPPON INDIA ETF SENSEX NEXT 5,91.12,93.86,90.51,92.06,92.00,91.26,,92.06,,,3589,328066.00,78,F1,1,,,,,
2026-09-18,2026-09-18,CM,BSE,STK,542752,INE00WC01027,AFFLE,A,,,,,AFFLE 3I LIMITED,1538.50,1622.50,1537.25,1600.60,1585.80,1544.45,,1603.44,,,11933,18793752.00,1153,F1,1,,,,,
2026-09-18,2026-09-18,CM,BSE,STK,542758,INF109KC18U7,PVTBANIETF,B,,,,,ICICI Prudential Mutual Fund,27.66,27.72,27.55,27.70,27.71,27.59,,27.70,,,21634,598374.00,331,F1,1,,,,,
2026-09-18,2026-09-18,CM,BSE,STK,542759,INE572J01011,SPANDANA,B,,,,,Spandana Sphoorty Financial Li,228.15,231.70,226.85,228.95,229.00,227.25,,229.23,,,4774,1091970.00,343,F1,1,,,,,
2026-09-18,2026-09-18,CM,BSE,STK,542760,INE00M201021,SWSOLAR,B,,,,,STERLING AND WILSON RENEWABLE,180.25,181.00,174.45,176.15,176.15,179.40,,176.06,,,248897,44347298.00,2122,F1,1,,,,,
2026-09-18,2026-09-18,CM,BSE,STK,542770,INE08E401029,ALPHALOGIC,B,,,,,Alphalogic Techsys Limited,42.49,42.49,39.41,40.81,40.80,40.87,,40.81,,,1238,50144.00,35,F1,1,,,,,
2026-09-18,2026-09-18,CM,BSE,STK,542772,INE466L01038,360ONE,A,,,,,360 ONE WAM LIMITED,1064.85,1086.75,1060.95,1082.80,1082.80,1060.85,,1073.10,,,162047,173917417.00,1698,F1,1,,,,,
2026-09-18,2026-09-18,CM,BSE,STK,542773,INE489L01022,IIFLCAPS,A,,,,,IIFL CAPITAL SERVICES LIMITED,337.10,346.45,337.10,345.60,345.00,336.85,,345.11,,,48612,16648694.00,491,F1,1,,,,,
2026-09-18,2026-09-18,CM,BSE,STK,542774,INE08KJ01020,MUFIN,B,,,,,MUFIN GREEN FINANCE LIMITED,134.00,135.90,133.00,133.55,133.55,132.20,,133.45,,,20894,2809780.00,336,F1,1,,,,,
2026-09-18,2026-09-18,CM,BSE,STK,542802,INE906Y01028,GALACTICO,B,,,,,Galactico Corporate Services L,1.89,1.92,1.75,1.82,1.82,1.87,,1.82,,,519147,943830.00,338,F1,1,,,,,
2026-09-18,2026-09-18,CM,BSE,STK,542803,INE560T01015,VEL,X,,,,,Vaxfab Enterprises Limited,65.00,67.00,64.00,64.63,64.01,64.47,,64.63,,,25417,1646719.00,112,F1,1,,,,,
2026-09-18,2026-09-18,CM,BSE,STK,542812,INE09N301011,FLUOROCHEM,A,,,,,Gujarat Fluorochemicals Limite,4460.05,4610.30,4460.05,4585.25,4601.00,4474.30,,4586.65,,,6023,27547760.00,896,F1,1,,,,,
2026-09-18,2026-09-18,CM,BSE,STK,542830,INE335Y01020,IRCTC,A,,,,,Indian Railway Catering and To,457.65,479.50,457.45,476.45,476.45,457.15,,476.73,,,198360,92925468.00,7951,F1,1,,,,,
2026-09-18,2026-09-18,CM,BSE,STK,542850,INE492Z01018,GOBLIN,MT,,,,,GOBLIN INDIA LIMITED,16.73,16.73,16.73,16.73,16.73,15.94,,16.73,,,76000,1271480.00,31,F1,2000,,,,,
2026-09-18,2026-09-18,CM,BSE,STK,542851,INE06H201014,GENSOL,Z,,,,,Gensol Engineering Limited,16.69,17.19,16.40,17.04,17.00,16.69,,17.09,,,10621,179876.00,122,F1,1,,,,,
2026-09-18,2026-09-18,CM,BSE,STK,542852,INE430N01022,VISHWARAJ,B,,,,,Vishwaraj Sugar Industries Lim,5.20,5.38,5.20,5.30,5.33,5.28,,5.31,,,28912,153011.00,73,F1,1,,,,,
2026-09-18,2026-09-18,CM,BSE,STK,542857,INE08ZM01014,GREENPANEL,B,,,,,Greenpanel Industries Limited,159.70,159.90,154.35,157.55,157.55,158.05,,157.81,,,56374,8818371.00,1990,F1,1,,,,,
2026-09-18,2026-09-18,CM,BSE,STK,542862,INE052001026,SHAHLON,X,,,,,Shahlon Silk Industries Limite,23.01,24.87,22.62,23.99,23.99,23.50,,23.99,,,4980,118155.00,50,F1,1,,,,,
2026-09-18,2026-09-18,CM,BSE,STK,542863,INF209KB17D5,ABSLBANETF,B,,,,,Aditya Birla Sun Life Mutual F,56.97,57.96,56.97,57.86,57.86,57.93,,57.72,,,174,10021.00,19,F1,1,,,,,
2026-09-18,2026-09-18,CM,BSE,STK,542865,INE490Z01012,ANUROOP,B,,,,,Anuroop Packaging Limited,10.49,10.58,10.25,10.25,10.25,10.25,,10.25,,,659,6767.00,13,F1,1,,,,,
2026-09-18,2026-09-18,CM,BSE,STK,542867,INE679A01013,CSBBANK,A,,,,,CSB Bank Limited,322.50,340.15,321.05,336.60,337.00,329.50,,336.17,,,41305,13861657.00,729,F1,1,,,,,
2026-09-18,2026-09-18,CM,BSE,STK,542904,INE551W01018,UJJIVANSFB,A,,,,,Ujjivan Small Finance Bank Lim,63.98,65.26,63.89,65.00,65.00,63.97,,65.02,,,297220,19225207.00,1754,F1,1,,,,,
2026-09-18,2026-09-18,CM,BSE,STK,542905,INE05AN01011,HINDWAREAP,B,,,,,Hindware Home Innovation Limit,176.80,178.40,170.65,172.10,172.00,176.95,,172.08,,,10951,1892103.00,241,F1,1,,,,,
2026-09-18,2026-09-18,CM,BSE,STK,542907,INE689W01016,PRINCEPIPE,B,,,,,Prince Pipes and Fittings Limi,260.15,275.15,257.75,269.85,270.75,258.00,,269.80,,,15673,4237846.00,548,F1,1,,,,,
2026-09-18,2026-09-18,CM,BSE,STK,542909,INF754K01KO2,EBBETF0430,F,,,,,Edelweiss Mutual Fund,1613.90,1613.90,1606.72,1608.89,1611.30,1607.74,,1610.77,,,629,1011909.00,52,F1,1,,,,,
2026-09-18,2026-09-18,CM,BSE,STK,542918,INE063601012,GIANLIFE,Z,,,,,Gian Life Care Limited,4.52,4.72,4.52,4.69,4.69,4.60,,4.69,,,910,4258.00,17,F1,1,,,,,
2026-09-18,2026-09-18,CM,BSE,STK,542919,INE025R01021,ARTEMISMED,B,,,,,Artemis Medicare Services Limi,334.10,344.50,334.10,338.45,338.00,331.20,,338.50,,,21504,7326412.00,845,F1,1,,,,,
2026-09-18,2026-09-18,CM,BSE,STK,542920,INE258G01013,SUMICHEM,A,,,,,SUMITOMO CHEMICAL INDIA LIMITE,455.90,469.45,455.90,459.95,457.05,456.95,,460.84,,,18781,8706423.00,840,F1,1,,,,,
2026-09-18,2026-09-18,CM,BSE,STK,542921,INF109KC11W8,MIDCAPIETF,B,,,,,ICICI Prudential Mutual Fund,23.16,23.80,23.16,23.74,23.80,23.42,,23.70,,,28460,670517.00,174,F1,1,,,,,
2026-09-18,2026-09-18,CM,BSE,STK,542922,INF769K01FN2,NEXT50,B,,,,,Mirae Asset Mutual Fund,739.68,746.42,739.36,746.41,746.42,736.00,,745.62,,,480,356936.00,110,F1,1,,,,,
2026-09-18,2026-09-18,CM,BSE,STK,542933,INE03V001013,UNIVPHOTO,T,,,,,UNIVERSUS PHOTO IMAGINGS LIMIT,619.00,619.00,602.00,618.00,618.00,619.00,,584.00,,,47,28476.00,7,F1,1,,,,,
2026-09-18,2026-09-18,CM,BSE,STK,542934,INE07QQ01016,CBPL,M,,,,,Chandra Bhagat Pharma Limited,49.60,49.61,49.60,49.61,49.61,47.25,,49.61,,,5000,248020.00,3,F1,1000,,,,,
2026-09-18,2026-09-18,CM,BSE,STK,543064,INE03QK01018,COHANCE,A,,,,,Cohance Lifesciences Limited,439.85,446.30,429.40,438.05,437.30,440.35,,438.00,,,63992,27950414.00,2461,F1,1,,,,,
2026-09-18,2026-09-18,CM,BSE,STK,543065,INE0C4I01011,SMAUTO,M,,,,,SM Auto Stamping Limited,27.91,27.91,27.91,27.91,27.91,30.95,,27.91,,,2000,55820.00,1,F1,2000,,,,,
2026-09-18,2026-09-18,CM,BSE,STK,543066,INE018E01016,SBICARD,A,,,,,SBI CARDS AND PAYMENT SERVICES,635.20,640.30,631.10,637.00,637.00,637.80,,651.13,,,48668,31001341.00,2007,F1,1,,,,,
2026-09-18,2026-09-18,CM,BSE,STK,543071,INF204KB10R1,07AGG,F,,,,,Nippon India Mutual Fund,15.42,15.42,15.34,15.34,15.34,15.73,,15.34,,,502,7730.00,4,F1,1,,,,,
2026-09-18,2026-09-18,CM,BSE,STK,543079,INF204KB16R8,07GPG,F,,,,,Nippon India Mutual Fund,4.70,4.70,3.87,3.99,3.99,4.29,,3.99,,,406,1573.00,8,F1,1,,,,,
2026-09-18,2026-09-18,CM,BSE,STK,543092,INF204KB19O9,09GPG,F,,,,,Nippon India Mutual Fund,7.13,7.13,5.85,5.85,5.85,6.49,,5.85,,,1099,6716.00,16,F1,1,,,,,
2026-09-18,2026-09-18,CM,BSE,STK,543099,INF789F1ARF0,UTCRFS2DGR,F,,,,,UTI Mutual Fund,20.00,20.00,19.02,19.02,19.02,21.03,,19.02,,,24,458.00,2,F1,1,,,,,
2026-09-18,2026-09-18,CM,BSE,STK,543110,INF789F1ARQ7,UTCRFS2RGR,F,,,,,UTI Mutual Fund,6.93,6.93,6.93,6.93,6.93,6.93,,6.93,,,8,55.00,6,F1,1,,,,,
2026-09-18,2026-09-18,CM,BSE,STK,543144,INF204KB11T5,08MPD,B,,,,,Nippon India Mutual Fund,5.37,5.37,5.33,5.33,5.33,5.15,,5.33,,,13,69.00,3,F1,1,,,,,
2026-09-18,2026-09-18,CM,BSE,STK,543150,INF204KB16S6,08GPG,B,,,,,Nippon India Mutual Fund,2.01,2.18,1.95,2.14,2.14,2.01,,2.14,,,7821,16187.00,33,F1,1,,,,,
2026-09-18,2026-09-18,CM,BSE,STK,543153,INF204KB18R4,08AGG,B,,,,,Nippon India Mutual Fund,30.80,30.80,30.10,30.34,30.34,30.84,,30.34,,,44,1347.00,7,F1,1,,,,,
2026-09-18,2026-09-18,CM,BSE,STK,543161,INF204KB14P7,10AGG,F,,,,,Nippon India Mutual Fund,115.94,115.94,114.73,115.88,115.88,116.00,,115.88,,,106,12245.00,5,F1,1,,,,,
2026-09-18,2026-09-18,CM,BSE,STK,543165,INF204KB17P0,10ARD,F,,,,,Nippon India Mutual Fund,85.50,85.51,85.50,85.51,85.51,85.50,,85.51,,,31,2650.00,3,F1,1,,,,,
2026-09-18,2026-09-18,CM,BSE,STK,543167,INF204KB19P6,10GPG,F,,,,,Nippon India Mutual Fund,1.80,1.99,1.80,1.99,1.99,2.00,,1.99,,,216,391.00,3,F1,1,,,,,
2026-09-18,2026-09-18,CM,BSE,STK,543171,INE0BDU01028,ROJL,B,,,,,RO Jewels Limited,1.50,1.50,1.47,1.47,1.47,1.47,,1.47,,,2571,3780.00,25,F1,1,,,,,
2026-09-18,2026-09-18,CM,BSE,STK,543172,INE0CQB01010,COSPOWER,MT,,,,,Cospower Engineering Limited,2680.00,2814.00,2680.00,2814.00,2814.00,2680.00,,2814.00,,,2000,5594250.00,16,F1,125,,,,,
2026-09-18,2026-09-18,CM,BSE,STK,543173,INF204KB14U7,11DPR,B,,,,,Nippon India Mutual Fund,12.52,12.52,11.09,12.10,12.24,11.39,,12.10,,,98,1217.00,17,F1,1,,,,,
2026-09-18,2026-09-18,CM,BSE,STK,543174,INF204KB10U5,11GPG,B,,,,,Nippon India Mutual Fund,1.64,1.64,1.58,1.60,1.58,1.64,,1.60,,,5073,8086.00,24,F1,1,,,,,
2026-09-18,2026-09-18,CM,BSE,STK,543175,INF204KB15U4,11MPD,B,,,,,Nippon India Mutual Fund,2.64,2.77,2.63,2.63,2.63,2.64,,2.63,,,1368,3603.00,11,F1,1,,,,,
2026-09-18,2026-09-18,CM,BSE,STK,543176,INF204KB16U2,11MPR,B,,,,,Nippon India Mutual Fund,69.76,69.76,60.00,63.16,63.16,63.49,,63.16,,,120,7493.00,25,F1,1,,,,,
2026-09-18,2026-09-18,CM,BSE,STK,543177,INF204KB11U3,11QPD,B,,,,,Nippon India Mutual Fund,6.89,6.89,6.21,6.30,6.32,6.89,,6.30,,,11915,75059.00,54,F1,1,,,,,
2026-09-18,2026-09-18,CM,BSE,STK,543178,INF204KB12U1,11QPR,B,,,,,Nippon India Mutual Fund,39.00,42.82,35.05,38.97,42.82,38.93,,38.97,,,62,2417.00,8,F1,1,,,,,
2026-09-18,2026-09-18,CM,BSE,STK,543181,INF204KB13T1,11AGG,B,,,,,Nippon India Mutual Fund,28.00,28.00,25.02,27.70,27.70,27.79,,27.70,,,64,1654.00,14,F1,1,,,,,
2026-09-18,2026-09-18,CM,BSE,STK,543182,INF204KB18T0,11AMD,B,,,,,Nippon India Mutual Fund,28.16,28.16,25.16,25.41,26.50,25.61,,25.41,,,37,987.00,11,F1,1,,,,,
2026-09-18,2026-09-18,CM,BSE,STK,543184,INF204KB14T9,11AQD,B,,,,,Nippon India Mutual Fund,33.48,33.48,30.64,30.64,30.64,30.64,,30.64,,,3,94.00,3,F1,1,,,,,
2026-09-18,2026-09-18,CM,BSE,STK,543186,INF204KB13U9,11DPD,B,,,,,Nippon India Mutual Fund,5.15,5.15,4.41,4.51,4.80,4.71,,4.51,,,955,4283.00,23,F1,1,,,,,
2026-09-18,2026-09-18,CM,BSE,STK,543187,INE07Y701011,POWERINDIA,A,,,,,HITACHI ENERGY INDIA LIMITED,31580.00,32349.10,31533.75,32100.00,32100.00,31201.00,,32699.19,,,7824,250233912.00,2529,F1,1,,,,,
2026-09-18,2026-09-18,CM,BSE,STK,543193,INE0B1K01014,DJML,B,,,,,DJ Mediaprint & Logistics Limi,78.00,78.36,76.90,77.29,77.29,78.50,,77.65,,,1230,95615.00,34,F1,1,,,,,
2026-09-18,2026-09-18,CM,BSE,STK,543207,INE06MM01016,NATURAL,X,,,,,Natural Biocon (India) Limited,3.32,3.32,3.17,3.20,3.20,3.22,,3.20,,,41340,133424.00,71,F1,1,,,,,
2026-09-18,2026-09-18,CM,BSE,STK,543208,INE745R01024,REGIS,X,,,,,REGIS INDUSTRIES LIMITED,2.03,2.05,1.99,1.99,1.99,1.99,,1.99,,,47844,96939.00,85,F1,1,,,,,
2026-09-18,2026-09-18,CM,BSE,STK,543209,INE0CRS01012,BILLWIN,M,,,,,Billwin Industries Limited,23.50,23.70,23.50,23.70,23.70,19.75,,23.70,,,42000,993570.00,13,F1,3000,,,,,
2026-09-18,2026-09-18,CM,BSE,STK,543210,INE09EO01013,AARTISURF,T,,,,,Aarti Surfactants Limited,521.35,542.90,521.35,527.70,537.50,517.05,,531.43,,,1414,753333.00,61,F1,1,,,,,
2026-09-18,2026-09-18,CM,BSE,STK,543211,INE0B9A01018,BONLON,B,,,,,BONLON INDUSTRIES LIMITED,37.90,41.00,37.90,38.30,38.30,37.90,,39.13,,,1934,77062.00,24,F1,1,,,,,
2026-09-18,2026-09-18,CM,BSE,STK,543212,INE02PY01013,BOROLTD,B,,,,,Borosil Limited,255.15,263.80,252.80,260.00,258.60,253.75,,259.29,,,19767,5068035.00,345,F1,1,,,,,
2026-09-18,2026-09-18,CM,BSE,STK,543213,INE02A801020,ROSSARI,B,,,,,ROSSARI BIOTECH LIMITED,444.90,444.90,434.50,437.50,439.75,441.45,,437.93,,,5779,2532886.00,328,F1,1,,,,,
2026-09-18,2026-09-18,CM,BSE,STK,543214,INE07OG01012,NDRAUTO,B,,,,,NDR Auto Components Limited,701.15,729.50,699.35,724.30,723.05,700.90,,725.90,,,2698,1931389.00,231,F1,1,,,,,
2026-09-18,2026-09-18,CM,BSE,STK,543216,INF754K01LE1,EBBETF0431,F,,,,,Edelweiss Mutual Fund,1432.00,1432.00,1426.03,1431.00,1431.00,1430.00,,1431.44,,,387,552058.00,5,F1,1,,,,,
2026-09-18,2026-09-18,CM,BSE,STK,543217,INE0CCU25019,MINDSPACE,IF,,,,,Mindspace Business Parks REIT,499.00,508.16,498.34,505.80,506.00,499.67,,505.58,,,12755,6436825.00,699,F1,1,,,,,
2026-09-18,2026-09-18,CM,BSE,STK,543218,INE05ST01028,SBGLP,B,,,,,SURATWWALA BUSINESS GROUP LIMI,26.50,26.83,21.73,22.29,22.05,25.56,,22.23,,,41610,1017640.00,705,F1,1,,,,,
2026-09-18,2026-09-18,CM,BSE,STK,543219,INF109KC17V7,ALPL30IETF,B,,,,,ICICI Prudential Mutual Fund,27.12,27.27,26.97,27.07,27.18,27.12,,27.04,,,6605,178834.00,48,F1,1,,,,,
2026-09-18,2026-09-18,CM,BSE,STK,543220,INE027H01010,MAXHEALTH,A,,,,,Max Healthcare Institute Limit,1035.35,1058.00,1035.20,1055.00,1055.00,1033.75,,1049.30,,,128184,134258507.00,1514,F1,1,,,,,
2026-09-18,2026-09-18,CM,BSE,STK,543221,INF109KC16I6,ITIETF,B,,,,,ICICI Prudential Mutual Fund,32.07,32.34,31.88,32.08,32.25,32.40,,32.00,,,19497,624718.00,132,F1,1,,,,,
2026-09-18,2026-09-18,CM,BSE,STK,543223,INE0CG601016,MAXIND,B,,,,,Max India Limited,142.55,154.95,141.60,153.30,153.50,140.70,,152.74,,,23763,3540942.00,463,F1,1,,,,,
2026-09-18,2026-09-18,CM,BSE,STK,543224,INF179KC1HY0,HDFCNIFBAN,B,,,,,HDFC Mutual Fund,57.74,58.11,57.74,58.02,58.00,58.03,,57.99,,,4182,242801.00,26,F1,1,,,,,
2026-09-18,2026-09-18,CM,BSE,STK,543226,INF789F1AUV1,BANKBETA,B,,,,,UTI Mutual Fund,58.27,58.46,58.12,58.46,58.46,58.00,,58.37,,,248,14430.00,14,F1,1,,,,,
2026-09-18,2026-09-18,CM,BSE,STK,543227,INE419U01012,HAPPSTMNDS,A,,,,,Happiest Minds Technologies Li,328.70,328.70,319.00,322.05,322.05,328.10,,321.58,,,67383,21808410.00,2673,F1,1,,,,,
2026-09-18,2026-09-18,CM,BSE,STK,543228,INE450U01017,ROUTE,B,,,,,Route Mobile Limited,490.25,490.25,458.00,464.75,464.75,493.00,,464.41,,,39633,18651775.00,3379,F1,1,,,,,
2026-09-18,2026-09-18,CM,BSE,STK,543229,INE412J01010,SAMRATFORG,X,,,,,Samrat Forgings Limited,214.00,214.00,206.55,206.55,206.55,217.00,,206.55,,,253,52629.00,12,F1,1,,,,,
2026-09-18,2026-09-18,CM,BSE,STK,543230,INE0ALI01010,ADVAIT,B,,,,,ADVAIT ENERGY TRANSITIONS LIMI,2020.10,2029.55,1982.45,2002.80,1998.00,1990.95,,2003.56,,,4120,8253432.00,511,F1,1,,,,,
2026-09-18,2026-09-18,CM,BSE,STK,543231,INE0CHO01012,ADL,B,,,,,Archidply Decor Limited,75.14,75.14,70.10,71.12,70.10,72.00,,70.11,,,6,426.00,3,F1,1,,,,,
2026-09-18,2026-09-18,CM,BSE,STK,543232,INE596I01020,CAMS,A,,,,,Computer Age Management Servic,714.05,723.50,708.05,708.05,708.05,713.40,,708.05,,,50501,36151573.00,2215,F1,1,,,,,
2026-09-18,2026-09-18,CM,BSE,STK,543233,INE03YM01018,CHEMCON,T,,,,,Chemcon Speciality Chemicals L,219.00,220.00,211.00,215.35,217.00,216.35,,216.22,,,4702,1013129.00,111,F1,1,,,,,
2026-09-18,2026-09-18,CM,BSE,STK,543235,INE732I01021,ANGELONE,A,,,,,ANGEL ONE LIMITED,294.80,301.65,294.80,300.00,300.00,295.65,,299.11,,,356713,106911500.00,2874,F1,1,,,,,
2026-09-18,2026-09-18,CM,BSE,STK,543236,INE09KD01013,ATAM,B,,,,,Atam Valves Limited,59.18,59.18,55.97,56.00,56.00,59.18,,57.58,,,1060,60773.00,62,F1,1,,,,,
2026-09-18,2026-09-18,CM,BSE,STK,543237,INE249Z01020,MAZDOCK,A,,,,,Mazagon Dock Shipbuilders Limi,2210.00,2270.10,2204.05,2252.00,2252.00,2216.85,,2279.82,,,88510,198569609.00,6434,F1,1,,,,,
2026-09-18,2026-09-18,CM,BSE,STK,543238,INE094J01016,UTIAMC,A,,,,,UTI Asset Management Company L,897.85,905.90,892.05,894.25,894.10,897.50,,894.98,,,3454,3093404.00,303,F1,1,,,,,
2026-09-18,2026-09-18,CM,BSE,STK,543240,INE060901027,LIKHITHA,B,,,,,Likhitha Infrastructure Limite,224.75,229.55,220.00,223.95,224.00,221.55,,220.81,,,2403,538785.00,121,F1,1,,,,,
2026-09-18,2026-09-18,CM,BSE,STK,543241,INE244W01010,VGIL,B,,,,,Veer Global Infraconstruction,141.00,142.00,140.00,141.50,141.50,140.40,,141.50,,,4428,621924.00,27,F1,1,,,,,
2026-09-18,2026-09-18,CM,BSE,STK,543242,INE0AJG01018,HEMIPROP,B,,,,,Hemisphere Properties India Li,120.05,121.95,120.05,120.80,120.05,120.60,,120.77,,,26427,3205397.00,323,F1,1,,,,,
2026-09-18,2026-09-18,CM,BSE,STK,543243,INE063P01018,EQUITASBNK,A,,,,,Equitas Small Finance Bank Lim,72.01,74.85,71.83,73.57,74.61,72.19,,74.05,,,158079,11593405.00,744,F1,1,,,,,
2026-09-18,2026-09-18,CM,BSE,STK,543244,INE0BLY01023,SHINEFASH,M,,,,,Shine Fashions (India) Limited,22.98,22.98,22.98,22.98,22.98,21.50,,22.98,,,4000,91920.00,1,F1,4000,,,,,
2026-09-18,2026-09-18,CM,BSE,STK,543245,INE068V01023,GLAND,A,,,,,Gland Pharma Limited,2904.05,2978.85,2904.05,2961.90,2948.40,2910.65,,2961.90,,,162074,479476958.00,5430,F1,1,,,,,
2026-09-18,2026-09-18,CM,BSE,STK,543248,INE07T201019,RBA,A,,,,,Restaurant Brands Asia Limited,96.39,96.66,93.99,95.01,95.01,96.03,,95.12,,,154195,14650415.00,1094,F1,1,,,,,
2026-09-18,2026-09-18,CM,BSE,STK,543249,INE0EK901012,TARC,B,,,,,TARC LIMITED,130.70,135.20,129.30,133.20,132.75,130.30,,133.09,,,18646,2472376.00,281,F1,1,,,,,
2026-09-18,2026-09-18,CM,BSE,STK,543250,INF247L01AK4,MOGSEC,F,,,,,Motilal Oswal Mutual Fund,64.52,65.55,64.52,65.55,65.55,64.73,,65.12,,,64,4162.00,64,F1,1,,,,,
2026-09-18,2026-09-18,CM,BSE,STK,543251,INE09E501017,RVHL,B,,,,,Ravinder Heights Limited,41.00,41.00,38.41,39.61,39.61,38.66,,39.48,,,925,36342.00,9,F1,1,,,,,
2026-09-18,2026-09-18,CM,BSE,STK,543252,INE0DNW01011,FAIRCHEMOR,T,,,,,Fairchem Organics Limited,614.00,636.90,606.25,635.30,623.10,636.90,,634.04,,,1261,771410.00,47,F1,1,,,,,
2026-09-18,2026-09-18,CM,BSE,STK,543253,INE495P01020,BECTORFOOD,B,,,,,Mrs. Bectors Food Specialities,221.05,223.90,217.40,221.60,223.90,221.10,,221.55,,,104993,23092552.00,1851,F1,1,,,,,
2026-09-18,2026-09-18,CM,BSE,STK,543254,INE01BK01022,AWHCL,B,,,,,Antony Waste Handling Cell Lim,385.40,385.40,363.15,364.65,364.15,378.25,,364.88,,,41174,15291322.00,1006,F1,1,,,,,
2026-09-18,2026-09-18,CM,BSE,STK,543255,INF732E01268,INFRABEES,B,,,,,Nippon India Mutual Fund,933.72,938.80,933.00,937.03,937.03,928.51,,935.62,,,331,309894.00,19,F1,1,,,,,
2026-09-18,2026-09-18,CM,BSE,STK,543256,INE018S01016,RFLL,X,,,,,RITA FINANCE AND LEASING LIMIT,12.18,12.18,12.17,12.18,12.18,11.60,,12.18,,,3785,46101.00,7,F1,1,,,,,
2026-09-18,2026-09-18,CM,BSE,STK,543257,INE053F01010,IRFC,A,,,,,Indian Railway Finance Corpora,79.27,81.50,79.27,81.50,81.50,79.27,,81.50,,,423732,34081289.00,3399,F1,1,,,,,
2026-09-18,2026-09-18,CM,BSE,STK,543258,INE09VQ01012,INDIGOPNTS,A,,,,,Indigo Paints Limited,1088.55,1107.00,1080.00,1100.65,1102.30,1099.65,,1099.76,,,45784,49547693.00,429,F1,1,,,,,
2026-09-18,2026-09-18,CM,BSE,STK,543259,INE481N01025,HOMEFIRST,A,,,,,Home First Finance Company Ind,1188.00,1265.00,1157.25,1244.25,1244.25,1173.80,,1241.41,,,34154,41727012.00,1885,F1,1,,,,,
2026-09-18,2026-09-18,CM,BSE,STK,543260,INE00IN01015,STOVEKRAFT,B,,,,,STOVE KRAFT LIMITED,828.30,840.40,825.10,828.60,825.50,832.70,,829.27,,,1896,1573844.00,117,F1,1,,,,,
2026-09-18,2026-09-18,CM,BSE,STK,543261,INE0FDU25010,BIRET,IF,,,,,Brookfield India Real Estate T,340.49,340.49,337.72,338.63,339.11,338.63,,338.57,,,7822,2646173.00,352,F1,1,,,,,
2026-09-18,2026-09-18,CM,BSE,STK,543262,INE0D7801012,MRP,M,,,,,MRP Agro Limited,89.00,90.00,88.00,89.99,89.99,90.00,,89.99,,,13000,1156120.00,11,F1,1000,,,,,
2026-09-18,2026-09-18,CM,BSE,STK,543263,INE103C01036,SMCGLOBAL,B,,,,,SMC Global Securities Limited,82.16,86.00,80.57,80.93,80.70,82.90,,80.94,,,55330,4555498.00,311,F1,1,,,,,
2026-09-18,2026-09-18,CM,BSE,STK,543264,INE0DSF01015,NURECA,T,,,,,Nureca Limited,329.50,348.60,329.50,342.40,346.90,332.00,,345.90,,,1088,374297.00,53,F1,1,,,,,
2026-09-18,2026-09-18,CM,BSE,STK,543265,INE0DD101019,RAILTEL,A,,,,,RailTel Corporation of India L,260.30,267.00,258.35,264.85,265.00,259.30,,264.99,,,67343,17665022.00,1605,F1,1,,,,,
2026-09-18,2026-09-18,CM,BSE,STK,543266,INE694N01015,HERANBA,B,,,,,Heranba Industries Limited,166.35,169.65,164.80,168.05,166.45,165.80,,167.05,,,1014,169036.00,85,F1,1,,,,,
2026-09-18,2026-09-18,CM,BSE,STK,543267,INE179G01029,DAVANGERE,B,,,,,Davangere Sugar Company Limite,2.07,2.11,2.03,2.07,2.08,2.07,,2.06,,,890810,1841601.00,415,F1,1,,,,,
2026-09-18,2026-09-18,CM,BSE,STK,543268,INE03RS01027,DRCSYSTEMS,B,,,,,DRC Systems India Limited,12.60,12.78,12.39,12.69,12.69,12.64,,12.63,,,2482,31068.00,31,F1,1,,,,,
2026-09-18,2026-09-18,CM,BSE,STK,543270,INE864I01014,MTARTECH,T,,,,,MTAR Technologies Limited,7134.80,7250.00,6811.00,7201.30,7200.00,7058.35,,7201.99,,,3049,21771962.00,760,F1,1,,,,,
2026-09-18,2026-09-18,CM,BSE,STK,543271,INE0BY001018,JUBLINGREA,A,,,,,Jubilant Ingrevia Limited,638.25,638.70,613.25,624.95,624.95,636.45,,624.90,,,253484,156037744.00,1897,F1,1,,,,,
2026-09-18,2026-09-18,CM,BSE,STK,543272,INE07O001026,EASEMYTRIP,B,,,,,Easy Trip Planners Limited,5.79,5.83,5.70,5.76,5.76,5.80,,5.76,,,1625417,9353903.00,1714,F1,1,,,,,
2026-09-18,2026-09-18,CM,BSE,STK,543273,INE0CJD01029,KMEW,B,,,,,Knowledge Marine & Engineering,2845.15,2924.05,2828.80,2887.20,2878.80,2824.35,,2885.70,,,2980,8570286.00,349,F1,1,,,,,
2026-09-18,2026-09-18,CM,BSE,STK,543275,INE930P01018,ANURAS,A,,,,,Anupam Rasayan India Limited,1188.90,1214.50,1188.90,1205.65,1205.10,1179.50,,1207.69,,,6863,8233580.00,347,F1,1,,,,,
2026-09-18,2026-09-18,CM,BSE,STK,543276,INE00LO01017,CRAFTSMAN,A,,,,,Craftsman Automation Limited,10833.25,11286.65,10833.25,11158.25,11229.60,10949.10,,11138.55,,,8301,92630478.00,1898,F1,1,,,,,
2026-09-18,2026-09-18,CM,BSE,STK,543277,INE576O01020,LXCHEM,B,,,,,Laxmi Organic Industries Limit,179.75,182.80,177.45,178.45,177.50,179.15,,178.25,,,59551,10695983.00,826,F1,1,,,,,
2026-09-18,2026-09-18,CM,BSE,STK,543278,INE303R01014,KALYANKJIL,A,,,,,Kalyan Jewellers India Limited,585.00,588.45,580.10,584.00,584.00,582.00,,581.85,,,303735,177720527.00,5081,F1,1,,,,,
2026-09-18,2026-09-18,CM,BSE,STK,543279,INE428Q01011,SURYODAY,B,,,,,Suryoday Small Finance Bank Li,147.05,147.60,145.35,146.55,146.65,146.15,,146.62,,,11968,1753310.00,189,F1,1,,,,,
2026-09-18,2026-09-18,CM,BSE,STK,543280,INE418L01047,NAZARA,A,,,,,Nazara Technologies Limited,364.50,376.90,364.50,368.95,367.55,362.10,,369.34,,,53851,19944452.00,1861,F1,1,,,,,
2026-09-18,2026-09-18,CM,BSE,STK,543281,INE018401013,SUVIDHAA,B,,,,,Suvidhaa Infoserve Limited,2.20,2.31,2.08,2.22,2.23,2.25,,2.22,,,23151,51421.00,59,F1,1,,,,,
2026-09-18,2026-09-18,CM,BSE,STK,543283,INE382M01027,UFBL,T,,,,,UNITED FOODBRANDS LIMITED,693.20,719.15,686.75,695.90,699.70,689.80,,692.67,,,1755,1224587.00,59,F1,1,,,,,
2026-09-18,2026-09-18,CM,BSE,STK,543284,INE0CPR01018,EKI,B,,,,,EKI Energy Services Limited,67.89,69.88,66.18,68.26,68.49,67.51,,68.33,,,3615,245323.00,82,F1,1,,,,,
2026-09-18,2026-09-18,CM,BSE,STK,543287,INE670K01029,LODHA,A,,,,,Lodha Developers Limited,1110.65,1148.50,1110.00,1115.10,1115.10,1102.05,,1144.47,,,90599,103254975.00,3839,F1,1,,,,,
2026-09-18,2026-09-18,CM,BSE,STK,543288,INE0FHS01024,DEEPINDS,B,,,,,Deep Industries Limited,734.55,747.75,734.55,744.65,746.65,734.55,,743.48,,,9350,6937442.00,335,F1,1,,,,,
2026-09-18,2026-09-18,CM,BSE,STK,543290,INE0GGX23010,PGINVIT,IF,,,,,POWERGRID Infrastructure Inves,101.61,102.00,101.25,101.48,101.46,101.62,,101.38,,,71776,7285522.00,1057,F1,1,,,,,
2026-09-18,2026-09-18,CM,BSE,STK,543291,INF769K01HF4,MAFANG,B,,,,,Mirae Asset Mutual Fund,239.37,254.08,239.25,248.23,248.23,238.31,,248.08,,,170878,42531166.00,4233,F1,1,,,,,
2026-09-18,2026-09-18,CM,BSE,STK,543292,INF109KC1Q72,HEALTHIETF,B,,,,,ICICI Prudential Mutual Fund,170.89,171.69,169.80,170.61,170.95,169.64,,170.87,,,3996,681205.00,131,F1,1,,,,,
2026-09-18,2026-09-18,CM,BSE,STK,543298,INE505Y01010,VINEETLAB,B,,,,,Vineet Laboratories Limited,37.00,37.37,35.85,36.45,37.05,36.01,,36.75,,,5901,215925.00,100,F1,1,,,,,
2026-09-18,2026-09-18,CM,BSE,STK,543299,INE810G01011,SHYAMMETL,A,,,,,Shyam Metalics and Energy Limi,1086.95,1108.20,1082.95,1102.70,1102.70,1077.50,,1100.03,,,26663,29293303.00,1252,F1,1,,,,,
2026-09-18,2026-09-18,CM,BSE,STK,543300,INE073K01018,SONACOMS,A,,,,,Sona BLW Precision Forgings Li,779.40,812.00,779.40,810.00,810.00,779.65,,808.02,,,173092,139320879.00,6197,F1,1,,,,,
2026-09-18,2026-09-18,CM,BSE,STK,543306,INE021O01019,DODLA,A,,,,,Dodla Dairy Limited,1057.00,1099.90,1049.40,1087.40,1078.15,1049.15,,1083.79,,,1407,1505478.00,205,F1,1,,,,,
2026-09-18,2026-09-18,CM,BSE,STK,543308,INE967H01025,KIMS,A,,,,,Krishna Institute of Medical S,796.90,816.00,784.75,811.00,810.00,791.45,,809.88,,,54165,43560488.00,3418,F1,1,,,,,
2026-09-18,2026-09-18,CM,BSE,STK,543311,INE0D6701023,IPL,B,,,,,India Pesticides Limited,139.70,140.00,134.00,134.60,134.00,138.50,,134.66,,,23368,3177237.00,479,F1,1,,,,,
2026-09-18,2026-09-18,CM,BSE,STK,543317,INE201P01022,GRINFRA,B,,,,,G R Infraprojects Limited,829.65,836.15,811.80,823.75,819.30,830.50,,825.84,,,2511,2072489.00,229,F1,1,,,,,
2026-09-18,2026-09-18,CM,BSE,STK,543318,INE227W01023,CLEAN,A,,,,,Clean Science and Technology L,826.00,872.75,826.00,850.95,846.75,826.90,,851.87,,,45023,38569002.00,1725,F1,1,,,,,
2026-09-18,2026-09-18,CM,BSE,STK,543320,INE758T01015,ETERNAL,A,,,,,Eternal Limited,327.60,329.60,325.65,326.55,326.55,323.90,,326.85,,,890072,291702646.00,8042,F1,1,,,,,
2026-09-18,2026-09-18,CM,BSE,STK,543321,INE0GK401011,TATVA,B,,,,,Tatva Chintan Pharma Chem Limi,1710.30,1785.30,1702.30,1769.40,1769.40,1704.20,,1770.17,,,3896,6801253.00,443,F1,1,,,,,
2026-09-18,2026-09-18,CM,BSE,STK,543322,INE03Q201024,ALIVUS,A,,,,,ALIVUS LIFE SCIENCES LIMITED,1397.90,1442.00,1397.90,1431.10,1431.70,1387.05,,1430.81,,,111449,157768093.00,904,F1,1,,,,,
2026-09-18,2026-09-18,CM,BSE,STK,543323,INF769K01HI8,BFSI,B,,,,,Mirae Asset Mutual Fund,27.00,27.00,26.40,26.55,26.51,26.35,,26.58,,,1382,36608.00,182,F1,1,,,,,
2026-09-18,2026-09-18,CM,BSE,STK,543324,INE199P01028,GCSL,B,,,,,Gretex Corporate Services Limi,592.10,620.90,592.10,618.70,618.70,589.45,,618.55,,,40623,24644550.00,596,F1,1,,,,,
2026-09-18,2026-09-18,CM,BSE,STK,543325,INE645S01024,ROLEXRINGS,B,,,,,Rolex Rings Limited,170.60,172.95,168.85,172.05,172.70,169.70,,172.08,,,65151,11146984.00,693,F1,1,,,,,
2026-09-18,2026-09-18,CM,BSE,STK,543326,INF109KC19V3,FMCGIETF,B,,,,,ICICI Prudential Mutual Fund,50.17,50.17,48.78,49.27,49.40,49.19,,49.28,,,45159,2221369.00,401,F1,1,,,,,
2026-09-18,2026-09-18,CM,BSE,STK,543327,INE0GFE01026,EXXARO,B,,,,,Exxaro Tiles Limited,6.48,6.48,6.07,6.24,6.23,6.35,,6.25,,,19448,121871.00,94,F1,1,,,,,
2026-09-18,2026-09-18,CM,BSE,STK,543328,INE08LI01020,KRSNAA,B,,,,,Krsnaa Diagnostics Limited,541.60,545.00,533.30,541.50,545.00,543.10,,541.20,,,14037,7563093.00,509,F1,1,,,,,
2026-09-18,2026-09-18,CM,BSE,STK,543329,INE0H5O01029,WINDLAS,B,,,,,Windlas Biotech Limited,1124.75,1135.85,1105.00,1107.10,1108.00,1117.55,,1109.29,,,3259,3632867.00,270,F1,1,,,,,
2026-09-18,2026-09-18,CM,BSE,STK,543330,INE872J01023,DEVYANI,A,,,,,Devyani International Limited,139.05,141.50,138.20,140.70,141.05,138.50,,140.62,,,156242,21903022.00,3979,F1,1,,,,,
2026-09-18,2026-09-18,CM,BSE,STK,543331,INE0CT101020,MOL,B,,,,,Meghmani Organics Limited,60.03,63.69,59.61,63.10,63.10,59.93,,63.05,,,95264,5925907.00,935,F1,1,,,,,
2026-09-18,2026-09-18,CM,BSE,STK,543332,INE071N01016,EPIGRAL,B,,,,,Epigral Limited,1107.65,1115.60,1093.45,1106.00,1104.80,1102.60,,1105.39,,,3209,3546482.00,297,F1,1,,,,,
2026-09-18,2026-09-18,CM,BSE,STK,543333,INE290S01011,CARTRADE,A,,,,,CarTrade Tech Limited,2950.05,3127.00,2950.05,2989.40,2993.50,2939.00,,2988.93,,,31485,95750729.00,2956,F1,1,,,,,
2026-09-18,2026-09-18,CM,BSE,STK,543334,INE118D01016,NUVOCO,A,,,,,Nuvoco Vistas Corporation Limi,320.85,333.50,316.75,328.65,329.00,319.15,,328.60,,,29456,9634169.00,867,F1,1,,,,,
2026-09-18,2026-09-18,CM,BSE,STK,543335,INE852O01025,APTUS,A,,,,,Aptus Value Housing Finance In,238.60,242.30,234.00,237.70,237.10,238.45,,237.68,,,1114668,265826838.00,3876,F1,1,,,,,
2026-09-18,2026-09-18,CM,BSE,STK,543336,INE488A01050,CHEMPLASTS,B,,,,,Chemplast Sanmar Limited,168.35,175.00,167.55,171.70,172.00,168.00,,171.49,,,29031,4969728.00,402,F1,1,,,,,
2026-09-18,2026-09-18,CM,BSE,STK,543341,INE647W01014,SHARPLINE,X,,,,,SHARPLINE BROADCAST LIMITED,9.23,9.23,9.20,9.20,9.20,9.18,,9.20,,,215,1978.00,4,F1,1,,,,,
2026-09-18,2026-09-18,CM,BSE,STK,543346,INE0EAX01014,AASHKA,M,,,,,Aashka Hospitals Limited,80.00,80.00,80.00,80.00,80.00,83.28,,80.00,,,2000,160000.00,2,F1,1000,,,,,
2026-09-18,2026-09-18,CM,BSE,STK,543347,INF846K01Y96,ITAXIS,B,,,,,Axis Mutual Fund,316.23,317.61,316.03,317.61,317.61,318.78,,316.58,,,37,11731.00,6,F1,1,,,,,
2026-09-18,2026-09-18,CM,BSE,STK,543349,INE00FF01025,ACUTAAS,A,,,,,ACUTAAS CHEMICALS LIMITED,3324.90,3462.00,3300.80,3438.15,3438.15,3315.60,,3440.17,,,29867,101606238.00,2792,F1,1,,,,,
2026-09-18,2026-09-18,CM,BSE,STK,543350,INE043W01024,VIJAYA,A,,,,,Vijaya Diagnostic Centre Limit,1508.45,1569.00,1491.00,1557.50,1557.50,1507.00,,1558.74,,,25676,39661637.00,1970,F1,1,,,,,
2026-09-18,2026-09-18,CM,BSE,STK,543351,INE0GOA01018,NBL,TS,,,,,Naapbooks Limited,141.70,141.70,141.00,141.00,141.00,136.00,,141.00,,,2400,339240.00,2,F1,1200,,,,,
2026-09-18,2026-09-18,CM,BSE,STK,543358,INE953O01021,SANSERA,A,,,,,Sansera Engineering Limited,4017.80,4295.00,4017.80,4257.30,4257.30,4017.90,,4259.56,,,32880,138618205.00,3496,F1,1,,,,,
2026-09-18,2026-09-18,CM,BSE,STK,543363,INE0GAO01018,PREVEST,M,,,,,Prevest Denpro Limited,379.95,383.45,372.05,382.30,383.00,374.60,,382.30,,,6800,2582860.00,22,F1,200,,,,,
2026-09-18,2026-09-18,CM,BSE,STK,543364,INE0FW001016,MARKOLINES,B,,,,,Markolines Pavement Technologi,173.25,173.25,168.85,169.90,170.05,172.90,,169.79,,,12301,2093202.00,153,F1,1,,,,,
2026-09-18,2026-09-18,CM,BSE,STK,543365,INF769K01HP3,MASPTOP50,B,,,,,Mirae Asset Mutual Fund,105.00,124.96,105.00,124.89,124.89,104.14,,124.56,,,607795,72357608.00,5658,F1,1,,,,,
2026-09-18,2026-09-18,CM,BSE,STK,543366,INE0DLM01024,SBLI,M,,,,,SBL Infratech Limited,40.00,41.00,40.00,41.00,41.00,39.25,,41.00,,,3600,146400.00,2,F1,1200,,,,,
2026-09-18,2026-09-18,CM,BSE,STK,543367,INE045601023,PARAS,A,,,,,Paras Defence and Space Techno,1376.45,1396.50,1367.10,1372.85,1372.85,1368.45,,1372.71,,,36527,50290431.00,1534,F1,1,,,,,
2026-09-18,2026-09-18,CM,BSE,STK,543372,INE0H1201020,GETALONG,MT,,,,,Getalong Enterprise Limited,5.10,5.10,4.96,4.96,4.96,5.20,,4.96,,,15000,75800.00,2,F1,5000,,,,,
2026-09-18,2026-09-18,CM,BSE,STK,543373,INE0HLJ01013,SVRL,T,,,,,Shri Venkatesh Refineries Limi,530.00,560.00,530.00,556.00,560.00,538.25,,556.00,,,21272,11782943.00,87,F1,1,,,,,
2026-09-18,2026-09-18,CM,BSE,STK,543374,INE404A01024,ABSLAMC,A,,,,,Aditya Birla Sun Life AMC Limi,1080.40,1106.40,1055.00,1061.15,1061.15,1090.65,,1060.43,,,21540,23388078.00,1448,F1,1,,,,,
2026-09-18,2026-09-18,CM,BSE,STK,543376,INE0GD201014,SAMOR,B,,,,,Samor Reality Limited,92.50,95.54,90.00,93.34,94.99,92.54,,93.34,,,75,6931.00,7,F1,1,,,,,
2026-09-18,2026-09-18,CM,BSE,STK,543377,INE0CWK01019,ADISHAKTI,M,,,,,Adishakti Loha and Ispat Limit,6.62,7.13,6.62,7.13,7.13,7.35,,7.13,,,50000,336100.00,5,F1,10000,,,,,
2026-09-18,2026-09-18,CM,BSE,STK,543378,INE0H8H01019,CWD,MS,,,,,CWD Limited,278.00,293.95,278.00,287.25,293.95,279.45,,287.25,,,63000,17955450.00,44,F1,500,,,,,
2026-09-18,2026-09-18,CM,BSE,STK,543383,INF109KC1V42,CONSUMIETF,B,,,,,ICICI Prudential Mutual Fund,119.35,119.35,119.35,119.35,119.35,119.76,,119.09,,,7,835.00,3,F1,1,,,,,
2026-09-18,2026-09-18,CM,BSE,STK,543384,INE388Y01029,NYKAA,A,,,,,FSN E-Commerce Ventures Limite,327.25,329.80,322.75,326.00,326.00,323.60,,332.14,,,57470,18655307.00,1444,F1,1,,,,,
2026-09-18,2026-09-18,CM,BSE,STK,543386,INE02NC01014,FINOPB,B,,,,,Fino Payments Bank Limited,135.85,138.05,135.30,135.85,135.85,136.45,,135.50,,,8425,1147680.00,176,F1,1,,,,,
2026-09-18,2026-09-18,CM,BSE,STK,543387,INE284S01014,SJS,A,,,,,S.J.S. Enterprises Limited,2305.45,2461.50,2293.95,2412.45,2461.50,2265.70,,2422.46,,,49133,117613329.00,1921,F1,1,,,,,
2026-09-18,2026-09-18,CM,BSE,STK,543388,INF740KA1QK2,EQUAL50ADD,B,,,,,DSP Nifty 50 Equal Weight ETF,333.94,334.83,332.72,334.83,334.83,333.64,,334.35,,,388,129412.00,14,F1,1,,,,,
2026-09-18,2026-09-18,CM,BSE,STK,543389,INE0D0K01022,SIGACHI,B,,,,,Sigachi Industries Limited,29.29,32.12,29.29,29.58,29.58,29.33,,29.60,,,988620,29910272.00,2102,F1,1,,,,,
2026-09-18,2026-09-18,CM,BSE,STK,543390,INE417T01026,POLICYBZR,A,,,,,PB Fintech Limited,1787.65,1796.80,1740.00,1740.00,1740.00,1762.25,,1742.98,,,104439,185983150.00,8862,F1,1,,,,,
2026-09-18,2026-09-18,CM,BSE,STK,543391,INE07GA01011,SGFRL,M,,,,,Suyog Gurbaxani Funicular Rope,88.00,88.00,82.02,83.01,82.02,88.00,,83.01,,,11250,969015.00,7,F1,750,,,,,
2026-09-18,2026-09-18,CM,BSE,STK,543396,INE982J01020,PAYTM,A,,,,,One 97 Communications Limited,1795.40,1825.00,1765.50,1825.00,1825.00,1762.00,,1849.85,,,171160,307030593.00,9636,F1,1,,,,,
2026-09-18,2026-09-18,CM,BSE,STK,543397,INE806T01020,SAPPHIRE,A,,,,,Sapphire Foods India Limited,234.00,236.20,227.85,230.10,229.65,233.50,,230.11,,,60033,13897706.00,1150,F1,1,,,,,
2026-09-18,2026-09-18,CM,BSE,STK,543398,INE0I7C01011,LATENTVIEW,A,,,,,Latent View Analytics Limited,255.65,256.50,253.70,255.25,255.00,254.95,,255.35,,,9621,2456254.00,316,F1,1,,,,,
2026-09-18,2026-09-18,CM,BSE,STK,543399,INE144Z01023,TARSONS,B,,,,,Tarsons Products Limited,310.05,317.20,305.00,306.55,306.55,307.80,,306.11,,,4989,1552007.00,274,F1,1,,,,,
2026-09-18,2026-09-18,CM,BSE,STK,543400,INE0JFE01012,OMNIPOTENT,M,,,,,Omnipotent Industries Limited,2.32,2.44,2.32,2.44,2.44,2.22,,2.44,,,32000,77420.00,12,F1,2000,,,,,
2026-09-18,2026-09-18,CM,BSE,STK,543401,INE0BJS01011,GOCOLORS,B,,,,,Go Fashion (India) Limited,309.75,310.35,303.70,305.80,309.75,308.10,,305.98,,,3014,923370.00,103,F1,1,,,,,
2026-09-18,2026-09-18,CM,BSE,STK,543410,INE07L501010,DMR,M,,,,,DMR ENGINEERING LIMITED,30.00,31.32,30.00,30.67,30.01,28.48,,30.67,,,39000,1213524.00,19,F1,1950,,,,,
2026-09-18,2026-09-18,CM,BSE,STK,543411,INE106T01025,HITECH,B,,,,,HI-TECH PIPES LIMITED,73.85,76.79,73.68,76.14,76.00,73.82,,76.14,,,56872,4274521.00,503,F1,1,,,,,
2026-09-18,2026-09-18,CM,BSE,STK,543412,INE575P01011,STARHEALTH,A,,,,,Star Health and Allied Insuran,556.35,558.95,541.50,546.80,547.00,560.00,,547.04,,,59498,32597585.00,1814,F1,1,,,,,
2026-09-18,2026-09-18,CM,BSE,STK,543413,INE011K01018,TEGA,A,,,,,Tega Industries Limited,1888.15,1969.75,1887.00,1945.05,1945.05,1919.50,,1943.06,,,49600,96293661.00,2444,F1,1,,,,,
2026-09-18,2026-09-18,CM,BSE,STK,543414,INF769K01HS7,MAHKTECH,B,,,,,Mirae Asset Mutual Fund,22.45,22.48,21.73,21.79,21.95,21.91,,21.80,,,129929,2868010.00,732,F1,1,,,,,
2026-09-18,2026-09-18,CM,BSE,STK,543415,INE463V01026,ANANDRATHI,A,,,,,Anand Rathi Wealth Limited,2204.90,2267.00,2204.90,2230.80,2226.70,2205.95,,2229.42,,,23604,52849701.00,1046,F1,1,,,,,
2026-09-18,2026-09-18,CM,BSE,STK,543416,INE761Y01019,ZODIAC,B,,,,,Zodiac Energy Limited,225.15,225.15,219.50,222.20,222.00,220.05,,222.24,,,874,193361.00,41,F1,1,,,,,
2026-09-18,2026-09-18,CM,BSE,STK,543417,INE0CLI01024,RATEGAIN,A,,,,,RateGain Travel Technologies L,869.95,872.05,851.50,857.30,853.05,864.40,,858.39,,,8171,7026982.00,499,F1,1,,,,,
2026-09-18,2026-09-18,CM,BSE,STK,543419,INE217L01019,SHRIRAMPPS,B,,,,,Shriram Properties Limited,73.01,73.01,70.90,71.26,71.00,72.38,,71.22,,,101773,7242711.00,569,F1,1,,,,,
2026-09-18,2026-09-18,CM,BSE,STK,543420,INE982V01025,JETFREIGHT,B,,,,,Jet Freight Logistics Limited,19.67,22.49,18.50,22.04,22.04,19.33,,22.14,,,46905,984770.00,773,F1,1,,,,,
2026-09-18,2026-09-18,CM,BSE,STK,543425,INE0BV301023,MAPMYINDIA,A,,,,,C.E. Info Systems Limited,885.00,905.00,885.00,898.75,897.60,889.45,,899.35,,,6202,5554086.00,332,F1,1,,,,,
2026-09-18,2026-09-18,CM,BSE,STK,543426,INE317I01021,METROBRAND,A,,,,,Metro Brands Limited,944.25,954.00,927.30,940.00,954.00,950.50,,940.76,,,111208,104535107.00,5171,F1,1,,,,,
2026-09-18,2026-09-18,CM,BSE,STK,543427,INE804L01022,MEDPLUS,A,,,,,Medplus Health Services Limite,657.90,665.80,654.10,659.50,659.45,654.05,,659.63,,,8875,5849639.00,285,F1,1,,,,,
2026-09-18,2026-09-18,CM,BSE,STK,543428,INE0IX101010,DATAPATTNS,A,,,,,Data Patterns (India) Limited,4436.25,4553.35,4416.40,4513.30,4513.30,4409.30,,4513.30,,,30667,137641467.00,3566,F1,1,,,,,
2026-09-18,2026-09-18,CM,BSE,STK,543433,INE0GSL01024,HPAL,B,,,,,HP Adhesives Limited,34.60,35.59,34.60,34.83,34.65,35.09,,34.76,,,1220,42534.00,78,F1,1,,,,,
2026-09-18,2026-09-18,CM,BSE,STK,543434,INE07RO01027,SUPRIYA,B,,,,,Supriya Lifescience Limited,906.45,918.55,896.45,905.50,911.00,898.75,,906.23,,,9657,8761876.00,432,F1,1,,,,,
2026-09-18,2026-09-18,CM,BSE,STK,543437,INF247L01AU3,MONQ50,B,,,,,Motilal Oswal Mutual Fund,350.00,395.92,338.18,395.92,395.92,329.94,,396.30,,,196492,76415192.00,2968,F1,1,,,,,
2026-09-18,2026-09-18,CM,BSE,STK,543438,INF740KA1ZF3,MIDQ50ADD,B,,,,,DSP Nifty Midcap 150 Quality 5,24.35,24.39,24.21,24.39,24.39,24.07,,24.46,,,141,3427.00,10,F1,1,,,,,
2026-09-18,2026-09-18,CM,BSE,STK,543440,INF740KA1CL0,NIFTYADD,B,,,,,DSP Nifty 50 ETF,246.56,246.84,245.40,246.55,246.55,245.00,,246.79,,,614,151506.00,6,F1,1,,,,,
2026-09-18,2026-09-18,CM,BSE,STK,543441,INE925R01014,CMSINFO,A,,,,,CMS Info Systems Limited,230.85,232.80,228.30,230.70,229.80,231.35,,230.92,,,271076,62361023.00,1201,F1,1,,,,,
2026-09-18,2026-09-18,CM,BSE,STK,543442,INE977Y01011,BCONCEPTS,B,,,,,Brand Concepts Limited,154.00,156.95,151.50,155.35,156.95,154.95,,153.55,,,353,53965.00,30,F1,1,,,,,
2026-09-18,2026-09-18,CM,BSE,STK,543449,INE02WG01024,WEL,B,,,,,WONDER ELECTRICALS LIMITED,71.28,73.13,68.64,73.13,73.13,69.65,,73.04,,,58038,4182278.00,488,F1,1,,,,,
2026-09-18,2026-09-18,CM,BSE,STK,543450,INF109KC10V2,AUTOIETF,B,,,,,ICICI Prudential Mutual Fund,28.34,28.40,28.17,28.36,28.36,28.33,,28.35,,,19660,556229.00,321,F1,1,,,,,
2026-09-18,2026-09-18,CM,BSE,STK,543451,INE583L01014,AGSTRA,Z,,,,,AGS TRANSACT TECHNOLOGIES LIMI,1.94,1.98,1.91,1.92,1.92,1.96,,1.92,,,35248,68359.00,77,F1,1,,,,,
2026-09-18,2026-09-18,CM,BSE,STK,543452,INF109KC1Y56,SILVERIETF,E,,,,,ICICI Prudential Mutual Fund,230.60,234.96,230.60,233.96,234.14,226.25,,233.89,,,179982,41929330.00,1786,F1,1,,,,,
2026-09-18,2026-09-18,CM,BSE,STK,543453,INE0KA601012,ALKOSIGN,M,,,,,ALKOSIGN LIMITED,56.71,59.00,56.71,57.51,57.50,60.00,,57.51,,,9000,516251.00,8,F1,1125,,,,,
2026-09-18,2026-09-18,CM,BSE,STK,543454,INF769K01IB1,MAKEINDIA,B,,,,,Mirae Asset Mutual Fund,161.62,162.50,161.55,162.50,162.50,161.30,,162.62,,,1105,179062.00,25,F1,1,,,,,
2026-09-18,2026-09-18,CM,BSE,STK,543458,INE699H01024,AWL,A,,,,,AWL AGRI BUSINESS LIMITED,185.70,187.70,183.50,186.95,186.95,184.00,,186.98,,,77745,14429690.00,1329,F1,1,,,,,
2026-09-18,2026-09-18,CM,BSE,STK,543461,INE0JNA01014,SSTL,M,,,,,Safa Systems & Technologies Li,20.90,21.99,20.90,21.99,21.99,21.39,,21.99,,,10000,214450.00,2,F1,5000,,,,,
2026-09-18,2026-09-18,CM,BSE,STK,543462,INE060X01034,DEVIT,B,,,,,DEV INFORMATION TECHNOLOGY LIM,23.53,23.53,23.24,23.45,23.50,23.53,,23.14,,,1833,42734.00,35,F1,1,,,,,
2026-09-18,2026-09-18,CM,BSE,STK,543463,INE825V01034,MANYAVAR,A,,,,,Vedant Fashions Limited,571.00,571.00,536.40,545.20,547.80,567.25,,544.27,,,49181,26966415.00,1901,F1,1,,,,,
2026-09-18,2026-09-18,CM,BSE,STK,543464,INE0JSJ01014,SPITZE,M,,,,,Maruti Interior Products Limit,36.63,38.46,36.63,37.56,37.50,36.63,,37.56,,,57000,2172710.00,31,F1,1000,,,,,
2026-09-18,2026-09-18,CM,BSE,STK,543465,INF247L01BK2,MOMOMENTUM,B,,,,,Motilal Oswal Mutual Fund,61.45,61.83,61.45,61.83,61.83,60.82,,61.55,,,603,37170.00,16,F1,1,,,,,
2026-09-18,2026-09-18,CM,BSE,STK,543470,INE728Z01015,SOFTTECH,B,,,,,SoftTech Engineers Limited,496.15,496.15,496.15,496.15,496.15,472.55,,524.05,,,55,27288.00,3,F1,1,,,,,
2026-09-18,2026-09-18,CM,BSE,STK,543471,INF209KB19F6,SILVER,E,,,,,Aditya Birla Sun Life Mutual F,230.28,234.89,230.28,233.83,234.09,226.56,,233.88,,,95030,22111309.00,898,F1,1,,,,,
2026-09-18,2026-09-18,CM,BSE,STK,543472,INF209KB11D8,TECH,B,,,,,Aditya Birla Sun Life Mutual F,32.00,32.49,31.38,31.65,31.65,31.93,,31.55,,,16555,520521.00,241,F1,1,,,,,
2026-09-18,2026-09-18,CM,BSE,STK,543473,INF209KB10C2,HEALTHY,B,,,,,Aditya Birla Sun Life Mutual F,17.32,17.33,16.96,17.12,17.12,16.99,,17.14,,,2705,46303.00,48,F1,1,,,,,
2026-09-18,2026-09-18,CM,BSE,STK,543474,INF209KB19D1,BSLNIFTY,B,,,,,Aditya Birla Sun Life Mutual F,26.69,28.06,26.69,27.53,27.47,27.38,,27.46,,,13374,366321.00,297,F1,1,,,,,
2026-09-18,2026-09-18,CM,BSE,STK,543480,INF109KC14A8,GSEC5IETF,F,,,,,ICICI Prudential Mutual Fund,66.29,66.29,65.64,66.29,66.29,66.77,,66.40,,,88,5799.00,3,F1,1,,,,,
2026-09-18,2026-09-18,CM,BSE,STK,543481,INF769K01IC9,MIDCAPETF,B,,,,,Mirae Asset Mutual Fund,23.10,23.45,22.89,23.40,23.45,23.12,,23.37,,,308363,7183143.00,683,F1,1,,,,,
2026-09-18,2026-09-18,CM,BSE,STK,543482,INE0KCE01017,EUREKAFORB,A,,,,,Eureka Forbes Limited,391.95,394.75,382.65,385.45,385.10,391.95,,385.31,,,16197,6254873.00,776,F1,1,,,,,
2026-09-18,2026-09-18,CM,BSE,STK,543489,INE079J01017,GATEWAY,B,,,,,Gateway Distriparks Limited,53.33,53.33,52.62,52.89,53.00,52.73,,52.87,,,41159,2177785.00,430,F1,1,,,,,
2026-09-18,2026-09-18,CM,BSE,STK,543490,INE0CU601026,GMRP&UI,A,,,,,GMR Power and Urban Infra Limi,92.18,94.90,91.05,91.95,92.20,92.18,,92.30,,,72776,6751547.00,734,F1,1,,,,,
2026-09-18,2026-09-18,CM,BSE,STK,543497,INE0KQ001017,BCCL,M,,,,,Bhatia Colour Chem Limited,27.40,27.40,25.10,26.88,26.88,26.15,,26.88,,,13600,354904.00,30,F1,400,,,,,
2026-09-18,2026-09-18,CM,BSE,STK,543498,INE0FS801015,MSUMI,A,,,,,Motherson Sumi Wiring India Li,36.01,36.28,35.41,35.74,35.74,36.08,,35.67,,,4785737,172352050.00,6080,F1,1,,,,,
2026-09-18,2026-09-18,CM,BSE,STK,543499,INE0K1401020,ACHYUT,T,,,,,Achyut Healthcare Limited,6.62,6.85,6.62,6.84,6.84,6.90,,6.84,,,29518,200419.00,106,F1,1,,,,,
2026-09-18,2026-09-18,CM,BSE,STK,543500,INE0JVD01011,EVOQ,MT,,,,,Evoq Remedies Limited,1.44,1.44,1.37,1.42,1.42,1.44,,1.42,,,72000,100760.00,13,F1,4000,,,,,
2026-09-18,2026-09-18,CM,BSE,STK,543501,INF247L01BL0,MOLOWVOL,B,,,,,Motilal Oswal Mutual Fund,35.57,35.57,35.27,35.49,35.49,35.78,,35.58,,,114,4040.00,13,F1,1,,,,,
2026-09-18,2026-09-18,CM,BSE,STK,543512,INE652Z01025,AVROIND,B,,,,,Avro India Limited,8.28,8.28,7.70,7.97,8.09,8.03,,7.95,,,53626,426377.00,177,F1,1,,,,,
2026-09-18,2026-09-18,CM,BSE,STK,543513,INE0GIU01018,UMAEXPORTS,T,,,,,Uma Exports Limited,20.83,21.25,20.83,20.83,20.83,21.25,,20.83,,,3069,64846.00,20,F1,1,,,,,
2026-09-18,2026-09-18,CM,BSE,STK,543514,INE0IQ001011,VERANDA,B,,,,,Veranda Learning Solutions Lim,214.70,225.80,213.00,221.95,225.80,215.30,,221.77,,,14553,3187641.00,377,F1,1,,,,,
2026-09-18,2026-09-18,CM,BSE,STK,543515,INE0KPY01017,SEML,MT,,,,,Sunrise Efficient Marketing Li,36.95,37.80,35.12,35.15,35.90,36.96,,35.15,,,30750,1097268.00,33,F1,375,,,,,
2026-09-18,2026-09-18,CM,BSE,STK,543516,INE0K5F01014,DHYAANITR,MT,,,,,DHYAANI TRADEVENTTURES LIMITED,7.27,7.41,7.27,7.41,7.41,7.41,,7.41,,,476000,3467352.00,14,F1,2800,,,,,
2026-09-18,2026-09-18,CM,BSE,STK,543517,INE00EV01017,HARIOMPIPE,B,,,,,Hariom Pipe Industries Limited,351.20,369.00,350.50,362.45,363.00,350.45,,362.85,,,12002,4344613.00,474,F1,1,,,,,
2026-09-18,2026-09-18,CM,BSE,STK,543520,INE0J2K01014,GLHRL,MT,,,,,Global Longlife Hospital and R,13.52,14.94,13.52,14.84,14.93,14.23,,14.84,,,156000,2199590.00,57,F1,1000,,,,,
2026-09-18,2026-09-18,CM,BSE,STK,543522,INE0E5R01017,NVENTURES,M,,,,,Nanavati Ventures Limited,83.90,83.90,83.90,83.90,83.90,82.00,,83.90,,,750,62925.00,1,F1,750,,,,,
2026-09-18,2026-09-18,CM,BSE,STK,543523,INE278Y01022,CAMPUS,A,,,,,Campus Activewear Limited,213.50,213.50,210.60,212.20,212.95,211.65,,212.12,,,13838,2935597.00,442,F1,1,,,,,
2026-09-18,2026-09-18,CM,BSE,STK,543524,INE961O01016,RAINBOW,A,,,,,Rainbow Children's Medicare Li,1473.65,1492.75,1446.50,1454.25,1447.65,1472.15,,1454.68,,,4822,7062818.00,636,F1,1,,,,,
2026-09-18,2026-09-18,CM,BSE,STK,543525,INE625X01026,SILVERTUC,B,,,,,Silver Touch Technologies Limi,146.90,149.00,144.40,146.45,148.25,149.15,,146.31,,,101922,15041824.00,1078,F1,1,,,,,
2026-09-18,2026-09-18,CM,BSE,STK,543526,INE0J1Y01017,LICI,A,,,,,LIFE INSURANCE CORPORATION OF,400.00,411.65,398.75,411.65,411.65,398.60,,407.76,,,773671,310350070.00,1786,F1,1,,,,,
2026-09-18,2026-09-18,CM,BSE,STK,543527,INE00F201020,PRUDENT,A,,,,,Prudent Corporate Advisory Ser,3342.55,3534.95,3342.55,3497.05,3503.85,3317.00,,3501.57,,,3366,11683860.00,700,F1,1,,,,,
2026-09-18,2026-09-18,CM,BSE,STK,543528,INE0JA001018,VENUSPIPES,B,,,,,Venus Pipes & Tubes Limited,2126.80,2306.05,2124.00,2284.40,2270.05,2118.30,,2282.97,,,52211,116201238.00,4221,F1,1,,,,,
2026-09-18,2026-09-18,CM,BSE,STK,543529,INE148O01028,DELHIVERY,A,,,,,Delhivery Limited,427.05,433.15,422.05,426.00,426.00,429.95,,428.00,,,122904,52679939.00,1475,F1,1,,,,,
2026-09-18,2026-09-18,CM,BSE,STK,543530,INE088F01024,PARADEEP,A,,,,,Paradeep Phosphates Limited,153.80,156.50,153.25,155.65,155.65,153.75,,155.62,,,165171,25619893.00,1310,F1,1,,,,,
2026-09-18,2026-09-18,CM,BSE,STK,543531,INE05CY01014,TIERRA,X,,,,,Tierra Agrotech Limited,50.20,50.20,47.00,47.17,48.48,47.93,,47.17,,,4283,202199.00,30,F1,1,,,,,
2026-09-18,2026-09-18,CM,BSE,STK,543532,INE04TZ01018,ETHOSLTD,A,,,,,ETHOS LIMITED,2654.35,2681.60,2615.10,2645.90,2670.75,2650.45,,2660.78,,,1009,2669273.00,209,F1,1,,,,,
2026-09-18,2026-09-18,CM,BSE,STK,543533,INE01QM01018,EMUDHRA,B,,,,,eMudhra Limited,643.55,643.55,602.80,615.15,620.00,631.50,,613.57,,,68940,42678983.00,1419,F1,1,,,,,
2026-09-18,2026-09-18,CM,BSE,STK,543534,INE0BWX01014,AETHER,A,,,,,Aether Industries Limited,1624.00,1651.50,1620.80,1629.00,1627.25,1623.00,,1629.95,,,6144,10062049.00,677,F1,1,,,,,
2026-09-18,2026-09-18,CM,BSE,STK,543535,INE082W01014,WEWIN,B,,,,,We Win Limited,43.59,43.59,43.00,43.00,43.00,40.35,,43.00,,,26,1119.00,7,F1,1,,,,,
2026-09-18,2026-09-18,CM,BSE,STK,543539,INE0L0L01012,MODIS,B,,,,,MODI'S NAVNIRMAN LIMITED,350.00,356.75,345.10,352.35,353.00,350.00,,352.40,,,590,205598.00,54,F1,1,,,,,
2026-09-18,2026-09-18,CM,BSE,STK,543540,INE0GTX01019,PGCRL,M,,,,,Pearl Green Clubs and Resorts,109.95,109.95,109.15,109.15,109.15,114.85,,109.15,,,7200,790890.00,3,F1,600,,,,,
2026-09-18,2026-09-18,CM,BSE,STK,543542,INE0L1C01019,KESAR,M,,,,,KESAR INDIA LIMITED,1155.00,1200.00,1155.00,1194.00,1194.00,1159.50,,1194.00,,,14700,17270040.00,82,F1,100,,,,,
2026-09-18,2026-09-18,CM,BSE,STK,543543,INE0IZQ01016,BRRL,M,,,,,B-RIGHT REALESTATE LIMITED,840.00,900.00,840.00,894.00,894.00,887.45,,894.00,,,2200,1914600.00,11,F1,200,,,,,
2026-09-18,2026-09-18,CM,BSE,STK,543544,INE0KR801019,JAYANT,MT,,,,,JAYANT INFRATECH LIMITED,69.80,70.00,69.80,70.00,70.00,69.80,,70.00,,,4500,314400.00,3,F1,750,,,,,
2026-09-18,2026-09-18,CM,BSE,STK,543545,INE0ID001024,VEERKRUPA,M,,,,,Veerkrupa Jewellers Limited,0.46,0.48,0.46,0.48,0.48,0.47,,0.48,,,50100,23714.00,3,F1,16700,,,,,
2026-09-18,2026-09-18,CM,BSE,STK,543546,INE0L3501015,HEALTHYLIFE,M,,,,,HEALTHY LIFE AGRITEC LIMITED,6.90,6.90,6.90,6.90,6.90,6.73,,6.90,,,2000,13800.00,1,F1,2000,,,,,
2026-09-18,2026-09-18,CM,BSE,STK,543547,INE0HR601026,DDEVPLSTIK,B,,,,,DDEV PLASTIKS INDUSTRIES LIMIT,255.30,257.00,252.80,256.30,255.95,255.05,,254.99,,,4667,1189079.00,221,F1,1,,,,,
2026-09-18,2026-09-18,CM,BSE,STK,543563,INF247L01BB1,MOHEALTH,B,,,,,Motilal Oswal Mutual Fund,52.40,52.72,51.33,52.08,52.28,51.85,,52.09,,,3613,188638.00,47,F1,1,,,,,
2026-09-18,2026-09-18,CM,BSE,STK,543568,INF109KC17C7,MOM30IETF,B,,,,,ICICI Prudential Mutual Fund,31.01,31.15,30.88,31.08,31.02,30.78,,31.08,,,34631,1074176.00,321,F1,1,,,,,
2026-09-18,2026-09-18,CM,BSE,STK,543569,INF179KC1HR4,HDFCNIF100,B,,,,,HDFC Mutual Fund,25.32,25.50,25.13,25.40,25.40,25.32,,25.35,,,90,2278.00,21,F1,1,,,,,
2026-09-18,2026-09-18,CM,BSE,STK,543570,INF179KC1HS2,HDFCNEXT50,B,,,,,HDFC Mutual Fund,73.15,73.97,73.06,73.97,73.97,72.80,,73.90,,,2834,208234.00,55,F1,1,,,,,
2026-09-18,2026-09-18,CM,BSE,STK,543571,INF109KC16E5,INFRAIETF,B,,,,,ICICI Prudential Mutual Fund,92.61,93.36,92.61,93.07,93.00,92.45,,92.97,,,7341,682999.00,78,F1,1,,,,,
2026-09-18,2026-09-18,CM,BSE,STK,543572,INF740KA1ZQ0,SILVERADD,E,,,,,DSP Silver ETF,22.33,22.69,22.32,22.54,22.49,21.86,,22.60,,,260276,5860157.00,256,F1,1,,,,,
2026-09-18,2026-09-18,CM,BSE,STK,543573,INE0DYJ01015,SYRMA,A,,,,,Syrma SGS Technology Limited,1615.85,1764.95,1613.60,1728.90,1728.90,1615.90,,1728.90,,,555206,958655180.00,16573,F1,1,,,,,
2026-09-18,2026-09-18,CM,BSE,STK,543574,INF209KB15K4,NIFTYQLITY,B,,,,,Aditya Birla Sun Life Mutual F,21.19,21.19,20.50,20.62,21.15,21.19,,20.61,,,2705,55654.00,75,F1,1,,,,,
2026-09-18,2026-09-18,CM,BSE,STK,543575,INF209KB14K7,MOMENTUM,B,,,,,Aditya Birla Sun Life Mutual F,30.80,30.93,30.38,30.69,30.38,30.64,,30.78,,,138,4234.00,13,F1,1,,,,,
2026-09-18,2026-09-18,CM,BSE,STK,543576,INF247L01BE5,MOVALUE,B,,,,,Motilal Oswal Mutual Fund,110.17,111.18,109.83,111.09,111.10,110.08,,110.91,,,2976,329140.00,74,F1,1,,,,,
2026-09-18,2026-09-18,CM,BSE,STK,543577,INF247L01BH8,MOQUALITY,B,,,,,Motilal Oswal Mutual Fund,194.08,194.08,193.50,193.50,193.50,192.18,,194.50,,,202,39169.00,4,F1,1,,,,,
2026-09-18,2026-09-18,CM,BSE,STK,543590,INE0KKN01029,RHETAN,B,,,,,Rhetan TMT Limited,19.59,19.59,19.59,19.59,19.59,20.62,,19.57,,,61841,1211465.00,163,F1,1,,,,,
2026-09-18,2026-09-18,CM,BSE,STK,543591,INE0JS101016,DREAMFOLKS,B,,,,,DREAMFOLKS SERVICES LIMITED,65.50,65.90,64.32,64.79,65.42,65.32,,64.76,,,4186,271918.00,248,F1,1,,,,,
2026-09-18,2026-09-18,CM,BSE,STK,543592,INF179KC1DI2,HDFCSILVER,E,,,,,HDFC Mutual Fund,220.45,225.10,220.45,223.89,224.01,216.55,,223.95,,,184071,40977338.00,1289,F1,1,,,,,
2026-09-18,2026-09-18,CM,BSE,STK,543593,INE0I3401014,DBOL,B,,,,,Dhampur Bio Organics Limited,115.05,117.00,110.05,116.95,117.00,115.10,,116.30,,,8050,922337.00,202,F1,1,,,,,
2026-09-18,2026-09-18,CM,BSE,STK,543594,INE0MC401013,DPL,M,,,,,DIPNA PHARMACHEM LIMITED,4.45,4.55,4.33,4.54,4.54,4.45,,4.54,,,21000,93900.00,7,F1,3000,,,,,
2026-09-18,2026-09-18,CM,BSE,STK,543595,INE0D2I01014,EPBIO,M,,,,,EP BIOCOMPOSITES LIMITED,100.00,100.00,100.00,100.00,100.00,95.16,,100.00,,,1000,100000.00,2,F1,500,,,,,
2026-09-18,2026-09-18,CM,BSE,STK,543596,INE668A01016,TMB,A,,,,,Tamilnad Mercantile Bank Limit,897.55,905.00,888.80,894.05,888.80,891.75,,895.74,,,5041,4531793.00,379,F1,1,,,,,
2026-09-18,2026-09-18,CM,BSE,STK,543597,INE0I0T01010,VOEPL,B,,,,,Virtuoso Optoelectronics Limit,492.90,509.65,492.85,507.35,509.00,490.65,,506.77,,,1768,890000.00,123,F1,1,,,,,
2026-09-18,2026-09-18,CM,BSE,STK,543599,INE0D6I01023,KSOLVES,B,,,,,Ksolves India Limited,263.00,264.95,251.00,252.85,251.00,259.40,,251.69,,,2852,724627.00,422,F1,1,,,,,
2026-09-18,2026-09-18,CM,BSE,STK,543600,INE0JUS01029,HARSHA,B,,,,,Harsha Engineers International,436.90,450.90,436.00,440.35,442.50,434.20,,440.44,,,5375,2371415.00,326,F1,1,,,,,
2026-09-18,2026-09-18,CM,BSE,STK,543605,INF179KC1DL6,HDFCQUAL,B,,,,,HDFC Mutual Fund,56.03,57.25,56.03,57.15,57.15,57.17,,56.72,,,285,16102.00,11,F1,1,,,,,
2026-09-18,2026-09-18,CM,BSE,STK,543606,INE0M8901010,CONTAINE,M,,,,,CONTAINE TECHNOLOGIES LIMITED,15.95,16.66,15.54,15.60,15.60,16.35,,15.60,,,30000,474810.00,18,F1,1000,,,,,
2026-09-18,2026-09-18,CM,BSE,STK,543607,INF179KC1DJ0,HDFCGROWTH,B,,,,,HDFC Mutual Fund,114.94,115.25,114.50,114.90,114.90,116.10,,114.77,,,184,21131.00,25,F1,1,,,,,
2026-09-18,2026-09-18,CM,BSE,STK,543608,INF179KC1DK8,HDFCVALUE,B,,,,,HDFC Mutual Fund,121.14,122.70,121.14,122.70,122.70,122.36,,121.97,,,220,26805.00,10,F1,1,,,,,
2026-09-18,2026-09-18,CM,BSE,STK,543613,INE0KQQ01011,MAFIA,M,,,,,MAFIA TRENDS LIMITED,5.84,5.84,5.84,5.84,5.84,5.44,,5.84,,,4000,23360.00,1,F1,4000,,,,,
2026-09-18,2026-09-18,CM,BSE,STK,543614,INE0LQS01015,TIPSFILMS,B,,,,,Tips Films Limited,338.00,338.00,320.00,320.10,320.10,318.00,,320.35,,,110,36324.00,30,F1,1,,,,,
2026-09-18,2026-09-18,CM,BSE,STK,543615,INE0MNV01014,SRSOLTD,M,,,,,SILICON RENTAL SOLUTIONS LIMIT,79.00,79.00,68.06,68.06,68.06,71.01,,68.06,,,6400,484032.00,5,F1,800,,,,,
2026-09-18,2026-09-18,CM,BSE,STK,543616,INE0MKA01014,TLL,M,,,,,Trident Lifeline Limited,310.00,318.00,310.00,315.05,318.00,305.55,,315.05,,,9000,2829330.00,14,F1,600,,,,,
2026-09-18,2026-09-18,CM,BSE,STK,543619,INE0N0J01014,CNCRD,M,,,,,Concord Control Systems Limite,2244.10,2299.55,2220.00,2229.45,2230.50,2220.75,,2229.45,,,5950,13396960.00,100,F1,50,,,,,
2026-09-18,2026-09-18,CM,BSE,STK,543620,INE0LGX01024,INA,B,,,,,INSOLATION ENERGY LIMITED,88.10,93.61,87.39,91.05,92.90,87.55,,91.64,,,84521,7585013.00,678,F1,1,,,,,
2026-09-18,2026-09-18,CM,BSE,STK,543623,INE0NC801013,VEDANTASSET,MT,,,,,VEDANT ASSET LIMITED,65.00,65.00,65.00,65.00,65.00,65.44,,65.00,,,1500,97500.00,1,F1,1500,,,,,
2026-09-18,2026-09-18,CM,BSE,STK,543626,INE02YR01019,EMIL,B,,,,,Electronics Mart India Limited,186.85,202.60,185.25,196.25,196.25,184.80,,196.28,,,761133,150051458.00,5983,F1,1,,,,,
2026-09-18,2026-09-18,CM,BSE,STK,543627,INF179KC1HU8,HDFCLOWVOL,B,,,,,HDFC Mutual Fund,19.81,20.14,19.66,19.81,19.81,19.67,,19.90,,,104,2046.00,4,F1,1,,,,,
2026-09-18,2026-09-18,CM,BSE,STK,543628,INF179KC1HV6,HDFCMOMENT,B,,,,,HDFC Mutual Fund,29.85,30.84,29.85,30.82,30.82,30.30,,30.73,,,16714,512634.00,31,F1,1,,,,,
2026-09-18,2026-09-18,CM,BSE,STK,543635,INE0DK501011,PPLPHARMA,A,,,,,PIRAMAL PHARMA LIMITED,204.80,210.00,204.60,208.00,208.00,204.50,,208.16,,,110206,22901301.00,2135,F1,1,,,,,
2026-09-18,2026-09-18,CM,BSE,STK,543636,INE0A1101019,DCI,B,,,,,Dc Infotech and Communication,282.95,288.00,278.35,279.25,280.20,283.05,,278.96,,,3867,1090648.00,138,F1,1,,,,,
2026-09-18,2026-09-18,CM,BSE,STK,543638,INE0HMF01019,TRACXN,B,,,,,Tracxn Technologies Limited,31.65,31.65,30.54,30.89,31.11,30.52,,30.98,,,7635,235549.00,130,F1,1,,,,,
2026-09-18,2026-09-18,CM,BSE,STK,543643,INE117Z01029,NARMADA,B,,,,,Narmada Agrobase Limited,13.93,14.17,13.65,13.75,13.76,13.78,,13.73,,,24454,337272.00,63,F1,1,,,,,
2026-09-18,2026-09-18,CM,BSE,STK,543644,INE344S01016,INFOBEAN,B,,,,,InfoBeans Technologies Limited,151.00,152.50,149.90,150.95,150.80,150.65,,151.23,,,18568,2797620.00,210,F1,1,,,,,
2026-09-18,2026-09-18,CM,BSE,STK,543645,INE05X901010,HPIL,B,,,,,HINDPRAKASH INDUSTRIES LIMITED,118.00,119.30,118.00,119.30,119.30,118.00,,119.13,,,195,23220.00,7,F1,1,,,,,
2026-09-18,2026-09-18,CM,BSE,STK,543650,INE0KL801015,DCXINDIA,B,,,,,DCX Systems Limited,164.95,166.75,162.20,163.00,163.90,164.45,,163.08,,,36286,5937899.00,784,F1,1,,,,,
2026-09-18,2026-09-18,CM,BSE,STK,543652,INE139R01012,FUSION,B,,,,,FUSION FINANCE LIMITED,184.50,186.00,181.40,185.35,185.75,184.50,,185.13,,,32609,5987954.00,639,F1,1,,,,,
2026-09-18,2026-09-18,CM,BSE,STK,543653,INE00E101023,BIKAJI,A,,,,,Bikaji Foods International Lim,551.45,590.70,550.00,580.05,575.00,553.70,,580.21,,,37156,21315937.00,1351,F1,1,,,,,
2026-09-18,2026-09-18,CM,BSE,STK,543654,INE474Q01031,MEDANTA,A,,,,,Global Health Limited,1448.70,1520.00,1441.85,1506.75,1508.55,1423.05,,1499.61,,,21128,31384678.00,2002,F1,1,,,,,
2026-09-18,2026-09-18,CM,BSE,STK,543657,INE128X01021,ACI,A,,,,,Archean Chemical Industries Li,462.45,472.45,459.85,466.80,469.00,462.05,,467.13,,,21823,10174307.00,616,F1,1,,,,,
2026-09-18,2026-09-18,CM,BSE,STK,543663,INE128S01021,FIVESTAR,A,,,,,Five-Star Business Finance Ltd,528.70,545.60,524.00,539.45,539.45,531.50,,538.50,,,34324,18347904.00,2021,F1,1,,,,,
2026-09-18,2026-09-18,CM,BSE,STK,543664,INE918Z01012,KAYNES,A,,,,,KAYNES TECHNOLOGY INDIA LIMITE,3531.55,3604.05,3475.05,3510.90,3510.90,3519.00,,3514.96,,,65264,230906013.00,6194,F1,1,,,,,
2026-09-18,2026-09-18,CM,BSE,STK,543665,INF179KC1IA8,HDFCNIFIT,B,,,,,HDFC Mutual Fund,30.48,30.89,30.48,30.70,30.70,31.10,,30.69,,,28748,882740.00,32,F1,1,,,,,
2026-09-18,2026-09-18,CM,BSE,STK,543666,INF179KC1HZ7,HDFCPVTBAN,B,,,,,HDFC Mutual Fund,27.11,28.09,27.11,28.09,28.09,27.71,,27.83,,,1960,54553.00,23,F1,1,,,,,
2026-09-18,2026-09-18,CM,BSE,STK,543667,INE510W01014,INOXGREEN,A,,,,,INOX GREEN ENERGY SERVICES LIM,174.45,175.95,170.05,171.25,170.95,174.85,,171.32,,,32210,5554588.00,462,F1,1,,,,,
2026-09-18,2026-09-18,CM,BSE,STK,543668,INE01EE01011,BBTCL,B,,,,,B&B Triplewall Containers Limi,237.50,237.50,231.00,231.05,231.00,230.25,,230.60,,,11,2562.00,6,F1,1,,,,,
2026-09-18,2026-09-18,CM,BSE,STK,543669,INE263M01029,RUSTOMJEE,B,,,,,Keystone Realtors Limited,341.90,355.00,341.90,350.85,350.85,339.55,,353.70,,,2082,729251.00,100,F1,1,,,,,
2026-09-18,2026-09-18,CM,BSE,STK,543670,INE01KI01027,VINNY,B,,,,,VINNY OVERSEAS LIMITED,0.97,0.99,0.95,0.96,0.97,0.97,,0.96,,,13281,12816.00,41,F1,1,,,,,
2026-09-18,2026-09-18,CM,BSE,STK,543671,INE0D0U01013,AAATECH,B,,,,,AAA TECHNOLOGIES LIMITED,84.57,90.00,84.57,87.21,90.00,84.32,,86.95,,,1071,92990.00,100,F1,1,,,,,
2026-09-18,2026-09-18,CM,BSE,STK,543677,INF109KC17L8,FINIETF,B,,,,,ICICI Prudential Mutual Fund,32.17,32.32,32.09,32.32,32.32,31.92,,32.28,,,1753,56427.00,27,F1,1,,,,,
2026-09-18,2026-09-18,CM,BSE,STK,543678,INE0N6V01016,AMBOAGRI,M,,,,,AMBO AGRITEC LIMITED,10.41,10.41,10.00,10.00,10.00,9.92,,10.00,,,2000,20410.00,2,F1,1000,,,,,
2026-09-18,2026-09-18,CM,BSE,STK,543686,INE792Z01011,SIRCA,B,,,,,Sirca Paints India Limited,409.60,411.80,404.95,406.00,406.00,406.80,,406.25,,,2127,867508.00,151,F1,1,,,,,
2026-09-18,2026-09-18,CM,BSE,STK,543687,INE00OQ01016,DHARMAJ,B,,,,,Dharmaj Crop Guard Limited,273.00,285.00,273.00,275.70,275.70,269.60,,276.15,,,4552,1286997.00,308,F1,1,,,,,
2026-09-18,2026-09-18,CM,BSE,STK,543688,INE324X01026,SARVESHWAR,B,,,,,Sarveshwar Foods Limited,3.72,3.79,3.65,3.75,3.75,3.72,,3.74,,,143217,531957.00,405,F1,1,,,,,
2026-09-18,2026-09-18,CM,BSE,STK,543689,INE244O01017,UNIPARTS,B,,,,,Uniparts India Limited,877.00,884.10,826.30,832.45,852.95,878.40,,831.54,,,10840,9256335.00,824,F1,1,,,,,
2026-09-18,2026-09-18,CM,BSE,STK,543699,INF754K01QX0,EBBETF0433,F,,,,,Edelweiss Mutual Fund,1308.61,1312.56,1299.02,1299.02,1299.02,1309.98,,1303.19,,,343,447269.00,8,F1,1,,,,,
2026-09-18,2026-09-18,CM,BSE,STK,543700,INF109KC18O0,GSEC10IETF,F,,,,,ICICI Prudential Mutual Fund,265.03,265.03,265.03,265.03,265.03,263.89,,265.03,,,4,1060.00,1,F1,1,,,,,
2026-09-18,2026-09-18,CM,BSE,STK,543709,INE0NT601018,GARGI,M,,,,,PNGS GARGI FASHION JEWELLERY L,600.00,605.00,591.10,595.00,599.00,592.50,,595.00,,,5375,3212812.00,33,F1,125,,,,,
2026-09-18,2026-09-18,CM,BSE,STK,543710,INF109KC19O8,COMMOIETF,B,,,,,ICICI Prudential Mutual Fund,97.27,97.96,97.20,97.40,97.30,97.34,,97.46,,,2670,260437.00,72,F1,1,,,,,
2026-09-18,2026-09-18,CM,BSE,STK,543711,INE142Q01026,SULA,B,,,,,Sula Vineyards Limited,135.65,136.75,134.20,134.55,134.60,136.00,,134.49,,,23876,3224953.00,792,F1,1,,,,,
2026-09-18,2026-09-18,CM,BSE,STK,543712,INE00ZE01026,AFSL,B,,,,,ABANS FINANCIAL SERVICES LIMIT,202.00,202.00,201.05,201.95,201.95,201.00,,201.00,,,172,34587.00,6,F1,1,,,,,
2026-09-18,2026-09-18,CM,BSE,STK,543713,INE0MQD01015,DRONACHRYA,M,,,,,Droneacharya Aerial Innovation,32.00,32.00,31.13,31.30,31.30,32.00,,31.30,,,19000,601310.00,18,F1,1000,,,,,
2026-09-18,2026-09-18,CM,BSE,STK,543714,INE559R01029,LANDMARK,B,,,,,LANDMARK CARS LIMITED,488.80,512.95,484.55,506.10,512.80,492.45,,504.62,,,5259,2619296.00,170,F1,1,,,,,
2026-09-18,2026-09-18,CM,BSE,STK,543720,INE138Y01010,KFINTECH,A,,,,,KFin Technologies Limited,902.60,915.55,895.20,900.00,900.00,896.00,,929.92,,,26968,24507490.00,1318,F1,1,,,,,
2026-09-18,2026-09-18,CM,BSE,STK,543725,INE050401020,ELIN,B,,,,,Elin Electronics Limited,90.05,90.10,87.70,87.80,87.80,89.85,,88.53,,,3920,348103.00,112,F1,1,,,,,
2026-09-18,2026-09-18,CM,BSE,STK,543732,INE855R01021,RADIANTCMS,B,,,,,Radiant Cash Management Servic,36.30,36.67,35.10,35.48,35.48,36.26,,35.42,,,29793,1062940.00,330,F1,1,,,,,
2026-09-18,2026-09-18,CM,BSE,STK,543738,INF740KA1RX3,BANKADD,B,,,,,DSP Nifty Bank ETF,57.30,57.43,57.30,57.43,57.43,57.22,,57.63,,,116,6646.00,2,F1,1,,,,,
2026-09-18,2026-09-18,CM,BSE,STK,543743,INE035801013,AERONEU,B,,,,,Aeroflex Neu Limited,66.00,67.97,66.00,66.01,66.01,67.97,,67.09,,,52,3443.00,7,F1,1,,,,,
2026-09-18,2026-09-18,CM,BSE,STK,543746,INE0BSU01018,LOGICA,M,,,,,LOGICA INFOWAY LIMITED,150.00,150.00,148.00,149.00,149.00,152.25,,149.00,,,43800,6538800.00,59,F1,600,,,,,
2026-09-18,2026-09-18,CM,BSE,STK,543747,INE0BTI01037,KAMOPAINTS,B,,,,,Kamdhenu Ventures Limited,4.10,4.44,4.10,4.42,4.42,4.35,,4.39,,,27769,121477.00,89,F1,1,,,,,
2026-09-18,2026-09-18,CM,BSE,STK,543748,INE0LRU01027,AARTIPHARM,A,,,,,Aarti Pharmalabs Limited,827.85,845.00,813.00,820.85,827.45,818.65,,820.43,,,279991,229928841.00,2081,F1,1,,,,,
2026-09-18,2026-09-18,CM,BSE,STK,543754,INE0MPU01011,TRANSVOY,MT,,,,,TRANSVOY LOGISTICS INDIA LIMIT,89.20,89.20,89.16,89.16,89.16,93.85,,89.16,,,1600,142688.00,2,F1,800,,,,,
2026-09-18,2026-09-18,CM,BSE,STK,543765,INE0O4V01010,EARTH,M,,,,,Earthstahl & Alloys Limited,12.51,12.51,12.51,12.51,12.51,12.21,,12.51,,,3000,37530.00,1,F1,3000,,,,,
2026-09-18,2026-09-18,CM,BSE,STK,543766,INE094B01013,ASHIKAG,T,,,,,Ashika Global Securities Limit,406.00,416.00,400.65,407.40,402.65,406.00,,409.64,,,6955,2865370.00,92,F1,1,,,,,
2026-09-18,2026-09-18,CM,BSE,STK,543767,INE0EEJ01023,BTML,B,,,,,BODHI TREE MULTIMEDIA LIMITED,7.36,7.43,7.20,7.25,7.25,7.26,,7.25,,,48206,352279.00,163,F1,1,,,,,
2026-09-18,2026-09-18,CM,BSE,STK,543768,INE0NNS01018,NSLNISP,A,,,,,NMDC Steel Limited,41.75,43.02,41.35,42.66,42.66,41.65,,42.60,,,563881,23852341.00,2629,F1,1,,,,,
2026-09-18,2026-09-18,CM,BSE,STK,543769,INE0KN201016,INDONG,MT,,,,,INDONG TEA COMPANY LIMITED,6.50,6.50,6.50,6.50,6.50,6.72,,6.50,,,72000,468000.00,18,F1,4000,,,,,
2026-09-18,2026-09-18,CM,BSE,STK,543774,INF179KC1EZ4,HDFCBSE500,B,,,,,HDFC Mutual Fund,36.82,38.00,36.64,36.88,37.92,36.50,,36.91,,,2147,79052.00,17,F1,1,,,,,
2026-09-18,2026-09-18,CM,BSE,STK,543775,INF179KC1FB2,HDFCSML250,B,,,,,HDFC Mutual Fund,180.18,184.80,180.18,184.60,184.80,181.94,,184.55,,,17989,3305431.00,460,F1,1,,,,,
2026-09-18,2026-09-18,CM,BSE,STK,543776,INF179KC1HT0,HDFCMID150,B,,,,,HDFC Mutual Fund,22.31,23.14,22.31,23.14,23.14,22.89,,23.12,,,14884,342874.00,300,F1,1,,,,,
2026-09-18,2026-09-18,CM,BSE,STK,543781,INF769K01JP9,GOLDETF,E,,,,,Mirae Asset Mutual Fund,146.78,149.00,146.78,148.62,148.78,146.43,,148.57,,,106566,15784893.00,1487,F1,1,,,,,
2026-09-18,2026-09-18,CM,BSE,STK,543782,INE0O4601016,SEALMATIC,M,,,,,Sealmatic India Limited,380.00,415.00,380.00,382.30,388.00,380.00,,382.30,,,14760,5770863.00,66,F1,180,,,,,
2026-09-18,2026-09-18,CM,BSE,STK,543787,INE0OLH01013,ROBU,M,,,,,Macfos Limited,1064.95,1064.95,1010.00,1027.25,1030.00,1042.15,,1027.25,,,6105,6233163.00,31,F1,165,,,,,
2026-09-18,2026-09-18,CM,BSE,STK,543799,INE0JZS01010,SVJ,M,,,,,S. V. J. Enterprises Limited,183.50,192.80,183.50,191.00,191.00,183.65,,191.00,,,2000,374512.00,6,F1,250,,,,,
2026-09-18,2026-09-18,CM,BSE,STK,543805,INE0NYN01016,RESGEN,M,,,,,RESGEN LIMITED,46.00,46.20,43.00,43.14,43.11,43.50,,43.14,,,6000,262927.00,6,F1,750,,,,,
2026-09-18,2026-09-18,CM,BSE,STK,543806,INE0O6A01019,ITCONS,M,,,,,ITCONS E-Solutions Limited,265.00,269.90,260.50,268.60,268.60,269.25,,268.60,,,5600,1492690.00,20,F1,200,,,,,
2026-09-18,2026-09-18,CM,BSE,STK,543811,INE645W01026,AIRAN,B,,,,,AIRAN LIMITED,16.79,16.84,16.32,16.80,16.80,16.71,,16.69,,,3934,65050.00,88,F1,1,,,,,
2026-09-18,2026-09-18,CM,BSE,STK,543812,INE753U01022,DIVGIITTS,B,,,,,DIVGI TORQTRANSFER SYSTEMS LIM,1124.00,1135.20,1121.60,1128.45,1124.00,1120.40,,1130.15,,,1511,1702826.00,193,F1,1,,,,,
2026-09-18,2026-09-18,CM,BSE,STK,543813,INF209KB18T9,ABSLLIQUID,F,,,,,Aditya Birla Sun Life Mutual F,999.99,1000.01,999.99,999.99,999.99,999.99,,1000.00,,,2038,2038019.00,9,F1,1,,,,,
2026-09-18,2026-09-18,CM,BSE,STK,543814,INE0OKG01017,PCL,M,,,,,PROSPECT CONSUMER PRODUCTS LIM,38.15,38.15,38.15,38.15,38.15,38.15,,38.15,,,1000,38150.00,1,F1,1000,,,,,
2026-09-18,2026-09-18,CM,BSE,STK,543819,INF109KC10S8,PSUBNKIETF,B,,,,,ICICI Prudential Mutual Fund,83.94,84.83,83.88,84.83,84.83,83.76,,84.34,,,803,67551.00,23,F1,1,,,,,
2026-09-18,2026-09-18,CM,BSE,STK,543828,INE00TV01023,SUDARSHAN,M,,,,,SUDARSHAN PHARMA INDUSTRIES LI,40.50,40.50,37.91,39.67,40.00,39.90,,39.67,,,532000,20938200.00,72,F1,4000,,,,,
2026-09-18,2026-09-18,CM,BSE,STK,543829,INE0JSX01015,GSLSU,B,,,,,Global Surfaces Limited,27.88,28.01,27.78,27.79,27.79,27.67,,28.04,,,405,11307.00,12,F1,1,,,,,
2026-09-18,2026-09-18,CM,BSE,STK,543831,INE0OMI01019,BRIGHT,M,,,,,Bright Outdoor Media Limited,350.00,350.00,347.00,347.00,347.00,347.00,,347.00,,,1875,654000.00,5,F1,375,,,,,
2026-09-18,2026-09-18,CM,BSE,STK,543848,INE0NIJ01025,DEVLAB,M,,,,,Dev Labtech Venture Limited,17.30,17.44,17.30,17.44,17.44,17.98,,17.44,,,36000,626160.00,2,F1,4000,,,,,
2026-09-18,2026-09-18,CM,BSE,STK,543853,INF846K010Q0,SENSEXAXIS,B,,,,,AXIS BSE SENSEX ETF,79.45,81.47,77.50,77.58,77.58,77.58,,77.23,,,12,950.00,6,F1,1,,,,,
2026-09-18,2026-09-18,CM,BSE,STK,543860,INE825B01010,JAFINANCE,XT,,,,,J.A. Finance Limited,136.90,141.95,132.15,139.95,139.95,137.00,,139.95,,,947,126619.00,14,F1,1,,,,,
2026-09-18,2026-09-18,CM,BSE,STK,543861,INE0N0Y01013,USK,B,,,,,Udayshivakumar infra limited,20.00,20.71,20.00,20.02,20.02,20.23,,20.07,,,3114,62858.00,22,F1,1,,,,,
2026-09-18,2026-09-18,CM,BSE,STK,543874,INE0O1T01010,MAIDEN,M,,,,,Maiden Forgings Limited,102.50,107.00,102.50,106.80,106.80,101.95,,106.80,,,7000,732150.00,5,F1,1000,,,,,
2026-09-18,2026-09-18,CM,BSE,STK,543895,INE0O8901016,EXHICON,M,,,,,Exhicon Events Media Solutions,479.25,490.00,473.00,473.35,473.00,470.35,,473.35,,,8500,4080800.00,27,F1,250,,,,,
2026-09-18,2026-09-18,CM,BSE,STK,543896,INE0LCL01028,AVALON,A,,,,,Avalon Technologies Limited,2241.90,2620.00,2216.05,2535.80,2535.80,2231.05,,2537.65,,,139894,344834937.00,8029,F1,1,,,,,
2026-09-18,2026-09-18,CM,BSE,STK,543898,INE0N7W01012,BLAL,B,,,,,BEML Land Assets Limited,161.40,164.25,160.90,163.30,163.30,161.35,,162.99,,,912,148458.00,71,F1,1,,,,,
2026-09-18,2026-09-18,CM,BSE,STK,543899,INE0NR623014,CUBEINVIT,IF,,,,,Cube Highways Trust,156.63,156.63,155.80,156.26,156.01,156.50,,156.36,,,51679,8081856.00,409,F1,1,,,,,
2026-09-18,2026-09-18,CM,BSE,STK,543900,INF789F1AYK6,SILVERBETA,E,,,,,UTI Mutual Fund,223.99,227.35,223.45,226.28,226.28,218.57,,226.15,,,38822,8747787.00,477,F1,1,,,,,
2026-09-18,2026-09-18,CM,BSE,STK,543901,INE508K01013,RHL,B,,,,,ROBUST HOTELS LIMITED,170.00,179.50,170.00,179.30,179.50,176.20,,179.52,,,1511,268996.00,24,F1,1,,,,,
2026-09-18,2026-09-18,CM,BSE,STK,543902,INE0NTC01019,RETINA,M,,,,,Retina Paints Limited,40.50,40.50,35.50,36.20,36.20,38.07,,36.20,,,22000,811360.00,9,F1,2000,,,,,
2026-09-18,2026-09-18,CM,BSE,STK,543903,INF740KA1ZP2,GOLDADD,E,,,,,DSP GOLD ETF,14.76,14.92,14.75,14.86,14.90,14.63,,14.86,,,22430,333434.00,98,F1,1,,,,,
2026-09-18,2026-09-18,CM,BSE,STK,543904,INE634S01028,MANKIND,A,,,,,Mankind Pharma Limited,2297.65,2348.95,2289.25,2318.00,2318.00,2295.00,,2300.72,,,80938,186969629.00,1295,F1,1,,,,,
2026-09-18,2026-09-18,CM,BSE,STK,543910,INE680Z01018,AVG,T,,,,,AVG Logistics Limited,179.75,179.75,168.60,169.20,169.20,176.90,,170.00,,,393,67445.00,17,F1,1,,,,,
2026-09-18,2026-09-18,CM,BSE,STK,543911,INE0ALR01029,ATALREAL,B,,,,,Atal Realtech Limited,14.29,16.05,14.29,14.31,14.31,15.87,,14.35,,,1111037,16379860.00,1068,F1,1,,,,,
2026-09-18,2026-09-18,CM,BSE,STK,543912,INE557Z01018,PIGL,B,,,,,Power & Instrumentation (Gujar,102.65,104.10,99.10,99.50,99.60,99.55,,99.49,,,1826,181747.00,38,F1,1,,,,,
2026-09-18,2026-09-18,CM,BSE,STK,543913,INE0NDH25011,NXST,IF,,,,,Nexus Select Trust,166.78,167.33,165.99,166.87,167.33,166.14,,166.35,,,9927,1654610.00,329,F1,1,,,,,
2026-09-18,2026-09-18,CM,BSE,STK,543914,INE210F01016,SWATIPRO,XT,,,,,Swati Projects Limited,39.58,39.58,36.90,38.88,39.00,38.78,,38.88,,,14654,567474.00,151,F1,1,,,,,
2026-09-18,2026-09-18,CM,BSE,STK,543915,INE07S101038,PAVNAIND,B,,,,,Pavna Industries Limited,15.15,15.95,14.98,15.85,15.85,14.92,,15.67,,,1427,21786.00,16,F1,1,,,,,
2026-09-18,2026-09-18,CM,BSE,STK,543916,INE0GYI01028,HSIL,M,,,,,Hemant Surgical Industries Lim,424.50,425.00,407.05,415.00,415.00,424.50,,415.00,,,15600,6467240.00,35,F1,400,,,,,
2026-09-18,2026-09-18,CM,BSE,STK,543917,INE0A0S01028,SIGMA,B,,,,,SIGMA SOLVE LIMITED,47.98,48.00,46.30,46.98,46.50,45.97,,47.03,,,7676,361527.00,139,F1,1,,,,,
2026-09-18,2026-09-18,CM,BSE,STK,543918,INE0PA801013,GHCLTEXTIL,B,,,,,GHCL Textiles Limited,125.35,125.35,122.30,124.65,124.00,123.85,,124.51,,,5358,664375.00,122,F1,1,,,,,
2026-09-18,2026-09-18,CM,BSE,STK,543919,INE964W01021,MKPL,B,,,,,M.K.Proteins Limited,4.00,4.16,3.96,4.00,4.00,4.07,,3.98,,,30214,121017.00,179,F1,1,,,,,
2026-09-18,2026-09-18,CM,BSE,STK,543920,INE0NJ001013,CFF,B,,,,,CFF FLUID CONTROL LIMITED,1124.95,1144.80,1055.00,1087.20,1087.20,1109.20,,1087.20,,,93770,103438339.00,3351,F1,1,,,,,
2026-09-18,2026-09-18,CM,BSE,STK,543921,INE0NXA01015,COMRADE,MT,,,,,Comrade Appliances Limited,34.50,34.50,34.00,34.00,34.00,35.00,,34.00,,,6000,205000.00,6,F1,1000,,,,,
2026-09-18,2026-09-18,CM,BSE,STK,543922,INF769K01KG6,SILVERAG,E,,,,,Mirae Asset Mutual Fund,225.78,228.80,225.11,228.25,227.83,220.77,,228.18,,,7317,1661153.00,255,F1,1,,,,,
2026-09-18,2026-09-18,CM,BSE,STK,543923,INE0LOJ01019,IKIO,B,,,,,IKIO Technologies Limited,206.20,217.75,205.15,210.45,210.45,205.50,,210.26,,,46993,9976500.00,654,F1,1,,,,,
2026-09-18,2026-09-18,CM,BSE,STK,543924,INE0N5O01013,SONALIS,M,,,,,Sonalis Consumer Products Limi,36.12,37.49,36.12,37.49,37.49,37.49,,37.49,,,8000,297160.00,4,F1,2000,,,,,
2026-09-18,2026-09-18,CM,BSE,STK,543926,INE0OJ401014,BIZOTIC,M,,,,,Bizotic Commercial Limited,121.00,121.00,115.52,116.00,116.00,121.60,,116.00,,,64800,7625976.00,53,F1,1200,,,,,
2026-09-18,2026-09-18,CM,BSE,STK,543927,INE04Z101016,ASIAN,X,,,,,Asian Warehousing Limited,34.30,34.40,33.01,33.09,33.98,34.63,,33.09,,,125,4197.00,13,F1,1,,,,,
2026-09-18,2026-09-18,CM,BSE,STK,543928,INE0ORA01015,COSMICCRF,M,,,,,Cosmic CRF Limited,1315.00,1340.00,1280.00,1288.05,1299.00,1309.95,,1288.05,,,6000,7826240.00,57,F1,100,,,,,
2026-09-18,2026-09-18,CM,BSE,STK,543929,INE0ECP01024,HMAAGRO,B,,,,,HMA Agro Industries Limited,23.10,24.30,22.92,23.79,23.85,23.08,,23.77,,,174810,4127423.00,495,F1,1,,,,,
2026-09-18,2026-09-18,CM,BSE,STK,543930,INE568Z01015,URAVIDEF,T,,,,,Uravi Defence and Technology L,109.25,109.25,109.25,109.25,109.25,111.45,,108.63,,,5,546.00,1,F1,1,,,,,
2026-09-18,2026-09-18,CM,BSE,STK,543931,INE0Q0M01015,VEEFIN,M,,,,,VEEFIN SOLUTIONS LIMITED,241.75,246.90,237.00,238.95,239.90,241.75,,238.95,,,6600,1584700.00,24,F1,200,,,,,
2026-09-18,2026-09-18,CM,BSE,STK,543932,INE349Y01013,IDEAFORGE,B,,,,,IDEAFORGE TECHNOLOGY LIMITED,718.90,734.00,714.00,729.00,729.00,718.45,,729.48,,,10793,7815360.00,732,F1,1,,,,,
2026-09-18,2026-09-18,CM,BSE,STK,543933,INE055S01018,CYIENTDLM,B,,,,,Cyient DLM Limited,894.45,945.00,889.05,938.30,938.30,893.55,,940.39,,,37603,34980389.00,2064,F1,1,,,,,
2026-09-18,2026-09-18,CM,BSE,STK,543934,INE01BT01015,MACIND,XT,,,,,Machhar Industries Limited,373.95,377.00,373.00,377.00,377.00,387.00,,377.00,,,80,30112.00,7,F1,1,,,,,
2026-09-18,2026-09-18,CM,BSE,STK,543935,INF740KA1SX1,ITADD,B,,,,,DSP NIFTY IT ETF,30.38,30.65,30.36,30.39,30.39,31.00,,30.49,,,569,17313.00,37,F1,1,,,,,
2026-09-18,2026-09-18,CM,BSE,STK,543936,INE602W01027,SENCO,A,,,,,Senco Gold Limited,343.00,352.75,341.30,348.30,347.85,342.60,,348.01,,,28780,9998835.00,908,F1,1,,,,,
2026-09-18,2026-09-18,CM,BSE,STK,543939,INE0P3N01018,KAKA,M,,,,,Kaka Industries Limited,212.00,212.20,212.00,212.15,212.10,215.00,,212.15,,,2000,424250.00,4,F1,500,,,,,
2026-09-18,2026-09-18,CM,BSE,STK,543940,INE758E01017,JIOFIN,A,,,,,Jio Financial Services Limited,229.95,232.00,229.95,231.40,231.40,229.50,,229.90,,,993331,229366354.00,8853,F1,1,,,,,
2026-09-18,2026-09-18,CM,BSE,STK,543941,INE0NEV01011,AHASOLAR,M,,,,,AHASOLAR TECHNOLOGIES LIMITED,70.00,70.00,68.15,68.15,68.15,72.00,,68.15,,,1200,83260.00,3,F1,400,,,,,
2026-09-18,2026-09-18,CM,BSE,STK,543942,INE735W01017,UTKARSHBNK,B,,,,,UTKARSH SMALL FINANCE BANK LIM,14.09,14.60,13.96,14.17,14.17,14.06,,14.17,,,585777,8255908.00,770,F1,1,,,,,
2026-09-18,2026-09-18,CM,BSE,STK,543943,INE0DN001027,ASARFI,M,,,,,ASARFI HOSPITAL LIMITED,184.85,184.85,176.20,177.75,178.60,180.65,,177.75,,,60000,10799900.00,57,F1,1000,,,,,
2026-09-18,2026-09-18,CM,BSE,STK,543944,INF769K01KR3,BANKETF,B,,,,,Mirae Asset Mutual Fund,573.17,574.23,571.77,572.82,572.82,573.16,,574.99,,,144,82479.00,8,F1,1,,,,,
2026-09-18,2026-09-18,CM,BSE,STK,543945,INE0NT901020,NETWEB,A,,,,,NETWEB TECHNOLOGIES INDIA LIMI,4611.00,4700.95,4586.15,4665.70,4665.70,4578.55,,4664.59,,,101576,471994017.00,8854,F1,1,,,,,
2026-09-18,2026-09-18,CM,BSE,STK,543946,INF769K01KS1,LIQUID,F,,,,,Mirae Asset Mutual Fund,995.00,1000.01,995.00,1000.00,1000.00,1000.00,,999.99,,,63819,63819002.00,28,F1,1,,,,,
2026-09-18,2026-09-18,CM,BSE,STK,543947,INF740KA1SZ6,SENSEXADD,B,,,,,DSP BSE Sensex ETF,75.36,77.14,75.36,77.14,77.14,76.90,,77.29,,,82,6191.00,7,F1,1,,,,,
2026-09-18,2026-09-18,CM,BSE,STK,543948,INF740KA1SY9,PSUBANKADD,B,,,,,DSP NIFTY PSU BANK ETF,81.89,99.08,81.89,92.20,91.00,90.08,,84.77,,,2032,174371.00,88,F1,1,,,,,
2026-09-18,2026-09-18,CM,BSE,STK,543949,INF740KA1TA7,PVTBANKADD,B,,,,,DSP NIFTY PRIVATE BANK ETF,27.72,27.95,27.64,27.95,27.95,27.80,,27.86,,,6765,188169.00,13,F1,1,,,,,
2026-09-18,2026-09-18,CM,BSE,STK,543950,INE0JO301016,YATHARTH,A,,,,,YATHARTH HOSPITAL & TRAUMA CAR,1099.70,1183.15,1084.20,1140.75,1140.75,1070.45,,1139.54,,,458821,516481513.00,13645,F1,1,,,,,
2026-09-18,2026-09-18,CM,BSE,STK,543952,INE342G01023,NIITMTS,B,,,,,NIIT Learning Systems Limited,225.10,225.10,215.00,217.15,216.30,223.60,,217.16,,,9518,2086511.00,684,F1,1,,,,,
2026-09-18,2026-09-18,CM,BSE,STK,543953,INE0OWC01011,KHAZANCHI,M,,,,,Khazanchi Jewellers Limited,735.05,737.80,735.05,737.40,737.50,734.85,,737.40,,,17500,12875000.00,22,F1,250,,,,,
2026-09-18,2026-09-18,CM,BSE,STK,543954,INE0NN701020,ATL,B,,,,,Allcargo Terminals Limited,24.66,24.89,24.16,24.25,24.25,24.59,,24.24,,,7043,172170.00,175,F1,1,,,,,
2026-09-18,2026-09-18,CM,BSE,STK,543955,INE0O3901029,TREL,B,,,,,Transindia Real Estate Limited,30.50,31.51,28.81,29.76,29.48,29.95,,29.67,,,60208,1833640.00,545,F1,1,,,,,
2026-09-18,2026-09-18,CM,BSE,STK,543956,INF109KC18V5,QUAL30IETF,B,,,,,ICICI Prudential Mutual Fund,20.40,20.43,20.26,20.35,20.35,20.40,,20.35,,,8500,172513.00,24,F1,1,,,,,
2026-09-18,2026-09-18,CM,BSE,STK,543957,INE0LXT01019,REDTAPE,B,,,,,REDTAPE Limited,118.20,119.15,116.05,117.70,118.30,118.60,,117.38,,,25770,3030854.00,300,F1,1,,,,,
2026-09-18,2026-09-18,CM,BSE,STK,543958,INE03HW01020,VLEGOV,B,,,,,VL E-Governance & IT Solutions,10.05,10.45,10.05,10.17,10.10,10.26,,10.18,,,15666,160337.00,72,F1,1,,,,,
2026-09-18,2026-09-18,CM,BSE,STK,543959,INE423Y01016,SBFC,A,,,,,SBFC Finance Limited,93.07,94.10,91.95,92.36,91.95,93.38,,92.36,,,117438,10883631.00,1100,F1,1,,,,,
2026-09-18,2026-09-18,CM,BSE,STK,543960,INE338H01029,CONCORDBIO,A,,,,,Concord Biotech Limited,1458.90,1518.00,1458.90,1493.90,1495.35,1462.10,,1494.36,,,11438,17107560.00,1116,F1,1,,,,,
2026-09-18,2026-09-18,CM,BSE,STK,543962,INE864X01013,DPWIRES,T,,,,,D.P. WIRES LIMITED,146.95,146.95,146.50,146.85,146.50,145.00,,146.44,,,8,1174.00,2,F1,1,,,,,
2026-09-18,2026-09-18,CM,BSE,STK,543963,INE013V01011,SHELTER,M,,,,,SHELTER PHARMA LIMITED,35.50,36.00,35.50,36.00,36.00,35.50,,36.00,,,6000,214500.00,2,F1,3000,,,,,
2026-09-18,2026-09-18,CM,BSE,STK,543965,INE395N01027,TVSSCS,B,,,,,TVS Supply Chain Solutions Lim,131.95,138.00,130.35,133.80,133.50,129.80,,133.85,,,113288,15285769.00,1418,F1,1,,,,,
2026-09-18,2026-09-18,CM,BSE,STK,543969,INE0MIS01010,PYRAMID,B,,,,,Pyramid Technoplast Limited,154.00,157.70,153.85,155.00,155.00,154.70,,154.49,,,2930,455989.00,41,F1,1,,,,,
2026-09-18,2026-09-18,CM,BSE,STK,543970,INE0OJZ01019,SHOORA,M,,,,,Shoora Designs Limited,82.80,82.80,82.80,82.80,82.80,79.10,,82.80,,,1500,124200.00,1,F1,1500,,,,,
2026-09-18,2026-09-18,CM,BSE,STK,543971,INE0Q8P01029,BONDADA,M,,,,,Bondada Engineering Limited,275.25,284.80,266.05,269.60,269.60,271.95,,269.60,,,140200,38405280.00,512,F1,200,,,,,
2026-09-18,2026-09-18,CM,BSE,STK,543972,INE024001021,AEROFLEX,B,,,,,Aeroflex Industries Limited,510.70,513.70,497.05,510.80,508.00,497.10,,510.90,,,48055,24366879.00,1144,F1,1,,,,,
2026-09-18,2026-09-18,CM,BSE,STK,543974,INE0AE001013,VPRPL,B,,,,,VISHNU PRAKASH R PUNGLIA LIMIT,35.00,35.90,32.96,34.66,34.66,33.26,,34.72,,,74179,2574558.00,655,F1,1,,,,,
2026-09-18,2026-09-18,CM,BSE,STK,543976,INE489B01031,SHRAAITECH,X,,,,,Shradha AI Technologies Limite,20.91,21.33,20.10,20.85,20.85,20.37,,20.85,,,7987,165086.00,145,F1,1,,,,,
2026-09-18,2026-09-18,CM,BSE,STK,543977,INE0N2P01017,RISHABH,B,,,,,Rishabh Instruments Limited,779.20,784.75,760.10,764.85,762.85,780.45,,764.71,,,7627,5909410.00,336,F1,1,,,,,
2026-09-18,2026-09-18,CM,BSE,STK,543978,INE05CZ01011,RATNAVEER,B,,,,,Ratnaveer Precision Engineerin,305.05,331.40,298.05,299.75,299.75,304.10,,299.27,,,492388,154595087.00,5489,F1,1,,,,,
2026-09-18,2026-09-18,CM,BSE,STK,543979,INE04T901017,KAHAN,MT,,,,,Kahan Packaging Limited,12.50,12.50,12.24,12.24,12.24,12.80,,12.24,,,12800,158336.00,2,F1,6400,,,,,
2026-09-18,2026-09-18,CM,BSE,STK,543980,INE682M01020,JLHL,A,,,,,Jupiter Life Line Hospitals Li,279.80,286.75,276.85,280.15,278.85,277.35,,280.05,,,508974,143017390.00,470,F1,1,,,,,
2026-09-18,2026-09-18,CM,BSE,STK,543981,INE777K01022,RRKABEL,A,,,,,R R KABEL LIMITED,2392.30,2458.25,2390.05,2450.50,2450.50,2390.05,,2450.79,,,13575,32986033.00,886,F1,1,,,,,
2026-09-18,2026-09-18,CM,BSE,STK,543982,INE0OYE01013,QUESTFLOW,M,,,,,QUEST FLOW CONTROLS LIMITED,190.95,192.40,183.00,190.95,192.40,191.05,,190.95,,,9800,1852300.00,32,F1,200,,,,,
2026-09-18,2026-09-18,CM,BSE,STK,543983,INE0OV601013,EMSLIMITED,B,,,,,EMS LIMITED,364.30,369.90,361.55,365.85,365.85,364.80,,366.61,,,8528,3114311.00,288,F1,1,,,,,
2026-09-18,2026-09-18,CM,BSE,STK,543984,INE08U801020,SAMHI,A,,,,,Samhi Hotels Limited,157.20,163.35,157.20,162.05,162.25,157.20,,161.98,,,58932,9495614.00,1594,F1,1,,,,,
2026-09-18,2026-09-18,CM,BSE,STK,543985,INE07K301024,ZAGGLE,A,,,,,ZAGGLE PREPAID OCEAN SERVICES,180.80,182.25,177.35,178.35,178.35,181.70,,178.55,,,69225,12433582.00,996,F1,1,,,,,
2026-09-18,2026-09-18,CM,BSE,STK,543986,INE980Y01015,SOUTHWEST,B,,,,,South West Pinnacle Exploratio,207.00,207.00,194.05,196.25,197.05,200.35,,196.12,,,23512,4646754.00,604,F1,1,,,,,
2026-09-18,2026-09-18,CM,BSE,STK,543988,INE531F01023,NUVAMA,A,,,,,Nuvama Wealth Management Limit,1693.45,1720.00,1693.45,1712.40,1712.40,1686.60,,1713.69,,,7968,13606910.00,791,F1,1,,,,,
2026-09-18,2026-09-18,CM,BSE,STK,543989,INE438K01021,KALAMANDIR,B,,,,,Sai Silks (Kalamandir) Limited,77.10,78.85,76.64,78.34,78.09,76.74,,78.26,,,27539,2140037.00,317,F1,1,,,,,
2026-09-18,2026-09-18,CM,BSE,STK,543990,INE903U01023,SIGNATURE,A,,,,,SIGNATUREGLOBAL (INDIA) LIMITE,755.00,760.00,744.50,757.25,755.95,756.50,,756.96,,,17434,13099642.00,622,F1,1,,,,,
2026-09-18,2026-09-18,CM,BSE,STK,543991,INE0P4P01011,TECHKGREEN,M,,,,,TECHKNOWGREEN SOLUTIONS LIMITE,131.50,138.40,131.50,134.00,134.00,130.70,,134.00,,,5200,707980.00,12,F1,400,,,,,
2026-09-18,2026-09-18,CM,BSE,STK,543992,INE0JR601024,YATRA,B,,,,,YATRA ONLINE LIMITED,103.55,106.45,103.55,104.50,104.15,104.25,,104.82,,,35913,3775852.00,444,F1,1,,,,,
2026-09-18,2026-09-18,CM,BSE,STK,543993,INE372M01010,ARCL,B,,,,,ARCL Organics Ltd,261.00,272.40,252.00,268.00,268.00,260.50,,262.00,,,134,34583.00,11,F1,1,,,,,
2026-09-18,2026-09-18,CM,BSE,STK,543994,INE880J01026,JSWINFRA,A,,,,,JSW Infrastructure Limited,330.30,356.40,326.65,348.40,348.40,326.05,,348.25,,,771140,267297095.00,9405,F1,1,,,,,
2026-09-18,2026-09-18,CM,BSE,STK,543995,INE0KNT01012,MVGJL,B,,,,,MANOJ VAIBHAV GEMS 'N' JEWELLE,219.10,224.00,213.00,215.25,215.25,215.40,,214.51,,,35891,7861994.00,660,F1,1,,,,,
2026-09-18,2026-09-18,CM,BSE,STK,543996,INE851I01011,UDS,B,,,,,Updater Services Limited,187.90,191.60,187.10,190.55,188.60,187.65,,189.85,,,4491,846709.00,124,F1,1,,,,,
2026-09-18,2026-09-18,CM,BSE,STK,543997,INE0MIO01019,ORGANICREC,M,,,,,ORGANIC RECYCLING SYSTEMS LIMI,164.50,168.70,164.50,165.00,165.00,163.40,,165.00,,,36000,5987025.00,38,F1,900,,,,,
2026-09-18,2026-09-18,CM,BSE,STK,543998,INE0JWS01017,VALIANTLAB,T,,,,,Valiant Laboratories Limited,128.00,128.71,123.10,124.71,126.00,122.59,,123.85,,,18553,2361945.00,134,F1,1,,,,,
2026-09-18,2026-09-18,CM,BSE,STK,543999,INF769K01KT9,SENSEXETF,B,,,,,Mirae Asset Mutual Fund,76.92,77.21,76.77,76.99,76.93,76.92,,77.16,,,1617,124387.00,40,F1,1,,,,,
2026-09-18,2026-09-18,CM,BSE,STK,544000,INE0M7501019,CCAL,MT,,,,,CITY CROPS AGRO LIMITED,44.08,44.08,44.08,44.08,44.08,44.08,,44.08,,,6000,264480.00,1,F1,6000,,,,,
2026-09-18,2026-09-18,CM,BSE,STK,544001,INE0Q1S01010,SUNITATOOL,MT,,,,,Sunita Tools Limited,1020.65,1066.30,1020.65,1066.30,1066.30,1015.55,,1066.30,,,22750,23811775.00,95,F1,125,,,,,
2026-09-18,2026-09-18,CM,BSE,STK,544003,INE0INJ01017,PLAZACABLE,B,,,,,Plaza Wires Limited,62.39,62.74,60.87,61.00,61.00,63.12,,61.06,,,5437,333239.00,128,F1,1,,,,,
2026-09-18,2026-09-18,CM,BSE,STK,544004,INE07U701015,IRMENERGY,B,,,,,IRM ENERGY LIMITED,270.05,273.00,268.00,270.35,270.60,268.90,,270.20,,,4400,1188661.00,342,F1,1,,,,,
2026-09-18,2026-09-18,CM,BSE,STK,544006,INF769K01KV5,ITETF,B,,,,,Mirae Asset Mutual Fund,30.66,30.66,30.34,30.47,30.60,30.89,,30.47,,,17145,522261.00,174,F1,1,,,,,
2026-09-18,2026-09-18,CM,BSE,STK,544007,INF769K01KU7,ALPHAETF,B,,,,,Mirae Asset Mutual Fund,25.40,26.40,25.40,26.38,26.40,26.06,,26.33,,,78203,2059351.00,88,F1,1,,,,,
2026-09-18,2026-09-18,CM,BSE,STK,544008,INE03EI01018,MAXESTATES,B,,,,,Max Estates Limited,574.85,595.05,574.85,594.35,593.00,578.65,,594.00,,,10183,5962195.00,419,F1,1,,,,,
2026-09-18,2026-09-18,CM,BSE,STK,544009,INE0KBH01020,BLUEJET,A,,,,,Blue Jet Healthcare Limited,569.60,577.00,568.00,575.20,575.80,569.45,,575.25,,,18824,10753147.00,666,F1,1,,,,,
2026-09-18,2026-09-18,CM,BSE,STK,544011,INE0Q6901013,VPL,M,,,,,Vrundavan Plantation Limited,33.40,33.40,33.40,33.40,33.40,36.45,,33.40,,,3600,120240.00,2,F1,1200,,,,,
2026-09-18,2026-09-18,CM,BSE,STK,544012,INE0LMW01024,CELLO,A,,,,,Cello World Limited,330.25,330.25,321.05,322.55,322.65,327.40,,322.45,,,8974,2918476.00,325,F1,1,,,,,
2026-09-18,2026-09-18,CM,BSE,STK,544013,INE0OH401016,KKSHL,M,,,,,KK Shah Hospitals Limited,44.00,44.00,44.00,44.00,44.00,44.00,,44.00,,,6000,264000.00,2,F1,3000,,,,,
2026-09-18,2026-09-18,CM,BSE,STK,544014,INE0J5401028,HONASA,A,,,,,Honasa Consumer Limited,461.45,481.15,459.00,479.60,479.60,460.55,,479.55,,,82272,39298456.00,1781,F1,1,,,,,
2026-09-18,2026-09-18,CM,BSE,STK,544015,INE0QI101019,MISHDESIGN,M,,,,,Mish Designs Limited,36.50,36.50,36.50,36.50,36.50,35.10,,36.50,,,500,18250.00,1,F1,500,,,,,
2026-09-18,2026-09-18,CM,BSE,STK,544020,INE818W01011,ESAFSFB,T,,,,,ESAF Small Finance Bank Ltd,38.89,39.40,38.30,39.01,38.56,38.30,,39.16,,,17834,696859.00,136,F1,1,,,,,
2026-09-18,2026-09-18,CM,BSE,STK,544021,INE004A01022,PROTEAN,A,,,,,Protean eGov Technologies Limi,492.25,494.25,487.70,490.05,489.60,488.70,,490.29,,,10328,5068435.00,429,F1,1,,,,,
2026-09-18,2026-09-18,CM,BSE,STK,544022,INE491J01022,ASKAUTOLTD,B,,,,,ASK Automotive Limited,627.10,659.15,627.00,655.45,655.45,619.25,,656.21,,,47538,30559919.00,1683,F1,1,,,,,
2026-09-18,2026-09-18,CM,BSE,STK,544023,INE0N6U01018,KALYANI,M,,,,,Kalyani Cast-Tech Limited,1318.90,1394.00,1301.10,1390.70,1392.00,1267.30,,1390.70,,,42500,57598562.00,157,F1,250,,,,,
2026-09-18,2026-09-18,CM,BSE,STK,544025,INE0PP401015,ARROWHEAD,M,,,,,Arrowhead Seperation Engineeri,73.35,73.35,73.35,73.35,73.35,75.25,,73.35,,,600,44010.00,1,F1,600,,,,,
2026-09-18,2026-09-18,CM,BSE,STK,544026,INE202E01016,IREDA,A,,,,,Indian Renewable Energy Develo,109.60,112.35,108.65,112.00,112.00,109.05,,114.31,,,647387,71663152.00,5641,F1,1,,,,,
2026-09-18,2026-09-18,CM,BSE,STK,544027,INE007N01010,FEDFINA,B,,,,,Fedbank Financial Services Lim,152.00,155.70,152.00,155.25,155.65,152.00,,155.25,,,47330,7298149.00,1201,F1,1,,,,,
2026-09-18,2026-09-18,CM,BSE,STK,544028,INE142M01025,TATATECH,A,,,,,Tata Technologies Limited,761.95,761.95,716.30,723.30,723.30,758.60,,722.47,,,83381,61133052.00,4978,F1,1,,,,,
2026-09-18,2026-09-18,CM,BSE,STK,544029,INE717W01049,GANDHAR,B,,,,,Gandhar Oil Refinery (India) L,267.75,277.25,267.75,276.40,276.40,269.50,,276.21,,,34154,9343078.00,1091,F1,1,,,,,
2026-09-18,2026-09-18,CM,BSE,STK,544030,INE00Y201027,FLAIR,B,,,,,Flair Writing Industries Limit,237.10,237.90,233.25,234.85,237.00,236.95,,235.22,,,9974,2353849.00,273,F1,1,,,,,
2026-09-18,2026-09-18,CM,BSE,STK,544035,INE0RDR01012,SPL,M,,,,,Swashthik Plascon Limited,23.00,23.00,23.00,23.00,23.00,22.55,,23.00,,,1600,36800.00,1,F1,1600,,,,,
2026-09-18,2026-09-18,CM,BSE,STK,544036,INE0RDM01013,DEEPAKCHEM,M,,,,,DEEPAK CHEMTEX LIMITED,82.01,82.01,81.00,81.00,81.00,83.00,,81.00,,,4800,391208.00,6,F1,800,,,,,
2026-09-18,2026-09-18,CM,BSE,STK,544037,INE0P9J01013,AMIC,M,,,,,Amic Forging Limited,2325.00,2337.00,2256.00,2288.70,2278.00,2310.45,,2288.70,,,25500,58546515.00,158,F1,100,,,,,
2026-09-18,2026-09-18,CM,BSE,STK,544042,INE0KQN01018,BAJEL,B,,,,,Bajel Projects Limited,172.95,175.50,170.55,171.40,171.80,173.50,,171.89,,,12673,2195150.00,275,F1,1,,,,,
2026-09-18,2026-09-18,CM,BSE,STK,544043,INF251K01SU9,BBNPPGOLD,E,,,,,BARODA BNP PARIBAS MUTUAL FUND,148.36,148.49,146.11,146.11,146.11,146.00,,147.95,,,49,7193.00,5,F1,1,,,,,
2026-09-18,2026-09-18,CM,BSE,STK,544044,INE922K01024,INDIASHLTR,A,,,,,India Shelter Finance Corporat,672.15,686.15,669.10,681.55,679.60,670.75,,681.83,,,3345,2274589.00,248,F1,1,,,,,
2026-09-18,2026-09-18,CM,BSE,STK,544045,INE321T01012,DOMS,A,,,,,DOMS Industries Limited,2115.40,2118.25,2097.35,2105.25,2115.00,2130.15,,2105.30,,,1622,3416366.00,333,F1,1,,,,,
2026-09-18,2026-09-18,CM,BSE,STK,544046,INE616N01034,INOXINDIA,A,,,,,INOX India Limited,2020.85,2105.00,2020.85,2098.25,2105.00,2015.45,,2098.76,,,27378,56901131.00,1819,F1,1,,,,,
2026-09-18,2026-09-18,CM,BSE,STK,544047,INE0QSK01017,SIYARAM,M,,,,,Siyaram Recycling Industries L,34.62,35.00,33.11,33.40,33.50,33.86,,33.40,,,117000,3975585.00,68,F1,1500,,,,,
2026-09-18,2026-09-18,CM,BSE,STK,544052,INE0Q2Z01013,BENCHMARK,M,,,,,Benchmark Computer Solutions L,39.90,39.90,39.60,39.60,39.60,41.00,,39.60,,,4000,159000.00,2,F1,2000,,,,,
2026-09-18,2026-09-18,CM,BSE,STK,544053,INE0FRK01020,MOTISONS,B,,,,,Motisons Jewellers Limited,18.07,19.12,17.95,18.38,18.38,18.00,,18.30,,,4900800,90318303.00,5902,F1,1,,,,,
2026-09-18,2026-09-18,CM,BSE,STK,544054,INE843S01025,SURAJEST,B,,,,,Suraj Estate Developers Limite,177.05,194.85,177.05,192.90,192.30,178.80,,192.34,,,22411,4280691.00,423,F1,1,,,,,
2026-09-18,2026-09-18,CM,BSE,STK,544055,INE046W01019,MUTHOOTMF,B,,,,,Muthoot Microfin Limited,188.95,189.90,187.25,189.15,188.00,188.15,,189.26,,,14216,2684522.00,349,F1,1,,,,,
2026-09-18,2026-09-18,CM,BSE,STK,544057,INE330T01021,HAPPYFORGE,B,,,,,Happy Forgings Limited,2191.30,2191.30,2139.80,2147.70,2153.05,2145.90,,2148.25,,,8708,18790536.00,913,F1,1,,,,,
2026-09-18,2026-09-18,CM,BSE,STK,544058,INE220Q01020,MUFTI,B,,,,,Credo Brands Marketing Limited,75.21,75.21,72.72,74.14,73.90,72.85,,73.64,,,3166,233754.00,68,F1,1,,,,,
2026-09-18,2026-09-18,CM,BSE,STK,544059,INE0QZQ01019,SHANTIDENM,M,,,,,SHANTI SPINTEX LIMITED,30.26,33.00,30.26,33.00,33.00,32.00,,33.00,,,44000,1423520.00,8,F1,2000,,,,,
2026-09-18,2026-09-18,CM,BSE,STK,544060,INE0PEQ01016,RBZJEWEL,T,,,,,RBZ Jewellers Limited,169.95,173.00,165.00,171.90,173.00,164.80,,172.92,,,7146,1216166.00,105,F1,1,,,,,
2026-09-18,2026-09-18,CM,BSE,STK,544061,INE02IJ01035,AZAD,A,,,,,Azad Engineering Limited,2602.70,2817.25,2602.70,2784.70,2784.70,2607.25,,2789.84,,,62676,171654743.00,4198,F1,1,,,,,
2026-09-18,2026-09-18,CM,BSE,STK,544066,INE0Q3R01026,SUNCLAY,B,,,,,SUNDARAM-CLAYTON LIMITED,1268.00,1274.90,1246.00,1247.05,1246.00,1257.05,,1253.41,,,693,866409.00,21,F1,1,,,,,
2026-09-18,2026-09-18,CM,BSE,STK,544067,INE0DUT01020,INNOVACAP,B,,,,,INNOVA CAPTAB LIMITED,1149.90,1183.65,1149.90,1180.75,1179.40,1150.85,,1179.86,,,2161,2530286.00,253,F1,1,,,,,
2026-09-18,2026-09-18,CM,BSE,STK,544072,INE0QFT01015,AIKPIPES,M,,,,,AIK Pipes and Polymers Limited,28.95,29.00,28.95,28.98,29.00,28.48,,28.98,,,2400,69560.00,3,F1,800,,,,,
2026-09-18,2026-09-18,CM,BSE,STK,544073,INE0A6N01026,MCPL,M,,,,,Manoj Ceramic Limited,75.00,75.00,70.00,71.19,70.00,79.00,,71.19,,,7000,498300.00,7,F1,1000,,,,,
2026-09-18,2026-09-18,CM,BSE,STK,544074,INE0RNZ01014,SBVCL,MT,,,,,Shri Balaji Valve Components L,142.95,145.05,142.95,145.00,145.05,138.15,,145.00,,,17400,2517120.00,25,F1,600,,,,,
2026-09-18,2026-09-18,CM,BSE,STK,544079,INE0PSC01024,DIGIDRIVE,B,,,,,DIGIDRIVE DISTRIBUTORS LIMITED,17.31,17.80,17.31,17.45,17.45,17.30,,17.43,,,244,4273.00,8,F1,1,,,,,
2026-09-18,2026-09-18,CM,BSE,STK,544080,INE0MGS01014,SHILINDORE,X,,,,,Sayaji Hotels (Indore) Limited,1348.75,1348.75,1348.75,1348.75,1348.75,1285.00,,1348.75,,,2,2697.00,1,F1,1,,,,,
2026-09-18,2026-09-18,CM,BSE,STK,544081,INE980O01024,JYOTICNC,A,,,,,Jyoti CNC Automation Limited,985.15,1066.00,983.00,1050.30,1050.30,980.25,,1049.72,,,151061,156918704.00,6705,F1,1,,,,,
2026-09-18,2026-09-18,CM,BSE,STK,544088,INE456Z01021,MEDIASSIST,A,,,,,Medi Assist Healthcare Service,322.05,325.50,318.00,324.35,324.00,321.35,,324.83,,,4907,1583156.00,259,F1,1,,,,,
2026-09-18,2026-09-18,CM,BSE,STK,544089,INF0R8F01034,LIQUIDCASE,F,,,,,Zerodha Mutual Fund,117.12,117.12,114.80,116.01,116.01,115.96,,116.00,,,744401,86348701.00,562,F1,1,,,,,
2026-09-18,2026-09-18,CM,BSE,STK,544090,INE07G501017,SHPLPUNE,X,,,,,Sayaji Hotels (Pune) Limited,855.00,855.00,853.00,853.00,853.00,855.00,,853.00,,,12,10256.00,4,F1,1,,,,,
2026-09-18,2026-09-18,CM,BSE,STK,544091,INE0Q1R01012,QLL,MT,,,,,Qualitek Labs Limited,584.00,594.00,574.00,586.00,586.00,579.15,,586.00,,,11600,6821560.00,26,F1,400,,,,,
2026-09-18,2026-09-18,CM,BSE,STK,544092,INF0QA701722,NIFTYBETF,B,,,,,Bajaj Finserv Mutual Fund,239.44,241.53,235.03,241.50,241.50,241.49,,240.79,,,101,24066.00,11,F1,1,,,,,
2026-09-18,2026-09-18,CM,BSE,STK,544093,INF0QA701714,BANKBETF,B,,,,,Bajaj Finserv Mutual Fund,57.00,57.76,57.00,57.76,57.76,57.25,,57.31,,,990,56693.00,11,F1,1,,,,,
2026-09-18,2026-09-18,CM,BSE,STK,544095,INE0G5901015,EPACK,B,,,,,EPACK Durable Limited,181.50,181.85,178.10,178.85,179.00,180.85,,178.84,,,24269,4358320.00,471,F1,1,,,,,
2026-09-18,2026-09-18,CM,BSE,STK,544100,INE02H701025,NOVAAGRI,B,,,,,Nova Agritech Limited,22.64,23.10,21.93,23.03,23.10,22.64,,22.91,,,4017,91550.00,69,F1,1,,,,,
2026-09-18,2026-09-18,CM,BSE,STK,544102,INF789F1AZD8,ITBETA,B,,,,,UTI Mutual Fund,306.00,306.00,300.15,303.54,303.54,306.00,,302.55,,,79,24020.00,3,F1,1,,,,,
2026-09-18,2026-09-18,CM,BSE,STK,544106,INE0R5Z01015,MCFL,MT,,,,,Mayank Cattle Food Limited,111.00,111.00,111.00,111.00,111.00,107.10,,111.00,,,1200,133200.00,1,F1,1200,,,,,
2026-09-18,2026-09-18,CM,BSE,STK,544107,INE0NLT01010,BLSE,B,,,,,BLS E-Services Limited,316.00,322.75,313.90,316.00,316.00,314.65,,316.38,,,15452,4899252.00,321,F1,1,,,,,
2026-09-18,2026-09-18,CM,BSE,STK,544109,INF740KA1ZG1,HEALTHADD,B,,,,,DSP NIFTY Healthcare ETF,16.82,16.82,16.68,16.80,16.80,16.65,,16.80,,,1875,31503.00,8,F1,1,,,,,
2026-09-18,2026-09-18,CM,BSE,STK,544110,INF179KC1HW4,HDFCPSUBK,B,,,,,HDFC Mutual Fund,83.57,84.27,83.11,83.11,83.11,82.99,,84.12,,,304,25447.00,109,F1,1,,,,,
2026-09-18,2026-09-18,CM,BSE,STK,544111,INE988S01028,PARKHOTELS,B,,,,,Apeejay Surrendra Park Hotels,107.05,109.80,106.15,107.40,107.25,107.05,,107.38,,,14254,1530972.00,170,F1,1,,,,,
2026-09-18,2026-09-18,CM,BSE,STK,544112,INE0QXV01014,JGTL,X,,,,,JASCH GAUGING TECHNOLOGIES LIM,546.00,561.30,530.00,559.45,560.00,546.95,,559.45,,,4567,2520377.00,44,F1,1,,,,,
2026-09-18,2026-09-18,CM,BSE,STK,544117,INE0KGZ01021,SIGNPOST,B,,,,,Signpost India Limited,264.35,273.80,260.20,270.25,268.65,263.15,,271.41,,,5675,1505463.00,424,F1,1,,,,,
2026-09-18,2026-09-18,CM,BSE,STK,544118,INE953L01027,JSFB,A,,,,,JANA SMALL FINANCE BANK LIMITE,516.05,534.20,516.05,527.25,528.90,520.95,,527.30,,,24699,13026217.00,924,F1,1,,,,,
2026-09-18,2026-09-18,CM,BSE,STK,544119,INE0J1F01024,RPTECH,B,,,,,Rashi Peripherals Limited,808.95,816.00,789.95,797.25,795.30,806.70,,798.04,,,5145,4134456.00,331,F1,1,,,,,
2026-09-18,2026-09-18,CM,BSE,STK,544120,INE646H01017,CAPITALSFB,B,,,,,Capital Small Finance Bank Ltd,277.15,282.20,276.30,279.20,279.20,277.95,,278.90,,,1941,538523.00,45,F1,1,,,,,
2026-09-18,2026-09-18,CM,BSE,STK,544121,INE0OYK01010,RUDRAGAS,M,,,,,Rudra Gas Enterprise Limited,67.20,74.01,67.20,74.00,74.00,74.03,,74.00,,,7000,511210.00,6,F1,1000,,,,,
2026-09-18,2026-09-18,CM,BSE,STK,544122,INE010601016,ENTERO,B,,,,,Entero Healthcare Solutions Li,1661.40,1740.35,1661.40,1733.00,1725.00,1665.05,,1732.31,,,5539,9422872.00,450,F1,1,,,,,
2026-09-18,2026-09-18,CM,BSE,STK,544123,INF767K01RN1,LICNMID100,B,,,,,LIC Mutual Fund,62.36,62.81,61.51,62.77,62.77,62.36,,63.34,,,916,56446.00,21,F1,1,,,,,
2026-09-18,2026-09-18,CM,BSE,STK,544124,INE0QTF01015,VSTL,B,,,,,VIBHOR STEEL TUBES LIMITED,112.55,113.00,111.00,112.35,111.00,114.25,,113.25,,,414,46562.00,26,F1,1,,,,,
2026-09-18,2026-09-18,CM,BSE,STK,544129,INE696F01016,JUNIPER,B,,,,,Juniper Hotels Limited,218.00,225.50,215.25,224.15,225.10,215.55,,224.32,,,20232,4477353.00,550,F1,1,,,,,
2026-09-18,2026-09-18,CM,BSE,STK,544130,INF769K01LC3,SMALLCAP,B,,,,,Mirae Asset Mutual Fund,48.00,49.06,48.00,49.03,49.05,48.13,,49.09,,,30110,1468031.00,211,F1,1,,,,,
2026-09-18,2026-09-18,CM,BSE,STK,544131,INE486R01017,GPTHEALTH,B,,,,,GPT Healthcare Limited,164.50,170.60,164.40,165.90,165.75,163.25,,166.20,,,17283,2891319.00,668,F1,1,,,,,
2026-09-18,2026-09-18,CM,BSE,STK,544132,INF0R8F01042,GOLDCASE,E,,,,,Zerodha Mutual Fund,23.90,24.17,23.90,24.07,24.05,23.71,,24.07,,,539999,12972034.00,1045,F1,1,,,,,
2026-09-18,2026-09-18,CM,BSE,STK,544133,INE777F01014,EXICOM,B,,,,,EXICOM TELE-SYSTEMS LIMITED,159.30,165.00,159.30,163.70,163.40,160.15,,163.68,,,69636,11368771.00,883,F1,1,,,,,
2026-09-18,2026-09-18,CM,BSE,STK,544134,INE0PT501018,PLATIND,B,,,,,Platinum Industries Limited,212.05,214.55,210.65,213.45,212.45,212.05,,214.00,,,3410,724335.00,101,F1,1,,,,,
2026-09-18,2026-09-18,CM,BSE,STK,544135,INE0CG401037,MUKKA,T,,,,,Mukka Proteins Limited,29.49,29.49,26.80,26.84,26.80,28.18,,26.92,,,58441,1605370.00,258,F1,1,,,,,
2026-09-18,2026-09-18,CM,BSE,STK,544136,INE0NQ801033,RKSWAMY,B,,,,,R K Swamy Limited,89.28,91.00,88.82,89.82,89.02,88.37,,89.41,,,604,53841.00,35,F1,1,,,,,
2026-09-18,2026-09-18,CM,BSE,STK,544137,INE0NHL23019,INDUSINVIT,IF,,,,,Indus Infra Trust,131.30,132.69,131.30,132.15,132.30,132.06,,132.05,,,2757,364434.00,116,F1,1,,,,,
2026-09-18,2026-09-18,CM,BSE,STK,544138,INE0MB501011,JGCHEM,B,,,,,J.G.Chemicals Limited,594.90,619.95,594.90,612.15,613.00,589.35,,612.40,,,15616,9544907.00,1015,F1,1,,,,,
2026-09-18,2026-09-18,CM,BSE,STK,544139,INE0M8R01011,KOURA,MT,,,,,KOURA FINE DIAMOND JEWELRY LIM,53.02,53.02,50.50,51.00,51.00,50.50,,51.00,,,10000,516040.00,5,F1,2000,,,,,
2026-09-18,2026-09-18,CM,BSE,STK,544140,INE0L9R01028,GOPAL,B,,,,,Gopal Snacks Limited,253.00,257.25,248.45,256.35,257.25,252.30,,256.74,,,10683,2682944.00,393,F1,1,,,,,
2026-09-18,2026-09-18,CM,BSE,STK,544141,INE510U01018,PESB,M,,,,,Pune E - Stock Broking Limited,266.10,274.60,266.00,273.90,273.00,266.35,,273.90,,,17600,4779520.00,21,F1,800,,,,,
2026-09-18,2026-09-18,CM,BSE,STK,544142,INE0PB301013,SCILAL,B,,,,,Shipping Corporation of India,38.94,38.94,36.22,36.97,36.97,38.09,,36.83,,,35515,1320972.00,518,F1,1,,,,,
2026-09-18,2026-09-18,CM,BSE,STK,544143,INE0QQG01019,ROYAL,M,,,,,Royal Sense Limited,92.65,102.40,92.65,94.00,94.00,87.00,,94.00,,,8000,775225.00,15,F1,500,,,,,
2026-09-18,2026-09-18,CM,BSE,STK,544144,INE772T01024,PVSL,B,,,,,Popular Vehicles and Services,97.70,102.90,97.70,99.35,98.65,99.20,,98.84,,,4860,479329.00,305,F1,1,,,,,
2026-09-18,2026-09-18,CM,BSE,STK,544149,INE0QN801017,KRYSTAL,B,,,,,KRYSTAL INTEGRATED SERVICES LI,673.95,685.00,640.10,643.60,640.10,675.75,,646.15,,,3696,2447527.00,289,F1,1,,,,,
2026-09-18,2026-09-18,CM,BSE,STK,544150,INE0QVH01025,KPGEL,M,,,,,KP GREEN ENGINEERING LIMITED,277.00,286.00,276.00,283.40,283.00,274.60,,283.40,,,81000,22578675.00,153,F1,250,,,,,
2026-09-18,2026-09-18,CM,BSE,STK,544151,INE0AH901011,CHATHA,MT,,,,,CHATHA FOODS LIMITED,104.00,105.00,104.00,105.00,105.00,100.00,,105.00,,,11000,1151400.00,9,F1,1000,,,,,
2026-09-18,2026-09-18,CM,BSE,STK,544156,INE0QHY01011,GCONNECT,MT,,,,,Gconnect Logitech and Supply C,12.00,12.00,11.86,12.00,12.00,12.43,,12.00,,,79500,953430.00,27,F1,1500,,,,,
2026-09-18,2026-09-18,CM,BSE,STK,544158,INE0R6Z01013,SRM,B,,,,,SRM CONTRACTORS LIMITED,425.75,428.35,420.90,424.50,426.00,425.90,,423.92,,,1482,627821.00,137,F1,1,,,,,
2026-09-18,2026-09-18,CM,BSE,STK,544159,INF740KA1UM0,LIQUIDADD,F,,,,,DSP BSE LIQUID RATE ETF,1145.47,1145.48,1145.45,1145.47,1145.46,1145.02,,1145.47,,,113772,130323252.00,74,F1,1,,,,,
2026-09-18,2026-09-18,CM,BSE,STK,544160,INE0MSS01019,JAYKAILASH,MT,,,,,Jay Kailash Namkeen Limited,60.12,60.50,60.11,60.11,60.11,63.27,,60.11,,,12800,770128.00,8,F1,1600,,,,,
2026-09-18,2026-09-18,CM,BSE,STK,544161,INE266Y01019,DPABHUSHAN,B,,,,,D P ABHUSHAN LIMITED,1345.70,1475.55,1338.60,1445.30,1475.55,1333.10,,1448.12,,,2145,3054947.00,198,F1,1,,,,,
2026-09-18,2026-09-18,CM,BSE,STK,544162,INE343G01021,BHARTIHEXA,A,,,,,Bharti Hexacom Limited,1480.55,1556.00,1479.15,1542.65,1535.90,1480.70,,1540.24,,,10113,15515784.00,704,F1,1,,,,,
2026-09-18,2026-09-18,CM,BSE,STK,544163,INE0S0701019,GVL,M,,,,,Greenhitech Ventures Limited,37.98,37.98,37.98,37.98,37.98,37.99,,37.98,,,2000,75960.00,2,F1,1000,,,,,
2026-09-18,2026-09-18,CM,BSE,STK,544164,INE0Q9W01015,FAALCON,MT,,,,,Faalcon Concepts Limited,39.23,39.23,39.00,39.17,39.00,41.00,,39.17,,,8000,313320.00,4,F1,2000,,,,,
2026-09-18,2026-09-18,CM,BSE,STK,544165,INE0SGR01013,SHIVAM,M,,,,,SHIVAM CHEMICALS LIMITED,111.55,118.00,110.00,117.50,117.50,116.65,,117.50,,,45000,5199600.00,27,F1,1500,,,,,
2026-09-18,2026-09-18,CM,BSE,STK,544166,INE0SDC01012,EMMFORCE,MT,,,,,EMMFORCE AUTOTECH LIMITED,188.40,192.45,188.40,190.00,190.00,183.30,,190.00,,,13200,2525580.00,10,F1,1200,,,,,
2026-09-18,2026-09-18,CM,BSE,STK,544167,INE0OAF01028,JNKINDIA,B,,,,,JNK India Limited,415.25,424.10,411.70,414.45,413.00,411.25,,413.91,,,1932,806445.00,154,F1,1,,,,,
2026-09-18,2026-09-18,CM,BSE,STK,544169,INE0QSB01016,AMKAY,M,,,,,Amkay Products Limited,55.99,56.00,55.99,55.99,56.00,58.93,,55.99,,,10000,559920.00,2,F1,2000,,,,,
2026-09-18,2026-09-18,CM,BSE,STK,544170,INE0QXT01018,DKUAL,M,,,,,Dolphin Kitchen Utensils and A,7.99,7.99,7.63,7.80,7.80,7.89,,7.80,,,22000,171300.00,11,F1,2000,,,,,
2026-09-18,2026-09-18,CM,BSE,STK,544171,INE0RGM01016,STAL,MT,,,,,Storage Technologies and Autom,32.39,32.39,31.80,31.80,31.80,30.87,,31.80,,,4000,127784.00,5,F1,800,,,,,
2026-09-18,2026-09-18,CM,BSE,STK,544172,INE065X01017,INDGN,A,,,,,Indegene Limited,597.90,602.70,590.40,597.50,601.00,591.20,,599.81,,,37299,22256998.00,911,F1,1,,,,,
2026-09-18,2026-09-18,CM,BSE,STK,544173,INE0QOQ01013,FTL,MT,,,,,Finelistings Technologies Limi,12.73,12.73,12.73,12.73,12.73,13.40,,12.73,,,1000,12730.00,1,F1,1000,,,,,
2026-09-18,2026-09-18,CM,BSE,STK,544174,INE673O01025,TBOTEK,A,,,,,TBO TEK LIMITED,1675.00,1725.70,1668.60,1707.80,1712.70,1645.60,,1710.50,,,9867,16785313.00,684,F1,1,,,,,
2026-09-18,2026-09-18,CM,BSE,STK,544175,INE0SMU01015,TGIF,M,,,,,TGIF AGRIBUSINESS LIMITED,109.50,109.50,92.00,92.00,92.00,110.00,,92.00,,,2400,241800.00,2,F1,1200,,,,,
2026-09-18,2026-09-18,CM,BSE,STK,544176,INE883F01010,AADHARHFC,A,,,,,Aadhar Housing Finance Limited,467.00,469.95,454.45,461.75,462.15,469.45,,461.66,,,133111,61486688.00,2340,F1,1,,,,,
2026-09-18,2026-09-18,CM,BSE,STK,544177,INE0SCB01016,AZTEC,M,,,,,Aztec Fluids & Machinery Limit,92.10,93.00,92.00,93.00,93.00,92.10,,93.00,,,8000,739400.00,5,F1,1000,,,,,
2026-09-18,2026-09-18,CM,BSE,STK,544179,INE03JT01014,GODIGIT,A,,,,,Go Digit General Insurance Lim,261.75,261.80,236.50,239.10,239.10,255.40,,239.00,,,473168,117912930.00,2893,F1,1,,,,,
2026-09-18,2026-09-18,CM,BSE,STK,544180,INF769K01LJ8,MIDSMALL,B,,,,,Mirae Asset Mutual Fund,51.40,51.49,51.08,51.40,51.39,50.83,,51.40,,,3235,165960.00,104,F1,1,,,,,
2026-09-18,2026-09-18,CM,BSE,STK,544181,INE108V01019,AWFIS,A,,,,,Awfis Space Solutions Limited,263.55,279.00,263.55,276.30,276.50,264.90,,275.79,,,34742,9420169.00,775,F1,1,,,,,
2026-09-18,2026-09-18,CM,BSE,STK,544182,INF0QA701854,LIQUIDBETF,F,,,,,Bajaj Finserv Mutual Fund,1099.50,1099.50,1099.48,1099.50,1099.50,1098.94,,1099.49,,,40,43979.00,8,F1,1,,,,,
2026-09-18,2026-09-18,CM,BSE,STK,544183,INE0RIQ01013,ASSOCIATED,M,,,,,Associated Coaters Limited,93.05,100.00,93.05,100.00,100.00,111.00,,100.00,,,1000,96525.00,2,F1,500,,,,,
2026-09-18,2026-09-18,CM,BSE,STK,544184,INE02L001032,BOROSCI,B,,,,,Borosil Scientific Limited,121.20,122.00,117.00,120.00,120.00,120.15,,119.56,,,3916,464354.00,238,F1,1,,,,,
2026-09-18,2026-09-18,CM,BSE,STK,544185,INE257C01014,ADTECH,X,,,,,ADTECH SYSTEMS LIMITED,47.79,47.79,46.16,46.55,46.83,46.91,,46.55,,,1837,86769.00,39,F1,1,,,,,
2026-09-18,2026-09-18,CM,BSE,STK,544186,INE0TT901016,TOTEM,X,,,,,Forbes Precision Tools and Mac,171.75,173.90,165.50,167.00,167.00,171.75,,167.00,,,20063,3360012.00,349,F1,1,,,,,
2026-09-18,2026-09-18,CM,BSE,STK,544187,INE0ATZ01017,KRONOX,T,,,,,KRONOX LAB SCIENCES LIMITED,173.40,175.00,171.05,173.95,173.95,172.15,,172.85,,,1991,345238.00,28,F1,1,,,,,
2026-09-18,2026-09-18,CM,BSE,STK,544188,INE0QZ901011,MAGENTA,M,,,,,Magenta Lifecare Limited,8.40,8.40,8.40,8.40,8.40,8.00,,8.40,,,4000,33600.00,1,F1,4000,,,,,
2026-09-18,2026-09-18,CM,BSE,STK,544189,INE0QUV01010,SATTRIX,M,,,,,SATTRIX INFORMATION SECURITY L,321.00,324.75,318.00,324.75,324.75,309.30,,324.75,,,3500,1128950.00,7,F1,500,,,,,
2026-09-18,2026-09-18,CM,BSE,STK,544191,INE0CYK01015,PURPLEFIN,X,,,,,Purple Finance Limited,70.10,73.70,70.10,72.03,72.44,71.06,,72.03,,,25310,1810736.00,87,F1,1,,,,,
2026-09-18,2026-09-18,CM,BSE,STK,544192,INE0HV901016,IXIGO,A,,,,,Le Travenues Technology Limite,159.55,167.75,159.55,165.85,166.30,160.15,,165.66,,,156037,25825034.00,3205,F1,1,,,,,
2026-09-18,2026-09-18,CM,BSE,STK,544193,INF0R8F01059,MID150CASE,B,,,,,Zerodha Mutual Fund,11.45,11.55,11.34,11.51,11.55,11.38,,11.51,,,135853,1555740.00,323,F1,1,,,,,
2026-09-18,2026-09-18,CM,BSE,STK,544194,INF0R8F01067,TOP100CASE,B,,,,,Zerodha Mutual Fund,10.06,10.33,10.06,10.30,10.30,10.28,,10.30,,,20987,215469.00,141,F1,1,,,,,
2026-09-18,2026-09-18,CM,BSE,STK,544195,INE0S0I01011,COTFAB,M,,,,,United Cotfab Limited,13.32,13.32,13.32,13.32,13.32,13.30,,13.32,,,2000,26640.00,1,F1,2000,,,,,
2026-09-18,2026-09-18,CM,BSE,STK,544197,INE03DD01011,RETAIL,B,,,,,JHS SVENDGAARD RETAIL VENTURES,17.85,17.85,17.80,17.80,17.80,16.25,,17.69,,,14,249.00,3,F1,1,,,,,
2026-09-18,2026-09-18,CM,BSE,STK,544198,INE841L01016,DEEDEV,B,,,,,DEE DEVELOPMENT ENGINEERS LIMI,638.35,668.30,636.05,668.30,668.30,636.50,,668.75,,,20204,13438904.00,651,F1,1,,,,,
2026-09-18,2026-09-18,CM,BSE,STK,544199,INE0RUJ01013,GEMENVIRO,M,,,,,GEM Enviro Management Limited,33.02,34.00,33.01,33.80,33.75,34.00,,33.80,,,12800,428496.00,13,F1,800,,,,,
2026-09-18,2026-09-18,CM,BSE,STK,544200,INE916Y01027,AFIL,B,,,,,Akme Fintrade (India) Limited,8.36,8.65,8.36,8.59,8.60,8.38,,8.61,,,8920,75266.00,82,F1,1,,,,,
2026-09-18,2026-09-18,CM,BSE,STK,544201,INE0S6R01027,DFPL,M,,,,,DINDIGUL FARM PRODUCT LIMITED,23.59,23.59,23.59,23.59,23.59,22.47,,23.59,,,14000,330260.00,7,F1,2000,,,,,
2026-09-18,2026-09-18,CM,BSE,STK,544202,INE01A001028,STANLEY,B,,,,,STANLEY LIFESTYLES LIMITED,137.95,138.60,136.90,137.55,137.55,137.00,,137.46,,,1811,249329.00,50,F1,1,,,,,
2026-09-18,2026-09-18,CM,BSE,STK,544203,INE552Z01027,ABDL,A,,,,,Allied Blenders and Distillers,650.60,658.75,641.40,651.00,650.00,652.80,,650.13,,,993381,646192777.00,1329,F1,1,,,,,
2026-09-18,2026-09-18,CM,BSE,STK,544204,INE0S2V01010,VRAJ,B,,,,,VRAJ IRON AND STEEL LIMITED,125.35,128.60,123.35,128.15,128.05,123.75,,127.95,,,11022,1395417.00,84,F1,1,,,,,
2026-09-18,2026-09-18,CM,BSE,STK,544205,INE0PO601011,NPL,XT,,,,,National Peroxide Limited,620.00,620.00,599.00,601.50,599.00,616.20,,601.50,,,1293,790573.00,92,F1,1,,,,,
2026-09-18,2026-09-18,CM,BSE,STK,544206,INF200KB1217,SBISILVER,E,,,,,SBI Mutual Fund,225.66,230.50,225.66,229.45,230.00,222.14,,229.44,,,70772,16187800.00,671,F1,1,,,,,
2026-09-18,2026-09-18,CM,BSE,STK,544207,INE375Y01018,RELIABLE,B,,,,,Reliable Data Services Limited,137.10,141.00,135.95,140.15,141.00,136.45,,140.20,,,380,52381.00,34,F1,1,,,,,
2026-09-18,2026-09-18,CM,BSE,STK,544209,INE0B9K01025,BANSALWIRE,B,,,,,Bansal Wire Industries Limited,318.60,319.00,305.60,309.85,312.60,313.10,,310.54,,,4990,1554019.00,187,F1,1,,,,,
2026-09-18,2026-09-18,CM,BSE,STK,544210,INE168P01015,EMCURE,A,,,,,Emcure Pharmaceuticals Limited,1912.00,2101.00,1911.95,2015.75,2015.75,1910.10,,2004.37,,,86374,173729456.00,5008,F1,1,,,,,
2026-09-18,2026-09-18,CM,BSE,STK,544212,INF769K01LQ3,EVINDIA,B,,,,,Mirae Asset Mutual Fund,31.44,32.07,31.44,32.00,32.06,31.83,,32.00,,,33069,1054387.00,218,F1,1,,,,,
2026-09-18,2026-09-18,CM,BSE,STK,544213,INE0T3401029,ACLD,M,,,,,AELEA COMMODITIES LIMITED,158.00,158.00,154.25,155.70,155.05,156.15,,155.70,,,11400,1779030.00,19,F1,600,,,,,
2026-09-18,2026-09-18,CM,BSE,STK,544214,INE0UK501010,THREEMPAPE,M,,,,,THREE M PAPER BOARDS LIMITED,24.93,24.93,23.05,23.05,23.05,25.98,,23.05,,,4000,95960.00,2,F1,2000,,,,,
2026-09-18,2026-09-18,CM,BSE,STK,544215,INF200KB1282,SBINEQWETF,B,,,,,SBI Mutual Fund,32.23,32.63,32.02,32.30,32.18,32.42,,32.20,,,565,18176.00,17,F1,1,,,,,
2026-09-18,2026-09-18,CM,BSE,STK,544216,INF109KC18W3,OILIETF,B,,,,,ICICI Prudential Mutual Fund,11.02,11.21,10.92,11.13,11.13,11.02,,11.14,,,34302,381367.00,533,F1,1,,,,,
2026-09-18,2026-09-18,CM,BSE,STK,544217,INE08NE01025,SANSTAR,B,,,,,SANSTAR LIMITED,115.55,117.00,114.75,115.50,115.50,115.55,,115.69,,,15598,1803844.00,345,F1,1,,,,,
2026-09-18,2026-09-18,CM,BSE,STK,544218,INF209KB19Z4,ABSLPSE,B,,,,,Aditya Birla Sun Life Mutual F,9.95,10.07,9.95,10.00,10.00,9.96,,10.05,,,8246,82364.00,38,F1,1,,,,,
2026-09-18,2026-09-18,CM,BSE,STK,544219,INE0MNP01016,VVIPIL,M,,,,,VVIP Infratech Limited,139.90,139.90,136.05,137.05,136.10,137.00,,137.05,,,4800,659730.00,8,F1,600,,,,,
2026-09-18,2026-09-18,CM,BSE,STK,544221,INE0RMR01013,KIZI,MT,,,,,Kizi Apparels Limited,17.60,17.60,17.50,17.50,17.50,17.60,,17.50,,,27000,473400.00,4,F1,3000,,,,,
2026-09-18,2026-09-18,CM,BSE,STK,544222,INE09XN01023,AKUMS,B,,,,,Akums Drugs and Pharmaceutical,772.40,789.75,772.25,783.95,782.85,766.15,,783.71,,,10259,8001022.00,1176,F1,1,,,,,
2026-09-18,2026-09-18,CM,BSE,STK,544223,INE0AG901020,CEIGALL,B,,,,,Ceigall India Limited,392.00,392.00,372.05,373.75,374.00,390.10,,373.75,,,16978,6419384.00,522,F1,1,,,,,
2026-09-18,2026-09-18,CM,BSE,STK,544224,INE0OXY01013,AFCOM,M,,,,,Afcom Holdings Limited,1400.00,1470.00,1399.95,1467.70,1467.70,1387.80,,1467.70,,,141240,204409536.00,685,F1,120,,,,,
2026-09-18,2026-09-18,CM,BSE,STK,544225,INE0LXG01040,OLAELEC,A,,,,,Ola Electric Mobility Limited,36.84,37.01,36.02,36.39,36.39,36.80,,36.39,,,4943474,179564898.00,9769,F1,1,,,,,
2026-09-18,2026-09-18,CM,BSE,STK,544226,INE02RE01045,FIRSTCRY,A,,,,,Brainbees Solutions Limited,170.00,172.95,163.40,172.15,172.15,168.85,,172.15,,,900185,149462646.00,3671,F1,1,,,,,
2026-09-18,2026-09-18,CM,BSE,STK,544227,INE00U401027,UNIECOM,B,,,,,UNICOMMERCE ESOLUTIONS LIMITED,84.74,85.07,82.79,83.35,83.50,84.74,,83.22,,,14943,1248238.00,314,F1,1,,,,,
2026-09-18,2026-09-18,CM,BSE,STK,544229,INF109KC19W1,METALIETF,B,,,,,ICICI Prudential Mutual Fund,13.28,13.28,12.63,13.07,13.06,12.96,,13.08,,,103447,1352991.00,425,F1,1,,,,,
2026-09-18,2026-09-18,CM,BSE,STK,544230,INE0PQ101010,SSDL,B,,,,,SARASWATI SAREE DEPOT LIMITED,61.80,62.89,60.75,61.55,61.55,62.16,,61.35,,,1193,74444.00,63,F1,1,,,,,
2026-09-18,2026-09-18,CM,BSE,STK,544232,INE00M901018,INTERARCH,B,,,,,Interarch Building Solutions L,1699.60,1720.90,1683.75,1701.05,1720.90,1688.95,,1705.54,,,1511,2567236.00,178,F1,1,,,,,
2026-09-18,2026-09-18,CM,BSE,STK,544233,INE0US801024,MFML,B,,,,,Mahalaxmi Fabric Mills Limited,22.17,22.20,18.78,18.84,19.42,18.50,,18.83,,,2909,63598.00,26,F1,1,,,,,
2026-09-18,2026-09-18,CM,BSE,STK,544235,INE0PPK01015,ORIENTTECH,B,,,,,Orient Technologies Limited,236.40,239.10,235.30,236.35,237.00,236.25,,236.35,,,17445,4137496.00,182,F1,1,,,,,
2026-09-18,2026-09-18,CM,BSE,STK,544238,INE0BS701011,PREMIERENE,A,,,,,Premier Energies Limited,878.10,905.00,878.10,903.00,903.00,883.00,,902.00,,,100688,89769883.00,3402,F1,1,,,,,
2026-09-18,2026-09-18,CM,BSE,STK,544239,INE06HJ01020,ECOSMOBLTY,B,,,,,ECOS (India) Mobility & Hospit,107.00,109.05,106.60,108.25,108.75,107.85,,108.12,,,4181,448192.00,161,F1,1,,,,,
2026-09-18,2026-09-18,CM,BSE,STK,544240,INE02ID01020,RAYMONDLSL,A,,,,,Raymond Lifestyle Limited,658.05,663.75,645.10,648.00,645.40,656.20,,648.33,,,6099,3985874.00,307,F1,1,,,,,
2026-09-18,2026-09-18,CM,BSE,STK,544241,INF769K01LX9,MULTICAP,B,,,,,Mirae Asset Mutual Fund,16.18,16.52,16.13,16.49,16.52,16.36,,16.49,,,20348,334075.00,304,F1,1,,,,,
2026-09-18,2026-09-18,CM,BSE,STK,544242,INE0SG001011,TRAVELS,M,,,,,Travels & rentals Limited,8.00,9.29,8.00,9.29,9.29,8.00,,9.29,,,6000,51870.00,2,F1,3000,,,,,
2026-09-18,2026-09-18,CM,BSE,STK,544243,INE01FR01028,STYLEBAAZA,B,,,,,Baazar Style Retail Limited,389.45,393.80,383.30,385.60,388.50,389.40,,386.67,,,32411,12532020.00,797,F1,1,,,,,
2026-09-18,2026-09-18,CM,BSE,STK,544244,INE0RE001014,GALAPREC,B,,,,,Gala Precision Engineering Lim,1004.00,1026.55,1001.75,1010.65,1010.00,1003.90,,1011.18,,,872,882080.00,111,F1,1,,,,,
2026-09-18,2026-09-18,CM,BSE,STK,544245,INE0N4701016,NHL,M,,,,,Naturewings Holidays Limited,75.80,75.80,75.80,75.80,75.80,69.00,,75.80,,,1600,121280.00,1,F1,1600,,,,,
2026-09-18,2026-09-18,CM,BSE,STK,544246,INE0DAB01012,RVTH,B,,,,,Revathi Equipment India Limite,724.90,724.90,669.45,669.45,669.45,655.10,,697.30,,,91,65687.00,67,F1,1,,,,,
2026-09-18,2026-09-18,CM,BSE,STK,544247,INF740KA1UR9,TOP10ADD,B,,,,,DSP Nifty Top 10 Equal Weight,84.84,85.09,84.80,84.89,85.00,85.83,,84.80,,,1957,166264.00,107,F1,1,,,,,
2026-09-18,2026-09-18,CM,BSE,STK,544248,INE0UYT01018,MACHLTD,M,,,,,MACH TRAVEL SOLUTIONS LIMITED,166.00,167.50,159.05,160.70,162.35,162.00,,160.70,,,19200,3140100.00,30,F1,600,,,,,
2026-09-18,2026-09-18,CM,BSE,STK,544249,INE0S2G01011,BALAJEE,B,,,,,SHREE TIRUPATI BALAJEE AGRO TR,27.00,27.00,24.86,25.30,25.35,24.99,,25.31,,,3000,76223.00,61,F1,1,,,,,
2026-09-18,2026-09-18,CM,BSE,STK,544250,INE0UOS01011,SANOFICONR,B,,,,,Sanofi Consumer Healthcare Ind,4010.00,4054.00,3992.50,4015.85,4054.00,4002.95,,4031.81,,,386,1549803.00,135,F1,1,,,,,
2026-09-18,2026-09-18,CM,BSE,STK,544251,INE0LY301010,SSL,MT,,,,,Share Samadhan Limited,48.90,48.90,48.89,48.89,48.89,47.85,,48.89,,,6400,312928.00,4,F1,1600,,,,,
2026-09-18,2026-09-18,CM,BSE,STK,544252,INE377Y01014,BAJAJHFL,A,,,,,Bajaj Housing Finance Limited,82.75,86.33,82.71,85.49,85.49,82.70,,85.57,,,477330,40240129.00,5483,F1,1,,,,,
2026-09-18,2026-09-18,CM,BSE,STK,544253,INE0O6601022,KROSS,B,,,,,Kross Limited,244.45,248.75,237.60,239.15,238.00,242.40,,239.19,,,128032,31135331.00,3685,F1,1,,,,,
2026-09-18,2026-09-18,CM,BSE,STK,544254,INE0RWQ01014,TOLINS,B,,,,,Tolins Tyres Limited,86.00,89.02,86.00,88.37,88.54,88.11,,88.03,,,1560,137314.00,185,F1,1,,,,,
2026-09-18,2026-09-18,CM,BSE,STK,544256,INE953R01016,PNGJL,B,,,,,P N GADGIL JEWELLERS LIMITED,607.60,610.45,596.30,607.00,609.50,601.35,,604.80,,,15832,9558473.00,775,F1,1,,,,,
2026-09-18,2026-09-18,CM,BSE,STK,544257,INE0Q3401017,SAFE,M,,,,,Sodhani Academy of Fintech Ena,115.00,117.00,115.00,117.00,117.00,125.75,,117.00,,,4000,463150.00,8,F1,500,,,,,
2026-09-18,2026-09-18,CM,BSE,STK,544258,INE0CJF01024,WCIL,B,,,,,Western Carriers (India) Limit,95.22,100.37,94.05,96.64,96.59,95.25,,96.86,,,24404,2397600.00,779,F1,1,,,,,
2026-09-18,2026-09-18,CM,BSE,STK,544259,INE0PZB01013,PFL,M,,,,,POPULAR FOUNDATIONS LIMITED,28.30,28.30,28.30,28.30,28.30,27.90,,28.30,,,3000,84900.00,1,F1,3000,,,,,
2026-09-18,2026-09-18,CM,BSE,STK,544260,INE850M01015,NORTHARC,A,,,,,Northern Arc Capital Ltd.,312.05,315.25,308.75,313.80,313.60,310.15,,313.61,,,79466,24800696.00,1454,F1,1,,,,,
2026-09-18,2026-09-18,CM,BSE,STK,544261,INE0QRL01017,ARKADE,B,,,,,ARKADE DEVELOPERS LIMITED,116.95,122.00,116.95,118.70,119.55,117.60,,118.84,,,12182,1454092.00,277,F1,1,,,,,
2026-09-18,2026-09-18,CM,BSE,STK,544262,INE939X01013,MANBA,B,,,,,Manba Finance Limited,134.85,135.15,133.50,134.95,135.00,133.40,,133.77,,,7694,1033768.00,77,F1,1,,,,,
2026-09-18,2026-09-18,CM,BSE,STK,544263,INE0Q3J01015,KRN,A,,,,,KRN HEAT EXCHANGER AND REFRIGE,1435.90,1453.00,1408.00,1447.85,1452.20,1391.30,,1446.26,,,15557,22307598.00,1542,F1,1,,,,,
2026-09-18,2026-09-18,CM,BSE,STK,544264,INE184O01015,DIFFNKG,B,,,,,Diffusion Engineers Limited,441.05,450.50,437.45,444.90,446.95,435.75,,445.75,,,4698,2090741.00,201,F1,1,,,,,
2026-09-18,2026-09-18,CM,BSE,STK,544267,INE0U6201010,SUBAM,M,,,,,SUBAM PAPERS LIMITED,205.00,205.00,200.00,204.00,204.00,205.00,,204.00,,,8800,1785760.00,11,F1,800,,,,,
2026-09-18,2026-09-18,CM,BSE,STK,544268,INF769K01LY7,METAL,B,,,,,Mirae Asset Mutual Fund,12.66,13.17,12.66,13.16,13.17,12.99,,13.15,,,114189,1500364.00,603,F1,1,,,,,
2026-09-18,2026-09-18,CM,BSE,STK,544270,INE0S9501014,KGVL,M,,,,,Khyati Global Ventures Limited,42.80,42.80,42.80,42.80,42.80,42.80,,42.80,,,1200,51360.00,1,F1,1200,,,,,
2026-09-18,2026-09-18,CM,BSE,STK,544271,INE0JVO01026,GARUDA,B,,,,,Garuda Construction and Engine,175.25,176.60,174.50,175.80,175.95,174.75,,175.54,,,11986,2104757.00,180,F1,1,,,,,
2026-09-18,2026-09-18,CM,BSE,STK,544272,INE0YRO01015,SHIVTEXCHEM,M,,,,,SHIV TEXCHEM LIMITED,108.40,117.00,108.40,112.30,112.30,106.95,,112.30,,,9200,1034340.00,21,F1,400,,,,,
2026-09-18,2026-09-18,CM,BSE,STK,544273,INE0APB01032,MGEL,B,,,,,MANGALAM GLOBAL ENTERPRISE LIM,15.46,15.89,15.42,15.58,15.68,15.55,,15.64,,,30451,479845.00,142,F1,1,,,,,
2026-09-18,2026-09-18,CM,BSE,STK,544274,INE0V6F01027,HYUNDAI,A,,,,,HYUNDAI MOTOR INDIA LIMITED,2171.10,2190.00,2155.30,2169.00,2169.00,2163.35,,2208.78,,,23021,49921565.00,2122,F1,1,,,,,
2026-09-18,2026-09-18,CM,BSE,STK,544275,INF109KC16X5,VAL30IETF,B,,,,,ICICI Prudential Mutual Fund,14.74,15.02,14.74,14.90,14.86,14.89,,14.88,,,4514,67047.00,33,F1,1,,,,,
2026-09-18,2026-09-18,CM,BSE,STK,544276,INE0OPA01027,DBEIL,B,,,,,Deepak Builders and Engineers,7.15,7.41,6.85,7.18,7.15,7.15,,7.12,,,86188,622382.00,123,F1,1,,,,,
2026-09-18,2026-09-18,CM,BSE,STK,544277,INE377N01017,WAAREEENER,A,,,,,Waaree Energies Limited,2493.25,2545.25,2483.75,2535.10,2535.10,2471.40,,2560.65,,,30371,76702055.00,2441,F1,1,,,,,
2026-09-18,2026-09-18,CM,BSE,STK,544278,INE0PK601023,OCCLLTD,T,,,,,OCCL Limited,159.00,159.00,151.00,156.00,156.00,153.60,,154.17,,,1813,282056.00,31,F1,1,,,,,
2026-09-18,2026-09-18,CM,BSE,STK,544279,INE497S01012,GODAVARIB,B,,,,,Godavari Biorefineries Limited,242.80,243.00,238.70,240.15,243.00,242.85,,241.00,,,6236,1499093.00,114,F1,1,,,,,
2026-09-18,2026-09-18,CM,BSE,STK,544280,INE101I01011,AFCONS,A,,,,,Afcons Infrastructure Limited,263.50,264.20,256.00,263.40,263.40,266.85,,263.40,,,223328,58157210.00,3585,F1,1,,,,,
2026-09-18,2026-09-18,CM,BSE,STK,544281,INE00YB01025,ABINFRA,T,,,,,A B INFRABUILD LIMITED,11.08,11.56,11.08,11.56,11.56,11.01,,11.57,,,10575,121455.00,11,F1,1,,,,,
2026-09-18,2026-09-18,CM,BSE,STK,544282,INE0W2G01015,SAGILITY,A,,,,,Sagility Limited,44.51,46.22,44.51,45.63,45.63,44.79,,45.66,,,2097053,95999306.00,5271,F1,1,,,,,
2026-09-18,2026-09-18,CM,BSE,STK,544283,INE622W01025,ACMESOLAR,A,,,,,ACME Solar Holdings Limited,412.25,440.50,412.25,434.40,434.40,411.05,,435.22,,,384020,165719465.00,7425,F1,1,,,,,
2026-09-18,2026-09-18,CM,BSE,STK,544284,INF769K01MY5,LIQUIDPLUS,F,,,,,Mirae Asset Mutual Fund,1103.92,1103.92,1103.92,1103.92,1103.92,1103.46,,1103.91,,,46,50780.00,4,F1,1,,,,,
2026-09-18,2026-09-18,CM,BSE,STK,544285,INE00H001014,SWIGGY,A,,,,,SWIGGY LIMITED,276.50,280.00,276.00,277.00,277.00,276.50,,273.05,,,1158525,322274642.00,4217,F1,1,,,,,
2026-09-18,2026-09-18,CM,BSE,STK,544286,INE995S01015,NIVABUPA,A,,,,,NIVA BUPA HEALTH INSURANCE COM,79.36,80.45,79.08,79.54,79.20,79.63,,79.59,,,43291,3456299.00,588,F1,1,,,,,
2026-09-18,2026-09-18,CM,BSE,STK,544288,INE0UIZ01018,BLACKBUCK,A,,,,,BlackBuck Limited,612.20,644.50,609.10,632.35,628.55,610.80,,632.40,,,84845,53697332.00,2223,F1,1,,,,,
2026-09-18,2026-09-18,CM,BSE,STK,544289,INE0ONG01011,NTPCGREEN,A,,,,,NTPC GREEN ENERGY LIMITED,88.40,88.99,86.91,88.46,88.46,87.49,,88.55,,,110893,9739575.00,1858,F1,1,,,,,
2026-09-18,2026-09-18,CM,BSE,STK,544290,INE0LLY01014,EIEL,B,,,,,ENVIRO INFRA ENGINEERS LIMITED,201.05,203.20,196.30,200.10,201.75,199.15,,200.01,,,39779,7910729.00,586,F1,1,,,,,
2026-09-18,2026-09-18,CM,BSE,STK,544291,INE0VN801010,RAJESH,M,,,,,RAJESH POWER SERVICES LIMITED,764.50,767.00,753.00,757.45,759.00,759.90,,757.45,,,20400,15488575.00,173,F1,100,,,,,
2026-09-18,2026-09-18,CM,BSE,STK,544292,INE013P01021,ONESOURCE,A,,,,,Onesource Specialty Pharma Lim,1575.65,1632.30,1575.65,1595.45,1589.70,1579.25,,1594.92,,,9974,15941837.00,784,F1,1,,,,,
2026-09-18,2026-09-18,CM,BSE,STK,544293,INE877V01027,SURAKSHA,B,,,,,SURAKSHA DIAGNOSTIC LIMITED,330.00,338.00,329.30,336.05,336.65,329.55,,335.11,,,2847,951991.00,216,F1,1,,,,,
2026-09-18,2026-09-18,CM,BSE,STK,544294,INE0OJW01016,ROSSTECH,B,,,,,Rossell Techsys Limited,1367.35,1464.00,1356.00,1372.10,1360.50,1357.95,,1374.20,,,48811,68886239.00,3387,F1,1,,,,,
2026-09-18,2026-09-18,CM,BSE,STK,544296,INE0DQN01013,NISUS,M,,,,,NISUS FINANCE SERVICES CO LIMI,154.00,156.00,151.00,152.20,153.80,153.05,,152.20,,,8800,1346260.00,18,F1,400,,,,,
2026-09-18,2026-09-18,CM,BSE,STK,544301,INE054301028,ODIGMA,B,,,,,Odigma Consultancy Solutions L,21.09,21.60,21.00,21.11,21.12,21.09,,21.01,,,2842,60105.00,152,F1,1,,,,,
2026-09-18,2026-09-18,CM,BSE,STK,544302,INE403Y01018,INNOVANA,B,,,,,Innovana Thinklabs Limited,301.60,304.85,296.00,302.55,303.05,301.60,,303.25,,,10922,3282783.00,103,F1,1,,,,,
2026-09-18,2026-09-18,CM,BSE,STK,544303,INE0XAY01012,TTC,M,,,,,TOSS THE COIN LIMITED,166.30,168.00,161.15,161.15,161.15,169.50,,161.15,,,1200,198510.00,4,F1,300,,,,,
2026-09-18,2026-09-18,CM,BSE,STK,544304,INE0WCH01015,JUNGLECAMP,M,,,,,JUNGLE CAMPS INDIA LIMITED,42.50,45.00,42.50,44.78,45.00,42.90,,44.78,,,9600,422160.00,6,F1,1600,,,,,
2026-09-18,2026-09-18,CM,BSE,STK,544305,INE0HLU01028,MOBIKWIK,B,,,,,One Mobikwik Systems Limited,200.60,213.55,200.60,212.30,212.30,198.45,,212.47,,,258479,53697632.00,2630,F1,1,,,,,
2026-09-18,2026-09-18,CM,BSE,STK,544306,INE570L01029,SAILIFE,A,,,,,Sai Life Sciences Limited,1554.50,1612.40,1554.50,1600.95,1600.95,1547.00,,1600.52,,,42864,67975533.00,1996,F1,1,,,,,
2026-09-18,2026-09-18,CM,BSE,STK,544307,INE01EA01019,VMM,A,,,,,Vishal Mega Mart Limited,101.30,102.10,100.35,101.00,101.00,101.10,,102.65,,,236065,23847597.00,1780,F1,1,,,,,
2026-09-18,2026-09-18,CM,BSE,STK,544308,INE168C01013,HILLTONE,X,,,,,Hilltone Software and Gases Lt,35.85,38.70,35.85,36.98,36.98,36.19,,36.98,,,531,19649.00,9,F1,1,,,,,
2026-09-18,2026-09-18,CM,BSE,STK,544309,INE115Q01022,IKS,A,,,,,INVENTURUS KNOWLEDGE SOLUTIONS,1720.35,1795.00,1720.35,1780.60,1767.60,1730.20,,1779.91,,,8488,15064803.00,752,F1,1,,,,,
2026-09-18,2026-09-18,CM,BSE,STK,544310,INE00GK01023,YASHHV,M,,,,,Yash Highvoltage Limited,1076.00,1099.80,1040.00,1059.20,1063.00,1080.45,,1059.20,,,101000,107716875.00,359,F1,250,,,,,
2026-09-18,2026-09-18,CM,BSE,STK,544311,INE0Q9301021,IGIL,A,,,,,International Gemological Inst,319.25,337.50,318.80,330.95,329.10,315.35,,330.95,,,233506,76540584.00,6826,F1,1,,,,,
2026-09-18,2026-09-18,CM,BSE,STK,544313,INE0LB101011,NACDAC,M,,,,,NACDAC Infrastructure Limited,22.50,22.50,22.50,22.50,22.50,22.99,,22.50,,,4000,90000.00,1,F1,4000,,,,,
2026-09-18,2026-09-18,CM,BSE,STK,544314,INE0JPD01013,SANATHAN,B,,,,,Sanathan Textiles Limited,469.30,486.10,465.00,480.90,481.40,462.60,,480.85,,,8419,4044748.00,322,F1,1,,,,,
2026-09-18,2026-09-18,CM,BSE,STK,544315,INE037Z01029,CEWATER,B,,,,,Concord Enviro Systems Limited,257.80,285.25,257.80,279.25,279.25,256.40,,279.25,,,79355,22084944.00,2105,F1,1,,,,,
2026-09-18,2026-09-18,CM,BSE,STK,544316,INE284H01025,DAMCAPITAL,B,,,,,DAM Capital Advisors Limited,137.20,138.50,136.70,137.65,137.85,136.60,,137.90,,,8515,1171820.00,146,F1,1,,,,,
2026-09-18,2026-09-18,CM,BSE,STK,544317,INE454P01035,TRANSRAILL,A,,,,,Transrail Lighting Limited,411.00,413.70,407.45,408.85,409.85,410.45,,408.76,,,18578,7608400.00,605,F1,1,,,,,
2026-09-18,2026-09-18,CM,BSE,STK,544318,INE0TO701015,MAMATA,B,,,,,MAMATA MACHINERY LIMITED,395.00,406.65,395.00,403.45,403.55,394.35,,403.74,,,1979,794075.00,109,F1,1,,,,,
2026-09-18,2026-09-18,CM,BSE,STK,544319,INE0RB801010,SENORES,A,,,,,SENORES PHARMACEUTICALS LIMITE,1414.95,1441.60,1391.70,1405.80,1405.80,1404.80,,1402.69,,,264111,369676772.00,2477,F1,1,,,,,
2026-09-18,2026-09-18,CM,BSE,STK,544320,INE0V7W01012,CARRARO,B,,,,,CARRARO INDIA LIMITED,519.70,531.40,519.10,524.95,531.00,515.00,,524.67,,,211931,111275900.00,582,F1,1,,,,,
2026-09-18,2026-09-18,CM,BSE,STK,544321,INE781S01027,VENTIVE,B,,,,,Ventive Hospitality Limited,563.95,565.00,555.00,557.00,556.85,560.05,,557.33,,,1520,849014.00,75,F1,1,,,,,
2026-09-18,2026-09-18,CM,BSE,STK,544322,INE0U3I01011,UNIMECH,B,,,,,Unimech Aerospace and Manufact,1588.20,1611.00,1570.00,1591.30,1591.30,1568.65,,1591.30,,,8806,14056802.00,775,F1,1,,,,,
2026-09-18,2026-09-18,CM,BSE,STK,544323,INF769K01NS5,CONSUMER,B,,,,,Mirae Asset Mutual Fund,11.80,11.81,11.75,11.81,11.81,11.71,,11.80,,,29111,343072.00,21,F1,1,,,,,
2026-09-18,2026-09-18,CM,BSE,STK,544325,INE379A01028,ITCHOTELS,A,,,,,ITC Hotels Limited,155.35,159.30,154.65,158.85,158.85,154.35,,158.80,,,223388,35311450.00,4425,F1,1,,,,,
2026-09-18,2026-09-18,CM,BSE,STK,544326,INF754K01TX4,ECAPINSURE,B,,,,,Edelweiss Mutual Fund,23.55,23.74,23.25,23.60,23.60,23.55,,23.61,,,2250,52949.00,26,F1,1,,,,,
2026-09-18,2026-09-18,CM,BSE,STK,544327,INE0ZHT01012,TECHNICHEM,MT,,,,,TECHNICHEM ORGANICS LIMITED,65.00,66.53,63.00,64.51,64.51,63.38,,64.51,,,82000,5359020.00,35,F1,2000,,,,,
2026-09-18,2026-09-18,CM,BSE,STK,544328,INE622H01018,INDOFARM,B,,,,,INDO FARM EQUIPMENT LIMITED,134.70,137.45,134.70,136.75,137.00,135.15,,136.78,,,5990,813939.00,142,F1,1,,,,,
2026-09-18,2026-09-18,CM,BSE,STK,544329,INE0RH001011,VANDU,M,,,,,LEO DRYFRUITS & SPICES TRADING,61.01,61.01,60.80,60.80,60.80,60.70,,60.80,,,12000,731640.00,6,F1,2000,,,,,
2026-09-18,2026-09-18,CM,BSE,STK,544330,INE0QQJ01021,PARMESHWAR,MT,,,,,PARMESHWAR METAL LIMITED,302.00,327.00,302.00,323.00,323.00,312.00,,323.00,,,15000,4786150.00,15,F1,1000,,,,,
2026-09-18,2026-09-18,CM,BSE,STK,544331,INE0Q2L01013,DAVIN,M,,,,,Davin Sons Retail Limited,16.00,16.00,15.48,16.00,16.00,17.19,,16.00,,,16000,249860.00,8,F1,2000,,,,,
2026-09-18,2026-09-18,CM,BSE,STK,544332,INE0HSD01011,FABCLEAN,M,,,,,Fabtech Cleanrooms Limited,476.50,479.60,461.00,477.65,477.65,455.90,,477.65,,,4000,1896620.00,10,F1,400,,,,,
2026-09-18,2026-09-18,CM,BSE,STK,544333,INE0M4D01010,SETL,B,,,,,STANDARD ENGINEERING TECHNOLOG,391.50,413.95,391.50,402.75,400.50,401.40,,402.37,,,51813,20896860.00,1273,F1,1,,,,,
2026-09-18,2026-09-18,CM,BSE,STK,544334,INE0FK501019,INDOBELL,MT,,,,,Indobell Insulations Limited,72.00,74.50,70.30,70.30,70.30,71.50,,70.30,,,4500,328710.00,6,F1,750,,,,,
2026-09-18,2026-09-18,CM,BSE,STK,544335,INE00ST01011,BRGIL,MT,,,,,B.R.GOYAL INFRASTRUCTURE LIMIT,189.00,189.00,185.00,186.00,186.00,185.00,,186.00,,,49000,9240950.00,13,F1,1000,,,,,
2026-09-18,2026-09-18,CM,BSE,STK,544336,INE0LRY01011,QUADFUTURE,B,,,,,Quadrant Future Tek Limited,519.25,554.70,517.80,529.20,529.20,521.35,,528.24,,,83164,44605174.00,2419,F1,1,,,,,
2026-09-18,2026-09-18,CM,BSE,STK,544337,INE0NQ401024,AVAX,MT,,,,,Avax Apparels and Ornaments Li,33.44,33.85,33.44,33.85,33.85,33.44,,33.85,,,2000,67290.00,2,F1,1000,,,,,
2026-09-18,2026-09-18,CM,BSE,STK,544338,INE0Z8Z23013,CAPINVIT,IF,,,,,Capital Infra Trust,76.71,77.20,76.39,76.95,76.95,76.84,,76.94,,,6798,522642.00,261,F1,1,,,,,
2026-09-18,2026-09-18,CM,BSE,STK,544339,INE0WO601020,LAXMIDENTL,B,,,,,Laxmi Dental Limited,199.00,201.20,196.50,197.50,197.55,198.10,,197.88,,,3122,616308.00,309,F1,1,,,,,
2026-09-18,2026-09-18,CM,BSE,STK,544340,INE0CFH01028,RIKHAV,M,,,,,Rikhav Securities Limited,47.50,47.50,46.00,46.00,46.00,47.46,,46.00,,,4800,223520.00,3,F1,1600,,,,,
2026-09-18,2026-09-18,CM,BSE,STK,544341,INE12QA01010,LGLL,M,,,,,LANDMARK GLOBAL LEARNING LIMIT,10.99,10.99,10.01,10.12,10.01,10.50,,10.12,,,9600,98992.00,6,F1,1600,,,,,
2026-09-18,2026-09-18,CM,BSE,STK,544342,INE0RYC01010,STALLION,T,,,,,Stallion India Fluorochemicals,218.15,222.35,216.15,219.55,222.35,218.10,,220.44,,,15245,3324877.00,169,F1,1,,,,,
2026-09-18,2026-09-18,CM,BSE,STK,544343,INE0WXM01011,CNINFOTECH,M,,,,,CAPITALNUMBERS INFOTECH  LIMIT,80.00,80.40,78.28,78.94,79.00,80.51,,78.94,,,9600,760660.00,24,F1,400,,,,,
2026-09-18,2026-09-18,CM,BSE,STK,544344,INE526E01018,SHRIPISTON,A,,,,,SPR Auto Technologies Limited,4429.95,4599.75,4428.10,4575.30,4575.00,4384.80,,4576.51,,,17359,78083048.00,1275,F1,1,,,,,
2026-09-18,2026-09-18,CM,BSE,STK,544345,INE0R4L01018,DENTA,B,,,,,Denta Water and Infra Solution,279.45,281.55,278.05,278.85,280.00,278.85,,279.30,,,7074,1977281.00,211,F1,1,,,,,
2026-09-18,2026-09-18,CM,BSE,STK,544346,INE0AK901016,RRECL,B,,,,,RDB Real Estate Constructions,140.00,143.00,139.90,139.95,139.95,140.00,,138.89,,,84,11791.00,9,F1,1,,,,,
2026-09-18,2026-09-18,CM,BSE,STK,544347,INE0WDX01010,CLN,MT,,,,,CLN ENERGY LIMITED,463.00,475.00,463.00,471.50,475.00,459.00,,471.50,,,1200,561400.00,5,F1,200,,,,,
2026-09-18,2026-09-18,CM,BSE,STK,544348,INE0RWU01016,GBLOGISTIC,M,,,,,GB Logistics Commerce Limited,24.50,24.50,23.06,23.08,23.06,23.68,,23.08,,,7200,169848.00,6,F1,1200,,,,,
2026-09-18,2026-09-18,CM,BSE,STK,544349,INE0DZD01015,HMEML,M,,,,,H.M. ELECTRO MECH LIMITED,51.00,51.00,51.00,51.00,51.00,49.00,,51.00,,,1600,81600.00,1,F1,1600,,,,,
2026-09-18,2026-09-18,CM,BSE,STK,544350,INE943P01029,AGARWALEYE,A,,,,,Dr. Agarwal's Health Care Limi,500.50,502.40,495.75,499.80,499.00,499.85,,500.45,,,1946,971059.00,137,F1,1,,,,,
2026-09-18,2026-09-18,CM,BSE,STK,544351,INE0YON01014,MALPANI,M,,,,,MALPANI PIPES AND FITTINGS LIM,61.00,61.00,61.00,61.00,61.00,63.50,,61.00,,,1600,97600.00,1,F1,1600,,,,,
2026-09-18,2026-09-18,CM,BSE,STK,544353,INE0U2L01017,AMWILL,M,,,,,Amwill Health Care Limited,43.00,43.00,42.50,42.50,42.50,42.50,,42.50,,,6000,255600.00,4,F1,1200,,,,,
2026-09-18,2026-09-18,CM,BSE,STK,544354,INE0W0H01017,SOLARIUM,M,,,,,SOLARIUM GREEN ENERGY LIMITED,139.80,139.80,136.70,137.00,137.00,135.55,,137.00,,,6900,953205.00,23,F1,300,,,,,
2026-09-18,2026-09-18,CM,BSE,STK,544355,INE03CC01015,JUBLCPL,B,,,,,Jubilant Agri and Consumer Pro,1996.20,2021.00,1980.05,2004.10,2014.45,2019.40,,2000.54,,,555,1107777.00,80,F1,1,,,,,
2026-09-18,2026-09-18,CM,BSE,STK,544356,INE274Y01021,AJAXENGG,B,,,,,AJAX Engineering Limited,567.90,567.90,555.55,560.10,565.05,565.60,,559.76,,,2008,1125318.00,142,F1,1,,,,,
2026-09-18,2026-09-18,CM,BSE,STK,544361,INE0R8101016,COVANCE,X,,,,,COVANCE SOFTSOL LIMITED,145.00,147.70,140.10,147.15,147.15,140.70,,147.15,,,2215,324876.00,57,F1,1,,,,,
2026-09-18,2026-09-18,CM,BSE,STK,544362,INE093A01041,HEXT,A,,,,,Hexaware Technologies Limited,526.05,526.05,517.10,524.35,521.05,525.05,,524.55,,,5938,3103554.00,547,F1,1,,,,,
2026-09-18,2026-09-18,CM,BSE,STK,544364,INE0O9T01021,BAJAJINDEF,B,,,,,Indef Manufacturing Limited,220.30,221.00,214.00,215.70,215.70,220.30,,215.00,,,2705,582515.00,165,F1,1,,,,,
2026-09-18,2026-09-18,CM,BSE,STK,544365,INE0TD301017,SHANMUGA,M,,,,,SHANMUGA HOSPITAL LIMITED,48.35,48.35,48.35,48.35,48.35,48.28,,48.35,,,4000,193400.00,1,F1,2000,,,,,
2026-09-18,2026-09-18,CM,BSE,STK,544367,INE0SII01026,QPOWER,B,,,,,QUALITY POWER ELECTRICAL EQUIP,1496.40,1543.35,1491.05,1535.80,1537.40,1488.80,,1536.09,,,16406,24899166.00,1041,F1,1,,,,,
2026-09-18,2026-09-18,CM,BSE,STK,544368,INE0TIR01017,SWASTH,M,,,,,Swasth Foodtech India Limited,16.30,16.30,16.30,16.30,16.30,16.60,,16.30,,,1200,19560.00,1,F1,1200,,,,,
2026-09-18,2026-09-18,CM,BSE,STK,544369,INE13VU01016,BEEZAASAN,MT,,,,,Beezaasan Explotech Limited,606.95,606.95,606.90,606.95,606.95,595.05,,606.95,,,11200,6797800.00,7,F1,800,,,,,
2026-09-18,2026-09-18,CM,BSE,STK,544371,INE0NR501012,VIKRAMAR,X,,,,,VIKRAM AROMA LIMITED,94.80,94.99,90.00,93.27,94.90,93.00,,93.27,,,2311,216118.00,66,F1,1,,,,,
2026-09-18,2026-09-18,CM,BSE,STK,544373,INE0VNH01014,NAPSGLOBAL,M,,,,,NAPS Global India Limited,51.10,51.50,46.10,51.50,51.50,52.00,,51.50,,,57600,2705600.00,4,F1,1600,,,,,
2026-09-18,2026-09-18,CM,BSE,STK,544375,INF579M01BB5,GOLD360,E,,,,,360 ONE Mutual Fund,147.84,150.74,146.65,148.39,148.38,147.22,,148.99,,,1591,236067.00,42,F1,1,,,,,
2026-09-18,2026-09-18,CM,BSE,STK,544376,INF769K01ON4,SELECTIPO,B,,,,,Mirae Asset Mutual Fund,47.69,48.52,47.69,48.50,48.52,47.60,,48.45,,,1658,80280.00,11,F1,1,,,,,
2026-09-18,2026-09-18,CM,BSE,STK,544377,INF769K01OA1,EQUAL200,B,,,,,Mirae Asset Mutual Fund,13.50,13.60,13.49,13.60,13.60,13.44,,13.60,,,289,3917.00,8,F1,1,,,,,
2026-09-18,2026-09-18,CM,BSE,STK,544379,INE0I0M01023,PRABHA,B,,,,,Prabha Energy Limited,219.90,236.35,219.90,232.55,232.55,221.00,,233.01,,,8749,2000521.00,175,F1,1,,,,,
2026-09-18,2026-09-18,CM,BSE,STK,544380,INF109K1A021,CASHIETF,F,,,,,ICICI Prudential Mutual Fund,1080.28,1080.28,1080.26,1080.28,1080.28,1079.84,,1080.26,,,1485,1604215.00,7,F1,1,,,,,
2026-09-18,2026-09-18,CM,BSE,STK,544381,INE16IQ01014,SUPERIRON,M,,,,,Super Iron Foundry Limited,37.70,38.10,37.70,38.10,38.10,37.65,,38.10,,,6000,227040.00,5,F1,1200,,,,,
2026-09-18,2026-09-18,CM,BSE,STK,544382,INF846KA1119,VALUEAXIS,B,,,,,Axis Mutual Fund,32.28,32.46,31.99,32.46,32.46,32.17,,32.13,,,10148,327180.00,19,F1,1,,,,,
2026-09-18,2026-09-18,CM,BSE,STK,544383,INE0SMW01011,PPARIVAH,MT,,,,,PARADEEP PARIVAHAN LIMITED,302.00,302.00,294.00,298.00,298.00,297.50,,298.00,,,6000,1789200.00,5,F1,1200,,,,,
2026-09-18,2026-09-18,CM,BSE,STK,544384,INF0R8F01091,SILVERCASE,E,,,,,Zerodha Mutual Fund,23.34,23.82,23.34,23.72,23.77,22.94,,23.73,,,302933,7160711.00,357,F1,1,,,,,
2026-09-18,2026-09-18,CM,BSE,STK,544385,INF200KB1712,SBIBPB,B,,,,,SBI Mutual Fund,47.42,48.39,47.42,48.22,47.90,47.91,,48.21,,,743,35693.00,49,F1,1,,,,,
2026-09-18,2026-09-18,CM,BSE,STK,544386,INE01EO01010,SPECTRUM,T,,,,,Spectrum Electrical Industries,3134.95,3134.95,2961.10,3078.75,3088.00,2988.20,,3040.87,,,192,588525.00,60,F1,1,,,,,
2026-09-18,2026-09-18,CM,BSE,STK,544387,INE0TGG01014,DESCO,M,,,,,Desco Infratech Limited,187.00,196.65,187.00,190.85,190.00,187.30,,190.85,,,34000,6567175.00,66,F1,500,,,,,
2026-09-18,2026-09-18,CM,BSE,STK,544389,INF579M01BC3,SILVER360,E,,,,,360 ONE Mutual Fund,228.61,230.12,227.62,229.99,229.60,222.54,,229.98,,,274,62748.00,20,F1,1,,,,,
2026-09-18,2026-09-18,CM,BSE,STK,544390,INE1NPP01017,ENRIN,A,,,,,Siemens Energy India Limited,3119.15,3249.90,3110.00,3230.25,3230.25,3106.70,,3227.93,,,22816,72976587.00,2094,F1,1,,,,,
2026-09-18,2026-09-18,CM,BSE,STK,544393,INE12IB01015,INFONATIVE,MT,,,,,INFONATIVE SOLUTIONS LIMITED,37.50,37.50,36.90,36.90,36.90,36.90,,36.90,,,3200,119040.00,2,F1,1600,,,,,
2026-09-18,2026-09-18,CM,BSE,STK,544394,INF109K1A153,EVIETF,B,,,,,ICICI Prudential Mutual Fund,31.72,32.10,31.72,32.10,32.10,31.67,,32.04,,,1522,48523.00,31,F1,1,,,,,
2026-09-18,2026-09-18,CM,BSE,STK,544395,INE1VXE01018,STLNETWORK,B,,,,,STL Networks Limited,42.92,42.92,42.92,42.92,42.92,40.88,,42.95,,,51607,2214972.00,76,F1,1,,,,,
2026-09-18,2026-09-18,CM,BSE,STK,544396,INE0FFK01017,NPST,B,,,,,Network People Services Techno,1856.95,1899.00,1808.20,1833.10,1823.35,1862.90,,1829.15,,,12996,24065508.00,782,F1,1,,,,,
2026-09-18,2026-09-18,CM,BSE,STK,544397,INE0LEZ01016,ATHERENERG,A,,,,,Ather Energy Limited,1550.00,1614.90,1550.00,1610.00,1610.00,1550.00,,1639.93,,,333963,532127214.00,9836,F1,1,,,,,
2026-09-18,2026-09-18,CM,BSE,STK,544398,INE0AOG01018,KENRIK,MT,,,,,Kenrik Industries Limited,13.35,13.35,13.11,13.27,13.11,13.80,,13.27,,,18000,238860.00,2,F1,6000,,,,,
2026-09-18,2026-09-18,CM,BSE,STK,544399,INE0RJ901010,SRIGEE,M,,,,,SRIGEE DLM LIMITED,77.00,79.00,75.50,78.08,77.50,77.52,,78.08,,,30000,2315352.00,17,F1,1200,,,,,
2026-09-18,2026-09-18,CM,BSE,STK,544400,INE0MV001018,MANOJJEWEL,M,,,,,Manoj Jewellers Limited,28.89,28.89,27.70,28.43,28.50,28.89,,28.43,,,10000,283760.00,5,F1,2000,,,,,
2026-09-18,2026-09-18,CM,BSE,STK,544402,INE039O01029,JASH,B,,,,,JASH ENGINEERING LIMITED,518.80,526.65,509.75,522.90,524.60,513.15,,521.20,,,4323,2245163.00,232,F1,1,,,,,
2026-09-18,2026-09-18,CM,BSE,STK,544403,INE14LE01019,ABLBL,A,,,,,Aditya Birla Lifestyle Brands,82.35,82.79,80.80,81.06,81.19,82.46,,81.16,,,84967,6935970.00,1168,F1,1,,,,,
2026-09-18,2026-09-18,CM,BSE,STK,544404,INE16SF01016,BORANA,B,,,,,BORANA WEAVES LIMITED,301.60,303.60,296.00,296.05,299.25,302.10,,296.85,,,3242,964254.00,214,F1,1,,,,,
2026-09-18,2026-09-18,CM,BSE,STK,544405,INE894V01022,BELRISE,A,,,,,BELRISE INDUSTRIES LIMITED,230.45,243.05,229.70,240.45,240.45,229.25,,240.19,,,462347,110320666.00,6226,F1,1,,,,,
2026-09-18,2026-09-18,CM,BSE,STK,544406,INE1ABX01018,UNIFIED,M,,,,,UNIFIED DATA TECH SOLUTIONS LI,398.10,414.00,387.50,400.65,400.65,395.45,,400.65,,,1088800,436131560.00,156,F1,400,,,,,
2026-09-18,2026-09-18,CM,BSE,STK,544407,INE0INX01018,AEGISVOPAK,A,,,,,AEGIS VOPAK TERMINALS LIMITED,313.00,317.00,301.00,315.20,315.20,310.80,,314.98,,,259167,80436659.00,3860,F1,1,,,,,
2026-09-18,2026-09-18,CM,BSE,STK,544408,INE0AQ201015,THELEELA,A,,,,,Leela Palaces Hotels & Resorts,530.30,548.80,530.20,540.50,536.00,529.25,,540.55,,,86846,46350984.00,507,F1,1,,,,,
2026-09-18,2026-09-18,CM,BSE,STK,544409,INE0TG901011,ASTONEALAB,M,,,,,ASTONEA LABS LIMITED,369.00,369.00,354.00,354.50,354.50,344.45,,354.50,,,5000,1797000.00,5,F1,1000,,,,,
2026-09-18,2026-09-18,CM,BSE,STK,544410,INE0BX301013,PROSTARM,B,,,,,PROSTARM INFO SYSTEMS LIMITED,131.50,132.35,127.90,128.50,128.50,131.25,,129.52,,,6903,897488.00,228,F1,1,,,,,
2026-09-18,2026-09-18,CM,BSE,STK,544411,INE090501011,SCODATUBES,B,,,,,Scoda Tubes Limited,128.75,130.00,127.15,128.60,129.90,124.40,,128.53,,,13398,1723158.00,249,F1,1,,,,,
2026-09-18,2026-09-18,CM,BSE,STK,544413,INE0U4701011,DIGITIDE,B,,,,,Digitide Solutions Limited,84.76,85.10,83.00,83.49,83.00,84.17,,83.45,,,7355,619348.00,127,F1,1,,,,,
2026-09-18,2026-09-18,CM,BSE,STK,544414,INE0U4101014,BLUSPRING,B,,,,,Bluspring Enterprises Limited,120.00,125.70,120.00,123.70,124.40,124.00,,123.36,,,12209,1510232.00,243,F1,1,,,,,
2026-09-18,2026-09-18,CM,BSE,STK,544415,INF204KC1EZ3,SNXT30BEES,B,,,,,Nippon India Mutual Fund,42.33,42.56,42.02,42.02,42.02,41.86,,42.02,,,284,11975.00,9,F1,1,,,,,
2026-09-18,2026-09-18,CM,BSE,STK,544416,INE0GGO01015,KRISHIVAL,B,,,,,KRISHIVAL FOODS LIMITED,420.00,421.40,412.35,414.00,414.00,410.20,,419.30,,,1083,452257.00,73,F1,1,,,,,
2026-09-18,2026-09-18,CM,BSE,STK,544418,INE0BYP01024,OSWALPUMPS,B,,,,,Oswal Pumps Limited,275.30,281.10,270.55,278.50,278.50,273.30,,278.13,,,27399,7509026.00,689,F1,1,,,,,
2026-09-18,2026-09-18,CM,BSE,STK,544419,INE0H9P01028,ARIS,B,,,,,ArisInfra Solutions Limited,129.55,136.50,129.25,133.20,133.20,127.05,,133.33,,,149069,19989383.00,1690,F1,1,,,,,
2026-09-18,2026-09-18,CM,BSE,STK,544420,INE1SY401010,RAYMONDREL,B,,,,,Raymond Realty Limited,587.65,601.45,584.35,588.10,586.10,583.75,,588.30,,,15657,9277990.00,538,F1,1,,,,,
2026-09-18,2026-09-18,CM,BSE,STK,544421,INE236E01022,ELLEN,B,,,,,ELLENBARRIE INDUSTRIAL GASES L,372.00,386.15,371.50,373.20,374.10,370.95,,373.10,,,41243,15549942.00,729,F1,1,,,,,
2026-09-18,2026-09-18,CM,BSE,STK,544422,INE0ZDY01011,ABRFL,M,,,,,Abram Food Limited,35.60,35.60,35.50,35.50,35.50,36.50,,35.50,,,3600,127932.00,3,F1,1200,,,,,
2026-09-18,2026-09-18,CM,BSE,STK,544423,INE227J01012,KALPATARU,B,,,,,Kalpataru Limited,257.85,280.00,257.85,270.90,278.30,257.65,,274.14,,,6200,1649351.00,161,F1,1,,,,,
2026-09-18,2026-09-18,CM,BSE,STK,544424,INE0V3U01015,GLOBECIVIL,B,,,,,GLOBE CIVIL PROJECTS LIMITED,43.01,43.01,41.65,42.39,42.60,43.01,,42.28,,,5854,247164.00,133,F1,1,,,,,
2026-09-18,2026-09-18,CM,BSE,STK,544425,INE0XRR01010,AJCJEWEL,MT,,,,,AJC Jewel Manufacturers Limite,310.80,310.80,297.10,297.10,297.10,312.70,,297.10,,,13200,3980580.00,11,F1,1200,,,,,
2026-09-18,2026-09-18,CM,BSE,STK,544426,INE0Y0E01012,ICON,M,,,,,Icon Facilitators Limited,65.00,65.49,63.50,64.15,63.50,65.00,,64.15,,,9600,621804.00,8,F1,1200,,,,,
2026-09-18,2026-09-18,CM,BSE,STK,544427,INF109K1A344,TOP15IETF,B,,,,,ICICI Prudential Mutual Fund,9.49,9.52,9.45,9.52,9.52,9.52,,9.49,,,150107,1418519.00,164,F1,1,,,,,
2026-09-18,2026-09-18,CM,BSE,STK,544428,INE0SC101013,SEVL,M,,,,,SUPERTECH EV LIMITED,42.57,42.57,35.49,35.49,35.49,35.49,,35.49,,,4800,178848.00,4,F1,1200,,,,,
2026-09-18,2026-09-18,CM,BSE,STK,544429,INE756I01012,HDBFS,A,,,,,HDB FINANCIAL SERVICES LIMITED,677.30,701.50,674.05,697.25,697.25,682.55,,698.36,,,35244,24324069.00,1994,F1,1,,,,,
2026-09-18,2026-09-18,CM,BSE,STK,544430,INE12NJ01018,SAMBHV,B,,,,,SAMBHV STEEL TUBES LIMITED,129.00,150.50,129.00,148.05,148.05,129.10,,147.59,,,1066849,153044394.00,6781,F1,1,,,,,
2026-09-18,2026-09-18,CM,BSE,STK,544431,INE0S9X01011,ACEALPHA,M,,,,,Ace Alpha Tech Limited,139.95,150.00,139.95,149.30,150.00,137.00,,149.30,,,65000,9459200.00,48,F1,1000,,,,,
2026-09-18,2026-09-18,CM,BSE,STK,544432,INE05J901018,IGCL,B,,,,,Indogulf Cropsciences Limited,65.61,67.78,65.38,66.56,66.99,66.05,,67.03,,,1482,98625.00,87,F1,1,,,,,
2026-09-18,2026-09-18,CM,BSE,STK,544433,INE130701019,VALINDIA,M,,,,,Valencia India Limited,18.21,18.21,18.15,18.20,18.20,18.20,,18.20,,,10800,196512.00,6,F1,1200,,,,,
2026-09-18,2026-09-18,CM,BSE,STK,544434,INE0UZO01024,NEETUYOSHI,MT,,,,,Neetu Yoshi Limited,219.45,223.35,215.10,223.35,223.35,212.75,,223.35,,,92800,20541040.00,91,F1,800,,,,,
2026-09-18,2026-09-18,CM,BSE,STK,544435,INE0W1601012,ADCOUNTY,M,,,,,ADCOUNTY MEDIA INDIA LIMITED,86.20,86.99,85.16,86.50,86.99,86.87,,86.50,,,5600,482928.00,7,F1,800,,,,,
2026-09-18,2026-09-18,CM,BSE,STK,544436,INE0RDJ01019,VANDAN,M,,,,,VANDAN FOODS LIMITED,24.92,24.92,24.50,24.50,24.50,24.54,,24.50,,,2400,59304.00,2,F1,1200,,,,,
2026-09-18,2026-09-18,CM,BSE,STK,544438,INF769K01PB6,INTERNET,B,,,,,Mirae Asset Mutual Fund,14.53,14.73,14.53,14.72,14.72,14.46,,14.72,,,4431,64853.00,51,F1,1,,,,,
2026-09-18,2026-09-18,CM,BSE,STK,544439,INE0S4R01014,CRIZAC,B,,,,,CRIZAC LIMITED,175.00,177.50,173.00,174.20,174.70,176.45,,173.74,,,6705,1171007.00,258,F1,1,,,,,
2026-09-18,2026-09-18,CM,BSE,STK,544440,INE0TL001013,CRYOGENIC,MT,,,,,CRYOGENIC OGS LIMITED,394.45,394.45,394.45,394.45,394.45,386.75,,394.45,,,24750,9762637.00,20,F1,750,,,,,
2026-09-18,2026-09-18,CM,BSE,STK,544441,INE162901016,METAINFO,M,,,,,META INFOTECH LIMITED,80.00,80.00,77.66,78.81,78.81,80.00,,78.81,,,24800,1973168.00,15,F1,800,,,,,
2026-09-18,2026-09-18,CM,BSE,STK,544442,INE0VWL01017,CHEMKART,M,,,,,Chemkart India Limited,198.50,198.50,198.50,198.50,198.50,189.05,,198.50,,,20400,4049400.00,17,F1,600,,,,,
2026-09-18,2026-09-18,CM,BSE,STK,544443,INE103V01028,TRAVELFOOD,B,,,,,TRAVEL FOOD SERVICES LIMITED,1222.45,1278.85,1218.35,1258.20,1263.70,1226.25,,1256.27,,,2777,3470982.00,471,F1,1,,,,,
2026-09-18,2026-09-18,CM,BSE,STK,544444,INE0UMC01019,GLEN,MT,,,,,Glen Industries Limited,121.50,125.95,121.50,125.95,125.95,122.60,,125.95,,,9600,1180260.00,6,F1,1200,,,,,
2026-09-18,2026-09-18,CM,BSE,STK,544445,INE0SJX01015,APL,MT,,,,,ASSTON PHARMACEUTICALS LIMITED,107.50,108.50,106.55,108.50,108.50,108.95,,108.50,,,5000,538500.00,4,F1,1000,,,,,
2026-09-18,2026-09-18,CM,BSE,STK,544446,INE28GN01010,ADVENTHTL,B,,,,,Advent Hotels International Li,127.30,130.80,125.35,129.05,130.80,127.15,,129.15,,,4583,584724.00,218,F1,1,,,,,
2026-09-18,2026-09-18,CM,BSE,STK,544447,INE0NAZ01010,SMARTWORKS,B,,,,,SMARTWORKS COWORKING SPACES LI,524.95,560.80,521.00,551.10,560.80,519.80,,547.40,,,4392,2403485.00,255,F1,1,,,,,
2026-09-18,2026-09-18,CM,BSE,STK,544448,INE124Y01028,PASHUPATI,B,,,,,Pashupati Cotspin Limited,83.50,83.98,79.50,80.22,80.22,81.38,,80.26,,,33757,2722037.00,1450,F1,1,,,,,
2026-09-18,2026-09-18,CM,BSE,STK,544449,INE0CZ201020,ANTHEM,A,,,,,Anthem Biosciences Limited,934.10,952.35,918.00,933.75,950.00,926.55,,928.81,,,400655,373795175.00,6397,F1,1,,,,,
2026-09-18,2026-09-18,CM,BSE,STK,544450,INE0TGX01019,CHEMBONDCH,T,,,,,CHEMBOND CHEMICALS  LIMITED,269.80,277.95,265.85,273.00,277.90,279.80,,272.77,,,2782,757747.00,19,F1,1,,,,,
2026-09-18,2026-09-18,CM,BSE,STK,544452,INE0PTF01017,SWASTIKAAL,MT,,,,,Swastika Castal Limited,102.50,111.70,102.50,111.70,111.70,106.40,,111.70,,,10000,1083600.00,5,F1,2000,,,,,
2026-09-18,2026-09-18,CM,BSE,STK,544453,INE0V0L01028,MSECL,M,,,,,Monarch Surveyors and Engineer,245.05,253.00,245.00,253.00,253.00,247.30,,253.00,,,4800,1200390.00,8,F1,600,,,,,
2026-09-18,2026-09-18,CM,BSE,STK,544454,INE06ST01018,INDIQUBE,B,,,,,INDIQUBE SPACES LIMITED,202.10,202.10,192.00,193.55,192.00,202.00,,192.86,,,3907,767161.00,187,F1,1,,,,,
2026-09-18,2026-09-18,CM,BSE,STK,544455,INE18JU01028,EBGNG,B,,,,,GNG Electronics Limited,700.15,711.50,664.35,702.60,702.60,661.05,,703.03,,,69537,48367967.00,2249,F1,1,,,,,
2026-09-18,2026-09-18,CM,BSE,STK,544456,INE219Y01026,RMDRIP,T,,,,,R M DRIP AND SPRINKLERS SYSTEM,22.81,23.90,22.03,22.40,22.79,22.81,,22.21,,,36549,819304.00,96,F1,1,,,,,
2026-09-18,2026-09-18,CM,BSE,STK,544457,INE03NU01014,BRIGHOTEL,B,,,,,Brigade Hotel Ventures Limited,56.15,56.69,56.01,56.33,56.25,56.56,,56.25,,,8506,479289.00,353,F1,1,,,,,
2026-09-18,2026-09-18,CM,BSE,STK,544458,INE0FMZ01045,SHREEREF,M,,,,,SHREE REFRIGERATIONS LIMITED,399.70,405.00,385.00,395.25,395.05,395.75,,395.25,,,128500,50572425.00,243,F1,500,,,,,
2026-09-18,2026-09-18,CM,BSE,STK,544459,INE06ZD01017,SHANTIGOLD,B,,,,,SHANTI GOLD INTERNATIONAL LIMI,243.00,264.00,243.00,251.45,250.90,242.40,,251.28,,,143078,36709282.00,1985,F1,1,,,,,
2026-09-18,2026-09-18,CM,BSE,STK,544460,INE161701011,PATELCHEM,MT,,,,,PATEL CHEM SPECIALITIES LIMITE,103.15,103.15,100.35,100.80,100.80,103.15,,100.80,,,8000,813520.00,5,F1,1600,,,,,
2026-09-18,2026-09-18,CM,BSE,STK,544463,INE15WN01014,REPONO,MT,,,,,REPONO LIMITED,75.00,78.00,75.00,78.00,78.00,75.00,,78.00,,,14400,1105356.00,12,F1,1200,,,,,
2026-09-18,2026-09-18,CM,BSE,STK,544464,INE1P1A01018,UML,M,,,,,Umiya Mobile Limited,58.00,58.29,58.00,58.29,58.29,56.40,,58.29,,,6000,348580.00,3,F1,2000,,,,,
2026-09-18,2026-09-18,CM,BSE,STK,544465,INE06WU01026,LAXMIINDIA,B,,,,,LAXMI INDIA FINANCE LIMITED,124.05,127.60,124.00,126.80,127.60,123.60,,126.98,,,10654,1341123.00,328,F1,1,,,,,
2026-09-18,2026-09-18,CM,BSE,STK,544466,INE819V01029,CPPLUS,A,,,,,Aditya Infotech Limited,3385.55,3499.10,3322.00,3351.85,3351.85,3374.05,,3355.00,,,209911,709273195.00,6224,F1,1,,,,,
2026-09-18,2026-09-18,CM,BSE,STK,544467,INE301O01023,NSDL,A,,,,,National Securities Depository,794.00,801.90,793.05,795.25,795.25,791.75,,795.27,,,494310,393588864.00,26970,F1,1,,,,,
2026-09-18,2026-09-18,CM,BSE,STK,544468,INE1LJ801017,BDI,M,,,,,B. D. Industries (Pune) Limite,109.00,109.00,109.00,109.00,109.00,109.00,,109.00,,,1200,130800.00,1,F1,1200,,,,,
2026-09-18,2026-09-18,CM,BSE,STK,544469,INE0V9Q01010,LOTUSDEV,T,,,,,Sri Lotus Developers and Realt,211.00,216.95,209.50,215.40,216.00,213.65,,215.14,,,39995,8535796.00,457,F1,1,,,,,
2026-09-18,2026-09-18,CM,BSE,STK,544470,INE08N601015,MBEL,B,,,,,M & B ENGINEERING LIMITED,252.65,257.45,251.20,252.25,253.40,251.60,,252.25,,,4865,1233423.00,215,F1,1,,,,,
2026-09-18,2026-09-18,CM,BSE,STK,544473,INF666M01LM6,GROWWPOWER,B,,,,,Groww Mutual Fund,10.97,11.27,10.97,11.23,11.27,11.09,,11.21,,,43858,490284.00,127,F1,1,,,,,
2026-09-18,2026-09-18,CM,BSE,STK,544474,INE0W4K01013,BLT,MT,,,,,BLT Logistics Limited,30.00,30.00,30.00,30.00,30.00,29.40,,30.00,,,1600,48000.00,1,F1,1600,,,,,
2026-09-18,2026-09-18,CM,BSE,STK,544475,INE1IBY01019,ESSEX,M,,,,,ESSEX MARINE LIMITED,49.62,49.62,49.62,49.62,49.62,49.62,,49.62,,,2000,99240.00,1,F1,2000,,,,,
2026-09-18,2026-09-18,CM,BSE,STK,544476,INE0J5801029,JSLL,A,,,,,Jeena Sikho Lifecare Limited,494.55,512.00,493.65,509.65,509.05,490.80,,510.37,,,33468,16751085.00,841,F1,1,,,,,
2026-09-18,2026-09-18,CM,BSE,STK,544477,INE00RL01028,HILINFRA,B,,,,,Highway Infrastructure Limited,43.01,46.48,43.00,43.86,43.80,43.17,,43.92,,,33991,1542363.00,570,F1,1,,,,,
2026-09-18,2026-09-18,CM,BSE,STK,544478,INF200KB1969,SBILIQETF,F,,,,,SBI Mutual Fund,1056.61,1056.63,1056.61,1056.63,1056.63,1056.22,,1056.62,,,52,54944.00,3,F1,1,,,,,
2026-09-18,2026-09-18,CM,BSE,STK,544479,INE0GV601021,ALLTIME,B,,,,,ALL TIME PLASTICS LIMITED,206.00,217.70,205.20,208.00,208.70,209.55,,208.40,,,2988,629095.00,169,F1,1,,,,,
2026-09-18,2026-09-18,CM,BSE,STK,544480,INE718I01012,JSWCEMENT,A,,,,,JSW CEMENT LIMITED,117.35,118.05,116.40,117.50,117.50,116.60,,117.44,,,75063,8805024.00,1276,F1,1,,,,,
2026-09-18,2026-09-18,CM,BSE,STK,544481,INE1JAR25012,KRT,IF,,,,,KNOWLEDGE REALTY TRUST,113.36,114.05,112.80,113.85,113.86,113.63,,113.61,,,28067,3188452.00,237,F1,1,,,,,
2026-09-18,2026-09-18,CM,BSE,STK,544482,INE0YG001013,STARIMAGIN,M,,,,,STAR IMAGING AND PATH LAB LIMI,79.90,80.00,77.00,77.00,77.00,79.95,,77.00,,,8000,624300.00,8,F1,1000,,,,,
2026-09-18,2026-09-18,CM,BSE,STK,544483,INE111601014,ICODEX,M,,,,,ICODEX PUBLISHING SOLUTIONS LI,39.75,39.80,36.83,38.49,38.49,38.25,,38.49,,,7200,274260.00,6,F1,1200,,,,,
2026-09-18,2026-09-18,CM,BSE,STK,544484,INE304W01038,BLUESTONE,A,,,,,BlueStone Jewellery and Lifest,833.45,863.15,821.95,828.00,828.00,830.20,,827.52,,,60468,50962868.00,2454,F1,1,,,,,
2026-09-18,2026-09-18,CM,BSE,STK,544485,INE0MHO01029,REGAAL,B,,,,,REGAAL RESOURCES LIMITED,81.13,86.54,80.49,84.08,82.75,80.16,,84.03,,,19527,1609721.00,223,F1,1,,,,,
2026-09-18,2026-09-18,CM,BSE,STK,544486,INF0R8F01133,LTGILTCASE,F,,,,,Zerodha Mutual Fund,30.72,30.72,30.28,30.29,30.29,30.27,,30.29,,,17343,525359.00,22,F1,1,,,,,
2026-09-18,2026-09-18,CM,BSE,STK,544487,INE0R8B01010,PATELRMART,B,,,,,PATEL RETAIL LIMITED,204.90,206.10,203.85,205.65,205.65,202.95,,205.77,,,1486,304567.00,71,F1,1,,,,,
2026-09-18,2026-09-18,CM,BSE,STK,544488,INE078V01014,VIKRAMSOLR,A,,,,,Vikram Solar Limited,164.45,166.00,163.05,165.35,165.40,163.40,,165.41,,,109474,18001536.00,974,F1,1,,,,,
2026-09-18,2026-09-18,CM,BSE,STK,544489,INE191201016,LGT,M,,,,,LGT GLOBAL HOSPITALITY LIMITED,37.00,37.20,37.00,37.00,37.00,40.30,,37.00,,,7200,266940.00,6,F1,1200,,,,,
2026-09-18,2026-09-18,CM,BSE,STK,544490,INE1B6101010,SHREEJISPG,B,,,,,Shreeji Shipping Global Limite,693.85,709.90,675.00,708.15,706.65,691.35,,708.05,,,40301,27778391.00,761,F1,1,,,,,
2026-09-18,2026-09-18,CM,BSE,STK,544491,INE06XZ01023,GEMAROMA,B,,,,,Gem Aromatics Limited,152.40,155.35,148.00,149.35,150.50,151.75,,149.10,,,5679,855388.00,247,F1,1,,,,,
2026-09-18,2026-09-18,CM,BSE,STK,544492,INE0PKD01011,MEIL,B,,,,,MANGAL ELECTRICAL INDUSTRIES L,274.00,274.50,270.10,273.40,273.40,269.15,,271.93,,,2786,754142.00,48,F1,1,,,,,
2026-09-18,2026-09-18,CM,BSE,STK,544495,INE0M3X01010,NISMGMT,M,,,,,NIS MANAGEMENT LIMITED,45.00,45.00,44.00,44.46,44.00,45.00,,44.46,,,7200,321420.00,5,F1,1200,,,,,
2026-09-18,2026-09-18,CM,BSE,STK,544496,INE01R501028,VIKRAN,B,,,,,Vikran Engineering Limited,56.19,56.70,55.75,56.36,56.36,56.05,,56.31,,,54393,3055899.00,603,F1,1,,,,,
2026-09-18,2026-09-18,CM,BSE,STK,544497,INE0Y8W01025,AHCL,B,,,,,ANLON HEALTHCARE LIMITED,22.58,24.73,22.15,22.94,22.94,21.79,,22.90,,,4554211,106314872.00,4965,F1,1,,,,,
2026-09-18,2026-09-18,CM,BSE,STK,544498,INE0RTI01017,OVAL,M,,,,,OVAL PROJECTS ENGINEERING LIMI,47.00,47.00,47.00,47.00,47.00,47.00,,47.00,,,1600,75200.00,1,F1,1600,,,,,
2026-09-18,2026-09-18,CM,BSE,STK,544499,INE0P6P01016,CPEDU,B,,,,,Career Point Edutech Limited,172.00,177.90,171.10,177.90,177.90,172.00,,171.66,,,112,19194.00,6,F1,1,,,,,
2026-09-18,2026-09-18,CM,BSE,STK,544501,INE0XX801016,SUGSLLOYD,MT,,,,,SUGS LLOYD LIMITED,270.00,270.00,259.30,259.30,259.30,272.90,,259.30,,,43000,11274600.00,39,F1,1000,,,,,
2026-09-18,2026-09-18,CM,BSE,STK,544502,INE084K01015,AMANTA,T,,,,,Amanta Healthcare Limited,189.15,192.00,189.15,189.15,189.15,193.00,,189.15,,,3223,610342.00,33,F1,1,,,,,
2026-09-18,2026-09-18,CM,BSE,STK,544503,INE0ZN101029,RACHIT,M,,,,,Rachit Prints Limited,170.20,170.20,170.20,170.20,170.20,170.15,,170.20,,,1000,170200.00,1,F1,1000,,,,,
2026-09-18,2026-09-18,CM,BSE,STK,544504,INE0ZOM01013,GOELCONS,M,,,,,GOEL CONSTRUCTION COMPANY LIMI,387.00,387.05,380.00,385.00,385.00,387.00,,385.00,,,20000,7635400.00,38,F1,400,,,,,
2026-09-18,2026-09-18,CM,BSE,STK,544505,INE104201012,AUSTERE,M,,,,,AUSTERE SYSTEMS LIMITED,39.50,41.65,36.50,37.00,37.00,39.00,,37.00,,,46000,1772040.00,22,F1,2000,,,,,
2026-09-18,2026-09-18,CM,BSE,STK,544507,INF0R8F01141,SML100CASE,B,,,,,Zerodha Mutual Fund,11.25,11.35,11.14,11.31,11.35,11.14,,11.32,,,147964,1665052.00,291,F1,1,,,,,
2026-09-18,2026-09-18,CM,BSE,STK,544509,INE0XZB01017,KRUPALU,M,,,,,Krupalu Metals Limited,30.60,30.60,28.00,28.50,29.00,29.00,,28.50,,,9600,277760.00,6,F1,1600,,,,,
2026-09-18,2026-09-18,CM,BSE,STK,544510,INE346R01013,NCML,M,,,,,NILACHAL CARBO METALICKS LIMIT,124.75,125.99,124.50,125.25,125.99,128.00,,125.25,,,6400,799584.00,4,F1,1600,,,,,
2026-09-18,2026-09-18,CM,BSE,STK,544511,INE0V8A01016,KARBON,M,,,,,Karbonsteel Engineering Limite,131.70,131.70,128.00,131.00,131.00,131.70,,131.00,,,10400,1353120.00,12,F1,800,,,,,
2026-09-18,2026-09-18,CM,BSE,STK,544512,INE1B3L01017,SHRINGARMS,B,,,,,SHRINGAR HOUSE OF MANGALSUTRA,213.55,216.70,209.00,210.90,209.00,212.30,,210.68,,,12215,2608261.00,390,F1,1,,,,,
2026-09-18,2026-09-18,CM,BSE,STK,544513,INE0VOV01021,DEVX,B,,,,,Dev Accelerator Limited,33.16,33.79,32.30,32.42,32.30,33.49,,32.22,,,4352,142668.00,608,F1,1,,,,,
2026-09-18,2026-09-18,CM,BSE,STK,544514,INE1DRH01011,CITYSQUARE,MT,,,,,JAY AMBE SUPERMARKETS LIMITED,143.90,143.90,143.90,143.90,143.90,151.45,,143.90,,,800,115120.00,1,F1,800,,,,,
2026-09-18,2026-09-18,CM,BSE,STK,544515,INE0CAZ01013,URBANCO,A,,,,,Urban Company Limited,163.60,172.35,162.65,169.25,168.90,162.75,,169.11,,,489380,82521586.00,4181,F1,1,,,,,
2026-09-18,2026-09-18,CM,BSE,STK,544516,INE0XBS01012,AIRFLOA,M,,,,,AIRFLOA RAIL TECHNOLOGY LIMITE,555.00,587.90,551.00,584.20,585.05,547.30,,584.20,,,120000,68877600.00,219,F1,500,,,,,
2026-09-18,2026-09-18,CM,BSE,STK,544517,INE24OJ01011,BUILDPRO,B,,,,,Shankara Buildpro Limited,1256.60,1273.55,1198.05,1254.55,1272.05,1243.95,,1253.84,,,3381,4179822.00,247,F1,1,,,,,
2026-09-18,2026-09-18,CM,BSE,STK,544518,INE0TJ801010,LTELEVATOR,MT,,,,,L. T. ELEVATOR LIMITED,345.50,350.00,341.00,341.00,341.00,344.60,,341.00,,,14400,4957200.00,17,F1,800,,,,,
2026-09-18,2026-09-18,CM,BSE,STK,544519,INE198501012,EUROPRATIK,B,,,,,EURO PRATIK SALES LIMITED,232.50,235.15,228.80,232.25,232.55,234.60,,231.76,,,4862,1127998.00,183,F1,1,,,,,
2026-09-18,2026-09-18,CM,BSE,STK,544520,INE10XS01012,SAMPAT,MT,,,,,SAMPAT ALUMINIUM LIMITED,33.99,34.49,32.55,32.92,32.76,34.00,,32.92,,,31200,1042248.00,24,F1,1200,,,,,
2026-09-18,2026-09-18,CM,BSE,STK,544521,INE0SJA01013,VMSTMT,B,,,,,VMS TMT LIMITED,50.97,50.97,48.01,49.70,49.70,50.23,,49.64,,,2058,101915.00,50,F1,1,,,,,
2026-09-18,2026-09-18,CM,BSE,STK,544522,INE08PH01015,ABCOTS,B,,,,,A B Cotspin India Limited,221.00,221.00,207.30,210.95,212.90,211.00,,209.94,,,207732,44805700.00,131,F1,1,,,,,
2026-09-18,2026-09-18,CM,BSE,STK,544523,INE056801025,IVALUE,B,,,,,IVALUE INFOSOLUTIONS LIMITED,228.45,228.50,218.40,222.75,221.00,228.00,,222.04,,,6248,1393854.00,220,F1,1,,,,,
2026-09-18,2026-09-18,CM,BSE,STK,544524,INE14VP01014,JDCABLES,M,,,,,JD CABLES LIMITED,197.85,198.00,195.05,196.55,196.55,193.30,,196.55,,,20800,4098160.00,26,F1,800,,,,,
2026-09-18,2026-09-18,CM,BSE,STK,544525,INE1AG301022,GKENERGY,B,,,,,GK ENERGY LIMITED,119.95,122.45,118.95,119.80,120.55,119.05,,119.77,,,19482,2340411.00,386,F1,1,,,,,
2026-09-18,2026-09-18,CM,BSE,STK,544526,INE13B501022,SAATVIKGL,B,,,,,Saatvik Green Energy Limited,404.55,413.00,400.00,412.25,411.35,405.05,,411.82,,,8393,3398497.00,244,F1,1,,,,,
2026-09-18,2026-09-18,CM,BSE,STK,544527,INE0Z4F01028,ATLANTAELE,B,,,,,Atlanta Electricals Limited,1602.20,1699.35,1602.20,1666.50,1667.00,1634.30,,1666.12,,,5813,9730195.00,773,F1,1,,,,,
2026-09-18,2026-09-18,CM,BSE,STK,544528,INE652V01016,GANESHCP,B,,,,,Ganesh Consumer Products Limit,166.00,171.10,164.20,169.45,170.00,164.35,,169.21,,,4649,776749.00,197,F1,1,,,,,
2026-09-18,2026-09-18,CM,BSE,STK,544529,INE15XJ01010,APPL,MT,,,,,Aptus Pharma Limited,353.40,353.40,352.90,353.40,353.40,346.50,,353.40,,,8400,2966080.00,20,F1,400,,,,,
2026-09-18,2026-09-18,CM,BSE,STK,544530,INE549H01021,ARSSBL,B,,,,,ANAND RATHI SHARE AND STOCK BR,501.85,503.00,497.55,502.35,502.70,500.40,,502.06,,,2637,1319653.00,175,F1,1,,,,,
2026-09-18,2026-09-18,CM,BSE,STK,544531,INE1LDV01015,TRUECOLORS,M,,,,,TRUE COLORS LIMITED,152.55,153.00,150.05,152.00,152.00,151.05,,152.00,,,26400,4010400.00,11,F1,600,,,,,
2026-09-18,2026-09-18,CM,BSE,STK,544532,INE0TY101024,SOLARWORLD,B,,,,,Solarworld Energy Solutions Li,134.55,136.00,132.50,133.95,133.95,134.00,,133.59,,,8709,1165536.00,324,F1,1,,,,,
2026-09-18,2026-09-18,CM,BSE,STK,544533,INE04VU01023,STYL,B,,,,,Seshaasai Technologies Limited,365.95,368.65,355.00,361.45,361.60,366.25,,360.40,,,15138,5472074.00,558,F1,1,,,,,
2026-09-18,2026-09-18,CM,BSE,STK,544534,INE00YJ01010,JARO,B,,,,,Jaro Institute of Technology M,479.50,479.50,461.70,466.25,467.15,470.05,,465.44,,,7878,3689054.00,327,F1,1,,,,,
2026-09-18,2026-09-18,CM,BSE,STK,544535,INE0QMV01017,BHARATROHAN,M,,,,,BHARATROHAN AIRBORNE INNOVATIO,119.00,122.00,115.00,120.50,122.00,121.20,,120.50,,,12800,1517080.00,14,F1,800,,,,,
2026-09-18,2026-09-18,CM,BSE,STK,544536,INE658T01017,WEALTH,B,,,,,Wealth First Portfolio Manager,850.00,850.00,825.60,836.30,836.30,845.75,,841.53,,,47,39101.00,10,F1,1,,,,,
2026-09-18,2026-09-18,CM,BSE,STK,544537,INE0YD401026,JAINREC,B,,,,,Jain Resource Recycling Limite,274.20,278.80,272.00,276.40,276.40,274.20,,276.26,,,52835,14559891.00,1531,F1,1,,,,,
2026-09-18,2026-09-18,CM,BSE,STK,544538,INE0TI501017,PRARUH,MT,,,,,PRARUH TECHNOLOGIES LIMITED,154.65,155.00,144.25,153.65,154.50,151.80,,153.65,,,58000,8765600.00,28,F1,2000,,,,,
2026-09-18,2026-09-18,CM,BSE,STK,544540,INE0MLS01022,EPACKPEB,B,,,,,Epack Prefab Technologies Limi,223.80,231.25,223.80,226.25,227.00,222.40,,226.26,,,20229,4616869.00,450,F1,1,,,,,
2026-09-18,2026-09-18,CM,BSE,STK,544541,INE1KLZ01011,SYSTEMATIC,M,,,,,SYSTEMATIC INDUSTRIES LIMITED,269.00,276.70,264.00,267.60,266.60,267.05,,267.60,,,31200,8339040.00,41,F1,600,,,,,
2026-09-18,2026-09-18,CM,BSE,STK,544542,INE0W5Q01017,JUSTO,M,,,,,Justo Realfintech Limited,105.00,105.00,104.00,104.00,104.00,107.25,,104.00,,,6000,625000.00,3,F1,1000,,,,,
2026-09-18,2026-09-18,CM,BSE,STK,544543,INE965W01036,BMWVENTLTD,B,,,,,BMW VENTURES LIMITED,50.28,53.23,50.12,52.53,51.18,50.82,,51.95,,,18678,971192.00,297,F1,1,,,,,
2026-09-18,2026-09-18,CM,BSE,STK,544544,INE0SRP01014,TELGE,MT,,,,,TELGE PROJECTS LIMITED,221.00,228.95,221.00,228.95,228.95,218.05,,228.95,,,30000,6841500.00,16,F1,1200,,,,,
2026-09-18,2026-09-18,CM,BSE,STK,544545,INE0MWH01014,TRUALT,B,,,,,TRUALT BIOENERGY LIMITED,426.05,436.50,420.30,422.65,422.65,423.95,,421.74,,,7362,3162136.00,370,F1,1,,,,,
2026-09-18,2026-09-18,CM,BSE,STK,544546,INE1B4801017,CHTR,M,,,,,Chatterbox Technologies Limite,37.89,37.89,35.00,35.02,35.00,36.70,,35.02,,,10800,387576.00,9,F1,1200,,,,,
2026-09-18,2026-09-18,CM,BSE,STK,544547,INE1FF001016,JKIPL,B,,,,,Jinkushal Industries Limited,95.40,99.00,95.40,98.85,99.00,95.40,,98.65,,,1073,104503.00,43,F1,1,,,,,
2026-09-18,2026-09-18,CM,BSE,STK,544548,INE0SIK01014,GPAPL,M,,,,,GUJARAT PEANUT AND AGRI PRODUC,74.02,80.60,74.02,77.71,80.60,76.60,,77.71,,,4800,372992.00,3,F1,1600,,,,,
2026-09-18,2026-09-18,CM,BSE,STK,544549,INE1A8F01035,EARKART,M,,,,,EARKART LIMITED,151.95,151.95,151.95,151.95,151.95,131.30,,151.95,,,1000,151950.00,1,F1,1000,,,,,
2026-09-18,2026-09-18,CM,BSE,STK,544550,INE0S3G01027,PACEDIGITK,B,,,,,Pace Digitek Limited,155.00,158.95,154.45,156.25,156.50,153.50,,156.18,,,55632,8683231.00,1015,F1,1,,,,,
2026-09-18,2026-09-18,CM,BSE,STK,544554,INE163701019,KVSCASTING,MT,,,,,KVS Castings Limited,82.00,86.00,82.00,85.50,85.50,82.18,,85.50,,,20000,1698060.00,10,F1,2000,,,,,
2026-09-18,2026-09-18,CM,BSE,STK,544555,INE14QA01016,AMEENJI,MT,,,,,AMEENJI RUBBER LIMITED,236.00,242.00,236.00,241.25,242.00,230.50,,241.25,,,12000,2877900.00,9,F1,1200,,,,,
2026-09-18,2026-09-18,CM,BSE,STK,544557,INE0TQE01026,GLOTTIS,B,,,,,Glottis Limited,58.40,59.99,57.93,59.36,59.36,57.93,,59.48,,,1287,75897.00,61,F1,1,,,,,
2026-09-18,2026-09-18,CM,BSE,STK,544558,INE0HF201011,FABTECH,B,,,,,Fabtech Technologies Limited,148.70,148.70,147.50,148.15,148.35,145.75,,147.93,,,357,52829.00,48,F1,1,,,,,
2026-09-18,2026-09-18,CM,BSE,STK,544559,INE0R8Q01018,OML,MT,,,,,OM METALLOGIC LIMITED,28.50,28.50,27.11,28.50,28.50,28.48,,28.50,,,11200,310304.00,5,F1,1600,,,,,
2026-09-18,2026-09-18,CM,BSE,STK,544560,INE0QU501030,SODHACAP,M,,,,,SODHANI CAPITAL LIMITED,71.00,71.00,71.00,71.00,71.00,70.30,,71.00,,,2000,142000.00,1,F1,2000,,,,,
2026-09-18,2026-09-18,CM,BSE,STK,544561,INE12P101018,CHIRAHARIT,M,,,,,Chiraharit Limited,11.25,11.25,9.55,9.85,9.85,9.50,,9.85,,,18000,183900.00,3,F1,6000,,,,,
2026-09-18,2026-09-18,CM,BSE,STK,544562,INE1B0W01010,ADVANCE,B,,,,,Advance Agrolife Limited,111.90,112.30,110.05,110.10,111.40,112.00,,110.46,,,8914,987746.00,199,F1,1,,,,,
2026-09-18,2026-09-18,CM,BSE,STK,544563,INE1B3501014,ZELIO,MT,,,,,Zelio E Mobility Limited,834.00,852.60,832.80,852.60,852.60,812.00,,852.60,,,9500,8013550.00,15,F1,500,,,,,
2026-09-18,2026-09-18,CM,BSE,STK,544564,INE1BZC01019,OMFREIGHT,T,,,,,Om Freight Forwarders Limited,82.17,85.02,82.17,82.61,82.61,86.49,,85.16,,,504,41629.00,14,F1,1,,,,,
2026-09-18,2026-09-18,CM,BSE,STK,544565,INE0QP701017,VALPLAST,M,,,,,Valplast Technologies Limited,38.89,38.89,38.89,38.89,38.89,36.99,,38.89,,,2000,77780.00,1,F1,2000,,,,,
2026-09-18,2026-09-18,CM,BSE,STK,544567,INE16XA01017,INFINITY,M,,,,,Infinity Infoway Limited,542.00,543.00,542.00,543.00,543.00,542.00,,543.00,,,1200,651200.00,3,F1,400,,,,,
2026-09-18,2026-09-18,CM,BSE,STK,544568,INE0SUM01015,ZAPPFRESH,M,,,,,DSM Fresh Foods Limited,58.00,58.99,54.02,55.06,55.70,58.67,,55.06,,,75600,4224648.00,58,F1,1200,,,,,
2026-09-18,2026-09-18,CM,BSE,STK,544569,INE1TAE01010,TMCV,B,,,,,Tata Motors Limited,436.45,444.70,430.05,441.70,441.70,436.05,,442.87,,,342929,150129817.00,7686,F1,1,,,,,
2026-09-18,2026-09-18,CM,BSE,STK,544570,INE085001019,WEWORK,B,,,,,WeWork India Management Limite,684.00,693.00,676.80,681.90,681.95,682.45,,681.24,,,8688,5943512.00,403,F1,1,,,,,
2026-09-18,2026-09-18,CM,BSE,STK,544572,INE2J8701016,SKFINDUS,B,,,,,SKF INDIA (INDUSTRIAL) LIMITED,3055.30,3210.45,2942.10,2962.85,2962.85,2940.10,,2981.90,,,137253,407307390.00,4709,F1,1,,,,,
2026-09-18,2026-09-18,CM,BSE,STK,544573,INF754K01VW2,ELIQUID,F,,,,,Edelweiss Mutual Fund,1048.39,1048.39,1048.39,1048.39,1048.39,1047.98,,1048.40,,,15,15725.00,1,F1,1,,,,,
2026-09-18,2026-09-18,CM,BSE,STK,544574,INE976I01016,TATACAP,A,,,,,Tata Capital Limited,344.60,354.60,344.60,350.90,350.30,343.90,,351.34,,,100541,35068329.00,3860,F1,1,,,,,
2026-09-18,2026-09-18,CM,BSE,STK,544575,INE833Q01012,MITTALSTL,M,,,,,Mittal Sections Limited,23.01,26.00,23.00,26.00,26.00,24.00,,26.00,,,22000,547370.00,19,F1,1000,,,,,
2026-09-18,2026-09-18,CM,BSE,STK,544576,INE324D01010,LGEINDIA,B,,,,,LG Electronics India Limited,1661.75,1706.00,1657.80,1696.10,1696.10,1652.00,,1696.86,,,23551,39791299.00,3342,F1,1,,,,,
2026-09-18,2026-09-18,CM,BSE,STK,544577,INE196Y01018,WORTHPERI,B,,,,,Worth Peripherals Limited,149.60,149.60,149.60,149.60,149.60,143.50,,147.53,,,30,4488.00,9,F1,1,,,,,
2026-09-18,2026-09-18,CM,BSE,STK,544578,INE506V01022,RUBICON,B,,,,,RUBICON RESEARCH LIMITED,1773.85,1824.85,1737.40,1753.80,1753.80,1777.15,,1751.20,,,17643,31378917.00,1731,F1,1,,,,,
2026-09-18,2026-09-18,CM,BSE,STK,544579,INE1UA823019,ANANTAM,IF,,,,,Anantam Highways Trust,106.72,106.72,106.10,106.10,106.10,106.16,,106.40,,,87,9236.00,6,F1,1,,,,,
2026-09-18,2026-09-18,CM,BSE,STK,544580,INE218I01013,CRAMC,B,,,,,Canara Robeco Asset Management,234.30,236.90,232.80,234.50,236.00,234.25,,234.01,,,11173,2623327.00,481,F1,1,,,,,
2026-09-18,2026-09-18,CM,BSE,STK,544581,INF740KA1WU9,FLEXIADD,B,,,,,DSP Nifty500 Flexicap Quality,9.58,9.90,9.58,9.79,9.90,9.83,,9.79,,,6018,58776.00,43,F1,1,,,,,
2026-09-18,2026-09-18,CM,BSE,STK,544582,INE1EUB01016,SHLOKKA,M,,,,,SHLOKKA DYES LIMITED,26.99,27.00,26.82,26.82,26.82,25.01,,26.82,,,20400,549768.00,16,F1,1200,,,,,
2026-09-18,2026-09-18,CM,BSE,STK,544583,INE01TY01017,CANHLIFE,B,,,,,Canara HSBC Life Insurance Com,155.75,156.55,151.90,153.75,153.25,155.25,,153.66,,,421837,64746295.00,496,F1,1,,,,,
2026-09-18,2026-09-18,CM,BSE,STK,544584,INE13YH01017,SKM,MT,,,,,SK Minerals & Additives Limite,485.00,507.00,485.00,498.00,498.00,484.10,,498.00,,,27000,13406400.00,26,F1,1000,,,,,
2026-09-18,2026-09-18,CM,BSE,STK,544585,INE0SFA01011,SIHORA,M,,,,,SIHORA INDUSTRIES LIMITED,57.57,58.01,57.57,57.90,57.90,61.35,,57.90,,,10000,578560.00,5,F1,2000,,,,,
2026-09-18,2026-09-18,CM,BSE,STK,544586,INF0R8F01166,NIFTYCASE,B,,,,,Zerodha Mutual Fund,9.38,9.47,9.34,9.39,9.38,9.38,,9.37,,,143548,1346922.00,302,F1,1,,,,,
2026-09-18,2026-09-18,CM,BSE,STK,544587,INE0XAD01024,MIDWESTLTD,B,,,,,Midwest Limited,969.00,986.20,969.00,981.65,984.80,978.35,,980.81,,,423,414778.00,85,F1,1,,,,,
2026-09-18,2026-09-18,CM,BSE,STK,544595,INE16NZ01023,ORKLAINDIA,B,,,,,Orkla India Limited,576.25,603.20,576.00,595.35,597.60,579.00,,595.63,,,5414,3196512.00,262,F1,1,,,,,
2026-09-18,2026-09-18,CM,BSE,STK,544596,INE0SVZ01015,SAFECURE,M,,,,,Safecure Services Limited,20.12,20.78,20.12,20.12,20.12,20.20,,20.12,,,10800,218592.00,9,F1,1200,,,,,
2026-09-18,2026-09-18,CM,BSE,STK,544597,INE202B01038,PIRAMALFIN,B,,,,,Piramal Finance Limited,2255.80,2323.00,2244.05,2293.65,2293.65,2258.35,,2299.05,,,136876,311889780.00,9915,F1,1,,,,,
2026-09-18,2026-09-18,CM,BSE,STK,544598,INE648Z01023,ACCURACY,T,,,,,Accuracy Shipping Limited,4.73,4.85,4.53,4.65,4.65,4.76,,4.65,,,11648,53386.00,46,F1,1,,,,,
2026-09-18,2026-09-18,CM,BSE,STK,544599,INE00Q601028,STUDDS,B,,,,,Studds Accessories Limited,408.70,409.40,403.50,406.75,407.00,404.05,,407.08,,,2980,1212240.00,122,F1,1,,,,,
2026-09-18,2026-09-18,CM,BSE,STK,544600,INE956O01016,LENSKART,B,,,,,Lenskart Solutions Limited,684.40,725.00,677.50,706.60,706.60,679.80,,707.19,,,332531,233830058.00,8604,F1,1,,,,,
2026-09-18,2026-09-18,CM,BSE,STK,544601,INF2KCX01012,CHOICEGOLD,E,,,,,Choice Mutual Fund,149.30,151.87,149.30,151.87,151.87,150.36,,151.99,,,36,5403.00,4,F1,1,,,,,
2026-09-18,2026-09-18,CM,BSE,STK,544602,INE1YPB01014,AGL,B,,,,,Allcargo Global Limited,13.92,14.06,13.53,13.82,13.90,13.92,,13.80,,,201270,2771833.00,600,F1,1,,,,,
2026-09-18,2026-09-18,CM,BSE,STK,544603,INE0HOQ01053,GROWW,B,,,,,Billionbrains Garage Ventures,188.80,195.50,185.70,192.35,192.35,187.55,,191.79,,,3705209,707513666.00,20832,F1,1,,,,,
2026-09-18,2026-09-18,CM,BSE,STK,544604,INF769K01PR2,ENERGY,B,,,,,Mirae Asset Mutual Fund,37.90,38.16,37.81,38.07,38.14,37.64,,38.14,,,8706,330648.00,108,F1,1,,,,,
2026-09-18,2026-09-18,CM,BSE,STK,544605,INF769K01PQ4,SMALL250,B,,,,,Mirae Asset Mutual Fund,17.74,18.39,17.74,18.38,18.38,18.10,,18.38,,,27840,507728.00,77,F1,1,,,,,
2026-09-18,2026-09-18,CM,BSE,STK,544606,INE15B701018,PINELABS,B,,,,,Pine Labs Limited,185.00,198.70,183.25,192.25,192.25,184.25,,192.05,,,3538670,674876529.00,18434,F1,1,,,,,
2026-09-18,2026-09-18,CM,BSE,STK,544607,INE0D8001018,SHTL,M,,,,,SHINING TOOLS LIMITED,137.90,140.00,120.01,127.50,127.00,134.57,,127.50,,,32400,4291200.00,24,F1,1200,,,,,
2026-09-18,2026-09-18,CM,BSE,STK,544608,INE1C6T01020,EMMVEE,B,,,,,Emmvee Photovoltaic Power Limi,329.00,333.25,326.35,327.90,329.50,325.30,,328.00,,,46756,15419460.00,1081,F1,1,,,,,
2026-09-18,2026-09-18,CM,BSE,STK,544609,INE0LP301011,PWL,B,,,,,Physicswallah Limited,127.85,137.40,127.85,136.60,136.60,127.85,,136.60,,,1487784,199487191.00,10895,F1,1,,,,,
2026-09-18,2026-09-18,CM,BSE,STK,544610,INE1I1301016,WORKMATES,M,,,,,WORKMATES CORE2CLOUD SOLUTION,427.70,430.05,406.35,406.35,406.35,427.70,,406.35,,,52200,21464580.00,82,F1,600,,,,,
2026-09-18,2026-09-18,CM,BSE,STK,544611,INE0U9D01019,MAHALIFE,M,,,,,MAHAMAYA LIFESCIENCES LIMITED,180.00,180.00,178.00,179.00,179.00,175.85,,179.00,,,21600,3857940.00,8,F1,1200,,,,,
2026-09-18,2026-09-18,CM,BSE,STK,544612,INE19RI01016,TENNIND,B,,,,,Tenneco Clean Air India Limite,515.00,524.15,512.65,518.05,517.35,514.00,,517.90,,,272299,142187868.00,1021,F1,1,,,,,
2026-09-18,2026-09-18,CM,BSE,STK,544613,INE12UR01024,UTLSOLAR,B,,,,,Fujiyama Power Systems Limited,409.00,424.00,409.00,419.75,417.45,409.00,,418.84,,,13971,5824448.00,546,F1,1,,,,,
2026-09-18,2026-09-18,CM,BSE,STK,544614,INE0ILV01024,CAPILLARY,B,,,,,Capillary Technologies India L,448.45,489.75,442.80,484.10,484.55,447.45,,484.05,,,25400,11944470.00,805,F1,1,,,,,
2026-09-18,2026-09-18,CM,BSE,STK,544615,INE1SPP01016,KSR,T,,,,,KSR Footwear Limited,44.00,44.00,42.20,42.79,42.79,44.30,,43.19,,,6527,276395.00,37,F1,1,,,,,
2026-09-18,2026-09-18,CM,BSE,STK,544616,INE0BUQ01012,GALLARD,M,,,,,Gallard Steel Limited,160.00,160.00,158.00,158.00,158.00,160.00,,158.00,,,9000,1432000.00,2,F1,1000,,,,,
2026-09-18,2026-09-18,CM,BSE,STK,544617,INE606N01019,EXCELSOFT,B,,,,,Excelsoft Technologies Limited,79.92,80.25,77.71,78.17,78.27,79.48,,78.09,,,17741,1396253.00,213,F1,1,,,,,
2026-09-18,2026-09-18,CM,BSE,STK,544619,INE0QPI01025,SUDEEPPHRM,B,,,,,Sudeep Pharma Limited,1109.80,1161.50,1109.80,1154.95,1160.00,1106.20,,1155.00,,,23255,26681987.00,1238,F1,1,,,,,
2026-09-18,2026-09-18,CM,BSE,STK,544622,INE2KCE01013,KWIL,B,,,,,Kwality Walls (India) Limited,40.11,41.45,39.48,41.22,41.21,39.91,,41.22,,,929762,37652403.00,2683,F1,1,,,,,
2026-09-18,2026-09-18,CM,BSE,STK,544623,INE0UH001016,MNFL,M,,,,,Mother Nutri Foods Limited,153.05,153.05,153.05,153.05,153.05,163.05,,153.05,,,1200,183660.00,1,F1,1200,,,,,
2026-09-18,2026-09-18,CM,BSE,STK,544624,INE0EOJ01014,KKSILK,MT,,,,,K K SILK MILLS LIMITED,9.65,9.74,9.63,9.63,9.63,9.30,,9.63,,,9000,87060.00,3,F1,3000,,,,,
2026-09-18,2026-09-18,CM,BSE,STK,544625,INE1BA901016,LOGICIEL,M,,,,,Logiciel Solutions Limited,28.15,28.73,28.15,28.60,28.60,30.00,,28.60,,,5400,153720.00,9,F1,600,,,,,
2026-09-18,2026-09-18,CM,BSE,STK,544626,INE1E4401010,EXATO,MT,,,,,EXATO TECHNOLOGIES LIMITED,704.00,721.00,700.05,721.00,721.00,703.70,,721.00,,,6000,4273750.00,11,F1,500,,,,,
2026-09-18,2026-09-18,CM,BSE,STK,544627,INE0VDK01019,PURPLEWAVE,MT,,,,,PURPLE WAVE INFOCOM LIMITED,401.00,401.00,401.00,401.00,401.00,405.00,,401.00,,,1000,401000.00,1,F1,1000,,,,,
2026-09-18,2026-09-18,CM,BSE,STK,544628,INE0RUY01012,ASTRONMULT,M,,,,,Astron Multigrain Limited,17.70,18.39,16.40,17.00,17.00,18.44,,17.00,,,38000,663900.00,17,F1,2000,,,,,
2026-09-18,2026-09-18,CM,BSE,STK,544629,INE0W4D01018,RAVEL,M,,,,,Ravelcare Limited,102.00,110.00,100.20,100.30,100.20,101.25,,100.30,,,25000,2572800.00,23,F1,1000,,,,,
2026-09-18,2026-09-18,CM,BSE,STK,544631,INE985W01018,CNL,B,,,,,CREATIVE NEWTECH LIMITED,1083.20,1136.00,1083.20,1123.50,1128.00,1069.55,,1126.84,,,1402,1567804.00,129,F1,1,,,,,
2026-09-18,2026-09-18,CM,BSE,STK,544632,INE0VDM01015,MEESHO,B,,,,,Meesho Limited,208.25,219.80,208.25,215.30,215.30,207.20,,214.49,,,4775312,1023957715.00,15515,F1,1,,,,,
2026-09-18,2026-09-18,CM,BSE,STK,544633,INE14UN01029,VIDYAWIRES,B,,,,,VIDYA WIRES LIMITED,85.45,87.30,85.15,87.00,87.25,85.29,,86.89,,,59032,5086562.00,446,F1,1,,,,,
2026-09-18,2026-09-18,CM,BSE,STK,544634,INE947N01017,AEQUS,B,,,,,Aequs Limited,228.40,233.65,227.30,231.90,231.90,229.35,,231.73,,,216598,49924341.00,3132,F1,1,,,,,
2026-09-18,2026-09-18,CM,BSE,STK,544637,INE0QZR01017,METHODHUB,M,,,,,Methodhub Software Limited,59.04,61.62,59.04,60.60,61.19,60.42,,60.60,,,28200,1716060.00,41,F1,600,,,,,
2026-09-18,2026-09-18,CM,BSE,STK,544638,INF194KB1KJ7,GOLDBND,E,,,,,Bandhan Mutual Fund,151.29,153.41,150.11,151.65,151.52,150.82,,153.18,,,1588,241371.00,195,F1,1,,,,,
2026-09-18,2026-09-18,CM,BSE,STK,544639,INF194KB1KI9,SILVERBND,E,,,,,Bandhan Mutual Fund,230.00,236.25,230.00,233.16,236.25,228.94,,235.48,,,2186,512202.00,47,F1,1,,,,,
2026-09-18,2026-09-18,CM,BSE,STK,544641,INE1IE301018,KVTOYS,M,,,,,K. V. TOYS INDIA LIMITED,289.60,290.00,289.60,290.00,290.00,286.00,,290.00,,,1200,347760.00,2,F1,600,,,,,
2026-09-18,2026-09-18,CM,BSE,STK,544642,INE0E7301029,WAKEFIT,B,,,,,Wakefit Innovations Limited,146.90,148.10,144.40,147.10,146.50,145.50,,146.87,,,16252,2368192.00,224,F1,1,,,,,
2026-09-18,2026-09-18,CM,BSE,STK,544643,INE10XK01019,PRODOCS,M,,,,,PRODOCS SOLUTIONS LIMITED,150.10,150.10,150.00,150.00,150.00,146.50,,150.00,,,2000,300100.00,2,F1,1000,,,,,
2026-09-18,2026-09-18,CM,BSE,STK,544644,INE02ZQ01018,CORONA,B,,,,,Corona Remedies Limited,2170.00,2214.10,2169.95,2198.75,2206.00,2163.45,,2201.65,,,1226,2679014.00,247,F1,1,,,,,
2026-09-18,2026-09-18,CM,BSE,STK,544645,INE119201023,PARKHOSPS,B,,,,,PARK MEDI WORLD LIMITED,278.95,283.50,272.30,282.15,281.00,278.40,,282.06,,,65002,18218391.00,1595,F1,1,,,,,
2026-09-18,2026-09-18,CM,BSE,STK,544646,INE0O9L01010,SHIPWAVES,M,,,,,Shipwaves Online Limited,3.46,3.70,3.46,3.69,3.70,3.70,,3.69,,,50000,179600.00,5,F1,10000,,,,,
2026-09-18,2026-09-18,CM,BSE,STK,544647,INE428V01029,NEPHROPLUS,B,,,,,Nephrocare Health Services Lim,741.25,746.55,730.05,743.65,741.55,735.20,,743.37,,,10552,7817727.00,702,F1,1,,,,,
2026-09-18,2026-09-18,CM,BSE,STK,544654,INF740KA1WX3,SMALLADD,B,,,,,DSP Nifty Smallcap 250 ETF,18.37,18.40,18.25,18.26,18.26,18.14,,18.29,,,15638,286236.00,12,F1,1,,,,,
2026-09-18,2026-09-18,CM,BSE,STK,544655,INF740KA1WW5,MIDCAPADD,B,,,,,DSP Nifty Midcap 150 ETF,22.73,22.75,22.73,22.75,22.75,22.69,,23.75,,,61,1386.00,3,F1,1,,,,,
2026-09-18,2026-09-18,CM,BSE,STK,544656,INE1E1V01017,HRS,M,,,,,HRS ALUGLAZE LIMITED,255.00,255.00,255.00,255.00,255.00,251.85,,255.00,,,400,102000.00,1,F1,400,,,,,
2026-09-18,2026-09-18,CM,BSE,STK,544657,INE14LM01012,PAJSON,M,,,,,Pajson Agro India Limited,205.00,212.00,205.00,212.00,212.00,214.00,,212.00,,,8400,1762800.00,8,F1,600,,,,,
2026-09-18,2026-09-18,CM,BSE,STK,544658,INE346A01027,ICICIAMC,A,,,,,ICICI Prudential Asset Managem,3088.25,3280.30,3071.20,3206.90,3206.90,3097.20,,3206.81,,,70672,224044621.00,5351,F1,1,,,,,
2026-09-18,2026-09-18,CM,BSE,STK,544659,INE16QA01011,STANBIK,M,,,,,STANBIK AGRO LIMITED,24.30,24.30,24.30,24.30,24.30,24.00,,24.30,,,4000,97200.00,1,F1,4000,,,,,
2026-09-18,2026-09-18,CM,BSE,STK,544660,INF769K01PZ5,TOP20,B,,,,,Mirae Asset Mutual Fund,8.62,8.64,8.62,8.63,8.62,8.64,,8.62,,,4967,42855.00,18,F1,1,,,,,
2026-09-18,2026-09-18,CM,BSE,STK,544661,INF769K01PY8,DIVIDEND,B,,,,,Mirae Asset Mutual Fund,34.70,34.89,34.70,34.89,34.89,34.80,,34.85,,,92,3196.00,12,F1,1,,,,,
2026-09-18,2026-09-18,CM,BSE,STK,544662,INE0VI201010,SIMANDHAR,X,,,,,SIMANDHAR IMPEX LIMITED,157.05,157.05,152.00,152.00,152.00,149.90,,152.00,,,24,3705.00,6,F1,1,,,,,
2026-09-18,2026-09-18,CM,BSE,STK,544663,INE1NQ501012,NEPLOG,M,,,,,NEPTUNE LOGITEK LIMITED,34.40,34.40,30.21,31.50,31.50,34.40,,31.50,,,4000,126320.00,4,F1,1000,,,,,
2026-09-18,2026-09-18,CM,BSE,STK,544664,INE987S01020,KSHINTL,B,,,,,KSH INTERNATIONAL LIMITED,1041.55,1075.00,1034.50,1048.10,1056.00,1046.05,,1047.11,,,44854,46984947.00,3213,F1,1,,,,,
2026-09-18,2026-09-18,CM,BSE,STK,544665,INE1ITY01011,GLOBALLOG,M,,,,,Global Ocean Logistics India L,107.00,107.00,102.60,102.60,102.60,108.00,,102.60,,,9600,999840.00,6,F1,1600,,,,,
2026-09-18,2026-09-18,CM,BSE,STK,544666,INE0V0W01025,GKSL,B,,,,,GUJARAT KIDNEY AND SUPER SPECI,178.00,185.90,178.00,181.60,183.00,177.70,,181.26,,,14177,2596742.00,452,F1,1,,,,,
2026-09-18,2026-09-18,CM,BSE,STK,544667,INE1F9M01018,DACHEPALLI,M,,,,,Dachepalli Publishers Limited,88.26,91.10,88.25,91.05,91.05,87.10,,91.05,,,16800,1516332.00,9,F1,1200,,,,,
2026-09-18,2026-09-18,CM,BSE,STK,544668,INE0YJA01011,NANTA,M,,,,,NANTA TECH LIMITED,361.05,362.00,351.45,351.45,351.45,369.90,,351.45,,,26400,9350550.00,31,F1,600,,,,,
2026-09-18,2026-09-18,CM,BSE,STK,544669,INE0XLO01010,ADMACH,MT,,,,,ADMACH SYSTEMS LIMITED,430.00,430.00,430.00,430.00,430.00,430.00,,430.00,,,1800,774000.00,3,F1,600,,,,,
2026-09-18,2026-09-18,CM,BSE,STK,544670,INE1IJQ01026,BAIKAKAJI,MT,,,,,BAI-KAKAJI POLYMERS LIMITED,302.00,303.00,299.00,300.00,300.00,302.95,,300.00,,,13200,3961650.00,18,F1,600,,,,,
2026-09-18,2026-09-18,CM,BSE,STK,544671,INE0X4A01013,ATIL,M,,,,,APOLLO TECHNO INDUSTRIES LIMIT,98.00,100.00,96.90,100.00,100.00,98.50,,100.00,,,4000,393400.00,4,F1,1000,,,,,
2026-09-18,2026-09-18,CM,BSE,STK,544673,INE1HK501016,MDRC,M,,,,,MODERN DIAGNOSTIC & RESEARCH C,82.00,86.00,82.00,83.00,83.00,83.95,,83.00,,,30400,2558128.00,9,F1,1600,,,,,
2026-09-18,2026-09-18,CM,BSE,STK,544675,INE1H1501013,GTIL,MT,,,,,Gabion Technologies India Limi,135.00,142.00,132.05,137.05,139.40,137.35,,137.05,,,36800,5065040.00,19,F1,1600,,,,,
2026-09-18,2026-09-18,CM,BSE,STK,544676,INE0CNJ01010,YAJUR,MT,,,,,YAJUR FIBRES LIMITED,39.74,40.19,38.51,40.19,40.19,39.45,,40.19,,,7200,283664.00,9,F1,800,,,,,
2026-09-18,2026-09-18,CM,BSE,STK,544677,INE0ZE201010,DEFRAIL,M,,,,,Defrail Technologies Limited,68.00,68.00,68.00,68.00,68.00,69.95,,68.00,,,1600,108800.00,1,F1,1600,,,,,
2026-09-18,2026-09-18,CM,BSE,STK,544678,INE05XR01022,BHARATCOAL,B,,,,,BHARAT COKING COAL LIMITED,32.19,32.88,32.19,32.62,32.62,32.14,,32.69,,,440408,14249942.00,1614,F1,1,,,,,
2026-09-18,2026-09-18,CM,BSE,STK,544679,INE121R01077,AMAGI,B,,,,,Amagi Media Labs Limited,573.70,575.25,558.30,569.50,566.65,574.45,,569.50,,,17679,9980552.00,498,F1,1,,,,,
2026-09-18,2026-09-18,CM,BSE,STK,544681,INE0WKY01013,INDOSMC,M,,,,,INDO SMC Limited,505.00,525.00,504.00,520.20,521.00,495.95,,520.20,,,101000,52097400.00,91,F1,1000,,,,,
2026-09-18,2026-09-18,CM,BSE,STK,544682,INE0U8P01015,GRERENEW,M,,,,,GRE Renew Enertech Limited,184.00,185.00,182.00,183.50,183.50,185.75,,183.50,,,49200,8981040.00,14,F1,1200,,,,,
2026-09-18,2026-09-18,CM,BSE,STK,544684,INE1OOT01028,DIGILOGIC,MT,,,,,DIGILOGIC SYSTEMS LIMITED,181.10,181.10,179.90,180.00,180.00,183.55,,180.00,,,26400,4758240.00,21,F1,1200,,,,,
2026-09-18,2026-09-18,CM,BSE,STK,544685,INE12UN01015,SHADOWFAX,B,,,,,SHADOWFAX TECHNOLOGIES LIMITED,252.00,253.55,247.55,251.70,251.25,252.10,,251.56,,,134255,33551340.00,2358,F1,1,,,,,
2026-09-18,2026-09-18,CM,BSE,STK,544687,INE0JVH01012,HANNAH,M,,,,,Hannah Joseph Hospital Limited,111.75,111.75,110.00,110.85,111.20,111.00,,110.85,,,30000,3322400.00,15,F1,2000,,,,,
2026-09-18,2026-09-18,CM,BSE,STK,544693,INE163401016,KANISHK,M,,,,,KANISHK ALUMINIUM INDIA LIMITE,23.95,23.95,22.80,22.80,22.80,24.00,,22.80,,,4800,111600.00,3,F1,1600,,,,,
2026-09-18,2026-09-18,CM,BSE,STK,544695,INE2B5L01011,MSAFE,MT,,,,,Msafe Equipments Limited,325.00,328.80,303.65,304.00,304.00,319.60,,304.00,,,26000,8114600.00,25,F1,1000,,,,,
2026-09-18,2026-09-18,CM,BSE,STK,544699,INE501X01029,AYE,B,,,,,Aye Finance Limited,182.00,188.20,180.00,185.95,185.00,180.95,,185.73,,,33663,6261110.00,775,F1,1,,,,,
2026-09-18,2026-09-18,CM,BSE,STK,544700,INE212S01015,FRACTAL,B,,,,,Fractal Analytics Limited,754.20,768.00,744.30,764.65,764.65,751.05,,764.37,,,46128,34920669.00,1717,F1,1,,,,,
2026-09-18,2026-09-18,CM,BSE,STK,544701,INF769K01QA6,HEALTHCARE,B,,,,,Mirae Asset Mutual Fund,21.84,21.86,21.71,21.83,21.85,21.69,,21.83,,,20791,453564.00,43,F1,1,,,,,
2026-09-18,2026-09-18,CM,BSE,STK,544702,INE0OU201013,DCMSIL,B,,,,,DCM SHRIRAM INTERNATIONAL LIMI,70.30,71.90,68.29,69.92,70.08,70.30,,70.25,,,78039,5406739.00,536,F1,1,,,,,
2026-09-18,2026-09-18,CM,BSE,STK,544703,INE0OFM01015,DSFCL,T,,,,,DCM SHRIRAM FINE CHEMICALS LIM,25.50,26.35,25.00,26.34,26.33,25.10,,26.29,,,67583,1726313.00,77,F1,1,,,,,
2026-09-18,2026-09-18,CM,BSE,STK,544704,INF769K01QB4,INFRA,B,,,,,Mirae Asset Mutual Fund,11.77,11.85,11.73,11.85,11.85,11.68,,11.85,,,8889,104815.00,30,F1,1,,,,,
2026-09-18,2026-09-18,CM,BSE,STK,544705,INF769K01QC2,DEFENCE,B,,,,,Mirae Asset Mutual Fund,75.72,78.85,75.72,78.54,78.50,77.67,,78.68,,,48586,3816544.00,154,F1,1,,,,,
2026-09-18,2026-09-18,CM,BSE,STK,544708,INE1O6P01016,YASHHTEJ,M,,,,,Yashhtej Industries (India) Li,49.21,49.26,49.21,49.26,49.26,49.20,,49.26,,,3600,177228.00,3,F1,1200,,,,,
2026-09-18,2026-09-18,CM,BSE,STK,544709,INE0P8B01020,GAUDIUMIVF,B,,,,,Gaudium IVF and Women Health L,118.70,118.70,115.00,116.05,116.60,115.15,,116.20,,,20707,2409612.00,450,F1,1,,,,,
2026-09-18,2026-09-18,CM,BSE,STK,544710,INE132201018,ACCORDTS,M,,,,,ACCORD TRANSFORMER & SWITCHGEA,65.50,65.80,64.13,64.25,64.25,63.87,,64.25,,,45000,2918940.00,15,F1,3000,,,,,
2026-09-18,2026-09-18,CM,BSE,STK,544711,INE1C3F01018,KIAASA,M,,,,,KIAASA RETAIL LIMITED,31.50,31.50,29.00,30.98,31.00,30.00,,30.98,,,28000,853220.00,24,F1,1000,,,,,
2026-09-18,2026-09-18,CM,BSE,STK,544716,INE19GK01015,SRTL,B,,,,,SHREE RAM TWISTEX LIMITED,37.26,38.00,36.61,38.00,38.00,37.94,,38.01,,,2937,110236.00,56,F1,1,,,,,
2026-09-18,2026-09-18,CM,BSE,STK,544717,INE647U01026,CLEANMAX,B,,,,,Clean Max Enviro Energy Soluti,1296.45,1306.75,1272.25,1279.90,1278.20,1288.60,,1279.42,,,3070,3936236.00,322,F1,1,,,,,
2026-09-18,2026-09-18,CM,BSE,STK,544718,INE1RDG01013,PNGSREVA,B,,,,,PNGS Reva Diamond Jewellery Li,488.40,507.15,488.40,494.10,493.70,490.65,,495.65,,,11159,5536992.00,418,F1,1,,,,,
2026-09-18,2026-09-18,CM,BSE,STK,544720,INE0UH301010,OMNI,B,,,,,Omnitech Engineering Limited,569.95,588.00,545.00,556.20,554.40,570.15,,556.15,,,331055,185671918.00,10889,F1,1,,,,,
2026-09-18,2026-09-18,CM,BSE,STK,544721,INF666M01OD9,GROWWHOSPI,B,,,,,Groww Mutual Fund,51.92,53.07,51.92,52.83,52.99,52.09,,53.01,,,8375,443271.00,49,F1,1,,,,,
2026-09-18,2026-09-18,CM,BSE,STK,544722,INF200KB1AJ0,SBIMIDMOM,B,,,,,SBI Mutual Fund,63.00,63.33,62.85,63.33,63.33,62.58,,63.33,,,1986,125163.00,10,F1,1,,,,,
2026-09-18,2026-09-18,CM,BSE,STK,544723,INE00XB01019,SEDEMAC,B,,,,,SEDEMAC MECHATRONICS LIMITED,3113.80,3233.60,3113.80,3150.90,3150.00,3105.70,,3147.92,,,9656,30737143.00,970,F1,1,,,,,
2026-09-18,2026-09-18,CM,BSE,STK,544724,INE1FEW01013,ELFIN,M,,,,,Elfin Agro India Limited,91.50,91.50,90.00,90.00,90.00,91.00,,90.00,,,12000,1092000.00,4,F1,3000,,,,,
2026-09-18,2026-09-18,CM,BSE,STK,544725,INF740KA1YH2,BANK10ADD,B,,,,,DSP BSE Top 10 Banks ETF,16.59,16.98,16.51,16.83,16.98,16.90,,16.62,,,122,2027.00,10,F1,1,,,,,
2026-09-18,2026-09-18,CM,BSE,STK,544726,INE0J0B01017,KOTYARK,T,,,,,Kotyark Industries Limited,30.71,31.67,30.56,30.74,31.28,31.30,,31.03,,,16090,498098.00,85,F1,1,,,,,
2026-09-18,2026-09-18,CM,BSE,STK,544731,INE313L01016,RSL,B,,,,,RAJPUTANA STAINLESS LIMITED,182.95,185.25,179.00,180.30,184.65,180.95,,181.14,,,13549,2471280.00,273,F1,1,,,,,
2026-09-18,2026-09-18,CM,BSE,STK,544732,INE0ADB01012,INNOVISION,B,,,,,Innovision Limited,254.00,255.45,251.20,253.85,255.45,254.60,,253.14,,,2037,514001.00,121,F1,1,,,,,
2026-09-18,2026-09-18,CM,BSE,STK,544733,INE713R01022,GSPCROP,B,,,,,GSP CROP SCIENCE LIMITED,487.15,493.15,479.65,482.30,482.00,484.95,,482.10,,,3480,1683666.00,233,F1,1,,,,,
2026-09-18,2026-09-18,CM,BSE,STK,544734,INE2PB023011,RIIT,IF,,,,,Raajmarg Infra Investment Trus,122.00,122.00,119.42,120.00,120.00,119.72,,119.99,,,1445,173594.00,31,F1,1,,,,,
2026-09-18,2026-09-18,CM,BSE,STK,544735,INE1TFS01019,NOVUS,M,,,,,Novus Loyalty Limited,205.00,206.95,202.00,204.00,204.00,205.95,,204.00,,,5000,1022950.00,5,F1,1000,,,,,
2026-09-18,2026-09-18,CM,BSE,STK,544737,INF769K01QV2,VALUE,B,,,,,Mirae Asset Mutual Fund,15.81,15.82,15.75,15.81,15.80,15.80,,15.80,,,1018,16082.00,12,F1,1,,,,,
2026-09-18,2026-09-18,CM,BSE,STK,544738,INE0R0M01014,SPML,M,,,,,SPECIALITY MEDICINES LIMITED,150.00,150.00,150.00,150.00,150.00,150.00,,150.00,,,3000,450000.00,3,F1,1000,,,,,
2026-09-18,2026-09-18,CM,BSE,STK,544739,INE05HV01027,CMPDI,B,,,,,Central Mine Planning & Design,207.80,216.45,204.70,214.35,215.00,205.60,,214.57,,,119549,25031845.00,1830,F1,1,,,,,
2026-09-18,2026-09-18,CM,BSE,STK,544740,INE1U6D01014,TIPCO,MT,,,,,Tipco Engineering India Limite,291.10,291.10,280.00,291.10,291.10,277.25,,291.10,,,214400,62189840.00,84,F1,1600,,,,,
2026-09-18,2026-09-18,CM,BSE,STK,544741,INE1KI801019,HIGHNESS,MT,,,,,Highness Microelectronics Limi,215.20,215.20,215.20,215.20,215.20,211.00,,215.20,,,2400,516480.00,2,F1,1200,,,,,
2026-09-18,2026-09-18,CM,BSE,STK,544742,INE0H9F01037,SAIPARENT,B,,,,,Sai Parenteral's Limited,512.75,520.00,508.70,510.95,511.65,510.30,,510.76,,,6336,3251048.00,497,F1,1,,,,,
2026-09-18,2026-09-18,CM,BSE,STK,544743,INE05TO01019,AEROPLANE,B,,,,,Amir Chand Jagdish Kumar (Expo,192.70,202.80,192.10,200.55,200.55,193.15,,201.46,,,30968,6159526.00,652,F1,1,,,,,
2026-09-18,2026-09-18,CM,BSE,STK,544744,INE921L01032,POWERICA,B,,,,,Powerica Ltd.,559.55,580.50,559.55,576.25,577.50,556.00,,576.29,,,9065,5205233.00,373,F1,1,,,,,
2026-09-18,2026-09-18,CM,BSE,STK,544745,INF200KB1AK8,SBINMID150,B,,,,,SBI Mutual Fund,22.97,23.09,22.73,22.85,22.85,22.58,,22.93,,,5500,125066.00,24,F1,1,,,,,
2026-09-18,2026-09-18,CM,BSE,STK,544746,INE0UMH01018,SCDL,M,,,,,SAFETY CONTROLS & DEVICES LIMI,70.50,71.69,64.50,65.12,65.40,68.20,,65.12,,,40000,2680000.00,24,F1,1600,,,,,
2026-09-18,2026-09-18,CM,BSE,STK,544747,INE1OSW01015,EMIAC,M,,,,,EMIAC TECHNOLOGIES LIMITED,93.75,98.00,93.75,98.00,98.00,95.00,,98.00,,,102000,9990900.00,3,F1,1200,,,,,
2026-09-18,2026-09-18,CM,BSE,STK,544748,INE840Y01029,ONEPOINT,B,,,,,ONE POINT ONE SOLUTIONS LIMITE,58.86,60.25,58.67,59.54,59.64,59.14,,59.63,,,36771,2184657.00,289,F1,1,,,,,
2026-09-18,2026-09-18,CM,BSE,STK,544750,INE25E901019,OMPOWER,B,,,,,OM POWER TRANSMISSION LIMITED,167.55,175.00,167.00,172.15,170.70,167.35,,172.35,,,13545,2305723.00,244,F1,1,,,,,
2026-09-18,2026-09-18,CM,BSE,STK,544751,INE1K0V01011,MTL,M,,,,,MEHUL TELECOM LIMITED,109.95,110.00,109.95,110.00,110.00,109.65,,110.00,,,2400,263940.00,2,F1,1200,,,,,
2026-09-18,2026-09-18,CM,BSE,STK,544753,INE2Q7823014,CITIUSINVT,IF,,,,,Citius TransNet Investment Tru,116.07,116.07,115.32,115.32,115.32,115.50,,115.71,,,151,17414.00,3,F1,1,,,,,
2026-09-18,2026-09-18,CM,BSE,STK,544754,INE12F801023,KISSHT,B,,,,,OnEMI Technology Solutions Lim,358.45,373.30,347.30,355.60,355.40,359.70,,356.03,,,181739,64760278.00,7555,F1,1,,,,,
2026-09-18,2026-09-18,CM,BSE,STK,544755,INE2B6701015,RECODE,MT,,,,,RECODE STUDIOS LIMITED,360.00,360.00,356.00,360.00,360.00,356.00,,360.00,,,6400,2291200.00,7,F1,800,,,,,
2026-09-18,2026-09-18,CM,BSE,STK,544756,INE368U01029,UNITEDPOLY,B,,,,,United Polyfab Gujarat Limited,44.51,46.00,43.17,45.88,45.89,44.06,,45.85,,,23223,1037905.00,346,F1,1,,,,,
2026-09-18,2026-09-18,CM,BSE,STK,544757,INE032Z01020,BSHSL,B,,,,,BOMBAY SUPER HYBRID SEEDS LIMI,90.00,90.45,85.28,89.50,89.50,90.00,,87.89,,,191,16512.00,18,F1,1,,,,,
2026-09-18,2026-09-18,CM,BSE,STK,544758,INE2OVN25015,BAGMANE,IF,,,,,Bagmane Prime Office REIT,109.94,110.80,107.10,107.90,107.90,109.94,,107.49,,,33870,3673920.00,446,F1,1,,,,,
2026-09-18,2026-09-18,CM,BSE,STK,544759,INE1CLW01015,GLPL,M,,,,,GOLDLINE PHARMACEUTICAL LIMITE,35.00,35.00,34.22,34.90,34.90,36.60,,34.90,,,9000,312360.00,3,F1,3000,,,,,
2026-09-18,2026-09-18,CM,BSE,STK,544760,INF740KA1ZA4,FMCGADD,B,,,,,DSP Nifty FMCG ETF,45.95,46.14,45.87,45.92,45.92,46.07,,46.02,,,1323,60978.00,12,F1,1,,,,,
2026-09-18,2026-09-18,CM,BSE,STK,544762,INF200KB1AX1,SBIVALETF,B,,,,,SBI Mutual Fund,14.58,14.58,14.37,14.47,14.45,14.39,,14.41,,,9704,139620.00,13,F1,1,,,,,
2026-09-18,2026-09-18,CM,BSE,STK,544763,INF200KB1AY9,SBISMLETF,B,,,,,SBI Mutual Fund,18.34,18.34,18.12,18.14,18.14,18.06,,18.38,,,3151,57262.00,16,F1,1,,,,,
2026-09-18,2026-09-18,CM,BSE,STK,544764,INE0JYY01029,MWL,B,,,,,Mangalam Worldwide Limited,40.00,44.00,39.88,42.46,42.65,40.21,,42.52,,,146001,6199255.00,519,F1,1,,,,,
2026-09-18,2026-09-18,CM,BSE,STK,544765,INE1L3801017,VPAL,MT,,,,,Vegorama Punjabi Angithi Limit,215.00,222.60,215.00,222.60,222.60,212.00,,222.60,,,54400,12083200.00,28,F1,1600,,,,,
2026-09-18,2026-09-18,CM,BSE,STK,544766,INF579M01BP5,MSCI360,B,,,,,360 ONE Mutual Fund,9.89,9.89,9.85,9.85,9.85,9.85,,9.96,,,135,1334.00,4,F1,1,,,,,
2026-09-18,2026-09-18,CM,BSE,STK,544767,INE18HI01019,AFLTD,MT,,,,,Autofurnish Limited,93.00,94.00,93.00,93.50,94.00,90.88,,93.50,,,6000,561000.00,2,F1,3000,,,,,
2026-09-18,2026-09-18,CM,BSE,STK,544768,INE0YD301010,MANIVENI,M,,,,,M.R.MANIVENI FOODS LIMITED,26.00,26.00,26.00,26.00,26.00,26.00,,26.00,,,2000,52000.00,1,F1,2000,,,,,
2026-09-18,2026-09-18,CM,BSE,STK,544769,INE1UYW01010,HARIKANTA,M,,,,,HARIKANTA OVERSEAS LIMITED,63.97,63.97,63.50,63.50,63.50,63.66,,63.50,,,2400,152964.00,2,F1,1200,,,,,
2026-09-18,2026-09-18,CM,BSE,STK,544770,INE1T6L01010,YAASHVI,M,,,,,YAASHVI JEWELLERS LIMITED,72.65,72.65,70.10,71.28,70.35,73.75,,71.28,,,25600,1838480.00,15,F1,1600,,,,,
2026-09-18,2026-09-18,CM,BSE,STK,544771,INE1GM501015,RFIL,M,,,,,Rajnandini Fashion India Limit,27.50,29.10,27.00,27.00,27.00,29.20,,27.00,,,12000,331400.00,6,F1,2000,,,,,
2026-09-18,2026-09-18,CM,BSE,STK,544772,INE1KVL01010,AUREATE,M,,,,,AUREATE TRADDE LIMITED,37.00,38.00,34.82,38.00,38.00,37.94,,38.00,,,272000,9990400.00,61,F1,2000,,,,,
2026-09-18,2026-09-18,CM,BSE,STK,544773,INE1RQS01010,MRTX,M,,,,,Merritronix Limited,385.00,406.95,384.95,399.30,397.10,380.50,,399.30,,,161000,64168050.00,150,F1,1000,,,,,
2026-09-18,2026-09-18,CM,BSE,STK,544774,INE11XK01017,SMR,M,,,,,SMR Jewels Limited,101.40,101.40,95.00,95.00,95.00,96.00,,95.00,,,8000,766900.00,8,F1,1000,,,,,
2026-09-18,2026-09-18,CM,BSE,STK,544777,INE00WV01027,CMRGREEN,B,,,,,CMR Green Technologies Limited,213.00,234.45,213.00,231.95,231.95,213.75,,231.88,,,257372,59298883.00,5680,F1,1,,,,,
2026-09-18,2026-09-18,CM,BSE,STK,544778,INE0H3U01013,VAHH,M,,,,,Vahh Chemicals Limited,53.00,55.00,53.00,54.90,55.00,49.11,,54.90,,,16000,867400.00,6,F1,2000,,,,,
2026-09-18,2026-09-18,CM,BSE,STK,544779,INE0YZ901011,UHMVL,M,,,,,UHM Vacation Limited,29.20,31.25,29.05,30.97,30.91,30.60,,30.97,,,18400,551456.00,21,F1,800,,,,,
2026-09-18,2026-09-18,CM,BSE,STK,544780,INE1CDF01017,VAML,B,,,,,Vedanta Aluminium Metal Limite,407.00,418.70,407.00,416.25,416.25,404.45,,416.50,,,299005,123369598.00,6752,F1,1,,,,,
2026-09-18,2026-09-18,CM,BSE,STK,544781,INE694L01019,VEDPOWER,B,,,,,Vedanta Power Limited,31.17,31.61,30.44,31.19,31.19,31.01,,31.17,,,1105845,34078610.00,5819,F1,1,,,,,
2026-09-18,2026-09-18,CM,BSE,STK,544782,INE704J01044,VOGL,B,,,,,Vedanta Oil and Gas Limited,35.02,35.21,34.02,34.24,34.24,34.84,,34.26,,,2469987,84984092.00,8379,F1,1,,,,,
2026-09-18,2026-09-18,CM,BSE,STK,544783,INE255Z01027,E2E,T,,,,,E2E Networks Limited,604.45,615.20,593.30,609.60,608.95,604.45,,607.76,,,131491,79794658.00,3007,F1,1,,,,,
2026-09-18,2026-09-18,CM,BSE,STK,544784,INE1CLE01013,VISL,B,,,,,Vedanta Iron and Steel Limited,32.33,32.40,30.41,30.92,30.92,31.83,,30.91,,,2550097,79702949.00,13006,F1,1,,,,,
2026-09-18,2026-09-18,CM,BSE,STK,544785,INE0JUI01012,HEXAGON,T,,,,,Hexagon Nutrition Limited,64.38,66.70,63.51,66.30,66.37,63.96,,66.27,,,9669,630309.00,87,F1,1,,,,,
2026-09-18,2026-09-18,CM,BSE,STK,544786,INE155D01018,SELECTRIC,B,,,,,Schneider Electric President S,1759.90,1763.90,1671.95,1706.80,1707.00,1740.25,,1706.80,,,8413,14421121.00,536,F1,1,,,,,
2026-09-18,2026-09-18,CM,BSE,STK,544793,INE2L0V01019,SUSAN,MT,,,,,Susan Electricals India Limite,297.00,314.40,297.00,314.40,314.40,299.45,,314.40,,,93000,28822000.00,85,F1,1000,,,,,
2026-09-18,2026-09-18,CM,BSE,STK,544794,INE1SEO01013,HORIZON,M,,,,,HORIZON RECLAIM (INDIA) LIMITE,127.00,144.00,127.00,138.40,139.00,124.15,,138.40,,,248400,33893160.00,136,F1,1200,,,,,
2026-09-18,2026-09-18,CM,BSE,STK,544795,INF109K1A476,SMALLIETF,B,,,,,ICICI Prudential Mutual Fund,18.29,18.29,18.28,18.28,18.28,18.08,,18.35,,,149,2724.00,4,F1,1,,,,,
2026-09-18,2026-09-18,CM,BSE,STK,544796,INE0TKX01011,LIOTECH,M,,,,,LIOTECH INDUSTRIES LIMITED,87.80,87.95,85.06,85.48,85.48,87.95,,85.48,,,3200,276664.00,8,F1,400,,,,,
2026-09-18,2026-09-18,CM,BSE,STK,544797,INE0X6O01027,LESL,M,,,,,LEAPFROG ENGINEERING SERVICES,21.00,21.10,21.00,21.00,21.00,21.70,,21.00,,,546000,11472000.00,4,F1,6000,,,,,
2026-09-18,2026-09-18,CM,BSE,STK,544798,INE1OSI01014,DIKSHA,MT,,,,,DIKSHA POLYMERS LIMITED,205.00,205.00,205.00,205.00,205.00,205.00,,205.00,,,1200,246000.00,1,F1,1200,,,,,
2026-09-18,2026-09-18,CM,BSE,STK,544799,INE0OC301013,TURTLEMINT,B,,,,,Turtlemint Fintech Solutions L,133.60,136.95,131.10,134.25,133.70,131.60,,134.12,,,94114,12581956.00,1065,F1,1,,,,,
2026-09-18,2026-09-18,CM,BSE,STK,544800,INE1O7201010,ANUBHAV,M,,,,,ANUBHAV PLAST LIMITED,40.00,40.55,39.00,40.55,40.55,39.90,,40.55,,,4800,191280.00,3,F1,1600,,,,,
2026-09-18,2026-09-18,CM,BSE,STK,544802,INE0LZF01039,CORDELIA,B,,,,,Waterways Leisure Tourism Limi,107.70,115.15,107.70,115.10,115.10,109.70,,115.14,,,365642,41902874.00,2509,F1,1,,,,,
2026-09-18,2026-09-18,CM,BSE,STK,544803,INE1SJO01012,RAMBHAJO,B,,,,,Advit Jewels Limited,270.50,292.80,263.95,291.05,289.10,266.20,,290.88,,,204127,58119601.00,1683,F1,1,,,,,
2026-09-18,2026-09-18,CM,BSE,STK,544806,INE0ZK601013,CSM,B,,,,,CSM TECHNOLOGIES LIMITED,104.06,114.50,101.21,110.51,110.51,102.79,,109.88,,,418200,45580929.00,3334,F1,1,,,,,
2026-09-18,2026-09-18,CM,BSE,STK,544807,INE0RBX01014,CRAZY,M,,,,,CRAZY SNACKS LIMITED,57.90,57.90,57.90,57.90,57.90,58.00,,57.90,,,6000,347400.00,1,F1,3000,,,,,
2026-09-18,2026-09-18,CM,BSE,STK,544808,INE2FMX01012,AASTHA,B,,,,,AASTHA SPINTEX LIMITED,77.54,77.55,74.72,76.27,76.08,76.80,,76.25,,,84498,6376448.00,481,F1,1,,,,,
2026-09-18,2026-09-18,CM,BSE,STK,544809,INE1SME01017,ADON,M,,,,,ADON AGRO COMMODITIES LIMITED,102.99,103.00,98.00,101.00,101.00,103.00,,101.00,,,36000,3642020.00,15,F1,2000,,,,,
2026-09-18,2026-09-18,CM,BSE,STK,544810,INE147701010,SILL,M,,,,,Sampark India Logistics Limite,102.78,112.00,102.78,106.25,103.00,102.78,,106.25,,,24000,2599840.00,15,F1,1600,,,,,
2026-09-18,2026-09-18,CM,BSE,STK,544811,INE1L0M01019,KRATIKAL,M,,,,,KRATIKAL TECH LIMITED,159.60,160.80,156.00,160.30,160.80,159.60,,160.30,,,20000,3174050.00,14,F1,1000,,,,,
2026-09-18,2026-09-18,CM,BSE,STK,544812,INE226801012,ATHARVA,M,,,,,Atharva Poly-Plast Limited,104.89,108.13,102.07,108.13,108.13,102.99,,108.13,,,46000,4908120.00,19,F1,2000,,,,,
2026-09-18,2026-09-18,CM,BSE,STK,544813,INE1EVO01017,SEEMAX,M,,,,,Seemax Resources Limited,56.50,56.50,56.50,56.50,56.50,55.05,,56.50,,,4000,226000.00,3,F1,1000,,,,,
2026-09-18,2026-09-18,CM,BSE,STK,544814,INE17QZ01016,KNACK,B,,,,,KNACK PACKAGING LIMITED,183.10,187.00,182.35,183.00,182.85,183.90,,182.61,,,18385,3395927.00,466,F1,1,,,,,
2026-09-18,2026-09-18,CM,BSE,STK,544821,INE0ISX01025,KUSUMGAR,B,,,,,Kusumgar Limited,558.95,594.40,558.00,590.95,590.35,551.35,,591.19,,,21098,12303708.00,827,F1,1,,,,,
2026-09-18,2026-09-18,CM,BSE,STK,544822,INE17IR01028,LASERPOWER,B,,,,,Laser Power & Infra Limited,270.20,284.00,270.10,281.30,281.30,269.15,,280.80,,,57817,16101826.00,1516,F1,1,,,,,
2026-09-18,2026-09-18,CM,BSE,STK,544823,INE2KRP01017,DEVSON,MT,,,,,DEVSON CATALYST LIMITED,330.00,336.00,326.00,332.45,334.00,330.70,,332.45,,,33600,11092440.00,28,F1,1200,,,,,
2026-09-18,2026-09-18,CM,BSE,STK,544825,INE1JCQ01037,ALPINETEX,B,,,,,ALPINE TEXWORLD LIMITED,52.63,54.03,52.30,52.93,52.66,52.78,,52.69,,,12761,680305.00,585,F1,1,,,,,
2026-09-18,2026-09-18,CM,BSE,STK,544826,INE1SRC01010,MILLWORKS,M,,,,,MILLWORKS TECHNOLOGIES LIMITED,1212.00,1246.00,1193.20,1235.25,1240.00,1201.30,,1235.25,,,88800,108804260.00,189,F1,400,,,,,
2026-09-18,2026-09-18,CM,BSE,STK,544827,INF0QA701CI0,BANK10BETF,B,,,,,Bajaj Finserv Mutual Fund,20.51,20.58,20.31,20.58,20.58,20.35,,20.47,,,133,2715.00,5,F1,1,,,,,
2026-09-18,2026-09-18,CM,BSE,STK,544829,INE640G01020,SBIFUNDS,A,,,,,SBI Funds Management Limited,540.35,567.20,537.90,562.40,562.40,540.20,,561.40,,,80379,44603885.00,3093,F1,1,,,,,
2026-09-18,2026-09-18,CM,BSE,STK,544830,INF769K01RC0,MOMMIDCAP,B,,,,,Mirae Asset Mutual Fund,12.80,12.92,12.80,12.91,12.92,12.73,,12.90,,,101865,1312474.00,33,F1,1,,,,,
2026-09-18,2026-09-18,CM,BSE,STK,544831,INE208H01016,MEEIND,B,,,,,MEENAKSHI INDIA LIMITED,413.05,413.05,383.45,402.50,403.00,392.00,,402.50,,,5121,2025820.00,919,F1,1,,,,,
2026-09-18,2026-09-18,CM,BSE,STK,544832,INE12Z301012,SOTEFIN,M,,,,,Sotefin Bharat Limited,284.00,285.00,279.80,284.05,285.00,282.25,,284.05,,,13800,3900390.00,23,F1,600,,,,,
2026-09-18,2026-09-18,CM,BSE,STK,544833,INE11XY01018,CMLL,B,,,,,CALIBER MINING AND LOGISTICS L,481.85,483.15,470.70,479.55,479.55,482.85,,478.04,,,26147,12474799.00,964,F1,1,,,,,
2026-09-18,2026-09-18,CM,BSE,STK,544834,INE1WDC01012,GULFLLOYDS,M,,,,,GULF LLOYDS (INDIA) LIMITED,31.70,32.40,31.70,32.35,32.35,31.55,,32.35,,,7200,232284.00,6,F1,1200,,,,,
2026-09-18,2026-09-18,CM,BSE,STK,544835,INE1N3Y01016,MALA,M,,,,,Shree Balaji (Mala) Textiles L,52.00,55.98,52.00,55.00,55.00,51.89,,55.00,,,26000,1425200.00,13,F1,2000,,,,,
2026-09-18,2026-09-18,CM,BSE,STK,544837,INE084101034,INDOMIM,B,,,,,INDO-MIM Limited,1000.25,1063.80,990.85,1057.85,1057.85,993.65,,1056.00,,,297850,308459992.00,13766,F1,1,,,,,
2026-09-18,2026-09-18,CM,BSE,STK,544838,INE0NG701011,XTRANET,B,,,,,XTRANET TECHNOLOGIES LIMITED,303.05,330.00,303.05,312.30,312.30,302.60,,312.17,,,367657,115824434.00,4823,F1,1,,,,,
2026-09-18,2026-09-18,CM,BSE,STK,544839,INE0QJW01029,LCL,B,,,,,Lohia Corp Limited,526.85,547.00,526.85,538.40,536.95,524.95,,538.59,,,29607,15992497.00,1093,F1,1,,,,,
2026-09-18,2026-09-18,CM,BSE,STK,544840,INE1EJ401023,SSPRL,M,,,,,SILVERSTORM PARKS AND RESORTS,125.30,134.80,125.30,129.05,129.05,128.00,,129.05,,,57000,7503850.00,48,F1,1000,,,,,
2026-09-18,2026-09-18,CM,BSE,STK,544841,INF769K01RJ5,HYBRIDETF,F,,,,,Mirae Asset Mutual Fund,9.94,10.00,9.94,10.00,10.00,9.95,,10.00,,,370,3688.00,7,F1,1,,,,,
2026-09-18,2026-09-18,CM,BSE,STK,544842,INF179KC1KT4,HDFCNIMEG,B,,,,,HDFC Mutual Fund,129.06,130.31,129.06,130.31,130.31,128.01,,129.90,,,6,776.00,2,F1,1,,,,,
2026-09-18,2026-09-18,CM,BSE,STK,544843,INE13ZJ01010,ADVANCETL,M,,,,,ADVANCE TECHNOFORGE LIMITED,62.00,63.00,58.00,58.80,59.99,60.00,,58.80,,,64800,3977532.00,43,F1,1200,,,,,
2026-09-18,2026-09-18,CM,BSE,STK,544844,INE288301026,PPEL,M,,,,,POOJAA PRECISION ENGG. LIMITED,680.30,720.00,680.30,705.95,709.00,680.30,,705.95,,,166400,116860120.00,292,F1,400,,,,,
2026-09-18,2026-09-18,CM,BSE,STK,544845,INF109K1A567,INSUREIETF,B,,,,,ICICI Prudential Mutual Fund,15.14,15.14,15.12,15.13,15.13,15.08,,15.11,,,56,847.00,7,F1,1,,,,,
2026-09-18,2026-09-18,CM,BSE,STK,544846,INF754K01XI7,ELMDIV,B,,,,,Edelweiss Mutual Fund,35.45,35.65,35.42,35.65,35.65,35.54,,35.58,,,39,1383.00,4,F1,1,,,,,
2026-09-18,2026-09-18,CM,BSE,STK,544847,INE459N01021,MANIPALHOS,B,,,,,Manipal Health Enterprises Lim,725.75,742.00,725.75,738.40,737.50,721.30,,738.93,,,33681,24789918.00,1568,F1,1,,,,,
2026-09-18,2026-09-18,CM,BSE,STK,544848,INE17DP01015,HRHYGIENE,M,,,,,H. R. HYGIENE PRODUCTS LIMITED,59.00,62.00,58.00,58.06,58.06,58.00,,58.06,,,28800,1726304.00,17,F1,1600,,,,,
2026-09-18,2026-09-18,CM,BSE,STK,544849,INF754K01XH9,EBANK10,B,,,,,Edelweiss Mutual Fund,16.47,16.47,16.37,16.37,16.37,16.50,,16.57,,,2688,44002.00,2,F1,1,,,,,
2026-09-18,2026-09-18,CM,BSE,STK,544851,INE0OWZ01020,MVELECTRO,B,,,,,MV ELECTROSYSTEMS LIMITED,795.00,840.95,776.05,833.70,833.70,797.65,,832.83,,,228813,186092024.00,6089,F1,1,,,,,
2026-09-18,2026-09-18,CM,BSE,STK,544852,INE0UR501013,ONEINDIG,M,,,,,Oneindig Technologies Limited,138.00,138.00,138.00,138.00,138.00,137.65,,138.00,,,1200,165600.00,1,F1,1200,,,,,
2026-09-18,2026-09-18,CM,BSE,STK,544853,INE05C901015,JNPR,B,,,,,Juniper Green Energy Limited,257.55,266.50,256.40,265.10,265.00,257.50,,265.15,,,277082,72551816.00,1338,F1,1,,,,,
2026-09-18,2026-09-18,CM,BSE,STK,544854,INE1HX301016,DHAVAL,M,,,,,Dhaval Packaging Limited,118.00,118.00,115.00,115.50,115.50,117.70,,115.50,,,32400,3770700.00,22,F1,1200,,,,,
2026-09-18,2026-09-18,CM,BSE,STK,544855,INE13LA01027,PRIMAINNO,X,,,,,Prima Innovation Limited,27.44,27.44,25.00,25.43,25.90,25.56,,25.43,,,5827,147653.00,63,F1,1,,,,,
2026-09-18,2026-09-18,CM,BSE,STK,544856,INE1LMA01010,KLASSROOM,M,,,,,FUSION KLASSROOM EDUTECH LIMIT,168.60,170.00,166.75,170.00,170.00,170.00,,170.00,,,8000,1345680.00,10,F1,800,,,,,
2026-09-18,2026-09-18,CM,BSE,STK,544858,INE0WR901013,AEGEUS,M,,,,,AEGEUS TECHNOLOGIES LIMITED,135.00,142.00,135.00,137.20,137.20,135.00,,137.20,,,55200,7635240.00,40,F1,1200,,,,,
2026-09-18,2026-09-18,CM,BSE,STK,544859,INE1ZGR01024,GVELECTRIC,M,,,,,G V ELECTRICALS LTD,138.00,138.90,134.10,134.35,134.10,139.80,,134.35,,,26000,3544550.00,25,F1,1000,,,,,
2026-09-18,2026-09-18,CM,BSE,STK,544860,INE0XNF01022,ARDEE,B,,,,,Ardee Industries Limited,48.90,49.50,48.37,49.41,49.20,49.01,,49.29,,,217557,10651601.00,1268,F1,1,,,,,
2026-09-18,2026-09-18,CM,BSE,STK,544861,INE0GMR01016,SWARAJ,T,,,,,Swaraj Suiting Limited,273.25,281.85,273.25,273.25,273.25,287.60,,273.05,,,27710,7613399.00,134,F1,1,,,,,
2026-09-18,2026-09-18,CM,BSE,STK,544862,INE880Y01017,SOLEX,B,,,,,Solex Energy Limited,681.30,717.90,677.00,694.45,701.60,666.35,,694.99,,,6854,4800205.00,552,F1,1,,,,,
2026-09-18,2026-09-18,CM,BSE,STK,544863,INE0X9I01023,LAPL,M,,,,,LAPL AUTOMOTIVE LIMITED,107.90,107.95,103.10,104.90,105.00,105.00,,104.90,,,18000,1894200.00,15,F1,1200,,,,,
2026-09-18,2026-09-18,CM,BSE,STK,544864,INE1D0W01018,TECHNOCRAF,B,,,,,Technocraft Ventures Limited,441.70,453.45,437.05,442.20,442.00,438.75,,440.82,,,48062,21376683.00,897,F1,1,,,,,
2026-09-18,2026-09-18,CM,BSE,STK,544865,INE00GO01025,LEAPIND,B,,,,,LEAP India Limited,136.05,142.85,135.50,140.30,139.85,136.20,,140.46,,,202620,28123696.00,2509,F1,1,,,,,
2026-09-18,2026-09-18,CM,BSE,STK,544866,INE869T01028,MOLBIO,B,,,,,MOLBIO DIAGNOSTICS LIMITED,1298.65,1315.00,1263.45,1288.60,1288.60,1285.05,,1288.32,,,171841,221434631.00,5396,F1,1,,,,,
2026-09-18,2026-09-18,CM,BSE,STK,544867,INE01NH01023,DHOOTTRANS,B,,,,,Dhoot Transmission Limited,1576.60,1604.15,1560.00,1590.55,1588.15,1575.65,,1590.70,,,93428,148259883.00,3084,F1,1,,,,,
2026-09-18,2026-09-18,CM,BSE,STK,544868,INE00IT01020,MILKYMIST,B,,,,,Milky Mist Dairy Food Limited,276.70,283.80,271.70,274.15,274.15,274.40,,274.07,,,482690,134268962.00,3582,F1,1,,,,,
2026-09-18,2026-09-18,CM,BSE,STK,544869,INE0Z9N01013,SHAMFOAM,M,,,,,Sham Foam Limited,57.00,57.00,57.00,57.00,57.00,57.05,,57.00,,,15000,855000.00,6,F1,1000,,,,,
2026-09-18,2026-09-18,CM,BSE,STK,544870,INE1EEM01017,BLEL,B,,,,,BEHARI LAL ENGINEERING LIMITED,437.10,443.00,434.35,440.10,441.00,436.30,,440.38,,,27413,12018331.00,848,F1,1,,,,,
2026-09-18,2026-09-18,CM,BSE,STK,544871,INE0FOO01011,SHIPROCKET,B,,,,,Shiprocket Limited,122.40,122.60,120.50,121.55,121.55,121.00,,121.59,,,208026,25261156.00,1685,F1,1,,,,,
2026-09-18,2026-09-18,CM,BSE,STK,544872,INE13G401012,QTFOODS,M,,,,,Q&T FOODS LIMITED,32.90,35.08,31.74,35.08,35.08,33.41,,35.08,,,364800,12264852.00,174,F1,1200,,,,,
2026-09-18,2026-09-18,CM,BSE,STK,544873,INF22M001184,NIFTYJBLK,B,,,,,Jio BlackRock Mutual Fund,12.30,12.30,11.80,12.00,12.11,12.00,,11.98,,,6326,75560.00,89,F1,1,,,,,
2026-09-18,2026-09-18,CM,BSE,STK,544874,INF769K01RK3,LARGEMID50,B,,,,,Mirae Asset Mutual Fund,35.45,35.49,35.45,35.49,35.49,35.13,,35.52,,,15,531.00,2,F1,1,,,,,
2026-09-18,2026-09-18,CM,BSE,STK,544876,INE23ER01017,ENS,M,,,,,ENS Enterprises Limited,101.30,102.70,101.30,102.50,102.70,101.30,,102.50,,,25200,2564940.00,13,F1,1200,,,,,
2026-09-18,2026-09-18,CM,BSE,STK,544877,INE19QK01022,TECHNOCRAT,MT,,,,,Technocrats Plasma Systems Lim,372.00,380.00,365.00,368.00,372.00,368.75,,368.00,,,39000,14510700.00,34,F1,1000,,,,,
2026-09-18,2026-09-18,CM,BSE,STK,544878,INF205KA1CA1,IVZSENSEX,B,,,,,INVESCO MUTUAL FUND,74.16,76.01,74.16,74.70,74.70,74.99,,74.63,,,563,41763.00,4,F1,1,,,,,
2026-09-18,2026-09-18,CM,BSE,STK,544879,INE0K9O01026,LALITHAA,B,,,,,Lalithaa Jewellery Mart Limite,280.15,304.80,277.00,304.80,304.80,290.30,,304.90,,,516117,150301101.00,4693,F1,1,,,,,
2026-09-18,2026-09-18,CM,BSE,STK,544880,INE685T01010,HORIZONIND,B,,,,,Horizon Industrial Parks Limit,51.99,54.50,51.87,54.19,54.18,52.17,,54.23,,,188788,10139638.00,938,F1,1,,,,,
2026-09-18,2026-09-18,CM,BSE,STK,544881,INE1B3O01011,SUNSHINE,B,,,,,Sunshine Pictures Limited,415.95,415.95,391.25,400.90,397.30,393.60,,398.36,,,62439,25107116.00,2304,F1,1,,,,,
2026-09-18,2026-09-18,CM,BSE,STK,544882,INE1WFC01025,SHANKESH,B,,,,,Shankesh Jewellers Limited,90.06,95.32,89.07,93.04,93.04,89.07,,93.06,,,369884,34347713.00,2858,F1,1,,,,,
2026-09-18,2026-09-18,CM,BSE,STK,544883,INE2F5H01015,MOPSHOP,M,,,,,MOPSHOP DISTRIBUTION LIMITED,48.90,48.90,48.90,48.90,48.90,51.45,,48.90,,,3000,146700.00,3,F1,1000,,,,,
2026-09-18,2026-09-18,CM,BSE,STK,544884,INE0VWO01011,DHANWEL,M,,,,,Dhanwel Hybrid Seeds Limited,48.40,48.40,48.40,48.40,48.40,44.00,,48.40,,,8400,406560.00,6,F1,1200,,,,,
2026-09-18,2026-09-18,CM,BSE,STK,544885,INE18UN01038,GAJA,B,,,,,Gaja Alternative Asset Managem,145.60,145.60,142.00,142.60,142.60,145.00,,142.51,,,19101,2726136.00,321,F1,1,,,,,
2026-09-18,2026-09-18,CM,BSE,STK,544886,INE1KZI01025,TEMPSENS,B,,,,,TEMPSENS INSTRUMENTS (INDIA) L,543.55,551.45,527.00,532.00,532.00,541.75,,531.63,,,154346,82828977.00,3540,F1,1,,,,,
2026-09-18,2026-09-18,CM,BSE,STK,544887,INF789F1AG76,NIF500BETA,B,,,,,UTI Mutual Fund,37.13,37.13,37.13,37.13,37.13,36.65,,36.66,,,1,37.00,1,F1,1,,,,,
2026-09-18,2026-09-18,CM,BSE,STK,544888,INE16W401027,AUGMONT,B,,,,,Augmont Enterprises Limited,814.15,883.60,814.15,875.90,875.90,811.45,,874.48,,,73635,63041575.00,3545,F1,1,,,,,
2026-09-18,2026-09-18,CM,BSE,STK,544889,INE899I01028,SYMBIOTEC,B,,,,,SYMBIOTEC PHARMALAB LIMITED,1050.00,1106.00,1047.65,1093.25,1093.25,1046.80,,1095.03,,,79915,85952273.00,3820,F1,1,,,,,
2026-09-18,2026-09-18,CM,BSE,STK,544890,INE0PX301025,SKYWAYS,B,,,,,SKYWAYS AIR SERVICES LIMITED,126.05,135.20,122.65,124.70,124.70,118.00,,124.43,,,4280746,555869408.00,24197,F1,1,,,,,
2026-09-18,2026-09-18,CM,BSE,STK,544891,INE0LEG01024,HTEL,B,,,,,Hy-Tech Engineers Limited,73.53,79.25,71.48,76.65,76.65,72.09,,76.76,,,847791,64309695.00,4142,F1,1,,,,,
2026-09-18,2026-09-18,CM,BSE,STK,544892,INF846KA1598,ENERGYAXIS,B,,,,,Axis Mutual Fund,18.86,19.10,18.74,19.10,19.10,18.85,,19.00,,,7269,137085.00,15,F1,1,,,,,
2026-09-18,2026-09-18,CM,BSE,STK,544893,INE103001017,ANNU,B,,,,,Annu Projects Limited,48.91,52.40,48.91,50.48,50.48,49.26,,50.46,,,157123,8004823.00,1243,F1,1,,,,,
2026-09-18,2026-09-18,CM,BSE,STK,544894,INE185Q01025,LUMINO,B,,,,,LUMINO INDUSTRIES LIMITED,109.24,112.90,107.33,111.77,111.77,107.41,,111.54,,,1589835,176016745.00,13443,F1,1,,,,,
2026-09-18,2026-09-18,CM,BSE,STK,544895,INE1SFA01019,KWICK,M,,,,,KWICK FORENSIC SOLUTIONS LIMIT,140.17,154.00,134.15,147.77,148.49,139.38,,147.77,,,654400,96606560.00,385,F1,1600,,,,,
2026-09-18,2026-09-18,CM,BSE,STK,544897,INE0LHB01010,PALUCK,MT,,,,,Paluck Technologies Limited,45.90,48.20,45.60,47.40,47.40,46.00,,47.40,,,90000,4284270.00,29,F1,3000,,,,,
2026-09-18,2026-09-18,CM,BSE,STK,544898,INE0DRI01029,ESDS,B,,,,,ESDS Software Solution Limited,1576.00,1593.95,1545.15,1545.15,1545.15,1626.45,,1551.93,,,344361,533988020.00,3917,F1,1,,,,,
2026-09-18,2026-09-18,CM,BSE,STK,544899,INE15EH01014,PRIORITY,T,,,,,Priority Jewels Limited,218.05,231.75,216.15,231.70,231.75,220.75,,231.95,,,20878,4792067.00,242,F1,1,,,,,
2026-09-18,2026-09-18,CM,BSE,STK,544900,INE2K6801014,CSML,MT,,,,,COMPLETE SPORTS AND MANAGEMENT,143.00,149.50,143.00,145.00,143.00,143.35,,145.00,,,39000,5719650.00,26,F1,1000,,,,,
2026-09-18,2026-09-18,CM,BSE,STK,544901,INE0I1B01016,PERNIASPOP,B,,,,,PURPLE STYLE LABS LIMITED,554.00,554.00,537.30,546.40,547.00,555.95,,546.45,,,14058,7629312.00,842,F1,1,,,,,
2026-09-18,2026-09-18,CM,BSE,STK,544902,INE24YP01017,PHYCHEM,MT,,,,,Phychem Technologies Limited,45.88,45.99,45.88,45.94,45.99,43.85,,45.94,,,8000,367300.00,4,F1,2000,,,,,
2026-09-18,2026-09-18,CM,BSE,STK,544903,INE1M2N01020,DEEPA,B,,,,,Deepa Jewellers Limited,175.05,191.55,171.50,188.60,188.60,173.25,,188.33,,,354436,65347220.00,4018,F1,1,,,,,
2026-09-18,2026-09-18,CM,BSE,STK,544904,INE2J7801015,FLYHI,MT,,,,,FLY-HI MARITIME TRAVELS LIMITE,54.25,54.25,54.25,54.25,54.25,57.10,,54.25,,,1200,65100.00,1,F1,1200,,,,,
2026-09-18,2026-09-18,CM,BSE,STK,544906,INE1FCO01014,MOMSBELIEF,T,,,,,Rays of Belief Limited,217.20,225.00,212.50,222.15,222.15,218.25,,223.58,,,8760,1918922.00,135,F1,1,,,,,
2026-09-18,2026-09-18,CM,BSE,STK,544908,INE0JHH01011,DOLLEX,B,,,,,Dollex Agrotech Limited,37.96,39.90,36.70,38.00,38.00,37.12,,37.21,,,1715,64669.00,10,F1,1,,,,,
2026-09-18,2026-09-18,CM,BSE,STK,544909,INE0H4201019,PRANAV,B,,,,,PRANAV CONSTRUCTIONS LIMITED,111.20,111.30,106.30,107.55,107.55,111.15,,107.55,,,401910,43540700.00,3993,F1,1,,,,,
2026-09-18,2026-09-18,CM,BSE,STK,544910,INE1ET101019,APANA,MT,,,,,Apana Logistics Limited,48.88,48.88,48.88,48.88,48.88,51.45,,48.88,,,8000,391040.00,4,F1,2000,,,,,
2026-09-18,2026-09-18,CM,BSE,STK,544911,INE877D01025,KANOHAR,B,,,,,Kanohar Electricals Limited,829.95,855.00,780.25,787.95,787.95,818.70,,786.87,,,815007,666353850.00,26105,F1,1,,,,,
2026-09-18,2026-09-18,CM,BSE,STK,544912,INE455U01024,PRASOLCHEM,B,,,,,Prasol Chemicals Limited,679.00,734.30,675.35,700.85,700.00,678.65,,703.30,,,101539,71987461.00,5848,F1,1,,,,,
2026-09-18,2026-09-18,CM,BSE,STK,544913,INE644Q01039,GLASSWALL,B,,,,,Glass Wall Systems (India) Lim,267.15,304.50,258.45,270.15,270.15,258.40,,269.55,,,6128376,1721839335.00,56901,F1,1,,,,,
2026-09-18,2026-09-18,CM,BSE,STK,544914,INE0FRO01022,STEAMHOUSE,B,,,,,Steamhouse India Limited,100.50,105.99,94.92,97.72,98.77,102.20,,97.92,,,2088210,206164893.00,10565,F1,1,,,,,
2026-09-18,2026-09-18,CM,BSE,STK,544915,INE08T701025,RENTOMOJO,B,,,,,Rentomojo Limited,566.95,581.45,492.20,513.10,513.10,532.95,,512.78,,,3322816,1786292811.00,79682,F1,1,,,,,
2026-09-18,2026-09-18,CM,BSE,STK,544916,INE241U01028,MPIMANIPAL,B,,,,,Manipal Payment and Identity S,348.30,350.00,329.25,341.10,341.10,345.75,,341.33,,,187772,63768892.00,7271,F1,1,,,,,
2026-09-18,2026-09-18,CM,BSE,STK,544917,INE590T01012,KARAMTARA,B,,,,,KARAMTARA ENGINEERING LIMITED,366.35,378.20,331.10,356.35,356.35,351.95,,355.58,,,2058455,729418035.00,33512,F1,1,,,,,
2026-09-18,2026-09-18,CM,BSE,STK,544918,INE1FPN01026,LCCPROJECT,B,,,,,LCC PROJECTS LIMITED,159.05,163.50,155.50,155.60,155.60,172.75,,155.75,,,1402109,219253922.00,13613,F1,1,,,,,
2026-09-18,2026-09-18,CM,BSE,STK,544919,INE1YC401018,INFRAX,MT,,,,,INFRAX RENEWABLE LIMITED,105.00,107.90,103.00,105.00,105.00,105.50,,105.00,,,556800,58401960.00,100,F1,1200,,,,,
2026-09-18,2026-09-18,CM,BSE,STK,544920,INE0RMA01019,AMTECH,MT,,,,,Amtech Esters Limited,110.25,110.25,110.25,110.25,110.25,105.00,,110.25,,,72000,7938000.00,25,F1,1600,,,,,
2026-09-18,2026-09-18,CM,BSE,STK,544921,INE148G01016,ARCIL,B,,,,,ASSET RECONSTRUCTION COMPANY (,135.40,138.50,124.10,136.20,136.20,137.05,,136.36,,,546421,72620173.00,12851,F1,1,,,,,
2026-09-18,2026-09-18,CM,BSE,STK,544922,INE2D0Q01027,OMG,MT,,,,,OM GALAXY LIMITED,90.20,92.00,85.75,90.77,91.00,0.00,,90.77,,,2241600,201744896.00,653,F1,1600,,,,,
2026-09-18,2026-09-18,CM,BSE,STK,544923,INE1JTV01015,VEEGALAND,T,,,,,Veegaland Developers Limited,151.00,153.95,143.45,144.95,144.95,0.00,,145.98,,,1093242,160558701.00,12344,F1,1,,,,,
2026-09-18,2026-09-18,CM,BSE,STK,544924,INE1S7M01017,RAKSAN,MT,,,,,Raksan Transformers Limited,273.00,286.65,261.30,286.60,286.60,0.00,,286.60,,,2878000,789599940.00,3512,F1,400,,,,,
2026-09-18,2026-09-18,CM,BSE,STK,544925,INE0SVD01012,SPEEDEX,MT,,,,,MAHARAJA & SPEEDEX INDIA LIMIT,250.00,262.50,240.00,262.50,262.50,0.00,,262.50,,,2304000,579276570.00,1805,F1,600,,,,,
2026-09-18,2026-09-18,CM,BSE,STK,544926,INE0VXN01011,PANCHATV,MT,,,,,Panchatv Bharat Limited,128.95,128.95,122.55,122.55,122.55,0.00,,122.55,,,204000,26286600.00,80,F1,1000,,,,,
2026-09-18,2026-09-18,CM,BSE,STK,544927,INF789F1AH42,SECLEDBETA,B,,,,,UTI Mutual Fund,15.00,15.37,14.01,14.25,14.25,0.00,,14.25,,,3108,44357.00,11,F1,1,,,,,
2026-09-18,2026-09-18,CM,BSE,STK,555555,INF346A01034,SENSEXIETF,B,,,,,ICICI Prudential BSE Sensex ET,850.31,861.00,850.31,859.66,861.00,858.23,,858.83,,,207,177628.00,40,F1,1,,,,,
2026-09-18,2026-09-18,CM,BSE,STK,570002,IN9623B01058,FELDVR,Z,,,,,Future Enterprises Limited,2.05,2.05,2.00,2.00,2.00,2.10,,2.00,,,1143,2286.00,6,F1,1,,,,,
2026-09-18,2026-09-18,CM,BSE,STK,570004,IN9175A01010,JISLDVREQS,B,,,,,JAIN IRRIGATION SYSTEMS LTD.,21.78,21.78,20.70,21.20,21.20,21.68,,21.00,,,1127,23810.00,13,F1,1,,,,,
2026-09-18,2026-09-18,CM,BSE,STK,570005,INE224E01036,GATECHDVR,T,,,,,GACM Technologies Limited - DV,0.48,0.50,0.48,0.49,0.49,0.49,,0.48,,,145844,71229.00,47,F1,1,,,,,
2026-09-18,2026-09-18,CM,BSE,STK,590003,INE036D01028,KARURVYSYA,B,,,,,KARUR VYSYA BANK LTD.,334.35,339.80,329.50,332.15,331.85,331.40,,332.15,,,48027,16069522.00,1271,F1,1,,,,,
2026-09-18,2026-09-18,CM,BSE,STK,590005,INE484C01030,VEEDOL,B,,,,,VEEDOL CORPORATION LIMITED,1390.00,1396.75,1371.00,1377.50,1375.00,1389.45,,1377.67,,,1161,1601311.00,139,F1,1,,,,,
2026-09-18,2026-09-18,CM,BSE,STK,590006,INE098F01031,AMRUTANJAN,B,,,,,AMRUTANJAN HEALTH CARE LTD.,491.20,496.70,490.15,493.65,494.65,490.20,,493.79,,,1110,546787.00,130,F1,1,,,,,
2026-09-18,2026-09-18,CM,BSE,STK,590013,INE445C01015,XPROINDIA,B,,,,,XPRO INDIA LTD.,1247.35,1247.95,1220.00,1223.60,1223.00,1234.95,,1223.00,,,423,521325.00,98,F1,1,,,,,
2026-09-18,2026-09-18,CM,BSE,STK,590018,INE598C01011,HISARMETAL,B,,,,,HISAR METAL INDUSTRIES LTD.,153.00,156.40,152.75,156.40,156.40,158.00,,154.53,,,20,3067.00,4,F1,1,,,,,
2026-09-18,2026-09-18,CM,BSE,STK,590021,INE838B01021,BHARATRAS,B,,,,,BHARAT RASAYAN LTD.,1165.25,1180.25,1151.95,1167.50,1157.00,1158.75,,1168.70,,,729,852960.00,112,F1,1,,,,,
2026-09-18,2026-09-18,CM,BSE,STK,590022,INE962C01035,EASTSILK,T,,,,,EASTERN SILK INDUSTRIES LTD.,64.99,64.99,64.99,64.99,64.99,63.55,,64.07,,,1,64.00,1,F1,1,,,,,
2026-09-18,2026-09-18,CM,BSE,STK,590024,INE188A01015,FACT,B,,,,,FERTILIZERS & CHEMICALS TRAVAN,764.05,767.15,753.05,763.95,767.15,760.55,,764.18,,,8880,6751551.00,502,F1,1,,,,,
2026-09-18,2026-09-18,CM,BSE,STK,590025,INE424C01010,GINNIFILA,T,,,,,GINNI FILAMENTS LTD.,41.60,42.99,40.26,42.79,42.99,41.60,,42.40,,,2241,90810.00,8,F1,1,,,,,
2026-09-18,2026-09-18,CM,BSE,STK,590030,INE147A01011,SPIC,B,,,,,SOUTHERN PETROCHEMICALS LTD.,67.39,68.99,67.34,68.75,68.99,67.56,,68.70,,,23818,1626051.00,425,F1,1,,,,,
2026-09-18,2026-09-18,CM,BSE,STK,590031,INE244A01016,DENORA,B,,,,,DE NORA INDIA LTD.,779.20,782.00,768.40,782.00,782.00,780.10,,782.25,,,12,9358.00,12,F1,1,,,,,
2026-09-18,2026-09-18,CM,BSE,STK,590041,INE641C01019,KAVDEFENCE,T,,,,,Kavveri Defence &amp; Wireless,70.50,74.42,68.31,73.43,73.20,71.79,,72.75,,,53119,3825249.00,425,F1,1,,,,,
2026-09-18,2026-09-18,CM,BSE,STK,590051,INE667G01023,SAKSOFT,B,,,,,SAKSOFT LTD.,143.10,143.15,140.40,140.95,141.50,143.10,,141.13,,,14062,1986649.00,423,F1,1,,,,,
2026-09-18,2026-09-18,CM,BSE,STK,590056,INE498E01010,SALONA,B,,,,,SALONA COTSPIN LTD.,266.90,268.95,259.95,263.35,263.00,267.00,,263.39,,,261,68796.00,32,F1,1,,,,,
2026-09-18,2026-09-18,CM,BSE,STK,590057,INE217G01035,EQUIPPP,T,,,,,EQUIPPP SOCIAL IMPACT TECHNOLO,24.26,24.60,23.30,24.48,24.60,24.50,,24.50,,,39359,956251.00,46,F1,1,,,,,
2026-09-18,2026-09-18,CM,BSE,STK,590062,INE715B01021,ANDHRSUGAR,B,,,,,ANDHRA SUGARS LTD.,93.63,94.37,91.99,94.24,94.37,93.52,,94.10,,,13261,1232573.00,161,F1,1,,,,,
2026-09-18,2026-09-18,CM,BSE,STK,590065,INE547E01014,IMPAL,B,,,,,INDIA MOTOR PARTS & ACCESSORIE,1107.70,1107.70,1060.30,1070.85,1071.00,1081.00,,1066.08,,,231,247948.00,52,F1,1,,,,,
2026-09-18,2026-09-18,CM,BSE,STK,590066,INE805C01028,KCP,B,,,,,K.C.P.LTD.,158.70,165.00,156.65,162.85,165.00,158.00,,162.10,,,18363,2970509.00,216,F1,1,,,,,
2026-09-18,2026-09-18,CM,BSE,STK,590068,INE731C01018,KHAITANLTD,B,,,,,KHAITAN (INDIA) LTD.,153.00,154.40,153.00,153.90,153.90,153.50,,152.13,,,115,17659.00,17,F1,1,,,,,
2026-09-18,2026-09-18,CM,BSE,STK,590070,INE874F01027,RADAAN,B,,,,,RADAAN MEDIAWORKS (I) LTD.,2.95,2.95,2.70,2.80,2.80,2.76,,2.80,,,2019,5453.00,7,F1,1,,,,,
2026-09-18,2026-09-18,CM,BSE,STK,590071,INE660A01013,SUNDARMFIN,B,,,,,SUNDARAM FINANCE LTD.,4700.55,4783.05,4672.10,4721.95,4693.45,4660.70,,4730.45,,,38519,180719564.00,507,F1,1,,,,,
2026-09-18,2026-09-18,CM,BSE,STK,590073,INE715A01015,WHEELS,B,,,,,WHEELS INDIA LTD.,2134.40,2235.55,2120.50,2174.60,2172.25,2123.30,,2175.62,,,22791,49491400.00,2907,F1,1,,,,,
2026-09-18,2026-09-18,CM,BSE,STK,590075,INE112F01022,LAMBODHARA,B,,,,,LAMBODHARA TEXTILES LTD.,113.90,120.75,113.90,119.20,119.20,118.40,,120.20,,,250,29926.00,12,F1,1,,,,,
2026-09-18,2026-09-18,CM,BSE,STK,590078,INE683C01011,MAITHANALL,B,,,,,MAITHAN ALLOYS LTD.,1035.40,1035.40,1005.10,1008.70,1005.10,1027.40,,1009.07,,,2464,2502664.00,195,F1,1,,,,,
2026-09-18,2026-09-18,CM,BSE,STK,590086,INE725E01024,ORISSAMINE,B,,,,,ORISSA MINERALS DEVELOPMENT CO,4010.05,4059.80,3810.00,3823.25,3810.00,3904.55,,3821.28,,,1286,5002341.00,342,F1,1,,,,,
2026-09-18,2026-09-18,CM,BSE,STK,590095,INF204KB17I5,GOLDBEES,E,,,,,NIPPON INDIA ETF GOLD BEES,125.59,126.93,125.47,126.47,126.47,124.40,,126.48,,,953158,120323419.00,4943,F1,1,,,,,
2026-09-18,2026-09-18,CM,BSE,STK,590096,INF732E01037,LIQUIDBEES,F,,,,,NIPPON INDIA ETF LIQUID BEES,1000.00,1000.01,999.99,999.99,999.99,1000.00,,999.99,,,232009,232009977.00,594,F1,1,,,,,
2026-09-18,2026-09-18,CM,BSE,STK,590097,INF174KA1HJ8,GOLD1,E,,,,,KOTAK MAHINDRA MUTUAL FUND - K,126.50,128.19,126.50,127.64,127.51,125.62,,127.68,,,23418,2987574.00,790,F1,1,,,,,
2026-09-18,2026-09-18,CM,BSE,STK,590098,INF200KA16D8,SETFGOLD,E,,,,,SBI MUTUAL FUND - SBI GOLD EXC,129.31,130.83,129.14,130.47,130.80,128.40,,130.52,,,137989,17971571.00,1166,F1,1,,,,,
2026-09-18,2026-09-18,CM,BSE,STK,590099,INF082J01408,QGOLDHALF,E,,,,,Quantum Gold ETF,126.41,127.10,125.78,126.75,126.68,124.70,,126.67,,,7458,943396.00,239,F1,1,,,,,
2026-09-18,2026-09-18,CM,BSE,STK,590101,INF789F1AUX7,GOLDBETA,E,,,,,UTI MUTUAL FUND - UTI GOLD EXC,127.17,129.07,127.17,128.71,128.60,126.92,,128.60,,,42248,5428090.00,450,F1,1,,,,,
2026-09-18,2026-09-18,CM,BSE,STK,590103,INF204KB14I2,NIFTYBEES,B,,,,,NIPPON INDIA ETF NIFTY BEES,259.34,267.28,259.34,266.53,266.60,265.99,,266.53,,,105392,28061990.00,1832,F1,1,,,,,
2026-09-18,2026-09-18,CM,BSE,STK,590104,INF732E01045,JUNIORBEES,B,,,,,NIPPON INDIA ETF JUNIOR BEES,780.00,781.78,768.69,781.16,780.66,771.38,,781.11,,,8691,6764650.00,447,F1,1,,,,,
2026-09-18,2026-09-18,CM,BSE,STK,590106,INF204KB15I9,BANKBEES,B,,,,,NIPPON INDIA ETF BANK BEES,581.77,584.98,581.64,583.46,583.55,581.77,,583.57,,,16751,9764453.00,571,F1,1,,,,,
2026-09-18,2026-09-18,CM,BSE,STK,590107,INF174KA1A86,PSUBANK,B,,,,,KOTAK MAHINDRA MUTUAL FUND - K,83.58,83.58,82.55,83.16,83.37,82.62,,83.01,,,4686,389027.00,81,F1,1,,,,,
2026-09-18,2026-09-18,CM,BSE,STK,590108,INF204KB16I7,PSUBNKBEES,B,,,,,NIPPON INDIA ETF PSU BANK BEES,90.01,92.85,90.01,92.68,92.66,92.32,,92.65,,,15079,1395717.00,242,F1,1,,,,,
2026-09-18,2026-09-18,CM,BSE,STK,590109,INF732E01128,SHARIABEES,B,,,,,NIPPON INDIA ETF SHARIAH BEES,437.69,441.00,436.85,440.70,441.00,441.21,,438.96,,,146,64173.00,33,F1,1,,,,,
2026-09-18,2026-09-18,CM,BSE,STK,590110,INF082J01499,QNIFTY,B,,,,,Quantum Nifty 50 ETF,262.14,262.14,256.40,257.80,257.80,257.00,,257.65,,,444,114242.00,19,F1,1,,,,,
2026-09-18,2026-09-18,CM,BSE,STK,590113,INF204KB19I1,HNGSNGBEES,B,,,,,NIPPON INDIA ETF HANG SENG BEE,451.40,469.97,451.40,463.75,463.90,462.98,,463.36,,,10126,4687706.00,635,F1,1,,,,,
2026-09-18,2026-09-18,CM,BSE,STK,590115,INF247L01536,MOM50,B,,,,,MOTILAL OSWAL MUTUAL FUND,244.07,245.48,243.78,245.40,245.40,244.59,,247.41,,,3695,902572.00,9,F1,1,,,,,
2026-09-18,2026-09-18,CM,BSE,STK,590134,INE414A01015,MADRASFERT,B,,,,,Madras Fertilizer Limited,61.29,61.50,61.00,61.03,61.00,61.10,,61.27,,,1620,98850.00,16,F1,1,,,,,
2026-09-18,2026-09-18,CM,BSE,STK,590136,INF174KA1ZB7,BANKNIFTY1,B,,,,,Kotak Mahindra Mutual Fund - P,58.45,58.70,58.26,58.62,58.50,58.37,,58.54,,,4514,264025.00,150,F1,1,,,,,
2026-09-18,2026-09-18,CM,BSE,STK,590137,INF200KA1580,SETFNIFBK,B,,,,,SBI Mutual Fund-Permitted,579.03,580.73,576.00,577.42,576.00,576.15,,579.40,,,78,45131.00,16,F1,1,,,,,
2026-09-18,2026-09-18,CM,BSE,STK,590138,INF200KA1FS1,SETFNIF50,B,,,,,SBI Mutual Fund-Permitted,251.29,252.19,250.10,251.97,251.80,251.78,,251.95,,,9205,2316746.00,271,F1,1,,,,,
2026-09-18,2026-09-18,CM,BSE,STK,590139,INF174KA1LV5,LIQUID1,F,,,,,Kotak Mahindra Mutual Fund - P,1123.39,1123.39,1123.38,1123.38,1123.38,1122.94,,1123.38,,,1008,1132372.00,5,F1,1,,,,,
2026-09-18,2026-09-18,CM,BSE,STK,590140,INF277KA1976,TATAGOLD,E,,,,,Tata Mutual Fund - Permitted,14.69,14.91,14.69,14.86,14.86,14.63,,14.85,,,4863100,72023670.00,4600,F1,1,,,,,
2026-09-18,2026-09-18,CM,BSE,STK,590141,INF204KB15V2,ITBEES,B,,,,,Nippon India Mutual Fund - Per,31.61,32.45,31.61,31.94,31.94,32.43,,31.94,,,583071,18626176.00,2878,F1,1,,,,,
2026-09-18,2026-09-18,CM,BSE,STK,590142,INF204KC1089,PHARMABEES,B,,,,,Nippon India Mutual Fund - Per,26.63,28.00,26.63,27.50,27.49,27.32,,27.50,,,55264,1521201.00,352,F1,1,,,,,
2026-09-18,2026-09-18,CM,BSE,STK,590143,INF204KB1882,LTGILTBEES,F,,,,,Nippon India Mutual Fund - Per,29.73,29.86,29.71,29.80,29.86,29.67,,29.78,,,30167,898007.00,29,F1,1,,,,,
2026-09-18,2026-09-18,CM,BSE,STK,590144,INF204KB1V68,MID150BEES,B,,,,,Nippon India Mutual Fund - Per,234.20,236.96,234.14,236.86,236.85,233.20,,236.53,,,8683,2044804.00,212,F1,1,,,,,
2026-09-18,2026-09-18,CM,BSE,STK,590145,INF204KC1402,SILVERBEES,E,,,,,Nippon India Mutual Fund - Per,221.10,224.99,221.10,224.03,224.03,216.66,,224.07,,,1455001,324439933.00,7178,F1,1,,,,,
2026-09-18,2026-09-18,CM,BSE,STK,590146,INF247L01FY4,MOGOLD,E,,,,,Motilal Oswal Mutual Fund-Perm,150.19,154.00,149.98,153.84,154.00,149.48,,151.81,,,5285,801209.00,59,F1,1,,,,,
2026-09-18,2026-09-18,CM,BSE,STK,590147,INF247L01FZ1,MOSILVER,E,,,,,Motilal Oswal Mutual Fund-Perm,229.19,232.00,228.86,230.75,230.75,224.77,,231.30,,,1042,240456.00,42,F1,1,,,,,
2026-09-18,2026-09-18,CM,BSE,STK,590148,INF247L01CH6,MOSMALL250,B,,,,,Motilal Oswal Mutual Fund-Perm,17.88,18.50,17.88,18.41,18.50,18.18,,18.41,,,120397,2204495.00,204,F1,1,,,,,
2026-09-18,2026-09-18,CM,BSE,STK,590149,INF247L01EV3,MOCAPITAL,B,,,,,Motilal Oswal Mutual Fund-Perm,53.59,53.67,53.33,53.58,53.66,53.07,,53.58,,,5328,285158.00,84,F1,1,,,,,
2026-09-18,2026-09-18,CM,BSE,STK,590150,INF247L01CI4,MOREALTY,B,,,,,Motilal Oswal Mutual Fund-Perm,83.00,85.59,82.96,85.48,85.59,83.88,,85.28,,,19669,1673823.00,171,F1,1,,,,,
2026-09-18,2026-09-18,CM,BSE,STK,590151,INF247L01DK8,MOMENTUM50,B,,,,,Motilal Oswal Mutual Fund-Perm,53.56,54.03,53.56,53.94,54.02,53.10,,53.97,,,17691,950730.00,83,F1,1,,,,,
2026-09-18,2026-09-18,CM,BSE,STK,590152,INF247L01DJ0,MODEFENCE,B,,,,,Motilal Oswal Mutual Fund-Perm,102.37,103.60,102.09,103.38,103.50,102.03,,103.28,,,73010,7530093.00,832,F1,1,,,,,
2026-09-18,2026-09-18,CM,BSE,STK,590153,INF247L01BU1,MONIFTY500,B,,,,,Motilal Oswal Mutual Fund-Perm,23.60,23.60,23.10,23.44,23.48,23.36,,23.45,,,16986,396575.00,114,F1,1,,,,,
2026-09-18,2026-09-18,CM,BSE,STK,590154,INF174KA1IA5,ALPHA,B,,,,,Kotak Mahindra Mutual Fund - P,54.05,54.05,53.03,53.75,53.86,52.91,,53.72,,,33259,1775663.00,210,F1,1,,,,,
2026-09-18,2026-09-18,CM,BSE,STK,590155,INF666M01OF4,GROWWSLVR,E,,,,,GROWW MUTUAL FUND  PERMITTED,21.98,23.03,20.90,22.90,22.92,22.20,,22.92,,,105001,2400875.00,117,F1,1,,,,,
2026-09-18,2026-09-18,CM,BSE,STK,590156,INF666M01OE7,GROWWGOLD,E,,,,,GROWW MUTUAL FUND  PERMITTED,14.81,14.99,14.75,14.93,14.94,14.70,,14.94,,,66244,986522.00,102,F1,1,,,,,
2026-09-18,2026-09-18,CM,BSE,STK,590157,INF666M01IO8,GROWWDEFNC,B,,,,,GROWW MUTUAL FUND  PERMITTED,91.90,95.00,91.55,94.31,95.00,92.43,,93.94,,,18698,1751442.00,242,F1,1,,,,,
2026-09-18,2026-09-18,CM,BSE,STK,590158,INF666M01JJ6,GROWWRAIL,B,,,,,GROWW MUTUAL FUND  PERMITTED,27.09,27.58,26.95,27.51,27.58,27.09,,27.44,,,18829,512701.00,166,F1,1,,,,,
2026-09-18,2026-09-18,CM,BSE,STK,590159,INF666M01IP5,GROWWLIQID,F,,,,,GROWW MUTUAL FUND  PERMITTED,110.81,110.82,110.81,110.82,110.82,110.77,,110.81,,,6790,752401.00,7,F1,1,,,,,
2026-09-18,2026-09-18,CM,BSE,STK,590160,INF277K015R5,NETF,B,,,,,Tata Mutual Fund - Permitted,254.16,254.96,254.16,254.63,254.63,245.25,,254.16,,,97,24696.00,11,F1,1,,,,,
2026-09-18,2026-09-18,CM,BSE,STK,590161,INF277KA1984,TATSILV,E,,,,,Tata Mutual Fund - Permitted,22.31,22.87,22.31,22.74,22.74,22.01,,22.74,,,3401006,77054737.00,3190,F1,1,,,,,
2026-09-18,2026-09-18,CM,BSE,STK,710058,IN9641R03011,QDLCCPS,B,,,,,Quint Digital Limited,14.59,14.59,14.59,14.59,14.59,0.00,,14.59,,,1705,24875.00,3,F1,1,,,,,
2026-09-18,2026-09-18,CM,BSE,STK,751132,INE0MV020018,MANOJ-RE,R,,,,,Manoj Jewellers Limited,5.33,5.35,5.33,5.35,5.35,5.30,,5.35,,,4000,21360.00,2,F1,2000,,,,,
2026-09-18,2026-09-18,CM,BSE,STK,751141,INE894E20010,SALEM-RE,R,,,,,Salem Erode Investments Ltd.,1.85,1.85,1.40,1.40,1.40,2.32,,1.40,,,20979,29475.00,46,F1,1,,,,,
2026-09-18,2026-09-18,CM,BSE,STK,751142,INE007C20013,INDRA-RE,R,,,,,Indrayani Biotech Ltd.,0.18,0.18,0.18,0.18,0.18,0.22,,0.18,,,74975,13495.00,40,F1,1,,,,,
2026-09-18,2026-09-18,CM,BSE,STK,800177,IN0020130053,92GS2030,G,,,,,920GOI2030,115.00,115.00,115.00,115.00,115.00,113.35,,114.63,,,20100,2311500.00,4,F1,1,,,,,
2026-09-18,2026-09-18,CM,BSE,STK,800288,IN0020180249,SGBOCT26,G,,,,,SOVEREIGN GOLD BOND 2019 SERIE,15259.11,15259.11,15259.11,15259.11,15259.11,15259.11,,15259.11,,,1,15259.00,1,F1,1,,,,,
2026-09-18,2026-09-18,CM,BSE,STK,800290,IN0020180389,SGBDEC26,G,,,,,SOVEREIGN GOLD BOND 2019 SERIE,15100.00,15100.00,15100.00,15100.00,15100.00,15000.00,,15100.00,,,2,30200.00,2,F1,1,,,,,
2026-09-18,2026-09-18,CM,BSE,STK,800295,IN0020190073,SGBJUN27,G,,,,,SOVEREIGN GOLD BOND 2019-20 SE,15201.00,15205.00,15201.00,15205.00,15205.00,14929.00,,15198.67,,,6,91226.00,2,F1,1,,,,,
2026-09-18,2026-09-18,CM,BSE,STK,800297,IN0020190107,SGBAUG27,G,,,,,SOVEREIGN GOLD BOND 2019-20 SE,15248.49,15248.49,15030.00,15223.32,15219.98,14924.80,,15187.84,,,34,515803.00,16,F1,1,,,,,
2026-09-18,2026-09-18,CM,BSE,STK,800310,IN0020180454,726GS2029,G,,,,,726GOI2029,101.75,101.75,101.75,101.75,101.75,101.50,,101.75,,,1,101.00,1,F1,1,,,,,
2026-09-18,2026-09-18,CM,BSE,STK,800312,IN0020190461,SGBDC27VII,G,,,,,Sovereign Gold Bonds 2019-20 S,15124.00,15171.00,15124.00,15171.00,15171.00,15200.00,,15160.00,,,4,60617.00,3,F1,1,,,,,
2026-09-18,2026-09-18,CM,BSE,STK,800314,IN0020190545,SGBFEB28IX,G,,,,,Sovereign Gold Bonds 2019-20 S,15090.00,15090.00,15090.00,15090.00,15090.00,15125.00,,15070.00,,,1,15090.00,1,F1,1,,,,,
2026-09-18,2026-09-18,CM,BSE,STK,800318,IN0020200062,SGBAPR28I,G,,,,,Sovereign Gold Bonds 2020-21 S,15011.00,15271.00,14906.00,15251.01,15251.01,15076.25,,15300.00,,,98,1484124.00,35,F1,1,,,,,
2026-09-18,2026-09-18,CM,BSE,STK,800322,IN0020200104,SGBJUN28,G,,,,,Sovereign Gold Bonds 2020-21 S,14955.00,15007.31,14955.00,15007.31,15007.31,14875.01,,15168.14,,,8,119754.00,3,F1,1,,,,,
2026-09-18,2026-09-18,CM,BSE,STK,800324,IN0020200146,SGBJUL28IV,G,,,,,Sovereign Gold Bond 2020-21 IV,15100.00,15190.00,15024.50,15190.00,15190.00,14915.21,,15151.93,,,112,1693008.00,34,F1,1,,,,,
2026-09-18,2026-09-18,CM,BSE,STK,800325,IN0020200161,SGBAUG28V,G,,,,,Sovereign Gold Bonds 2020-21 V,15198.00,15199.00,15100.96,15198.23,15199.00,14938.52,,15193.86,,,87,1320221.00,16,F1,1,,,,,
2026-09-18,2026-09-18,CM,BSE,STK,800327,IN0020200195,SGBSEP28VI,G,,,,,Sovereign Gold Bonds 2020-21 S,15074.80,15170.00,15074.80,15166.60,15165.00,14951.40,,15166.35,,,39,590995.00,13,F1,1,,,,,
2026-09-18,2026-09-18,CM,BSE,STK,800328,IN0020200203,SGBOC28VII,G,,,,,Sovereign Gold Bonds 2020-21 S,15300.00,15350.00,15300.00,15350.00,15350.00,15070.10,,15358.88,,,22,337200.00,3,F1,1,,,,,
2026-09-18,2026-09-18,CM,BSE,STK,800331,IN0020200377,SGBJAN29IX,G,,,,,SGB 2020-21 Series IX,15210.00,15235.00,15210.00,15235.00,15235.00,14925.00,,15230.00,,,2,30445.00,2,F1,1,,,,,
2026-09-18,2026-09-18,CM,BSE,STK,800332,IN0020200385,SGBJAN29X,G,,,,,Sovereign Gold Bonds 2021-21 S,15102.50,15220.00,15102.50,15160.50,15171.00,14920.00,,15171.50,,,46,697325.00,12,F1,1,,,,,
2026-09-18,2026-09-18,CM,BSE,STK,800333,IN0020200393,SGBFEB29XI,G,,,,,SGB 2020-21 SERIES XI,15110.00,15200.00,15110.00,15168.83,15175.10,14975.99,,15183.57,,,8,121205.00,6,F1,1,,,,,
2026-09-18,2026-09-18,CM,BSE,STK,800334,IN0020200401,676GS2061,G,,,,,676GOI2061,89.50,90.00,89.50,89.83,89.50,89.50,,89.17,,,340,30530.00,3,F1,1,,,,,
2026-09-18,2026-09-18,CM,BSE,STK,800339,IN0020200427,SGBMR29XII,G,,,,,SGB 2020-21 Series XII,15110.00,15210.00,15099.00,15210.00,15210.00,14991.00,,15213.50,,,69,1044186.00,19,F1,1,,,,,
2026-09-18,2026-09-18,CM,BSE,STK,800340,IN0020210053,SGBMAY29I,G,,,,,SGB 2021-22 Series I,15249.92,15259.00,15210.00,15250.00,15250.00,14940.02,,15243.18,,,217,3304823.00,20,F1,1,,,,,
2026-09-18,2026-09-18,CM,BSE,STK,800341,IN0020210061,SGBJUN29II,G,,,,,SGB 2021-22 Series II,14916.00,15255.00,14916.00,15151.00,15151.00,14982.00,,15160.65,,,9,135552.00,5,F1,1,,,,,
2026-09-18,2026-09-18,CM,BSE,STK,800385,IN0020210129,SGBAUG29V,G,,,,,Sovereign Gold Bonds 2021-22 S,15011.00,15213.00,15011.00,15169.81,15169.81,14990.00,,15224.12,,,64,968458.00,21,F1,1,,,,,
2026-09-18,2026-09-18,CM,BSE,STK,800386,IN0020210145,SGBSEP29VI,G,,,,,Sovereign Gold Bonds 2021-22 S,15156.55,15200.00,15156.55,15200.00,15200.00,15090.00,,15171.22,,,41,621711.00,5,F1,1,,,,,
2026-09-18,2026-09-18,CM,BSE,STK,800428,IN000629C054,GS15JUN29C,G,,,,,GS15JUN29C,73.01,78.00,73.00,73.00,73.00,78.00,,73.00,,,688,51932.00,3,F1,1,,,,,
2026-09-18,2026-09-18,CM,BSE,STK,800434,IN0020210178,SGBNV29VII,G,,,,,Sovereign Gold Bonds 2021-22 S,15071.00,15225.00,15031.00,15200.00,15200.00,15020.00,,15250.25,,,25,378505.00,8,F1,1,,,,,
2026-09-18,2026-09-18,CM,BSE,STK,800437,IN0020210228,SGBD29VIII,G,,,,,Sovereign Gold Bonds 2021-22 S,15300.00,15300.00,15160.00,15247.00,15247.00,15003.01,,15256.72,,,45,686240.00,16,F1,1,,,,,
2026-09-18,2026-09-18,CM,BSE,STK,800438,IN0020210236,SGBJAN30IX,G,,,,,Soveriegn Gold Bonds 2021-22 S,15298.90,15388.89,15298.90,15340.04,15388.89,14992.06,,15335.00,,,20,306800.00,5,F1,1,,,,,
2026-09-18,2026-09-18,CM,BSE,STK,800439,IN0020210319,SGBMAR30X,G,,,,,Sovereign Gold Bonds 2021-22 S,15350.00,15350.00,15171.00,15300.00,15300.00,15003.12,,15322.25,,,5,76421.00,4,F1,1,,,,,
2026-09-18,2026-09-18,CM,BSE,STK,800441,IN0020220029,754GS2036,G,,,,,754GOI2036,105.40,105.45,105.40,105.45,105.45,105.20,,105.53,,,22197,2340573.00,3,F1,1,,,,,
2026-09-18,2026-09-18,CM,BSE,STK,800452,IN0020220086,736GS2052,G,,,,,736GOI2052,98.75,98.75,98.75,98.75,98.75,99.25,,98.69,,,5,493.00,1,F1,1,,,,,
2026-09-18,2026-09-18,CM,BSE,STK,800488,IN0020220078,SGBAUG30,G,,,,,Sovereign Gold Bonds 2022-23 S,15200.00,15404.97,15138.52,15320.90,15338.40,15090.00,,15303.95,,,49,748141.00,20,F1,1,,,,,
2026-09-18,2026-09-18,CM,BSE,STK,800489,IN0020220094,74GS2062,G,,,,,74GOI2062,99.50,99.50,99.00,99.00,99.00,99.50,,98.21,,,166,16501.00,4,F1,1,,,,,
2026-09-18,2026-09-18,CM,BSE,STK,800517,IN000958C024,GS19SEP2058,G,,,,,GS19SEP2058,20.50,20.50,20.00,20.00,20.00,20.00,,20.00,,,133,2671.00,3,F1,1,,,,,
2026-09-18,2026-09-18,CM,BSE,STK,800573,IN0020220110,SGBDE30III,G,,,,,Soverign Gold Bond 2022-23 Sr,15290.00,15300.00,15288.00,15288.00,15288.00,15115.92,,15330.08,,,40,611726.00,11,F1,1,,,,,
2026-09-18,2026-09-18,CM,BSE,STK,800574,IN0020220102,741GS2036,G,,,,,741GOI36,104.20,104.50,103.00,104.45,104.45,104.10,,104.45,,,202,20928.00,4,F1,1,,,,,
2026-09-18,2026-09-18,CM,BSE,STK,800575,IN0020220169,SGBMAR31IV,G,,,,,Sovereign Gold Bond 2022-23 Sr,15250.00,15350.00,15250.00,15301.02,15301.02,15153.00,,15342.00,,,63,964502.00,18,F1,1,,,,,
2026-09-18,2026-09-18,CM,BSE,STK,800580,IN0020230069,SGBJUN31I,G,,,,,Sovereign Gold Bonds 2023-24 S,15301.85,15399.99,15300.00,15399.99,15399.99,15244.00,,15400.29,,,43,658103.00,20,F1,1,,,,,
2026-09-18,2026-09-18,CM,BSE,STK,800588,IN0020230044,725GS2063,G,,,,,725GOI2063,96.75,96.75,96.25,96.71,96.56,96.60,,96.64,,,16125,1554580.00,18,F1,1,,,,,
2026-09-18,2026-09-18,CM,BSE,STK,800596,IN0020230093,SGBSEP31II,G,,,,,Sovereign Gold Bonds 2023-24 S,15327.15,15498.00,15311.00,15421.06,15421.06,15219.46,,15430.74,,,170,2612913.00,38,F1,1,,,,,
2026-09-18,2026-09-18,CM,BSE,STK,800598,IN0020230077,718GS2037,G,,,,,718GS2037,102.00,102.30,102.00,102.25,102.25,102.00,,102.32,,,23004,2350778.00,15,F1,1,,,,,
2026-09-18,2026-09-18,CM,BSE,STK,800599,IN0020230085,718GS2033,G,,,,,718GS2033,102.00,102.00,102.00,102.00,102.00,101.55,,102.95,,,17884,1824168.00,29,F1,1,,,,,
2026-09-18,2026-09-18,CM,BSE,STK,800603,IN0020230168,SGBDE31III,G,,,,,Sovereign Gold Bonds 2023-24 S,15405.56,15585.00,15398.47,15548.31,15560.00,15379.64,,15549.98,,,170,2629230.00,72,F1,1,,,,,
2026-09-18,2026-09-18,CM,BSE,STK,800605,IN0020230184,SGBFEB32IV,G,,,,,Sovereign Gold Bonds 2023-24 S,15700.00,15733.50,15694.00,15732.00,15732.00,15550.00,,15781.86,,,39,613206.00,13,F1,1,,,,,
2026-09-18,2026-09-18,CM,BSE,STK,800607,IN0020240035,734GS2064,G,,,,,734GOI2064,98.69,98.69,98.69,98.69,98.69,98.31,,98.84,,,2000,197380.00,1,F1,1,,,,,
2026-09-18,2026-09-18,CM,BSE,STK,800618,IN0020240118,709GOI54,G,,,,,709GOI54,94.80,94.80,94.80,94.80,94.80,94.22,,95.38,,,300,28440.00,1,F1,1,,,,,
2026-09-18,2026-09-18,CM,BSE,STK,800807,IN0020240142,709GOI74,G,,,,,709GOI74,95.00,95.00,95.00,95.00,95.00,94.00,,95.20,,,1000,95000.00,3,F1,1,,,,,
2026-09-18,2026-09-18,CM,BSE,STK,800808,IN0020250018,690GOI65,G,,,,,690GOI65,92.80,93.85,92.80,93.85,93.85,93.44,,93.59,,,2619,243127.00,12,F1,1,,,,,
2026-09-18,2026-09-18,CM,BSE,STK,800809,IN0020250075,724GOI55,G,,,,,724GOI55,97.98,97.98,96.60,96.80,96.93,96.59,,96.80,,,14405,1394495.00,13,F1,1,,,,,
2026-09-18,2026-09-18,CM,BSE,STK,800815,IN0020250117,743GOI2076,G,,,,,743GOI2076,98.00,99.24,98.00,99.24,99.24,98.25,,99.20,,,600,59172.00,2,F1,1,,,,,
2026-09-18,2026-09-18,CM,BSE,STK,800816,IN0020260033,771GOI2066,G,,,,,771GOI2066,103.50,103.50,103.50,103.50,103.50,102.10,,103.49,,,100,10350.00,1,F1,1,,,,,
2026-09-18,2026-09-18,CM,BSE,STK,805242,IN002026Y154,182T140127,G,,,,,182T140127,97.49,97.49,97.49,97.49,97.49,97.35,,97.49,,,100,9749.00,1,F1,1,,,,,
2026-09-18,2026-09-18,CM,BSE,STK,805250,IN002026X180,91TB051126,G,,,,,91TB051126,99.00,99.00,99.00,99.00,99.00,99.00,,99.00,,,100,9900.00,1,F1,1,,,,,
2026-09-18,2026-09-18,CM,BSE,STK,805259,IN002026X214,91TB271126,G,,,,,91TB271126,98.90,98.90,98.90,98.90,98.90,98.30,,98.90,,,1,98.00,1,F1,1,,,,,
2026-09-18,2026-09-18,CM,BSE,STK,810911,IN1520220162,76GJ32,G,,,,,76GUJSDL32,99.50,99.50,99.50,99.50,99.50,105.60,,99.50,,,100,9950.00,2,F1,1,,,,,
2026-09-18,2026-09-18,CM,BSE,STK,811144,IN3120260085,759TNSDL41,G,,,,,759TNSDL41,95.00,95.00,95.00,95.00,95.00,0.00,,95.00,,,100,9500.00,1,F1,1,,,,,
2026-09-18,2026-09-18,CM,BSE,STK,811149,IN2120260020,790MPSDL56,G,,,,,790MPSDL56,95.00,95.00,95.00,95.00,95.00,0.00,,95.00,,,100,9500.00,1,F1,1,,,,,
2026-09-18,2026-09-18,CM,BSE,STK,890217,IN9273A01047,APLABPP,X,,,,,Aplab Ltd.,55.00,55.00,47.95,49.75,49.75,50.99,,49.75,,,2441,118216.00,21,F1,1,,,,,
2026-09-18,2026-09-18,CM,BSE,STK,890226,IN9170U01035,SURAJINDPP,X,,,,,Suraj Industries Limited.,21.99,22.50,21.43,22.00,22.00,22.50,,22.00,,,10132,222891.00,14,F1,1,,,,,
2026-09-18,2026-09-18,CM,BSE,STK,890228,IN90NN701011,ATLPP,B,,,,,Allcargo Terminals Limited,8.79,9.33,8.70,9.15,8.79,8.99,,9.11,,,397,3471.00,11,F1,1,,,,,
2026-09-18,2026-09-18,CM,BSE,STK,890234,IN9316D01014,VERTEXPP,XT,,,,,Vertex Securities Ltd.,1.08,1.16,1.06,1.08,1.06,1.11,,1.08,,,8301,9134.00,11,F1,1,,,,,
2026-09-18,2026-09-18,CM,BSE,STK,890238,IN9736H01014,GSAILPP,XT,,,,,G.S. Auto International Ltd.,11.10,11.51,11.05,11.12,11.50,11.24,,11.12,,,3890,43119.00,13,F1,1,,,,,
2026-09-18,2026-09-18,CM,BSE,STK,935574,INE053F07835,753IRFC30,F,,,,,IRFC-7.53%-21-12-30-TAXFREENCD,1133.11,1135.61,1133.11,1135.61,1135.61,1135.70,,1137.57,,,355,402729.00,2,F1,1,,,,,
2026-09-18,2026-09-18,CM,BSE,STK,935576,INE053F07843,750IRFC35,F,,,,,IRFC-7.50%-21-12-35-TAXFREENCD,1213.00,1213.00,1213.00,1213.00,1213.00,1216.00,,1213.00,,,10,12130.00,1,F1,1,,,,,
2026-09-18,2026-09-18,CM,BSE,STK,935642,INE031A07AO5,764HUDCO31,F,,,,,HUDCO-7.64%-8-2-31-TAXFREENCD,1119.00,1119.00,1119.00,1119.00,1119.00,1121.00,,1118.13,,,150,167850.00,2,F1,1,,,,,
2026-09-18,2026-09-18,CM,BSE,STK,935666,INE906B07EP5,769NHAI31,F,,,,,NHAI-7.69%-9-3-31-TAXFREENCD,1079.94,1079.98,1077.00,1079.00,1079.00,1076.80,,1079.40,,,412,444317.00,7,F1,1,,,,,
2026-09-18,2026-09-18,CM,BSE,STK,935674,INE031A07AT4,769HUDCO31,F,,,,,HUDCO-7.69%-15-3-31-TAXFREENCD,1135.06,1135.06,1134.50,1134.51,1134.51,1135.11,,1135.26,,,471,534454.00,8,F1,1,,,,,
2026-09-18,2026-09-18,CM,BSE,STK,936130,INE528S07110,888ECL28,F,,,,,ECL-8.88%-22-3-28-NCD,986.10,994.90,933.00,994.90,994.90,995.00,,986.17,,,101,95622.00,3,F1,1,,,,,
2026-09-18,2026-09-18,CM,BSE,STK,936132,INE528S07128,925ECL28,F,,,,,ECL-9.25%-22-3-28-NCD,1030.00,1030.00,1030.00,1030.00,1030.00,1010.20,,1025.37,,,100,103000.00,3,F1,1,,,,,
2026-09-18,2026-09-18,CM,BSE,STK,936224,INE651J07622,975JMFCS28,F,,,,,JMFCSL-9.75%-7-6-28-NCD,1040.00,1065.00,1040.00,1065.00,1065.00,1045.00,,1065.00,,,179,186210.00,4,F1,1,,,,,
2026-09-18,2026-09-18,CM,BSE,STK,936386,INE651J07697,981JMFCS28,F,,,,,JMFCSL-9.81%-13-12-28-NCD,1033.92,1033.92,1033.92,1033.92,1033.92,1012.00,,1033.92,,,27,27915.00,2,F1,1,,,,,
2026-09-18,2026-09-18,CM,BSE,STK,936412,INE774D07SW9,93MMFSL27,F,,,,,MMFSL-9.3%-18-1-27-NCD,1050.55,1050.99,1050.00,1050.33,1050.00,1050.72,,1050.33,,,319,335019.00,7,F1,1,,,,,
2026-09-18,2026-09-18,CM,BSE,STK,936416,INE774D08MP4,95MMFSL29,F,,,,,MMFSL-9.5%-18-1-29-NCD,1089.99,1089.99,1089.99,1089.99,1089.99,1076.05,,1089.99,,,2,2179.00,2,F1,1,,,,,
2026-09-18,2026-09-18,CM,BSE,STK,936532,INE027E07998,898LTF29,F,,,,,LTF-8.98%-13-3-29-NCD,1065.00,1070.00,1060.00,1060.00,1060.00,1042.51,,1060.00,,,25,26532.00,7,F1,1,,,,,
2026-09-18,2026-09-18,CM,BSE,STK,936656,INE652X07100,MHLZC26,F,,,,,MHIL-ZC-13-11-26-NCD,1966.00,1966.00,1950.00,1965.89,1965.89,1966.00,,1965.89,,,24,47141.00,5,F1,1,,,,,
2026-09-18,2026-09-18,CM,BSE,STK,936724,INE804IA7147,104ECL29A,F,,,,,EFL-10.4%-23-5-29-NCD,1030.00,1030.00,1030.00,1030.00,1030.00,1030.00,,1030.00,,,100,103000.00,3,F1,1,,,,,
2026-09-18,2026-09-18,CM,BSE,STK,936744,INE414G07DQ9,MFLZC26A,F,,,,,MFL-ZC-14-12-26-NCD,1941.00,1954.00,1927.50,1931.00,1927.50,1947.80,,1931.00,,,300,582230.00,8,F1,1,,,,,
2026-09-18,2026-09-18,CM,BSE,STK,936810,INE306N07LM5,865TCAPS27,F,,,,,TCAP-8.65%-26-8-27-NCD,1010.00,1033.50,1010.00,1020.00,1020.00,1025.00,,1064.00,,,75,76537.00,7,F1,1,,,,,
2026-09-18,2026-09-18,CM,BSE,STK,936977,INE804IA7253,104ECL29,F,,,,,ECL-10.4%-28-11-29-NCD,1072.00,1072.00,1072.00,1072.00,1072.00,1078.50,,1072.00,,,100,107200.00,1,F1,1,,,,,
2026-09-18,2026-09-18,CM,BSE,STK,937017,INE027E07BC8,865LTF26,F,,,,,LTF-8.65%-23-12-26-NCD,1060.00,1064.00,1060.00,1060.00,1060.00,1060.00,,1060.01,,,1221,1294360.00,39,F1,1,,,,,
2026-09-18,2026-09-18,CM,BSE,STK,937169,INE00XE07184,MVAF27,F,,,,,MVAFL-ZC-17-9-27-NCD,1783.20,1797.80,1783.20,1797.80,1797.80,1795.00,,1797.80,,,1000,1790500.00,5,F1,1,,,,,
2026-09-18,2026-09-18,CM,BSE,STK,937345,INE532F07BP6,953EFSL31,F,,,,,EFSL-9.53%-8-1-31-NCD,989.90,989.90,989.90,989.90,989.90,989.90,,989.90,,,10,9899.00,1,F1,1,,,,,
2026-09-18,2026-09-18,CM,BSE,STK,937373,INE134E07AN1,7PFCL31,F,,,,,PFCL-7%-22-1-31-NCD,1010.00,1010.00,1010.00,1010.00,1010.00,1010.00,,1010.00,,,10,10100.00,2,F1,1,,,,,
2026-09-18,2026-09-18,CM,BSE,STK,937377,INE134E07AP6,683PFCL31,F,,,,,PFCL-6.83%-22-1-31-NCD,1011.99,1011.99,1011.99,1011.99,1011.99,1009.00,,1011.99,,,28,28335.00,1,F1,1,,,,,
2026-09-18,2026-09-18,CM,BSE,STK,937381,INE134E07AR2,697PFCL36,F,,,,,PFCL-6.97%-22-1-36-NCD,950.10,950.10,950.01,950.01,950.01,969.00,,950.01,,,62,58905.00,2,F1,1,,,,,
2026-09-18,2026-09-18,CM,BSE,STK,937385,INE134E07AT8,715PFCL36,F,,,,,PFCL-7.15%-22-1-36-NCD,980.00,1000.05,980.00,1000.01,1000.01,1006.00,,1000.01,,,2852,2825193.00,17,F1,1,,,,,
2026-09-18,2026-09-18,CM,BSE,STK,937453,INE530B08094,10IIFL28A,F,,,,,IFL-10%-24-6-28-NCD,1042.80,1042.80,1042.80,1042.80,1042.80,1042.50,,1042.40,,,50,52140.00,1,F1,1,,,,,
2026-09-18,2026-09-18,CM,BSE,STK,937469,INE414G07FV4,MFLVI31F,F,,,,,MFL-VI-20-4-31-NCD,1006.00,1006.00,1006.00,1006.00,1006.00,1006.00,,1006.00,,,100,100600.00,1,F1,1,,,,,
2026-09-18,2026-09-18,CM,BSE,STK,937537,INE219X07264,82IGT31,F,,,,,IGT-8.2%-6-5-31-INVIT-NCD,1042.99,1042.99,1042.99,1042.99,1042.99,1032.50,,1042.99,,,100,104299.00,1,F1,1,,,,,
2026-09-18,2026-09-18,CM,BSE,STK,937541,INE219X07280,797IGT31,F,,,,,IGT-7.97%-6-5-31-INVIT-NCD,1000.00,1000.00,1000.00,1000.00,1000.00,1016.00,,1000.00,,,1,1000.00,1,F1,1,,,,,
2026-09-18,2026-09-18,CM,BSE,STK,937581,INE516Y07428,9PFL31A,F,,,,,PFL-9%-23-07-31-NCD,1035.00,1035.00,1035.00,1035.00,1035.00,1034.00,,1035.00,,,75,77625.00,4,F1,1,,,,,
2026-09-18,2026-09-18,CM,BSE,STK,937619,INE477L08147,10IIFL28,F,,,,,IHFL-10%-3-11-28-NCD,1008.00,1008.00,1004.99,1004.99,1004.99,1008.00,,1004.99,,,546,548727.00,4,F1,1,,,,,
2026-09-18,2026-09-18,CM,BSE,STK,937621,INE477L08154,96IIFL28,F,,,,,IHFL-9.60%-3-11-28-NCD,1000.75,1000.75,1000.75,1000.75,1000.75,995.20,,1000.65,,,300,300225.00,1,F1,1,,,,,
2026-09-18,2026-09-18,CM,BSE,STK,937637,INE532F07CI9,93EFSL31,F,,,,,EFSL-9.30%-10-9-31-NCD,980.00,980.00,980.00,980.00,980.00,980.00,,980.00,,,72,70560.00,5,F1,1,,,,,
2026-09-18,2026-09-18,CM,BSE,STK,937707,INE523H07BO4,820JMFPL26,F,,,,,JMFPL-8.20%-7-10-26-NCD,1074.99,1074.99,1072.00,1073.41,1073.80,1080.00,,1073.41,,,646,693277.00,13,F1,1,,,,,
2026-09-18,2026-09-18,CM,BSE,STK,937709,INE523H07BP1,791JMFPL26,F,,,,,JMFPL-7.91%-7-10-26-NCD,993.80,993.80,990.00,990.00,990.00,993.80,,990.00,,,300,297796.00,3,F1,1,,,,,
2026-09-18,2026-09-18,CM,BSE,STK,937721,INE530B07161,842IIFL26,F,,,,,IIFL-8.42%-14-10-26-NCD,995.11,996.00,994.02,995.78,995.11,994.02,,995.78,,,275,273731.00,7,F1,1,,,,,
2026-09-18,2026-09-18,CM,BSE,STK,937799,INE532F07CQ2,915EFSL26A,F,,,,,EFSL-9.15%-28-12-26-NCD,998.30,998.30,997.00,997.00,997.00,1000.00,,997.00,,,420,418766.00,17,F1,1,,,,,
2026-09-18,2026-09-18,CM,BSE,STK,937801,INE532F07CR0,955EFSL26B,F,,,,,EFSL-9.55%-28-12-26-NCD,1058.00,1063.00,1057.50,1063.00,1063.00,1062.80,,1063.00,,,670,710665.00,10,F1,1,,,,,
2026-09-18,2026-09-18,CM,BSE,STK,937803,INE532F07CS8,EFSL26A,F,,,,,EFSL-28-12-26-NCD,1525.80,1525.80,1525.80,1525.80,1525.80,1525.00,,1525.80,,,25,38145.00,1,F1,1,,,,,
2026-09-18,2026-09-18,CM,BSE,STK,937807,INE532F07CU4,97EFSL31A,F,,,,,EFSL-9.7%-28-12-31-NCD,1032.20,1058.80,1032.20,1058.80,1058.80,1064.00,,1058.80,,,375,387101.00,3,F1,1,,,,,
2026-09-18,2026-09-18,CM,BSE,STK,937895,INE549K07BG9,MFLZC27A,F,,,,,MFL-ZC-2-2-27-NCD,1475.00,1476.80,1475.00,1476.80,1476.80,1464.00,,1476.80,,,133,196405.00,2,F1,1,,,,,
2026-09-18,2026-09-18,CM,BSE,STK,937999,INE530L07475,915NIDO27,F,,,,,NIDO-9.15%-29-4-27-NCD,990.00,990.00,990.00,990.00,990.00,995.00,,990.00,,,200,198000.00,2,F1,1,,,,,
2026-09-18,2026-09-18,CM,BSE,STK,938001,INE530L07483,955NIDO27,F,,,,,NIDO-9.55%-29-4-27-NCD,1032.00,1032.00,1032.00,1032.00,1032.00,1025.00,,1032.00,,,195,201240.00,2,F1,1,,,,,
2026-09-18,2026-09-18,CM,BSE,STK,938003,INE530L07491,NIDO27,F,,,,,NIDO-29-4-27-NCD,1468.65,1468.65,1468.00,1468.56,1468.65,1468.50,,1468.56,,,55,80772.00,4,F1,1,,,,,
2026-09-18,2026-09-18,CM,BSE,STK,938007,INE530L07517,970NIDO32,F,,,,,NIDO-9.70%-29-4-32-NCD,1000.45,1010.00,1000.45,1010.00,1010.00,1018.00,,1010.00,,,90,90470.00,3,F1,1,,,,,
2026-09-18,2026-09-18,CM,BSE,STK,938105,INE523L07710,916NWIL27,F,,,,,NWIL-9.16%-15-7-27-NCD,997.00,997.00,991.20,991.20,991.20,997.00,,991.20,,,547,545077.00,3,F1,1,,,,,
2026-09-18,2026-09-18,CM,BSE,STK,938212,INE532F07DB2,935EFSL27,F,,,,,EFSL-9.35%-20-10-27-NCD,997.00,997.00,997.00,997.00,997.00,998.00,,997.00,,,100,99700.00,5,F1,1,,,,,
2026-09-18,2026-09-18,CM,BSE,STK,938218,INE532F07DD8,965EFSL32,F,,,,,EFSL-9.65%-20-10-32-NCD,991.54,991.55,991.54,991.54,991.55,987.50,,991.54,,,230,228054.00,2,F1,1,,,,,
2026-09-18,2026-09-18,CM,BSE,STK,938278,INE741K07496,10CAGL27,F,,,,,CAGL-10%-23-11-27-NCD,1005.01,1024.99,1000.00,1007.00,1007.00,1020.00,,1007.00,,,651,652427.00,7,F1,1,,,,,
2026-09-18,2026-09-18,CM,BSE,STK,938294,INE414G07HG1,MFLZC27,F,,,,,MFL-ZC-23-12-27-NCD,1305.00,1329.00,1305.00,1329.00,1329.00,1305.00,,1329.00,,,100,131700.00,2,F1,1,,,,,
2026-09-18,2026-09-18,CM,BSE,STK,938330,INE051307AB8,115CCIL28,F,,,,,CCIL-11.50%-11-1-28-NCD,860.01,860.01,860.01,860.01,860.01,995.00,,860.01,,,1,860.00,1,F1,1,,,,,
2026-09-18,2026-09-18,CM,BSE,STK,938348,INE403Q07DF4,95KFL27,F,,,,,KFL-9.5%-15-1-27-NCD,1000.00,1000.00,1000.00,1000.00,1000.00,995.00,,1000.00,,,18,18000.00,1,F1,1,,,,,
2026-09-18,2026-09-18,CM,BSE,STK,938364,INE532F07DK3,967EFSL28D,F,,,,,EFSL-9.67%-20-1-28-NCD,985.05,996.00,985.05,996.00,996.00,995.00,,996.00,,,206,204542.00,5,F1,1,,,,,
2026-09-18,2026-09-18,CM,BSE,STK,938414,INE244L07283,1030SFIL28,F,,,,,SFIL-10.30%-2-2-28-NCD,594.00,594.00,594.00,594.00,594.00,594.00,,570.50,,,100,59400.00,3,F1,1,,,,,
2026-09-18,2026-09-18,CM,BSE,STK,938486,INE148I07OH5,1015SCL28A,F,,,,,SCL-10.15%-23-3-28-NCD,900.00,900.00,642.00,642.00,642.00,801.70,,525.54,,,12,9252.00,2,F1,1,,,,,
2026-09-18,2026-09-18,CM,BSE,STK,938512,INE244L07523,890SFIL23A,F,,,,,SFIL-10.03%-25-4-28-NCD,381.01,381.01,381.01,381.01,381.01,402.00,,381.01,,,6,2286.00,1,F1,1,,,,,
2026-09-18,2026-09-18,CM,BSE,STK,938524,INE532F07DT4,967EFSL28,F,,,,,EFSL-9.67%-27-4-28-NCD,987.75,987.75,987.75,987.75,987.75,997.73,,987.75,,,10,9877.00,1,F1,1,,,,,
2026-09-18,2026-09-18,CM,BSE,STK,938530,INE532F07DX6,10EFSL33,F,,,,,EFSL-10%-27-4-33-NCD,1000.00,1000.00,1000.00,1000.00,1000.00,1000.00,,1000.00,,,10,10000.00,1,F1,1,,,,,
2026-09-18,2026-09-18,CM,BSE,STK,938576,INE549K07BZ9,MFL26Z,F,,,,,MFL-2-11-26-NCD,1331.00,1331.00,1331.00,1331.00,1331.00,1321.00,,1331.00,,,4,5324.00,1,F1,1,,,,,
2026-09-18,2026-09-18,CM,BSE,STK,938604,INE302E07565,1025SFL28,F,,,,,SFL-10.25%-8-5-28-NCD,1010.00,1010.00,1010.00,1010.00,1010.00,899.00,,1010.00,,,10,10100.00,1,F1,1,,,,,
2026-09-18,2026-09-18,CM,BSE,STK,938658,INE532F07EG9,967EFS28,F,,,,,EFSL-9.67%-21-7-28-NCD,997.20,997.20,997.00,997.00,997.00,997.00,,997.00,,,89,88733.00,3,F1,1,,,,,
2026-09-18,2026-09-18,CM,BSE,STK,938664,INE532F07EI5,10EFS33,F,,,,,EFSL-10%-21-7-33-NCD,997.00,997.00,997.00,997.00,997.00,995.00,,997.00,,,164,163508.00,4,F1,1,,,,,
2026-09-18,2026-09-18,CM,BSE,STK,938742,INE741K07579,970CAGL28,F,,,,,CAGL-9.70%-7-9-28-NCD,1017.50,1020.00,1015.04,1015.04,1015.04,1019.00,,1015.04,,,277,281637.00,7,F1,1,,,,,
2026-09-18,2026-09-18,CM,BSE,STK,938850,INE148I07PV3,888SCL25E,F,,,,,SCL-10.25%-26-9-33-NCD,1056.00,1056.00,1056.00,1056.00,1056.00,880.00,,928.00,,,6,6336.00,1,F1,1,,,,,
2026-09-18,2026-09-18,CM,BSE,STK,938862,INE403Q07DV1,10KFL27,F,,,,,KFL-10%-27-9-27-NCD,999.00,999.00,980.00,997.00,997.00,980.01,,997.00,,,75,74160.00,6,F1,1,,,,,
2026-09-18,2026-09-18,CM,BSE,STK,938898,INE532F07EQ8,920EFSL26A,F,,,,,EFSL-9.20%-26-10-26-NCD,999.00,999.00,999.00,999.00,999.00,999.00,,999.00,,,38,37962.00,1,F1,1,,,,,
2026-09-18,2026-09-18,CM,BSE,STK,938902,INE532F07ES4,EFSLZC26C,F,,,,,EFSL-ZC-26-10-26-NCD,1298.00,1302.00,1298.00,1302.00,1302.00,1298.00,,1302.00,,,210,272820.00,10,F1,1,,,,,
2026-09-18,2026-09-18,CM,BSE,STK,938904,INE532F07EO3,967EFSL28A,F,,,,,EFSL-9.67%-26-10-28-NCD,990.00,992.50,990.00,992.00,992.00,995.00,,992.00,,,198,196247.00,5,F1,1,,,,,
2026-09-18,2026-09-18,CM,BSE,STK,938986,INE148I07QR9,1015SCL28,F,,,,,SCL-10.15%-9-11-28-NCD,650.20,650.20,650.20,650.20,650.20,570.00,,650.20,,,20,13004.00,1,F1,1,,,,,
2026-09-18,2026-09-18,CM,BSE,STK,939010,INE321N07368,1030IFSL26,F,,,,,IFSL-10.30%-10-11-26-NCD,364.21,364.21,364.21,364.21,364.21,363.80,,364.21,,,25,9105.00,1,F1,1,,,,,
2026-09-18,2026-09-18,CM,BSE,STK,939054,INE413U07269,1003ISFL28,F,,,,,ISFL-10.03%-21-12-28-NCD,999.00,1020.00,999.00,1020.00,1020.00,1011.00,,1009.77,,,205,205078.00,3,F1,1,,,,,
2026-09-18,2026-09-18,CM,BSE,STK,939090,INE05F407BB6,1050MML28,F,,,,,MML-10.50%-21-12-28-NCD,1010.00,1010.00,1010.00,1010.00,1010.00,1010.00,,1010.00,,,1,1010.00,1,F1,1,,,,,
2026-09-18,2026-09-18,CM,BSE,STK,939192,INE532F07EW6,960EFSL27,F,,,,,ESFL-9.60%-29-1-27-NCD,1051.20,1051.20,1051.20,1051.20,1051.20,1050.80,,1051.20,,,7,7358.00,1,F1,1,,,,,
2026-09-18,2026-09-18,CM,BSE,STK,939196,INE532F07EY2,967EFSL29,F,,,,,EFSL-9.67%-29-1-29-NCD,990.00,990.00,960.12,990.00,990.00,1005.00,,990.00,,,818,804130.00,13,F1,1,,,,,
2026-09-18,2026-09-18,CM,BSE,STK,939264,INE0BUS07AT5,1150IML29,F,,,,,IML-11.50%-15-2-29-NCD,1026.02,1026.02,1002.02,1016.42,1002.02,1001.00,,1016.42,,,25,25410.00,2,F1,1,,,,,
2026-09-18,2026-09-18,CM,BSE,STK,939276,INE302E07649,1025SFL29,F,,,,,SFL-10.25%-27-2-29-NCD,846.00,1006.00,846.00,1006.00,1006.00,1010.00,,1006.00,,,501,424006.00,3,F1,1,,,,,
2026-09-18,2026-09-18,CM,BSE,STK,939297,INE530L07731,958NIDO27,F,,,,,NHFL-9.58%-1-3-27-NCD,999.00,999.00,999.00,999.00,999.00,996.00,,999.00,,,30,29970.00,1,F1,1,,,,,
2026-09-18,2026-09-18,CM,BSE,STK,939309,INE530L07673,1026NIDO34,F,,,,,NHFL-10.26%-1-3-34-NCD,990.00,990.00,990.00,990.00,990.00,902.00,,990.00,,,1,990.00,1,F1,1,,,,,
2026-09-18,2026-09-18,CM,BSE,STK,939355,INE148I07SI4,948SCL27,F,,,,,SCL-9.48%-26-3-27-NCD,994.00,994.00,992.00,992.12,992.00,992.56,,992.12,,,1127,1118359.00,5,F1,1,,,,,
2026-09-18,2026-09-18,CM,BSE,STK,939427,INE403Q07EM8,10KFL28A,F,,,,,KFL-10%-25-4-28-NCD,998.00,998.00,998.00,998.00,998.00,998.00,,998.00,,,4,3992.00,1,F1,1,,,,,
2026-09-18,2026-09-18,CM,BSE,STK,939583,INE530L07806,958NHFL27,F,,,,,NHFL-9.58%-3-7-27-NCD,995.00,995.00,995.00,995.00,995.00,995.00,,995.00,,,50,49750.00,2,F1,1,,,,,
2026-09-18,2026-09-18,CM,BSE,STK,939595,INE530L07780,1026NHFL34,F,,,,,NHFL-10.26%-3-7-34-NCD,1015.00,1015.00,1015.00,1015.00,1015.00,1000.00,,1015.00,,,3,3045.00,1,F1,1,,,,,
2026-09-18,2026-09-18,CM,BSE,STK,939617,INE532F07FR3,957EFSL27,F,,,,,EFSL-9.57%-26-7-27-NCD,986.20,986.20,986.20,986.20,986.20,1080.40,,986.20,,,1,986.00,1,F1,1,,,,,
2026-09-18,2026-09-18,CM,BSE,STK,939623,INE532F07FU7,1004EFSL29,F,,,,,EFSL-10.04%-26-7-29-NCD,1005.00,1005.00,1005.00,1005.00,1005.00,995.00,,1005.00,,,1,1005.00,1,F1,1,,,,,
2026-09-18,2026-09-18,CM,BSE,STK,939627,INE532F07FW3,EFSL26724A,F,,,,,EFSL-26-7-29-NCD,1183.00,1183.00,1183.00,1183.00,1183.00,1183.00,,1183.00,,,85,100555.00,1,F1,1,,,,,
2026-09-18,2026-09-18,CM,BSE,STK,939631,INE532F07FZ6,1049EFSL34,F,,,,,EFSL-10.49%-26-7-34-NCD,1029.56,1029.56,1002.07,1002.07,1002.07,1029.56,,1002.07,,,18,18092.00,2,F1,1,,,,,
2026-09-18,2026-09-18,CM,BSE,STK,939649,INE403Q07ET3,10KFL27A,F,,,,,KFL-10%-6-8-27-NCD,997.00,997.00,997.00,997.00,997.00,997.00,,997.00,,,64,63808.00,1,F1,1,,,,,
2026-09-18,2026-09-18,CM,BSE,STK,939657,INE103C07066,104SMCGS29,F,,,,,SMCGSL-10.40%-07-08-29-NCD,1005.00,1005.00,1005.00,1005.00,1005.00,1005.00,,1005.00,,,20,20100.00,1,F1,1,,,,,
2026-09-18,2026-09-18,CM,BSE,STK,939659,INE403Q07EU1,1025KFL29,F,,,,,KFL-10.25%-6-8-29-NCD,1000.00,1000.00,1000.00,1000.00,1000.00,968.00,,1000.00,,,20,20000.00,2,F1,1,,,,,
2026-09-18,2026-09-18,CM,BSE,STK,939711,INE05F407CM1,1125MML27,F,,,,,MML-11.25%-11-9-27-NCD,1007.00,1007.00,1007.00,1007.00,1007.00,1007.00,,1007.00,,,5,5035.00,3,F1,1,,,,,
2026-09-18,2026-09-18,CM,BSE,STK,939727,INE423A07328,965AEL27,F,,,,,AEL-9.65%-12-9-27-NCD,986.70,1011.99,986.70,1011.99,1011.99,1012.00,,1011.50,,,143,142093.00,6,F1,1,,,,,
2026-09-18,2026-09-18,CM,BSE,STK,939731,INE423A07336,956AEL29,F,,,,,AEL-9.56%-12-9-29-NCD,1050.00,1050.00,1050.00,1050.00,1050.00,1039.90,,1050.00,,,6,6300.00,2,F1,1,,,,,
2026-09-18,2026-09-18,CM,BSE,STK,939733,INE423A07344,99AEL29,F,,,,,AEL-9.90%-12-9-29-NCD,1060.00,1060.00,1060.00,1060.00,1060.00,1039.00,,1052.08,,,90,95400.00,8,F1,1,,,,,
2026-09-18,2026-09-18,CM,BSE,STK,939743,INE549K07EI9,965MFCL30,F,,,,,MFCL-9.65%-16-9-30-NCD,1030.00,1030.00,1030.00,1030.00,1030.00,994.00,,1030.00,,,5,5150.00,1,F1,1,,,,,
2026-09-18,2026-09-18,CM,BSE,STK,939751,INE549K07EB4,1010MFCL30,F,,,,,MFCL-10.10%-16-9-30-NCD,1014.90,1016.00,1010.00,1016.00,1016.00,1009.00,,1016.00,,,216,218578.00,15,F1,1,,,,,
2026-09-18,2026-09-18,CM,BSE,STK,939775,INE148I07UE9,990SCL27B,F,,,,,SCL-9.90%-25-9-27-NCD,999.00,999.00,998.00,998.00,998.00,1001.66,,998.00,,,5,4994.00,3,F1,1,,,,,
2026-09-18,2026-09-18,CM,BSE,STK,939807,INE896L07991,1030ICFL27,F,,,,,ICFL-10.30%-25-9-27-NCD,1000.00,1000.00,1000.00,1000.00,1000.00,1000.00,,1000.00,,,10,10000.00,1,F1,1,,,,,
2026-09-18,2026-09-18,CM,BSE,STK,939835,INE583D07521,1025UCL26A,F,,,,,UCL-10.25%-24-10-26-NCD,1000.00,1000.00,994.85,994.85,994.85,997.08,,994.93,,,43,42939.00,5,F1,1,,,,,
2026-09-18,2026-09-18,CM,BSE,STK,939841,INE532F07GC3,EFSL241024,F,,,,,EFSL-24-10-26-NCD,1185.00,1185.00,1185.00,1185.00,1185.00,1171.01,,1185.00,,,22,26070.00,1,F1,1,,,,,
2026-09-18,2026-09-18,CM,BSE,STK,939859,INE532F07GL4,11EFSL34B,F,,,,,EFSL-11%-24-10-34-NCD,1099.00,1099.00,1099.00,1099.00,1099.00,1098.20,,1099.00,,,85,93415.00,3,F1,1,,,,,
2026-09-18,2026-09-18,CM,BSE,STK,939867,INE549K07ES8,945MFCL29A,F,,,,,MFCL-9.45%-30-10-29-NCD,1000.00,1000.00,1000.00,1000.00,1000.00,1000.00,,1000.00,,,100,100000.00,2,F1,1,,,,,
2026-09-18,2026-09-18,CM,BSE,STK,939901,INE0BUS07BF2,IML8112024,F,,,,,IML-7-5-30-NCD,1129.00,1129.00,1129.00,1129.00,1129.00,1228.00,,1129.00,,,1,1129.00,1,F1,1,,,,,
2026-09-18,2026-09-18,CM,BSE,STK,939963,INE403Q07EY3,10KFL27C,F,,,,,KFL-10%-11-12-27-NCD,997.00,997.00,997.00,997.00,997.00,998.00,,997.00,,,267,266199.00,4,F1,1,,,,,
2026-09-18,2026-09-18,CM,BSE,STK,940097,INE532F07GO8,950EFSL27,F,,,,,EFSL-9.50%-24-1-27-NCD,1052.20,1052.20,1052.20,1052.20,1052.20,1045.20,,1052.20,,,50,52610.00,1,F1,1,,,,,
2026-09-18,2026-09-18,CM,BSE,STK,940101,INE532F07GQ3,957EFSL28,F,,,,,EFSL-9.57%-24-1-28-NCD,995.00,995.00,995.00,995.00,995.00,995.00,,995.00,,,49,48755.00,2,F1,1,,,,,
2026-09-18,2026-09-18,CM,BSE,STK,940107,INE532F07GX9,1004EFSL30,F,,,,,EFSL-10.04%-24-1-30-NCD,985.00,989.00,985.00,985.00,985.00,985.00,,985.00,,,150,147770.00,7,F1,1,,,,,
2026-09-18,2026-09-18,CM,BSE,STK,940273,INE403Q07FL7,1025KFL30,F,,,,,KFL-10.25%-14-4-30-NCD,1000.00,1000.00,1000.00,1000.00,1000.00,1000.00,,1000.00,,,105,105000.00,4,F1,1,,,,,
2026-09-18,2026-09-18,CM,BSE,STK,940293,INE530B07534,930IIFL27,F,,,,,IIFL-9.30%-21-4-27-NCD,1021.10,1022.00,1000.00,1016.81,1021.00,1080.54,,1016.91,,,51,51865.00,12,F1,1,,,,,
2026-09-18,2026-09-18,CM,BSE,STK,940299,INE530B07476,975IIFL28,F,,,,,IIFL-9.75%-21-4-28-NCD,1048.80,1048.80,1048.80,1048.80,1048.80,1045.80,,1048.80,,,78,81806.00,2,F1,1,,,,,
2026-09-18,2026-09-18,CM,BSE,STK,940311,INE583D07604,1015UCL27,F,,,,,UCL-10.15%-24-04-27-NCD,1000.00,1000.00,1000.00,1000.00,1000.00,1001.00,,1000.00,,,5,5000.00,1,F1,1,,,,,
2026-09-18,2026-09-18,CM,BSE,STK,940323,INE103C07116,SMCGS24425,F,,,,,SMCGSL-24-04-28-NCD,1168.90,1168.90,1168.90,1168.90,1168.90,1167.00,,1168.90,,,255,298069.00,2,F1,1,,,,,
2026-09-18,2026-09-18,CM,BSE,STK,940325,INE103C07082,1003SMCG30,F,,,,,SMCGSL-10.03%-24-04-30-NCD,1005.01,1009.01,1005.00,1005.00,1005.00,1005.00,,1005.00,,,202,203063.00,5,F1,1,,,,,
2026-09-18,2026-09-18,CM,BSE,STK,940347,INE532F07HG2,1049EFS35F,F,,,,,EFSL-10.49%-30-04-35-NCD,1028.00,1028.00,1028.00,1028.00,1028.00,1005.20,,1028.00,,,15,15420.00,1,F1,1,,,,,
2026-09-18,2026-09-18,CM,BSE,STK,940357,INE101Q07BB7,10MML28A,F,,,,,MML-10%-12-5-28-NCD,1000.00,1000.00,1000.00,1000.00,1000.00,1000.00,,1000.00,,,201,201000.00,5,F1,1,,,,,
2026-09-18,2026-09-18,CM,BSE,STK,940361,INE101Q07BG6,1050MML30,F,,,,,MML-10.50%-12-5-30-NCD,1002.01,1002.01,1002.01,1002.01,1002.01,1001.00,,1002.01,,,10,10020.00,1,F1,1,,,,,
2026-09-18,2026-09-18,CM,BSE,STK,940415,INE051307BT8,12CCIL30D,F,,,,,CCIL-12%-19-6-30-NCD,999.00,999.00,999.00,999.00,999.00,1000.00,,999.00,,,294,293706.00,2,F1,1,,,,,
2026-09-18,2026-09-18,CM,BSE,STK,940421,INE051307BV4,CCIL20625G,F,,,,,CCIL-19-4-31-NCD,1010.00,1010.00,1010.00,1010.00,1010.00,1007.50,,1010.00,,,25,25250.00,1,F1,1,,,,,
2026-09-18,2026-09-18,CM,BSE,STK,940429,INE530L07AW6,10NHFL28B,F,,,,,NHFL-10%-02-07-28-NCD,1015.00,1015.00,1015.00,1015.00,1015.00,1015.00,,1015.00,,,10,10150.00,1,F1,1,,,,,
2026-09-18,2026-09-18,CM,BSE,STK,940439,INE530L07AQ8,1025NHFL35,F,,,,,NHFL-10.25%-02-07-35-NCD,988.54,988.54,988.54,988.54,988.54,1010.00,,988.54,,,1,988.00,1,F1,1,,,,,
2026-09-18,2026-09-18,CM,BSE,STK,940459,INE549K07GY1,MFCL16725,F,,,,,MFCL-16-7-27-NCD,1083.20,1083.20,1075.00,1080.20,1080.20,1075.00,,1080.20,,,210,227360.00,3,F1,1,,,,,
2026-09-18,2026-09-18,CM,BSE,STK,940471,INE423A07427,885AEL28,F,,,,,AEL-8.85%-17-07-28-NCD,1010.00,1010.00,1010.00,1010.00,1010.00,1020.00,,1010.00,,,8,8080.00,1,F1,1,,,,,
2026-09-18,2026-09-18,CM,BSE,STK,940473,INE423A07435,915AEL28,F,,,,,AEL-9.15%-17-07-28-NCD,1031.00,1031.00,1031.00,1031.00,1031.00,1019.88,,1030.00,,,1,1031.00,1,F1,1,,,,,
2026-09-18,2026-09-18,CM,BSE,STK,940479,INE423A07393,930AEL30,F,,,,,AEL-9.30%-17-07-30-NCD,1044.99,1044.99,1044.99,1044.99,1044.99,1035.00,,1043.50,,,70,73149.00,2,F1,1,,,,,
2026-09-18,2026-09-18,CM,BSE,STK,940501,INE532F07HX7,935EFSL28,F,,,,,EFSL-9.35%-24-7-28-NCD,992.00,992.00,992.00,992.00,992.00,989.80,,992.00,,,5,4960.00,1,F1,1,,,,,
2026-09-18,2026-09-18,CM,BSE,STK,940511,INE532F07HU3,1025EFSL30,F,,,,,EFSL-10.25%-24-7-30-NCD,1000.00,1000.00,999.00,999.00,999.00,1000.00,,999.00,,,9,8996.00,2,F1,1,,,,,
2026-09-18,2026-09-18,CM,BSE,STK,940517,INE532F07HQ1,1003EFSL35,F,,,,,EFSL-10.03%-24-7-35-NCD,999.00,999.50,998.50,999.26,999.50,999.50,,999.26,,,501,500626.00,4,F1,1,,,,,
2026-09-18,2026-09-18,CM,BSE,STK,940519,INE532F07HR9,1050EFSL35,F,,,,,EFSL-10.50%-24-7-35-NCD,1005.00,1005.00,1005.00,1005.00,1005.00,1005.00,,1005.00,,,10,10050.00,1,F1,1,,,,,
2026-09-18,2026-09-18,CM,BSE,STK,940605,INE01CYA7088,1150IFL28,F,,,,,ICLFL-11.50%-20-8-28-NCD,997.00,997.00,997.00,997.00,997.00,997.00,,997.00,,,8,7976.00,1,F1,1,,,,,
2026-09-18,2026-09-18,CM,BSE,STK,940611,INE01CYA7062,IFL200825A,F,,,,,IFL-20-8-27-NCD,1130.00,1130.00,1130.00,1130.00,1130.00,1130.00,,1130.00,,,1,1130.00,1,F1,1,,,,,
2026-09-18,2026-09-18,CM,BSE,STK,940619,INE01CY079Z2,IFL200828C,F,,,,,IFL-20-6-31-NCD,955.00,955.00,955.00,955.00,955.00,955.00,,955.00,,,1,955.00,1,F1,1,,,,,
2026-09-18,2026-09-18,CM,BSE,STK,940631,INE302E07938,SFL290825E,F,,,,,SFL-29-8-30-NCD,1020.00,1020.00,1020.00,1020.00,1020.00,1020.00,,1020.00,,,30,30600.00,1,F1,1,,,,,
2026-09-18,2026-09-18,CM,BSE,STK,940637,INE101Q07BL6,925MML27,F,,,,,MML-9.25%-29-8-27-NCD,989.99,989.99,989.99,989.99,989.99,989.99,,989.99,,,6,5939.00,1,F1,1,,,,,
2026-09-18,2026-09-18,CM,BSE,STK,940643,INE101Q07BJ0,105MML30,F,,,,,MML-10.5%-29-8-30-NCD,1001.00,1001.00,1001.00,1001.00,1001.00,1001.00,,1001.00,,,15,15015.00,1,F1,1,,,,,
2026-09-18,2026-09-18,CM,BSE,STK,940649,INE530L07BD4,935NHFL28,F,,,,,NHFL-9.35%-10-09-28-NCD,990.80,990.80,990.80,990.80,990.80,989.90,,990.80,,,133,131776.00,5,F1,1,,,,,
2026-09-18,2026-09-18,CM,BSE,STK,940651,INE530L07BE2,975NHFL28,F,,,,,NHFL-9.75%-10-09-28-NCD,1000.00,1000.00,1000.00,1000.00,1000.00,1000.00,,1000.00,,,20,20000.00,1,F1,1,,,,,
2026-09-18,2026-09-18,CM,BSE,STK,940653,INE530L07BF9,NHFL100925,F,,,,,NHFL-10-09-28-NCD,1070.20,1070.20,1070.20,1070.20,1070.20,1075.80,,1070.20,,,102,109160.00,1,F1,1,,,,,
2026-09-18,2026-09-18,CM,BSE,STK,940655,INE530L07BA0,980NHFL30,F,,,,,NHFL-9.80%-10-09-30-NCD,995.00,995.00,995.00,995.00,995.00,995.00,,995.00,,,10,9950.00,1,F1,1,,,,,
2026-09-18,2026-09-18,CM,BSE,STK,940663,INE530L07AZ9,1050NHFL35,F,,,,,NHFL-10.50%-10-09-35-NCD,1000.00,1019.40,999.00,1005.05,1005.05,997.80,,1005.05,,,3010,3014375.00,8,F1,1,,,,,
2026-09-18,2026-09-18,CM,BSE,STK,940665,INE532F07IC9,9EFSL27A,F,,,,,EFSL-9%-7-10-27-NCD,1055.00,1055.00,1009.50,1009.50,1009.50,1061.00,,1009.50,,,205,207407.00,8,F1,1,,,,,
2026-09-18,2026-09-18,CM,BSE,STK,940669,INE532F07IA3,912EFSL28,F,,,,,EFSL-9.12%-7-10-28-NCD,990.20,990.20,990.20,990.20,990.20,985.00,,990.20,,,101,100010.00,2,F1,1,,,,,
2026-09-18,2026-09-18,CM,BSE,STK,940675,INE532F07ID7,958EFSL30,F,,,,,EFSL-9.58%-7-10-30-NCD,996.00,996.00,996.00,996.00,996.00,995.00,,996.00,,,80,79680.00,8,F1,1,,,,,
2026-09-18,2026-09-18,CM,BSE,STK,940677,INE532F07HY5,10EFSL30,F,,,,,EFSL-10%-7-10-30-NCD,1060.00,1060.00,1000.00,1000.00,1000.00,1060.00,,1000.00,,,611,618890.00,26,F1,1,,,,,
2026-09-18,2026-09-18,CM,BSE,STK,940681,INE532F07IE5,980EFSL35,F,,,,,EFSL-9.80%-7-10-35-NCD,989.90,989.90,989.90,989.90,989.90,994.00,,989.90,,,505,499899.00,2,F1,1,,,,,
2026-09-18,2026-09-18,CM,BSE,STK,940683,INE532F07IF2,1025EFSL35,F,,,,,EFSL-10.25%-7-10-35-NCD,1009.99,1009.99,1004.99,1005.00,1005.00,1075.00,,1005.00,,,400,402996.00,6,F1,1,,,,,
2026-09-18,2026-09-18,CM,BSE,STK,940685,INE05NX24023,8SMC29,F,,,,,SMC-8%-13-10-29-MB,514.90,514.90,514.90,514.90,514.90,499.46,,514.90,,,40,20596.00,1,F1,1,,,,,
2026-09-18,2026-09-18,CM,BSE,STK,940687,INE05NX24031,8SMC30,F,,,,,SMC-8%-13-10-30-MB,512.00,514.90,512.00,514.90,514.90,514.90,,514.90,,,364,186687.00,3,F1,1,,,,,
2026-09-18,2026-09-18,CM,BSE,STK,940693,INE180C07171,89CGCL28,F,,,,,CGCL-8.9%-13-10-28-NCD,1000.00,1018.00,1000.00,1018.00,1018.00,1000.00,,1018.00,,,63,63334.00,3,F1,1,,,,,
2026-09-18,2026-09-18,CM,BSE,STK,940709,INE0BUS07CD5,1025IML28,F,,,,,IML-10.25%-30-10-28-NCD,1000.00,1000.00,1000.00,1000.00,1000.00,1000.00,,1000.00,,,140,140000.00,2,F1,1,,,,,
2026-09-18,2026-09-18,CM,BSE,STK,940713,INE0BUS07CC7,1125IML30,F,,,,,IML-11.25%-30-10-30-NCD,1004.00,1005.00,1004.00,1004.95,1004.95,1004.00,,1004.95,,,90,90407.00,4,F1,1,,,,,
2026-09-18,2026-09-18,CM,BSE,STK,940715,INE0BUS07CA1,IML301025D,F,,,,,IML-30-10-31-NCD,1080.00,1080.00,1080.00,1080.00,1080.00,1080.15,,1080.00,,,6,6480.00,2,F1,1,,,,,
2026-09-18,2026-09-18,CM,BSE,STK,940719,INE103C07132,SGSL301025,F,,,,,SGSL-30-10-27-NCD,1095.00,1099.00,1095.00,1099.00,1099.00,1065.00,,1099.00,,,1600,1758000.00,3,F1,1,,,,,
2026-09-18,2026-09-18,CM,BSE,STK,940725,INE103C07173,98SGSL30,F,,,,,SGSL-9.8%-30-10-30-NCD,999.00,999.00,999.00,999.00,999.00,1004.50,,999.00,,,50,49950.00,1,F1,1,,,,,
2026-09-18,2026-09-18,CM,BSE,STK,940727,INE103C07165,1025SGSL30,F,,,,,SGSL-10.25%-30-10-30-NCD,1061.30,1081.99,1061.30,1081.99,1081.99,1061.28,,1081.99,,,374,401243.00,5,F1,1,,,,,
2026-09-18,2026-09-18,CM,BSE,STK,940763,INE01CYA7195,1150ICLF28,F,,,,,ICLFL-11.50%-02-12-28-NCD,995.00,1000.00,995.00,1000.00,1000.00,997.50,,1000.00,,,100,99750.00,2,F1,1,,,,,
2026-09-18,2026-09-18,CM,BSE,STK,940777,INE01CYA7138,ICL021225,F,,,,,ICLFL-02-10-31-NCD,930.00,930.00,930.00,930.00,930.00,930.00,,930.00,,,100,93000.00,1,F1,1,,,,,
2026-09-18,2026-09-18,CM,BSE,STK,940787,INE532F07IN6,EFS121225,F,,,,,EFSL-12-12-28-NCD,1030.00,1030.00,1027.20,1027.20,1027.20,1027.20,,1027.20,,,2,2057.00,2,F1,1,,,,,
2026-09-18,2026-09-18,CM,BSE,STK,940789,INE532F07IP1,944EFSL30,F,,,,,EFSL-9.44%-12-12-30-NCD,1005.00,1005.00,1005.00,1005.00,1005.00,1004.00,,1005.00,,,3,3015.00,1,F1,1,,,,,
2026-09-18,2026-09-18,CM,BSE,STK,940817,INE01I507AX0,KAF161225A,F,,,,,KAFL-16-7-32-NCD,992.00,992.00,992.00,992.00,992.00,990.00,,992.00,,,5,4960.00,1,F1,1,,,,,
2026-09-18,2026-09-18,CM,BSE,STK,940821,INE05F407DN7,95MML27,F,,,,,MML-9.5%-23-01-27-NCD,994.00,994.00,994.00,994.00,994.00,983.85,,994.00,,,1,994.00,1,F1,1,,,,,
2026-09-18,2026-09-18,CM,BSE,STK,940837,INE0IID07744,125PCL28,F,,,,,PCL-12.5%-29-12-28-NCD,990.00,996.50,990.00,996.50,996.50,996.50,,996.50,,,131,130476.00,5,F1,1,,,,,
2026-09-18,2026-09-18,CM,BSE,STK,940841,INE0IID07769,13PCL30A,F,,,,,PCL-13%-29-12-30-NCD,1001.62,1001.62,1001.62,1001.62,1001.62,1000.01,,1001.62,,,20,20032.00,1,F1,1,,,,,
2026-09-18,2026-09-18,CM,BSE,STK,940843,INE423A07484,860AEL28,F,,,,,AEL-8.60%-12-1-28-NCD,1051.00,1051.00,1040.80,1040.80,1040.80,1051.30,,1040.80,,,17,17846.00,3,F1,1,,,,,
2026-09-18,2026-09-18,CM,BSE,STK,940853,INE423A07518,862AEL31,F,,,,,AEL-8.62%-12-1-31-NCD,1029.98,1029.98,1029.98,1029.98,1029.98,1030.00,,1029.99,,,1,1029.00,1,F1,1,,,,,
2026-09-18,2026-09-18,CM,BSE,STK,940855,INE423A07526,890AEL31,F,,,,,AEL-8.90%-12-1-31-NCD,1063.87,1063.88,1058.00,1063.88,1063.88,1063.99,,1058.28,,,22,23287.00,3,F1,1,,,,,
2026-09-18,2026-09-18,CM,BSE,STK,940872,INE549K07HI2,91MFL32,F,,,,,MFL-9.1%-12-2-32-NCD,1006.80,1006.80,1005.01,1005.01,1005.01,990.20,,1005.01,,,60,60327.00,3,F1,1,,,,,
2026-09-18,2026-09-18,CM,BSE,STK,940874,INE549K07HP7,MFL120226,F,,,,,MFL-12-2-28-NCD,1022.00,1022.11,1020.66,1020.66,1020.66,1022.00,,1020.66,,,400,408604.00,6,F1,1,,,,,
2026-09-18,2026-09-18,CM,BSE,STK,940886,INE403Q07GU6,9KFL2029,F,,,,,KFL-9%-19-2-29-NCD,950.65,990.00,950.65,990.00,990.00,970.01,,990.00,,,83,80302.00,7,F1,1,,,,,
2026-09-18,2026-09-18,CM,BSE,STK,940896,INE403Q07GQ4,KFL20226C,F,,,,,Kosamattam Finance Limited,1000.00,1000.00,1000.00,1000.00,1000.00,989.80,,1000.00,,,130,130000.00,1,F1,1,,,,,
2026-09-18,2026-09-18,CM,BSE,STK,940898,INE01CYA7245,10ICLFL27,F,,,,,ICLFL-10%-23-03-27-NCD,985.50,998.85,985.00,985.13,985.00,985.00,,985.13,,,202,200164.00,7,F1,1,,,,,
2026-09-18,2026-09-18,CM,BSE,STK,940904,INE01CYA7278,1150ICLF31,F,,,,,ICLFL-11.50%-23-02-31-NCD,1010.00,1010.00,1010.00,1010.00,1010.00,980.20,,1010.00,,,10,10100.00,1,F1,1,,,,,
2026-09-18,2026-09-18,CM,BSE,STK,940906,INE01CYA7286,ICLFL23226,F,,,,,ICLFL-ZC-23-03-27-NCD,1035.00,1035.00,1035.00,1035.00,1035.00,1030.00,,1035.00,,,10,10350.00,1,F1,1,,,,,
2026-09-18,2026-09-18,CM,BSE,STK,940943,INE530B07609,9IIFL31,F,,,,,IIFL-9%-06-03-31-NCD,1004.10,1004.10,1004.10,1004.10,1004.10,1009.80,,1007.10,,,30,30123.00,1,F1,1,,,,,
2026-09-18,2026-09-18,CM,BSE,STK,940945,INE530B07583,IIFL060326,F,,,,,IIFL-06-03-28-NCD,1015.00,1015.00,1015.00,1015.00,1015.00,1010.00,,1015.00,,,100,101500.00,2,F1,1,,,,,
2026-09-18,2026-09-18,CM,BSE,STK,940955,INE0IID07785,13PCL31,F,,,,,PCL-13%-16-3-31-NCD,1009.50,1009.50,1009.50,1009.50,1009.50,1009.99,,1009.50,,,5,5047.00,1,F1,1,,,,,
2026-09-18,2026-09-18,CM,BSE,STK,940967,INE051307CK5,CCIL180326,F,,,,,CCIL-18-03-28-NCD,1001.00,1001.00,1001.00,1001.00,1001.00,0.00,,1001.00,,,20,20020.00,2,F1,1,,,,,
2026-09-18,2026-09-18,CM,BSE,STK,940969,INE051307CI9,CCIL18326A,F,,,,,CCIL-18-03-32-NCD,966.00,966.00,966.00,966.00,966.00,920.00,,966.00,,,9,8694.00,2,F1,1,,,,,
2026-09-18,2026-09-18,CM,BSE,STK,940991,INE549K07HR3,837MFL28A,F,,,,,MFL-8.37%-25-3-28-NCD,972.54,972.54,972.54,972.54,972.54,976.21,,972.54,,,10,9725.00,1,F1,1,,,,,
2026-09-18,2026-09-18,CM,BSE,STK,940993,INE549K07HS1,852MFL29A,F,,,,,MFL-8.52%-25-3-29-NCD,957.00,996.80,957.00,996.80,996.80,996.80,,996.80,,,50,49000.00,5,F1,1,,,,,
2026-09-18,2026-09-18,CM,BSE,STK,941013,INE549K07HU7,MFL250326C,F,,,,,MFL-25-3-32-NCD,987.20,987.20,987.20,987.20,987.20,987.20,,987.20,,,40,39488.00,1,F1,1,,,,,
2026-09-18,2026-09-18,CM,BSE,STK,941015,INE01CYA7369,10ICLFL027,F,,,,,ICLFL-10%-28-05-27-NCD,984.89,984.90,984.89,984.90,984.90,984.99,,984.90,,,105,103414.00,2,F1,1,,,,,
2026-09-18,2026-09-18,CM,BSE,STK,941021,INE01CYA7385,115ICLFL31,F,,,,,ICLFL-11.50%-28-04-31-NCD,986.00,986.00,986.00,986.00,986.00,989.99,,986.00,,,64,63104.00,2,F1,1,,,,,
2026-09-18,2026-09-18,CM,BSE,STK,941037,INE180C07304,880CGCL29,F,,,,,CGCL-8.80%-30-4-29-NCD,971.18,991.00,971.18,990.20,990.20,991.00,,990.20,,,132,130718.00,7,F1,1,,,,,
2026-09-18,2026-09-18,CM,BSE,STK,941039,INE180C07320,915CGCL29,F,,,,,CGCL-9.15%-30-4-29-NCD,1021.00,1021.00,1021.00,1021.00,1021.00,1011.00,,1021.00,,,45,45945.00,2,F1,1,,,,,
2026-09-18,2026-09-18,CM,BSE,STK,941051,INE549K07IG4,879MFL31,F,,,,,MFL-8.79%-12-5-31-NCD,984.44,984.44,984.44,984.44,984.44,985.00,,984.44,,,178,175230.00,1,F1,1,,,,,
2026-09-18,2026-09-18,CM,BSE,STK,941055,INE549K07II0,885MFL28A,F,,,,,MFL-8.85%-12-5-28-NCD,1017.50,1017.50,1017.50,1017.50,1017.50,1002.99,,1017.50,,,132,134310.00,1,F1,1,,,,,
2026-09-18,2026-09-18,CM,BSE,STK,941087,INE05F407DV0,1050MML27,F,,,,,MML-10.50%-17-7-27-NCD,992.00,1005.00,992.00,1005.00,1005.00,1015.00,,1005.00,,,20,19905.00,3,F1,1,,,,,
2026-09-18,2026-09-18,CM,BSE,STK,941089,INE05F407DX6,MML120626,F,,,,,MML-17-7-27-NCD,1000.00,1000.00,1000.00,1000.00,1000.00,1000.00,,1000.00,,,10,10000.00,1,F1,1,,,,,
2026-09-18,2026-09-18,CM,BSE,STK,941093,INE05F407DZ1,MML120626A,F,,,,,MML-12-6-28-NCD,1007.50,1007.50,1007.50,1007.50,1007.50,993.20,,1007.50,,,7,7052.00,1,F1,1,,,,,
2026-09-18,2026-09-18,CM,BSE,STK,941115,INE532F07JJ2,EFSL160626B,F,,,,,EFSL-16-6-31-NCD,995.00,995.00,995.00,995.00,995.00,995.00,,995.00,,,54,53730.00,2,F1,1,,,,,
2026-09-18,2026-09-18,CM,BSE,STK,941125,INE0IID07827,1275PCL31,F,,,,,PCL-12.75%-22-6-31-NCD,996.50,996.50,990.50,996.50,996.50,996.50,,996.50,,,1119,1115023.00,16,F1,1,,,,,
2026-09-18,2026-09-18,CM,BSE,STK,941127,INE549K07IP5,851MFL2028,F,,,,,MFL-8.51%-7-7-28-NCD,987.80,987.80,983.00,983.01,983.01,981.50,,983.01,,,255,251002.00,7,F1,1,,,,,
2026-09-18,2026-09-18,CM,BSE,STK,941135,INE549K07IT7,885MFL2028,F,,,,,MFL-8.85%-7-7-28-NCD,985.50,985.50,985.50,985.50,985.50,992.00,,985.50,,,20,19710.00,1,F1,1,,,,,
2026-09-18,2026-09-18,CM,BSE,STK,941137,INE549K07IU5,9MFL2029,F,,,,,MFL-9%-7-7-29-NCD,1004.00,1004.00,1004.00,1004.00,1004.00,1004.00,,1004.00,,,90,90360.00,1,F1,1,,,,,
2026-09-18,2026-09-18,CM,BSE,STK,941143,INE549K07IX9,MFL070726,F,,,,,MFL-7-7-28-NCD,987.00,989.00,987.00,989.00,989.00,987.00,,989.00,,,150,148250.00,2,F1,1,,,,,
2026-09-18,2026-09-18,CM,BSE,STK,941151,INE051307CQ2,1025CCIL28,F,,,,,CCIL-10.25%-19-2-28-NCD,964.00,964.00,962.00,964.00,964.00,964.00,,964.00,,,277,266712.00,9,F1,1,,,,,
2026-09-18,2026-09-18,CM,BSE,STK,941157,INE051307CR0,12CCIL31C,F,,,,,CCIL-12%-19-9-31-NCD,999.00,999.00,997.00,997.00,997.00,990.00,,997.00,,,188,187669.00,8,F1,1,,,,,
2026-09-18,2026-09-18,CM,BSE,STK,941159,INE051307CN9,CCIL190826,F,,,,,CCIL-23-9-27-NCD,956.00,956.00,955.20,955.60,955.20,964.80,,955.60,,,100,95560.00,2,F1,1,,,,,
2026-09-18,2026-09-18,CM,BSE,STK,941163,INE051307CP4,CCIL19826B,F,,,,,CCIL-19-8-32-NCD,988.00,988.00,988.00,988.00,988.00,988.00,,988.00,,,2,1976.00,2,F1,1,,,,,
2026-09-18,2026-09-18,CM,BSE,STK,941167,INE420C07205,915PDL28,F,,,,,PDL-9.15%-19-8-28-NCD,975.20,975.20,975.20,975.20,975.20,1010.00,,975.20,,,10,9752.00,1,F1,1,,,,,
2026-09-18,2026-09-18,CM,BSE,STK,941173,INE420C07239,10PDL31,F,,,,,PDL-10%-19-8-31-NCD,988.00,988.00,988.00,988.00,988.00,979.25,,988.00,,,12,11856.00,1,F1,1,,,,,
2026-09-18,2026-09-18,CM,BSE,STK,941175,INE420C07247,1047PDL31,F,,,,,PDL-10.47%-19-8-31-NCD,1012.00,1012.00,1012.00,1012.00,1012.00,1010.00,,1012.00,,,20,20240.00,1,F1,1,,,,,
2026-09-18,2026-09-18,CM,BSE,STK,941185,INE0BUS07CS3,10IML29,F,,,,,IML-10%-24-8-29-NCD,942.27,971.99,942.27,965.00,965.00,961.50,,965.00,,,264,253448.00,35,F1,1,,,,,
2026-09-18,2026-09-18,CM,BSE,STK,941189,INE0BUS07CT1,11IML31,F,,,,,IML-11%-24-8-31-NCD,973.00,974.99,971.00,971.04,971.00,974.00,,971.04,,,225,218813.00,5,F1,1,,,,,
2026-09-18,2026-09-18,CM,BSE,STK,941193,INE0BUS07CQ7,115IML32,F,,,,,IML-11.5%-24-8-32-NCD,990.00,990.00,983.90,983.90,983.90,980.00,,983.90,,,1321,1300046.00,18,F1,1,,,,,
2026-09-18,2026-09-18,CM,BSE,STK,941195,INE01CYA7542,10ICLFL27A,F,,,,,ICLFL-10%-25-09-27-NCD,975.00,978.00,968.02,978.00,978.00,967.00,,978.00,,,489,476805.00,15,F1,1,,,,,
2026-09-18,2026-09-18,CM,BSE,STK,941201,INE01CYA7518,115ICLF31,F,,,,,ICLFL-11.50%-25-08-31-NCD,979.99,979.99,975.00,975.00,975.00,979.99,,975.00,,,143,139674.00,5,F1,1,,,,,
2026-09-18,2026-09-18,CM,BSE,STK,941203,INE01CYA7500,ICLFL25826,F,,,,,ICLFL-25-09-27-NCD,969.99,970.00,958.60,970.00,970.00,958.30,,970.00,,,395,382578.00,7,F1,1,,,,,
2026-09-18,2026-09-18,CM,BSE,STK,941223,INE403Q07HK5,10KFL030,F,,,,,KFL-10%-3-3-30-NCD,1005.00,1005.00,1005.00,1005.00,1005.00,1000.00,,1005.00,,,50,50250.00,1,F1,1,,,,,
2026-09-18,2026-09-18,CM,BSE,STK,941231,INE01I507BH1,95KAFL27,F,,,,,KAFL-9.50%-7-10-27-NCD,956.00,956.00,952.20,955.00,955.00,955.01,,955.00,,,830,791822.00,23,F1,1,,,,,
2026-09-18,2026-09-18,CM,BSE,STK,941233,INE01I507BI9,KAFL30926,F,,,,,KAFL-3-1-28-NCD,933.01,969.00,930.00,969.00,969.00,930.50,,969.00,,,150,141563.00,5,F1,1,,,,,
2026-09-18,2026-09-18,CM,BSE,STK,957810,INE540P07350,1015UPPC28,F,,,,,UPPCL-10.15%-20-1-28-PVT,1038000.00,1038000.00,1038000.00,1038000.00,1038000.00,1040000.00,,1038000.00,,,1,1038000.00,1,F1,1,,,,,
2026-09-18,2026-09-18,CM,BSE,STK,958025,INE00WJ08019,JFCZC28,F,,,,,JFC-ZC-27-6-28-PVT,10000000.00,10000000.00,10000000.00,10000000.00,10000000.00,10000000.00,,10000000.00,,,2,20000000.00,1,F1,1,,,,,
2026-09-18,2026-09-18,CM,BSE,STK,961728,INE906B07CB9,830NHAI27,F,,,,,830NHAI27,1003.75,1003.75,1003.01,1003.01,1003.01,1004.00,,1003.80,,,91,91274.00,2,F1,1,,,,,
2026-09-18,2026-09-18,CM,BSE,STK,961730,INE134E07208,830PFCL27,F,,,,,830PFC2027,1085.03,1085.03,1085.03,1085.03,1085.03,1081.50,,1085.13,,,87,94397.00,1,F1,1,,,,,
2026-09-18,2026-09-18,CM,BSE,STK,961734,INE031A07840,82HUDCO27,F,,,,,HUDCO050327,1051.00,1052.56,1050.51,1052.56,1052.56,1051.49,,1052.05,,,610,641206.00,13,F1,1,,,,,
2026-09-18,2026-09-18,CM,BSE,STK,961751,INE134E07349,736PFCL28,F,,,,,736PFC2028,1077.00,1077.00,1077.00,1077.00,1077.00,1079.98,,1077.00,,,100,107700.00,1,F1,1,,,,,
2026-09-18,2026-09-18,CM,BSE,STK,961756,INE053F07579,734IRFC28,F,,,,,734IRFC2028,1098.59,1098.59,1098.59,1098.59,1098.59,1089.00,,1098.59,,,2,2197.00,1,F1,1,,,,,
2026-09-18,2026-09-18,CM,BSE,STK,961776,INE020B07HP8,846REC28,F,,,,,846REC28,1135.00,1135.00,1135.00,1135.00,1135.00,1129.90,,1135.00,,,105,119175.00,1,F1,1,,,,,
2026-09-18,2026-09-18,CM,BSE,STK,961804,INE134E07463,892PFCL33,F,,,,,892PFC33,1281.01,1281.01,1281.01,1281.01,1281.01,1291.00,,1282.00,,,11,14091.00,2,F1,1,,,,,
2026-09-18,2026-09-18,CM,BSE,STK,961816,INE031A07AB2,901HUDCO34,F,,,,,901HUDCO34,1282.00,1285.10,1282.00,1285.10,1285.10,1280.00,,1284.00,,,51,65385.00,2,F1,1,,,,,
2026-09-18,2026-09-18,CM,BSE,STK,961822,INE787H07370,891IIFCL34,F,,,,,891IIFCL34,1263.00,1265.11,1263.00,1265.11,1265.11,1262.07,,1265.06,,,475,600842.00,17,F1,1,,,,,
2026-09-18,2026-09-18,CM,BSE,STK,961839,INE202E07138,880IREDA29,F,,,,,IREDA-8.80%-13-03-29-BOND,1120.00,1120.00,1120.00,1120.00,1120.00,1121.00,,1120.00,,,1,1120.00,1,F1,1,,,,,
2026-09-18,2026-09-18,CM,BSE,STK,961841,INE202E07153,880IREDA34,F,,,,,IREDA-8.80%-13-03-34-BOND,1245.00,1245.00,1245.00,1245.00,1245.00,1255.00,,1245.00,,,2,2490.00,1,F1,1,,,,,
2026-09-18,2026-09-18,CM,BSE,STK,961851,INE363O07095,900KPL29,F,,,,,KPL-9%-25-3-29-TFBOND,1031.99,1120.00,1031.99,1120.00,1120.00,1086.30,,1120.00,,,205,211998.00,2,F1,1,,,,,
2026-09-18,2026-09-18,CM,BSE,STK,961875,INE020B07IG5,888REC29,F,,,,,REC-8.88%-24-3-29-TFBOND,1140.56,1140.56,1140.56,1140.56,1140.56,1140.23,,1141.19,,,140,159678.00,1,F1,1,,,,,
2026-09-18,2026-09-18,CM,BSE,STK,961908,INE733E07JV4,753NTPC30E,F,,,,,NTPC-7.53%-2B-5-10-30-BOND,1128.00,1128.00,1128.00,1128.00,1128.00,1126.10,,1117.00,,,103,116184.00,1,F1,1,,,,,
2026-09-18,2026-09-18,CM,BSE,STK,961921,INE641R13020,QDLDW,W,,,,,Quint Digital Limited,52.45,52.45,52.45,52.45,52.45,0.00,,52.45,,,138,7238.00,1,F1,1,,,,,
2026-09-18,2026-09-18,CM,BSE,STK,972706,INE039A09NZ3,875IFCI26A,F,,,,,IFCI-III-8.75%-12-12-26-C-PVT,17025.50,17025.50,17025.50,17025.50,17025.50,17025.00,,17025.50,,,1,17025.00,1,F1,1,,,,,
2026-09-18,2026-09-18,CM,BSE,STK,972715,INE039A09OG1,916IFCI27,F,,,,,IFCI-9.16%-IV-15-2-27-C-PVT,17575.00,17600.00,17575.00,17600.00,17600.00,17595.17,,17600.00,,,47,826501.00,4,F1,1,,,,,
2026-09-18,2026-09-18,CM,BSE,STK,972721,INE039A09OW8,872IFCI27,F,,,,,IFCI-8.72%-V-31-3-27-C-PVT,16100.01,16276.00,16100.01,16276.00,16276.00,16000.00,,16276.00,,,8,129504.00,4,F1,1,,,,,
2026-09-18,2026-09-18,CM,BSE,STK,973491,INE516Y07444,675PFL31,F,,,,,PFL-6.75%-26-9-31-PVT,709.40,712.04,708.48,709.79,709.79,709.40,,709.79,,,1326,940800.00,13,F1,1,,,,,
2026-09-18,2026-09-18,CM,BSE,STK,974634,INE468N07615,EELZC27,F,,,,,EEL-ZC-26-2-27-PVT,141000.00,141000.00,141000.00,141000.00,141000.00,142190.00,,141000.00,,,2,282000.00,1,F1,1,,,,,
2026-09-18,2026-09-18,CM,BSE,STK,975010,INE549K08426,1005MFL29,F,,,,,MFL-10.05%-31-5-29-PVT,99106.01,99106.01,99106.01,99106.01,99106.01,99604.03,,99106.01,,,1,99106.00,1,F1,1,,,,,
2026-09-18,2026-09-18,CM,BSE,STK,975057,INE818W08099,1125ESFB29,F,,,,,ESAFSFBL-11.25%-4-5-29-PVT,101875.00,101875.00,101875.00,101875.00,101875.00,100550.00,,101875.00,,,2,203750.00,1,F1,1,,,,,
2026-09-18,2026-09-18,CM,BSE,STK,975229,INE982X08091,1420SML29,F,,,,,SML-14.20%-30-4-29-PVT,89000.00,89000.00,89000.00,89000.00,89000.00,93500.00,,89000.00,,,2,178000.00,1,F1,1,,,,,
2026-09-18,2026-09-18,CM,BSE,STK,975263,INE756I08256,840HDBFS33,F,,,,,HDBFSL-22-12-33-PVT,100000.00,100000.00,100000.00,100000.00,100000.00,100628.58,,100000.00,,,6,600000.00,2,F1,1,,,,,
2026-09-18,2026-09-18,CM,BSE,STK,975282,INE296G07135,10MCSL26,F,,,,,MCSL-10%-28-12-26-PVT,99499.01,99499.01,99499.01,99499.01,99499.01,99999.00,,99499.01,,,2,198998.00,2,F1,1,,,,,
2026-09-18,2026-09-18,CM,BSE,STK,975375,INE982X08109,1385SML29,F,,,,,SML-13.85%-12-7-29-PVT,89000.00,89000.00,80000.00,85000.00,85000.00,89000.00,,85000.00,,,31,2609500.00,18,F1,1,,,,,
2026-09-18,2026-09-18,CM,BSE,STK,975572,INE468N07BD3,EEL280324A,F,,,,,EEL-26-11-27-PVT,124312.00,150129.00,124312.00,147260.00,147260.00,155233.00,,147260.00,,,5,695940.00,5,F1,1,,,,,
2026-09-18,2026-09-18,CM,BSE,STK,975808,INE0IX207171,1180NFL27,F,,,,,NFL-11.80%-5-7-27,20016.00,20016.00,20016.00,20016.00,20016.00,20500.00,,20016.00,,,1,20016.00,1,F1,1,,,,,
2026-09-18,2026-09-18,CM,BSE,STK,976036,INE549K08509,1045MFL32,F,,,,,MFL-10.45%-24-12-32-PVT,10075.00,10075.00,10075.00,10075.00,10075.00,10120.00,,10075.00,,,10,100750.00,1,F1,1,,,,,
2026-09-18,2026-09-18,CM,BSE,STK,976089,INE658F08250,949KIIFB33,F,,,,,KIIFB-9.49%-8-10-33-PVT,104500.01,104500.01,104500.01,104500.01,104500.01,104116.00,,104500.01,,,5,522500.00,1,F1,1,,,,,
2026-09-18,2026-09-18,CM,BSE,STK,976146,INE296G07192,99MCSL26,F,,,,,MCSL-9.90%-29-10-26-PVT,2500.00,2500.00,2487.50,2487.50,2487.50,2472.00,,2487.50,,,7,17487.00,2,F1,1,,,,,
2026-09-18,2026-09-18,CM,BSE,STK,976173,INE859C07204,990IKFFL27,F,,,,,IKFFL-9.90%-15-3-27-PVT,103928.45,103928.45,103928.45,103928.45,103928.45,102806.80,,103928.45,,,1,103928.00,1,F1,1,,,,,
2026-09-18,2026-09-18,CM,BSE,STK,976248,INE138I08091,0MSFL026,F,,,,,MSFL-ZC-18-12-26-PVT,119295.00,119295.00,119295.00,119295.00,119295.00,120499.00,,119295.00,,,2,238590.00,2,F1,1,,,,,
2026-09-18,2026-09-18,CM,BSE,STK,976292,INE658F08326,942KIIFB33,F,,,,,KIIFB-9.4%-30-12-33-PVT,102771.00,102880.00,102771.00,102825.50,102880.00,102035.01,,102825.50,,,2,205651.00,2,F1,1,,,,,
2026-09-18,2026-09-18,CM,BSE,STK,976307,INE528L07115,108EAAAL27,F,,,,,EAAAL-10.80%-2-7-27-PVT,108338.40,108338.40,108338.40,108338.40,108338.40,108093.00,,108338.40,,,1,108338.00,1,F1,1,,,,,
2026-09-18,2026-09-18,CM,BSE,STK,976325,INE342T07544,1075NFL27,F,,,,,NFL-10.75%-31-12-27-PVT,10040.00,10050.00,10039.30,10050.00,10050.00,10059.07,,10050.00,,,213,2140342.00,17,F1,1,,,,,
2026-09-18,2026-09-18,CM,BSE,STK,976346,INE0NES07154,1130KFL27,F,,,,,KFL-11.30%-23-1-27-PVT,115855.00,115855.00,115855.00,115855.00,115855.00,99445.90,,115855.00,,,1,115855.00,1,F1,1,,,,,
2026-09-18,2026-09-18,CM,BSE,STK,976376,INE882Z08015,1115MHFC30,F,,,,,MHFCL-11.15%-31-7-30-PVT,101000.00,101000.00,101000.00,101000.00,101000.00,101000.00,,101000.00,,,1,101000.00,1,F1,1,,,,,
2026-09-18,2026-09-18,CM,BSE,STK,976411,INE08XP07282,12ACAPL28,F,,,,,ACAPL-12%-14-8-28-PVT,98100.00,98100.00,98100.00,98100.00,98100.00,98100.00,,98100.00,,,2,196200.00,2,F1,1,,,,,
2026-09-18,2026-09-18,CM,BSE,STK,976421,INE04VS07362,975OFS27,F,,,,,OFSL-9.75%-18-2-27-PVT,9999.33,9999.33,9999.33,9999.33,9999.33,9999.00,,9999.33,,,6,59995.00,2,F1,1,,,,,
2026-09-18,2026-09-18,CM,BSE,STK,976437,INE342T07569,1060NFL27,F,,,,,NFL-10.60%-21-5-27-PVT,9984.01,10049.90,9984.01,10049.90,10049.90,9983.74,,10049.90,,,27,270072.00,7,F1,1,,,,,
2026-09-18,2026-09-18,CM,BSE,STK,976448,INE01YL07334,1090ESP26A,F,,,,,ESPL-10.90%-4-2-26-PVT,99651.00,99651.00,99651.00,99651.00,99651.00,99651.00,,99651.00,,,1,99651.00,1,F1,1,,,,,
2026-09-18,2026-09-18,CM,BSE,STK,976483,INE0NES07162,113KFL27,F,,,,,KFL-11.30%-6-3-27-PVT,100000.00,100000.00,100000.00,100000.00,100000.00,99653.50,,100000.00,,,1,100000.00,1,F1,1,,,,,
2026-09-18,2026-09-18,CM,BSE,STK,976653,INE0NES07170,1130KFL27A,F,,,,,KFL-11.30%-30-01-27-PVT,28391.45,28391.45,28390.00,28390.00,28390.00,28577.43,,28390.00,,,2,56781.00,2,F1,1,,,,,
2026-09-18,2026-09-18,CM,BSE,STK,976685,INE939X07192,1125MFL27,F,,,,,MFL-11.25%-9-2-27-PVT,10000.00,10000.00,9900.00,9900.00,9900.00,10000.00,,9900.00,,,7,69900.00,4,F1,1,,,,,
2026-09-18,2026-09-18,CM,BSE,STK,976712,INE549K08541,1040MFL33,F,,,,,MFL-10.40%-22-8-33-PVT,10110.00,10110.00,10100.00,10100.00,10100.00,10110.00,,10100.00,,,19,192071.00,3,F1,1,,,,,
2026-09-18,2026-09-18,CM,BSE,STK,976727,INE884Q07764,1075MML027,F,,,,,MML-10.75%-27-5-27-PVT,98541.49,98541.49,98541.49,98541.49,98541.49,99600.00,,98541.49,,,6,591248.00,2,F1,1,,,,,
2026-09-18,2026-09-18,CM,BSE,STK,976778,INE681R08117,1025NBSP26,F,,,,,NBSPL-10.25%-12-12-26-PVT,100000.00,100000.00,100000.00,100000.00,100000.00,103000.00,,100000.00,,,3,300000.00,1,F1,1,,,,,
2026-09-18,2026-09-18,CM,BSE,STK,976788,INE101Q07BH4,975MML27A,F,,,,,MML-9.75%-12-6-27-PVT,99000.00,99000.00,99000.00,99000.00,99000.00,99000.00,,99000.00,,,2,198000.00,2,F1,1,,,,,
2026-09-18,2026-09-18,CM,BSE,STK,976808,INE342T07601,1075NFL28,F,,,,,NFL-10.75%-19-8-28-PVT,10034.20,10077.00,10003.01,10077.00,10077.00,10050.62,,10077.00,,,256,2577875.00,27,F1,1,,,,,
2026-09-18,2026-09-18,CM,BSE,STK,976832,INE01HV07569,965VCL27,F,,,,,VCL-9.65%-5-2-27,9974.85,9974.85,9974.85,9974.85,9974.85,9966.82,,9974.85,,,8,79798.00,2,F1,1,,,,,
2026-09-18,2026-09-18,CM,BSE,STK,976855,INE342T07619,10NFL27,F,,,,,NFL-10%-25-03-27-PVT,99995.75,99995.75,99995.75,99995.75,99995.75,99212.01,,99995.75,,,1,99995.00,1,F1,1,,,,,
2026-09-18,2026-09-18,CM,BSE,STK,976868,INE08XP07324,125ACAP28,F,,,,,ACAPL-12.5%-27-12-28-PVT,98101.01,98101.01,98101.00,98101.00,98101.00,99000.00,,98101.00,,,2,196202.00,2,F1,1,,,,,
2026-09-18,2026-09-18,CM,BSE,STK,976893,INE01HV07593,10VCL28,F,,,,,VCL-10%-04-07-28,10034.00,10034.00,10034.00,10034.00,10034.00,9852.03,,10034.00,,,1,10034.00,1,F1,1,,,,,
2026-09-18,2026-09-18,CM,BSE,STK,976924,INE179P07597,11DKGFS27,F,,,,,DKGFSPL-11%-18-7-27-PVT,9736.00,9736.00,9736.00,9736.00,9736.00,9735.00,,9736.00,,,1,9736.00,1,F1,1,,,,,
2026-09-18,2026-09-18,CM,BSE,STK,976967,INE836K07304,EFCL30725,F,,,,,EFCL-30-10-28-PVT,109300.00,109300.00,109300.00,109300.00,109300.00,107313.00,,109300.00,,,1,109300.00,1,F1,1,,,,,
2026-09-18,2026-09-18,CM,BSE,STK,976968,INE836K07312,EFCL300725,F,,,,,EFCL-30-10-28-PVT,108000.00,108000.00,108000.00,108000.00,108000.00,107417.00,,108000.00,,,2,216000.00,1,F1,1,,,,,
2026-09-18,2026-09-18,CM,BSE,STK,977017,INE342T07635,1030NFL27,F,,,,,NFL-10.30%-30-09-27-PVT,9977.00,9995.00,9976.00,9995.00,9995.00,9977.00,,9995.00,,,72,718828.00,10,F1,1,,,,,
2026-09-18,2026-09-18,CM,BSE,STK,977038,INE403Q07GE0,10KFL2027A,F,,,,,KFL-10%-30-11-27-PVT,9950.00,9950.00,9950.00,9950.00,9950.00,10030.00,,9950.00,,,10,99500.00,1,F1,1,,,,,
2026-09-18,2026-09-18,CM,BSE,STK,977044,INE0NES07261,111KFL27,F,,,,,KFL-11.10%-19-8-27-PVT,9931.00,9931.00,9780.03,9780.03,9780.03,9925.00,,9780.03,,,51,502868.00,3,F1,1,,,,,
2026-09-18,2026-09-18,CM,BSE,STK,977090,INE01HV07635,925VCL28,F,,,,,VCL-9.25%-04-05-28,6481.00,6481.00,6481.00,6481.00,6481.00,8090.00,,6481.00,,,1,6481.00,1,F1,1,,,,,
2026-09-18,2026-09-18,CM,BSE,STK,977107,INE0NES07279,1140KFLD28,F,,,,,KFL-11.40%-11-4-28-PVT,99900.00,99900.00,99900.00,99900.00,99900.00,99550.00,,99900.00,,,1,99900.00,1,F1,1,,,,,
2026-09-18,2026-09-18,CM,BSE,STK,977117,INE583D08081,1165UCL31,F,,,,,UCL-11.65%-15-3-31-PVT,97600.00,97600.00,97600.00,97600.00,97600.00,97900.00,,97600.00,,,1,97600.00,1,F1,1,,,,,
2026-09-18,2026-09-18,CM,BSE,STK,977123,INE07HK07841,1045KSL27,F,,,,,KSL-10.45%-16-03-27-PVT,100145.00,100145.00,100145.00,100145.00,100145.00,100350.00,,100145.00,,,1,100145.00,1,F1,1,,,,,
2026-09-18,2026-09-18,CM,BSE,STK,977128,INE549K08574,1026MFL31,F,,,,,MFL-10.26%-18-7-31-PVT,10061.00,10061.00,10061.00,10061.00,10061.00,10009.70,,10061.00,,,1,10061.00,1,F1,1,,,,,
2026-09-18,2026-09-18,CM,BSE,STK,977134,INE448U07307,885VFL29A,F,,,,,VFL-8.85%-19-09-29-PVT,98949.00,98949.00,98949.00,98949.00,98949.00,98874.00,,98949.00,,,1,98949.00,1,F1,1,,,,,
2026-09-18,2026-09-18,CM,BSE,STK,977172,INE884Q07798,1075MML27A,F,,,,,MML-10.75%-30-9-27-PVT,97675.14,97675.14,97675.14,97675.14,97675.14,98000.00,,97675.14,,,1,97675.00,1,F1,1,,,,,
2026-09-18,2026-09-18,CM,BSE,STK,977173,INE939X07242,11MBF28,F,,,,,MFL-11%-13-3-28-PVT,30721.00,30721.00,30721.00,30721.00,30721.00,38400.00,,30721.00,,,1,30721.00,1,F1,1,,,,,
2026-09-18,2026-09-18,CM,BSE,STK,977176,INE08XP07381,1435ACAP26,F,,,,,ACAPL-14.35%-28-10-26-PVT,725.00,725.00,725.00,725.00,725.00,850.00,,725.00,,,1,725.00,1,F1,1,,,,,
2026-09-18,2026-09-18,CM,BSE,STK,977226,INE0JZO07032,1350LLD29,F,,,,,LLDL-13.50%-30-01-29-PVT,100250.02,100500.00,100250.02,100500.00,100500.00,100451.00,,100500.00,,,2,200750.00,2,F1,1,,,,,
2026-09-18,2026-09-18,CM,BSE,STK,977228,INE583D07612,975UCL27,F,,,,,UCL-9.75%-15-10-27-PVT,9900.00,9900.00,9801.56,9801.56,9801.56,9950.00,,9801.56,,,12,118603.00,2,F1,1,,,,,
2026-09-18,2026-09-18,CM,BSE,STK,977241,INE0NES07287,1140KRFL27,F,,,,,KRFL-11.40%-24-10-27-PVT,9868.31,9950.00,9868.31,9945.00,9940.00,9901.02,,9945.00,,,44,435337.00,12,F1,1,,,,,
2026-09-18,2026-09-18,CM,BSE,STK,977249,INE101Q07BS1,930MML28,F,,,,,MML-9.30%-27-1-28-PVT,10000.00,10000.00,9850.00,9877.01,9880.00,9850.18,,9877.01,,,39,386791.00,5,F1,1,,,,,
2026-09-18,2026-09-18,CM,BSE,STK,977250,INE101Q07BR3,975MMLD28,F,,,,,MML-9.75%-27-10-28-PVT,9949.00,9949.00,9949.00,9949.00,9949.00,9949.99,,9949.00,,,7,69643.00,3,F1,1,,,,,
2026-09-18,2026-09-18,CM,BSE,STK,977260,INE08XP07407,13ACAPL28,F,,,,,ACAPL-13%-29-10-28-PVT,10040.00,10040.00,10040.00,10040.00,10040.00,10040.00,,10040.00,,,5,50200.00,1,F1,1,,,,,
2026-09-18,2026-09-18,CM,BSE,STK,977280,INE046W07305,98MML27A,F,,,,,MML-9.8%-4-11-27-PVT,62071.00,62071.00,62071.00,62071.00,62071.00,61000.00,,62071.00,,,1,62071.00,1,F1,1,,,,,
2026-09-18,2026-09-18,CM,BSE,STK,977288,INE046W07313,99MML27,F,,,,,MML-9.9%-4-11-27-PVT,99593.29,99593.29,99593.29,99593.29,99593.29,101000.00,,99593.29,,,1,99593.00,1,F1,1,,,,,
2026-09-18,2026-09-18,CM,BSE,STK,977298,INE08XP07415,12ACAPL28A,F,,,,,ACAPL-12%-17-11-28-PVT,9736.00,9736.00,9669.57,9669.57,9669.57,9641.15,,9669.57,,,28,271407.00,3,F1,1,,,,,
2026-09-18,2026-09-18,CM,BSE,STK,977309,INE08XP07423,12ACAPL27B,F,,,,,ACAPL-12%-21-05-27-PVT,9850.00,9851.21,9850.00,9851.21,9851.21,9920.00,,9851.21,,,7,68951.00,2,F1,1,,,,,
2026-09-18,2026-09-18,CM,BSE,STK,977325,INE884Q07814,1075MML27B,F,,,,,MML-10.75%-27-11-27-PVT,100500.00,100500.00,100500.00,100500.00,100500.00,98431.00,,100500.00,,,2,201000.00,1,F1,1,,,,,
2026-09-18,2026-09-18,CM,BSE,STK,977331,INE07HK07866,1050KSL27,F,,,,,KSL-10.50%-2-12-27-PVT,97314.00,99400.10,97314.00,99400.10,99400.10,99300.00,,99400.10,,,7,685090.00,3,F1,1,,,,,
2026-09-18,2026-09-18,CM,BSE,STK,977333,INE104W07229,1155KFL27,F,,,,,KFL-11.55%-28-11-27-PVT,98807.57,98807.57,98003.49,98003.49,98003.49,98807.57,,98003.49,,,2,196811.00,2,F1,1,,,,,
2026-09-18,2026-09-18,CM,BSE,STK,977356,INE681R08141,1025NBS27A,F,,,,,NBS-10.25%-9-6-27-PVT,100227.15,100227.15,100227.15,100227.15,100227.15,100170.37,,100227.15,,,27,2706133.00,2,F1,1,,,,,
2026-09-18,2026-09-18,CM,BSE,STK,977367,INE08XP07431,12ACAP27,F,,,,,ACAPL-12%-11-6-27-PVT,9950.00,9950.00,9873.70,9875.22,9875.22,9957.60,,9875.22,,,190,1879974.00,8,F1,1,,,,,
2026-09-18,2026-09-18,CM,BSE,STK,977382,INE583D07638,999UCL29,F,,,,,UCL-9.99%-16-06-29-PVT,9824.00,9935.00,9805.00,9935.00,9935.00,9824.00,,9935.00,,,14,138057.00,9,F1,1,,,,,
2026-09-18,2026-09-18,CM,BSE,STK,977383,INE08XP07449,1250ACAP27,F,,,,,ACAPL-12.50%-17-01-27-PVT,3010.00,3010.00,3000.00,3001.00,3001.00,3030.00,,3001.00,,,5,15021.00,3,F1,1,,,,,
2026-09-18,2026-09-18,CM,BSE,STK,977396,INE08E807142,1050SRFC28,F,,,,,SRFCPL-10.50%-22-01-28-PVT,99000.00,99000.00,99000.00,99000.00,99000.00,98396.55,,99000.00,,,1,99000.00,1,F1,1,,,,,
2026-09-18,2026-09-18,CM,BSE,STK,977403,INE572J07786,115SSFL28,F,,,,,SSFL-11.50%-30-6-28-PVT,76641.38,88000.00,72500.00,88000.00,88000.00,100000.00,,88000.00,,,3,237141.00,3,F1,1,,,,,
2026-09-18,2026-09-18,CM,BSE,STK,977411,INE08KJ07175,11MGFLD27,F,,,,,MGFLD-11%-29-8-27-PVT,9880.35,9880.35,9880.35,9880.35,9880.35,9922.44,,9880.35,,,8,79042.00,6,F1,1,,,,,
2026-09-18,2026-09-18,CM,BSE,STK,977417,INE229U07160,1135NFL27,F,,,,,NFL-11.35%-30-12-27-PVT,100200.00,100200.00,100200.00,100200.00,100200.00,100940.00,,100200.00,,,1,100200.00,1,F1,1,,,,,
2026-09-18,2026-09-18,CM,BSE,STK,977424,INE0K0Y08037,0MCIBPL27A,F,,,,,MCIBPL-ZC-31-12-27-PVT,107000.00,107000.00,107000.00,107000.00,107000.00,107371.00,,107000.00,,,1,107000.00,1,F1,1,,,,,
2026-09-18,2026-09-18,CM,BSE,STK,977431,INE01YL07417,1050ESPL28,F,,,,,ESPL-10.50%-9-3-28-PVT,99182.01,99182.01,99182.01,99182.01,99182.01,99683.00,,99182.01,,,1,99182.00,1,F1,1,,,,,
2026-09-18,2026-09-18,CM,BSE,STK,977445,INE179P07613,11DKGFSF28,F,,,,,DKGFSF-11%-7-1-28-PVT,8892.00,8892.00,8892.00,8892.00,8892.00,7410.00,,8892.00,,,5,44460.00,2,F1,1,,,,,
2026-09-18,2026-09-18,CM,BSE,STK,977477,INE342T07668,1075NFL28A,F,,,,,NFL-10.75%-31-12-28-PVT,10027.00,10080.00,10025.00,10049.48,10050.00,10090.00,,10049.48,,,307,3083185.00,12,F1,1,,,,,
2026-09-18,2026-09-18,CM,BSE,STK,977486,INE0BUS07CJ2,11IML29,F,,,,,IML-11%-23-1-29-PVT,99050.00,99050.00,99050.00,99050.00,99050.00,100000.00,,99050.00,,,1,99050.00,1,F1,1,,,,,
2026-09-18,2026-09-18,CM,BSE,STK,977495,INE836K07320,0EFCL29,F,,,,,EFCL-ZC-30-4-29-PVT,103489.00,103489.00,102500.00,102500.00,102500.00,102000.00,,102500.00,,,9,924478.00,2,F1,1,,,,,
2026-09-18,2026-09-18,CM,BSE,STK,977502,INE104W07245,1160KFL28,F,,,,,KFL-11.60%-27-1-28-PVT,9000.00,9905.96,9000.00,9166.06,9166.06,9895.91,,9166.06,,,6,56180.00,5,F1,1,,,,,
2026-09-18,2026-09-18,CM,BSE,STK,977508,INE109C07139,1135AFSL28,F,,,,,AFSL-11.35%-29-07-28-PVT,10000.00,10000.00,9950.55,9975.00,9975.00,9970.55,,9975.00,,,12,119560.00,4,F1,1,,,,,
2026-09-18,2026-09-18,CM,BSE,STK,977532,INE138I08117,0MSAFL28,F,,,,,MSAFL-ZC-6-2-28-PVT,106319.00,106319.00,106319.00,106319.00,106319.00,106260.00,,106319.00,,,326,34659994.00,1,F1,1,,,,,
2026-09-18,2026-09-18,CM,BSE,STK,977534,INE08XP07464,1250ACAPL29,F,,,,,ACAPL-12.50%-06-02-29-PVT,9850.00,9850.00,9850.00,9850.00,9850.00,9924.90,,9850.00,,,1,9850.00,1,F1,1,,,,,
2026-09-18,2026-09-18,CM,BSE,STK,977541,INE0NES07303,12KFL28,F,,,,,KFL-12%-10-5-28-KFL,9975.00,10039.99,9909.00,9990.00,9990.00,9990.01,,9990.00,,,68,677907.00,19,F1,1,,,,,
2026-09-18,2026-09-18,CM,BSE,STK,977544,INE0GCN07054,845AAHL29,F,,,,,AAHL-8.45%-12-2-29-PVT,99128.54,99128.54,99128.54,99128.54,99128.54,100460.27,,99128.54,,,1,99128.00,1,F1,1,,,,,
2026-09-18,2026-09-18,CM,BSE,STK,977546,INE08KJ07183,10MGFL27,F,,,,,MGFL-10%-11-05-27-PVT,9910.00,9910.00,9910.00,9910.00,9910.00,9810.45,,9910.00,,,1,9910.00,1,F1,1,,,,,
2026-09-18,2026-09-18,CM,BSE,STK,977564,INE549K08590,104MFL33,F,,,,,MFL-10.4%-30-12-33-PVT,10105.00,10105.00,10085.00,10085.00,10085.00,10099.00,,10085.00,,,68,687098.00,5,F1,1,,,,,
2026-09-18,2026-09-18,CM,BSE,STK,977576,INE926R07019,13UCIL27,F,,,,,UCIL-13%-24-5-27-PVT,9870.00,9870.00,9850.00,9850.00,9850.00,9890.97,,9850.00,,,12,118240.00,5,F1,1,,,,,
2026-09-18,2026-09-18,CM,BSE,STK,977596,INE01YL07433,105ESPL28,F,,,,,ESPL-10.50%-09-06-28-PVT,99996.00,99996.00,99996.00,99996.00,99996.00,99908.00,,99996.00,,,12,1199952.00,3,F1,1,,,,,
2026-09-18,2026-09-18,CM,BSE,STK,977633,INE00DJ07052,1250TCL30,F,,,,,TCL-12.50%-12-3-30-PVT,101199.00,101199.00,101199.00,101199.00,101199.00,99555.00,,101199.00,,,1,101199.00,1,F1,1,,,,,
2026-09-18,2026-09-18,CM,BSE,STK,977643,INE420C07189,925PDL28,F,,,,,PDL-9.25%-18-9-28-PVT,9816.00,9816.00,9816.00,9816.00,9816.00,9816.66,,9816.00,,,1,9816.00,1,F1,1,,,,,
2026-09-18,2026-09-18,CM,BSE,STK,977648,INE101Q07BX1,930MMCL28,F,,,,,MML-9.30%-17-06-28-PVT,9750.02,9760.00,9750.02,9760.00,9760.00,9762.00,,9760.00,,,10,97550.00,2,F1,1,,,,,
2026-09-18,2026-09-18,CM,BSE,STK,977649,INE101Q07BW3,965MMCL28,F,,,,,MML-9.65%-18-09-28-PVT,9850.00,9899.00,9810.56,9899.00,9899.00,9827.42,,9899.00,,,124,1221087.00,12,F1,1,,,,,
2026-09-18,2026-09-18,CM,BSE,STK,977662,INE03K307132,1025SFL28A,F,,,,,SFL-10.25%-20-3-28-PVT,9955.00,10014.37,9742.82,9742.92,9742.92,9754.00,,9742.92,,,52,514477.00,7,F1,1,,,,,
2026-09-18,2026-09-18,CM,BSE,STK,977676,INE964R07069,14RFL2027,F,,,,,RFL-14%-23-6-27-PVT,6013.23,6013.23,6013.23,6013.23,6013.23,9035.00,,6013.23,,,10,60132.00,1,F1,1,,,,,
2026-09-18,2026-09-18,CM,BSE,STK,977680,INE01YL07441,105ESPL28A,F,,,,,ESPL-10.5%-4-7-28-PVT,98501.01,98501.01,98501.01,98501.01,98501.01,100969.00,,98501.01,,,2,197002.00,1,F1,1,,,,,
2026-09-18,2026-09-18,CM,BSE,STK,977694,INE836B08327,12SCCNL31,F,,,,,SCCNL-12%-30-09-31-PVT,99100.00,99100.00,99000.00,99000.00,99000.00,101000.00,,99000.00,,,3,297100.00,3,F1,1,,,,,
2026-09-18,2026-09-18,CM,BSE,STK,977696,INE0LN107063,11CWCPL28,F,,,,,CWCPL-11%-30-3-28-PVT,61500.00,61500.00,61500.00,61500.00,61500.00,76801.20,,61500.00,,,1,61500.00,1,F1,1,,,,,
2026-09-18,2026-09-18,CM,BSE,STK,977700,INE04UP07170,1250BCSL29,F,,,,,BCSL-12.50%-30-3-29-PVT,8209.04,8500.00,8000.00,8500.00,8500.00,9100.00,,8500.00,,,29,240896.00,11,F1,1,,,,,
2026-09-18,2026-09-18,CM,BSE,STK,977710,INE0O7U07046,11UFL28,F,,,,,UFL-11%-2-4-28-PVT,8650.00,8680.00,8650.00,8680.00,8680.00,8680.00,,8680.00,,,3,26010.00,2,F1,1,,,,,
2026-09-18,2026-09-18,CM,BSE,STK,977712,INE403Q07GX0,10KFL29A,F,,,,,KFL-10%-6-1-29-PVT,100300.00,100300.00,100300.00,100300.00,100300.00,100307.00,,100300.00,,,1,100300.00,1,F1,1,,,,,
2026-09-18,2026-09-18,CM,BSE,STK,977725,INE0BUS07CL8,1050IML29,F,,,,,IML-10.50%-17-4-29-PVT,9999.00,9999.00,9999.00,9999.00,9999.00,9863.00,,9999.00,,,3,29997.00,1,F1,1,,,,,
2026-09-18,2026-09-18,CM,BSE,STK,977730,INE342T07684,1030NFL28,F,,,,,NFL-10.30%-31-5-28-PVT,10004.00,10025.00,10004.00,10015.03,10025.00,9990.00,,10015.03,,,16,160240.00,5,F1,1,,,,,
2026-09-18,2026-09-18,CM,BSE,STK,977732,INE0NES07329,12KFL27,F,,,,,KFL-12%-22-09-27-PVT,9989.86,10499.99,9987.00,10003.00,10003.00,9961.08,,10003.00,,,169,1693416.00,24,F1,1,,,,,
2026-09-18,2026-09-18,CM,BSE,STK,977740,INE926R07027,13UCIL28,F,,,,,UCIL-13%-23-4-28-PVT,9880.00,9880.00,9850.00,9850.32,9850.00,9839.03,,9850.32,,,35,344850.00,5,F1,1,,,,,
2026-09-18,2026-09-18,CM,BSE,STK,977753,INE572J07810,1125SSFL28,F,,,,,SSFL-11.25%-26-24-28-PVT,9880.00,9979.97,9880.00,9979.10,9979.10,9883.72,,9979.10,,,20,198720.00,11,F1,1,,,,,
2026-09-18,2026-09-18,CM,BSE,STK,977773,INE08XP07480,1280ACAP28,F,,,,,ACAP-12.80%-7-5-28-PVT,9995.00,9995.00,9995.00,9995.00,9995.00,9861.20,,9995.00,,,11,109945.00,3,F1,1,,,,,
2026-09-18,2026-09-18,CM,BSE,STK,977774,INE08XP07498,12ACAP27A,F,,,,,ACAP-12%-7-11-27-PVT,9931.92,9931.92,9842.00,9842.00,9842.00,9840.50,,9842.00,,,2,19773.00,2,F1,1,,,,,
2026-09-18,2026-09-18,CM,BSE,STK,977801,INE101Q07CA7,930MML2028,F,,,,,MML-9.30%-20-11-28-PVT,9745.00,9809.99,9700.01,9730.01,9730.01,9750.00,,9730.01,,,33,322934.00,8,F1,1,,,,,
2026-09-18,2026-09-18,CM,BSE,STK,977806,INE926R07035,13UCIL2028,F,,,,,UCIL-13%-20-5-28-PVT,9899.00,9899.00,9899.00,9899.00,9899.00,9823.50,,9899.00,,,2,19798.00,1,F1,1,,,,,
2026-09-18,2026-09-18,CM,BSE,STK,977818,INE911L07154,1120MFIL29,F,,,,,MFIL-11.20%-26-11-29-PVT,9375.00,9375.00,9375.00,9375.00,9375.00,9360.00,,9375.00,,,2,18750.00,1,F1,1,,,,,
2026-09-18,2026-09-18,CM,BSE,STK,977842,INE516Q07481,910AML2028,F,,,,,AML-9.10%-02-06-28-PVT,99000.00,99000.00,99000.00,99000.00,99000.00,99941.05,,99000.00,,,1,99000.00,1,F1,1,,,,,
2026-09-18,2026-09-18,CM,BSE,STK,977846,INE0NES07345,12KFL2028,F,,,,,KFL-12%-4-9-28-PVT,10800.00,10900.00,10800.00,10800.00,10800.00,10600.00,,10800.00,,,23,248800.00,4,F1,1,,,,,
2026-09-18,2026-09-18,CM,BSE,STK,977852,INE08XP07506,1205ACAP29,F,,,,,ACAP-12.05%-5-6-29-PVT,9850.00,9899.00,9700.01,9700.01,9700.01,9850.00,,9700.01,,,8,78745.00,3,F1,1,,,,,
2026-09-18,2026-09-18,CM,BSE,STK,977868,INE342T07718,1030NFL028,F,,,,,NFL-10.30%-31-3-28-PVT,9981.67,10014.00,9952.25,9987.11,9987.11,9981.67,,9987.11,,,90,898264.00,24,F1,1,,,,,
2026-09-18,2026-09-18,CM,BSE,STK,977869,INE342T07726,1075NFL29,F,,,,,NFL-10.75%-31-8-29-PVT,10026.58,10080.00,10026.58,10038.00,10038.00,10026.58,,10038.00,,,90,905196.00,13,F1,1,,,,,
2026-09-18,2026-09-18,CM,BSE,STK,977877,INE734I07115,1133FFS28,F,,,,,FFSL-11.33%-16-6-28-PVT,9920.00,9920.00,9919.00,9920.00,9920.00,9900.00,,9920.00,,,14,138877.00,3,F1,1,,,,,
2026-09-18,2026-09-18,CM,BSE,STK,977894,INE964R07093,13RFL28,F,,,,,RFL-13%-19-12-28-PVT,9970.00,9970.00,9970.00,9970.00,9970.00,9000.00,,9970.00,,,14,139580.00,1,F1,1,,,,,
2026-09-18,2026-09-18,CM,BSE,STK,977902,INE468N08134,103EEL29,F,,,,,EEL-10.3%-24-4-29-PVT,99300.00,99300.00,99300.00,99300.00,99300.00,0.00,,99300.00,,,5200,516360000.00,6,F1,1,,,,,
2026-09-18,2026-09-18,CM,BSE,STK,977903,INE882Z08049,1025MHFC29,F,,,,,MHFC-10.25%-23-6-29-PVT,100110.00,100110.00,100110.00,100110.00,100110.00,100000.00,,100110.00,,,1,100110.00,1,F1,1,,,,,
2026-09-18,2026-09-18,CM,BSE,STK,977913,INE0K0Y08052,0MCIBPL280M,F,,,,,MCIBPL-ZC-28-06-28-PVT,102000.00,102000.00,102000.00,102000.00,102000.00,102000.00,,102000.00,,,4,408000.00,4,F1,1,,,,,
2026-09-18,2026-09-18,CM,BSE,STK,977932,INE04UP07188,12BCSL27,F,,,,,BCSL-12%-30-09-27-PVT,6145.00,6145.00,6145.00,6145.00,6145.00,7681.20,,6145.00,,,1,6145.00,1,F1,1,,,,,
2026-09-18,2026-09-18,CM,BSE,STK,977935,INE0I5X07042,1440MFSP27,F,,,,,MFSP-14.40%-1-10-27-PVT,7970.00,7987.30,7925.05,7953.22,7984.00,7959.60,,7953.22,,,231,1842151.00,18,F1,1,,,,,
2026-09-18,2026-09-18,CM,BSE,STK,977984,INE08KJ07217,10MGFL27A,F,,,,,MGFL-10%-21-10-27-PVT,9810.00,9899.00,9810.00,9859.43,9859.43,9801.00,,9859.43,,,7,69035.00,5,F1,1,,,,,
2026-09-18,2026-09-18,CM,BSE,STK,978007,INE926R07043,12UCIL28,F,,,,,UCIL-12%-28-01-28-PVT,9750.00,9750.00,9700.00,9700.00,9700.00,9680.00,,9700.00,,,11,106934.00,4,F1,1,,,,,
2026-09-18,2026-09-18,CM,BSE,STK,978019,INE964R07119,13RFL29,F,,,,,RFL-13%-30-01-29-PVT,10000.00,10000.00,10000.00,10000.00,10000.00,10000.00,,10000.00,,,10,100000.00,1,F1,1,,,,,
2026-09-18,2026-09-18,CM,BSE,STK,978024,INE14H407157,11FCPL29,F,,,,,FCPL-11%-31-1-29-PVT,9625.00,9889.00,9502.00,9889.00,9889.00,9502.00,,9889.00,,,44,428444.00,10,F1,1,,,,,
2026-09-18,2026-09-18,CM,BSE,STK,978025,INE932X07056,1050SISL28,F,,,,,SISL-10.50%-10-08-28-PVT,10018.00,10018.99,10018.00,10018.99,10018.99,10019.00,,10018.99,,,9,90169.00,2,F1,1,,,,,
2026-09-18,2026-09-18,CM,BSE,STK,978035,INE01CYA7450,12ICLFL29,F,,,,,ICLFL-12%-05-08-29-PVT,9750.00,9750.00,9750.00,9750.00,9750.00,9750.00,,9750.00,,,4,39000.00,1,F1,1,,,,,
2026-09-18,2026-09-18,CM,BSE,STK,978039,INE101Q07CB5,93MML29,F,,,,,MML-9.3%-7-8-29-PVT,9800.00,9800.00,9721.00,9721.00,9721.00,9800.00,,9721.00,,,9,88121.00,4,F1,1,,,,,
2026-09-18,2026-09-18,CM,BSE,STK,978051,INE03K307199,1035SFL28,F,,,,,SFL-10.35%-11-8-28-PVT,9850.00,9875.00,9830.00,9830.00,9830.00,9850.00,,9830.00,,,107,1055355.00,14,F1,1,,,,,
2026-09-18,2026-09-18,CM,BSE,STK,978055,INE076I07061,11RCL29,F,,,,,RCL-11%-12-2-29-PVT,9400.00,9400.00,9301.05,9301.05,9301.05,9200.00,,9301.05,,,2,18701.00,2,F1,1,,,,,
2026-09-18,2026-09-18,CM,BSE,STK,978068,INE964R07135,135RFL27,F,,,,,RFL-13.5%-19-11-27-PVT,9722.05,9722.05,9722.05,9722.05,9722.05,9770.90,,9722.05,,,5,48610.00,2,F1,1,,,,,
2026-09-18,2026-09-18,CM,BSE,STK,978075,INE926R07050,1175UCIL27,F,,,,,UCIL-11.75%-19-11-27-PVT,9700.00,9700.00,9670.00,9680.00,9680.00,9678.00,,9680.00,,,45,435660.00,8,F1,1,,,,,
2026-09-18,2026-09-18,CM,BSE,STK,978087,INE0I5X07075,137MFSPL27,F,,,,,MFSPL-13.7%-27-11-27-PVT,98400.00,98400.00,98400.00,98400.00,98400.00,98500.00,,98400.00,,,4,393600.00,2,F1,1,,,,,
2026-09-18,2026-09-18,CM,BSE,STK,978094,INE964R07143,13RFL2029,F,,,,,RFL-13%-27-08-29-PVT,9550.00,9594.00,9550.00,9575.00,9575.00,9550.50,,9575.00,,,33,315745.00,11,F1,1,,,,,
2026-09-18,2026-09-18,CM,BSE,STK,978115,INE06WU07098,1050LIF29A,F,,,,,LIFL-10.50%-02-09-29-PVT,8001.00,8001.00,8001.00,8001.00,8001.00,8001.00,,8001.00,,,7,56007.00,1,F1,1,,,,,
