TradDt,BizDt,Sgmt,Src,FinInstrmTp,FinInstrmId,ISIN,TckrSymb,SctySrs,XpryDt,FininstrmActlXpryDt,StrkPric,OptnTp,FinInstrmNm,OpnPric,HghPric,LwPric,ClsPric,LastPric,PrvsClsgPric,UndrlygPric,SttlmPric,OpnIntrst,ChngInOpnIntrst,TtlTradgVol,TtlTrfVal,TtlNbOfTxsExctd,SsnId,NewBrdLotQty,Rmks,Rsvd1,Rsvd2,Rsvd3,Rsvd4
2026-10-05,2026-10-05,CM,BSE,STK,500002,INE117A01022,ABB,A,,,,,ABB INDIA LIMITED,6956.40,6977.00,6850.00,6881.50,6881.50,6854.40,,6894.98,,,4177,28882713.00,983,F1,1,,,,,
2026-10-05,2026-10-05,CM,BSE,STK,500003,INE208C01025,AEGISLOG,A,,,,,AEGIS LOGISTICS LTD.,1407.30,1410.00,1355.05,1358.75,1357.00,1400.75,,1359.48,,,42742,59215806.00,2561,F1,1,,,,,
2026-10-05,2026-10-05,CM,BSE,STK,500008,INE885A01032,ARE&M,A,,,,,Amara Raja Energy & Mobility L,747.75,757.05,739.00,741.30,741.30,747.70,,741.56,,,67527,50467864.00,4487,F1,1,,,,,
2026-10-05,2026-10-05,CM,BSE,STK,500009,INE432A01017,AMBALALSA,T,,,,,AMBALAL SARABHAI ENTERPRISES L,38.00,38.80,36.60,37.80,38.22,37.92,,37.96,,,6092,228293.00,67,F1,1,,,,,
2026-10-05,2026-10-05,CM,BSE,STK,500012,INE714B01016,ANDHRAPET,X,,,,,ANDHRA PETROCHEMICALS LTD.,39.11,41.50,38.12,38.76,38.76,38.82,,38.76,,,76367,2996162.00,547,F1,1,,,,,
2026-10-05,2026-10-05,CM,BSE,STK,500013,INE436A01026,ANSALAPI,Z,,,,,ANSAL PROPERTIES & INFRASTRUCT,3.90,4.01,3.87,3.87,3.87,3.94,,4.00,,,38405,151660.00,86,F1,1,,,,,
2026-10-05,2026-10-05,CM,BSE,STK,500014,INE096A01010,UTIQUE,X,,,,,UTIQUE ENTERPRISES LIMITED,3.89,4.08,3.78,3.87,3.78,3.89,,3.87,,,12298,47686.00,50,F1,1,,,,,
2026-10-05,2026-10-05,CM,BSE,STK,500016,INE957C01019,ARUNAHTEL,X,,,,,ARUNA HOTELS LTD.,7.26,7.26,7.00,7.26,7.26,7.26,,7.26,,,23863,168556.00,26,F1,1,,,,,
2026-10-05,2026-10-05,CM,BSE,STK,500020,INE032A01023,BOMDYEING,B,,,,,BOMBAY DYEING & MFG.CO.LTD.,102.75,104.25,101.10,101.60,101.60,102.65,,101.54,,,58285,5991417.00,673,F1,1,,,,,
2026-10-05,2026-10-05,CM,BSE,STK,500023,INE363A01022,ASIANHOTNR,B,,,,,ASIAN HOTELS (NORTH) LIMITED,330.00,352.40,330.00,332.40,334.50,348.10,,333.41,,,2559,853083.00,64,F1,1,,,,,
2026-10-05,2026-10-05,CM,BSE,STK,500027,INE100A01010,ATUL,A,,,,,ATUL LTD.,5914.50,5925.00,5834.00,5845.75,5847.85,5855.85,,5855.84,,,452,2657707.00,142,F1,1,,,,,
2026-10-05,2026-10-05,CM,BSE,STK,500028,INE447A01015,ATVPR,X,,,,,ATV PROJECTS INDIA LTD.,22.40,22.45,21.60,21.62,21.60,22.40,,21.62,,,14915,325358.00,121,F1,1,,,,,
2026-10-05,2026-10-05,CM,BSE,STK,500031,INE193E01025,BAJAJELEC,A,,,,,BAJAJ ELECTRICALS LTD.,304.95,305.50,298.80,299.25,299.90,300.15,,299.25,,,8319,2509079.00,790,F1,1,,,,,
2026-10-05,2026-10-05,CM,BSE,STK,500032,INE306A01021,BAJAJHIND,B,,,,,BAJAJ HINDUSTHAN SUGAR LIMITED,19.47,20.21,19.47,19.95,19.95,19.22,,19.96,,,1024034,20418350.00,2514,F1,1,,,,,
2026-10-05,2026-10-05,CM,BSE,STK,500033,INE451A01017,FORCEMOT,A,,,,,FORCE MOTORS LTD.,16800.10,16950.00,16522.00,16600.00,16600.00,16800.00,,16639.10,,,5675,94600149.00,1561,F1,1,,,,,
2026-10-05,2026-10-05,CM,BSE,STK,500034,INE296A01032,BAJFINANCE,A,,,,,BAJAJ FINANCE LIMITED,960.10,995.40,960.10,971.00,971.00,949.35,,970.00,,,706173,692858451.00,16626,F1,1,,,,,
2026-10-05,2026-10-05,CM,BSE,STK,500038,INE119A01028,BALRAMCHIN,A,,,,,BALRAMPUR CHINI MILLS LTD,654.90,679.15,654.90,671.20,671.20,648.65,,671.49,,,70861,47472167.00,2013,F1,1,,,,,
2026-10-05,2026-10-05,CM,BSE,STK,500039,INE213C01025,BANCOINDIA,A,,,,,BANCO PRODUCTS (INDIA) LTD.,589.05,596.05,580.20,590.25,591.65,588.75,,589.84,,,6912,4076752.00,450,F1,1,,,,,
2026-10-05,2026-10-05,CM,BSE,STK,500040,INE055A01016,ABREL,A,,,,,ADITYA BIRLA REAL ESTATE LIMIT,1103.65,1128.05,1080.10,1083.05,1083.00,1101.60,,1082.62,,,13827,15158710.00,1173,F1,1,,,,,
2026-10-05,2026-10-05,CM,BSE,STK,500041,INE459A01010,BANARISUG,B,,,,,BANNARI AMMAN SUGARS LTD.,3300.10,3331.90,3300.10,3331.90,3331.90,3336.65,,3296.80,,,27,89323.00,13,F1,1,,,,,
2026-10-05,2026-10-05,CM,BSE,STK,500042,INE373A01013,BASF,A,,,,,BASF INDIA LTD.,3458.40,3479.45,3399.45,3404.85,3401.05,3411.40,,3405.97,,,629,2151880.00,173,F1,1,,,,,
2026-10-05,2026-10-05,CM,BSE,STK,500043,INE176A01028,BATAINDIA,A,,,,,BATA INDIA LTD.,616.35,617.05,609.00,610.65,611.00,612.75,,611.01,,,7447,4564327.00,449,F1,1,,,,,
2026-10-05,2026-10-05,CM,BSE,STK,500048,INE258A01024,BEML,A,,,,,BEML LTD.,1971.95,1993.00,1941.60,1963.20,1963.20,1960.80,,1970.13,,,6833,13399426.00,596,F1,1,,,,,
2026-10-05,2026-10-05,CM,BSE,STK,500049,INE263A01024,BEL,A,,,,,BHARAT ELECTRONICS LTD.,382.55,384.50,377.00,384.10,384.10,383.50,,384.83,,,1229975,468649494.00,16318,F1,1,,,,,
2026-10-05,2026-10-05,CM,BSE,STK,500051,INE099C01010,BHAGGAS,XT,,,,,BHAGAWATI GAS LIMITED,11.18,11.18,10.12,11.18,11.18,10.65,,11.18,,,80185,884924.00,258,F1,1,,,,,
2026-10-05,2026-10-05,CM,BSE,STK,500052,INE922A01025,BEPL,B,,,,,BHANSALI ENGINEERING POLYMERS,124.05,126.10,122.80,124.75,124.65,123.85,,124.77,,,96834,12089609.00,1441,F1,1,,,,,
2026-10-05,2026-10-05,CM,BSE,STK,500058,INE819C01011,BIHSPONG,X,,,,,BIHAR SPONGE IRON LTD.,12.20,12.44,11.91,12.30,12.37,12.20,,12.30,,,8395,101553.00,54,F1,1,,,,,
2026-10-05,2026-10-05,CM,BSE,STK,500059,INE071A01013,BILVYAPAR,T,,,,,BIL VYAPAR LIMITED,4.11,4.12,4.02,4.06,4.06,4.22,,4.19,,,1951,7998.00,6,F1,1,,,,,
2026-10-05,2026-10-05,CM,BSE,STK,500060,INE800A01015,BIRLACABLE,B,,,,,Birla Cable Limited,387.05,390.00,371.85,376.55,375.85,383.90,,376.64,,,31893,12071100.00,1107,F1,1,,,,,
2026-10-05,2026-10-05,CM,BSE,STK,500067,INE472A01039,BLUESTARCO,A,,,,,BLUE STAR LTD.,1475.00,1516.95,1460.85,1497.00,1497.00,1475.00,,1509.59,,,29329,43890216.00,2392,F1,1,,,,,
2026-10-05,2026-10-05,CM,BSE,STK,500068,INE131C01011,DISAQ,B,,,,,DISA INDIA LTD.,11340.00,11340.00,11340.00,11340.00,11340.00,11342.70,,11487.00,,,1,11340.00,1,F1,1,,,,,
2026-10-05,2026-10-05,CM,BSE,STK,500069,INE418C01012,QUESTCAP,X,,,,,QUEST CAPITAL MARKETS LIMITED,228.90,236.00,228.90,230.00,230.00,230.25,,230.00,,,324,75701.00,12,F1,1,,,,,
2026-10-05,2026-10-05,CM,BSE,STK,500074,INE110A01019,BPL,B,,,,,BPL LTD.,42.85,45.88,42.85,44.40,44.40,45.85,,44.40,,,7127,318857.00,151,F1,1,,,,,
2026-10-05,2026-10-05,CM,BSE,STK,500078,INE959C01023,OAL,B,,,,,ORIENTAL AROMATICS LIMITED,528.70,536.00,495.50,516.40,515.60,535.95,,515.14,,,3063,1570823.00,284,F1,1,,,,,
2026-10-05,2026-10-05,CM,BSE,STK,500083,INE281A01026,CENTEXT,B,,,,,CENTURY EXTRUSIONS LTD.,18.20,18.70,17.96,18.00,18.24,18.23,,17.99,,,16167,293165.00,161,F1,1,,,,,
2026-10-05,2026-10-05,CM,BSE,STK,500084,INE486A01021,CESC,A,,,,,CESC LTD.,132.05,136.85,132.00,133.75,133.75,131.50,,133.73,,,138680,18664898.00,2630,F1,1,,,,,
2026-10-05,2026-10-05,CM,BSE,STK,500085,INE085A01013,CHAMBLFERT,A,,,,,CHAMBAL FERTILISERS & CHEMICAL,399.45,405.90,395.00,397.40,398.00,399.40,,397.59,,,42909,17143041.00,1821,F1,1,,,,,
2026-10-05,2026-10-05,CM,BSE,STK,500086,INE302A01020,EXIDEIND,A,,,,,EXIDE INDUSTRIES LTD.,409.35,415.80,402.15,405.20,405.20,409.35,,405.25,,,74267,30275637.00,2228,F1,1,,,,,
2026-10-05,2026-10-05,CM,BSE,STK,500087,INE059A01026,CIPLA,A,,,,,CIPLA LTD.,1328.95,1337.50,1320.95,1334.00,1334.00,1346.85,,1335.49,,,33440,44449898.00,3391,F1,1,,,,,
2026-10-05,2026-10-05,CM,BSE,STK,500089,INE303A01010,DICIND,B,,,,,DIC INDIA LTD.,605.90,605.90,590.55,593.50,592.05,610.00,,595.82,,,124,74192.00,27,F1,1,,,,,
2026-10-05,2026-10-05,CM,BSE,STK,500092,INE007A01025,CRISIL,A,,,,,CRISIL LTD.,4407.55,4522.05,4407.55,4507.95,4503.00,4426.70,,4505.86,,,725,3260305.00,244,F1,1,,,,,
2026-10-05,2026-10-05,CM,BSE,STK,500093,INE067A01029,CGPOWER,A,,,,,CG Power and Industrial Soluti,885.90,894.00,878.00,881.10,881.10,876.75,,882.30,,,55897,49523816.00,2620,F1,1,,,,,
2026-10-05,2026-10-05,CM,BSE,STK,500096,INE016A01026,DABUR,A,,,,,DABUR INDIA LTD.,369.05,378.95,369.05,378.00,378.00,377.00,,378.64,,,45817,17223057.00,1657,F1,1,,,,,
2026-10-05,2026-10-05,CM,BSE,STK,500097,INE495A01022,DALMIASUG,B,,,,,DALMIA BHARAT SUGAR AND INDUST,401.15,436.30,401.15,428.40,428.40,397.00,,430.14,,,41572,17706240.00,1275,F1,1,,,,,
2026-10-05,2026-10-05,CM,BSE,STK,500101,INE034A01011,ARVIND,A,,,,,ARVIND LTD.,539.00,539.00,525.85,530.00,531.50,534.80,,530.38,,,16809,8936217.00,813,F1,1,,,,,
2026-10-05,2026-10-05,CM,BSE,STK,500103,INE257A01026,BHEL,A,,,,,BHARAT HEAVY ELECTRICALS LTD.,426.20,433.60,423.30,427.60,427.60,422.00,,428.96,,,545458,234155639.00,8470,F1,1,,,,,
2026-10-05,2026-10-05,CM,BSE,STK,500104,INE094A01015,HINDPETRO,A,,,,,HINDUSTAN PETROLEUM CORPORATIO,347.95,351.05,340.45,343.10,343.10,346.00,,342.35,,,147174,50913145.00,3609,F1,1,,,,,
2026-10-05,2026-10-05,CM,BSE,STK,500106,INE039A01010,IFCI,A,,,,,IFCI LTD.,65.41,66.90,63.94,64.29,64.29,65.17,,64.28,,,2991549,195606129.00,9968,F1,1,,,,,
2026-10-05,2026-10-05,CM,BSE,STK,500108,INE153A01019,MTNL,B,,,,,MAHANAGAR TELEPHONE NIGAM LTD.,24.34,24.65,23.00,23.21,23.21,24.70,,23.19,,,244225,5826729.00,1254,F1,1,,,,,
2026-10-05,2026-10-05,CM,BSE,STK,500109,INE103A01014,MRPL,A,,,,,MANGALORE REFINERY & PETROCHEM,165.25,173.50,163.20,172.60,172.60,164.70,,172.44,,,708012,119748239.00,4135,F1,1,,,,,
2026-10-05,2026-10-05,CM,BSE,STK,500110,INE178A01016,CHENNPETRO,A,,,,,CHENNAI PETROLEUM CORPORATION,1345.00,1405.00,1325.60,1400.10,1400.10,1346.20,,1400.98,,,78842,108073436.00,2904,F1,1,,,,,
2026-10-05,2026-10-05,CM,BSE,STK,500112,INE062A01020,SBIN,A,,,,,STATE BANK OF INDIA,954.05,969.75,954.05,959.00,959.00,954.00,,958.00,,,415667,399523716.00,9101,F1,1,,,,,
2026-10-05,2026-10-05,CM,BSE,STK,500113,INE114A01011,SAIL,A,,,,,STEEL AUTHORITY OF INDIA LTD.,174.50,180.40,173.30,175.80,175.80,174.00,,176.93,,,390656,68701459.00,5014,F1,1,,,,,
2026-10-05,2026-10-05,CM,BSE,STK,500114,INE280A01028,TITAN,A,,,,,TITAN COMPANY LIMITED,4515.00,4608.85,4509.00,4600.00,4600.00,4535.00,,4580.04,,,16752,76553390.00,3778,F1,1,,,,,
2026-10-05,2026-10-05,CM,BSE,STK,500116,INE008A01015,IDBI,A,,,,,IDBI BANK LTD.,86.91,88.00,85.38,86.39,86.39,86.77,,86.32,,,1388551,120361334.00,6527,F1,1,,,,,
2026-10-05,2026-10-05,CM,BSE,STK,500117,INE500A01029,DCW,B,,,,,DCW LTD.,45.40,45.72,44.25,44.78,44.61,44.59,,44.70,,,50913,2282786.00,324,F1,1,,,,,
2026-10-05,2026-10-05,CM,BSE,STK,500119,INE041A01016,DHAMPURSUG,B,,,,,DHAMPUR SUGAR MILLS LTD.,170.50,179.70,170.50,176.80,177.15,170.95,,176.85,,,56339,9971752.00,932,F1,1,,,,,
2026-10-05,2026-10-05,CM,BSE,STK,500120,INE591D01014,DIAMINESQ,B,,,,,DIAMINES & CHEMICALS LTD.,235.00,243.35,235.00,236.25,236.25,235.00,,237.97,,,23,5422.00,6,F1,1,,,,,
2026-10-05,2026-10-05,CM,BSE,STK,500123,INE280B01018,ELANTAS,B,,,,,ELANTAS BECK INDIA LTD.,13999.00,13999.00,13146.50,13213.15,13278.00,13442.20,,13213.96,,,67,890820.00,45,F1,1,,,,,
2026-10-05,2026-10-05,CM,BSE,STK,500124,INE089A01031,DRREDDY,A,,,,,DR.REDDYS LABORATORIES LTD.,1182.05,1208.00,1182.05,1208.00,1208.00,1200.10,,1203.01,,,199793,239228622.00,7077,F1,1,,,,,
2026-10-05,2026-10-05,CM,BSE,STK,500125,INE126A01031,EIDPARRY,A,,,,,E.I.D.-PARRY (INDIA) LTD.,675.55,698.20,675.55,691.90,691.00,674.50,,691.95,,,10200,7045942.00,595,F1,1,,,,,
2026-10-05,2026-10-05,CM,BSE,STK,500126,INE199A01012,PGHL,A,,,,,PROCTER & GAMBLE HEALTH LIMITE,5365.00,5400.00,5282.50,5301.40,5299.95,5363.95,,5300.02,,,303,1621735.00,132,F1,1,,,,,
2026-10-05,2026-10-05,CM,BSE,STK,500128,INE086A01029,ELECTCAST,A,,,,,ELECTROSTEEL CASTINGS LTD.,75.01,78.01,74.24,75.17,75.51,74.56,,75.26,,,161431,12231182.00,1459,F1,1,,,,,
2026-10-05,2026-10-05,CM,BSE,STK,500133,INE284A01012,ESABINDIA,B,,,,,ESAB INDIA LTD.,5510.00,5524.05,5443.85,5514.65,5520.00,5507.35,,5514.02,,,214,1175444.00,142,F1,1,,,,,
2026-10-05,2026-10-05,CM,BSE,STK,500135,INE255A01020,EPL,A,,,,,EPL LIMITED,232.60,237.55,230.20,236.30,236.10,232.60,,236.50,,,47099,11011673.00,1336,F1,1,,,,,
2026-10-05,2026-10-05,CM,BSE,STK,500136,INE778B01029,ESTER,B,,,,,ESTER INDUSTRIES LTD.,93.80,97.90,93.05,93.35,93.15,95.55,,93.40,,,7010,669600.00,255,F1,1,,,,,
2026-10-05,2026-10-05,CM,BSE,STK,500142,INE512A01016,FGP,XT,,,,,FGP LTD.,8.40,8.48,7.91,8.26,7.91,8.32,,8.26,,,651,5391.00,14,F1,1,,,,,
2026-10-05,2026-10-05,CM,BSE,STK,500143,INE160F01013,PHCAP,XT,,,,,P H CAPITAL LIMITED,1325.00,1355.00,1315.00,1355.00,1355.00,1334.60,,1355.00,,,8444,11167510.00,879,F1,1,,,,,
2026-10-05,2026-10-05,CM,BSE,STK,500144,INE235A01022,FINCABLES,A,,,,,FINOLEX CABLES LTD.,1460.00,1495.60,1459.00,1466.65,1463.90,1457.15,,1467.28,,,22864,33711418.00,1280,F1,1,,,,,
2026-10-05,2026-10-05,CM,BSE,STK,500147,INE515A01019,COCKERILL,B,,,,,JOHN COCKERILL INDIA LIMITED,7976.00,7984.10,7846.65,7882.70,7846.65,7975.55,,7869.47,,,134,1061950.00,41,F1,1,,,,,
2026-10-05,2026-10-05,CM,BSE,STK,500148,INE516A01017,UFLEX,B,,,,,UFLEX LTD.,657.00,668.20,636.50,639.20,640.00,649.45,,639.20,,,7397,4780765.00,351,F1,1,,,,,
2026-10-05,2026-10-05,CM,BSE,STK,500150,INE519A01011,FOSECOIND,B,,,,,FOSECO INDIA LTD.,6400.05,6424.00,6251.75,6273.40,6256.25,6389.60,,6297.49,,,563,3558353.00,167,F1,1,,,,,
2026-10-05,2026-10-05,CM,BSE,STK,500151,INE973A01010,GOLDENTOBC,Z,,,,,GOLDEN TOBACCO LTD.,24.17,24.17,22.52,23.59,23.59,23.70,,23.57,,,937,21169.00,23,F1,1,,,,,
2026-10-05,2026-10-05,CM,BSE,STK,500153,INE388A01029,GANESHBE,T,,,,,GANESH BENZOPLAST LTD.,117.65,117.65,117.65,117.65,117.65,123.80,,118.14,,,13721,1614275.00,95,F1,1,,,,,
2026-10-05,2026-10-05,CM,BSE,STK,500159,INE085D01033,METROGLOBL,B,,,,,METROGLOBAL LIMITED,136.25,136.25,136.25,136.25,136.25,136.95,,132.97,,,95,12943.00,1,F1,1,,,,,
2026-10-05,2026-10-05,CM,BSE,STK,500160,INE043A01012,GTL,B,,,,,GTL LTD.,6.71,7.08,6.70,6.72,6.71,6.85,,6.75,,,16041,109680.00,166,F1,1,,,,,
2026-10-05,2026-10-05,CM,BSE,STK,500163,INE260B01028,GODFRYPHLP,A,,,,,GODFREY PHILLIPS INDIA LTD.,1850.00,1893.40,1846.00,1875.00,1875.00,1854.75,,1875.99,,,14738,27611630.00,1615,F1,1,,,,,
2026-10-05,2026-10-05,CM,BSE,STK,500164,INE233A01035,GODREJIND,A,,,,,GODREJ INDUSTRIES LTD.,1018.15,1046.95,1010.00,1039.10,1038.75,1021.20,,1040.16,,,4657,4795119.00,520,F1,1,,,,,
2026-10-05,2026-10-05,CM,BSE,STK,500165,INE531A01024,KANSAINER,A,,,,,KANSAI NEROLAC PAINTS LTD.,175.25,177.80,175.15,177.05,177.00,175.30,,176.97,,,90030,15924158.00,987,F1,1,,,,,
2026-10-05,2026-10-05,CM,BSE,STK,500166,INE300A01016,GOODRICKE,X,,,,,GOODRICKE GROUP LTD.,220.00,222.20,218.00,221.80,221.00,218.10,,221.80,,,1922,422443.00,49,F1,1,,,,,
2026-10-05,2026-10-05,CM,BSE,STK,500168,INE533A01012,GOODYEAR,B,,,,,GOODYEAR INDIA LTD.,694.00,696.00,682.20,688.10,688.10,695.40,,686.53,,,1427,981519.00,277,F1,1,,,,,
2026-10-05,2026-10-05,CM,BSE,STK,500170,INE537A01013,GTNINDS,X,,,,,GTN INDUSTRIES LTD.,23.16,24.49,22.02,24.20,24.20,22.94,,24.20,,,142,3264.00,8,F1,1,,,,,
2026-10-05,2026-10-05,CM,BSE,STK,500171,INE539A01019,GHCL,A,,,,,GHCL LTD.,405.90,406.50,398.80,401.95,402.10,402.35,,402.00,,,3142,1259864.00,552,F1,1,,,,,
2026-10-05,2026-10-05,CM,BSE,STK,500173,INE538A01037,GFLLIMITED,B,,,,,GFL LIMITED,56.00,56.21,54.00,55.37,55.39,54.89,,54.89,,,2301,126387.00,116,F1,1,,,,,
2026-10-05,2026-10-05,CM,BSE,STK,500174,INE540A01017,GLFL,B,,,,,GUJARAT LEASE FINANCING LTD.,5.50,5.50,5.23,5.45,5.45,5.50,,5.22,,,645,3385.00,9,F1,1,,,,,
2026-10-05,2026-10-05,CM,BSE,STK,500178,INE905C01034,HARCR,XT,,,,,HARIG CRANKSHAFTS LTD.,41.95,41.95,41.95,41.95,41.95,41.13,,41.95,,,201,8431.00,17,F1,1,,,,,
2026-10-05,2026-10-05,CM,BSE,STK,500179,INE236A01020,HCL-INSYS,B,,,,,HCL INFOSYSTEMS LTD.,10.09,10.28,9.81,10.04,10.04,10.08,,10.00,,,49286,494478.00,389,F1,1,,,,,
2026-10-05,2026-10-05,CM,BSE,STK,500180,INE040A01034,HDFCBANK,A,,,,,HDFC BANK LTD.,730.90,734.00,701.20,705.00,705.00,719.35,,704.80,,,2288921,1637495695.00,30543,F1,1,,,,,
2026-10-05,2026-10-05,CM,BSE,STK,500182,INE158A01026,HEROMOTOCO,A,,,,,HERO MOTOCORP LTD.,5198.85,5200.00,4992.55,5080.00,5080.00,5173.00,,5089.46,,,44914,228413019.00,11442,F1,1,,,,,
2026-10-05,2026-10-05,CM,BSE,STK,500183,INE548A01028,HFCL,T,,,,,HFCL LIMITED,239.40,249.80,232.55,249.80,249.80,237.95,,250.26,,,583909,140998363.00,5648,F1,1,,,,,
2026-10-05,2026-10-05,CM,BSE,STK,500184,INE019C01026,HSCL,A,,,,,Himadri Speciality Chemical Lt,664.55,672.50,658.10,659.80,659.80,665.95,,659.85,,,118797,78882541.00,2723,F1,1,,,,,
2026-10-05,2026-10-05,CM,BSE,STK,500185,INE549A01026,HCC,A,,,,,HINDUSTAN CONSTRUCTION CO.LTD.,20.26,20.58,19.96,20.01,20.01,20.24,,20.00,,,693099,14041550.00,2230,F1,1,,,,,
2026-10-05,2026-10-05,CM,BSE,STK,500186,INE345A01011,HINDOILEXP,B,,,,,HINDUSTAN OIL EXPLORATION CO.L,167.65,170.45,164.15,164.95,165.00,167.30,,164.87,,,14782,2457687.00,354,F1,1,,,,,
2026-10-05,2026-10-05,CM,BSE,STK,500187,INE415A01038,AGI,B,,,,,AGI GREENPAC LIMITED,793.00,800.05,776.55,781.70,784.35,790.40,,781.70,,,2651,2075497.00,213,F1,1,,,,,
2026-10-05,2026-10-05,CM,BSE,STK,500188,INE267A01025,HINDZINC,A,,,,,HINDUSTAN ZINC LTD.,560.00,568.80,558.00,561.60,561.60,556.85,,560.96,,,144250,81086885.00,3798,F1,1,,,,,
2026-10-05,2026-10-05,CM,BSE,STK,500189,INE353A01023,NDLVENTURE,B,,,,,NDL Ventures Limited,121.40,125.75,121.40,124.80,124.80,124.00,,123.17,,,85,10636.00,10,F1,1,,,,,
2026-10-05,2026-10-05,CM,BSE,STK,500191,INE262A01018,HMT,Z,,,,,HMT LTD.,58.24,59.98,58.24,58.53,58.50,59.00,,58.89,,,1595,94708.00,31,F1,1,,,,,
2026-10-05,2026-10-05,CM,BSE,STK,500192,INE962B01011,PRAGBOS,X,,,,,PRAG BOSIMI SYNTHETICS LTD.,1.62,1.70,1.59,1.69,1.70,1.60,,1.69,,,28555,46440.00,99,F1,1,,,,,
2026-10-05,2026-10-05,CM,BSE,STK,500193,INE102A01024,HLVLTD,B,,,,,HLV LIMITED,6.39,6.55,6.13,6.20,6.30,6.31,,6.21,,,24276,153365.00,143,F1,1,,,,,
2026-10-05,2026-10-05,CM,BSE,STK,500199,INE204A01010,IGPL,B,,,,,I G PETROCHEMICALS LTD.,573.60,580.65,551.00,554.00,551.00,569.05,,554.00,,,1150,651656.00,160,F1,1,,,,,
2026-10-05,2026-10-05,CM,BSE,STK,500201,INE560A01023,INDIAGLYCO,A,,,,,INDIA GLYCOLS LTD.,302.50,307.05,296.25,303.20,303.50,298.60,,303.34,,,23082,6962799.00,451,F1,1,,,,,
2026-10-05,2026-10-05,CM,BSE,STK,500202,INE333C01013,INDLEASE,X,,,,,INDIA LEASE DEVELOPMENT LTD.,7.47,7.47,7.32,7.32,7.32,7.32,,7.32,,,46,336.00,3,F1,1,,,,,
2026-10-05,2026-10-05,CM,BSE,STK,500206,INE680B01019,MARGOFIN,X,,,,,MARGO FINANCE LIMITED,64.32,64.50,64.00,64.00,64.00,63.06,,64.00,,,485,31186.00,12,F1,1,,,,,
2026-10-05,2026-10-05,CM,BSE,STK,500207,INE156A01020,INDORAMA,B,,,,,INDO RAMA SYNTHETICS (INDIA) L,98.85,99.35,93.05,93.70,93.30,95.80,,93.69,,,67877,6561509.00,543,F1,1,,,,,
2026-10-05,2026-10-05,CM,BSE,STK,500209,INE009A01021,INFY,A,,,,,INFOSYS LTD.,1054.90,1055.00,1010.00,1019.50,1019.50,1035.00,,1020.49,,,1367606,1392133576.00,17120,F1,1,,,,,
2026-10-05,2026-10-05,CM,BSE,STK,500210,INE177A01018,INGERRAND,B,,,,,INGERSOLL-RAND (INDIA) LTD.,4166.40,4215.25,4134.80,4156.25,4165.00,4166.40,,4154.40,,,614,2564521.00,180,F1,1,,,,,
2026-10-05,2026-10-05,CM,BSE,STK,500213,INE262B01016,ITHL,X,,,,,INTERNATIONAL TRAVEL HOUSE LTD,286.75,286.75,275.00,275.10,275.10,282.95,,275.10,,,3312,921281.00,87,F1,1,,,,,
2026-10-05,2026-10-05,CM,BSE,STK,500214,INE570A01022,IONEXCHANG,A,,,,,ION EXCHANGE (INDIA) LTD.,405.00,409.45,398.55,401.80,403.00,406.50,,401.75,,,7775,3142761.00,453,F1,1,,,,,
2026-10-05,2026-10-05,CM,BSE,STK,500215,INE209A01019,SUNDROP,B,,,,,SUNDROP BRANDS LIMITED,730.05,758.00,730.05,739.85,739.80,759.80,,748.59,,,50141,37605262.00,39,F1,1,,,,,
2026-10-05,2026-10-05,CM,BSE,STK,500219,INE175A01038,JISLJALEQS,A,,,,,JAIN IRRIGATION SYSTEMS LTD.,27.41,27.89,26.71,26.80,26.80,27.33,,26.81,,,99129,2683336.00,502,F1,1,,,,,
2026-10-05,2026-10-05,CM,BSE,STK,500220,INE711C01028,JASCH,X,,,,,JASCH INDUSTRIES LTD.,270.00,292.00,270.00,284.95,285.00,286.60,,284.95,,,1374,386771.00,48,F1,1,,,,,
2026-10-05,2026-10-05,CM,BSE,STK,500227,INE197D01010,JINDALPOLY,B,,,,,JINDAL POLY FILMS LIMITED,661.15,661.15,640.35,641.90,641.90,653.35,,641.62,,,942,607898.00,76,F1,1,,,,,
2026-10-05,2026-10-05,CM,BSE,STK,500228,INE019A01038,JSWSTEEL,A,,,,,JSW STEEL LTD.,1234.00,1251.50,1228.70,1232.35,1232.35,1230.00,,1235.29,,,21279,26313803.00,2527,F1,1,,,,,
2026-10-05,2026-10-05,CM,BSE,STK,500233,INE217B01036,KAJARIACER,A,,,,,KAJARIA CERAMICS LTD.,1223.65,1227.65,1203.65,1212.60,1210.45,1225.60,,1214.07,,,772846,938867280.00,3416,F1,1,,,,,
2026-10-05,2026-10-05,CM,BSE,STK,500235,INE907A01026,KSL,B,,,,,KALYANI STEELS LTD.,912.60,933.10,912.60,921.30,924.85,911.80,,921.30,,,5056,4658581.00,431,F1,1,,,,,
2026-10-05,2026-10-05,CM,BSE,STK,500236,INE252C01023,KANELIND,XT,,,,,KANEL INDUSTRIES LIMITED,71.85,75.50,71.83,72.84,72.00,75.61,,72.84,,,2612,187638.00,17,F1,1,,,,,
2026-10-05,2026-10-05,CM,BSE,STK,500238,INE716A01013,WHIRLPOOL,A,,,,,WHIRLPOOL OF INDIA LTD.,862.20,888.20,850.00,872.05,869.00,862.10,,871.76,,,54619,47632716.00,1941,F1,1,,,,,
2026-10-05,2026-10-05,CM,BSE,STK,500239,INE104A01012,KGDENIM,X,,,,,KG DENIM LTD.,14.55,14.55,13.80,13.96,14.37,14.50,,13.96,,,1663,23379.00,51,F1,1,,,,,
2026-10-05,2026-10-05,CM,BSE,STK,500240,INE266B01017,KINETICENG,X,,,,,KINETIC ENGINEERING LTD.,254.80,258.70,246.05,247.75,248.25,244.20,,247.75,,,26757,6740800.00,278,F1,1,,,,,
2026-10-05,2026-10-05,CM,BSE,STK,500241,INE732A01036,KIRLOSBROS,A,,,,,KIRLOSKAR BROTHERS LTD.,1766.70,1788.30,1737.60,1743.05,1743.05,1766.85,,1742.42,,,3837,6722743.00,320,F1,1,,,,,
2026-10-05,2026-10-05,CM,BSE,STK,500243,INE250A01039,KIRLOSIND,B,,,,,KIRLOSKAR INDUSTRIES LTD,3483.30,3555.90,3455.30,3466.45,3470.50,3481.75,,3467.00,,,186,650231.00,77,F1,1,,,,,
2026-10-05,2026-10-05,CM,BSE,STK,500245,INE884B01025,KIRLFER,B,,,,,KIRLOSKAR FERROUS INDUSTRIES L,466.25,466.95,464.30,465.00,466.05,465.85,,465.00,,,1954,909255.00,117,F1,1,,,,,
2026-10-05,2026-10-05,CM,BSE,STK,500246,INE601C01013,ENVAIREL,XT,,,,,ENVAIR ELECTRODYNE LTD.,59.99,59.99,59.99,59.99,59.99,60.00,,59.99,,,700,41993.00,5,F1,1,,,,,
2026-10-05,2026-10-05,CM,BSE,STK,500247,INE237A01036,KOTAKBANK,A,,,,,KOTAK MAHINDRA BANK LTD.,416.70,424.45,413.80,416.30,416.30,419.80,,416.00,,,2776090,1167067190.00,10117,F1,1,,,,,
2026-10-05,2026-10-05,CM,BSE,STK,500248,INE073A01019,KRIFILIND,XT,,,,,KRISHNA FILAMENT INDUSTRIES LI,4.06,4.06,4.06,4.06,4.06,4.26,,4.06,,,200,812.00,2,F1,1,,,,,
2026-10-05,2026-10-05,CM,BSE,STK,500249,INE999A01023,KSB,A,,,,,KSB LIMITED,805.00,822.60,799.55,803.65,805.00,806.60,,803.92,,,12848,10391531.00,567,F1,1,,,,,
2026-10-05,2026-10-05,CM,BSE,STK,500250,INE337A01034,LGBBROSLTD,A,,,,,L.G.BALAKRISHNAN & BROS.LTD.,1723.05,1730.55,1651.90,1665.50,1665.50,1708.40,,1663.59,,,1105,1863152.00,269,F1,1,,,,,
2026-10-05,2026-10-05,CM,BSE,STK,500251,INE849A01020,TRENT,A,,,,,TRENT LTD.,2562.00,2608.70,2562.00,2575.00,2575.00,2597.40,,2579.95,,,150307,388615970.00,7015,F1,1,,,,,
2026-10-05,2026-10-05,CM,BSE,STK,500252,INE269B01029,LMW,A,,,,,LMW Limited,16427.00,16591.25,16325.75,16537.80,16583.95,16570.45,,16530.48,,,290,4776245.00,113,F1,1,,,,,
2026-10-05,2026-10-05,CM,BSE,STK,500253,INE115A01026,LICHSGFIN,A,,,,,LIC HOUSING FINANCE LTD.,513.00,514.75,501.75,503.80,503.80,510.50,,504.94,,,78290,39753471.00,2331,F1,1,,,,,
2026-10-05,2026-10-05,CM,BSE,STK,500257,INE326A01037,LUPIN,A,,,,,LUPIN LTD.,2029.00,2029.00,1996.05,2010.00,2010.00,2029.00,,2011.00,,,14874,29907999.00,1821,F1,1,,,,,
2026-10-05,2026-10-05,CM,BSE,STK,500259,INE933A01014,LYKALABS,T,,,,,LYKA LABS LTD.,79.25,82.16,78.36,78.36,78.36,82.48,,77.48,,,3922,309166.00,29,F1,1,,,,,
2026-10-05,2026-10-05,CM,BSE,STK,500260,INE331A01037,RAMCOCEM,A,,,,,THE RAMCO CEMENTS LIMITED,830.60,845.00,824.00,835.55,845.00,830.10,,837.06,,,3578,2974979.00,434,F1,1,,,,,
2026-10-05,2026-10-05,CM,BSE,STK,500262,INE965B01022,HYBRIDFIN,B,,,,,HYBRID FINANCIAL SERVICES LIMI,18.70,18.70,17.50,18.12,18.45,17.03,,17.73,,,162,2926.00,6,F1,1,,,,,
2026-10-05,2026-10-05,CM,BSE,STK,500264,INE270B01035,MAFATIND,B,,,,,MAFATLAL INDUSTRIES LTD.,116.60,116.60,108.00,109.75,109.75,114.30,,109.35,,,16342,1814591.00,344,F1,1,,,,,
2026-10-05,2026-10-05,CM,BSE,STK,500265,INE271B01025,MAHSEAMLES,A,,,,,MAHARASHTRA SEAMLESS LTD.,699.00,704.00,681.20,685.45,687.25,698.45,,685.06,,,13243,9109231.00,465,F1,1,,,,,
2026-10-05,2026-10-05,CM,BSE,STK,500266,INE288A01013,MAHSCOOTER,A,,,,,MAHARASHTRA SCOOTERS LTD.,12474.00,12600.00,12406.40,12500.60,12425.00,12380.90,,12506.92,,,197,2464292.00,127,F1,1,,,,,
2026-10-05,2026-10-05,CM,BSE,STK,500267,INE201B01022,MAJESAUT,T,,,,,MAJESTIC AUTO LTD.,369.95,369.95,360.10,365.00,365.00,369.95,,365.80,,,865,316375.00,57,F1,1,,,,,
2026-10-05,2026-10-05,CM,BSE,STK,500268,INE201A01024,MANALIPETC,B,,,,,MANALI PETROCHEMICAL LTD.,82.00,92.00,80.49,87.36,88.33,78.04,,87.20,,,1687355,148435795.00,6401,F1,1,,,,,
2026-10-05,2026-10-05,CM,BSE,STK,500270,INE461A01024,BARODARY,X,,,,,BARODA RAYON CORPORATION LTD.,119.70,121.20,119.70,120.00,120.00,119.70,,120.00,,,807,96956.00,17,F1,1,,,,,
2026-10-05,2026-10-05,CM,BSE,STK,500271,INE180A01020,MFSL,A,,,,,Max Financial Services Limited,1434.90,1434.90,1344.25,1347.00,1344.25,1386.40,,1348.00,,,250951,339280080.00,3420,F1,1,,,,,
2026-10-05,2026-10-05,CM,BSE,STK,500277,INE401C01018,MIDINDIA,X,,,,,MID INDIA INDUSTRIES LTD.,5.70,6.10,5.70,5.70,5.70,5.80,,5.70,,,321,1849.00,6,F1,1,,,,,
2026-10-05,2026-10-05,CM,BSE,STK,500279,INE831A01028,ONIDA,B,,,,,ONIDA ELECTRONICS LIMITED,30.61,32.05,30.61,31.35,31.01,31.44,,31.06,,,31548,985788.00,424,F1,1,,,,,
2026-10-05,2026-10-05,CM,BSE,STK,500280,INE485A01015,CENTENKA,B,,,,,CENTURY ENKA LTD.,538.00,551.80,538.00,546.15,546.15,536.45,,546.20,,,2240,1221201.00,214,F1,1,,,,,
2026-10-05,2026-10-05,CM,BSE,STK,500282,INE794W01014,MODTHREAD,B,,,,,MODERN THREADS (INDIA) LTD.,47.17,47.17,47.17,47.17,47.17,47.65,,46.58,,,1,47.00,1,F1,1,,,,,
2026-10-05,2026-10-05,CM,BSE,STK,500284,INE846D01012,LORDSCHLO,B,,,,,LORDS CHLORO ALKALI LTD.,140.40,140.40,135.15,136.85,135.15,138.15,,137.65,,,1912,266155.00,69,F1,1,,,,,
2026-10-05,2026-10-05,CM,BSE,STK,500285,INE285B01017,SPICEJET,B,,,,,SPICEJET LTD.,9.40,9.50,9.02,9.10,9.10,9.30,,9.10,,,3241444,29940112.00,4149,F1,1,,,,,
2026-10-05,2026-10-05,CM,BSE,STK,500288,INE083A01026,MOREPENLAB,B,,,,,MOREPEN LABORATORIES LTD.,135.40,137.50,130.50,135.30,135.30,133.70,,135.29,,,1109373,148484913.00,7182,F1,1,,,,,
2026-10-05,2026-10-05,CM,BSE,STK,500290,INE883A01011,MRF,A,,,,,MRF LTD.,124045.00,124250.95,122800.00,123284.50,123452.00,123045.40,,123328.77,,,182,22453777.00,154,F1,1,,,,,
2026-10-05,2026-10-05,CM,BSE,STK,500292,INE578A01017,HEIDELBERG,B,,,,,HEIDELBERGCEMENT INDIA LTD.,130.85,131.60,128.90,130.15,130.30,130.80,,130.11,,,11683,1521037.00,374,F1,1,,,,,
2026-10-05,2026-10-05,CM,BSE,STK,500294,INE868B01028,NCC,A,,,,,NCC LIMITED,129.95,131.30,127.60,128.70,128.70,130.10,,128.78,,,263015,33991756.00,2534,F1,1,,,,,
2026-10-05,2026-10-05,CM,BSE,STK,500295,INE205A01025,VEDL,A,,,,,VEDANTA LIMITED,252.25,256.60,252.15,255.00,255.00,251.90,,255.05,,,301857,76814990.00,4603,F1,1,,,,,
2026-10-05,2026-10-05,CM,BSE,STK,500296,INE290A01027,NAHARSPING,B,,,,,NAHAR SPINNING MILLS LTD.,260.00,260.00,246.85,247.75,248.85,256.60,,249.84,,,986,250083.00,41,F1,1,,,,,
2026-10-05,2026-10-05,CM,BSE,STK,500298,INE585A01020,NAPEROL,X,,,,,Naperol Investments Limited,621.00,622.20,605.25,606.70,610.00,620.75,,606.70,,,686,423392.00,62,F1,1,,,,,
2026-10-05,2026-10-05,CM,BSE,STK,500300,INE047A01021,GRASIM,A,,,,,GRASIM INDUSTRIES LTD.,2966.55,3023.25,2962.90,2979.10,2979.10,2971.85,,2972.02,,,8856,26402741.00,1514,F1,1,,,,,
2026-10-05,2026-10-05,CM,BSE,STK,500304,INE161A01038,NIITLTD,B,,,,,NIIT LTD.,84.49,86.43,82.70,83.71,84.00,85.10,,83.87,,,24345,2046661.00,263,F1,1,,,,,
2026-10-05,2026-10-05,CM,BSE,STK,500306,INE903A01025,JAYKAY,B,,,,,Jaykay Enterprises Limited,199.90,230.00,199.90,221.55,221.55,201.65,,221.94,,,320087,70491249.00,4011,F1,1,,,,,
2026-10-05,2026-10-05,CM,BSE,STK,500307,INE910A01012,NIRLON,B,,,,,NIRLON LTD.,640.00,640.00,603.00,614.95,614.60,602.05,,615.26,,,961,589640.00,151,F1,1,,,,,
2026-10-05,2026-10-05,CM,BSE,STK,500312,INE213A01029,ONGC,A,,,,,OIL AND NATURAL GAS CORPORATIO,222.25,226.65,222.25,225.50,225.50,222.70,,224.90,,,459498,103192269.00,8231,F1,1,,,,,
2026-10-05,2026-10-05,CM,BSE,STK,500313,INE591A01010,OILCOUNTUB,T,,,,,OIL COUNTRY TUBULAR LTD.,79.60,79.60,79.55,79.55,79.55,78.04,,79.55,,,1425,113429.00,6,F1,1,,,,,
2026-10-05,2026-10-05,CM,BSE,STK,500314,INE750A01020,ORIENTHOT,B,,,,,ORIENTAL HOTELS LTD.,138.55,141.75,138.50,140.75,140.40,140.10,,140.87,,,6600,930178.00,139,F1,1,,,,,
2026-10-05,2026-10-05,CM,BSE,STK,500317,INE142A01012,OSWALAGRO,B,,,,,OSWAL AGRO MILLS LTD.,32.70,33.90,32.70,33.13,33.00,33.41,,32.99,,,1434,47690.00,87,F1,1,,,,,
2026-10-05,2026-10-05,CM,BSE,STK,500319,INE557C01017,INDSUCR,X,,,,,INDIAN SUCROSE LTD.,71.10,72.72,70.60,72.08,72.00,71.15,,72.08,,,2849,203689.00,77,F1,1,,,,,
2026-10-05,2026-10-05,CM,BSE,STK,500322,INE167E01037,PANCM,XT,,,,,PANYAM CEMENTS & MINERAL INDUS,107.00,107.00,107.00,107.00,107.00,109.25,,107.00,,,1,107.00,1,F1,1,,,,,
2026-10-05,2026-10-05,CM,BSE,STK,500325,INE002A01018,RELIANCE,A,,,,,RELIANCE INDUSTRIES LTD.,1172.95,1192.75,1172.20,1186.10,1186.10,1166.00,,1186.40,,,436409,515105719.00,29402,F1,1,,,,,
2026-10-05,2026-10-05,CM,BSE,STK,500327,INE600A01035,PILITA,B,,,,,Pil Italica Lifestyle Limited,7.46,7.59,7.31,7.58,7.58,7.31,,7.39,,,197,1469.00,6,F1,1,,,,,
2026-10-05,2026-10-05,CM,BSE,STK,500330,INE301A01014,RAYMOND,A,,,,,RAYMOND LTD.,1197.00,1311.85,1197.00,1304.35,1304.35,1192.60,,1300.88,,,117530,147681981.00,4105,F1,1,,,,,
2026-10-05,2026-10-05,CM,BSE,STK,500331,INE318A01026,PIDILITIND,A,,,,,PIDILITE INDUSTRIES LTD.,1463.95,1487.25,1458.25,1485.00,1485.00,1470.00,,1487.69,,,23890,35167472.00,2135,F1,1,,,,,
2026-10-05,2026-10-05,CM,BSE,STK,500333,INE751B01018,PIXTRANS,B,,,,,PIX TRANSMISSIONS LTD.,1818.85,1854.40,1818.00,1840.50,1830.20,1802.60,,1834.55,,,4214,7734364.00,510,F1,1,,,,,
2026-10-05,2026-10-05,CM,BSE,STK,500335,INE340A01012,BIRLACORPN,A,,,,,BIRLA CORPORATION LTD.,830.40,834.10,812.00,813.75,816.35,830.40,,812.83,,,2219,1818703.00,307,F1,1,,,,,
2026-10-05,2026-10-05,CM,BSE,STK,500336,INE335A01020,SURYAROSNI,B,,,,,SURYA ROSHNI LTD.,218.10,225.10,218.10,220.75,220.65,220.85,,220.41,,,18926,4208596.00,518,F1,1,,,,,
2026-10-05,2026-10-05,CM,BSE,STK,500337,INE032B01021,PRIMESECU,B,,,,,PRIME SECURITIES LTD.,301.00,305.60,294.00,300.85,301.30,299.15,,299.77,,,7174,2143023.00,81,F1,1,,,,,
2026-10-05,2026-10-05,CM,BSE,STK,500338,INE010A01011,PRSMJOHNSN,B,,,,,PRISM JOHNSON LIMITED.,103.95,104.20,101.55,102.05,101.90,103.65,,102.06,,,21909,2254797.00,396,F1,1,,,,,
2026-10-05,2026-10-05,CM,BSE,STK,500339,INE855B01025,RAIN,A,,,,,RAIN INDUSTRIES LIMITED,210.40,213.25,206.55,209.00,209.00,208.45,,208.03,,,78288,16485006.00,1099,F1,1,,,,,
2026-10-05,2026-10-05,CM,BSE,STK,500342,INE024D01016,PRUDMOULI,B,,,,,PRUDENTIAL SUGAR CORPORATION L,13.04,14.20,13.04,13.97,13.97,13.50,,13.92,,,4052,55491.00,87,F1,1,,,,,
2026-10-05,2026-10-05,CM,BSE,STK,500343,INE606A01024,AMJLAND,B,,,,,AMJ LAND HOLDINGS LIMITED,36.10,38.40,35.70,37.18,37.50,37.23,,37.14,,,2632,96362.00,33,F1,1,,,,,
2026-10-05,2026-10-05,CM,BSE,STK,500346,INE609A01010,PUNJCOMMU,B,,,,,PUNJAB COMMUNICATIONS LTD.,55.70,56.90,54.01,56.88,56.88,55.70,,56.88,,,870,48963.00,16,F1,1,,,,,
2026-10-05,2026-10-05,CM,BSE,STK,500350,INE611A01016,RSWM,B,,,,,RSWM LTD.,207.55,207.65,202.00,202.50,202.50,203.00,,203.02,,,2144,438098.00,47,F1,1,,,,,
2026-10-05,2026-10-05,CM,BSE,STK,500354,INE562B01019,RAJSREESUG,B,,,,,RAJSHREE SUGARS & CHEMICALS LT,29.00,29.34,27.86,28.70,28.70,27.86,,28.39,,,4976,142655.00,81,F1,1,,,,,
2026-10-05,2026-10-05,CM,BSE,STK,500355,INE613A01020,RALLIS,A,,,,,RALLIS INDIA LTD.,200.50,201.15,197.00,197.25,198.30,199.75,,197.16,,,19739,3918869.00,426,F1,1,,,,,
2026-10-05,2026-10-05,CM,BSE,STK,500356,INE278B01020,RAMANEWS,B,,,,,SHREE RAMA NEWSPRINT LTD.,29.02,30.31,29.02,29.11,29.11,29.04,,29.36,,,1182,34851.00,16,F1,1,,,,,
2026-10-05,2026-10-05,CM,BSE,STK,500357,INE425E01013,RAMAPPR-B,Z,,,,,RAMA PAPER MILLS LTD.,17.78,18.25,17.00,17.60,17.70,17.43,,17.60,,,2203,38802.00,20,F1,1,,,,,
2026-10-05,2026-10-05,CM,BSE,STK,500358,INE783A01013,RAMAPETRO,XT,,,,,RAMA PETROCHEMICALS LTD.,11.95,11.95,11.95,11.95,11.95,11.95,,11.95,,,1401,16741.00,7,F1,1,,,,,
2026-10-05,2026-10-05,CM,BSE,STK,500360,INE350D01015,RAPICUT,XT,,,,,RAPICUT CARBIDES LTD.,275.90,275.90,256.35,257.20,256.50,269.80,,257.20,,,9142,2375314.00,160,F1,1,,,,,
2026-10-05,2026-10-05,CM,BSE,STK,500365,INE731F01037,WELSPLSOL,B,,,,,WELSPUN SPECIALTY SOLUTIONS LI,53.81,53.81,52.13,52.58,52.58,52.57,,52.50,,,30886,1626625.00,221,F1,1,,,,,
2026-10-05,2026-10-05,CM,BSE,STK,500367,INE642C01025,RUBFILA,B,,,,,RUBFILA INTERNATIONAL LTD.,63.94,64.90,63.00,63.34,63.00,64.09,,63.20,,,27540,1768408.00,232,F1,1,,,,,
2026-10-05,2026-10-05,CM,BSE,STK,500368,INE619A01035,PATANJALI,A,,,,,Patanjali Foods Limited,357.00,358.90,349.20,355.95,355.95,356.00,,355.70,,,275547,97900664.00,2223,F1,1,,,,,
2026-10-05,2026-10-05,CM,BSE,STK,500370,INE924A01013,SALORAINTL,X,,,,,SALORA INTERNATIONAL LTD.,25.91,25.91,25.00,25.00,25.00,25.69,,25.00,,,101,2560.00,3,F1,1,,,,,
2026-10-05,2026-10-05,CM,BSE,STK,500371,INE538C01017,SAMTELIN,XT,,,,,SAMTEL INDIA LTD.,54.74,54.74,54.74,54.74,54.74,55.85,,54.74,,,478,26165.00,17,F1,1,,,,,
2026-10-05,2026-10-05,CM,BSE,STK,500378,INE324A01032,JINDALSAW,A,,,,,JINDAL SAW LTD.,269.70,277.35,269.70,274.80,274.80,270.35,,274.99,,,81673,22410500.00,2068,F1,1,,,,,
2026-10-05,2026-10-05,CM,BSE,STK,500380,INE786A01032,JKLAKSHMI,A,,,,,JK LAKSHMI CEMENT LTD.,476.10,482.10,465.05,467.30,466.80,477.05,,466.82,,,8565,4037189.00,1127,F1,1,,,,,
2026-10-05,2026-10-05,CM,BSE,STK,500387,INE070A01015,SHREECEM,A,,,,,SHREE CEMENT LTD.,21801.00,22095.95,21720.00,21855.00,21946.15,21871.80,,21990.00,,,933,20405973.00,518,F1,1,,,,,
2026-10-05,2026-10-05,CM,BSE,STK,500388,INE970C01012,SKPMIL,XT,,,,,SHREE KRISHNA PAPER MILLS & IN,98.85,98.85,98.85,98.85,98.85,94.15,,98.85,,,147,14530.00,7,F1,1,,,,,
2026-10-05,2026-10-05,CM,BSE,STK,500390,INE036A01016,RELINFRA,T,,,,,RELIANCE INFRASTRUCTURE LTD.,48.78,48.78,48.78,48.78,48.78,46.46,,48.80,,,2088,101852.00,23,F1,1,,,,,
2026-10-05,2026-10-05,CM,BSE,STK,500399,INE629B01032,STEELCO,X,,,,,STEELCO GUJARAT LTD.,198.70,198.70,198.70,198.70,198.70,202.75,,198.70,,,14480,2877176.00,47,F1,1,,,,,
2026-10-05,2026-10-05,CM,BSE,STK,500400,INE245A01021,TATAPOWER,A,,,,,TATA POWER CO.LTD.,350.00,353.95,348.15,351.00,351.00,350.00,,351.50,,,99936,35073961.00,3260,F1,1,,,,,
2026-10-05,2026-10-05,CM,BSE,STK,500402,INE937A01023,SPMLINFRA,B,,,,,SPML INFRA LIMITED,169.90,169.90,156.00,158.40,157.85,159.20,,158.29,,,7593,1205205.00,205,F1,1,,,,,
2026-10-05,2026-10-05,CM,BSE,STK,500403,INE387A01021,SUNDRMFAST,A,,,,,SUNDRAM FASTENERS LTD.,1128.20,1128.20,1112.50,1115.25,1114.80,1122.55,,1115.59,,,6335,7072534.00,347,F1,1,,,,,
2026-10-05,2026-10-05,CM,BSE,STK,500404,INE947A01014,SUNFLAG,B,,,,,SUNFLAG IRON & STEEL CO.LTD.,446.80,453.95,413.65,453.95,453.95,432.35,,454.92,,,45897,20229535.00,1118,F1,1,,,,,
2026-10-05,2026-10-05,CM,BSE,STK,500405,INE663A01033,SPLPETRO,A,,,,,SUPREME PETROCHEM LTD.,777.35,804.90,768.30,797.30,797.30,782.65,,798.33,,,18710,14642840.00,1112,F1,1,,,,,
2026-10-05,2026-10-05,CM,BSE,STK,500407,INE277A01016,SWARAJENG,B,,,,,SWARAJ ENGINES LTD.,3555.00,3556.15,3514.40,3522.85,3519.25,3543.00,,3532.17,,,475,1678719.00,123,F1,1,,,,,
2026-10-05,2026-10-05,CM,BSE,STK,500408,INE670A01012,TATAELXSI,A,,,,,TATA ELXSI LTD.,3120.05,3147.60,3070.00,3092.00,3092.00,3099.00,,3102.83,,,23805,73912304.00,3597,F1,1,,,,,
2026-10-05,2026-10-05,CM,BSE,STK,500410,INE012A01025,ACC,A,,,,,ACC LTD.,1185.15,1199.05,1176.00,1183.80,1182.00,1183.15,,1184.38,,,10979,13022852.00,887,F1,1,,,,,
2026-10-05,2026-10-05,CM,BSE,STK,500411,INE152A01029,THERMAX,A,,,,,THERMAX LTD.,3358.25,3397.30,3212.65,3231.40,3231.40,3364.10,,3228.47,,,11905,38783103.00,1656,F1,1,,,,,
2026-10-05,2026-10-05,CM,BSE,STK,500412,INE338A01024,TIRUMALCHM,B,,,,,THIRUMALAI CHEMICALS LTD.,148.80,149.55,141.50,143.50,143.50,146.60,,143.35,,,19420,2820412.00,378,F1,1,,,,,
2026-10-05,2026-10-05,CM,BSE,STK,500413,INE332A01027,THOMASCOOK,A,,,,,THOMAS COOK (INDIA) LTD.,100.55,101.75,99.25,99.65,99.90,100.75,,99.61,,,24006,2406636.00,423,F1,1,,,,,
2026-10-05,2026-10-05,CM,BSE,STK,500414,INE064A01026,TIMEX,B,,,,,TIMEX GROUP INDIA LTD.,727.30,744.50,724.55,735.50,735.50,730.70,,734.69,,,48732,35787233.00,2593,F1,1,,,,,
2026-10-05,2026-10-05,CM,BSE,STK,500420,INE685A01028,TORNTPHARM,A,,,,,TORRENT PHARMACEUTICALS LTD.,4755.65,4793.55,4708.85,4755.15,4755.15,4761.95,,4771.98,,,4569,21687384.00,1815,F1,1,,,,,
2026-10-05,2026-10-05,CM,BSE,STK,500421,INE578C01021,TPINDIA,XT,,,,,TPI INDIA LTD.,17.99,19.00,17.55,18.85,19.00,18.14,,18.85,,,164370,3074187.00,40,F1,1,,,,,
2026-10-05,2026-10-05,CM,BSE,STK,500422,INE019B01010,TRANSCHEM,XT,,,,,TRANSCHEM LTD.,412.00,420.50,404.00,411.30,404.00,415.15,,411.30,,,2746,1132833.00,117,F1,1,,,,,
2026-10-05,2026-10-05,CM,BSE,STK,500425,INE079A01024,AMBUJACEM,A,,,,,AMBUJA CEMENTS LTD.,364.95,368.80,361.10,368.00,368.00,363.00,,366.52,,,126524,46063033.00,3360,F1,1,,,,,
2026-10-05,2026-10-05,CM,BSE,STK,500426,INE184E01024,UTLINDS,X,,,,,UTL INDUSTRIES LIMITED,1.40,1.41,1.40,1.41,1.41,1.40,,1.41,,,11016,15523.00,13,F1,1,,,,,
2026-10-05,2026-10-05,CM,BSE,STK,500429,INE037A01022,UNIENTER,B,,,,,UNIPHOS ENTERPRISES LTD.,88.00,88.00,85.61,85.61,85.61,86.73,,86.17,,,126,10976.00,8,F1,1,,,,,
2026-10-05,2026-10-05,CM,BSE,STK,500439,INE701A01023,VHL,B,,,,,VARDHMAN HOLDINGS LTD.,3474.00,3521.00,3400.00,3478.55,3464.25,3390.00,,3515.81,,,87,298441.00,28,F1,1,,,,,
2026-10-05,2026-10-05,CM,BSE,STK,500440,INE038A01020,HINDALCO,A,,,,,HINDALCO INDUSTRIES LTD.,954.00,954.00,931.30,940.00,940.00,944.40,,938.41,,,171477,160868990.00,5203,F1,1,,,,,
2026-10-05,2026-10-05,CM,BSE,STK,500444,INE976A01021,WSTCSTPAPR,B,,,,,West Coast Paper Mills Limited,710.00,735.95,710.00,717.20,715.15,728.75,,717.75,,,6077,4391655.00,472,F1,1,,,,,
2026-10-05,2026-10-05,CM,BSE,STK,500449,INE048A01011,HOCL,T,,,,,HINDUSTAN ORGANIC CHEMICALS LT,51.78,53.45,50.40,51.18,51.10,52.84,,51.18,,,84404,4354995.00,368,F1,1,,,,,
2026-10-05,2026-10-05,CM,BSE,STK,500450,INE844C01027,MPILCORPL,XT,,,,,MPIL CORPORATION LTD.,417.05,459.65,417.05,459.65,459.65,439.00,,459.65,,,49,20478.00,4,F1,1,,,,,
2026-10-05,2026-10-05,CM,BSE,STK,500456,INE818B01023,PASUPTAC,B,,,,,PASUPATI ACRYLON LTD.,71.00,71.01,67.00,67.76,67.00,69.59,,67.54,,,21105,1455536.00,297,F1,1,,,,,
2026-10-05,2026-10-05,CM,BSE,STK,500458,INE601A01017,TEAM24,X,,,,,TEAM24 CONSUMER PRODUCTS LIMIT,27.24,29.45,26.20,26.24,26.20,27.37,,26.24,,,192,5294.00,9,F1,1,,,,,
2026-10-05,2026-10-05,CM,BSE,STK,500459,INE179A01014,PGHH,A,,,,,PROCTER & GAMBLE HYGIENE & HEA,6621.90,6799.95,6609.90,6764.45,6764.45,6647.85,,6767.81,,,1349,9033095.00,490,F1,1,,,,,
2026-10-05,2026-10-05,CM,BSE,STK,500460,INE304A01026,MUKANDLTD,B,,,,,MUKAND LTD.,174.05,189.80,174.00,182.60,182.60,172.85,,182.24,,,145660,26901960.00,1601,F1,1,,,,,
2026-10-05,2026-10-05,CM,BSE,STK,500463,INE676A01027,BBOX,A,,,,,BLACK BOX LIMITED,800.00,823.20,795.10,812.35,810.70,796.75,,812.48,,,55779,45261691.00,1611,F1,1,,,,,
2026-10-05,2026-10-05,CM,BSE,STK,500464,INE139B01016,UCAL,T,,,,,UCAL LIMITED,142.00,142.90,138.05,138.15,138.05,138.00,,137.44,,,49,6893.00,6,F1,1,,,,,
2026-10-05,2026-10-05,CM,BSE,STK,500467,INE544A01019,HARRMALAYA,B,,,,,HARRISONS MALAYALAM LTD.,177.45,177.45,173.60,174.00,174.00,179.00,,173.01,,,63,11063.00,6,F1,1,,,,,
2026-10-05,2026-10-05,CM,BSE,STK,500469,INE171A01029,FEDERALBNK,A,,,,,FEDERAL BANK LTD.,322.10,328.30,319.05,327.60,327.60,316.55,,327.35,,,265003,86113479.00,7280,F1,1,,,,,
2026-10-05,2026-10-05,CM,BSE,STK,500470,INE081A01020,TATASTEEL,A,,,,,TATA STEEL LTD.,179.10,181.30,177.05,178.00,178.00,179.10,,178.14,,,1192664,213390143.00,17744,F1,1,,,,,
2026-10-05,2026-10-05,CM,BSE,STK,500472,INE640A01023,SKFINDIA,A,,,,,SKF INDIA LIMITED,1428.15,1453.55,1428.15,1444.60,1446.00,1451.35,,1445.87,,,1657,2390327.00,362,F1,1,,,,,
2026-10-05,2026-10-05,CM,BSE,STK,500477,INE208A01029,ASHOKLEY,A,,,,,ASHOK LEYLAND LTD.,151.05,153.60,151.05,153.00,153.00,150.95,,152.61,,,611329,93168396.00,7628,F1,1,,,,,
2026-10-05,2026-10-05,CM,BSE,STK,500480,INE298A01020,CUMMINSIND,A,,,,,CUMMINS INDIA LTD.,4899.60,4899.60,4795.00,4828.10,4837.50,4859.65,,4832.30,,,100345,484714767.00,4102,F1,1,,,,,
2026-10-05,2026-10-05,CM,BSE,STK,500483,INE151A01013,TATACOMM,A,,,,,TATA COMMUNICATIONS LTD.,1671.55,1699.70,1649.00,1676.45,1669.25,1685.50,,1677.17,,,7019,11678448.00,631,F1,1,,,,,
2026-10-05,2026-10-05,CM,BSE,STK,500488,INE358A01014,ABBOTINDIA,A,,,,,ABBOTT INDIA LTD.,26819.35,26822.30,26035.00,26310.45,26348.05,26832.10,,26247.96,,,469,12342522.00,200,F1,1,,,,,
2026-10-05,2026-10-05,CM,BSE,STK,500490,INE118A01012,BAJAJHLDNG,A,,,,,BAJAJ HOLDINGS & INVESTMENT LT,10560.10,10890.00,10560.10,10620.25,10660.75,10537.75,,10732.00,,,1237,13316158.00,445,F1,1,,,,,
2026-10-05,2026-10-05,CM,BSE,STK,500493,INE465A01025,BHARATFORG,A,,,,,BHARAT FORGE LTD.,1867.00,1873.00,1816.80,1830.70,1830.70,1866.10,,1833.00,,,20973,38662619.00,3098,F1,1,,,,,
2026-10-05,2026-10-05,CM,BSE,STK,500495,INE042A01014,ESCORTS,A,,,,,Escorts Kubota Limited,2674.30,2880.00,2666.00,2823.55,2823.80,2665.10,,2821.03,,,11690,32610965.00,1442,F1,1,,,,,
2026-10-05,2026-10-05,CM,BSE,STK,500500,INE253A01025,HINDMOTORS,X,,,,,HINDUSTAN MOTORS LTD.,15.10,15.55,15.00,15.10,15.10,14.81,,15.10,,,224144,3408328.00,1103,F1,1,,,,,
2026-10-05,2026-10-05,CM,BSE,STK,500510,INE018A01030,LT,A,,,,,LARSEN & TOUBRO LTD.,3736.95,3744.90,3708.05,3740.00,3740.00,3685.50,,3749.90,,,115806,431598808.00,6824,F1,1,,,,,
2026-10-05,2026-10-05,CM,BSE,STK,500520,INE101A01026,M&M,A,,,,,MAHINDRA & MAHINDRA LTD.,2880.00,2880.00,2825.00,2870.00,2870.00,2851.05,,2857.62,,,309859,882123629.00,5672,F1,1,,,,,
2026-10-05,2026-10-05,CM,BSE,STK,500530,INE323A01026,BOSCHLTD,A,,,,,BOSCH LTD.,45599.85,46014.50,44614.85,44750.00,44750.00,45599.85,,44959.39,,,1414,63739621.00,677,F1,1,,,,,
2026-10-05,2026-10-05,CM,BSE,STK,500540,INE342A01018,PREMIER,T,,,,,PREMIER LTD.,2.80,2.80,2.60,2.70,2.70,2.69,,2.52,,,3502,9242.00,19,F1,1,,,,,
2026-10-05,2026-10-05,CM,BSE,STK,500547,INE029A01011,BPCL,A,,,,,BHARAT PETROLEUM CORPORATION L,301.15,306.45,294.35,296.50,296.50,301.00,,296.94,,,203034,60788326.00,4614,F1,1,,,,,
2026-10-05,2026-10-05,CM,BSE,STK,500550,INE003A01024,SIEMENS,A,,,,,SIEMENS LTD.,3810.00,3840.00,3702.75,3707.40,3707.40,3790.00,,3701.10,,,5235,19736330.00,1706,F1,1,,,,,
2026-10-05,2026-10-05,CM,BSE,STK,500570,INE155A01022,TMPV,A,,,,,TATA MOTORS PASSENGER VEHICLES,280.00,289.75,278.95,288.35,288.35,280.00,,288.63,,,1207866,344603978.00,18470,F1,1,,,,,
2026-10-05,2026-10-05,CM,BSE,STK,500575,INE226A01021,VOLTAS,A,,,,,VOLTAS LTD.,1054.00,1071.60,1052.80,1059.00,1059.00,1054.00,,1061.26,,,22679,24035058.00,2380,F1,1,,,,,
2026-10-05,2026-10-05,CM,BSE,STK,500620,INE017A01032,GESHIP,A,,,,,GREAT EASTERN SHIPPING CO.LTD.,1530.60,1569.30,1522.05,1559.10,1559.10,1530.25,,1559.29,,,31290,48721677.00,1878,F1,1,,,,,
2026-10-05,2026-10-05,CM,BSE,STK,500645,INE501A01019,DEEPAKFERT,A,,,,,DEEPAK FERTILISERS & PETROCHEM,1299.10,1322.15,1291.45,1295.80,1295.15,1301.40,,1297.56,,,12287,15966644.00,885,F1,1,,,,,
2026-10-05,2026-10-05,CM,BSE,STK,500650,INE369A01029,EXCELINDUS,B,,,,,EXCEL INDUSTRIES LTD.,929.70,929.70,899.20,914.40,912.95,921.75,,912.97,,,326,298171.00,102,F1,1,,,,,
2026-10-05,2026-10-05,CM,BSE,STK,500655,INE291A01017,GRWRHITECH,A,,,,,GARWARE HI-TECH FILMS LIMITED,6999.15,6999.15,6676.10,6727.05,6704.25,6920.70,,6725.52,,,1259,8538351.00,287,F1,1,,,,,
2026-10-05,2026-10-05,CM,BSE,STK,500660,INE159A01016,GLAXO,A,,,,,GLAXOSMITHKLINE PHARMACEUTICAL,2770.00,2785.30,2720.00,2734.25,2734.25,2774.50,,2732.88,,,2836,7796292.00,646,F1,1,,,,,
2026-10-05,2026-10-05,CM,BSE,STK,500670,INE113A01013,GNFC,A,,,,,GUJARAT NARMADA VALLEY FERTILI,593.65,600.00,582.00,586.65,586.65,589.50,,586.31,,,18115,10707974.00,768,F1,1,,,,,
2026-10-05,2026-10-05,CM,BSE,STK,500672,INE234A01025,NOVARTIND,B,,,,,NOVARTIS INDIA LTD.,2006.00,2164.60,1961.65,1966.70,1966.70,1967.85,,1967.77,,,18619,39327123.00,1264,F1,1,,,,,
2026-10-05,2026-10-05,CM,BSE,STK,500674,INE058A01010,SANOFI,A,,,,,SANOFI INDIA LTD,3045.00,3068.10,3018.00,3025.30,3033.00,3031.55,,3024.23,,,737,2234894.00,191,F1,1,,,,,
2026-10-05,2026-10-05,CM,BSE,STK,500680,INE182A01018,PFIZER,A,,,,,PFIZER LTD.,3840.25,3871.45,3814.00,3839.90,3847.55,3855.05,,3842.11,,,2077,7964572.00,326,F1,1,,,,,
2026-10-05,2026-10-05,CM,BSE,STK,500690,INE026A01025,GSFC,A,,,,,GUJARAT STATE FERTILIZERS & CH,147.35,150.20,146.60,147.05,146.60,147.05,,147.25,,,33691,4996689.00,664,F1,1,,,,,
2026-10-05,2026-10-05,CM,BSE,STK,500696,INE030A01027,HINDUNILVR,A,,,,,HINDUSTAN UNILEVER LTD.,1842.10,1849.00,1827.10,1840.00,1840.00,1841.00,,1838.42,,,187717,343843281.00,6316,F1,1,,,,,
2026-10-05,2026-10-05,CM,BSE,STK,500710,INE133A01011,JSWDULUX,A,,,,,JSW Dulux Limited,3050.05,3086.95,2927.70,2962.40,2976.75,3020.75,,2964.74,,,4083,12133035.00,764,F1,1,,,,,
2026-10-05,2026-10-05,CM,BSE,STK,500730,INE163A01018,NOCIL,B,,,,,NOCIL LTD.,172.05,172.05,165.00,165.80,165.80,168.65,,165.83,,,24532,4097749.00,472,F1,1,,,,,
2026-10-05,2026-10-05,CM,BSE,STK,500770,INE092A01019,TATACHEM,A,,,,,TATA CHEMICALS LTD.,604.25,629.75,603.80,616.95,617.75,607.90,,617.38,,,97113,59817232.00,2959,F1,1,,,,,
2026-10-05,2026-10-05,CM,BSE,STK,500777,INE148A01019,TNPETRO,B,,,,,TAMILNADU PETROPRODUCTS LTD.,120.90,127.55,120.90,122.75,123.05,123.20,,122.75,,,40945,5142665.00,607,F1,1,,,,,
2026-10-05,2026-10-05,CM,BSE,STK,500780,INE217A01012,ZUARIIND,B,,,,,Zuari Industries Limited,284.20,290.90,280.75,284.80,280.75,282.10,,284.10,,,3886,1115483.00,175,F1,1,,,,,
2026-10-05,2026-10-05,CM,BSE,STK,500790,INE239A01024,NESTLEIND,A,,,,,NESTLE INDIA LTD.,1303.85,1311.40,1293.65,1298.30,1298.30,1303.80,,1297.10,,,92974,121098889.00,2040,F1,1,,,,,
2026-10-05,2026-10-05,CM,BSE,STK,500800,INE192A01025,TATACONSUM,A,,,,,TATA CONSUMER PRODUCTS LIMITED,954.00,961.70,945.00,954.30,954.30,949.00,,953.75,,,23480,22323001.00,1449,F1,1,,,,,
2026-10-05,2026-10-05,CM,BSE,STK,500820,INE021A01026,ASIANPAINT,A,,,,,ASIAN PAINTS LTD.,2406.25,2406.85,2336.00,2371.85,2371.85,2406.25,,2366.01,,,421131,989686331.00,2959,F1,1,,,,,
2026-10-05,2026-10-05,CM,BSE,STK,500825,INE216A01030,BRITANNIA,A,,,,,BRITANNIA INDUSTRIES LTD.,4775.00,4811.75,4736.00,4780.00,4780.00,4794.85,,4770.02,,,146861,701192619.00,1901,F1,1,,,,,
2026-10-05,2026-10-05,CM,BSE,STK,500830,INE259A01022,COLPAL,A,,,,,COLGATE-PALMOLIVE (INDIA) LTD.,1759.25,1774.50,1740.00,1764.50,1764.50,1735.00,,1774.99,,,8871,15544336.00,1278,F1,1,,,,,
2026-10-05,2026-10-05,CM,BSE,STK,500840,INE230A01023,EIHOTEL,A,,,,,EIH LTD.,297.50,300.05,294.45,298.35,297.75,298.00,,298.30,,,19745,5846053.00,905,F1,1,,,,,
2026-10-05,2026-10-05,CM,BSE,STK,500850,INE053A01029,INDHOTEL,A,,,,,THE INDIAN HOTELS COMPANY LTD,723.30,726.45,715.00,725.00,725.00,716.15,,725.00,,,126768,91516135.00,7525,F1,1,,,,,
2026-10-05,2026-10-05,CM,BSE,STK,500870,INE172A01027,CASTROLIND,A,,,,,CASTROL INDIA LTD.,199.30,201.05,197.60,199.55,199.55,199.00,,199.51,,,76316,15227060.00,1979,F1,1,,,,,
2026-10-05,2026-10-05,CM,BSE,STK,500875,INE154A01025,ITC,A,,,,,ITC LTD.,259.95,269.80,259.30,268.55,268.55,257.00,,268.88,,,29170360,7670232060.00,32255,F1,1,,,,,
2026-10-05,2026-10-05,CM,BSE,STK,500877,INE438A01022,APOLLOTYRE,A,,,,,APOLLO TYRES LTD.,404.00,406.55,399.60,401.55,401.55,405.45,,401.60,,,33062,13305328.00,1511,F1,1,,,,,
2026-10-05,2026-10-05,CM,BSE,STK,500878,INE482A01020,CEATLTD,A,,,,,CEAT LTD.,3272.25,3314.90,3245.00,3285.15,3290.00,3287.05,,3283.21,,,3155,10327737.00,588,F1,1,,,,,
2026-10-05,2026-10-05,CM,BSE,STK,500890,INE832A01018,MODIRUBBER,B,,,,,MODI RUBBER LTD.,118.50,121.80,118.50,121.70,121.70,120.00,,121.85,,,9,1076.00,5,F1,1,,,,,
2026-10-05,2026-10-05,CM,BSE,STK,500940,INE183A01024,FINPIPE,A,,,,,FINOLEX INDUSTRIES LTD.,150.60,151.70,148.20,149.50,149.50,150.50,,149.34,,,37896,5660213.00,778,F1,1,,,,,
2026-10-05,2026-10-05,CM,BSE,STK,501144,INE644U01015,PEOPLIN,XT,,,,,PEOPLES INVESTMENTS LTD.,224.05,224.05,224.05,224.05,224.05,235.80,,224.05,,,10,2240.00,1,F1,1,,,,,
2026-10-05,2026-10-05,CM,BSE,STK,501148,INE422D01012,DSINVEST,XT,,,,,DALAL STREET INVESTMENTS LTD.,365.00,365.00,365.00,365.00,365.00,368.50,,365.00,,,1,365.00,1,F1,1,,,,,
2026-10-05,2026-10-05,CM,BSE,STK,501150,INE660C01027,CENTRUM,B,,,,,CENTRUM CAPITAL LTD.,20.45,20.46,19.40,19.72,19.94,19.96,,19.70,,,10094,199752.00,153,F1,1,,,,,
2026-10-05,2026-10-05,CM,BSE,STK,501151,INE524U01019,KARTKIN,XT,,,,,KARTIK INVESTMENTS TRUST LTD.,6651.00,6750.00,6650.00,6750.00,6750.00,7000.00,,6750.00,,,8,53302.00,4,F1,1,,,,,
2026-10-05,2026-10-05,CM,BSE,STK,501242,INE911B01018,TCIFINANCE,B,,,,,TCI FINANCE LTD.,13.96,14.50,13.96,14.50,14.50,14.50,,14.30,,,436,6214.00,6,F1,1,,,,,
2026-10-05,2026-10-05,CM,BSE,STK,501261,INE567L01025,LORDSMARK,XT,,,,,Lords Mark Industries Limited,80.00,82.74,80.00,81.47,81.47,79.43,,81.47,,,1766805,144276652.00,1415,F1,1,,,,,
2026-10-05,2026-10-05,CM,BSE,STK,501270,INE825M01017,ANTARIKSH,XT,,,,,ANTARIKSH INDUSTRIES LIMITED,19.65,19.65,19.65,19.65,19.65,19.27,,19.65,,,1,19.00,1,F1,1,,,,,
2026-10-05,2026-10-05,CM,BSE,STK,501295,INE886A01014,IITL,B,,,,,INDUSTRIAL INVESTMENT TRUST LT,138.00,138.00,129.30,129.85,130.50,131.25,,129.40,,,11085,1456120.00,200,F1,1,,,,,
2026-10-05,2026-10-05,CM,BSE,STK,501301,INE672A01026,TATAINVEST,A,,,,,TATA INVESTMENT CORPORATION LT,617.30,628.75,614.45,621.35,621.35,615.25,,621.72,,,49128,30464165.00,1761,F1,1,,,,,
2026-10-05,2026-10-05,CM,BSE,STK,501311,INE998D01011,JAYBHCR,X,,,,,JAYABHARAT CREDIT LTD.,14.00,14.00,13.31,13.31,13.31,14.00,,13.31,,,244,3276.00,3,F1,1,,,,,
2026-10-05,2026-10-05,CM,BSE,STK,501314,INE286N01028,PRISMX,B,,,,,PRISMX GLOBAL VENTURES LIMITED,0.51,0.52,0.50,0.51,0.51,0.52,,0.51,,,108108,54684.00,49,F1,1,,,,,
2026-10-05,2026-10-05,CM,BSE,STK,501343,INE861B01023,MOTOGENFIN,B,,,,,MOTOR & GENERAL FINANCE LTD.,24.74,25.86,24.50,24.51,24.51,25.24,,24.53,,,585,14631.00,12,F1,1,,,,,
2026-10-05,2026-10-05,CM,BSE,STK,501351,INE154M01012,RAPIDIN,X,,,,,RAPID INVESTMENTS LTD.,83.64,83.64,81.90,82.00,82.00,82.00,,82.00,,,87,7129.00,5,F1,1,,,,,
2026-10-05,2026-10-05,CM,BSE,STK,501370,INE695D01021,WALCHPF,X,,,,,WALCHAND PEOPLEFIRST LTD.,128.00,129.70,121.50,128.00,128.00,128.00,,128.00,,,171,21432.00,6,F1,1,,,,,
2026-10-05,2026-10-05,CM,BSE,STK,501391,INE855A01019,WHBRADY,B,,,,,W.H.BRADY & CO.LTD.,491.75,494.20,452.60,460.65,452.60,494.20,,464.14,,,28,13688.00,6,F1,1,,,,,
2026-10-05,2026-10-05,CM,BSE,STK,501421,INE314H01012,TECHNVISN,B,,,,,TechNVision Ventures Limited,3733.10,3855.00,3489.45,3836.25,3855.00,3673.10,,3824.63,,,493,1737489.00,92,F1,1,,,,,
2026-10-05,2026-10-05,CM,BSE,STK,501423,INE151G01028,SHAILY,A,,,,,SHAILY ENGINEERING PLASTICS LT,3016.00,3073.40,2980.00,3010.15,3010.15,3010.95,,3012.67,,,7583,22947593.00,1047,F1,1,,,,,
2026-10-05,2026-10-05,CM,BSE,STK,501425,INE050A01025,BBTC,A,,,,,The Bombay Burmah Trading Corp,1334.15,1335.75,1301.00,1305.50,1305.50,1334.15,,1304.55,,,2368,3104465.00,351,F1,1,,,,,
2026-10-05,2026-10-05,CM,BSE,STK,501430,INE691K01017,BOMBCYC,X,,,,,BOMBAY CYCLE & MOTOR AGENCY LT,1525.60,1525.60,1525.60,1525.60,1525.60,1520.00,,1525.60,,,17,25935.00,4,F1,1,,,,,
2026-10-05,2026-10-05,CM,BSE,STK,501455,INE224A01026,GREAVESCOT,A,,,,,GREAVES COTTON LTD.,224.40,228.60,219.00,221.00,220.05,226.10,,220.94,,,87158,19476713.00,1826,F1,1,,,,,
2026-10-05,2026-10-05,CM,BSE,STK,501479,INE02ZA01012,SFTL,P,,,,,SPRINGFORM TECHNOLOGY LIMITED,11.57,11.57,11.57,11.57,11.57,11.02,,11.57,,,50,578.00,1,F1,50,,,,,
2026-10-05,2026-10-05,CM,BSE,STK,501622,INE492N01022,AMALGAM,XT,,,,,AMALGAMATED ELECTRICITY CO.LTD,133.20,133.20,133.20,133.20,133.20,134.50,,133.20,,,15,1998.00,6,F1,1,,,,,
2026-10-05,2026-10-05,CM,BSE,STK,501700,INE131H01028,INDIANVSH,X,,,,,INDIANIVESH LTD.,6.72,6.72,6.70,6.70,6.70,6.72,,6.70,,,4701,31566.00,15,F1,1,,,,,
2026-10-05,2026-10-05,CM,BSE,STK,501831,INE377E01024,COASTCORP,B,,,,,COASTAL CORPORATION LTD.,36.00,36.48,35.50,35.86,35.51,35.84,,35.68,,,3166,112909.00,152,F1,1,,,,,
2026-10-05,2026-10-05,CM,BSE,STK,501833,INE490A01015,CHOWGULSTM,X,,,,,CHOWGULE STEAMSHIPS LTD.,19.31,21.88,19.31,20.05,20.05,20.29,,20.05,,,2317,47889.00,52,F1,1,,,,,
2026-10-05,2026-10-05,CM,BSE,STK,501848,INE446C01013,GARWAOFFS,X,,,,,GARWARE OFFSHORE SERVICES LIMI,41.50,41.50,38.50,40.56,40.75,40.16,,40.56,,,19654,788354.00,121,F1,1,,,,,
2026-10-05,2026-10-05,CM,BSE,STK,501945,INE758D01027,DHENUBUILD,Z,,,,,DHENU BUILDCON INFRA LTD.,5.38,5.88,5.38,5.38,5.65,5.66,,5.38,,,23261,127542.00,158,F1,1,,,,,
2026-10-05,2026-10-05,CM,BSE,STK,502015,INE443A01030,ASIIL,X,,,,,ASI INDUSTRIES LIMITED,22.90,23.50,21.30,22.22,22.22,22.67,,22.22,,,35266,781997.00,155,F1,1,,,,,
2026-10-05,2026-10-05,CM,BSE,STK,502090,INE229C01021,SAGCEM,B,,,,,SAGAR CEMENTS LTD.,150.40,152.75,147.00,148.00,149.10,150.40,,148.64,,,1760,262795.00,192,F1,1,,,,,
2026-10-05,2026-10-05,CM,BSE,STK,502137,INE583C01021,DECCANCE,B,,,,,DECCAN CEMENTS LTD.,552.75,557.00,542.80,552.55,548.65,548.85,,552.05,,,66,36316.00,24,F1,1,,,,,
2026-10-05,2026-10-05,CM,BSE,STK,502157,INE347A01017,MANGLMCEM,B,,,,,MANGALAM CEMENT LTD.,990.95,1005.00,974.25,991.95,986.60,984.90,,990.80,,,1185,1168001.00,146,F1,1,,,,,
2026-10-05,2026-10-05,CM,BSE,STK,502168,INE732C01016,NCLIND,B,,,,,NCL INDUSTRIES LTD.,184.55,184.55,167.75,169.70,169.85,170.80,,169.02,,,2712,461714.00,78,F1,1,,,,,
2026-10-05,2026-10-05,CM,BSE,STK,502175,INE626A01014,SAURASHCEM,B,,,,,SAURASHTRA CEMENT LTD.,53.10,53.87,51.00,51.63,51.00,53.31,,51.41,,,3446,179222.00,86,F1,1,,,,,
2026-10-05,2026-10-05,CM,BSE,STK,502180,INE232A01011,SHREDIGCEM,B,,,,,SHREE DIGVIJAY CEMENT CO.LTD.,66.50,67.10,65.11,66.57,66.69,66.72,,66.34,,,5920,392350.00,146,F1,1,,,,,
2026-10-05,2026-10-05,CM,BSE,STK,502219,INE666D01022,BORORENEW,A,,,,,BOROSIL RENEWABLES LIMITED,455.00,459.55,440.85,442.40,444.80,450.20,,442.69,,,23574,10561798.00,966,F1,1,,,,,
2026-10-05,2026-10-05,CM,BSE,STK,502271,INE858D01017,RASSIREF,XT,,,,,RAASI REFRACTORIES LTD.,19.00,19.40,18.50,18.50,18.50,19.00,,18.50,,,815,15266.00,8,F1,1,,,,,
2026-10-05,2026-10-05,CM,BSE,STK,502281,INE094C01011,TRIVENIGQ,XT,,,,,TRIVENI GLASS LTD.,7.30,7.30,7.16,7.16,7.16,7.30,,7.16,,,2016,14716.00,6,F1,1,,,,,
2026-10-05,2026-10-05,CM,BSE,STK,502294,INE416N01013,NILACHAL,X,,,,,NILACHAL REFRACTORIES LTD.,37.70,37.99,37.70,37.90,37.90,37.75,,37.90,,,4,151.00,4,F1,1,,,,,
2026-10-05,2026-10-05,CM,BSE,STK,502330,INE435A01051,ANDHRAPAP,B,,,,,ANDHRA PAPER LIMITED,74.56,74.57,69.65,69.80,69.99,71.35,,69.94,,,8280,592464.00,192,F1,1,,,,,
2026-10-05,2026-10-05,CM,BSE,STK,502355,INE787D01026,BALKRISIND,A,,,,,BALKRISHNA INDUSTRIES LTD.,2085.00,2092.50,2062.05,2067.10,2067.10,2081.80,,2066.52,,,2317,4805901.00,543,F1,1,,,,,
2026-10-05,2026-10-05,CM,BSE,STK,502420,INE592A01026,ORIENTPPR,B,,,,,ORIENT PAPER & INDUSTRIES LTD.,16.25,16.46,15.96,16.22,16.22,16.19,,16.17,,,10227,165461.00,36,F1,1,,,,,
2026-10-05,2026-10-05,CM,BSE,STK,502445,INE906D01014,CITADEL,X,,,,,CITADEL REALTY AND DEVELOPERS,35.79,35.79,31.61,32.41,32.40,33.11,,32.41,,,1340,45439.00,26,F1,1,,,,,
2026-10-05,2026-10-05,CM,BSE,STK,502448,INE927A01040,ROLLT,T,,,,,ROLLATAINERS LTD.,4.90,4.95,4.51,4.95,4.95,4.72,,4.97,,,65063,313418.00,76,F1,1,,,,,
2026-10-05,2026-10-05,CM,BSE,STK,502450,INE630A01024,SESHAPAPER,B,,,,,SESHASAYEE PAPER & BOARDS LTD.,260.00,260.00,233.00,237.70,239.65,239.55,,235.34,,,24331,5767622.00,341,F1,1,,,,,
2026-10-05,2026-10-05,CM,BSE,STK,502587,INE777A01023,NATHIND,X,,,,,NATH INDUSTRIES LIMITED,51.40,57.95,50.65,51.11,51.00,50.00,,51.11,,,2401,124723.00,43,F1,1,,,,,
2026-10-05,2026-10-05,CM,BSE,STK,502589,INE464D01014,VAPIENTER,XT,,,,,VAPI ENTERPRISE LIMITED,116.85,116.85,116.85,116.85,116.85,123.00,,116.85,,,100,11685.00,1,F1,1,,,,,
2026-10-05,2026-10-05,CM,BSE,STK,502820,INE498A01018,DCM,B,,,,,DCM LTD.,68.35,75.00,68.35,72.55,72.53,73.15,,72.70,,,1084,78832.00,58,F1,1,,,,,
2026-10-05,2026-10-05,CM,BSE,STK,502865,INE518A01013,FORBESCO,X,,,,,FORBES & COMPANY LTD.,297.30,297.30,265.00,275.20,275.20,289.35,,275.20,,,13174,3641522.00,268,F1,1,,,,,
2026-10-05,2026-10-05,CM,BSE,STK,502873,INE950C01014,HPCOTTON,X,,,,,H.P.COTTON TEXTILE MILLS LTD.,86.50,89.90,86.03,86.03,86.03,86.03,,86.03,,,1006,87040.00,9,F1,1,,,,,
2026-10-05,2026-10-05,CM,BSE,STK,502893,INE706D01018,UNITEDINT,X,,,,,UNITED INTERACTIVE LTD.,61.21,65.00,61.21,65.00,65.00,62.78,,65.00,,,63,4056.00,4,F1,1,,,,,
2026-10-05,2026-10-05,CM,BSE,STK,502901,INE462D01034,JAMSHRI,X,,,,,JAMSHRI REALTY LIMITED,73.36,79.90,73.00,74.71,74.50,73.36,,74.71,,,519,38220.00,28,F1,1,,,,,
2026-10-05,2026-10-05,CM,BSE,STK,502937,INE087A01019,KESORAMIND,A,,,,,KESORAM INDUSTRIES LTD.,10.80,11.11,10.08,10.21,10.32,10.59,,10.25,,,135923,1398932.00,335,F1,1,,,,,
2026-10-05,2026-10-05,CM,BSE,STK,502958,INE938C01019,LAKSHMIMIL,B,,,,,LAKSHMI MILLS COMPANY LTD.,7885.70,7919.00,7662.00,7888.85,7888.85,7885.70,,7871.93,,,18,141704.00,10,F1,1,,,,,
2026-10-05,2026-10-05,CM,BSE,STK,502986,INE825A01020,VTL,A,,,,,VARDHMAN TEXTILES LTD.,531.35,538.00,527.65,528.95,530.00,529.75,,529.79,,,9187,4888685.00,407,F1,1,,,,,
2026-10-05,2026-10-05,CM,BSE,STK,503031,INE138A01028,PENINLAND,B,,,,,PENINSULA LAND LTD.,15.30,15.30,14.31,14.69,14.70,14.58,,14.53,,,14128,205956.00,64,F1,1,,,,,
2026-10-05,2026-10-05,CM,BSE,STK,503092,INE909B01020,PASUSPG,X,,,,,PASUPATI SPG.& WVG.MILLS LTD.,37.33,37.33,35.30,35.30,35.30,37.15,,35.30,,,270,9658.00,8,F1,1,,,,,
2026-10-05,2026-10-05,CM,BSE,STK,503100,INE211B01039,PHOENIXLTD,A,,,,,THE PHOENIX MILLS LTD,1927.85,1953.00,1900.00,1929.00,1929.00,1927.85,,1935.00,,,15267,29547039.00,1334,F1,1,,,,,
2026-10-05,2026-10-05,CM,BSE,STK,503101,INE182D01020,MARATHON,B,,,,,MARATHON NEXTGEN REALTY LTD.,360.00,389.00,360.00,379.45,376.30,389.05,,380.24,,,2028,772063.00,105,F1,1,,,,,
2026-10-05,2026-10-05,CM,BSE,STK,503162,INE750D01016,RELCHEMQ,B,,,,,RELIANCE CHEMOTEX INDUSTRIES L,114.00,115.00,112.15,115.00,115.00,113.45,,113.27,,,291,32820.00,39,F1,1,,,,,
2026-10-05,2026-10-05,CM,BSE,STK,503169,INE301D01026,RUBYMILLS,B,,,,,RUBY MILLS LTD.,501.00,501.05,486.00,494.40,494.40,495.80,,494.20,,,1536,757984.00,87,F1,1,,,,,
2026-10-05,2026-10-05,CM,BSE,STK,503310,INE665A01038,SWANCORP,A,,,,,Swan Corp Limited,278.85,278.85,262.15,262.80,262.80,272.45,,262.90,,,37528,10035632.00,990,F1,1,,,,,
2026-10-05,2026-10-05,CM,BSE,STK,503349,INE203D01016,VICTMILL,XT,,,,,VICTORIA MILLS LTD.,8454.00,8455.00,8067.00,8319.80,8300.00,8245.00,,8319.80,,,16,133700.00,11,F1,1,,,,,
2026-10-05,2026-10-05,CM,BSE,STK,503624,INE406N01014,ZSVARAJT,X,,,,,SVARAJ TRADING & AGENCIES LTD.,7.11,7.11,6.97,6.99,6.99,6.97,,6.99,,,206,1463.00,12,F1,1,,,,,
2026-10-05,2026-10-05,CM,BSE,STK,503635,INE315N01017,SALSAIN,XT,,,,,SHREE SALASAR INVESTMENT LTD.,368.80,368.80,364.80,364.80,364.80,365.00,,364.80,,,18,6632.00,3,F1,1,,,,,
2026-10-05,2026-10-05,CM,BSE,STK,503639,INE314N01028,APOLLOIN,XT,,,,,Apollo Ingredients Limited,88.69,88.69,88.69,88.69,88.69,86.96,,88.69,,,5390,478039.00,15,F1,1,,,,,
2026-10-05,2026-10-05,CM,BSE,STK,503641,INE945J01027,ZODIACVEN,X,,,,,ZODIAC VENTURES LIMITED,1.54,1.59,1.52,1.55,1.55,1.54,,1.55,,,143652,220223.00,137,F1,1,,,,,
2026-10-05,2026-10-05,CM,BSE,STK,503657,INE255E01030,VEERENRGY,X,,,,,VEER ENERGY & INFRASTRUCTURE L,13.25,13.31,12.60,12.96,13.19,12.76,,12.96,,,4606,59323.00,39,F1,1,,,,,
2026-10-05,2026-10-05,CM,BSE,STK,503659,INE948K01011,SW1,XT,,,,,SW INVESTMENTS LTD,182.85,190.25,182.85,190.25,190.25,186.55,,190.25,,,721,131990.00,2,F1,1,,,,,
2026-10-05,2026-10-05,CM,BSE,STK,503663,INE026L01022,TILAK,X,,,,,Tilak Ventures Limited,1.28,1.28,1.24,1.26,1.26,1.26,,1.26,,,696589,875751.00,630,F1,1,,,,,
2026-10-05,2026-10-05,CM,BSE,STK,503675,INE786K01023,WAGEND,X,,,,,WAGEND INFRA VENTURE LIMITED,1.24,1.24,1.18,1.20,1.20,1.25,,1.20,,,96728,119430.00,27,F1,1,,,,,
2026-10-05,2026-10-05,CM,BSE,STK,503681,INE927X01018,ELCIDIN,B,,,,,ELCID INVESTMENTS LTD.,103499.95,103499.95,101000.05,101000.05,101000.05,102000.00,,102000.00,,,4,408990.00,4,F1,1,,,,,
2026-10-05,2026-10-05,CM,BSE,STK,503685,INE828I01019,MEDIAONE,Z,,,,,MEDIAONE GLOBAL ENTERTAINMENT,14.20,14.20,12.90,13.97,13.97,13.57,,13.97,,,251,3261.00,11,F1,1,,,,,
2026-10-05,2026-10-05,CM,BSE,STK,503722,INE629D01020,BANSWRAS,B,,,,,BANSWARA SYNTEX LTD.,106.20,107.85,103.30,103.70,103.70,106.15,,102.93,,,282,29695.00,18,F1,1,,,,,
2026-10-05,2026-10-05,CM,BSE,STK,503776,INE170C01019,MODIPON,X,,,,,MODIPON LTD.,42.79,42.79,42.50,42.50,42.50,42.79,,42.50,,,1036,44069.00,13,F1,1,,,,,
2026-10-05,2026-10-05,CM,BSE,STK,503804,INE204C01024,SHRIDINE,X,,,,,SHRI DINESH MILLS LTD.,368.00,410.00,366.20,385.55,380.00,368.00,,385.55,,,1917,739546.00,93,F1,1,,,,,
2026-10-05,2026-10-05,CM,BSE,STK,503806,INE647A01010,SRF,A,,,,,SRF LTD.,2470.05,2495.25,2443.00,2455.00,2455.00,2490.00,,2459.97,,,5469,13450262.00,1275,F1,1,,,,,
2026-10-05,2026-10-05,CM,BSE,STK,503811,INE076B01028,SIYSIL,B,,,,,SIYARAM SILK MILLS LTD.,548.45,548.45,533.90,538.40,541.00,529.70,,540.12,,,624,334495.00,35,F1,1,,,,,
2026-10-05,2026-10-05,CM,BSE,STK,503816,INE243N01029,SWADPOL,X,,,,,SWADESHI POLYTEX LTD.,32.58,33.30,32.20,33.10,33.10,32.17,,33.10,,,903,29593.00,34,F1,1,,,,,
2026-10-05,2026-10-05,CM,BSE,STK,503837,INE796C01011,SHRAJSYNQ,X,,,,,SHREE RAJASTHAN SYNTEX LTD.,10.02,10.02,9.80,9.80,9.80,10.02,,9.80,,,2910,28678.00,10,F1,1,,,,,
2026-10-05,2026-10-05,CM,BSE,STK,503863,INE632A01012,SHRMFGC,X,,,,,SHREE MANUFACTURING CO.LTD.,9.01,9.01,8.56,8.56,8.56,9.01,,8.56,,,200,1712.00,3,F1,1,,,,,
2026-10-05,2026-10-05,CM,BSE,STK,503960,INE464A01036,BBL,B,,,,,BHARAT BIJLEE LTD.,2071.00,2106.85,2051.20,2057.05,2069.00,2069.60,,2058.75,,,1656,3438254.00,206,F1,1,,,,,
2026-10-05,2026-10-05,CM,BSE,STK,504000,INE579B01039,ELPROINTL,B,,,,,ELPRO INTERNATIONAL LTD.,172.55,175.00,172.50,174.80,174.85,174.25,,174.65,,,7669,1338118.00,52,F1,1,,,,,
2026-10-05,2026-10-05,CM,BSE,STK,504028,INE064H01021,GEE,XT,,,,,GEE LTD.,127.60,127.60,123.00,123.45,123.05,125.05,,123.45,,,29201,3664468.00,121,F1,1,,,,,
2026-10-05,2026-10-05,CM,BSE,STK,504036,INE835D01023,HIRECT,B,,,,,Hirect Limited,1107.05,1160.10,1097.90,1110.65,1110.00,1129.60,,1109.46,,,3146,3554093.00,472,F1,1,,,,,
2026-10-05,2026-10-05,CM,BSE,STK,504058,INE567A01028,NIPPOBATRY,B,,,,,INDO-NATIONAL LTD.,310.25,325.50,310.25,316.50,316.80,322.80,,318.49,,,129,40924.00,25,F1,1,,,,,
2026-10-05,2026-10-05,CM,BSE,STK,504067,INE520A01027,ZENSARTECH,A,,,,,ZENSAR TECHNOLOGIES LTD.,440.65,459.50,435.15,451.05,452.35,433.35,,451.47,,,180251,81129756.00,3541,F1,1,,,,,
2026-10-05,2026-10-05,CM,BSE,STK,504076,INE511D01012,JYOTI,X,,,,,JYOTI LTD.,59.45,59.89,58.00,58.55,58.10,57.67,,58.55,,,18800,1105801.00,148,F1,1,,,,,
2026-10-05,2026-10-05,CM,BSE,STK,504080,INE581L01018,JSLINDL,X,,,,,JSL INDUSTRIES LTD.,806.60,830.00,806.60,818.15,818.15,857.90,,818.15,,,17,13816.00,5,F1,1,,,,,
2026-10-05,2026-10-05,CM,BSE,STK,504084,INE813G01023,KAYCEEI,X,,,,,KAYCEE INDUSTRIES LTD.,850.00,850.00,718.00,724.30,723.60,809.50,,724.30,,,5691,4250308.00,512,F1,1,,,,,
2026-10-05,2026-10-05,CM,BSE,STK,504092,INE716F01012,INDOKEM,B,,,,,INDOKEM LTD.,602.35,602.85,589.00,589.20,589.00,602.15,,597.79,,,257,153410.00,27,F1,1,,,,,
2026-10-05,2026-10-05,CM,BSE,STK,504093,INE795A01017,PANAENERG,X,,,,,PANASONIC ENERGY INDIA COMPANY,239.40,243.00,238.10,238.15,238.10,239.40,,238.15,,,418,99977.00,53,F1,1,,,,,
2026-10-05,2026-10-05,CM,BSE,STK,504112,INE045B01015,NELCO,B,,,,,NELCO LTD.,903.00,913.55,880.00,886.30,889.20,889.00,,885.13,,,5780,5190733.00,370,F1,1,,,,,
2026-10-05,2026-10-05,CM,BSE,STK,504132,INE418E01018,PERMAGN,B,,,,,PERMANENT MAGNETS LTD.,865.00,885.05,840.15,850.45,849.65,856.95,,858.73,,,780,670468.00,94,F1,1,,,,,
2026-10-05,2026-10-05,CM,BSE,STK,504176,INE783E01023,HIGHENE,X,,,,,HIGH ENERGY BATTERIES (INDIA),587.90,587.90,566.10,569.40,566.10,572.05,,569.40,,,1510,868563.00,139,F1,1,,,,,
2026-10-05,2026-10-05,CM,BSE,STK,504180,INE502C01039,STDBAT,X,,,,,STANDARD BATTERIES LTD.,42.66,44.88,40.10,41.64,41.60,41.82,,41.64,,,2308,99260.00,64,F1,1,,,,,
2026-10-05,2026-10-05,CM,BSE,STK,504212,INE279A01012,UNIVCABLES,B,,,,,UNIVERSAL CABLES LTD.,1435.65,1535.00,1435.65,1519.85,1519.00,1451.85,,1520.18,,,7268,10966903.00,746,F1,1,,,,,
2026-10-05,2026-10-05,CM,BSE,STK,504220,INE100D01014,WSI,B,,,,,W.S.INDUSTRIES (INDIA) LTD.,54.11,54.11,50.50,50.50,50.50,53.05,,50.66,,,3524,182705.00,49,F1,1,,,,,
2026-10-05,2026-10-05,CM,BSE,STK,504240,INE872E01016,DLTNCBL,XT,,,,,DELTON CABLES LTD.,685.00,700.00,658.00,693.40,699.00,690.65,,693.40,,,2209,1506457.00,127,F1,1,,,,,
2026-10-05,2026-10-05,CM,BSE,STK,504258,INE284C01018,LAKSELEC,X,,,,,LAKSHMI ELECTRICAL CONTROL SYS,765.55,770.80,750.00,752.20,756.00,765.55,,752.20,,,220,166115.00,26,F1,1,,,,,
2026-10-05,2026-10-05,CM,BSE,STK,504273,INE064R01012,MODULEX,Z,,,,,MODULEX CONSTRUCTION TECHNOLOG,15.56,15.57,14.79,14.88,15.44,15.56,,14.88,,,24912,379222.00,36,F1,1,,,,,
2026-10-05,2026-10-05,CM,BSE,STK,504286,INE393A01011,DELTAMAGNT,B,,,,,DELTA MANUFACTURING LIMITED,58.44,58.44,56.56,56.56,56.56,53.14,,54.87,,,11,640.00,2,F1,1,,,,,
2026-10-05,2026-10-05,CM,BSE,STK,504340,INE180M01033,LONGSPUR,X,,,,,Longspur International Venture,8.58,8.58,7.86,8.00,8.00,8.22,,8.00,,,19273,154348.00,34,F1,1,,,,,
2026-10-05,2026-10-05,CM,BSE,STK,504341,INE206N01018,RELTD,B,,,,,RAVINDRA ENERGY LIMITED,143.10,148.00,138.90,144.00,142.45,146.75,,144.18,,,7355,1040712.00,258,F1,1,,,,,
2026-10-05,2026-10-05,CM,BSE,STK,504346,INE713N01013,RRP,X,,,,,RRP SEMICONDUCTOR LIMITED,8125.60,8125.60,8125.60,8125.60,8125.60,8207.65,,8125.60,,,19,154386.00,4,F1,1,,,,,
2026-10-05,2026-10-05,CM,BSE,STK,504351,INE507F01023,EMPOWER,B,,,,,EMPOWER INDIA LTD.,1.47,1.61,1.47,1.61,1.61,1.54,,1.61,,,8335894,12918600.00,1054,F1,1,,,,,
2026-10-05,2026-10-05,CM,BSE,STK,504356,INE017P01014,ZMULTIPU,X,,,,,MULTIPURPOSE TRADING & AGENCIE,8.32,8.32,7.76,7.86,7.86,8.16,,7.86,,,53,425.00,8,F1,1,,,,,
2026-10-05,2026-10-05,CM,BSE,STK,504369,INE927M01029,GRANDMA,XT,,,,,GRANDMA TRADING & AGENCIES LTD,0.51,0.51,0.50,0.50,0.50,0.51,,0.50,,,24033,12048.00,13,F1,1,,,,,
2026-10-05,2026-10-05,CM,BSE,STK,504378,INE812K01027,NYSSACORP,X,,,,,NYSSA CORPORATION LIMITED,1.99,2.10,1.92,1.99,1.99,1.99,,1.99,,,109658,218441.00,92,F1,1,,,,,
2026-10-05,2026-10-05,CM,BSE,STK,504380,INE952M01019,FLOMIC,X,,,,,FLOMIC GLOBAL LOGISTICS LIMITE,44.80,44.83,44.40,44.40,44.40,44.80,,44.40,,,141,6283.00,5,F1,1,,,,,
2026-10-05,2026-10-05,CM,BSE,STK,504392,INE537L01010,KRISHNA,XT,,,,,KRISHNA VENTURES LIMITED,46.00,46.92,46.00,46.92,46.92,46.00,,46.92,,,2750,128924.00,9,F1,1,,,,,
2026-10-05,2026-10-05,CM,BSE,STK,504397,INE932M01011,GANHOLD,XT,,,,,GANESH HOLDINGS LTD.,99.00,105.00,95.25,96.15,96.00,100.05,,96.15,,,1768,183317.00,28,F1,1,,,,,
2026-10-05,2026-10-05,CM,BSE,STK,504398,INE312B01027,SJCORP,XT,,,,,SJ CORPORATION LTD.,190.95,191.90,189.00,190.00,190.00,190.00,,190.00,,,4255,808833.00,35,F1,1,,,,,
2026-10-05,2026-10-05,CM,BSE,STK,504605,INE361D01012,UNIABEXAL,X,,,,,UNI ABEX ALLOY PRODUCTS LTD.,4560.00,4560.00,4468.30,4488.00,4488.00,4569.00,,4488.00,,,420,1895490.00,73,F1,1,,,,,
2026-10-05,2026-10-05,CM,BSE,STK,504614,INE385C01021,SARDAEN,A,,,,,SARDA ENERGY & MINERALS LTD.,497.05,502.60,490.00,501.45,499.25,494.65,,501.01,,,9805,4860579.00,291,F1,1,,,,,
2026-10-05,2026-10-05,CM,BSE,STK,504646,INE106G01014,BGWTATO,XT,,,,,BHAGWATI AUTOCAST LTD.,735.00,744.00,684.00,687.15,702.00,719.95,,687.15,,,1012,703877.00,72,F1,1,,,,,
2026-10-05,2026-10-05,CM,BSE,STK,504648,INE089T01023,BOMBWIR,X,,,,,BOMBAY WIRE ROPES LTD.,38.80,40.01,38.60,39.05,39.05,41.00,,39.05,,,2028,80828.00,22,F1,1,,,,,
2026-10-05,2026-10-05,CM,BSE,STK,504731,INE566M01017,AZADIND,B,,,,,AZAD INDIA MOBILITY LIMITED,86.50,89.21,82.00,83.88,82.00,86.09,,83.08,,,25264,2163970.00,379,F1,1,,,,,
2026-10-05,2026-10-05,CM,BSE,STK,504741,INE323C01030,INDIANHUME,B,,,,,INDIAN HUME PIPE CO.LTD.,358.00,358.00,335.00,336.15,335.00,346.05,,335.73,,,836,282689.00,136,F1,1,,,,,
2026-10-05,2026-10-05,CM,BSE,STK,504746,INE359D01024,INLCM,X,,,,,INDIAN LINK CHAIN MANUFACTURES,221.20,232.00,221.20,232.00,232.00,230.10,,232.00,,,471,108207.00,30,F1,1,,,,,
2026-10-05,2026-10-05,CM,BSE,STK,504786,INE155E01016,INVPRECQ,T,,,,,INVESTMENT & PRECISION CASTING,1624.00,1668.95,1580.00,1597.45,1600.00,1594.15,,1609.28,,,1685,2733365.00,62,F1,1,,,,,
2026-10-05,2026-10-05,CM,BSE,STK,504810,INE123E01014,INFORTEC,X,,,,,INFORMED TECHNOLOGIES INDIA LT,79.00,79.00,78.00,78.30,78.30,76.00,,78.30,,,6,470.00,3,F1,1,,,,,
2026-10-05,2026-10-05,CM,BSE,STK,504840,INE375D01012,KAIRA,X,,,,,KAIRA CAN CO.LTD.,1394.00,1394.00,1302.00,1394.00,1394.00,1342.00,,1394.00,,,12,16268.00,4,F1,1,,,,,
2026-10-05,2026-10-05,CM,BSE,STK,504879,INE569C01020,ORIENTCER,B,,,,,ORIENT CERATECH LIMITED,44.50,45.50,43.00,43.94,43.99,44.26,,43.62,,,3835,168881.00,74,F1,1,,,,,
2026-10-05,2026-10-05,CM,BSE,STK,504882,INE166R01015,NATIONSTD,B,,,,,NATIONAL STANDARD (INDIA) LTD.,115.65,117.80,111.60,112.35,114.30,115.60,,112.49,,,1184,133615.00,49,F1,1,,,,,
2026-10-05,2026-10-05,CM,BSE,STK,504903,INE336C01016,RATHIST,XT,,,,,RATHI STEEL & POWER LTD.,20.85,21.21,20.40,20.98,21.00,20.44,,20.98,,,41387,865858.00,100,F1,1,,,,,
2026-10-05,2026-10-05,CM,BSE,STK,504908,INE340F01011,DUNCANENG,X,,,,,Duncan Engineering Limited,322.20,322.20,283.05,298.80,298.80,322.15,,298.80,,,10174,3066570.00,178,F1,1,,,,,
2026-10-05,2026-10-05,CM,BSE,STK,504918,INE149K01016,SANDUMA,A,,,,,SANDUR MANGANESE & IRON ORES L,177.90,181.10,176.40,177.05,177.05,177.90,,177.34,,,38054,6790997.00,611,F1,1,,,,,
2026-10-05,2026-10-05,CM,BSE,STK,504959,INE755D01015,STOVACQ,X,,,,,STOVEC INDUSTRIES LTD.,1590.05,1623.50,1490.00,1594.55,1594.55,1602.00,,1594.55,,,395,620653.00,56,F1,1,,,,,
2026-10-05,2026-10-05,CM,BSE,STK,504973,INE149A01033,CHOLAHLDNG,A,,,,,CHOLAMANDALAM FINANCIAL HOLDIN,1372.25,1409.30,1366.25,1404.15,1409.30,1371.35,,1404.39,,,7680,10663798.00,794,F1,1,,,,,
2026-10-05,2026-10-05,CM,BSE,STK,504988,INE380G01015,ZWELCAST,X,,,,,WELCAST STEELS LTD.,630.00,630.00,630.00,630.00,630.00,600.50,,630.00,,,27,17010.00,2,F1,1,,,,,
2026-10-05,2026-10-05,CM,BSE,STK,505010,INE449A01011,AUTOAXLES,B,,,,,AUTOMOTIVE AXLES LTD.,1754.95,1754.95,1615.70,1631.70,1620.00,1683.60,,1625.03,,,265,437301.00,100,F1,1,,,,,
2026-10-05,2026-10-05,CM,BSE,STK,505029,INE446A01025,ATLASCYCLE,B,,,,,ATLAS CYCLES (HARYANA) LTD.,91.49,93.45,91.49,91.60,91.60,91.55,,91.30,,,51,4674.00,6,F1,1,,,,,
2026-10-05,2026-10-05,CM,BSE,STK,505036,INE451C01013,ACGL,B,,,,,AUTOMOBILE CORPORATION OF GOA,1688.00,1690.00,1630.00,1675.05,1675.00,1638.40,,1681.22,,,248,412255.00,47,F1,1,,,,,
2026-10-05,2026-10-05,CM,BSE,STK,505075,INE878E01021,SETCO,T,,,,,SETCO AUTOMOTIVE LTD.,18.39,18.39,17.90,18.30,18.30,18.39,,17.60,,,4105,74388.00,46,F1,1,,,,,
2026-10-05,2026-10-05,CM,BSE,STK,505160,INE187D01029,TALBROAUTO,B,,,,,TALBROS AUTOMOTIVE COMPONENTS,424.95,424.95,408.20,416.35,417.05,418.70,,416.45,,,6586,2730910.00,271,F1,1,,,,,
2026-10-05,2026-10-05,CM,BSE,STK,505163,INE116C01012,ZFSTEERING,B,,,,,Z.F.STEERING GEAR (INDIA) LTD.,723.90,723.90,700.25,701.60,700.25,705.00,,703.52,,,46,32524.00,11,F1,1,,,,,
2026-10-05,2026-10-05,CM,BSE,STK,505192,INE294B01019,SMLMAH,A,,,,,SML Mahindra Limited,6268.70,6460.20,6268.70,6359.45,6359.45,6254.80,,6354.10,,,2367,15059563.00,567,F1,1,,,,,
2026-10-05,2026-10-05,CM,BSE,STK,505196,INE806C01018,TIL,T,,,,,TIL LTD.,249.95,250.00,241.10,244.15,245.40,249.90,,242.16,,,1277,314746.00,50,F1,1,,,,,
2026-10-05,2026-10-05,CM,BSE,STK,505200,INE066A01021,EICHERMOT,A,,,,,EICHER MOTORS LTD.,6949.90,7063.45,6901.30,7059.00,7059.00,6949.85,,7021.59,,,8397,58566413.00,2213,F1,1,,,,,
2026-10-05,2026-10-05,CM,BSE,STK,505212,INE280F01019,JAINEX,XT,,,,,JAINEX AAMCOL LTD.,183.80,183.80,171.75,182.90,182.90,180.30,,182.90,,,136,23893.00,12,F1,1,,,,,
2026-10-05,2026-10-05,CM,BSE,STK,505216,INE782D01027,ALFREDHE,B,,,,,ALFRED HERBERT (INDIA) LTD.,2751.00,2751.00,2750.50,2750.90,2750.50,2775.00,,2749.16,,,8,22007.00,8,F1,1,,,,,
2026-10-05,2026-10-05,CM,BSE,STK,505232,INE232E01013,VELJAN,T,,,,,VELJAN DENISON LIMITED,2357.00,2364.40,2256.00,2364.25,2364.25,2251.85,,2410.90,,,160,376852.00,31,F1,1,,,,,
2026-10-05,2026-10-05,CM,BSE,STK,505242,INE221B01012,DYNAMATECH,A,,,,,DYNAMATIC TECHNOLOGIES LTD.,13786.65,14365.50,13786.65,14239.45,14239.45,13785.30,,14250.69,,,30680,434005920.00,939,F1,1,,,,,
2026-10-05,2026-10-05,CM,BSE,STK,505250,INE631D01026,GGDPROP,X,,,,,G. G. Dandekar Properties Limi,82.00,82.00,77.00,81.00,81.00,84.36,,81.00,,,878,70158.00,21,F1,1,,,,,
2026-10-05,2026-10-05,CM,BSE,STK,505255,INE541A01023,GMMPFAUDLR,A,,,,,GMM PFAUDLER LTD.,1436.45,1465.95,1380.95,1385.55,1389.00,1443.65,,1386.56,,,13438,18953960.00,1152,F1,1,,,,,
2026-10-05,2026-10-05,CM,BSE,STK,505283,INE811A01038,KIRLPNU,A,,,,,KIRLOSKAR PNEUMATIC CO.LTD.,686.25,693.00,669.00,678.05,675.40,681.70,,677.61,,,3360,2286863.00,293,F1,1,,,,,
2026-10-05,2026-10-05,CM,BSE,STK,505299,INE731D01024,KPT,X,,,,,KPT INDUSTRIES LIMITED,496.00,498.00,475.15,477.00,477.00,484.00,,477.00,,,1856,894379.00,63,F1,1,,,,,
2026-10-05,2026-10-05,CM,BSE,STK,505302,INE718M01022,LAKSHMIEW,X,,,,,LAKSHMI ENGINEERING AND WAREHO,2400.00,2400.00,2400.00,2400.00,2400.00,2418.00,,2400.00,,,15,36000.00,2,F1,1,,,,,
2026-10-05,2026-10-05,CM,BSE,STK,505324,INE867A01022,MANUGRAPH,T,,,,,MANUGRAPH INDIA LTD.,16.02,16.30,15.88,16.20,16.20,16.71,,16.26,,,8203,131078.00,55,F1,1,,,,,
2026-10-05,2026-10-05,CM,BSE,STK,505336,INE098E01026,HARSHILAGR,XT,,,,,HARSHIL AGROTECH LIMITED,0.24,0.25,0.24,0.24,0.24,0.25,,0.24,,,2858497,693430.00,491,F1,1,,,,,
2026-10-05,2026-10-05,CM,BSE,STK,505343,INE811D01024,MONOT,X,,,,,MONOTYPE INDIA LTD.,0.28,0.28,0.26,0.27,0.27,0.28,,0.27,,,1001645,267397.00,450,F1,1,,,,,
2026-10-05,2026-10-05,CM,BSE,STK,505355,INE317F01035,NESCO,A,,,,,NESCO LTD.,1035.05,1049.00,1030.00,1035.40,1030.00,1028.20,,1036.53,,,1621,1684104.00,276,F1,1,,,,,
2026-10-05,2026-10-05,CM,BSE,STK,505358,INE984B01023,INTEGRAEN,X,,,,,INTEGRA ENGINEERING INDIA LTD.,173.50,182.00,173.50,175.25,175.25,180.25,,175.25,,,20953,3714932.00,127,F1,1,,,,,
2026-10-05,2026-10-05,CM,BSE,STK,505368,INE617A01013,SEMAC,B,,,,,Semac Construction Limited,237.25,244.10,237.25,242.50,242.50,248.70,,242.50,,,177,42560.00,22,F1,1,,,,,
2026-10-05,2026-10-05,CM,BSE,STK,505400,INE435C01024,TEXINFRA,B,,,,,TEXMACO INFRASTRUCTURE & HOLDI,115.00,123.30,115.00,120.35,120.00,119.80,,120.51,,,11080,1338920.00,209,F1,1,,,,,
2026-10-05,2026-10-05,CM,BSE,STK,505412,INE274C01019,WENDT,B,,,,,WENDT (INDIA) LTD.,8199.90,8250.35,8000.10,8024.65,8000.15,8122.75,,8017.79,,,707,5733274.00,191,F1,1,,,,,
2026-10-05,2026-10-05,CM,BSE,STK,505502,INE953M01033,PSITINFRA,XT,,,,,PS IT INFRASTRUCTURE & SERVICE,1.95,1.95,1.89,1.95,1.91,1.92,,1.95,,,86043,167381.00,93,F1,1,,,,,
2026-10-05,2026-10-05,CM,BSE,STK,505504,INE809Q01020,GHVINFRA,T,,,,,GHV INFRA PROJECTS LIMITED,256.00,270.95,256.00,263.30,266.00,263.75,,263.30,,,2571,672439.00,89,F1,1,,,,,
2026-10-05,2026-10-05,CM,BSE,STK,505509,INE688D01026,RESPONIND,B,,,,,RESPONSIVE INDUSTRIES LTD.,163.20,163.20,157.75,158.15,157.75,161.30,,158.17,,,3199,511570.00,102,F1,1,,,,,
2026-10-05,2026-10-05,CM,BSE,STK,505515,INE203N01015,SHYMINV,X,,,,,SHYAMKAMAL INVESTMENTS LTD.,14.71,14.71,12.02,13.24,13.00,14.71,,13.24,,,208588,2702825.00,349,F1,1,,,,,
2026-10-05,2026-10-05,CM,BSE,STK,505523,INE272E01027,MAHACORP,X,,,,,MAHARASHTRA CORPORATION LTD.,0.28,0.29,0.28,0.29,0.29,0.28,,0.29,,,600588,171235.00,195,F1,1,,,,,
2026-10-05,2026-10-05,CM,BSE,STK,505526,INE966A01022,DOLATALGO,B,,,,,DOLAT ALGOTECH LIMITED,62.50,64.74,62.00,62.48,62.58,63.09,,62.40,,,6589,415464.00,254,F1,1,,,,,
2026-10-05,2026-10-05,CM,BSE,STK,505533,INE274F01020,WESTLIFE,A,,,,,WESTLIFE FOODWORLD LIMITED,588.00,605.65,585.40,591.45,589.15,589.25,,590.99,,,5905,3534108.00,344,F1,1,,,,,
2026-10-05,2026-10-05,CM,BSE,STK,505537,INE256A01028,ZEEL,A,,,,,ZEE ENTERTAINMENT ENTERPRISES,72.45,74.56,72.20,73.45,73.80,71.90,,73.57,,,495847,36376943.00,2976,F1,1,,,,,
2026-10-05,2026-10-05,CM,BSE,STK,505590,INE308E01029,SVPGLOB,B,,,,,SVP GLOBAL TEXTILES LIMITED,3.16,3.16,3.02,3.05,3.09,3.17,,3.04,,,7571,22995.00,32,F1,1,,,,,
2026-10-05,2026-10-05,CM,BSE,STK,505650,INE178E01026,SKYLMILAR,X,,,,,SKYLINE MILLARS LTD.,9.44,9.69,8.00,8.50,8.40,9.40,,8.50,,,26967,227569.00,88,F1,1,,,,,
2026-10-05,2026-10-05,CM,BSE,STK,505688,INE561C01019,BHARATGEAR,T,,,,,BHARAT GEARS LTD.,101.75,101.75,99.05,99.80,99.95,99.00,,99.67,,,127,12873.00,9,F1,1,,,,,
2026-10-05,2026-10-05,CM,BSE,STK,505690,INE856A01017,BRADYM,X,,,,,BRADY & MORRIS ENGINEERING CO.,639.60,660.00,621.00,658.10,659.00,642.80,,658.10,,,71,45793.00,24,F1,1,,,,,
2026-10-05,2026-10-05,CM,BSE,STK,505693,INE501N01020,LATIMMETAL,X,,,,,La Tim Metal & Industries Limi,10.43,11.73,9.65,10.82,10.82,10.03,,10.82,,,553219,5985485.00,534,F1,1,,,,,
2026-10-05,2026-10-05,CM,BSE,STK,505700,INE205B01031,ELECON,A,,,,,ELECON ENGINEERING CO.LTD.,443.05,449.15,437.55,445.70,445.70,440.25,,446.32,,,38468,17032224.00,971,F1,1,,,,,
2026-10-05,2026-10-05,CM,BSE,STK,505703,INE498D01012,SATANIBRG,X,,,,,Satani Bearings Ltd.,295.65,295.65,289.85,289.85,289.85,292.75,,289.85,,,677,198684.00,15,F1,1,,,,,
2026-10-05,2026-10-05,CM,BSE,STK,505710,INE266D01021,GRAUWEIL,B,,,,,GRAUER & WEIL (INDIA) LTD.,81.29,84.36,80.70,83.42,84.00,81.86,,83.51,,,43974,3653174.00,463,F1,1,,,,,
2026-10-05,2026-10-05,CM,BSE,STK,505712,INE705G01021,HIMTEK,XT,,,,,HIM TEKNOFORGE LIMITED,248.50,254.95,241.20,248.15,249.00,253.40,,248.15,,,9804,2400321.00,88,F1,1,,,,,
2026-10-05,2026-10-05,CM,BSE,STK,505714,INE524A01029,GABRIEL,A,,,,,GABRIEL INDIA LTD.,1281.00,1333.00,1281.00,1304.15,1308.50,1315.80,,1303.65,,,20475,26807099.00,1212,F1,1,,,,,
2026-10-05,2026-10-05,CM,BSE,STK,505720,INE688E01024,HERCULES,X,,,,,Hercules Investments Limited,108.00,110.95,105.00,106.75,106.75,108.15,,106.75,,,5556,598981.00,135,F1,1,,,,,
2026-10-05,2026-10-05,CM,BSE,STK,505725,INE598D01035,ALGOQUANT,B,,,,,ALGOQUANT FINTECH LIMITED,68.84,69.73,67.39,68.25,68.36,67.49,,68.25,,,668149,45875383.00,3700,F1,1,,,,,
2026-10-05,2026-10-05,CM,BSE,STK,505726,INE559A01017,IFBIND,B,,,,,IFB INDUSTRIES LTD.,1171.60,1199.00,1148.80,1179.10,1176.55,1171.55,,1178.81,,,1119,1316830.00,181,F1,1,,,,,
2026-10-05,2026-10-05,CM,BSE,STK,505729,INE638A01035,SINGERIND,B,,,,,SINGER INDIA LTD.,74.68,76.98,74.20,74.98,74.98,74.67,,74.70,,,9502,715380.00,200,F1,1,,,,,
2026-10-05,2026-10-05,CM,BSE,STK,505737,INE403C01014,INTLCOMBQ,X,,,,,INTERNATIONAL COMBUSTION (INDI,448.00,448.00,427.00,427.35,427.00,437.30,,427.35,,,318,138070.00,33,F1,1,,,,,
2026-10-05,2026-10-05,CM,BSE,STK,505744,INE529A01010,FMGOETZE,B,,,,,FEDERAL-MOGUL GOETZE (INDIA) L,445.00,454.35,437.55,441.65,441.65,444.00,,440.91,,,9080,4044783.00,704,F1,1,,,,,
2026-10-05,2026-10-05,CM,BSE,STK,505750,INE636D01041,JOSTS,X,,,,,JOSTS ENGINEERING CO.LTD.,216.20,222.00,215.30,215.85,215.85,215.60,,215.85,,,2249,490726.00,67,F1,1,,,,,
2026-10-05,2026-10-05,CM,BSE,STK,505790,INE513A01022,SCHAEFFLER,A,,,,,Schaeffler India Limited,3867.40,3900.00,3830.00,3845.60,3840.00,3886.15,,3845.02,,,1225,4724659.00,339,F1,1,,,,,
2026-10-05,2026-10-05,CM,BSE,STK,505797,INE860N01012,MPCOSEMB,XT,,,,,MIPCO SEAMLESS RINGS (GUJARAT),38.20,38.20,38.19,38.19,38.19,40.19,,38.19,,,2675,102163.00,14,F1,1,,,,,
2026-10-05,2026-10-05,CM,BSE,STK,505800,INE384A01010,RANEHOLDIN,B,,,,,RANE HOLDINGS LTD.,1524.50,1551.85,1517.10,1543.00,1543.00,1515.20,,1550.80,,,233,357548.00,36,F1,1,,,,,
2026-10-05,2026-10-05,CM,BSE,STK,505827,INE568F01017,SNL,X,,,,,SNL BEARINGS LTD.,442.80,458.30,442.80,453.55,454.95,441.85,,453.55,,,1561,705432.00,47,F1,1,,,,,
2026-10-05,2026-10-05,CM,BSE,STK,505840,INE058D01030,JAIPAN,XT,,,,,JAIPAN INDUSTRIES LTD.,45.28,45.28,45.28,45.28,45.28,43.13,,45.28,,,14468,655111.00,64,F1,1,,,,,
2026-10-05,2026-10-05,CM,BSE,STK,505850,INE545L01039,MANCREDIT,B,,,,,MANGAL CREDIT AND FINCORP LTD.,215.00,224.10,215.00,220.35,220.35,219.00,,221.10,,,1175,261106.00,48,F1,1,,,,,
2026-10-05,2026-10-05,CM,BSE,STK,505854,INE391D01019,TRF,B,,,,,TRF LTD.,198.00,199.95,192.30,192.90,192.95,195.30,,193.99,,,4853,940106.00,104,F1,1,,,,,
2026-10-05,2026-10-05,CM,BSE,STK,505872,INE765D01022,WPIL,B,,,,,WPIL LTD.,434.90,449.00,434.00,446.45,448.00,433.50,,447.07,,,17709,7853151.00,526,F1,1,,,,,
2026-10-05,2026-10-05,CM,BSE,STK,505890,INE717A01029,KENNAMET,B,,,,,KENNAMETAL INDIA LTD.,4324.10,4324.10,4170.00,4185.90,4196.00,4280.25,,4193.42,,,808,3422615.00,263,F1,1,,,,,
2026-10-05,2026-10-05,CM,BSE,STK,505893,INE724D01011,HINDHARD,X,,,,,HINDUSTAN HARDY LIMITED,766.20,766.20,732.55,759.00,759.00,766.20,,759.00,,,166,123997.00,32,F1,1,,,,,
2026-10-05,2026-10-05,CM,BSE,STK,505978,INE440G01017,TRITONV,B,,,,,TRITON VALVES LTD.,1117.95,1118.00,1050.05,1066.45,1066.60,1080.50,,1064.66,,,613,657133.00,64,F1,1,,,,,
2026-10-05,2026-10-05,CM,BSE,STK,506003,INE618D01015,SUDAI,X,,,,,SUDAL INDUSTRIES LTD.,51.63,53.00,51.50,52.34,53.00,53.54,,52.34,,,3908,202908.00,23,F1,1,,,,,
2026-10-05,2026-10-05,CM,BSE,STK,506022,INE603A01013,PRAKASH,B,,,,,PRAKASH INDUSTRIES LTD.,121.05,121.10,116.90,119.15,119.15,118.65,,119.69,,,33227,3933213.00,386,F1,1,,,,,
2026-10-05,2026-10-05,CM,BSE,STK,506074,INE968D01022,ARSHIYA,Z,,,,,ARSHIYA LIMITED,0.82,0.85,0.82,0.85,0.85,0.85,,0.83,,,8690,7281.00,22,F1,1,,,,,
2026-10-05,2026-10-05,CM,BSE,STK,506076,INE536A01023,GRINDWELL,A,,,,,GRINDWELL NORTON LTD.,1998.70,2020.30,1973.50,2003.10,2000.60,1977.25,,2004.16,,,5506,10994349.00,1659,F1,1,,,,,
2026-10-05,2026-10-05,CM,BSE,STK,506105,INE441L01015,STANROS,X,,,,,STANROSE MAFATLAL INVESTMENTS,67.56,67.56,67.56,67.56,67.56,71.75,,67.56,,,4,270.00,1,F1,1,,,,,
2026-10-05,2026-10-05,CM,BSE,STK,506109,INE727B01026,GENESYS,B,,,,,GENESYS INTERNATIONAL CORPORAT,285.90,299.50,282.05,287.80,287.80,281.40,,287.44,,,74104,21584054.00,1385,F1,1,,,,,
2026-10-05,2026-10-05,CM,BSE,STK,506122,INE820M01026,VOLKAI,XT,,,,,Kairosoft AI Solutions Limited,18.72,18.72,17.36,17.36,17.36,18.27,,17.36,,,28954,509535.00,104,F1,1,,,,,
2026-10-05,2026-10-05,CM,BSE,STK,506128,INE383L01019,PARNAXLAB,B,,,,,PARNAX LAB LTD.,115.00,116.00,115.00,115.00,115.00,115.00,,113.31,,,1502,173480.00,12,F1,1,,,,,
2026-10-05,2026-10-05,CM,BSE,STK,506134,INE512D01028,GOURMET,X,,,,,GOURMET GATEWAY INDIA LIMITED,10.18,10.64,10.18,10.25,10.25,10.39,,10.25,,,1429,14915.00,29,F1,1,,,,,
2026-10-05,2026-10-05,CM,BSE,STK,506146,INE370E01029,VIVIDHA,B,,,,,VISAGAR POLYTEX LTD.,0.51,0.52,0.51,0.51,0.51,0.51,,0.51,,,27829,14211.00,33,F1,1,,,,,
2026-10-05,2026-10-05,CM,BSE,STK,506166,INE070K01014,APIS,X,,,,,APIS INDIA LTD.,48.51,52.90,48.51,51.50,51.00,50.90,,51.50,,,9627,494757.00,647,F1,1,,,,,
2026-10-05,2026-10-05,CM,BSE,STK,506180,INE668L01013,EMERGENT,XT,,,,,EMERGENT INDUSTRIAL SOLUTIONS,405.00,417.00,405.00,417.00,417.00,398.00,,417.00,,,26,10739.00,5,F1,1,,,,,
2026-10-05,2026-10-05,CM,BSE,STK,506184,INE879E01037,KANANIIND,B,,,,,KANANI INDUSTRIES LTD.,1.31,1.36,1.29,1.32,1.32,1.35,,1.30,,,51481,67793.00,141,F1,1,,,,,
2026-10-05,2026-10-05,CM,BSE,STK,506186,INE403B01016,GSLTD,X,,,,,GALAXY SUPERMARKET LIMITED,20.13,20.13,18.52,18.55,18.55,19.19,,18.55,,,4068,75480.00,20,F1,1,,,,,
2026-10-05,2026-10-05,CM,BSE,STK,506194,INE643K01018,ARIHANTSUP,B,,,,,ARIHANT SUPERSTRUCTURES LIMITE,219.00,219.10,218.55,218.70,218.70,219.70,,218.78,,,445,97436.00,6,F1,1,,,,,
2026-10-05,2026-10-05,CM,BSE,STK,506197,INE416D01022,BLISSGVS,T,,,,,BLISS GVS PHARMA LTD.,684.20,690.00,652.80,660.45,656.00,684.20,,664.16,,,13639,9103190.00,372,F1,1,,,,,
2026-10-05,2026-10-05,CM,BSE,STK,506222,INE189B01011,STYRENIX,B,,,,,Styrenix Performance Materials,2069.95,2069.95,1998.90,2018.90,2010.85,2052.50,,2015.08,,,4169,8416426.00,439,F1,1,,,,,
2026-10-05,2026-10-05,CM,BSE,STK,506235,INE426A01027,ALEMBICLTD,B,,,,,ALEMBIC LTD.,103.30,106.00,103.30,104.45,104.55,104.15,,104.44,,,38540,4032079.00,557,F1,1,,,,,
2026-10-05,2026-10-05,CM,BSE,STK,506248,INE275D01022,AMNPLST,B,,,,,AMINES & PLASTICIZERS LTD.,164.00,164.80,158.00,158.00,158.05,163.55,,160.08,,,184,29735.00,12,F1,1,,,,,
2026-10-05,2026-10-05,CM,BSE,STK,506260,INE489G01022,ANUHPHR,B,,,,,ANUH PHARMA LTD.,85.56,89.70,83.61,84.10,83.91,86.88,,84.15,,,8033,689557.00,178,F1,1,,,,,
2026-10-05,2026-10-05,CM,BSE,STK,506261,INE737D01021,MODISONLTD,T,,,,,MODISON LIMITED,489.15,504.90,460.10,469.15,472.50,484.30,,468.08,,,14388,6894230.00,240,F1,1,,,,,
2026-10-05,2026-10-05,CM,BSE,STK,506285,INE462A01022,BAYERCROP,A,,,,,BAYER CROPSCIENCE LTD.,3566.90,3589.95,3500.20,3510.10,3510.00,3555.45,,3508.97,,,1205,4252422.00,425,F1,1,,,,,
2026-10-05,2026-10-05,CM,BSE,STK,506365,INE320M01019,STARSOURCE,X,,,,,STARSOURCE MULTITRADE LIMITED,78.00,79.00,75.25,75.90,75.50,79.00,,75.90,,,266,20825.00,23,F1,1,,,,,
2026-10-05,2026-10-05,CM,BSE,STK,506373,INE795B01031,CITURGIA,B,,,,,CITURGIA BIOCHEMICALS LTD.,104.45,104.45,103.45,103.45,103.45,104.45,,103.45,,,63,6518.00,5,F1,1,,,,,
2026-10-05,2026-10-05,CM,BSE,STK,506390,INE492A01029,SUDARCOLOR,B,,,,,Sudarshan Colorants India Limi,371.90,375.00,365.00,368.00,368.00,365.15,,365.65,,,741,272665.00,51,F1,1,,,,,
2026-10-05,2026-10-05,CM,BSE,STK,506395,INE169A01031,COROMANDEL,A,,,,,COROMANDEL INTERNATIONAL LTD.,1761.35,1808.00,1751.75,1800.25,1805.00,1764.80,,1801.37,,,8052,14368422.00,973,F1,1,,,,,
2026-10-05,2026-10-05,CM,BSE,STK,506401,INE288B01029,DEEPAKNTR,A,,,,,DEEPAK NITRITE LTD.,1495.30,1522.00,1488.35,1497.35,1500.10,1493.70,,1497.01,,,14166,21254706.00,1577,F1,1,,,,,
2026-10-05,2026-10-05,CM,BSE,STK,506405,INE505A01010,DMCC,B,,,,,DMCC SPECIALITY CHEMICALS LIMI,308.00,329.20,308.00,318.95,321.00,310.15,,319.10,,,8817,2836932.00,531,F1,1,,,,,
2026-10-05,2026-10-05,CM,BSE,STK,506414,INE225B01021,FERMENTA,B,,,,,FERMENTA BIOTECH LIMITED,545.10,572.60,545.10,555.70,554.35,551.35,,557.36,,,16425,9211616.00,589,F1,1,,,,,
2026-10-05,2026-10-05,CM,BSE,STK,506480,INE077F01035,GOCLCORP,B,,,,,GOCL Corporation Limited,357.50,357.50,343.60,346.45,346.45,351.20,,347.60,,,4190,1466815.00,174,F1,1,,,,,
2026-10-05,2026-10-05,CM,BSE,STK,506520,INE693E01016,JAYCH,X,,,,,JAYSHREE CHEMICALS LTD.,6.73,6.73,6.19,6.35,6.35,6.42,,6.35,,,21840,136795.00,91,F1,1,,,,,
2026-10-05,2026-10-05,CM,BSE,STK,506525,INE138C01024,KANORICHEM,T,,,,,KANORIA CHEMICALS & INDUSTRIES,182.10,191.40,181.85,182.65,188.50,191.40,,182.69,,,4212,774738.00,78,F1,1,,,,,
2026-10-05,2026-10-05,CM,BSE,STK,506528,INE881E01017,KELENRG,XT,,,,,KELTECH ENERGIES LTD.,14149.95,14149.95,13179.50,13226.85,13179.70,13873.15,,13226.85,,,1639,21979622.00,273,F1,1,,,,,
2026-10-05,2026-10-05,CM,BSE,STK,506532,INE265B01019,NITTAGELA,B,,,,,NITTA GELATIN INDIA LTD.,1670.45,1703.70,1661.65,1667.65,1663.35,1664.80,,1668.82,,,160,269107.00,36,F1,1,,,,,
2026-10-05,2026-10-05,CM,BSE,STK,506543,INE468C01017,MPAGI,XT,,,,,M.P.AGRO INDUSTRIES LTD.,10.33,10.50,10.33,10.50,10.50,10.23,,10.50,,,103,1081.00,9,F1,1,,,,,
2026-10-05,2026-10-05,CM,BSE,STK,506579,INE321D01016,AGVENTURES,X,,,,,AG VENTURES LIMITED,127.90,129.90,121.35,122.85,122.85,127.20,,122.85,,,20011,2475429.00,216,F1,1,,,,,
2026-10-05,2026-10-05,CM,BSE,STK,506590,INE602A01031,PCBL,A,,,,,PCBL Chemical Limited,322.25,326.95,318.55,320.45,320.25,321.80,,320.36,,,38296,12341901.00,1025,F1,1,,,,,
2026-10-05,2026-10-05,CM,BSE,STK,506597,INE841D01013,AMAL,B,,,,,AMAL LTD.,708.00,715.00,694.75,699.65,695.90,699.85,,699.53,,,942,662661.00,70,F1,1,,,,,
2026-10-05,2026-10-05,CM,BSE,STK,506605,INE752B01024,POLYCHEM,X,,,,,POLYCHEM LTD.,1801.30,1839.95,1801.30,1815.00,1815.00,1831.95,,1815.00,,,36,65135.00,14,F1,1,,,,,
2026-10-05,2026-10-05,CM,BSE,STK,506618,INE277B01014,PUNJABCHEM,B,,,,,PUNJAB CHEMICALS AND CROP PROT,1042.00,1046.75,1030.80,1046.75,1046.75,1029.30,,1036.90,,,71,73501.00,28,F1,1,,,,,
2026-10-05,2026-10-05,CM,BSE,STK,506640,INE218N01021,ZR2,X,,,,,ZR2 BIOENERGY LIMITED,136.00,136.00,136.00,136.00,136.00,136.50,,136.00,,,100,13600.00,1,F1,1,,,,,
2026-10-05,2026-10-05,CM,BSE,STK,506642,INE888C01040,SADHNANIQ,T,,,,,SADHANA NITROCHEM LTD.,2.48,2.64,2.48,2.64,2.64,2.52,,2.64,,,444425,1142965.00,301,F1,1,,,,,
2026-10-05,2026-10-05,CM,BSE,STK,506655,INE659A01023,SUDARSCHEM,A,,,,,SUDARSHAN CHEMICAL INDUSTRIES,1251.50,1261.10,1224.35,1230.50,1226.40,1244.10,,1229.27,,,11457,14173271.00,872,F1,1,,,,,
2026-10-05,2026-10-05,CM,BSE,STK,506680,INE014B01011,TECILCHEM,B,,,,,TECIL CHEMICALS & HYDRO POWER,9.29,9.29,9.29,9.29,9.29,9.29,,9.56,,,737,6846.00,12,F1,1,,,,,
2026-10-05,2026-10-05,CM,BSE,STK,506685,INE405A01021,ULTRAMAR,B,,,,,ULTRAMARINE & PIGMENTS LTD.,408.05,409.10,403.50,404.95,405.20,405.95,,404.81,,,4250,1720294.00,202,F1,1,,,,,
2026-10-05,2026-10-05,CM,BSE,STK,506687,INE687A01016,TRANSPEK,T,,,,,TRANSPEK INDUSTRY LTD.,1317.20,1335.00,1290.00,1298.30,1290.00,1310.00,,1300.25,,,167,217703.00,16,F1,1,,,,,
2026-10-05,2026-10-05,CM,BSE,STK,506690,INE351A01035,UNICHEMLAB,B,,,,,UNICHEM LABORATORIES LTD.,510.50,542.30,510.50,531.75,533.40,535.50,,531.48,,,4910,2597738.00,318,F1,1,,,,,
2026-10-05,2026-10-05,CM,BSE,STK,506734,INE741A01011,MYSORPETRO,T,,,,,MYSORE PETRO CHEMICALS LTD.,116.90,118.95,116.80,116.80,116.80,122.70,,116.40,,,1079,126057.00,22,F1,1,,,,,
2026-10-05,2026-10-05,CM,BSE,STK,506767,INE150B01039,ALKYLAMINE,A,,,,,ALKYL AMINES CHEMICALS LTD.,1774.85,1774.85,1713.85,1729.60,1735.60,1741.25,,1730.35,,,3494,6032119.00,446,F1,1,,,,,
2026-10-05,2026-10-05,CM,BSE,STK,506808,INE400A01014,TUTIALKA,B,,,,,TUTICORIN ALKALI CHEMICALS AND,53.81,54.63,52.14,52.19,52.14,53.80,,52.25,,,1082,58088.00,41,F1,1,,,,,
2026-10-05,2026-10-05,CM,BSE,STK,506820,INE203A01020,ASTRAZEN,A,,,,,ASTRAZENECA PHARMA INDIA LTD.,6078.15,6087.30,5889.10,5913.00,5913.00,6030.45,,5909.16,,,269,1608024.00,141,F1,1,,,,,
2026-10-05,2026-10-05,CM,BSE,STK,506852,INE607A01022,PRIMO,B,,,,,Primo Chemicals Limited,25.10,26.88,25.10,26.05,26.05,25.53,,26.08,,,42397,1104612.00,318,F1,1,,,,,
2026-10-05,2026-10-05,CM,BSE,STK,506854,INE639B01023,TANFACIND,B,,,,,TANFAC INDUSTRIES LTD.,3251.00,3299.95,3175.00,3182.50,3183.00,3259.05,,3182.50,,,9956,32041462.00,1723,F1,1,,,,,
2026-10-05,2026-10-05,CM,BSE,STK,506858,INE636P01011,GUJPETR,X,,,,,GUJARAT PETROSYNTHESE LTD.,49.05,54.97,49.05,52.01,52.01,51.36,,52.01,,,319,16599.00,17,F1,1,,,,,
2026-10-05,2026-10-05,CM,BSE,STK,506863,INE716M01034,SWADEIN,X,,,,,SWADESHI INDUSTRIES LEASING CO,76.08,79.50,75.63,76.01,78.49,76.08,,76.01,,,523,40000.00,17,F1,1,,,,,
2026-10-05,2026-10-05,CM,BSE,STK,506879,INE942C01045,GUJTHEM,B,,,,,GUJARAT THEMIS BIOSYN LTD.,374.80,390.80,370.75,373.00,372.00,382.35,,373.59,,,15945,6039858.00,432,F1,1,,,,,
2026-10-05,2026-10-05,CM,BSE,STK,506906,INE467X01023,SCBL,XT,,,,,Saptak Chem And Business Limit,29.26,29.26,29.26,29.26,29.26,29.40,,29.26,,,10,292.00,1,F1,1,,,,,
2026-10-05,2026-10-05,CM,BSE,STK,506919,INE987A01010,MAKERSL,B,,,,,MAKERS LABORATORIES LTD.,187.00,187.00,178.20,180.35,178.25,181.70,,178.81,,,302,54451.00,19,F1,1,,,,,
2026-10-05,2026-10-05,CM,BSE,STK,506945,INE684U01011,IGLFXPL-B,P,,,,,INDO GULF INDUSTRIES LTD.,3.27,3.27,3.27,3.27,3.27,3.12,,3.27,,,200,654.00,3,F1,50,,,,,
2026-10-05,2026-10-05,CM,BSE,STK,506947,INE334N01018,ADVPETR-B,XT,,,,,ADVANCE PETROCHEMICALS LTD.,912.20,912.30,912.20,912.30,912.30,868.90,,912.30,,,571,520912.00,28,F1,1,,,,,
2026-10-05,2026-10-05,CM,BSE,STK,506979,INE046E01025,APTPACK,X,,,,,APT PACKAGING LTD.,66.25,70.90,65.00,68.60,68.60,67.60,,68.60,,,688,44930.00,11,F1,1,,,,,
2026-10-05,2026-10-05,CM,BSE,STK,506981,INE472D01017,BLUECHIPT,X,,,,,BLUE CHIP TEX INDUSTRIES LTD.,113.10,113.10,110.85,110.85,110.85,112.00,,110.85,,,78,8786.00,9,F1,1,,,,,
2026-10-05,2026-10-05,CM,BSE,STK,507155,INE574A01016,JAGAJITIND,X,,,,,JAGATJIT INDUSTRIES LTD.,141.95,145.50,137.50,137.90,137.90,138.85,,137.90,,,4560,631802.00,125,F1,1,,,,,
2026-10-05,2026-10-05,CM,BSE,STK,507180,INE133B01027,KESARENT,XT,,,,,KESAR ENTERPRISES LTD.,12.94,12.94,12.94,12.94,12.94,12.69,,12.94,,,104231,1348749.00,39,F1,1,,,,,
2026-10-05,2026-10-05,CM,BSE,STK,507205,INE133E01013,TI,A,,,,,TILAKNAGAR INDUSTRIES LTD.,544.20,553.40,538.95,540.80,541.35,541.95,,540.37,,,18367,10008843.00,1081,F1,1,,,,,
2026-10-05,2026-10-05,CM,BSE,STK,507265,INE044N01021,EMERALL,XT,,,,,Emerald Leisures Limited,290.00,290.00,275.50,275.50,275.50,290.00,,275.50,,,886,252470.00,31,F1,1,,,,,
2026-10-05,2026-10-05,CM,BSE,STK,507300,INE615A01025,RAVALSUGAR,X,,,,,The Ravalgaon Sugar Farm Limit,901.00,901.00,868.05,899.00,899.00,891.00,,899.00,,,86,77370.00,7,F1,1,,,,,
2026-10-05,2026-10-05,CM,BSE,STK,507315,INE623A01011,SAKHTISUG,B,,,,,SAKTHI SUGARS LTD.,18.48,18.48,17.57,17.73,17.71,17.51,,17.80,,,18321,323508.00,100,F1,1,,,,,
2026-10-05,2026-10-05,CM,BSE,STK,507410,INE711A01022,WALCHANNAG,B,,,,,WALCHANDNAGAR INDUSTRIES LTD.,197.30,201.50,193.50,194.95,194.90,196.20,,195.05,,,29829,5867949.00,812,F1,1,,,,,
2026-10-05,2026-10-05,CM,BSE,STK,507438,INE076C01018,IFBAGRO,B,,,,,IFB AGRO INDUSTRIES LTD.,877.00,880.90,858.00,878.65,878.65,859.80,,872.04,,,212,183788.00,40,F1,1,,,,,
2026-10-05,2026-10-05,CM,BSE,STK,507474,INE991B01010,KFBL,X,,,,,KOTHARI FERMENTATION & BIOCHEM,40.00,41.35,37.60,40.62,41.33,39.96,,40.62,,,7251,283880.00,50,F1,1,,,,,
2026-10-05,2026-10-05,CM,BSE,STK,507488,INE075D01018,GMBREW,B,,,,,G.M.BREWERIES LTD.,968.00,971.30,944.60,948.70,949.00,951.50,,947.92,,,5133,4897721.00,329,F1,1,,,,,
2026-10-05,2026-10-05,CM,BSE,STK,507490,INE625B01014,RANASUG,B,,,,,RANA SUGARS LTD.,13.32,13.70,13.29,13.64,13.67,13.06,,13.62,,,37765,505416.00,138,F1,1,,,,,
2026-10-05,2026-10-05,CM,BSE,STK,507498,INE544C01023,PICCASUG,X,,,,,PICCADILY SUGAR & ALLIED INDUS,35.87,35.95,33.60,33.90,33.90,34.85,,33.90,,,2004,69276.00,64,F1,1,,,,,
2026-10-05,2026-10-05,CM,BSE,STK,507514,INE480C01038,SDBL,B,,,,,SOM DISTILLERIES & BREWERIES L,75.86,75.86,73.01,73.38,73.01,74.61,,73.21,,,76754,5654902.00,334,F1,1,,,,,
2026-10-05,2026-10-05,CM,BSE,STK,507515,INE557D01015,CJGEL,X,,,,,C.J.GELATINE PRODUCTS LTD.,23.45,25.88,23.43,24.98,24.00,24.65,,24.98,,,2106,50805.00,32,F1,1,,,,,
2026-10-05,2026-10-05,CM,BSE,STK,507526,INE073G01016,ASALCBR,B,,,,,ASSOCIATED ALCOHOLS & BREWERIE,604.85,621.50,592.90,600.30,593.00,614.70,,596.18,,,3781,2278561.00,464,F1,1,,,,,
2026-10-05,2026-10-05,CM,BSE,STK,507552,INE976E01023,FOODSIN,B,,,,,FOODS & INNS LTD.,49.79,50.49,49.17,49.52,49.17,49.50,,49.68,,,1566,77708.00,62,F1,1,,,,,
2026-10-05,2026-10-05,CM,BSE,STK,507580,INE043C01018,IVP,T,,,,,IVP LTD.,230.00,232.50,217.00,222.80,222.80,227.80,,220.41,,,2053,455437.00,37,F1,1,,,,,
2026-10-05,2026-10-05,CM,BSE,STK,507598,INE014E01015,KLRFM,X,,,,,KOVILPATTI LAKSHMI ROLLER FLOU,78.50,80.40,78.00,79.77,80.00,78.97,,79.77,,,1503,119711.00,22,F1,1,,,,,
2026-10-05,2026-10-05,CM,BSE,STK,507609,INE286E01019,OLYOI,X,,,,,OLYMPIC OIL INDUSTRIES LTD.,30.80,30.80,30.80,30.80,30.80,30.80,,30.80,,,1,30.00,1,F1,1,,,,,
2026-10-05,2026-10-05,CM,BSE,STK,507621,INE588G01021,MLKFOOD,B,,,,,MILKFOOD LTD.,85.73,85.98,83.00,83.20,83.20,83.65,,83.72,,,3950,333474.00,52,F1,1,,,,,
2026-10-05,2026-10-05,CM,BSE,STK,507645,INE339F01021,POLSON,X,,,,,POLSON LTD.,10072.60,10200.60,10072.60,10166.05,10166.05,10601.70,,10166.05,,,16,162543.00,5,F1,1,,,,,
2026-10-05,2026-10-05,CM,BSE,STK,507685,INE075A01022,WIPRO,A,,,,,WIPRO LTD.,162.70,164.25,161.45,162.20,162.20,159.50,,162.14,,,1061491,172739535.00,13140,F1,1,,,,,
2026-10-05,2026-10-05,CM,BSE,STK,507690,INE247F01018,ORIBEVER,X,,,,,ORIENT BEVERAGES LTD.,161.85,165.00,160.00,161.20,160.60,161.85,,161.20,,,237,38454.00,20,F1,1,,,,,
2026-10-05,2026-10-05,CM,BSE,STK,507717,INE435G01025,DHANUKA,B,,,,,DHANUKA AGRITECH LTD.,939.95,939.95,905.00,909.75,908.65,932.65,,907.46,,,620,567958.00,146,F1,1,,,,,
2026-10-05,2026-10-05,CM,BSE,STK,507747,INE910C01018,TTKHLTCARE,B,,,,,TTK HEALTHCARE LTD.,1050.00,1050.00,1003.30,1009.20,1006.20,1014.35,,1007.45,,,768,778108.00,112,F1,1,,,,,
2026-10-05,2026-10-05,CM,BSE,STK,507753,INE284B01028,TGVSL,B,,,,,TGV SRAAC Limited,123.00,127.45,121.20,122.05,121.70,116.50,,122.00,,,184438,22934622.00,2582,F1,1,,,,,
2026-10-05,2026-10-05,CM,BSE,STK,507759,INE891G01011,LIMECHM,X,,,,,LIME CHEMICALS LTD.,14.30,14.30,13.95,13.95,13.95,14.30,,13.95,,,12091,168682.00,13,F1,1,,,,,
2026-10-05,2026-10-05,CM,BSE,STK,507779,INE694E01014,KANPRPLA,B,,,,,KANPUR PLASTIPACK LTD.,250.50,257.65,250.40,252.20,255.00,245.45,,252.24,,,645,163853.00,81,F1,1,,,,,
2026-10-05,2026-10-05,CM,BSE,STK,507785,INE123C01018,TAINWALCHM,B,,,,,TAINWALA CHEMICALS & PLASTICS,200.25,200.25,197.80,197.90,197.80,201.60,,197.23,,,159,31535.00,14,F1,1,,,,,
2026-10-05,2026-10-05,CM,BSE,STK,507789,INE048B01035,JAGSNPHARM,B,,,,,JAGSONPAL PHARMACEUTICALS LTD.,234.75,236.70,227.95,229.45,229.45,231.55,,229.47,,,7006,1632757.00,235,F1,1,,,,,
2026-10-05,2026-10-05,CM,BSE,STK,507794,INE745B01028,KHAICHEM,B,,,,,KHAITAN CHEMICALS & FERTILIZER,51.40,51.40,47.50,48.19,48.19,49.46,,48.04,,,19203,946379.00,245,F1,1,,,,,
2026-10-05,2026-10-05,CM,BSE,STK,507808,INE357P01014,UNTTEMI,P,,,,,UNITED LEASING & INDUSTRIES LT,31.00,31.00,31.00,31.00,31.00,32.50,,31.00,,,50,1550.00,1,F1,50,,,,,
2026-10-05,2026-10-05,CM,BSE,STK,507813,INE296D01010,NOL,X,,,,,NATIONAL OXYGEN LTD.,55.00,55.55,54.79,54.79,54.79,55.00,,54.79,,,432,23758.00,15,F1,1,,,,,
2026-10-05,2026-10-05,CM,BSE,STK,507815,INE322A01010,GILLETTE,A,,,,,GILLETTE INDIA LTD.,6919.30,7026.20,6862.65,6990.30,7000.30,6902.90,,6979.51,,,1005,6966978.00,273,F1,1,,,,,
2026-10-05,2026-10-05,CM,BSE,STK,507828,INE880B01015,ANSALHSG,X,,,,,ANSAL HOUSING LIMITED,5.00,5.07,4.84,4.91,4.95,4.95,,4.91,,,22541,111635.00,65,F1,1,,,,,
2026-10-05,2026-10-05,CM,BSE,STK,507833,INE607B01012,COMPUPN,X,,,,,COMPUTER POINT LTD.,3.26,3.33,3.20,3.21,3.21,3.26,,3.21,,,4967,16390.00,46,F1,1,,,,,
2026-10-05,2026-10-05,CM,BSE,STK,507836,INE435D01014,MCCHRLS-B,B,,,,,MAC CHARLES (INDIA) LTD.,799.90,799.90,653.00,670.40,670.40,680.70,,676.93,,,298,199775.00,18,F1,1,,,,,
2026-10-05,2026-10-05,CM,BSE,STK,507852,INE757C01021,ADDIND,B,,,,,ADDI INDUSTRIES LTD.,80.00,83.00,69.05,73.00,73.00,76.86,,79.15,,,1526,120868.00,33,F1,1,,,,,
2026-10-05,2026-10-05,CM,BSE,STK,507864,INE746D01014,PIONRINV,T,,,,,PIONEER INVESTCORP LTD.,75.09,75.09,75.09,75.09,75.09,79.04,,69.35,,,136,10212.00,5,F1,1,,,,,
2026-10-05,2026-10-05,CM,BSE,STK,507872,INE372I01018,ASHNOOR,X,,,,,ASHNOOR TEXTILE MILLS LTD.,52.74,52.74,49.25,52.00,52.00,51.06,,52.00,,,506,24938.00,5,F1,1,,,,,
2026-10-05,2026-10-05,CM,BSE,STK,507878,INE694A01020,UNITECH,B,,,,,UNITECH LTD.,3.95,3.99,3.88,3.91,3.89,3.95,,3.90,,,290517,1138907.00,420,F1,1,,,,,
2026-10-05,2026-10-05,CM,BSE,STK,507880,INE054A01027,VIPIND,A,,,,,V.I.P.INDUSTRIES LTD.,282.60,288.15,278.65,284.55,283.60,280.80,,284.33,,,14195,4021216.00,503,F1,1,,,,,
2026-10-05,2026-10-05,CM,BSE,STK,507910,INE296C01020,FIBERWEB,B,,,,,FIBERWEB (INDIA) LTD.,27.90,27.90,26.55,26.98,26.98,26.26,,26.19,,,17,459.00,5,F1,1,,,,,
2026-10-05,2026-10-05,CM,BSE,STK,507912,INE724A01017,GYFTR,B,,,,,GYFTR LIMITED,156.90,160.00,152.70,157.85,159.25,156.90,,156.11,,,317058,49761694.00,391,F1,1,,,,,
2026-10-05,2026-10-05,CM,BSE,STK,507917,INE706N01017,EASTBUILD,XT,,,,,EAST BUILDTECH LTD.,65.58,65.58,62.31,62.31,62.31,65.58,,62.31,,,2,127.00,2,F1,1,,,,,
2026-10-05,2026-10-05,CM,BSE,STK,507938,INE798E01013,MNPLFIN,P,,,,,MANIPAL FINANCE CORPORATION LT,17.92,17.92,17.92,17.92,17.92,17.07,,17.92,,,100,1792.00,1,F1,100,,,,,
2026-10-05,2026-10-05,CM,BSE,STK,507944,INE704G01024,BAJAJST,B,,,,,BAJAJ STEEL INDUSTRIES LTD.,335.10,339.80,323.70,326.05,325.30,334.40,,328.46,,,5567,1832764.00,180,F1,1,,,,,
2026-10-05,2026-10-05,CM,BSE,STK,507946,INE845A01028,KIDUJA,X,,,,,KIDUJA INDIA LTD.,19.12,19.12,19.11,19.11,19.11,19.21,,19.11,,,22,420.00,3,F1,1,,,,,
2026-10-05,2026-10-05,CM,BSE,STK,507948,INE130F01016,KEYCORP,X,,,,,KEY CORP LTD.,74.70,74.70,71.80,72.19,72.19,71.80,,72.19,,,116,8376.00,9,F1,1,,,,,
2026-10-05,2026-10-05,CM,BSE,STK,507960,INE621C01011,GUJHOTE,X,,,,,GUJARAT HOTELS LTD.,181.00,181.00,178.00,178.00,178.00,181.00,,178.00,,,52,9327.00,10,F1,1,,,,,
2026-10-05,2026-10-05,CM,BSE,STK,507962,INE455H01021,FYNX,XT,,,,,FYNX CAPITAL LIMITED,6.25,6.56,6.10,6.49,6.10,6.25,,6.49,,,29586,191843.00,59,F1,1,,,,,
2026-10-05,2026-10-05,CM,BSE,STK,507966,INE651D01016,RASRESOR,X,,,,,RAS RESORTS & APART HOTELS LTD,54.76,59.00,54.76,57.00,57.00,54.76,,57.00,,,129,7189.00,6,F1,1,,,,,
2026-10-05,2026-10-05,CM,BSE,STK,507968,INE289M01016,JOLYPLS,X,,,,,JOLLY PLASTIC INDUSTRIES LTD.,43.82,43.82,43.82,43.82,43.82,43.61,,43.82,,,3,131.00,2,F1,1,,,,,
2026-10-05,2026-10-05,CM,BSE,STK,507970,INE143I01013,PARMCOS-B,X,,,,,PARAMOUNT COSMETICS (INDIA) LT,36.22,36.22,34.50,34.50,34.50,34.50,,34.50,,,867,30914.00,15,F1,1,,,,,
2026-10-05,2026-10-05,CM,BSE,STK,507981,INE726D01016,JINDHOT,X,,,,,JINDAL HOTELS LTD.,62.25,66.60,61.00,65.00,65.01,61.00,,65.00,,,1268,81967.00,28,F1,1,,,,,
2026-10-05,2026-10-05,CM,BSE,STK,507984,INE358F01013,DESIFARMS,XT,,,,,Desi Farms India Limited,635.30,635.30,603.55,632.05,635.30,635.30,,632.05,,,1967,1208195.00,10,F1,1,,,,,
2026-10-05,2026-10-05,CM,BSE,STK,507998,INE657D01021,SIMMOND,X,,,,,SIMMONDS MARSHALL LTD.,234.90,243.00,231.00,233.00,233.00,232.00,,233.00,,,12100,2840820.00,179,F1,1,,,,,
2026-10-05,2026-10-05,CM,BSE,STK,508486,INE979B01015,HAWKINCOOK,B,,,,,HAWKINS COOKERS LTD.,8073.90,8079.95,7908.15,8020.20,8020.20,8034.95,,7977.57,,,27,215387.00,26,F1,1,,,,,
2026-10-05,2026-10-05,CM,BSE,STK,508494,INE712A01012,WARRENTEA,X,,,,,WARREN TEA LTD.,43.61,46.47,40.95,43.13,44.00,43.61,,43.13,,,3966,170013.00,40,F1,1,,,,,
2026-10-05,2026-10-05,CM,BSE,STK,508571,INE788M01017,COCHMAL,X,,,,,COCHIN MALABAR ESTATES & INDUS,136.00,138.00,133.00,138.00,138.00,142.65,,138.00,,,302,40440.00,7,F1,1,,,,,
2026-10-05,2026-10-05,CM,BSE,STK,508664,INE553F01035,BESTEAST,XT,,,,,BEST EASTERN HOTELS LTD.,14.50,15.22,14.05,14.05,14.05,14.50,,14.05,,,113,1597.00,8,F1,1,,,,,
2026-10-05,2026-10-05,CM,BSE,STK,508670,INE605D01012,NEAGI,B,,,,,NEELAMALAI AGRO INDUSTRIES LTD,3305.95,3305.95,3305.95,3305.95,3305.95,3322.55,,3299.43,,,80,264476.00,36,F1,1,,,,,
2026-10-05,2026-10-05,CM,BSE,STK,508807,INE684B01029,ISTLTD,B,,,,,IST LTD.,635.00,638.15,595.00,621.25,621.25,635.00,,610.50,,,387,242336.00,120,F1,1,,,,,
2026-10-05,2026-10-05,CM,BSE,STK,508814,INE757A01017,COSMOFIRST,B,,,,,Cosmo First Limited,826.90,840.20,811.05,821.60,821.20,827.40,,822.65,,,990,813288.00,157,F1,1,,,,,
2026-10-05,2026-10-05,CM,BSE,STK,508860,INE206I01026,DIAMANT,XT,,,,,DIAMANT INFRASTRUCTURE LIMITED,0.74,0.74,0.74,0.74,0.74,0.72,,0.74,,,1427,1055.00,10,F1,1,,,,,
2026-10-05,2026-10-05,CM,BSE,STK,508867,INE800K01014,NEWMKTAVE,XT,,,,,NEW MARKETS AVENUE LIMITED,99.15,99.15,99.15,99.15,99.15,97.21,,99.15,,,20,1983.00,4,F1,1,,,,,
2026-10-05,2026-10-05,CM,BSE,STK,508869,INE437A01024,APOLLOHOSP,A,,,,,APOLLO HOSPITALS ENTERPRISE LT,8051.55,8074.15,7900.00,8010.00,8010.00,8116.00,,7985.02,,,75790,605623274.00,7677,F1,1,,,,,
2026-10-05,2026-10-05,CM,BSE,STK,508875,INE861H01020,NITINCAST,XT,,,,,Nitin Castings Limited,496.65,496.65,449.35,449.60,450.00,473.00,,449.60,,,618,279546.00,14,F1,1,,,,,
2026-10-05,2026-10-05,CM,BSE,STK,508905,INE641A01013,NEXOME,X,,,,,NEXOME CAPITAL MARKETS LIMITED,80.21,86.50,80.21,81.01,81.01,83.12,,81.01,,,1796,148616.00,24,F1,1,,,,,
2026-10-05,2026-10-05,CM,BSE,STK,508906,INE295A01018,EVERESTIND,B,,,,,EVEREST INDUSTRIES LTD.,489.00,489.00,450.10,478.00,477.00,473.70,,478.14,,,2056,969159.00,194,F1,1,,,,,
2026-10-05,2026-10-05,CM,BSE,STK,508918,INE791H01011,IRONWOOD,X,,,,,IRONWOOD EDUCATION LIMITED,43.50,46.95,42.20,44.00,44.00,43.50,,44.00,,,5825,255485.00,37,F1,1,,,,,
2026-10-05,2026-10-05,CM,BSE,STK,508922,INE331L01026,MSRINDIA,Z,,,,,MSR INDIA LTD.,2.95,3.01,2.73,2.73,2.73,2.87,,2.73,,,101407,281920.00,412,F1,1,,,,,
2026-10-05,2026-10-05,CM,BSE,STK,508933,INE193B01039,AYMSYNTEX,B,,,,,AYM Syntex Limited,284.90,286.50,280.00,283.25,283.30,281.95,,283.15,,,3256,919573.00,151,F1,1,,,,,
2026-10-05,2026-10-05,CM,BSE,STK,508941,INE013E01017,PANCARBON,X,,,,,PANASONIC CARBON INDIA CO.LTD.,397.00,398.95,392.00,395.00,395.00,393.35,,395.00,,,784,310256.00,57,F1,1,,,,,
2026-10-05,2026-10-05,CM,BSE,STK,508954,INE734I01027,FINKURVE,B,,,,,FINKURVE FINANCIAL SERVICES LT,68.20,70.29,68.20,69.05,68.46,71.72,,68.54,,,182,12531.00,28,F1,1,,,,,
2026-10-05,2026-10-05,CM,BSE,STK,508956,INE549B01016,HBLEAS,X,,,,,HB LEASING & FINANCE CO.LTD.,10.29,10.34,9.64,9.76,9.75,10.29,,9.76,,,5362,52435.00,28,F1,1,,,,,
2026-10-05,2026-10-05,CM,BSE,STK,508961,INE753D01010,SHRICON,XT,,,,,SHRICON INDUSTRIES LTD.,215.00,215.00,207.90,207.90,207.90,209.90,,207.90,,,3,630.00,2,F1,1,,,,,
2026-10-05,2026-10-05,CM,BSE,STK,508963,INE668Y01024,TRUSTWAVE,XT,,,,,TRUSTWAVE SECURITIES LIMITED,253.95,253.95,253.95,253.95,253.95,249.00,,253.95,,,25,6348.00,4,F1,1,,,,,
2026-10-05,2026-10-05,CM,BSE,STK,508969,INE673M01029,SULABEN,X,,,,,SULABH ENGINEERS & SERVICES LT,2.41,2.50,2.40,2.41,2.40,2.50,,2.41,,,23409,57197.00,63,F1,1,,,,,
2026-10-05,2026-10-05,CM,BSE,STK,508980,INE977E01013,FRONTCAP,XT,,,,,FRONTIER CAPITAL LIMITED,10.21,10.77,10.21,10.77,10.77,10.26,,10.77,,,28644,308321.00,7,F1,1,,,,,
2026-10-05,2026-10-05,CM,BSE,STK,508989,INE060A01024,NAVNETEDUL,B,,,,,NAVNEET EDUCATION LIMITED,125.80,125.80,122.35,122.90,122.80,124.00,,122.97,,,5133,632054.00,112,F1,1,,,,,
2026-10-05,2026-10-05,CM,BSE,STK,509009,INE218C01016,AUSOMENT,B,,,,,AUSOM ENTERPRISE LIMITED,139.95,140.60,139.95,140.00,140.00,139.95,,137.81,,,22,3081.00,6,F1,1,,,,,
2026-10-05,2026-10-05,CM,BSE,STK,509015,INE190F01028,THAKRAL,X,,,,,THAKRAL SERVICES (INDIA) LTD.,13.75,13.75,13.50,13.55,13.75,13.75,,13.55,,,7,95.00,3,F1,1,,,,,
2026-10-05,2026-10-05,CM,BSE,STK,509020,INE413B01023,RUCHINFRA,B,,,,,RUCHI INFRASTRUCTURE LTD.,5.00,5.55,4.66,4.87,4.87,4.87,,4.85,,,6122,30408.00,50,F1,1,,,,,
2026-10-05,2026-10-05,CM,BSE,STK,509024,INE088E01019,GOLDLEG,X,,,,,GOLDEN LEGAND LEASING & FINANC,8.14,8.14,7.42,7.93,7.94,7.90,,7.93,,,1675,13218.00,48,F1,1,,,,,
2026-10-05,2026-10-05,CM,BSE,STK,509038,INE763D01019,VOLLF,XT,,,,,VOLTAIRE LEASING & FINANCE LTD,23.00,23.00,23.00,23.00,23.00,22.55,,23.00,,,3,69.00,3,F1,1,,,,,
2026-10-05,2026-10-05,CM,BSE,STK,509040,INE040F01033,NETLINK,X,,,,,NETLINK SOLUTIONS (INDIA) LTD.,182.60,182.60,170.10,174.65,174.25,185.00,,174.65,,,1100,195713.00,24,F1,1,,,,,
2026-10-05,2026-10-05,CM,BSE,STK,509046,INE778N01016,TRILIANCE,X,,,,,TRILIANCE POLYMERS LIMITED,45.00,45.00,45.00,45.00,45.00,45.00,,45.00,,,1,45.00,1,F1,1,,,,,
2026-10-05,2026-10-05,CM,BSE,STK,509048,INE572G01025,LANCORHOL,T,,,,,LANCOR HOLDINGS LTD.,31.91,33.28,31.25,32.10,32.10,32.01,,31.23,,,2180,70889.00,31,F1,1,,,,,
2026-10-05,2026-10-05,CM,BSE,STK,509051,INE300B01022,INDINFO,X,,,,,INDIAN INFOTECH & SOFTWARE LTD,0.54,0.55,0.52,0.53,0.53,0.54,,0.53,,,1969795,1057325.00,810,F1,1,,,,,
2026-10-05,2026-10-05,CM,BSE,STK,509053,INE521L01030,BANASFN,X,,,,,BANAS FINANCE LTD.,6.80,6.92,6.80,6.89,6.80,6.84,,6.89,,,7862,53731.00,56,F1,1,,,,,
2026-10-05,2026-10-05,CM,BSE,STK,509055,INE392A01021,VISAKAIND,T,,,,,VISAKA INDUSTRIES LTD.,83.42,83.90,81.21,81.57,81.50,83.42,,81.57,,,9907,813384.00,97,F1,1,,,,,
2026-10-05,2026-10-05,CM,BSE,STK,509069,INE669A01022,INFOMEDIA,B,,,,,INFOMEDIA PRESS LTD.,5.42,5.55,5.06,5.06,5.06,5.40,,5.21,,,951,4880.00,12,F1,1,,,,,
2026-10-05,2026-10-05,CM,BSE,STK,509073,INE525B01016,HATHWAYB,X,,,,,HATHWAY BHAWANI CABLETEL & DAT,11.20,11.20,11.20,11.20,11.20,11.50,,11.20,,,61,683.00,5,F1,1,,,,,
2026-10-05,2026-10-05,CM,BSE,STK,509079,INE742B01025,GUFICBIO,B,,,,,GUFIC BIOSCIENCES LTD.,419.90,424.40,410.05,420.55,422.00,418.20,,419.73,,,3646,1523073.00,341,F1,1,,,,,
2026-10-05,2026-10-05,CM,BSE,STK,509084,INE107J01016,PHOTON,XT,,,,,PHOTON CAPITAL ADVISORS LTD.,395.80,395.80,395.80,395.80,395.80,388.05,,395.80,,,1,395.00,1,F1,1,,,,,
2026-10-05,2026-10-05,CM,BSE,STK,509152,INE137I01015,GRPLTD,B,,,,,GRP LTD.,1842.15,1870.00,1842.10,1870.00,1870.00,1888.10,,1869.99,,,2187,4089327.00,12,F1,1,,,,,
2026-10-05,2026-10-05,CM,BSE,STK,509162,INE802D01023,INDAG,XT,,,,,INDAG RUBBER LTD.,105.85,105.85,101.50,103.10,103.10,105.45,,103.10,,,6354,656373.00,74,F1,1,,,,,
2026-10-05,2026-10-05,CM,BSE,STK,509196,INE159E01026,MMRUBBR-B,X,,,,,MM RUBBER COMPANY LTD.,58.80,63.00,57.99,61.74,61.70,58.76,,61.74,,,2322,139957.00,74,F1,1,,,,,
2026-10-05,2026-10-05,CM,BSE,STK,509220,INE034D01049,PTL,B,,,,,PTL ENTERPRISES LTD.,38.45,39.00,37.96,38.50,38.50,37.85,,38.21,,,4387,169145.00,54,F1,1,,,,,
2026-10-05,2026-10-05,CM,BSE,STK,509243,INE421C01016,TVSSRICHAK,B,,,,,TVS SRICHAKRA LTD.,4359.95,4403.65,4252.00,4264.00,4252.05,4340.45,,4275.81,,,241,1036974.00,78,F1,1,,,,,
2026-10-05,2026-10-05,CM,BSE,STK,509423,INE367E01033,SEL,X,,,,,SANATHNAGAR ENTERPRISES LIMITE,33.48,33.48,33.48,33.48,33.48,33.47,,33.48,,,25,837.00,2,F1,1,,,,,
2026-10-05,2026-10-05,CM,BSE,STK,509438,INE664D01019,BENARAS,B,,,,,BENARES HOTELS LTD.,10210.00,10299.00,10200.00,10200.00,10200.00,10230.00,,10183.00,,,46,469852.00,24,F1,1,,,,,
2026-10-05,2026-10-05,CM,BSE,STK,509449,INE026I01010,BHAGWOX,X,,,,,BHAGWATI OXYGEN LTD.,38.55,38.59,38.55,38.57,38.57,38.89,,38.57,,,99,3819.00,7,F1,1,,,,,
2026-10-05,2026-10-05,CM,BSE,STK,509470,INE01TL01014,BOMOXY-B1,X,,,,,BOMBAY OXYGEN INVESTMENTS LIMI,17902.00,18000.00,17400.00,17480.15,17500.00,17902.00,,17480.15,,,41,722836.00,27,F1,1,,,,,
2026-10-05,2026-10-05,CM,BSE,STK,509472,INE145E01017,CRAVATEX,B,,,,,CRAVATEX LTD.,350.00,360.00,334.00,338.75,339.00,346.05,,338.93,,,47,15938.00,11,F1,1,,,,,
2026-10-05,2026-10-05,CM,BSE,STK,509480,INE463A01038,BERGEPAINT,A,,,,,BERGER PAINTS INDIA LTD.,454.00,461.00,452.55,458.65,458.75,452.30,,458.40,,,12887,5918238.00,728,F1,1,,,,,
2026-10-05,2026-10-05,CM,BSE,STK,509486,INE479A01018,CAPRIHANS,XT,,,,,CAPRIHANS INDIA LTD.,111.35,111.35,109.15,109.15,109.15,111.35,,109.15,,,82,9009.00,6,F1,1,,,,,
2026-10-05,2026-10-05,CM,BSE,STK,509488,INE371A01025,GRAPHITE,A,,,,,GRAPHITE INDIA LTD.,791.60,821.80,791.60,816.15,818.00,786.00,,816.39,,,82886,67237530.00,2436,F1,1,,,,,
2026-10-05,2026-10-05,CM,BSE,STK,509496,INE686A01026,CEMPRO,A,,,,,Cemindia Projects Limited,1200.45,1200.45,1152.00,1159.30,1159.90,1176.90,,1156.69,,,12881,15058793.00,1618,F1,1,,,,,
2026-10-05,2026-10-05,CM,BSE,STK,509525,INE515H01014,EMPIND,B,,,,,EMPIRE INDUSTRIES LTD.,1051.10,1061.10,1031.10,1041.50,1043.60,1061.10,,1034.01,,,399,416047.00,27,F1,1,,,,,
2026-10-05,2026-10-05,CM,BSE,STK,509546,INE214F01026,GRAVISSHO,T,,,,,GRAVISS HOSPITALITY LIMITED,32.00,32.00,32.00,32.00,32.00,31.75,,31.67,,,157,5024.00,2,F1,1,,,,,
2026-10-05,2026-10-05,CM,BSE,STK,509557,INE276A01018,GARFIBRES,A,,,,,GARWARE TECHNICAL FIBRES LIMIT,700.00,776.10,700.00,769.55,769.00,768.25,,770.60,,,988,758266.00,126,F1,1,,,,,
2026-10-05,2026-10-05,CM,BSE,STK,509563,INE925D01014,GARWAMAR,X,,,,,GARWARE MARINE INDUSTRIES LTD.,18.99,18.99,18.02,18.21,18.21,18.99,,18.21,,,965,18013.00,39,F1,1,,,,,
2026-10-05,2026-10-05,CM,BSE,STK,509567,INE426D01013,GOACARBON,B,,,,,GOA CARBON LTD.,410.00,410.00,396.30,404.80,409.00,402.10,,403.28,,,1136,458994.00,156,F1,1,,,,,
2026-10-05,2026-10-05,CM,BSE,STK,509597,INE722D01015,HARDCAS,X,,,,,HARDCASTLE & WAUD MFG.CO.LTD.,840.95,840.95,829.00,837.55,837.55,841.90,,837.55,,,10,8328.00,5,F1,1,,,,,
2026-10-05,2026-10-05,CM,BSE,STK,509631,INE545A01024,HEGAM,A,,,,,HEG Advanced Materials Limited,242.25,247.75,232.10,233.95,233.95,239.15,,233.78,,,76629,18313932.00,1755,F1,1,,,,,
2026-10-05,2026-10-05,CM,BSE,STK,509635,INE310C01029,HINDCOMPOS,B,,,,,HINDUSTAN COMPOSITES LTD.,395.20,424.40,395.20,401.20,403.20,370.15,,400.67,,,6769,2757234.00,121,F1,1,,,,,
2026-10-05,2026-10-05,CM,BSE,STK,509675,INE557A01011,BIRLANU,B,,,,,BIRLANU LIMITED,1401.20,1401.25,1375.75,1378.95,1375.75,1393.70,,1379.48,,,180,249786.00,56,F1,1,,,,,
2026-10-05,2026-10-05,CM,BSE,STK,509692,INE061A01014,INDIANCARD,B,,,,,INDIAN CARD CLOTHING CO.LTD.,185.65,185.65,185.65,185.65,185.65,182.00,,184.84,,,150,27847.00,9,F1,1,,,,,
2026-10-05,2026-10-05,CM,BSE,STK,509709,INE575C01027,INTLCONV,B,,,,,INTERNATIONAL CONVEYORS LTD.,78.00,81.00,78.00,80.54,80.76,80.09,,80.10,,,1535,123241.00,39,F1,1,,,,,
2026-10-05,2026-10-05,CM,BSE,STK,509715,INE364A01020,JAYSREETEA,B,,,,,JAY SHREE TEA & INDUSTRIES LTD,83.21,85.52,81.77,83.07,82.06,84.14,,82.79,,,5223,434479.00,161,F1,1,,,,,
2026-10-05,2026-10-05,CM,BSE,STK,509732,INE972A01020,KOTIC,B,,,,,KOTHARI INDUSTRIAL CORPORATION,146.05,152.00,142.95,149.75,149.75,147.95,,148.74,,,5511,816581.00,139,F1,1,,,,,
2026-10-05,2026-10-05,CM,BSE,STK,509760,INE370A01019,MODRNSH,XT,,,,,MODERN SHARES & STOCKBROKERS L,31.49,31.49,31.49,31.49,31.49,32.30,,31.49,,,22,692.00,3,F1,1,,,,,
2026-10-05,2026-10-05,CM,BSE,STK,509762,INE848M01019,MAPROIN,XT,,,,,MAPRO INDUSTRIES LTD.,69.03,69.03,69.03,69.03,69.03,67.68,,69.03,,,198,13667.00,4,F1,1,,,,,
2026-10-05,2026-10-05,CM,BSE,STK,509820,INE275B01026,HUHTAMAKI,B,,,,,HUHTAMAKI INDIA LIMITED,232.95,234.65,226.00,227.75,228.00,233.20,,227.54,,,13040,2995304.00,607,F1,1,,,,,
2026-10-05,2026-10-05,CM,BSE,STK,509835,INE940N01012,PREMSYN,X,,,,,PREMIER SYNTHETICS LTD.,16.17,16.17,15.20,15.94,15.94,15.85,,15.94,,,503,7922.00,7,F1,1,,,,,
2026-10-05,2026-10-05,CM,BSE,STK,509874,INE849C01026,SHALPAINTS,T,,,,,SHALIMAR PAINTS LTD.,77.45,79.44,75.49,75.53,75.49,78.13,,75.18,,,9422,727857.00,56,F1,1,,,,,
2026-10-05,2026-10-05,CM,BSE,STK,509895,INE832D01020,HINDMILL,X,,,,,HINDOOSTAN MILLS LTD.,163.85,163.85,153.00,159.85,159.85,156.85,,159.85,,,39,6101.00,11,F1,1,,,,,
2026-10-05,2026-10-05,CM,BSE,STK,509930,INE195A01028,SUPREMEIND,A,,,,,SUPREME INDUSTRIES LTD.,3394.50,3424.05,3370.90,3376.80,3376.80,3376.75,,3398.83,,,949,3217042.00,175,F1,1,,,,,
2026-10-05,2026-10-05,CM,BSE,STK,509945,INE077P01034,THACKER,B,,,,,THACKER & CO.LTD.,870.00,989.00,870.00,989.00,989.00,964.65,,989.00,,,9,8562.00,5,F1,1,,,,,
2026-10-05,2026-10-05,CM,BSE,STK,509966,INE710A01016,VSTIND,B,,,,,VST INDUSTRIES LTD.,204.95,204.95,200.00,200.95,201.30,201.05,,200.92,,,11547,2322312.00,379,F1,1,,,,,
2026-10-05,2026-10-05,CM,BSE,STK,510245,INE804A01025,SWASTIVI,X,,,,,SWASTI VINAYAKA SYNTHETICS LTD,3.65,3.77,3.65,3.71,3.73,3.68,,3.71,,,26921,98945.00,87,F1,1,,,,,
2026-10-05,2026-10-05,CM,BSE,STK,511000,INE856D01011,MSLGLOBAL,X,,,,,MSL GLOBAL LIMITED,18.79,18.79,18.20,18.38,18.76,18.17,,18.38,,,211,3881.00,5,F1,1,,,,,
2026-10-05,2026-10-05,CM,BSE,STK,511012,INE457N01025,YAMNINV,XT,,,,,YAMINI INVESTMENTS COMPANY LTD,0.57,0.57,0.55,0.57,0.57,0.57,,0.57,,,379764,212865.00,388,F1,1,,,,,
2026-10-05,2026-10-05,CM,BSE,STK,511016,INE946K01023,PREMCAP,XT,,,,,PREMIER CAPITAL SERVICES LTD.,7.53,7.54,6.84,6.84,6.84,7.19,,6.84,,,542,3963.00,12,F1,1,,,,,
2026-10-05,2026-10-05,CM,BSE,STK,511018,INE679T01013,ZMILGFIN,X,,,,,MILGREY FINANCE & INVESTMENT L,45.20,45.20,43.20,43.89,44.20,45.20,,43.89,,,17866,781142.00,80,F1,1,,,,,
2026-10-05,2026-10-05,CM,BSE,STK,511034,INE742C01031,JINDRILL,B,,,,,JINDAL DRILLING & INDUSTRIES L,598.25,598.25,584.10,585.60,584.10,586.50,,585.93,,,6873,4049535.00,244,F1,1,,,,,
2026-10-05,2026-10-05,CM,BSE,STK,511066,INE302E01014,SAKTHIFIN,X,,,,,SAKTHI FINANCE LTD.,24.99,25.80,24.60,24.75,24.61,24.72,,24.75,,,4166,104911.00,46,F1,1,,,,,
2026-10-05,2026-10-05,CM,BSE,STK,511076,INE065D01027,AEROENTER,B,,,,,AEROFLEX ENTERPRISES LIMITED,124.25,130.00,123.50,126.75,127.00,121.75,,126.70,,,59017,7492690.00,818,F1,1,,,,,
2026-10-05,2026-10-05,CM,BSE,STK,511092,INE047E01031,JMDVL,XT,,,,,JMD Ventures Limited,7.09,7.28,6.66,7.09,7.15,6.95,,7.09,,,29496,209305.00,61,F1,1,,,,,
2026-10-05,2026-10-05,CM,BSE,STK,511108,INE705C01020,SHIVATEX,B,,,,,SHIVA TEXYARN LTD.,166.30,166.30,162.45,162.45,162.45,166.30,,165.01,,,243,39580.00,8,F1,1,,,,,
2026-10-05,2026-10-05,CM,BSE,STK,511110,INE848D01018,VBDESAI,X,,,,,V.B.DESAI FINANCIAL SERVICES L,17.40,17.40,17.40,17.40,17.40,17.40,,17.40,,,464,8073.00,4,F1,1,,,,,
2026-10-05,2026-10-05,CM,BSE,STK,511116,INE527B01020,QUADRANT,XT,,,,,QUADRANT TELEVENTURES LIMITED,0.84,0.84,0.84,0.84,0.84,0.85,,0.84,,,294799,247631.00,130,F1,1,,,,,
2026-10-05,2026-10-05,CM,BSE,STK,511122,INE609B01018,1STCUS,X,,,,,FIRST CUSTODIAN FUND (INDIA) L,65.00,65.00,65.00,65.00,65.00,64.95,,65.00,,,3,195.00,1,F1,1,,,,,
2026-10-05,2026-10-05,CM,BSE,STK,511131,INE344D01018,KAMANWALA,B,,,,,KAMANWALA HOUSING CONSTRUCTION,16.50,16.58,16.50,16.50,16.50,16.40,,16.55,,,222,3675.00,7,F1,1,,,,,
2026-10-05,2026-10-05,CM,BSE,STK,511144,INE520G01024,AXISOL,XT,,,,,AXIS SOLUTIONS LIMITED,652.90,652.90,652.90,652.90,652.90,640.10,,652.90,,,12006,7838717.00,68,F1,1,,,,,
2026-10-05,2026-10-05,CM,BSE,STK,511147,INE549D01012,WSFX,X,,,,,WSFX Global Pay Limited,62.50,62.97,60.30,61.00,61.00,61.20,,61.00,,,25478,1602426.00,23,F1,1,,,,,
2026-10-05,2026-10-05,CM,BSE,STK,511153,INE096I01021,ANJANIFOODS,XT,,,,,Anjani Foods Limited,16.50,17.30,15.71,17.19,16.01,16.51,,17.19,,,4185,70354.00,39,F1,1,,,,,
2026-10-05,2026-10-05,CM,BSE,STK,511169,INE552N01023,RKDAGRRTL,X,,,,,RKD AGRI AND RETAIL LIMITED,5.64,5.64,5.36,5.62,5.62,5.64,,5.62,,,42,234.00,7,F1,1,,,,,
2026-10-05,2026-10-05,CM,BSE,STK,511176,INE635I01018,PARSHWANA,XT,,,,,PARSHWANATH CORPORATION LTD.,94.03,99.90,94.03,99.90,99.90,95.95,,99.90,,,12,1134.00,4,F1,1,,,,,
2026-10-05,2026-10-05,CM,BSE,STK,511194,INE613B01010,ICDSLTD,T,,,,,ICDS LTD.,47.93,47.93,46.50,47.93,47.93,47.70,,46.27,,,112,5328.00,9,F1,1,,,,,
2026-10-05,2026-10-05,CM,BSE,STK,511196,INE477A01020,CANFINHOME,A,,,,,CAN FIN HOMES LTD.,718.90,735.20,717.55,722.75,729.10,709.30,,724.65,,,6509,4727428.00,469,F1,1,,,,,
2026-10-05,2026-10-05,CM,BSE,STK,511208,INE050B01023,IVC,B,,,,,IL&FS INVESTMENT MANAGERS LTD.,7.99,8.11,7.81,7.87,7.89,7.80,,7.85,,,27123,215730.00,242,F1,1,,,,,
2026-10-05,2026-10-05,CM,BSE,STK,511218,INE721A01047,SHRIRAMFIN,A,,,,,Shriram Finance Limited,974.90,975.00,953.20,975.00,975.00,942.80,,971.41,,,99261,95837350.00,2940,F1,1,,,,,
2026-10-05,2026-10-05,CM,BSE,STK,511243,INE121A01024,CHOLAFIN,A,,,,,CHOLAMANDALAM INVESTMENT AND F,1590.00,1610.00,1581.00,1608.00,1608.00,1583.00,,1605.41,,,239022,382534735.00,3610,F1,1,,,,,
2026-10-05,2026-10-05,CM,BSE,STK,511246,INE910D01024,BOMTALKIES,X,,,,,BOMBAY TALKIES LIMITED,3.27,3.27,3.26,3.26,3.26,3.26,,3.26,,,113,368.00,3,F1,1,,,,,
2026-10-05,2026-10-05,CM,BSE,STK,511260,INE088P01015,ICONIKSPEV,X,,,,,ICONIK SPORTS AND EVENTS LIMIT,30.39,31.98,30.39,30.68,30.78,31.98,,30.68,,,19714,610528.00,67,F1,1,,,,,
2026-10-05,2026-10-05,CM,BSE,STK,511333,INE709A01018,VLSFINANCE,B,,,,,VLS FINANCE LTD.,231.10,231.10,230.00,230.05,230.05,229.20,,231.16,,,479,110179.00,8,F1,1,,,,,
2026-10-05,2026-10-05,CM,BSE,STK,511355,INE429D01017,INDCEMCAP,XT,,,,,INDIA CEMENTS CAPITAL LTD.,27.75,27.87,27.75,27.87,27.87,26.55,,27.87,,,6163,171751.00,21,F1,1,,,,,
2026-10-05,2026-10-05,CM,BSE,STK,511359,INE556D01017,ADMANUM,X,,,,,AD-MANUM FINANCE LTD.,53.99,53.99,52.00,52.00,52.00,51.99,,52.00,,,739,39555.00,11,F1,1,,,,,
2026-10-05,2026-10-05,CM,BSE,STK,511377,INE240B01012,MEHIF,X,,,,,MEHTA INTEGRATED FINANCE LTD.,29.40,29.40,29.40,29.40,29.40,29.40,,29.40,,,3,88.00,1,F1,1,,,,,
2026-10-05,2026-10-05,CM,BSE,STK,511391,INE661M01016,INTRGLB,X,,,,,INTER GLOBE FINANCE LTD.,62.90,62.90,56.20,59.81,61.95,62.14,,59.81,,,337,20567.00,14,F1,1,,,,,
2026-10-05,2026-10-05,CM,BSE,STK,511411,INE472C01027,SHRISTI,X,,,,,SHRISTI INFRASTRUCTURE DEVELOP,32.59,32.59,31.00,31.79,31.05,32.56,,31.79,,,186,5844.00,13,F1,1,,,,,
2026-10-05,2026-10-05,CM,BSE,STK,511413,INE559D01011,CREST,B,,,,,CREST,409.95,409.95,365.15,366.10,367.00,360.35,,363.05,,,42,16499.00,5,F1,1,,,,,
2026-10-05,2026-10-05,CM,BSE,STK,511431,INE051B01021,VAKRANGEE,B,,,,,VAKRANGEE LIMITED,5.22,5.33,5.12,5.21,5.21,5.13,,5.21,,,104358,541105.00,380,F1,1,,,,,
2026-10-05,2026-10-05,CM,BSE,STK,511447,INE706F01021,SYLPH,X,,,,,Sylph Industries Limited,0.20,0.21,0.20,0.20,0.21,0.21,,0.20,,,4579344,923385.00,690,F1,1,,,,,
2026-10-05,2026-10-05,CM,BSE,STK,511451,INE899D01011,DHARFIN,X,,,,,DHARANI FINANCE LTD.,12.20,12.20,11.80,12.00,12.00,12.20,,12.00,,,501,5996.00,8,F1,1,,,,,
2026-10-05,2026-10-05,CM,BSE,STK,511463,INE191N01012,ALEXANDER,X,,,,,Alexander Stamps And Coin Limi,8.00,8.00,7.22,8.00,8.00,8.00,,8.00,,,1446,11529.00,11,F1,1,,,,,
2026-10-05,2026-10-05,CM,BSE,STK,511473,INE841B01017,INDBANK,B,,,,,INDBANK MERCHANT BANKING SERVI,25.55,25.55,25.09,25.11,25.11,25.14,,25.17,,,166,4214.00,7,F1,1,,,,,
2026-10-05,2026-10-05,CM,BSE,STK,511493,INE488C01015,SHRYDUS,XT,,,,,SHRYDUS INDUSTRIES LIMITED,3.84,3.84,3.66,3.67,3.67,3.85,,3.67,,,3863,14516.00,15,F1,1,,,,,
2026-10-05,2026-10-05,CM,BSE,STK,511501,INE900A01013,BHARAT,X,,,,,Bharat Bhushan Finance & Commo,23.00,23.00,21.57,22.25,22.22,22.40,,22.25,,,931,20465.00,38,F1,1,,,,,
2026-10-05,2026-10-05,CM,BSE,STK,511505,INE707C01018,CAPTRUST,T,,,,,CAPITAL TRUST LTD.,19.00,20.09,19.00,20.01,20.09,19.14,,20.00,,,21348,424167.00,33,F1,1,,,,,
2026-10-05,2026-10-05,CM,BSE,STK,511507,INE697C01011,USHAKIRA,X,,,,,USHAKIRAN FINANCE LTD.,28.10,28.10,25.56,25.58,25.56,26.77,,25.58,,,1062,29700.00,10,F1,1,,,,,
2026-10-05,2026-10-05,CM,BSE,STK,511509,INE380K01017,VIVOBIOT,B,,,,,VIVO BIO TECH LTD.,17.58,17.58,14.70,14.98,14.98,17.26,,15.07,,,63097,985870.00,299,F1,1,,,,,
2026-10-05,2026-10-05,CM,BSE,STK,511523,INE882C01035,VEERHEALTH,XT,,,,,VEERHEALTH CARE LIMITED,50.12,52.00,49.06,50.24,50.25,49.88,,50.24,,,174099,8787505.00,293,F1,1,,,,,
2026-10-05,2026-10-05,CM,BSE,STK,511525,INE376A01032,PANINDIAC,X,,,,,PAN INDIA CORPORATION LTD.,1.65,1.65,1.31,1.44,1.45,1.44,,1.44,,,134488,193724.00,188,F1,1,,,,,
2026-10-05,2026-10-05,CM,BSE,STK,511533,INE135C01012,SAHARAHOUS,X,,,,,SAHARA HOUSINGFINA CORPORATION,39.00,39.00,32.77,34.92,35.98,37.35,,34.92,,,3830,137536.00,60,F1,1,,,,,
2026-10-05,2026-10-05,CM,BSE,STK,511535,INE026C01013,NDASEC,X,,,,,NDA SECURITIES LTD.,22.00,24.00,22.00,24.00,24.00,23.00,,24.00,,,206,4931.00,10,F1,1,,,,,
2026-10-05,2026-10-05,CM,BSE,STK,511539,INE533B01028,SUPRATRE,X,,,,,Supra Trends Limited,14.16,14.16,14.16,14.16,14.16,14.90,,14.16,,,2,28.00,2,F1,1,,,,,
2026-10-05,2026-10-05,CM,BSE,STK,511543,INE777C01011,GSBFIN,XT,,,,,GSB FINANCE LTD.,48.10,48.15,48.00,48.15,48.15,45.90,,48.15,,,1502,72318.00,11,F1,1,,,,,
2026-10-05,2026-10-05,CM,BSE,STK,511549,INE367A01015,MORARKFI,X,,,,,MORARKA FINANCE LTD.,64.99,64.99,59.00,63.89,63.89,61.58,,63.89,,,43,2700.00,10,F1,1,,,,,
2026-10-05,2026-10-05,CM,BSE,STK,511551,INE903D01011,MONARCH,B,,,,,Monarch Networth Capital Limit,345.70,350.25,342.05,349.20,349.45,341.70,,348.66,,,536,185161.00,58,F1,1,,,,,
2026-10-05,2026-10-05,CM,BSE,STK,511557,INE732K01027,PROFINC,Z,,,,,PRO FIN CAPITAL SERVICES LTD.,2.66,2.77,2.66,2.67,2.67,2.66,,2.67,,,826312,2243481.00,242,F1,1,,,,,
2026-10-05,2026-10-05,CM,BSE,STK,511559,INE289C01025,TEAMGTY,B,,,,,TEAM INDIA GUARANTY LIMITED,228.75,242.00,228.75,235.00,234.95,242.00,,235.58,,,84,20108.00,7,F1,1,,,,,
2026-10-05,2026-10-05,CM,BSE,STK,511571,INE754C01010,CRESCENTIS,X,,,,,Crescentis Capital Limited,102.85,105.00,98.00,100.00,100.00,97.45,,100.00,,,2244,229212.00,20,F1,1,,,,,
2026-10-05,2026-10-05,CM,BSE,STK,511577,INE304E01010,MANTRA,X,,,,,Mantra Capital Limited,17.00,17.98,16.52,16.52,16.52,17.44,,16.52,,,4928,83435.00,19,F1,1,,,,,
2026-10-05,2026-10-05,CM,BSE,STK,511589,INE323B01024,AVONMORE,B,,,,,AVONMORE CAPITAL & MANAGEMENT,12.51,12.98,12.06,12.73,12.41,12.98,,12.50,,,11012,137629.00,75,F1,1,,,,,
2026-10-05,2026-10-05,CM,BSE,STK,511593,INE212B01011,LIBORDFIN,X,,,,,LIBORD FINANCE LTD,14.95,15.90,14.95,14.95,14.95,14.95,,14.95,,,52,806.00,5,F1,1,,,,,
2026-10-05,2026-10-05,CM,BSE,STK,511601,INE216B01012,YASHMGM,X,,,,,YASH MANAGEMENT & SATELLITE LT,9.94,10.47,9.94,9.98,10.00,10.14,,9.98,,,470,4715.00,12,F1,1,,,,,
2026-10-05,2026-10-05,CM,BSE,STK,511605,INE420B01036,ARIHANTCAP,B,,,,,ARIHANT CAPITAL MARKETS LTD.,84.00,94.86,84.00,91.02,91.28,88.27,,91.01,,,22786,2103560.00,522,F1,1,,,,,
2026-10-05,2026-10-05,CM,BSE,STK,511609,INE569B01022,ISLCONSUL,X,,,,,ISL CONSULTING LTD.,12.39,12.39,11.40,12.26,12.26,11.94,,12.26,,,20,232.00,5,F1,1,,,,,
2026-10-05,2026-10-05,CM,BSE,STK,511611,INE891B01012,DCMFINSERV,B,,,,,DCM FINANCIAL SERVICES LTD.,4.73,5.28,4.73,5.03,5.05,5.09,,5.03,,,2682,13337.00,24,F1,1,,,,,
2026-10-05,2026-10-05,CM,BSE,STK,511626,INE229D01011,RRFIN,X,,,,,RR FINANCIAL CONSULTANTS LTD.,65.10,65.10,62.00,64.00,64.00,62.00,,64.00,,,2149,138952.00,28,F1,1,,,,,
2026-10-05,2026-10-05,CM,BSE,STK,511628,INE417D01020,FEDDERSHOL,B,,,,,FEDDERS HOLDING LIMITED,65.05,67.05,62.99,64.47,64.20,63.68,,64.24,,,789832,51751472.00,3205,F1,1,,,,,
2026-10-05,2026-10-05,CM,BSE,STK,511630,INE699B01027,SAMBHAAV,B,,,,,SAMBHAAV MEDIA LTD.,5.28,5.46,5.26,5.28,5.26,5.45,,5.29,,,9796,51966.00,61,F1,1,,,,,
2026-10-05,2026-10-05,CM,BSE,STK,511632,INE091N01014,OLYMTFI,XT,,,,,OLYMPIC MANAGEMENT & FINANCIAL,10.60,10.60,10.60,10.60,10.60,10.60,,10.60,,,100,1060.00,2,F1,1,,,,,
2026-10-05,2026-10-05,CM,BSE,STK,511634,INE919M01026,AXENTRA,X,,,,,AXENTRA CORP LIMITED,292.70,298.60,292.70,292.70,292.70,295.65,,292.70,,,63092,18471695.00,24,F1,1,,,,,
2026-10-05,2026-10-05,CM,BSE,STK,511636,INE234E01027,DJSSS,XT,,,,,DJS STOCK & SHARES LTD.,2.41,2.41,2.41,2.41,2.41,2.53,,2.41,,,22,53.00,3,F1,1,,,,,
2026-10-05,2026-10-05,CM,BSE,STK,511644,INE113B01037,OMEGAIN,X,,,,,OMEGA INTERACTIVE TECHNOLOGIES,16.88,16.88,16.88,16.88,16.88,17.76,,16.88,,,87656,1479633.00,492,F1,1,,,,,
2026-10-05,2026-10-05,CM,BSE,STK,511654,INE309D01011,SUGALDAM,X,,,,,SUGAL & DAMANI SHARE BROKERS L,67.78,68.11,67.78,67.96,68.11,67.45,,67.96,,,14,949.00,5,F1,1,,,,,
2026-10-05,2026-10-05,CM,BSE,STK,511658,INE027D01019,NETTLINX,X,,,,,NETTLINX LTD.,13.88,13.88,12.65,12.99,12.99,13.72,,12.99,,,9723,126249.00,72,F1,1,,,,,
2026-10-05,2026-10-05,CM,BSE,STK,511660,INE555D01019,PREMCAPM,XT,,,,,PREMIUM CAPITAL MARKET & INVES,10.52,10.52,10.52,10.52,10.52,10.52,,10.52,,,2591,27257.00,6,F1,1,,,,,
2026-10-05,2026-10-05,CM,BSE,STK,511664,INE443D01018,BGIL,X,,,,,BGIL FILMS & TECHNOLOGIES LTD.,6.91,7.18,6.91,6.91,6.92,6.88,,6.91,,,2446,16914.00,19,F1,1,,,,,
2026-10-05,2026-10-05,CM,BSE,STK,511672,INE099G01011,SCANSTL,T,,,,,Scan Steels Limited,48.00,49.98,46.49,46.50,48.39,48.75,,47.11,,,10599,508481.00,62,F1,1,,,,,
2026-10-05,2026-10-05,CM,BSE,STK,511676,INE289B01019,GICHSGFIN,B,,,,,GIC HOUSING FINANCE LTD.,134.55,134.55,132.00,133.00,133.05,132.60,,132.32,,,540,71512.00,120,F1,1,,,,,
2026-10-05,2026-10-05,CM,BSE,STK,511692,INE759C01027,AJCON,X,,,,,AJCON GLOBAL SERVICES LTD.,6.00,6.46,5.68,6.07,6.19,5.64,,6.07,,,15204,93378.00,53,F1,1,,,,,
2026-10-05,2026-10-05,CM,BSE,STK,511696,INE953B01010,CHRTEDCA,X,,,,,CHARTERED CAPITAL & INVESTMENT,250.00,250.00,250.00,250.00,250.00,250.00,,250.00,,,30,7500.00,3,F1,1,,,,,
2026-10-05,2026-10-05,CM,BSE,STK,511700,INE625D01028,STANCAP,X,,,,,STANDARD CAPITAL MARKETS LTD.,0.32,0.32,0.30,0.31,0.31,0.31,,0.31,,,6900893,2155942.00,1170,F1,1,,,,,
2026-10-05,2026-10-05,CM,BSE,STK,511702,INE290E01011,YOGI,B,,,,,YOGI LIMITED,167.50,167.50,160.05,160.05,160.05,160.50,,160.01,,,53,8494.00,5,F1,1,,,,,
2026-10-05,2026-10-05,CM,BSE,STK,511710,INE717D01023,CUBIFIN,XT,,,,,CUBICAL FINANCIAL SERVICES LTD,5.70,5.75,5.70,5.70,5.70,5.81,,5.70,,,22776,129873.00,47,F1,1,,,,,
2026-10-05,2026-10-05,CM,BSE,STK,511712,INE452B01013,RELICTEC,X,,,,,RELIC TECHNOLOGIES LTD.,72.34,72.70,65.25,68.00,68.00,71.99,,68.00,,,398,26433.00,25,F1,1,,,,,
2026-10-05,2026-10-05,CM,BSE,STK,511714,INE875B01015,NIMBSPROJ,B,,,,,NIMBUS PROJECTS LTD.,183.55,194.70,183.30,187.10,194.70,186.00,,187.32,,,106,19544.00,8,F1,1,,,,,
2026-10-05,2026-10-05,CM,BSE,STK,511716,INE359A01012,INVIGO,XT,,,,,Invigorated Business Consultin,8.51,8.97,8.51,8.85,8.85,8.55,,8.85,,,291,2573.00,11,F1,1,,,,,
2026-10-05,2026-10-05,CM,BSE,STK,511724,INE020D01022,BAIDFIN,B,,,,,BAID FINSERV LIMITED,10.53,10.74,10.02,10.43,10.31,10.24,,10.33,,,2013,20712.00,20,F1,1,,,,,
2026-10-05,2026-10-05,CM,BSE,STK,511726,INE946H01037,VIPULLTD,T,,,,,VIPUL LTD.,10.55,10.70,10.25,10.50,10.48,10.55,,10.49,,,6978,73430.00,33,F1,1,,,,,
2026-10-05,2026-10-05,CM,BSE,STK,511728,INE006C01015,KZLFIN,X,,,,,K.Z.LEASING & FINANCE LTD.,15.50,15.50,15.50,15.50,15.50,15.50,,15.50,,,6,93.00,3,F1,1,,,,,
2026-10-05,2026-10-05,CM,BSE,STK,511734,INE527C01010,PASUFIN,XT,,,,,PASUPATI FINCAP LTD.,27.34,27.34,27.00,27.00,27.00,26.81,,27.00,,,17384,474598.00,17,F1,1,,,,,
2026-10-05,2026-10-05,CM,BSE,STK,511740,INE239B01014,RFL,X,,,,,RUPAREL FOOD PRODUCTS LIMITED,81.19,81.19,77.00,81.19,81.19,77.33,,81.19,,,145,11173.00,4,F1,1,,,,,
2026-10-05,2026-10-05,CM,BSE,STK,511742,INE583D01011,UGROCAP,B,,,,,UGRO CAPITAL LIMITED,81.27,83.55,80.66,81.71,82.71,82.60,,81.89,,,6448,528157.00,91,F1,1,,,,,
2026-10-05,2026-10-05,CM,BSE,STK,511754,INE861D01011,SAHLIBHFI,B,,,,,SHALIBHADRA FINANCE LTD.,78.74,78.74,76.32,77.86,77.95,77.69,,77.13,,,841,65036.00,16,F1,1,,,,,
2026-10-05,2026-10-05,CM,BSE,STK,511756,INE195I01013,ABIRAFN,Z,,,,,ABIRAMI FINANCIAL SERVICES (IN,34.50,35.50,34.50,34.50,34.50,34.50,,34.50,,,37,1277.00,6,F1,1,,,,,
2026-10-05,2026-10-05,CM,BSE,STK,511764,INE819K01014,AASTAFIN,X,,,,,Aastamangalam Finance Limited,28.79,28.79,26.50,26.90,27.00,28.79,,26.90,,,6808,187929.00,48,F1,1,,,,,
2026-10-05,2026-10-05,CM,BSE,STK,511766,INE296G01013,MUTHOOTCAP,B,,,,,MUTHOOT CAPITAL SERVICES LTD.,249.95,249.95,212.50,219.80,219.85,213.80,,219.33,,,317,68736.00,36,F1,1,,,,,
2026-10-05,2026-10-05,CM,BSE,STK,511768,INE677D01037,MASTERTR,B,,,,,MASTER TRUST LTD.,80.75,83.10,80.75,81.49,81.48,81.38,,81.13,,,7769,638324.00,83,F1,1,,,,,
2026-10-05,2026-10-05,CM,BSE,STK,512008,INE886D01026,EFCIL,B,,,,,EFC (I) LIMITED,178.00,178.00,168.15,168.75,168.15,171.75,,168.74,,,6988,1191824.00,220,F1,1,,,,,
2026-10-05,2026-10-05,CM,BSE,STK,512014,INE754D01018,SOBME,X,,,,,SOBHAGYA MERCHANTILE LTD.,1266.00,1335.00,1254.60,1334.25,1335.00,1312.25,,1334.25,,,272,352805.00,55,F1,1,,,,,
2026-10-05,2026-10-05,CM,BSE,STK,512018,INE135H01029,TTGIL,X,,,,,TOMORROW TECHNOLOGIES GLOBAL I,7.99,7.99,7.71,7.83,7.83,7.83,,7.83,,,12459,97358.00,39,F1,1,,,,,
2026-10-05,2026-10-05,CM,BSE,STK,512020,INE967G01019,ZSARACOM,B,,,,,SARASWATI COMMERCIAL (INDIA) L,9713.00,9713.00,9713.00,9713.00,9713.00,10499.95,,9787.00,,,1,9713.00,1,F1,1,,,,,
2026-10-05,2026-10-05,CM,BSE,STK,512025,INE767M01029,ASGARD,X,,,,,ASGARD ALCOBEV LIMITED,34.10,34.50,31.00,33.31,33.25,33.64,,33.31,,,74042,2416227.00,328,F1,1,,,,,
2026-10-05,2026-10-05,CM,BSE,STK,512038,INE887D01024,TCC,B,,,,,TCC CONCEPT LIMITED,47.50,48.58,46.50,46.95,47.95,47.59,,47.07,,,49184,2323965.00,313,F1,1,,,,,
2026-10-05,2026-10-05,CM,BSE,STK,512047,INE510H01015,ROYALIND,X,,,,,ROYAL INDIA CORPORATION LIMITE,5.25,5.50,5.05,5.45,5.36,5.05,,5.45,,,92010,489719.00,404,F1,1,,,,,
2026-10-05,2026-10-05,CM,BSE,STK,512048,INE195E01020,DHANSAFAL,X,,,,,DHANSAFAL FINSERVE LIMITED,2.53,2.68,2.40,2.68,2.68,2.44,,2.68,,,99749,255881.00,164,F1,1,,,,,
2026-10-05,2026-10-05,CM,BSE,STK,512062,INE896J01014,TANDHANIN,XT,,,,,TANDHAN INDUSTRIES LIMITED,145.00,145.00,137.75,141.35,140.00,145.00,,141.35,,,1876,260068.00,18,F1,1,,,,,
2026-10-05,2026-10-05,CM,BSE,STK,512064,INE762D01011,VISVEN,X,,,,,VISHVPRABHA VENTURES LIMITED,38.00,42.94,38.00,38.97,38.00,37.27,,38.97,,,240,9317.00,14,F1,1,,,,,
2026-10-05,2026-10-05,CM,BSE,STK,512065,INE738D01029,MRUTR,XT,,,,,MRUGESH TRADING LTD.,74.30,74.30,74.30,74.30,74.30,75.81,,74.30,,,185192,13759765.00,127,F1,1,,,,,
2026-10-05,2026-10-05,CM,BSE,STK,512068,INE945F01025,DECNGOLD,B,,,,,DECCAN GOLD MINES LTD.,195.75,197.50,187.95,188.70,188.70,195.70,,188.59,,,249620,47809226.00,2818,F1,1,,,,,
2026-10-05,2026-10-05,CM,BSE,STK,512070,INE628A01036,UPL,A,,,,,UPL LIMITED,512.05,527.20,496.80,501.80,501.80,522.00,,502.48,,,863988,436975317.00,4190,F1,1,,,,,
2026-10-05,2026-10-05,CM,BSE,STK,512093,INE234B01023,CRANESSOFT,Z,,,,,CRANES SOFTWARE INTERNATIONAL,6.50,6.50,6.42,6.42,6.42,6.55,,6.42,,,591165,3795662.00,59,F1,1,,,,,
2026-10-05,2026-10-05,CM,BSE,STK,512097,INE092G01024,SAICOM,X,,,,,SAIANAND COMMERCIAL LIMITED,0.20,0.20,0.20,0.20,0.20,0.20,,0.20,,,395720,79144.00,26,F1,1,,,,,
2026-10-05,2026-10-05,CM,BSE,STK,512103,INE276H01013,NIDHGRN,X,,,,,NIDHI GRANITES LTD.,244.85,256.90,233.15,247.90,247.90,244.85,,247.90,,,38093,9148007.00,39,F1,1,,,,,
2026-10-05,2026-10-05,CM,BSE,STK,512115,INE649C01012,ROSEMER,X,,,,,ROSE MERC.LTD.,37.50,38.48,34.45,37.73,38.48,34.99,,37.73,,,12059,443803.00,134,F1,1,,,,,
2026-10-05,2026-10-05,CM,BSE,STK,512131,INE529F01035,SIGIND,T,,,,,SIGNET INDUSTRIES LIMITED,66.10,68.98,65.55,66.89,66.89,68.98,,64.06,,,1512,99259.00,12,F1,1,,,,,
2026-10-05,2026-10-05,CM,BSE,STK,512149,INE758A01072,AVANCE,B,,,,,AVANCE TECHNOLOGIES LTD.,0.80,0.82,0.78,0.80,0.80,0.80,,0.79,,,1428001,1138400.00,760,F1,1,,,,,
2026-10-05,2026-10-05,CM,BSE,STK,512161,INE650K01021,SECURKLOUD,B,,,,,SECUREKLOUD TECHNOLOGIES LIMIT,16.98,17.30,15.90,16.20,16.28,16.98,,16.16,,,7120,115517.00,178,F1,1,,,,,
2026-10-05,2026-10-05,CM,BSE,STK,512165,INE365O01028,ABANSENT,B,,,,,ABANS ENTERPRISES LTD,27.62,28.60,26.34,27.33,27.33,27.62,,27.22,,,1970,54467.00,42,F1,1,,,,,
2026-10-05,2026-10-05,CM,BSE,STK,512169,INE968E01012,CAPRICORN,XT,,,,,CAPRICORN SYSTEMS GLOBAL SOLUT,30.64,31.85,30.64,31.79,31.79,31.26,,31.79,,,416212,12818895.00,40,F1,1,,,,,
2026-10-05,2026-10-05,CM,BSE,STK,512175,INE685D01022,VAMA,X,,,,,VAMA INDUSTRIES LTD.,3.01,3.26,3.01,3.24,3.25,3.10,,3.24,,,4470,14126.00,47,F1,1,,,,,
2026-10-05,2026-10-05,CM,BSE,STK,512179,INE805D01034,SUNTECK,B,,,,,SUNTECK REALTY LTD.,281.80,281.80,276.30,278.05,277.45,279.60,,278.14,,,8878,2475300.00,386,F1,1,,,,,
2026-10-05,2026-10-05,CM,BSE,STK,512197,INE798C01017,SILVERO,Z,,,,,SILVER OAK COMMERCIAL LTD.,6.22,6.22,6.22,6.22,6.22,5.93,,6.22,,,6,37.00,2,F1,1,,,,,
2026-10-05,2026-10-05,CM,BSE,STK,512217,INE730E01016,PRISMMEDI,X,,,,,PRISM MEDICO AND PHARMACY LTD.,30.00,30.00,27.12,28.98,28.98,29.00,,28.98,,,3413,96263.00,40,F1,1,,,,,
2026-10-05,2026-10-05,CM,BSE,STK,512229,INE379J01029,VERITAS,XT,,,,,VERITAS (INDIA) LTD.,148.15,149.00,145.20,145.20,145.20,148.15,,145.20,,,2029,296079.00,64,F1,1,,,,,
2026-10-05,2026-10-05,CM,BSE,STK,512233,INE091E01039,JAYTEX,Z,,,,,JAYBHARAT TEXTILES & REAL ESTA,21.40,21.40,21.40,21.40,21.40,21.50,,21.40,,,1,21.00,1,F1,1,,,,,
2026-10-05,2026-10-05,CM,BSE,STK,512237,INE070D01027,JAICORPLTD,B,,,,,JAI CORP LTD.,88.09,90.30,87.51,88.23,88.05,89.56,,88.45,,,45753,4052107.00,1044,F1,1,,,,,
2026-10-05,2026-10-05,CM,BSE,STK,512247,INE894A01026,ASHCAP,X,,,,,ASHIRWAD CAPITAL LTD.,2.47,2.51,2.35,2.44,2.44,2.51,,2.44,,,45155,109954.00,211,F1,1,,,,,
2026-10-05,2026-10-05,CM,BSE,STK,512257,INE895A01023,SVARTCORP,X,,,,,SWASTI VINAYAKA ART AND HERITA,3.21,3.28,3.16,3.22,3.20,3.24,,3.22,,,28686,92895.00,98,F1,1,,,,,
2026-10-05,2026-10-05,CM,BSE,STK,512267,INE200D01020,MMWL,B,,,,,MEDIA MATRIX WORLDWIDE LTD.,15.41,16.46,15.41,16.46,16.46,15.68,,16.45,,,50545,830541.00,114,F1,1,,,,,
2026-10-05,2026-10-05,CM,BSE,STK,512277,INE340U01010,AUTOINT,X,,,,,AUTORIDERS INTERNATIONAL LTD.,248.50,248.50,237.50,237.50,237.50,250.00,,237.50,,,235,55956.00,27,F1,1,,,,,
2026-10-05,2026-10-05,CM,BSE,STK,512279,INE043F01011,NNTL,Z,,,,,N2N TECHNOLOGIES LIMITED,28.51,28.51,28.51,28.51,28.51,30.01,,28.51,,,1471,41938.00,7,F1,1,,,,,
2026-10-05,2026-10-05,CM,BSE,STK,512296,INE458B01036,BHAGYANGR,B,,,,,BHAGYANAGAR INDIA LTD.,400.05,417.75,398.40,411.80,410.50,402.85,,412.32,,,10982,4501110.00,790,F1,1,,,,,
2026-10-05,2026-10-05,CM,BSE,STK,512297,INE408F01024,SHANTAI,XT,,,,,Shantai Industries Limited,91.40,92.20,91.25,92.19,92.19,91.48,,92.19,,,4101,377764.00,44,F1,1,,,,,
2026-10-05,2026-10-05,CM,BSE,STK,512301,INE417N01011,CHMBBRW,XT,,,,,CHAMBAL BREWERIES & DISTILLERI,40.39,41.00,37.52,39.00,39.00,39.32,,39.00,,,11461,455802.00,50,F1,1,,,,,
2026-10-05,2026-10-05,CM,BSE,STK,512329,INE385F01024,SGMART,B,,,,,SG MART LIMITED,742.25,758.25,730.00,736.85,730.00,742.25,,737.61,,,17989,13419559.00,1473,F1,1,,,,,
2026-10-05,2026-10-05,CM,BSE,STK,512344,INE068C01015,ARAVALIS,X,,,,,ARAVALI SECURITIES & FINANCE L,4.80,4.80,4.80,4.80,4.80,4.85,,4.80,,,50,240.00,1,F1,1,,,,,
2026-10-05,2026-10-05,CM,BSE,STK,512345,INE745A01012,LEXGLOBAL,XT,,,,,LEXORA GLOBAL LIMITED,96.90,107.02,96.90,107.02,107.02,101.95,,107.02,,,1001,97311.00,4,F1,1,,,,,
2026-10-05,2026-10-05,CM,BSE,STK,512359,INE093G01022,SWORDEDGE,X,,,,,SWORD-EDGE COMMERCIALS LIMITED,0.30,0.30,0.30,0.30,0.30,0.29,,0.30,,,3709804,1112941.00,154,F1,1,,,,,
2026-10-05,2026-10-05,CM,BSE,STK,512361,INE108G01010,CUPIDALBV,X,,,,,CUPID BREWERIES AND DISTILLERI,24.83,24.83,24.83,24.83,24.83,23.65,,24.83,,,20529,509735.00,80,F1,1,,,,,
2026-10-05,2026-10-05,CM,BSE,STK,512377,INE664N01018,MAGANTR,XT,,,,,MAGNANIMOUS TRADE & FINANCE LT,0.27,0.27,0.27,0.27,0.27,0.26,,0.27,,,1902,513.00,21,F1,1,,,,,
2026-10-05,2026-10-05,CM,BSE,STK,512379,INE716D01033,CRSL,Z,,,,,CRESSANDA RAILWAY SOLUTIONS LI,2.10,2.18,2.09,2.09,2.09,2.19,,2.05,,,115625,244274.00,259,F1,1,,,,,
2026-10-05,2026-10-05,CM,BSE,STK,512381,INE992I01013,STARTECK,B,,,,,STARTECK FINANCE LIMITED,287.00,287.00,270.20,270.50,270.20,298.95,,273.87,,,175,48350.00,21,F1,1,,,,,
2026-10-05,2026-10-05,CM,BSE,STK,512393,INE037B01020,SHARDUL,T,,,,,SHARDUL SECURITIES LTD.,59.50,59.50,57.77,58.40,58.40,57.76,,58.11,,,18293,1061270.00,26,F1,1,,,,,
2026-10-05,2026-10-05,CM,BSE,STK,512399,INE017I01027,SERA,X,,,,,SERA INVESTMENTS & FINANCE IND,60.90,62.00,58.64,60.61,60.90,58.64,,60.61,,,81798,4924082.00,276,F1,1,,,,,
2026-10-05,2026-10-05,CM,BSE,STK,512405,INE468F01010,IPOWER,XT,,,,,I-POWER SOLUTIONS INDIA LTD.,13.29,13.29,13.29,13.29,13.29,13.98,,13.29,,,13,172.00,2,F1,1,,,,,
2026-10-05,2026-10-05,CM,BSE,STK,512415,INE319T01016,MERCTRD,Z,,,,,MERCURY TRADE LINKS LTD.,3.45,3.68,3.45,3.56,3.50,3.61,,3.56,,,21865,76672.00,76,F1,1,,,,,
2026-10-05,2026-10-05,CM,BSE,STK,512425,INE242B01018,NIRAVCOM,X,,,,,NIRAV COMMERCIALS LTD.,707.00,707.00,672.00,672.00,672.00,707.00,,672.00,,,174,120428.00,15,F1,1,,,,,
2026-10-05,2026-10-05,CM,BSE,STK,512437,INE412D01013,APOLLOFI,XT,,,,,APOLLO FINVEST (INDIA) LTD.,515.00,515.00,489.30,490.10,490.10,515.00,,490.10,,,677,331875.00,15,F1,1,,,,,
2026-10-05,2026-10-05,CM,BSE,STK,512441,INE993I01029,ENBETRD,X,,,,,Enbee Trade &amp; Finance Ltd,0.26,0.26,0.25,0.25,0.25,0.26,,0.25,,,8518270,2143669.00,941,F1,1,,,,,
2026-10-05,2026-10-05,CM,BSE,STK,512443,INE162L01017,GANONPRO,X,,,,,Ganon Products Limited,6.55,6.66,6.22,6.40,6.40,6.39,,6.40,,,22451,144427.00,31,F1,1,,,,,
2026-10-05,2026-10-05,CM,BSE,STK,512453,INE564J01026,SHRJAGP,B,,,,,SHRI JAGDAMBA POLYMERS LTD.,674.95,710.00,674.90,692.15,692.00,674.95,,688.58,,,1610,1124558.00,75,F1,1,,,,,
2026-10-05,2026-10-05,CM,BSE,STK,512455,INE281B01032,LLOYDSME,A,,,,,LLOYDS METALS AND ENERGY LTD.,1773.25,1819.00,1773.25,1802.85,1802.85,1778.10,,1802.51,,,32545,58628445.00,1931,F1,1,,,,,
2026-10-05,2026-10-05,CM,BSE,STK,512463,INE080I01025,LLOYDSENT,A,,,,,LLOYDS ENTERPRISES LIMITED,77.22,80.75,77.22,79.55,79.55,77.98,,79.63,,,325910,26029722.00,2317,F1,1,,,,,
2026-10-05,2026-10-05,CM,BSE,STK,512481,INE012F01016,POLYTEX,XT,,,,,POLYTEX INDIA LTD.,4.98,4.98,4.90,4.90,4.90,5.00,,4.90,,,125,621.00,11,F1,1,,,,,
2026-10-05,2026-10-05,CM,BSE,STK,512485,INE977F01010,DHANCOT,X,,,,,DHANLAXMI COTEX LTD.,128.50,128.50,128.50,128.50,128.50,128.30,,128.50,,,1,128.00,1,F1,1,,,,,
2026-10-05,2026-10-05,CM,BSE,STK,512489,INE876A01023,OASISEC,XT,,,,,OASIS SECURITIES LTD.,14.14,14.14,14.00,14.14,14.14,13.94,,14.14,,,1113,15600.00,15,F1,1,,,,,
2026-10-05,2026-10-05,CM,BSE,STK,512493,INE590B01010,GARNETINT,X,,,,,GARNET INTERNATIONAL LTD.,50.98,50.98,49.50,49.50,49.50,49.87,,49.50,,,592,29566.00,5,F1,1,,,,,
2026-10-05,2026-10-05,CM,BSE,STK,512499,INE435E01020,SHALPRO,XT,,,,,SHALIMAR PRODUCTIONS LTD.,0.24,0.24,0.23,0.23,0.23,0.24,,0.23,,,792407,187085.00,309,F1,1,,,,,
2026-10-05,2026-10-05,CM,BSE,STK,512519,INE668D01028,DONEAR,B,,,,,DONEAR INDUSTRIES LTD.,80.12,82.00,80.10,80.17,80.10,79.95,,80.22,,,1205,96841.00,10,F1,1,,,,,
2026-10-05,2026-10-05,CM,BSE,STK,512527,INE091C01017,SUPER,XT,,,,,SUPER SALES INDIA LTD.,1030.00,1099.00,1024.30,1064.55,1040.00,1078.15,,1064.55,,,280,290053.00,26,F1,1,,,,,
2026-10-05,2026-10-05,CM,BSE,STK,512529,INE807F01027,VIYASH,A,,,,,VIYASH SCIENTIFIC LIMITED,233.75,235.20,228.20,229.25,229.50,231.80,,229.08,,,75806,17529094.00,1300,F1,1,,,,,
2026-10-05,2026-10-05,CM,BSE,STK,512531,INE655A01013,STCINDIA,B,,,,,STATE TRADING CORPORATION OF I,103.10,107.55,103.10,105.15,105.95,106.75,,105.26,,,493,51976.00,28,F1,1,,,,,
2026-10-05,2026-10-05,CM,BSE,STK,512559,INE080B01012,KOHINOOR,B,,,,,KOHINOOR FOODS LTD.,29.13,30.64,28.84,29.10,29.23,30.01,,28.95,,,6870,205523.00,359,F1,1,,,,,
2026-10-05,2026-10-05,CM,BSE,STK,512565,INE581D01015,NEELKANTH,X,,,,,NEELKANTH LIMITED,38.57,42.63,38.57,42.63,42.63,40.60,,42.63,,,19,783.00,4,F1,1,,,,,
2026-10-05,2026-10-05,CM,BSE,STK,512573,INE871C01038,AVANTIFEED,A,,,,,AVANTI FEEDS LTD.,716.30,717.90,705.30,712.20,711.70,710.90,,711.18,,,14183,10088878.00,867,F1,1,,,,,
2026-10-05,2026-10-05,CM,BSE,STK,512587,INE077B01018,ZODJRDMKJ,X,,,,,ZODIAC-JRD-MKJ LTD.,32.50,32.95,31.28,32.83,32.86,32.19,,32.83,,,3601,117272.00,21,F1,1,,,,,
2026-10-05,2026-10-05,CM,BSE,STK,512589,INE579D01019,SITAENT,X,,,,,SITA ENTERPRISES LTD.,143.00,147.00,135.00,139.00,139.00,139.95,,139.00,,,1494,209412.00,37,F1,1,,,,,
2026-10-05,2026-10-05,CM,BSE,STK,512591,INE183U01022,PULSRIN,X,,,,,PULSAR INTERNATIONAL LTD.,0.40,0.40,0.37,0.39,0.39,0.39,,0.39,,,2717665,1038709.00,372,F1,1,,,,,
2026-10-05,2026-10-05,CM,BSE,STK,512595,INE348N01042,KDGREEN,B,,,,,KD Green Industries Limited,49.00,49.00,46.74,47.69,47.08,47.08,,48.17,,,792,37710.00,82,F1,1,,,,,
2026-10-05,2026-10-05,CM,BSE,STK,512597,INE681C01015,KEYFINSERV,B,,,,,KEYNOTE FINANCIAL SERVICES LIM,235.55,238.00,235.55,238.00,238.00,245.65,,238.00,,,2,473.00,2,F1,1,,,,,
2026-10-05,2026-10-05,CM,BSE,STK,512599,INE423A01024,ADANIENT,A,,,,,ADANI ENTERPRISES LTD.,2845.20,2890.00,2822.85,2858.00,2858.00,2824.30,,2863.76,,,124755,355054297.00,5519,F1,1,,,,,
2026-10-05,2026-10-05,CM,BSE,STK,512600,INE307N01014,ASTALLTD,X,,,,,ASTAL LABORATORIES LIMITED,70.20,72.80,70.00,71.27,71.35,69.54,,71.27,,,6793,483635.00,83,F1,1,,,,,
2026-10-05,2026-10-05,CM,BSE,STK,512604,INE772B01014,HARIAEXPO,XT,,,,,HARIA EXPORTS LTD.,9.70,9.70,9.60,9.60,9.60,9.70,,9.60,,,110,1066.00,2,F1,1,,,,,
2026-10-05,2026-10-05,CM,BSE,STK,512608,INE474E01029,BHANDARI,B,,,,,BHANDARI HOSIERY EXPORTS LTD.,2.70,2.93,2.70,2.76,2.75,2.83,,2.76,,,53101,148978.00,108,F1,1,,,,,
2026-10-05,2026-10-05,CM,BSE,STK,512618,INE629C01014,RLF,X,,,,,RLF LTD.,8.31,10.80,8.31,9.40,9.40,9.49,,9.40,,,1803,18205.00,9,F1,1,,,,,
2026-10-05,2026-10-05,CM,BSE,STK,512624,INE769D01016,REGENTRP,X,,,,,Regent Enterprises Limited,5.15,5.53,5.15,5.27,5.30,5.19,,5.27,,,12014,63054.00,60,F1,1,,,,,
2026-10-05,2026-10-05,CM,BSE,STK,512626,INE231G01010,ORBTEXP,B,,,,,ORBIT EXPORTS LTD.,226.05,252.00,226.05,237.45,237.45,244.00,,240.40,,,476,114643.00,37,F1,1,,,,,
2026-10-05,2026-10-05,CM,BSE,STK,512634,INE104E01014,SAVERA,X,,,,,SAVERA INDUSTRIES LTD.,160.00,160.00,155.50,157.00,157.00,160.10,,157.00,,,1504,239125.00,5,F1,1,,,,,
2026-10-05,2026-10-05,CM,BSE,STK,513005,INE114E01013,CHROME,X,,,,,Chrome Silicon Limited,38.00,42.00,38.00,41.00,41.00,39.73,,41.00,,,440,18024.00,21,F1,1,,,,,
2026-10-05,2026-10-05,CM,BSE,STK,513023,INE725A01030,NAVA,A,,,,,NAVA LIMITED,559.00,563.80,552.40,556.10,557.80,552.25,,556.68,,,5768,3215368.00,329,F1,1,,,,,
2026-10-05,2026-10-05,CM,BSE,STK,513043,INE158G01015,REMIEDEL,X,,,,,REMI EDELSTAHL TUBULARS LIMITE,195.00,210.00,188.15,201.05,202.95,210.15,,201.05,,,11119,2197292.00,299,F1,1,,,,,
2026-10-05,2026-10-05,CM,BSE,STK,513059,INE736H01024,GSAUTO,XT,,,,,G.S.AUTO INTERNATIONAL LTD.,18.40,18.59,17.92,18.52,18.52,17.90,,18.52,,,3351,61575.00,36,F1,1,,,,,
2026-10-05,2026-10-05,CM,BSE,STK,513063,INE360D01014,TRANSFRE,X,,,,,TRANS-FREIGHT CONTAINERS LTD.,20.99,20.99,18.99,18.99,18.99,17.98,,18.99,,,260,5056.00,12,F1,1,,,,,
2026-10-05,2026-10-05,CM,BSE,STK,513097,INE386D01027,SBCL,B,,,,,SHIVALIK BIMETAL CONTROLS LTD.,1083.10,1106.20,1070.65,1076.20,1077.00,1065.05,,1076.48,,,10029,10893448.00,878,F1,1,,,,,
2026-10-05,2026-10-05,CM,BSE,STK,513108,INE524B01027,GANDHITUBE,B,,,,,GANDHI SPECIAL TUBES LTD.,998.45,1000.00,970.00,990.55,992.00,980.50,,993.57,,,1581,1566713.00,282,F1,1,,,,,
2026-10-05,2026-10-05,CM,BSE,STK,513117,INE991A01020,AMFORG,X,,,,,AMFORGE INDUSTRIES LTD.,6.00,6.00,5.50,5.90,5.90,5.88,,5.90,,,1003,5562.00,8,F1,1,,,,,
2026-10-05,2026-10-05,CM,BSE,STK,513119,INE173M01012,ONIXSOLAR,B,,,,,ONIX SOLAR ENERGY LIMITED,344.60,344.75,324.10,337.10,337.10,341.15,,335.37,,,25259,8444527.00,278,F1,1,,,,,
2026-10-05,2026-10-05,CM,BSE,STK,513121,INE730A01022,ORICONENT,B,,,,,ORICON ENTERPRISES LTD.,50.98,52.00,50.00,51.25,51.25,49.13,,52.44,,,1900,97003.00,88,F1,1,,,,,
2026-10-05,2026-10-05,CM,BSE,STK,513149,INE950D01012,ACROW,X,,,,,ACROW INDIA LTD.,800.00,800.00,799.00,799.00,799.00,801.25,,799.00,,,205,163800.00,3,F1,1,,,,,
2026-10-05,2026-10-05,CM,BSE,STK,513173,INE205F01016,STLSTRINF,B,,,,,STEEL STRIPS INFRASTRUCTURES L,23.00,23.88,21.00,22.10,22.10,22.12,,22.10,,,1615,35529.00,23,F1,1,,,,,
2026-10-05,2026-10-05,CM,BSE,STK,513228,INE932A01024,PENIND,A,,,,,PENNAR INDUSTRIES LTD.,175.75,180.55,174.70,178.55,178.60,173.45,,178.70,,,27327,4861927.00,447,F1,1,,,,,
2026-10-05,2026-10-05,CM,BSE,STK,513250,INE197A01024,JYOTISTRUC,B,,,,,JYOTI STRUCTURES LTD.,8.96,9.00,8.66,8.68,8.68,8.91,,8.67,,,482137,4228225.00,638,F1,1,,,,,
2026-10-05,2026-10-05,CM,BSE,STK,513252,INE289D01015,JAYUSH,X,,,,,JAY USHIN LTD.,745.00,819.95,745.00,758.95,756.30,775.60,,758.95,,,487,371261.00,43,F1,1,,,,,
2026-10-05,2026-10-05,CM,BSE,STK,513262,INE802C01033,SSWL,B,,,,,STEEL STRIPS WHEELS LTD.,393.30,412.30,385.45,410.45,409.00,390.85,,410.54,,,137238,54682935.00,2395,F1,1,,,,,
2026-10-05,2026-10-05,CM,BSE,STK,513269,INE993A01026,MANINDS,B,,,,,MAN INDUSTRIES (INDIA) LTD.,924.05,940.00,883.95,888.95,887.75,922.80,,888.27,,,46361,42192612.00,1530,F1,1,,,,,
2026-10-05,2026-10-05,CM,BSE,STK,513295,INE611C01020,IMEC,X,,,,,IMEC SERVICES LIMITED,88.56,95.00,88.16,92.70,93.00,88.39,,92.70,,,94,8632.00,18,F1,1,,,,,
2026-10-05,2026-10-05,CM,BSE,STK,513303,INE001F01019,MDRNSTL,X,,,,,MODERN STEELS LTD.,14.40,14.40,14.01,14.15,14.15,14.14,,14.15,,,1721,24240.00,21,F1,1,,,,,
2026-10-05,2026-10-05,CM,BSE,STK,513307,INE363L01045,BELDING,B,,,,,BELDING INDIA LIMITED,900.00,919.90,844.85,894.60,895.00,898.25,,894.60,,,17168,15157814.00,540,F1,1,,,,,
2026-10-05,2026-10-05,CM,BSE,STK,513337,INE145J01032,GUJTLRM,B,,,,,GUJARAT TOOLROOM LTD.,0.41,0.42,0.40,0.41,0.41,0.41,,0.41,,,3028233,1227665.00,908,F1,1,,,,,
2026-10-05,2026-10-05,CM,BSE,STK,513343,INE534A01028,GFSTEELS,T,,,,,GRAND FOUNDRY LTD.,34.66,34.66,34.66,34.66,34.66,33.99,,36.86,,,2550,88383.00,10,F1,1,,,,,
2026-10-05,2026-10-05,CM,BSE,STK,513349,INE298G01035,AJMERA,B,,,,,AJMERA REALTY & INFRA INDIA LT,119.60,121.00,113.85,116.80,116.60,119.35,,116.70,,,23268,2710103.00,619,F1,1,,,,,
2026-10-05,2026-10-05,CM,BSE,STK,513353,INE105D01013,COCHINM,X,,,,,COCHIN MINERALS & RUTILE LTD.,303.00,305.00,295.05,300.15,298.60,293.40,,300.15,,,5631,1690216.00,103,F1,1,,,,,
2026-10-05,2026-10-05,CM,BSE,STK,513361,INE072A01029,INDIAHOMES,X,,,,,India Homes Limited,26.41,31.93,25.68,29.83,29.83,26.61,,29.83,,,2113429,60690028.00,865,F1,1,,,,,
2026-10-05,2026-10-05,CM,BSE,STK,513369,INE013J01016,KVFORGE,XT,,,,,KRISHANVEER FORGE LIMITED,141.00,141.00,135.00,135.00,135.00,135.50,,135.00,,,989,135252.00,18,F1,1,,,,,
2026-10-05,2026-10-05,CM,BSE,STK,513375,INE120A01034,CARBORUNIV,A,,,,,CARBORUNDUM UNIVERSAL LTD.,1231.50,1277.00,1227.30,1267.50,1267.50,1239.95,,1267.59,,,28047,35137095.00,1632,F1,1,,,,,
2026-10-05,2026-10-05,CM,BSE,STK,513377,INE123F01029,MMTC,B,,,,,MMTC LTD.,57.12,57.50,56.06,56.19,56.19,56.19,,56.32,,,73961,4180111.00,410,F1,1,,,,,
2026-10-05,2026-10-05,CM,BSE,STK,513397,INE457E01016,VALLABHSQ,XT,,,,,VALLABH STEELS LTD.,8.60,8.60,8.56,8.56,8.56,8.60,,8.56,,,56,481.00,3,F1,1,,,,,
2026-10-05,2026-10-05,CM,BSE,STK,513403,INE092C01015,PMTELELIN,XT,,,,,P.M.TELELINNKS LTD.,15.56,15.56,15.56,15.56,15.56,15.56,,15.56,,,29300,455908.00,7,F1,1,,,,,
2026-10-05,2026-10-05,CM,BSE,STK,513418,INE728B01032,SMFIL,XT,,,,,SMITHS & FOUNDERS (INDIA) LIMI,8.91,9.28,8.55,8.70,8.70,8.91,,8.70,,,43728,386573.00,78,F1,1,,,,,
2026-10-05,2026-10-05,CM,BSE,STK,513422,INE373E01015,BLOIN,X,,,,,BLOOM INDUSTRIES LTD.,30.00,30.00,29.94,29.94,29.94,29.01,,29.94,,,85,2544.00,4,F1,1,,,,,
2026-10-05,2026-10-05,CM,BSE,STK,513430,INE501L01024,MAITRI,X,,,,,Maitri Enterprises Limited,36.75,37.50,36.75,37.50,37.50,37.50,,37.50,,,2,74.00,2,F1,1,,,,,
2026-10-05,2026-10-05,CM,BSE,STK,513436,INE640C01011,SHAHALLOYS,T,,,,,SHAH ALLOYS LTD.,85.14,85.45,82.60,82.72,82.72,86.00,,82.00,,,519,42932.00,9,F1,1,,,,,
2026-10-05,2026-10-05,CM,BSE,STK,513452,INE594D01018,ELANGO,XT,,,,,ELANGO INDUSTRIES LTD.,12.25,12.25,12.25,12.25,12.25,12.25,,12.25,,,926,11343.00,3,F1,1,,,,,
2026-10-05,2026-10-05,CM,BSE,STK,513456,INE791E01018,KANSHST,X,,,,,KANISHK STEEL INDUSTRIES LTD.,42.50,44.49,42.00,44.09,44.20,42.66,,44.09,,,2225,96429.00,32,F1,1,,,,,
2026-10-05,2026-10-05,CM,BSE,STK,513460,INE257F01017,MAHALXSE,Z,,,,,MAHALAXMI SEAMLESS LTD.,10.00,10.44,10.00,10.44,10.44,9.95,,10.44,,,4802,49566.00,14,F1,1,,,,,
2026-10-05,2026-10-05,CM,BSE,STK,513472,INE658D01029,SIMPLEXCAS,X,,,,,SIMPLEX CASTINGS LTD.,132.00,138.00,131.90,135.45,135.45,129.20,,135.45,,,199025,27122849.00,1322,F1,1,,,,,
2026-10-05,2026-10-05,CM,BSE,STK,513488,INE387D01025,SSWRL,XT,,,,,SHREE STEEL WIRE ROPES LTD.,23.50,23.51,23.50,23.51,23.51,23.50,,23.51,,,124,2914.00,5,F1,1,,,,,
2026-10-05,2026-10-05,CM,BSE,STK,513496,INE235U01012,SIZEMASTER,XT,,,,,SIZEMASTERS TECHNOLOGY LIMITED,430.00,430.00,411.00,419.40,426.00,418.60,,419.40,,,2126,878795.00,42,F1,1,,,,,
2026-10-05,2026-10-05,CM,BSE,STK,513498,INE308N01012,SOUTHMG,X,,,,,SOUTHERN MAGNESIUM & CHEMICALS,87.49,87.49,77.16,77.58,77.16,77.19,,77.58,,,1080,87435.00,18,F1,1,,,,,
2026-10-05,2026-10-05,CM,BSE,STK,513502,INE927K01023,BAROEXT,X,,,,,BARODA EXTRUSION LTD.,9.48,9.48,9.13,9.23,9.35,9.18,,9.23,,,78393,725908.00,374,F1,1,,,,,
2026-10-05,2026-10-05,CM,BSE,STK,513507,INE276I01011,GUJCONT,P,,,,,GUJARAT CONTAINERS LTD.,171.00,171.00,170.00,170.00,170.00,171.20,,170.00,,,700,119500.00,2,F1,100,,,,,
2026-10-05,2026-10-05,CM,BSE,STK,513509,INE314G01014,KALYANIFRG,T,,,,,KALYANI FORGE LTD.,942.75,975.00,917.10,920.15,917.10,952.95,,920.06,,,160,149808.00,25,F1,1,,,,,
2026-10-05,2026-10-05,CM,BSE,STK,513511,INE798F01010,PANCHMAHQ,B,,,,,PANCHMAHAL STEEL LTD.,284.70,284.70,284.70,284.70,284.70,278.50,,284.70,,,10,2847.00,1,F1,1,,,,,
2026-10-05,2026-10-05,CM,BSE,STK,513513,INE570B01012,ADITYA,X,,,,,ADITYA ISPAT LTD.,8.35,9.00,8.30,9.00,9.00,8.10,,9.00,,,1759,15766.00,16,F1,1,,,,,
2026-10-05,2026-10-05,CM,BSE,STK,513517,INE124E01038,STEELCAS,B,,,,,STEELCAST LTD.,350.55,365.75,345.90,363.20,364.35,356.85,,363.66,,,9104,3249979.00,620,F1,1,,,,,
2026-10-05,2026-10-05,CM,BSE,STK,513519,INE450D01021,PITTIENG,B,,,,,PITTI ENGINEERING LIMITED,1148.00,1148.00,1120.00,1126.45,1130.35,1123.75,,1127.24,,,1859,2106810.00,142,F1,1,,,,,
2026-10-05,2026-10-05,CM,BSE,STK,513528,INE741B01027,GLITTEKG,XT,,,,,GLITTEK GRANITES LTD.,78.30,78.30,78.28,78.28,78.28,79.87,,78.28,,,1867,146179.00,25,F1,1,,,,,
2026-10-05,2026-10-05,CM,BSE,STK,513532,INE770A01010,PRADPME,B,,,,,PRADEEP METALS LTD.,465.00,476.90,445.90,470.70,470.75,445.00,,470.66,,,2826,1312948.00,76,F1,1,,,,,
2026-10-05,2026-10-05,CM,BSE,STK,513536,INE207H01018,GNRL,B,,,,,GUJARAT NATURAL RESOURCES LIMI,97.60,98.39,95.60,96.65,96.50,96.97,,96.76,,,41320,3983703.00,1655,F1,1,,,,,
2026-10-05,2026-10-05,CM,BSE,STK,513540,INE176E01012,TNSTLTU,P,,,,,TAMILNADU STEEL TUBES LTD.,28.50,28.50,28.50,28.50,28.50,30.00,,28.50,,,200,5700.00,1,F1,100,,,,,
2026-10-05,2026-10-05,CM,BSE,STK,513544,INE277E01026,MSCTC,XT,,,,,MARDIA SAMYOUNG CAPILLARY TUBE,50.94,51.44,50.94,51.00,51.00,50.94,,51.00,,,336,17138.00,10,F1,1,,,,,
2026-10-05,2026-10-05,CM,BSE,STK,513548,INE385M01012,SHRDAIS,X,,,,,SHARDA ISPAT LTD.,161.00,163.00,146.10,147.00,147.00,163.00,,147.00,,,1378,202635.00,38,F1,1,,,,,
2026-10-05,2026-10-05,CM,BSE,STK,513554,INE451L01014,MAHASTEEL,T,,,,,MAHAMAYA STEEL INDUSTRIES LTD.,1131.10,1184.95,1131.10,1174.55,1181.90,1185.65,,1167.84,,,111,127552.00,15,F1,1,,,,,
2026-10-05,2026-10-05,CM,BSE,STK,513566,INE608C01026,NOVIS,XT,,,,,NOVA IRON & STEEL LTD.,13.38,13.38,12.12,12.66,12.66,12.75,,12.66,,,3212,41842.00,32,F1,1,,,,,
2026-10-05,2026-10-05,CM,BSE,STK,513575,INE067E01013,STERPOW,X,,,,,STERLING POWERGENSYS LTD,23.70,23.70,21.85,22.80,22.80,22.82,,22.80,,,1064,24444.00,26,F1,1,,,,,
2026-10-05,2026-10-05,CM,BSE,STK,513599,INE531E01026,HINDCOPPER,A,,,,,HINDUSTAN COPPER LTD.,468.65,480.90,466.15,478.70,478.70,461.95,,478.65,,,419157,199498166.00,8723,F1,1,,,,,
2026-10-05,2026-10-05,CM,BSE,STK,513629,INE463D01016,TULSYAN,X,,,,,TULSYAN NEC LTD.,28.49,30.06,28.49,30.06,30.06,28.63,,30.06,,,2578,77321.00,18,F1,1,,,,,
2026-10-05,2026-10-05,CM,BSE,STK,513642,INE197C01012,AXELPOLY,X,,,,,AXEL POLYMERS LTD.,50.00,51.00,44.10,47.16,44.40,43.69,,47.16,,,1383,65077.00,41,F1,1,,,,,
2026-10-05,2026-10-05,CM,BSE,STK,513683,INE589A01014,NLCINDIA,A,,,,,NLC India Limited,255.95,257.80,251.25,252.25,253.55,253.00,,252.45,,,28189,7145848.00,774,F1,1,,,,,
2026-10-05,2026-10-05,CM,BSE,STK,513687,INE848B01012,SPECTRA,Z,,,,,SPECTRA INDUSTRIES LTD.,3.84,3.84,3.73,3.84,3.84,3.92,,3.84,,,147,553.00,9,F1,1,,,,,
2026-10-05,2026-10-05,CM,BSE,STK,513693,INE434C01027,KAJARIR,X,,,,,KIC METALIKS LTD.,29.14,29.85,28.38,29.02,29.01,29.14,,29.02,,,964,27964.00,22,F1,1,,,,,
2026-10-05,2026-10-05,CM,BSE,STK,513699,INE584G01012,SOLIDSTON,X,,,,,SOLID STONE COMPANY LTD.,24.50,27.25,24.50,26.00,26.00,26.00,,26.00,,,1574,39368.00,16,F1,1,,,,,
2026-10-05,2026-10-05,CM,BSE,STK,513709,INE960A01017,SHILGRAVQ,B,,,,,SHILP GRAVURES LTD.,147.90,147.90,138.00,138.20,138.20,138.00,,141.31,,,269,37314.00,34,F1,1,,,,,
2026-10-05,2026-10-05,CM,BSE,STK,513713,INE146C01019,WHITEORG,X,,,,,White Organic Agro Limited,3.52,3.60,3.37,3.46,3.48,3.49,,3.46,,,7154,24673.00,48,F1,1,,,,,
2026-10-05,2026-10-05,CM,BSE,STK,513721,INE614F01019,MFSINTRCRP,X,,,,,MFS INTERCORP LTD.,13.04,13.04,12.06,12.85,12.85,12.69,,12.85,,,664,8618.00,8,F1,1,,,,,
2026-10-05,2026-10-05,CM,BSE,STK,513729,INE210C01013,AROGRANITE,B,,,,,ARO GRANITE INDUSTRIES LTD.,22.55,22.55,21.93,21.93,21.93,22.50,,22.19,,,585,13000.00,9,F1,1,,,,,
2026-10-05,2026-10-05,CM,BSE,STK,514010,INE723D01021,RUDRAECO,XT,,,,,RUDRA ECOVATION LIMITED,22.25,23.40,21.33,22.00,21.90,22.35,,22.00,,,26351,588850.00,77,F1,1,,,,,
2026-10-05,2026-10-05,CM,BSE,STK,514028,INE376L01013,RAJKSYN,X,,,,,RAJKAMAL SYNTHETICS LTD.,19.00,21.44,19.00,20.11,21.27,20.98,,20.11,,,1230,24657.00,17,F1,1,,,,,
2026-10-05,2026-10-05,CM,BSE,STK,514030,INE272C01013,DEEPAKSP,X,,,,,DEEPAK SPINNERS LTD.,142.10,149.55,137.95,141.60,141.50,147.40,,141.60,,,1148,161980.00,59,F1,1,,,,,
2026-10-05,2026-10-05,CM,BSE,STK,514043,INE049A01027,HIMATSEIDE,B,,,,,HIMATSINGKA SEIDE LTD.,64.23,65.89,62.80,64.59,64.59,64.22,,64.64,,,42877,2759825.00,778,F1,1,,,,,
2026-10-05,2026-10-05,CM,BSE,STK,514045,INE594B01012,BSL,B,,,,,BSL LTD.,120.50,120.50,120.20,120.20,120.20,118.10,,120.16,,,11,1322.00,3,F1,1,,,,,
2026-10-05,2026-10-05,CM,BSE,STK,514060,INE229N01010,NEWTRAC,XT,,,,,NEWTRAC FOODS & BEVERAGES LIMI,4.54,4.69,4.32,4.64,4.65,4.54,,4.64,,,49194,225102.00,100,F1,1,,,,,
2026-10-05,2026-10-05,CM,BSE,STK,514087,INE501F01018,PBMPOLY,B,,,,,PBM POLYTEX LTD.,63.90,63.90,58.00,60.40,58.00,63.99,,58.58,,,54,3265.00,10,F1,1,,,,,
2026-10-05,2026-10-05,CM,BSE,STK,514113,INE207C01019,ADINATH,X,,,,,ADINATH TEXTILES LTD.,22.50,22.50,22.50,22.50,22.50,22.50,,22.50,,,10,225.00,1,F1,1,,,,,
2026-10-05,2026-10-05,CM,BSE,STK,514138,INE132C01027,SURYALA,B,,,,,SURYALATA SPINNING MILLS LTD.,379.00,387.85,376.25,377.30,376.25,379.95,,377.17,,,22,8304.00,4,F1,1,,,,,
2026-10-05,2026-10-05,CM,BSE,STK,514140,INE431C01023,SURYVANSP,XT,,,,,SURYAVANSHI SPINNING MILLS LTD,18.94,18.94,18.94,18.94,18.94,18.04,,18.94,,,1,18.00,1,F1,1,,,,,
2026-10-05,2026-10-05,CM,BSE,STK,514142,INE592B01024,TTL,B,,,,,T T LTD.,8.30,8.30,7.60,7.81,7.85,7.91,,7.77,,,2398,18532.00,38,F1,1,,,,,
2026-10-05,2026-10-05,CM,BSE,STK,514162,INE192B01031,WELSPUNLIV,A,,,,,WELSPUN LIVING LIMITED,241.85,243.00,228.20,230.30,230.00,239.05,,230.27,,,429346,100646353.00,5196,F1,1,,,,,
2026-10-05,2026-10-05,CM,BSE,STK,514165,INE862B01013,INDIANACRY,X,,,,,INDIAN ACRYLICS LTD.,5.97,5.99,5.41,5.70,5.70,5.65,,5.70,,,23262,134385.00,89,F1,1,,,,,
2026-10-05,2026-10-05,CM,BSE,STK,514167,INE845D01014,GANECOS,B,,,,,GANESHA ECOSPHERE LTD.,979.15,990.85,961.35,967.10,968.45,974.45,,966.61,,,1250,1215805.00,157,F1,1,,,,,
2026-10-05,2026-10-05,CM,BSE,STK,514171,INE760J01012,CEETAIN,X,,,,,CEETA INDUSTRIES LTD.,42.30,42.30,38.90,38.90,38.90,37.80,,38.90,,,5,201.00,4,F1,1,,,,,
2026-10-05,2026-10-05,CM,BSE,STK,514175,INE835A01029,VARDMNPOLY,B,,,,,VARDHMAN POLYTEX LTD.,5.70,5.80,5.47,5.61,5.66,5.70,,5.56,,,43096,236228.00,79,F1,1,,,,,
2026-10-05,2026-10-05,CM,BSE,STK,514183,INE761G01016,BLACKROSE,B,,,,,BLACK ROSE INDUSTRIES LTD.,112.30,112.90,109.70,110.80,111.30,110.90,,110.38,,,2689,297860.00,232,F1,1,,,,,
2026-10-05,2026-10-05,CM,BSE,STK,514197,INE110Q01023,STCORP,X,,,,,S&T CORPORATION LTD.,3.99,4.09,3.90,4.01,4.08,3.91,,4.01,,,4100,16482.00,26,F1,1,,,,,
2026-10-05,2026-10-05,CM,BSE,STK,514211,INE235C01036,SUMEETINDS,B,,,,,SUMEET INDUSTRIES LTD.,10.30,10.97,10.30,10.97,10.97,10.45,,10.91,,,97901,1061641.00,212,F1,1,,,,,
2026-10-05,2026-10-05,CM,BSE,STK,514221,INE218A01028,KLIFESTYL,Z,,,,,K-LIFESTYLE & INDUSTRIES LIMIT,0.19,0.19,0.19,0.19,0.19,0.19,,0.19,,,66675,12668.00,40,F1,1,,,,,
2026-10-05,2026-10-05,CM,BSE,STK,514223,INE410D01017,RAMGOPOLY,XT,,,,,RAMGOPAL POLYTEX LTD.,29.65,29.79,29.40,29.40,29.40,29.99,,29.40,,,616,18149.00,4,F1,1,,,,,
2026-10-05,2026-10-05,CM,BSE,STK,514234,INE495C01010,SANGAMIND,B,,,,,SANGAM (INDIA) LTD.,692.95,692.95,626.05,629.75,635.00,633.50,,631.63,,,3621,2303709.00,176,F1,1,,,,,
2026-10-05,2026-10-05,CM,BSE,STK,514238,INE874A01010,MKVENTURES,X,,,,,MKVENTURES CAPITAL LIMITED,1044.50,1087.80,1016.10,1032.75,1030.00,1044.80,,1032.75,,,203,209731.00,39,F1,1,,,,,
2026-10-05,2026-10-05,CM,BSE,STK,514240,INE979D01011,KUSHIND,X,,,,,Kush Industries Limited,5.63,6.09,5.63,6.06,6.06,5.91,,6.06,,,2471,14821.00,19,F1,1,,,,,
2026-10-05,2026-10-05,CM,BSE,STK,514248,INE377C01010,SRECR,P,,,,,SREECHEM RESINS LTD.,26.30,29.00,26.30,28.93,29.00,27.67,,28.93,,,600,17095.00,6,F1,100,,,,,
2026-10-05,2026-10-05,CM,BSE,STK,514260,INE899E01019,SURBHIN,XT,,,,,SURBHI INDUSTRIES LTD.,89.95,89.95,85.50,85.55,85.50,90.00,,85.55,,,2060,176295.00,39,F1,1,,,,,
2026-10-05,2026-10-05,CM,BSE,STK,514266,INE106C01013,ZENIFIB,X,,,,,ZENITH FIBRES LTD.,62.00,66.99,60.41,61.76,60.41,63.47,,61.76,,,3006,187528.00,58,F1,1,,,,,
2026-10-05,2026-10-05,CM,BSE,STK,514272,INE436C01014,BHILSPIN,X,,,,,BHILWARA SPINNERS LTD.,134.50,134.50,115.70,122.50,124.90,124.30,,122.50,,,1400,176439.00,42,F1,1,,,,,
2026-10-05,2026-10-05,CM,BSE,STK,514274,INE273D01027,VGL,B,,,,,VARVEE GLOBAL LIMITED,64.10,65.66,63.13,63.13,63.13,63.06,,63.60,,,799,51236.00,26,F1,1,,,,,
2026-10-05,2026-10-05,CM,BSE,STK,514280,INE589J01015,SANTETX,X,,,,,SANRHEA TECHNICAL TEXTILES LTD,149.55,159.30,145.10,157.85,158.00,149.55,,157.85,,,630,99566.00,29,F1,1,,,,,
2026-10-05,2026-10-05,CM,BSE,STK,514286,INE440A01010,ASHIMASYN,B,,,,,ASHIMA LTD.,15.01,15.41,14.61,14.82,14.88,15.36,,14.99,,,10138,153270.00,80,F1,1,,,,,
2026-10-05,2026-10-05,CM,BSE,STK,514300,INE156C01018,PIONEEREMB,B,,,,,PIONEER EMBROIDERIES LTD.,22.22,22.40,19.55,20.89,20.89,20.00,,20.13,,,695,14618.00,11,F1,1,,,,,
2026-10-05,2026-10-05,CM,BSE,STK,514302,INE660D01017,VIPPYSP,X,,,,,VIPPY SPINPRO LTD.,172.10,173.05,172.05,173.05,173.05,181.70,,173.05,,,174,30000.00,8,F1,1,,,,,
2026-10-05,2026-10-05,CM,BSE,STK,514312,INE156E01014,JAIHIND,X,,,,,JAIHIND INDUSTRIES LIMITED,45.20,46.00,42.90,44.98,45.00,46.75,,44.98,,,23490,1038175.00,44,F1,1,,,,,
2026-10-05,2026-10-05,CM,BSE,STK,514316,INE969C01022,RAGHUSYN,X,,,,,RAGHUVIR SYNTHETICS LTD.,83.90,83.90,78.00,79.33,79.00,78.35,,79.33,,,3539,284875.00,24,F1,1,,,,,
2026-10-05,2026-10-05,CM,BSE,STK,514318,INE722N01014,JATTAINDUS,X,,,,,JATTASHANKAR INDUSTIES LTD.,652.00,652.00,602.75,610.00,610.00,594.45,,610.00,,,249,156157.00,31,F1,1,,,,,
2026-10-05,2026-10-05,CM,BSE,STK,514322,INE535C01013,KAMADGIRI,X,,,,,KAMADGIRI FASHION LTD.,100.00,102.00,97.70,98.00,98.00,103.90,,98.00,,,209,20744.00,17,F1,1,,,,,
2026-10-05,2026-10-05,CM,BSE,STK,514324,INE814D01010,OMNITEX,X,,,,,OMNITEX INDUSTRIES (INDIA) LTD,752.00,758.65,708.10,734.35,741.00,744.70,,734.35,,,2765,2030824.00,75,F1,1,,,,,
2026-10-05,2026-10-05,CM,BSE,STK,514326,INE790C01014,PATSPINLTD,X,,,,,PATSPIN INDIA LTD.,6.06,7.23,6.01,6.17,6.25,6.06,,6.17,,,19178,120518.00,130,F1,1,,,,,
2026-10-05,2026-10-05,CM,BSE,STK,514330,INE670O01013,ONEGLOBAL,B,,,,,ONE GLOBAL SERVICE PROVIDER LI,525.20,550.00,525.20,543.20,549.50,527.60,,546.69,,,2618,1403561.00,268,F1,1,,,,,
2026-10-05,2026-10-05,CM,BSE,STK,514332,INE216I01017,NEOINFRA,X,,,,,NEO INFRACON LTD.,48.50,48.50,45.00,46.46,46.46,42.75,,46.46,,,11,515.00,7,F1,1,,,,,
2026-10-05,2026-10-05,CM,BSE,STK,514336,INE194N01016,CCME,XT,,,,,CCME GLOBAL LIMITED,39.44,39.44,39.44,39.44,39.44,41.51,,39.44,,,1260,49694.00,25,F1,1,,,,,
2026-10-05,2026-10-05,CM,BSE,STK,514354,INE309M01020,PREMIERPOL,B,,,,,PREMIER POLYFILM LTD.,90.85,106.00,89.76,101.80,101.80,90.90,,101.56,,,295789,29784587.00,2735,F1,1,,,,,
2026-10-05,2026-10-05,CM,BSE,STK,514360,INE078T01026,KRRAIL,X,,,,,K&R RAIL ENGINEERING LIMITED,17.21,18.49,16.50,17.44,17.44,17.70,,17.44,,,76381,1336500.00,482,F1,1,,,,,
2026-10-05,2026-10-05,CM,BSE,STK,514378,INE564C01013,YARNSYN,X,,,,,YARN SYNDICATE LTD.,12.21,12.51,12.21,12.51,12.51,12.94,,12.51,,,240,2983.00,12,F1,1,,,,,
2026-10-05,2026-10-05,CM,BSE,STK,514386,INE004C01028,GUJCOTEX,X,,,,,GUJARAT COTEX LTD.,2.54,2.54,2.41,2.42,2.41,2.43,,2.42,,,2086198,5078571.00,269,F1,1,,,,,
2026-10-05,2026-10-05,CM,BSE,STK,514400,INE340D01016,GARWSYN,X,,,,,GARWARE SYNTHETICS LTD.,18.16,19.24,18.15,18.50,18.50,19.02,,18.50,,,1015,18643.00,13,F1,1,,,,,
2026-10-05,2026-10-05,CM,BSE,STK,514402,INE638N01012,ECOHOTELS,X,,,,,ECO HOTELS AND RESORTS LIMITED,10.98,11.18,10.22,10.81,10.81,10.72,,10.81,,,8187,86412.00,52,F1,1,,,,,
2026-10-05,2026-10-05,CM,BSE,STK,514412,INE305D01019,SARUPINDUS,XT,,,,,SARUP INDUSTRIES LTD.,107.80,107.80,102.55,105.30,107.80,107.90,,105.30,,,25,2647.00,4,F1,1,,,,,
2026-10-05,2026-10-05,CM,BSE,STK,514414,INE114D01015,OXFORDIN,XT,,,,,OXFORD INDUSTRIES LTD.,12.23,12.23,12.23,12.23,12.23,12.47,,12.23,,,865,10578.00,15,F1,1,,,,,
2026-10-05,2026-10-05,CM,BSE,STK,514418,INE370D01013,MANORG,B,,,,,MANGALAM ORGANICS LIMITED,459.00,459.00,422.50,430.50,430.50,437.30,,432.27,,,384,165573.00,42,F1,1,,,,,
2026-10-05,2026-10-05,CM,BSE,STK,514428,INE074C01013,HINDADH,B,,,,,HINDUSTAN ADHESIVES LTD.,387.30,387.35,378.05,387.30,387.30,389.25,,384.66,,,440,169676.00,13,F1,1,,,,,
2026-10-05,2026-10-05,CM,BSE,STK,514440,INE439N01031,BPAGRI,B,,,,,Blue Pearl Agriventures Limite,7.20,7.20,6.71,6.79,6.86,7.02,,6.79,,,24069,166428.00,201,F1,1,,,,,
2026-10-05,2026-10-05,CM,BSE,STK,514442,INE009C01019,SRIKPRIND,T,,,,,SRI KPR INDUSTRIES LTD.,28.85,28.85,26.12,27.36,27.36,27.49,,26.12,,,555,14671.00,14,F1,1,,,,,
2026-10-05,2026-10-05,CM,BSE,STK,514448,INE577D01013,JYOTIRES,B,,,,,JYOTI RESINS & ADHESIVES LTD.,840.00,848.35,831.00,832.40,831.00,837.25,,832.80,,,1792,1502470.00,265,F1,1,,,,,
2026-10-05,2026-10-05,CM,BSE,STK,514454,INE410M01018,SOUTLAT,XT,,,,,SOUTHERN LATEX LTD.,30.00,30.75,30.00,30.50,30.50,30.00,,30.50,,,165,4972.00,9,F1,1,,,,,
2026-10-05,2026-10-05,CM,BSE,STK,514470,INE837B01031,WINSOMTX,X,,,,,WINSOME TEXTILE INDUSTRIES LTD,83.50,83.50,79.14,81.56,81.56,78.10,,81.56,,,2725,220194.00,38,F1,1,,,,,
2026-10-05,2026-10-05,CM,BSE,STK,515008,INE219W01012,MODINSU,T,,,,,MODERN INSULATORS LTD.,444.55,444.55,444.55,444.55,444.55,423.40,,444.55,,,13757,6115674.00,131,F1,1,,,,,
2026-10-05,2026-10-05,CM,BSE,STK,515018,INE277C01012,REGENCERAM,B,,,,,REGENCY CERAMICS LTD.,30.05,33.99,28.78,32.00,32.00,32.09,,32.53,,,122,3707.00,8,F1,1,,,,,
2026-10-05,2026-10-05,CM,BSE,STK,515030,INE439A01020,ASAHIINDIA,A,,,,,ASAHI INDIA GLASS LTD.,945.50,952.50,938.00,944.10,944.80,944.50,,945.63,,,84819,79853203.00,537,F1,1,,,,,
2026-10-05,2026-10-05,CM,BSE,STK,515037,INE692B01014,MURUDCERA,B,,,,,MURUDESHWAR CERAMICS LTD.,28.55,28.59,28.05,28.07,28.31,28.00,,28.03,,,2997,84523.00,28,F1,1,,,,,
2026-10-05,2026-10-05,CM,BSE,STK,515043,INE068B01017,SEKURITIND,B,,,,,SAINT-GOBAIN SEKURIT INDIA LTD,108.15,113.70,108.00,108.40,108.40,108.90,,108.54,,,19118,2086828.00,335,F1,1,,,,,
2026-10-05,2026-10-05,CM,BSE,STK,515055,INE242C01024,ANANTRAJ,A,,,,,ANANT RAJ LIMITED,580.00,592.85,575.05,587.60,587.60,579.20,,587.42,,,130335,76333256.00,3665,F1,1,,,,,
2026-10-05,2026-10-05,CM,BSE,STK,515059,INE469C01023,MADHUDIN,X,,,,,MADHUSUDAN INDUSTRIES LTD.,34.94,34.94,34.94,34.94,34.94,33.11,,34.94,,,1,34.00,1,F1,1,,,,,
2026-10-05,2026-10-05,CM,BSE,STK,515085,INE298E01022,RESTILE,X,,,,,RESTILE CERAMICS LTD.,7.68,8.12,6.86,7.19,7.20,7.53,,7.19,,,36069,261985.00,119,F1,1,,,,,
2026-10-05,2026-10-05,CM,BSE,STK,515093,INE925C01016,MADHAV,B,,,,,MADHAV MARBLES & GRANITES LTD.,39.80,39.80,34.00,34.07,34.80,36.46,,34.08,,,1914,69264.00,45,F1,1,,,,,
2026-10-05,2026-10-05,CM,BSE,STK,515147,INE506D01020,HALDYNGL,B,,,,,HALDYN GLASS LTD,150.95,150.95,141.70,142.35,142.50,146.65,,142.72,,,20084,2902431.00,320,F1,1,,,,,
2026-10-05,2026-10-05,CM,BSE,STK,516003,INE932D01010,DUROPLY,X,,,,,DUROPLY INDUSTRIES LIMITED,99.90,100.95,98.90,99.00,99.00,97.10,,99.00,,,1057,104669.00,25,F1,1,,,,,
2026-10-05,2026-10-05,CM,BSE,STK,516016,INE231C01019,SHREYANIND,B,,,,,SHREYANS INDUSTRIES LTD.,128.45,130.15,128.05,128.35,128.35,124.65,,129.00,,,1535,197040.00,7,F1,1,,,,,
2026-10-05,2026-10-05,CM,BSE,STK,516020,INE112C01011,AGIOPAPER,X,,,,,AGIO PAPER & INDUSTRIES LTD.,3.52,3.55,3.52,3.52,3.52,3.70,,3.52,,,1140,4013.00,5,F1,1,,,,,
2026-10-05,2026-10-05,CM,BSE,STK,516022,INE733A01018,STARPAPER,B,,,,,STAR PAPER MILLS LTD.,152.05,152.05,150.00,150.20,152.00,153.00,,151.68,,,360,54126.00,30,F1,1,,,,,
2026-10-05,2026-10-05,CM,BSE,STK,516030,INE551D01018,PAKKA,B,,,,,PAKKA LIMITED,72.00,72.99,69.37,70.15,70.20,72.75,,69.81,,,12552,882301.00,408,F1,1,,,,,
2026-10-05,2026-10-05,CM,BSE,STK,516032,INE385D01029,TAHMARENT,X,,,,,TAHMAR ENTERPRISES LIMITED,4.16,4.25,3.91,4.13,4.11,4.06,,4.13,,,62961,255560.00,131,F1,1,,,,,
2026-10-05,2026-10-05,CM,BSE,STK,516038,INE737E01011,KSSMART,B,,,,,KS Smart Technologies Limited,91.81,94.35,87.00,90.27,90.27,90.00,,90.27,,,17322,1545546.00,154,F1,1,,,,,
2026-10-05,2026-10-05,CM,BSE,STK,516064,INE570D01018,ARROWGREEN,B,,,,,Arrow Greentech Limited,813.80,880.00,813.80,860.10,860.65,866.00,,858.56,,,2107,1802202.00,330,F1,1,,,,,
2026-10-05,2026-10-05,CM,BSE,STK,516072,INE270I01022,VISHNU,B,,,,,VISHNU CHEMICALS LTD.,651.00,671.30,646.10,647.55,648.00,658.70,,647.75,,,4867,3180621.00,281,F1,1,,,,,
2026-10-05,2026-10-05,CM,BSE,STK,516078,INE699D01015,JUMBO,XT,,,,,JUMBO BAG LTD.,87.99,92.60,87.98,89.33,92.37,92.60,,89.33,,,6467,580859.00,37,F1,1,,,,,
2026-10-05,2026-10-05,CM,BSE,STK,516082,INE740D01017,NRAIL,B,,,,,N.R.AGARWAL INDUSTRIES LTD.,684.95,684.95,649.95,657.45,657.35,663.70,,661.28,,,634,420254.00,62,F1,1,,,,,
2026-10-05,2026-10-05,CM,BSE,STK,516096,INE384D01022,SANPA,X,,,,,SANGAL PAPERS LTD.,184.15,199.75,184.15,199.75,199.75,192.00,,199.75,,,103,19014.00,2,F1,1,,,,,
2026-10-05,2026-10-05,CM,BSE,STK,516098,INE810C01044,VENTURA,X,,,,,VENTURA TEXTILES LTD.,8.00,8.00,7.51,7.85,7.85,8.06,,7.85,,,2505,19688.00,26,F1,1,,,,,
2026-10-05,2026-10-05,CM,BSE,STK,516106,INE538D01015,SHKARTP,X,,,,,SHREE KARTHIK PAPERS LTD.,7.80,7.80,7.65,7.75,7.75,7.65,,7.75,,,3083,23826.00,36,F1,1,,,,,
2026-10-05,2026-10-05,CM,BSE,STK,516108,INE088G01014,STHINPA,X,,,,,SOUTH INDIA PAPER MILLS LTD.,119.70,119.70,116.50,118.95,119.00,118.00,,118.95,,,1288,153315.00,15,F1,1,,,,,
2026-10-05,2026-10-05,CM,BSE,STK,516110,INE146N01016,FAMILYCARE,X,,,,,FAMILY CARE HOSPITALS LIMITED,1.74,1.89,1.74,1.88,1.89,1.76,,1.88,,,126693,233972.00,214,F1,1,,,,,
2026-10-05,2026-10-05,CM,BSE,STK,517015,INE707A01012,VINDHYATEL,B,,,,,VINDHYA TELELINKS LTD.,2666.75,2673.25,2551.20,2576.75,2581.25,2615.75,,2577.24,,,2326,6023159.00,254,F1,1,,,,,
2026-10-05,2026-10-05,CM,BSE,STK,517035,INE302D01024,RIR,B,,,,,RIR POWER ELECTRONICS LIMITED,178.70,179.45,173.00,174.35,174.35,177.05,,174.52,,,123739,21750969.00,1134,F1,1,,,,,
2026-10-05,2026-10-05,CM,BSE,STK,517041,INE045A01017,ADOR,B,,,,,ADOR WELDING LTD.,1570.40,1588.25,1501.00,1519.25,1519.25,1570.40,,1512.26,,,1934,2971595.00,417,F1,1,,,,,
2026-10-05,2026-10-05,CM,BSE,STK,517044,INE649R01010,IDM,XT,,,,,INTERNATIONAL DATA MANAGEMENT,37.97,37.97,37.97,37.97,37.97,37.98,,37.97,,,5,189.00,2,F1,1,,,,,
2026-10-05,2026-10-05,CM,BSE,STK,517059,INE457F01013,SALZERELEC,B,,,,,SALZER ELECTRONICS LTD.,538.15,538.15,521.65,524.55,524.50,530.30,,525.03,,,5156,2716631.00,337,F1,1,,,,,
2026-10-05,2026-10-05,CM,BSE,STK,517063,INE919C01019,JETKINGQ,X,,,,,JETKING INFOTRAIN LTD.,118.00,122.00,117.00,121.60,121.90,120.10,,121.60,,,8058,960519.00,100,F1,1,,,,,
2026-10-05,2026-10-05,CM,BSE,STK,517077,INE115E01010,INDAGIV,X,,,,,IND-AGIV COMMERCE LTD.,37.24,37.24,37.24,37.24,37.24,38.00,,37.24,,,1,37.00,1,F1,1,,,,,
2026-10-05,2026-10-05,CM,BSE,STK,517096,INE273A01015,APLAB,X,,,,,APLAB LTD.,73.00,73.00,68.25,71.96,71.96,71.81,,71.96,,,956,67081.00,27,F1,1,,,,,
2026-10-05,2026-10-05,CM,BSE,STK,517119,INE834B01012,PCS,X,,,,,PCS TECHNOLOGY LTD.,22.00,23.00,22.00,23.00,23.00,22.43,,23.00,,,12205,275031.00,75,F1,1,,,,,
2026-10-05,2026-10-05,CM,BSE,STK,517146,INE228A01035,USHAMART,A,,,,,USHA MARTIN LTD.,491.50,517.70,491.50,511.55,511.55,491.80,,510.56,,,91919,46644837.00,2455,F1,1,,,,,
2026-10-05,2026-10-05,CM,BSE,STK,517166,INE252A01019,SPELS,T,,,,,SPEL SEMICONDUCTOR LTD.,118.85,118.85,118.85,118.85,118.85,125.10,,118.68,,,5833,693252.00,227,F1,1,,,,,
2026-10-05,2026-10-05,CM,BSE,STK,517168,INE287B01021,SUBROS,B,,,,,SUBROS LTD.,680.00,693.00,673.00,675.10,675.05,686.10,,675.76,,,1421,962492.00,165,F1,1,,,,,
2026-10-05,2026-10-05,CM,BSE,STK,517170,INE125G01014,EDVENSWA,X,,,,,Edvenswa Enterprises Limited,21.97,22.38,21.75,22.25,22.30,21.97,,22.25,,,668,14845.00,10,F1,1,,,,,
2026-10-05,2026-10-05,CM,BSE,STK,517172,INE443P01038,PERVASIVE,XT,,,,,Pervasive Commodities Limited,12.34,12.34,12.34,12.34,12.34,12.10,,12.34,,,100,1234.00,1,F1,1,,,,,
2026-10-05,2026-10-05,CM,BSE,STK,517174,INE671A01010,HONAUT,A,,,,,HONEYWELL AUTOMATION INDIA LTD,33600.00,34000.00,33600.00,33766.70,33900.00,33499.55,,33782.35,,,473,15985551.00,247,F1,1,,,,,
2026-10-05,2026-10-05,CM,BSE,STK,517201,INE311D01017,SWITCHTE,XT,,,,,SWITCHING TECHNOLOGIES GUNTHER,171.95,171.95,160.00,164.75,170.90,165.00,,164.75,,,5289,870964.00,95,F1,1,,,,,
2026-10-05,2026-10-05,CM,BSE,STK,517206,INE162B01018,LUMAXIND,B,,,,,LUMAX INDUSTRIES LTD.,5546.95,5575.90,5433.00,5453.90,5450.85,5551.20,,5439.95,,,370,2028035.00,118,F1,1,,,,,
2026-10-05,2026-10-05,CM,BSE,STK,517214,INE927C01020,DIGISPICE,B,,,,,DIGISPICE TECHNOLOGIES LIMITED,14.13,15.36,14.13,15.17,15.30,14.87,,15.20,,,6588,96066.00,89,F1,1,,,,,
2026-10-05,2026-10-05,CM,BSE,STK,517230,INE766A01026,AURIQUE,XT,,,,,AURIQUE LIMITED,41.11,41.11,41.11,41.11,41.11,39.16,,41.11,,,110,4522.00,3,F1,1,,,,,
2026-10-05,2026-10-05,CM,BSE,STK,517236,INE216C01010,CALCOM,X,,,,,CALCOM VISION LTD.,69.00,69.00,64.00,64.21,66.30,64.00,,64.21,,,535,35295.00,21,F1,1,,,,,
2026-10-05,2026-10-05,CM,BSE,STK,517238,INE083E01010,DYNAVSN,X,,,,,DYNAVISION LTD.,240.00,245.85,240.00,240.00,240.00,239.60,,240.00,,,304,73924.00,15,F1,1,,,,,
2026-10-05,2026-10-05,CM,BSE,STK,517246,INE788D01016,BCCFUBA,XT,,,,,BCC FUBA INDIA LTD.,330.00,332.35,301.70,314.10,313.00,317.55,,314.10,,,65369,20693827.00,565,F1,1,,,,,
2026-10-05,2026-10-05,CM,BSE,STK,517258,INE143C01024,PRECISIO,XT,,,,,PRECISION ELECTRONICS LTD.,191.00,191.00,187.20,187.20,187.20,191.00,,187.20,,,735,137728.00,10,F1,1,,,,,
2026-10-05,2026-10-05,CM,BSE,STK,517264,INE087E01011,FINELINE,X,,,,,FINE-LINE CIRCUITS LTD.,65.75,65.75,61.50,63.09,63.09,62.69,,63.09,,,1197,75339.00,25,F1,1,,,,,
2026-10-05,2026-10-05,CM,BSE,STK,517271,INE292B01021,HBLENGINE,A,,,,,HBL ENGINEERING LIMITED,780.95,789.30,760.00,763.45,763.45,779.40,,763.57,,,135785,105039741.00,4010,F1,1,,,,,
2026-10-05,2026-10-05,CM,BSE,STK,517273,INE902B01017,S&SPOWER,B,,,,,S&S POWER SWITCHGEAR LTD.,286.50,312.60,285.50,292.80,290.15,299.40,,294.38,,,1040,308310.00,43,F1,1,,,,,
2026-10-05,2026-10-05,CM,BSE,STK,517286,INE335Q01026,RNITAI,XT,,,,,RNIT AI SOLUTIONS LIMITED,111.00,111.00,109.75,109.75,109.75,111.95,,109.75,,,44905,4942345.00,130,F1,1,,,,,
2026-10-05,2026-10-05,CM,BSE,STK,517288,INE541F01022,GUJARATPOLY,X,,,,,Gujarat Poly Electronics Limit,57.99,57.99,53.80,57.93,57.93,56.94,,57.93,,,961,53659.00,31,F1,1,,,,,
2026-10-05,2026-10-05,CM,BSE,STK,517300,INE162A01010,GIPCL,B,,,,,GUJARAT INDUSTRIES POWER CO.LT,176.05,180.10,175.45,176.50,176.80,174.95,,176.62,,,7665,1359748.00,389,F1,1,,,,,
2026-10-05,2026-10-05,CM,BSE,STK,517320,INE898E01011,MAGNUS,XT,,,,,MAGNUS STEEL AND INFRA LIMITED,30.22,30.22,30.22,30.22,30.22,31.81,,30.22,,,4951,149619.00,75,F1,1,,,,,
2026-10-05,2026-10-05,CM,BSE,STK,517330,INE981B01011,CMICABLES,Z,,,,,CMI LTD.,2.49,2.49,2.37,2.37,2.37,2.49,,2.49,,,13984,33143.00,20,F1,1,,,,,
2026-10-05,2026-10-05,CM,BSE,STK,517334,INE775A01035,MOTHERSON,A,,,,,Samvardhana Motherson Internat,157.00,159.25,154.85,157.50,157.50,157.50,,156.54,,,471330,73930343.00,6255,F1,1,,,,,
2026-10-05,2026-10-05,CM,BSE,STK,517336,INE834C01028,MODMA,P,,,,,MODERN MALLEABLES LTD.,34.01,34.90,34.01,34.01,34.01,34.00,,34.01,,,500,17094.00,5,F1,100,,,,,
2026-10-05,2026-10-05,CM,BSE,STK,517344,INE110B01017,MINDTECK,B,,,,,MINDTECK (INDIA) LTD.,145.35,157.55,145.35,152.00,152.00,151.80,,151.33,,,965,146863.00,104,F1,1,,,,,
2026-10-05,2026-10-05,CM,BSE,STK,517354,INE176B01034,HAVELLS,A,,,,,HAVELLS INDIA LTD.,1051.20,1060.45,1042.00,1052.00,1052.00,1040.60,,1046.72,,,31736,33288372.00,2208,F1,1,,,,,
2026-10-05,2026-10-05,CM,BSE,STK,517356,INE167B01025,ACIIN,XT,,,,,ACI INFOCOM LTD.,2.47,2.47,2.47,2.47,2.47,2.52,,2.47,,,189041,466931.00,68,F1,1,,,,,
2026-10-05,2026-10-05,CM,BSE,STK,517360,INE689V01018,SBECSYS,X,,,,,SBEC SYSTEMS (INDIA) LTD.,19.00,20.50,18.99,20.49,20.49,19.00,,20.49,,,3972,76563.00,15,F1,1,,,,,
2026-10-05,2026-10-05,CM,BSE,STK,517370,INE437C01012,INCAP,X,,,,,INCAP LTD.,78.50,78.50,74.58,74.62,74.58,78.50,,74.62,,,487,36524.00,25,F1,1,,,,,
2026-10-05,2026-10-05,CM,BSE,STK,517372,INE877E01015,GUJINTRX,X,,,,,GUJARAT INTRUX LTD.,426.20,430.00,420.00,427.90,427.90,426.20,,427.90,,,1489,631066.00,84,F1,1,,,,,
2026-10-05,2026-10-05,CM,BSE,STK,517380,INE188B01013,IGARASHI,B,,,,,IGARASHI MOTORS INDIA LTD.,401.95,403.00,388.30,389.05,390.00,399.25,,389.38,,,5491,2146729.00,178,F1,1,,,,,
2026-10-05,2026-10-05,CM,BSE,STK,517385,INE225D01027,SYMPHONY,B,,,,,SYMPHONY LIMITED,575.05,576.55,556.65,559.15,560.60,571.00,,559.44,,,2723,1526180.00,288,F1,1,,,,,
2026-10-05,2026-10-05,CM,BSE,STK,517393,INE043B01028,REGANTO,Z,,,,,REGANTO ENTERPRISES LIMITED,3.64,3.74,3.40,3.70,3.74,3.57,,3.70,,,248432,909895.00,325,F1,1,,,,,
2026-10-05,2026-10-05,CM,BSE,STK,517397,INE648E01010,PANELEC,X,,,,,PAN ELECTRONICS INDIA LTD.,25.38,27.00,25.26,25.32,25.26,25.26,,25.32,,,116,3040.00,14,F1,1,,,,,
2026-10-05,2026-10-05,CM,BSE,STK,517399,INE756A01019,VXLINSTR,XT,,,,,VXL INSTRUMENTS LTD.,5.47,5.74,5.20,5.35,5.73,5.47,,5.35,,,37212,200932.00,70,F1,1,,,,,
2026-10-05,2026-10-05,CM,BSE,STK,517411,INE635A01023,SHYAMTEL,B,,,,,SHYAM TELECOM LTD.,11.40,11.40,10.56,11.38,11.40,10.57,,10.93,,,28,302.00,7,F1,1,,,,,
2026-10-05,2026-10-05,CM,BSE,STK,517415,INE791B01014,LEENEE,T,,,,,LEE & NEE SOFTWARES (EXPORTS),7.54,7.74,7.22,7.52,7.67,7.39,,7.51,,,1323,10100.00,11,F1,1,,,,,
2026-10-05,2026-10-05,CM,BSE,STK,517417,INE082C01024,PATELSAI,XT,,,,,PATELS AIRTEMP (INDIA) LTD.,378.00,385.95,365.65,373.35,377.95,367.60,,373.35,,,11562,4375374.00,167,F1,1,,,,,
2026-10-05,2026-10-05,CM,BSE,STK,517421,INE295F01017,BUTTERFLY,B,,,,,BUTTERFLY GANDHIMATHI APPLIANC,560.05,567.65,546.00,546.90,546.00,553.90,,547.52,,,968,541120.00,210,F1,1,,,,,
2026-10-05,2026-10-05,CM,BSE,STK,517423,INE0IPL01018,INTEGSW,XT,,,,,INTEGRA SWITCHGEAR LTD.,158.50,158.50,158.50,158.50,158.50,159.00,,158.50,,,25,3962.00,1,F1,1,,,,,
2026-10-05,2026-10-05,CM,BSE,STK,517429,INE576B01019,ATHENAGLO,X,,,,,Athena Global Technologies Lim,55.00,55.00,54.90,54.90,54.90,55.00,,54.90,,,1987,109254.00,6,F1,1,,,,,
2026-10-05,2026-10-05,CM,BSE,STK,517431,INE060D01028,NARMP,X,,,,,NARMADA MACPLAST DRIP IRRIGATI,22.90,23.61,22.75,23.01,23.20,22.55,,23.01,,,10577,243060.00,154,F1,1,,,,,
2026-10-05,2026-10-05,CM,BSE,STK,517437,INE940C01015,DUTRON,X,,,,,DUTRON POLYMERS LTD.,103.00,103.00,100.45,102.20,102.20,103.00,,102.20,,,19,1940.00,5,F1,1,,,,,
2026-10-05,2026-10-05,CM,BSE,STK,517447,INE165B01029,RSSOFTWARE,B,,,,,R.S.SOFTWARE INDIA LTD.,31.00,31.00,29.50,29.98,29.98,29.91,,29.83,,,563,16902.00,24,F1,1,,,,,
2026-10-05,2026-10-05,CM,BSE,STK,517449,INE437D01010,MAGNAELQ,X,,,,,MAGNA ELECTRO CASTINGS LTD.,1300.35,1337.95,1211.05,1329.00,1329.00,1300.35,,1329.00,,,1509,1902925.00,130,F1,1,,,,,
2026-10-05,2026-10-05,CM,BSE,STK,517467,INE415B01044,MARSONS,B,,,,,MARSONS LIMITED,116.50,117.75,113.50,114.30,113.85,114.25,,114.30,,,31703,3649737.00,410,F1,1,,,,,
2026-10-05,2026-10-05,CM,BSE,STK,517477,INE033C01019,ELNET,X,,,,,ELNET TECHNOLOGIES LTD.,293.95,304.95,293.95,298.00,297.00,298.00,,298.00,,,1291,385227.00,14,F1,1,,,,,
2026-10-05,2026-10-05,CM,BSE,STK,517494,INE258C01038,ACCEL,X,,,,,ACCEL LIMITED,12.53,12.70,11.76,11.84,12.00,12.00,,11.84,,,4954,58899.00,69,F1,1,,,,,
2026-10-05,2026-10-05,CM,BSE,STK,517498,INE855C01023,WEBELSOLAR,A,,,,,WEBSOL ENERGY SYSTEM LTD.,69.02,69.69,67.25,68.11,68.25,68.73,,68.06,,,199089,13584402.00,2363,F1,1,,,,,
2026-10-05,2026-10-05,CM,BSE,STK,517500,INE535D01037,ROTO,B,,,,,ROTO PUMPS LTD.,63.00,63.70,62.00,62.19,62.20,62.63,,62.26,,,10732,673649.00,143,F1,1,,,,,
2026-10-05,2026-10-05,CM,BSE,STK,517506,INE690A01028,TTKPRESTIG,B,,,,,TTK PRESTIGE LTD.,529.25,529.25,508.95,511.50,514.00,506.85,,512.84,,,1209,619342.00,106,F1,1,,,,,
2026-10-05,2026-10-05,CM,BSE,STK,517514,INE589D01018,DHINDIA,X,,,,,D&H INDIA LTD,201.20,201.20,195.20,197.05,195.35,200.10,,197.05,,,934,186114.00,24,F1,1,,,,,
2026-10-05,2026-10-05,CM,BSE,STK,517522,INE451D01029,RAJRATAN,B,,,,,RAJRATAN GLOBAL WIRE LTD.,441.80,460.00,441.80,453.75,456.95,452.75,,454.57,,,2971,1355463.00,639,F1,1,,,,,
2026-10-05,2026-10-05,CM,BSE,STK,517530,INE130B01031,SURANAT&P,B,,,,,SURANA TELECOM AND POWER LIMIT,16.01,16.46,15.42,15.49,15.49,15.78,,15.59,,,15268,240870.00,74,F1,1,,,,,
2026-10-05,2026-10-05,CM,BSE,STK,517536,INE229A01017,ONWARDTEC,B,,,,,ONWARD TECHNOLOGIES LTD.,290.95,293.45,284.50,292.40,292.40,292.20,,290.77,,,2995,861720.00,117,F1,1,,,,,
2026-10-05,2026-10-05,CM,BSE,STK,517544,INE320B01020,CENTUM,B,,,,,CENTUM ELECTRONICS LTD.,4769.10,4769.10,4560.00,4590.15,4590.15,4699.50,,4584.41,,,1781,8238743.00,423,F1,1,,,,,
2026-10-05,2026-10-05,CM,BSE,STK,517546,INE209C01015,ALFATRAN,X,,,,,ALFA TRANSFORMERS LTD.,39.70,39.70,36.51,37.45,37.32,37.95,,37.45,,,4003,151141.00,71,F1,1,,,,,
2026-10-05,2026-10-05,CM,BSE,STK,517554,INE141C01036,NHCFOODS,XT,,,,,NHC FOODS LTD.,1.80,1.82,1.70,1.70,1.70,1.78,,1.70,,,7749914,13356482.00,3473,F1,1,,,,,
2026-10-05,2026-10-05,CM,BSE,STK,517556,INE362A01016,PVP,B,,,,,PVP VENTURES LTD.,48.02,48.02,48.02,48.02,48.02,50.54,,47.96,,,19519,937302.00,67,F1,1,,,,,
2026-10-05,2026-10-05,CM,BSE,STK,517562,INE948A01012,TRIGYN,B,,,,,TRIGYN TECHNOLOGIES LTD.,55.29,55.29,51.50,51.50,51.50,51.68,,51.45,,,840,44166.00,59,F1,1,,,,,
2026-10-05,2026-10-05,CM,BSE,STK,517564,INE769B01028,CLENON,XT,,,,,CLENON ENTERPRISES LIMITED,36.69,36.69,36.69,36.69,36.69,38.62,,36.69,,,525,19262.00,12,F1,1,,,,,
2026-10-05,2026-10-05,CM,BSE,STK,517569,INE878B01027,KEI,A,,,,,KEI INDUSTRIES LTD.,4576.95,4650.00,4508.05,4625.00,4625.00,4508.00,,4638.07,,,15885,73425446.00,3243,F1,1,,,,,
2026-10-05,2026-10-05,CM,BSE,STK,518011,INE145L01012,KEERTHI,X,,,,,KEERTHI INDUSTRIES LTD.,39.99,40.40,39.00,39.96,40.20,40.40,,39.96,,,124,4957.00,16,F1,1,,,,,
2026-10-05,2026-10-05,CM,BSE,STK,518053,INE827D01020,SRICC,X,,,,,Sri Chakra Cement Limited,27.00,34.99,27.00,34.23,34.26,32.82,,34.23,,,657,22533.00,23,F1,1,,,,,
2026-10-05,2026-10-05,CM,BSE,STK,518075,INE069E01019,SURAJ,X,,,,,SURAJ PRODUCTS LTD.,248.00,254.95,240.50,246.65,246.75,248.00,,246.65,,,3940,962183.00,65,F1,1,,,,,
2026-10-05,2026-10-05,CM,BSE,STK,518091,INE071F01012,APCL,B,,,,,ANJANI PORTLAND CEMENT LTD.,95.00,96.83,92.16,92.81,92.81,95.89,,94.00,,,305,28491.00,17,F1,1,,,,,
2026-10-05,2026-10-05,CM,BSE,STK,519003,INE537F01012,MODINATUR,B,,,,,MODI NATURALS LIMITED,325.80,325.80,325.00,325.00,325.00,320.00,,325.04,,,15,4876.00,3,F1,1,,,,,
2026-10-05,2026-10-05,CM,BSE,STK,519014,INE100E01012,PRSNTIN,X,,,,,PRASHANT INDIA LTD.,15.00,15.00,15.00,15.00,15.00,15.00,,15.00,,,100,1500.00,1,F1,1,,,,,
2026-10-05,2026-10-05,CM,BSE,STK,519031,INE455D01012,SHAHFOOD,XT,,,,,SHAH FOODS LTD.,328.70,345.10,312.30,343.95,343.95,328.70,,343.95,,,55,17432.00,12,F1,1,,,,,
2026-10-05,2026-10-05,CM,BSE,STK,519064,INE687W01010,ZKHANDEN,XT,,,,,KHANDELWAL EXTRACTION LTD.,190.00,190.00,190.00,190.00,190.00,184.15,,190.00,,,1,190.00,1,F1,1,,,,,
2026-10-05,2026-10-05,CM,BSE,STK,519091,INE488B01017,TASTYBITE,B,,,,,TASTY BITE EATABLES LTD.,9376.65,9491.00,9306.65,9348.05,9347.00,9474.65,,9372.40,,,188,1764420.00,66,F1,1,,,,,
2026-10-05,2026-10-05,CM,BSE,STK,519097,INE534D01014,RITESHIN,XT,,,,,RITESH INTERNATIONAL LTD.,87.80,88.96,86.35,87.47,87.01,86.35,,87.47,,,4192,365900.00,29,F1,1,,,,,
2026-10-05,2026-10-05,CM,BSE,STK,519105,INE488D01021,AVTNPL,B,,,,,AVT NATURAL PRODUCTS LTD.,88.99,92.76,87.10,89.27,88.79,87.91,,88.84,,,26225,2375053.00,388,F1,1,,,,,
2026-10-05,2026-10-05,CM,BSE,STK,519126,INE254N01026,HNDFDS,B,,,,,HINDUSTAN FOODS LTD.,573.15,576.85,558.00,570.55,570.00,575.30,,570.05,,,2991,1686159.00,224,F1,1,,,,,
2026-10-05,2026-10-05,CM,BSE,STK,519136,INE289A01011,NAHARINDUS,B,,,,,NAHAR INDUSTRIAL ENTERPRISES L,129.55,129.55,125.75,126.50,126.50,128.00,,127.07,,,703,89427.00,22,F1,1,,,,,
2026-10-05,2026-10-05,CM,BSE,STK,519152,INE693D01018,VADILENT,B,,,,,VADILAL ENTERPRISES LTD.,9950.00,9950.00,9870.00,9870.00,9870.00,9900.00,,9860.00,,,4,39644.00,4,F1,1,,,,,
2026-10-05,2026-10-05,CM,BSE,STK,519156,INE694D01016,VADILALIND,B,,,,,VADILAL INDUSTRIES LTD.,7188.00,7214.30,7003.00,7118.60,7208.90,7188.00,,7111.67,,,608,4329033.00,119,F1,1,,,,,
2026-10-05,2026-10-05,CM,BSE,STK,519174,INE709D01012,ASHAI,XT,,,,,ASHIANA AGRO INDUSTRIES LTD.,12.29,12.54,12.29,12.54,12.54,12.54,,12.54,,,229,2870.00,8,F1,1,,,,,
2026-10-05,2026-10-05,CM,BSE,STK,519183,INE982B01027,ADFFOODS,B,,,,,ADF FOODS LTD.,285.45,285.45,276.95,282.45,283.40,280.50,,282.16,,,8630,2410704.00,273,F1,1,,,,,
2026-10-05,2026-10-05,CM,BSE,STK,519191,INE601N01010,RGRL,Z,,,,,Retro Green Revolution Limited,1.19,1.23,1.19,1.20,1.20,1.24,,1.20,,,8174,9924.00,24,F1,1,,,,,
2026-10-05,2026-10-05,CM,BSE,STK,519214,INE188E01017,WILLIMFI,X,,,,,WILLIAMSON FINANCIAL SERVICES,4.25,4.25,4.05,4.05,4.05,4.05,,4.05,,,695,2851.00,5,F1,1,,,,,
2026-10-05,2026-10-05,CM,BSE,STK,519216,INE601B01023,AJANTSOY,X,,,,,AJANTA SOYA LTD.,21.00,22.70,20.50,20.88,20.88,21.46,,20.88,,,59641,1258719.00,281,F1,1,,,,,
2026-10-05,2026-10-05,CM,BSE,STK,519224,INE210A01017,WILLAMAGOR,B,,,,,WILLIAMSON MAGOR & COMPANY LTD,21.63,21.63,21.63,21.63,21.63,21.11,,21.65,,,320,6921.00,10,F1,1,,,,,
2026-10-05,2026-10-05,CM,BSE,STK,519230,INE102C01020,KISAAN,X,,,,,KISAAN PARIVAR INDUSTRIES LIMI,9.81,10.35,9.81,9.91,9.90,9.77,,9.91,,,1275,12821.00,25,F1,1,,,,,
2026-10-05,2026-10-05,CM,BSE,STK,519234,INE843L01012,SIEL,B,,,,,SUPERIOR INDUSTRIAL ENTERPRISE,31.50,31.55,31.50,31.55,31.55,30.06,,31.04,,,2,63.00,2,F1,1,,,,,
2026-10-05,2026-10-05,CM,BSE,STK,519238,INE233P01017,SPTRSHI,XT,,,,,SAPTARISHI AGRO INDUSTRIES LTD,30.50,30.50,28.69,30.45,30.45,30.20,,30.45,,,2048,58842.00,9,F1,1,,,,,
2026-10-05,2026-10-05,CM,BSE,STK,519242,INE995U01011,FRESITA,XT,,,,,FRESITA PROTEINS LIMITED,135.20,147.00,135.20,135.20,135.20,142.30,,135.20,,,17069,2323705.00,120,F1,1,,,,,
2026-10-05,2026-10-05,CM,BSE,STK,519260,INE890C01046,SANWARIA,Z,,,,,SANWARIA CONSUMER LIMITED,0.49,0.49,0.49,0.49,0.49,0.49,,0.19,,,47,23.00,9,F1,1,,,,,
2026-10-05,2026-10-05,CM,BSE,STK,519262,INE297D01018,PRIMAGR,X,,,,,PRIMA AGRO LTD.,15.00,15.00,15.00,15.00,15.00,15.60,,15.00,,,230,3450.00,2,F1,1,,,,,
2026-10-05,2026-10-05,CM,BSE,STK,519279,INE110C01015,MADHURIND,X,,,,,MADHUR INDUSTRIES LTD.,6.37,6.37,6.37,6.37,6.37,6.07,,6.37,,,400,2548.00,2,F1,1,,,,,
2026-10-05,2026-10-05,CM,BSE,STK,519285,INE906C01016,TARAI,Z,,,,,TARAI FOODS LTD.,4.45,4.50,4.45,4.48,4.48,4.54,,4.48,,,232,1040.00,8,F1,1,,,,,
2026-10-05,2026-10-05,CM,BSE,STK,519287,INE617B01011,MODAIRY,XT,,,,,MODERN DAIRIES LTD.,52.80,52.85,51.27,51.27,51.27,53.96,,51.27,,,36334,1864149.00,76,F1,1,,,,,
2026-10-05,2026-10-05,CM,BSE,STK,519295,INE921D01013,BAMBINO,X,,,,,BAMBINO AGRO INDUSTRIES LTD.,241.30,248.90,240.65,248.85,248.85,248.90,,248.85,,,119,29256.00,7,F1,1,,,,,
2026-10-05,2026-10-05,CM,BSE,STK,519299,INE543F01028,PRIMIND,XT,,,,,PRIME INDUSTRIES LTD.,97.28,97.28,97.28,97.28,97.28,92.65,,97.28,,,29278,2848163.00,50,F1,1,,,,,
2026-10-05,2026-10-05,CM,BSE,STK,519307,INE706A01022,VIKASWSP,Z,,,,,VIKAS WSP LTD.,0.85,0.85,0.81,0.85,0.85,0.81,,0.85,,,94720,80302.00,77,F1,1,,,,,
2026-10-05,2026-10-05,CM,BSE,STK,519331,INE923K01014,VSFPROJ,X,,,,,VSF PROJECTS LTD.,36.59,36.59,33.50,33.50,33.50,33.27,,33.50,,,2028,70948.00,18,F1,1,,,,,
2026-10-05,2026-10-05,CM,BSE,STK,519359,INE809E01018,POONADAL,X,,,,,POONA DAL & OIL INDUSTRIES LTD,60.93,60.93,59.16,59.48,59.48,58.00,,59.48,,,459,27819.00,12,F1,1,,,,,
2026-10-05,2026-10-05,CM,BSE,STK,519367,INE213P01027,TRANSFD,X,,,,,TRANSGLOBE FOODS LTD.,425.00,430.00,425.00,429.90,429.90,425.00,,429.90,,,135,58013.00,9,F1,1,,,,,
2026-10-05,2026-10-05,CM,BSE,STK,519383,INE087B01017,ANIKINDS,B,,,,,ANIK INDUSTRIES LTD.,44.99,45.98,44.00,44.40,44.40,44.10,,44.56,,,2222,99308.00,22,F1,1,,,,,
2026-10-05,2026-10-05,CM,BSE,STK,519397,INE220Z01013,SHINDL,B,,,,,SHARAT INDUSTRIES LTD.,159.00,159.30,155.10,158.85,158.10,159.00,,158.42,,,3235,508493.00,108,F1,1,,,,,
2026-10-05,2026-10-05,CM,BSE,STK,519413,INE673U01014,DATIWARE,P,,,,,DATIWARE MARITIME INFRA LIMITE,53.39,53.39,53.39,53.39,53.39,56.19,,53.39,,,100,5339.00,1,F1,100,,,,,
2026-10-05,2026-10-05,CM,BSE,STK,519421,INE953E01022,KSE,B,,,,,KSE LTD.,176.85,176.85,170.95,174.00,173.70,175.00,,174.56,,,7332,1270875.00,154,F1,1,,,,,
2026-10-05,2026-10-05,CM,BSE,STK,519457,INE295C01014,VIRATCRA,X,,,,,VIRAT CRANE INDUSTRIES LTD.,34.99,34.99,33.50,34.99,34.99,34.99,,34.99,,,32,1114.00,9,F1,1,,,,,
2026-10-05,2026-10-05,CM,BSE,STK,519463,INE678B01039,IBINFO,X,,,,,IB INFOTECH ENTERPRISES LTD.,32.00,32.00,30.17,30.18,30.17,31.75,,30.18,,,3765,113705.00,35,F1,1,,,,,
2026-10-05,2026-10-05,CM,BSE,STK,519471,INE072V01017,AMBARPIL,XT,,,,,Ambar Protein Industries Limit,185.25,198.95,185.25,185.75,186.00,195.00,,185.75,,,77,14645.00,12,F1,1,,,,,
2026-10-05,2026-10-05,CM,BSE,STK,519477,INE052V01019,CIANAGRO,B,,,,,CIAN Agro Ind & Infra Ltd,1021.00,1049.60,980.00,1034.15,1034.15,1015.75,,1034.15,,,47385,48468406.00,3005,F1,1,,,,,
2026-10-05,2026-10-05,CM,BSE,STK,519479,INE112B01013,OMEAG,X,,,,,OMEGA AG-SEEDS (PUNJAB) LTD.,9.15,9.15,8.65,9.14,9.14,9.04,,9.14,,,3891,35326.00,17,F1,1,,,,,
2026-10-05,2026-10-05,CM,BSE,STK,519483,INE358D01018,TAIIND,X,,,,,TAI INDUSTRIES LTD.,26.18,28.80,24.05,25.12,27.00,25.67,,25.12,,,1233,30912.00,21,F1,1,,,,,
2026-10-05,2026-10-05,CM,BSE,STK,519494,INE542C01019,NKIND,B,,,,,N.K.INDUSTRIES LTD.,52.51,52.51,52.51,52.51,52.51,61.77,,52.51,,,13,682.00,2,F1,1,,,,,
2026-10-05,2026-10-05,CM,BSE,STK,519500,INE356C01022,BKV,X,,,,,BKV INDUSTRIES LTD.,9.20,9.20,8.57,9.20,9.20,8.57,,9.20,,,635,5528.00,18,F1,1,,,,,
2026-10-05,2026-10-05,CM,BSE,STK,519506,INE630N01019,NCCBLUE,P,,,,,NCC BLUE WATER PRODUCTS LTD.,26.05,26.05,26.00,26.00,26.00,26.00,,26.00,,,200,5205.00,2,F1,100,,,,,
2026-10-05,2026-10-05,CM,BSE,STK,519528,INE369C01017,NORBTEAEXP,B,,,,,NORBEN TEA & EXPORTS LTD.,70.00,70.00,65.51,65.55,65.55,68.90,,65.59,,,664,43720.00,42,F1,1,,,,,
2026-10-05,2026-10-05,CM,BSE,STK,519532,INE822B01017,ASIANTNE,B,,,,,ASIAN TEA & EXPORTS LTD.,8.90,8.98,8.58,8.61,8.61,8.60,,8.99,,,709,6251.00,13,F1,1,,,,,
2026-10-05,2026-10-05,CM,BSE,STK,519552,INE978A01027,HERITGFOOD,B,,,,,HERITAGE FOODS LIMITED,411.80,411.80,390.40,395.50,398.00,401.75,,394.76,,,7989,3206976.00,329,F1,1,,,,,
2026-10-05,2026-10-05,CM,BSE,STK,519566,INE354D01017,SIMRAN,X,,,,,SIMRAN FARMS LTD.,171.00,171.10,165.05,165.30,165.30,171.10,,165.30,,,557,93409.00,13,F1,1,,,,,
2026-10-05,2026-10-05,CM,BSE,STK,519574,INE092301014,HINDUST,X,,,,,HINDUSTAN AGRIGENETICS LTD.,40.00,40.00,36.02,38.99,38.99,37.30,,38.99,,,427,16330.00,33,F1,1,,,,,
2026-10-05,2026-10-05,CM,BSE,STK,519600,INE421D01022,CCL,A,,,,,CCL PRODUCTS (INDIA) LTD.,1061.95,1068.30,1033.45,1049.40,1048.00,1054.70,,1051.83,,,11766,12323079.00,848,F1,1,,,,,
2026-10-05,2026-10-05,CM,BSE,STK,519602,INE164B01030,KELLTONTEC,B,,,,,KELLTON TECH SOLUTIONS LTD.,12.44,12.68,12.10,12.18,12.26,12.41,,12.18,,,178292,2183691.00,444,F1,1,,,,,
2026-10-05,2026-10-05,CM,BSE,STK,519604,INE565E01016,SURFI,X,,,,,SURYO FOODS & INDUSTRIES LTD.,19.50,20.00,19.50,19.90,19.90,19.09,,19.90,,,30,590.00,9,F1,1,,,,,
2026-10-05,2026-10-05,CM,BSE,STK,519606,INE177M01021,INTEGFD,XT,,,,,INTEGRATED PROTEINS LTD.,12.88,13.19,12.70,13.19,13.19,12.94,,13.19,,,9473,122088.00,41,F1,1,,,,,
2026-10-05,2026-10-05,CM,BSE,STK,519612,INE734D01010,LAKESHORE,X,,,,,LAKE SHORE REALTY LIMITED,64.00,64.00,63.00,63.00,63.00,62.38,,63.00,,,1881,118532.00,25,F1,1,,,,,
2026-10-05,2026-10-05,CM,BSE,STK,520008,INE209B01025,RICOAUTO,B,,,,,RICO AUTO INDUSTRIES LTD.,120.85,124.00,119.00,120.65,120.65,121.75,,120.52,,,53799,6567811.00,729,F1,1,,,,,
2026-10-05,2026-10-05,CM,BSE,STK,520021,INE090B01011,OMAXAUTO,B,,,,,OMAX AUTOS LTD.,197.60,210.00,197.60,202.25,204.45,202.65,,201.47,,,2076,416249.00,103,F1,1,,,,,
2026-10-05,2026-10-05,CM,BSE,STK,520043,INE577A01027,MUNJALSHOW,B,,,,,MUNJAL SHOWA LTD.,124.85,125.20,123.05,124.05,124.60,123.00,,124.03,,,64,7943.00,7,F1,1,,,,,
2026-10-05,2026-10-05,CM,BSE,STK,520051,INE039C01032,JAMNAAUTO,A,,,,,JAMNA AUTO INDUSTRIES LTD.,132.45,134.75,131.80,134.25,134.25,132.05,,134.43,,,80072,10697010.00,1282,F1,1,,,,,
2026-10-05,2026-10-05,CM,BSE,STK,520056,INE105A01035,TVSHLTD,A,,,,,TVS Holdings Limited,11885.00,11964.00,11716.05,11822.05,11800.00,11885.75,,11813.30,,,505,5961933.00,109,F1,1,,,,,
2026-10-05,2026-10-05,CM,BSE,STK,520057,INE643A01035,JTEKTINDIA,B,,,,,JTEKT India Ltd,115.65,117.70,113.20,114.00,114.00,115.85,,113.68,,,4862,558951.00,144,F1,1,,,,,
2026-10-05,2026-10-05,CM,BSE,STK,520059,INE672B01032,MUNJALAU,B,,,,,MUNJAL AUTO INDUSTRIES LTD.,105.85,106.60,103.60,105.70,105.90,104.10,,105.57,,,25305,2658186.00,407,F1,1,,,,,
2026-10-05,2026-10-05,CM,BSE,STK,520066,INE571B01036,JAYBARMARU,B,,,,,JAY BHARAT MARUTI LTD.,132.75,132.75,127.30,127.95,128.85,131.20,,127.98,,,50860,6583086.00,783,F1,1,,,,,
2026-10-05,2026-10-05,CM,BSE,STK,520073,INE704B01017,RACLGEAR,B,,,,,RACL Geartech Limited,1530.70,1557.95,1521.05,1552.60,1556.95,1541.15,,1550.44,,,1545,2374027.00,220,F1,1,,,,,
2026-10-05,2026-10-05,CM,BSE,STK,520075,INE706B01012,SAMKRG,X,,,,,SAMKRG PISTONS & RINGS LTD.,113.70,113.70,108.80,109.65,109.45,110.95,,109.65,,,732,80471.00,31,F1,1,,,,,
2026-10-05,2026-10-05,CM,BSE,STK,520081,INE315F01013,ECSTSTL,P,,,,,EAST COAST STEEL LTD.,16.45,16.45,16.45,16.45,16.45,15.70,,16.45,,,100,1645.00,1,F1,100,,,,,
2026-10-05,2026-10-05,CM,BSE,STK,520086,INE075B01020,SICALLOG,T,,,,,SICAL LOGISTICS LTD.,88.99,91.20,88.50,88.75,90.40,86.90,,88.73,,,10001,896071.00,48,F1,1,,,,,
2026-10-05,2026-10-05,CM,BSE,STK,520111,INE703B01027,RATNAMANI,A,,,,,RATNAMANI METALS & TUBES LTD.,2596.55,2603.60,2553.70,2561.45,2553.70,2617.70,,2564.70,,,3363,8701018.00,372,F1,1,,,,,
2026-10-05,2026-10-05,CM,BSE,STK,520113,INE386A01023,VESUVIUS,A,,,,,VESUVIUS INDIA LTD.,405.00,411.05,388.00,389.60,390.40,404.90,,389.41,,,8156,3245935.00,349,F1,1,,,,,
2026-10-05,2026-10-05,CM,BSE,STK,520119,INE900C01027,ASAL,B,,,,,AUTOMOTIVE STAMPINGS & ASSEMBL,437.55,438.50,421.00,425.00,423.70,427.20,,423.22,,,473,201502.00,93,F1,1,,,,,
2026-10-05,2026-10-05,CM,BSE,STK,520121,INE276D01012,ARCEEIN,X,,,,,ARCEE INDUSTRIES LTD.,14.00,14.00,13.87,13.87,13.87,13.34,,13.87,,,415,5809.00,10,F1,1,,,,,
2026-10-05,2026-10-05,CM,BSE,STK,520123,INE125D01011,ABCINDQ,X,,,,,ABC INDIA LTD.,60.00,64.00,60.00,64.00,64.00,62.00,,64.00,,,1109,70548.00,7,F1,1,,,,,
2026-10-05,2026-10-05,CM,BSE,STK,520127,INE654B01014,BALTE,X,,,,,BALURGHAT TECHNOLOGIES LTD.,14.50,16.25,14.07,14.96,15.75,15.47,,14.96,,,18834,279450.00,93,F1,1,,,,,
2026-10-05,2026-10-05,CM,BSE,STK,520131,INE229E01019,COARO,P,,,,,COASTAL ROADWAYS LTD.,20.80,20.80,20.80,20.80,20.80,21.80,,20.80,,,100,2080.00,1,F1,100,,,,,
2026-10-05,2026-10-05,CM,BSE,STK,520141,INE441C01014,SIBARAUT,X,,,,,SIBAR AUTO PARTS LTD.,7.73,8.29,7.73,8.09,8.09,7.76,,8.09,,,955,7419.00,20,F1,1,,,,,
2026-10-05,2026-10-05,CM,BSE,STK,520151,INE757B01015,TRANSWORLD,T,,,,,TRANSWORLD SHIPPING LINES LIMI,160.00,160.00,153.30,155.25,155.25,160.00,,154.45,,,1753,276420.00,21,F1,1,,,,,
2026-10-05,2026-10-05,CM,BSE,STK,520155,INE580C01019,STARLOG,X,,,,,Starlog Enterprises Limited,39.86,39.86,36.60,38.71,38.70,37.86,,38.71,,,2641,97390.00,14,F1,1,,,,,
2026-10-05,2026-10-05,CM,BSE,STK,521005,INE807M01031,TITANIN,X,,,,,TITAN INTECH LIMITED,0.94,0.98,0.94,0.95,0.95,0.95,,0.95,,,5415142,5191534.00,980,F1,1,,,,,
2026-10-05,2026-10-05,CM,BSE,STK,521016,INE483B01026,ICIL,A,,,,,INDO COUNT INDUSTRIES LTD.,445.10,456.25,443.30,446.15,447.25,444.00,,446.20,,,12237,5494329.00,607,F1,1,,,,,
2026-10-05,2026-10-05,CM,BSE,STK,521018,INE882A01013,MARALOVER,B,,,,,MARAL OVERSEAS LTD.,58.00,60.00,57.11,57.62,58.60,58.00,,57.59,,,698,40351.00,19,F1,1,,,,,
2026-10-05,2026-10-05,CM,BSE,STK,521034,INE314C01013,SOMATEX,B,,,,,SOMA TEXTILES & INDUSTRIES LTD,73.61,78.71,73.61,75.59,75.59,77.38,,75.65,,,332,25140.00,23,F1,1,,,,,
2026-10-05,2026-10-05,CM,BSE,STK,521036,INE695C01015,SOURCEIND,XT,,,,,SOURCE INDUSTRIES (INDIA) LTD.,71.38,71.38,71.38,71.38,71.38,69.99,,71.38,,,541,38616.00,7,F1,1,,,,,
2026-10-05,2026-10-05,CM,BSE,STK,521062,INE814L01013,OCTAVE,X,,,,,PERFECT-OCTAVE MEDIA PROJECTS,3.71,3.88,3.45,3.69,3.69,3.71,,3.69,,,582,2118.00,20,F1,1,,,,,
2026-10-05,2026-10-05,CM,BSE,STK,521064,INE064C01022,TRIDENT,A,,,,,TRIDENT LTD.,22.10,22.36,21.80,21.85,21.85,22.20,,21.84,,,590365,12963049.00,4450,F1,1,,,,,
2026-10-05,2026-10-05,CM,BSE,STK,521070,INE270A01029,ALOKINDS,A,,,,,ALOK INDUSTRIES LTD.,7.04,7.24,7.04,7.12,7.16,7.06,,7.12,,,839604,5989426.00,1179,F1,1,,,,,
2026-10-05,2026-10-05,CM,BSE,STK,521080,INE604F01010,PASARI,X,,,,,PASARI SPINNING MILLS LTD.,6.67,6.67,6.67,6.67,6.67,6.70,,6.67,,,29,193.00,1,F1,1,,,,,
2026-10-05,2026-10-05,CM,BSE,STK,521082,INE376C01038,CLCIND,T,,,,,CLC Industries Limited,31.64,31.64,31.64,31.64,31.64,31.64,,42.61,,,24,759.00,3,F1,1,,,,,
2026-10-05,2026-10-05,CM,BSE,STK,521097,INE484D01012,AMARJOTHI,B,,,,,AMARJOTHI SPINNING MILLS LTD.,150.00,151.00,146.20,146.40,146.40,149.75,,146.50,,,118,17408.00,15,F1,1,,,,,
2026-10-05,2026-10-05,CM,BSE,STK,521105,INE482O01021,OLYMPTX,X,,,,,OLYMPIA INDUSTRIES LTD.,25.29,25.29,23.02,23.47,23.83,23.05,,23.47,,,46,1093.00,16,F1,1,,,,,
2026-10-05,2026-10-05,CM,BSE,STK,521109,INE123B01028,NAGREEKEXP,B,,,,,NAGREEKA EXPORTS LTD.,20.25,22.51,20.25,20.70,20.70,21.11,,20.87,,,3025,61823.00,42,F1,1,,,,,
2026-10-05,2026-10-05,CM,BSE,STK,521113,INE691D01012,SUDTIND-B,X,,,,,SUDITI INDUSTRIES LTD.,67.19,69.00,64.59,65.08,65.08,66.86,,65.08,,,2077,140264.00,28,F1,1,,,,,
2026-10-05,2026-10-05,CM,BSE,STK,521131,INE363D01018,SBFL,X,,,,,Shree Bhavya Fabrics Limited,21.75,21.91,21.45,21.91,21.91,21.90,,21.91,,,105,2291.00,5,F1,1,,,,,
2026-10-05,2026-10-05,CM,BSE,STK,521137,INE958A01011,EUREKAI,XT,,,,,EUREKA INDUSTRIES LTD.,6.59,6.78,6.15,6.70,6.70,6.46,,6.70,,,21740,143923.00,62,F1,1,,,,,
2026-10-05,2026-10-05,CM,BSE,STK,521141,INE122D01026,ADITYASP,X,,,,,ADITYA SPINNERS LTD.,14.25,14.25,13.50,14.14,14.14,14.20,,14.14,,,556,7649.00,22,F1,1,,,,,
2026-10-05,2026-10-05,CM,BSE,STK,521149,INE419E01024,PRIMEURB,X,,,,,PRIME URBAN DEVELOPMENT INDIA,8.39,8.39,7.46,7.55,7.50,8.13,,7.55,,,2228,16899.00,25,F1,1,,,,,
2026-10-05,2026-10-05,CM,BSE,STK,521151,INE953D01016,DHANFAB,X,,,,,DHANLAXMI FABRICS LTD.,53.30,53.30,53.30,53.30,53.30,53.04,,53.30,,,10,533.00,2,F1,1,,,,,
2026-10-05,2026-10-05,CM,BSE,STK,521161,INE456D01010,SLSTLQ,X,,,,,SRI LAKSHMI SARASWATHI TEXTILE,35.40,35.40,35.00,35.00,35.00,34.00,,35.00,,,51,1785.00,3,F1,1,,,,,
2026-10-05,2026-10-05,CM,BSE,STK,521163,INE206B01013,ZODIACLOTH,B,,,,,ZODIAC CLOTHING CO.LTD.,67.50,68.83,67.50,68.00,68.00,66.60,,67.67,,,102,7013.00,6,F1,1,,,,,
2026-10-05,2026-10-05,CM,BSE,STK,521167,INE485D01043,MAXGROW,XT,,,,,MAXGROW INDIA LIMITED,170.45,170.45,163.85,170.45,170.45,167.15,,170.45,,,41146,6979189.00,438,F1,1,,,,,
2026-10-05,2026-10-05,CM,BSE,STK,521178,INE306D01017,SRMCL,X,,,,,SRI RAMAKRISHNA MILLS (COIMBAT,64.72,64.72,59.00,61.02,61.75,62.02,,61.02,,,2369,143889.00,78,F1,1,,,,,
2026-10-05,2026-10-05,CM,BSE,STK,521180,INE662A01027,SUPERSPIN,T,,,,,SUPER SPINNING MILLS LTD.,7.50,7.51,7.22,7.25,7.22,7.60,,7.26,,,1815,13183.00,8,F1,1,,,,,
2026-10-05,2026-10-05,CM,BSE,STK,521188,INE727E01012,UNITEDTE,XT,,,,,UNITED TEXTILES LTD.,23.90,23.90,23.90,23.90,23.90,23.90,,23.90,,,1123,26839.00,8,F1,1,,,,,
2026-10-05,2026-10-05,CM,BSE,STK,521194,INE923A01015,SILINV,B,,,,,SIL INVESTMENTS LTD.,403.70,444.00,403.70,439.80,444.00,429.00,,445.65,,,40,17257.00,20,F1,1,,,,,
2026-10-05,2026-10-05,CM,BSE,STK,521200,INE713B01026,SURYALAXMI,B,,,,,SURYALAKSHMI COTTON MILLS LTD.,57.13,57.13,57.13,57.13,57.13,56.01,,57.50,,,31,1771.00,10,F1,1,,,,,
2026-10-05,2026-10-05,CM,BSE,STK,521206,INE931D01020,SAMTEX,X,,,,,SAMTEX FASHIONS LTD.,1.32,1.40,1.20,1.38,1.39,1.32,,1.38,,,19482,24459.00,75,F1,1,,,,,
2026-10-05,2026-10-05,CM,BSE,STK,521210,INE117C01010,CITYMAN,X,,,,,CITYMAN LTD.,14.54,14.54,14.32,14.50,14.50,14.25,,14.50,,,150,2174.00,7,F1,1,,,,,
2026-10-05,2026-10-05,CM,BSE,STK,521216,INE220C01012,DHANROTO,X,,,,,DHANALAXMI ROTO SPINNERS LTD.,71.40,71.70,64.00,69.14,69.00,70.71,,69.14,,,6076,407214.00,125,F1,1,,,,,
2026-10-05,2026-10-05,CM,BSE,STK,521222,INE602D01027,SANBLUE,X,,,,,SANBLUE CORPORATION LTD.,28.12,28.12,28.10,28.12,28.10,28.10,,28.12,,,10,281.00,2,F1,1,,,,,
2026-10-05,2026-10-05,CM,BSE,STK,521226,INE980D01019,UNIROYAL,X,,,,,UNIROYAL INDUSTRIES LTD.,24.36,24.36,24.00,24.12,24.12,23.88,,24.12,,,31,752.00,4,F1,1,,,,,
2026-10-05,2026-10-05,CM,BSE,STK,521228,INE083G01031,TATIAGLOB,X,,,,,TATIA GLOBAL VENNTURE LTD.,2.07,2.13,2.01,2.03,2.08,2.07,,2.03,,,86231,180064.00,177,F1,1,,,,,
2026-10-05,2026-10-05,CM,BSE,STK,521232,INE124M01015,SUNILTX,P,,,,,SUNIL INDUSTRIES LTD.,80.00,80.00,80.00,80.00,80.00,81.50,,80.00,,,100,8000.00,1,F1,100,,,,,
2026-10-05,2026-10-05,CM,BSE,STK,521234,INE443E01016,SRINACHA,X,,,,,SRI NACHAMMAI COTTON MILLS LTD,26.40,26.40,25.40,25.40,25.40,26.40,,25.40,,,104,2645.00,4,F1,1,,,,,
2026-10-05,2026-10-05,CM,BSE,STK,521238,INE893C01032,BGDL,B,,,,,BHARAT GLOBAL DEVELOPERS LIMIT,107.95,114.10,107.80,114.10,114.10,108.70,,114.10,,,177225,20171032.00,997,F1,1,,,,,
2026-10-05,2026-10-05,CM,BSE,STK,521244,INE676G01024,MKPMOB,XT,,,,,MKP Mobility Limited,240.40,240.40,226.10,235.55,235.55,238.00,,235.55,,,286,66523.00,16,F1,1,,,,,
2026-10-05,2026-10-05,CM,BSE,STK,521246,INE162C01024,PARASPETRO,B,,,,,PARAS PETROFILS LTD.,2.12,2.12,1.95,2.08,2.08,2.02,,2.06,,,7436,15393.00,54,F1,1,,,,,
2026-10-05,2026-10-05,CM,BSE,STK,521248,INE602G01020,KITEX,A,,,,,KITEX GARMENTS LTD.,118.60,123.80,117.05,118.15,118.30,116.30,,118.03,,,96732,11575854.00,905,F1,1,,,,,
2026-10-05,2026-10-05,CM,BSE,STK,522001,INE608B01010,CRANEX,X,,,,,CRANEX LTD.,82.00,93.00,82.00,92.04,92.04,79.01,,92.04,,,39257,3477986.00,258,F1,1,,,,,
2026-10-05,2026-10-05,CM,BSE,STK,522004,INE177C01022,BATLIBOI,B,,,,,BATLIBOI LTD.,82.51,90.50,82.00,89.77,89.00,82.38,,89.78,,,21327,1860700.00,403,F1,1,,,,,
2026-10-05,2026-10-05,CM,BSE,STK,522005,INE759F01012,AUSTENG,B,,,,,AUSTIN ENGINEERING CO.LTD.,170.10,170.10,162.05,162.30,162.10,166.75,,162.20,,,1212,197849.00,67,F1,1,,,,,
2026-10-05,2026-10-05,CM,BSE,STK,522014,INE961D01019,UNIDT,B,,,,,UNITED DRILLING TOOLS LTD.,242.00,244.65,227.15,229.80,228.00,239.80,,229.91,,,7390,1738529.00,186,F1,1,,,,,
2026-10-05,2026-10-05,CM,BSE,STK,522017,INE459C01016,FLUIDOM,X,,,,,FLUIDOMAT LTD.,719.95,729.80,710.00,710.85,710.00,720.75,,710.85,,,5013,3583051.00,147,F1,1,,,,,
2026-10-05,2026-10-05,CM,BSE,STK,522027,INE279D01016,EMAINDIA,X,,,,,EMA INDIA LTD.,577.80,577.80,577.80,577.80,577.80,589.55,,577.80,,,43,24845.00,7,F1,1,,,,,
2026-10-05,2026-10-05,CM,BSE,STK,522029,INE052A01021,WINDMACHIN,B,,,,,WINDSOR MACHINES LTD.,280.10,297.40,280.10,287.00,286.15,293.80,,286.22,,,1328,385355.00,98,F1,1,,,,,
2026-10-05,2026-10-05,CM,BSE,STK,522034,INE631A01022,SHANTIGEAR,B,,,,,SHANTHI GEARS LTD.,579.60,598.00,572.55,592.10,590.00,572.25,,591.76,,,2451,1441650.00,147,F1,1,,,,,
2026-10-05,2026-10-05,CM,BSE,STK,522036,INE338P01014,MIVENMACH,X,,,,,MIVEN MACHINE TOOLS LTD.,80.85,80.85,77.00,80.00,80.00,77.00,,80.00,,,24,1935.00,6,F1,1,,,,,
2026-10-05,2026-10-05,CM,BSE,STK,522064,INE634A01018,HONDAPOWER,B,,,,,HONDA INDIA POWER PRODUCTS LIM,1852.85,1894.95,1852.00,1862.60,1860.00,1906.60,,1865.15,,,350,652924.00,105,F1,1,,,,,
2026-10-05,2026-10-05,CM,BSE,STK,522073,INE127B01011,HITECHGEAR,T,,,,,The Hi-Tech Gears Ltd,596.00,596.00,588.00,588.00,588.00,593.25,,587.11,,,478,281269.00,9,F1,1,,,,,
2026-10-05,2026-10-05,CM,BSE,STK,522074,INE285A01027,ELGIEQUIP,A,,,,,ELGI EQUIPMENTS LTD.,584.55,594.35,583.15,591.25,589.25,585.15,,591.20,,,11644,6846478.00,984,F1,1,,,,,
2026-10-05,2026-10-05,CM,BSE,STK,522091,INE890G01047,UVDRHOR,X,,,,,UNITED VAN DER HORST LTD.,34.90,34.90,33.60,33.62,33.61,35.36,,33.62,,,5104,173137.00,73,F1,1,,,,,
2026-10-05,2026-10-05,CM,BSE,STK,522101,INE338F01015,KLBRENG-B,B,,,,,KILBURN ENGINEERING LTD.,520.75,538.00,517.60,523.30,524.35,524.55,,524.08,,,18442,9727274.00,612,F1,1,,,,,
2026-10-05,2026-10-05,CM,BSE,STK,522105,INE372E01025,BIRLAPREC,T,,,,,BIRLA PRECISION TECHNOLOGIES L,56.48,57.95,54.05,57.16,57.50,56.22,,57.61,,,18081,1013070.00,117,F1,1,,,,,
2026-10-05,2026-10-05,CM,BSE,STK,522108,INE384C01016,YUKEN,B,,,,,YUKEN INDIA LTD.,1120.35,1145.00,1097.35,1133.35,1121.10,1125.95,,1129.11,,,703,790606.00,99,F1,1,,,,,
2026-10-05,2026-10-05,CM,BSE,STK,522113,INE325A01013,TIMKEN,A,,,,,TIMKEN INDIA LTD.,3101.05,3148.65,3101.05,3131.50,3128.45,3101.25,,3132.26,,,1131,3540692.00,238,F1,1,,,,,
2026-10-05,2026-10-05,CM,BSE,STK,522122,INE285C01015,VOITHPAPR,B,,,,,VOITH PAPER FABRICS INDIA LTD.,1403.05,1450.00,1395.00,1410.10,1410.10,1416.00,,1437.20,,,90,129098.00,16,F1,1,,,,,
2026-10-05,2026-10-05,CM,BSE,STK,522134,INE133D01023,ARTSON,X,,,,,ARTSON LIMITED,156.40,162.40,149.55,151.70,149.55,156.40,,151.70,,,6489,993559.00,135,F1,1,,,,,
2026-10-05,2026-10-05,CM,BSE,STK,522150,INE281H01013,ADTYFRG,XT,,,,,ADITYA FORGE LTD.,36.33,36.33,36.33,36.33,36.33,34.60,,36.33,,,42251,1534978.00,39,F1,1,,,,,
2026-10-05,2026-10-05,CM,BSE,STK,522152,INE410A01013,SOLIMAC,X,,,,,SOLITAIRE MACHINE TOOLS LTD.,90.00,90.00,88.00,88.82,88.15,90.00,,88.82,,,776,68668.00,10,F1,1,,,,,
2026-10-05,2026-10-05,CM,BSE,STK,522163,INE989C01038,DIACABS,T,,,,,DIAMOND POWER INFRASTRUCTURE L,357.80,360.00,343.50,352.95,354.50,346.45,,350.86,,,40809,14377293.00,937,F1,1,,,,,
2026-10-05,2026-10-05,CM,BSE,STK,522165,INE867D01018,INDSILHYD,X,,,,,INDSIL HYDRO POWER AND MANGANE,37.70,38.89,37.51,37.66,38.54,38.01,,37.66,,,5567,213279.00,64,F1,1,,,,,
2026-10-05,2026-10-05,CM,BSE,STK,522171,INE182E01010,TMTIND-B1,XT,,,,,TMT (INDIA) LTD.,8.87,8.87,8.87,8.87,8.87,8.87,,8.87,,,300,2661.00,2,F1,1,,,,,
2026-10-05,2026-10-05,CM,BSE,STK,522183,INE478D01014,ITL,B,,,,,ITL INDUSTRIES LTD.,363.00,363.00,342.10,346.15,356.00,363.00,,348.75,,,710,244325.00,45,F1,1,,,,,
2026-10-05,2026-10-05,CM,BSE,STK,522195,INE572D01014,FRONTSP,B,,,,,FRONTIER SPRINGS LTD.,1421.25,1437.15,1353.00,1387.10,1387.10,1416.75,,1387.35,,,5165,7147393.00,459,F1,1,,,,,
2026-10-05,2026-10-05,CM,BSE,STK,522205,INE074A01025,PRAJIND,A,,,,,PRAJ INDUSTRIES LTD.,308.05,310.00,303.00,303.60,304.85,303.00,,304.01,,,19780,6061903.00,881,F1,1,,,,,
2026-10-05,2026-10-05,CM,BSE,STK,522207,INE682D01011,RASANDIK,X,,,,,RASANDIK ENGINEERING INDUSTRIE,58.50,58.57,58.50,58.50,58.50,58.57,,58.50,,,1000,58513.00,4,F1,1,,,,,
2026-10-05,2026-10-05,CM,BSE,STK,522209,INE429B01011,YOGISUNG,X,,,,,YOGI SUNG-WON (INDIA) LTD.,6.24,6.48,6.10,6.31,6.44,6.27,,6.31,,,3424,21431.00,27,F1,1,,,,,
2026-10-05,2026-10-05,CM,BSE,STK,522215,INE461D01028,HLEGLAS,B,,,,,HLE GLASCOAT LIMITED,450.75,451.05,424.50,425.60,426.00,441.90,,425.83,,,8671,3794677.00,635,F1,1,,,,,
2026-10-05,2026-10-05,CM,BSE,STK,522217,INE826C01016,GUJAPOLLO,B,,,,,GUJARAT APOLLO INDUSTRIES LTD.,325.00,350.65,322.00,339.95,350.65,324.90,,340.36,,,1822,609296.00,167,F1,1,,,,,
2026-10-05,2026-10-05,CM,BSE,STK,522229,INE692C01020,TANAA,B,,,,,TANEJA AEROSPACE & AVIATION LT,320.80,342.90,312.65,314.05,314.05,326.05,,314.27,,,12546,4042604.00,1109,F1,1,,,,,
2026-10-05,2026-10-05,CM,BSE,STK,522231,INE714D01020,CONART,X,,,,,CONART ENGINEERS LTD.,90.49,90.49,84.00,84.01,85.98,85.83,,84.01,,,12767,1089414.00,120,F1,1,,,,,
2026-10-05,2026-10-05,CM,BSE,STK,522235,INE097E01028,MINALIND,T,,,,,MINAL INDUSTRIES LIMITED,4.26,4.26,4.26,4.26,4.26,4.34,,4.26,,,526,2240.00,4,F1,1,,,,,
2026-10-05,2026-10-05,CM,BSE,STK,522237,INE092H01014,SHIVAGR,X,,,,,SHIVAGRICO IMPLEMENTS LTD.,20.29,20.50,17.82,18.50,19.00,19.80,,18.50,,,1668,30636.00,35,F1,1,,,,,
2026-10-05,2026-10-05,CM,BSE,STK,522241,INE227C01017,MMFL,B,,,,,M.M.FORGINGS LTD.,576.85,578.00,548.35,552.45,548.35,568.15,,552.50,,,2118,1183333.00,158,F1,1,,,,,
2026-10-05,2026-10-05,CM,BSE,STK,522245,INE079L01013,IYKOTHITE,XT,,,,,IYKOT HITECH TOOLROOM LTD.,23.26,23.26,23.26,23.26,23.26,23.26,,23.26,,,2433,56591.00,5,F1,1,,,,,
2026-10-05,2026-10-05,CM,BSE,STK,522249,INE040D01038,MAYURUNIQ,B,,,,,MAYUR UNIQUOTERS LTD.,711.45,716.20,697.00,706.85,709.15,713.15,,706.56,,,5438,3838790.00,359,F1,1,,,,,
2026-10-05,2026-10-05,CM,BSE,STK,522251,INE627F01011,CENLUB,X,,,,,CENLUB INDUSTRIES LTD.,177.00,177.00,166.00,167.75,167.75,169.00,,167.75,,,4243,717221.00,138,F1,1,,,,,
2026-10-05,2026-10-05,CM,BSE,STK,522257,INE535F01024,RAJOOENG,B,,,,,RAJOO ENGINEERS LTD.,54.40,56.20,53.28,54.86,55.00,52.94,,54.95,,,117141,6422595.00,522,F1,1,,,,,
2026-10-05,2026-10-05,CM,BSE,STK,522261,INE920A01037,DOLPHIN,B,,,,,DOLPHIN OFFSHORE ENTERPRISES (,628.40,635.85,613.40,619.10,620.20,628.40,,620.89,,,3008,1875787.00,259,F1,1,,,,,
2026-10-05,2026-10-05,CM,BSE,STK,522267,INE466D01019,VJLAXMIE,X,,,,,VEEJAY LAKSHMI ENGINEERING WOR,41.00,41.00,39.01,40.50,40.50,38.75,,40.50,,,603,23603.00,10,F1,1,,,,,
2026-10-05,2026-10-05,CM,BSE,STK,522273,INE868C01018,AHMDSTE,X,,,,,AHMEDABAD STEELCRAFT LTD.,164.00,168.00,158.50,166.95,166.95,158.40,,166.95,,,145,23946.00,17,F1,1,,,,,
2026-10-05,2026-10-05,CM,BSE,STK,522275,INE200A01026,GVT&D,A,,,,,GE Vernova T&D India Limited,4324.95,4338.05,4185.00,4233.45,4233.45,4270.00,,4247.47,,,18287,77781677.00,3100,F1,1,,,,,
2026-10-05,2026-10-05,CM,BSE,STK,522281,INE207E01023,RAMRAT,B,,,,,RAM RATNA WIRES LTD.,633.65,662.45,626.55,635.25,636.90,616.90,,635.20,,,90545,58372351.00,3144,F1,1,,,,,
2026-10-05,2026-10-05,CM,BSE,STK,522285,INE854B01010,JAYNECOIND,A,,,,,JAYASWAL NECO INDUSTRIES LTD.,91.84,93.40,90.01,91.02,91.22,91.01,,91.00,,,258364,23660487.00,1343,F1,1,,,,,
2026-10-05,2026-10-05,CM,BSE,STK,522287,INE220B01022,KPIL,A,,,,,KALPATARU PROJECTS INTERNATION,1354.65,1395.55,1354.65,1378.95,1376.80,1357.40,,1378.80,,,42988,59630090.00,1034,F1,1,,,,,
2026-10-05,2026-10-05,CM,BSE,STK,522289,INE169F01014,NMSGLOBAL,X,,,,,NMS GLOBAL LIMITED,39.50,39.50,36.05,36.65,36.10,37.94,,36.65,,,3463,127078.00,91,F1,1,,,,,
2026-10-05,2026-10-05,CM,BSE,STK,522292,INE713D01055,CANDOUR,XT,,,,,CANDOUR TECHTEX LIMITED,68.10,68.10,68.10,68.10,68.10,69.48,,68.10,,,45,3064.00,5,F1,1,,,,,
2026-10-05,2026-10-05,CM,BSE,STK,522294,INE811B01010,TIGLOB,X,,,,,T & I GLOBAL LTD.,203.00,205.00,192.30,193.60,193.60,208.55,,193.60,,,1832,357641.00,59,F1,1,,,,,
2026-10-05,2026-10-05,CM,BSE,STK,522295,INE663B01015,CONTROLPR,B,,,,,CONTROL PRINT LIMITED,622.00,622.00,599.65,617.50,618.00,615.90,,616.64,,,2528,1552760.00,113,F1,1,,,,,
2026-10-05,2026-10-05,CM,BSE,STK,522650,INE142E01022,BEMHY,X,,,,,BEMCO HYDRAULICS LTD.,98.10,101.00,96.05,96.76,96.76,100.60,,96.76,,,9176,897825.00,178,F1,1,,,,,
2026-10-05,2026-10-05,CM,BSE,STK,523007,INE030C01015,ANSALBU,B,,,,,ANSAL BUILDWELL LTD.,83.70,89.05,83.70,89.00,89.00,89.00,,85.83,,,466,41473.00,26,F1,1,,,,,
2026-10-05,2026-10-05,CM,BSE,STK,523011,INE080A01014,WEIZMANIND,B,,,,,WEIZMANN LTD.,73.48,73.48,68.50,68.50,68.50,70.02,,68.69,,,40,2758.00,3,F1,1,,,,,
2026-10-05,2026-10-05,CM,BSE,STK,523019,INE710D01028,BNRSEC,X,,,,,B.N.RATHI SECURITIES LTD.,16.52,17.55,15.00,16.00,16.00,16.65,,16.00,,,21366,348002.00,249,F1,1,,,,,
2026-10-05,2026-10-05,CM,BSE,STK,523021,INE989D01010,RISHITECH,X,,,,,RISHI TECHTEX LTD.,43.00,45.94,43.00,43.01,43.00,44.90,,43.01,,,2354,103710.00,28,F1,1,,,,,
2026-10-05,2026-10-05,CM,BSE,STK,523023,INE985A01022,SINCLAIR,B,,,,,SINCLAIRS HOTELS LIMITED,78.99,80.10,74.52,76.00,76.00,77.36,,75.90,,,10834,816512.00,116,F1,1,,,,,
2026-10-05,2026-10-05,CM,BSE,STK,523025,INE429E01023,SAFARI,A,,,,,SAFARI INDUSTRIES (INDIA) LTD.,1380.00,1380.00,1302.75,1309.90,1305.00,1381.05,,1308.71,,,7284,9689376.00,893,F1,1,,,,,
2026-10-05,2026-10-05,CM,BSE,STK,523062,INE584C01011,JJFINCOR,XT,,,,,J.J.FINANCE CORPORATION LTD.,53.55,53.55,53.55,53.55,53.55,51.00,,53.55,,,6,321.00,3,F1,1,,,,,
2026-10-05,2026-10-05,CM,BSE,STK,523100,INE124B01018,COSMOFE,X,,,,,COSMO FERRITES LTD.,170.00,171.00,162.60,166.85,170.90,170.20,,166.85,,,376,63133.00,18,F1,1,,,,,
2026-10-05,2026-10-05,CM,BSE,STK,523105,INE293E01031,CROPSTER,XT,,,,,CROPSTER AGRO LIMITED,2.43,2.43,2.43,2.43,2.43,2.55,,2.43,,,2132899,5182944.00,3302,F1,1,,,,,
2026-10-05,2026-10-05,CM,BSE,STK,523116,INE391G01012,SANCTRN,X,,,,,SANCO TRANS LTD.,678.00,678.00,645.00,658.80,645.00,675.00,,658.80,,,64,42164.00,8,F1,1,,,,,
2026-10-05,2026-10-05,CM,BSE,STK,523120,INE628D01014,THRIVE,XT,,,,,THRIVE FUTURE HABITATS LIMITED,85.50,85.50,81.70,85.00,85.00,86.00,,85.00,,,185,15396.00,5,F1,1,,,,,
2026-10-05,2026-10-05,CM,BSE,STK,523127,INE276C01014,EIHAHOTELS,B,,,,,EIH ASSOCIATED HOTELS LTD.,297.40,299.30,292.65,295.20,295.20,296.80,,294.40,,,265,78129.00,43,F1,1,,,,,
2026-10-05,2026-10-05,CM,BSE,STK,523144,INE442D01010,MEDICAPQ,T,,,,,MEDI-CAPS LTD.,25.99,25.99,25.33,25.33,25.33,26.66,,25.28,,,1006,25485.00,2,F1,1,,,,,
2026-10-05,2026-10-05,CM,BSE,STK,523151,INE910B01028,OTCO,XT,,,,,OTCO INTERNATIONAL LTD.,12.50,12.50,11.90,12.50,12.50,12.50,,12.50,,,13783,172285.00,15,F1,1,,,,,
2026-10-05,2026-10-05,CM,BSE,STK,523160,INE599F01020,FOSECOC,X,,,,,FOSECO CRUCIBLE INDIA LIMITED,1966.00,1975.00,1901.30,1927.80,1930.00,1954.80,,1927.80,,,1635,3177992.00,184,F1,1,,,,,
2026-10-05,2026-10-05,CM,BSE,STK,523186,INE00FM01013,BAPACK,X,,,,,B&A PACKAGING INDIA LIMITED,202.90,203.90,198.00,198.00,198.00,196.40,,198.00,,,91,18198.00,4,F1,1,,,,,
2026-10-05,2026-10-05,CM,BSE,STK,523204,INE421A01028,ABAN,T,,,,,ABAN OFFSHORE LTD.,16.07,16.07,16.07,16.07,16.07,15.31,,16.12,,,700,11249.00,5,F1,1,,,,,
2026-10-05,2026-10-05,CM,BSE,STK,523207,INE760A01029,KOKUYOCMLN,B,,,,,KOKUYO CAMLIN LTD.,72.15,76.39,72.15,75.50,75.50,75.99,,75.81,,,2621,196343.00,152,F1,1,,,,,
2026-10-05,2026-10-05,CM,BSE,STK,523222,INE173J01018,SRMENERGY,XT,,,,,SRM ENERGY LTD.,27.50,27.51,26.50,27.51,27.51,26.20,,27.51,,,13063,357524.00,63,F1,1,,,,,
2026-10-05,2026-10-05,CM,BSE,STK,523229,INE415D01024,BHARATSE,B,,,,,BHARAT SEATS LTD.,201.60,208.00,201.60,202.85,201.60,204.80,,202.86,,,9230,1887640.00,283,F1,1,,,,,
2026-10-05,2026-10-05,CM,BSE,STK,523232,INE369D01023,CONTPTR,X,,,,,CONTINENTAL PETROLEUMS LTD.,72.90,73.95,71.50,73.05,73.29,68.40,,73.05,,,648,47106.00,33,F1,1,,,,,
2026-10-05,2026-10-05,CM,BSE,STK,523242,INE006F01018,NBFOOT,P,,,,,NB FOOTWEAR LTD.,3.78,3.78,3.65,3.65,3.65,3.60,,3.65,,,20700,77527.00,11,F1,100,,,,,
2026-10-05,2026-10-05,CM,BSE,STK,523248,INE082B01018,MACPLASQ,X,,,,,MACHINO PLASTICS LTD.,286.00,286.00,275.00,277.00,275.00,280.55,,277.00,,,1365,378081.00,35,F1,1,,,,,
2026-10-05,2026-10-05,CM,BSE,STK,523260,INE844A01013,PEARLPOLY,B,,,,,PEARL POLYMERS LTD.,16.33,17.45,16.33,16.80,16.80,17.11,,17.22,,,723,11961.00,14,F1,1,,,,,
2026-10-05,2026-10-05,CM,BSE,STK,523261,INE398A01010,VENKEYS,B,,,,,VENKYS (INDIA) LTD.,1638.00,1660.60,1597.55,1644.75,1640.00,1606.30,,1642.81,,,2325,3804995.00,370,F1,1,,,,,
2026-10-05,2026-10-05,CM,BSE,STK,523269,INE199C01026,ADVANIHOTR,B,,,,,ADVANI HOTELS & RESORTS (INDIA,46.81,47.70,46.81,47.19,47.39,46.94,,47.25,,,578,27225.00,31,F1,1,,,,,
2026-10-05,2026-10-05,CM,BSE,STK,523277,INE395B01048,GVFILM,X,,,,,GV FILMS LTD.,0.41,0.41,0.39,0.40,0.41,0.40,,0.40,,,1003649,401110.00,301,F1,1,,,,,
2026-10-05,2026-10-05,CM,BSE,STK,523283,INE712B01010,SUPERHOUSE,B,,,,,SUPERHOUSE LTD.,154.20,160.00,154.20,159.15,160.00,153.30,,157.06,,,100,15916.00,5,F1,1,,,,,
2026-10-05,2026-10-05,CM,BSE,STK,523289,INE763B01013,RAMAVISION,X,,,,,RAMA VISION LTD.,172.65,184.35,172.00,183.40,184.35,172.55,,183.40,,,4334,761265.00,73,F1,1,,,,,
2026-10-05,2026-10-05,CM,BSE,STK,523301,INE822C01015,TCPLPACK,B,,,,,TCPL PACKAGING LTD.,3900.05,3978.90,3891.50,3899.55,3895.05,3948.65,,3933.48,,,123,485299.00,53,F1,1,,,,,
2026-10-05,2026-10-05,CM,BSE,STK,523309,INE241V01018,SHRIGANG,X,,,,,SHRI GANG INDUSTRIES AND ALLIE,52.78,52.78,49.23,49.97,49.71,49.65,,49.97,,,25051,1270686.00,159,F1,1,,,,,
2026-10-05,2026-10-05,CM,BSE,STK,523319,INE164A01016,BALMLAWRIE,B,,,,,BALMER LAWRIE AND COMPANY LIMI,162.50,162.50,157.50,158.45,159.70,159.55,,158.59,,,7961,1263856.00,271,F1,1,,,,,
2026-10-05,2026-10-05,CM,BSE,STK,523323,INE177F01017,KOVAI,B,,,,,KOVAI MEDICAL CENTER & HOSPITA,6065.95,6065.95,5935.20,5959.35,5961.25,6001.50,,5962.40,,,469,2799544.00,183,F1,1,,,,,
2026-10-05,2026-10-05,CM,BSE,STK,523329,INE668G01021,ELDEHSG,B,,,,,ELDECO HOUSING & INDUSTRIES LT,790.00,790.00,790.00,790.00,790.00,770.95,,773.55,,,1,790.00,1,F1,1,,,,,
2026-10-05,2026-10-05,CM,BSE,STK,523367,INE499A01024,DCMSHRIRAM,A,,,,,DCM SHRIRAM LIMITED,908.45,1084.90,908.45,1052.70,1052.70,904.10,,1044.98,,,33715,35393307.00,1630,F1,1,,,,,
2026-10-05,2026-10-05,CM,BSE,STK,523369,INE843D01027,DCMSRIND,B,,,,,DCM SHRIRAM INDUSTRIES LTD.,37.60,45.32,37.60,39.11,38.81,37.77,,39.06,,,310091,12900133.00,2919,F1,1,,,,,
2026-10-05,2026-10-05,CM,BSE,STK,523371,INE636A01039,MAWANASUG,B,,,,,MAWANA SUGARS LTD.,136.70,150.35,136.70,146.25,145.00,139.45,,145.97,,,24656,3619615.00,506,F1,1,,,,,
2026-10-05,2026-10-05,CM,BSE,STK,523373,INE281E01028,MINID,X,,,,,MINI DIAMONDS (INDIA) LTD.,4.11,4.11,4.01,4.03,4.02,4.03,,4.03,,,228152,924291.00,340,F1,1,,,,,
2026-10-05,2026-10-05,CM,BSE,STK,523384,INE843B01013,MAHAPEXLTD,B,,,,,MAHA RASHTRA APEX CORPORATION,52.25,52.25,49.55,49.55,49.55,52.25,,50.45,,,1523,77007.00,70,F1,1,,,,,
2026-10-05,2026-10-05,CM,BSE,STK,523385,INE310A01015,NILKAMAL,B,,,,,NILKAMAL LTD.,1876.90,1906.85,1821.40,1830.35,1830.35,1877.05,,1829.55,,,1889,3519524.00,526,F1,1,,,,,
2026-10-05,2026-10-05,CM,BSE,STK,523387,INE982C01033,HOM,X,,,,,HOMRE LIMITED,1.74,1.74,1.66,1.74,1.74,1.66,,1.74,,,92269,159960.00,199,F1,1,,,,,
2026-10-05,2026-10-05,CM,BSE,STK,523391,INE308A01027,NAHARPOLY,B,,,,,NAHAR POLYFILMS LTD.,229.90,229.90,221.00,223.20,221.00,219.65,,222.23,,,79,17613.00,9,F1,1,,,,,
2026-10-05,2026-10-05,CM,BSE,STK,523395,INE470A01017,3MINDIA,A,,,,,3M INDIA LTD.,30999.30,31203.90,30180.00,30397.05,30461.95,30744.75,,30399.83,,,230,7036329.00,133,F1,1,,,,,
2026-10-05,2026-10-05,CM,BSE,STK,523398,INE782A01015,BOSCH-HCIL,B,,,,,BOSCH HOME COMFORT INDIA LIMIT,1980.55,2031.90,1975.00,1997.40,1993.10,1969.85,,1998.16,,,9375,18794925.00,1140,F1,1,,,,,
2026-10-05,2026-10-05,CM,BSE,STK,523405,INE780C01023,JMFINANCIL,A,,,,,JM FINANCIAL LTD.,125.15,126.20,122.80,123.10,122.85,123.35,,123.10,,,44703,5537646.00,494,F1,1,,,,,
2026-10-05,2026-10-05,CM,BSE,STK,523411,INE833A01016,ADCINDIA,X,,,,,ADC INDIA COMMUNICATIONS LIMIT,2274.95,2444.00,2242.00,2358.00,2386.00,2241.45,,2358.00,,,1301,3006131.00,165,F1,1,,,,,
2026-10-05,2026-10-05,CM,BSE,STK,523419,INE141D01018,TNTELE,T,,,,,TAMILNADU TELECOMMUNICATIONS L,11.04,11.04,11.04,11.04,11.04,11.62,,10.99,,,1287,14208.00,11,F1,1,,,,,
2026-10-05,2026-10-05,CM,BSE,STK,523425,INE459D01014,SUNRAJDI,X,,,,,SUNRAJ DIAMOND EXPORTS LTD.,13.06,13.06,12.00,13.04,12.00,12.44,,13.04,,,336,4387.00,11,F1,1,,,,,
2026-10-05,2026-10-05,CM,BSE,STK,523445,INE046A01015,RIIL,B,,,,,RELIANCE INDUSTRIAL INFRASTRUC,675.45,679.00,657.00,664.20,665.00,665.50,,664.11,,,2135,1426917.00,149,F1,1,,,,,
2026-10-05,2026-10-05,CM,BSE,STK,523449,INE207B01011,SMAART,XT,,,,,SMAART TECH SERVICES LIMITED,130.25,130.25,130.25,130.25,130.25,129.00,,130.25,,,31628,4119547.00,21,F1,1,,,,,
2026-10-05,2026-10-05,CM,BSE,STK,523457,INE473A01011,LINDEINDIA,A,,,,,Linde India Limited,6239.50,6314.40,6000.00,6029.50,6029.50,6238.85,,6040.22,,,1729,10538352.00,400,F1,1,,,,,
2026-10-05,2026-10-05,CM,BSE,STK,523465,INE969D01012,INDBNK,B,,,,,IND BANK HOUSING LTD.,56.00,56.00,50.45,50.87,50.50,54.00,,50.87,,,166,8607.00,17,F1,1,,,,,
2026-10-05,2026-10-05,CM,BSE,STK,523467,INE250C01027,JAIMATAG,XT,,,,,JAI MATA GLASS LTD.,2.85,2.85,2.85,2.85,2.85,2.90,,2.85,,,13474,38400.00,35,F1,1,,,,,
2026-10-05,2026-10-05,CM,BSE,STK,523475,INE026D01011,LOTUSCHO,B,,,,,LOTUS CHOCOLATE CO.LTD.,537.00,559.90,520.00,536.40,533.65,543.20,,536.70,,,1385,740007.00,174,F1,1,,,,,
2026-10-05,2026-10-05,CM,BSE,STK,523489,INE889F01017,CMMHOSP,X,,,,,CHENNAI MEENAKSHI MULTISPECIAL,36.85,37.03,36.79,36.79,36.79,36.61,,36.79,,,104,3832.00,6,F1,1,,,,,
2026-10-05,2026-10-05,CM,BSE,STK,523519,INE951C01012,UNIOFFICE,X,,,,,UNIVERSAL OFFICE AUTOMATION LT,7.22,7.22,7.20,7.20,7.20,7.22,,7.20,,,21,151.00,6,F1,1,,,,,
2026-10-05,2026-10-05,CM,BSE,STK,523537,INE170D01025,APMIN,X,,,,,APM INDUSTRIES LTD.,55.51,59.10,55.11,55.56,55.11,57.49,,55.56,,,2060,116242.00,49,F1,1,,,,,
2026-10-05,2026-10-05,CM,BSE,STK,523539,INE372C01037,PRECWIRE,B,,,,,PRECISION WIRES INDIA LTD.,506.45,523.50,505.00,507.55,507.55,501.00,,507.41,,,57112,29485477.00,1628,F1,1,,,,,
2026-10-05,2026-10-05,CM,BSE,STK,523550,INE951B01014,KRYPTONQ,X,,,,,KRYPTON INDUSTRIES LTD.,33.05,33.05,25.92,28.89,28.89,32.40,,28.89,,,168152,4540540.00,515,F1,1,,,,,
2026-10-05,2026-10-05,CM,BSE,STK,523558,INE010C01025,SWISSMLTRY,T,,,,,SWISS MILITARY CONSUMER GOODS,13.99,14.30,13.99,14.17,14.20,13.98,,14.17,,,9254,130864.00,115,F1,1,,,,,
2026-10-05,2026-10-05,CM,BSE,STK,523566,INE199D01016,MARBU,X,,,,,MARTIN BURN LTD.,43.22,43.43,43.22,43.22,43.22,43.01,,43.22,,,575,24919.00,3,F1,1,,,,,
2026-10-05,2026-10-05,CM,BSE,STK,523574,INE623B01027,FEL,Z,,,,,Future Enterprises Limited,0.49,0.49,0.49,0.49,0.49,0.49,,0.38,,,558,273.00,6,F1,1,,,,,
2026-10-05,2026-10-05,CM,BSE,STK,523586,INE826B01026,INDTONER,X,,,,,INDIAN TONERS & DEVELOPERS LTD,46.60,47.80,46.06,46.37,46.42,46.48,,46.37,,,2116,98049.00,54,F1,1,,,,,
2026-10-05,2026-10-05,CM,BSE,STK,523594,INE638D01021,KUNSTOFF,X,,,,,KUNSTSTOFFE INDUSTRIES LTD.,28.40,28.40,26.12,27.81,27.81,27.49,,27.81,,,299,7913.00,6,F1,1,,,,,
2026-10-05,2026-10-05,CM,BSE,STK,523598,INE109A01011,SCI,A,,,,,SHIPPING CORPORATION OF INDIA,270.50,292.00,270.50,290.60,290.60,267.15,,290.60,,,1566047,445679829.00,17947,F1,1,,,,,
2026-10-05,2026-10-05,CM,BSE,STK,523606,INE438E01032,SIKA,B,,,,,SIKA INTERPLANT SYSTEMS LTD.,1049.85,1049.85,1015.65,1023.85,1028.00,1012.65,,1022.72,,,2568,2638928.00,262,F1,1,,,,,
2026-10-05,2026-10-05,CM,BSE,STK,523610,INE248A01017,ITI,B,,,,,ITI LTD.,243.90,244.95,239.05,241.15,242.35,241.40,,240.77,,,9611,2330622.00,360,F1,1,,,,,
2026-10-05,2026-10-05,CM,BSE,STK,523618,INE506A01018,DREDGECORP,B,,,,,DREDGING CORPORATION OF INDIA,875.05,920.00,875.05,904.90,903.85,895.45,,903.91,,,2976,2708781.00,337,F1,1,,,,,
2026-10-05,2026-10-05,CM,BSE,STK,523620,INE486I01016,PHRMASI,X,,,,,PHAARMASIA LTD.,92.86,92.86,92.40,92.40,92.40,92.40,,92.40,,,15,1386.00,5,F1,1,,,,,
2026-10-05,2026-10-05,CM,BSE,STK,523630,INE870D01012,NFL,B,,,,,NATIONAL FERTILIZERS LTD.,63.90,64.54,63.06,63.26,63.51,63.98,,63.28,,,86475,5505984.00,611,F1,1,,,,,
2026-10-05,2026-10-05,CM,BSE,STK,523638,INE558A01019,IPRINGLTD,B,,,,,IP RINGS LTD.,136.00,137.00,135.05,137.00,137.00,144.25,,137.15,,,54,7343.00,5,F1,1,,,,,
2026-10-05,2026-10-05,CM,BSE,STK,523642,INE603J01030,PIIND,A,,,,,P.I.INDUSTRIES LTD.,2245.00,2288.05,2201.00,2213.30,2213.30,2245.00,,2219.83,,,8503,19103590.00,1770,F1,1,,,,,
2026-10-05,2026-10-05,CM,BSE,STK,523648,INE083C01022,PLASTIBLEN,B,,,,,PLASTIBLENDS INDIA LTD.,201.60,203.25,196.40,198.00,199.10,195.15,,197.82,,,4060,810859.00,197,F1,1,,,,,
2026-10-05,2026-10-05,CM,BSE,STK,523650,INE823D01011,YASHINNO,X,,,,,YASH INNOVENTURES LIMITED,40.60,41.90,38.50,41.24,41.24,40.00,,41.24,,,30319,1243217.00,63,F1,1,,,,,
2026-10-05,2026-10-05,CM,BSE,STK,523652,INE465K01016,KKPLASTICK,XT,,,,,Kkalpana Plastick Limited,54.40,54.40,54.40,54.40,54.40,54.40,,54.40,,,14,761.00,4,F1,1,,,,,
2026-10-05,2026-10-05,CM,BSE,STK,523660,INE054C01015,WATERBASE,B,,,,,WATERBASE LTD.,47.00,47.00,45.30,45.52,45.99,45.41,,45.56,,,1917,87239.00,46,F1,1,,,,,
2026-10-05,2026-10-05,CM,BSE,STK,523672,INE954B01018,FLEXFO,X,,,,,FLEX FOODS LTD.,52.99,52.99,48.55,50.99,51.00,50.43,,50.99,,,2181,109913.00,36,F1,1,,,,,
2026-10-05,2026-10-05,CM,BSE,STK,523676,INE798D01015,GOLKUNDIA,X,,,,,GOLKUNDA DIAMONDS & JEWELLERY,316.00,320.70,306.00,311.90,314.65,306.85,,311.90,,,1806,564421.00,78,F1,1,,,,,
2026-10-05,2026-10-05,CM,BSE,STK,523694,INE116A01032,APCOTEXIND,B,,,,,APCOTEX INDUSTRIES LTD.,586.70,599.15,579.55,587.95,585.00,593.60,,587.27,,,3594,2107773.00,205,F1,1,,,,,
2026-10-05,2026-10-05,CM,BSE,STK,523696,INE842B01015,FORTISMLR,X,,,,,FORTIS MALAR HOSPITALS LIMITED,42.33,42.33,39.80,40.07,40.02,41.29,,40.07,,,13708,557562.00,266,F1,1,,,,,
2026-10-05,2026-10-05,CM,BSE,STK,523704,INE759A01021,MASTEK,A,,,,,MASTEK LTD.,1565.80,1631.00,1565.80,1606.65,1610.35,1556.10,,1608.15,,,7104,11429995.00,816,F1,1,,,,,
2026-10-05,2026-10-05,CM,BSE,STK,523708,INE158B01016,EIMCOELECO,B,,,,,EIMCO ELECON (INDIA) LTD.,2309.80,2325.00,2242.00,2242.60,2249.40,2260.90,,2241.92,,,1628,3727391.00,195,F1,1,,,,,
2026-10-05,2026-10-05,CM,BSE,STK,523710,INE318C01014,SAYAJIHOTL,B,,,,,SAYAJI HOTELS LIMITED,321.00,321.00,321.00,321.00,321.00,305.00,,306.50,,,22,7062.00,3,F1,1,,,,,
2026-10-05,2026-10-05,CM,BSE,STK,523712,INE745F01011,JMGCORP,XT,,,,,JMG CORPORATION LTD.,5.67,5.67,5.67,5.67,5.67,5.67,,5.67,,,400,2268.00,2,F1,1,,,,,
2026-10-05,2026-10-05,CM,BSE,STK,523716,INE365D01021,ASHIANA,B,,,,,ASHIANA HOUSING LTD.,385.00,390.95,382.85,382.90,385.05,381.20,,383.59,,,789,305309.00,52,F1,1,,,,,
2026-10-05,2026-10-05,CM,BSE,STK,523722,INE119B01018,SVAMSOF,XT,,,,,SVAM SOFTWARE LTD.,7.65,8.20,7.65,7.70,7.70,7.85,,7.70,,,17835,137598.00,26,F1,1,,,,,
2026-10-05,2026-10-05,CM,BSE,STK,523732,INE866A01016,ECOBOAR,X,,,,,ECOBOARD INDUSTRIES LTD.,57.20,60.80,57.20,60.75,60.75,58.91,,60.75,,,868,51480.00,10,F1,1,,,,,
2026-10-05,2026-10-05,CM,BSE,STK,523736,INE477B01010,DVL,B,,,,,Dhunseri Ventures Limited,273.40,277.15,270.20,276.75,276.75,280.30,,271.65,,,765,210496.00,47,F1,1,,,,,
2026-10-05,2026-10-05,CM,BSE,STK,523752,INE502D01011,TIHIL,X,,,,,TRANS INDIA HOUSE IMPEX LIMITE,2.79,2.90,2.74,2.75,2.80,2.80,,2.75,,,29208,81694.00,74,F1,1,,,,,
2026-10-05,2026-10-05,CM,BSE,STK,523754,INE215D01010,MAHEPC,B,,,,,MAHINDRA EPC IRRIGATION LIMITE,95.10,97.40,95.10,97.05,97.05,95.10,,96.75,,,228,21846.00,8,F1,1,,,,,
2026-10-05,2026-10-05,CM,BSE,STK,523782,INE844D01017,MITSHI,X,,,,,Mitshi India Limited,13.70,14.39,13.21,13.28,13.37,13.98,,13.28,,,5741,76529.00,43,F1,1,,,,,
2026-10-05,2026-10-05,CM,BSE,STK,523792,INE885E01042,MAZDA,T,,,,,MAZDA LTD.,280.10,288.00,280.10,282.90,281.00,291.90,,282.90,,,3134,887776.00,55,F1,1,,,,,
2026-10-05,2026-10-05,CM,BSE,STK,523796,INE048C01025,VHLTD,T,,,,,VICEROY HOTELS LTD.,132.80,132.80,126.00,127.45,129.85,127.80,,126.20,,,4034,524759.00,32,F1,1,,,,,
2026-10-05,2026-10-05,CM,BSE,STK,523826,INE959D01013,SOVERDIA,X,,,,,SOVEREIGN DIAMONDS LTD.,29.55,29.55,26.56,28.44,28.46,28.00,,28.44,,,2011,57560.00,42,F1,1,,,,,
2026-10-05,2026-10-05,CM,BSE,STK,523828,INE071D01033,MENONBE,B,,,,,MENON BEARINGS LTD.,288.00,292.50,265.90,287.40,282.50,288.55,,286.19,,,24531,6854890.00,651,F1,1,,,,,
2026-10-05,2026-10-05,CM,BSE,STK,523832,INE862C01029,MUKATPIP,X,,,,,MUKAT PIPES LTD.,14.14,14.19,13.35,13.37,13.35,14.00,,13.37,,,1619,21773.00,14,F1,1,,,,,
2026-10-05,2026-10-05,CM,BSE,STK,523836,INE610B01024,GUJRAFFIA,B,,,,,GUJARAT RAFFIA INDUSTRIES LTD.,39.69,39.70,39.69,39.69,39.69,39.69,,39.50,,,638,25322.00,6,F1,1,,,,,
2026-10-05,2026-10-05,CM,BSE,STK,523838,INE059B01024,SIMPLEXINF,B,,,,,SIMPLEX INFRASTRUCTURES LTD.,253.80,261.80,248.05,249.25,249.25,248.25,,249.60,,,25202,6432767.00,592,F1,1,,,,,
2026-10-05,2026-10-05,CM,BSE,STK,523840,INE965C01038,INNOVTEC,X,,,,,INNOVATIVE TECH PACK LTD.,14.35,14.49,13.77,14.00,14.00,14.14,,14.00,,,3041,42574.00,27,F1,1,,,,,
2026-10-05,2026-10-05,CM,BSE,STK,523842,INE460D01038,SUPTANERY,T,,,,,SUPER TANNERY LIMITED,8.20,8.20,7.64,7.72,7.81,8.04,,7.69,,,76621,592426.00,148,F1,1,,,,,
2026-10-05,2026-10-05,CM,BSE,STK,523844,INE537B01011,CONSTRONIC,X,,,,,CONSTRONICS INFRA LIMITED,51.90,51.90,48.25,49.98,48.25,47.00,,49.98,,,56117,2805976.00,34,F1,1,,,,,
2026-10-05,2026-10-05,CM,BSE,STK,523850,INE767C01012,AXTEL,B,,,,,AXTEL INDUSTRIES LTD.,441.00,444.40,429.65,434.95,434.95,438.75,,430.40,,,57,24868.00,15,F1,1,,,,,
2026-10-05,2026-10-05,CM,BSE,STK,523862,INE926B01016,GRANDOAK,B,,,,,GRAND OAK CANYONS DISTILLERY L,34.80,36.35,34.50,35.97,35.97,35.04,,35.94,,,1161,40542.00,27,F1,1,,,,,
2026-10-05,2026-10-05,CM,BSE,STK,523874,INE191C01023,EASTINDIA,XT,,,,,East India Drums and Barrels M,96.50,97.00,94.55,94.81,95.00,94.88,,94.81,,,18463,1782274.00,151,F1,1,,,,,
2026-10-05,2026-10-05,CM,BSE,STK,523888,INE317D01014,MEGAMONT,X,,,,,MEGAMONT LIMITED,193.65,199.35,189.00,189.35,189.35,194.60,,189.35,,,7098,1405501.00,59,F1,1,,,,,
2026-10-05,2026-10-05,CM,BSE,STK,523896,INE316O01021,APIL,XT,,,,,AVI PRODUCTS INDIA LIMITED,55.02,55.02,55.02,55.02,55.02,55.02,,55.02,,,5635,310037.00,8,F1,1,,,,,
2026-10-05,2026-10-05,CM,BSE,STK,524000,INE511C01022,POONAWALLA,A,,,,,POONAWALLA FINCORP LIMITED,439.75,453.70,437.60,451.80,452.40,432.95,,451.95,,,64149,28635471.00,2232,F1,1,,,,,
2026-10-05,2026-10-05,CM,BSE,STK,524019,INE473D01015,KINGFA,B,,,,,Kingfa Science & Technology (I,6599.95,6685.00,6531.55,6667.05,6683.30,6585.45,,6668.98,,,556,3681115.00,157,F1,1,,,,,
2026-10-05,2026-10-05,CM,BSE,STK,524031,INE637N01014,PATIDAR,X,,,,,PATIDAR BUILDCON LIMITED,5.63,5.63,5.63,5.63,5.63,5.37,,5.63,,,60,337.00,2,F1,1,,,,,
2026-10-05,2026-10-05,CM,BSE,STK,524037,INE809A01032,RAMAPHO,B,,,,,RAMA PHOSPHATES LTD.,119.00,122.90,118.80,119.15,118.80,121.45,,119.08,,,1905,228941.00,42,F1,1,,,,,
2026-10-05,2026-10-05,CM,BSE,STK,524038,INE204D01022,VENLONENT,X,,,,,VENLON ENTERPRISES LTD.,4.00,4.00,3.58,3.65,3.91,4.00,,3.65,,,1539,5647.00,12,F1,1,,,,,
2026-10-05,2026-10-05,CM,BSE,STK,524051,INE633B01018,POLYPLEX,B,,,,,POLYPLEX CORPORATION LTD.,1026.60,1042.35,1013.05,1020.10,1042.35,1026.60,,1020.49,,,1856,1910476.00,128,F1,1,,,,,
2026-10-05,2026-10-05,CM,BSE,STK,524055,INE181D01014,PANIDPR,X,,,,,PANTHER INDUSTRIAL PRODUCTS LT,91.00,91.00,91.00,91.00,91.00,87.40,,91.00,,,109,9919.00,2,F1,1,,,,,
2026-10-05,2026-10-05,CM,BSE,STK,524075,INE155C01010,ALBERTDAVD,B,,,,,ALBERT DAVID LTD.,858.00,867.50,835.10,835.35,835.35,851.10,,836.45,,,63,53842.00,29,F1,1,,,,,
2026-10-05,2026-10-05,CM,BSE,STK,524080,INE681F01018,HARLETH,X,,,,,HARYANA LEATHER CHEMICALS LTD.,56.69,59.00,55.00,56.51,56.50,56.80,,56.51,,,1989,113613.00,23,F1,1,,,,,
2026-10-05,2026-10-05,CM,BSE,STK,524091,INE482D01024,CARYSIL,B,,,,,CARYSIL LIMITED,1059.90,1059.90,1022.50,1028.70,1022.50,1044.70,,1030.95,,,7247,7501779.00,650,F1,1,,,,,
2026-10-05,2026-10-05,CM,BSE,STK,524109,INE900B01029,KABRAEXTRU,T,,,,,KABRA EXTRUSIONTECHNIK LTD.,760.00,800.25,756.00,798.75,800.00,762.15,,799.34,,,10014,7951485.00,229,F1,1,,,,,
2026-10-05,2026-10-05,CM,BSE,STK,524129,INE250B01029,VINYLINDIA,B,,,,,VINYL CHEMICALS (INDIA) LTD.,202.00,217.00,202.00,214.90,214.80,215.90,,214.23,,,266,57018.00,54,F1,1,,,,,
2026-10-05,2026-10-05,CM,BSE,STK,524136,INE417E01010,PCCOSMA,XT,,,,,PEE CEE COSMA SOPE LTD.,495.90,495.90,450.60,482.00,482.00,474.20,,482.00,,,231,105597.00,19,F1,1,,,,,
2026-10-05,2026-10-05,CM,BSE,STK,524156,INE034F01010,TCMLMTD,X,,,,,TCM LTD.,48.00,48.00,47.00,47.00,47.00,48.00,,47.00,,,599,28190.00,8,F1,1,,,,,
2026-10-05,2026-10-05,CM,BSE,STK,524164,INE485C01029,IOLCP,B,,,,,IOL CHEMICALS & PHARMACEUTICAL,210.85,214.15,204.40,205.60,205.60,209.45,,205.70,,,232864,48690650.00,3545,F1,1,,,,,
2026-10-05,2026-10-05,CM,BSE,STK,524174,INE133C01033,KESARPE,X,,,,,KESAR PETROPRODUCTS LTD.,11.51,12.00,11.02,11.37,11.78,11.51,,11.37,,,63928,732009.00,220,F1,1,,,,,
2026-10-05,2026-10-05,CM,BSE,STK,524200,INE410B01037,VINATIORGA,A,,,,,VINATI ORGANICS LTD.,1204.60,1204.95,1171.05,1175.90,1176.80,1208.85,,1175.81,,,6190,7313872.00,967,F1,1,,,,,
2026-10-05,2026-10-05,CM,BSE,STK,524202,INE058I01013,LACTOSE,X,,,,,LACTOSE (INDIA) LTD.,102.15,107.25,102.15,106.95,106.95,105.40,,106.95,,,1933,202013.00,33,F1,1,,,,,
2026-10-05,2026-10-05,CM,BSE,STK,524204,INE757D01011,TEEAI,X,,,,,TEESTA AGRO INDUSTRIES LTD.,115.00,115.00,115.00,115.00,115.00,115.05,,115.00,,,13,1495.00,2,F1,1,,,,,
2026-10-05,2026-10-05,CM,BSE,STK,524208,INE769A01020,AARTIIND,A,,,,,AARTI INDUSTRIES LTD.,472.15,475.30,459.75,470.40,472.55,464.80,,470.84,,,23535,11021870.00,966,F1,1,,,,,
2026-10-05,2026-10-05,CM,BSE,STK,524210,INE702E01015,PNTKYOR,X,,,,,PENTOKEY ORGANY (INDIA) LTD.,33.00,37.60,33.00,33.07,33.07,33.00,,33.07,,,2643,97574.00,21,F1,1,,,,,
2026-10-05,2026-10-05,CM,BSE,STK,524212,INE107F01022,WANBURY,B,,,,,WANBURY LTD.,193.30,198.10,187.15,189.30,189.30,199.00,,190.36,,,24366,4657723.00,718,F1,1,,,,,
2026-10-05,2026-10-05,CM,BSE,STK,524218,INE486D01017,RESONANCE,XT,,,,,RESONANCE SPECIALTIES LTD.,198.00,200.00,187.25,187.70,190.00,197.05,,187.70,,,19031,3628154.00,157,F1,1,,,,,
2026-10-05,2026-10-05,CM,BSE,STK,524226,INE036B01030,GAEL,B,,,,,GUJARAT AMBUJA EXPORTS LTD.,155.25,160.35,155.25,158.55,158.55,158.40,,158.30,,,50063,7869307.00,833,F1,1,,,,,
2026-10-05,2026-10-05,CM,BSE,STK,524230,INE027A01015,RCF,A,,,,,RASHTRIYA CHEMICALS & FERTILIZ,106.90,108.45,106.30,106.65,106.65,106.85,,106.69,,,68696,7372510.00,853,F1,1,,,,,
2026-10-05,2026-10-05,CM,BSE,STK,524238,INE659F01022,GUJINJEC,XT,,,,,GUJARAT INJECT (KERALA) LTD.,9.18,9.18,8.77,9.09,9.14,9.18,,9.09,,,129139,1162658.00,480,F1,1,,,,,
2026-10-05,2026-10-05,CM,BSE,STK,524280,INE082A01010,KOPRAN,B,,,,,KOPRAN LTD.,282.95,285.65,267.55,268.75,268.75,282.25,,268.70,,,20019,5499098.00,512,F1,1,,,,,
2026-10-05,2026-10-05,CM,BSE,STK,524288,INE008B01013,AIMCOPEST,X,,,,,AIMCO PESTICIDES LTD.,43.40,43.40,40.30,40.79,41.49,43.24,,40.79,,,2061,86256.00,57,F1,1,,,,,
2026-10-05,2026-10-05,CM,BSE,STK,524314,INE499G01013,GUJTERC,X,,,,,GUJARAT TERCE LABORATORIES LTD,35.30,36.88,34.51,34.83,34.51,35.16,,34.83,,,1224,43084.00,34,F1,1,,,,,
2026-10-05,2026-10-05,CM,BSE,STK,524322,INE323K01017,KABRADG,X,,,,,KABRA DRUGS LTD.,19.46,19.46,18.00,18.08,18.08,18.71,,18.08,,,78045,1457446.00,182,F1,1,,,,,
2026-10-05,2026-10-05,CM,BSE,STK,524324,INE573R01012,SEYAIND,T,,,,,SEYA INDUSTRIES LTD.,13.00,13.24,12.98,12.98,12.98,13.24,,13.00,,,3375,43871.00,16,F1,1,,,,,
2026-10-05,2026-10-05,CM,BSE,STK,524330,INE785A01026,JAYAGROGN,B,,,,,JAYANT AGRO-ORGANICS LTD.,217.70,217.70,211.60,211.80,213.00,210.35,,211.82,,,110,23658.00,10,F1,1,,,,,
2026-10-05,2026-10-05,CM,BSE,STK,524332,INE412G01024,BCLIND,B,,,,,BCL INDUSTRIES LIMITED,31.07,32.02,30.94,31.29,31.56,31.31,,31.29,,,47701,1494786.00,533,F1,1,,,,,
2026-10-05,2026-10-05,CM,BSE,STK,524336,INE065E01017,SHHARICH,XT,,,,,SHREE HARI CHEMICALS EXPORT LT,334.45,334.45,310.00,311.10,317.10,322.95,,311.10,,,11896,3800769.00,127,F1,1,,,,,
2026-10-05,2026-10-05,CM,BSE,STK,524342,INE803D01021,INDOBORAX,B,,,,,INDO BORAX & CHEMICALS LTD.,462.45,478.75,459.00,461.45,461.10,471.30,,460.68,,,4423,2082386.00,224,F1,1,,,,,
2026-10-05,2026-10-05,CM,BSE,STK,524348,INE767A01016,AARTIDRUGS,B,,,,,AARTI DRUGS LTD.,420.20,425.45,413.60,415.20,414.50,422.05,,415.01,,,7650,3199214.00,678,F1,1,,,,,
2026-10-05,2026-10-05,CM,BSE,STK,524370,INE338D01028,BODALCHEM,T,,,,,BODAL CHEMICALS LTD.,189.00,198.00,182.40,182.40,182.40,192.00,,180.32,,,42038,7836158.00,459,F1,1,,,,,
2026-10-05,2026-10-05,CM,BSE,STK,524372,INE191A01027,ORCHPHARMA,B,,,,,Orchid Pharma Limited,991.55,1000.00,961.00,966.80,966.80,991.55,,965.94,,,5079,4937365.00,498,F1,1,,,,,
2026-10-05,2026-10-05,CM,BSE,STK,524394,INE579C01029,VIMTALABS,B,,,,,VIMTA LABS LTD.,591.00,594.95,571.00,571.30,572.05,583.70,,571.74,,,6868,3986213.00,335,F1,1,,,,,
2026-10-05,2026-10-05,CM,BSE,STK,524396,INE829A01014,BIOFILCHEM,B,,,,,BIOFIL CHEMICALS & PHARMACEUTI,29.90,30.98,29.15,29.57,29.25,29.64,,29.63,,,1928,57087.00,39,F1,1,,,,,
2026-10-05,2026-10-05,CM,BSE,STK,524400,INE806D01016,ISHITADR,X,,,,,ISHITA DRUGS & INDUSTRIES LTD.,75.00,79.85,75.00,79.83,79.85,76.20,,79.83,,,2852,216974.00,22,F1,1,,,,,
2026-10-05,2026-10-05,CM,BSE,STK,524404,INE750C01026,MARKSANS,A,,,,,MARKSANS PHARMA LTD.,331.65,333.00,324.65,331.50,331.50,325.20,,331.65,,,60891,20015326.00,1398,F1,1,,,,,
2026-10-05,2026-10-05,CM,BSE,STK,524408,INE113E01015,UNIVSTAR,X,,,,,UNIVERSAL STARCH-CHEM ALLIED L,196.00,203.75,196.00,203.75,203.75,199.90,,203.75,,,850,167570.00,9,F1,1,,,,,
2026-10-05,2026-10-05,CM,BSE,STK,524412,INE198H01019,AAREYDRUGS,B,,,,,AAREY DRUGS & PHARMACEUTICALS,107.35,107.35,100.50,103.25,103.65,103.05,,104.04,,,12518,1287143.00,217,F1,1,,,,,
2026-10-05,2026-10-05,CM,BSE,STK,524414,INE744C01029,NORRIS,X,,,,,NORRIS MEDICINES LTD.,16.50,16.50,15.49,16.07,16.19,16.30,,16.07,,,437,6903.00,14,F1,1,,,,,
2026-10-05,2026-10-05,CM,BSE,STK,524434,INE810M01019,ASINPET,X,,,,,ASIAN PETROPRODUCTS & EXPORTS,9.34,9.37,9.11,9.15,9.15,9.30,,9.15,,,11890,110010.00,26,F1,1,,,,,
2026-10-05,2026-10-05,CM,BSE,STK,524440,INE198C01010,CAMEXLTD,X,,,,,CAMEX LTD.,56.82,58.24,53.70,56.05,56.05,57.10,,56.05,,,5300,297650.00,53,F1,1,,,,,
2026-10-05,2026-10-05,CM,BSE,STK,524444,INE313M01030,EVEXIA,X,,,,,EVEXIA LIFECARE LIMITED,2.11,2.11,1.97,1.99,1.99,2.01,,1.99,,,28103536,58270012.00,2573,F1,1,,,,,
2026-10-05,2026-10-05,CM,BSE,STK,524458,INE319N01019,INDOEURO,X,,,,,INDO EURO INDCHEM LTD.,8.10,8.15,8.10,8.15,8.15,8.10,,8.15,,,132,1075.00,6,F1,1,,,,,
2026-10-05,2026-10-05,CM,BSE,STK,524470,INE312C01025,SYNCOMF,B,,,,,SYNCOM FORMULATIONS (INDIA) LT,23.11,24.68,22.82,23.12,23.08,23.97,,23.14,,,1917059,45498130.00,3133,F1,1,,,,,
2026-10-05,2026-10-05,CM,BSE,STK,524480,INE249D01019,RIDDHI,X,,,,,RIDDHI SIDDHI GLUCO BIOLS LTD.,710.90,732.80,701.00,704.00,702.00,710.90,,704.00,,,158,111941.00,22,F1,1,,,,,
2026-10-05,2026-10-05,CM,BSE,STK,524488,INE038B01010,SVCIND,X,,,,,SVC INDUSTRIES LIMITED,2.80,3.09,2.60,2.95,2.94,2.88,,2.95,,,306915,868602.00,204,F1,1,,,,,
2026-10-05,2026-10-05,CM,BSE,STK,524494,INE571A01038,IPCALAB,A,,,,,IPCA LABORATORIES LTD.,1999.90,1999.90,1929.35,1951.35,1929.35,1940.35,,1951.30,,,4430,8690475.00,562,F1,1,,,,,
2026-10-05,2026-10-05,CM,BSE,STK,524500,INE729D01010,KILITCH,B,,,,,KILITCH DRUGS (INDIA) LTD.,226.50,248.25,220.00,233.50,233.05,216.05,,233.71,,,39577,9258241.00,735,F1,1,,,,,
2026-10-05,2026-10-05,CM,BSE,STK,524502,INE548H01015,RAAJMEDI,XT,,,,,RAAJ MEDISAFE INDIA LTD.,100.00,103.37,100.00,101.45,101.45,98.46,,101.45,,,2497,254265.00,20,F1,1,,,,,
2026-10-05,2026-10-05,CM,BSE,STK,524506,INE683E01017,CORALAB,X,,,,,CORAL LABORATORIES LTD.,584.50,584.50,561.00,561.90,569.80,548.60,,561.90,,,599,343239.00,42,F1,1,,,,,
2026-10-05,2026-10-05,CM,BSE,STK,524516,INE711D01018,BACPHAR,XT,,,,,BACIL PHARMA LTD.,28.00,28.60,27.00,27.27,27.49,27.28,,27.27,,,9240,253717.00,139,F1,1,,,,,
2026-10-05,2026-10-05,CM,BSE,STK,524518,INE268B01013,KREBSBIO,B,,,,,KREBS BIOCHEMICALS & INDUSTRIE,66.75,67.10,62.60,63.95,64.05,69.40,,63.96,,,20276,1313193.00,363,F1,1,,,,,
2026-10-05,2026-10-05,CM,BSE,STK,524520,INE879K01018,KMCSHIL,B,,,,,KMC SPECIALITY HOSPITALS (INDI,172.40,174.75,166.00,169.35,169.35,171.95,,169.38,,,73936,12533124.00,1228,F1,1,,,,,
2026-10-05,2026-10-05,CM,BSE,STK,524522,INE919B01011,LAFFANSQ,X,,,,,LAFFANS PETROCHEMICALS LTD.,30.84,30.84,28.85,29.50,29.58,29.29,,29.50,,,110,3245.00,9,F1,1,,,,,
2026-10-05,2026-10-05,CM,BSE,STK,524534,INE972C01018,BHASKAGR,X,,,,,BHASKAR AGROCHEMICALS LTD.,105.20,108.00,103.25,106.30,108.00,105.20,,106.30,,,1325,139312.00,21,F1,1,,,,,
2026-10-05,2026-10-05,CM,BSE,STK,524542,INE450E01029,SUKHJITS,B,,,,,SUKHJIT STARCH & CHEMICALS LTD,155.00,155.00,148.40,150.25,150.10,151.60,,150.94,,,484,72846.00,34,F1,1,,,,,
2026-10-05,2026-10-05,CM,BSE,STK,524548,INE465H01012,SHARMEH,X,,,,,SHARMA EAST INDIA HOSPITALS &,90.00,90.00,84.82,84.98,84.82,87.95,,84.98,,,307,26408.00,11,F1,1,,,,,
2026-10-05,2026-10-05,CM,BSE,STK,524558,INE794A01010,NEULANDLAB,A,,,,,NEULAND LABORATORIES LTD.,21395.25,21955.05,21100.00,21857.25,21803.10,21496.30,,21874.59,,,1672,35974208.00,544,F1,1,,,,,
2026-10-05,2026-10-05,CM,BSE,STK,524564,INE052E01015,GAYATRIBI,XT,,,,,GAYATRI BIOORGANICS LTD.,7.55,8.10,7.55,7.90,7.90,7.90,,7.90,,,1939,15591.00,26,F1,1,,,,,
2026-10-05,2026-10-05,CM,BSE,STK,524572,INE117D01018,PHARMAID,X,,,,,PHARMAIDS PHARMACEUTICALS LTD.,30.89,30.89,29.50,30.15,30.15,30.15,,30.15,,,512,15503.00,36,F1,1,,,,,
2026-10-05,2026-10-05,CM,BSE,STK,524576,INE737C01023,VIVIDIND,X,,,,,VIVID GLOBAL INDUSTRIES LTD.,18.50,19.50,18.50,18.52,18.52,18.75,,18.52,,,7147,136479.00,34,F1,1,,,,,
2026-10-05,2026-10-05,CM,BSE,STK,524580,INE686C01014,PRIYALT,X,,,,,PRIYA LTD.,20.84,20.84,19.00,19.00,19.00,19.86,,19.00,,,604,12397.00,5,F1,1,,,,,
2026-10-05,2026-10-05,CM,BSE,STK,524582,INE314D01011,TIRUSTA,X,,,,,TIRUPATI STARCH & CHEMICALS LT,120.00,120.00,112.50,118.00,118.00,120.75,,118.00,,,132,15043.00,14,F1,1,,,,,
2026-10-05,2026-10-05,CM,BSE,STK,524590,INE422G01015,HEMORGANIC,XT,,,,,HEMO ORGANIC LIMITED,22.97,22.97,20.79,22.97,22.97,21.88,,22.97,,,30282,695559.00,37,F1,1,,,,,
2026-10-05,2026-10-05,CM,BSE,STK,524592,INE263B01022,JAYSYNTH,XT,,,,,JAYSYNTH ORGOCHEM LIMITED,16.25,16.25,15.45,16.09,16.15,16.25,,16.09,,,25935,408773.00,99,F1,1,,,,,
2026-10-05,2026-10-05,CM,BSE,STK,524594,INE994D01010,AEONXDIGI,X,,,,,Aeonx Digital Technology Limit,112.00,112.00,107.30,108.00,108.00,107.60,,108.00,,,905,100344.00,18,F1,1,,,,,
2026-10-05,2026-10-05,CM,BSE,STK,524598,INE542B01011,AKSHARCHEM,T,,,,,AKSHARCHEM (INDIA) LTD.,371.00,384.00,356.00,384.00,384.00,371.90,,365.33,,,1269,464536.00,17,F1,1,,,,,
2026-10-05,2026-10-05,CM,BSE,STK,524602,INE875N01036,BANDARAM,X,,,,,BANDARAM PHARMA PACKTECH LIMIT,20.30,20.30,19.01,19.09,19.68,20.29,,19.09,,,5679,109965.00,41,F1,1,,,,,
2026-10-05,2026-10-05,CM,BSE,STK,524604,INE276T01018,ADLINE,P,,,,,ADLINE CHEM LAB LIMITED,15.79,15.79,15.79,15.79,15.79,15.04,,15.79,,,500,7895.00,2,F1,100,,,,,
2026-10-05,2026-10-05,CM,BSE,STK,524606,INE415H01017,BERLDRG,X,,,,,BERYL DRUGS LTD.,25.69,25.69,23.12,24.84,24.84,25.29,,24.84,,,1774,43535.00,33,F1,1,,,,,
2026-10-05,2026-10-05,CM,BSE,STK,524614,INE056E01024,INDXTRA,X,,,,,IEL LIMITED,5.42,5.42,5.17,5.20,5.17,5.35,,5.20,,,10304,54216.00,76,F1,1,,,,,
2026-10-05,2026-10-05,CM,BSE,STK,524622,INE532B01020,ISTRNETWK,X,,,,,ISTREET NETWORK LIMITED,44.64,46.69,43.71,44.31,45.00,44.64,,44.31,,,22639,1005235.00,122,F1,1,,,,,
2026-10-05,2026-10-05,CM,BSE,STK,524624,INE076D01016,GAGAN,X,,,,,GAGAN GASES LTD.,19.20,20.43,18.22,18.22,18.22,18.83,,18.22,,,2002,38406.00,27,F1,1,,,,,
2026-10-05,2026-10-05,CM,BSE,STK,524628,INE750B01010,PARKERAC,X,,,,,PARKER AGROCHEM EXPORTS LTD.,20.20,20.20,20.20,20.20,20.20,20.20,,20.20,,,25,505.00,2,F1,1,,,,,
2026-10-05,2026-10-05,CM,BSE,STK,524632,INE551C01044,SHUKRAPHAR,B,,,,,Shukra Pharmaceuticals Limited,62.13,73.72,62.13,70.15,70.45,61.84,,70.47,,,3647529,254055708.00,8064,F1,1,,,,,
2026-10-05,2026-10-05,CM,BSE,STK,524634,INE058F01019,ALUFLUOR,B,,,,,ALUFLUORIDE LTD.,615.05,639.75,611.00,614.90,620.00,630.65,,616.48,,,3077,1897494.00,182,F1,1,,,,,
2026-10-05,2026-10-05,CM,BSE,STK,524636,INE102E01018,OXYGENTAPH,XT,,,,,OXYGENTA PHARMACEUTICAL LIMITE,48.78,48.78,46.05,46.96,46.80,48.00,,46.96,,,29639,1377900.00,105,F1,1,,,,,
2026-10-05,2026-10-05,CM,BSE,STK,524640,INE078I01011,ARCHITORG,X,,,,,ARCHIT ORGANOSYS LTD.,61.82,63.77,61.82,62.68,62.50,61.82,,62.68,,,10077,632127.00,57,F1,1,,,,,
2026-10-05,2026-10-05,CM,BSE,STK,524648,INE760F01028,INDOAMIN,B,,,,,INDO AMINES LTD.,145.90,149.75,139.95,143.25,143.20,136.35,,143.31,,,35344,5105174.00,891,F1,1,,,,,
2026-10-05,2026-10-05,CM,BSE,STK,524654,INE936B01015,NATCAPSUQ,T,,,,,NATURAL CAPSULES LTD.,163.00,167.90,162.00,167.90,167.90,162.30,,165.15,,,3563,590463.00,24,F1,1,,,,,
2026-10-05,2026-10-05,CM,BSE,STK,524661,INE331C01025,WELCURE,X,,,,,WELCURE DRUGS & PHARMACEUTICAL,0.22,0.22,0.20,0.20,0.21,0.21,,0.20,,,5122198,1051614.00,490,F1,1,,,,,
2026-10-05,2026-10-05,CM,BSE,STK,524663,INE994B01014,BIBCL,B,,,,,BHARAT IMMUNOLOGICALS & BIOLOG,7.81,8.04,7.42,7.53,7.53,8.18,,7.53,,,232352,1777009.00,626,F1,1,,,,,
2026-10-05,2026-10-05,CM,BSE,STK,524667,INE035D01020,SOTL,B,,,,,SAVITA OIL TECHNOLOGIES LTD.,734.25,734.70,716.30,727.60,725.00,729.20,,727.21,,,10738,7795622.00,519,F1,1,,,,,
2026-10-05,2026-10-05,CM,BSE,STK,524669,INE782E01017,HESTERBIO,B,,,,,HESTER BIOSCIENCES LTD.,2146.70,2181.90,2088.30,2105.70,2103.75,2140.60,,2105.51,,,109,232977.00,54,F1,1,,,,,
2026-10-05,2026-10-05,CM,BSE,STK,524675,INE645C01010,KABSON,X,,,,,KABSONS INDUSTRIES LTD.,19.45,20.49,18.11,19.93,20.40,19.45,,19.93,,,2879,57106.00,32,F1,1,,,,,
2026-10-05,2026-10-05,CM,BSE,STK,524687,INE473E01021,BASANTGL,X,,,,,BASANT AGRO TECH (INDIA) LTD.,10.91,11.28,10.91,11.00,11.00,10.93,,11.00,,,26647,293118.00,127,F1,1,,,,,
2026-10-05,2026-10-05,CM,BSE,STK,524703,INE751D01014,SANDUPHQ,X,,,,,SANDU PHARMACEUTICALS LTD.,36.71,38.00,35.33,37.27,37.27,36.53,,37.27,,,3006,111609.00,29,F1,1,,,,,
2026-10-05,2026-10-05,CM,BSE,STK,524709,INE295D01020,NACLIND,B,,,,,NACL Industries Limited,133.00,133.00,128.50,130.20,130.45,130.70,,130.29,,,44052,5726077.00,434,F1,1,,,,,
2026-10-05,2026-10-05,CM,BSE,STK,524711,INE427C01021,VISTAPH,X,,,,,VISTA PHARMACEUTICALS LTD.,5.82,6.45,5.74,5.83,5.80,6.21,,5.83,,,10641,62890.00,59,F1,1,,,,,
2026-10-05,2026-10-05,CM,BSE,STK,524715,INE044A01036,SUNPHARMA,A,,,,,SUN PHARMACEUTICAL INDUSTRIES,1775.40,1803.60,1775.40,1782.00,1782.00,1810.00,,1779.71,,,35764,63957713.00,3795,F1,1,,,,,
2026-10-05,2026-10-05,CM,BSE,STK,524717,INE150C01029,TITANBIO,B,,,,,TITAN BIOTECH LTD.,392.45,397.95,380.25,383.20,383.80,391.50,,383.20,,,12257,4714967.00,472,F1,1,,,,,
2026-10-05,2026-10-05,CM,BSE,STK,524723,INE491D01017,ARVAYA,XT,,,,,Arvaya Healthcare Limited,117.60,117.60,117.60,117.60,117.60,120.00,,117.60,,,5,588.00,3,F1,1,,,,,
2026-10-05,2026-10-05,CM,BSE,STK,524727,INE004E01016,SDL,X,,,,,Span Divergent Limited,21.81,24.08,21.81,21.81,21.81,22.95,,21.81,,,12388,270194.00,26,F1,1,,,,,
2026-10-05,2026-10-05,CM,BSE,STK,524731,INE354A01013,JENBURPH,B,,,,,JENBURKT PHARMACEUTICALS LTD.,927.00,927.00,892.00,900.00,900.00,925.40,,900.39,,,74,66919.00,21,F1,1,,,,,
2026-10-05,2026-10-05,CM,BSE,STK,524735,INE475B01022,HIKAL,B,,,,,HIKAL LTD.,221.75,221.80,213.05,214.45,214.35,218.15,,214.45,,,23254,5056631.00,439,F1,1,,,,,
2026-10-05,2026-10-05,CM,BSE,STK,524742,INE475E01026,CAPLIPOINT,A,,,,,CAPLIN POINT LABORATORIES LTD.,2593.25,2624.00,2541.05,2603.65,2595.00,2632.35,,2603.98,,,14646,37689240.00,2245,F1,1,,,,,
2026-10-05,2026-10-05,CM,BSE,STK,524743,INE771F01041,FISCHER,B,,,,,FISCHER MEDICAL VENTURES LIMIT,33.01,33.72,32.63,32.87,32.76,33.50,,32.80,,,34503,1135484.00,222,F1,1,,,,,
2026-10-05,2026-10-05,CM,BSE,STK,524748,INE302F01011,LINKPH,X,,,,,LINK PHARMA CHEM LTD.,29.00,29.00,26.01,26.09,26.05,26.24,,26.09,,,1045,27383.00,20,F1,1,,,,,
2026-10-05,2026-10-05,CM,BSE,STK,524752,INE643N01012,DECIPHER,X,,,,,DECIPHER LABS LIMITED,6.00,6.00,5.52,5.67,5.67,6.00,,5.67,,,4343,24531.00,25,F1,1,,,,,
2026-10-05,2026-10-05,CM,BSE,STK,524768,INE634B01016,EMMESSA,X,,,,,EMMESSAR BIOTECH & NUTRITION L,23.98,23.98,22.51,23.67,23.67,22.99,,23.67,,,565,13090.00,16,F1,1,,,,,
2026-10-05,2026-10-05,CM,BSE,STK,524774,INE887E01022,NGLFINE,B,,,,,NGL FINE-CHEM LTD.,2954.75,3047.90,2848.15,3009.65,3020.00,2925.50,,2989.49,,,514,1515855.00,146,F1,1,,,,,
2026-10-05,2026-10-05,CM,BSE,STK,524790,INE334C01029,EVERESTO,X,,,,,EVEREST ORGANICS LTD.,259.00,259.00,221.00,236.00,236.00,219.80,,236.00,,,2119,493889.00,65,F1,1,,,,,
2026-10-05,2026-10-05,CM,BSE,STK,524804,INE406A01037,AUROPHARMA,A,,,,,AUROBINDO PHARMA LTD.,1739.95,1739.95,1664.15,1670.00,1670.00,1675.00,,1674.90,,,68083,114005218.00,2856,F1,1,,,,,
2026-10-05,2026-10-05,CM,BSE,STK,524808,INE037C01010,PHYTO,X,,,,,PHYTO CHEM (INDIA) LTD.,17.00,17.90,16.56,16.91,17.50,17.05,,16.91,,,2344,40767.00,25,F1,1,,,,,
2026-10-05,2026-10-05,CM,BSE,STK,524816,INE987B01026,NATCOPHARM,A,,,,,NATCO PHARMA LTD.,822.90,827.65,801.35,822.15,822.15,821.75,,821.56,,,39263,31931599.00,5066,F1,1,,,,,
2026-10-05,2026-10-05,CM,BSE,STK,524818,INE457C01010,DYNAMIND,X,,,,,DYNAMIC INDUSTRIES LTD.,121.00,123.35,117.35,120.00,117.35,121.15,,120.00,,,1132,137568.00,38,F1,1,,,,,
2026-10-05,2026-10-05,CM,BSE,STK,524820,INE305C01029,PANAMAPET,B,,,,,PANAMA PETROCHEM LTD.,490.05,499.20,480.60,482.50,482.10,486.95,,482.20,,,5218,2540306.00,275,F1,1,,,,,
2026-10-05,2026-10-05,CM,BSE,STK,524824,INE083D01012,BALPHARMA,B,,,,,BAL PHARMA LTD.,114.90,114.90,105.70,107.60,107.75,105.60,,106.79,,,1998,212403.00,159,F1,1,,,,,
2026-10-05,2026-10-05,CM,BSE,STK,524828,INE278D01018,BDH,X,,,,,BDH INDUSTRIES LTD.,465.00,488.50,465.00,473.70,472.00,482.20,,473.70,,,1426,677402.00,88,F1,1,,,,,
2026-10-05,2026-10-05,CM,BSE,STK,526001,INE593O01017,JAUSPOL,X,,,,,JAUSS POLYMERS LTD.,28.02,29.20,26.50,27.99,27.99,27.89,,27.99,,,18449,495045.00,39,F1,1,,,,,
2026-10-05,2026-10-05,CM,BSE,STK,526025,INE064L01015,GLOBUSCON,X,,,,,GLOBUS CONSTRUCTORS & DEVELOPE,16.19,16.19,15.39,15.90,15.90,16.19,,15.90,,,52815,821745.00,75,F1,1,,,,,
2026-10-05,2026-10-05,CM,BSE,STK,526027,INE144D01012,CUBEXTUB,T,,,,,CUBEX TUBINGS LTD.,163.90,169.60,157.00,157.00,157.00,165.25,,157.67,,,26866,4254088.00,217,F1,1,,,,,
2026-10-05,2026-10-05,CM,BSE,STK,526043,INE809B01014,POLYCHMP,X,,,,,POLYMECHPLAST MACHINES LTD.,46.79,46.79,45.60,46.69,46.69,47.02,,46.69,,,829,38133.00,23,F1,1,,,,,
2026-10-05,2026-10-05,CM,BSE,STK,526071,INE395F01023,STELLANT,XT,,,,,STELLANT SECURITIES (INDIA) LT,901.00,938.00,894.70,901.40,915.00,941.75,,901.40,,,5738,5198828.00,257,F1,1,,,,,
2026-10-05,2026-10-05,CM,BSE,STK,526073,INE020S01012,GALXBRG,XT,,,,,GALAXY BEARINGS LTD.,920.05,963.80,920.05,938.00,958.00,968.00,,938.00,,,746,699611.00,30,F1,1,,,,,
2026-10-05,2026-10-05,CM,BSE,STK,526075,INE092O01028,VINRKLB,XT,,,,,REKVINA LABORATORIES LTD.,50.85,50.85,50.50,50.50,50.50,49.86,,50.50,,,1022,51965.00,6,F1,1,,,,,
2026-10-05,2026-10-05,CM,BSE,STK,526081,INE895E01017,SCAGRO,XT,,,,,SC Agrotech Limited,38.51,38.52,38.51,38.52,38.52,36.69,,38.52,,,31073,1196872.00,74,F1,1,,,,,
2026-10-05,2026-10-05,CM,BSE,STK,526095,INE427E01027,RALEGRA,X,,,,,RAVILEELA GRANITES LTD.,55.50,57.00,55.35,55.40,55.35,58.99,,55.40,,,185,10295.00,15,F1,1,,,,,
2026-10-05,2026-10-05,CM,BSE,STK,526113,INE602H01010,UNRYLMA,XT,,,,,UNIROYAL MARINE EXPORTS LTD.,15.58,15.58,14.83,15.58,15.58,15.58,,15.58,,,355,5268.00,7,F1,1,,,,,
2026-10-05,2026-10-05,CM,BSE,STK,526117,INE011D01013,SHERVANI,B,,,,,SHERVANI INDUSTRIAL SYNDICATE,324.95,335.00,319.00,335.00,335.00,322.25,,335.00,,,60,20036.00,10,F1,1,,,,,
2026-10-05,2026-10-05,CM,BSE,STK,526125,INE00HZ01011,BNAGROCHEM,B,,,,,BN AGROCHEM LIMITED,230.00,241.45,219.00,233.20,233.05,230.00,,238.39,,,1242,290699.00,31,F1,1,,,,,
2026-10-05,2026-10-05,CM,BSE,STK,526133,INE881B01054,SUPERTEX,X,,,,,SUPERTEX INDUSTRIES LTD.,5.89,5.89,5.85,5.85,5.85,5.89,,5.85,,,1085,6352.00,9,F1,1,,,,,
2026-10-05,2026-10-05,CM,BSE,STK,526137,INE278C01010,SHETR,X,,,,,SHETRON LTD.,101.00,102.95,99.55,101.55,102.20,99.40,,101.55,,,953,96654.00,12,F1,1,,,,,
2026-10-05,2026-10-05,CM,BSE,STK,526139,INE773D01018,TRABI,X,,,,,TRANSGENE BIOTEK LTD.,2.36,2.47,2.35,2.43,2.47,2.40,,2.43,,,31440,75155.00,63,F1,1,,,,,
2026-10-05,2026-10-05,CM,BSE,STK,526143,INE343A01016,MPL,X,,,,,MPL PLASTICS LTD.,6.66,6.66,6.59,6.59,6.59,6.60,,6.59,,,1013,6727.00,16,F1,1,,,,,
2026-10-05,2026-10-05,CM,BSE,STK,526159,INE926C01022,NIKHILAD,X,,,,,NIKHIL ADHESIVES LTD.,82.06,82.95,77.30,79.01,79.50,81.25,,79.01,,,9088,721112.00,331,F1,1,,,,,
2026-10-05,2026-10-05,CM,BSE,STK,526161,INE175C01018,SPENTA,XT,,,,,SPENTA INTERNATIONAL LTD.,134.20,134.20,134.20,134.20,134.20,135.80,,134.20,,,50,6710.00,2,F1,1,,,,,
2026-10-05,2026-10-05,CM,BSE,STK,526169,INE678F01014,MULTIBASE,X,,,,,MULTIBASE INDIA LTD.,169.50,170.00,167.10,168.10,167.25,168.95,,168.10,,,4519,765138.00,97,F1,1,,,,,
2026-10-05,2026-10-05,CM,BSE,STK,526173,INE449C01025,ANDREWYU,B,,,,,ANDREW YULE & COMPANY LTD.,25.48,25.50,24.50,25.11,25.11,24.98,,25.33,,,16511,411888.00,251,F1,1,,,,,
2026-10-05,2026-10-05,CM,BSE,STK,526179,INE983C01015,LUDLOWJUT,X,,,,,LUDLOW JUTE & SPECIALITIES LTD,329.80,330.00,320.00,320.00,320.00,329.80,,320.00,,,950,310818.00,17,F1,1,,,,,
2026-10-05,2026-10-05,CM,BSE,STK,526187,INE293C01019,ASHRAM,X,,,,,ASHRAM ONLINE.COM LTD.,5.17,5.17,5.17,5.17,5.17,5.39,,5.17,,,500,2585.00,3,F1,1,,,,,
2026-10-05,2026-10-05,CM,BSE,STK,526193,INE618A01011,ROYALCU,X,,,,,ROYAL CUSHION VINYL PRODUCTS L,12.90,12.90,12.12,12.80,12.80,12.75,,12.80,,,1547,19214.00,17,F1,1,,,,,
2026-10-05,2026-10-05,CM,BSE,STK,526211,INE170U01011,SURJIND,X,,,,,SURAJ INDUSTRIES LTD.,55.18,57.00,53.51,53.87,53.51,55.18,,53.87,,,1434,77319.00,21,F1,1,,,,,
2026-10-05,2026-10-05,CM,BSE,STK,526217,INE120D01012,HITECHCORP,T,,,,,Hitech Corporation Limited,340.10,344.70,340.00,341.20,341.20,340.10,,342.00,,,3225,1101867.00,49,F1,1,,,,,
2026-10-05,2026-10-05,CM,BSE,STK,526227,INE816B01035,FILATEX,B,,,,,FILATEX INDIA LTD.,106.10,107.50,103.05,103.70,103.70,106.45,,103.88,,,141244,14891384.00,1079,F1,1,,,,,
2026-10-05,2026-10-05,CM,BSE,STK,526231,INE307D01015,STDSFAC,XT,,,,,STANDARD SURFACTANTS LTD.,211.15,211.15,211.15,211.15,211.15,222.25,,211.15,,,1818,383870.00,41,F1,1,,,,,
2026-10-05,2026-10-05,CM,BSE,STK,526237,INE902C01015,MORGAN,X,,,,,MORGAN VENTURES LTD.,42.83,44.00,41.16,43.35,43.99,42.83,,43.35,,,1667,72163.00,46,F1,1,,,,,
2026-10-05,2026-10-05,CM,BSE,STK,526241,INE762C01021,AMRAPLIN,XT,,,,,AMRAPALI INDUSTRIES LTD.,33.00,35.50,32.59,34.97,34.97,34.30,,34.97,,,3738,125095.00,49,F1,1,,,,,
2026-10-05,2026-10-05,CM,BSE,STK,526247,INE863B01029,PREMEXPLN,A,,,,,PREMIER EXPLOSIVES LTD.,683.25,687.00,681.05,685.10,685.70,679.75,,685.05,,,4747,3249983.00,138,F1,1,,,,,
2026-10-05,2026-10-05,CM,BSE,STK,526251,INE033E01015,MIDEASTP,X,,,,,MID EAST PORTFOLIO MANAGEMENT,28.50,32.00,28.06,31.99,31.99,33.95,,31.99,,,154,4681.00,16,F1,1,,,,,
2026-10-05,2026-10-05,CM,BSE,STK,526263,INE835B01035,MOLDTECH,T,,,,,MOLD-TEK TECHNOLOGIES LTD.,209.90,213.85,209.00,213.85,213.85,203.70,,213.51,,,11529,2445682.00,376,F1,1,,,,,
2026-10-05,2026-10-05,CM,BSE,STK,526269,INE293N01016,CRSTCHM,X,,,,,CRESTCHEM LTD.,132.05,142.00,125.70,127.95,128.90,138.85,,127.95,,,6548,854123.00,180,F1,1,,,,,
2026-10-05,2026-10-05,CM,BSE,STK,526299,INE356A01018,MPHASIS,A,,,,,MPHASIS LTD.,2304.95,2340.00,2242.20,2289.00,2289.00,2254.95,,2296.98,,,15558,35707521.00,2243,F1,1,,,,,
2026-10-05,2026-10-05,CM,BSE,STK,526315,INE410G01010,DIVSHKT,XT,,,,,DIVYASHAKTI LIMITED,64.70,69.45,64.60,64.60,64.60,67.99,,64.60,,,694,44890.00,35,F1,1,,,,,
2026-10-05,2026-10-05,CM,BSE,STK,526325,INE609C01024,ORIENTLTD,T,,,,,ORIENT PRESS LTD.,79.89,79.89,79.89,79.89,79.89,76.09,,75.52,,,12,958.00,3,F1,1,,,,,
2026-10-05,2026-10-05,CM,BSE,STK,526331,INE875S01019,ADVMULT,XT,,,,,ADVANCE MULTITECH LTD.,146.05,146.05,146.05,146.05,146.05,139.10,,146.05,,,130,18986.00,2,F1,1,,,,,
2026-10-05,2026-10-05,CM,BSE,STK,526335,INE115F01017,SHREYASI,X,,,,,SHREYAS INTERMEDIATES LTD.,8.20,9.00,8.01,8.27,8.24,7.60,,8.27,,,71954,617353.00,235,F1,1,,,,,
2026-10-05,2026-10-05,CM,BSE,STK,526345,INE744D01019,PANJON,X,,,,,PANJON LTD.,20.67,22.00,20.67,20.76,21.77,21.77,,20.76,,,1540,32001.00,11,F1,1,,,,,
2026-10-05,2026-10-05,CM,BSE,STK,526355,INE138B01018,DUROPACK,X,,,,,DUROPACK LTD.,55.86,60.99,55.86,59.98,60.95,57.00,,59.98,,,59,3342.00,4,F1,1,,,,,
2026-10-05,2026-10-05,CM,BSE,STK,526365,INE967A01012,SWARNSAR,B,,,,,SWARNSARITA JEWELS INDIA LIMIT,40.00,40.00,40.00,40.00,40.00,38.15,,40.13,,,51,2040.00,3,F1,1,,,,,
2026-10-05,2026-10-05,CM,BSE,STK,526367,INE460C01014,GANESHHOU,B,,,,,GANESH HOUSING LIMITED,713.70,713.70,692.10,704.55,709.85,698.70,,701.86,,,508,356095.00,80,F1,1,,,,,
2026-10-05,2026-10-05,CM,BSE,STK,526371,INE584A01023,NMDC,A,,,,,NMDC LTD.,75.00,75.50,73.16,73.80,73.80,75.00,,73.74,,,1249607,92606685.00,11093,F1,1,,,,,
2026-10-05,2026-10-05,CM,BSE,STK,526373,INE908C01012,CINDHO,X,,,,,CINDRELLA HOTELS LTD.,48.44,48.44,45.70,48.38,48.38,46.14,,48.38,,,17,794.00,5,F1,1,,,,,
2026-10-05,2026-10-05,CM,BSE,STK,526381,INE529D01014,PATINTLOG,B,,,,,PATEL INTEGRATED LOGISTICS LTD,13.30,13.40,12.86,13.10,13.20,13.30,,13.04,,,7457,97856.00,54,F1,1,,,,,
2026-10-05,2026-10-05,CM,BSE,STK,526397,INE137C01018,ALPHAGEO,T,,,,,ALPHAGEO (INDIA) LTD.,258.00,258.00,250.00,250.55,250.55,259.35,,253.81,,,799,201393.00,46,F1,1,,,,,
2026-10-05,2026-10-05,CM,BSE,STK,526407,INE299D01022,HAMPTON,B,,,,,HAMPTON SKY REALTY LIMITED,7.90,8.11,7.80,8.05,8.05,8.10,,8.00,,,2236,18066.00,18,F1,1,,,,,
2026-10-05,2026-10-05,CM,BSE,STK,526409,INE301C01028,KKALPANAIND,X,,,,,KKALPANA INDUSTRIES (INDIA) LT,6.19,6.95,6.19,6.78,6.79,6.56,,6.78,,,20428,135958.00,77,F1,1,,,,,
2026-10-05,2026-10-05,CM,BSE,STK,526415,INE870B01024,OKPLA,X,,,,,OK PLAY INDIA LTD.,3.20,3.20,2.99,2.99,2.99,3.14,,2.99,,,291071,884268.00,285,F1,1,,,,,
2026-10-05,2026-10-05,CM,BSE,STK,526423,INE479D01038,KRITI,B,,,,,KRITI INDUSTRIES (INDIA) LTD.,60.84,60.98,59.00,60.84,60.84,60.22,,60.92,,,394,23409.00,13,F1,1,,,,,
2026-10-05,2026-10-05,CM,BSE,STK,526433,INE867C01010,ASMTEC,B,,,,,ASM TECHNOLOGIES LTD.,6600.00,6689.95,6261.00,6617.20,6600.00,6603.65,,6617.20,,,31980,208698447.00,3064,F1,1,,,,,
2026-10-05,2026-10-05,CM,BSE,STK,526435,INE759I01024,PERFEPA,X,,,,,PERFECTPAC LTD.,76.10,84.00,76.00,77.09,78.00,79.75,,77.09,,,472,36243.00,14,F1,1,,,,,
2026-10-05,2026-10-05,CM,BSE,STK,526439,INE267C01013,AMBIT,X,,,,,AMBITIOUS PLASTOMAC COMPANY LT,8.30,8.30,8.30,8.30,8.30,8.35,,8.30,,,139,1153.00,4,F1,1,,,,,
2026-10-05,2026-10-05,CM,BSE,STK,526441,INE515B01025,VISIONCINE,X,,,,,VISION CINEMAS LTD.,1.14,1.14,1.06,1.08,1.09,1.10,,1.08,,,23917,26417.00,50,F1,1,,,,,
2026-10-05,2026-10-05,CM,BSE,STK,526443,INE072B01027,AEIM,X,,,,,Artificial Electronics Intelli,54.69,54.69,54.69,54.69,54.69,57.56,,54.69,,,40075,2191701.00,329,F1,1,,,,,
2026-10-05,2026-10-05,CM,BSE,STK,526445,INE007C01021,INDRANIB,XT,,,,,INDRAYANI BIOTECH LTD.,9.50,10.11,9.15,10.08,10.11,9.63,,10.08,,,57278,545123.00,121,F1,1,,,,,
2026-10-05,2026-10-05,CM,BSE,STK,526468,INE940E01011,EUROLED,XT,,,,,EURO LEDER FASHION LTD.,24.01,25.72,23.28,25.59,25.72,24.50,,25.59,,,8803,219984.00,79,F1,1,,,,,
2026-10-05,2026-10-05,CM,BSE,STK,526471,INE391C01011,WINSOMBR,X,,,,,WINSOME BREWERIES LTD.,18.50,19.40,18.01,18.94,18.97,18.84,,18.94,,,6345,119629.00,96,F1,1,,,,,
2026-10-05,2026-10-05,CM,BSE,STK,526473,INE152E01013,ELEFLOR,X,,,,,ELEGANT FLORICULTURE & AGROTEC,4.72,4.91,4.66,4.73,4.69,4.80,,4.73,,,16083,75419.00,46,F1,1,,,,,
2026-10-05,2026-10-05,CM,BSE,STK,526479,INE765B01018,SKYIND,X,,,,,SKY INDUSTRIES LTD.,94.50,95.30,94.21,94.21,94.21,94.09,,94.21,,,1426,134640.00,29,F1,1,,,,,
2026-10-05,2026-10-05,CM,BSE,STK,526481,INE245B01011,PHOENXINTL,B,,,,,PHOENIX INTERNATIONAL LTD.,28.41,28.41,26.55,27.55,27.55,27.85,,28.15,,,1023,27920.00,28,F1,1,,,,,
2026-10-05,2026-10-05,CM,BSE,STK,526488,INE432N01010,BHUDEVI,X,,,,,BHUDEVI INFRA PROJECTS LIMITED,75.29,75.29,75.29,75.29,75.29,71.71,,75.29,,,750,56467.00,12,F1,1,,,,,
2026-10-05,2026-10-05,CM,BSE,STK,526490,INE206C01029,PRATIK,X,,,,,PRATIK PANELS LTD.,3.83,3.83,3.27,3.57,3.57,3.80,,3.57,,,112573,405997.00,183,F1,1,,,,,
2026-10-05,2026-10-05,CM,BSE,STK,526492,INE582D01013,RISHIROOP,X,,,,,Rishiroop Limited,120.00,124.95,118.00,121.95,122.00,119.50,,121.95,,,2088,253789.00,54,F1,1,,,,,
2026-10-05,2026-10-05,CM,BSE,STK,526494,INE818D01011,PROMACT,XT,,,,,Promact Plastics Limited,16.50,16.50,15.96,15.96,15.96,16.80,,15.96,,,551,8794.00,6,F1,1,,,,,
2026-10-05,2026-10-05,CM,BSE,STK,526500,INE398F01019,STRGRENWO,X,,,,,STERLING GREEN WOODS LTD.,16.91,18.69,16.91,18.69,18.69,17.80,,18.69,,,471,8798.00,6,F1,1,,,,,
2026-10-05,2026-10-05,CM,BSE,STK,526504,INE796B01013,DOLPHMED,XT,,,,,DOLPHIN MEDICAL SERVICES LTD.,6.94,6.94,6.31,6.63,6.82,6.61,,6.63,,,29493,201655.00,58,F1,1,,,,,
2026-10-05,2026-10-05,CM,BSE,STK,526506,INE356B01024,SYSTMTXC,T,,,,,SYSTEMATIX CORPORATE SERVICES,73.96,73.96,73.50,73.50,73.50,75.00,,73.50,,,1040,76446.00,5,F1,1,,,,,
2026-10-05,2026-10-05,CM,BSE,STK,526508,INE825D01016,SHAHISHIP,X,,,,,Shahi Shipping Limited,11.65,11.75,10.66,10.84,11.00,11.60,,10.84,,,3451,38525.00,46,F1,1,,,,,
2026-10-05,2026-10-05,CM,BSE,STK,526519,INE840D01015,ALPINEHOU,XT,,,,,ALPINE HOUSING DEVELOPMENT COR,100.50,100.50,95.05,96.60,95.05,95.75,,96.60,,,2729,266344.00,26,F1,1,,,,,
2026-10-05,2026-10-05,CM,BSE,STK,526525,INE550D01010,WWALUM,X,,,,,WORLDWIDE ALUMINIUM LIMITED,19.00,19.00,18.06,18.06,18.06,19.00,,18.06,,,36,683.00,5,F1,1,,,,,
2026-10-05,2026-10-05,CM,BSE,STK,526530,INE670C01026,IIRM,X,,,,,IIRM HOLDINGS INDIA LIMITED,118.00,119.00,112.50,117.05,118.90,118.00,,117.05,,,18665,2210434.00,64,F1,1,,,,,
2026-10-05,2026-10-05,CM,BSE,STK,526532,INE716K01020,SFPIL,X,,,,,SQUARE FOUR PROJECTS INDIA LIM,8.10,8.50,7.90,8.50,8.50,8.10,,8.50,,,92,732.00,6,F1,1,,,,,
2026-10-05,2026-10-05,CM,BSE,STK,526544,INE967B01028,SGLRES,B,,,,,SGL RESOURCES LIMITED,2.25,2.35,2.19,2.34,2.34,2.30,,2.25,,,14094,31447.00,36,F1,1,,,,,
2026-10-05,2026-10-05,CM,BSE,STK,526546,INE493D01013,CHOKSILA,XT,,,,,CHOKSI LABORATORIES LTD.,181.00,186.00,172.15,184.75,185.95,181.20,,184.75,,,4118,733408.00,103,F1,1,,,,,
2026-10-05,2026-10-05,CM,BSE,STK,526550,INE652F01027,CCHHL,B,,,,,COUNTRY CLUB HOSPITALITY AND H,12.92,13.35,12.00,13.12,13.12,12.92,,12.71,,,1924,24204.00,28,F1,1,,,,,
2026-10-05,2026-10-05,CM,BSE,STK,526554,INE159C01012,SALGUTI,X,,,,,SALGUTI INDUSTRIES LTD.,26.51,26.51,26.51,26.51,26.51,27.90,,26.51,,,1,26.00,1,F1,1,,,,,
2026-10-05,2026-10-05,CM,BSE,STK,526570,INE519N01022,REMAGNET,B,,,,,MIDWEST ENERGY LIMITED,366.00,368.00,359.10,359.10,359.10,378.00,,359.10,,,15294,5502455.00,429,F1,1,,,,,
2026-10-05,2026-10-05,CM,BSE,STK,526582,INE413G01022,TPLPLASTEH,B,,,,,TPL PLASTECH LTD.,68.84,70.33,66.97,67.73,67.87,68.49,,67.85,,,9592,650512.00,114,F1,1,,,,,
2026-10-05,2026-10-05,CM,BSE,STK,526596,INE557B01019,LIBERTSHOE,B,,,,,LIBERTY SHOES LTD.,216.85,219.95,212.15,212.20,212.20,216.85,,212.41,,,1254,268371.00,129,F1,1,,,,,
2026-10-05,2026-10-05,CM,BSE,STK,526604,INE845B01018,LIPPISYS,XT,,,,,LIPPI SYSTEMS LTD.,215.15,224.80,211.95,224.80,224.80,214.10,,224.80,,,6978,1531682.00,62,F1,1,,,,,
2026-10-05,2026-10-05,CM,BSE,STK,526608,INE822G01016,ELECTHERM,B,,,,,ELECTROTHERM (INDIA) LTD.,752.60,752.60,698.60,703.80,705.40,743.90,,702.43,,,1242,895574.00,170,F1,1,,,,,
2026-10-05,2026-10-05,CM,BSE,STK,526612,INE233B01017,BLUEDART,A,,,,,BLUE DART EXPRESS LTD.,4525.30,4545.00,4460.05,4513.50,4509.00,4504.10,,4514.32,,,766,3451677.00,337,F1,1,,,,,
2026-10-05,2026-10-05,CM,BSE,STK,526614,INE561D01025,EXPOEAPL,XT,,,,,EXPO ENGINEERING AND PROJECTS,90.00,90.00,87.25,89.99,89.99,91.40,,89.99,,,2381,209147.00,23,F1,1,,,,,
2026-10-05,2026-10-05,CM,BSE,STK,526616,INE233D01013,NATPLAS,X,,,,,NATIONAL PLASTIC INDUSTRIES LT,42.25,42.25,37.35,38.12,39.35,39.00,,38.12,,,4205,163501.00,44,F1,1,,,,,
2026-10-05,2026-10-05,CM,BSE,STK,526622,INE244C01020,MFLINDIA,X,,,,,MFL INDIA LTD.,0.43,0.44,0.41,0.41,0.41,0.43,,0.41,,,474627,200352.00,291,F1,1,,,,,
2026-10-05,2026-10-05,CM,BSE,STK,526638,INE594V01028,TEXELIN,X,,,,,TEXEL INDUSTRIES LTD.,65.45,65.65,62.35,64.01,64.74,64.28,,64.01,,,6230,401365.00,65,F1,1,,,,,
2026-10-05,2026-10-05,CM,BSE,STK,526640,INE008C01011,RAYALEMA,X,,,,,ROYALE MANOR HOTELS & INDUSTRI,26.16,26.16,24.19,25.40,25.40,26.11,,25.40,,,323,8177.00,14,F1,1,,,,,
2026-10-05,2026-10-05,CM,BSE,STK,526642,INE771A01026,MIRZAINT,B,,,,,MIRZA INTERNATIONAL LTD.,28.00,28.10,27.60,27.69,27.66,27.60,,27.82,,,2378,66013.00,50,F1,1,,,,,
2026-10-05,2026-10-05,CM,BSE,STK,526650,INE305A01023,TFCILTD,A,,,,,TOURISM FINANCE CORPORATION OF,139.40,141.55,138.40,139.70,139.70,138.90,,139.67,,,2812069,391600421.00,3672,F1,1,,,,,
2026-10-05,2026-10-05,CM,BSE,STK,526666,INE828A01016,BIL,B,,,,,BHARTIYA INTERNATIONAL LTD.,999.85,1101.85,999.85,1069.25,1079.55,986.50,,1071.11,,,4387,4674910.00,169,F1,1,,,,,
2026-10-05,2026-10-05,CM,BSE,STK,526668,INE967C01018,KAMATHOTEL,B,,,,,KAMAT HOTELS (INDIA) LTD.,240.95,248.00,236.95,245.45,248.00,237.10,,245.95,,,4899,1196153.00,234,F1,1,,,,,
2026-10-05,2026-10-05,CM,BSE,STK,526675,INE008N01018,TIRTPLS,X,,,,,TIRTH PLASTIC LTD.,29.50,29.50,27.90,29.09,29.10,29.36,,29.09,,,9622,277775.00,119,F1,1,,,,,
2026-10-05,2026-10-05,CM,BSE,STK,526677,INE055C01020,KEEPLEARN,B,,,,,DSJ KEEP LEARNING LIMITED,1.72,1.87,1.72,1.82,1.87,1.87,,1.80,,,758,1383.00,11,F1,1,,,,,
2026-10-05,2026-10-05,CM,BSE,STK,526703,INE423D01010,ECOPLAST,X,,,,,ECOPLAST LTD.,489.90,500.00,455.60,498.30,499.75,470.10,,498.30,,,3699,1821836.00,93,F1,1,,,,,
2026-10-05,2026-10-05,CM,BSE,STK,526705,INE095B01010,ELEMARB,X,,,,,ELEGANT MARBLES & GRANI INDUST,176.00,176.00,169.00,169.00,169.00,172.05,,169.00,,,356,60209.00,14,F1,1,,,,,
2026-10-05,2026-10-05,CM,BSE,STK,526709,INE839A01021,BITS,X,,,,,BITS LTD.,6.43,6.70,6.25,6.29,6.47,6.60,,6.29,,,65962,424574.00,386,F1,1,,,,,
2026-10-05,2026-10-05,CM,BSE,STK,526711,INE627D01016,ADARSHPL,X,,,,,ADARSH PLANT PROTECT LTD.,26.61,26.61,23.36,23.95,23.36,25.63,,23.95,,,12463,305668.00,40,F1,1,,,,,
2026-10-05,2026-10-05,CM,BSE,STK,526717,INE136C01044,HPBL,XT,,,,,HCP PLASTENE BULKPACK LIMITED,330.25,341.10,326.10,326.10,326.10,343.25,,326.10,,,6465,2122245.00,108,F1,1,,,,,
2026-10-05,2026-10-05,CM,BSE,STK,526721,INE653C01022,NICCOPAR,B,,,,,NICCO PARKS & RESORTS LTD.,81.40,81.65,80.00,80.25,80.00,80.96,,80.18,,,288,23140.00,23,F1,1,,,,,
2026-10-05,2026-10-05,CM,BSE,STK,526723,INE920C01017,NTCIND,B,,,,,NTC INDUSTRIES LTD.,132.80,140.00,132.80,137.00,137.00,127.30,,135.98,,,423,57564.00,14,F1,1,,,,,
2026-10-05,2026-10-05,CM,BSE,STK,526725,INE583B01015,SANDESH,B,,,,,SANDESH LTD.,1007.90,1011.10,986.00,1011.05,1011.10,992.95,,1013.71,,,30,30175.00,12,F1,1,,,,,
2026-10-05,2026-10-05,CM,BSE,STK,526727,INE797D01017,GARNET,X,,,,,GARNET CONSTRUCTION LTD.,46.30,46.50,44.80,44.81,44.80,46.87,,44.81,,,8027,365502.00,53,F1,1,,,,,
2026-10-05,2026-10-05,CM,BSE,STK,526729,INE025B01025,GOLDIAM,A,,,,,GOLDIAM INTERNATIONAL LTD.,313.80,316.70,306.45,310.05,309.70,310.75,,310.00,,,52473,16401523.00,1071,F1,1,,,,,
2026-10-05,2026-10-05,CM,BSE,STK,526731,INE630D01010,BRIGHTBR,B,,,,,BRIGHT BROTHERS LTD.,240.80,245.00,227.00,227.50,227.00,240.80,,229.91,,,1435,334743.00,166,F1,1,,,,,
2026-10-05,2026-10-05,CM,BSE,STK,526739,INE869A01010,SHAWGELTIN,X,,,,,NARMADA GELATINES LTD.,447.90,447.90,430.10,439.90,437.00,438.55,,439.90,,,1556,678458.00,89,F1,1,,,,,
2026-10-05,2026-10-05,CM,BSE,STK,526747,INE078D01012,PGFOILQ,X,,,,,PG FOILS LTD.,200.00,206.90,197.00,201.30,201.05,199.50,,201.30,,,6022,1218865.00,78,F1,1,,,,,
2026-10-05,2026-10-05,CM,BSE,STK,526751,INE915E01013,GRATEXI,X,,,,,GRATEX INDUSTRIES LTD.,20.01,20.01,20.01,20.01,20.01,20.45,,20.01,,,50,1000.00,3,F1,1,,,,,
2026-10-05,2026-10-05,CM,BSE,STK,526755,INE548D01014,VELHO,X,,,,,VELAN HOTELS LTD.,7.25,7.26,6.63,7.26,7.26,6.92,,7.26,,,17121,122567.00,48,F1,1,,,,,
2026-10-05,2026-10-05,CM,BSE,STK,526761,INE931B01016,HOWARHO,X,,,,,HOWARD HOTELS LTD.,18.26,18.26,17.31,17.39,17.31,17.90,,17.39,,,1177,20776.00,12,F1,1,,,,,
2026-10-05,2026-10-05,CM,BSE,STK,526775,INE760B01019,VALIANT,B,,,,,VALIANT COMMUNICATIONS LTD.,1724.80,1724.80,1650.20,1686.25,1689.00,1686.35,,1686.25,,,16191,27204309.00,944,F1,1,,,,,
2026-10-05,2026-10-05,CM,BSE,STK,526783,INE934C01018,DRAGARWQ,B,,,,,DR.AGARWALS EYE HOSPITAL LTD.,5200.00,5246.10,5151.00,5182.10,5246.00,5181.20,,5213.82,,,243,1263849.00,59,F1,1,,,,,
2026-10-05,2026-10-05,CM,BSE,STK,526795,INE007G01014,MHSGRMS,ZP,,,,,MAHASAGAR TRAVELS LTD.,5.99,5.99,5.99,5.99,5.99,5.99,,5.99,,,100,599.00,1,F1,100,,,,,
2026-10-05,2026-10-05,CM,BSE,STK,526797,INE461C01038,GREENPLY,B,,,,,GREENPLY INDUSTRIES LTD.,298.00,314.00,298.00,308.15,307.65,303.80,,308.44,,,10559,3267237.00,533,F1,1,,,,,
2026-10-05,2026-10-05,CM,BSE,STK,526799,INE338N01019,UNQTYMI,XT,,,,,UNION QUALITY PLASTICS LTD.,14.03,14.03,14.03,14.03,14.03,14.76,,14.03,,,2,28.00,2,F1,1,,,,,
2026-10-05,2026-10-05,CM,BSE,STK,526807,INE497B01018,SEAMECLTD,B,,,,,SEAMEC LTD.,1581.90,1606.40,1553.20,1577.40,1575.00,1595.20,,1577.90,,,2531,3985897.00,245,F1,1,,,,,
2026-10-05,2026-10-05,CM,BSE,STK,526813,INE753B01014,RAGHUNAT,X,,,,,RAGHUNATH INTERNATIONAL LTD.,10.95,10.95,10.95,10.95,10.95,10.95,,10.95,,,2,21.00,1,F1,1,,,,,
2026-10-05,2026-10-05,CM,BSE,STK,526817,INE974B01016,CHEVIOT,B,,,,,CHEVIOT CO.LTD.,1165.20,1165.20,1157.10,1165.15,1165.20,1165.20,,1165.52,,,47,54723.00,27,F1,1,,,,,
2026-10-05,2026-10-05,CM,BSE,STK,526821,INE928C01010,DAICHI,T,,,,,DAI-ICHI KARKARIA LTD.,311.00,311.00,311.00,311.00,311.00,310.25,,315.00,,,1,311.00,1,F1,1,,,,,
2026-10-05,2026-10-05,CM,BSE,STK,526827,INE882D01025,SPICEISLIN,X,,,,,SPICE ISLANDS INDUSTRIES LIMIT,103.79,103.80,99.45,101.65,101.88,99.55,,101.65,,,29821,3009737.00,482,F1,1,,,,,
2026-10-05,2026-10-05,CM,BSE,STK,526829,INE552D01024,CONFIPET,B,,,,,CONFIDENCE PETROLEUM INDIA LTD,87.35,88.40,85.51,86.17,86.57,86.03,,86.18,,,56667,4923654.00,930,F1,1,,,,,
2026-10-05,2026-10-05,CM,BSE,STK,526839,INE413C01013,SIPL,X,,,,,SHELTER INFRA PROJECTS LTD.,15.50,15.88,15.01,15.15,15.15,14.86,,15.15,,,334,5285.00,12,F1,1,,,,,
2026-10-05,2026-10-05,CM,BSE,STK,526841,INE794C01016,SHAKTIPR,X,,,,,SHAKTI PRESS LTD.,8.89,9.20,8.70,8.91,8.91,9.07,,8.91,,,182835,1629978.00,588,F1,1,,,,,
2026-10-05,2026-10-05,CM,BSE,STK,526847,INE338C01012,ASHSI,X,,,,,ASHIRWAD STEELS & INDUSTRIES L,22.99,23.00,21.53,22.50,22.50,22.99,,22.50,,,247,5446.00,18,F1,1,,,,,
2026-10-05,2026-10-05,CM,BSE,STK,526849,INE655B01011,BANARBEADS,B,,,,,BANARAS BEADS LTD.,115.00,119.30,113.50,117.50,117.50,118.00,,115.04,,,67,7706.00,12,F1,1,,,,,
2026-10-05,2026-10-05,CM,BSE,STK,526851,INE480H01011,AREXMIS,X,,,,,AREX INDUSTRIES LTD.,134.40,134.40,134.00,134.35,134.35,128.00,,134.35,,,707,95003.00,11,F1,1,,,,,
2026-10-05,2026-10-05,CM,BSE,STK,526853,INE986A01012,BI,T,,,,,BILCARE LTD.,96.71,96.71,94.77,94.77,94.77,96.70,,94.77,,,1706,163743.00,20,F1,1,,,,,
2026-10-05,2026-10-05,CM,BSE,STK,526859,INE973B01026,ISFL,X,,,,,ISF LIMITED,0.74,0.74,0.68,0.68,0.68,0.74,,0.68,,,14512,10510.00,25,F1,1,,,,,
2026-10-05,2026-10-05,CM,BSE,STK,526861,INE988D01012,RISHILASE,X,,,,,RISHI LASER LTD.,141.60,147.20,141.60,143.65,145.00,145.35,,143.65,,,5432,781523.00,56,F1,1,,,,,
2026-10-05,2026-10-05,CM,BSE,STK,526865,INE966C01010,JAINCO,X,,,,,JAINCO PROJECTS (INDIA) LTD.,4.40,4.40,4.18,4.18,4.18,4.40,,4.18,,,670,2835.00,5,F1,1,,,,,
2026-10-05,2026-10-05,CM,BSE,STK,526869,INE795E01019,KUMPFIN,X,,,,,KUMBHAT FINANCIAL SERVICES LTD,23.60,23.60,21.43,21.43,21.43,22.55,,21.43,,,5591,120227.00,14,F1,1,,,,,
2026-10-05,2026-10-05,CM,BSE,STK,526871,INE017E01018,INTECCAP,X,,,,,INTEC CAPITAL LTD.,14.84,15.49,14.00,14.64,14.64,14.70,,14.64,,,1689,24501.00,35,F1,1,,,,,
2026-10-05,2026-10-05,CM,BSE,STK,526873,INE184D01026,RAJSEC,X,,,,,RAJASTHAN SECURITIES LIMITED,59.10,59.30,59.10,59.29,59.30,59.20,,59.29,,,16918,1000710.00,35,F1,1,,,,,
2026-10-05,2026-10-05,CM,BSE,STK,526881,INE111B01023,63MOONS,A,,,,,63 Moons Technologies Limited,801.80,821.00,786.65,791.55,787.00,801.80,,789.82,,,9509,7643011.00,569,F1,1,,,,,
2026-10-05,2026-10-05,CM,BSE,STK,526883,INE641B01011,SHIKHAR,XT,,,,,SHIKHAR CONSULTANTS LTD.,9.33,9.33,9.33,9.33,9.33,9.82,,9.33,,,5,46.00,1,F1,1,,,,,
2026-10-05,2026-10-05,CM,BSE,STK,526885,INE453D01025,SARLAPOLY,B,,,,,SARLA PERFORMANCE FIBERS LTD.,91.50,95.00,90.20,94.61,94.60,92.03,,95.09,,,2281,214779.00,188,F1,1,,,,,
2026-10-05,2026-10-05,CM,BSE,STK,526899,INE552B01010,HFIL,X,,,,,HIMALAYA FOOD INTERNATIONAL LI,7.76,8.19,7.76,8.07,8.06,7.90,,8.07,,,51227,415818.00,124,F1,1,,,,,
2026-10-05,2026-10-05,CM,BSE,STK,526901,INE344I01017,SONALAD,X,,,,,SONAL ADHESIVES LTD.,45.16,46.00,45.16,45.30,45.30,48.70,,45.30,,,2140,96954.00,20,F1,1,,,,,
2026-10-05,2026-10-05,CM,BSE,STK,526905,INE743D01011,PADMAIND,X,,,,,Padmanabh Industries Ltd,7.99,7.99,7.69,7.69,7.69,7.70,,7.69,,,338,2612.00,6,F1,1,,,,,
2026-10-05,2026-10-05,CM,BSE,STK,526921,INE253B01015,21STCENMGM,B,,,,,TWENTYFIRST CENTURY MANAGEMENT,37.80,38.50,37.50,38.50,38.50,37.80,,37.61,,,1052,39474.00,6,F1,1,,,,,
2026-10-05,2026-10-05,CM,BSE,STK,526931,INE400G01011,HRYNSHP,B,,,,,HARIYANA SHIP BREAKERS LTD.,95.00,102.00,94.21,95.68,96.85,98.00,,95.85,,,1093,106155.00,73,F1,1,,,,,
2026-10-05,2026-10-05,CM,BSE,STK,526935,INE377D01026,KALIND,B,,,,,Kalind Limited,4.22,4.35,4.03,4.17,4.20,4.24,,4.17,,,5122676,21086580.00,1700,F1,1,,,,,
2026-10-05,2026-10-05,CM,BSE,STK,526945,INE945B01016,TYROON,X,,,,,TYROON TEA CO.LTD.,76.60,83.78,76.60,83.77,83.77,76.60,,83.77,,,305,25350.00,6,F1,1,,,,,
2026-10-05,2026-10-05,CM,BSE,STK,526947,INE059D01020,LAOPALA,B,,,,,LA OPALA RG LTD.,158.00,159.10,154.70,154.70,154.70,155.95,,154.47,,,4544,714123.00,144,F1,1,,,,,
2026-10-05,2026-10-05,CM,BSE,STK,526951,INE239C01020,STYLAMIND,B,,,,,STYLAM INDUSTRIES LIMITED,3268.10,3340.00,3226.05,3323.85,3331.40,3194.10,,3325.17,,,1258,4120256.00,235,F1,1,,,,,
2026-10-05,2026-10-05,CM,BSE,STK,526953,INE411B01019,VENUSREM,T,,,,,VENUS REMEDIES LTD.,1870.00,1870.00,1708.00,1751.75,1783.80,1784.40,,1777.91,,,3297,5864935.00,203,F1,1,,,,,
2026-10-05,2026-10-05,CM,BSE,STK,526961,INE404B01022,LASTMILE,X,,,,,LAST MILE ENTERPRISES LIMITED,5.62,5.62,5.16,5.19,5.19,5.37,,5.19,,,1216115,6380791.00,154,F1,1,,,,,
2026-10-05,2026-10-05,CM,BSE,STK,526965,INE372D01019,GUJCRAFT,X,,,,,GUJARAT CRAFT INDUSTRIES LTD.,91.00,92.50,88.00,92.46,92.46,90.97,,92.46,,,208,18495.00,13,F1,1,,,,,
2026-10-05,2026-10-05,CM,BSE,STK,526967,INE025D01013,HEERAISP,X,,,,,HEERA ISPAT LTD.,6.30,6.30,5.99,5.99,5.99,6.30,,5.99,,,4010,24043.00,7,F1,1,,,,,
2026-10-05,2026-10-05,CM,BSE,STK,526971,INE313G01016,DHOOTIN,XT,,,,,DHOOT INDUSTRIAL FINANCE LTD.,244.95,251.25,232.40,233.50,239.80,244.60,,233.50,,,4221,1006176.00,89,F1,1,,,,,
2026-10-05,2026-10-05,CM,BSE,STK,526981,INE402H01015,SHBAJRG,B,,,,,SHRI BAJRANG ALLIANCE LIMITED,186.95,186.95,160.35,163.75,168.00,173.75,,164.75,,,2569,429026.00,109,F1,1,,,,,
2026-10-05,2026-10-05,CM,BSE,STK,526983,INE760M01016,ASHOKRE,P,,,,,ASHOKA REFINERIES LTD.,16.24,16.24,15.43,15.43,15.43,16.24,,15.43,,,1400,21764.00,3,F1,100,,,,,
2026-10-05,2026-10-05,CM,BSE,STK,526987,INE550C01020,URJA,B,,,,,URJA GLOBAL LTD.,8.53,8.86,8.53,8.58,8.55,8.65,,8.67,,,121832,1048591.00,861,F1,1,,,,,
2026-10-05,2026-10-05,CM,BSE,STK,527001,INE348A01023,ASHAPURMIN,A,,,,,ASHAPURA MINECHEM LTD.,490.85,501.20,486.80,491.45,493.70,489.95,,490.89,,,12639,6223464.00,583,F1,1,,,,,
2026-10-05,2026-10-05,CM,BSE,STK,527005,INE847D01010,SHREEPAC,X,,,,,SHREE PACETRONIX LTD.,191.95,191.95,175.20,184.90,187.80,185.00,,184.90,,,2784,508865.00,55,F1,1,,,,,
2026-10-05,2026-10-05,CM,BSE,STK,530001,INE186A01019,GUJALKALI,B,,,,,GUJARAT ALKALIES & CHEMICALS L,606.60,614.90,599.35,605.00,604.35,604.25,,606.33,,,4684,2834826.00,347,F1,1,,,,,
2026-10-05,2026-10-05,CM,BSE,STK,530005,INE383A01012,INDIACEM,A,,,,,INDIA CEMENTS LTD.,287.60,301.50,287.60,299.30,299.30,295.30,,299.07,,,14111,4183494.00,656,F1,1,,,,,
2026-10-05,2026-10-05,CM,BSE,STK,530007,INE573A01042,JKTYRE,A,,,,,JK TYRE & INDUSTRIES LTD.,335.10,345.90,335.10,339.55,339.85,340.35,,338.92,,,44543,15188827.00,1569,F1,1,,,,,
2026-10-05,2026-10-05,CM,BSE,STK,530017,INE173A01025,SIL,B,,,,,STANDARD INDUSTRIES LTD.,16.45,16.45,15.81,15.92,16.13,15.95,,15.94,,,10419,167353.00,98,F1,1,,,,,
2026-10-05,2026-10-05,CM,BSE,STK,530019,INE700A01033,JUBLPHARMA,A,,,,,JUBILANT PHARMOVA LIMITED,995.70,1009.30,972.05,980.50,973.00,1000.65,,981.57,,,9005,8879540.00,696,F1,1,,,,,
2026-10-05,2026-10-05,CM,BSE,STK,530023,INE924D01017,THEINVEST,B,,,,,THE INVESTMENT TRUST OF INDIA,89.10,91.45,89.10,90.26,90.25,91.67,,90.11,,,793,71223.00,37,F1,1,,,,,
2026-10-05,2026-10-05,CM,BSE,STK,530025,INE607G01011,SAMYAKINT,X,,,,,SAMYAK INTERNATIONAL LTD.,21.99,22.00,21.00,21.32,21.00,21.65,,21.32,,,1528,33320.00,24,F1,1,,,,,
2026-10-05,2026-10-05,CM,BSE,STK,530027,INE563D01013,AADIIND,X,,,,,AADI INDUSTRIES LTD.,7.17,7.17,6.82,7.00,7.00,7.17,,7.00,,,4321,30146.00,12,F1,1,,,,,
2026-10-05,2026-10-05,CM,BSE,STK,530037,INE618F01010,SPARKLEGR,X,,,,,SPARKLE GOLD ROCK LIMITED,63.01,73.50,63.01,71.04,72.50,65.94,,71.04,,,7423,510458.00,80,F1,1,,,,,
2026-10-05,2026-10-05,CM,BSE,STK,530043,INE326C01017,ACKNIT,X,,,,,ACKNIT INDUSTRIES LTD.,305.00,305.00,304.95,304.95,304.95,304.95,,304.95,,,438,133587.00,6,F1,1,,,,,
2026-10-05,2026-10-05,CM,BSE,STK,530045,INE090D01017,TITANSEC,X,,,,,TITAN SECURITIES LTD.,38.28,39.00,37.01,37.55,37.03,38.47,,37.55,,,31530,1203289.00,152,F1,1,,,,,
2026-10-05,2026-10-05,CM,BSE,STK,530053,INE055E01034,REALECO,X,,,,,REAL ECO-ENERGY LIMITED,4.51,4.51,4.40,4.47,4.47,4.50,,4.47,,,2469,11095.00,41,F1,1,,,,,
2026-10-05,2026-10-05,CM,BSE,STK,530055,INE264N01017,HRMNYCP,XT,,,,,HARMONY CAPITAL SERVICES LTD.,107.80,107.80,107.80,107.80,107.80,107.80,,107.80,,,1,107.00,1,F1,1,,,,,
2026-10-05,2026-10-05,CM,BSE,STK,530057,INE984E01035,VIVANZA,X,,,,,Vivanza Biosciences Limited,1.70,1.70,1.69,1.69,1.69,1.70,,1.69,,,6762,11477.00,30,F1,1,,,,,
2026-10-05,2026-10-05,CM,BSE,STK,530063,INE095C01018,YASHRAJC,XT,,,,,YASHRAJ CONTAINEURS LTD.,4.11,4.29,4.11,4.29,4.29,4.11,,4.29,,,879,3649.00,18,F1,1,,,,,
2026-10-05,2026-10-05,CM,BSE,STK,530065,INE689J01013,LORDSHOTL,X,,,,,LORDS ISHWAR HOTELS LIMITED,14.47,14.47,14.47,14.47,14.47,14.47,,14.47,,,4,57.00,1,F1,1,,,,,
2026-10-05,2026-10-05,CM,BSE,STK,530067,INE718F01018,CSLFINANCE,B,,,,,CSL Finance Limited,206.25,212.00,206.00,206.35,207.30,207.40,,209.77,,,510,106280.00,46,F1,1,,,,,
2026-10-05,2026-10-05,CM,BSE,STK,530073,INE989A01032,SANGHVIMOV,B,,,,,SANGHVI MOVERS LTD.,435.00,442.50,406.00,411.95,413.00,429.10,,409.96,,,13003,5494128.00,665,F1,1,,,,,
2026-10-05,2026-10-05,CM,BSE,STK,530075,INE818A01017,ANTELOPUS,B,,,,,Antelopus Selan Energy Limited,1090.05,1140.55,1090.05,1101.50,1100.00,1107.00,,1103.33,,,38477,42920767.00,1186,F1,1,,,,,
2026-10-05,2026-10-05,CM,BSE,STK,530077,INE795D01011,PURETROP,X,,,,,PURETROP FRUITS LIMITED,183.00,183.00,168.45,176.15,175.00,182.00,,176.15,,,5832,1027546.00,133,F1,1,,,,,
2026-10-05,2026-10-05,CM,BSE,STK,530079,INE963C01033,FAZE3Q,B,,,,,FAZE THREE LTD.,431.90,436.90,420.00,427.20,426.55,433.65,,425.27,,,1451,620835.00,138,F1,1,,,,,
2026-10-05,2026-10-05,CM,BSE,STK,530109,INE069B01023,ANUPAM,X,,,,,ANUPAM FINSERV LIMITED,1.62,1.68,1.56,1.62,1.63,1.63,,1.62,,,224609,361837.00,211,F1,1,,,,,
2026-10-05,2026-10-05,CM,BSE,STK,530111,INE639C01013,RAJPACK,X,,,,,RAJ PACKAGING INDUSTRIES LTD.,34.95,34.95,30.55,31.87,31.50,33.64,,31.87,,,3575,114737.00,31,F1,1,,,,,
2026-10-05,2026-10-05,CM,BSE,STK,530117,INE959A01019,PRIVISCL,A,,,,,PRIVI SPECIALITY CHEMICALS LIM,3570.40,3584.70,3421.85,3444.55,3436.55,3570.35,,3442.30,,,9824,34216251.00,1615,F1,1,,,,,
2026-10-05,2026-10-05,CM,BSE,STK,530119,INE444D01016,NATRAJPR,X,,,,,NATRAJ PROTEINS LTD.,41.00,41.00,36.21,36.47,36.21,38.30,,36.47,,,1194,47263.00,14,F1,1,,,,,
2026-10-05,2026-10-05,CM,BSE,STK,530125,INE103E01016,SAMRATPH,X,,,,,SAMRAT PHARMACHEM LTD.,236.50,244.00,231.10,240.40,240.65,232.85,,240.40,,,505,119814.00,38,F1,1,,,,,
2026-10-05,2026-10-05,CM,BSE,STK,530129,INE445D01013,NILE,B,,,,,NILE LTD.,1274.95,1281.55,1215.00,1231.70,1215.30,1246.00,,1227.81,,,1289,1615721.00,252,F1,1,,,,,
2026-10-05,2026-10-05,CM,BSE,STK,530133,INE924B01011,AMCOIND,X,,,,,AMCO INDIA LTD.,65.25,67.00,65.25,66.99,66.99,66.58,,66.99,,,1379,91851.00,9,F1,1,,,,,
2026-10-05,2026-10-05,CM,BSE,STK,530135,INE350C01017,OPTIEMUS,B,,,,,OPTIEMUS INFRACOM LTD,810.85,833.00,782.90,786.10,786.10,806.50,,786.20,,,23055,18793656.00,1130,F1,1,,,,,
2026-10-05,2026-10-05,CM,BSE,STK,530139,INE302C01018,KREONFIN,XT,,,,,KREON FINNANCIAL SERVICES LTD.,87.99,87.99,81.60,85.35,85.37,84.99,,85.35,,,2469,205138.00,23,F1,1,,,,,
2026-10-05,2026-10-05,CM,BSE,STK,530141,INE487G01018,GYANDEV,X,,,,,GYAN DEVELOPERS & BUILDERS LTD,53.50,53.50,50.90,53.50,53.50,53.50,,53.50,,,84,4364.00,5,F1,1,,,,,
2026-10-05,2026-10-05,CM,BSE,STK,530145,INE017C01012,KISAN,XT,,,,,KISAN MOULDINGS LTD.,21.70,21.98,20.55,21.35,21.67,21.60,,21.35,,,69176,1459462.00,129,F1,1,,,,,
2026-10-05,2026-10-05,CM,BSE,STK,530151,INE256G01033,VIJAYTX,Z,,,,,VIJAY TEXTILES LTD.,4.15,4.15,3.77,3.96,4.15,3.96,,3.96,,,2505,10172.00,21,F1,1,,,,,
2026-10-05,2026-10-05,CM,BSE,STK,530163,INE817B01025,KERALAYUR,X,,,,,KERALA AYURVEDA LTD.,149.95,154.25,145.25,146.65,147.75,146.95,,146.65,,,6986,1045937.00,151,F1,1,,,,,
2026-10-05,2026-10-05,CM,BSE,STK,530169,INE388C01017,MOHITPPR,X,,,,,MOHIT PAPER MILLS LTD.,26.30,26.30,24.00,25.78,25.99,26.04,,25.78,,,954,24018.00,41,F1,1,,,,,
2026-10-05,2026-10-05,CM,BSE,STK,530171,INE108C01019,DAULAT,X,,,,,DAULAT SECURITIES LTD.,30.48,30.63,29.10,29.85,29.85,30.48,,29.85,,,206,6225.00,6,F1,1,,,,,
2026-10-05,2026-10-05,CM,BSE,STK,530173,INE473F01010,OSCARGLO,XT,,,,,OSCAR GLOBAL LTD.,22.68,22.68,22.68,22.68,22.68,22.68,,22.68,,,521,11816.00,4,F1,1,,,,,
2026-10-05,2026-10-05,CM,BSE,STK,530175,INE213B01019,ODYSSEY,X,,,,,ODYSSEY TECHNOLOGIES LTD.,42.44,43.90,39.50,42.65,42.99,39.44,,42.65,,,11161,475856.00,82,F1,1,,,,,
2026-10-05,2026-10-05,CM,BSE,STK,530177,INE758B01013,VKGLOBAL,XT,,,,,VK Global Industries Limited,34.00,34.00,32.30,32.30,32.30,34.00,,32.30,,,293,9958.00,5,F1,1,,,,,
2026-10-05,2026-10-05,CM,BSE,STK,530179,INE015F01019,RSCINT,XT,,,,,RSC INTERNATIONAL LTD.,101.95,106.05,101.95,106.05,106.05,104.00,,106.05,,,13777,1411412.00,44,F1,1,,,,,
2026-10-05,2026-10-05,CM,BSE,STK,530185,INE936A01025,SURATRAML,X,,,,,Surat Trade and Mercantile Lim,4.50,4.65,4.50,4.51,4.50,4.54,,4.51,,,25042,113713.00,212,F1,1,,,,,
2026-10-05,2026-10-05,CM,BSE,STK,530187,INE354E01031,ATHARVENT,XT,,,,,ATHARV ENTERPRISES LTD.,4.86,4.86,4.86,4.86,4.86,4.86,,4.86,,,5156,25058.00,15,F1,1,,,,,
2026-10-05,2026-10-05,CM,BSE,STK,530197,INE365H01014,FUNDVISER,X,,,,,FUNDVISER CAPITAL (INDIA) LIMI,435.20,435.20,435.20,435.20,435.20,435.20,,435.20,,,170,73984.00,7,F1,1,,,,,
2026-10-05,2026-10-05,CM,BSE,STK,530199,INE083B01024,THEMISMED,B,,,,,THEMIS MEDICARE LTD.,114.10,114.20,111.50,112.20,112.25,114.10,,112.87,,,2348,263956.00,92,F1,1,,,,,
2026-10-05,2026-10-05,CM,BSE,STK,530201,INE629F01025,KALLAM,XT,,,,,KALLAM TEXTILES LTD,2.03,2.07,2.01,2.03,2.03,2.01,,2.03,,,9638,19591.00,21,F1,1,,,,,
2026-10-05,2026-10-05,CM,BSE,STK,530207,INE899B01015,BRAWN,X,,,,,BRAWN BIOTECH LTD.,24.65,24.65,23.37,24.50,24.50,24.60,,24.50,,,711,16895.00,12,F1,1,,,,,
2026-10-05,2026-10-05,CM,BSE,STK,530213,INE501D01013,FORINTL,X,,,,,FORTUNE INTERNATIONAL LTD.,76.53,76.53,76.53,76.53,76.53,78.50,,76.53,,,128,9795.00,4,F1,1,,,,,
2026-10-05,2026-10-05,CM,BSE,STK,530215,INE050N01010,KINGSINFR,X,,,,,KINGS INFRA VENTURES LIMITED,73.55,73.55,70.60,70.61,70.60,71.00,,70.61,,,9070,650299.00,85,F1,1,,,,,
2026-10-05,2026-10-05,CM,BSE,STK,530217,INE295B01016,SWOJAS,X,,,,,SWOJAS FOODS LIMITED,7.17,7.34,7.08,7.34,7.34,7.03,,7.34,,,2945,21455.00,25,F1,1,,,,,
2026-10-05,2026-10-05,CM,BSE,STK,530231,INE690D01014,SUBSM,X,,,,,SUBHASH SILK MILLS LTD.,48.00,48.00,47.00,47.00,47.00,49.00,,47.00,,,112,5367.00,4,F1,1,,,,,
2026-10-05,2026-10-05,CM,BSE,STK,530233,INE292C01011,AUROLAB,X,,,,,AURO LABORATORIES LTD.,243.55,243.55,226.50,230.85,230.85,243.80,,230.85,,,2135,494955.00,82,F1,1,,,,,
2026-10-05,2026-10-05,CM,BSE,STK,530235,INE533C01018,KJMCFIN,B,,,,,KJMC FINANCIAL SERVICES LTD.,57.48,60.00,57.48,60.00,60.00,60.50,,58.25,,,116,6856.00,6,F1,1,,,,,
2026-10-05,2026-10-05,CM,BSE,STK,530239,INE495B01038,SUVEN,B,,,,,SUVEN LIFE SCIENCES LTD.,310.30,314.00,305.05,306.10,306.10,308.50,,306.28,,,27240,8372301.00,869,F1,1,,,,,
2026-10-05,2026-10-05,CM,BSE,STK,530245,INE032E01017,ARYAMAN,B,,,,,ARYAMAN FINANCIAL SERVICES LTD,630.00,630.00,630.00,630.00,630.00,630.00,,630.00,,,4,2520.00,2,F1,1,,,,,
2026-10-05,2026-10-05,CM,BSE,STK,530249,INE958C01025,BRIDGESE,X,,,,,BRIDGE SECURITIES LTD.,7.90,8.32,7.55,7.66,7.66,7.94,,7.66,,,446350,3467642.00,519,F1,1,,,,,
2026-10-05,2026-10-05,CM,BSE,STK,530251,INE001O01029,RISAINTL,X,,,,,RISA INTERNATIONAL LTD.,0.47,0.47,0.43,0.43,0.43,0.44,,0.43,,,128136,58177.00,38,F1,1,,,,,
2026-10-05,2026-10-05,CM,BSE,STK,530253,INE497E01020,RAJTUBE,X,,,,,RAJASTHAN TUBE MANUFACTURING C,8.90,9.30,7.99,8.70,8.70,8.61,,8.70,,,81937,704586.00,148,F1,1,,,,,
2026-10-05,2026-10-05,CM,BSE,STK,530255,INE961B01013,KAYPOWR,X,,,,,KAY POWER AND PAPER LTD.,9.88,10.30,9.59,10.09,10.10,9.76,,10.09,,,10119,100851.00,44,F1,1,,,,,
2026-10-05,2026-10-05,CM,BSE,STK,530259,INE003B01014,INTSTOIL,XT,,,,,INTER STATE OIL CARRIER LTD.,51.90,52.30,49.00,50.89,50.89,51.50,,50.89,,,835,43064.00,17,F1,1,,,,,
2026-10-05,2026-10-05,CM,BSE,STK,530263,INE062C01042,GLOBALCA,X,,,,,GLOBAL CAPITAL MARKETS LTD.,0.45,0.47,0.45,0.46,0.46,0.46,,0.46,,,88974,40701.00,107,F1,1,,,,,
2026-10-05,2026-10-05,CM,BSE,STK,530265,INE584B01013,SAINIK,X,,,,,SAINIK FINANCE & INDUSTRIES LT,38.85,40.00,38.50,39.53,38.80,38.79,,39.53,,,1000,38693.00,15,F1,1,,,,,
2026-10-05,2026-10-05,CM,BSE,STK,530267,INE021N01011,ARIGATO,X,,,,,ARIGATO UNIVERSE LIMITED,36.83,36.83,36.83,36.83,36.83,35.08,,36.83,,,45,1657.00,1,F1,1,,,,,
2026-10-05,2026-10-05,CM,BSE,STK,530271,INE652D01014,RICHUNV,X,,,,,RICH UNIVERSE NETWORK LTD.,10.72,10.72,10.66,10.66,10.66,10.30,,10.66,,,118,1264.00,5,F1,1,,,,,
2026-10-05,2026-10-05,CM,BSE,STK,530281,INE373C01019,QUANTDIA,XT,,,,,QUANTUM DIGITAL VISION (INDIA),43.83,45.10,42.97,45.10,45.10,42.97,,45.10,,,1997,89111.00,31,F1,1,,,,,
2026-10-05,2026-10-05,CM,BSE,STK,530289,INE102F01015,SPCAPIT,X,,,,,SP CAPITAL FINANCING LTD.,53.10,54.45,53.10,54.45,54.45,54.47,,54.45,,,74,3998.00,9,F1,1,,,,,
2026-10-05,2026-10-05,CM,BSE,STK,530299,INE823A01017,KOTHARIPRO,B,,,,,KOTHARI PRODUCTS LTD.,64.00,64.70,63.50,63.50,63.50,64.17,,63.44,,,180,11583.00,9,F1,1,,,,,
2026-10-05,2026-10-05,CM,BSE,STK,530305,INE546C01010,PICCADIL,B,,,,,PICCADILY AGRO INDUSTRIES LTD.,582.00,594.50,579.80,588.70,589.00,580.90,,588.46,,,8842,5177484.00,474,F1,1,,,,,
2026-10-05,2026-10-05,CM,BSE,STK,530307,INE419D01026,CLSEL,B,,,,,CHAMAN LAL SETIA EXPORTS LIMIT,283.45,284.00,277.25,282.60,283.85,282.40,,283.07,,,2945,828967.00,145,F1,1,,,,,
2026-10-05,2026-10-05,CM,BSE,STK,530309,INE368D01025,CHANDRAP,X,,,,,CHANDRA PRABHU INTERNATIONAL L,10.36,10.36,9.60,10.02,10.02,10.26,,10.02,,,3751,37751.00,37,F1,1,,,,,
2026-10-05,2026-10-05,CM,BSE,STK,530313,INE285U01025,KIMIABL,X,,,,,KIMIA BIOSCIENCES LIMITED,31.00,32.00,31.00,31.99,32.00,31.00,,31.99,,,5287,167905.00,35,F1,1,,,,,
2026-10-05,2026-10-05,CM,BSE,STK,530315,INE428D01019,HINDTIN,X,,,,,HINDUSTAN TIN WORKS LTD.,111.75,115.45,110.50,113.20,113.25,110.10,,113.20,,,2547,287014.00,71,F1,1,,,,,
2026-10-05,2026-10-05,CM,BSE,STK,530317,INE362C01012,GODAVARI,X,,,,,GODAVARI DRUGS LTD.,120.55,121.90,116.20,116.70,116.20,118.05,,116.70,,,2472,289922.00,54,F1,1,,,,,
2026-10-05,2026-10-05,CM,BSE,STK,530331,INE001E01012,PREMCO,B,,,,,PREMCO GLOBAL LTD.,408.00,408.00,393.30,393.80,393.30,395.00,,394.71,,,43,17382.00,8,F1,1,,,,,
2026-10-05,2026-10-05,CM,BSE,STK,530343,INE955D01029,GENUSPOWER,A,,,,,GENUS POWER INFRASTRUCTURES LT,281.80,285.60,277.20,280.20,280.35,280.00,,280.25,,,83272,23469672.00,1362,F1,1,,,,,
2026-10-05,2026-10-05,CM,BSE,STK,530355,INE276G01015,ASIANENE,B,,,,,ASIAN ENERGY SERVICES LTD,476.05,479.40,457.00,458.45,460.55,465.75,,458.64,,,11284,5257316.00,428,F1,1,,,,,
2026-10-05,2026-10-05,CM,BSE,STK,530357,INE883D01023,KBSINDIA,X,,,,,KBS INDIA LIMITED,1.26,1.37,1.26,1.31,1.31,1.28,,1.31,,,62983,83583.00,140,F1,1,,,,,
2026-10-05,2026-10-05,CM,BSE,STK,530361,INE428P01013,PRABHHANS,XT,,,,,PRABHHANS INDUSTRIES LIMITED,59.49,59.49,59.49,59.49,59.49,56.66,,59.49,,,13923,828279.00,19,F1,1,,,,,
2026-10-05,2026-10-05,CM,BSE,STK,530363,INE071E01023,UGARSUGAR,T,,,,,UGAR SUGAR WORKS LTD.,56.03,58.32,56.00,58.32,58.32,55.55,,58.84,,,8919,517352.00,71,F1,1,,,,,
2026-10-05,2026-10-05,CM,BSE,STK,530365,INE607D01018,ORIENTBELL,B,,,,,ORIENT BELL LIMITED,404.00,428.00,402.00,414.40,421.50,400.10,,416.85,,,4365,1813162.00,420,F1,1,,,,,
2026-10-05,2026-10-05,CM,BSE,STK,530367,INE349A01021,NRBBEARING,B,,,,,NRB BEARINGS LTD.,549.30,555.55,533.00,536.15,535.90,543.65,,535.74,,,41754,22657457.00,1344,F1,1,,,,,
2026-10-05,2026-10-05,CM,BSE,STK,530369,INE380C01014,VAMSHIRU,X,,,,,VAMSHI RUBBER LTD.,39.39,39.39,36.01,38.45,38.45,39.00,,38.45,,,199,7598.00,18,F1,1,,,,,
2026-10-05,2026-10-05,CM,BSE,STK,530377,INE937C01029,NILAINFRA,B,,,,,NILA INFRASTRUCTURES LTD.,6.70,6.90,6.61,6.80,6.80,6.64,,6.72,,,36321,245540.00,144,F1,1,,,,,
2026-10-05,2026-10-05,CM,BSE,STK,530393,INE921B01025,DBSTOCKBRO,T,,,,,DB (INTERNATIONAL) STOCK BROKE,30.87,32.97,30.87,31.75,31.75,31.50,,31.75,,,626,19495.00,7,F1,1,,,,,
2026-10-05,2026-10-05,CM,BSE,STK,530401,INE526H01011,VINYOFL,X,,,,,VINYOFLEX LTD.,50.52,50.52,47.25,48.60,48.60,51.55,,48.60,,,576,28134.00,24,F1,1,,,,,
2026-10-05,2026-10-05,CM,BSE,STK,530405,INE356F01017,JINDCAP,X,,,,,JINDAL CAPITAL LTD.,34.45,34.45,30.38,32.31,33.99,33.27,,32.31,,,722,24414.00,36,F1,1,,,,,
2026-10-05,2026-10-05,CM,BSE,STK,530407,INE932F01015,EPIC,X,,,,,EPIC ENERGY LTD.,33.00,34.40,32.39,32.99,32.99,32.39,,32.99,,,1419,47310.00,39,F1,1,,,,,
2026-10-05,2026-10-05,CM,BSE,STK,530419,INE886B01012,SUMEDHA,B,,,,,SUMEDHA FISCAL SERVICES LTD.,42.00,43.50,40.85,43.42,43.42,43.40,,42.07,,,770,31998.00,35,F1,1,,,,,
2026-10-05,2026-10-05,CM,BSE,STK,530421,INE430F01010,KUWERIN,X,,,,,KUWER INDUSTRIES LTD.,10.00,10.75,9.81,10.35,10.35,9.92,,10.35,,,33752,351675.00,44,F1,1,,,,,
2026-10-05,2026-10-05,CM,BSE,STK,530427,INE865B01016,CHOKSI,X,,,,,CHOKSI ASIA LIMITED,204.05,209.95,201.00,202.40,202.00,205.05,,202.40,,,108,21948.00,5,F1,1,,,,,
2026-10-05,2026-10-05,CM,BSE,STK,530429,INE831C01016,ASHISHPO,X,,,,,ASHISH POLYPLAST LTD.,31.00,31.00,26.35,28.82,28.82,28.00,,28.82,,,634,17680.00,20,F1,1,,,,,
2026-10-05,2026-10-05,CM,BSE,STK,530439,INE140C01012,SIDDHA,X,,,,,SIDDHA VENTURES LTD.,4.38,4.38,4.30,4.30,4.30,4.39,,4.30,,,2380,10261.00,12,F1,1,,,,,
2026-10-05,2026-10-05,CM,BSE,STK,530443,INE293D01017,KIRANSY-B,X,,,,,KIRAN SYNTEX LTD.,14.50,14.50,14.50,14.50,14.50,14.80,,14.50,,,10,145.00,1,F1,1,,,,,
2026-10-05,2026-10-05,CM,BSE,STK,530445,INE764B01029,SUMERUIND,X,,,,,SUMERU INDUSTRIES LTD.,1.33,1.45,1.33,1.44,1.44,1.34,,1.44,,,8462,11344.00,49,F1,1,,,,,
2026-10-05,2026-10-05,CM,BSE,STK,530449,INE347C01013,RUNGTAIR,X,,,,,RUNGTA IRRIGATION LTD.,49.88,50.49,49.87,50.48,50.48,49.89,,50.48,,,155,7733.00,8,F1,1,,,,,
2026-10-05,2026-10-05,CM,BSE,STK,530457,INE959B01017,GTTDATA,X,,,,,GTT DATA SOLUTIONS LIMITED,35.00,36.50,34.00,34.69,35.15,34.26,,34.69,,,17724,623535.00,120,F1,1,,,,,
2026-10-05,2026-10-05,CM,BSE,STK,530459,INE808A01018,VALSONQ,XT,,,,,VALSON INDUSTRIES LTD.,41.16,41.50,41.00,41.00,41.00,42.00,,41.00,,,12,493.00,3,F1,1,,,,,
2026-10-05,2026-10-05,CM,BSE,STK,530461,INE440C01016,SABOOSOD,X,,,,,SABOO SODIUM CHLORO LTD.,11.42,12.25,11.42,11.87,11.87,11.61,,11.87,,,22836,269234.00,91,F1,1,,,,,
2026-10-05,2026-10-05,CM,BSE,STK,530469,INE721D01017,GSLSEC,XT,,,,,GSL SECURITIES LTD.,64.68,64.68,64.68,64.68,64.68,61.60,,64.68,,,1090,70501.00,4,F1,1,,,,,
2026-10-05,2026-10-05,CM,BSE,STK,530475,INE015C01016,TINNARUBR,B,,,,,TINNA RUBBER AND INFRASTRUCTUR,942.00,951.85,919.45,927.50,928.05,939.85,,930.08,,,3280,3049106.00,325,F1,1,,,,,
2026-10-05,2026-10-05,CM,BSE,STK,530477,INE337E01010,VIKRAMTH,X,,,,,VIKRAM THERMO (INDIA) LTD.,410.00,428.75,385.60,401.85,404.65,405.90,,401.85,,,21950,8974890.00,851,F1,1,,,,,
2026-10-05,2026-10-05,CM,BSE,STK,530495,INE473C01025,STRATMONT,X,,,,,STRATMONT INDUSTRIES LIMITED,55.77,55.77,53.35,53.66,55.30,56.05,,53.66,,,576,31749.00,14,F1,1,,,,,
2026-10-05,2026-10-05,CM,BSE,STK,530499,INE701G01012,AKCAPIT,B,,,,,A.K.CAPITAL SERVICES LTD.,1691.30,1740.00,1681.30,1740.00,1740.00,1687.65,,1746.70,,,502,873372.00,17,F1,1,,,,,
2026-10-05,2026-10-05,CM,BSE,STK,530517,INE131B01039,RELAXO,A,,,,,RELAXO FOOTWEARS LTD.,284.10,288.25,281.00,281.65,283.50,285.75,,281.90,,,16739,4755796.00,1305,F1,1,,,,,
2026-10-05,2026-10-05,CM,BSE,STK,530521,INE467D01017,VIRAT,B,,,,,VIRAT INDUSTRIES LTD.,336.55,345.65,336.55,339.00,339.00,333.70,,344.79,,,156,53131.00,11,F1,1,,,,,
2026-10-05,2026-10-05,CM,BSE,STK,530525,INE786J01033,RRETAIL,XT,,,,,RAJNISH RETAIL LIMITED,2.00,2.10,2.00,2.01,2.00,2.08,,2.01,,,119425,241612.00,152,F1,1,,,,,
2026-10-05,2026-10-05,CM,BSE,STK,530533,INE390D01011,TERAI,B,,,,,TERAI TEA CO.LTD.,130.00,130.00,130.00,130.00,130.00,116.00,,123.00,,,1,130.00,1,F1,1,,,,,
2026-10-05,2026-10-05,CM,BSE,STK,530545,INE949B01018,COSCO,X,,,,,COSCO (INDIA) LTD.,178.05,184.50,178.05,184.00,184.00,178.95,,184.00,,,72,13202.00,13,F1,1,,,,,
2026-10-05,2026-10-05,CM,BSE,STK,530547,INE395E01018,KENFIN,X,,,,,KEN FINANCIAL SERVICES LTD.,14.25,15.65,14.25,15.65,15.65,15.00,,15.65,,,69,990.00,4,F1,1,,,,,
2026-10-05,2026-10-05,CM,BSE,STK,530549,INE790G01031,SHILPAMED,A,,,,,SHILPA MEDICARE LTD.,1080.05,1080.05,1020.00,1030.80,1031.85,1063.65,,1031.20,,,27771,29172308.00,1726,F1,1,,,,,
2026-10-05,2026-10-05,CM,BSE,STK,530555,INE074B01023,PARACABLES,B,,,,,PARAMOUNT COMMUNICATIONS LTD.,59.00,59.00,55.54,56.02,55.80,56.49,,56.07,,,57448,3238195.00,427,F1,1,,,,,
2026-10-05,2026-10-05,CM,BSE,STK,530557,INE132F01038,NCLRESE,XT,,,,,NCL RESEARCH & FINANCIAL SERVI,0.71,0.74,0.69,0.74,0.74,0.72,,0.74,,,6583453,4846936.00,850,F1,1,,,,,
2026-10-05,2026-10-05,CM,BSE,STK,530571,INE335G01019,EXPLICITFIN,X,,,,,EXPLICIT FINANCE LTD.,7.72,7.72,7.72,7.72,7.72,7.72,,7.72,,,500,3860.00,1,F1,1,,,,,
2026-10-05,2026-10-05,CM,BSE,STK,530577,INE519D01015,LADDERUP,T,,,,,LADDERUP FINANCE LTD.,49.12,52.45,48.40,52.39,52.39,50.38,,52.28,,,126,6156.00,9,F1,1,,,,,
2026-10-05,2026-10-05,CM,BSE,STK,530579,INE152C01025,UYFINCORP,T,,,,,U. Y. FINCORP LIMITED,23.29,24.11,22.56,23.89,23.98,22.97,,23.94,,,120729,2880282.00,246,F1,1,,,,,
2026-10-05,2026-10-05,CM,BSE,STK,530581,INE906L01025,EKAMLEA,XT,,,,,EKAM LEASING & FINANCE CO.LTD.,6.50,6.50,6.50,6.50,6.50,6.50,,6.50,,,100,650.00,2,F1,1,,,,,
2026-10-05,2026-10-05,CM,BSE,STK,530585,INE691C01022,SWASTIKA,XT,,,,,SWASTIKA INVESTMART LIMITED,141.00,146.00,141.00,142.25,142.40,146.00,,142.25,,,9411,1340362.00,47,F1,1,,,,,
2026-10-05,2026-10-05,CM,BSE,STK,530589,INE573B01016,PRIMAPLA,X,,,,,PRIMA PLASTICS LTD.,137.80,138.00,134.00,134.05,134.05,137.80,,134.05,,,1270,173180.00,20,F1,1,,,,,
2026-10-05,2026-10-05,CM,BSE,STK,530595,INE381G01013,TELECANOR,XT,,,,,TELECANOR GLOBAL LTD.,14.32,15.76,14.32,14.32,14.32,15.07,,14.32,,,14911,216510.00,79,F1,1,,,,,
2026-10-05,2026-10-05,CM,BSE,STK,530609,INE081B01028,CARNATIN,XT,,,,,CARNATION INDUSTRIES LTD.,98.05,103.15,98.05,103.15,103.15,103.17,,103.15,,,2732,268739.00,20,F1,1,,,,,
2026-10-05,2026-10-05,CM,BSE,STK,530611,INE134F01026,STURDY,Z,,,,,STURDY INDUSTRIES LTD.,0.21,0.22,0.20,0.21,0.21,0.21,,0.21,,,69983,14702.00,77,F1,1,,,,,
2026-10-05,2026-10-05,CM,BSE,STK,530615,INE194E01015,GARGFUR,XT,,,,,GARG FURNACE LTD.,228.00,230.00,218.65,219.40,224.30,230.15,,219.40,,,10652,2341212.00,198,F1,1,,,,,
2026-10-05,2026-10-05,CM,BSE,STK,530617,INE375C01022,SAMPRE,X,,,,,SAMPRE NUTRITIONS LTD.,6.14,6.15,5.89,6.08,6.15,5.86,,6.08,,,520658,3179353.00,511,F1,1,,,,,
2026-10-05,2026-10-05,CM,BSE,STK,530621,INE864E01021,AAIL,XT,,,,,Akar Auto Industries Limited,85.50,87.57,84.63,87.54,87.54,85.46,,87.54,,,1388,119319.00,12,F1,1,,,,,
2026-10-05,2026-10-05,CM,BSE,STK,530627,INE834D01018,VIPULORG,X,,,,,Vipul Organics Limited,266.00,266.00,255.00,257.25,256.10,259.75,,257.25,,,8014,2076530.00,106,F1,1,,,,,
2026-10-05,2026-10-05,CM,BSE,STK,530643,INE316A01038,ECORECO,B,,,,,ECO RECYCLING LTD.,386.20,431.85,386.05,429.00,431.00,392.70,,427.93,,,7830,3205981.00,554,F1,1,,,,,
2026-10-05,2026-10-05,CM,BSE,STK,530655,INE127I01024,GOODLUCK,B,,,,,Goodluck India Limited,501.80,501.80,479.00,482.10,481.00,499.35,,482.00,,,19853,9603665.00,1041,F1,1,,,,,
2026-10-05,2026-10-05,CM,BSE,STK,530663,INE912B01032,GOYALASS,X,,,,,GOYAL ASSOCIATES LTD.,1.03,1.13,1.03,1.11,1.11,1.02,,1.11,,,67705,72521.00,41,F1,1,,,,,
2026-10-05,2026-10-05,CM,BSE,STK,530665,INE812B01026,ZENITHHE,X,,,,,ZENITH HEALTH CARE LTD.,3.18,3.18,3.08,3.17,3.17,3.15,,3.17,,,13912,43266.00,119,F1,1,,,,,
2026-10-05,2026-10-05,CM,BSE,STK,530669,INE035401020,ACEENGITEC,XT,,,,,ACE ENGITECH LIMITED,92.15,92.15,92.15,92.15,92.15,92.15,,92.15,,,1,92.00,1,F1,1,,,,,
2026-10-05,2026-10-05,CM,BSE,STK,530675,INE057Q01018,YORKEXP,X,,,,,YORK EXPORTS LTD.,60.16,60.16,57.50,57.50,57.50,60.46,,57.50,,,33,1982.00,3,F1,1,,,,,
2026-10-05,2026-10-05,CM,BSE,STK,530677,INE822E01011,SUPREME,B,,,,,SUPREME HOLDINGS & HOSPITALITY,36.00,36.00,30.70,30.70,30.70,30.70,,30.88,,,478,15119.00,36,F1,1,,,,,
2026-10-05,2026-10-05,CM,BSE,STK,530689,INE624M01014,KROWNIQ,X,,,,,KROWNIQ LIMITED,49.00,50.20,48.22,49.27,48.36,49.29,,49.27,,,4488,219097.00,35,F1,1,,,,,
2026-10-05,2026-10-05,CM,BSE,STK,530695,INE233C01023,PRIMEPRO,X,,,,,PRIME PROPERTY DEVELOPMENT COR,24.76,27.50,23.50,25.50,25.50,25.88,,25.50,,,2001,51869.00,39,F1,1,,,,,
2026-10-05,2026-10-05,CM,BSE,STK,530697,INE546F01013,ZENLABS,X,,,,,Zenlabs Ethica Limited,28.11,29.95,26.50,26.50,26.50,28.10,,26.50,,,7553,208909.00,37,F1,1,,,,,
2026-10-05,2026-10-05,CM,BSE,STK,530699,INE533D01032,RAJRILTD,T,,,,,RAJ RAYON INDUSTRIES LIMITED,20.30,20.44,19.88,19.96,19.88,20.28,,19.63,,,7498,150556.00,70,F1,1,,,,,
2026-10-05,2026-10-05,CM,BSE,STK,530709,INE225G01012,GOWRALE,X,,,,,GOWRA LEASING & FINANCE LTD.,91.10,91.10,83.01,84.27,85.89,91.00,,84.27,,,2061,173529.00,49,F1,1,,,,,
2026-10-05,2026-10-05,CM,BSE,STK,530711,INE144C01014,JAGANLAM,X,,,,,JAGAN LAMPS LTD.,55.10,55.60,52.00,52.80,52.80,56.90,,52.80,,,7805,419729.00,110,F1,1,,,,,
2026-10-05,2026-10-05,CM,BSE,STK,530723,INE041B01014,ASITCFIN,X,,,,,ASIT C.MEHTA FINANCIAL SERVICE,111.00,111.00,110.85,110.85,110.90,108.00,,110.85,,,255,28273.00,6,F1,1,,,,,
2026-10-05,2026-10-05,CM,BSE,STK,530733,INE900O01014,ENCODE,XT,,,,,ENCODE PACKAGING INDIA LIMITED,13.04,13.04,13.04,13.04,13.04,13.72,,13.04,,,2,26.00,1,F1,1,,,,,
2026-10-05,2026-10-05,CM,BSE,STK,530735,INE897A01011,SUPERBAK,X,,,,,SUPER BAKERS (INDIA) LTD.,31.50,31.50,31.50,31.50,31.50,30.72,,31.50,,,1,31.00,1,F1,1,,,,,
2026-10-05,2026-10-05,CM,BSE,STK,530741,INE812S01012,OVOBELE,XT,,,,,OVOBEL FOODS LTD.,271.55,273.00,261.55,268.70,269.00,260.00,,268.70,,,3029,810704.00,70,F1,1,,,,,
2026-10-05,2026-10-05,CM,BSE,STK,530745,INE366C01021,ACSTECH,T,,,,,ACS TECHNOLOGIES LIMITED,77.85,77.85,76.48,76.48,76.48,78.04,,76.48,,,114940,8874825.00,81,F1,1,,,,,
2026-10-05,2026-10-05,CM,BSE,STK,530747,INE807A01010,CHALLANI,X,,,,,CHALLANI CAPITAL LIMITED,17.33,18.05,16.11,16.85,16.20,17.33,,16.85,,,2218,38539.00,29,F1,1,,,,,
2026-10-05,2026-10-05,CM,BSE,STK,530755,INE715D01019,CORNE,X,,,,,CORAL NEWSPRINTS LTD.,9.20,9.66,8.99,9.66,9.66,9.20,,9.66,,,1199,10860.00,9,F1,1,,,,,
2026-10-05,2026-10-05,CM,BSE,STK,530757,INE0OUS01011,MIDAAS,XT,,,,,MIDAAS FASHIONS LIMITED,134.65,138.60,134.65,138.60,138.60,132.00,,138.60,,,60,8229.00,8,F1,1,,,,,
2026-10-05,2026-10-05,CM,BSE,STK,530759,INE334A01023,STERTOOLS,B,,,,,STERLING TOOLS LTD.,220.00,229.05,216.15,217.45,216.15,224.85,,218.45,,,2650,584740.00,179,F1,1,,,,,
2026-10-05,2026-10-05,CM,BSE,STK,530771,INE929C01018,KLGCAP,XT,,,,,KLG CAPITAL SERVICES LTD.,21.22,21.22,19.20,19.20,19.20,20.21,,19.20,,,336,6574.00,12,F1,1,,,,,
2026-10-05,2026-10-05,CM,BSE,STK,530779,INE118C01018,DYNAMICP,XT,,,,,DYNAMIC PORTFOLIO MANAGEMENT &,17.87,17.87,17.00,17.00,17.00,17.87,,17.00,,,75,1338.00,4,F1,1,,,,,
2026-10-05,2026-10-05,CM,BSE,STK,530787,INE055O01033,INLANPR,XT,,,,,INLAND PRINTERS LTD.,63.15,65.11,63.11,65.11,65.11,66.43,,65.11,,,2887,182286.00,20,F1,1,,,,,
2026-10-05,2026-10-05,CM,BSE,STK,530795,INE584D01019,SUNCITYSY,XT,,,,,SUNCITY SYNTHETICS LTD.,12.60,12.60,12.54,12.54,12.54,12.00,,12.54,,,321,4025.00,5,F1,1,,,,,
2026-10-05,2026-10-05,CM,BSE,STK,530799,INE336D01014,ANNAINFRA,X,,,,,ANNA INFRASTRUCTURES LTD.,25.75,25.76,25.75,25.76,25.76,23.42,,25.76,,,87,2241.00,2,F1,1,,,,,
2026-10-05,2026-10-05,CM,BSE,STK,530803,INE354C01027,BHAGERIA,B,,,,,Bhageria Industries Limited,400.95,400.95,358.55,364.35,368.75,383.00,,364.59,,,37450,13854557.00,1100,F1,1,,,,,
2026-10-05,2026-10-05,CM,BSE,STK,530805,INE125F01032,OIVL,X,,,,,ONESOURCE INDUSTRIES AND VENTU,3.89,4.20,3.75,3.88,3.89,3.88,,3.88,,,31936,124012.00,122,F1,1,,,,,
2026-10-05,2026-10-05,CM,BSE,STK,530809,INE355C01016,BNRUDY,X,,,,,BNR UDYOG LTD.,38.50,38.69,38.50,38.60,38.60,37.59,,38.60,,,151,5837.00,4,F1,1,,,,,
2026-10-05,2026-10-05,CM,BSE,STK,530813,INE001B01026,KRBL,A,,,,,KRBL LTD.,375.45,383.15,375.45,382.10,382.25,375.45,,382.15,,,5942,2260540.00,249,F1,1,,,,,
2026-10-05,2026-10-05,CM,BSE,STK,530821,INE838C01011,SSPDL,X,,,,,SSPDL LTD.,14.39,14.48,13.20,13.44,14.40,13.17,,13.44,,,12623,178751.00,34,F1,1,,,,,
2026-10-05,2026-10-05,CM,BSE,STK,530825,INE789B01018,DAIKAFFI,XT,,,,,DAIKAFFIL CHEMICALS INDIA LTD.,46.09,48.50,46.09,48.00,48.00,48.51,,48.00,,,2386,110453.00,14,F1,1,,,,,
2026-10-05,2026-10-05,CM,BSE,STK,530829,INE830A01012,CILSEC,X,,,,,CIL SECURITIES LIMITED,36.15,39.70,36.14,36.55,36.55,36.14,,36.55,,,1056,39612.00,28,F1,1,,,,,
2026-10-05,2026-10-05,CM,BSE,STK,530839,INE011B01017,CLIOINFO,XT,,,,,CLIO INFOTECH LTD.,14.13,14.13,12.80,13.49,13.49,13.46,,13.49,,,13802,184168.00,51,F1,1,,,,,
2026-10-05,2026-10-05,CM,BSE,STK,530843,INE509F01029,CUPID,A,,,,,CUPID LTD.,314.30,316.00,302.30,310.00,310.00,312.90,,310.09,,,3079022,952816721.00,31105,F1,1,,,,,
2026-10-05,2026-10-05,CM,BSE,STK,530845,INE199E01014,SUNSHIEL,B,,,,,SUNSHIELD CHEMICALS LTD.,1060.05,1139.95,1060.05,1106.25,1106.50,1060.30,,1097.66,,,221,244411.00,25,F1,1,,,,,
2026-10-05,2026-10-05,CM,BSE,STK,530853,INE963A01011,HIPOLIN,XT,,,,,HIPOLIN LTD.,88.00,88.00,88.00,88.00,88.00,84.16,,88.00,,,2,176.00,1,F1,1,,,,,
2026-10-05,2026-10-05,CM,BSE,STK,530855,INE545E01018,GDLLEAS,X,,,,,GDL LEASING & FINANCE LTD.,71.40,71.40,71.40,71.40,71.40,68.00,,71.40,,,57,4069.00,5,F1,1,,,,,
2026-10-05,2026-10-05,CM,BSE,STK,530871,INE995D01025,CHEMBOND,B,,,,,Chembond Material Technologies,177.95,182.50,177.50,178.00,178.00,177.95,,177.94,,,339,61191.00,20,F1,1,,,,,
2026-10-05,2026-10-05,CM,BSE,STK,530879,INE345H01024,CIFL,B,,,,,CAPITAL INDIA FINANCE LIMITED,20.34,21.79,20.34,20.65,20.64,20.84,,20.52,,,103313,2127504.00,1482,F1,1,,,,,
2026-10-05,2026-10-05,CM,BSE,STK,530881,INE485K01022,ABVL,X,,,,,Arunjyoti Bio Ventures Limited,4.00,4.00,3.83,3.92,3.90,4.04,,3.92,,,240612,937413.00,304,F1,1,,,,,
2026-10-05,2026-10-05,CM,BSE,STK,530883,INE366G01022,SUCROSA,XT,,,,,SUPER CROP SAFE LTD.,13.01,13.43,13.00,13.40,13.40,13.36,,13.40,,,25042,334264.00,48,F1,1,,,,,
2026-10-05,2026-10-05,CM,BSE,STK,530889,INE061B01038,AUDROC,XT,,,,,AUDROC Limited,23.09,23.09,23.09,23.09,23.09,22.64,,23.09,,,283,6534.00,13,F1,1,,,,,
2026-10-05,2026-10-05,CM,BSE,STK,530897,INE825C01018,NGIND,X,,,,,N.G.INDUSTRIES LTD.,109.90,109.90,101.10,103.55,103.50,109.90,,103.55,,,1015,104857.00,33,F1,1,,,,,
2026-10-05,2026-10-05,CM,BSE,STK,530907,INE417F01017,SICAPIT,XT,,,,,SI CAPITAL & FINANCIAL SERVICE,12.00,12.17,11.11,12.06,12.06,11.65,,12.06,,,11997,145335.00,17,F1,1,,,,,
2026-10-05,2026-10-05,CM,BSE,STK,530919,INE474C01023,REMSONSIND,B,,,,,REMSONS INDUSTRIES LTD.,113.20,116.25,108.50,109.45,110.10,112.65,,109.69,,,23875,2680500.00,340,F1,1,,,,,
2026-10-05,2026-10-05,CM,BSE,STK,530921,INE038N01015,INTETHR,P,,,,,INTEGRATED THERMOPLASTICS LTD.,7.98,7.98,7.98,7.98,7.98,8.39,,7.98,,,100,798.00,1,F1,100,,,,,
2026-10-05,2026-10-05,CM,BSE,STK,530925,INE609D01014,RAMSONS,X,,,,,RAMSONS PROJECTS LTD.,72.40,86.70,72.40,86.09,86.09,80.00,,86.09,,,2199,175916.00,25,F1,1,,,,,
2026-10-05,2026-10-05,CM,BSE,STK,530927,INE737G01016,HARAFIN,ZP,,,,,HARYANA FINANCIAL CORPORATION,56.50,56.50,56.50,56.50,56.50,56.00,,56.50,,,100,5650.00,1,F1,100,,,,,
2026-10-05,2026-10-05,CM,BSE,STK,530929,INE535P01015,RRPDEFENSE,X,,,,,RRP DEFENSE LIMITED,608.65,608.65,608.65,608.65,608.65,614.75,,608.65,,,291,177117.00,11,F1,1,,,,,
2026-10-05,2026-10-05,CM,BSE,STK,530931,INE457D01018,STANPACK,X,,,,,STANPACKS (INDIA) LTD.,12.62,13.11,12.62,13.11,13.11,12.50,,13.11,,,139,1792.00,5,F1,1,,,,,
2026-10-05,2026-10-05,CM,BSE,STK,530943,INE416A01051,AQYLON,B,,,,,Aqylon Nexus Limited,15.45,16.30,14.76,15.63,15.63,15.53,,15.59,,,269076,4081686.00,701,F1,1,,,,,
2026-10-05,2026-10-05,CM,BSE,STK,530951,INE357B01022,RAMINFO,X,,,,,RAMINFO LIMITED,44.93,44.93,43.08,44.06,43.35,44.94,,44.06,,,627,27583.00,15,F1,1,,,,,
2026-10-05,2026-10-05,CM,BSE,STK,530953,INE224D01012,SUNILAGR,X,,,,,SUNIL AGRO FOODS LTD.,72.10,74.69,70.40,74.69,74.69,74.10,,74.69,,,390,27637.00,18,F1,1,,,,,
2026-10-05,2026-10-05,CM,BSE,STK,530959,INE012E01035,DIANATEA,X,,,,,DIANA TEA CO.LTD.,27.20,27.99,26.99,27.02,27.01,27.05,,27.02,,,8273,228394.00,42,F1,1,,,,,
2026-10-05,2026-10-05,CM,BSE,STK,530961,INE806A01020,VIKASECO,B,,,,,Vikas EcoTech Limited,1.03,1.03,1.02,1.03,1.02,1.02,,1.02,,,267124,273956.00,259,F1,1,,,,,
2026-10-05,2026-10-05,CM,BSE,STK,530965,INE242A01010,IOC,A,,,,,INDIAN OIL CORPORATION LTD.,132.10,134.30,129.80,130.70,130.70,132.00,,130.51,,,694361,91392832.00,11102,F1,1,,,,,
2026-10-05,2026-10-05,CM,BSE,STK,530973,INE042C01010,ALFAICA,X,,,,,ALFA ICA (INDIA) LTD.,75.30,78.40,75.30,78.40,78.40,75.30,,78.40,,,102,7686.00,3,F1,1,,,,,
2026-10-05,2026-10-05,CM,BSE,STK,530977,INE260E01014,SKCIL,X,,,,,Shri Keshav Cements and Infra,100.47,102.70,90.00,92.02,92.02,98.50,,92.02,,,3817,351691.00,64,F1,1,,,,,
2026-10-05,2026-10-05,CM,BSE,STK,530979,INE274E01015,INDIAHOME,X,,,,,INDIA HOME LOAN LTD.,32.90,32.90,31.05,32.18,32.20,31.54,,32.18,,,452,14249.00,28,F1,1,,,,,
2026-10-05,2026-10-05,CM,BSE,STK,530985,INE630C01012,JPTSEC,XT,,,,,JPT SECURITIES LTD.,16.34,16.34,16.00,16.34,16.34,16.42,,16.34,,,54,874.00,6,F1,1,,,,,
2026-10-05,2026-10-05,CM,BSE,STK,530991,INE443C01010,ROOPAIND,X,,,,,ROOPA INDUSTRIES LTD.,46.80,55.00,44.70,51.17,48.65,46.90,,51.17,,,16044,839828.00,106,F1,1,,,,,
2026-10-05,2026-10-05,CM,BSE,STK,530993,INE075H01019,SARTHAKGL,XT,,,,,SARTHAK GLOBAL LTD.,43.00,43.00,41.00,41.00,41.00,41.00,,41.00,,,25,1027.00,4,F1,1,,,,,
2026-10-05,2026-10-05,CM,BSE,STK,530997,INE333E01019,UNIQUEO,X,,,,,UNIQUE ORGANICS LTD.,81.20,89.15,81.20,84.12,84.88,84.98,,84.12,,,928,78265.00,41,F1,1,,,,,
2026-10-05,2026-10-05,CM,BSE,STK,530999,INE050E01027,BALAMINES,B,,,,,BALAJI AMINES LTD.,2059.60,2073.00,1937.90,1957.50,1949.15,2051.70,,1957.79,,,17028,33802052.00,1546,F1,1,,,,,
2026-10-05,2026-10-05,CM,BSE,STK,531003,INE595G01018,SWRNASE,X,,,,,SWARNA SECURITIES LTD.,87.00,92.14,87.00,87.78,89.00,87.76,,87.78,,,101,9033.00,7,F1,1,,,,,
2026-10-05,2026-10-05,CM,BSE,STK,531015,INE154G01022,VENMAX,X,,,,,VENMAX DRUGS AND PHARMACEUTICA,15.45,15.45,13.62,14.44,14.45,14.50,,14.44,,,8883,131973.00,28,F1,1,,,,,
2026-10-05,2026-10-05,CM,BSE,STK,531017,INE190D01015,ARISE,X,,,,,ARIHANTS SECURITIES LTD.,20.99,20.99,19.00,19.10,19.00,21.31,,19.10,,,7822,151148.00,67,F1,1,,,,,
2026-10-05,2026-10-05,CM,BSE,STK,531025,INE309H01038,VISAGAR,X,,,,,VISAGAR FINANCIAL SERVICES LTD,0.29,0.29,0.28,0.28,0.29,0.29,,0.28,,,795144,225125.00,233,F1,1,,,,,
2026-10-05,2026-10-05,CM,BSE,STK,531027,INE267E01019,LIBORD,X,,,,,LIBORD SECURITIES LTD.,19.00,19.00,19.00,19.00,19.00,19.00,,19.00,,,699,13281.00,3,F1,1,,,,,
2026-10-05,2026-10-05,CM,BSE,STK,531029,INE201N01019,BHATEXT,P,,,,,BHARAT TEXTILES & PROOFING IND,20.97,20.97,20.97,20.97,20.97,22.07,,20.97,,,1700,35649.00,6,F1,100,,,,,
2026-10-05,2026-10-05,CM,BSE,STK,531033,INE101E01010,REGAL,X,,,,,REGAL ENTERTAINMENT & CONSULTA,15.06,16.61,15.06,16.56,15.27,15.82,,16.56,,,259876,3936416.00,25,F1,1,,,,,
2026-10-05,2026-10-05,CM,BSE,STK,531035,INE432F01032,EBIX,T,,,,,EBIX LIMITED,16.50,17.64,16.50,17.00,17.00,16.97,,16.92,,,5885,100651.00,54,F1,1,,,,,
2026-10-05,2026-10-05,CM,BSE,STK,531039,INE0P4R01017,SWADHATURE,X,,,,,Swadha Nature Limited,8.26,8.26,8.26,8.26,8.26,7.87,,8.26,,,25,206.00,1,F1,1,,,,,
2026-10-05,2026-10-05,CM,BSE,STK,531041,INE823B01015,COMPEAU,B,,,,,COMPETENT AUTOMOBILES CO.LTD.,359.55,376.00,349.05,351.80,351.25,352.50,,349.83,,,106,38079.00,25,F1,1,,,,,
2026-10-05,2026-10-05,CM,BSE,STK,531043,INE239F01015,ZDHJERK,X,,,,,DHANVANTRI JEEVAN REKHA LTD.,22.44,22.44,22.44,22.44,22.44,22.55,,22.44,,,71,1593.00,2,F1,1,,,,,
2026-10-05,2026-10-05,CM,BSE,STK,531049,INE741D01015,NEELKAN,Z,,,,,NEELKANTH ROCKMINERALS LTD.,67.00,67.82,65.11,65.97,67.10,68.53,,65.97,,,2205,144690.00,30,F1,1,,,,,
2026-10-05,2026-10-05,CM,BSE,STK,531067,INE080G01029,CONTILI,X,,,,,CONTIL INDIA LTD.,19.00,19.00,18.90,18.90,18.90,19.00,,18.90,,,564,10707.00,14,F1,1,,,,,
2026-10-05,2026-10-05,CM,BSE,STK,531069,INE362D01010,VIJSOLX,B,,,,,VIJAY SOLVEX LTD.,623.35,631.25,623.35,631.25,631.25,623.35,,636.95,,,4,2501.00,2,F1,1,,,,,
2026-10-05,2026-10-05,CM,BSE,STK,531080,INE997I01012,SHRIKRISH,B,,,,,SHRI KRISHNA DEVCON LTD.,37.21,37.21,32.50,36.50,36.50,36.00,,34.05,,,158,5255.00,7,F1,1,,,,,
2026-10-05,2026-10-05,CM,BSE,STK,531082,INE914E01040,ALANKIT,B,,,,,ALANKIT,7.92,7.92,7.51,7.55,7.55,7.57,,7.61,,,13925,107383.00,93,F1,1,,,,,
2026-10-05,2026-10-05,CM,BSE,STK,531083,INE876E01033,NIHARINF,X,,,,,NIHAR INFO GLOBAL LTD.,4.47,4.65,4.24,4.24,4.24,4.45,,4.24,,,6957,30536.00,17,F1,1,,,,,
2026-10-05,2026-10-05,CM,BSE,STK,531091,INE858C01027,UNITDCR,X,,,,,UNITED CREDIT LTD.,21.56,21.56,21.01,21.05,21.05,22.00,,21.05,,,211,4461.00,5,F1,1,,,,,
2026-10-05,2026-10-05,CM,BSE,STK,531092,INE239D01028,OMINFRAL,B,,,,,OM INFRA LIMITED,74.50,76.68,74.04,75.29,75.34,75.78,,74.84,,,6576,494385.00,192,F1,1,,,,,
2026-10-05,2026-10-05,CM,BSE,STK,531099,INE396H01019,CENTUPLE,XT,,,,,CENTUPLE GLOBAL LIMITED,33.44,33.45,30.31,32.85,32.85,31.88,,32.85,,,2254,72581.00,21,F1,1,,,,,
2026-10-05,2026-10-05,CM,BSE,STK,531109,INE561M01018,ISHANCH,B,,,,,Ishan Dyes and Chemicals Limit,46.00,47.99,46.00,47.99,47.99,46.54,,47.39,,,301,13847.00,2,F1,1,,,,,
2026-10-05,2026-10-05,CM,BSE,STK,531112,INE011E01029,BALUFORGE,A,,,,,BALU FORGE INDUSTRIES LIMITED,495.80,512.30,495.30,502.55,505.00,488.50,,502.80,,,27331,13780327.00,829,F1,1,,,,,
2026-10-05,2026-10-05,CM,BSE,STK,531119,INE418D01010,CEENIK,XT,,,,,CEENIK EXPORTS (INDIA) LTD.,229.00,229.00,208.00,208.95,208.00,218.90,,208.95,,,252,53214.00,12,F1,1,,,,,
2026-10-05,2026-10-05,CM,BSE,STK,531120,INE244B01030,PATELENG,A,,,,,PATEL ENGINEERING LTD.,26.00,26.40,25.53,25.71,25.71,25.94,,25.73,,,174223,4511897.00,1042,F1,1,,,,,
2026-10-05,2026-10-05,CM,BSE,STK,531126,INE237C01016,KATIPATANG,X,,,,,KATI PATANG LIFESTYLE LIMITED,12.98,12.98,12.22,12.70,12.70,12.49,,12.70,,,17341,220218.00,36,F1,1,,,,,
2026-10-05,2026-10-05,CM,BSE,STK,531127,INE148B01033,MENAMANI,XT,,,,,MENA MANI INDUSTRIES LIMITED,14.05,14.15,14.05,14.08,14.08,14.05,,14.08,,,46376,653000.00,27,F1,1,,,,,
2026-10-05,2026-10-05,CM,BSE,STK,531129,INE635D01027,INANI,X,,,,,INANI MARBLES & INDUSTRIES LTD,13.85,14.31,11.66,14.31,14.31,11.93,,14.31,,,125103,1755929.00,150,F1,1,,,,,
2026-10-05,2026-10-05,CM,BSE,STK,531137,INE503D01027,GEMSI,X,,,,,GEMSTONE INVESTMENTS LTD.,1.35,1.39,1.30,1.31,1.34,1.29,,1.31,,,44455,59290.00,159,F1,1,,,,,
2026-10-05,2026-10-05,CM,BSE,STK,531144,INE158F01017,ELFORGE,XT,,,,,EL FORGE LTD.,23.35,24.29,23.15,23.25,23.70,24.36,,23.25,,,32659,761878.00,160,F1,1,,,,,
2026-10-05,2026-10-05,CM,BSE,STK,531146,INE646B01010,MEDICAMEQ,T,,,,,MEDICAMEN BIOTECH LTD.,318.45,318.45,307.30,308.75,311.10,315.30,,308.06,,,368,114590.00,18,F1,1,,,,,
2026-10-05,2026-10-05,CM,BSE,STK,531147,INE062D01024,ALICON,B,,,,,ALICON CASTALLOY LIMITED,882.50,889.75,835.80,850.50,853.25,874.30,,849.02,,,8658,7442157.00,692,F1,1,,,,,
2026-10-05,2026-10-05,CM,BSE,STK,531153,INE650C01036,DILIGENT,X,,,,,DILIGENT INDUSTRIES LTD.,2.14,2.19,2.05,2.10,2.19,2.09,,2.10,,,72503,151705.00,126,F1,1,,,,,
2026-10-05,2026-10-05,CM,BSE,STK,531155,INE601F01016,EPSOMPRO,X,,,,,EPSOM PROPERTIES LTD.,8.45,8.50,8.45,8.50,8.50,8.50,,8.50,,,279,2361.00,3,F1,1,,,,,
2026-10-05,2026-10-05,CM,BSE,STK,531156,INE883B01027,ALFAVIO,XT,,,,,ALFAVISION OVERSEAS (INDIA) LT,13.30,13.30,12.21,12.47,12.47,12.82,,12.47,,,8623,108759.00,50,F1,1,,,,,
2026-10-05,2026-10-05,CM,BSE,STK,531157,INE412E01011,ORGCOAT,X,,,,,ORGANIC COATINGS LTD.,19.93,20.51,19.45,20.51,20.51,19.54,,20.51,,,1839,37037.00,21,F1,1,,,,,
2026-10-05,2026-10-05,CM,BSE,STK,531158,INE660B01011,CATVISION,X,,,,,CATVISION  LIMITED,20.00,20.00,18.32,19.44,19.44,19.52,,19.44,,,1889,35026.00,31,F1,1,,,,,
2026-10-05,2026-10-05,CM,BSE,STK,531161,INE850B01026,ABMKNO,B,,,,,ABM KNOWLEDGEWARE LTD.,168.85,168.85,168.85,168.85,168.85,168.85,,165.85,,,10,1688.00,1,F1,1,,,,,
2026-10-05,2026-10-05,CM,BSE,STK,531162,INE548C01032,EMAMILTD,A,,,,,EMAMI LTD.,379.20,379.20,371.40,377.10,375.60,372.35,,377.74,,,34245,12824710.00,1384,F1,1,,,,,
2026-10-05,2026-10-05,CM,BSE,STK,531163,INE971L01029,KEMISTAR,X,,,,,KEMISTAR CORPORATION LIMITED,48.90,49.70,45.95,48.04,49.70,49.40,,48.04,,,381,18227.00,27,F1,1,,,,,
2026-10-05,2026-10-05,CM,BSE,STK,531168,INE771E01010,ASSOCER,X,,,,,ASSOCIATED CERAMICS LTD.,149.25,150.00,149.25,150.00,150.00,146.30,,150.00,,,10,1498.00,5,F1,1,,,,,
2026-10-05,2026-10-05,CM,BSE,STK,531169,INE709B01016,SKPSEC,X,,,,,SKP SECURITIES LTD.,94.00,97.50,91.20,94.76,97.50,94.39,,94.76,,,1253,117129.00,40,F1,1,,,,,
2026-10-05,2026-10-05,CM,BSE,STK,531173,INE121D01036,SYSCHEM,X,,,,,SYSCHEM (INDIA) LTD.,34.97,35.67,34.05,34.40,34.48,34.80,,34.40,,,12235,423039.00,91,F1,1,,,,,
2026-10-05,2026-10-05,CM,BSE,STK,531176,INE186C01023,MEFCOMCAP,X,,,,,MEFCOM CAPITAL MARKETS LTD.,11.94,11.94,11.04,11.47,11.60,11.26,,11.47,,,5011,57711.00,41,F1,1,,,,,
2026-10-05,2026-10-05,CM,BSE,STK,531178,INE930A01010,HEMANG,X,,,,,HEMANG RESOURCES LIMITED,9.35,9.62,8.89,9.00,9.01,9.35,,9.00,,,11680,106093.00,63,F1,1,,,,,
2026-10-05,2026-10-05,CM,BSE,STK,531179,INE109C01017,ARMANFIN,B,,,,,ARMAN FINANCIAL SERVICES LTD.,1762.10,1812.00,1721.35,1762.25,1781.15,1761.25,,1754.94,,,2005,3552020.00,250,F1,1,,,,,
2026-10-05,2026-10-05,CM,BSE,STK,531191,INE589N01017,FILTRON,X,,,,,FILTRON ENGINEERS LTD.,73.40,73.40,70.54,70.54,70.54,71.97,,70.54,,,1824,131514.00,83,F1,1,,,,,
2026-10-05,2026-10-05,CM,BSE,STK,531199,INE580D01017,GLANCE,X,,,,,GLANCE FINANCE LTD.,191.00,191.00,190.00,190.00,190.00,191.00,,190.00,,,307,58441.00,3,F1,1,,,,,
2026-10-05,2026-10-05,CM,BSE,STK,531201,INE024F01011,SHILCTECH,B,,,,,SHILCHAR TECHNOLOGIES LTD.,4079.15,4082.85,3972.00,4035.30,4055.65,4028.00,,4032.95,,,956,3855456.00,277,F1,1,,,,,
2026-10-05,2026-10-05,CM,BSE,STK,531203,INE819G01012,TRADEWELL,X,,,,,TRADEWELL HOLDINGS LIMITED,47.33,47.33,47.33,47.33,47.33,47.10,,47.33,,,1,47.00,1,F1,1,,,,,
2026-10-05,2026-10-05,CM,BSE,STK,531205,INE179O01031,SPRIGHT,X,,,,,SPRIGHT AGRO LIMITED,0.38,0.44,0.38,0.44,0.44,0.37,,0.44,,,12532118,5354060.00,2161,F1,1,,,,,
2026-10-05,2026-10-05,CM,BSE,STK,531209,INE096B01018,NUCLEUS,B,,,,,NUCLEUS SOFTWARE EXPORTS LTD.,649.25,651.15,636.10,637.80,638.55,649.25,,637.75,,,451,289863.00,92,F1,1,,,,,
2026-10-05,2026-10-05,CM,BSE,STK,531210,INE923C01011,COLINZ,X,,,,,COLINZ LABORATORIES LTD.,73.00,73.00,72.50,73.00,73.00,73.50,,73.00,,,563,40911.00,14,F1,1,,,,,
2026-10-05,2026-10-05,CM,BSE,STK,531212,INE606C01012,NLFL,X,,,,,NALIN LEASE FINANCE LTD.,38.35,38.40,36.29,38.00,38.00,38.40,,38.00,,,2402,91895.00,23,F1,1,,,,,
2026-10-05,2026-10-05,CM,BSE,STK,531213,INE522D01027,MANAPPURAM,A,,,,,Manappuram Finance Ltd,317.90,317.90,308.75,312.00,312.00,308.20,,310.70,,,203878,63379159.00,1989,F1,1,,,,,
2026-10-05,2026-10-05,CM,BSE,STK,531215,INE005C01017,RTSPOWR,T,,,,,RTS POWER CORPORATION LTD.,109.00,110.35,108.45,108.45,108.45,114.15,,108.40,,,6870,747025.00,53,F1,1,,,,,
2026-10-05,2026-10-05,CM,BSE,STK,531216,INE819A01049,COMFINTE,B,,,,,COMFORT INTECH LTD.,6.44,6.67,6.11,6.30,6.12,6.21,,6.20,,,81942,529002.00,256,F1,1,,,,,
2026-10-05,2026-10-05,CM,BSE,STK,531219,INE861E01019,SHYAMACOMP,P,,,,,Shyama Computronics and Servic,3.64,3.64,3.64,3.64,3.64,3.57,,3.64,,,300,1092.00,3,F1,100,,,,,
2026-10-05,2026-10-05,CM,BSE,STK,531221,INE262W01012,MAYURFL,X,,,,,MAYUR FLOORINGS LTD.,17.87,18.76,17.51,18.00,18.00,17.87,,18.00,,,32,570.00,8,F1,1,,,,,
2026-10-05,2026-10-05,CM,BSE,STK,531223,INE364D01032,ANJANI,X,,,,,ANJANI SYNTHETICS LTD.,27.99,29.44,27.00,27.99,27.99,27.53,,27.99,,,7996,223403.00,47,F1,1,,,,,
2026-10-05,2026-10-05,CM,BSE,STK,531225,INE547B01028,XTGLOBAL,B,,,,,XTGLOBAL INFOTECH LIMITED,30.32,30.32,28.00,28.01,28.00,28.60,,28.04,,,11558,324103.00,61,F1,1,,,,,
2026-10-05,2026-10-05,CM,BSE,STK,531227,INE907E01010,DECOMIC,X,,,,,DECO-MICA LTD.,59.00,59.00,59.00,59.00,59.00,57.17,,59.00,,,1,59.00,1,F1,1,,,,,
2026-10-05,2026-10-05,CM,BSE,STK,531228,INE821D01031,RANDER,XT,,,,,RANDER CORPORATION LTD.,13.16,13.16,12.85,12.85,12.85,12.90,,12.85,,,81,1041.00,2,F1,1,,,,,
2026-10-05,2026-10-05,CM,BSE,STK,531233,INE822D01021,RASIELEC,X,,,,,RASI ELECTRODES LTD.,13.49,13.49,12.70,12.97,12.97,13.18,,12.97,,,8091,104883.00,121,F1,1,,,,,
2026-10-05,2026-10-05,CM,BSE,STK,531234,INE962E01015,SCOOBEEDAY,X,,,,,SCOOBEE DAY GARMENTS (INDIA) L,67.95,68.62,66.62,66.62,66.62,66.65,,66.62,,,432,29384.00,10,F1,1,,,,,
2026-10-05,2026-10-05,CM,BSE,STK,531235,INE494D01011,CITIPOR,X,,,,,CITIPORT FINANCIAL SERVICES LT,38.85,38.85,38.47,38.68,38.85,38.85,,38.68,,,24,930.00,7,F1,1,,,,,
2026-10-05,2026-10-05,CM,BSE,STK,531237,INE972E01014,DHRUVCA,X,,,,,DHRUVA CAPITAL SERVICES LTD.,74.74,77.72,74.74,77.69,77.72,77.74,,77.69,,,2020,156904.00,3,F1,1,,,,,
2026-10-05,2026-10-05,CM,BSE,STK,531240,INE022F01015,SHAMROIN,XT,,,,,SHAMROCK INDUSTRIAL CO.LTD.,27.25,27.25,27.25,27.25,27.25,27.25,,27.25,,,26489,721825.00,12,F1,1,,,,,
2026-10-05,2026-10-05,CM,BSE,STK,531241,INE802B01027,LINC,B,,,,,LINC LIMITED,88.00,88.78,85.30,87.59,88.78,87.21,,87.54,,,3204,277082.00,168,F1,1,,,,,
2026-10-05,2026-10-05,CM,BSE,STK,531246,INE723N01012,PRIMAIN,X,,,,,PRIMA INDUSTRIES LTD.,16.31,17.73,16.04,16.06,16.06,16.31,,16.06,,,2495,41352.00,15,F1,1,,,,,
2026-10-05,2026-10-05,CM,BSE,STK,531253,INE342D01012,INDGELA,X,,,,,INDIA GELATINE & CHEMICALS LTD,370.10,370.75,365.05,367.45,369.95,369.40,,367.45,,,1540,565052.00,53,F1,1,,,,,
2026-10-05,2026-10-05,CM,BSE,STK,531254,INE031G01022,OPTIFIN,B,,,,,Optimus Finance Limited,17.00,17.00,14.34,14.56,14.56,14.49,,14.64,,,13087,192755.00,72,F1,1,,,,,
2026-10-05,2026-10-05,CM,BSE,STK,531255,INE015E01012,PARAGONF,X,,,,,PARAGON FINANCE LTD.,54.68,54.68,51.71,53.99,53.99,54.70,,53.99,,,90,4883.00,10,F1,1,,,,,
2026-10-05,2026-10-05,CM,BSE,STK,531257,INE530D01012,VELLORA,X,,,,,VELLORA IMPACT LIMITED,14.35,15.07,13.78,14.93,14.99,14.37,,14.93,,,69511,1017003.00,152,F1,1,,,,,
2026-10-05,2026-10-05,CM,BSE,STK,531259,INE328F01016,ESHAMEDIA,XT,,,,,ESHA MEDIA RESEARCH LIMITED,38.00,38.00,38.00,38.00,38.00,38.19,,38.00,,,3398,129124.00,8,F1,1,,,,,
2026-10-05,2026-10-05,CM,BSE,STK,531260,INE332F01018,REFEXRENEW,X,,,,,Refex Renewables & Infrastruct,354.45,354.45,354.45,354.45,354.45,350.95,,354.45,,,436,154540.00,6,F1,1,,,,,
2026-10-05,2026-10-05,CM,BSE,STK,531262,INE060N01019,EQUILATERA,X,,,,,EQUILATERAL ENTERPRISES LIMITE,8.44,8.44,8.44,8.44,8.44,8.48,,8.44,,,2,16.00,2,F1,1,,,,,
2026-10-05,2026-10-05,CM,BSE,STK,531265,INE421E01012,PROGREXV,XT,,,,,PROGREX VENTURES LIMITED,25.02,25.02,25.02,25.02,25.02,26.33,,25.02,,,32,800.00,11,F1,1,,,,,
2026-10-05,2026-10-05,CM,BSE,STK,531266,INE764D01017,VSTTILLERS,B,,,,,V.S.T.TILLERS TRACTORS LTD.,4358.65,4359.00,4171.05,4249.75,4250.00,4340.65,,4235.78,,,1267,5375303.00,278,F1,1,,,,,
2026-10-05,2026-10-05,CM,BSE,STK,531268,INE151B01011,B2BSOFT,X,,,,,B2B SOFTWARE TECHNOLOGIES LTD.,22.90,23.15,22.00,22.22,22.60,22.64,,22.22,,,13988,313772.00,96,F1,1,,,,,
2026-10-05,2026-10-05,CM,BSE,STK,531272,INE526C01012,NIKKIGL,X,,,,,NIKKI GLOBAL FINANCE LTD.,20.36,20.36,19.00,19.90,19.90,19.95,,19.90,,,321,6252.00,11,F1,1,,,,,
2026-10-05,2026-10-05,CM,BSE,STK,531273,INE986B01044,RADHEDE,X,,,,,RADHE DEVELOPERS (INDIA) LTD.,1.37,1.37,1.27,1.28,1.30,1.35,,1.28,,,268811,352423.00,213,F1,1,,,,,
2026-10-05,2026-10-05,CM,BSE,STK,531274,INE674M01019,KINETRU,XT,,,,,KINETIC TRUST LTD.,51.70,51.70,51.70,51.70,51.70,51.15,,51.70,,,1,51.00,1,F1,1,,,,,
2026-10-05,2026-10-05,CM,BSE,STK,531278,INE785D01012,ELIXIR,X,,,,,Elixir Capital Limited,98.00,98.00,93.70,97.60,97.60,98.00,,97.60,,,313,30089.00,21,F1,1,,,,,
2026-10-05,2026-10-05,CM,BSE,STK,531279,INE238C01022,TRISHAKT,XT,,,,,Trishakti Industries Limited,254.00,261.20,241.85,253.55,248.00,251.55,,253.55,,,13300,3399886.00,174,F1,1,,,,,
2026-10-05,2026-10-05,CM,BSE,STK,531280,INE698B01011,PANKAJPO,XT,,,,,PANKAJ POLYMERS LTD.,132.75,132.85,132.75,132.85,132.85,126.55,,132.85,,,4378,581615.00,19,F1,1,,,,,
2026-10-05,2026-10-05,CM,BSE,STK,531281,INE807H01023,MARBLE,XT,,,,,MARBLE CITY INDIA LIMITED,166.80,166.80,157.70,166.80,166.80,166.00,,166.80,,,2665,437551.00,26,F1,1,,,,,
2026-10-05,2026-10-05,CM,BSE,STK,531287,INE896D01017,NATPLASTI,X,,,,,NATIONAL PLASTIC TECHNOLOGIES,214.05,255.00,214.05,239.55,239.90,213.00,,239.55,,,4751,1163821.00,114,F1,1,,,,,
2026-10-05,2026-10-05,CM,BSE,STK,531288,INE531D01010,LEADFIN,X,,,,,LEAD FINANCIAL SERVICES LTD.,17.00,17.00,17.00,17.00,17.00,17.00,,17.00,,,64,1088.00,4,F1,1,,,,,
2026-10-05,2026-10-05,CM,BSE,STK,531289,INE643C01015,NATFIT,XT,,,,,NATIONAL FITTINGS LIMITED,303.05,327.15,296.05,327.15,327.15,311.60,,327.15,,,115824,35835513.00,609,F1,1,,,,,
2026-10-05,2026-10-05,CM,BSE,STK,531297,INE885B01014,ARTEFACT,X,,,,,ARTEFACT PROJECTS LTD.,52.20,52.80,50.79,50.82,51.60,52.80,,50.82,,,4715,242406.00,43,F1,1,,,,,
2026-10-05,2026-10-05,CM,BSE,STK,531301,INE319M01011,TUSALDAH,X,,,,,TUSALDAH LIMITED,182.85,182.85,182.85,182.85,182.85,174.15,,182.85,,,104,19016.00,4,F1,1,,,,,
2026-10-05,2026-10-05,CM,BSE,STK,531304,INE960H01012,NUTECGLOB,X,,,,,NUTECH GLOBAL LTD.,29.19,29.19,29.19,29.19,29.19,27.80,,29.19,,,168,4903.00,3,F1,1,,,,,
2026-10-05,2026-10-05,CM,BSE,STK,531306,INE590D01016,DHPIND,X,,,,,DHP INDIA LTD.,500.00,500.00,497.00,497.35,497.90,504.80,,497.35,,,258,128421.00,20,F1,1,,,,,
2026-10-05,2026-10-05,CM,BSE,STK,531307,INE951M01037,RRIL,B,,,,,RRIL LIMITED,15.39,15.55,15.01,15.07,15.01,15.30,,15.16,,,4728,72039.00,50,F1,1,,,,,
2026-10-05,2026-10-05,CM,BSE,STK,531310,INE325G01010,AVAILFC,X,,,,,AVAILABLE FINANCE LTD.,138.90,138.90,136.00,138.85,138.85,134.10,,138.85,,,1171,161353.00,20,F1,1,,,,,
2026-10-05,2026-10-05,CM,BSE,STK,531319,INE368C01019,MGIL,X,,,,,MARUTI GLOBAL INDUSTRIES LIMIT,40.00,43.87,40.00,40.08,40.05,41.89,,40.08,,,3699,149898.00,55,F1,1,,,,,
2026-10-05,2026-10-05,CM,BSE,STK,531322,INE293B01029,HAVISHA,B,,,,,SRI HAVISHA HOSPITALITY INFRAS,1.35,1.39,1.33,1.34,1.39,1.35,,1.34,,,4409,6045.00,12,F1,1,,,,,
2026-10-05,2026-10-05,CM,BSE,STK,531323,INE250D01017,JAYIND,X,,,,,JAYATMA INDUSTRIES LIMITED,12.96,12.96,12.95,12.95,12.95,12.35,,12.95,,,97,1256.00,3,F1,1,,,,,
2026-10-05,2026-10-05,CM,BSE,STK,531324,INE475C01012,ROSELABS,X,,,,,ROSELABS FINANCE LTD.,21.09,21.09,20.04,20.04,20.04,21.09,,20.04,,,81,1624.00,2,F1,1,,,,,
2026-10-05,2026-10-05,CM,BSE,STK,531328,INE128R01023,KRETTOSYS,X,,,,,KRETTO SYSCON LIMITED,0.43,0.45,0.40,0.41,0.41,0.44,,0.41,,,3143411,1310847.00,445,F1,1,,,,,
2026-10-05,2026-10-05,CM,BSE,STK,531334,INE186E01011,VIKALPS,Z,,,,,VIKALP SECURITIES LTD.,23.24,23.24,23.24,23.24,23.24,22.15,,23.24,,,1,23.00,1,F1,1,,,,,
2026-10-05,2026-10-05,CM,BSE,STK,531335,INE768C01028,ZYDUSWELL,A,,,,,ZYDUS WELLNESS LTD.,498.60,500.25,481.50,483.05,483.05,493.40,,483.75,,,14496,7112399.00,839,F1,1,,,,,
2026-10-05,2026-10-05,CM,BSE,STK,531340,INE348I01018,BERVINL,X,,,,,BERVIN INVESTMENT & LEASING LT,48.99,48.99,48.98,48.98,48.98,49.10,,48.98,,,6,293.00,2,F1,1,,,,,
2026-10-05,2026-10-05,CM,BSE,STK,531341,INE373D01017,GUJINV,X,,,,,GUJARAT INVESTA LTD.,14.00,14.00,14.00,14.00,14.00,14.05,,14.00,,,2,28.00,1,F1,1,,,,,
2026-10-05,2026-10-05,CM,BSE,STK,531344,INE111A01025,CONCOR,A,,,,,CONTAINER CORPORATION OF INDIA,445.00,446.25,434.80,443.00,443.00,445.60,,441.52,,,47989,21146623.00,2246,F1,1,,,,,
2026-10-05,2026-10-05,CM,BSE,STK,531346,INE500D01015,EASTRED,X,,,,,EASTERN TREADS LTD.,31.31,31.31,29.00,29.88,29.98,29.58,,29.88,,,36,1088.00,9,F1,1,,,,,
2026-10-05,2026-10-05,CM,BSE,STK,531349,INE922B01023,PANACEABIO,B,,,,,PANACEA BIOTEC LTD.,363.10,363.10,348.05,349.35,351.00,357.90,,350.20,,,2528,895151.00,160,F1,1,,,,,
2026-10-05,2026-10-05,CM,BSE,STK,531357,INE763M01028,MERCURYEV,B,,,,,MERCURY EV-TECH LIMITED,37.35,37.85,36.54,36.76,37.01,37.15,,36.81,,,33864,1266606.00,396,F1,1,,,,,
2026-10-05,2026-10-05,CM,BSE,STK,531358,INE102B01014,CHOICEIN,A,,,,,CHOICE INTERNATIONAL LTD.,719.60,736.00,719.60,725.70,725.70,719.60,,726.00,,,10979,8001534.00,764,F1,1,,,,,
2026-10-05,2026-10-05,CM,BSE,STK,531359,INE777G01012,SRAMSET,X,,,,,SHRIRAM ASSET MANAGEMENT CO.LT,257.00,264.80,249.00,250.95,255.85,257.25,,250.95,,,1276,323070.00,59,F1,1,,,,,
2026-10-05,2026-10-05,CM,BSE,STK,531360,INE427D01011,GOLECHA,X,,,,,GOLECHHA GLOBAL FINANCE LTD.,23.76,24.38,23.76,23.86,24.38,25.01,,23.86,,,81,1925.00,3,F1,1,,,,,
2026-10-05,2026-10-05,CM,BSE,STK,531364,INE005E01013,EKANSH,X,,,,,Ekansh Concepts Limited,200.00,201.80,194.20,196.70,197.20,201.35,,196.70,,,7475,1463402.00,118,F1,1,,,,,
2026-10-05,2026-10-05,CM,BSE,STK,531370,INE960B01015,SPAR,X,,,,,SPARC ELECTREX LIMITED,4.27,4.41,4.27,4.33,4.33,4.39,,4.33,,,6661,29123.00,26,F1,1,,,,,
2026-10-05,2026-10-05,CM,BSE,STK,531373,INE319B01014,BYKE,B,,,,,THE BYKE HOSPITALITY LTD.,30.97,30.97,29.50,30.06,30.06,28.40,,29.66,,,5461,161376.00,15,F1,1,,,,,
2026-10-05,2026-10-05,CM,BSE,STK,531380,INE405H01018,CSURGSU,X,,,,,CENTENIAL SURGICAL SUTURE LTD.,97.00,101.00,97.00,101.00,101.00,102.00,,101.00,,,114,11098.00,8,F1,1,,,,,
2026-10-05,2026-10-05,CM,BSE,STK,531381,INE413D01011,ARIHANT,B,,,,,ARIHANT FOUNDATIONS & HOUSING,877.10,900.00,875.00,897.40,897.40,896.70,,891.53,,,293,259714.00,55,F1,1,,,,,
2026-10-05,2026-10-05,CM,BSE,STK,531387,INE671D01014,HASTIFIN,XT,,,,,HASTI FINANCE LTD.,8.50,8.50,8.10,8.10,8.10,8.10,,8.10,,,706,5721.00,3,F1,1,,,,,
2026-10-05,2026-10-05,CM,BSE,STK,531390,INE890B01014,UPSURGE,X,,,,,UPSURGE INVESTMENT & FINANCE L,60.11,60.47,58.50,59.32,59.32,61.57,,59.32,,,3750,223852.00,43,F1,1,,,,,
2026-10-05,2026-10-05,CM,BSE,STK,531395,INE448D01025,PADAMCO,XT,,,,,PADAM COTTON YARNS LTD.,0.93,0.94,0.90,0.94,0.94,0.92,,0.94,,,579915,529440.00,647,F1,1,,,,,
2026-10-05,2026-10-05,CM,BSE,STK,531397,INE262C01014,POLYCON,XT,,,,,POLYCON INTERNATIONAL LTD.,26.85,27.50,26.85,27.50,27.50,26.32,,27.50,,,146,3983.00,4,F1,1,,,,,
2026-10-05,2026-10-05,CM,BSE,STK,531398,INE679C01027,SOURCENTRL,X,,,,,SOURCE NATURAL FOODS & HERBAL,120.00,120.00,102.00,115.00,115.00,107.40,,115.00,,,268,31340.00,17,F1,1,,,,,
2026-10-05,2026-10-05,CM,BSE,STK,531399,INE493B01017,GGAUTO,X,,,,,G.G.AUTOMOTIVE GEARS LTD.,202.00,216.80,201.40,208.80,208.80,209.30,,208.80,,,7873,1638988.00,225,F1,1,,,,,
2026-10-05,2026-10-05,CM,BSE,STK,531400,INE326B01035,ALMONDZ,T,,,,,ALMONDZ GLOBAL SECURITIES LTD.,19.19,19.28,18.44,18.99,18.62,19.40,,19.01,,,2936,55286.00,22,F1,1,,,,,
2026-10-05,2026-10-05,CM,BSE,STK,531402,INE281M01013,LWSKNIT,X,,,,,LWS KNITWEAR LTD.,15.75,16.75,15.25,16.18,16.22,15.34,,16.18,,,34784,570444.00,150,F1,1,,,,,
2026-10-05,2026-10-05,CM,BSE,STK,531406,INE234J01018,ANSINDUS,XT,,,,,ANS INDUSTRIES LTD,20.00,20.00,19.10,20.00,20.00,20.00,,20.00,,,20,398.00,6,F1,1,,,,,
2026-10-05,2026-10-05,CM,BSE,STK,531409,INE057D01016,ALCHCORP,XT,,,,,ALCHEMIST CORPORATION LTD.,36.97,36.97,36.97,36.97,36.97,36.97,,36.97,,,1110,41036.00,5,F1,1,,,,,
2026-10-05,2026-10-05,CM,BSE,STK,531411,INE560D01027,TUNITEX,XT,,,,,TUNI TEXTILE MILLS LTD.,2.18,2.18,2.18,2.18,2.18,2.14,,2.18,,,1913488,4171403.00,327,F1,1,,,,,
2026-10-05,2026-10-05,CM,BSE,STK,531412,INE576N01014,RADIXIND,X,,,,,RADIX INDUSTRIES (INDIA) LIMIT,131.15,134.90,129.30,133.10,132.25,128.50,,133.10,,,90,11978.00,5,F1,1,,,,,
2026-10-05,2026-10-05,CM,BSE,STK,531416,INE603F01012,NARPROP,X,,,,,NARENDRA PROPERTIES LTD.,34.88,34.88,34.85,34.85,34.85,32.85,,34.85,,,2,69.00,2,F1,1,,,,,
2026-10-05,2026-10-05,CM,BSE,STK,531417,INE804B01023,MEGACOR,X,,,,,MEGA CORPORATION LTD.,2.35,2.47,2.35,2.38,2.36,2.35,,2.38,,,16182,38753.00,65,F1,1,,,,,
2026-10-05,2026-10-05,CM,BSE,STK,531420,INE644K01016,BMBMUMG,XT,,,,,BMB MUSIC & MAGNETICS LTD.,5.98,6.15,5.98,6.15,6.15,5.86,,6.15,,,683,4184.00,10,F1,1,,,,,
2026-10-05,2026-10-05,CM,BSE,STK,531426,INE107A01015,TNPL,B,,,,,TAMIL NADU NEWSPRINT & PAPERS,148.00,150.70,145.35,146.75,146.70,148.00,,146.49,,,4354,641607.00,157,F1,1,,,,,
2026-10-05,2026-10-05,CM,BSE,STK,531431,INE908D01010,SHAKTIPUMP,A,,,,,SHAKTI PUMPS (INDIA) LTD.,455.50,463.10,441.00,443.85,443.85,454.25,,443.42,,,32729,14873051.00,1493,F1,1,,,,,
2026-10-05,2026-10-05,CM,BSE,STK,531433,INE271D01013,SUNGOLD,X,,,,,SUNGOLD CAPITAL LTD.,2.85,2.99,2.85,2.99,2.99,2.85,,2.99,,,6419,18516.00,15,F1,1,,,,,
2026-10-05,2026-10-05,CM,BSE,STK,531436,INE474D01013,SAFFRON,X,,,,,SAFFRON INDUSTRIES LIMITED,23.40,25.39,23.13,23.17,23.17,23.12,,23.17,,,1405,32904.00,21,F1,1,,,,,
2026-10-05,2026-10-05,CM,BSE,STK,531437,INE523I01016,PWASML,X,,,,,Prakash Woollen & Synthetic Mi,23.00,23.00,21.11,22.43,22.65,21.83,,22.43,,,133,3018.00,18,F1,1,,,,,
2026-10-05,2026-10-05,CM,BSE,STK,531439,INE805A01014,GOLDTECH,T,,,,,AION TECH SOLUTIONS LIMITED,43.12,43.12,43.12,43.12,43.12,44.00,,43.02,,,32,1379.00,3,F1,1,,,,,
2026-10-05,2026-10-05,CM,BSE,STK,531441,INE100F01019,LYONSCO,X,,,,,LYONS CORPORATE MARKET LTD.,20.95,20.95,20.95,20.95,20.95,20.33,,20.95,,,16,335.00,4,F1,1,,,,,
2026-10-05,2026-10-05,CM,BSE,STK,531449,INE192H01020,GRMOVER,B,,,,,GRM OVERSEAS LTD.,78.00,79.37,77.77,78.68,78.70,77.91,,78.53,,,432518,34069288.00,1867,F1,1,,,,,
2026-10-05,2026-10-05,CM,BSE,STK,531453,INE954E01012,MOHITIND,B,,,,,MOHIT INDUSTRIES LTD.,22.90,22.90,22.29,22.29,22.29,22.51,,22.55,,,263,5900.00,2,F1,1,,,,,
2026-10-05,2026-10-05,CM,BSE,STK,531454,INE323D01020,POLYLINK,X,,,,,POLYLINK POLYMERS (INDIA) LTD.,21.56,21.95,21.30,21.48,21.48,21.56,,21.48,,,2885,62075.00,26,F1,1,,,,,
2026-10-05,2026-10-05,CM,BSE,STK,531456,INE952C01028,MINAXI,X,,,,,MINAXI TEXTILES LTD.,1.45,1.45,1.32,1.32,1.32,1.29,,1.32,,,42835,61469.00,35,F1,1,,,,,
2026-10-05,2026-10-05,CM,BSE,STK,531458,INE109B01019,BOSTON,XT,,,,,BOSTON COMMERCE LIMITED,10.62,10.62,10.54,10.54,10.54,10.12,,10.54,,,17349,184166.00,26,F1,1,,,,,
2026-10-05,2026-10-05,CM,BSE,STK,531460,INE545B01022,CONTICON,XT,,,,,CONTINENTAL CONTROLS LTD.,16.50,16.50,16.50,16.50,16.50,16.50,,16.50,,,200,3300.00,4,F1,1,,,,,
2026-10-05,2026-10-05,CM,BSE,STK,531463,INE377M01043,GBLINFRA,XT,,,,,GLOBAL INFRATECH & FINANCE LIM,121.85,121.85,119.50,119.50,119.50,120.68,,119.50,,,361,43663.00,29,F1,1,,,,,
2026-10-05,2026-10-05,CM,BSE,STK,531465,INE317B01042,NOUVEAU,XT,,,,,NOUVEAU GLOBAL VENTURES LTD.,0.32,0.32,0.32,0.32,0.32,0.32,,0.32,,,31622,10119.00,22,F1,1,,,,,
2026-10-05,2026-10-05,CM,BSE,STK,531471,INE397G01019,DUKEOFS,XT,,,,,DUKE OFFSHORE LTD.,91.00,91.00,91.00,91.00,91.00,89.22,,91.00,,,17019,1548729.00,34,F1,1,,,,,
2026-10-05,2026-10-05,CM,BSE,STK,531472,INE183D01010,CYBELEIND,X,,,,,CYBELE INDUSTRIES LTD.,35.32,36.99,35.32,36.33,36.33,36.04,,36.33,,,293,10597.00,12,F1,1,,,,,
2026-10-05,2026-10-05,CM,BSE,STK,531486,INE600B01033,FILME,XT,,,,,FILMCITY MEDIA LTD.,1.60,1.60,1.50,1.56,1.56,1.53,,1.56,,,16894,26644.00,33,F1,1,,,,,
2026-10-05,2026-10-05,CM,BSE,STK,531489,INE084D01010,CGVAK,B,,,,,CG-VAK SOFTWARE & EXPORTS LTD.,159.35,159.35,147.25,148.70,148.70,149.85,,148.70,,,45,6791.00,15,F1,1,,,,,
2026-10-05,2026-10-05,CM,BSE,STK,531494,INE268H01044,NAVKARURB,B,,,,,NAVKAR URBANSTRUCTURE LIMITED,0.87,0.87,0.82,0.84,0.85,0.85,,0.83,,,279202,232698.00,58,F1,1,,,,,
2026-10-05,2026-10-05,CM,BSE,STK,531495,INE472B01011,BLUECOAST,B,,,,,BLUE COAST HOTELS LTD.,21.52,21.52,21.52,21.52,21.52,21.10,,21.06,,,1,21.00,1,F1,1,,,,,
2026-10-05,2026-10-05,CM,BSE,STK,531496,INE680D01015,OMKAR,XT,,,,,OMKAR OVERSEAS LTD.,11.21,11.21,11.21,11.21,11.21,11.21,,11.21,,,37515,420543.00,23,F1,1,,,,,
2026-10-05,2026-10-05,CM,BSE,STK,531497,INE378D01032,MADHUCON,B,,,,,MADHUCON PROJECTS LTD.,3.99,4.08,3.81,3.89,3.89,3.89,,3.88,,,1659,6474.00,15,F1,1,,,,,
2026-10-05,2026-10-05,CM,BSE,STK,531499,INE080D01042,SYBLY,Z,,,,,SYBLY INDUSTRIES LTD.,1.15,1.18,1.14,1.15,1.15,1.19,,1.15,,,19124,21950.00,18,F1,1,,,,,
2026-10-05,2026-10-05,CM,BSE,STK,531500,INE343B01030,RAJESHEXPO,Z,,,,,RAJESH EXPORTS LTD.,65.34,65.34,61.40,62.76,62.60,62.40,,62.36,,,31362,1966109.00,344,F1,1,,,,,
2026-10-05,2026-10-05,CM,BSE,STK,531502,INE404L01039,ESARIND,X,,,,,ESAAR (INDIA) LTD.,11.21,11.49,10.75,11.13,11.10,10.99,,11.13,,,616842,6860795.00,227,F1,1,,,,,
2026-10-05,2026-10-05,CM,BSE,STK,531503,INE866D01010,MARIS,X,,,,,MARIS SPINNERS LTD.,37.60,41.00,36.80,36.84,37.45,37.50,,36.84,,,865,32313.00,10,F1,1,,,,,
2026-10-05,2026-10-05,CM,BSE,STK,531505,INE628F01019,INDERGR,XT,,,,,INDERGIRI FINANCE LTD.,21.30,21.30,20.33,20.33,20.33,21.40,,20.33,,,210,4463.00,4,F1,1,,,,,
2026-10-05,2026-10-05,CM,BSE,STK,531506,INE561E01015,SKRABUL,X,,,,,SHUKRA BULLIONS LTD.,32.80,32.80,32.80,32.80,32.80,31.24,,32.80,,,2001,65632.00,10,F1,1,,,,,
2026-10-05,2026-10-05,CM,BSE,STK,531508,INE128A01029,EVEREADY,B,,,,,EVEREADY INDUSTRIES INDIA LTD.,317.00,321.90,314.95,318.65,318.55,316.80,,318.10,,,1636,520662.00,119,F1,1,,,,,
2026-10-05,2026-10-05,CM,BSE,STK,531509,INE623D01015,STEP2COR,XT,,,,,STEP TWO CORPORATION LTD.,22.20,22.20,22.20,22.20,22.20,23.35,,22.20,,,145,3219.00,3,F1,1,,,,,
2026-10-05,2026-10-05,CM,BSE,STK,531512,INE681D01039,ORIENTTR,X,,,,,ORIENT TRADELINK LTD.,4.20,4.20,3.81,3.82,3.81,4.01,,3.82,,,151430,593516.00,318,F1,1,,,,,
2026-10-05,2026-10-05,CM,BSE,STK,531515,INE735D01041,MAHANIN,XT,,,,,MAHAN INDUSTRIES LTD.,29.27,29.27,29.27,29.27,29.27,27.88,,29.27,,,4797,140408.00,19,F1,1,,,,,
2026-10-05,2026-10-05,CM,BSE,STK,531518,INE767B01022,VIKASPROP,Z,,,,,VIKAS PROPPANT & GRANITE LTD.,0.27,0.27,0.25,0.26,0.26,0.26,,0.26,,,197544,51467.00,93,F1,1,,,,,
2026-10-05,2026-10-05,CM,BSE,STK,531525,INE849B01010,ACESOFT,XT,,,,,ACE SOFTWARE EXPORTS LTD.,190.00,199.80,182.45,199.70,199.75,192.05,,199.70,,,84471,15865965.00,396,F1,1,,,,,
2026-10-05,2026-10-05,CM,BSE,STK,531529,INE562E01021,SOFTRAKV,XT,,,,,SOFTRAK VENTURE INVESTMENT LTD,1.62,1.62,1.56,1.56,1.56,1.59,,1.56,,,7905,12570.00,20,F1,1,,,,,
2026-10-05,2026-10-05,CM,BSE,STK,531530,INE658E01027,BETALA,X,,,,,BETALA GLOBAL SECURITIES LTD.,29.89,29.98,28.05,29.98,29.98,27.26,,29.98,,,10686,317450.00,55,F1,1,,,,,
2026-10-05,2026-10-05,CM,BSE,STK,531531,INE473B01035,HATSUN,A,,,,,HATSUN AGRO PRODUCT LTD.,1121.95,1155.00,1108.85,1141.25,1140.00,1115.40,,1143.25,,,5685,6461702.00,387,F1,1,,,,,
2026-10-05,2026-10-05,CM,BSE,STK,531533,INE578B01015,ACCEDERE,X,,,,,ACCEDERE LIMITED,44.47,45.00,42.25,44.80,44.90,44.47,,44.80,,,1263,53739.00,31,F1,1,,,,,
2026-10-05,2026-10-05,CM,BSE,STK,531537,INE681K01026,MIZVEN,XT,,,,,MIZZEN VENTURES LIMITED,33.30,34.96,31.64,32.00,32.00,33.30,,32.00,,,2147,73504.00,21,F1,1,,,,,
2026-10-05,2026-10-05,CM,BSE,STK,531539,INE864D01015,RISHDIGA,X,,,,,RISHABH DIGHA STEEL & ALLIED P,43.77,45.97,41.61,42.19,42.19,43.79,,42.19,,,7556,336514.00,58,F1,1,,,,,
2026-10-05,2026-10-05,CM,BSE,STK,531540,INE392G01028,MAINFRA,X,,,,,MARUTI INFRASTRUCTURE LTD.,11.01,11.37,10.66,10.68,10.66,11.22,,10.68,,,5435,59254.00,51,F1,1,,,,,
2026-10-05,2026-10-05,CM,BSE,STK,531541,INE881A01015,KOBO,Z,,,,,KOBO BIOTECH LIMITED,3.65,3.80,3.65,3.80,3.80,3.62,,3.80,,,7412,27463.00,14,F1,1,,,,,
2026-10-05,2026-10-05,CM,BSE,STK,531543,INE247D01039,JINDWORLD,B,,,,,JINDAL WORLDWIDE LTD.,46.47,47.26,45.12,45.33,45.60,45.71,,45.37,,,127412,5870976.00,525,F1,1,,,,,
2026-10-05,2026-10-05,CM,BSE,STK,531548,INE355A01028,SOMANYCERA,B,,,,,SOMANY CERAMICS LTD.,613.95,626.50,608.30,610.50,608.95,613.95,,610.89,,,5268,3260230.00,310,F1,1,,,,,
2026-10-05,2026-10-05,CM,BSE,STK,531550,INE865D01012,JHACC,X,,,,,JHAVERI CREDITS & CAPITAL LTD.,202.00,202.00,185.70,194.10,194.00,197.50,,194.10,,,50376,9772457.00,33,F1,1,,,,,
2026-10-05,2026-10-05,CM,BSE,STK,531552,INE754B01012,RAGHUTOB,X,,,,,RAGHUNATH TOBACCO CO.LTD.,14.59,14.59,13.20,14.20,14.20,13.80,,14.20,,,1351,18087.00,18,F1,1,,,,,
2026-10-05,2026-10-05,CM,BSE,STK,531553,INE193D01019,DRL,XT,,,,,DISHA RESOURCES LIMITED,34.19,35.19,33.15,34.61,34.70,34.89,,34.61,,,1845,63534.00,28,F1,1,,,,,
2026-10-05,2026-10-05,CM,BSE,STK,531556,INE558D01021,CORALFINAC,B,,,,,CORAL INDIA FINANCE & HOUSING,31.00,31.00,29.46,30.31,30.31,31.00,,30.22,,,271,8266.00,24,F1,1,,,,,
2026-10-05,2026-10-05,CM,BSE,STK,531557,INE137E01014,AMITSEC,X,,,,,AMIT SECURITIES LTD.,34.97,34.97,34.97,34.97,34.97,35.14,,34.97,,,3,104.00,2,F1,1,,,,,
2026-10-05,2026-10-05,CM,BSE,STK,531569,INE860D01013,SANJIVIN,X,,,,,SANJIVANI PARANTERAL LTD.,169.55,172.95,165.35,165.95,172.40,165.10,,165.95,,,1218,206426.00,29,F1,1,,,,,
2026-10-05,2026-10-05,CM,BSE,STK,531572,INE863D01017,RANJITSE,XT,,,,,RANJIT SECURITIES LTD.,59.50,62.00,59.50,62.00,62.00,59.35,,62.00,,,42,2524.00,2,F1,1,,,,,
2026-10-05,2026-10-05,CM,BSE,STK,531574,INE192C01013,VASINFRA,XT,,,,,VAS INFRASTRUCTURE LTD.,6.87,6.87,6.53,6.53,6.53,6.87,,6.53,,,7200,47016.00,13,F1,1,,,,,
2026-10-05,2026-10-05,CM,BSE,STK,531578,INE580H01026,KMFBLDR,X,,,,,KMF BUILDERS & DEVELOPERS LTD.,6.65,6.65,6.65,6.65,6.65,6.65,,6.65,,,57,379.00,2,F1,1,,,,,
2026-10-05,2026-10-05,CM,BSE,STK,531583,INE483D01014,RAP,X,,,,,RAP CORP LIMITED,29.91,32.90,29.91,31.07,32.72,30.06,,31.07,,,234,7525.00,16,F1,1,,,,,
2026-10-05,2026-10-05,CM,BSE,STK,531591,INE802A01037,BAMPSL,X,,,,,BAMPSL SECURITIES LTD.,18.10,18.60,18.00,18.60,18.60,17.79,,18.60,,,235,4263.00,19,F1,1,,,,,
2026-10-05,2026-10-05,CM,BSE,STK,531592,INE861N01036,GENPHARMA,X,,,,,GENPHARMASEC LIMITED,1.10,1.10,1.07,1.10,1.10,1.07,,1.10,,,91734,99834.00,170,F1,1,,,,,
2026-10-05,2026-10-05,CM,BSE,STK,531594,INE507D01010,INCON,X,,,,,INCON ENGINEERS LTD.,21.01,21.22,19.96,19.96,19.96,21.01,,19.96,,,212,4294.00,14,F1,1,,,,,
2026-10-05,2026-10-05,CM,BSE,STK,531595,INE180C01042,CGCL,A,,,,,CAPRI GLOBAL CAPITAL LIMITED,250.00,251.95,245.70,246.70,246.70,249.50,,247.04,,,65810,16336578.00,1306,F1,1,,,,,
2026-10-05,2026-10-05,CM,BSE,STK,531599,INE258B01022,FDC,B,,,,,FDC LTD.,343.60,343.60,330.00,331.65,331.10,335.55,,331.30,,,1782,596699.00,242,F1,1,,,,,
2026-10-05,2026-10-05,CM,BSE,STK,531608,INE792J01015,GORANIN,X,,,,,GORANI INDUSTRIES LTD.,44.70,44.70,40.50,41.18,41.86,41.02,,41.18,,,36,1513.00,9,F1,1,,,,,
2026-10-05,2026-10-05,CM,BSE,STK,531609,INE902G01016,KGPETRO,X,,,,,KG PETROCHEM LTD.,185.00,185.00,185.00,185.00,185.00,177.65,,185.00,,,11,2035.00,3,F1,1,,,,,
2026-10-05,2026-10-05,CM,BSE,STK,531613,INE100C01024,MAL,XT,,,,,Meyer Apparel Limited,1.74,1.92,1.74,1.92,1.92,1.83,,1.92,,,22981,41707.00,32,F1,1,,,,,
2026-10-05,2026-10-05,CM,BSE,STK,531616,INE347I01010,STARCOM,XT,,,,,STARCOM INFORMATION TECHNOLOGY,83.64,88.03,83.64,88.03,88.03,88.04,,88.03,,,28,2346.00,2,F1,1,,,,,
2026-10-05,2026-10-05,CM,BSE,STK,531624,INE695B01025,COUNCODOS,T,,,,,COUNTRY CONDOS LTD.,6.12,6.54,6.12,6.50,6.37,6.37,,6.50,,,9040,57939.00,58,F1,1,,,,,
2026-10-05,2026-10-05,CM,BSE,STK,531626,INE628B01034,OROSMITHS,X,,,,,OROSIL SMITHS INDIA LTD.,6.55,6.74,5.76,6.11,6.21,6.64,,6.11,,,107879,671485.00,311,F1,1,,,,,
2026-10-05,2026-10-05,CM,BSE,STK,531628,INE173E01019,TEJASSVI,XT,,,,,TEJASSVI AAHARAM LIMITED,68.25,68.25,61.79,62.56,62.56,65.00,,62.56,,,2048,131120.00,15,F1,1,,,,,
2026-10-05,2026-10-05,CM,BSE,STK,531633,INE405C01035,LINCOLN,B,,,,,LINCOLN PHARMACEUTICALS LTD.,698.55,698.55,565.50,568.55,570.05,582.15,,567.22,,,2485,1430221.00,189,F1,1,,,,,
2026-10-05,2026-10-05,CM,BSE,STK,531635,INE870J01019,SILVOAK,X,,,,,SILVER OAK (INDIA) LTD.,72.00,74.99,70.01,74.61,74.61,76.00,,74.61,,,227,16782.00,27,F1,1,,,,,
2026-10-05,2026-10-05,CM,BSE,STK,531637,INE722B01019,PRAVEG,B,,,,,PRAVEG LIMITED,252.30,252.30,231.00,232.65,232.65,238.00,,232.43,,,7628,1794017.00,375,F1,1,,,,,
2026-10-05,2026-10-05,CM,BSE,STK,531638,INE713C01016,SURAJLTD,B,,,,,SURAJ LTD.,193.50,193.50,192.05,192.05,192.05,194.00,,191.67,,,27,5215.00,5,F1,1,,,,,
2026-10-05,2026-10-05,CM,BSE,STK,531642,INE196A01026,MARICO,A,,,,,MARICO LTD.,785.25,800.00,780.50,790.65,790.65,780.10,,790.00,,,178358,141020286.00,4854,F1,1,,,,,
2026-10-05,2026-10-05,CM,BSE,STK,531644,INE546D01018,TOKYOFIN,X,,,,,TOKYO FINANCE LTD.,20.48,20.48,19.50,19.50,19.50,18.94,,19.50,,,20,400.00,3,F1,1,,,,,
2026-10-05,2026-10-05,CM,BSE,STK,531651,INE654H01011,NATGENI,X,,,,,NATIONAL GENERAL INDUSTRIES LT,54.00,55.00,51.30,53.62,53.62,54.00,,53.62,,,158,8399.00,7,F1,1,,,,,
2026-10-05,2026-10-05,CM,BSE,STK,531652,INE528C01018,UVS,X,,,,,UVS HOSPITALITY AND SERVICES L,79.70,79.70,76.02,76.02,76.02,76.88,,76.02,,,439,33781.00,8,F1,1,,,,,
2026-10-05,2026-10-05,CM,BSE,STK,531658,INE454E01013,ABATEAS,X,,,,,ABATE AS INDUSTRIES LIMITED,7.80,7.80,7.16,7.58,7.73,7.98,,7.58,,,77637,579550.00,176,F1,1,,,,,
2026-10-05,2026-10-05,CM,BSE,STK,531661,INE863C01019,HITTCO,XT,,,,,HITTCO TOOLS LTD.,13.30,13.30,12.72,13.00,13.00,12.68,,13.00,,,7224,92750.00,12,F1,1,,,,,
2026-10-05,2026-10-05,CM,BSE,STK,531663,INE139D01020,YUVRAAJHPL,X,,,,,YUVRAAJ HYGIENE PRODUCTS LTD.,9.18,9.18,9.01,9.04,9.01,9.00,,9.04,,,13458,121613.00,67,F1,1,,,,,
2026-10-05,2026-10-05,CM,BSE,STK,531667,INE117K01013,RRMETAL,XT,,,,,RR METALMAKERS INDIA LIMITED,41.10,45.35,41.10,44.33,45.35,43.24,,44.33,,,4836,209905.00,30,F1,1,,,,,
2026-10-05,2026-10-05,CM,BSE,STK,531668,INE661D01015,VISIONCO,XT,,,,,VISION CORPORATION LTD.,2.20,2.20,2.10,2.10,2.10,2.20,,2.10,,,3041,6507.00,11,F1,1,,,,,
2026-10-05,2026-10-05,CM,BSE,STK,531671,INE214D01021,KARNAWATI,X,,,,,Karnawati Innovation Limited,1.17,1.18,1.14,1.18,1.18,1.15,,1.18,,,29991,35182.00,106,F1,1,,,,,
2026-10-05,2026-10-05,CM,BSE,STK,531672,INE224C01014,INANISEC,XT,,,,,INANI SECURITIES LTD.,29.00,30.65,29.00,30.65,30.65,29.20,,30.65,,,970,29120.00,3,F1,1,,,,,
2026-10-05,2026-10-05,CM,BSE,STK,531673,INE067C01025,ANKIN,X,,,,,ANKA INDIA LTD.,18.58,18.88,17.30,18.12,18.11,18.19,,18.12,,,3389,62477.00,27,F1,1,,,,,
2026-10-05,2026-10-05,CM,BSE,STK,531676,INE554H01021,EMROCK,XT,,,,,EMROCK CORPORATION LIMITED,238.00,247.60,238.00,245.00,245.00,250.10,,245.00,,,421,101209.00,11,F1,1,,,,,
2026-10-05,2026-10-05,CM,BSE,STK,531680,INE799E01011,MAYUR,XT,,,,,MAYUR LEATHER PRODUCTS LTD.,39.97,41.89,39.97,41.49,41.49,39.97,,41.49,,,924,37612.00,18,F1,1,,,,,
2026-10-05,2026-10-05,CM,BSE,STK,531681,INE673C01020,AMERISE,XT,,,,,AMERISE BIOSCIENCES LIMITED,0.78,0.79,0.78,0.79,0.79,0.78,,0.79,,,12405,9683.00,18,F1,1,,,,,
2026-10-05,2026-10-05,CM,BSE,STK,531686,INE537C01019,ADVIKLA,XT,,,,,ADVIK LABORATORIES LTD.,2.08,2.08,2.08,2.08,2.08,2.08,,2.08,,,2200,4576.00,2,F1,1,,,,,
2026-10-05,2026-10-05,CM,BSE,STK,531688,INE621B01021,PRITHVIEXCH,X,,,,,Prithvi Exchange (India) Limit,111.00,111.00,103.00,107.80,107.85,106.65,,107.80,,,951,101224.00,33,F1,1,,,,,
2026-10-05,2026-10-05,CM,BSE,STK,531692,INE593B01030,KHYATI,X,,,,,KHYATI MULTIMEDIA-ENTERTAINMEN,3.12,3.12,2.90,2.90,2.90,2.99,,2.90,,,252,781.00,12,F1,1,,,,,
2026-10-05,2026-10-05,CM,BSE,STK,531694,INE230F01014,RAINBOWF,X,,,,,RAINBOW FOUNDATIONS LTD.,29.74,29.99,26.07,29.86,29.92,29.16,,29.86,,,1108,31885.00,13,F1,1,,,,,
2026-10-05,2026-10-05,CM,BSE,STK,531716,INE843F01014,TRICOMFRU,XT,,,,,TRICOM FRUIT PRODUCTS LIMITED,1.26,1.31,1.19,1.31,1.31,1.25,,1.31,,,7695,9753.00,30,F1,1,,,,,
2026-10-05,2026-10-05,CM,BSE,STK,531717,INE632C01026,VIDHIING,B,,,,,Vidhi Specialty Food Ingredien,351.00,358.25,349.05,356.10,357.85,351.00,,354.05,,,758,268446.00,65,F1,1,,,,,
2026-10-05,2026-10-05,CM,BSE,STK,531719,INE414D01027,BHAGCHEM,B,,,,,BHAGIRADHA CHEMICALS & INDUSTR,238.95,238.95,228.35,230.10,229.40,235.05,,229.14,,,3695,855729.00,136,F1,1,,,,,
2026-10-05,2026-10-05,CM,BSE,STK,531723,INE224E01028,GATECH,T,,,,,GACM Technologies Limited,0.65,0.68,0.62,0.68,0.68,0.65,,0.68,,,1867345,1222809.00,516,F1,1,,,,,
2026-10-05,2026-10-05,CM,BSE,STK,531726,INE316G01019,PANCHSHEEL,X,,,,,PANCHSHEEL ORGANICS LTD.,102.15,105.00,102.15,103.10,103.90,102.85,,103.10,,,1982,204621.00,43,F1,1,,,,,
2026-10-05,2026-10-05,CM,BSE,STK,531727,INE650G01029,MENNPIS,T,,,,,MENON PISTONS LTD.,70.06,71.89,70.00,70.60,70.30,71.43,,70.59,,,9524,670992.00,92,F1,1,,,,,
2026-10-05,2026-10-05,CM,BSE,STK,531735,INE429Q01019,PRISMFN,P,,,,,PRISM FINANCE LTD.,25.65,25.65,25.65,25.65,25.65,27.00,,25.65,,,100,2565.00,1,F1,100,,,,,
2026-10-05,2026-10-05,CM,BSE,STK,531737,INE414C01045,GREENCREST,X,,,,,GREENCREST FINANCIAL SERVICES,0.60,0.63,0.57,0.59,0.60,0.60,,0.59,,,288396,177354.00,189,F1,1,,,,,
2026-10-05,2026-10-05,CM,BSE,STK,531738,INE913A01024,SILICON,XT,,,,,SILICON VALLEY INFOTECH LTD.,0.03,0.03,0.03,0.03,0.03,0.03,,0.03,,,4252,127.00,4,F1,1,,,,,
2026-10-05,2026-10-05,CM,BSE,STK,531739,INE509C01026,GENNEX,X,,,,,GENNEX LABORATORIES LTD.,9.95,10.25,9.76,9.90,9.93,9.80,,9.90,,,176555,1757233.00,435,F1,1,,,,,
2026-10-05,2026-10-05,CM,BSE,STK,531744,INE548B01018,GINISILK,X,,,,,GINI SILK MILLS LTD.,64.10,64.10,58.00,59.11,59.11,57.00,,59.11,,,1111,64788.00,11,F1,1,,,,,
2026-10-05,2026-10-05,CM,BSE,STK,531746,INE505C01016,PRAENG,B,,,,,PRAJAY ENGINEERS SYNDICATE LTD,21.10,21.10,18.95,19.45,18.95,20.58,,19.03,,,5093,100018.00,96,F1,1,,,,,
2026-10-05,2026-10-05,CM,BSE,STK,531752,INE703D01023,BIOGEN,X,,,,,BIOGEN PHARMACHEM INDUSTRIES L,0.27,0.27,0.26,0.27,0.27,0.27,,0.27,,,1930974,513724.00,755,F1,1,,,,,
2026-10-05,2026-10-05,CM,BSE,STK,531758,INE131D01019,GKCONS,X,,,,,G.K.CONSULTANTS LTD.,11.99,11.99,10.50,10.51,10.50,11.35,,10.51,,,6683,72765.00,24,F1,1,,,,,
2026-10-05,2026-10-05,CM,BSE,STK,531761,INE126J01016,APOLLOPIPE,B,,,,,APOLLO PIPES LIMITED,512.80,531.90,511.70,530.05,529.70,512.75,,530.72,,,11539,6049683.00,465,F1,1,,,,,
2026-10-05,2026-10-05,CM,BSE,STK,531762,INE576D01015,UNJHAFOR,XT,,,,,UNJHA FORMULATIONS LTD.,31.35,32.00,31.35,32.00,32.00,33.00,,32.00,,,1385,43506.00,21,F1,1,,,,,
2026-10-05,2026-10-05,CM,BSE,STK,531768,INE205C01021,POLYMED,A,,,,,POLY MEDICURE LTD.,1621.40,1640.00,1595.45,1617.40,1622.50,1638.35,,1619.49,,,47845,77475164.00,1006,F1,1,,,,,
2026-10-05,2026-10-05,CM,BSE,STK,531769,INE600F01018,PFLINFOTC,X,,,,,PFL INFOTECH LTD.,4.40,4.40,4.40,4.40,4.40,4.49,,4.40,,,100,440.00,1,F1,1,,,,,
2026-10-05,2026-10-05,CM,BSE,STK,531771,INE311M01018,SHRADDHA,B,,,,,SHRADDHA PRIME PROJECTS LTD,160.00,177.05,160.00,166.90,166.90,155.10,,164.92,,,25173,4279284.00,489,F1,1,,,,,
2026-10-05,2026-10-05,CM,BSE,STK,531778,INE059E01010,KACHCHH,X,,,,,KACHCHH MINERALS LTD.,25.24,27.04,25.24,27.04,27.04,25.76,,27.04,,,6,160.00,2,F1,1,,,,,
2026-10-05,2026-10-05,CM,BSE,STK,531779,INE630U01014,PADALPO,X,,,,,PADMANABH ALLOYS & POLYMERS LT,19.49,19.49,19.49,19.49,19.49,19.52,,19.49,,,101,1968.00,3,F1,1,,,,,
2026-10-05,2026-10-05,CM,BSE,STK,531780,INE229G01022,KACL,X,,,,,KAISER CORPORATION LIMITED,5.66,6.05,5.66,5.80,5.80,5.66,,5.80,,,32028,182707.00,129,F1,1,,,,,
2026-10-05,2026-10-05,CM,BSE,STK,531784,INE469F01026,KCLINFRA,X,,,,,KCL Infra Projects Limited,1.27,1.38,1.18,1.32,1.36,1.21,,1.32,,,372779,486485.00,174,F1,1,,,,,
2026-10-05,2026-10-05,CM,BSE,STK,531794,INE331F01028,SESHACHAL,XT,,,,,SESHACHAL TECHNOLOGIES LTD.,63.77,63.77,57.72,63.77,63.77,60.74,,63.77,,,15133,953627.00,31,F1,1,,,,,
2026-10-05,2026-10-05,CM,BSE,STK,531795,INE951D01028,ATULAUTO,B,,,,,ATUL AUTO LTD.,421.75,431.55,421.75,424.65,425.50,424.60,,424.51,,,2632,1121333.00,212,F1,1,,,,,
2026-10-05,2026-10-05,CM,BSE,STK,531797,INE393D01015,SCANPRO,X,,,,,SCAN PROJECTS LTD.,107.50,107.50,107.50,107.50,107.50,102.50,,107.50,,,100,10750.00,1,F1,1,,,,,
2026-10-05,2026-10-05,CM,BSE,STK,531802,INE426H01014,PRERINFRA,X,,,,,PRERNA INFRABUILD LTD.,23.60,24.86,23.60,24.10,24.11,24.52,,24.10,,,7621,183094.00,32,F1,1,,,,,
2026-10-05,2026-10-05,CM,BSE,STK,531810,INE161E01014,METALCO,X,,,,,METAL COATINGS (INDIA) LTD.,47.05,51.99,47.05,50.73,50.73,52.57,,50.73,,,58,2904.00,17,F1,1,,,,,
2026-10-05,2026-10-05,CM,BSE,STK,531812,INE266C01023,SGNTE,X,,,,,SGN TELECOMS LTD.,0.55,0.60,0.55,0.60,0.60,0.55,,0.60,,,35795,19737.00,28,F1,1,,,,,
2026-10-05,2026-10-05,CM,BSE,STK,531813,INE278O01015,GANGAPA,XT,,,,,GANGA PAPERS INDIA LTD.,86.00,86.00,86.00,86.00,86.00,85.09,,86.00,,,40,3440.00,2,F1,1,,,,,
2026-10-05,2026-10-05,CM,BSE,STK,531814,INE297J01023,TIRSARJ,X,,,,,TIRUPATI SARJAN LTD.,7.65,7.90,7.20,7.87,7.89,7.60,,7.87,,,3900,29603.00,36,F1,1,,,,,
2026-10-05,2026-10-05,CM,BSE,STK,531822,INE513E01024,RODIUM,X,,,,,RODIUM REALTY LIMITED,139.00,139.00,138.35,138.85,139.00,139.90,,138.85,,,5,694.00,4,F1,1,,,,,
2026-10-05,2026-10-05,CM,BSE,STK,531832,INE793H01017,NAGTECH,X,,,,,NAGARJUNA AGRI TECH LTD.,36.06,36.06,35.15,36.00,36.00,36.99,,36.00,,,1402,50515.00,16,F1,1,,,,,
2026-10-05,2026-10-05,CM,BSE,STK,531834,INE487B01019,NATHUEC,XT,,,,,NATURA HUE CHEM LTD.,38.97,38.97,35.60,37.90,37.90,37.22,,37.90,,,12188,461330.00,19,F1,1,,,,,
2026-10-05,2026-10-05,CM,BSE,STK,531840,INE172B01017,IECEDU,X,,,,,IEC EDUCATION LTD.,25.06,26.00,24.51,24.58,24.56,24.83,,24.58,,,5146,127401.00,64,F1,1,,,,,
2026-10-05,2026-10-05,CM,BSE,STK,531841,INE935D01013,INDUSFINL,XT,,,,,Indus Finance Limited,326.95,326.95,321.60,322.00,322.00,328.15,,322.00,,,6647,2141299.00,30,F1,1,,,,,
2026-10-05,2026-10-05,CM,BSE,STK,531842,INE515C01023,LAHOTIOV,B,,,,,LAHOTI OVERSEAS LTD.,38.50,41.90,38.50,39.00,39.00,40.71,,39.98,,,908,35390.00,5,F1,1,,,,,
2026-10-05,2026-10-05,CM,BSE,STK,531845,INE318D01020,ZENITHSTL,B,,,,,ZENITH STEEL PIPES AND  INDUST,5.20,5.20,5.00,5.20,5.20,5.12,,5.16,,,9793,50063.00,76,F1,1,,,,,
2026-10-05,2026-10-05,CM,BSE,STK,531846,INE884X01011,TRINITYLEA,X,,,,,TRINITY LEAGUE INDIA LTD.,10.02,10.02,10.02,10.02,10.02,10.02,,10.02,,,2,20.00,2,F1,1,,,,,
2026-10-05,2026-10-05,CM,BSE,STK,531847,INE194D01017,ASTAR,B,,,,,ASIAN STAR CO.LTD.,670.80,670.80,635.05,666.75,666.75,674.15,,653.13,,,283,183508.00,69,F1,1,,,,,
2026-10-05,2026-10-05,CM,BSE,STK,531859,INE457G01029,ORIRAIL,B,,,,,ORIENTAL RAIL INFRASTRUCTURE L,124.80,127.40,120.65,122.20,122.45,124.10,,122.36,,,5125,628492.00,134,F1,1,,,,,
2026-10-05,2026-10-05,CM,BSE,STK,531861,INE024B01010,JOINDRE,X,,,,,JOINDRE CAPITAL SERVICES LTD.,48.45,48.45,47.00,47.48,48.24,47.45,,47.48,,,1277,60520.00,36,F1,1,,,,,
2026-10-05,2026-10-05,CM,BSE,STK,531862,INE842D01029,BHARATAGRI,X,,,,,BHARAT AGRI FERT & REALTY LTD.,22.40,22.50,21.00,21.47,22.00,21.91,,21.47,,,6190,134422.00,83,F1,1,,,,,
2026-10-05,2026-10-05,CM,BSE,STK,531867,INE929K01011,UNITINT,Z,,,,,UNITECH INTERNATIONAL LTD.,2.96,2.96,2.83,2.96,2.96,2.96,,2.96,,,8353,24296.00,27,F1,1,,,,,
2026-10-05,2026-10-05,CM,BSE,STK,531869,INE433G01020,SACHEMT,X,,,,,SACHETA METALS LTD.,3.75,3.75,3.41,3.50,3.50,3.68,,3.50,,,72656,256702.00,130,F1,1,,,,,
2026-10-05,2026-10-05,CM,BSE,STK,531878,INE283D01018,ANJANIFIN,X,,,,,ANJANI FINANCE LTD.,8.05,8.05,8.00,8.00,8.00,8.10,,8.00,,,243,1945.00,6,F1,1,,,,,
2026-10-05,2026-10-05,CM,BSE,STK,531887,INE149D01011,TACENT,XT,,,,,Tacent Projects Limited,51.59,51.59,51.59,51.59,51.59,51.59,,51.59,,,2019,104160.00,18,F1,1,,,,,
2026-10-05,2026-10-05,CM,BSE,STK,531888,INE687C01012,REXNORD,X,,,,,REXNORD ELECTRONICS & CONTROLS,96.42,96.42,92.00,92.68,92.51,94.53,,92.68,,,3506,325635.00,54,F1,1,,,,,
2026-10-05,2026-10-05,CM,BSE,STK,531889,INE882B01037,NWIL,X,,,,,NURTURE WELL INDUSTRIES LIMITE,20.68,20.68,19.50,19.85,19.85,20.03,,19.85,,,271250,5409713.00,957,F1,1,,,,,
2026-10-05,2026-10-05,CM,BSE,STK,531892,INE060B01014,KHANDSE,B,,,,,KHANDWALA SECURITIES LTD.,16.56,17.99,16.56,17.00,17.00,16.51,,16.92,,,52,867.00,9,F1,1,,,,,
2026-10-05,2026-10-05,CM,BSE,STK,531893,INE248B01023,SAWACA,X,,,,,SAWACA ENTERPRISES LIMITED,0.29,0.29,0.27,0.28,0.29,0.28,,0.28,,,1390238,391220.00,355,F1,1,,,,,
2026-10-05,2026-10-05,CM,BSE,STK,531900,INE778E01031,CCLINTER,X,,,,,CCL INTERNATIONAL LTD.,22.99,23.99,21.42,21.57,22.00,22.00,,21.57,,,5407,117851.00,32,F1,1,,,,,
2026-10-05,2026-10-05,CM,BSE,STK,531902,INE755J01012,GALLOPENT,XT,,,,,GALLOPS ENTERPRISE LTD.,38.00,38.00,38.00,38.00,38.00,39.99,,38.00,,,13,494.00,4,F1,1,,,,,
2026-10-05,2026-10-05,CM,BSE,STK,531909,INE587J01027,CROISSANCE,XT,,,,,CROISSANCE LIMITED,0.99,0.99,0.99,0.99,0.99,1.04,,0.99,,,179655,177858.00,112,F1,1,,,,,
2026-10-05,2026-10-05,CM,BSE,STK,531910,INE312M01024,JOJO,XT,,,,,JOJO LIMITED,224.00,224.00,220.70,220.70,220.70,225.20,,220.70,,,1161,257534.00,31,F1,1,,,,,
2026-10-05,2026-10-05,CM,BSE,STK,531911,INE803L01016,GALAGEX,XT,,,,,GALAXY AGRICO EXPORTS LTD.,84.00,91.50,84.00,90.00,90.00,88.17,,90.00,,,34587,3106987.00,22,F1,1,,,,,
2026-10-05,2026-10-05,CM,BSE,STK,531913,INE641H01018,CASTORA,X,,,,,CASTORA AGRI COMMODITIES LIMIT,11.76,12.34,11.32,12.00,11.99,11.87,,12.00,,,4076,48008.00,35,F1,1,,,,,
2026-10-05,2026-10-05,CM,BSE,STK,531918,INE02XD01011,HINDAPL,X,,,,,HINDUSTAN APPLIANCES LTD.,74.00,74.00,74.00,74.00,74.00,77.88,,74.00,,,1,74.00,1,F1,1,,,,,
2026-10-05,2026-10-05,CM,BSE,STK,531921,INE204E01012,AGARIND,B,,,,,AGARWAL INDUSTRIAL CORPORATION,388.85,395.35,379.50,383.95,383.85,385.20,,382.96,,,1884,721931.00,150,F1,1,,,,,
2026-10-05,2026-10-05,CM,BSE,STK,531923,INE956B01013,DHAMPURE,X,,,,,DHAMPURE SPECIALITY SUGARS LTD,144.45,147.40,140.00,143.20,142.15,144.45,,143.20,,,9316,1334781.00,124,F1,1,,,,,
2026-10-05,2026-10-05,CM,BSE,STK,531925,INE545N01019,SHAQUAK,X,,,,,SHANTANU SHEOREY AQUAKULT LTD.,1.02,1.29,1.02,1.29,1.29,1.16,,1.29,,,18628,23772.00,16,F1,1,,,,,
2026-10-05,2026-10-05,CM,BSE,STK,531929,INE214B01017,INNOCORP,X,,,,,INNOCORP LTD.,4.09,4.09,3.85,4.02,4.02,4.01,,4.02,,,201,791.00,3,F1,1,,,,,
2026-10-05,2026-10-05,CM,BSE,STK,531930,INE074H01012,SARTHAKIND,X,,,,,SARTHAK INDUSTRIES LTD.,25.00,25.00,25.00,25.00,25.00,25.00,,25.00,,,579,14475.00,6,F1,1,,,,,
2026-10-05,2026-10-05,CM,BSE,STK,531931,INE531X01018,SAICAPI,B,,,,,SAI CAPITAL LTD.,163.95,163.95,144.85,153.10,144.85,142.00,,153.10,,,93,14879.00,8,F1,1,,,,,
2026-10-05,2026-10-05,CM,BSE,STK,531944,INE185D01015,LEXORAA,X,,,,,LEXORAA INDUSTRIES LIMITED,15.26,16.70,15.26,16.70,16.70,16.06,,16.70,,,16,251.00,5,F1,1,,,,,
2026-10-05,2026-10-05,CM,BSE,STK,531950,INE316D01024,VERTEX,X,,,,,VERTEX SECURITIES LTD.,3.01,3.24,3.01,3.18,3.23,3.09,,3.18,,,13150,41968.00,38,F1,1,,,,,
2026-10-05,2026-10-05,CM,BSE,STK,531952,INE811H01017,RIBATEX,X,,,,,RIBA TEXTILES LTD.,68.95,68.95,64.00,66.74,66.74,65.80,,66.74,,,1281,82825.00,24,F1,1,,,,,
2026-10-05,2026-10-05,CM,BSE,STK,531959,INE997D01021,NEWINFRA,X,,,,,NEWTIME INFRASTRUCTURE LIMITED,1.85,1.85,1.80,1.83,1.83,1.83,,1.83,,,87436,159895.00,149,F1,1,,,,,
2026-10-05,2026-10-05,CM,BSE,STK,531960,INE108B01029,JUNE,XT,,,,,JUNE INDUSTRIES LIMITED,6.41,6.41,6.41,6.41,6.41,6.41,,6.41,,,3804,24383.00,12,F1,1,,,,,
2026-10-05,2026-10-05,CM,BSE,STK,531962,INE914B01012,SHREMETAL,X,,,,,SHREE METALLOYS LTD.,35.40,37.05,34.65,36.97,37.05,36.12,,36.97,,,1752,63411.00,58,F1,1,,,,,
2026-10-05,2026-10-05,CM,BSE,STK,531968,INE786E01018,IITLPROJ,XT,,,,,IITL PROJECTS LIMITED,47.53,47.53,47.06,47.06,47.06,47.06,,47.06,,,72,3408.00,7,F1,1,,,,,
2026-10-05,2026-10-05,CM,BSE,STK,531977,INE558F01026,CHLOGIST,XT,,,,,CHARTERED LOGISTICS LTD.,7.98,8.35,7.63,8.09,8.25,8.03,,8.09,,,123345,953003.00,172,F1,1,,,,,
2026-10-05,2026-10-05,CM,BSE,STK,531978,INE540G01014,AMBIKCO,B,,,,,AMBIKA COTTON MILLS LTD.,1528.10,1541.05,1527.60,1535.90,1537.20,1505.25,,1534.11,,,1435,2204320.00,136,F1,1,,,,,
2026-10-05,2026-10-05,CM,BSE,STK,531979,INE227B01019,HINDALUMI,B,,,,,HIND ALUMINIUM INDUSTRIES LTD.,92.46,93.90,91.50,91.50,91.50,89.85,,91.83,,,466,42854.00,26,F1,1,,,,,
2026-10-05,2026-10-05,CM,BSE,STK,531980,INE564B01015,SENINFO,XT,,,,,SENTHIL INFOTEK LTD,44.06,44.06,44.06,44.06,44.06,44.06,,44.06,,,3096,136409.00,14,F1,1,,,,,
2026-10-05,2026-10-05,CM,BSE,STK,531982,INE547C01018,SPECFOOD,XT,,,,,SPECTRUM FOODS LTD.,18.88,18.88,17.33,18.50,18.50,18.20,,18.50,,,761,13628.00,16,F1,1,,,,,
2026-10-05,2026-10-05,CM,BSE,STK,531989,INE132E01015,DECPO,X,,,,,DECCAN POLYPACKS LTD.,23.62,23.62,23.62,23.62,23.62,22.50,,23.62,,,2841,67104.00,2,F1,1,,,,,
2026-10-05,2026-10-05,CM,BSE,STK,531991,INE735C01027,AMRAAGRI,X,,,,,AMRAWORLD AGRICO LTD.,0.52,0.53,0.52,0.52,0.52,0.52,,0.52,,,23611,12393.00,30,F1,1,,,,,
2026-10-05,2026-10-05,CM,BSE,STK,531994,INE706C01028,AUTOPINS,XT,,,,,AUTO PINS (INDIA) LTD.,158.95,158.95,158.95,158.95,158.95,162.15,,158.95,,,1,158.00,1,F1,1,,,,,
2026-10-05,2026-10-05,CM,BSE,STK,531996,INE839E01023,ODYCORP,B,,,,,ODYSSEY CORPORATION LTD.,7.40,7.40,6.45,6.75,6.75,6.90,,6.83,,,5323,35105.00,18,F1,1,,,,,
2026-10-05,2026-10-05,CM,BSE,STK,531997,INE164D01010,IKOMA,X,,,,,IKOMA TECHNOLOGIES LIMITED,49.64,54.80,49.64,50.43,49.64,52.25,,50.43,,,178419,9004752.00,348,F1,1,,,,,
2026-10-05,2026-10-05,CM,BSE,STK,532001,INE146H01018,INDCTST,X,,,,,INDUCTO STEEL LTD.,62.50,62.50,61.90,62.15,62.50,62.50,,62.15,,,101,6277.00,5,F1,1,,,,,
2026-10-05,2026-10-05,CM,BSE,STK,532005,INE653D01012,SAMINDUS,X,,,,,SAM INDUSTRIES LTD.,36.75,36.75,36.75,36.75,36.75,37.50,,36.75,,,5,183.00,1,F1,1,,,,,
2026-10-05,2026-10-05,CM,BSE,STK,532007,INE981C01019,SHVFL,X,,,,,SHREEVATSAA FINANCE & LEASING,28.00,29.10,28.00,29.00,29.00,27.75,,29.00,,,124,3498.00,6,F1,1,,,,,
2026-10-05,2026-10-05,CM,BSE,STK,532011,INE147C01017,POOJAENT,X,,,,,VASHU BHAGNANI INDUSTRIES LIMI,66.49,67.49,65.20,67.49,67.49,65.69,,67.49,,,476,31841.00,15,F1,1,,,,,
2026-10-05,2026-10-05,CM,BSE,STK,532015,INE995A01013,GRAVITY,X,,,,,GRAVITY (INDIA) LTD.,13.94,13.94,13.03,13.13,13.03,13.71,,13.13,,,51875,684329.00,224,F1,1,,,,,
2026-10-05,2026-10-05,CM,BSE,STK,532016,INE176O01011,ESPIRE,X,,,,,ESPIRE HOSPITALITY LIMITED,155.00,155.00,148.00,148.00,148.00,148.00,,148.00,,,459,67976.00,12,F1,1,,,,,
2026-10-05,2026-10-05,CM,BSE,STK,532019,INE938A01021,LCCINFOTEC,T,,,,,LCC INFOTECH LTD.,4.10,4.10,3.76,3.77,3.76,3.91,,3.72,,,6229,24252.00,29,F1,1,,,,,
2026-10-05,2026-10-05,CM,BSE,STK,532022,INE185E01021,FILATFASH,B,,,,,FILATEX FASHIONS LTD.,0.19,0.19,0.19,0.19,0.19,0.19,,0.19,,,1395678,265178.00,240,F1,1,,,,,
2026-10-05,2026-10-05,CM,BSE,STK,532029,INE325D01025,SINDHUTRAD,B,,,,,SINDHU TRADE LINKS LIMITED,22.57,22.59,21.90,22.47,22.59,22.13,,22.13,,,9610,213739.00,71,F1,1,,,,,
2026-10-05,2026-10-05,CM,BSE,STK,532039,INE486F01012,ZENOTECH,X,,,,,ZENOTECH LABORATORIES LTD.,41.99,44.00,41.00,42.13,42.10,41.99,,42.13,,,8235,351111.00,110,F1,1,,,,,
2026-10-05,2026-10-05,CM,BSE,STK,532041,INE597C01021,HINDBIO,XT,,,,,HINDUSTAN BIO SCIENCES LTD.,7.57,7.57,7.00,7.02,7.49,7.35,,7.02,,,5957,44089.00,43,F1,1,,,,,
2026-10-05,2026-10-05,CM,BSE,STK,532051,INE409B01013,SWELECTES,B,,,,,SWELECT ENERGY SYSTEMS LIMITED,585.00,611.10,585.00,600.45,603.90,594.30,,600.10,,,872,521870.00,111,F1,1,,,,,
2026-10-05,2026-10-05,CM,BSE,STK,532053,INE121B01014,WALLFORT,X,,,,,WALLFORT FINANCIAL SERVICES LT,76.20,79.00,75.00,78.93,79.00,76.15,,78.93,,,262,20586.00,12,F1,1,,,,,
2026-10-05,2026-10-05,CM,BSE,STK,532054,INE291D01011,KDDL,B,,,,,KDDL LTD.,3965.15,4036.50,3878.65,3961.60,3946.10,3920.15,,3943.98,,,6946,27340283.00,1259,F1,1,,,,,
2026-10-05,2026-10-05,CM,BSE,STK,532056,INE398H01015,TRUSTEDGE,X,,,,,Trustedge Capital Limited,135.80,135.80,132.00,132.00,132.00,134.50,,132.00,,,179,23641.00,6,F1,1,,,,,
2026-10-05,2026-10-05,CM,BSE,STK,532057,INE516F01016,ABHICAP,XT,,,,,ABHINAV CAPITAL SERVICES LTD.,151.10,151.10,137.00,143.15,148.00,144.00,,143.15,,,126,18372.00,18,F1,1,,,,,
2026-10-05,2026-10-05,CM,BSE,STK,532067,INE994E01018,3BBLACKBIO,B,,,,,3B BlackBio Dx Limited,1642.90,1733.00,1615.00,1630.30,1630.30,1654.80,,1625.30,,,4003,6686520.00,581,F1,1,,,,,
2026-10-05,2026-10-05,CM,BSE,STK,532070,INE311N01016,GUJJUBHAI,X,,,,,GUJJUBHAI INDUSTRIES LIMITED,115.00,118.00,112.00,114.85,114.95,117.90,,114.85,,,12513,1438938.00,115,F1,1,,,,,
2026-10-05,2026-10-05,CM,BSE,STK,532072,INE177D01020,INTERDIGI,XT,,,,,INTERWORLD DIGITAL LTD.,0.20,0.20,0.19,0.19,0.19,0.20,,0.19,,,173481,33024.00,118,F1,1,,,,,
2026-10-05,2026-10-05,CM,BSE,STK,532090,INE219M01021,ATVOENT,X,,,,,Atvo Enterprises Limited,38.30,39.20,37.50,38.42,38.49,38.28,,38.42,,,25533,971293.00,133,F1,1,,,,,
2026-10-05,2026-10-05,CM,BSE,STK,532092,INE807D01030,EPUJA,X,,,,,EPUJA SPIRITECH LIMITED,1.01,1.01,0.96,1.00,1.00,1.01,,1.00,,,104108,102680.00,90,F1,1,,,,,
2026-10-05,2026-10-05,CM,BSE,STK,532100,INE456B01014,INDOCITY,X,,,,,INDO-CITY INFOTECH LTD.,12.00,12.76,12.00,12.01,12.43,12.45,,12.01,,,569,6958.00,16,F1,1,,,,,
2026-10-05,2026-10-05,CM,BSE,STK,532102,INE948G01019,SBECSUG,X,,,,,SBEC SUGAR LTD.,69.65,73.50,68.00,73.27,73.50,70.00,,73.27,,,10759,777249.00,84,F1,1,,,,,
2026-10-05,2026-10-05,CM,BSE,STK,532113,INE957E01031,BRIJLEAS,X,,,,,BRIJLAXMI LEASING & FINANCE LT,9.52,9.60,9.12,9.12,9.12,10.20,,9.12,,,2388,22717.00,10,F1,1,,,,,
2026-10-05,2026-10-05,CM,BSE,STK,532123,INE395A01016,BSELALGO,X,,,,,BSEL ALGO LIMITED,3.55,4.00,3.47,3.87,3.89,3.53,,3.87,,,147486,556745.00,320,F1,1,,,,,
2026-10-05,2026-10-05,CM,BSE,STK,532124,INE419H01019,RELIABVEN,X,,,,,RELIABLE VENTURES INDIA LTD.,32.80,32.83,31.45,32.83,32.83,29.85,,32.83,,,17506,570833.00,92,F1,1,,,,,
2026-10-05,2026-10-05,CM,BSE,STK,532131,INE382B01012,TRIUMPIN,X,,,,,TRIUMPH INTERNATIONAL FINANCE,17.22,17.41,17.22,17.41,17.41,16.59,,17.41,,,2186,37704.00,4,F1,1,,,,,
2026-10-05,2026-10-05,CM,BSE,STK,532134,INE028A01039,BANKBARODA,A,,,,,BANK OF BARODA,233.00,237.30,232.00,232.35,232.35,231.75,,232.79,,,686118,161246550.00,6623,F1,1,,,,,
2026-10-05,2026-10-05,CM,BSE,STK,532139,INE634D01038,GTEIT,XT,,,,,G-TECH INFO-TRAINING LTD.,9.10,9.57,9.10,9.57,9.57,9.12,,9.57,,,361,3407.00,10,F1,1,,,,,
2026-10-05,2026-10-05,CM,BSE,STK,532140,INE154B01023,MOHITE,B,,,,,MOHITE INDUSTRIES LIMITED,2.54,2.54,2.39,2.45,2.45,2.45,,2.43,,,5599,13815.00,39,F1,1,,,,,
2026-10-05,2026-10-05,CM,BSE,STK,532141,INE666E01020,ACL,B,,,,,ANDHRA CEMENTS LTD.,39.75,40.03,39.50,39.51,39.51,39.75,,39.75,,,6165,243824.00,59,F1,1,,,,,
2026-10-05,2026-10-05,CM,BSE,STK,532143,INE411D01023,SKMEGGPROD,B,,,,,SKM EGG PRODUCTS EXPORT (INDIA,206.25,206.70,199.50,202.00,202.00,205.50,,201.45,,,39115,7930418.00,646,F1,1,,,,,
2026-10-05,2026-10-05,CM,BSE,STK,532144,INE191B01025,WELCORP,A,,,,,WELSPUN CORP LIMITED,2661.10,2673.55,2450.70,2497.10,2499.00,2606.55,,2497.49,,,183675,462417665.00,17155,F1,1,,,,,
2026-10-05,2026-10-05,CM,BSE,STK,532145,INE731B01010,HOTLSILV,X,,,,,H.S.INDIA LTD.,11.32,11.32,10.75,11.00,11.00,11.10,,11.00,,,593,6515.00,15,F1,1,,,,,
2026-10-05,2026-10-05,CM,BSE,STK,532149,INE084A01016,BANKINDIA,A,,,,,BANK OF INDIA,131.85,136.05,131.85,133.25,133.25,129.20,,133.50,,,1291539,172673729.00,4796,F1,1,,,,,
2026-10-05,2026-10-05,CM,BSE,STK,532150,INE681B01017,INDRAMEDCO,A,,,,,INDRAPRASTHA MEDICAL CORP.LTD.,340.60,340.60,331.55,334.10,331.55,338.75,,333.96,,,9222,3099603.00,624,F1,1,,,,,
2026-10-05,2026-10-05,CM,BSE,STK,532154,INE560F01022,JOHNPHARMA,X,,,,,JOHNSON PHARMACARE LIMITED,0.42,0.47,0.41,0.45,0.46,0.42,,0.45,,,2526480,1114605.00,618,F1,1,,,,,
2026-10-05,2026-10-05,CM,BSE,STK,532155,INE129A01019,GAIL,A,,,,,GAIL (INDIA) LTD.,171.65,173.55,166.50,167.50,167.50,170.80,,167.50,,,177285,29982886.00,3097,F1,1,,,,,
2026-10-05,2026-10-05,CM,BSE,STK,532156,INE884A01027,VAIBHAVGBL,B,,,,,VAIBHAV GLOBAL LTD,206.55,206.90,198.40,199.85,200.10,204.30,,199.44,,,25990,5237446.00,606,F1,1,,,,,
2026-10-05,2026-10-05,CM,BSE,STK,532159,INE088D01011,TRESCON,X,,,,,TRESCON LIMITED,6.75,7.49,6.10,7.09,7.24,6.96,,7.09,,,29208,196567.00,84,F1,1,,,,,
2026-10-05,2026-10-05,CM,BSE,STK,532160,INE944A01011,GUJSTATFIN,B,,,,,GUJARAT STATE FINANCIAL CORPOR,10.80,10.80,9.60,9.72,9.70,9.39,,9.72,,,7131,70218.00,87,F1,1,,,,,
2026-10-05,2026-10-05,CM,BSE,STK,532162,INE789E01012,JKPAPER,A,,,,,JK PAPER LTD.,383.00,390.00,382.05,384.70,385.00,382.75,,385.53,,,14614,5631069.00,516,F1,1,,,,,
2026-10-05,2026-10-05,CM,BSE,STK,532163,INE979A01025,SAREGAMA,A,,,,,SAREGAMA INDIA LTD.,503.60,503.65,488.55,497.10,497.65,493.70,,497.10,,,5146,2550985.00,297,F1,1,,,,,
2026-10-05,2026-10-05,CM,BSE,STK,532164,INE514C01026,MINOLTAF,XT,,,,,MINOLTA FINANCE LTD.,1.20,1.20,1.20,1.20,1.20,1.26,,1.20,,,25120,30144.00,6,F1,1,,,,,
2026-10-05,2026-10-05,CM,BSE,STK,532167,INE501C01015,OMKARPH,XT,,,,,OMKAR PHARMACHEM LTD.,10.20,10.20,10.18,10.19,10.19,9.73,,10.19,,,201,2049.00,4,F1,1,,,,,
2026-10-05,2026-10-05,CM,BSE,STK,532172,INE737B01033,ADROITINFO,T,,,,,Adroit Infotech Limited,13.25,13.25,13.25,13.25,13.25,13.94,,13.25,,,3329,44109.00,22,F1,1,,,,,
2026-10-05,2026-10-05,CM,BSE,STK,532173,INE214A01019,CYBERTECH,B,,,,,CYBERTECH SYSTEMS AND SOFTWARE,139.95,154.00,138.40,138.80,139.65,134.20,,139.07,,,12005,1746998.00,481,F1,1,,,,,
2026-10-05,2026-10-05,CM,BSE,STK,532174,INE090A01021,ICICIBANK,A,,,,,ICICI BANK LTD.,1314.45,1334.00,1304.00,1333.00,1333.00,1305.50,,1332.00,,,322585,425044115.00,5639,F1,1,,,,,
2026-10-05,2026-10-05,CM,BSE,STK,532175,INE136B01020,CYIENT,A,,,,,CYIENT LIMITED,1117.60,1173.55,1110.40,1139.95,1139.95,1105.50,,1140.19,,,141509,162962672.00,6489,F1,1,,,,,
2026-10-05,2026-10-05,CM,BSE,STK,532178,INE510A01028,ENGINERSIN,A,,,,,ENGINEERS INDIA LTD.,317.65,319.00,306.75,307.80,307.50,312.65,,307.85,,,173683,54383754.00,2977,F1,1,,,,,
2026-10-05,2026-10-05,CM,BSE,STK,532180,INE680A01011,DHANBANK,B,,,,,DHANLAXMI BANK LIMITED,27.82,27.82,26.20,26.55,26.25,26.87,,26.49,,,47227,1273417.00,486,F1,1,,,,,
2026-10-05,2026-10-05,CM,BSE,STK,532181,INE131A01031,GMDCLTD,A,,,,,GUJARAT MINERAL DEVELOPMENT CO,488.45,500.00,483.05,487.05,487.05,487.80,,487.34,,,85186,41930453.00,2893,F1,1,,,,,
2026-10-05,2026-10-05,CM,BSE,STK,532183,INE622E01023,GAYATRI,X,,,,,GAYATRI SUGARS LTD.,7.27,7.48,7.16,7.31,7.20,7.34,,7.31,,,35335,257522.00,210,F1,1,,,,,
2026-10-05,2026-10-05,CM,BSE,STK,532187,INE095A01012,INDUSINDBK,A,,,,,INDUSIND BANK LTD.,910.75,910.75,880.85,882.30,882.30,880.00,,886.60,,,132502,117252775.00,5608,F1,1,,,,,
2026-10-05,2026-10-05,CM,BSE,STK,532189,INE353K01014,ITDC,B,,,,,INDIA TOURISM DEVELOPMENT CORP,656.95,682.30,656.95,663.30,664.90,666.85,,664.77,,,11178,7529869.00,452,F1,1,,,,,
2026-10-05,2026-10-05,CM,BSE,STK,532209,INE168A01041,J&KBANK,A,,,,,JAMMU & KASHMIR BANK LTD.,141.25,143.40,139.90,141.55,141.20,140.05,,141.53,,,266199,37697641.00,3924,F1,1,,,,,
2026-10-05,2026-10-05,CM,BSE,STK,532210,INE491A01021,CUB,A,,,,,CITY UNION BANK LIMITED,233.20,233.55,225.45,227.50,227.05,229.80,,227.65,,,65673,14986801.00,1212,F1,1,,,,,
2026-10-05,2026-10-05,CM,BSE,STK,532212,INE731A01020,ARCHIES,B,,,,,ARCHIES LTD.,12.20,12.70,12.20,12.50,12.50,12.48,,12.35,,,769,9450.00,14,F1,1,,,,,
2026-10-05,2026-10-05,CM,BSE,STK,532215,INE238A01034,AXISBANK,A,,,,,AXIS BANK LTD.,1221.25,1237.00,1216.20,1223.95,1223.95,1214.00,,1222.20,,,969582,1189984341.00,10961,F1,1,,,,,
2026-10-05,2026-10-05,CM,BSE,STK,532216,INE550B01022,HBSL,B,,,,,HB STOCKHOLDINGS LTD.,57.57,58.42,55.28,58.00,58.00,57.00,,55.85,,,108,6174.00,14,F1,1,,,,,
2026-10-05,2026-10-05,CM,BSE,STK,532217,INE027F01014,CMXLTD,Z,,,,,CMX HOLDINGS LIMITED,19.85,19.85,18.05,19.24,19.24,18.99,,19.24,,,658,12516.00,13,F1,1,,,,,
2026-10-05,2026-10-05,CM,BSE,STK,532218,INE683A01023,SOUTHBANK,A,,,,,SOUTH INDIAN BANK LTD.,48.06,48.80,47.79,48.56,48.56,47.46,,48.54,,,1324345,64035020.00,7779,F1,1,,,,,
2026-10-05,2026-10-05,CM,BSE,STK,532219,INE306C01019,ENERGYDEV,B,,,,,ENERGY DEVELOPMENT COMPANY LTD,14.10,14.98,14.02,14.21,14.45,14.53,,14.39,,,6526,93530.00,81,F1,1,,,,,
2026-10-05,2026-10-05,CM,BSE,STK,532221,INE269A01021,SONATSOFTW,A,,,,,SONATA SOFTWARE LTD.,258.30,264.90,252.65,254.25,254.00,254.00,,254.01,,,79791,20593816.00,1603,F1,1,,,,,
2026-10-05,2026-10-05,CM,BSE,STK,532230,INE665D01016,BENGALT,X,,,,,BENGAL TEA & FABRICS LTD.,137.00,142.80,137.00,141.40,142.80,137.00,,141.40,,,87,11936.00,4,F1,1,,,,,
2026-10-05,2026-10-05,CM,BSE,STK,532234,INE139A01034,NATIONALUM,A,,,,,NATIONAL ALUMINIUM CO.LTD.,335.05,344.05,334.40,338.85,338.85,334.15,,340.00,,,138271,46840549.00,3309,F1,1,,,,,
2026-10-05,2026-10-05,CM,BSE,STK,532240,INE092B01025,INDNIPPON,B,,,,,INDIA NIPPON ELECTRICALS LTD.,1208.85,1251.60,1206.05,1220.20,1222.00,1231.05,,1220.29,,,2487,3057747.00,351,F1,1,,,,,
2026-10-05,2026-10-05,CM,BSE,STK,532256,INE023A01030,NSIL,B,,,,,NALWA SONS INVESTMENTS LTD.,5245.00,5245.00,5143.60,5197.00,5196.00,5182.80,,5199.46,,,115,597793.00,42,F1,1,,,,,
2026-10-05,2026-10-05,CM,BSE,STK,532259,INE372A01015,APARINDS,A,,,,,APAR INDUSTRIES LTD.,17708.10,18369.90,17708.10,18105.85,18105.85,17648.65,,18102.12,,,7161,129805523.00,2350,F1,1,,,,,
2026-10-05,2026-10-05,CM,BSE,STK,532262,INE920B01019,TCIIND,X,,,,,TCI INDUSTRIES LTD.,1180.00,1180.00,1149.50,1149.50,1149.50,1210.00,,1149.50,,,64,74360.00,9,F1,1,,,,,
2026-10-05,2026-10-05,CM,BSE,STK,532268,INE793A01012,ACCELYA,B,,,,,ACCELYA SOLUTIONS INDIA LIMITE,1110.85,1131.55,1096.35,1105.05,1105.00,1096.30,,1105.27,,,4770,5301753.00,617,F1,1,,,,,
2026-10-05,2026-10-05,CM,BSE,STK,532271,INE215B01022,ORCHASP,B,,,,,ORCHASP LIMITED,1.34,1.34,1.25,1.26,1.30,1.31,,1.24,,,70997,91220.00,79,F1,1,,,,,
2026-10-05,2026-10-05,CM,BSE,STK,532275,INE394C01023,LANDMARC,X,,,,,LANDMARC LEISURE CORPORATION L,2.04,2.10,1.98,2.02,2.00,2.00,,2.02,,,81340,167087.00,104,F1,1,,,,,
2026-10-05,2026-10-05,CM,BSE,STK,532281,INE860A01027,HCLTECH,A,,,,,HCL TECHNOLOGIES LTD.,1254.85,1254.85,1196.80,1200.00,1200.00,1246.00,,1201.88,,,157429,191149453.00,8031,F1,1,,,,,
2026-10-05,2026-10-05,CM,BSE,STK,532284,INE389D01013,TCFCFINQ,X,,,,,TCFC FINANCE LTD.,24.00,24.37,22.60,23.88,23.85,24.00,,23.88,,,1316,31064.00,55,F1,1,,,,,
2026-10-05,2026-10-05,CM,BSE,STK,532285,INE007B01023,GEOJITFSL,B,,,,,Geojit Financial Services Limi,75.96,77.00,75.67,76.69,76.86,75.67,,76.59,,,13802,1056639.00,897,F1,1,,,,,
2026-10-05,2026-10-05,CM,BSE,STK,532286,INE749A01030,JINDALSTEL,A,,,,,JINDAL STEEL LIMITED,1099.05,1114.90,1087.70,1107.00,1107.00,1099.00,,1097.31,,,9120,9985177.00,730,F1,1,,,,,
2026-10-05,2026-10-05,CM,BSE,STK,532290,INE791A01024,BLBLIMITED,B,,,,,BLB LTD.,16.50,16.94,15.76,16.03,16.03,16.74,,15.99,,,11385,184315.00,226,F1,1,,,,,
2026-10-05,2026-10-05,CM,BSE,STK,532296,INE935A01035,GLENMARK,A,,,,,GLENMARK PHARMACEUTICALS LTD.,2327.00,2339.45,2273.70,2281.60,2281.60,2336.30,,2294.99,,,15494,35588907.00,2457,F1,1,,,,,
2026-10-05,2026-10-05,CM,BSE,STK,532300,INE049B01025,WOCKPHARMA,A,,,,,WOCKHARDT LTD.,2064.75,2094.10,2003.80,2061.60,2061.60,2086.50,,2063.28,,,67444,138367465.00,4367,F1,1,,,,,
2026-10-05,2026-10-05,CM,BSE,STK,532303,INE934A01012,INTEGHIT,X,,,,,INTEGRATED HITECH LTD.,2.99,2.99,2.99,2.99,2.99,3.00,,2.99,,,457,1366.00,6,F1,1,,,,,
2026-10-05,2026-10-05,CM,BSE,STK,532304,INE602C01011,KJMCCORP,X,,,,,KJMC CORPORATE ADVISORS (INDIA,54.00,57.40,54.00,56.79,56.80,53.92,,56.79,,,21,1191.00,9,F1,1,,,,,
2026-10-05,2026-10-05,CM,BSE,STK,532305,INE915B01019,INDSWFTLAB,B,,,,,IND-SWIFT LABORATORIES LTD.,397.05,407.20,375.00,383.95,382.10,395.25,,385.63,,,29574,11521324.00,746,F1,1,,,,,
2026-10-05,2026-10-05,CM,BSE,STK,532309,INE878A01011,GVPIL,B,,,,,GE Power India Ltd,699.80,712.15,690.15,704.10,706.00,678.90,,704.35,,,21703,15221964.00,1262,F1,1,,,,,
2026-10-05,2026-10-05,CM,BSE,STK,532310,INE879A01019,SHREERAMA,B,,,,,SHREE RAMA MULTI-TECH LTD.,44.14,44.99,43.05,43.10,43.05,43.30,,43.09,,,3691,161549.00,82,F1,1,,,,,
2026-10-05,2026-10-05,CM,BSE,STK,532313,INE813A01018,MAHLIFE,A,,,,,MAHINDRA LIFESPACE DEVELOPERS,354.60,359.75,347.00,351.40,351.60,351.40,,351.10,,,4501,1583440.00,141,F1,1,,,,,
2026-10-05,2026-10-05,CM,BSE,STK,532315,INE042B01012,GROARC,X,,,,,GROARC INDUSTRIES INDIA LIMITE,6.13,6.14,5.90,6.12,6.12,6.13,,6.12,,,1360,8132.00,13,F1,1,,,,,
2026-10-05,2026-10-05,CM,BSE,STK,532320,INE418B01048,VAARAD,X,,,,,VAARAD VENTURES LTD,8.98,9.20,8.32,8.43,8.43,8.98,,8.43,,,2310,20686.00,24,F1,1,,,,,
2026-10-05,2026-10-05,CM,BSE,STK,532321,INE010B01027,ZYDUSLIFE,A,,,,,Zydus Lifesciences Limited,1145.25,1148.40,1128.75,1138.50,1138.50,1145.25,,1139.00,,,38684,44095054.00,2508,F1,1,,,,,
2026-10-05,2026-10-05,CM,BSE,STK,532323,INE555C01029,SHIVACEM,B,,,,,SHIVA CEMENT LTD.,13.38,13.40,11.80,12.73,12.66,13.38,,12.71,,,173670,2196120.00,527,F1,1,,,,,
2026-10-05,2026-10-05,CM,BSE,STK,532324,INE039B01026,CINEVISTA,B,,,,,CINEVISTA LTD.,13.60,13.60,13.60,13.60,13.60,13.60,,13.79,,,166,2257.00,3,F1,1,,,,,
2026-10-05,2026-10-05,CM,BSE,STK,532326,INE781A01025,INTENTECH,B,,,,,INTENSE TECHNOLOGIES LTD.,80.56,81.70,80.13,80.13,80.13,82.16,,80.54,,,622,50041.00,11,F1,1,,,,,
2026-10-05,2026-10-05,CM,BSE,STK,532329,INE310B01013,DANLAW,XT,,,,,DANLAW TECHNOLOGIES INDIA LTD.,1493.95,1544.80,1440.30,1454.35,1485.55,1499.95,,1454.35,,,2454,3630349.00,184,F1,1,,,,,
2026-10-05,2026-10-05,CM,BSE,STK,532331,INE031B01049,AJANTPHARM,A,,,,,AJANTA PHARMA LTD.,3560.65,3581.40,3459.10,3488.40,3485.80,3582.20,,3486.08,,,4834,16977005.00,1032,F1,1,,,,,
2026-10-05,2026-10-05,CM,BSE,STK,532333,INE638B01025,HBPOR,B,,,,,HB PORTFOLIO LTD.,60.15,61.90,60.15,61.50,61.50,59.55,,61.50,,,602,36974.00,6,F1,1,,,,,
2026-10-05,2026-10-05,CM,BSE,STK,532334,INE640B01021,HBESD,B,,,,,HB ESTATE DEVELOPERS LTD.,75.92,80.04,55.00,80.04,80.04,66.70,,79.58,,,29994,2372597.00,142,F1,1,,,,,
2026-10-05,2026-10-05,CM,BSE,STK,532335,INE792B01012,AMBICAAGAR,B,,,,,AMBICA AGARBATHIES & AROMA IND,24.80,25.30,23.41,23.54,23.58,23.40,,23.68,,,1566,37887.00,16,F1,1,,,,,
2026-10-05,2026-10-05,CM,BSE,STK,532336,INE228B01017,BARONINF,Z,,,,,BARON INFOTECH LTD.,1.99,1.99,1.99,1.99,1.99,1.99,,1.99,,,200,398.00,1,F1,1,,,,,
2026-10-05,2026-10-05,CM,BSE,STK,532339,INE453B01029,COMPUSOFT,B,,,,,COMPUCOM SOFTWARE LTD.,13.03,13.40,12.73,13.09,13.09,13.14,,13.00,,,1501,19535.00,44,F1,1,,,,,
2026-10-05,2026-10-05,CM,BSE,STK,532340,INE369B01019,OMNIAX,X,,,,,OMNI AXS SOFTWARE LTD.,3.10,3.10,3.10,3.10,3.10,3.10,,3.10,,,4433,13742.00,9,F1,1,,,,,
2026-10-05,2026-10-05,CM,BSE,STK,532341,INE848A01014,IZMO,B,,,,,IZMO Limited,859.00,892.65,850.85,871.00,872.05,858.40,,870.71,,,3816,3324597.00,334,F1,1,,,,,
2026-10-05,2026-10-05,CM,BSE,STK,532343,INE494B01023,TVSMOTOR,A,,,,,TVS MOTOR COMPANY LTD.,4059.95,4059.95,3920.00,4022.00,4022.00,4021.45,,4030.95,,,43569,173654648.00,5454,F1,1,,,,,
2026-10-05,2026-10-05,CM,BSE,STK,532344,INE002B01016,MADALA,X,,,,,MADALA HOLDINGS LIMITED,165.40,174.75,146.05,164.35,164.35,165.40,,164.35,,,1435,229001.00,72,F1,1,,,,,
2026-10-05,2026-10-05,CM,BSE,STK,532348,INE754A01055,SUBEXLTD,B,,,,,SUBEX LTD.,19.08,20.25,19.08,19.22,19.22,19.36,,19.21,,,790046,15444121.00,1614,F1,1,,,,,
2026-10-05,2026-10-05,CM,BSE,STK,532349,INE688A01022,TCI,B,,,,,TRANSPORT CORPORATION OF INDIA,881.60,884.45,866.00,879.20,874.00,877.30,,878.78,,,5578,4881099.00,567,F1,1,,,,,
2026-10-05,2026-10-05,CM,BSE,STK,532350,INE243B01016,PADMALAYAT,Z,,,,,PADMALAYA TELEFILMS LTD.,3.90,3.90,3.75,3.76,3.75,3.90,,3.76,,,1865,7017.00,8,F1,1,,,,,
2026-10-05,2026-10-05,CM,BSE,STK,532351,INE523B01011,AKSHOPTFBR,T,,,,,AKSH OPTIFIBRE LTD.,7.23,7.23,6.95,7.08,7.08,6.95,,7.04,,,28367,200678.00,71,F1,1,,,,,
2026-10-05,2026-10-05,CM,BSE,STK,532354,INE400B01020,VIRGOGLOB,XT,,,,,Virgo Global Limited,2.81,2.81,2.81,2.81,2.81,2.95,,2.81,,,13284,37328.00,36,F1,1,,,,,
2026-10-05,2026-10-05,CM,BSE,STK,532355,INE448B01029,PICTUREHS,X,,,,,PICTUREHOUSE MEDIA LTD.,7.87,7.87,7.52,7.60,7.73,7.88,,7.60,,,250,1923.00,26,F1,1,,,,,
2026-10-05,2026-10-05,CM,BSE,STK,532356,INE256C01024,TRIVENI,A,,,,,TRIVENI ENGINEERING & INDUSTRI,233.60,241.80,233.60,237.60,237.60,231.35,,237.23,,,75680,18035556.00,2141,F1,1,,,,,
2026-10-05,2026-10-05,CM,BSE,STK,532359,INE309B01023,HITKITGLO,X,,,,,HIT KIT GLOBAL SOLUTIONS LTD.,2.38,2.49,2.28,2.47,2.49,2.38,,2.47,,,73232,176868.00,104,F1,1,,,,,
2026-10-05,2026-10-05,CM,BSE,STK,532362,INE099E01016,NAGPI,X,,,,,NAGPUR POWER & INDUSTRIES LTD.,166.60,175.05,165.00,167.75,167.75,167.40,,167.75,,,18282,3075141.00,57,F1,1,,,,,
2026-10-05,2026-10-05,CM,BSE,STK,532365,INE417B01040,DSSL,B,,,,,DYNACONS SYSTEMS & SOLUTIONS L,967.75,981.70,953.40,962.35,966.35,947.95,,964.68,,,2042,1964115.00,289,F1,1,,,,,
2026-10-05,2026-10-05,CM,BSE,STK,532366,INE859A01011,PNBGILTS,B,,,,,PNB GILTS LTD.,71.25,73.45,71.25,71.82,71.86,71.74,,71.73,,,35934,2607577.00,256,F1,1,,,,,
2026-10-05,2026-10-05,CM,BSE,STK,532368,INE425B01027,BCG,B,,,,,BRIGHTCOM GROUP LIMITED,9.72,9.73,9.05,9.17,9.15,9.49,,9.17,,,673118,6206662.00,1284,F1,1,,,,,
2026-10-05,2026-10-05,CM,BSE,STK,532369,INE614A01028,RAMCOIND,B,,,,,RAMCO INDUSTRIES LTD.,329.50,329.50,296.90,298.40,300.00,302.60,,298.50,,,2870,863254.00,142,F1,1,,,,,
2026-10-05,2026-10-05,CM,BSE,STK,532370,INE246B01019,RAMCOSYS,B,,,,,RAMCO SYSTEMS LTD.,522.60,561.45,522.60,555.70,556.25,546.45,,555.31,,,1520,840154.00,168,F1,1,,,,,
2026-10-05,2026-10-05,CM,BSE,STK,532371,INE517B01013,TTML,A,,,,,TATA TELESERVICES (MAHARASHTRA,34.53,34.85,33.94,34.30,34.30,34.82,,34.33,,,290337,9921811.00,1551,F1,1,,,,,
2026-10-05,2026-10-05,CM,BSE,STK,532372,INE539B01017,VIRINCHI,B,,,,,Virinchi Limited,13.20,13.51,12.75,12.89,12.89,13.07,,12.78,,,6442,83984.00,87,F1,1,,,,,
2026-10-05,2026-10-05,CM,BSE,STK,532373,INE434B01029,WEPSOLN,X,,,,,WEP SOLUTIONS LTD.,33.24,33.95,32.05,32.51,32.51,33.57,,32.51,,,1092,35442.00,21,F1,1,,,,,
2026-10-05,2026-10-05,CM,BSE,STK,532374,INE089C01029,STLTECH,T,,,,,STERLITE TECHNOLOGIES LTD.,954.00,1002.00,934.00,999.60,999.60,954.30,,1001.23,,,175809,171076392.00,6215,F1,1,,,,,
2026-10-05,2026-10-05,CM,BSE,STK,532375,INE716B01029,TIPSMUSIC,A,,,,,TIPS MUSIC LIMITED,648.10,653.65,638.00,639.15,638.00,643.70,,639.10,,,3817,2460314.00,315,F1,1,,,,,
2026-10-05,2026-10-05,CM,BSE,STK,532376,INE398B01018,UMIYA-MRO,B,,,,,UMIYA BUILDCON LIMITED,92.95,94.00,91.65,92.44,92.44,90.45,,91.98,,,198,18330.00,17,F1,1,,,,,
2026-10-05,2026-10-05,CM,BSE,STK,532378,INE464B01018,UNIVARTS,X,,,,,UNIVERSAL ARTS LTD.,4.65,5.39,4.65,5.39,5.39,5.40,,5.39,,,41,198.00,3,F1,1,,,,,
2026-10-05,2026-10-05,CM,BSE,STK,532379,INE683B01047,FIRSTFIN,XT,,,,,FIRST FINTEC LIMITED,14.16,14.16,12.82,14.16,14.16,13.49,,14.16,,,41908,588257.00,107,F1,1,,,,,
2026-10-05,2026-10-05,CM,BSE,STK,532380,INE893A01036,BABA,X,,,,,BABA ARTS LTD.,15.40,15.40,13.82,14.47,14.47,15.09,,14.47,,,27234,396059.00,95,F1,1,,,,,
2026-10-05,2026-10-05,CM,BSE,STK,532382,INE794B01026,BALAJITELE,B,,,,,BALAJI TELEFILMS LTD.,90.99,91.32,88.67,90.47,90.50,89.46,,90.61,,,12326,1114286.00,170,F1,1,,,,,
2026-10-05,2026-10-05,CM,BSE,STK,532384,INE443B01012,TYCHE,X,,,,,TYCHE INDUSTRIES LTD.,108.85,108.85,103.00,103.50,103.50,104.95,,103.50,,,3542,369999.00,54,F1,1,,,,,
2026-10-05,2026-10-05,CM,BSE,STK,532386,INE526B01014,CALSOFT,T,,,,,CALIFORNIA SOFTWARE CO.LTD.,36.00,36.50,34.70,35.21,35.25,36.52,,34.93,,,26445,931416.00,149,F1,1,,,,,
2026-10-05,2026-10-05,CM,BSE,STK,532387,INE392B01011,PNC,B,,,,,PNC Media and Entertainment Li,17.05,17.15,17.00,17.15,17.15,17.13,,17.22,,,3378,57596.00,42,F1,1,,,,,
2026-10-05,2026-10-05,CM,BSE,STK,532388,INE565A01014,IOB,A,,,,,INDIAN OVERSEAS BANK,30.54,31.89,30.51,31.38,31.38,30.37,,31.35,,,413752,12940639.00,1924,F1,1,,,,,
2026-10-05,2026-10-05,CM,BSE,STK,532390,INE586B01026,TAJGVK,B,,,,,TAJGVK HOTELS & RESORTS LTD.,313.70,319.45,313.05,314.85,314.55,314.15,,315.29,,,4328,1365399.00,184,F1,1,,,,,
2026-10-05,2026-10-05,CM,BSE,STK,532392,INE230B01021,CREATIVEYE,B,,,,,CREATIVE EYE LTD.,6.62,6.62,6.15,6.20,6.20,5.95,,5.90,,,155,964.00,5,F1,1,,,,,
2026-10-05,2026-10-05,CM,BSE,STK,532395,INE555B01013,AXISCADES,B,,,,,AXISCADES TECHNOLOGIES LIMITED,2341.10,2360.00,2255.65,2282.15,2285.55,2304.25,,2282.30,,,13736,31720758.00,1473,F1,1,,,,,
2026-10-05,2026-10-05,CM,BSE,STK,532397,INE971A01014,KONNDOR,XT,,,,,KONNDOR INDUSTRIES LIMITED,18.30,18.30,18.30,18.30,18.30,18.35,,18.30,,,3,54.00,1,F1,1,,,,,
2026-10-05,2026-10-05,CM,BSE,STK,532398,INE240C01028,UMESLTD,B,,,,,USHA MARTIN EDUCATION & SOLUTI,4.77,4.77,4.41,4.55,4.55,4.34,,4.37,,,249,1133.00,12,F1,1,,,,,
2026-10-05,2026-10-05,CM,BSE,STK,532400,INE836A01035,BSOFT,A,,,,,BIRLASOFT LIMITED,277.75,280.80,274.45,275.90,276.05,269.70,,276.00,,,87428,24254086.00,1997,F1,1,,,,,
2026-10-05,2026-10-05,CM,BSE,STK,532402,INE718B01017,USGTECH,X,,,,,USG TECH SOLUTIONS LTD.,8.19,8.40,7.65,7.65,7.65,8.14,,7.65,,,1681,13090.00,33,F1,1,,,,,
2026-10-05,2026-10-05,CM,BSE,STK,532404,INE856B01023,7TEC,X,,,,,SAVEN TECHNOLOGIES LTD.,33.17,33.98,33.17,33.32,33.28,33.69,,33.32,,,793,26645.00,60,F1,1,,,,,
2026-10-05,2026-10-05,CM,BSE,STK,532406,INE005B01027,AVANTEL,A,,,,,AVANTEL LTD.,152.20,152.30,147.00,147.50,147.50,150.15,,147.59,,,79377,11814675.00,716,F1,1,,,,,
2026-10-05,2026-10-05,CM,BSE,STK,532407,INE935B01025,MOSCHIP,A,,,,,MOSCHIP TECHNOLOGIES LIMITED,199.60,202.05,195.00,195.80,195.80,198.10,,195.84,,,85711,16922685.00,1832,F1,1,,,,,
2026-10-05,2026-10-05,CM,BSE,STK,532408,INE933B01012,SIGMAADV,T,,,,,SIGMA ADVANCED SYSTEMS LIMITED,1127.30,1127.30,1036.70,1127.30,1127.30,1073.65,,1130.49,,,54877,60571282.00,1589,F1,1,,,,,
2026-10-05,2026-10-05,CM,BSE,STK,532410,INE330E01023,TRANSCOR,B,,,,,TRANSCORP INTERNATIONAL LTD.,25.90,25.90,23.51,24.60,24.60,24.34,,24.60,,,1715,43240.00,18,F1,1,,,,,
2026-10-05,2026-10-05,CM,BSE,STK,532413,INE345B01019,CEREBRAINT,Z,,,,,CEREBRA INTEGRATED TECHNOLOGIE,2.66,2.66,2.66,2.66,2.66,2.71,,2.66,,,6171,16414.00,6,F1,1,,,,,
2026-10-05,2026-10-05,CM,BSE,STK,532416,INE747B01016,NEXTMEDIA,B,,,,,NEXT MEDIAWORKS LTD.,3.66,3.66,3.48,3.65,3.65,3.66,,3.60,,,1254,4481.00,13,F1,1,,,,,
2026-10-05,2026-10-05,CM,BSE,STK,532419,INE178C01020,SMARTLINK,T,,,,,Smartlink Holdings Limited,222.00,223.70,222.00,223.70,223.70,213.05,,222.70,,,1030,230173.00,16,F1,1,,,,,
2026-10-05,2026-10-05,CM,BSE,STK,532424,INE102D01028,GODREJCP,A,,,,,GODREJ CONSUMER PRODUCTS LTD.,840.00,847.20,833.00,837.30,837.30,843.00,,837.00,,,98635,82591451.00,2819,F1,1,,,,,
2026-10-05,2026-10-05,CM,BSE,STK,532425,INE256D01014,GENUSPRIME,XT,,,,,GENUS PRIME INFRA LIMITED,25.12,25.12,25.12,25.12,25.12,26.44,,25.12,,,20361,511468.00,415,F1,1,,,,,
2026-10-05,2026-10-05,CM,BSE,STK,532430,INE243D01012,BFUTILITIE,B,,,,,BF UTILITIES LTD.,508.00,513.05,494.60,496.30,495.50,504.15,,495.93,,,4513,2260120.00,241,F1,1,,,,,
2026-10-05,2026-10-05,CM,BSE,STK,532432,INE854D01024,UNITDSPR,A,,,,,UNITED SPIRITS LTD.,1338.15,1376.60,1330.00,1370.05,1370.05,1338.20,,1369.00,,,17386,23418326.00,2262,F1,1,,,,,
2026-10-05,2026-10-05,CM,BSE,STK,532435,INE799C01049,SANINFRA,X,,,,,SANMIT INFRA LIMITED,48.45,50.19,47.50,48.53,48.98,48.45,,48.53,,,574,28180.00,60,F1,1,,,,,
2026-10-05,2026-10-05,CM,BSE,STK,532439,INE260D01016,OLECTRA,A,,,,,OLECTRA GREENTECH LIMITED,1111.95,1115.00,1070.00,1078.55,1078.55,1097.25,,1078.41,,,28458,31054055.00,1644,F1,1,,,,,
2026-10-05,2026-10-05,CM,BSE,STK,532440,INE943D01017,MPSLTD,B,,,,,MPS LTD.,2657.80,2657.80,2601.10,2635.25,2643.95,2627.30,,2637.11,,,610,1608029.00,135,F1,1,,,,,
2026-10-05,2026-10-05,CM,BSE,STK,532443,INE739E01017,CERA,A,,,,,CERA SANITARYWARE LTD.,4901.20,5118.10,4901.20,5046.00,5061.35,5099.30,,5056.02,,,396,2006423.00,122,F1,1,,,,,
2026-10-05,2026-10-05,CM,BSE,STK,532444,INE541C01037,TSPIRITUAL,X,,,,,T.SPIRITUAL WORLD LTD.,1.89,1.98,1.81,1.98,1.98,1.89,,1.98,,,7767,14964.00,26,F1,1,,,,,
2026-10-05,2026-10-05,CM,BSE,STK,532454,INE397D01024,BHARTIARTL,A,,,,,BHARTI AIRTEL LTD.,1747.65,1782.50,1743.05,1782.50,1782.50,1741.00,,1779.90,,,231377,408425925.00,5145,F1,1,,,,,
2026-10-05,2026-10-05,CM,BSE,STK,532455,INE655D01025,SHALIWIR,X,,,,,SHALIMAR WIRES INDUSTRIES LTD.,21.34,22.09,20.20,21.10,21.50,21.34,,21.10,,,4140,88727.00,59,F1,1,,,,,
2026-10-05,2026-10-05,CM,BSE,STK,532456,INE070C01037,COMPINFO,Z,,,,,COMPUAGE INFOCOM LTD.,1.14,1.14,1.10,1.10,1.10,1.14,,1.09,,,1119,1234.00,5,F1,1,,,,,
2026-10-05,2026-10-05,CM,BSE,STK,532457,INE255D01024,GULPOLY,B,,,,,GULSHAN POLYOLS LTD.,165.65,165.65,159.70,160.95,159.70,161.95,,160.85,,,5868,944993.00,199,F1,1,,,,,
2026-10-05,2026-10-05,CM,BSE,STK,532460,INE838E01017,PONNIERODE,B,,,,,PONNI SUGARS (ERODE) LTD.,379.00,383.90,366.00,371.65,371.65,374.25,,368.45,,,1993,742994.00,126,F1,1,,,,,
2026-10-05,2026-10-05,CM,BSE,STK,532461,INE160A01022,PNB,A,,,,,PUNJAB NATIONAL BANK,110.50,113.55,110.50,112.00,112.00,109.90,,112.34,,,746155,83804608.00,7309,F1,1,,,,,
2026-10-05,2026-10-05,CM,BSE,STK,532466,INE881D01027,OFSS,A,,,,,ORACLE FINANCIAL SERVICES SOFT,10599.95,10655.00,10370.55,10450.00,10450.00,10420.00,,10469.97,,,6396,67286129.00,2183,F1,1,,,,,
2026-10-05,2026-10-05,CM,BSE,STK,532467,INE550F01049,HAZOOR,B,,,,,HAZOOR MULTI PROJECTS LTD.,18.00,18.97,17.60,17.88,17.75,17.78,,17.76,,,52597,945658.00,478,F1,1,,,,,
2026-10-05,2026-10-05,CM,BSE,STK,532468,INE411F01010,KAMAHOLD,B,,,,,KAMA HOLDINGS LIMITED,2264.10,2264.10,2225.55,2230.00,2230.00,2259.85,,2229.60,,,460,1030184.00,118,F1,1,,,,,
2026-10-05,2026-10-05,CM,BSE,STK,532475,INE266F01018,APTECHT,B,,,,,APTECH LTD.,88.50,88.50,86.07,87.26,86.39,87.00,,86.88,,,1390,121463.00,90,F1,1,,,,,
2026-10-05,2026-10-05,CM,BSE,STK,532477,INE692A01016,UNIONBANK,A,,,,,UNION BANK OF INDIA,168.10,171.15,165.70,168.10,168.10,168.00,,167.97,,,281234,47336259.00,3168,F1,1,,,,,
2026-10-05,2026-10-05,CM,BSE,STK,532478,INE686F01025,UBL,A,,,,,UNITED BREWERIES LTD.,1188.80,1190.00,1171.60,1182.85,1183.70,1188.20,,1183.28,,,5683,6707929.00,771,F1,1,,,,,
2026-10-05,2026-10-05,CM,BSE,STK,532481,INE781B01015,NOIDATOLL,B,,,,,NOIDA TOLL BRIDGE COMPANY LTD.,3.53,3.76,3.43,3.59,3.55,3.60,,3.56,,,42353,151205.00,119,F1,1,,,,,
2026-10-05,2026-10-05,CM,BSE,STK,532482,INE101D01020,GRANULES,A,,,,,GRANULES INDIA LTD.,820.80,824.30,799.60,816.70,817.15,820.80,,817.24,,,33244,27102909.00,1716,F1,1,,,,,
2026-10-05,2026-10-05,CM,BSE,STK,532483,INE476A01022,CANBK,A,,,,,CANARA BANK,118.55,120.95,118.30,118.60,118.60,118.50,,118.51,,,1316333,157559725.00,9016,F1,1,,,,,
2026-10-05,2026-10-05,CM,BSE,STK,532485,INE525F01025,BLIL,B,,,,,BALMER LAWRIE INVESTMENTS LTD.,66.02,66.02,64.32,64.65,64.60,64.73,,64.57,,,17182,1110576.00,470,F1,1,,,,,
2026-10-05,2026-10-05,CM,BSE,STK,532486,INE637C01025,POKARNA,B,,,,,POKARNA LTD.,705.00,707.30,690.85,700.45,699.50,699.00,,699.21,,,1309,916188.00,86,F1,1,,,,,
2026-10-05,2026-10-05,CM,BSE,STK,532488,INE361B01024,DIVISLAB,A,,,,,DIVIS LABORATORIES LTD.,9247.95,9282.00,9115.10,9212.85,9212.85,9294.40,,9196.05,,,18074,165695261.00,3071,F1,1,,,,,
2026-10-05,2026-10-05,CM,BSE,STK,532493,INE386C01029,ASTRAMICRO,A,,,,,ASTRA MICROWAVE PRODUCTS LTD.,1648.25,1671.00,1630.05,1651.45,1650.00,1623.70,,1651.70,,,10177,16846453.00,789,F1,1,,,,,
2026-10-05,2026-10-05,CM,BSE,STK,532497,INE944F01028,RADICO,A,,,,,RADICO KHAITAN LTD.,4349.85,4349.85,4241.50,4280.00,4280.00,4268.00,,4289.08,,,10795,46204665.00,1619,F1,1,,,,,
2026-10-05,2026-10-05,CM,BSE,STK,532500,INE585B01010,MARUTI,A,,,,,MARUTI SUZUKI INDIA LTD.,11399.95,11539.90,11310.00,11522.00,11522.00,11400.00,,11531.95,,,40790,466477965.00,10194,F1,1,,,,,
2026-10-05,2026-10-05,CM,BSE,STK,532503,INE296E01026,RAJPALAYAM,B,,,,,RAJAPALAYAM MILLS LTD.,731.00,734.00,731.00,733.00,733.00,737.05,,734.35,,,15,11000.00,5,F1,1,,,,,
2026-10-05,2026-10-05,CM,BSE,STK,532504,INE048G01026,NAVINFLUOR,A,,,,,NAVIN FLUORINE INTERNATIONAL L,8260.15,8337.45,8119.00,8271.55,8271.55,8133.05,,8271.99,,,7774,63680952.00,2389,F1,1,,,,,
2026-10-05,2026-10-05,CM,BSE,STK,532505,INE691A01018,UCOBANK,A,,,,,UCO BANK,23.01,23.90,23.01,23.20,23.20,22.98,,23.16,,,773136,18097498.00,3248,F1,1,,,,,
2026-10-05,2026-10-05,CM,BSE,STK,532507,INE116D01028,BAGFILMS,B,,,,,B.A.G.FILMS & MEDIA LTD.,4.28,4.28,4.08,4.08,4.08,4.06,,4.10,,,1201,4919.00,14,F1,1,,,,,
2026-10-05,2026-10-05,CM,BSE,STK,532508,INE220G01021,JSL,A,,,,,JINDAL STAINLESS LTD.,735.95,746.45,730.00,742.00,742.00,732.40,,742.00,,,14666,10852997.00,1163,F1,1,,,,,
2026-10-05,2026-10-05,CM,BSE,STK,532509,INE399C01030,SUPRAJIT,A,,,,,SUPRAJIT ENGINEERING LTD.,483.85,484.25,457.90,460.90,460.75,481.45,,461.44,,,10990,5130325.00,675,F1,1,,,,,
2026-10-05,2026-10-05,CM,BSE,STK,532513,INE236G01019,TVSELECT,B,,,,,TVS ELECTRONICS LTD.,403.30,403.55,388.00,391.45,391.15,396.55,,391.68,,,6789,2677275.00,183,F1,1,,,,,
2026-10-05,2026-10-05,CM,BSE,STK,532514,INE203G01027,IGL,A,,,,,INDRAPRASTHA GAS LTD.,142.45,143.55,141.50,142.05,142.05,142.90,,142.10,,,107519,15310704.00,2437,F1,1,,,,,
2026-10-05,2026-10-05,CM,BSE,STK,532515,INE038F01029,TVTODAY,B,,,,,TV TODAY NETWORK LTD.,105.95,105.95,100.00,100.20,100.00,101.55,,101.45,,,1420,142836.00,25,F1,1,,,,,
2026-10-05,2026-10-05,CM,BSE,STK,532521,INE218G01033,PALREDTEC,B,,,,,PALRED TECHNOLOGIES LIMITED,46.00,46.00,43.84,43.85,43.85,44.00,,43.76,,,274,12114.00,8,F1,1,,,,,
2026-10-05,2026-10-05,CM,BSE,STK,532522,INE347G01014,PETRONET,A,,,,,PETRONET LNG LTD.,275.10,293.95,275.10,290.25,290.25,286.50,,290.00,,,370207,107188390.00,3129,F1,1,,,,,
2026-10-05,2026-10-05,CM,BSE,STK,532523,INE376G01013,BIOCON,A,,,,,BIOCON LTD.,374.95,374.95,365.20,369.75,369.75,370.90,,369.80,,,82528,30408717.00,2072,F1,1,,,,,
2026-10-05,2026-10-05,CM,BSE,STK,532524,INE877F01012,PTC,A,,,,,PTC INDIA LTD.,156.60,157.80,155.15,157.45,157.40,154.85,,157.51,,,227930,35682387.00,2679,F1,1,,,,,
2026-10-05,2026-10-05,CM,BSE,STK,532525,INE457A01014,MAHABANK,A,,,,,BANK OF MAHARASHTRA,80.51,82.35,79.85,80.64,80.64,80.40,,80.90,,,635307,51555069.00,2508,F1,1,,,,,
2026-10-05,2026-10-05,CM,BSE,STK,532527,INE399G01023,RKFORGE,A,,,,,RAMKRISHNA FORGINGS LTD.,707.40,707.40,692.95,699.90,699.65,695.00,,700.43,,,9394,6567030.00,608,F1,1,,,,,
2026-10-05,2026-10-05,CM,BSE,STK,532528,INE365B01017,DATAMATICS,A,,,,,DATAMATICS GLOBAL SERVICES LTD,782.40,798.55,765.75,769.25,765.75,790.40,,769.71,,,6019,4672661.00,429,F1,1,,,,,
2026-10-05,2026-10-05,CM,BSE,STK,532529,INE155G01029,NDTV,B,,,,,NEW DELHI TELEVISION LTD.,67.05,69.00,66.83,67.01,67.50,68.14,,67.15,,,12424,836586.00,153,F1,1,,,,,
2026-10-05,2026-10-05,CM,BSE,STK,532531,INE939A01011,STAR,A,,,,,STRIDES PHARMA SCIENCE LIMITED,1086.00,1109.50,1080.00,1085.85,1087.20,1082.95,,1086.65,,,9693,10599482.00,722,F1,1,,,,,
2026-10-05,2026-10-05,CM,BSE,STK,532538,INE481G01011,ULTRACEMCO,A,,,,,ULTRATECH CEMENT LTD.,10700.05,10927.90,10700.05,10878.20,10878.20,10799.00,,10850.05,,,9345,101829670.00,1806,F1,1,,,,,
2026-10-05,2026-10-05,CM,BSE,STK,532539,INE405E01023,UNOMINDA,A,,,,,UNO Minda Limited,1076.05,1126.40,1076.05,1099.00,1099.00,1115.00,,1100.98,,,240735,264732910.00,3236,F1,1,,,,,
2026-10-05,2026-10-05,CM,BSE,STK,532540,INE467B01029,TCS,A,,,,,TATA CONSULTANCY SERVICES LTD.,2112.00,2140.80,2065.00,2108.35,2108.35,2079.30,,2114.35,,,475651,1002944482.00,19007,F1,1,,,,,
2026-10-05,2026-10-05,CM,BSE,STK,532541,INE591G01025,COFORGE,A,,,,,COFORGE LIMITED,1835.05,1888.00,1795.30,1843.25,1843.25,1825.20,,1851.98,,,154149,284662906.00,8194,F1,1,,,,,
2026-10-05,2026-10-05,CM,BSE,STK,532543,INE586G01017,GULFPETRO,T,,,,,GP PETROLEUMS LTD,63.50,63.50,60.11,62.50,62.50,62.45,,62.10,,,3973,244503.00,46,F1,1,,,,,
2026-10-05,2026-10-05,CM,BSE,STK,532548,INE348B01021,CENTURYPLY,A,,,,,CENTURY PLYBOARDS (I) LTD.,660.70,682.30,660.70,680.05,682.20,667.70,,680.05,,,3468,2341715.00,1011,F1,1,,,,,
2026-10-05,2026-10-05,CM,BSE,STK,532553,INE625G01013,WELENT,A,,,,,WELSPUN ENTERPRISES LIMTED,735.00,735.30,718.00,723.75,722.30,720.90,,723.11,,,12502,9104149.00,370,F1,1,,,,,
2026-10-05,2026-10-05,CM,BSE,STK,532555,INE733E01010,NTPC,A,,,,,NTPC LTD.,315.70,323.50,315.70,321.30,321.30,316.70,,321.80,,,162269,52034337.00,4982,F1,1,,,,,
2026-10-05,2026-10-05,CM,BSE,STK,532604,INE658G01014,SALSTEEL,B,,,,,S.A.L.STEEL LTD.,102.40,102.40,93.57,93.57,93.57,98.49,,93.97,,,144573,13613567.00,577,F1,1,,,,,
2026-10-05,2026-10-05,CM,BSE,STK,532605,INE927D01051,JBMA,A,,,,,JBM AUTO LTD.,548.00,556.60,541.30,544.55,544.80,544.30,,544.55,,,12062,6612654.00,691,F1,1,,,,,
2026-10-05,2026-10-05,CM,BSE,STK,532610,INE366A01041,DWARKESH,B,,,,,DWARIKESH SUGAR INDUSTRIES LTD,43.09,44.69,42.86,44.01,44.01,41.94,,44.08,,,128708,5654458.00,597,F1,1,,,,,
2026-10-05,2026-10-05,CM,BSE,STK,532612,INE873D01024,INDOCO,B,,,,,INDOCO REMEDIES LTD.,258.00,258.00,244.45,247.00,246.70,251.70,,246.81,,,14498,3596122.00,422,F1,1,,,,,
2026-10-05,2026-10-05,CM,BSE,STK,532613,INE450G01024,VIPCLOTHNG,B,,,,,VIP Clothing Limited,20.28,20.92,19.72,20.10,20.10,20.49,,20.17,,,3829,76658.00,44,F1,1,,,,,
2026-10-05,2026-10-05,CM,BSE,STK,532614,INE691G01015,IMPEXFERRO,Z,,,,,IMPEX FERRO TECH LTD.,6.45,6.45,6.21,6.21,6.21,6.33,,6.21,,,447702,2799000.00,158,F1,1,,,,,
2026-10-05,2026-10-05,CM,BSE,STK,532616,INE692G01013,XCHANGING,B,,,,,XCHANGING SOLUTIONS LTD.,60.30,60.87,57.90,58.38,58.80,60.30,,58.13,,,5213,310305.00,150,F1,1,,,,,
2026-10-05,2026-10-05,CM,BSE,STK,532621,INE161G01027,MORARJEE,Z,,,,,MORARJEE TEXTILES LTD.,9.03,9.03,9.03,9.03,9.03,9.50,,8.28,,,50,451.00,1,F1,1,,,,,
2026-10-05,2026-10-05,CM,BSE,STK,532624,INE796G01012,JINDALPHOT,B,,,,,JINDAL PHOTO LTD.,1031.00,1031.00,1031.00,1031.00,1031.00,1031.00,,1024.88,,,27,27837.00,8,F1,1,,,,,
2026-10-05,2026-10-05,CM,BSE,STK,532626,INE063E01061,POCL,A,,,,,PONDY OXIDES & CHEMICALS LTD.,438.55,448.75,436.10,439.80,441.00,437.15,,439.57,,,34606,15283043.00,1227,F1,1,,,,,
2026-10-05,2026-10-05,CM,BSE,STK,532627,INE351F01018,JPPOWER,A,,,,,JAIPRAKASH POWER VENTURES LIMI,15.00,15.10,14.85,14.92,14.92,14.82,,14.91,,,4089689,61226395.00,4861,F1,1,,,,,
2026-10-05,2026-10-05,CM,BSE,STK,532628,INE748C01038,3IINFOLTD,T,,,,,3I INFOTECH LTD.,23.40,23.40,21.77,22.51,22.51,22.53,,22.61,,,22305,499206.00,163,F1,1,,,,,
2026-10-05,2026-10-05,CM,BSE,STK,532629,INE748A01024,MBECL,T,,,,,MCNALLY BHARAT ENGINEERING COM,503.70,503.70,503.70,503.70,503.70,493.85,,503.85,,,177,89154.00,14,F1,1,,,,,
2026-10-05,2026-10-05,CM,BSE,STK,532630,INE887G01027,GOKEX,A,,,,,GOKALDAS EXPORTS LTD.,679.35,695.10,663.50,672.05,672.40,689.80,,672.29,,,14998,10149922.00,1210,F1,1,,,,,
2026-10-05,2026-10-05,CM,BSE,STK,532633,INE835G01018,ALLDIGI,B,,,,,Alldigi Tech Limited,760.00,770.70,751.00,751.00,751.00,756.90,,750.90,,,271,205979.00,85,F1,1,,,,,
2026-10-05,2026-10-05,CM,BSE,STK,532636,INE530B01024,IIFL,A,,,,,IIFL FINANCE LIMITED,586.70,608.95,586.70,600.80,599.90,584.40,,601.10,,,101641,60800754.00,3429,F1,1,,,,,
2026-10-05,2026-10-05,CM,BSE,STK,532637,INE584F01014,MANGALAM,B,,,,,MANGALAM DRUGS & ORGANICS LTD.,29.39,30.10,28.05,29.83,29.83,29.00,,29.19,,,5098,146086.00,41,F1,1,,,,,
2026-10-05,2026-10-05,CM,BSE,STK,532638,INE498B01024,SHOPERSTOP,B,,,,,SHOPPERS STOP LTD.,408.00,408.00,395.00,396.10,395.00,403.70,,395.51,,,768,306245.00,56,F1,1,,,,,
2026-10-05,2026-10-05,CM,BSE,STK,532640,INE278G01037,CYBERMEDIA,T,,,,,CYBER MEDIA (INDIA) LTD.,18.25,18.34,17.41,17.87,18.00,18.24,,17.71,,,2155,38662.00,16,F1,1,,,,,
2026-10-05,2026-10-05,CM,BSE,STK,532641,INE875G01048,NDL,B,,,,,NANDAN DENIM LIMITED,2.59,2.70,2.58,2.59,2.60,2.57,,2.59,,,223008,584664.00,332,F1,1,,,,,
2026-10-05,2026-10-05,CM,BSE,STK,532642,INE824G01012,JSWHL,A,,,,,JSW HOLDINGS LIMITED,11263.15,11401.45,11037.90,11349.85,11376.00,11263.15,,11349.99,,,273,3089095.00,184,F1,1,,,,,
2026-10-05,2026-10-05,CM,BSE,STK,532644,INE823G01014,JKCEMENT,A,,,,,J.K.CEMENT LTD.,4940.05,4999.00,4910.00,4982.25,4991.90,4952.25,,4981.55,,,912,4507462.00,227,F1,1,,,,,
2026-10-05,2026-10-05,CM,BSE,STK,532645,INE052B01011,BEEYU,X,,,,,BEEYU OVERSEAS LTD.,2.50,2.60,2.49,2.60,2.60,2.60,,2.60,,,26064,67357.00,22,F1,1,,,,,
2026-10-05,2026-10-05,CM,BSE,STK,532648,INE528G01035,YESBANK,A,,,,,YES BANK LTD.,21.10,21.23,20.94,21.10,21.10,20.70,,21.06,,,3357630,70729374.00,25719,F1,1,,,,,
2026-10-05,2026-10-05,CM,BSE,STK,532649,INE023H01027,NECLIFE,B,,,,,NECTAR LIFESCIENCES LTD.,10.18,10.64,10.18,10.57,10.57,10.33,,10.48,,,2586,26996.00,70,F1,1,,,,,
2026-10-05,2026-10-05,CM,BSE,STK,532650,INE752G01015,MSPL,B,,,,,MSP STEEL & POWER LTD.,31.57,32.77,31.54,31.63,31.62,32.70,,31.65,,,108508,3477623.00,758,F1,1,,,,,
2026-10-05,2026-10-05,CM,BSE,STK,532651,INE978G01016,SPLIL,B,,,,,SPL INDUSTRIES LTD.,31.50,31.50,28.58,28.75,28.75,29.32,,28.94,,,914,26872.00,15,F1,1,,,,,
2026-10-05,2026-10-05,CM,BSE,STK,532652,INE614B01018,KTKBANK,A,,,,,KARNATAKA BANK LTD.,325.50,330.05,322.05,326.45,326.60,321.00,,326.74,,,49364,16055724.00,1228,F1,1,,,,,
2026-10-05,2026-10-05,CM,BSE,STK,532654,INE942G01012,MCLEODRUSS,B,,,,,MCLEOD RUSSEL INDIA LTD.,43.50,43.50,41.41,41.57,42.09,42.45,,41.58,,,10582,447068.00,146,F1,1,,,,,
2026-10-05,2026-10-05,CM,BSE,STK,532656,INE828G01013,FACORALL,X,,,,,FACOR ALLOYS LTD.,3.09,3.33,3.04,3.25,3.27,3.03,,3.25,,,188141,607174.00,240,F1,1,,,,,
2026-10-05,2026-10-05,CM,BSE,STK,532660,INE526G01021,VIVIMEDLAB,T,,,,,VIVIMED LABS LTD.,5.89,5.89,5.89,5.89,5.89,5.61,,5.99,,,370,2179.00,3,F1,1,,,,,
2026-10-05,2026-10-05,CM,BSE,STK,532661,INE050H01012,RML,B,,,,,RANE (MADRAS) LTD.,1362.90,1383.15,1351.55,1371.75,1371.75,1344.75,,1372.19,,,3397,4652770.00,330,F1,1,,,,,
2026-10-05,2026-10-05,CM,BSE,STK,532662,INE501G01024,HTMEDIA,B,,,,,HT MEDIA LIMITED,26.00,26.00,22.02,22.02,22.02,22.33,,22.14,,,2344,52376.00,25,F1,1,,,,,
2026-10-05,2026-10-05,CM,BSE,STK,532663,INE231F01020,SASKEN,B,,,,,Sasken Technologies Limited,1730.40,1780.90,1677.75,1684.95,1680.00,1723.05,,1683.22,,,809,1392535.00,217,F1,1,,,,,
2026-10-05,2026-10-05,CM,BSE,STK,532666,INE512B01022,FCSSOFT,B,,,,,FCS SOFTWARE SOLUTIONS LTD.,1.38,1.42,1.38,1.39,1.39,1.38,,1.38,,,212354,295625.00,181,F1,1,,,,,
2026-10-05,2026-10-05,CM,BSE,STK,532667,INE040H01021,SUZLON,A,,,,,SUZLON ENERGY LTD.,38.96,39.45,38.75,38.94,38.94,38.96,,38.92,,,5422603,211968453.00,29848,F1,1,,,,,
2026-10-05,2026-10-05,CM,BSE,STK,532668,INE132H01018,AURIONPRO,A,,,,,AURIONPRO SOLUTIONS LTD.,597.25,640.60,595.60,599.30,600.00,609.40,,598.55,,,17695,10845066.00,1203,F1,1,,,,,
2026-10-05,2026-10-05,CM,BSE,STK,532670,INE087H01022,RENUKA,A,,,,,SHREE RENUKA SUGARS LTD.,21.72,22.37,21.59,21.77,21.75,21.31,,21.76,,,888612,19425044.00,1699,F1,1,,,,,
2026-10-05,2026-10-05,CM,BSE,STK,532673,INE157H01023,KMSUGAR,T,,,,,K.M.SUGAR MILLS LTD.,26.40,28.40,26.39,27.40,27.40,27.77,,26.99,,,21633,581052.00,148,F1,1,,,,,
2026-10-05,2026-10-05,CM,BSE,STK,532674,INE186H01022,BASML,B,,,,,BANNARI AMMAN SPINNING MILLS L,22.80,23.51,22.24,22.45,22.45,22.70,,22.54,,,7111,161800.00,68,F1,1,,,,,
2026-10-05,2026-10-05,CM,BSE,STK,532676,INE160H01019,PBAINFRA,X,,,,,PBA INFRASTRUCTURE LTD.,6.09,6.09,6.09,6.09,6.09,6.41,,6.09,,,7447,45352.00,45,F1,1,,,,,
2026-10-05,2026-10-05,CM,BSE,STK,532683,INE212H01026,AIAENG,A,,,,,AIA ENGINEERING LTD.,3807.15,3883.50,3807.15,3862.70,3857.70,3824.50,,3863.19,,,1246,4793393.00,382,F1,1,,,,,
2026-10-05,2026-10-05,CM,BSE,STK,532684,INE184H01027,EKC,B,,,,,EVEREST KANTO CYLINDER LTD.,107.55,107.70,103.55,105.10,104.60,106.10,,105.13,,,13638,1434964.00,245,F1,1,,,,,
2026-10-05,2026-10-05,CM,BSE,STK,532686,INE202H01019,KERNEX,B,,,,,KERNEX MICROSYSTEMS (INDIA) LT,1620.20,1676.40,1618.55,1660.10,1653.50,1643.85,,1661.64,,,7062,11640379.00,577,F1,1,,,,,
2026-10-05,2026-10-05,CM,BSE,STK,532687,INE461B01014,REPRO,B,,,,,REPRO INDIA LTD.,295.00,306.90,295.00,295.50,297.00,305.45,,294.29,,,1222,368790.00,130,F1,1,,,,,
2026-10-05,2026-10-05,CM,BSE,STK,532689,INE191H01014,PVRINOX,A,,,,,PVR INOX LIMITED,1225.40,1248.70,1214.70,1230.30,1240.00,1216.10,,1231.36,,,24005,29548084.00,1518,F1,1,,,,,
2026-10-05,2026-10-05,CM,BSE,STK,532694,INE855F01042,ASMS,B,,,,,Avio Smart Market Stack Limite,5.81,6.17,5.76,5.84,5.83,5.87,,5.84,,,24817,145920.00,163,F1,1,,,,,
2026-10-05,2026-10-05,CM,BSE,STK,532695,INE185H01016,CELEBRITY,B,,,,,CELEBRITY FASHIONS LTD.,6.25,6.65,6.18,6.48,6.55,6.24,,6.41,,,1044,6842.00,11,F1,1,,,,,
2026-10-05,2026-10-05,CM,BSE,STK,532696,INE216H01027,EDUCOMP,Z,,,,,EDUCOMP SOLUTIONS LTD.,0.92,0.92,0.91,0.92,0.92,0.88,,0.93,,,11098,10209.00,6,F1,1,,,,,
2026-10-05,2026-10-05,CM,BSE,STK,532698,INE229H01012,NITINSPIN,B,,,,,NITIN SPINNERS LTD.,610.95,611.05,596.10,604.05,603.85,596.25,,604.70,,,5096,3077364.00,407,F1,1,,,,,
2026-10-05,2026-10-05,CM,BSE,STK,532699,INE283H01019,ROHLTD,B,,,,,ROYAL ORCHID HOTELS LTD.,306.40,306.40,294.20,297.40,299.20,298.95,,295.11,,,535,158965.00,67,F1,1,,,,,
2026-10-05,2026-10-05,CM,BSE,STK,532700,INE265F01028,ENIL,B,,,,,ENTERTAINMENT NETWORK (INDIA),92.94,92.94,91.65,91.65,91.65,92.94,,91.69,,,1174,108121.00,65,F1,1,,,,,
2026-10-05,2026-10-05,CM,BSE,STK,532701,INE266H01014,CELLA,Z,,,,,CELLA SPACE LIMITED,38.51,39.80,37.83,37.83,37.83,39.82,,37.83,,,12768,487135.00,69,F1,1,,,,,
2026-10-05,2026-10-05,CM,BSE,STK,532705,INE199G01027,JAGRAN,B,,,,,JAGRAN PRAKASHAN LTD.,62.00,62.02,61.00,61.09,61.00,61.46,,61.24,,,11207,687381.00,224,F1,1,,,,,
2026-10-05,2026-10-05,CM,BSE,STK,532707,INE256H01015,DYNPRO,B,,,,,DYNEMIC PRODUCTS LTD.,222.00,224.15,218.20,219.75,219.70,221.50,,220.40,,,322,71348.00,53,F1,1,,,,,
2026-10-05,2026-10-05,CM,BSE,STK,532708,INE251H01024,GVKPIL,T,,,,,GVK POWER & INFRASTRUCTURE LTD,2.45,2.45,2.45,2.45,2.45,2.50,,2.46,,,47773,117043.00,149,F1,1,,,,,
2026-10-05,2026-10-05,CM,BSE,STK,532710,INE226H01026,SADBHAV,B,,,,,SADBHAV ENGINEERING LTD.,6.83,6.98,6.66,6.85,6.85,6.80,,6.86,,,38021,260283.00,91,F1,1,,,,,
2026-10-05,2026-10-05,CM,BSE,STK,532712,INE330H01018,RCOM,T,,,,,RELIANCE COMMUNICATIONS LTD.,0.86,0.87,0.84,0.86,0.86,0.86,,0.85,,,534705,458777.00,288,F1,1,,,,,
2026-10-05,2026-10-05,CM,BSE,STK,532713,INE190H01024,SAKUMA,B,,,,,SAKUMA EXPORTS LTD.,1.57,1.59,1.54,1.54,1.56,1.52,,1.54,,,222521,348597.00,191,F1,1,,,,,
2026-10-05,2026-10-05,CM,BSE,STK,532714,INE389H01022,KEC,A,,,,,KEC INTERNATIONAL LTD.,374.95,380.65,369.65,370.45,369.65,372.40,,370.54,,,71408,26710031.00,2325,F1,1,,,,,
2026-10-05,2026-10-05,CM,BSE,STK,532716,INE047B01011,GILLANDERS,B,,,,,GILLANDERS ARBUTHNOT & CO.LTD.,113.90,116.90,113.90,114.70,116.90,111.20,,115.66,,,524,60239.00,20,F1,1,,,,,
2026-10-05,2026-10-05,CM,BSE,STK,532717,INE332H01014,INDOTECH,B,,,,,INDO TECH TRANSFORMERS LTD.,3461.85,3468.25,3259.90,3278.20,3278.20,3350.80,,3275.59,,,1684,5661738.00,350,F1,1,,,,,
2026-10-05,2026-10-05,CM,BSE,STK,532719,INE350H01032,BLKASHYAP,B,,,,,B.L.KASHYAP AND SONS LTD.,49.60,53.97,49.60,53.21,52.93,50.34,,53.22,,,52991,2776283.00,723,F1,1,,,,,
2026-10-05,2026-10-05,CM,BSE,STK,532720,INE774D01024,M&MFIN,A,,,,,MAHINDRA & MAHINDRA FINANCIAL,323.55,338.10,323.10,326.45,324.55,320.10,,326.21,,,385865,127993960.00,7143,F1,1,,,,,
2026-10-05,2026-10-05,CM,BSE,STK,532721,INE286H01012,VISACHROME,B,,,,,VISA Chrome Limited,35.87,36.44,34.06,34.06,34.06,35.85,,34.07,,,3245,113068.00,53,F1,1,,,,,
2026-10-05,2026-10-05,CM,BSE,STK,532722,INE858F01012,NITCO,B,,,,,NITCO LTD.,85.07,85.30,82.20,82.75,82.43,84.57,,82.69,,,13478,1124271.00,154,F1,1,,,,,
2026-10-05,2026-10-05,CM,BSE,STK,532723,INE493H01014,MPDL,T,,,,,MPDL LIMITED,27.99,28.00,27.99,28.00,28.00,28.00,,27.37,,,14,391.00,4,F1,1,,,,,
2026-10-05,2026-10-05,CM,BSE,STK,532725,INE343H01029,SOLARINDS,A,,,,,SOLAR INDUSTRIES INDIA LTD.,19599.90,19600.00,19274.50,19450.00,19450.00,19355.20,,19539.46,,,5321,103327720.00,1099,F1,1,,,,,
2026-10-05,2026-10-05,CM,BSE,STK,532726,INE297H01019,GALLANTT,A,,,,,GALLANTT ISPAT LIMITED,532.15,533.00,522.45,524.70,523.00,528.45,,522.96,,,1702,897820.00,147,F1,1,,,,,
2026-10-05,2026-10-05,CM,BSE,STK,532728,INE383H01017,MALUPAPER,B,,,,,MALU PAPER MILLS LTD.,30.55,32.00,30.55,31.10,31.10,31.40,,31.19,,,1652,52065.00,27,F1,1,,,,,
2026-10-05,2026-10-05,CM,BSE,STK,532729,INE786F01031,UTTAMSUGAR,B,,,,,UTTAM SUGAR MILLS LTD.,281.85,295.00,281.85,294.75,293.85,277.00,,294.70,,,27566,8010967.00,1046,F1,1,,,,,
2026-10-05,2026-10-05,CM,BSE,STK,532730,INE353H01010,SGL,B,,,,,STL GLOBAL LTD.,8.52,8.60,8.52,8.60,8.60,8.43,,8.84,,,300,2572.00,3,F1,1,,,,,
2026-10-05,2026-10-05,CM,BSE,STK,532732,INE401H01017,KKCL,B,,,,,KEWAL KIRAN CLOTHING LTD.,479.35,480.50,455.85,468.20,470.35,477.75,,470.37,,,1921,903833.00,178,F1,1,,,,,
2026-10-05,2026-10-05,CM,BSE,STK,532733,INE424H01027,SUNTV,A,,,,,SUN TV NETWORK LTD.,613.05,635.25,595.00,627.45,627.45,598.15,,626.88,,,237630,148115059.00,4222,F1,1,,,,,
2026-10-05,2026-10-05,CM,BSE,STK,532734,INE177H01039,GPIL,A,,,,,GODAWARI POWER & ISPAT LTD.,214.85,218.70,210.60,211.30,211.30,215.55,,211.32,,,69172,14757077.00,1498,F1,1,,,,,
2026-10-05,2026-10-05,CM,BSE,STK,532735,INE411H01032,RSYSTEMS,B,,,,,R SYSTEMS INTERNATIONAL LTD.,263.05,264.50,248.45,249.95,249.20,264.15,,249.90,,,177075,45404128.00,2526,F1,1,,,,,
2026-10-05,2026-10-05,CM,BSE,STK,532737,INE296H01011,EMKAY,B,,,,,EMKAY GLOBAL FINANCIAL SERVICE,286.00,291.60,275.25,281.15,280.90,288.90,,280.20,,,15533,4372389.00,276,F1,1,,,,,
2026-10-05,2026-10-05,CM,BSE,STK,532738,INE388G01026,TICL,T,,,,,TwamevConstruction and Infrast,7.82,8.21,7.82,8.21,8.21,7.82,,8.21,,,14672,119620.00,42,F1,1,,,,,
2026-10-05,2026-10-05,CM,BSE,STK,532740,INE397H01017,LOKESHMACH,B,,,,,LOKESH MACHINES LTD.,413.95,451.60,393.70,445.30,445.30,400.30,,446.20,,,73301,31400114.00,2594,F1,1,,,,,
2026-10-05,2026-10-05,CM,BSE,STK,532741,INE390H01020,KAMDHENU,B,,,,,Kamdhenu Limited,37.01,38.02,36.50,36.72,36.74,37.77,,36.73,,,38144,1421298.00,418,F1,1,,,,,
2026-10-05,2026-10-05,CM,BSE,STK,532742,INE111F01024,PAUSHAKLTD,B,,,,,PAUSHAK LTD.,655.40,672.45,646.85,658.60,654.95,647.35,,657.47,,,450,296236.00,74,F1,1,,,,,
2026-10-05,2026-10-05,CM,BSE,STK,532744,INE302H01017,GTNTEX,X,,,,,GTN TEXTILES LTD.,8.59,8.59,8.02,8.55,8.59,8.68,,8.55,,,26,222.00,4,F1,1,,,,,
2026-10-05,2026-10-05,CM,BSE,STK,532748,INE367G01038,PFOCUS,B,,,,,PRIME FOCUS LTD.,302.05,303.00,282.95,286.75,286.75,301.65,,285.71,,,127704,37167941.00,3007,F1,1,,,,,
2026-10-05,2026-10-05,CM,BSE,STK,532749,INE418H01029,ALLCARGO,B,,,,,ALLCARGO LOGISTICS LTD.,10.15,10.32,10.00,10.04,10.04,10.15,,10.03,,,410319,4138836.00,1025,F1,1,,,,,
2026-10-05,2026-10-05,CM,BSE,STK,532754,INE776C01039,GMRAIRPORT,A,,,,,GMR Airports Limited,93.64,93.64,91.20,92.92,92.92,93.66,,92.79,,,12912348,1187414462.00,4298,F1,1,,,,,
2026-10-05,2026-10-05,CM,BSE,STK,532755,INE669C01036,TECHM,A,,,,,TECH MAHINDRA LTD.,1540.15,1560.25,1511.30,1538.40,1538.40,1539.00,,1535.90,,,215578,332250845.00,5580,F1,1,,,,,
2026-10-05,2026-10-05,CM,BSE,STK,532756,INE536H01010,CIEINDIA,A,,,,,CIE Automotive India Limited,376.95,380.85,374.75,378.20,376.00,376.95,,378.01,,,9907,3745728.00,571,F1,1,,,,,
2026-10-05,2026-10-05,CM,BSE,STK,532757,INE540H01012,VOLTAMP,A,,,,,VOLTAMP TRANSFORMERS LTD.,10511.00,10634.95,10510.00,10555.95,10548.45,10391.35,,10560.93,,,292,3082663.00,107,F1,1,,,,,
2026-10-05,2026-10-05,CM,BSE,STK,532759,INE285H01022,ATLANTAA,B,,,,,ATLANTAA LIMITED,36.02,36.21,34.66,35.12,35.40,35.69,,35.03,,,15120,531730.00,71,F1,1,,,,,
2026-10-05,2026-10-05,CM,BSE,STK,532761,INE596H01014,HGM,B,,,,,HANDSON GLOBAL MANAGEMENT (HGM,41.69,41.69,38.60,38.73,41.00,41.69,,38.97,,,150,5981.00,18,F1,1,,,,,
2026-10-05,2026-10-05,CM,BSE,STK,532762,INE731H01025,ACE,A,,,,,ACTION CONSTRUCTION EQUIPMENT,1220.10,1241.70,1203.75,1227.15,1227.50,1212.00,,1227.49,,,14007,17212504.00,1073,F1,1,,,,,
2026-10-05,2026-10-05,CM,BSE,STK,532764,INE916G01016,GEECEE,B,,,,,GEECEE VENTURES LIMITED,361.10,361.10,361.10,361.10,361.10,360.05,,365.90,,,1,361.00,1,F1,1,,,,,
2026-10-05,2026-10-05,CM,BSE,STK,532767,INE336H01023,GAYAPROJ,B,,,,,GAYATRI PROJECTS LTD.,22.51,22.76,21.30,21.46,21.50,22.42,,21.45,,,183056,3975363.00,619,F1,1,,,,,
2026-10-05,2026-10-05,CM,BSE,STK,532768,INE737H01014,FIEMIND,B,,,,,FIEM INDUSTRIES LTD.,1773.75,1812.15,1758.05,1763.40,1761.40,1798.45,,1763.11,,,6149,10978663.00,782,F1,1,,,,,
2026-10-05,2026-10-05,CM,BSE,STK,532771,INE544H01014,JHS,B,,,,,JHS SVENDGAARD LABORATORIES LT,11.50,12.28,10.63,10.63,10.63,11.81,,10.53,,,120229,1310076.00,298,F1,1,,,,,
2026-10-05,2026-10-05,CM,BSE,STK,532772,INE503A01015,DCBBANK,A,,,,,DCB BANK LIMITED,199.40,205.00,196.75,197.55,197.85,199.45,,197.37,,,47132,9382099.00,2632,F1,1,,,,,
2026-10-05,2026-10-05,CM,BSE,STK,532773,INE792H01019,GLOBALVECT,B,,,,,GLOBAL VECTRA HELICORP LTD.,131.00,132.00,129.00,132.00,132.00,130.35,,132.06,,,460,59941.00,41,F1,1,,,,,
2026-10-05,2026-10-05,CM,BSE,STK,532774,INE020G01017,INSPIRISYS,B,,,,,Inspirisys Solutions Limited,85.00,86.51,82.47,83.87,82.80,84.88,,83.03,,,714,59307.00,16,F1,1,,,,,
2026-10-05,2026-10-05,CM,BSE,STK,532775,INE221H01019,GTLINFRA,B,,,,,GTL INFRASTRUCTURE LTD.,1.07,1.09,1.04,1.06,1.06,1.08,,1.06,,,6040675,6400718.00,5629,F1,1,,,,,
2026-10-05,2026-10-05,CM,BSE,STK,532776,INE637H01024,SHIVAMAUTO,B,,,,,SHIVAM AUTOTECH LTD.,16.36,17.58,16.36,16.62,16.95,17.21,,16.66,,,3492,58699.00,34,F1,1,,,,,
2026-10-05,2026-10-05,CM,BSE,STK,532777,INE663F01032,NAUKRI,A,,,,,INFO EDGE (INDIA) LTD.,1220.00,1240.00,1198.00,1200.30,1205.00,1196.60,,1201.70,,,135736,165064485.00,4093,F1,1,,,,,
2026-10-05,2026-10-05,CM,BSE,STK,532779,INE813H01021,TORNTPOWER,A,,,,,TORRENT POWER LTD.,1248.70,1248.75,1231.60,1234.80,1235.15,1242.55,,1234.28,,,212719,262830211.00,523,F1,1,,,,,
2026-10-05,2026-10-05,CM,BSE,STK,532780,INE561H01026,PARSVNATH,T,,,,,PARSVNATH DEVELOPERS LTD.,2.18,2.18,2.18,2.18,2.18,2.14,,2.18,,,12732,27755.00,20,F1,1,,,,,
2026-10-05,2026-10-05,CM,BSE,STK,532782,INE645H01027,SUTLEJTEX,B,,,,,SUTLEJ TEXTILES & INDUSTRIES L,39.75,40.61,36.50,37.03,36.90,35.60,,36.98,,,17073,669821.00,218,F1,1,,,,,
2026-10-05,2026-10-05,CM,BSE,STK,532783,INE818H01020,LTFOODS,A,,,,,LT FOODS LTD.,399.65,406.35,398.60,405.55,405.00,398.40,,405.79,,,20684,8335843.00,704,F1,1,,,,,
2026-10-05,2026-10-05,CM,BSE,STK,532784,INE671H01015,SOBHA,A,,,,,SOBHA,1211.20,1232.45,1189.45,1198.40,1197.00,1215.40,,1198.20,,,9045,10947144.00,905,F1,1,,,,,
2026-10-05,2026-10-05,CM,BSE,STK,532785,INE803H01014,RUCHIRA,B,,,,,RUCHIRA PAPERS LTD.,101.30,105.00,101.05,104.25,104.30,101.50,,103.41,,,7302,757324.00,156,F1,1,,,,,
2026-10-05,2026-10-05,CM,BSE,STK,532790,INE483C01032,TANLA,A,,,,,TANLA PLATFORMS LIMITED,490.85,495.35,485.75,488.25,487.90,487.75,,488.00,,,12297,6039725.00,563,F1,1,,,,,
2026-10-05,2026-10-05,CM,BSE,STK,532794,INE966H01019,ZEEMEDIA,B,,,,,ZEE MEDIA CORPORATION LIMITED,7.10,7.43,7.10,7.19,7.19,7.20,,7.15,,,57309,412811.00,258,F1,1,,,,,
2026-10-05,2026-10-05,CM,BSE,STK,532795,INE965H01011,SITINET,Z,,,,,Siti Networks Ltd.,0.49,0.49,0.49,0.49,0.49,0.49,,0.26,,,9797,4800.00,16,F1,1,,,,,
2026-10-05,2026-10-05,CM,BSE,STK,532796,INE872H01027,LUMAXTECH,A,,,,,LUMAX AUTO TECHNOLOGIES LTD.,1951.35,2006.10,1948.90,1967.30,1979.90,1981.15,,1967.57,,,9665,19044384.00,1038,F1,1,,,,,
2026-10-05,2026-10-05,CM,BSE,STK,532797,INE718H01014,AUTOIND,B,,,,,AUTOLINE INDUSTRIES LTD.,82.21,85.29,82.21,83.00,82.71,81.40,,83.17,,,6051,505952.00,137,F1,1,,,,,
2026-10-05,2026-10-05,CM,BSE,STK,532798,INE870H01013,NETWORK18,A,,,,,NETWORK18 MEDIA & INVESTMENTS,25.10,26.02,25.10,25.45,25.36,25.46,,25.44,,,126949,3245803.00,556,F1,1,,,,,
2026-10-05,2026-10-05,CM,BSE,STK,532799,INE703H01016,HUBTOWN,A,,,,,HUBTOWN LTD.,175.05,178.25,167.25,168.05,167.40,177.10,,168.09,,,38661,6615266.00,515,F1,1,,,,,
2026-10-05,2026-10-05,CM,BSE,STK,532801,INE627H01017,CTE,T,,,,,CAMBRIDGE TECHNOLOGY ENTERPRIS,39.00,39.00,36.91,36.91,36.91,38.85,,37.12,,,3136,116823.00,21,F1,1,,,,,
2026-10-05,2026-10-05,CM,BSE,STK,532804,INE545H01011,TIIL,B,,,,,TECHNOCRAFT INDUSTRIES (INDIA),2879.65,2895.65,2810.00,2822.05,2810.00,2894.10,,2815.53,,,901,2564841.00,188,F1,1,,,,,
2026-10-05,2026-10-05,CM,BSE,STK,532805,INE891D01026,REDINGTON,A,,,,,Redington Limited,403.60,416.95,401.05,412.75,411.80,397.80,,412.75,,,429048,176355852.00,7161,F1,1,,,,,
2026-10-05,2026-10-05,CM,BSE,STK,532806,INE768E01024,AICHAMP,X,,,,,AI CHAMPDANY INDUSTRIES LTD.,18.87,19.92,18.87,18.87,18.87,18.50,,18.87,,,2113,40692.00,32,F1,1,,,,,
2026-10-05,2026-10-05,CM,BSE,STK,532807,INE704H01022,CINELINE,B,,,,,CINELINE INDIA LIMITED,89.97,89.97,85.07,87.54,88.13,87.13,,86.24,,,78,6723.00,12,F1,1,,,,,
2026-10-05,2026-10-05,CM,BSE,STK,532808,INE940H01022,PGIL,A,,,,,PEARL GLOBAL INDUSTRIES LIMITE,1255.60,1286.95,1254.55,1267.40,1272.25,1264.70,,1266.60,,,12505,15826979.00,2720,F1,1,,,,,
2026-10-05,2026-10-05,CM,BSE,STK,532809,INE684F01012,FSL,A,,,,,FIRSTSOURCE SOLUTIONS LTD.,252.90,259.00,252.00,257.25,259.00,250.70,,257.40,,,82051,20910408.00,1671,F1,1,,,,,
2026-10-05,2026-10-05,CM,BSE,STK,532810,INE134E01011,PFC,A,,,,,POWER FINANCE CORPORATION LTD.,320.00,323.25,317.65,323.00,323.00,318.00,,322.01,,,469719,150549844.00,6581,F1,1,,,,,
2026-10-05,2026-10-05,CM,BSE,STK,532811,INE758C01029,AHLUCONT,A,,,,,AHLUWALIA CONTRACTS (INDIA) LT,555.20,577.00,551.75,569.25,567.40,556.90,,569.78,,,14422,8229077.00,721,F1,1,,,,,
2026-10-05,2026-10-05,CM,BSE,STK,532812,INE804H01012,TFL,B,,,,,TRANSWARRANTY FINANCE LTD.,11.71,12.38,11.71,12.38,12.38,11.06,,12.03,,,820,10017.00,3,F1,1,,,,,
2026-10-05,2026-10-05,CM,BSE,STK,532814,INE562A01011,INDIANB,A,,,,,INDIAN BANK,808.80,817.60,802.20,808.40,808.40,799.95,,809.99,,,60880,49289933.00,2164,F1,1,,,,,
2026-10-05,2026-10-05,CM,BSE,STK,532815,INE812G01025,SMSPHARMA,B,,,,,SMS PHARMACEUTICALS LTD.,478.35,491.20,472.65,477.20,475.85,471.60,,477.83,,,55400,26727674.00,1204,F1,1,,,,,
2026-10-05,2026-10-05,CM,BSE,STK,532817,INE998H01012,ORIENTALTL,B,,,,,ORIENTAL TRIMEX LTD.,5.12,5.12,4.61,4.98,4.98,4.85,,4.84,,,8386,41462.00,58,F1,1,,,,,
2026-10-05,2026-10-05,CM,BSE,STK,532820,INE311H01018,ELAND,X,,,,,E-Land Apparel Limited,11.46,11.46,10.01,11.00,11.00,10.49,,11.00,,,6530,67654.00,33,F1,1,,,,,
2026-10-05,2026-10-05,CM,BSE,STK,532822,INE669E01016,IDEA,A,,,,,VODAFONE IDEA  LIMITED,12.76,12.90,12.56,12.75,12.75,12.65,,12.74,,,21642473,274860584.00,238785,F1,1,,,,,
2026-10-05,2026-10-05,CM,BSE,STK,532825,INE702H01018,JAGJANANI,XT,,,,,JAGJANANI TEXTILES LTD.,6.33,6.64,6.33,6.64,6.64,6.33,,6.64,,,76122,505448.00,29,F1,1,,,,,
2026-10-05,2026-10-05,CM,BSE,STK,532826,INE952H01027,RAJTV,T,,,,,RAJ TELEVISION NETWORK LTD.,11.24,11.24,10.70,11.07,11.07,10.73,,10.64,,,371,3988.00,9,F1,1,,,,,
2026-10-05,2026-10-05,CM,BSE,STK,532827,INE761H01022,PAGEIND,A,,,,,PAGE INDUSTRIES LTD.,36900.05,37800.00,36680.00,37450.00,37450.00,36600.00,,37464.89,,,873,32668672.00,213,F1,1,,,,,
2026-10-05,2026-10-05,CM,BSE,STK,532828,INE005I01014,AMDIND,T,,,,,AMD INDUSTRIES LTD.,52.00,53.26,50.82,50.86,51.80,52.49,,50.92,,,2493,127897.00,35,F1,1,,,,,
2026-10-05,2026-10-05,CM,BSE,STK,532829,INE976H01018,LEHAR,X,,,,,LEHAR FOOTWEARS LIMITED,200.20,207.95,195.00,197.95,198.00,198.05,,197.95,,,10473,2077739.00,228,F1,1,,,,,
2026-10-05,2026-10-05,CM,BSE,STK,532830,INE006I01046,ASTRAL,A,,,,,ASTRAL LIMITED,1350.60,1365.90,1344.00,1360.00,1360.00,1339.00,,1362.03,,,9470,12847096.00,1079,F1,1,,,,,
2026-10-05,2026-10-05,CM,BSE,STK,532832,INE069I01010,EMBDL,A,,,,,EMBASSY DEVELOPMENTS LIMITED,57.01,58.31,55.44,56.06,56.25,56.12,,56.05,,,173894,9779523.00,877,F1,1,,,,,
2026-10-05,2026-10-05,CM,BSE,STK,532834,INE052I01032,CAMLINFINE,B,,,,,Camlin Fine Sciences Ltd,91.14,93.46,89.65,91.24,91.55,91.13,,91.16,,,22193,2022493.00,804,F1,1,,,,,
2026-10-05,2026-10-05,CM,BSE,STK,532835,INE725G01011,ICRA,B,,,,,ICRA LTD.,4315.95,4325.40,4249.00,4303.80,4271.45,4315.70,,4297.68,,,10852,46549463.00,201,F1,1,,,,,
2026-10-05,2026-10-05,CM,BSE,STK,532839,INE836F01026,DISHTV,B,,,,,DISH TV INDIA LTD.,2.17,2.20,2.09,2.10,2.11,2.16,,2.10,,,443021,945076.00,558,F1,1,,,,,
2026-10-05,2026-10-05,CM,BSE,STK,532841,INE280H01015,SAHYADRI,B,,,,,SAHYADRI INDUSTRIES LTD.,357.00,363.10,348.40,360.95,358.00,356.50,,361.33,,,892,318096.00,104,F1,1,,,,,
2026-10-05,2026-10-05,CM,BSE,STK,532842,INE917H01012,SRHHYPOLTD,B,,,,,SREE RAYALASEEMA HI-STRENGTH H,551.15,551.15,532.75,541.60,545.85,543.90,,538.01,,,3098,1668150.00,460,F1,1,,,,,
2026-10-05,2026-10-05,CM,BSE,STK,532843,INE061F01013,FORTIS,A,,,,,FORTIS HEALTHCARE LTD.,788.95,788.95,765.00,765.00,765.00,785.90,,763.81,,,231863,179381117.00,3402,F1,1,,,,,
2026-10-05,2026-10-05,CM,BSE,STK,532845,INE797H01018,TGBHOTELS,B,,,,,TGB BANQUETS AND HOTELS LTD.,9.80,9.80,9.75,9.75,9.75,9.44,,9.51,,,11,107.00,3,F1,1,,,,,
2026-10-05,2026-10-05,CM,BSE,STK,532847,INE788H01017,HILTON,B,,,,,HILTON METAL FORGING LTD.,17.60,17.60,16.45,16.88,16.90,16.81,,16.77,,,5803,97973.00,114,F1,1,,,,,
2026-10-05,2026-10-05,CM,BSE,STK,532848,INE124G01033,DELTACORP,B,,,,,DELTA CORP LTD.,75.31,87.44,71.27,85.81,85.81,73.27,,85.45,,,5728881,471158676.00,13640,F1,1,,,,,
2026-10-05,2026-10-05,CM,BSE,STK,532850,INE287C01037,MICEL,T,,,,,MIC ELECTRONICS LTD.,35.89,35.89,35.11,35.28,35.28,35.80,,35.28,,,10872,385500.00,80,F1,1,,,,,
2026-10-05,2026-10-05,CM,BSE,STK,532851,INE070I01018,INSECTICID,B,,,,,INSECTICIDES (INDIA) LTD.,587.75,590.00,564.35,577.10,577.10,567.30,,578.80,,,1358,784566.00,126,F1,1,,,,,
2026-10-05,2026-10-05,CM,BSE,STK,532853,INE228I01012,ASAHISONG,T,,,,,ASAHI SONGWON COLORS LTD.,376.20,376.20,362.15,364.70,362.15,371.70,,366.12,,,447,165690.00,29,F1,1,,,,,
2026-10-05,2026-10-05,CM,BSE,STK,532855,INE928H01019,HARYNACAP,X,,,,,HARYANA CAPFIN LTD.,141.80,145.00,141.80,143.40,145.00,140.40,,143.40,,,211,30239.00,8,F1,1,,,,,
2026-10-05,2026-10-05,CM,BSE,STK,532856,INE508G01029,TIMETECHNO,A,,,,,TIME TECHNOPLAST LTD.,180.00,181.75,177.50,178.55,178.55,180.30,,178.69,,,63229,11323560.00,863,F1,1,,,,,
2026-10-05,2026-10-05,CM,BSE,STK,532859,INE170I01016,HGS,B,,,,,HINDUJA GLOBAL SOLUTIONS LTD.,370.00,376.80,363.00,365.55,367.50,366.90,,364.96,,,295,107712.00,65,F1,1,,,,,
2026-10-05,2026-10-05,CM,BSE,STK,532864,INE189I01024,NELCAST,B,,,,,NELCAST LTD.,117.35,122.90,117.35,121.05,122.00,120.60,,121.43,,,5570,673429.00,82,F1,1,,,,,
2026-10-05,2026-10-05,CM,BSE,STK,532866,INE033B01011,QUINTEGRA,B,,,,,QUINTEGRA SOLUTIONS LTD.,1.43,1.50,1.41,1.50,1.50,1.43,,1.50,,,87789,131357.00,45,F1,1,,,,,
2026-10-05,2026-10-05,CM,BSE,STK,532867,INE945H01021,V2RETAIL,B,,,,,V2 RETAIL LTD.,182.15,185.00,162.55,168.55,168.55,201.80,,169.24,,,1417153,244981169.00,17126,F1,1,,,,,
2026-10-05,2026-10-05,CM,BSE,STK,532868,INE271C01023,DLF,A,,,,,DLF LTD.,665.95,676.30,665.00,672.00,672.00,662.60,,672.99,,,137764,92551530.00,3541,F1,1,,,,,
2026-10-05,2026-10-05,CM,BSE,STK,532869,INE924H01018,TARMAT,B,,,,,TARMAT LTD.,58.48,58.48,55.50,57.61,57.61,57.06,,56.20,,,333,18789.00,8,F1,1,,,,,
2026-10-05,2026-10-05,CM,BSE,STK,532870,INE106I01010,ANKITMETAL,Z,,,,,ANKIT METAL & POWER LTD.,2.21,2.21,2.21,2.21,2.21,2.11,,2.20,,,26475,58509.00,30,F1,1,,,,,
2026-10-05,2026-10-05,CM,BSE,STK,532872,INE232I01014,SPARC,B,,,,,SUN PHARMA ADVANCED RESEARCH C,193.25,201.40,189.40,190.70,191.05,194.25,,191.21,,,104902,20276045.00,1621,F1,1,,,,,
2026-10-05,2026-10-05,CM,BSE,STK,532873,INE191I01012,HDIL,Z,,,,,HOUSING DEVELOPMENT & INFRASTR,1.45,1.50,1.42,1.48,1.48,1.46,,1.47,,,34808,50412.00,67,F1,1,,,,,
2026-10-05,2026-10-05,CM,BSE,STK,532875,INE102I01027,ADSL,B,,,,,ALLIED DIGITAL SERVICES LTD.,105.10,109.60,102.80,105.45,105.20,106.55,,105.51,,,23995,2520367.00,459,F1,1,,,,,
2026-10-05,2026-10-05,CM,BSE,STK,532878,INE385I01010,ALPA,B,,,,,ALPA LABORATORIES LTD.,57.00,59.79,57.00,59.09,59.55,59.99,,59.00,,,419,24725.00,28,F1,1,,,,,
2026-10-05,2026-10-05,CM,BSE,STK,532880,INE800H01010,OMAXE,B,,,,,OMAXE LTD.,107.45,111.70,106.00,107.60,108.00,108.50,,107.44,,,29271,3136994.00,256,F1,1,,,,,
2026-10-05,2026-10-05,CM,BSE,STK,532884,INE056I01025,REFEX,A,,,,,REFEX INDUSTRIES LTD.,272.00,275.65,267.65,272.05,270.10,271.45,,271.32,,,24781,6719917.00,445,F1,1,,,,,
2026-10-05,2026-10-05,CM,BSE,STK,532885,INE483A01010,CENTRALBK,A,,,,,CENTRAL BANK OF INDIA,30.25,30.55,30.01,30.30,30.45,30.01,,30.31,,,426411,12926172.00,2545,F1,1,,,,,
2026-10-05,2026-10-05,CM,BSE,STK,532886,INE105I01020,SELMC,T,,,,,SEL MANUFACTURING COMPANY LTD.,26.89,26.89,24.45,24.45,24.45,25.73,,23.84,,,261,6407.00,5,F1,1,,,,,
2026-10-05,2026-10-05,CM,BSE,STK,532887,INE333I01044,NEUEON,T,,,,,Neueon Corporation Limited,14.81,15.43,14.67,14.67,14.67,15.44,,14.50,,,4998,73369.00,19,F1,1,,,,,
2026-10-05,2026-10-05,CM,BSE,STK,532888,INE022I01019,ASIANTILES,B,,,,,ASIAN GRANITO INDIA LTD.,48.07,48.07,46.51,46.84,46.84,48.06,,46.66,,,82534,3895274.00,575,F1,1,,,,,
2026-10-05,2026-10-05,CM,BSE,STK,532889,INE930H01031,KPRMILL,A,,,,,K.P.R.MILL LIMITED,1070.25,1080.00,1051.55,1072.55,1071.80,1071.60,,1072.60,,,30462,32400092.00,707,F1,1,,,,,
2026-10-05,2026-10-05,CM,BSE,STK,532890,INE142I01023,TAKE,B,,,,,TAKE LIMITED,12.61,12.87,11.98,12.07,11.98,12.61,,12.06,,,249289,3010265.00,745,F1,1,,,,,
2026-10-05,2026-10-05,CM,BSE,STK,532891,INE323I01011,PURVA,B,,,,,Puravankara Limited,207.10,208.90,201.80,207.00,208.90,203.70,,206.94,,,16532,3400549.00,180,F1,1,,,,,
2026-10-05,2026-10-05,CM,BSE,STK,532892,INE338I01027,MOTILALOFS,A,,,,,MOTILAL OSWAL FINANCIAL SERVIC,989.90,1018.60,989.35,1007.00,1007.00,990.00,,1011.04,,,42663,43028203.00,1745,F1,1,,,,,
2026-10-05,2026-10-05,CM,BSE,STK,532893,INE222F01029,VTMLTD,B,,,,,VTM LTD.,38.99,39.98,37.30,38.48,39.00,38.25,,38.32,,,15960,604631.00,349,F1,1,,,,,
2026-10-05,2026-10-05,CM,BSE,STK,532894,INE227G01018,INDOWIND,B,,,,,INDOWIND ENERGY LTD.,8.99,8.99,8.01,8.55,8.37,8.42,,8.41,,,19570,163268.00,82,F1,1,,,,,
2026-10-05,2026-10-05,CM,BSE,STK,532895,INE245I01016,NAGREEKCAP,B,,,,,NAGREEKA CAPITAL & INFRASTRUCT,23.05,25.95,23.05,25.02,25.23,25.53,,25.47,,,1405,35661.00,26,F1,1,,,,,
2026-10-05,2026-10-05,CM,BSE,STK,532896,INE387I01016,MAGNUM,B,,,,,MAGNUM VENTURES LTD.,18.58,19.05,18.10,18.10,18.10,18.22,,18.22,,,2691,48762.00,29,F1,1,,,,,
2026-10-05,2026-10-05,CM,BSE,STK,532898,INE752E01010,POWERGRID,A,,,,,POWER GRID CORPORATION OF INDI,255.05,259.50,255.05,257.00,257.00,254.65,,257.00,,,471453,121130661.00,3567,F1,1,,,,,
2026-10-05,2026-10-05,CM,BSE,STK,532899,INE455I01029,KSCL,B,,,,,KAVERI SEED COMPANY LTD.,720.00,725.00,699.95,702.10,703.45,715.25,,701.57,,,5953,4205795.00,584,F1,1,,,,,
2026-10-05,2026-10-05,CM,BSE,STK,532900,INE420C01059,PAISALO,A,,,,,PAISALO DIGITAL LIMITED,80.88,81.55,79.00,81.17,81.17,79.89,,81.13,,,905146,72846431.00,3352,F1,1,,,,,
2026-10-05,2026-10-05,CM,BSE,STK,532902,INE429I01024,CCCL,B,,,,,CONSOLIDATED CONSTRUCTION CONS,13.31,13.50,13.06,13.40,13.40,13.50,,13.19,,,17031,224252.00,81,F1,1,,,,,
2026-10-05,2026-10-05,CM,BSE,STK,532904,INE550H01011,SUPREMEINF,B,,,,,SUPREME INFRASTRUCTURE INDIA L,68.25,68.25,61.38,63.02,63.02,66.91,,61.60,,,2978,193637.00,85,F1,1,,,,,
2026-10-05,2026-10-05,CM,BSE,STK,532906,INE215I01027,MAANALU,B,,,,,MAAN ALUMINIUM LTD.,99.70,106.40,99.65,104.80,104.50,99.75,,104.98,,,11637,1219549.00,434,F1,1,,,,,
2026-10-05,2026-10-05,CM,BSE,STK,532907,INE369I01014,IL&FSENGG,Z,,,,,IL&FS ENGINEERING AND CONSTRUC,40.00,40.00,38.71,39.90,39.90,38.11,,39.78,,,5319,212330.00,28,F1,1,,,,,
2026-10-05,2026-10-05,CM,BSE,STK,532911,INE272G01014,PARLEIND,X,,,,,PARLE INDUSTRIES LIMITED,5.64,5.65,5.50,5.55,5.55,5.62,,5.55,,,133488,740391.00,515,F1,1,,,,,
2026-10-05,2026-10-05,CM,BSE,STK,532915,INE621H01010,RELIGARE,A,,,,,RELIGARE ENTERPRISES LTD.,224.75,226.75,222.65,223.75,223.85,224.75,,223.45,,,21547,4825298.00,406,F1,1,,,,,
2026-10-05,2026-10-05,CM,BSE,STK,532916,INE139I01011,BVCL,B,,,,,BARAK VALLEY CEMENTS LTD.,42.04,43.00,41.15,41.27,41.25,42.04,,41.22,,,472,19474.00,22,F1,1,,,,,
2026-10-05,2026-10-05,CM,BSE,STK,532918,INE575I01016,RATHIBAR,X,,,,,RATHI BARS LTD.,15.12,15.44,15.12,15.27,15.36,15.75,,15.27,,,7749,117823.00,40,F1,1,,,,,
2026-10-05,2026-10-05,CM,BSE,STK,532921,INE742F01042,ADANIPORTS,A,,,,,ADANI PORTS AND SPECIAL ECONOM,1760.05,1778.00,1738.50,1775.00,1775.00,1737.95,,1774.01,,,124692,218898502.00,6193,F1,1,,,,,
2026-10-05,2026-10-05,CM,BSE,STK,532922,INE532F01054,EDELWEISS,A,,,,,EDELWEISS FINANCIAL SERVICES L,138.25,139.20,135.10,135.50,136.10,138.55,,135.47,,,234549,32056668.00,1396,F1,1,,,,,
2026-10-05,2026-10-05,CM,BSE,STK,532923,INE722H01024,RGL,B,,,,,RENAISSANCE GLOBAL LIMITED,164.90,165.00,160.10,161.70,161.70,163.25,,161.52,,,39413,6404942.00,414,F1,1,,,,,
2026-10-05,2026-10-05,CM,BSE,STK,532924,INE094I01018,KOLTEPATIL,B,,,,,KOLTE-PATIL DEVELOPERS LTD.,420.05,431.00,401.15,429.25,431.00,420.05,,430.39,,,4661,1991352.00,258,F1,1,,,,,
2026-10-05,2026-10-05,CM,BSE,STK,532925,INE234I01028,KAUSHALYA,T,,,,,KAUSHALYA INFRASTRUCTURE DEVEL,794.00,848.00,794.00,829.00,848.00,835.00,,817.26,,,14,11300.00,9,F1,1,,,,,
2026-10-05,2026-10-05,CM,BSE,STK,532926,INE668F01031,JYOTHYLAB,A,,,,,JYOTHY LABS LIMITED,183.95,183.95,180.00,180.95,181.05,183.05,,180.93,,,35697,6463801.00,2456,F1,1,,,,,
2026-10-05,2026-10-05,CM,BSE,STK,532927,INE738I01010,ECLERX,A,,,,,ECLERX SERVICES LTD.,1802.80,1897.00,1802.80,1886.15,1894.15,1802.95,,1884.47,,,24200,45141315.00,1246,F1,1,,,,,
2026-10-05,2026-10-05,CM,BSE,STK,532928,INE763I01026,TARIL,A,,,,,TRANSFORMERS AND RECTIFIERS (I,289.95,297.75,282.90,285.40,284.60,280.60,,285.45,,,1003151,291956880.00,10612,F1,1,,,,,
2026-10-05,2026-10-05,CM,BSE,STK,532929,INE791I01019,BRIGADE,A,,,,,BRIGADE ENTERPRISES LTD.,571.00,581.80,561.45,571.50,573.00,568.85,,571.60,,,8874,5075600.00,836,F1,1,,,,,
2026-10-05,2026-10-05,CM,BSE,STK,532930,INE661I01014,BGRENERGY,T,,,,,BGR ENERGY SYSTEMS LTD.,239.50,248.00,231.00,231.30,233.30,239.70,,232.45,,,9277,2163157.00,115,F1,1,,,,,
2026-10-05,2026-10-05,CM,BSE,STK,532931,INE817H01022,BURNPUR,T,,,,,BURNPUR CEMENT LTD.,12.36,13.31,12.36,13.31,13.31,12.68,,13.30,,,16765,222491.00,65,F1,1,,,,,
2026-10-05,2026-10-05,CM,BSE,STK,532932,INE015D01022,MANAKSIA,B,,,,,MANAKSIA LTD.,60.60,61.13,56.83,57.48,56.83,58.30,,57.97,,,1103,64657.00,58,F1,1,,,,,
2026-10-05,2026-10-05,CM,BSE,STK,532933,INE386I01018,PORWAL,X,,,,,PORWAL AUTO COMPONENTS LTD.,61.88,61.88,57.50,57.74,57.89,57.92,,57.74,,,12297,713028.00,42,F1,1,,,,,
2026-10-05,2026-10-05,CM,BSE,STK,532934,INE095I01015,PPAP,T,,,,,PPAP,237.00,237.00,227.10,230.00,230.00,239.00,,228.96,,,814,186559.00,38,F1,1,,,,,
2026-10-05,2026-10-05,CM,BSE,STK,532935,INE298I01015,ARIES,T,,,,,ARIES AGRO LTD.,479.95,497.70,470.10,497.70,497.70,474.00,,501.25,,,775,375224.00,33,F1,1,,,,,
2026-10-05,2026-10-05,CM,BSE,STK,532937,INE529I01021,KUANTUM,B,,,,,KUANTUM PAPERS LTD.,76.00,78.88,75.43,76.00,75.73,76.82,,76.42,,,4563,352567.00,161,F1,1,,,,,
2026-10-05,2026-10-05,CM,BSE,STK,532939,INE614G01033,RPOWER,A,,,,,RELIANCE POWER LTD.,19.53,20.56,19.50,20.09,20.09,19.40,,20.09,,,2960147,59301514.00,7012,F1,1,,,,,
2026-10-05,2026-10-05,CM,BSE,STK,532940,INE576I01022,JKIL,B,,,,,J.KUMAR INFRAPROJECTS LTD.,467.80,467.80,451.10,453.35,456.10,458.60,,453.69,,,2891,1314213.00,284,F1,1,,,,,
2026-10-05,2026-10-05,CM,BSE,STK,532941,INE792I01017,CORDSCABLE,T,,,,,CORDS CABLE INDUSTRIES LTD.,323.50,323.50,305.85,310.50,315.00,321.90,,308.68,,,12177,3760493.00,200,F1,1,,,,,
2026-10-05,2026-10-05,CM,BSE,STK,532942,INE634I01029,KNRCON,A,,,,,KNR CONSTRUCTIONS LTD.,115.00,116.00,111.60,112.05,112.00,113.50,,111.90,,,66563,7537855.00,898,F1,1,,,,,
2026-10-05,2026-10-05,CM,BSE,STK,532944,INE809I01019,ONMOBILE,T,,,,,ONMOBILE,48.86,49.25,48.00,48.19,48.19,49.26,,48.23,,,4327,209074.00,88,F1,1,,,,,
2026-10-05,2026-10-05,CM,BSE,STK,532945,INE964H01014,SEPC,B,,,,,SEPC LIMITED,5.20,5.24,5.06,5.11,5.11,5.07,,5.11,,,727301,3737296.00,530,F1,1,,,,,
2026-10-05,2026-10-05,CM,BSE,STK,532946,INE863I01016,BANG,B,,,,,BANG OVERSEAS LTD.,31.51,33.77,31.51,33.53,33.77,31.12,,33.28,,,609,19708.00,18,F1,1,,,,,
2026-10-05,2026-10-05,CM,BSE,STK,532947,INE821I01022,IRB,A,,,,,IRB INFRASTRUCTURE DEVELOPERS,17.03,17.32,16.77,16.89,16.89,17.00,,16.87,,,826168,13990934.00,2404,F1,1,,,,,
2026-10-05,2026-10-05,CM,BSE,STK,532951,INE871H01011,GSS,B,,,,,GSS INFOTECH LTD.,10.59,10.99,10.19,10.33,10.33,10.43,,10.30,,,25459,264971.00,230,F1,1,,,,,
2026-10-05,2026-10-05,CM,BSE,STK,532952,INE049I01012,NAHARCAP,B,,,,,NAHAR CAPITAL & FINANCIAL SERV,231.00,233.95,231.00,231.85,231.55,244.00,,233.81,,,60,13940.00,11,F1,1,,,,,
2026-10-05,2026-10-05,CM,BSE,STK,532953,INE951I01027,VGUARD,A,,,,,V-GUARD INDUSTRIES LTD.,294.50,302.60,294.50,296.35,296.90,294.55,,296.54,,,11930,3564073.00,439,F1,1,,,,,
2026-10-05,2026-10-05,CM,BSE,STK,532955,INE020B01018,RECLTD,A,,,,,REC LIMITED,289.00,296.55,287.50,295.00,295.00,289.10,,295.64,,,421260,123460030.00,6762,F1,1,,,,,
2026-10-05,2026-10-05,CM,BSE,STK,532957,INE642I01014,GOKAKTEX,X,,,,,GOKAK TEXTILES LTD.,58.25,61.00,58.25,60.79,60.80,57.71,,60.79,,,452,26471.00,15,F1,1,,,,,
2026-10-05,2026-10-05,CM,BSE,STK,532966,INE615H01020,TITAGARH,A,,,,,TITAGARH RAIL SYSTEMS LIMITED,807.55,813.15,795.60,808.90,808.90,805.50,,809.59,,,40866,32860130.00,1945,F1,1,,,,,
2026-10-05,2026-10-05,CM,BSE,STK,532967,INE415I01015,KIRIINDUS,A,,,,,KIRI INDUSTRIES LTD.,539.90,557.80,539.90,542.60,542.00,543.90,,542.41,,,22215,12111946.00,377,F1,1,,,,,
2026-10-05,2026-10-05,CM,BSE,STK,532974,INE865C01022,BIRLAMONEY,B,,,,,ADITYA BIRLA MONEY LTD.,114.25,114.25,111.00,112.85,112.80,112.00,,112.15,,,760,85286.00,50,F1,1,,,,,
2026-10-05,2026-10-05,CM,BSE,STK,532975,INE778I01024,TELOGICA,XT,,,,,TELOGICA LIMITED,8.10,8.10,7.94,7.94,7.94,8.10,,7.94,,,4943,39302.00,17,F1,1,,,,,
2026-10-05,2026-10-05,CM,BSE,STK,532976,INE091G01026,JAIBALAJI,A,,,,,JAI BALAJI INDUSTRIES LTD.,62.95,63.34,59.65,61.01,61.20,61.51,,61.12,,,15630,950998.00,217,F1,1,,,,,
2026-10-05,2026-10-05,CM,BSE,STK,532977,INE917I01010,BAJAJ-AUTO,A,,,,,BAJAJ AUTO LTD.,10140.95,10140.95,9917.30,10032.50,10032.50,10069.85,,10024.09,,,13580,135820894.00,2824,F1,1,,,,,
2026-10-05,2026-10-05,CM,BSE,STK,532978,INE918I01026,BAJAJFINSV,A,,,,,BAJAJ FINSERV LTD.,1753.95,1761.70,1732.35,1745.00,1745.00,1729.90,,1751.28,,,62700,109553418.00,6558,F1,1,,,,,
2026-10-05,2026-10-05,CM,BSE,STK,532980,INE020J01029,GOKUL,B,,,,,GOKUL REFOILS & SOLVENT LTD.,39.92,39.92,37.80,37.99,37.82,38.63,,37.81,,,14641,557123.00,47,F1,1,,,,,
2026-10-05,2026-10-05,CM,BSE,STK,532983,INE105J01010,RPGLIFE,B,,,,,RPG LIFE SCIENCES LTD.,2952.30,2971.65,2831.60,2892.40,2887.00,2936.75,,2896.24,,,748,2158289.00,192,F1,1,,,,,
2026-10-05,2026-10-05,CM,BSE,STK,532985,INF174KA1JD7,SENSEX1,B,,,,,KOTAK MAHINDRA MUTUAL FUND,77.70,80.28,77.70,79.82,80.00,79.38,,79.82,,,12216,969337.00,215,F1,1,,,,,
2026-10-05,2026-10-05,CM,BSE,STK,532986,INE368I01016,NIRAJ,B,,,,,NIRAJ CEMENT STRUCTURALS LTD.,27.64,28.50,27.23,27.44,27.44,28.20,,27.92,,,363,10051.00,15,F1,1,,,,,
2026-10-05,2026-10-05,CM,BSE,STK,532989,INE878I01022,BAFNAPH,T,,,,,BAFNA PHARMACEUTICALS LTD.,392.70,392.70,392.70,392.70,392.70,385.00,,389.50,,,4129,1621458.00,26,F1,1,,,,,
2026-10-05,2026-10-05,CM,BSE,STK,532992,INE790D01020,CHLLTD,X,,,,,CHL LTD.,28.39,28.39,28.25,28.25,28.25,28.25,,28.25,,,4,113.00,3,F1,1,,,,,
2026-10-05,2026-10-05,CM,BSE,STK,532993,INE955I01044,SEJALLTD,B,,,,,SEJAL GLASS LIMITED,656.40,664.60,640.05,650.95,664.60,652.35,,651.20,,,141,91317.00,28,F1,1,,,,,
2026-10-05,2026-10-05,CM,BSE,STK,532994,INE877I01016,ARCHIDPLY,B,,,,,ARCHIDPLY INDUSTRIES LTD.,95.60,105.00,95.60,103.00,103.20,102.25,,101.91,,,737,74416.00,49,F1,1,,,,,
2026-10-05,2026-10-05,CM,BSE,STK,532998,INE947I01017,LOTUSEYE,B,,,,,Lotus Eye Hospital And Institu,114.95,114.95,114.40,114.60,114.60,114.95,,115.61,,,506,57989.00,18,F1,1,,,,,
2026-10-05,2026-10-05,CM,BSE,STK,533001,INE323J01019,SOMICONVEY,B,,,,,SOMI CONVEYOR BELTINGS LTD.,85.20,89.46,82.76,82.93,84.66,83.90,,83.27,,,25627,2219685.00,625,F1,1,,,,,
2026-10-05,2026-10-05,CM,BSE,STK,533006,INE655I01032,BIRLACOT,XT,,,,,BIRLA COTSYN (INDIA) LTD.,14.68,14.68,14.68,14.68,14.68,13.99,,14.68,,,23923,351189.00,83,F1,1,,,,,
2026-10-05,2026-10-05,CM,BSE,STK,533007,INE201J01017,LGBFORGE,XT,,,,,LGB FORGE LTD.,4.85,4.85,4.62,4.67,4.77,4.76,,4.67,,,195369,919995.00,299,F1,1,,,,,
2026-10-05,2026-10-05,CM,BSE,STK,533012,INE197J01017,LPDC,B,,,,,LANDMARK PROPERTY DEVELOPMENT,6.10,6.41,6.10,6.15,6.15,6.37,,6.29,,,8856,54888.00,50,F1,1,,,,,
2026-10-05,2026-10-05,CM,BSE,STK,533014,INE176J01011,SICAGEN,B,,,,,SICAGEN INDIA LTD.,51.45,53.00,51.00,52.98,53.00,51.45,,52.39,,,990,52230.00,20,F1,1,,,,,
2026-10-05,2026-10-05,CM,BSE,STK,533019,INE456H01029,SIMPLXPAP,X,,,,,SIMPLEX PAPERS LTD.,1225.00,1225.00,1225.00,1225.00,1225.00,1225.00,,1225.00,,,5,6125.00,2,F1,1,,,,,
2026-10-05,2026-10-05,CM,BSE,STK,533022,INE144J01027,20MICRONS,B,,,,,20 MICRONS LTD.,209.80,211.80,203.95,204.90,204.00,208.35,,204.63,,,5060,1045255.00,345,F1,1,,,,,
2026-10-05,2026-10-05,CM,BSE,STK,533023,INE342J01019,ZFCVINDIA,A,,,,,ZF Commercial Vehicle Control,2231.35,2257.05,2191.35,2203.15,2203.15,2242.30,,2201.34,,,38906,85785684.00,1217,F1,1,,,,,
2026-10-05,2026-10-05,CM,BSE,STK,533029,INE773I01017,ALKALI,T,,,,,ALKALI METALS LTD.,88.88,89.80,84.00,89.80,89.80,85.60,,87.30,,,1003,87175.00,15,F1,1,,,,,
2026-10-05,2026-10-05,CM,BSE,STK,533033,INE858B01029,ISGEC,B,,,,,ISGEC HEAVY ENGINEERING LTD.,921.35,927.05,892.65,900.10,898.00,918.00,,899.34,,,8130,7395097.00,660,F1,1,,,,,
2026-10-05,2026-10-05,CM,BSE,STK,533047,INE919H01018,IMFA,A,,,,,INDIAN METALS & FERRO ALLOYS L,1180.00,1202.45,1149.30,1155.00,1161.45,1174.15,,1158.79,,,6649,7815086.00,491,F1,1,,,,,
2026-10-05,2026-10-05,CM,BSE,STK,533048,INE065J01024,TPHQ,T,,,,,Teamo Productions HQ Limited,0.50,0.51,0.49,0.49,0.51,0.50,,0.49,,,265002,133713.00,79,F1,1,,,,,
2026-10-05,2026-10-05,CM,BSE,STK,533056,INE359B01010,VEDAVAAG,B,,,,,VEDAVAAG SYSTEMS LTD.,23.19,23.19,21.20,22.28,22.28,22.67,,22.33,,,21698,474118.00,106,F1,1,,,,,
2026-10-05,2026-10-05,CM,BSE,STK,533080,INE893J01029,MOLDTKPAC,B,,,,,MOLD-TEK PACKAGING LIMITED,664.40,684.10,664.10,680.00,681.50,659.10,,680.59,,,13720,9283100.00,739,F1,1,,,,,
2026-10-05,2026-10-05,CM,BSE,STK,533088,INE998I01010,MHRIL,B,,,,,MAHINDRA HOLIDAYS & RESORTS IN,194.00,196.30,192.55,194.65,195.35,195.20,,194.80,,,4320,841534.00,250,F1,1,,,,,
2026-10-05,2026-10-05,CM,BSE,STK,533090,INE688J01023,LANDSMILL,B,,,,,Landsmill Green Limited,1.06,1.14,0.98,1.04,1.04,1.08,,1.03,,,5140648,5441091.00,1191,F1,1,,,,,
2026-10-05,2026-10-05,CM,BSE,STK,533093,INE294G01026,ROML,B,,,,,RAJ OIL MILLS LTD.,43.20,43.85,43.20,43.85,43.85,42.35,,43.01,,,53,2300.00,5,F1,1,,,,,
2026-10-05,2026-10-05,CM,BSE,STK,533095,INE083K01017,BENGALASM,B,,,,,BENGAL & ASSAM COMPANY LTD.,6102.00,6120.00,5491.00,5649.70,6120.00,6001.25,,5754.81,,,469,2666919.00,144,F1,1,,,,,
2026-10-05,2026-10-05,CM,BSE,STK,533096,INE814H01029,ADANIPOWER,A,,,,,ADANI POWER LTD.,196.95,201.55,196.95,200.70,200.70,196.95,,201.00,,,1585535,315479010.00,11068,F1,1,,,,,
2026-10-05,2026-10-05,CM,BSE,STK,533098,INE848E01016,NHPC,A,,,,,NHPC LTD.,72.99,72.99,71.07,71.80,71.80,71.94,,71.99,,,352915,25326945.00,4175,F1,1,,,,,
2026-10-05,2026-10-05,CM,BSE,STK,533100,INE429K01012,PEIL,X,,,,,PREMIER ENERGY AND INFRASTRUCT,8.78,8.78,7.06,7.59,7.70,7.48,,7.59,,,14833,113261.00,53,F1,1,,,,,
2026-10-05,2026-10-05,CM,BSE,STK,533101,INE360J01011,SURYAAMBA,X,,,,,SURYAAMBA SPINNING MILLS LTD.,124.70,124.70,112.70,115.60,120.00,114.95,,115.60,,,1167,139430.00,13,F1,1,,,,,
2026-10-05,2026-10-05,CM,BSE,STK,533104,INE615I01010,GLOBUSSPR,B,,,,,GLOBUS SPIRITS LTD.,789.90,796.00,785.00,790.25,791.05,787.65,,789.85,,,3388,2674275.00,234,F1,1,,,,,
2026-10-05,2026-10-05,CM,BSE,STK,533106,INE274J01014,OIL,A,,,,,OIL INDIA LTD.,442.10,450.45,442.00,444.40,444.40,442.15,,446.50,,,42429,18973895.00,1789,F1,1,,,,,
2026-10-05,2026-10-05,CM,BSE,STK,533107,INE542F01020,SWANDEF,T,,,,,SWAN DEFENCE AND HEAVY INDUSTR,2744.00,2744.00,2635.00,2704.05,2737.00,2697.85,,2728.72,,,607,1636494.00,121,F1,1,,,,,
2026-10-05,2026-10-05,CM,BSE,STK,533108,INE274K01012,BTTL,T,,,,,BHILWARA TECHNICAL TEXTILES LT,38.50,39.50,38.50,39.50,39.50,39.25,,38.72,,,1322,51897.00,7,F1,1,,,,,
2026-10-05,2026-10-05,CM,BSE,STK,533121,INE201K01015,EXPLEOSOL,B,,,,,EXPLEO SOLUTIONS LIMITED,854.90,881.40,854.90,866.60,864.00,846.15,,864.02,,,3010,2613261.00,270,F1,1,,,,,
2026-10-05,2026-10-05,CM,BSE,STK,533122,INE399K01017,RTNPOWER,A,,,,,RATTANINDIA POWER LTD.,6.75,6.85,6.69,6.73,6.73,6.74,,6.73,,,1238068,8363411.00,15396,F1,1,,,,,
2026-10-05,2026-10-05,CM,BSE,STK,533137,INE947J01015,DEN,B,,,,,DEN NETWORKS LTD,24.75,26.00,24.75,25.58,25.55,25.59,,25.70,,,27360,701221.00,512,F1,1,,,,,
2026-10-05,2026-10-05,CM,BSE,STK,533138,INE563J01010,ASTEC,B,,,,,ASTEC LIFESCIENCES LIMITED,706.00,718.90,697.85,712.65,712.65,708.80,,712.70,,,2768,1966720.00,256,F1,1,,,,,
2026-10-05,2026-10-05,CM,BSE,STK,533146,INE250K01012,DLINKINDIA,B,,,,,D-LINK (INDIA) LTD,407.30,413.20,406.80,411.75,412.00,406.15,,411.75,,,2708,1109522.00,269,F1,1,,,,,
2026-10-05,2026-10-05,CM,BSE,STK,533148,INE121E01018,JSWENERGY,A,,,,,JSW ENERGY LTD,485.05,491.45,483.40,490.00,490.00,485.00,,491.79,,,45091,21960193.00,1668,F1,1,,,,,
2026-10-05,2026-10-05,CM,BSE,STK,533149,INE143K01019,YUNIKM,X,,,,,Yunik Managing Advisors Limite,5.65,5.65,4.74,4.78,4.98,5.40,,4.78,,,31431,156165.00,61,F1,1,,,,,
2026-10-05,2026-10-05,CM,BSE,STK,533150,INE484J01027,GODREJPROP,A,,,,,GODREJ PROPERTIES LTD,1594.95,1616.50,1580.95,1605.00,1605.00,1620.00,,1599.92,,,24099,38609444.00,3068,F1,1,,,,,
2026-10-05,2026-10-05,CM,BSE,STK,533151,INE950I01011,DBCORP,B,,,,,D B CORP LTD,175.50,176.30,170.50,171.30,171.30,172.50,,171.09,,,10848,1872200.00,342,F1,1,,,,,
2026-10-05,2026-10-05,CM,BSE,STK,533152,INE912H01013,MBLINFRA,B,,,,,MBL Infrastructure Ltd,23.28,24.35,22.15,24.02,24.20,23.23,,23.90,,,7025,164474.00,143,F1,1,,,,,
2026-10-05,2026-10-05,CM,BSE,STK,533155,INE797F01020,JUBLFOOD,A,,,,,JUBILANT FOODWORKS LTD,442.30,447.40,439.05,445.30,445.30,444.00,,445.69,,,34111,15151562.00,1324,F1,1,,,,,
2026-10-05,2026-10-05,CM,BSE,STK,533156,INE893I01013,VASCONEQ,B,,,,,VASCON ENGINEERS LTD,33.70,33.70,32.06,32.23,32.19,32.52,,32.27,,,61041,2011325.00,302,F1,1,,,,,
2026-10-05,2026-10-05,CM,BSE,STK,533158,INE085J01014,THANGAMAYL,A,,,,,THANGAMAYIL JEWELLERY LTD,4866.35,4914.90,4725.00,4749.40,4749.40,4866.35,,4747.08,,,5361,25678230.00,1259,F1,1,,,,,
2026-10-05,2026-10-05,CM,BSE,STK,533160,INE879I01012,DBREALTY,A,,,,,VALOR ESTATE LIMITED,91.70,92.46,89.51,91.80,91.69,91.69,,91.72,,,121905,11072176.00,1349,F1,1,,,,,
2026-10-05,2026-10-05,CM,BSE,STK,533161,INE753K01015,EMMBI,B,,,,,EMMBI INDUSTRIES LTD,89.00,89.00,84.34,85.01,85.00,88.00,,85.52,,,1775,153170.00,51,F1,1,,,,,
2026-10-05,2026-10-05,CM,BSE,STK,533162,INE982F01036,HATHWAY,B,,,,,HATHWAY CABLE & DATACOM LTD,9.33,9.46,9.30,9.41,9.38,9.33,,9.40,,,126962,1192125.00,466,F1,1,,,,,
2026-10-05,2026-10-05,CM,BSE,STK,533164,INE141K01013,TEXMOPIPES,B,,,,,TEXMO PIPES & PRODUCTS LTD.,54.23,54.70,50.13,50.41,50.85,54.13,,50.37,,,25854,1332761.00,492,F1,1,,,,,
2026-10-05,2026-10-05,CM,BSE,STK,533166,INE108E01023,SUNDARAM,B,,,,,SUNDARAM MULTI PAP LTD.,1.15,1.15,1.06,1.11,1.11,1.07,,1.10,,,174873,199085.00,63,F1,1,,,,,
2026-10-05,2026-10-05,CM,BSE,STK,533167,INE312J01012,COROENGG,X,,,,,COROMANDEL ENGINEERING COMPANY,52.00,52.00,51.00,51.00,51.00,52.00,,51.00,,,1850,95650.00,37,F1,1,,,,,
2026-10-05,2026-10-05,CM,BSE,STK,533168,INE847C01020,ROSSELLIND,B,,,,,ROSSELL INDIA LTD.,49.99,51.00,49.49,51.00,51.00,49.95,,50.10,,,311,15620.00,20,F1,1,,,,,
2026-10-05,2026-10-05,CM,BSE,STK,533169,INE949H01023,MANINFRA,B,,,,,MAN INFRACONSTRUCTION LTD.,124.70,126.25,121.90,123.55,123.10,124.35,,123.77,,,87824,10855989.00,575,F1,1,,,,,
2026-10-05,2026-10-05,CM,BSE,STK,533172,INF205KA1BP1,IVZINGOLD,E,,,,,INVESCO India Gold Exchange Tr,128.00,128.62,126.24,127.76,127.76,127.81,,128.20,,,896,114559.00,38,F1,1,,,,,
2026-10-05,2026-10-05,CM,BSE,STK,533177,INE975G01012,IL&FSTRANS,Z,,,,,IL&FS TRANSPORTATION NETWORKS,1.79,1.95,1.79,1.95,1.95,1.88,,1.95,,,13655,25086.00,24,F1,1,,,,,
2026-10-05,2026-10-05,CM,BSE,STK,533179,INE262H01021,PERSISTENT,A,,,,,PERSISTENT SYSTEMS LTD.,5425.10,5621.00,5394.40,5534.00,5534.00,5356.00,,5530.02,,,240399,1337423463.00,6440,F1,1,,,,,
2026-10-05,2026-10-05,CM,BSE,STK,533181,INE566K01011,ISFT,T,,,,,INTRASOFT TECHNOLOGIES LTD.,103.80,103.84,94.05,95.20,95.20,98.90,,99.82,,,496,48810.00,17,F1,1,,,,,
2026-10-05,2026-10-05,CM,BSE,STK,533192,INE790B01024,KCPSUGIND,T,,,,,KCP SUGAR & INDUSTRIES CORPORA,26.16,27.00,25.58,25.67,25.67,26.92,,25.45,,,33181,866410.00,101,F1,1,,,,,
2026-10-05,2026-10-05,CM,BSE,STK,533193,INE134B01017,KECL,B,,,,,KIRLOSKAR ELECTRIC COMPANY LTD,120.00,129.00,120.00,125.25,126.00,120.30,,125.42,,,22037,2745037.00,527,F1,1,,,,,
2026-10-05,2026-10-05,CM,BSE,STK,533202,INE639K01016,SATCH,X,,,,,SATCHMO HOLDINGS LIMITED,3.28,3.42,3.28,3.39,3.39,3.26,,3.39,,,99513,332256.00,119,F1,1,,,,,
2026-10-05,2026-10-05,CM,BSE,STK,533203,INE747K01017,TARAPUR,B,,,,,TARAPUR TRANSFORMERS LTD,12.35,12.35,11.33,11.49,11.36,12.35,,11.53,,,13477,155943.00,69,F1,1,,,,,
2026-10-05,2026-10-05,CM,BSE,STK,533206,INE002L01015,SJVN,A,,,,,SJVN LTD,58.23,58.49,57.04,57.18,57.20,57.91,,57.16,,,276043,15893122.00,4365,F1,1,,,,,
2026-10-05,2026-10-05,CM,BSE,STK,533208,INE830C01026,EMAMIPAP,T,,,,,EMAMI PAPER MILLS LTD.,117.10,117.95,114.35,116.55,116.55,115.30,,115.01,,,599,69129.00,21,F1,1,,,,,
2026-10-05,2026-10-05,CM,BSE,STK,533210,INE798K01010,KRITINUT,B,,,,,KRITI NUTRIENTS LTD,67.76,69.75,66.53,69.39,69.67,66.43,,69.28,,,3138,215108.00,49,F1,1,,,,,
2026-10-05,2026-10-05,CM,BSE,STK,533212,INE265D01015,GKB,B,,,,,GKB OPHTHALMICS LTD.,69.90,69.90,59.24,59.64,60.20,64.00,,62.87,,,1754,113182.00,28,F1,1,,,,,
2026-10-05,2026-10-05,CM,BSE,STK,533217,INE871K01015,HMVL,T,,,,,HINDUSTAN MEDIA VENTURES LTD.,76.75,78.00,74.56,78.00,78.00,76.00,,76.00,,,1290,96747.00,16,F1,1,,,,,
2026-10-05,2026-10-05,CM,BSE,STK,533218,INE778K01012,EMAMIREAL,B,,,,,EMAMI REALTY LIMITED,68.40,68.90,66.40,67.51,68.90,68.45,,67.98,,,2460,164252.00,28,F1,1,,,,,
2026-10-05,2026-10-05,CM,BSE,STK,533221,INE915K01010,AHLWEST,T,,,,,ASIAN HOTELS (WEST) LTD.,501.30,550.70,501.25,550.70,550.70,525.00,,545.35,,,40,20545.00,3,F1,1,,,,,
2026-10-05,2026-10-05,CM,BSE,STK,533227,INE926K01017,AHLEAST,B,,,,,ASIAN HOTELS (EAST) LTD.,136.85,141.00,136.50,136.50,136.50,144.75,,135.39,,,5,688.00,5,F1,1,,,,,
2026-10-05,2026-10-05,CM,BSE,STK,533229,INE933K01021,BAJAJCON,A,,,,,BAJAJ CONSUMER CARE LIMITED,504.45,504.45,479.00,480.50,480.50,497.00,,480.36,,,11283,5507900.00,585,F1,1,,,,,
2026-10-05,2026-10-05,CM,BSE,STK,533230,INF179KC1981,HDFCGOLD,E,,,,,HDFC MUTUAL FUND - HDFC GOLD E,125.35,125.88,124.59,125.73,125.53,125.60,,125.72,,,142061,17787470.00,1780,F1,1,,,,,
2026-10-05,2026-10-05,CM,BSE,STK,533239,INE696K01024,PRAKASHSTL,B,,,,,PRAKASH STEELAGE LTD.,3.68,3.68,3.52,3.54,3.54,3.54,,3.53,,,29008,103344.00,82,F1,1,,,,,
2026-10-05,2026-10-05,CM,BSE,STK,533244,INF109KC1NT3,GOLDIETF,E,,,,,ICICI Prudential Gold ETF,125.85,126.21,124.97,126.03,126.02,125.84,,126.00,,,268023,33670624.00,4174,F1,1,,,,,
2026-10-05,2026-10-05,CM,BSE,STK,533248,INE517F01014,GPPL,A,,,,,GUJARAT PIPAVAV PORT LTD.,166.95,168.85,165.65,167.55,167.50,165.80,,167.60,,,57719,9648753.00,943,F1,1,,,,,
2026-10-05,2026-10-05,CM,BSE,STK,533252,INE389K01018,WELINV,T,,,,,WELSPUN INVESTMENTS AND COMMER,2360.20,2360.20,2360.20,2360.20,2360.20,2408.00,,2419.10,,,4,9440.00,2,F1,1,,,,,
2026-10-05,2026-10-05,CM,BSE,STK,533257,INE866K01023,WAAREEINDO,B,,,,,INDOSOLAR LTD.,207.25,211.95,203.65,204.75,204.55,203.15,,204.88,,,9239,1916715.00,312,F1,1,,,,,
2026-10-05,2026-10-05,CM,BSE,STK,533259,INE019J01013,HEALTHX,B,,,,,HEALTH X PLATFORM LIMITED,273.80,273.80,267.45,271.55,271.55,273.80,,276.21,,,259,70443.00,50,F1,1,,,,,
2026-10-05,2026-10-05,CM,BSE,STK,533260,INE521J01018,CPCAP,B,,,,,CP CAPITAL LIMITED,148.90,148.90,133.70,134.40,133.70,138.85,,134.45,,,1617,221978.00,85,F1,1,,,,,
2026-10-05,2026-10-05,CM,BSE,STK,533262,INE874I01013,RAMKY,B,,,,,RAMKY INFRASTRUCTURE LTD.,279.55,284.00,275.00,282.60,282.95,273.65,,281.04,,,3388,940883.00,127,F1,1,,,,,
2026-10-05,2026-10-05,CM,BSE,STK,533263,INE999K01014,GREENPOWER,B,,,,,ORIENT GREEN POWER COMPANY LTD,8.80,9.00,8.63,8.69,8.65,8.70,,8.66,,,238251,2087467.00,435,F1,1,,,,,
2026-10-05,2026-10-05,CM,BSE,STK,533267,INE068L01024,CANTABIL,B,,,,,CANTABIL RETAIL INDIA LTD.,221.75,228.45,220.50,226.30,225.75,224.75,,225.23,,,4379,980130.00,212,F1,1,,,,,
2026-10-05,2026-10-05,CM,BSE,STK,533268,INE351L01016,SEATV,X,,,,,SEA TV NETWORK LTD.,2.90,3.00,2.90,3.00,3.00,2.90,,3.00,,,141,420.00,6,F1,1,,,,,
2026-10-05,2026-10-05,CM,BSE,STK,533269,INE956G01038,WABAG,A,,,,,VA TECH WABAG LTD.,2009.95,2031.10,1967.25,1999.40,1999.40,2005.60,,1999.50,,,19469,38683595.00,1173,F1,1,,,,,
2026-10-05,2026-10-05,CM,BSE,STK,533270,INE844K01012,BEDMUTHA,B,,,,,BEDMUTHA INDUSTRIES LTD.,106.55,106.55,106.55,106.55,106.55,110.00,,107.12,,,50,5327.00,1,F1,1,,,,,
2026-10-05,2026-10-05,CM,BSE,STK,533271,INE442H01029,ASHOKA,A,,,,,ASHOKA BUILDCON LTD.,104.95,106.80,104.30,105.90,106.80,105.65,,105.90,,,59137,6238168.00,758,F1,1,,,,,
2026-10-05,2026-10-05,CM,BSE,STK,533272,INE209L01016,JWL,A,,,,,JUPITER WAGONS LIMITED,223.95,226.80,218.70,223.40,223.40,223.75,,223.44,,,118382,26346964.00,1820,F1,1,,,,,
2026-10-05,2026-10-05,CM,BSE,STK,533273,INE093I01010,OBEROIRLTY,A,,,,,OBEROI REALTY LTD.,1797.95,1797.95,1751.70,1769.70,1769.70,1775.00,,1751.20,,,8416,14881221.00,1193,F1,1,,,,,
2026-10-05,2026-10-05,CM,BSE,STK,533274,INE811K01011,PRESTIGE,A,,,,,PRESTIGE ESTATES PROJECTS LTD.,1482.90,1499.00,1445.00,1445.00,1445.00,1494.10,,1445.00,,,39223,57363241.00,1767,F1,1,,,,,
2026-10-05,2026-10-05,CM,BSE,STK,533275,INE482J01021,SHAH,B,,,,,SHAH METACORP LIMITED,2.97,3.09,2.97,3.04,3.04,3.03,,3.07,,,33878,102625.00,95,F1,1,,,,,
2026-10-05,2026-10-05,CM,BSE,STK,533278,INE522F01014,COALINDIA,A,,,,,COAL INDIA LTD.,423.20,430.75,421.55,425.00,425.00,421.50,,425.10,,,2403081,1020453448.00,11782,F1,1,,,,,
2026-10-05,2026-10-05,CM,BSE,STK,533282,INE024L01027,GRAVITA,A,,,,,GRAVITA INDIA LTD.,1411.00,1441.00,1404.00,1423.55,1430.30,1412.75,,1423.50,,,27562,39239924.00,2479,F1,1,,,,,
2026-10-05,2026-10-05,CM,BSE,STK,533284,INE324L01013,RPPINFRA,B,,,,,RPP INFRA PROJECTS LTD.,52.75,52.75,50.55,51.21,51.05,52.75,,50.84,,,4742,241426.00,104,F1,1,,,,,
2026-10-05,2026-10-05,CM,BSE,STK,533285,INE245L01028,RDBIPL,X,,,,,RDB INFRASTRUCTURE AND POWER L,14.78,15.39,14.55,15.31,15.26,14.78,,15.31,,,27266,411111.00,194,F1,1,,,,,
2026-10-05,2026-10-05,CM,BSE,STK,533286,INE490G01020,MOIL,A,,,,,MOIL LTD.,235.00,243.20,235.00,236.45,236.40,232.25,,236.49,,,40847,9795453.00,810,F1,1,,,,,
2026-10-05,2026-10-05,CM,BSE,STK,533287,INE565L01011,ZEELEARN,B,,,,,ZEE LEARN LTD.,6.13,6.39,5.81,6.26,6.18,6.32,,6.21,,,355393,2163246.00,765,F1,1,,,,,
2026-10-05,2026-10-05,CM,BSE,STK,533289,INE096L01025,KTIL,X,,,,,KESAR TERMINALS & INFRASTRUCTU,58.00,60.50,58.00,59.00,59.00,58.00,,59.00,,,2745,160567.00,15,F1,1,,,,,
2026-10-05,2026-10-05,CM,BSE,STK,533292,INE619I01012,A2ZINFRA,B,,,,,A2Z INFRA ENGINEERING LIMITED,14.40,14.84,13.69,13.84,13.84,14.41,,13.77,,,36557,517750.00,431,F1,1,,,,,
2026-10-05,2026-10-05,CM,BSE,STK,533293,INE146L01010,KIRLOSENG,A,,,,,KIRLOSKAR OIL ENGINES LTD.,2285.00,2341.50,2232.85,2243.65,2239.90,2241.60,,2243.70,,,22279,50904970.00,1699,F1,1,,,,,
2026-10-05,2026-10-05,CM,BSE,STK,533294,INE722J01012,RKDL,B,,,,,RAVI KUMAR DISTILLERIES LTD.,17.70,17.70,16.50,17.60,17.60,17.56,,17.17,,,405,7132.00,8,F1,1,,,,,
2026-10-05,2026-10-05,CM,BSE,STK,533295,INE608A01012,PSB,B,,,,,PUNJAB & SIND BANK,21.01,21.37,20.85,21.03,21.05,20.98,,21.02,,,72092,1521128.00,423,F1,1,,,,,
2026-10-05,2026-10-05,CM,BSE,STK,533296,INE360L01017,FMNL,B,,,,,FUTURE MARKET NETWORKS LTD.,7.82,8.59,7.82,8.06,8.06,8.22,,7.98,,,1144,9135.00,38,F1,1,,,,,
2026-10-05,2026-10-05,CM,BSE,STK,533298,INE272L01022,SURANASOL,B,,,,,SURANA SOLAR LTD.,24.02,24.68,23.66,24.19,24.00,24.20,,24.08,,,7814,187887.00,120,F1,1,,,,,
2026-10-05,2026-10-05,CM,BSE,STK,533301,INE268L01046,SHEKHAWATI,T,,,,,SHEKHAWATI INDUSTRIES LIMITED,29.11,29.11,29.11,29.11,29.11,30.64,,28.86,,,961,27974.00,14,F1,1,,,,,
2026-10-05,2026-10-05,CM,BSE,STK,533302,INE029L01018,KICL,B,,,,,KALYANI INVESTMENT COMPANY LTD,4602.00,4706.65,4602.00,4706.65,4706.65,4694.90,,4709.80,,,36,168579.00,24,F1,1,,,,,
2026-10-05,2026-10-05,CM,BSE,STK,533303,INE878K01010,BFINVEST,B,,,,,BF INVESTMENT LTD.,420.60,443.35,420.60,434.50,434.50,429.15,,436.80,,,1232,538962.00,160,F1,1,,,,,
2026-10-05,2026-10-05,CM,BSE,STK,533306,INE519C01017,SUMMITSEC,B,,,,,SUMMIT SECURITIES LTD.,1315.00,1333.80,1279.60,1310.40,1310.40,1310.00,,1314.32,,,499,656175.00,82,F1,1,,,,,
2026-10-05,2026-10-05,CM,BSE,STK,533315,INE690J01011,INOVSYNTH,X,,,,,INNOVASSYNTH TECHNOLOGIES (IND,160.40,160.45,155.10,157.40,156.00,157.35,,157.40,,,537860,86004135.00,637,F1,1,,,,,
2026-10-05,2026-10-05,CM,BSE,STK,533316,INE577L01016,STEL,B,,,,,STEL HOLDINGS LIMITED,580.55,580.55,562.65,567.55,567.55,573.45,,567.70,,,20,11355.00,13,F1,1,,,,,
2026-10-05,2026-10-05,CM,BSE,STK,533326,INE621L01012,TEXRAIL,A,,,,,TEXMACO RAIL & ENGINEERING LTD,128.50,128.60,116.75,117.30,117.30,126.50,,117.19,,,277000,33291136.00,2442,F1,1,,,,,
2026-10-05,2026-10-05,CM,BSE,STK,533329,INE611L01021,INDTERRAIN,B,,,,,INDIAN TERRAIN FASHIONS LTD.,28.33,29.82,28.33,29.00,29.00,29.42,,29.36,,,2089,60391.00,10,F1,1,,,,,
2026-10-05,2026-10-05,CM,BSE,STK,533333,INE045J01034,FCL,B,,,,,FINEOTEX CHEMICAL LTD.,55.52,55.84,53.21,54.03,54.03,55.75,,54.03,,,1521874,82770427.00,5326,F1,1,,,,,
2026-10-05,2026-10-05,CM,BSE,STK,533336,INE320L01011,DHUNINV,B,,,,,DHUNSERI INVESTMENTS LTD.,973.00,973.00,952.00,953.60,953.60,962.00,,972.10,,,26,24832.00,4,F1,1,,,,,
2026-10-05,2026-10-05,CM,BSE,STK,533339,INE251B01027,ZENTEC,A,,,,,ZEN TECHNOLOGIES LTD.,1580.60,1605.00,1573.10,1598.40,1596.15,1573.10,,1599.47,,,14908,23744334.00,1225,F1,1,,,,,
2026-10-05,2026-10-05,CM,BSE,STK,533343,INE597L01014,LOVABLE,B,,,,,LOVABLE LINGERIE LTD.,70.91,70.91,68.50,68.67,69.00,67.81,,68.77,,,382,26285.00,12,F1,1,,,,,
2026-10-05,2026-10-05,CM,BSE,STK,533344,INE560K01014,PFS,B,,,,,PTC INDIA FINANCIAL SERVICES L,28.90,29.44,27.96,28.19,28.08,28.68,,28.19,,,34370,982098.00,215,F1,1,,,,,
2026-10-05,2026-10-05,CM,BSE,STK,533385,INF247L01AP3,MON100,B,,,,,MOTILAL OSWAL MOST SHARES NASD,326.84,329.70,320.70,325.40,325.96,322.06,,325.35,,,92305,29982617.00,3798,F1,1,,,,,
2026-10-05,2026-10-05,CM,BSE,STK,533398,INE414G01012,MUTHOOTFIN,A,,,,,MUTHOOT FINANCE LTD.,2710.00,2748.45,2700.70,2722.00,2722.00,2700.70,,2716.44,,,143337,389864331.00,3852,F1,1,,,,,
2026-10-05,2026-10-05,CM,BSE,STK,533407,INE672K01025,TRUEGREEN,B,,,,,TRUE GREEN BIO ENERGY LIMITED,180.00,180.20,172.90,172.90,172.90,182.00,,172.90,,,6581,1161024.00,138,F1,1,,,,,
2026-10-05,2026-10-05,CM,BSE,STK,533408,INF209KB18D3,BSLGOLDETF,E,,,,,Aditya Birla Sun Life Mutual F,128.43,129.54,128.40,129.51,129.54,129.23,,129.43,,,7334,946941.00,167,F1,1,,,,,
2026-10-05,2026-10-05,CM,BSE,STK,533427,INE932K01015,VMS,X,,,,,VMS INDUSTRIES LTD.,18.30,18.89,17.77,18.20,18.11,18.30,,18.20,,,20808,375722.00,164,F1,1,,,,,
2026-10-05,2026-10-05,CM,BSE,STK,533451,INE725L01011,KARMAENG,B,,,,,KARMA ENERGY LTD.,36.51,36.60,34.90,36.60,36.60,36.33,,35.90,,,1088,38331.00,26,F1,1,,,,,
2026-10-05,2026-10-05,CM,BSE,STK,533452,INE726L01027,DELPHIFX,T,,,,,DELPHI WORLD MONEY LIMITED,6.95,6.95,6.95,6.95,6.95,6.82,,6.99,,,9999,69493.00,2,F1,1,,,,,
2026-10-05,2026-10-05,CM,BSE,STK,533470,INE573K01025,RUSHIL,B,,,,,RUSHIL DECOR LTD.,15.80,16.54,15.30,15.52,15.50,15.96,,15.46,,,14757,229036.00,107,F1,1,,,,,
2026-10-05,2026-10-05,CM,BSE,STK,533477,INE130L01014,ENKEIWHEL,B,,,,,ENKEI WHEELS (INDIA) LTD.,390.00,396.60,388.10,395.95,396.00,390.00,,394.38,,,795,313447.00,30,F1,1,,,,,
2026-10-05,2026-10-05,CM,BSE,STK,533482,INE524L01026,KRIDHANINF,B,,,,,KRIDHAN INFRA LIMITED,1.92,1.92,1.92,1.92,1.92,1.83,,1.90,,,3155,6057.00,1,F1,1,,,,,
2026-10-05,2026-10-05,CM,BSE,STK,533499,INE224M01013,BGLOBAL,Z,,,,,BHARATIYA GLOBAL INFOMEDIA LTD,3.39,3.39,3.38,3.39,3.39,3.23,,3.42,,,19819,67172.00,30,F1,1,,,,,
2026-10-05,2026-10-05,CM,BSE,STK,533506,INE878H01024,INVENTURE,B,,,,,INVENTURE GROWTH & SECURITIES,0.85,0.87,0.85,0.85,0.85,0.86,,0.85,,,310399,265201.00,128,F1,1,,,,,
2026-10-05,2026-10-05,CM,BSE,STK,533519,INE498L01015,LTF,A,,,,,L&T Finance Limited,271.95,271.95,263.10,264.20,264.20,265.00,,263.75,,,170781,45202015.00,3478,F1,1,,,,,
2026-10-05,2026-10-05,CM,BSE,STK,533520,INE126M01010,IBULLSLTD,B,,,,,Indiabulls Limited,30.03,30.75,29.16,29.46,29.53,29.45,,29.48,,,1596271,47773986.00,3053,F1,1,,,,,
2026-10-05,2026-10-05,CM,BSE,STK,533540,INE040M01013,TREEHOUSE,B,,,,,TREE HOUSE EDUCATION & ACCESSO,5.56,5.98,5.56,5.75,5.75,5.71,,5.80,,,3595,20883.00,29,F1,1,,,,,
2026-10-05,2026-10-05,CM,BSE,STK,533543,INE650L01011,BROOKS,B,,,,,BROOKS LABORATORIES LTD.,55.09,56.56,54.00,54.68,54.68,55.17,,54.28,,,3971,221387.00,28,F1,1,,,,,
2026-10-05,2026-10-05,CM,BSE,STK,533552,INE895B01021,RUPA,B,,,,,RUPA & COMPANY LTD.,131.35,132.75,126.90,128.55,128.15,130.25,,128.40,,,7811,1014307.00,139,F1,1,,,,,
2026-10-05,2026-10-05,CM,BSE,STK,533553,INE419M01035,TDPOWERSYS,A,,,,,T D POWER SYSTEMS LTD.,801.95,856.00,797.05,812.55,812.55,792.40,,812.89,,,831091,689310685.00,19273,F1,1,,,,,
2026-10-05,2026-10-05,CM,BSE,STK,533570,INF846K01W80,GOLDAXIS,E,,,,,AXIS MUTUAL FUND - AXIS GOLD E,122.29,122.76,120.95,122.51,122.76,122.29,,122.40,,,45191,5501203.00,391,F1,1,,,,,
2026-10-05,2026-10-05,CM,BSE,STK,533573,INE901L01018,APLLTD,A,,,,,ALEMBIC PHARMACEUTICALS LTD.,819.85,836.00,813.20,831.15,830.50,815.00,,831.25,,,8742,7217783.00,1240,F1,1,,,,,
2026-10-05,2026-10-05,CM,BSE,STK,533576,INE590L01019,VASWANI,B,,,,,VASWANI INDUSTRIES LTD.,44.67,44.90,44.15,44.20,44.20,44.20,,44.13,,,117,5218.00,7,F1,1,,,,,
2026-10-05,2026-10-05,CM,BSE,STK,533581,INE457L01029,PGEL,A,,,,,PG ELECTROPLAST LTD.,481.70,500.40,481.70,487.00,487.00,481.65,,487.61,,,123236,60560403.00,3284,F1,1,,,,,
2026-10-05,2026-10-05,CM,BSE,STK,533602,INE050L01048,LESHAIND,X,,,,,LESHA INDUSTRIES LTD.,0.78,0.83,0.78,0.80,0.79,0.81,,0.80,,,55518,44762.00,130,F1,1,,,,,
2026-10-05,2026-10-05,CM,BSE,STK,533608,INE123M01017,RDBRL,X,,,,,RDB RASAYANS LTD.,160.40,164.20,158.40,160.65,160.65,159.75,,160.65,,,14296,2302474.00,150,F1,1,,,,,
2026-10-05,2026-10-05,CM,BSE,STK,533629,INE440L01017,TIJARIA,T,,,,,TIJARIA POLYPIPES LTD.,6.40,6.68,6.30,6.48,6.68,6.53,,6.48,,,2963,18849.00,30,F1,1,,,,,
2026-10-05,2026-10-05,CM,BSE,STK,533632,INE912L01015,ONELIFECAP,T,,,,,ONELIFE CAPITAL ADVISORS LTD.,43.55,43.57,42.84,43.57,43.57,41.50,,43.52,,,9770,423981.00,55,F1,1,,,,,
2026-10-05,2026-10-05,CM,BSE,STK,533638,INE060J01017,FLEXITUFF,T,,,,,FLEXITUFF VENTURES INTERNATION,3.09,3.09,3.09,3.09,3.09,3.03,,3.09,,,21966,67874.00,28,F1,1,,,,,
2026-10-05,2026-10-05,CM,BSE,STK,533644,INE899L01030,UEL,B,,,,,UJAAS ENERGY LIMITED,183.00,183.00,174.70,176.80,176.80,183.85,,176.86,,,1484,263672.00,140,F1,1,,,,,
2026-10-05,2026-10-05,CM,BSE,STK,533655,INE152M01016,TRITURBINE,A,,,,,TRIVENI TURBINE LTD.,532.05,539.05,524.75,525.70,527.00,530.20,,526.06,,,22861,12152495.00,2013,F1,1,,,,,
2026-10-05,2026-10-05,CM,BSE,STK,533676,INE337M01021,INDOTHAI,B,,,,,INDO THAI SECURITIES LTD.,36.80,36.99,35.61,36.99,36.99,35.23,,36.95,,,178707,6536986.00,1467,F1,1,,,,,
2026-10-05,2026-10-05,CM,BSE,STK,533704,INE122M01019,ESSARSHPNG,B,,,,,ESSAR SHIPPING LTD.,18.36,18.36,16.54,17.05,17.05,17.15,,17.04,,,35052,599105.00,302,F1,1,,,,,
2026-10-05,2026-10-05,CM,BSE,STK,533719,INF767K01SM1,LICMFGOLD,E,,,,,LIC MUTUAL FUND - LIC MF GOLD,132.48,132.92,131.35,132.42,132.38,132.31,,132.35,,,16926,2228783.00,165,F1,1,,,,,
2026-10-05,2026-10-05,CM,BSE,STK,533758,INE702C01027,APLAPOLLO,A,,,,,APL APOLLO TUBES LTD.,2194.05,2194.05,2061.00,2096.95,2096.95,2119.90,,2099.80,,,16155,33875695.00,3295,F1,1,,,,,
2026-10-05,2026-10-05,CM,BSE,STK,533761,INE390G01014,GPTINFRA,B,,,,,GPT INFRAPROJECTS LTD.,121.50,122.05,117.95,120.30,120.10,118.95,,120.38,,,35370,4267026.00,739,F1,1,,,,,
2026-10-05,2026-10-05,CM,BSE,STK,533896,INE258M01011,FERVENTSYN,X,,,,,FERVENT SYNERGIES LTD.,15.54,15.54,14.11,15.40,15.40,14.66,,15.40,,,371,5337.00,13,F1,1,,,,,
2026-10-05,2026-10-05,CM,BSE,STK,533941,INE480M01011,THOMASCOTT,B,,,,,THOMAS SCOTT (INDIA) LIMITED,313.80,313.80,274.00,279.95,279.95,299.95,,278.88,,,4075,1199563.00,196,F1,1,,,,,
2026-10-05,2026-10-05,CM,BSE,STK,533982,INE482B01010,TERASOFT,B,,,,,TERA SOFTWARE LTD.,219.00,232.00,208.10,226.25,232.00,210.25,,227.75,,,8065,1783683.00,562,F1,1,,,,,
2026-10-05,2026-10-05,CM,BSE,STK,534060,INE793G01035,PMCFIN,X,,,,,PMC FINCORP LIMITED,1.90,1.99,1.85,1.86,1.87,1.91,,1.86,,,388907,734337.00,493,F1,1,,,,,
2026-10-05,2026-10-05,CM,BSE,STK,534063,INE241F01011,FUTSOL,X,,,,,FUTURISTIC SOLUTIONS LTD.,45.85,45.85,45.85,45.85,45.85,45.85,,45.85,,,173,7932.00,1,F1,1,,,,,
2026-10-05,2026-10-05,CM,BSE,STK,534064,INE123D01024,AIML,XT,,,,,ALLIANCE INTEGRATED METALIKS L,3.03,3.03,2.97,2.97,2.97,3.03,,2.97,,,60116,180224.00,76,F1,1,,,,,
2026-10-05,2026-10-05,CM,BSE,STK,534076,INE743M01012,RHIM,A,,,,,RHI MAGNESITA INDIA LIMITED,380.15,387.00,371.85,372.65,372.65,384.85,,372.75,,,8442,3200925.00,477,F1,1,,,,,
2026-10-05,2026-10-05,CM,BSE,STK,534091,INE745G01043,MCX,A,,,,,MULTI COMMODITY EXCHANGE OF IN,3210.05,3258.55,3150.00,3183.00,3183.00,3203.00,,3181.72,,,163311,523800151.00,6858,F1,1,,,,,
2026-10-05,2026-10-05,CM,BSE,STK,534139,INE839M01018,SCHNEIDER,A,,,,,SCHNEIDER ELECTRIC INFRASTRUCT,1280.70,1317.90,1262.95,1267.10,1272.00,1275.65,,1268.05,,,51772,67011995.00,2515,F1,1,,,,,
2026-10-05,2026-10-05,CM,BSE,STK,534190,INE550L01013,OLPCL,X,,,,,OLYMPIC CARDS LTD.,2.90,2.90,2.82,2.82,2.82,2.90,,2.82,,,507,1430.00,7,F1,1,,,,,
2026-10-05,2026-10-05,CM,BSE,STK,534309,INE095N01031,NBCC,A,,,,,NBCC (India) Limited,78.02,78.42,75.77,76.20,76.20,77.75,,76.20,,,576601,44246463.00,6140,F1,1,,,,,
2026-10-05,2026-10-05,CM,BSE,STK,534312,INE472M01018,MTEDUCARE,T,,,,,MT EDUCARE LTD.,1.71,1.71,1.69,1.69,1.69,1.76,,1.68,,,1585,2692.00,11,F1,1,,,,,
2026-10-05,2026-10-05,CM,BSE,STK,534328,INE750M01017,HEXATRADEX,B,,,,,HEXA TRADEX LTD.,158.20,162.85,152.15,152.15,152.15,154.35,,153.58,,,400,62531.00,7,F1,1,,,,,
2026-10-05,2026-10-05,CM,BSE,STK,534338,INE393F01010,MAXHEIGHTS,X,,,,,Max heights Infrastucture Ltd,10.98,11.50,10.20,10.53,10.95,10.40,,10.53,,,9317,100741.00,60,F1,1,,,,,
2026-10-05,2026-10-05,CM,BSE,STK,534369,INE760L01018,TBZ,T,,,,,TRIBHOVANDAS BHIMJI ZAVERI LTD,626.95,627.00,590.30,595.60,595.60,621.35,,597.01,,,40184,24205489.00,511,F1,1,,,,,
2026-10-05,2026-10-05,CM,BSE,STK,534392,INE050M01012,VSSL,B,,,,,VARDHMAN SPECIAL STEELS LTD.,382.85,388.85,375.75,386.10,386.50,383.40,,386.10,,,10208,3913688.00,439,F1,1,,,,,
2026-10-05,2026-10-05,CM,BSE,STK,534422,INE204N01013,LOOKS,X,,,,,LOOKS HEALTH SERVICES LIMITED,9.27,9.95,9.21,9.25,9.60,9.67,,9.25,,,6341,59581.00,40,F1,1,,,,,
2026-10-05,2026-10-05,CM,BSE,STK,534425,INE247M01014,SPECIALITY,T,,,,,SPECIALITY RESTAURANTS LTD.,157.00,157.00,149.50,157.00,157.00,149.55,,154.97,,,1114,171407.00,22,F1,1,,,,,
2026-10-05,2026-10-05,CM,BSE,STK,534532,INE142K01011,AURUS,B,,,,,AURUS GEM CORPORATION LIMITED,4.81,4.81,3.67,4.35,4.35,4.40,,4.25,,,65710,273618.00,78,F1,1,,,,,
2026-10-05,2026-10-05,CM,BSE,STK,534535,INE958L01034,META,T,,,,,STRING METAVERSE LIMITED,7.42,7.43,7.01,7.23,7.26,7.31,,7.23,,,1092741,7902299.00,1070,F1,1,,,,,
2026-10-05,2026-10-05,CM,BSE,STK,534597,INE834M01019,RTNINDIA,B,,,,,RATTANINDIA ENTERPRISES LIMITE,25.70,25.91,25.10,25.56,25.55,25.31,,25.46,,,82924,2111009.00,651,F1,1,,,,,
2026-10-05,2026-10-05,CM,BSE,STK,534598,INE735M01018,SAMPANN,B,,,,,Sampann Utpadan India Limited,23.83,24.49,23.81,24.41,24.41,24.55,,24.04,,,464,11090.00,12,F1,1,,,,,
2026-10-05,2026-10-05,CM,BSE,STK,534600,INE391J01032,JTLIND,B,,,,,JTL INDUSTRIES LIMITED,86.70,88.31,84.52,84.84,84.80,86.22,,84.98,,,70341,6072176.00,902,F1,1,,,,,
2026-10-05,2026-10-05,CM,BSE,STK,534612,INE436N01029,AMTL,X,,,,,ADVANCE METERING TECHNOLOGY LT,16.28,17.45,16.16,17.26,17.45,16.29,,17.26,,,3942,67769.00,33,F1,1,,,,,
2026-10-05,2026-10-05,CM,BSE,STK,534615,INE553C01016,NECCLTD,B,,,,,NORTH EASTERN CARRYING CORPORA,16.50,20.00,16.50,19.11,19.18,18.70,,19.12,,,41486,758575.00,147,F1,1,,,,,
2026-10-05,2026-10-05,CM,BSE,STK,534618,INE299N01021,WAAREERTL,A,,,,,WAAREE RENEWABLE TECHNOLOGIES,823.75,830.25,807.60,809.15,809.15,808.65,,809.10,,,10750,8768990.00,749,F1,1,,,,,
2026-10-05,2026-10-05,CM,BSE,STK,534623,INE524N01014,JUPITERIN,X,,,,,JUPITER INFOMEDIA LTD.,37.49,37.85,35.50,35.88,35.50,36.92,,35.88,,,2427,89592.00,39,F1,1,,,,,
2026-10-05,2026-10-05,CM,BSE,STK,534674,INE741L01018,DUCON,B,,,,,Ducon Infratechnologies Ltd,1.32,1.38,1.28,1.38,1.38,1.32,,1.36,,,426757,586122.00,102,F1,1,,,,,
2026-10-05,2026-10-05,CM,BSE,STK,534675,INE195N01013,PROZONER,B,,,,,PROZONE REALTY LIMITED,47.25,52.69,47.25,50.38,50.38,52.62,,50.53,,,18490,946113.00,272,F1,1,,,,,
2026-10-05,2026-10-05,CM,BSE,STK,534680,INE559N01010,SRGHFL,B,,,,,SRG HOUSING FINANCE LTD.,134.05,135.00,129.40,129.40,129.40,136.20,,129.11,,,568,74626.00,42,F1,1,,,,,
2026-10-05,2026-10-05,CM,BSE,STK,534691,INE456N01019,COMCL,X,,,,,COMFORT COMMOTRADE LTD.,14.00,14.00,12.90,13.24,13.20,13.40,,13.24,,,2240,29510.00,29,F1,1,,,,,
2026-10-05,2026-10-05,CM,BSE,STK,534732,INE176N01039,CASPIAN,X,,,,,CASPIAN CORPORATE SERVICES LIM,34.75,34.75,33.56,34.33,34.33,33.86,,34.33,,,4820,164411.00,76,F1,1,,,,,
2026-10-05,2026-10-05,CM,BSE,STK,534733,INE175N01023,AERPACE,XT,,,,,Aerpace Industries Limited,37.69,37.69,37.69,37.69,37.69,38.45,,37.69,,,66205,2495266.00,113,F1,1,,,,,
2026-10-05,2026-10-05,CM,BSE,STK,534741,INE247C01023,VIRTUALG,T,,,,,VIRTUAL GLOBAL EDUCATION LTD.,0.45,0.45,0.43,0.43,0.43,0.45,,0.43,,,28597,12645.00,40,F1,1,,,,,
2026-10-05,2026-10-05,CM,BSE,STK,534742,INE840M01016,ZUARI,B,,,,,ZUARI AGRO CHEMICALS LTD.,209.35,217.20,209.35,211.60,211.50,213.30,,211.48,,,3773,802430.00,134,F1,1,,,,,
2026-10-05,2026-10-05,CM,BSE,STK,534748,INE503B01021,STEELXIND,B,,,,,STEEL EXCHANGE INDIA LTD.,11.25,11.54,11.09,11.13,11.12,11.22,,11.12,,,144155,1617273.00,428,F1,1,,,,,
2026-10-05,2026-10-05,CM,BSE,STK,534755,INE234G01022,TRIOMERC,XT,,,,,TRIO MERCANTILE & TRADING LTD.,2.25,2.26,2.16,2.25,2.21,2.27,,2.25,,,52015,114492.00,96,F1,1,,,,,
2026-10-05,2026-10-05,CM,BSE,STK,534796,INE198N01017,JUJHARLOGI,X,,,,,JUJHAR LOGISTICS  LIMITED,212.70,212.70,203.10,208.50,208.50,213.75,,208.50,,,1283,261215.00,21,F1,1,,,,,
2026-10-05,2026-10-05,CM,BSE,STK,534804,INE752H01013,CARERATING,A,,,,,CARE Ratings Limited,1610.25,1634.05,1591.55,1614.60,1592.65,1604.85,,1607.86,,,1569,2526139.00,215,F1,1,,,,,
2026-10-05,2026-10-05,CM,BSE,STK,534809,INE785M01021,PCJEWELLER,A,,,,,PC JEWELLER LTD.,13.02,13.31,12.85,13.05,13.05,12.82,,13.06,,,9205828,120449500.00,5863,F1,1,,,,,
2026-10-05,2026-10-05,CM,BSE,STK,534816,INE121J01017,INDUSTOWER,A,,,,,INDUS TOWERS LIMITED,380.05,381.40,375.50,381.20,381.20,376.00,,380.20,,,537230,203478931.00,1478,F1,1,,,,,
2026-10-05,2026-10-05,CM,BSE,STK,534920,INE899M01020,ISERA,XT,,,,,iSERA LIFESCIENCES LIMITED,143.90,143.90,143.90,143.90,143.90,143.90,,143.90,,,201,28923.00,4,F1,1,,,,,
2026-10-05,2026-10-05,CM,BSE,STK,534976,INE665J01013,VMART,A,,,,,V-MART RETAIL LTD.,755.60,775.70,746.00,770.60,770.40,746.55,,770.94,,,2903,2214892.00,301,F1,1,,,,,
2026-10-05,2026-10-05,CM,BSE,STK,535136,INE149O01018,NIBE,B,,,,,NIBE LIMITED,1220.85,1255.20,1212.90,1221.25,1221.25,1234.95,,1221.30,,,4260,5232326.00,395,F1,1,,,,,
2026-10-05,2026-10-05,CM,BSE,STK,535204,INE160O01031,MUKTA,XT,,,,,Mukta Agriculture Limited,4.94,4.94,4.90,4.90,4.90,4.94,,4.90,,,1975,9701.00,11,F1,1,,,,,
2026-10-05,2026-10-05,CM,BSE,STK,535205,INE159O01033,MYSTICELE,X,,,,,Mystic Electronics Limited,4.11,4.32,3.99,4.01,4.00,4.11,,4.01,,,52483,211055.00,40,F1,1,,,,,
2026-10-05,2026-10-05,CM,BSE,STK,535267,INE274M01026,COMFINCAP,X,,,,,COMFORT FINCAP LTD.,7.58,7.75,7.50,7.52,7.55,7.53,,7.52,,,29388,224904.00,91,F1,1,,,,,
2026-10-05,2026-10-05,CM,BSE,STK,535276,INF200K01VT2,SBISENSEX,B,,,,,SBI MUTUAL FUND - SBI ETF SENS,808.98,811.98,800.02,807.51,810.54,801.29,,807.51,,,51557,41673750.00,428,F1,1,,,,,
2026-10-05,2026-10-05,CM,BSE,STK,535322,INE612J01015,REPCOHOME,B,,,,,REPCO HOME FINANCE LTD.,341.60,341.65,328.00,329.80,328.20,336.05,,329.26,,,2114,701602.00,194,F1,1,,,,,
2026-10-05,2026-10-05,CM,BSE,STK,535387,INE191O01010,LAKHOTIA,X,,,,,LAKHOTIA POLYESTERS (INDIA) LT,57.90,57.90,57.90,57.90,57.90,53.00,,57.90,,,2,115.00,1,F1,1,,,,,
2026-10-05,2026-10-05,CM,BSE,STK,535431,INE168O01026,GCMSECU,B,,,,,GCM SECURITIES LTD,0.63,0.65,0.62,0.64,0.64,0.65,,0.64,,,111473,70238.00,97,F1,1,,,,,
2026-10-05,2026-10-05,CM,BSE,STK,535458,INE047O01014,NIBL,B,,,,,NRB INDUSTRIAL BEARINGS LTD.,28.40,31.06,28.40,31.06,31.05,31.40,,31.31,,,190,5741.00,9,F1,1,,,,,
2026-10-05,2026-10-05,CM,BSE,STK,535514,INE748D01010,PRIMECAPM,X,,,,,PRIME CAPITAL MARKET LTD.,5.60,5.60,5.60,5.60,5.60,5.60,,5.60,,,11,61.00,2,F1,1,,,,,
2026-10-05,2026-10-05,CM,BSE,STK,535566,INE902D01013,KIFS,X,,,,,KIFS FINANCIAL SERVICES LTD.,111.95,111.95,105.45,108.40,105.45,111.90,,108.40,,,8,881.00,4,F1,1,,,,,
2026-10-05,2026-10-05,CM,BSE,STK,535601,INE099F01013,SREEL,T,,,,,SREELEATHERS LTD.,293.45,298.00,285.00,288.95,296.70,293.45,,290.73,,,264,77304.00,21,F1,1,,,,,
2026-10-05,2026-10-05,CM,BSE,STK,535602,INE597I01028,SHARDAMOTR,B,,,,,SHARDA MOTOR INDUSTRIES LTD,923.15,939.00,912.80,918.50,919.00,930.55,,918.59,,,3640,3369708.00,522,F1,1,,,,,
2026-10-05,2026-10-05,CM,BSE,STK,535620,INE160L01011,BINNYMILLS,XT,,,,,BINNY MILLS LTD.,333.75,333.75,333.75,333.75,333.75,333.75,,333.75,,,1,333.00,1,F1,1,,,,,
2026-10-05,2026-10-05,CM,BSE,STK,535621,INE159L01013,SVGLOBAL,B,,,,,S V GLOBAL MILL LTD.,147.00,147.00,134.20,142.90,143.00,132.45,,135.77,,,121,17609.00,11,F1,1,,,,,
2026-10-05,2026-10-05,CM,BSE,STK,535648,INE599M01018,JUSTDIAL,A,,,,,JUST DIAL LTD.,662.95,665.55,649.80,651.90,651.00,652.85,,651.38,,,2674,1752444.00,221,F1,1,,,,,
2026-10-05,2026-10-05,CM,BSE,STK,535657,INE860E01011,OONE,X,,,,,OBJECTONE INFORMATION SYSTEMS,8.00,8.00,7.99,7.99,7.99,7.79,,7.99,,,551,4405.00,5,F1,1,,,,,
2026-10-05,2026-10-05,CM,BSE,STK,535667,INE474O01010,IFINSEC,X,,,,,INDIA FINSEC LTD.,250.00,250.10,233.20,249.95,249.95,250.00,,249.95,,,4274,1067077.00,53,F1,1,,,,,
2026-10-05,2026-10-05,CM,BSE,STK,535693,INE320I01017,BRAHMINFRA,B,,,,,BRAHMAPUTRA INFRASTRUCTURE LTD,150.75,150.75,141.05,142.95,143.00,148.45,,142.99,,,11382,1639639.00,141,F1,1,,,,,
2026-10-05,2026-10-05,CM,BSE,STK,535719,INE989J01017,AMPVOLTS,X,,,,,AMPVOLTS LIMITED,25.40,26.00,23.75,24.75,24.85,24.83,,24.75,,,13274,324481.00,98,F1,1,,,,,
2026-10-05,2026-10-05,CM,BSE,STK,535730,INE731G01027,KHOOBSURAT,X,,,,,KHOOBSURAT LTD,0.44,0.45,0.37,0.42,0.42,0.44,,0.42,,,1244821,527135.00,358,F1,1,,,,,
2026-10-05,2026-10-05,CM,BSE,STK,535754,INE876N01018,ORIENTCEM,B,,,,,ORIENT CEMENT LTD,114.60,117.95,114.60,116.40,116.15,115.95,,116.16,,,21711,2514474.00,293,F1,1,,,,,
2026-10-05,2026-10-05,CM,BSE,STK,535755,INE647O01011,ABFRL,A,,,,,Aditya Birla Fashion and Retai,44.66,45.34,44.29,44.37,44.47,44.51,,44.34,,,114310,5117352.00,2925,F1,1,,,,,
2026-10-05,2026-10-05,CM,BSE,STK,535789,INE148I01020,SAMMAANCAP,A,,,,,Sammaan Capital Limited,136.50,138.75,132.75,133.15,133.15,132.50,,133.11,,,532022,72383670.00,5603,F1,1,,,,,
2026-10-05,2026-10-05,CM,BSE,STK,535910,INE340O01021,MMLF,B,,,,,MONEY MASTERS LEASING & FINANC,0.62,0.70,0.62,0.67,0.67,0.61,,0.67,,,20126,12985.00,34,F1,1,,,,,
2026-10-05,2026-10-05,CM,BSE,STK,535916,INE030P01017,ALSL,B,,,,,ALACRITY SECURITIES LTD,49.49,52.78,46.04,46.41,46.06,47.20,,46.41,,,23193,1129902.00,172,F1,1,,,,,
2026-10-05,2026-10-05,CM,BSE,STK,535917,INE200P01016,GCMCOMM,M,,,,,GCM COMMODITY & DERIVATIVES LT,5.03,5.27,5.03,5.27,5.27,5.03,,5.27,,,12000,61800.00,2,F1,6000,,,,,
2026-10-05,2026-10-05,CM,BSE,STK,535958,INE418N01035,ESSENTIA,B,,,,,Integra Essentia Limited,1.01,1.03,1.00,1.01,1.03,1.01,,1.01,,,684950,695503.00,235,F1,1,,,,,
2026-10-05,2026-10-05,CM,BSE,STK,536073,INE890N01027,JULIEN,X,,,,,JULIEN AGRO INFRATECH LIMITED,1.15,1.16,1.13,1.14,1.16,1.14,,1.14,,,115214,131490.00,105,F1,1,,,,,
2026-10-05,2026-10-05,CM,BSE,STK,536264,INE906O01029,TIGERLOGS,B,,,,,TIGER LOGISTICS (INDIA) LTD,25.30,26.95,25.30,26.24,26.39,25.81,,26.29,,,5239,136879.00,102,F1,1,,,,,
2026-10-05,2026-10-05,CM,BSE,STK,536493,INE690O01011,JKAGRI,X,,,,,JK AGRI GENETICS LTD,278.30,291.00,276.00,277.50,277.50,291.95,,277.50,,,1644,460289.00,63,F1,1,,,,,
2026-10-05,2026-10-05,CM,BSE,STK,536507,INE452O01016,FLFL,Z,,,,,FUTURE LIFESTYLE FASHIONS LTD,1.10,1.12,1.05,1.05,1.05,1.10,,1.06,,,33578,35714.00,41,F1,1,,,,,
2026-10-05,2026-10-05,CM,BSE,STK,536565,INE314I01036,NOVELIX,X,,,,,NOVELIX PHARMACEUTICALS LIMITE,70.00,73.97,65.00,66.23,67.70,70.00,,66.23,,,23859,1575864.00,95,F1,1,,,,,
2026-10-05,2026-10-05,CM,BSE,STK,536659,INE428B01021,PVVINFRA,X,,,,,PVV Infra Limited,2.18,2.25,2.11,2.12,2.16,2.16,,2.12,,,763061,1652113.00,496,F1,1,,,,,
2026-10-05,2026-10-05,CM,BSE,STK,536672,INE962O01014,VCU,X,,,,,VCU DATA MANAGEMENT LTD,6.74,6.74,6.41,6.71,6.74,6.74,,6.71,,,33520,221007.00,95,F1,1,,,,,
2026-10-05,2026-10-05,CM,BSE,STK,536709,INE138O01029,INDRENEW,Z,,,,,IND Renewable Energy Ltd,14.28,14.40,13.22,13.93,14.30,13.91,,13.93,,,61461,865254.00,80,F1,1,,,,,
2026-10-05,2026-10-05,CM,BSE,STK,536737,INE218P01018,ACFSL,MT,,,,,AMRAPALI CAPITAL AND FINANCE S,80.10,83.00,80.10,83.00,83.00,83.30,,83.00,,,2400,195720.00,2,F1,1200,,,,,
2026-10-05,2026-10-05,CM,BSE,STK,536773,INE147P01019,JPOLYINVST,B,,,,,JINDAL POLY INVESTMENT AND FIN,912.00,915.80,884.55,886.85,888.95,912.00,,891.07,,,632,570272.00,155,F1,1,,,,,
2026-10-05,2026-10-05,CM,BSE,STK,536846,INE156M01017,YURANUS,XT,,,,,YURANUS INFRASTRUCTURE LTD,105.02,108.99,98.80,106.69,108.80,103.99,,106.69,,,515,52672.00,28,F1,1,,,,,
2026-10-05,2026-10-05,CM,BSE,STK,536960,INF247L01023,MOM100,B,,,,,MOTILAL OSWAL MUTUAL FUND - MO,63.51,64.45,63.04,63.79,63.71,63.60,,63.68,,,28048,1792964.00,573,F1,1,,,,,
2026-10-05,2026-10-05,CM,BSE,STK,536965,INE947C01010,BPCAP,XT,,,,,B. P. CAPITAL LTD,10.85,10.85,10.85,10.85,10.85,10.34,,10.85,,,7783,84445.00,8,F1,1,,,,,
2026-10-05,2026-10-05,CM,BSE,STK,536974,INE536P01021,CPL,B,,,,,CAPTAIN POLYPLAST LTD,62.83,62.83,61.40,62.75,61.91,62.12,,62.74,,,3471,216248.00,167,F1,1,,,,,
2026-10-05,2026-10-05,CM,BSE,STK,537007,INF109K012R6,NIFTYIETF,B,,,,,ICICI Prudential Nifty ETF,256.15,257.11,248.40,256.05,256.26,254.77,,256.15,,,47716,12206905.00,1002,F1,1,,,,,
2026-10-05,2026-10-05,CM,BSE,STK,537008,INF109KC16V9,NIF100IETF,B,,,,,ICICI Prudential Nifty 100 ETF,26.01,26.67,26.01,26.39,26.39,26.26,,26.38,,,29528,782853.00,103,F1,1,,,,,
2026-10-05,2026-10-05,CM,BSE,STK,537069,INE185K01036,ARNOLD,XT,,,,,ARNOLD HOLDINGS LTD,18.00,18.61,17.12,17.50,17.50,17.74,,17.50,,,22798,401698.00,35,F1,1,,,,,
2026-10-05,2026-10-05,CM,BSE,STK,537253,INE671C01016,SUNLOC,B,,,,,SUNIL HEALTHCARE LTD,68.54,68.54,67.00,67.00,67.00,68.20,,67.33,,,7,470.00,2,F1,1,,,,,
2026-10-05,2026-10-05,CM,BSE,STK,537254,INE140B01048,JTLDEFENCE,XT,,,,,JTL DEFENCE LIMITED,699.65,699.65,699.65,699.65,699.65,713.90,,699.65,,,523,365916.00,41,F1,1,,,,,
2026-10-05,2026-10-05,CM,BSE,STK,537259,INE442P01014,SUYOG,B,,,,,SUYOG TELEMATICS LTD,692.25,692.25,650.45,657.70,650.45,688.30,,663.84,,,699,469088.00,55,F1,1,,,,,
2026-10-05,2026-10-05,CM,BSE,STK,537291,INE448G01010,NATHBIOGEN,B,,,,,NATH BIO-GENES (INDIA) LTD,140.00,141.05,134.00,134.20,136.55,139.75,,134.28,,,2620,359321.00,378,F1,1,,,,,
2026-10-05,2026-10-05,CM,BSE,STK,537292,INE449G01018,AGRITECH,B,,,,,AGRI- TECH (INDIA) LTD,92.40,93.00,88.00,88.37,88.00,88.88,,88.47,,,65,5941.00,10,F1,1,,,,,
2026-10-05,2026-10-05,CM,BSE,STK,537326,INE212P01011,CHEMTECH,X,,,,,CHEMTECH INDUSTRIAL VALVES LTD,58.68,59.00,55.20,56.04,56.04,55.79,,56.04,,,12597,716419.00,75,F1,1,,,,,
2026-10-05,2026-10-05,CM,BSE,STK,537392,INE392H01026,KETOMOTORS,XT,,,,,Keto Motors Limited,254.00,254.00,236.55,237.05,249.50,249.00,,237.05,,,2158,514107.00,74,F1,1,,,,,
2026-10-05,2026-10-05,CM,BSE,STK,537483,INF204K014N5,NIF100BEES,B,,,,,NIPPON INDIA ETF NIFTY 100,253.24,254.01,249.83,251.94,252.49,253.33,,251.20,,,4130,1034952.00,352,F1,1,,,,,
2026-10-05,2026-10-05,CM,BSE,STK,537536,INE051G01012,DENISCHEM,X,,,,,DENIS CHEM LAB LTD,69.90,69.90,66.00,67.26,67.26,67.41,,67.26,,,2747,184285.00,31,F1,1,,,,,
2026-10-05,2026-10-05,CM,BSE,STK,537669,INE920P01019,LAXMIPATI,M,,,,,LAXMIPATI ENGINEERING WORKS LI,471.25,471.25,469.95,469.95,469.95,428.45,,469.95,,,5000,2355475.00,10,F1,500,,,,,
2026-10-05,2026-10-05,CM,BSE,STK,537707,INE546I01025,LADDU,X,,,,,LADDU GOPAL ONLINE SERVICES LI,0.44,0.47,0.43,0.43,0.43,0.45,,0.43,,,569139,248914.00,186,F1,1,,,,,
2026-10-05,2026-10-05,CM,BSE,STK,537708,INF174K014P6,NIFTY1,B,,,,,KOTAK MAHINDRA MUTUAL FUND - K,250.00,252.50,248.95,250.78,251.06,249.95,,250.51,,,6918,1732914.00,173,F1,1,,,,,
2026-10-05,2026-10-05,CM,BSE,STK,537709,INE101H01013,HANSUGAR,XT,,,,,SHREE HANUMAN SUGAR & INDUSTRI,3.67,3.67,3.59,3.59,3.59,3.77,,3.59,,,7180,25868.00,78,F1,1,,,,,
2026-10-05,2026-10-05,CM,BSE,STK,537750,INE555P01013,KIRANVYPAR,B,,,,,KIRAN VYAPAR LTD,179.30,182.15,176.00,179.00,176.00,179.00,,179.00,,,1191,213933.00,27,F1,1,,,,,
2026-10-05,2026-10-05,CM,BSE,STK,537766,INE905P01028,BCP,X,,,,,B.C. POWER CONTROLS LTD,1.69,1.72,1.60,1.62,1.62,1.69,,1.62,,,147379,237745.00,150,F1,1,,,,,
2026-10-05,2026-10-05,CM,BSE,STK,537785,INE084Q01012,RACE,B,,,,,RACE ECO CHAIN LIMITED,113.85,115.50,108.55,108.75,108.75,113.30,,108.94,,,877,96587.00,69,F1,1,,,,,
2026-10-05,2026-10-05,CM,BSE,STK,537800,INE717C01025,MANGIND,Z,,,,,MANGALAM INDUSTRIAL FINANCE LT,0.53,0.53,0.51,0.52,0.52,0.53,,0.52,,,2995698,1531568.00,692,F1,1,,,,,
2026-10-05,2026-10-05,CM,BSE,STK,537820,INE159N01027,VIJIFIN,T,,,,,VIJI FINANCE LTD,14.40,14.40,14.40,14.40,14.40,15.15,,14.41,,,23938,344707.00,49,F1,1,,,,,
2026-10-05,2026-10-05,CM,BSE,STK,537839,INE977M01024,HBGHOTELS,X,,,,,HBG HOTELS LIMITED,69.20,72.00,67.00,68.09,68.09,68.78,,68.09,,,28656,1980623.00,82,F1,1,,,,,
2026-10-05,2026-10-05,CM,BSE,STK,537840,INE523K01012,RAUNAQ,XT,,,,,RAUNAQ INTERNATIONAL LIMITED,35.03,35.03,35.03,35.03,35.03,36.87,,35.03,,,201,7041.00,3,F1,1,,,,,
2026-10-05,2026-10-05,CM,BSE,STK,537985,INE463B01036,INFRONICS,X,,,,,INFRONICS SYSTEMS LTD,19.31,20.99,19.29,19.47,19.29,20.30,,19.47,,,3724,74635.00,19,F1,1,,,,,
2026-10-05,2026-10-05,CM,BSE,STK,538057,INF457M01133,CPSEETF,B,,,,,CPSE ETF,90.97,90.97,89.38,90.20,90.00,89.71,,90.10,,,35344,3189885.00,1062,F1,1,,,,,
2026-10-05,2026-10-05,CM,BSE,STK,538081,INE493N01012,HARIAAPL,X,,,,,HARIA APPARELS LTD,5.00,5.00,4.62,4.62,4.62,4.82,,4.62,,,4001,18485.00,7,F1,1,,,,,
2026-10-05,2026-10-05,CM,BSE,STK,538119,INE012Q01039,RNBDENIMS,T,,,,,R&B DENIMS LTD,9.25,9.37,8.55,9.00,8.92,9.00,,8.97,,,87065,778468.00,107,F1,1,,,,,
2026-10-05,2026-10-05,CM,BSE,STK,538212,INE909D01026,SHARPINV,XT,,,,,SHARP INVESTMENTS LTD,0.31,0.33,0.31,0.33,0.33,0.32,,0.33,,,251504,80282.00,74,F1,1,,,,,
2026-10-05,2026-10-05,CM,BSE,STK,538268,INE066O01014,WONDERLA,B,,,,,WONDERLA HOLIDAYS LTD,495.15,502.90,495.15,500.20,500.10,494.10,,499.70,,,866,433076.00,77,F1,1,,,,,
2026-10-05,2026-10-05,CM,BSE,STK,538273,INE401B01010,RESPONSINF,X,,,,,RESPONSE INFORMATICS LTD,19.50,19.50,19.00,19.41,19.41,19.66,,19.41,,,60,1143.00,5,F1,1,,,,,
2026-10-05,2026-10-05,CM,BSE,STK,538351,INE663P01015,AFEL,Z,,,,,A.F. ENTERPRISES LTD,1.68,1.83,1.68,1.70,1.70,1.76,,1.70,,,5210,8968.00,20,F1,1,,,,,
2026-10-05,2026-10-05,CM,BSE,STK,538365,INE452L01012,INCREDIBLE,B,,,,,INCREDIBLE INDUSTRIES LIMITED,37.00,37.00,31.01,31.80,32.06,32.84,,31.48,,,657,20643.00,11,F1,1,,,,,
2026-10-05,2026-10-05,CM,BSE,STK,538382,INE266P01017,WESTLEIRES,X,,,,,WEST LEISURE RESORTS LTD,68.00,68.03,68.00,68.03,68.03,68.00,,68.03,,,2711,184409.00,4,F1,1,,,,,
2026-10-05,2026-10-05,CM,BSE,STK,538401,INE318N01011,METSL,XT,,,,,MAESTROS ELECTRONICS & TELECOM,123.95,123.95,115.40,115.40,115.40,121.45,,115.40,,,9866,1144655.00,161,F1,1,,,,,
2026-10-05,2026-10-05,CM,BSE,STK,538422,INE508N01025,JACKSON,X,,,,,JACKSON INVESTMENTS LTD,0.36,0.37,0.35,0.35,0.35,0.36,,0.35,,,303667,107386.00,180,F1,1,,,,,
2026-10-05,2026-10-05,CM,BSE,STK,538446,INE296Q01012,MONEYBOXX,T,,,,,MONEYBOXX FINANCE LIMITED,53.50,54.27,50.83,53.29,52.91,53.50,,53.31,,,9863,512742.00,44,F1,1,,,,,
2026-10-05,2026-10-05,CM,BSE,STK,538451,INE114O01020,WORTH,X,,,,,WORTH INVESTMENT & TRADING CO,2.76,2.89,2.65,2.71,2.71,2.78,,2.71,,,539185,1449456.00,364,F1,1,,,,,
2026-10-05,2026-10-05,CM,BSE,STK,538464,INE901C01017,TPROJECT,X,,,,,THIRANI PROJECTS LTD,3.16,3.30,3.05,3.24,3.24,3.16,,3.24,,,3039,9685.00,9,F1,1,,,,,
2026-10-05,2026-10-05,CM,BSE,STK,538465,INE745P01010,AMARSEC,XT,,,,,AMARNATH SECURITIES LTD,14.00,14.00,14.00,14.00,14.00,14.00,,14.00,,,18654,261156.00,13,F1,1,,,,,
2026-10-05,2026-10-05,CM,BSE,STK,538476,INE172D01021,CTL,XT,,,,,CAPITAL TRADE LINKS LTD,26.50,27.99,26.14,26.33,26.15,27.51,,26.33,,,149984,3987683.00,151,F1,1,,,,,
2026-10-05,2026-10-05,CM,BSE,STK,538520,INE857P01021,SBL,X,,,,,SHIVAMSHREE BUSINESSES LIMITED,1.95,1.95,1.86,1.86,1.86,1.95,,1.86,,,7750,14598.00,18,F1,1,,,,,
2026-10-05,2026-10-05,CM,BSE,STK,538521,INE969E01010,YAANENT,XT,,,,,YAAN ENTERPRISES LIMITED,164.05,164.05,160.05,160.05,160.05,164.05,,160.05,,,783,128049.00,15,F1,1,,,,,
2026-10-05,2026-10-05,CM,BSE,STK,538537,INE378P01036,PIPAN,XT,,,,,PIPAN OILS LIMITED,184.25,184.25,184.25,184.25,184.25,185.15,,184.25,,,31,5711.00,2,F1,1,,,,,
2026-10-05,2026-10-05,CM,BSE,STK,538539,INE075K01013,ANVRDHI,X,,,,,ANNVRRIDHHI VENTURES LIMITED,11.07,11.39,10.01,10.39,10.25,11.02,,10.39,,,15110,160085.00,79,F1,1,,,,,
2026-10-05,2026-10-05,CM,BSE,STK,538540,INE516P01015,RAAMA,X,,,,,RAAMA FINANCE LIMITED,13.55,14.22,13.55,14.21,14.22,13.55,,14.21,,,87835,1231036.00,183,F1,1,,,,,
2026-10-05,2026-10-05,CM,BSE,STK,538542,INE634J01027,GOLDCOINHF,X,,,,,GOLD COIN HEALTH FOODS LTD,32.79,32.79,30.08,30.08,30.08,32.79,,30.08,,,208,6812.00,19,F1,1,,,,,
2026-10-05,2026-10-05,CM,BSE,STK,538546,INE319Q01012,BRPL,B,,,,,BANSAL ROOFING PRODUCTS LTD,166.10,171.80,166.10,167.80,167.25,168.45,,167.80,,,2546,428751.00,117,F1,1,,,,,
2026-10-05,2026-10-05,CM,BSE,STK,538556,INE510P01018,ARMAN,X,,,,,ARMAN HOLDINGS LTD,135.00,139.00,128.00,134.90,134.90,134.15,,134.90,,,34878,4691074.00,89,F1,1,,,,,
2026-10-05,2026-10-05,CM,BSE,STK,538562,INE439E01022,SKIPPER,B,,,,,SKIPPER LTD,542.35,550.90,533.80,539.95,537.15,541.95,,538.95,,,23987,13015896.00,901,F1,1,,,,,
2026-10-05,2026-10-05,CM,BSE,STK,538563,INE673E01018,SMTEL,X,,,,,SMT ENGINEERING LIMITED,333.45,344.85,333.45,340.45,340.80,330.15,,340.45,,,102,34768.00,12,F1,1,,,,,
2026-10-05,2026-10-05,CM,BSE,STK,538564,INE718P01017,JAMESWARREN,X,,,,,JAMES WARREN TEA LTD,253.60,257.15,248.60,249.95,249.95,252.20,,249.95,,,722,180857.00,24,F1,1,,,,,
2026-10-05,2026-10-05,CM,BSE,STK,538565,INE878P01019,VISTARAMAR,X,,,,,Vistar Amar Limited,177.85,179.90,156.95,164.70,163.00,174.35,,164.70,,,20834,3395850.00,265,F1,1,,,,,
2026-10-05,2026-10-05,CM,BSE,STK,538567,INE635Q01029,GULFOILLUB,B,,,,,GULF OIL LUBRICANTS INDIA LTD,1090.00,1104.60,1065.80,1069.85,1069.85,1092.55,,1068.74,,,26364,28228491.00,375,F1,1,,,,,
2026-10-05,2026-10-05,CM,BSE,STK,538568,INE836C01015,FRUTION,XT,,,,,FRUITION VENTURE LTD,29.80,31.00,28.75,28.75,28.75,29.88,,28.75,,,36,1070.00,4,F1,1,,,,,
2026-10-05,2026-10-05,CM,BSE,STK,538569,INE916P01025,TRIVENIENT,X,,,,,TRIVENI ENTERPRISES LTD,0.95,0.95,0.90,0.95,0.95,0.95,,0.95,,,1331,1253.00,10,F1,1,,,,,
2026-10-05,2026-10-05,CM,BSE,STK,538596,INE222B01028,CEMAINFRA,X,,,,,CEMANTIC INFRA-TECH LIMITED,5.00,5.25,5.00,5.25,5.25,5.00,,5.25,,,68,344.00,9,F1,1,,,,,
2026-10-05,2026-10-05,CM,BSE,STK,538597,INE404F01031,TTIENT,X,,,,,TTI ENTERPRISE LTD,7.08,7.16,7.08,7.16,7.16,7.10,,7.16,,,43,305.00,5,F1,1,,,,,
2026-10-05,2026-10-05,CM,BSE,STK,538598,INE755Q01025,VISHAL,B,,,,,VISHAL FABRICS LTD,17.73,17.90,17.06,17.28,17.14,17.38,,17.30,,,8642,150079.00,177,F1,1,,,,,
2026-10-05,2026-10-05,CM,BSE,STK,538607,INE457P01020,TOYAMSL,B,,,,,TOYAM SPORTS LIMITED,0.68,0.71,0.67,0.67,0.67,0.70,,0.66,,,267211,181067.00,120,F1,1,,,,,
2026-10-05,2026-10-05,CM,BSE,STK,538609,INE868G01019,GAJANANSEC,X,,,,,GAJANAN SECURITIES SERVICES LT,48.12,53.00,48.12,52.12,52.20,51.90,,52.12,,,484,24675.00,16,F1,1,,,,,
2026-10-05,2026-10-05,CM,BSE,STK,538610,INE099D01026,UNISON,XT,,,,,UNISON METALS LTD,0.82,0.82,0.78,0.79,0.79,0.82,,0.79,,,697243,550700.00,412,F1,1,,,,,
2026-10-05,2026-10-05,CM,BSE,STK,538611,INE840I01014,RTFL,Z,,,,,Real Touch Finance Limited,33.26,36.75,33.25,36.75,36.75,35.00,,36.75,,,1218,40523.00,18,F1,1,,,,,
2026-10-05,2026-10-05,CM,BSE,STK,538634,INE406F01010,VRL,X,,,,,VASUNDHARA RASAYANS LTD,138.00,157.00,138.00,148.80,148.80,144.40,,148.80,,,447,64918.00,27,F1,1,,,,,
2026-10-05,2026-10-05,CM,BSE,STK,538635,INE734N01019,SNOWMAN,B,,,,,SNOWMAN LOGISTICS LTD,34.31,34.66,33.45,34.10,33.95,34.32,,34.00,,,712847,23850814.00,217,F1,1,,,,,
2026-10-05,2026-10-05,CM,BSE,STK,538646,INE837C01013,QGO,X,,,,,QGO FINANCE LIMITED,42.00,42.00,40.00,40.70,40.70,39.90,,40.70,,,265,10905.00,9,F1,1,,,,,
2026-10-05,2026-10-05,CM,BSE,STK,538647,INE729C01020,PURSHOTTAM,X,,,,,PURSHOTTAM INVESTOFIN LTD,33.85,39.75,33.00,37.70,37.70,33.27,,37.70,,,2291,85185.00,24,F1,1,,,,,
2026-10-05,2026-10-05,CM,BSE,STK,538666,INE221J01015,SHARDACROP,A,,,,,Sharda Cropchem Limited,710.65,729.60,710.30,719.35,719.95,710.30,,720.06,,,5593,4032048.00,586,F1,1,,,,,
2026-10-05,2026-10-05,CM,BSE,STK,538668,INE898Q01015,MIIL,B,,,,,Meghna Infracon Infrastructure,692.00,693.20,668.00,670.65,680.00,676.60,,670.43,,,20010,13537605.00,295,F1,1,,,,,
2026-10-05,2026-10-05,CM,BSE,STK,538674,INE158C01014,CITYONLINE,Z,,,,,City Online Services Limited,7.35,7.71,7.35,7.35,7.35,7.35,,7.35,,,1003,7372.00,7,F1,1,,,,,
2026-10-05,2026-10-05,CM,BSE,STK,538683,INF204KA1UN7,SENSEXBEES,B,,,,,NIPPON INDIA ETF SENSEX,831.82,836.00,827.64,831.15,835.48,830.01,,831.15,,,7830,6518379.00,425,F1,1,,,,,
2026-10-05,2026-10-05,CM,BSE,STK,538685,INE363M01019,SHEMAROO,B,,,,,SHEMAROO ENTERTAINMENT LIMITED,115.00,115.10,110.00,110.25,112.50,117.20,,110.55,,,3189,359195.00,55,F1,1,,,,,
2026-10-05,2026-10-05,CM,BSE,STK,538706,INE010R01023,ULTRACAB,X,,,,,Ultracab (India) Limited,8.00,8.09,7.52,7.80,7.95,7.82,,7.80,,,197734,1548968.00,487,F1,1,,,,,
2026-10-05,2026-10-05,CM,BSE,STK,538707,INE929D01016,RCCL,X,,,,,Rajasthan Cylinders & Containe,29.40,29.40,29.40,29.40,29.40,30.00,,29.40,,,2,58.00,1,F1,1,,,,,
2026-10-05,2026-10-05,CM,BSE,STK,538708,INE937K01014,ETIL,X,,,,,Econo Trade (India) Limited,6.28,6.34,6.11,6.34,6.34,6.35,,6.34,,,2564,16135.00,35,F1,1,,,,,
2026-10-05,2026-10-05,CM,BSE,STK,538713,INE011R01013,ATISHAY,X,,,,,Atishay Limited,141.70,141.70,134.05,139.90,139.90,141.80,,139.90,,,1308,179932.00,31,F1,1,,,,,
2026-10-05,2026-10-05,CM,BSE,STK,538714,INE475D01010,SANGAMFIN,X,,,,,Sangam Finserv Limited,34.35,35.33,33.61,33.63,34.55,37.86,,33.63,,,11024,379125.00,61,F1,1,,,,,
2026-10-05,2026-10-05,CM,BSE,STK,538715,INE260R01016,DHABRIYA,T,,,,,Dhabriya Polywood Limited,467.80,467.80,455.30,455.30,455.30,479.25,,452.94,,,2970,1359445.00,125,F1,1,,,,,
2026-10-05,2026-10-05,CM,BSE,STK,538716,INE229R01011,ARYACAPM,B,,,,,Aryaman Capital Markets Limite,419.00,419.00,419.00,419.00,419.00,419.00,,419.00,,,5,2095.00,1,F1,1,,,,,
2026-10-05,2026-10-05,CM,BSE,STK,538730,INE111Q01021,PDSL,B,,,,,PDS LIMITED,352.70,355.20,339.60,342.90,340.30,348.15,,342.32,,,8630,2973663.00,427,F1,1,,,,,
2026-10-05,2026-10-05,CM,BSE,STK,538731,INE982Q01017,HANMAN,M,,,,,HANMAN FIT LIMITED,3.34,3.34,3.34,3.34,3.34,4.17,,3.34,,,4200,14028.00,1,F1,4200,,,,,
2026-10-05,2026-10-05,CM,BSE,STK,538732,INE761Q01015,VGCL,B,,,,,Vibrant Global Capital Limited,46.50,48.80,45.00,48.80,48.80,46.50,,48.80,,,1703,79592.00,14,F1,1,,,,,
2026-10-05,2026-10-05,CM,BSE,STK,538734,INE016Q01014,CEINSYS,B,,,,,CEINSYS TECH LIMITED,657.90,664.35,635.30,649.30,650.10,652.85,,649.59,,,5942,3834321.00,366,F1,1,,,,,
2026-10-05,2026-10-05,CM,BSE,STK,538742,INE516E01019,PANABYTE,XT,,,,,PANABYTE TECHNOLOGIES LIMITED,17.70,18.79,17.17,17.93,18.00,17.99,,17.93,,,3660,64271.00,16,F1,1,,,,,
2026-10-05,2026-10-05,CM,BSE,STK,538743,INE491C01027,MUDUNURU,XT,,,,,Mudunuru Limited,6.25,6.40,6.25,6.25,6.25,6.57,,6.25,,,776,4858.00,4,F1,1,,,,,
2026-10-05,2026-10-05,CM,BSE,STK,538770,INE176L01017,CRANEINFRA,X,,,,,Crane Infrastructure Limited,11.77,11.77,11.50,11.77,11.77,11.50,,11.77,,,490,5698.00,11,F1,1,,,,,
2026-10-05,2026-10-05,CM,BSE,STK,538772,INE480D01010,NIYOGIN,X,,,,,Niyogin Fintech Limited,48.50,49.39,45.42,46.37,46.37,48.44,,46.37,,,51312,2418470.00,994,F1,1,,,,,
2026-10-05,2026-10-05,CM,BSE,STK,538777,INE131Q01011,ASIACAP,XT,,,,,ASIA CAPITAL LIMITED,108.70,108.70,108.70,108.70,108.70,114.40,,108.70,,,68,7391.00,5,F1,1,,,,,
2026-10-05,2026-10-05,CM,BSE,STK,538778,INE149Q01021,KALYANCAP,X,,,,,Kalyan Capitals Limited,6.99,6.99,6.37,6.57,6.58,6.49,,6.57,,,19234,129112.00,100,F1,1,,,,,
2026-10-05,2026-10-05,CM,BSE,STK,538786,INE473L01018,CITIZEN,X,,,,,Citizen Solar Limited,167.70,167.70,161.50,162.00,161.50,160.80,,162.00,,,94,15405.00,7,F1,1,,,,,
2026-10-05,2026-10-05,CM,BSE,STK,538787,INE997C01015,GBFL,XT,,,,,Goenka Business & Finance Limi,14.80,15.19,13.75,13.75,13.77,14.47,,13.75,,,23961,332567.00,172,F1,1,,,,,
2026-10-05,2026-10-05,CM,BSE,STK,538788,INE918C01029,GILADAFINS,X,,,,,Gilada Finance & Investments L,12.20,12.20,11.90,12.20,12.20,12.20,,12.20,,,6052,72929.00,11,F1,1,,,,,
2026-10-05,2026-10-05,CM,BSE,STK,538794,INE155R01018,JETSOLAR,M,,,,,JET SOLAR LIMITED,6.68,6.68,6.68,6.68,6.68,6.37,,6.68,,,428000,2859040.00,9,F1,4000,,,,,
2026-10-05,2026-10-05,CM,BSE,STK,538795,INE185C01017,SAPPL,B,,,,,Shree Ajit Pulp And Paper Ltd.,300.00,329.90,298.00,323.85,324.95,309.70,,325.85,,,3013,941052.00,88,F1,1,,,,,
2026-10-05,2026-10-05,CM,BSE,STK,538812,INE322R01022,AANCHALISP,XT,,,,,Aanchal Ispat Limited,62.21,64.85,62.00,63.03,64.00,62.21,,63.03,,,1382,87360.00,20,F1,1,,,,,
2026-10-05,2026-10-05,CM,BSE,STK,538817,INE513R01026,CAPPIPES,B,,,,,Captain Pipes Limited,7.76,7.98,7.76,7.90,7.90,7.77,,7.90,,,50964,401272.00,239,F1,1,,,,,
2026-10-05,2026-10-05,CM,BSE,STK,538833,INE891N01017,KAIZENAGRO,XT,,,,,KAIZEN AGRO INFRABUILD LIMITED,9.26,9.26,9.26,9.26,9.26,9.26,,9.26,,,314,2907.00,6,F1,1,,,,,
2026-10-05,2026-10-05,CM,BSE,STK,538834,INE242Q01016,JMJFIN,X,,,,,JMJ Fintech Limited,9.33,9.70,9.21,9.31,9.49,9.31,,9.31,,,8686,81949.00,73,F1,1,,,,,
2026-10-05,2026-10-05,CM,BSE,STK,538835,INE306R01017,INTELLECT,A,,,,,INTELLECT DESIGN ARENA LIMITED,612.95,618.50,594.00,600.70,600.50,611.35,,600.22,,,23881,14455485.00,1877,F1,1,,,,,
2026-10-05,2026-10-05,CM,BSE,STK,538836,INE950M01013,MONTECARLO,B,,,,,Monte Carlo Fashions Limited,522.80,525.95,515.30,516.45,518.85,521.45,,516.89,,,1167,606739.00,129,F1,1,,,,,
2026-10-05,2026-10-05,CM,BSE,STK,538837,INE237B01018,JSTL,X,,,,,Jeevan Scientific Technology L,84.71,90.00,83.16,83.51,83.50,84.71,,83.51,,,12961,1101295.00,116,F1,1,,,,,
2026-10-05,2026-10-05,CM,BSE,STK,538838,INE407P01017,ICL,X,,,,,Indo Cotspin Limited,31.50,31.50,31.50,31.50,31.50,31.50,,31.50,,,6,189.00,3,F1,1,,,,,
2026-10-05,2026-10-05,CM,BSE,STK,538857,INE892C01018,SCC,X,,,,,Scintilla Commercial & Credit,7.80,8.25,7.56,8.25,8.25,8.40,,8.25,,,2062,16116.00,14,F1,1,,,,,
2026-10-05,2026-10-05,CM,BSE,STK,538860,INE655P01029,PANAFIC,XT,,,,,PANAFIC INDUSTRIALS LTD,2.24,2.24,2.24,2.24,2.24,2.28,,2.24,,,23178,51918.00,46,F1,1,,,,,
2026-10-05,2026-10-05,CM,BSE,STK,538862,INE232L01018,MYMONEY,X,,,,,My Money Securities Ltd.,35.99,37.35,33.50,33.61,33.50,34.51,,33.61,,,566,19913.00,24,F1,1,,,,,
2026-10-05,2026-10-05,CM,BSE,STK,538868,INE183Q01020,CSL,XT,,,,,Continental Securities Limited,21.90,21.99,21.06,21.94,21.98,21.97,,21.94,,,37662,811511.00,289,F1,1,,,,,
2026-10-05,2026-10-05,CM,BSE,STK,538874,INE370Q01015,NEXUSSURGL,XT,,,,,NEXUS SURGICAL AND MEDICARE LI,32.12,33.06,30.80,32.95,32.45,31.49,,32.95,,,3020,96684.00,71,F1,1,,,,,
2026-10-05,2026-10-05,CM,BSE,STK,538881,INE243E01010,GALADAFIN,X,,,,,Galada Finance Limited,29.50,29.50,29.50,29.50,29.50,29.50,,29.50,,,2,59.00,1,F1,1,,,,,
2026-10-05,2026-10-05,CM,BSE,STK,538882,INE030Q01015,EMERALD,X,,,,,Emerald Finance Limited,57.61,58.83,54.22,54.78,54.25,58.72,,54.78,,,48955,2744297.00,398,F1,1,,,,,
2026-10-05,2026-10-05,CM,BSE,STK,538890,INE227F01010,MKEXIM,B,,,,,M. K. Exim (India) Ltd.,69.97,69.97,64.00,65.52,66.00,66.00,,66.31,,,2598,171174.00,57,F1,1,,,,,
2026-10-05,2026-10-05,CM,BSE,STK,538891,INE613C01026,MCLOUD,B,,,,,MAGELLANIC CLOUD LIMITED,23.70,24.76,23.70,24.50,24.50,24.26,,24.54,,,138351,3386557.00,525,F1,1,,,,,
2026-10-05,2026-10-05,CM,BSE,STK,538894,INE513C01010,OCTAL,X,,,,,Octal Credit Capital Ltd.,17.16,17.20,17.16,17.16,17.16,17.16,,17.16,,,1051,18038.00,10,F1,1,,,,,
2026-10-05,2026-10-05,CM,BSE,STK,538895,INE779Q01017,MIHIKA,XT,,,,,Mihika Industries Ltd.,11.83,11.99,11.00,11.96,11.96,11.45,,11.96,,,64293,738156.00,24,F1,1,,,,,
2026-10-05,2026-10-05,CM,BSE,STK,538896,INE081G01019,KANCHI,B,,,,,Kanchi Karpooram Ltd.,376.05,384.45,365.00,378.05,381.00,381.70,,378.61,,,547,203955.00,58,F1,1,,,,,
2026-10-05,2026-10-05,CM,BSE,STK,538897,INE201F01015,SHRINIWAS,XT,,,,,Shri Niwas Leasing and Finance,18.14,18.14,17.32,17.32,17.32,18.23,,17.32,,,119,2087.00,6,F1,1,,,,,
2026-10-05,2026-10-05,CM,BSE,STK,538902,INE341R01014,DTIL,T,,,,,Dhunseri Tea & Industries Ltd,159.55,159.55,158.00,159.00,159.00,157.55,,157.86,,,445,70611.00,9,F1,1,,,,,
2026-10-05,2026-10-05,CM,BSE,STK,538918,INE661Q01017,VANICOM,X,,,,,Vani Commercials Limited,8.70,8.70,8.23,8.29,8.40,8.59,,8.29,,,16420,137546.00,62,F1,1,,,,,
2026-10-05,2026-10-05,CM,BSE,STK,538919,INE055Q01012,SKILVEN,Z,,,,,SKYLINE VENTURES INDIA LIMITED,19.00,19.00,19.00,19.00,19.00,20.00,,19.00,,,18,342.00,2,F1,1,,,,,
2026-10-05,2026-10-05,CM,BSE,STK,538920,INE498Q01014,VINCOFE,B,,,,,VINTAGE COFFEE AND BEVERAGES L,182.00,185.20,175.60,182.05,182.15,178.95,,182.53,,,84135,15214429.00,1295,F1,1,,,,,
2026-10-05,2026-10-05,CM,BSE,STK,538922,INE029B01019,COSYN,X,,,,,COSYN Limited,21.50,21.75,20.56,21.49,21.70,21.50,,21.49,,,514,11027.00,10,F1,1,,,,,
2026-10-05,2026-10-05,CM,BSE,STK,538923,INE499Q01012,SOFCOM,X,,,,,SOFCOM SYSTEMS LIMITED,19.00,21.50,18.63,19.64,20.20,18.88,,19.64,,,288037,5590433.00,294,F1,1,,,,,
2026-10-05,2026-10-05,CM,BSE,STK,538926,INE223R01022,NAPL,X,,,,,Naturite Agro Products Limited,77.90,83.90,73.25,75.62,73.25,77.90,,75.62,,,15218,1162709.00,248,F1,1,,,,,
2026-10-05,2026-10-05,CM,BSE,STK,538928,INE554R01020,KARNAVATI,X,,,,,Karnavati Finance Limited,1.39,1.43,1.33,1.38,1.38,1.39,,1.38,,,12061,16749.00,27,F1,1,,,,,
2026-10-05,2026-10-05,CM,BSE,STK,538935,INE723C01015,ABHIFIN,X,,,,,Abhishek Finlease limited,73.50,73.50,69.83,69.83,69.83,73.50,,69.83,,,48,3368.00,11,F1,1,,,,,
2026-10-05,2026-10-05,CM,BSE,STK,538952,INE211D01027,ALFL,X,,,,,Abhinav Leasing & Finance Limi,1.01,1.18,1.01,1.18,1.18,1.10,,1.18,,,2959,3321.00,17,F1,1,,,,,
2026-10-05,2026-10-05,CM,BSE,STK,538961,INE949P01018,GENUSPAPER,B,,,,,GENUS PAPER & BOARDS LIMITED,11.08,11.08,10.25,10.32,10.50,10.58,,10.36,,,4701,49327.00,42,F1,1,,,,,
2026-10-05,2026-10-05,CM,BSE,STK,538962,INE842C01021,MINDACORP,A,,,,,Minda Corporation Limited,665.25,668.35,637.45,647.55,647.55,668.00,,647.83,,,39116,25478816.00,2665,F1,1,,,,,
2026-10-05,2026-10-05,CM,BSE,STK,538964,INE947G01011,MERCURYLAB,X,,,,,Mercury Laboratories Limited,784.00,785.00,780.00,780.00,780.00,748.00,,780.00,,,18,14049.00,5,F1,1,,,,,
2026-10-05,2026-10-05,CM,BSE,STK,538965,INE858L01010,CONCORD,X,,,,,Concord Drugs Limited,74.94,78.79,74.94,76.92,76.99,75.70,,76.92,,,22,1668.00,12,F1,1,,,,,
2026-10-05,2026-10-05,CM,BSE,STK,538970,INE945P01024,WARDINMOBI,Z,,,,,WARDWIZARD INNOVATIONS AND MOB,5.14,5.49,5.12,5.15,5.23,5.32,,5.15,,,131283,681766.00,329,F1,1,,,,,
2026-10-05,2026-10-05,CM,BSE,STK,538975,INE397C01026,SHREESEC,Z,,,,,Shree Securities Ltd.,0.19,0.19,0.19,0.19,0.19,0.19,,0.19,,,146370,27810.00,106,F1,1,,,,,
2026-10-05,2026-10-05,CM,BSE,STK,538979,INE544R01021,GREENLAM,B,,,,,Greenlam Industries Ltd,214.85,215.90,211.00,211.20,211.00,213.55,,211.69,,,2714,576066.00,415,F1,1,,,,,
2026-10-05,2026-10-05,CM,BSE,STK,538987,INE717E01013,TALBROSENG,X,,,,,TALBROS ENGINEERING LIMITED,660.00,660.00,641.00,641.90,643.80,654.35,,641.90,,,796,517713.00,66,F1,1,,,,,
2026-10-05,2026-10-05,CM,BSE,STK,538992,INE002E01010,SAPL,XT,,,,,Sar  Auto Products Limited,7741.65,7741.65,7741.65,7741.65,7741.65,8149.10,,7741.65,,,30,232249.00,19,F1,1,,,,,
2026-10-05,2026-10-05,CM,BSE,STK,539005,INE246D01015,JAYATMA,X,,,,,JAYATMA ENTERPRISES LIMITED,26.02,26.02,24.75,24.75,24.75,26.02,,24.75,,,6,153.00,2,F1,1,,,,,
2026-10-05,2026-10-05,CM,BSE,STK,539006,INE596F01018,PTCIL,A,,,,,PTC Industries Ltd.,22025.00,22589.95,21690.00,22534.45,22534.45,22004.00,,22530.14,,,903,19915179.00,390,F1,1,,,,,
2026-10-05,2026-10-05,CM,BSE,STK,539011,INE777O01016,CHENFERRO,X,,,,,CHENNAI FERROUS INDUSTRIES LIM,73.00,73.00,69.99,70.00,70.00,70.00,,70.00,,,1052,73893.00,32,F1,1,,,,,
2026-10-05,2026-10-05,CM,BSE,STK,539012,INE756R01013,MEGRISOFT,X,,,,,Megri Soft Limited,78.39,83.89,76.31,77.80,76.31,76.88,,77.80,,,328,26551.00,13,F1,1,,,,,
2026-10-05,2026-10-05,CM,BSE,STK,539013,INE776O01018,GITARENEW,X,,,,,GITA RENEWABLE ENERGY LIMITED,63.00,63.05,62.50,63.04,63.04,63.21,,63.04,,,200,12600.00,20,F1,1,,,,,
2026-10-05,2026-10-05,CM,BSE,STK,539014,INE059Q01014,KALPACOMME,X,,,,,Kalpa Commercial Limited,8.49,8.49,7.20,7.86,7.86,8.99,,7.86,,,3935,29310.00,15,F1,1,,,,,
2026-10-05,2026-10-05,CM,BSE,STK,539016,INE396C01010,NEIL,X,,,,,Neil Industries Ltd.,6.39,6.69,5.58,6.50,6.50,6.39,,6.50,,,1155,7487.00,25,F1,1,,,,,
2026-10-05,2026-10-05,CM,BSE,STK,539017,INE526R01028,STARHFL,X,,,,,STAR HOUSING FINANCE LIMITED,3.94,4.16,3.94,4.00,3.98,4.09,,4.00,,,76861,307088.00,137,F1,1,,,,,
2026-10-05,2026-10-05,CM,BSE,STK,539018,INE213D01015,BEEKAY,B,,,,,Beekay Steel Industries Ltd.,449.00,449.00,428.25,430.00,430.00,452.70,,428.53,,,385,167158.00,33,F1,1,,,,,
2026-10-05,2026-10-05,CM,BSE,STK,539031,INF200KA1572,SETFBSE100,B,,,,,SBI Mutual Fund,268.02,269.76,267.10,267.88,267.88,268.01,,267.88,,,584,156830.00,41,F1,1,,,,,
2026-10-05,2026-10-05,CM,BSE,STK,539032,INE184Q01010,FRASER,X,,,,,Fraser And Company Limited,8.76,9.10,8.41,9.00,9.01,8.76,,9.00,,,4757,42548.00,27,F1,1,,,,,
2026-10-05,2026-10-05,CM,BSE,STK,539040,INE812Q01016,TIRUPATIIN,X,,,,,TIRUPATI INNOVAR LIMITED,6.41,6.54,6.23,6.50,6.50,6.41,,6.50,,,28814,186169.00,247,F1,1,,,,,
2026-10-05,2026-10-05,CM,BSE,STK,539041,INE369Q01017,GANVERSE,M,,,,,GANESHA ECOVERSE LIMITED,24.00,24.00,22.25,22.35,22.35,23.01,,22.35,,,23750,558587.00,14,F1,1250,,,,,
2026-10-05,2026-10-05,CM,BSE,STK,539042,INE976R01033,AGIIL,B,,,,,AGI Infra Limited,262.45,263.15,258.00,261.25,260.95,259.75,,261.25,,,10723,2801481.00,161,F1,1,,,,,
2026-10-05,2026-10-05,CM,BSE,STK,539044,INE824Q01011,MANAKSTEEL,T,,,,,Manaksia Steels Limited,106.40,108.60,102.25,102.45,105.30,106.30,,103.67,,,784,82418.00,15,F1,1,,,,,
2026-10-05,2026-10-05,CM,BSE,STK,539045,INE859Q01017,MANAKALUCO,B,,,,,Manaksia Aluminium Company Ltd,34.90,34.90,33.30,33.53,33.30,33.65,,33.66,,,5677,193615.00,100,F1,1,,,,,
2026-10-05,2026-10-05,CM,BSE,STK,539046,INE830Q01018,MANAKCOAT,B,,,,,Manaksia Coated Metals & Indus,126.60,129.80,125.15,126.25,126.00,126.60,,126.18,,,14719,1868498.00,167,F1,1,,,,,
2026-10-05,2026-10-05,CM,BSE,STK,539056,INE172N01012,IMAGICAA,B,,,,,IMAGICAAWORLD ENTERTAINMENT LI,50.41,51.37,48.70,48.79,48.70,50.47,,48.76,,,13742,685856.00,178,F1,1,,,,,
2026-10-05,2026-10-05,CM,BSE,STK,539083,INE066P01011,INOXWIND,A,,,,,Inox Wind Limited,68.93,69.86,67.50,67.50,67.50,68.90,,67.72,,,1074015,73619881.00,4802,F1,1,,,,,
2026-10-05,2026-10-05,CM,BSE,STK,539090,INE751R01014,RAJPUTANA,X,,,,,Rajputana Investment and Finan,29.50,31.50,29.50,31.00,31.00,30.56,,31.00,,,420,12755.00,22,F1,1,,,,,
2026-10-05,2026-10-05,CM,BSE,STK,539091,INE187R01029,CCDL,X,,,,,Consecutive Commodities Limite,0.94,1.04,0.79,1.03,1.03,0.94,,1.03,,,8436305,8186871.00,1251,F1,1,,,,,
2026-10-05,2026-10-05,CM,BSE,STK,539096,INE197R01010,AANANDALAK,XT,,,,,Aananda Lakshmi Spinning Mills,9.09,9.55,9.08,9.55,9.55,9.55,,9.55,,,363,3362.00,11,F1,1,,,,,
2026-10-05,2026-10-05,CM,BSE,STK,539097,INE904R01027,URSUGAR,T,,,,,UR SUGAR INDUSTRIES LIMITED,2.90,2.91,2.77,2.85,2.85,2.91,,2.85,,,99862,284256.00,124,F1,1,,,,,
2026-10-05,2026-10-05,CM,BSE,STK,539110,INE736P01019,NORTHLINK,Z,,,,,Northlink Fiscal And Capital S,35.70,35.70,34.30,34.30,34.30,35.00,,34.30,,,4,141.00,2,F1,1,,,,,
2026-10-05,2026-10-05,CM,BSE,STK,539111,INE193R01019,SHESHAINDS,X,,,,,SHESHADRI INDUSTRIES LIMITED,15.41,16.17,15.40,16.17,16.17,15.40,,16.17,,,67,1032.00,4,F1,1,,,,,
2026-10-05,2026-10-05,CM,BSE,STK,539113,INE291E01019,PML,B,,,,,Paul Merchants Ltd.,490.00,490.00,490.00,490.00,490.00,494.95,,486.99,,,1,490.00,1,F1,1,,,,,
2026-10-05,2026-10-05,CM,BSE,STK,539115,INE273F01022,ALANSCOTT,XT,,,,,ALAN SCOTT ENTERPRISES LIMITED,304.00,304.00,303.80,303.80,303.80,310.00,,303.80,,,2000,607800.00,6,F1,1,,,,,
2026-10-05,2026-10-05,CM,BSE,STK,539117,INE029H01016,SUJALA,X,,,,,Sujala Trading & Holding Ltd.,11.74,12.40,11.74,12.00,11.90,12.31,,12.00,,,32243,384341.00,102,F1,1,,,,,
2026-10-05,2026-10-05,CM,BSE,STK,539118,INE366I01010,VRLLOG,B,,,,,VRL Logistics Limited,283.25,286.00,282.85,285.00,284.65,285.35,,285.00,,,5047,1433658.00,213,F1,1,,,,,
2026-10-05,2026-10-05,CM,BSE,STK,539120,INE578R01011,GRAMEVA,X,,,,,GRAMEVA LIMITED,80.49,81.00,75.72,75.88,80.80,79.70,,75.88,,,460,36021.00,18,F1,1,,,,,
2026-10-05,2026-10-05,CM,BSE,STK,539121,INE239L01013,PALCO,X,,,,,Palco Metals Limited,184.50,184.50,171.50,184.00,184.00,183.45,,184.00,,,8135,1439457.00,76,F1,1,,,,,
2026-10-05,2026-10-05,CM,BSE,STK,539122,INE104F01029,BODHTREE,X,,,,,Bodhtree Consulting Limited,13.00,13.00,12.11,12.67,12.70,12.67,,12.67,,,16862,208406.00,40,F1,1,,,,,
2026-10-05,2026-10-05,CM,BSE,STK,539123,INE334E01017,VBIND,X,,,,,V B INDUSTRIES LIMITED,8.50,8.85,8.50,8.61,8.73,8.90,,8.61,,,5355,45823.00,20,F1,1,,,,,
2026-10-05,2026-10-05,CM,BSE,STK,539124,INE822Q01015,SARVOTTAM,X,,,,,Survottam Finvest Ltd.,18.00,18.00,15.50,17.50,17.50,18.00,,17.50,,,1360,21509.00,21,F1,1,,,,,
2026-10-05,2026-10-05,CM,BSE,STK,539126,INE776I01010,MEP,Z,,,,,MEP Infrastructure Developers,0.69,0.70,0.68,0.68,0.68,0.69,,0.66,,,58153,40076.00,40,F1,1,,,,,
2026-10-05,2026-10-05,CM,BSE,STK,539132,INE761D01021,WARDWIZFBL,X,,,,,Wardwizard Foods and Beverages,8.20,8.56,8.13,8.19,8.19,8.29,,8.19,,,276037,2277721.00,156,F1,1,,,,,
2026-10-05,2026-10-05,CM,BSE,STK,539141,INE527H01019,UFO,B,,,,,UFO Moviez India Limited,58.00,58.55,56.00,57.64,57.64,56.46,,57.19,,,1709,97504.00,77,F1,1,,,,,
2026-10-05,2026-10-05,CM,BSE,STK,539143,INE945O01019,PANTH,X,,,,,PANTH INFINITY LIMITED,10.12,10.95,10.05,10.37,10.59,10.52,,10.37,,,46142,482565.00,126,F1,1,,,,,
2026-10-05,2026-10-05,CM,BSE,STK,539148,INE788J01021,SHIVALIK,B,,,,,Shivalik Rasayan Ltd.,384.00,399.90,375.00,375.35,377.30,392.55,,375.30,,,5304,2039287.00,232,F1,1,,,,,
2026-10-05,2026-10-05,CM,BSE,STK,539149,INE682B01023,ICSL,X,,,,,Integrated Capital Services Lt,3.98,3.99,3.85,3.85,3.85,3.90,,3.85,,,1521,5871.00,16,F1,1,,,,,
2026-10-05,2026-10-05,CM,BSE,STK,539150,INE195J01029,PNCINFRA,A,,,,,PNC Infratech Limited,139.95,139.95,136.75,137.05,137.05,138.00,,137.03,,,21421,2962370.00,878,F1,1,,,,,
2026-10-05,2026-10-05,CM,BSE,STK,539151,INE784R01023,ARFIN,B,,,,,Arfin India Limited,84.15,88.24,84.15,87.50,87.44,87.05,,87.51,,,29971,2624832.00,285,F1,1,,,,,
2026-10-05,2026-10-05,CM,BSE,STK,539167,INE347L01022,VLL,X,,,,,Virat Leasing Limited,54.50,54.50,54.50,54.50,54.50,54.50,,54.50,,,7,381.00,5,F1,1,,,,,
2026-10-05,2026-10-05,CM,BSE,STK,539174,INE738P01015,HELPAGE,X,,,,,Helpage Finlease Ltd.,24.00,24.00,20.60,23.00,23.00,22.67,,23.00,,,342,7677.00,7,F1,1,,,,,
2026-10-05,2026-10-05,CM,BSE,STK,539175,INE924N01024,STARBEAM,XT,,,,,STARBEAM VENTURES LIMITED,0.87,0.87,0.87,0.87,0.87,0.91,,0.87,,,1206,1049.00,4,F1,1,,,,,
2026-10-05,2026-10-05,CM,BSE,STK,539176,INE230I01018,HAWAENG,X,,,,,Hawa Engineers ltd.,80.10,86.99,75.32,77.01,77.01,83.45,,77.01,,,962,77726.00,39,F1,1,,,,,
2026-10-05,2026-10-05,CM,BSE,STK,539177,INE206F01022,AIIL,A,,,,,Authum Investment & Infrastruc,537.05,553.00,537.05,551.80,550.20,539.35,,551.63,,,17678,9684341.00,740,F1,1,,,,,
2026-10-05,2026-10-05,CM,BSE,STK,539189,INE578L01014,ADHBHUTIN,X,,,,,Adhbhut Infrastructure Ltd.,13.44,13.44,11.75,12.21,12.21,12.97,,12.21,,,70,901.00,6,F1,1,,,,,
2026-10-05,2026-10-05,CM,BSE,STK,539190,INE848N01017,DFL,X,,,,,Decillion Finance Ltd.,41.21,43.27,41.21,43.27,43.27,41.21,,43.27,,,612,26050.00,6,F1,1,,,,,
2026-10-05,2026-10-05,CM,BSE,STK,539195,INE035S01028,POEL,B,,,,,POCL ENTERPRISES LTD,135.60,142.10,135.60,136.25,136.00,137.35,,136.27,,,9664,1340766.00,233,F1,1,,,,,
2026-10-05,2026-10-05,CM,BSE,STK,539196,INE829P01020,AEL,X,,,,,Amba Enterprises Ltd.,120.00,120.00,116.55,117.00,118.00,118.85,,117.00,,,8175,970327.00,78,F1,1,,,,,
2026-10-05,2026-10-05,CM,BSE,STK,539199,INE618R01015,SGFIN,B,,,,,SG FINSERVE LIMITED,659.00,696.10,647.50,678.60,678.00,632.30,,677.97,,,109667,74235150.00,4313,F1,1,,,,,
2026-10-05,2026-10-05,CM,BSE,STK,539200,INE203Q01026,NOBPOL,XT,,,,,NOBLE POLYMERS LIMITED,17.95,17.95,17.95,17.95,17.95,17.60,,17.95,,,12288,220569.00,26,F1,1,,,,,
2026-10-05,2026-10-05,CM,BSE,STK,539201,INE170E01023,SATIA,B,,,,,SATIA INDUSTRIES LIMITED,67.05,69.22,67.05,68.45,67.92,68.45,,68.51,,,9694,660978.00,121,F1,1,,,,,
2026-10-05,2026-10-05,CM,BSE,STK,539206,INE574D01010,GVBL,X,,,,,GENOMIC VALLEY BIOTECH LIMITED,29.17,30.25,29.17,29.25,29.25,28.88,,29.25,,,11,326.00,3,F1,1,,,,,
2026-10-05,2026-10-05,CM,BSE,STK,539216,INE653S01028,GARMNTMNTR,X,,,,,GARMENT MANTRA LIFESTYLE LIMIT,1.14,1.14,1.06,1.07,1.07,1.10,,1.07,,,506526,557414.00,339,F1,1,,,,,
2026-10-05,2026-10-05,CM,BSE,STK,539217,INE606K01049,SRESTHA,X,,,,,Srestha Finvest Limited,0.25,0.25,0.23,0.24,0.24,0.24,,0.24,,,2018315,489729.00,414,F1,1,,,,,
2026-10-05,2026-10-05,CM,BSE,STK,539219,INE150D01027,MUL,X,,,,,MAURIA UDYOG LIMITED,7.39,7.47,7.02,7.20,7.20,6.99,,7.20,,,12002,87215.00,113,F1,1,,,,,
2026-10-05,2026-10-05,CM,BSE,STK,539220,INE540S01019,MISHKA,X,,,,,Mishka Exim Limited,43.01,43.01,43.00,43.00,43.00,43.01,,43.00,,,650,27950.00,3,F1,1,,,,,
2026-10-05,2026-10-05,CM,BSE,STK,539221,INE885H01029,SPORTKING,B,,,,,Sportking India Ltd.,204.75,208.50,192.00,193.95,193.05,208.00,,193.54,,,20227,4015899.00,807,F1,1,,,,,
2026-10-05,2026-10-05,CM,BSE,STK,539222,INE451S01027,GROWINGTON,B,,,,,GROWINGTON VENTURES INDIA LIMI,0.79,0.79,0.73,0.77,0.77,0.78,,0.77,,,4343076,3310254.00,510,F1,1,,,,,
2026-10-05,2026-10-05,CM,BSE,STK,539224,INE345Q01017,HCKKVENTURE,XT,,,,,HCKK Ventures Limited,33.62,33.62,33.62,33.62,33.62,32.97,,33.62,,,1,33.00,1,F1,1,,,,,
2026-10-05,2026-10-05,CM,BSE,STK,539226,INE027T01023,RUDRA,B,,,,,RUDRA GLOBAL INFRA PRODUCTS LI,18.60,19.01,17.85,18.23,17.94,18.61,,18.06,,,12848,232203.00,53,F1,1,,,,,
2026-10-05,2026-10-05,CM,BSE,STK,539227,INE876S01017,LOYAL,X,,,,,Loyal Equipments Limited,137.00,143.90,135.05,136.25,135.05,135.50,,136.25,,,1201,167969.00,40,F1,1,,,,,
2026-10-05,2026-10-05,CM,BSE,STK,539228,INE480S01026,GGPL,Z,,,,,Gala Global Products Limited,1.28,1.29,1.20,1.20,1.20,1.24,,1.20,,,53181,65910.00,103,F1,1,,,,,
2026-10-05,2026-10-05,CM,BSE,STK,539251,INE875R01011,BALKRISHNA,B,,,,,Balkrishna Paper Mills Ltd.,16.99,16.99,16.99,16.99,16.99,15.95,,16.00,,,102,1732.00,2,F1,1,,,,,
2026-10-05,2026-10-05,CM,BSE,STK,539252,INE979R01011,SHYAMCENT,B,,,,,Shyam Century Ferrous Limited,5.23,5.36,4.84,5.20,5.20,4.92,,5.07,,,12011,59958.00,24,F1,1,,,,,
2026-10-05,2026-10-05,CM,BSE,STK,539254,INE931S01010,ADANIENSOL,A,,,,,Adani Energy Solutions Limited,1337.15,1377.00,1337.15,1346.40,1346.40,1325.50,,1353.37,,,48361,65442366.00,2873,F1,1,,,,,
2026-10-05,2026-10-05,CM,BSE,STK,539255,INE541K01014,STARDELTA,X,,,,,STAR DELTA TRANSFORMERS LIMITE,446.85,446.85,430.25,431.80,430.25,433.25,,431.80,,,3826,1673631.00,104,F1,1,,,,,
2026-10-05,2026-10-05,CM,BSE,STK,539267,INE579N01018,SAMSRITA,X,,,,,SAMSRITA LABS LIMITED,11.99,11.99,11.18,11.35,11.35,11.76,,11.35,,,3381,38331.00,24,F1,1,,,,,
2026-10-05,2026-10-05,CM,BSE,STK,539268,INE398R01022,SYNGENE,A,,,,,Syngene International Limited,366.05,366.05,355.60,357.55,357.50,360.95,,357.41,,,12063,4329836.00,508,F1,1,,,,,
2026-10-05,2026-10-05,CM,BSE,STK,539275,INE829S01016,MSL,B,,,,,Mangalam Seeds Limited,144.00,169.95,140.00,149.80,150.00,144.00,,148.80,,,224,32554.00,19,F1,1,,,,,
2026-10-05,2026-10-05,CM,BSE,STK,539276,INE587G01015,KAYA,T,,,,,Kaya Limited,313.05,313.05,303.00,303.00,303.00,307.00,,306.60,,,196,59785.00,22,F1,1,,,,,
2026-10-05,2026-10-05,CM,BSE,STK,539278,INE653R01012,SYMBIOX,X,,,,,Symbiox Investment & Trading C,1.53,1.80,1.53,1.76,1.76,1.52,,1.76,,,6635,11653.00,34,F1,1,,,,,
2026-10-05,2026-10-05,CM,BSE,STK,539287,INE749B01020,ORTINGLOBE,B,,,,,ORTIN GLOBAL LIMITED,14.15,14.80,14.15,14.30,14.30,14.89,,13.82,,,1407,19920.00,8,F1,1,,,,,
2026-10-05,2026-10-05,CM,BSE,STK,539289,INE898S01029,AURUM,B,,,,,AURUM PROPTECH LIMITED,221.45,227.00,220.90,223.35,223.10,224.15,,223.59,,,6119,1365731.00,158,F1,1,,,,,
2026-10-05,2026-10-05,CM,BSE,STK,539290,INE143A01010,OSWALGREEN,B,,,,,Oswal Greentech Limited,18.53,20.00,18.53,19.23,19.21,19.40,,19.14,,,9930,191653.00,117,F1,1,,,,,
2026-10-05,2026-10-05,CM,BSE,STK,539300,INE671K01027,SUNRAKSHAK,B,,,,,SUNRAKSHAKK INDUSTRIES INDIA L,364.95,364.95,352.00,357.00,357.00,358.00,,356.05,,,14691,5228818.00,59,F1,1,,,,,
2026-10-05,2026-10-05,CM,BSE,STK,539301,INE034S01021,ARVSMART,B,,,,,Arvind SmartSpaces Limited,595.05,595.05,574.20,580.50,578.95,592.25,,580.25,,,2714,1579226.00,199,F1,1,,,,,
2026-10-05,2026-10-05,CM,BSE,STK,539302,INE211R01019,POWERMECH,A,,,,,Power Mech Projects Limited,2479.95,2490.85,2412.20,2429.15,2429.15,2478.90,,2431.41,,,2549,6224275.00,427,F1,1,,,,,
2026-10-05,2026-10-05,CM,BSE,STK,539309,INE230R01035,RAMASTEEL,T,,,,,Rama Steel Tubes Limited,4.40,4.40,4.40,4.40,4.40,4.48,,4.40,,,61461,270428.00,163,F1,1,,,,,
2026-10-05,2026-10-05,CM,BSE,STK,539310,INE365S01045,THINKINK,X,,,,,THINKINK PICTUREZ LIMITED,0.19,0.19,0.19,0.19,0.19,0.19,,0.19,,,225014,42752.00,132,F1,1,,,,,
2026-10-05,2026-10-05,CM,BSE,STK,539312,INF789FB1X58,SENSEXBETA,B,,,,,UTI BSE Sensex ETF,803.00,804.32,800.00,804.32,804.32,793.50,,808.67,,,99,79488.00,8,F1,1,,,,,
2026-10-05,2026-10-05,CM,BSE,STK,539313,INF789F1AZC0,NIFTYBETA,B,,,,,UTI Mutual Fund,242.26,253.00,242.26,250.22,250.22,248.48,,250.26,,,1772,444112.00,56,F1,1,,,,,
2026-10-05,2026-10-05,CM,BSE,STK,539314,INE203T01012,UNIAUTO,B,,,,,Universal Autofoundry Limited,48.91,49.99,48.50,48.91,48.51,48.91,,48.91,,,2863,140508.00,29,F1,1,,,,,
2026-10-05,2026-10-05,CM,BSE,STK,539331,INE918N01018,VETO,B,,,,,VETO SWITCHGEARS AND CABLES LI,139.95,140.65,135.85,137.20,136.50,137.20,,136.69,,,3602,497138.00,289,F1,1,,,,,
2026-10-05,2026-10-05,CM,BSE,STK,539332,INE278M01019,NAVKARCORP,B,,,,,Navkar Corporation Limited,86.90,86.90,84.37,85.05,84.52,85.16,,84.94,,,13859,1180452.00,333,F1,1,,,,,
2026-10-05,2026-10-05,CM,BSE,STK,539334,INE712K01011,SHREEPUSHK,B,,,,,Shree Pushkar Chemicals & Fert,498.35,504.85,492.85,499.00,492.85,491.45,,495.20,,,2538,1267926.00,128,F1,1,,,,,
2026-10-05,2026-10-05,CM,BSE,STK,539336,INE844O01030,GUJENERGY,A,,,,,Gujarat Energy Limited,233.10,234.95,230.80,232.20,231.50,230.00,,232.15,,,35759,8306880.00,1030,F1,1,,,,,
2026-10-05,2026-10-05,CM,BSE,STK,539337,INE725P01012,WAAREE,M,,,,,WAAREE TECHNOLOGIES LIMITED,203.75,203.85,198.05,199.20,199.20,199.80,,199.20,,,5075,1018080.00,28,F1,175,,,,,
2026-10-05,2026-10-05,CM,BSE,STK,539346,INE764L01010,SADBHIN,B,,,,,Sadbhav Infrastructure Project,2.65,2.66,2.58,2.62,2.62,2.60,,2.61,,,14188,37179.00,46,F1,1,,,,,
2026-10-05,2026-10-05,CM,BSE,STK,539353,INE724G01014,SALAUTO,X,,,,,SAL AUTOMOTIVE LIMITED,226.80,226.80,192.35,192.90,194.00,191.05,,192.90,,,757,150386.00,18,F1,1,,,,,
2026-10-05,2026-10-05,CM,BSE,STK,539359,INE583R01029,PRITIKAUTO,B,,,,,Pritika Auto Industries Limite,16.99,16.99,15.93,16.03,15.98,16.06,,16.02,,,14782,240455.00,137,F1,1,,,,,
2026-10-05,2026-10-05,CM,BSE,STK,539383,INE019D01016,MAHAVEER,Z,,,,,Mahaveer Infoway Limited,11.20,11.75,11.20,11.22,11.75,11.20,,11.22,,,730,8193.00,10,F1,1,,,,,
2026-10-05,2026-10-05,CM,BSE,STK,539384,INE897B01019,KRISHNACAP,XT,,,,,Krishna Capital And Securities,48.00,48.00,45.70,45.70,45.70,48.00,,45.70,,,1050,50285.00,2,F1,1,,,,,
2026-10-05,2026-10-05,CM,BSE,STK,539391,INE636B01011,ACME,Z,,,,,Acme Resources Limited,29.00,29.00,27.15,28.67,28.67,28.57,,28.67,,,748,20563.00,12,F1,1,,,,,
2026-10-05,2026-10-05,CM,BSE,STK,539398,INE060T01024,VISHALBL,B,,,,,Vishal Bearings Limited,55.50,56.00,53.99,54.95,54.97,54.58,,54.95,,,611,33512.00,21,F1,1,,,,,
2026-10-05,2026-10-05,CM,BSE,STK,539399,INE344T01014,BELLACASA,B,,,,,Bella Casa Fashion & Retail Li,244.05,244.05,238.50,239.55,242.20,242.85,,238.27,,,291,70179.00,35,F1,1,,,,,
2026-10-05,2026-10-05,CM,BSE,STK,539400,INE389C01015,MALLCOM,B,,,,,MALLCOM (INDIA) LTD.,920.95,922.05,906.10,913.65,912.00,935.15,,911.66,,,505,461341.00,34,F1,1,,,,,
2026-10-05,2026-10-05,CM,BSE,STK,539401,INE473T01011,PJL,M,,,,,Patdiam Jewellery Limited,340.00,340.00,340.00,340.00,340.00,325.00,,340.00,,,750,255000.00,1,F1,750,,,,,
2026-10-05,2026-10-05,CM,BSE,STK,539402,INE256S01012,NAKSH,Z,,,,,Naksh Precious Metals Limited,3.42,3.59,3.40,3.45,3.45,3.42,,3.45,,,2759,9428.00,20,F1,1,,,,,
2026-10-05,2026-10-05,CM,BSE,STK,539404,INE836B01017,SATIN,B,,,,,SATIN CREDITCARE NETWORK LIMIT,228.45,229.00,214.80,217.10,217.10,227.20,,216.30,,,33292,7356615.00,628,F1,1,,,,,
2026-10-05,2026-10-05,CM,BSE,STK,539405,INE183R01010,DITCO,X,,,,,Decorous Investment and Tradin,11.91,13.30,11.91,13.25,13.25,12.13,,13.25,,,6,78.00,6,F1,1,,,,,
2026-10-05,2026-10-05,CM,BSE,STK,539406,INE150R01019,SWAGTAM,X,,,,,Swagatam Trading & Services Li,75.99,75.99,75.99,75.99,75.99,75.99,,75.99,,,1,75.00,1,F1,1,,,,,
2026-10-05,2026-10-05,CM,BSE,STK,539407,INE854S01022,GENCON,B,,,,,Generic Engineering Constructi,39.90,40.64,38.74,38.96,39.72,40.26,,38.73,,,5296,211723.00,124,F1,1,,,,,
2026-10-05,2026-10-05,CM,BSE,STK,539408,INE594R01018,KUBERJI,XT,,,,,Kuber Udyog Limited,71.10,72.70,65.81,70.52,71.00,69.27,,70.52,,,44486,3131100.00,363,F1,1,,,,,
2026-10-05,2026-10-05,CM,BSE,STK,539409,INE894J01019,NEERAJ,X,,,,,NEERAJ PAPER MARKETING LIMITED,17.29,17.29,17.29,17.29,17.29,17.29,,17.29,,,1,17.00,1,F1,1,,,,,
2026-10-05,2026-10-05,CM,BSE,STK,539428,INE030T01027,TEJNAKSH,X,,,,,Tejnaksh Healthcare Limited,12.54,12.98,11.66,12.21,12.49,12.54,,12.21,,,19251,235033.00,50,F1,1,,,,,
2026-10-05,2026-10-05,CM,BSE,STK,539435,INE201C01012,RFSL,X,,,,,Richfield Financial Services L,18.69,19.59,17.76,17.90,17.76,18.69,,17.90,,,2125,38505.00,25,F1,1,,,,,
2026-10-05,2026-10-05,CM,BSE,STK,539436,INE335K01011,COFFEEDAY,B,,,,,Coffee Day Enterprises Limited,29.71,30.61,29.68,29.99,29.91,29.69,,30.06,,,54652,1643436.00,333,F1,1,,,,,
2026-10-05,2026-10-05,CM,BSE,STK,539437,INE092T01019,IDFCFIRSTB,A,,,,,IDFC FIRST BANK LIMITED,80.61,82.28,80.61,82.20,82.20,80.32,,82.22,,,459646,37497627.00,5992,F1,1,,,,,
2026-10-05,2026-10-05,CM,BSE,STK,539448,INE646L01027,INDIGO,A,,,,,InterGlobe Aviation Limited,4935.05,5000.00,4910.00,4935.00,4935.00,4921.20,,4935.00,,,10419,51521914.00,1932,F1,1,,,,,
2026-10-05,2026-10-05,CM,BSE,STK,539449,INE099S01016,IGCIL,X,,,,,IGC Industries Limited,1.85,1.93,1.85,1.86,1.86,1.84,,1.86,,,31291,59146.00,68,F1,1,,,,,
2026-10-05,2026-10-05,CM,BSE,STK,539450,INE500L01026,SHK,B,,,,,S H Kelkar and Company Limited,137.55,141.05,136.20,137.10,136.30,137.70,,137.42,,,10517,1445320.00,253,F1,1,,,,,
2026-10-05,2026-10-05,CM,BSE,STK,539455,INE360S01012,ECOFINITY,X,,,,,ECOFINITY ATOMIX LIMITED,71.95,73.14,70.50,73.04,73.04,69.82,,73.04,,,455,32737.00,5,F1,1,,,,,
2026-10-05,2026-10-05,CM,BSE,STK,539468,INE761R01013,TFSL,X,,,,,Typhoon Financial Services Lim,26.47,26.47,26.47,26.47,26.47,25.21,,26.47,,,1,26.00,1,F1,1,,,,,
2026-10-05,2026-10-05,CM,BSE,STK,539469,INE258R01028,PANORAMA,B,,,,,PANORAMA STUDIOS INTERNATIONAL,65.99,69.55,62.03,63.60,64.56,60.44,,63.50,,,945775,62745539.00,3829,F1,1,,,,,
2026-10-05,2026-10-05,CM,BSE,STK,539470,INE051N01026,SHREEGANES,X,,,,,Shree Ganesh Biotech (India) L,0.47,0.49,0.47,0.47,0.47,0.47,,0.47,,,718567,342804.00,247,F1,1,,,,,
2026-10-05,2026-10-05,CM,BSE,STK,539479,INE910R01024,GTV,X,,,,,GTV Engineering Limited,71.74,71.74,69.00,69.30,69.30,67.97,,69.30,,,340379,23831625.00,3360,F1,1,,,,,
2026-10-05,2026-10-05,CM,BSE,STK,539480,INF767K01OS7,LICNETFN50,B,,,,,LIC MF EXHGE TRADED FUND-NIFTY,251.00,254.74,251.00,254.74,254.74,253.74,,254.27,,,15,3773.00,5,F1,1,,,,,
2026-10-05,2026-10-05,CM,BSE,STK,539486,INE263R01010,GEETANJ,X,,,,,Geetanjali Credit And Capital,10.32,10.32,10.32,10.32,10.32,9.83,,10.32,,,3143,32435.00,7,F1,1,,,,,
2026-10-05,2026-10-05,CM,BSE,STK,539487,INF767K01OT5,LICNETFSEN,B,,,,,LIC MF EXCHNG TRADED FUND-SENS,835.19,835.19,792.00,822.71,822.71,814.82,,822.60,,,127,103771.00,23,F1,1,,,,,
2026-10-05,2026-10-05,CM,BSE,STK,539492,INE721C01019,GARBIFIN,X,,,,,Garbi Finvest Limited,8.99,8.99,8.77,8.94,8.94,8.89,,8.94,,,211,1882.00,14,F1,1,,,,,
2026-10-05,2026-10-05,CM,BSE,STK,539494,INE766D01020,SMARTFIN,X,,,,,Smart Finsec Limited,8.28,8.28,7.91,8.11,8.14,8.06,,8.11,,,5148,41325.00,86,F1,1,,,,,
2026-10-05,2026-10-05,CM,BSE,STK,539495,INE176R01014,RAJKOTINV,X,,,,,Rajkot Investment Trust Limite,47.04,50.34,45.60,45.79,45.60,48.00,,45.79,,,820,37574.00,15,F1,1,,,,,
2026-10-05,2026-10-05,CM,BSE,STK,539506,INE805Q01028,ADCON,X,,,,,Adcon Capital Services Limited,0.53,0.55,0.50,0.51,0.51,0.52,,0.51,,,258436,134481.00,175,F1,1,,,,,
2026-10-05,2026-10-05,CM,BSE,STK,539515,INE641R01017,QUINT,T,,,,,Quint Digital Limited,65.33,65.33,65.14,65.14,65.14,68.56,,65.22,,,993,64762.00,11,F1,1,,,,,
2026-10-05,2026-10-05,CM,BSE,STK,539516,INF179KC1965,HDFCNIFTY,B,,,,,HDFC Mutual Fund,253.19,256.49,253.19,254.86,254.88,255.32,,254.91,,,4265,1085528.00,175,F1,1,,,,,
2026-10-05,2026-10-05,CM,BSE,STK,539517,INF179KC1HX2,HDFCSENSEX,B,,,,,HDFC Mutual Fund,80.79,83.00,80.79,82.19,82.52,81.61,,82.04,,,9587,789932.00,116,F1,1,,,,,
2026-10-05,2026-10-05,CM,BSE,STK,539518,INE551B01012,UDAYJEW,B,,,,,Uday Jewellery Industries Limi,161.20,162.55,159.15,160.10,159.15,160.25,,160.24,,,470,75686.00,77,F1,1,,,,,
2026-10-05,2026-10-05,CM,BSE,STK,539519,INE280E01038,TAVEXIA,XT,,,,,TAVEXIA LIFECARE LIMITED,1.23,1.23,1.18,1.18,1.18,1.18,,1.18,,,749902,888792.00,238,F1,1,,,,,
2026-10-05,2026-10-05,CM,BSE,STK,539522,INE343C01012,GROVY,XT,,,,,Grovy India Limited,64.50,64.50,60.80,61.00,61.00,64.00,,61.00,,,1550,94475.00,22,F1,1,,,,,
2026-10-05,2026-10-05,CM,BSE,STK,539523,INE540L01014,ALKEM,A,,,,,Alkem Laboratories Limited,5203.00,5221.60,5138.10,5170.85,5185.00,5240.00,,5192.50,,,1695,8767689.00,272,F1,1,,,,,
2026-10-05,2026-10-05,CM,BSE,STK,539524,INE600L01024,LALPATHLAB,A,,,,,Dr. Lal Pathlabs Limited,2007.10,2022.00,1960.00,1970.70,1972.40,2006.55,,1971.29,,,11266,22367946.00,1239,F1,1,,,,,
2026-10-05,2026-10-05,CM,BSE,STK,539526,INE452S01025,SCTL,X,,,,,Suncare Traders Limited,0.43,0.43,0.41,0.42,0.42,0.42,,0.42,,,639497,266364.00,156,F1,1,,,,,
2026-10-05,2026-10-05,CM,BSE,STK,539527,INE146E01015,CREATIVE,X,,,,,Creative Castings Limited,632.95,654.95,618.20,618.35,618.20,618.15,,618.35,,,89,57312.00,19,F1,1,,,,,
2026-10-05,2026-10-05,CM,BSE,STK,539528,INE430R01023,AAYUSH,X,,,,,AAYUSH WELLNESS LIMITED,23.50,24.20,23.34,23.41,23.41,23.76,,23.41,,,47147,1110055.00,394,F1,1,,,,,
2026-10-05,2026-10-05,CM,BSE,STK,539533,INE669R01026,ELITECON,B,,,,,ELITECON INTERNATIONAL LIMITED,7.86,8.06,7.42,7.49,7.50,7.79,,7.49,,,1400513,10719930.00,1798,F1,1,,,,,
2026-10-05,2026-10-05,CM,BSE,STK,539542,INE150G01020,LUXIND,B,,,,,LUX Industries Limited,1073.65,1219.90,1073.65,1204.35,1204.35,1094.70,,1185.67,,,5061,5996342.00,354,F1,1,,,,,
2026-10-05,2026-10-05,CM,BSE,STK,539545,INE217S01014,APOORVA,T,,,,,Apoorva Leasing Finance & Inve,34.00,34.00,33.90,33.90,33.90,34.40,,33.78,,,17,576.00,2,F1,1,,,,,
2026-10-05,2026-10-05,CM,BSE,STK,539546,INE679E01015,AGRIBIO,X,,,,,AGRIBIO SPIRITS LIMITED,310.00,314.95,307.00,307.20,307.00,310.15,,307.20,,,5131,1595159.00,25,F1,1,,,,,
2026-10-05,2026-10-05,CM,BSE,STK,539551,INE410P01011,NH,A,,,,,Narayana Hrudayalaya Limited,1742.65,1744.20,1710.30,1721.90,1722.00,1741.85,,1722.35,,,17547,30289977.00,1902,F1,1,,,,,
2026-10-05,2026-10-05,CM,BSE,STK,539552,INE108T01021,DHVIJAFIN,X,,,,,DHVIJA FINANCE LIMITED,11.15,11.15,10.39,10.69,10.69,10.93,,10.69,,,139147,1458219.00,189,F1,1,,,,,
2026-10-05,2026-10-05,CM,BSE,STK,539559,INE005G01026,DEEPAI,X,,,,,Deep Health AI India Limited,1.63,1.65,1.50,1.57,1.61,1.62,,1.57,,,314430,502551.00,603,F1,1,,,,,
2026-10-05,2026-10-05,CM,BSE,STK,539561,INE549S01036,SUPHA,Z,,,,,SUPHA PHARMACHEM LIMITED,0.26,0.27,0.25,0.25,0.25,0.26,,0.25,,,1112106,285782.00,276,F1,1,,,,,
2026-10-05,2026-10-05,CM,BSE,STK,539562,INE750R01016,AARNAV,T,,,,,AARNAV FASHIONS LIMITED,36.00,36.98,35.00,36.25,36.25,36.00,,36.47,,,6223,224438.00,29,F1,1,,,,,
2026-10-05,2026-10-05,CM,BSE,STK,539593,INE728Q01014,SHIVA,XT,,,,,Shivansh Finserv Limited,10.64,11.15,10.17,10.23,10.23,10.64,,10.23,,,6306,64319.00,12,F1,1,,,,,
2026-10-05,2026-10-05,CM,BSE,STK,539594,INE094S01041,MISHTANN,X,,,,,Mishtann Foods Limited,3.07,3.20,3.07,3.17,3.18,3.07,,3.17,,,1257883,3950260.00,1652,F1,1,,,,,
2026-10-05,2026-10-05,CM,BSE,STK,539596,INE681Q01015,DELTA,X,,,,,Delta Industrial Resources Lim,10.50,10.50,10.02,10.02,10.02,10.30,,10.02,,,10386,104068.00,9,F1,1,,,,,
2026-10-05,2026-10-05,CM,BSE,STK,539598,INE727C01024,AMPL,X,,,,,AMPL Capital Limited,35.80,35.80,33.50,33.62,33.62,34.38,,33.62,,,107164,3650792.00,301,F1,1,,,,,
2026-10-05,2026-10-05,CM,BSE,STK,539607,INE373T01047,BLUECLOUDS,B,,,,,Blue Cloud Softech Solutions L,20.37,20.50,19.50,19.63,19.61,19.90,,19.61,,,466854,9274889.00,1320,F1,1,,,,,
2026-10-05,2026-10-05,CM,BSE,STK,539620,INE534E01020,KEIL,X,,,,,KANORIA ENERGY & INFRASTRUCTUR,18.11,18.11,16.00,16.51,16.85,17.36,,16.51,,,13299,220663.00,89,F1,1,,,,,
2026-10-05,2026-10-05,CM,BSE,STK,539621,INE368E01023,BCLENTERPR,XT,,,,,BCL Enterprises Limited,0.45,0.49,0.45,0.45,0.45,0.47,,0.45,,,56164,25773.00,55,F1,1,,,,,
2026-10-05,2026-10-05,CM,BSE,STK,539636,INE484I01029,PRECAM,B,,,,,Precision Camshafts Limited,110.20,112.80,107.60,108.45,110.50,110.20,,108.86,,,13061,1426453.00,340,F1,1,,,,,
2026-10-05,2026-10-05,CM,BSE,STK,539658,INE985S01024,TEAMLEASE,B,,,,,TeamLease Services Limited,1180.50,1192.10,1118.95,1133.60,1132.95,1175.25,,1134.60,,,1463,1670727.00,281,F1,1,,,,,
2026-10-05,2026-10-05,CM,BSE,STK,539659,INE564S01019,KAMATS,B,,,,,VIKRAM KAMATS HOSPITALITY LIMI,31.94,31.94,28.51,30.47,30.00,30.04,,30.47,,,1089,32438.00,26,F1,1,,,,,
2026-10-05,2026-10-05,CM,BSE,STK,539660,INE052T01021,BESTAGRO,B,,,,,BEST AGROLIFE LIMITED,18.10,18.10,17.51,17.67,17.60,17.52,,17.72,,,127284,2262237.00,558,F1,1,,,,,
2026-10-05,2026-10-05,CM,BSE,STK,539661,INE023R01018,ACEMEN,X,,,,,ACE MEN ENGG WORKS LIMITED,115.50,118.50,110.00,114.90,114.95,113.75,,114.90,,,7116,815841.00,77,F1,1,,,,,
2026-10-05,2026-10-05,CM,BSE,STK,539662,INE948Q01018,BFLAFL,X,,,,,BFL Asset Finvest Limited,6.24,6.24,6.01,6.01,6.01,6.20,,6.01,,,12902,79015.00,23,F1,1,,,,,
2026-10-05,2026-10-05,CM,BSE,STK,539669,INE684D01025,RGF,X,,,,,RGF Capital Markets Limited,2.20,2.20,2.20,2.20,2.20,2.10,,2.20,,,72367,159207.00,45,F1,1,,,,,
2026-10-05,2026-10-05,CM,BSE,STK,539673,INE792P01020,RCL,Z,,,,,Radhagobind Commercial Limited,1.76,1.76,1.73,1.75,1.75,1.73,,1.75,,,1829,3198.00,10,F1,1,,,,,
2026-10-05,2026-10-05,CM,BSE,STK,539678,INE306L01010,QUICKHEAL,B,,,,,Quick Heal Technologies Limite,142.95,142.95,137.80,138.00,138.00,138.05,,137.93,,,6382,892104.00,216,F1,1,,,,,
2026-10-05,2026-10-05,CM,BSE,STK,539679,INE332Q01023,KAPILRAJ,XT,,,,,Kapil Raj Finance Ltd.,3.00,3.18,3.00,3.06,3.04,3.09,,3.06,,,888028,2745933.00,209,F1,1,,,,,
2026-10-05,2026-10-05,CM,BSE,STK,539682,INE622Q01027,MOBAVENUE,X,,,,,Mobavenue AI Tech Limited,298.90,310.00,283.00,304.15,302.05,289.55,,304.15,,,44957,13481849.00,534,F1,1,,,,,
2026-10-05,2026-10-05,CM,BSE,STK,539686,INE127T01021,KPEL,B,,,,,K.P. Energy Limited,218.35,222.15,211.60,214.20,213.75,218.35,,213.79,,,28368,6131334.00,920,F1,1,,,,,
2026-10-05,2026-10-05,CM,BSE,STK,539692,INE064T01018,IFINSER,X,,,,,INTERACTIVE FINANCIAL SERVICES,11.01,11.69,11.01,11.43,11.54,11.73,,11.43,,,2458,27754.00,32,F1,1,,,,,
2026-10-05,2026-10-05,CM,BSE,STK,539697,INE966Q01010,HILIKS,X,,,,,HILIKS TECHNOLOGIES LIMITED,61.75,63.90,59.00,59.02,59.02,61.10,,59.02,,,39411,2410422.00,109,F1,1,,,,,
2026-10-05,2026-10-05,CM,BSE,STK,539724,INE039D01014,HYPERSOFT,XT,,,,,HYPERSOFT TECHNOLOGIES LIMITED,200.00,200.00,188.10,195.10,196.00,196.10,,195.10,,,14461,2810125.00,127,F1,1,,,,,
2026-10-05,2026-10-05,CM,BSE,STK,539725,INE314T01033,GOKULAGRO,B,,,,,Gokul Agro Resources Ltd,209.85,211.25,204.25,205.30,207.00,210.30,,205.27,,,16175,3345235.00,432,F1,1,,,,,
2026-10-05,2026-10-05,CM,BSE,STK,539730,INE194R01017,FREDUN,B,,,,,Fredun Pharmaceuticals Limited,1381.00,1386.05,1324.10,1366.65,1350.40,1353.00,,1363.32,,,4880,6562365.00,610,F1,1,,,,,
2026-10-05,2026-10-05,CM,BSE,STK,539742,INE748T01016,SIMBHALS,Z,,,,,Simbhaoli Sugars Ltd,7.15,7.15,7.15,7.15,7.15,6.81,,7.10,,,7171,51272.00,13,F1,1,,,,,
2026-10-05,2026-10-05,CM,BSE,STK,539760,INE773T01014,RELICAB,B,,,,,Relicab Cable Manufacturing Li,34.58,35.16,33.32,34.80,35.00,34.89,,34.80,,,1644,56613.00,48,F1,1,,,,,
2026-10-05,2026-10-05,CM,BSE,STK,539761,INE427T01025,VKAL,X,,,,,Vantage Knowledge Academy Limi,0.71,0.74,0.70,0.74,0.74,0.72,,0.74,,,204765,149740.00,218,F1,1,,,,,
2026-10-05,2026-10-05,CM,BSE,STK,539762,INE250S01015,MEAPL,X,,,,,MODERN ENGINEERING AND PROJECT,22.01,23.95,22.01,23.36,23.36,22.15,,23.36,,,20851,487337.00,145,F1,1,,,,,
2026-10-05,2026-10-05,CM,BSE,STK,539767,INE216Q01010,MNIL,XT,,,,,Mega Nirman & Industries Limit,60.00,62.00,57.70,57.70,57.70,60.73,,57.70,,,47323,2794918.00,174,F1,1,,,,,
2026-10-05,2026-10-05,CM,BSE,STK,539770,INE830S01014,DARJEELING,X,,,,,DARJEELING INDUSTRIIES LIMITED,25.46,25.46,24.70,24.70,24.70,25.99,,24.70,,,604,14935.00,12,F1,1,,,,,
2026-10-05,2026-10-05,CM,BSE,STK,539773,INE178T01024,ADVIKCA,B,,,,,Advik Capital Limited,0.99,1.08,0.98,1.04,1.04,1.01,,1.03,,,161065,164509.00,159,F1,1,,,,,
2026-10-05,2026-10-05,CM,BSE,STK,539784,INF767K01PC8,LICNFNHGP,B,,,,,LIC MF EXHNGE TRADED FUND NIFT,259.99,260.72,258.66,260.17,260.17,263.42,,260.71,,,211,54818.00,14,F1,1,,,,,
2026-10-05,2026-10-05,CM,BSE,STK,539785,INE865T01018,PDMJEPAPER,B,,,,,Pudumjee Paper Products Limite,95.29,97.29,94.33,95.75,96.18,95.82,,95.85,,,16030,1533724.00,274,F1,1,,,,,
2026-10-05,2026-10-05,CM,BSE,STK,539787,INE075I01017,HCG,A,,,,,HealthCare Global Enterprises,668.50,671.15,660.00,668.75,668.75,668.10,,669.03,,,3034,2019245.00,277,F1,1,,,,,
2026-10-05,2026-10-05,CM,BSE,STK,539798,INE173U01015,UMIYA,X,,,,,Umiya Tubes Limited,26.40,26.40,24.50,25.99,25.99,25.68,,25.99,,,10450,264119.00,33,F1,1,,,,,
2026-10-05,2026-10-05,CM,BSE,STK,539799,INE316L01019,BHARATWIRE,B,,,,,Bharat Wire Ropes Limited,160.45,164.35,159.30,162.15,162.50,159.95,,162.24,,,6198,1003627.00,191,F1,1,,,,,
2026-10-05,2026-10-05,CM,BSE,STK,539800,INE043U01010,CHDCHEM,X,,,,,CHD Chemicals Limited,6.53,6.65,6.53,6.65,6.65,6.50,,6.65,,,10574,69700.00,22,F1,1,,,,,
2026-10-05,2026-10-05,CM,BSE,STK,539807,INE483S01020,CCAVENUE,A,,,,,AvenuesAI Limited,15.22,15.45,14.97,15.00,15.00,15.30,,14.99,,,925984,14032386.00,1610,F1,1,,,,,
2026-10-05,2026-10-05,CM,BSE,STK,539814,INE204S01012,LELAVOIR,X,,,,,LE LAVOIR LIMITED,70.80,71.44,70.80,71.44,71.44,70.83,,71.44,,,143,10132.00,7,F1,1,,,,,
2026-10-05,2026-10-05,CM,BSE,STK,539834,INE119R01014,BALGOPAL,X,,,,,Balgopal Commercial limited,160.05,160.05,160.05,160.05,160.05,160.05,,160.05,,,371,59378.00,14,F1,1,,,,,
2026-10-05,2026-10-05,CM,BSE,STK,539835,INE574R01028,SUPERIOR,X,,,,,Superior Finlease Limited,1.62,1.62,1.62,1.62,1.62,1.62,,1.62,,,1833,2969.00,11,F1,1,,,,,
2026-10-05,2026-10-05,CM,BSE,STK,539837,INE912T01018,RPEL,B,,,,,RAGHAV PRODUCTIVITY ENHANCERS,1845.80,1883.45,1776.50,1811.80,1848.50,1817.75,,1823.53,,,11438,20839119.00,915,F1,1,,,,,
2026-10-05,2026-10-05,CM,BSE,STK,539841,INE359U01028,LANCER,B,,,,,Lancer Container Lines Limited,11.06,11.40,11.01,11.18,11.20,11.07,,11.16,,,32749,366468.00,207,F1,1,,,,,
2026-10-05,2026-10-05,CM,BSE,STK,539843,INE395U01014,NINSYS,B,,,,,NINtec Systems Limited,840.00,844.85,814.75,840.05,843.00,807.30,,841.67,,,2414,2028229.00,246,F1,1,,,,,
2026-10-05,2026-10-05,CM,BSE,STK,539854,INE115S01010,HALDER,B,,,,,Halder Venture Limited,229.00,254.00,229.00,252.15,244.45,239.85,,257.51,,,4305,1062477.00,38,F1,1,,,,,
2026-10-05,2026-10-05,CM,BSE,STK,539861,INE429F01012,SKIL,Z,,,,,SKIL Infrastructure Limited,0.94,0.94,0.94,0.94,0.94,0.90,,0.98,,,101,94.00,2,F1,1,,,,,
2026-10-05,2026-10-05,CM,BSE,STK,539871,INE594H01019,THYROCARE,A,,,,,Thyrocare Technologies Limited,538.00,544.00,533.00,540.95,540.95,534.40,,542.04,,,55596,30150891.00,407,F1,1,,,,,
2026-10-05,2026-10-05,CM,BSE,STK,539872,INE411U01027,BAJAJHCARE,B,,,,,Bajaj Healthcare Limited,318.90,325.35,318.00,319.05,319.20,323.40,,319.09,,,8649,2767981.00,416,F1,1,,,,,
2026-10-05,2026-10-05,CM,BSE,STK,539875,INE616F01022,RSDFIN,T,,,,,RSD Finance Limited,89.44,89.44,89.00,89.44,89.44,89.00,,89.44,,,156,13884.00,4,F1,1,,,,,
2026-10-05,2026-10-05,CM,BSE,STK,539876,INE299U01018,CROMPTON,A,,,,,Crompton Greaves Consumer Elec,205.00,211.95,203.95,211.55,211.55,202.10,,211.50,,,148039,31082882.00,1989,F1,1,,,,,
2026-10-05,2026-10-05,CM,BSE,STK,539883,INE417C01014,PILANIINVS,B,,,,,Pilani Investment And Industri,4005.30,4025.30,3975.00,3981.70,4014.95,3907.95,,3984.56,,,123,492178.00,78,F1,1,,,,,
2026-10-05,2026-10-05,CM,BSE,STK,539884,INE671T01028,DARSHANORNA,X,,,,,Darshan Orna Limited,2.03,2.12,2.03,2.10,2.10,2.07,,2.10,,,10574,21815.00,47,F1,1,,,,,
2026-10-05,2026-10-05,CM,BSE,STK,539889,INE883N01014,PARAGMILK,A,,,,,Parag Milk Foods Limited,267.90,283.35,267.90,280.70,283.35,263.90,,280.98,,,94776,26154077.00,1693,F1,1,,,,,
2026-10-05,2026-10-05,CM,BSE,STK,539894,INE631R01026,MADHAVIPL,B,,,,,Madhav Infra Projects Limited,7.47,7.50,7.05,7.19,7.25,7.31,,7.22,,,15001,108313.00,113,F1,1,,,,,
2026-10-05,2026-10-05,CM,BSE,STK,539895,INE631E01024,SPICELOUNG,B,,,,,SPICE LOUNGE FOOD WORKS LIMITE,26.51,26.51,26.51,26.51,26.51,27.90,,26.51,,,18883,500588.00,131,F1,1,,,,,
2026-10-05,2026-10-05,CM,BSE,STK,539900,INE642P01019,DIDL,X,,,,,DALMIA INDUSTRIAL DEVELOPMENT,8.90,8.94,8.11,8.87,8.87,8.73,,8.87,,,1360,12058.00,14,F1,1,,,,,
2026-10-05,2026-10-05,CM,BSE,STK,539911,INE730R01042,SNIM,X,,,,,Svarnim Trade Udyog Limited,11.02,11.55,11.02,11.02,11.02,11.60,,11.02,,,59,650.00,5,F1,1,,,,,
2026-10-05,2026-10-05,CM,BSE,STK,539917,INE454M01024,NAGAFERT,Z,,,,,NAGARJUNA FERTILIZERS AND CHEM,1.68,1.68,1.63,1.63,1.63,1.71,,1.61,,,22870,37415.00,35,F1,1,,,,,
2026-10-05,2026-10-05,CM,BSE,STK,539921,INE440T01028,SEIL,B,,,,,Shanti Educational Initiatives,194.95,196.85,182.20,184.00,182.25,186.40,,183.67,,,8224,1529449.00,130,F1,1,,,,,
2026-10-05,2026-10-05,CM,BSE,STK,539922,INE364S01022,RGIL,XT,,,,,Rotographics (India) Limited,42.50,42.50,42.37,42.37,42.37,44.59,,42.37,,,596,25275.00,15,F1,1,,,,,
2026-10-05,2026-10-05,CM,BSE,STK,539927,INE920T01011,LIKHAMI,X,,,,,LIKHAMI CONSULTING LIMITED,312.20,312.20,312.20,312.20,312.20,312.20,,312.20,,,1,312.00,1,F1,1,,,,,
2026-10-05,2026-10-05,CM,BSE,STK,539938,INE858Q01019,MIL,X,,,,,Medico Intercontinental Limite,25.60,27.00,24.90,25.19,25.00,23.79,,25.19,,,4757,119147.00,38,F1,1,,,,,
2026-10-05,2026-10-05,CM,BSE,STK,539939,INE571U01010,YASHCHEM,X,,,,,Yash Chemex Limited,55.71,55.71,50.20,52.62,53.01,52.40,,52.62,,,7829,400927.00,72,F1,1,,,,,
2026-10-05,2026-10-05,CM,BSE,STK,539945,INF109KC11V0,NV20IETF,B,,,,,ICICI Prudential NV20 ETF,12.88,12.89,12.72,12.79,12.74,12.96,,12.80,,,33509,428716.00,214,F1,1,,,,,
2026-10-05,2026-10-05,CM,BSE,STK,539946,INE217E01014,BAZELINTER,XT,,,,,Bazel International Limited,21.51,21.51,20.05,20.68,20.80,20.50,,20.68,,,402,8267.00,13,F1,1,,,,,
2026-10-05,2026-10-05,CM,BSE,STK,539947,INE919T01013,JLL,XT,,,,,JINDAL LEASEFIN LIMITED,58.63,58.63,58.63,58.63,58.63,61.71,,58.63,,,2593,152027.00,18,F1,1,,,,,
2026-10-05,2026-10-05,CM,BSE,STK,539956,INE524T01029,TAALTECH,B,,,,,TAAL TECH LIMITED,944.00,988.20,922.40,930.25,933.55,946.05,,929.81,,,5846,5458330.00,444,F1,1,,,,,
2026-10-05,2026-10-05,CM,BSE,STK,539957,INE002S01010,MGL,A,,,,,Mahanagar Gas Limited,1043.80,1053.10,1036.10,1043.90,1044.55,1045.30,,1043.72,,,12027,12544459.00,2489,F1,1,,,,,
2026-10-05,2026-10-05,CM,BSE,STK,539963,INE819S01025,ZEAL,X,,,,,Zeal Aqua Limited,10.33,10.98,10.16,10.34,10.30,10.33,,10.34,,,42891,448031.00,192,F1,1,,,,,
2026-10-05,2026-10-05,CM,BSE,STK,539978,INE615P01015,QUESS,B,,,,,Quess Corp Limited,336.30,345.50,335.85,342.05,342.00,335.05,,341.86,,,9262,3155839.00,720,F1,1,,,,,
2026-10-05,2026-10-05,CM,BSE,STK,539979,INE731U01028,DIGJAMLMTD,T,,,,,DIGJAM LIMITED,47.20,47.20,47.10,47.10,47.10,49.31,,47.61,,,90,4244.00,3,F1,1,,,,,
2026-10-05,2026-10-05,CM,BSE,STK,539980,INF109KC10W0,MIDSELIETF,B,,,,,ICICI Prudential BSE Midcap Se,18.09,18.60,18.09,18.55,18.60,18.56,,18.49,,,8086,149308.00,114,F1,1,,,,,
2026-10-05,2026-10-05,CM,BSE,STK,539982,INE184U01012,ASYL,Z,,,,,Advance Syntex Limited,4.61,4.61,4.52,4.52,4.52,4.52,,4.52,,,96,434.00,2,F1,1,,,,,
2026-10-05,2026-10-05,CM,BSE,STK,539984,INE799B01025,HIIL,X,,,,,HINDUSTHAN INSULATORS and INDU,526.55,526.55,526.55,526.55,526.55,516.25,,526.55,,,820,431771.00,9,F1,1,,,,,
2026-10-05,2026-10-05,CM,BSE,STK,539985,INE120V01014,TITAANIUM,M,,,,,Titaanium Ten Enterprise Limit,20.05,20.05,20.05,20.05,20.05,18.50,,20.05,,,1000,20050.00,1,F1,1000,,,,,
2026-10-05,2026-10-05,CM,BSE,STK,539986,INE073V01015,COMSYN,B,,,,,Commercial Syn Bags Limited,266.00,270.00,257.00,260.60,261.05,262.00,,259.56,,,15482,4087314.00,599,F1,1,,,,,
2026-10-05,2026-10-05,CM,BSE,STK,539991,INE700F01024,CFEL,T,,,,,CONFIDENCE FUTURISTIC ENERGETE,44.49,46.49,43.50,43.50,43.50,45.40,,43.51,,,3097,137897.00,21,F1,1,,,,,
2026-10-05,2026-10-05,CM,BSE,STK,539992,INE093R01011,LLOYDSENGG,A,,,,,LLOYDS ENGINEERING WORKS LIMIT,99.50,103.37,98.84,102.16,102.40,98.35,,102.20,,,1595197,161689613.00,8788,F1,1,,,,,
2026-10-05,2026-10-05,CM,BSE,STK,539997,INE552U01010,KPL,B,,,,,Kwality Pharmaceuticals Limite,3537.65,3676.00,3537.65,3641.50,3641.50,3572.35,,3643.84,,,5448,19707134.00,892,F1,1,,,,,
2026-10-05,2026-10-05,CM,BSE,STK,540005,INE214T01019,LTM,A,,,,,LTM LIMITED,4050.00,4071.15,3950.00,4000.00,4000.00,4017.00,,4009.93,,,7975,31953429.00,1516,F1,1,,,,,
2026-10-05,2026-10-05,CM,BSE,STK,540006,INE595R01023,EASTWEST,B,,,,,EAST WEST FREIGHT CARRIERS LTD,2.25,2.49,2.25,2.32,2.33,2.33,,2.32,,,10739,24880.00,73,F1,1,,,,,
2026-10-05,2026-10-05,CM,BSE,STK,540008,INF209KB10E8,BSLSENETFG,B,,,,,Aditya Birla Sun Life BSE Sens,71.48,73.70,70.80,72.79,72.79,72.21,,73.49,,,114,8274.00,19,F1,1,,,,,
2026-10-05,2026-10-05,CM,BSE,STK,540023,INE621I01042,COLORCHIPS,X,,,,,COLORCHIPS NEW MEDIA LIMITED,10.65,10.95,10.12,10.86,10.88,10.65,,10.86,,,1137,12236.00,32,F1,1,,,,,
2026-10-05,2026-10-05,CM,BSE,STK,540025,INE837H01020,ADVENZYMES,B,,,,,Advanced Enzyme Technologies L,274.05,276.25,270.65,272.75,273.45,274.40,,272.41,,,6984,1910652.00,269,F1,1,,,,,
2026-10-05,2026-10-05,CM,BSE,STK,540026,INE213U01019,LAHL,X,,,,,Ladam Affortable Housing Limit,6.39,6.39,6.39,6.39,6.39,6.36,,6.39,,,125,798.00,1,F1,1,,,,,
2026-10-05,2026-10-05,CM,BSE,STK,540047,INE917M01012,DBL,A,,,,,Dilip Buildcon Limited,398.30,403.40,394.00,396.45,396.45,398.95,,396.31,,,4717,1874907.00,177,F1,1,,,,,
2026-10-05,2026-10-05,CM,BSE,STK,540048,INE212I01016,SPAL,B,,,,,S.P. Apparels Limited,937.00,956.30,929.85,937.35,937.90,940.50,,937.90,,,1550,1462769.00,135,F1,1,,,,,
2026-10-05,2026-10-05,CM,BSE,STK,540061,INE412U01025,BIGBLOC,B,,,,,Bigbloc Construction Limited,38.90,39.46,37.00,37.80,37.65,38.49,,37.64,,,9230,351330.00,104,F1,1,,,,,
2026-10-05,2026-10-05,CM,BSE,STK,540062,INE222U01010,GOLDENCREST,X,,,,,Golden Crest Education & Servi,324.80,324.80,324.80,324.80,324.80,324.80,,324.80,,,1,324.00,1,F1,1,,,,,
2026-10-05,2026-10-05,CM,BSE,STK,540063,INE925Q01024,ECS,XT,,,,,ECS Biztech Limited,13.20,13.20,13.20,13.20,13.20,13.20,,13.20,,,4697,62000.00,15,F1,1,,,,,
2026-10-05,2026-10-05,CM,BSE,STK,540065,INE976G01028,RBLBANK,A,,,,,RBL Bank Limited,418.00,422.00,410.50,417.00,417.00,412.00,,416.56,,,232238,96533405.00,3730,F1,1,,,,,
2026-10-05,2026-10-05,CM,BSE,STK,540066,INE345U01019,AMS,XT,,,,,AMS POLYMERS LIMITED,47.04,47.04,45.60,47.03,46.81,48.00,,47.03,,,169,7824.00,8,F1,1,,,,,
2026-10-05,2026-10-05,CM,BSE,STK,540072,INE191V01015,SHIVAEXPO,MT,,,,,Shiva Granito Export Limited,11.02,11.02,11.02,11.02,11.02,10.50,,11.02,,,80000,881600.00,8,F1,10000,,,,,
2026-10-05,2026-10-05,CM,BSE,STK,540073,INE153T01027,BLS,A,,,,,BLS International Services Ltd,217.90,220.00,214.80,215.60,217.95,215.95,,215.74,,,59591,12923317.00,996,F1,1,,,,,
2026-10-05,2026-10-05,CM,BSE,STK,540078,INE317V01016,MITSU,X,,,,,Mitsu Chem Plast Limited,180.00,182.75,176.50,181.40,182.35,178.20,,181.40,,,7286,1309743.00,138,F1,1,,,,,
2026-10-05,2026-10-05,CM,BSE,STK,540079,INE537U01037,SPRAYKING,B,,,,,Sprayking Limited,1.20,1.22,1.15,1.16,1.18,1.20,,1.16,,,140771,165123.00,207,F1,1,,,,,
2026-10-05,2026-10-05,CM,BSE,STK,540080,INE715T01031,DHATRE,B,,,,,Dhatre Udyog Limited,3.89,4.06,3.89,3.95,3.93,4.04,,3.94,,,12917,51045.00,109,F1,1,,,,,
2026-10-05,2026-10-05,CM,BSE,STK,540082,INE367U01013,RSTL,MT,,,,,Riddhi Steel and Tube Limited,262.00,262.00,262.00,262.00,262.00,262.35,,262.00,,,450,117900.00,1,F1,450,,,,,
2026-10-05,2026-10-05,CM,BSE,STK,540083,INE871L01013,TVVISION,T,,,,,TV VISION LIMITED,2.62,2.65,2.48,2.65,2.65,2.61,,2.64,,,229,599.00,15,F1,1,,,,,
2026-10-05,2026-10-05,CM,BSE,STK,540097,INE890S01026,GAMCO,X,,,,,GAMCO LIMITED,46.28,46.70,44.92,46.16,46.18,46.75,,46.16,,,6776,313057.00,28,F1,1,,,,,
2026-10-05,2026-10-05,CM,BSE,STK,540115,INE010V01017,LTTS,A,,,,,L&T Technology Services Limite,3329.75,3329.75,3208.00,3220.00,3208.00,3266.20,,3219.51,,,3605,11663461.00,602,F1,1,,,,,
2026-10-05,2026-10-05,CM,BSE,STK,540124,INE934S01014,GNA,B,,,,,G N A Axles Limited,582.85,591.45,575.30,584.75,583.05,581.80,,585.03,,,19958,11627627.00,904,F1,1,,,,,
2026-10-05,2026-10-05,CM,BSE,STK,540125,INE583V01021,RADHIKAJWE,T,,,,,Radhika Jeweltech Limited,68.20,69.29,67.22,67.73,68.00,68.96,,67.78,,,13390,908739.00,147,F1,1,,,,,
2026-10-05,2026-10-05,CM,BSE,STK,540132,INE400R01018,SIIL,XT,,,,,Sabrimala Industries India Lim,18.90,18.90,18.90,18.90,18.90,18.00,,18.90,,,3575,67567.00,5,F1,1,,,,,
2026-10-05,2026-10-05,CM,BSE,STK,540133,INE726G01019,ICICIPRULI,A,,,,,ICICI Prudential Life Insuranc,460.95,460.95,446.15,452.80,452.80,449.25,,454.88,,,167788,75966698.00,1580,F1,1,,,,,
2026-10-05,2026-10-05,CM,BSE,STK,540134,INE818R01011,IISL,XT,,,,,ISHAAN INFRASTRUCTURE AND SHEL,16.43,16.43,16.43,16.43,16.43,16.43,,16.43,,,14169,232796.00,12,F1,1,,,,,
2026-10-05,2026-10-05,CM,BSE,STK,540135,INE202R01026,ARCFIN,X,,,,,ARC Finance Limited,0.46,0.46,0.44,0.46,0.46,0.46,,0.46,,,2364205,1069877.00,816,F1,1,,,,,
2026-10-05,2026-10-05,CM,BSE,STK,540136,INE495S01016,HPL,B,,,,,HPL Electric & Power Limited,266.15,270.75,264.25,264.65,264.65,266.15,,264.75,,,5814,1550569.00,268,F1,1,,,,,
2026-10-05,2026-10-05,CM,BSE,STK,540143,INE184B01012,SAGARSOFT,X,,,,,Sagarsoft (India) Limited,91.80,91.80,89.50,91.80,91.80,91.80,,91.80,,,105,9432.00,5,F1,1,,,,,
2026-10-05,2026-10-05,CM,BSE,STK,540144,INE746V01016,DRA,M,,,,,DRA CONSULTANTS LIMITED,14.51,16.34,13.51,16.34,16.34,16.64,,16.34,,,15000,220525.00,6,F1,2500,,,,,
2026-10-05,2026-10-05,CM,BSE,STK,540145,INE565V01010,VALIANTORG,B,,,,,Valiant Organics Limited,468.80,502.70,468.80,476.00,475.40,478.35,,475.67,,,34498,16951716.00,1079,F1,1,,,,,
2026-10-05,2026-10-05,CM,BSE,STK,540147,INE700V01021,SHASHIJIT,X,,,,,Shashijit Infraprojects Limite,2.38,2.54,2.20,2.30,2.29,2.22,,2.30,,,66672,156989.00,80,F1,1,,,,,
2026-10-05,2026-10-05,CM,BSE,STK,540150,INE957U01011,MHEL,MT,,,,,Mewar Hi-Tech Engineering Limi,60.63,60.63,60.63,60.63,60.63,57.75,,60.63,,,750,45472.00,1,F1,750,,,,,
2026-10-05,2026-10-05,CM,BSE,STK,540153,INE913H01037,ENDURANCE,A,,,,,Endurance Technologies Limited,2603.30,2616.60,2505.15,2525.25,2522.00,2602.65,,2526.44,,,6231,15851191.00,1491,F1,1,,,,,
2026-10-05,2026-10-05,CM,BSE,STK,540159,INE905R01016,PURPLE,XT,,,,,PURPLE AGROTECH INDUSTRIES LIM,5.77,6.37,5.77,6.37,6.37,6.07,,6.37,,,12761,73747.00,14,F1,1,,,,,
2026-10-05,2026-10-05,CM,BSE,STK,540168,INE268T01015,SUPRAPFSL,X,,,,,Supra Pacific Financial Servic,33.89,33.89,30.00,31.39,31.39,33.57,,31.39,,,68168,2123066.00,774,F1,1,,,,,
2026-10-05,2026-10-05,CM,BSE,STK,540173,INE572E01012,PNBHOUSING,A,,,,,PNB Housing Finance Limited,1088.40,1114.80,1088.40,1110.00,1110.00,1090.05,,1105.83,,,265406,292002440.00,1023,F1,1,,,,,
2026-10-05,2026-10-05,CM,BSE,STK,540174,INE298B01010,SOUTHERNIN,X,,,,,SOUTHERN INFOCONSULTANTS LIMIT,20.75,20.75,19.05,19.65,19.65,20.66,,19.65,,,3024,58450.00,39,F1,1,,,,,
2026-10-05,2026-10-05,CM,BSE,STK,540175,INE964R01013,REGENCY,X,,,,,REGENCY FINCORP LIMITED,49.25,51.25,49.10,50.82,51.25,50.07,,50.82,,,310743,15616143.00,280,F1,1,,,,,
2026-10-05,2026-10-05,CM,BSE,STK,540180,INE200M01039,VBL,A,,,,,Varun Beverages Limited,428.45,440.00,427.00,439.30,439.30,424.30,,439.60,,,147902,64208554.00,2707,F1,1,,,,,
2026-10-05,2026-10-05,CM,BSE,STK,540181,INE894E01028,SALEM,X,,,,,Salem Erode Investments Ltd.,25.00,25.00,24.00,25.00,25.00,24.50,,25.00,,,525,13053.00,13,F1,1,,,,,
2026-10-05,2026-10-05,CM,BSE,STK,540190,INE789R01022,FRANKLININD,X,,,,,Franklin Industries Limited,0.31,0.31,0.30,0.30,0.30,0.31,,0.30,,,1453535,442611.00,512,F1,1,,,,,
2026-10-05,2026-10-05,CM,BSE,STK,540192,INE341H01023,LKPSEC,B,,,,,LKP Securities Limited,14.50,14.79,14.07,14.67,14.70,14.34,,14.56,,,2149,31413.00,28,F1,1,,,,,
2026-10-05,2026-10-05,CM,BSE,STK,540198,INE186R01013,OSIAJEE,X,,,,,OSIAJEE TEXFAB LIMITED,226.95,234.50,215.00,229.80,229.90,227.00,,229.80,,,11867,2695798.00,177,F1,1,,,,,
2026-10-05,2026-10-05,CM,BSE,STK,540199,INE850R01014,CMBL,X,,,,,Corporate Merchant Bankers Lim,50.95,50.95,50.90,50.90,50.90,48.96,,50.90,,,16,814.00,4,F1,1,,,,,
2026-10-05,2026-10-05,CM,BSE,STK,540203,INE916U01025,SFL,A,,,,,Sheela Foam Limited,603.05,635.35,603.05,620.55,619.10,617.10,,620.45,,,5172,3210329.00,503,F1,1,,,,,
2026-10-05,2026-10-05,CM,BSE,STK,540204,INE666Q01016,EIKO,X,,,,,EIKO LIFESCIENCES LIMITED,49.15,49.15,47.50,47.57,48.50,48.67,,47.57,,,2922,140769.00,40,F1,1,,,,,
2026-10-05,2026-10-05,CM,BSE,STK,540205,INE679V01027,AVL,A,,,,,Aditya Vision Limited,579.80,605.00,571.25,600.70,604.00,571.25,,601.04,,,11706,6968623.00,485,F1,1,,,,,
2026-10-05,2026-10-05,CM,BSE,STK,540210,INE759V01019,HEADSUP,B,,,,,Heads UP Ventures Limited,6.40,6.40,6.35,6.39,6.35,6.40,,6.19,,,375,2398.00,37,F1,1,,,,,
2026-10-05,2026-10-05,CM,BSE,STK,540212,INE586V01016,TCIEXP,B,,,,,TCI Express Limited,495.10,507.10,483.55,494.35,491.95,505.30,,494.21,,,4493,2212051.00,314,F1,1,,,,,
2026-10-05,2026-10-05,CM,BSE,STK,540222,INE947Q01028,LAURUSLABS,A,,,,,Laurus Labs Limited,1989.05,2002.15,1955.00,1964.00,1964.00,1989.00,,1970.96,,,93252,183692888.00,7764,F1,1,,,,,
2026-10-05,2026-10-05,CM,BSE,STK,540243,INE835U01027,NEWLIGHT,XT,,,,,NEW LIGHT INDUSTRIES LIMITED,1.30,1.35,1.25,1.33,1.33,1.30,,1.33,,,82905,107551.00,123,F1,1,,,,,
2026-10-05,2026-10-05,CM,BSE,STK,540252,INE607V01028,VSL,B,,,,,Viram Suvarn Limited,9.32,9.67,9.27,9.54,9.66,9.66,,9.54,,,67978,649527.00,287,F1,1,,,,,
2026-10-05,2026-10-05,CM,BSE,STK,540254,INE245H01018,MTPL,XT,,,,,MARG TECHNO PROJECTS LIMITED,8.28,8.28,8.27,8.28,8.28,7.89,,8.28,,,127210,1053084.00,87,F1,1,,,,,
2026-10-05,2026-10-05,CM,BSE,STK,540259,INE118R01032,SHANGAR,X,,,,,SHANGAR DECOR LIMITED,0.22,0.23,0.22,0.23,0.23,0.22,,0.23,,,500008,112608.00,141,F1,1,,,,,
2026-10-05,2026-10-05,CM,BSE,STK,540266,INE804Q01013,GLCL,X,,,,,Globe Commercials Limited,19.79,20.00,19.06,19.58,20.00,19.05,,19.58,,,31721,617799.00,228,F1,1,,,,,
2026-10-05,2026-10-05,CM,BSE,STK,540267,INE318U01016,FLORACORP,X,,,,,Flora Corporation Limited,6.30,6.30,6.02,6.02,6.02,6.02,,6.02,,,102,642.00,3,F1,1,,,,,
2026-10-05,2026-10-05,CM,BSE,STK,540268,INE615R01029,TRU,B,,,,,TruCap Finance Limited,3.93,4.35,3.93,4.15,4.15,4.20,,4.15,,,6985,28912.00,53,F1,1,,,,,
2026-10-05,2026-10-05,CM,BSE,STK,540269,INE459U01018,SKL,MT,,,,,SUPER FINE KNITTERS LIMITED,16.00,16.00,16.00,16.00,16.00,15.75,,16.00,,,30000,480000.00,3,F1,10000,,,,,
2026-10-05,2026-10-05,CM,BSE,STK,540293,INE726V01018,PRICOLLTD,A,,,,,Pricol Limited,740.00,741.00,700.00,704.45,705.00,735.25,,704.45,,,24966,17711432.00,1601,F1,1,,,,,
2026-10-05,2026-10-05,CM,BSE,STK,540310,INE181U01018,CFL,XT,,,,,Classic Filaments Limited,95.17,97.96,88.64,96.95,96.95,93.30,,96.95,,,14451,1340778.00,79,F1,1,,,,,
2026-10-05,2026-10-05,CM,BSE,STK,540311,INE863T01013,JITFINFRA,B,,,,,JITF INFRALOGISTICS LIMITED,289.00,289.00,264.30,269.15,269.15,273.80,,266.52,,,3325,888300.00,168,F1,1,,,,,
2026-10-05,2026-10-05,CM,BSE,STK,540332,INE978V01015,TANVI,M,,,,,Tanvi Foods (India) Limited,44.00,44.00,44.00,44.00,44.00,42.40,,44.00,,,2000,88000.00,2,F1,1000,,,,,
2026-10-05,2026-10-05,CM,BSE,STK,540358,INE655V01019,RMC,B,,,,,RMC SWITCHGEARS LIMITED,200.70,207.85,190.80,193.65,192.00,203.15,,193.99,,,21544,4237206.00,982,F1,1,,,,,
2026-10-05,2026-10-05,CM,BSE,STK,540359,INE240T01014,PARMAX,XT,,,,,Parmax Pharma Limited,137.75,139.10,136.40,139.10,139.10,137.75,,139.10,,,12921,1783438.00,91,F1,1,,,,,
2026-10-05,2026-10-05,CM,BSE,STK,540360,INE715Q01029,LLFICL,T,,,,,LEADING LEASING FINANCE AND IN,0.98,0.98,0.98,0.98,0.98,0.99,,0.98,,,371921,364482.00,235,F1,1,,,,,
2026-10-05,2026-10-05,CM,BSE,STK,540361,INE575D01041,DANUBE,X,,,,,DANUBE INDUSTRIES LIMITED,5.20,5.20,4.75,5.08,5.10,4.89,,5.08,,,130402,658353.00,123,F1,1,,,,,
2026-10-05,2026-10-05,CM,BSE,STK,540366,INE919I01024,RADIOCITY,B,,,,,Music Broadcast Limited,5.90,6.00,5.55,5.89,5.89,5.90,,5.90,,,1102,6309.00,22,F1,1,,,,,
2026-10-05,2026-10-05,CM,BSE,STK,540376,INE192R01011,DMART,A,,,,,Avenue Supermarts Limited,3810.00,3810.00,3550.00,3572.95,3572.95,3809.70,,3567.08,,,292953,1057812183.00,17352,F1,1,,,,,
2026-10-05,2026-10-05,CM,BSE,STK,540377,INE714U01024,IFL,B,,,,,IFL ENTERPRISES LIMITED,0.30,0.31,0.30,0.31,0.31,0.31,,0.31,,,2413686,740624.00,447,F1,1,,,,,
2026-10-05,2026-10-05,CM,BSE,STK,540386,INE989S01042,ONTIC,XT,,,,,Ontic Finserve Limited,1.32,1.32,1.32,1.32,1.32,1.34,,1.32,,,13584,17930.00,14,F1,1,,,,,
2026-10-05,2026-10-05,CM,BSE,STK,540393,INE017W01010,SMLT,B,,,,,Sarthak Metals Limited,82.23,87.90,77.04,79.22,78.46,74.82,,78.77,,,78299,6243548.00,1232,F1,1,,,,,
2026-10-05,2026-10-05,CM,BSE,STK,540395,INE298W01016,CHEMCRUX,B,,,,,Chemcrux Enterprises Limited,75.20,85.00,75.20,79.64,79.64,77.90,,79.60,,,54,4308.00,14,F1,1,,,,,
2026-10-05,2026-10-05,CM,BSE,STK,540396,INE784W01015,MANOMAY,B,,,,,Manomay Tex India Limited,240.50,245.35,233.55,237.15,235.30,240.40,,237.09,,,17467,4156958.00,786,F1,1,,,,,
2026-10-05,2026-10-05,CM,BSE,STK,540401,INE544W01021,MAXIMUS,X,,,,,Maximus International Limited,14.60,14.90,14.51,14.76,14.65,14.88,,14.76,,,21306,314330.00,73,F1,1,,,,,
2026-10-05,2026-10-05,CM,BSE,STK,540403,INE201M01029,CLEDUCATE,B,,,,,CL Educate Limited,57.51,57.51,55.01,55.07,55.07,56.50,,55.03,,,622,34735.00,24,F1,1,,,,,
2026-10-05,2026-10-05,CM,BSE,STK,540404,INE442V01012,PRIMEFRESH,B,,,,,PRIME FRESH LIMITED,153.00,160.95,148.15,154.95,157.25,156.70,,154.95,,,1075,166943.00,85,F1,1,,,,,
2026-10-05,2026-10-05,CM,BSE,STK,540405,INE711V01010,OCEANIC,X,,,,,Oceanic Foods Limited,51.00,51.00,47.90,48.39,48.00,49.90,,48.39,,,8597,417427.00,60,F1,1,,,,,
2026-10-05,2026-10-05,CM,BSE,STK,540425,INE274V01019,SHANKARA,B,,,,,Shankara Building Products Lim,124.90,124.90,117.50,118.20,118.20,124.95,,118.16,,,6143,735931.00,183,F1,1,,,,,
2026-10-05,2026-10-05,CM,BSE,STK,540455,INE953W01016,ESCORP,B,,,,,Escorp Asset Management Limite,116.05,119.95,101.00,105.05,101.00,110.00,,105.05,,,2190,243918.00,118,F1,1,,,,,
2026-10-05,2026-10-05,CM,BSE,STK,540467,INE808R01012,PARMSILK,XT,,,,,PARMESHWARI SILK MILLS LIMITED,360.00,360.00,328.70,328.70,328.70,346.00,,328.70,,,133,45560.00,14,F1,1,,,,,
2026-10-05,2026-10-05,CM,BSE,STK,540481,INE949C01016,CLFL,X,,,,,Classic Leasing & Finance Ltd.,53.75,59.00,52.85,52.85,52.85,53.75,,52.85,,,355,19101.00,14,F1,1,,,,,
2026-10-05,2026-10-05,CM,BSE,STK,540492,INE594W01042,STARLENT,B,,,,,STARLINEPS ENTERPRISES LIMITED,8.00,8.12,7.60,7.76,7.76,7.87,,7.76,,,196150,1554864.00,331,F1,1,,,,,
2026-10-05,2026-10-05,CM,BSE,STK,540497,INE807K01035,SCHAND,B,,,,,S Chand And Company Limited,140.95,145.70,139.05,143.45,139.05,146.20,,140.54,,,1804,257494.00,60,F1,1,,,,,
2026-10-05,2026-10-05,CM,BSE,STK,540515,INE453S01015,KANUNGO,XT,,,,,KANUNGO FINANCIERS LIMITED,15.19,15.19,13.87,13.87,13.87,14.60,,13.87,,,222,3326.00,5,F1,1,,,,,
2026-10-05,2026-10-05,CM,BSE,STK,540519,INE343X01026,MEERA,B,,,,,Meera Industries Limited,29.05,29.52,28.01,28.16,28.12,28.13,,28.16,,,3056,87785.00,58,F1,1,,,,,
2026-10-05,2026-10-05,CM,BSE,STK,540526,INE183W23014,IRBINVIT,IF,,,,,IRB InvIT Fund,63.76,64.20,63.76,63.94,63.95,63.80,,63.93,,,52092,3330662.00,441,F1,1,,,,,
2026-10-05,2026-10-05,CM,BSE,STK,540530,INE031A01017,HUDCO,A,,,,,Housing &Urban Development Cor,163.70,164.85,161.10,161.65,161.20,161.10,,162.05,,,104886,17070772.00,1717,F1,1,,,,,
2026-10-05,2026-10-05,CM,BSE,STK,540544,INE488V01015,PSPPROJECT,B,,,,,PSP Projects Limited,751.30,779.95,751.30,763.15,760.10,747.40,,764.54,,,4170,3202187.00,258,F1,1,,,,,
2026-10-05,2026-10-05,CM,BSE,STK,540545,INE986W01016,GKL,XT,,,,,GURU KRUPA GEMS AND JEWELLERY,36.89,38.10,35.85,36.79,37.70,37.64,,36.79,,,24652,923812.00,83,F1,1,,,,,
2026-10-05,2026-10-05,CM,BSE,STK,540565,INE219X23014,INDIGRID,IF,,,,,IndiGrid Infrastructure Trust,169.87,171.88,169.34,169.54,169.71,169.87,,169.74,,,39042,6633666.00,520,F1,1,,,,,
2026-10-05,2026-10-05,CM,BSE,STK,540570,INE717F01028,VARIMAN,X,,,,,VARIMAN GLOBAL ENTERPRISES LIM,4.90,5.00,4.70,4.86,4.90,4.84,,4.86,,,148187,706713.00,82,F1,1,,,,,
2026-10-05,2026-10-05,CM,BSE,STK,540575,INE460H01021,STARCEMENT,B,,,,,Star Cement Limited,181.00,181.00,175.20,175.95,175.80,178.60,,176.02,,,9977,1758368.00,437,F1,1,,,,,
2026-10-05,2026-10-05,CM,BSE,STK,540590,INE325X01015,RIDDHICORP,X,,,,,Riddhi Corporate Services Limi,54.52,57.45,54.49,55.44,57.30,54.49,,55.44,,,92,5086.00,6,F1,1,,,,,
2026-10-05,2026-10-05,CM,BSE,STK,540595,INE010J01012,TEJASNET,A,,,,,Tejas Networks Limited,470.15,482.15,461.50,463.25,465.50,465.05,,463.20,,,73792,34719849.00,2396,F1,1,,,,,
2026-10-05,2026-10-05,CM,BSE,STK,540596,INE406M01024,ERIS,A,,,,,Eris Lifesciences Limited,1188.45,1204.20,1176.65,1187.00,1185.30,1189.85,,1188.29,,,7214,8568502.00,681,F1,1,,,,,
2026-10-05,2026-10-05,CM,BSE,STK,540597,INE319U01022,CONTAINER,X,,,,,Containerway International Lim,16.81,16.81,16.81,16.81,16.81,16.81,,16.81,,,854,14355.00,10,F1,1,,,,,
2026-10-05,2026-10-05,CM,BSE,STK,540602,INE869I01013,GTPL,B,,,,,GTPL Hathway Limited,54.56,55.87,54.00,54.15,54.60,55.81,,54.31,,,2575,140637.00,127,F1,1,,,,,
2026-10-05,2026-10-05,CM,BSE,STK,540611,INE949L01017,AUBANK,A,,,,,AU Small Finance Bank Limited,999.00,1034.90,998.65,1029.00,1029.00,990.60,,1029.20,,,100727,102896923.00,4863,F1,1,,,,,
2026-10-05,2026-10-05,CM,BSE,STK,540612,INF109KC19U5,LOWVOLIETF,B,,,,,ICICI Prudential Nifty Low Vol,20.57,20.66,20.47,20.60,20.62,20.87,,20.56,,,23276,478262.00,905,F1,1,,,,,
2026-10-05,2026-10-05,CM,BSE,STK,540615,INE413X01035,7NR,XT,,,,,7NR Retail Limited,6.70,7.03,6.55,6.83,6.83,6.70,,6.83,,,39182,272303.00,202,F1,1,,,,,
2026-10-05,2026-10-05,CM,BSE,STK,540642,INE170V01027,SALASAR,B,,,,,Salasar Techno Engineering Lim,4.19,4.20,4.00,4.07,4.07,4.13,,4.04,,,573662,2331426.00,706,F1,1,,,,,
2026-10-05,2026-10-05,CM,BSE,STK,540647,INE335W01016,GANGESSECU,B,,,,,Ganges Securities Ltd.,116.35,116.35,116.35,116.35,116.35,115.05,,112.86,,,50,5817.00,1,F1,1,,,,,
2026-10-05,2026-10-05,CM,BSE,STK,540648,INE471W01019,PALASHSECU,B,,,,,Palash Securities Limited,83.06,87.00,83.00,87.00,87.00,84.00,,87.94,,,1002,84340.00,26,F1,1,,,,,
2026-10-05,2026-10-05,CM,BSE,STK,540649,INE349W01017,AVADHSUGAR,B,,,,,AVADH SUGAR & ENERGY LIMITED,740.05,843.95,740.05,843.60,843.60,767.25,,840.90,,,18902,15678175.00,941,F1,1,,,,,
2026-10-05,2026-10-05,CM,BSE,STK,540650,INE347W01011,MAGADSUGAR,B,,,,,Magadh Sugar & Energy Limited,522.10,555.00,522.10,534.95,537.30,510.30,,539.16,,,3514,1895395.00,224,F1,1,,,,,
2026-10-05,2026-10-05,CM,BSE,STK,540654,INE632W01016,GSTL,X,,,,,GlobalSpace Technologies Limit,30.59,31.44,30.59,31.44,31.44,29.95,,31.44,,,18662,585172.00,113,F1,1,,,,,
2026-10-05,2026-10-05,CM,BSE,STK,540669,INF789F1AUW9,NEXT50BETA,B,,,,,UTI Mutual Fund,75.13,75.63,74.36,74.85,74.85,74.89,,75.03,,,5935,443299.00,66,F1,1,,,,,
2026-10-05,2026-10-05,CM,BSE,STK,540673,INE285J01028,SIS,B,,,,,SIS LIMITED,406.85,419.90,406.85,415.35,412.00,413.10,,414.72,,,4243,1772088.00,1218,F1,1,,,,,
2026-10-05,2026-10-05,CM,BSE,STK,540678,INE704P01025,COCHINSHIP,A,,,,,Cochin Shipyard Limited,1294.70,1308.00,1279.00,1284.00,1284.00,1288.45,,1283.81,,,69732,90094504.00,3724,F1,1,,,,,
2026-10-05,2026-10-05,CM,BSE,STK,540679,INE320X01016,HALEOSLABS,B,,,,,HALEOS LABS LIMITED,1512.85,1549.00,1512.80,1549.00,1549.00,1463.05,,1549.20,,,4,6087.00,3,F1,1,,,,,
2026-10-05,2026-10-05,CM,BSE,STK,540680,INE880L01014,KIOCL,B,,,,,KIOCL Limited,324.55,331.55,321.80,322.50,322.35,325.25,,322.64,,,3715,1209917.00,258,F1,1,,,,,
2026-10-05,2026-10-05,CM,BSE,STK,540681,INE344X01016,CHOTHANI,MT,,,,,CHOTHANI FOODS LIMITED,10.39,10.39,10.39,10.39,10.39,10.41,,10.39,,,2500,25975.00,1,F1,2500,,,,,
2026-10-05,2026-10-05,CM,BSE,STK,540686,INE172E01011,SMRUTHIORG,X,,,,,Smruthi Organics Limited,157.00,160.00,153.40,156.60,156.60,154.60,,156.60,,,7817,1228741.00,80,F1,1,,,,,
2026-10-05,2026-10-05,CM,BSE,STK,540691,INE674K01013,ABCAPITAL,A,,,,,Aditya Birla Capital Ltd,375.60,381.35,374.20,376.95,376.95,375.30,,377.40,,,85055,32084165.00,2054,F1,1,,,,,
2026-10-05,2026-10-05,CM,BSE,STK,540692,INE346W01013,APEX,B,,,,,Apex Frozen Foods Limited,330.00,332.50,323.55,329.00,328.80,327.40,,328.42,,,4506,1472791.00,274,F1,1,,,,,
2026-10-05,2026-10-05,CM,BSE,STK,540693,INE145Y01023,SHISHIND,X,,,,,Shish Industries Limited,12.86,12.87,12.22,12.22,12.34,12.86,,12.22,,,509610,6328388.00,578,F1,1,,,,,
2026-10-05,2026-10-05,CM,BSE,STK,540694,INE236W01016,ANG,T,,,,,ANG Lifesciences India Limited,39.38,39.50,39.38,39.38,39.38,40.18,,39.38,,,896,35309.00,13,F1,1,,,,,
2026-10-05,2026-10-05,CM,BSE,STK,540696,INE185U01035,KCDGROUP,XT,,,,,KCD INDUSTRIES INDIA LIMITED,3.40,3.67,3.33,3.60,3.60,3.50,,3.60,,,2870,10026.00,20,F1,1,,,,,
2026-10-05,2026-10-05,CM,BSE,STK,540699,INE935N01020,DIXON,A,,,,,Dixon Technologies (India) Lim,12701.10,12890.70,12688.40,12741.00,12741.00,12700.00,,12747.90,,,15176,194269719.00,4414,F1,1,,,,,
2026-10-05,2026-10-05,CM,BSE,STK,540700,INE727S01012,BRNL,B,,,,,Bharat Road Network Limited,16.00,16.64,15.90,16.14,16.39,16.21,,16.13,,,1796,29004.00,46,F1,1,,,,,
2026-10-05,2026-10-05,CM,BSE,STK,540701,INE385W01011,DCAL,B,,,,,Dishman Carbogen Amcis Limited,153.30,154.15,149.30,151.15,152.15,150.75,,151.47,,,8869,1349704.00,261,F1,1,,,,,
2026-10-05,2026-10-05,CM,BSE,STK,540702,INE670X01014,LASA,T,,,,,Lasa Supergenerics Limited,5.40,5.45,5.39,5.39,5.39,5.67,,5.32,,,7320,39507.00,23,F1,1,,,,,
2026-10-05,2026-10-05,CM,BSE,STK,540703,INE438C01010,PROCLB,XT,,,,,PRO CLB GLOBAL LIMITED,50.00,50.00,47.70,49.90,49.90,50.20,,49.90,,,11339,556468.00,21,F1,1,,,,,
2026-10-05,2026-10-05,CM,BSE,STK,540704,INE866R01028,MATRIMONY,B,,,,,Matrimony.com Limited,498.20,517.20,485.80,510.90,512.30,497.25,,514.00,,,566,279919.00,68,F1,1,,,,,
2026-10-05,2026-10-05,CM,BSE,STK,540709,INE217K01011,RHFL,Z,,,,,Reliance Home Finance Limited,1.63,1.63,1.55,1.55,1.55,1.58,,1.56,,,66957,107447.00,225,F1,1,,,,,
2026-10-05,2026-10-05,CM,BSE,STK,540710,INE264T01014,CAPACITE,B,,,,,Capacite Infraprojects Limited,180.00,182.95,176.10,178.45,180.70,180.50,,178.61,,,9447,1690219.00,326,F1,1,,,,,
2026-10-05,2026-10-05,CM,BSE,STK,540716,INE765G01017,ICICIGI,A,,,,,ICICI Lombard General Insuranc,1560.05,1606.25,1560.05,1589.00,1589.00,1568.70,,1599.95,,,24314,38723043.00,2359,F1,1,,,,,
2026-10-05,2026-10-05,CM,BSE,STK,540717,INE689M01025,PQIF,X,,,,,Polo Queen Industrial and Fint,7.80,8.14,7.72,7.84,7.85,7.81,,7.84,,,30375,238686.00,207,F1,1,,,,,
2026-10-05,2026-10-05,CM,BSE,STK,540718,INE777X01017,AAYUSHBULL,M,,,,,AAYUSH ART AND BULLION LIMITED,1275.00,1275.00,1260.50,1266.05,1266.05,1271.55,,1266.05,,,111250,140855737.00,356,F1,125,,,,,
2026-10-05,2026-10-05,CM,BSE,STK,540719,INE123W01016,SBILIFE,A,,,,,SBI Life Insurance Company Lim,1721.00,1741.45,1714.10,1730.00,1730.00,1726.25,,1709.56,,,17364,30028627.00,1580,F1,1,,,,,
2026-10-05,2026-10-05,CM,BSE,STK,540724,INE393P01035,DIAMONDYD,B,,,,,Prataap Snacks Limited,1080.65,1090.65,1051.45,1057.05,1065.70,1067.50,,1058.79,,,745,789810.00,64,F1,1,,,,,
2026-10-05,2026-10-05,CM,BSE,STK,540725,INE932X01026,SHAREINDIA,B,,,,,Share India Securities Limited,208.50,219.15,205.00,206.15,205.55,204.85,,206.06,,,101079,21538586.00,1215,F1,1,,,,,
2026-10-05,2026-10-05,CM,BSE,STK,540726,INE071Y01013,TTFL,X,,,,,Trident Texofab Limited,20.50,20.98,20.10,20.21,20.35,20.60,,20.21,,,13888,284173.00,103,F1,1,,,,,
2026-10-05,2026-10-05,CM,BSE,STK,540727,INE973X01012,POOJA,B,,,,,Poojawestern Metaliks Limited,16.10,16.10,15.55,15.56,15.95,15.88,,15.56,,,3272,51576.00,43,F1,1,,,,,
2026-10-05,2026-10-05,CM,BSE,STK,540728,INE327G01032,SAYAJIIND,B,,,,,Sayaji Industries Limited,115.05,115.10,114.95,115.05,114.95,120.80,,115.05,,,1284,147710.00,7,F1,1,,,,,
2026-10-05,2026-10-05,CM,BSE,STK,540729,INE695X01011,VANTABIO,M,,,,,Vanta Bioscience Limited,20.50,20.50,20.42,20.42,20.42,21.49,,20.42,,,5250,107272.00,5,F1,750,,,,,
2026-10-05,2026-10-05,CM,BSE,STK,540730,INE062Y01020,MEHAI,X,,,,,Mehai Technology  Limited,1.16,1.19,1.13,1.15,1.15,1.14,,1.15,,,584940,677674.00,238,F1,1,,,,,
2026-10-05,2026-10-05,CM,BSE,STK,540735,INE864K01010,IRIS,B,,,,,IRIS RegTech Solutions Limited,224.10,227.00,220.00,221.20,220.10,225.10,,220.48,,,2080,459019.00,111,F1,1,,,,,
2026-10-05,2026-10-05,CM,BSE,STK,540737,INE414Y01015,SGRL,B,,,,,Shree Ganesh Remedies Limited,707.90,707.90,666.05,681.90,682.00,693.20,,680.48,,,2600,1751953.00,149,F1,1,,,,,
2026-10-05,2026-10-05,CM,BSE,STK,540738,INE402Y01028,STL,B,,,,,Shreeji Translogistics Limited,8.94,9.10,8.75,8.81,8.80,8.92,,8.81,,,24835,219607.00,98,F1,1,,,,,
2026-10-05,2026-10-05,CM,BSE,STK,540743,INE850D01014,GODREJAGRO,A,,,,,Godrej Agrovet Limited,630.55,651.00,627.05,641.40,641.80,631.10,,640.93,,,12440,7966271.00,843,F1,1,,,,,
2026-10-05,2026-10-05,CM,BSE,STK,540749,INE348L01012,MASFIN,B,,,,,MAS Financial Services Limited,271.05,276.05,267.00,268.20,267.95,273.15,,267.77,,,9042,2471166.00,264,F1,1,,,,,
2026-10-05,2026-10-05,CM,BSE,STK,540750,INE022Q01020,IEX,A,,,,,Indian Energy Exchange Limited,105.70,106.55,103.90,104.10,104.10,106.05,,104.28,,,318106,33376924.00,6277,F1,1,,,,,
2026-10-05,2026-10-05,CM,BSE,STK,540755,INE481Y01014,GICRE,A,,,,,General Insurance Corporation,325.90,325.90,314.85,319.20,318.75,323.25,,319.10,,,31814,10134371.00,1112,F1,1,,,,,
2026-10-05,2026-10-05,CM,BSE,STK,540757,INE501Y01019,SCPL,T,,,,,SHEETAL COOL PRODUCTS LIMITED,621.40,645.30,612.00,618.50,618.50,621.40,,617.85,,,382,237796.00,51,F1,1,,,,,
2026-10-05,2026-10-05,CM,BSE,STK,540762,INE974X01010,TIINDIA,A,,,,,Tube Investments of India Ltd,2341.60,2370.70,2295.00,2324.00,2324.00,2338.60,,2320.00,,,8626,20086121.00,1250,F1,1,,,,,
2026-10-05,2026-10-05,CM,BSE,STK,540767,INE298J01013,NAM-INDIA,A,,,,,NIPPON LIFE INDIA ASSET MANAGE,1046.30,1069.35,1045.80,1057.10,1057.10,1050.00,,1060.99,,,31659,33565380.00,2290,F1,1,,,,,
2026-10-05,2026-10-05,CM,BSE,STK,540768,INE766P01016,MAHLOG,B,,,,,Mahindra Logistics Limited,423.65,423.65,405.10,408.00,414.15,416.40,,406.78,,,5293,2176811.00,272,F1,1,,,,,
2026-10-05,2026-10-05,CM,BSE,STK,540769,INE470Y01017,NIACL,A,,,,,The New India Assurance Compan,159.90,162.75,157.65,158.15,158.15,160.25,,158.34,,,219181,35010607.00,2702,F1,1,,,,,
2026-10-05,2026-10-05,CM,BSE,STK,540774,INE133Y01011,IFGLEXPOR,B,,,,,IFGL Refractories Limited,192.20,192.20,183.00,183.85,185.00,189.50,,183.99,,,3295,614474.00,254,F1,1,,,,,
2026-10-05,2026-10-05,CM,BSE,STK,540775,INE834I01025,KHADIM,T,,,,,Khadim India Limited,112.90,115.45,111.20,115.45,115.45,113.20,,115.45,,,1135,130324.00,9,F1,1,,,,,
2026-10-05,2026-10-05,CM,BSE,STK,540776,INE618L01018,5PAISA,B,,,,,5paisa Capital Limited,311.05,378.65,311.05,360.30,360.30,315.55,,360.89,,,55354,20038231.00,1935,F1,1,,,,,
2026-10-05,2026-10-05,CM,BSE,STK,540777,INE795G01014,HDFCLIFE,A,,,,,HDFC LIFE INSURANCE COMPANY LI,532.75,540.60,524.65,530.95,530.95,532.65,,531.00,,,981507,519350982.00,4210,F1,1,,,,,
2026-10-05,2026-10-05,CM,BSE,STK,540782,INE204Y01010,SBRANDS,M,,,,,Sanghvi Brands Limited,11.73,11.73,11.73,11.73,11.73,12.34,,11.73,,,1000,11730.00,1,F1,1000,,,,,
2026-10-05,2026-10-05,CM,BSE,STK,540786,INE669Y01022,SHARIKA,B,,,,,SHARIKA ENTERPRISES LIMITED,24.37,24.37,22.05,22.05,22.05,23.21,,22.05,,,782749,18583205.00,628,F1,1,,,,,
2026-10-05,2026-10-05,CM,BSE,STK,540787,INF109KB15Y7,ICICIB22,B,,,,,ICICI Prudential Mutual Fund,109.96,110.29,109.04,109.85,110.00,108.53,,109.88,,,14551,1596325.00,500,F1,1,,,,,
2026-10-05,2026-10-05,CM,BSE,STK,540788,INE500C01017,ASPIRA,XT,,,,,Aspira Pathlab & Diagnostics L,131.25,131.25,125.10,125.10,125.10,131.25,,125.10,,,575,72356.00,14,F1,1,,,,,
2026-10-05,2026-10-05,CM,BSE,STK,540789,INE016M01021,DNAMEDIA,B,,,,,Diligent Media Corporation Lim,2.80,2.80,2.30,2.30,2.30,2.39,,2.34,,,8298,19272.00,58,F1,1,,,,,
2026-10-05,2026-10-05,CM,BSE,STK,540795,INE600Y01019,DYCL,B,,,,,Dynamic Cables Limited,427.35,451.15,427.35,435.40,437.65,428.00,,434.87,,,33113,14560440.00,843,F1,1,,,,,
2026-10-05,2026-10-05,CM,BSE,STK,540796,INE821Y01011,RATNABHUMI,B,,,,,Ratnabhumi Developers Limited,175.00,175.00,175.00,175.00,175.00,175.15,,175.00,,,17,2975.00,1,F1,1,,,,,
2026-10-05,2026-10-05,CM,BSE,STK,540797,INE597J01018,SHALBY,B,,,,,Shalby Limited,135.90,135.90,132.40,133.75,133.25,133.85,,134.00,,,2894,388174.00,119,F1,1,,,,,
2026-10-05,2026-10-05,CM,BSE,STK,540809,INE333Y01017,MRCAGRO,B,,,,,MRC AGROTECH LIMITED,34.00,35.80,33.40,35.45,35.00,34.49,,35.45,,,70453,2467780.00,170,F1,1,,,,,
2026-10-05,2026-10-05,CM,BSE,STK,540811,INE158R01012,DML,M,,,,,Diggi Multitrade Limited,12.45,12.45,11.83,11.83,11.83,12.45,,11.83,,,35000,420250.00,6,F1,5000,,,,,
2026-10-05,2026-10-05,CM,BSE,STK,540821,INE994R01028,CRYSTAL,X,,,,,CRYSTAL BUSINESS SYSTEM LIMITE,1.87,1.96,1.87,1.91,1.93,1.94,,1.91,,,28882,54906.00,100,F1,1,,,,,
2026-10-05,2026-10-05,CM,BSE,STK,540824,INE646X01014,ASTRON,Z,,,,,Astron Paper & Board Mill Limi,2.86,2.86,2.80,2.80,2.80,2.80,,2.81,,,168,471.00,6,F1,1,,,,,
2026-10-05,2026-10-05,CM,BSE,STK,540829,INE371F01024,CHANDRIMA,XT,,,,,Chandrima Mercantiles limited,11.30,11.30,11.30,11.30,11.30,11.53,,11.30,,,3774,42646.00,68,F1,1,,,,,
2026-10-05,2026-10-05,CM,BSE,STK,540850,INE841Y01019,JFL,M,,,,,Jhandewalas Foods Limited,23.00,23.80,20.80,22.01,22.00,20.81,,22.01,,,29000,657100.00,14,F1,1000,,,,,
2026-10-05,2026-10-05,CM,BSE,STK,540874,INE454F01010,7SEASL,X,,,,,7SEAS ENTERTAINMENT LIMITED,96.15,100.50,95.00,96.33,96.80,100.08,,96.33,,,27425,2664376.00,165,F1,1,,,,,
2026-10-05,2026-10-05,CM,BSE,STK,540879,INE713T01028,APOLLO,A,,,,,Apollo Micro Systems Limited,394.70,405.40,394.70,401.55,401.55,394.15,,401.69,,,275542,110491840.00,5128,F1,1,,,,,
2026-10-05,2026-10-05,CM,BSE,STK,540900,INE619B01017,NEWGEN,A,,,,,Newgen Software Technologies L,461.30,472.20,456.85,458.95,459.00,456.45,,458.76,,,65197,30265391.00,3194,F1,1,,,,,
2026-10-05,2026-10-05,CM,BSE,STK,540901,INE546Y01022,PRAXIS,B,,,,,Praxis Home Retail Limited,4.51,4.58,4.29,4.48,4.50,4.51,,4.43,,,997,4405.00,19,F1,1,,,,,
2026-10-05,2026-10-05,CM,BSE,STK,540902,INE371P01015,AMBER,A,,,,,Amber Enterprises India Limite,6534.00,6650.00,6498.40,6558.50,6558.50,6499.35,,6584.79,,,4893,32164709.00,1092,F1,1,,,,,
2026-10-05,2026-10-05,CM,BSE,STK,540914,INE425C01017,SRUSTEELS,X,,,,,SRU Steels Limited,1.36,1.44,1.36,1.40,1.40,1.39,,1.40,,,77940,109021.00,116,F1,1,,,,,
2026-10-05,2026-10-05,CM,BSE,STK,540923,INE760Y01011,ASHOKAMET,B,,,,,Ashoka Metcast Limited,15.97,15.97,14.81,15.00,15.00,14.46,,14.71,,,2336,35387.00,91,F1,1,,,,,
2026-10-05,2026-10-05,CM,BSE,STK,540935,INE600K01018,GALAXYSURF,B,,,,,Galaxy Surfactants Limited,2373.50,2450.00,2327.90,2332.15,2327.90,2379.35,,2334.94,,,3400,8134460.00,411,F1,1,,,,,
2026-10-05,2026-10-05,CM,BSE,STK,540936,INE063Z01017,GGL,X,,,,,Gautam Gems Limited,2.96,3.05,2.96,2.98,2.97,3.00,,2.98,,,4030,12040.00,49,F1,1,,,,,
2026-10-05,2026-10-05,CM,BSE,STK,540937,INE630Y01024,MEDICO,B,,,,,MEDICO REMEDIES LIMITED,21.90,22.58,21.53,21.83,21.83,22.00,,21.68,,,34208,746493.00,557,F1,1,,,,,
2026-10-05,2026-10-05,CM,BSE,STK,540952,INE740X01023,LAL,B,,,,,LORENZINI APPARELS LIMITED,8.77,8.77,8.32,8.36,8.36,8.42,,8.45,,,238,2023.00,10,F1,1,,,,,
2026-10-05,2026-10-05,CM,BSE,STK,540953,INE923Y01023,KENVI,B,,,,,Kenvi Jewels Limited,1.97,1.98,1.94,1.96,1.96,1.96,,1.96,,,50834,99132.00,98,F1,1,,,,,
2026-10-05,2026-10-05,CM,BSE,STK,540954,INE586E01020,IWP,B,,,,,The Indian Wood Products Co. L,38.95,40.50,35.00,38.67,38.80,35.79,,38.73,,,21816,814510.00,276,F1,1,,,,,
2026-10-05,2026-10-05,CM,BSE,STK,540955,INE773Y01014,TDSL,Z,,,,,Tasty Dairy Specialities Limit,3.90,3.95,3.66,3.95,3.95,3.80,,3.95,,,469,1783.00,11,F1,1,,,,,
2026-10-05,2026-10-05,CM,BSE,STK,540956,INE341Z01025,BHATIA,X,,,,,Bhatia Communications & Retail,37.20,40.20,37.00,38.19,37.56,36.81,,38.19,,,143432,5567283.00,758,F1,1,,,,,
2026-10-05,2026-10-05,CM,BSE,STK,540961,INE644Y01017,SHIVAMILLS,B,,,,,Shiva Mills Limited,57.80,57.80,57.80,57.80,57.80,57.50,,58.56,,,40,2312.00,5,F1,1,,,,,
2026-10-05,2026-10-05,CM,BSE,STK,540975,INE914M01019,ASTERDM,A,,,,,ASTER DM QUALITY CARE LIMITED,711.30,711.30,687.40,691.00,691.00,708.75,,691.48,,,59993,41517782.00,2626,F1,1,,,,,
2026-10-05,2026-10-05,CM,BSE,STK,540980,INE868X01014,YSL,X,,,,,The Yamuna Syndicate Ltd,25971.00,26250.00,25971.00,26250.00,26250.00,25963.00,,26250.00,,,3,78306.00,3,F1,1,,,,,
2026-10-05,2026-10-05,CM,BSE,STK,541005,INE398L01017,KANCOTEA,B,,,,,KANCO TEA & INDUSTRIES LIMITED,53.69,53.70,51.60,52.65,53.70,54.00,,51.75,,,21,1125.00,4,F1,1,,,,,
2026-10-05,2026-10-05,CM,BSE,STK,541019,INE926X01010,HGINFRA,B,,,,,H.G. Infra Engineering Limited,421.55,423.10,402.60,403.85,403.00,419.90,,403.76,,,16595,6818349.00,721,F1,1,,,,,
2026-10-05,2026-10-05,CM,BSE,STK,541083,INE464Z01017,INFLAME,M,,,,,Inflame Appliances Limited,216.50,233.00,216.50,232.90,232.90,229.45,,232.90,,,3000,684800.00,10,F1,250,,,,,
2026-10-05,2026-10-05,CM,BSE,STK,541096,INE365Y01019,BPLPHARMA,B,,,,,Bharat Parenterals Limited,1751.80,1780.00,1676.10,1727.30,1720.00,1717.40,,1726.95,,,1168,2018055.00,148,F1,1,,,,,
2026-10-05,2026-10-05,CM,BSE,STK,541097,INF740KA1EU7,LIQUIDETF,F,,,,,DSP NIFTY 1D Rate Liquid ETF,999.99,1000.01,999.99,1000.00,1000.00,999.99,,1000.00,,,927,926996.00,10,F1,1,,,,,
2026-10-05,2026-10-05,CM,BSE,STK,541143,INE171Z01026,BDL,A,,,,,Bharat Dynamics Limited,1085.05,1102.70,1082.20,1092.00,1092.00,1088.25,,1096.09,,,49304,53835444.00,3251,F1,1,,,,,
2026-10-05,2026-10-05,CM,BSE,STK,541144,INE380Z01015,ACTIVE,B,,,,,Active Clothing Co  Limited,101.50,101.50,93.65,96.18,96.18,98.00,,96.18,,,4475,432018.00,81,F1,1,,,,,
2026-10-05,2026-10-05,CM,BSE,STK,541152,INE705X01026,GOYALALUM,B,,,,,GOYAL ALUMINIUMS LIMITED,5.85,5.97,5.77,5.91,5.96,5.97,,5.94,,,17018,99839.00,148,F1,1,,,,,
2026-10-05,2026-10-05,CM,BSE,STK,541153,INE545U01014,BANDHANBNK,A,,,,,Bandhan Bank Limited,174.05,176.70,168.10,168.80,168.80,175.30,,168.29,,,539182,92125258.00,6032,F1,1,,,,,
2026-10-05,2026-10-05,CM,BSE,STK,541154,INE066F01020,HAL,A,,,,,Hindustan Aeronautics Limited,4603.00,4685.90,4603.00,4670.40,4670.40,4614.95,,4679.93,,,42880,199785923.00,6687,F1,1,,,,,
2026-10-05,2026-10-05,CM,BSE,STK,541161,INE278R01034,DHARAN,Z,,,,,DHARAN INFRA-EPC LIMITED,0.19,0.19,0.19,0.19,0.19,0.19,,0.13,,,339107,64430.00,99,F1,1,,,,,
2026-10-05,2026-10-05,CM,BSE,STK,541163,INE278H01035,SANDHAR,B,,,,,Sandhar Technologies Limited,566.65,573.85,553.20,556.80,554.10,564.75,,555.46,,,14995,8413841.00,685,F1,1,,,,,
2026-10-05,2026-10-05,CM,BSE,STK,541167,INE616Z01012,YASHO,B,,,,,YASHO INDUSTRIES LIMITED,4299.95,4299.95,4016.55,4043.30,4083.10,4026.50,,4042.91,,,974,3999387.00,213,F1,1,,,,,
2026-10-05,2026-10-05,CM,BSE,STK,541195,INE099Z01011,MIDHANI,A,,,,,Mishra Dhatu Nigam Limited,434.10,445.00,425.45,439.80,438.85,433.20,,440.09,,,37292,16261985.00,1408,F1,1,,,,,
2026-10-05,2026-10-05,CM,BSE,STK,541206,INE426Z01016,OBCL,B,,,,,OBCL Limited,56.00,56.00,55.11,55.11,55.11,54.13,,55.48,,,351,19655.00,6,F1,1,,,,,
2026-10-05,2026-10-05,CM,BSE,STK,541228,INE459Z01017,TRL,T,,,,,Taylormade Renewables Limited,54.25,56.00,54.25,55.43,54.66,55.22,,55.43,,,5936,329187.00,84,F1,1,,,,,
2026-10-05,2026-10-05,CM,BSE,STK,541233,INE970X01018,LEMONTREE,A,,,,,Lemon Tree Hotels Limited,108.05,108.75,106.75,107.80,107.00,107.75,,107.86,,,268487,28908668.00,2339,F1,1,,,,,
2026-10-05,2026-10-05,CM,BSE,STK,541269,INE783X01023,CHEMFAB,B,,,,,Chemfab Alkalis Ltd,327.00,334.80,326.35,327.50,327.45,327.05,,326.38,,,78,25625.00,17,F1,1,,,,,
2026-10-05,2026-10-05,CM,BSE,STK,541276,INE626Z01029,HARDWYN,B,,,,,HARDWYN INDIA LIMITED,9.01,10.45,9.01,9.45,9.45,9.20,,9.35,,,344029,3338518.00,663,F1,1,,,,,
2026-10-05,2026-10-05,CM,BSE,STK,541301,INE142Z01019,ORIENTELEC,B,,,,,Orient Electric Limited,156.00,161.10,154.50,157.35,157.00,154.65,,157.68,,,17397,2745447.00,616,F1,1,,,,,
2026-10-05,2026-10-05,CM,BSE,STK,541302,INE506Z01015,DHRUV,B,,,,,Dhruv Consultancy Services Lim,19.60,19.96,19.00,19.49,19.49,20.00,,19.51,,,3113,60323.00,47,F1,1,,,,,
2026-10-05,2026-10-05,CM,BSE,STK,541303,INE256Z01025,AKSHAR,B,,,,,Akshar Spintex Limited,0.43,0.43,0.41,0.42,0.42,0.42,,0.42,,,52346,21794.00,39,F1,1,,,,,
2026-10-05,2026-10-05,CM,BSE,STK,541304,INE250Z01010,INDOUS,B,,,,,Indo US Bio-Tech Limited,79.30,79.30,75.00,75.20,78.50,77.00,,75.48,,,957,73652.00,64,F1,1,,,,,
2026-10-05,2026-10-05,CM,BSE,STK,541313,INF109KC1V59,BSE500IETF,B,,,,,ICICI Prudential BSE 500 ETF,36.12,37.46,36.12,37.28,37.07,37.05,,37.08,,,4071,151190.00,88,F1,1,,,,,
2026-10-05,2026-10-05,CM,BSE,STK,541336,INE896L01010,INDOSTAR,B,,,,,IndoStar Capital Finance Limit,208.50,209.75,203.30,205.15,205.15,204.90,,204.34,,,4212,869297.00,120,F1,1,,,,,
2026-10-05,2026-10-05,CM,BSE,STK,541337,INE424Z01011,MILEFUR,MT,,,,,Milestone Furniture Limited,25.29,26.58,25.29,26.20,26.58,25.32,,26.20,,,75000,1949430.00,18,F1,3000,,,,,
2026-10-05,2026-10-05,CM,BSE,STK,541338,INE556Z01010,UHZAVERI,B,,,,,U. H. ZAVERI LIMITED,6.20,6.21,6.01,6.21,6.21,5.92,,6.21,,,144716,898025.00,73,F1,1,,,,,
2026-10-05,2026-10-05,CM,BSE,STK,541347,INE295Z01015,PARVATI,XT,,,,,Parvati Sweetners and Power Lt,6.93,7.25,6.92,7.25,7.25,6.91,,7.25,,,81628,584218.00,97,F1,1,,,,,
2026-10-05,2026-10-05,CM,BSE,STK,541352,INE00EM01016,MEGASTAR,B,,,,,Megastar Foods Limited,316.90,316.90,268.80,270.25,269.20,264.30,,267.99,,,448,122373.00,34,F1,1,,,,,
2026-10-05,2026-10-05,CM,BSE,STK,541353,INE870Z01015,INNOVATORS,M,,,,,Innovators Facade Systems Limi,112.05,113.95,112.05,113.95,113.95,111.85,,113.95,,,1600,180800.00,2,F1,800,,,,,
2026-10-05,2026-10-05,CM,BSE,STK,541358,INE926R01012,UCIL,XT,,,,,UNIFINZ CAPITAL INDIA LIMITED,105.00,105.00,102.00,102.80,102.80,102.85,,102.80,,,6581,676055.00,16,F1,1,,,,,
2026-10-05,2026-10-05,CM,BSE,STK,541400,INE518E01015,ZIMLAB,B,,,,,ZIM Laboratories Limited,136.30,139.00,131.25,136.25,139.00,136.45,,137.06,,,6423,865489.00,162,F1,1,,,,,
2026-10-05,2026-10-05,CM,BSE,STK,541402,INE692Z01013,AFFORDABLE,B,,,,,Affordable Robotic & Automatio,167.90,173.25,162.30,165.40,162.30,168.15,,163.73,,,2292,384591.00,214,F1,1,,,,,
2026-10-05,2026-10-05,CM,BSE,STK,541403,INE325C01035,DOLLAR,B,,,,,Dollar Industries Limited,273.25,276.50,269.00,274.50,272.95,273.15,,274.40,,,8458,2305218.00,384,F1,1,,,,,
2026-10-05,2026-10-05,CM,BSE,STK,541418,INE236Y01012,NGIL,B,,,,,NAKODA GROUP OF INDUSTRIES LIM,38.61,39.92,35.85,36.75,36.75,38.25,,36.83,,,1706,63522.00,33,F1,1,,,,,
2026-10-05,2026-10-05,CM,BSE,STK,541444,INE838Z01012,PALMJEWELS,X,,,,,Palm Jewels Limited,22.25,23.90,21.55,23.40,23.40,20.55,,23.40,,,349446,8047340.00,1064,F1,1,,,,,
2026-10-05,2026-10-05,CM,BSE,STK,541445,INE799N01012,WAA,M,,,,,Waa Solar Limited,42.85,43.21,42.85,42.88,42.85,43.70,,42.88,,,12000,515408.00,15,F1,800,,,,,
2026-10-05,2026-10-05,CM,BSE,STK,541450,INE364U01010,ADANIGREEN,A,,,,,Adani Green Energy Limited,1291.00,1302.60,1267.00,1279.80,1279.80,1288.00,,1283.37,,,97868,125374211.00,4763,F1,1,,,,,
2026-10-05,2026-10-05,CM,BSE,STK,541503,INE250G01010,UNICK,X,,,,,Unick Fix-A- Form and Printers,37.76,37.76,37.76,37.76,37.76,37.74,,37.76,,,17,641.00,2,F1,1,,,,,
2026-10-05,2026-10-05,CM,BSE,STK,541540,INE624Z01016,SOLARA,B,,,,,SOLARA ACTIVE PHARMA SCIENCES,713.15,722.85,674.00,676.50,678.00,716.00,,676.89,,,25249,17348831.00,1031,F1,1,,,,,
2026-10-05,2026-10-05,CM,BSE,STK,541546,INE287Z01012,GAYAHWS,B,,,,,GAYATRI HIGHWAYS LTD,1.55,1.80,1.55,1.75,1.75,1.73,,1.72,,,22171,38449.00,75,F1,1,,,,,
2026-10-05,2026-10-05,CM,BSE,STK,541556,INE320J01015,RITES,A,,,,,RITES Limited,210.00,211.00,203.55,205.85,205.85,209.70,,205.75,,,126176,26034716.00,2047,F1,1,,,,,
2026-10-05,2026-10-05,CM,BSE,STK,541557,INE686Y01026,FINEORG,A,,,,,Fine Organic Industries Limite,5210.10,5290.00,5121.85,5197.00,5185.80,5127.90,,5209.67,,,926,4820220.00,300,F1,1,,,,,
2026-10-05,2026-10-05,CM,BSE,STK,541578,INE665L01035,VARROC,A,,,,,Varroc Engineering Limited,820.00,839.40,818.00,820.65,822.80,828.35,,820.01,,,6169,5096545.00,434,F1,1,,,,,
2026-10-05,2026-10-05,CM,BSE,STK,541601,INE685Z01033,RAJNISH,B,,,,,Rajnish Wellness Limited,0.37,0.37,0.35,0.36,0.36,0.36,,0.36,,,7690537,2774957.00,765,F1,1,,,,,
2026-10-05,2026-10-05,CM,BSE,STK,541627,INE173V01013,GUJWIND,XT,,,,,Gujarat Winding Systems Limite,10.00,10.00,10.00,10.00,10.00,10.39,,10.00,,,5,50.00,1,F1,1,,,,,
2026-10-05,2026-10-05,CM,BSE,STK,541634,INE960Z01014,RAWEDGE,B,,,,,Raw Edge Industrial Solutions,14.22,15.00,14.22,14.50,14.50,14.95,,14.50,,,4034,57750.00,23,F1,1,,,,,
2026-10-05,2026-10-05,CM,BSE,STK,541702,INE694W01024,ASHNI,XT,,,,,Ashnisha Industries Limited,2.43,2.49,2.34,2.38,2.38,2.43,,2.38,,,406097,965843.00,525,F1,1,,,,,
2026-10-05,2026-10-05,CM,BSE,STK,541703,INE00WY01013,RACONTEUR,M,,,,,RACONTEUR GLOBAL RESOURCES LIM,9.90,9.90,9.90,9.90,9.90,9.80,,9.90,,,1600,15840.00,1,F1,1600,,,,,
2026-10-05,2026-10-05,CM,BSE,STK,541729,INE127D01025,HDFCAMC,A,,,,,HDFC Asset Management Company,2327.95,2368.80,2310.00,2354.00,2354.00,2314.25,,2346.01,,,20687,48506361.00,2463,F1,1,,,,,
2026-10-05,2026-10-05,CM,BSE,STK,541735,INE299W01022,VIVANTA,X,,,,,Vivanta Industries Limited,1.62,1.78,1.62,1.64,1.69,1.70,,1.64,,,188698,312956.00,340,F1,1,,,,,
2026-10-05,2026-10-05,CM,BSE,STK,541741,INE401Z01019,FRATELLI,XT,,,,,Fratelli Vineyards Limited,116.30,128.00,115.90,128.00,128.00,121.95,,128.00,,,21537,2604050.00,156,F1,1,,,,,
2026-10-05,2026-10-05,CM,BSE,STK,541770,INE741K01010,CREDITACC,A,,,,,CreditAccess Grameen Ltd.,1261.90,1279.40,1247.45,1251.95,1251.60,1238.90,,1251.53,,,9594,12083503.00,676,F1,1,,,,,
2026-10-05,2026-10-05,CM,BSE,STK,541771,INE572Z01017,AMINTAN,XT,,,,,AMIN TANNERY LIMITED,1.87,1.87,1.87,1.87,1.87,1.90,,1.87,,,9979,18660.00,36,F1,1,,,,,
2026-10-05,2026-10-05,CM,BSE,STK,541778,INE00IY01012,DEEP,T,,,,,Deep Polymers Limited,43.61,45.40,43.61,45.40,45.40,45.90,,42.76,,,625,27317.00,20,F1,1,,,,,
2026-10-05,2026-10-05,CM,BSE,STK,541809,INF109KC1NS5,NEXT50IETF,B,,,,,ICICI Prudential Mutual Fund,74.09,74.09,71.91,73.26,73.47,72.64,,73.17,,,28850,2111780.00,459,F1,1,,,,,
2026-10-05,2026-10-05,CM,BSE,STK,541865,INE01B501018,ASRL,X,,,,,Add-Shop E-Retail Limited,5.75,5.75,5.42,5.55,5.50,5.67,,5.55,,,16424,92430.00,127,F1,1,,,,,
2026-10-05,2026-10-05,CM,BSE,STK,541890,INE797Z01028,SPACEINCUBA,XT,,,,,Space Incubatrics Technologies,0.18,0.18,0.18,0.18,0.18,0.18,,0.18,,,52274,9409.00,86,F1,1,,,,,
2026-10-05,2026-10-05,CM,BSE,STK,541929,INE00QT01015,SGIL,B,,,,,Synergy Green Industries Limit,630.00,630.00,599.30,603.05,609.90,610.00,,603.00,,,329,202168.00,48,F1,1,,,,,
2026-10-05,2026-10-05,CM,BSE,STK,541946,INF109KC1KT9,LIQUIDIETF,F,,,,,ICICI Prudential BSE Liquid Ra,1000.00,1000.01,1000.00,1000.00,1000.00,1000.00,,1000.00,,,107965,107965022.00,55,F1,1,,,,,
2026-10-05,2026-10-05,CM,BSE,STK,541956,INE962Y01021,IRCON,A,,,,,IRCON International Ltd,110.20,111.25,106.10,106.85,107.90,110.25,,106.88,,,381371,41187334.00,4835,F1,1,,,,,
2026-10-05,2026-10-05,CM,BSE,STK,541967,INE01IU01018,SKYGOLD,A,,,,,Sky Gold And Diamonds Limited,813.00,838.20,813.00,824.90,825.00,810.70,,825.86,,,73252,60297593.00,3142,F1,1,,,,,
2026-10-05,2026-10-05,CM,BSE,STK,541972,INF200KA1VQ2,SETFSN50,B,,,,,SBI Mutual Fund,900.22,900.22,894.78,895.00,895.00,891.31,,895.00,,,66,59201.00,25,F1,1,,,,,
2026-10-05,2026-10-05,CM,BSE,STK,541974,INE00VM01036,MANORAMA,A,,,,,Manorama Industries Limited,1885.90,1960.60,1885.90,1944.80,1947.90,1879.80,,1944.90,,,10738,20753679.00,914,F1,1,,,,,
2026-10-05,2026-10-05,CM,BSE,STK,541983,INE492Y01011,INNOVATIVE,M,,,,,Innovative Ideals and Services,18.34,18.35,18.32,18.35,18.35,19.27,,18.35,,,3000,55010.00,3,F1,1000,,,,,
2026-10-05,2026-10-05,CM,BSE,STK,541988,INE216P01012,AAVAS,A,,,,,AAVAS Financiers Limited,1193.75,1232.75,1193.75,1217.30,1217.30,1192.50,,1219.27,,,7485,9114060.00,823,F1,1,,,,,
2026-10-05,2026-10-05,CM,BSE,STK,542011,INE382Z01011,GRSE,A,,,,,Garden Reach Shipbuilders & En,2127.85,2159.00,2102.75,2110.85,2111.90,2109.75,,2110.41,,,29796,63480495.00,2090,F1,1,,,,,
2026-10-05,2026-10-05,CM,BSE,STK,542012,INE911Z01025,A1L,T,,,,,A-1 LIMITED,5.71,5.71,5.43,5.48,5.48,5.71,,5.48,,,772123,4274217.00,1403,F1,1,,,,,
2026-10-05,2026-10-05,CM,BSE,STK,542013,INE666Y01010,DOLFIN,B,,,,,Dolfin Rubbers Limited,173.85,176.90,170.10,171.60,171.60,173.00,,171.60,,,93,16135.00,11,F1,1,,,,,
2026-10-05,2026-10-05,CM,BSE,STK,542019,INE01J501010,SHUBHAM,X,,,,,Shubham Polyspin Limited,31.31,33.70,31.31,33.15,33.15,32.58,,33.15,,,12263,405347.00,58,F1,1,,,,,
2026-10-05,2026-10-05,CM,BSE,STK,542020,INE642Z01026,AKI,T,,,,,AKI India Limited,5.92,6.10,5.92,6.00,6.00,6.22,,6.01,,,10479,63521.00,39,F1,1,,,,,
2026-10-05,2026-10-05,CM,BSE,STK,542034,INE00Q901014,SMGOLD,B,,,,,S. M. Gold Limited,13.20,13.79,13.05,13.12,13.37,12.82,,13.12,,,20901,279369.00,164,F1,1,,,,,
2026-10-05,2026-10-05,CM,BSE,STK,542046,INE647Z01025,VIVIDM,B,,,,,VIVID MERCANTILE LIMITED,5.82,5.93,5.65,5.77,5.81,5.94,,5.77,,,42032,244491.00,77,F1,1,,,,,
2026-10-05,2026-10-05,CM,BSE,STK,542057,INE00SW01015,BCPL,B,,,,,BCPL Railway Infrastructure Li,70.35,70.35,66.00,66.28,66.50,66.76,,66.73,,,1836,121964.00,79,F1,1,,,,,
2026-10-05,2026-10-05,CM,BSE,STK,542066,INE399L01023,ATGL,A,,,,,ADANI TOTAL GAS LIMITED,586.15,593.05,579.00,582.55,582.55,583.15,,583.15,,,75510,44178935.00,2079,F1,1,,,,,
2026-10-05,2026-10-05,CM,BSE,STK,542131,INF769K01EG9,NIFTYETF,B,,,,,Mirae Asset Mutual Fund,238.51,248.00,238.51,245.65,245.75,244.63,,245.60,,,4568,1121516.00,299,F1,1,,,,,
2026-10-05,2026-10-05,CM,BSE,STK,542141,INE285K01026,TECHNOE,A,,,,,Techno Electric & Engineering,998.60,1003.85,974.30,979.50,980.40,997.65,,978.63,,,12635,12429307.00,807,F1,1,,,,,
2026-10-05,2026-10-05,CM,BSE,STK,542146,INE951Z01013,SKIFL,M,,,,,Shree Krishna Infrastructure L,8.00,8.61,8.00,8.61,8.61,8.20,,8.61,,,6250,53050.00,3,F1,1250,,,,,
2026-10-05,2026-10-05,CM,BSE,STK,542155,INE01GR01018,DGL,MT,,,,,Diksha Greens Limited,1.06,1.06,1.06,1.06,1.06,1.04,,1.06,,,18000,19080.00,4,F1,2000,,,,,
2026-10-05,2026-10-05,CM,BSE,STK,542176,INE016X01010,ARYAN,X,,,,,Aryan Share & Stock Brokers Lt,21.84,21.84,19.77,19.77,19.77,20.80,,19.77,,,241,4926.00,13,F1,1,,,,,
2026-10-05,2026-10-05,CM,BSE,STK,542206,INE139E01028,NIVAKA,XT,,,,,NIVAKA FASHIONS LIMITED,0.77,0.77,0.77,0.77,0.77,0.78,,0.77,,,5315,4092.00,9,F1,1,,,,,
2026-10-05,2026-10-05,CM,BSE,STK,542216,INE00R701025,DALBHARAT,A,,,,,DALMIA BHARAT LIMITED,1688.40,1688.40,1656.00,1672.35,1674.00,1680.60,,1673.68,,,897,1498409.00,234,F1,1,,,,,
2026-10-05,2026-10-05,CM,BSE,STK,542230,INF209KB16D7,ABSLNN50ET,B,,,,,Aditya Birla Sun Life Mutual F,71.95,73.42,71.95,73.12,73.12,73.42,,72.69,,,2781,201496.00,31,F1,1,,,,,
2026-10-05,2026-10-05,CM,BSE,STK,542231,INE00S901012,NILASPACES,B,,,,,Nila Spaces Ltd,11.08,11.52,10.91,11.03,11.12,11.27,,11.00,,,81805,910764.00,258,F1,1,,,,,
2026-10-05,2026-10-05,CM,BSE,STK,542232,INE01NE01012,SRD,B,,,,,Shankar Lal Rampal Dye-Chem Li,39.00,39.00,37.05,38.25,38.25,39.30,,37.70,,,1617,60811.00,24,F1,1,,,,,
2026-10-05,2026-10-05,CM,BSE,STK,542233,INE00CA01015,TREJHARA,B,,,,,Trejhara Solutions Limited,138.60,138.60,129.20,130.50,130.50,129.00,,131.22,,,3702,486550.00,48,F1,1,,,,,
2026-10-05,2026-10-05,CM,BSE,STK,542248,INE452W01019,DECCAN,B,,,,,Deccan Health Care Limited,11.99,11.99,11.42,11.95,11.95,11.70,,11.95,,,3049,36191.00,23,F1,1,,,,,
2026-10-05,2026-10-05,CM,BSE,STK,542285,INE02EZ01022,AXITA,B,,,,,Axita Cotton Limited,7.65,7.72,7.58,7.58,7.61,7.58,,7.59,,,36007,275049.00,151,F1,1,,,,,
2026-10-05,2026-10-05,CM,BSE,STK,542323,INE542W01025,KPIGREEN,A,,,,,KPI Green Energy Limited,345.60,349.15,320.50,322.15,323.85,345.60,,321.86,,,80443,26695866.00,1810,F1,1,,,,,
2026-10-05,2026-10-05,CM,BSE,STK,542332,INE302R01024,HIKLASS,XT,,,,,Hi-Klass Trading and Investmen,90.00,90.00,89.50,89.50,89.50,90.00,,89.50,,,17130,1536650.00,7,F1,1,,,,,
2026-10-05,2026-10-05,CM,BSE,STK,542333,INE425Y01011,RPSGVENT,B,,,,,RPSG VENTURES LIMITED,849.90,849.90,821.30,834.30,835.00,825.80,,833.95,,,1559,1294908.00,102,F1,1,,,,,
2026-10-05,2026-10-05,CM,BSE,STK,542337,INE020801028,SPENCERS,B,,,,,Spencer's Retail Limited,26.00,27.00,26.00,26.45,26.45,25.95,,26.39,,,179,4693.00,11,F1,1,,,,,
2026-10-05,2026-10-05,CM,BSE,STK,542351,INE350Z01018,GLOSTERLTD,B,,,,,Gloster Ltd,540.00,548.90,537.00,548.90,548.90,538.80,,542.50,,,65,35232.00,9,F1,1,,,,,
2026-10-05,2026-10-05,CM,BSE,STK,542367,INE01P501012,XELPMOC,B,,,,,Xelpmoc Design and Tech Limite,99.78,99.78,89.97,91.52,91.33,93.50,,89.86,,,1454,136747.00,100,F1,1,,,,,
2026-10-05,2026-10-05,CM,BSE,STK,542383,INE01EG01016,RITCO,B,,,,,Ritco Logistics Limited,281.45,285.55,277.85,285.25,284.45,277.70,,284.63,,,40628,11586166.00,608,F1,1,,,,,
2026-10-05,2026-10-05,CM,BSE,STK,542399,INE427F01016,CHALET,A,,,,,Chalet Hotels Limited,841.65,843.35,826.20,842.25,839.45,830.20,,841.47,,,3422,2859648.00,355,F1,1,,,,,
2026-10-05,2026-10-05,CM,BSE,STK,542437,INE02AR01019,ANMOL,T,,,,,Anmol India Limited,13.33,13.56,13.05,13.28,13.28,13.60,,13.08,,,1597,21031.00,19,F1,1,,,,,
2026-10-05,2026-10-05,CM,BSE,STK,542446,INE793Z01027,JONJUA,M,,,,,Jonjua Overseas Limited,3.00,3.03,2.97,2.99,2.99,3.01,,2.99,,,211718,631853.00,19,F1,6227,,,,,
2026-10-05,2026-10-05,CM,BSE,STK,542459,INE911T01010,KRANTI,B,,,,,Kranti Industries Limited,52.50,56.44,47.42,53.01,50.05,47.04,,53.01,,,15758,831595.00,45,F1,1,,,,,
2026-10-05,2026-10-05,CM,BSE,STK,542460,INE294Z01018,ANUP,B,,,,,The Anup Engineering Ltd,1568.30,1573.40,1523.90,1540.25,1543.20,1562.05,,1539.03,,,990,1534802.00,308,F1,1,,,,,
2026-10-05,2026-10-05,CM,BSE,STK,542484,INE955V01021,ARVINDFASN,A,,,,,Arvind Fashions Limited,375.55,388.45,375.55,383.60,383.80,381.15,,384.22,,,5464,2098398.00,482,F1,1,,,,,
2026-10-05,2026-10-05,CM,BSE,STK,542513,INF789F1AUU3,SNXT50BETA,B,,,,,UTI BSE  Sensex Next 50 ETF,89.40,90.99,87.51,87.58,87.51,88.96,,88.46,,,102,8938.00,6,F1,1,,,,,
2026-10-05,2026-10-05,CM,BSE,STK,542524,INE342U01016,AIHL,X,,,,,AMBASSADOR INTRA HOLDINGS LIMI,26.79,29.48,26.79,29.48,29.48,28.19,,29.48,,,567,15192.00,4,F1,1,,,,,
2026-10-05,2026-10-05,CM,BSE,STK,542543,INE05KD23015,ENERGYINF,IF,,,,,Energy Infrastructure Trust,73.68,74.50,73.68,73.71,73.71,73.68,,73.71,,,250000,18497250.00,10,F1,25000,,,,,
2026-10-05,2026-10-05,CM,BSE,STK,542579,INE05FR01029,AGOL,B,,,,,Ashapuri Gold Ornament Limited,4.49,4.49,4.30,4.34,4.34,4.34,,4.34,,,462099,2033160.00,1080,F1,1,,,,,
2026-10-05,2026-10-05,CM,BSE,STK,542580,INE01C001026,AARTECH,T,,,,,Aartech Solonics Limited,48.13,48.13,46.55,47.66,47.66,48.74,,47.34,,,2423,114957.00,37,F1,1,,,,,
2026-10-05,2026-10-05,CM,BSE,STK,542597,INE255X01014,MSTCLTD,B,,,,,MSTC Limited,715.30,715.30,688.45,694.95,691.85,704.85,,693.77,,,8563,5968247.00,454,F1,1,,,,,
2026-10-05,2026-10-05,CM,BSE,STK,542602,INE041025011,EMBASSY,IF,,,,,Embassy Office Parks REIT,433.40,433.40,426.76,427.40,428.32,428.51,,427.16,,,13412,5751119.00,628,F1,1,,,,,
2026-10-05,2026-10-05,CM,BSE,STK,542627,INE01GZ01011,CHANDNIMACH,XT,,,,,Chandni Machines Limited,101.00,104.32,94.40,101.73,99.00,99.36,,101.73,,,25140,2463018.00,141,F1,1,,,,,
2026-10-05,2026-10-05,CM,BSE,STK,542628,INE01BL01012,NSL,B,,,,,Northern Spirits Limited,127.95,127.95,122.30,122.80,122.95,125.00,,122.80,,,1812,225069.00,55,F1,1,,,,,
2026-10-05,2026-10-05,CM,BSE,STK,542649,INE415G01027,RVNL,A,,,,,Rail Vikas Nigam Limited,197.75,199.95,195.35,196.70,196.70,197.00,,196.94,,,354360,70086226.00,4713,F1,1,,,,,
2026-10-05,2026-10-05,CM,BSE,STK,542650,INE112L01020,METROPOLIS,A,,,,,Metropolis Healthcare Limited,530.35,557.85,530.35,555.10,557.85,538.00,,553.67,,,8785,4800934.00,721,F1,1,,,,,
2026-10-05,2026-10-05,CM,BSE,STK,542651,INE04I401011,KPITTECH,A,,,,,KPIT Technologies Ltd,498.80,509.00,489.50,490.05,490.05,493.50,,489.52,,,153103,76295550.00,4628,F1,1,,,,,
2026-10-05,2026-10-05,CM,BSE,STK,542652,INE455K01017,POLYCAB,A,,,,,Polycab India Limited,7985.00,8186.10,7985.00,8080.00,8080.00,7985.00,,8080.00,,,7067,57264254.00,2010,F1,1,,,,,
2026-10-05,2026-10-05,CM,BSE,STK,542654,INE06LG01010,VRFILMS,B,,,,,V R FILMS & STUDIOS LIMITED,11.38,11.39,11.00,11.39,11.39,11.50,,11.39,,,6171,70200.00,11,F1,1,,,,,
2026-10-05,2026-10-05,CM,BSE,STK,542655,INE161L01027,VIKASLIFE,B,,,,,VIKAS LIFECARE LIMITED,1.21,1.23,1.21,1.21,1.21,1.20,,1.21,,,289467,351834.00,7021,F1,1,,,,,
2026-10-05,2026-10-05,CM,BSE,STK,542665,INE136S01016,NEOGEN,B,,,,,Neogen Chemicals Limited,2420.65,2440.95,2300.55,2312.50,2315.20,2407.70,,2311.34,,,8679,20395175.00,1053,F1,1,,,,,
2026-10-05,2026-10-05,CM,BSE,STK,542666,INE05QJ01015,GKP,B,,,,,G. K. P. Printing & Packaging,6.32,7.50,6.25,7.14,7.27,6.32,,7.14,,,36017,253603.00,143,F1,1,,,,,
2026-10-05,2026-10-05,CM,BSE,STK,542668,INE06TD01010,EVANS,M,,,,,EVANS ELECTRIC LIMITED,81.50,84.39,81.50,84.39,84.39,84.50,,84.39,,,8000,660950.00,4,F1,1000,,,,,
2026-10-05,2026-10-05,CM,BSE,STK,542669,INE374E01021,BMW,X,,,,,BMW INDUSTRIES LIMITED,52.45,56.35,52.44,55.54,55.54,53.12,,55.54,,,221270,12000844.00,1016,F1,1,,,,,
2026-10-05,2026-10-05,CM,BSE,STK,542670,INE757T01025,AEPL,B,,,,,Artemis Electricals and Projec,15.89,16.03,15.00,15.70,15.69,15.64,,15.01,,,2328,35499.00,41,F1,1,,,,,
2026-10-05,2026-10-05,CM,BSE,STK,542677,INE01MO01013,MAHESH,X,,,,,Mahesh Developers Limited,15.01,16.59,15.01,16.21,16.50,15.80,,16.21,,,501,7893.00,11,F1,1,,,,,
2026-10-05,2026-10-05,CM,BSE,STK,542678,INE05BN01027,CHCL,MT,,,,,Cian Healthcare Limited,24.96,24.96,24.96,24.96,24.96,24.48,,24.96,,,137,3419.00,1,F1,137,,,,,
2026-10-05,2026-10-05,CM,BSE,STK,542679,INE413F01016,DEL,X,,,,,Dhanashree Electronics Limited,124.95,124.95,124.95,124.95,124.95,124.95,,124.95,,,18,2249.00,2,F1,1,,,,,
2026-10-05,2026-10-05,CM,BSE,STK,542682,INE01K301012,HARISH,X,,,,,Harish Textile Engineers Limit,66.00,66.00,63.01,63.90,63.90,65.99,,63.90,,,3181,205590.00,15,F1,1,,,,,
2026-10-05,2026-10-05,CM,BSE,STK,542684,INE050001010,PPL,B,,,,,Prakash Pipes Limited,246.00,270.40,245.80,253.00,252.70,243.45,,253.10,,,11377,2964393.00,418,F1,1,,,,,
2026-10-05,2026-10-05,CM,BSE,STK,542721,INE02GA01012,ARL,T,,,,,Anand Rayons Limited,35.99,35.99,34.00,34.56,34.55,35.10,,34.56,,,10754,377343.00,71,F1,1,,,,,
2026-10-05,2026-10-05,CM,BSE,STK,542725,INE04AK01028,SBC,B,,,,,SBC EXPORTS LIMITED,59.57,63.10,57.35,62.12,62.12,58.58,,62.04,,,2877637,172593435.00,3879,F1,1,,,,,
2026-10-05,2026-10-05,CM,BSE,STK,542726,INE933S01016,INDIAMART,A,,,,,IndiaMART InterMESH Limited,1620.00,1644.40,1584.90,1591.80,1595.00,1622.45,,1591.52,,,7121,11373856.00,996,F1,1,,,,,
2026-10-05,2026-10-05,CM,BSE,STK,542727,INE056001014,CPML,M,,,,,CITY PULSE MULTIVENTURES LIMIT,100.98,100.98,91.38,94.33,94.33,96.18,,94.33,,,223750,21870679.00,643,F1,50,,,,,
2026-10-05,2026-10-05,CM,BSE,STK,542729,INE08KP01019,DCMNVL,B,,,,,DCM NOUVELLE LIMITED,175.05,175.05,175.05,175.05,175.05,166.75,,171.38,,,1,175.00,1,F1,1,,,,,
2026-10-05,2026-10-05,CM,BSE,STK,542730,INF109KC15I8,BANKIETF,B,,,,,ICICI Prudential Mutual Fund,57.67,57.67,54.93,56.16,56.15,56.34,,56.07,,,36264,2033885.00,251,F1,1,,,,,
2026-10-05,2026-10-05,CM,BSE,STK,542747,INF204KB15D0,SNXT50BEES,B,,,,,NIPPON INDIA ETF SENSEX NEXT 5,87.79,87.99,87.05,87.54,87.54,87.39,,87.54,,,4676,409147.00,196,F1,1,,,,,
2026-10-05,2026-10-05,CM,BSE,STK,542752,INE00WC01027,AFFLE,A,,,,,AFFLE 3I LIMITED,1456.95,1473.45,1440.00,1443.80,1440.00,1449.75,,1443.80,,,14382,20961524.00,1549,F1,1,,,,,
2026-10-05,2026-10-05,CM,BSE,STK,542758,INF109KC18U7,PVTBANIETF,B,,,,,ICICI Prudential Mutual Fund,27.01,27.47,26.91,27.06,27.14,27.06,,27.07,,,37979,1037067.00,233,F1,1,,,,,
2026-10-05,2026-10-05,CM,BSE,STK,542759,INE572J01011,SPANDANA,B,,,,,Spandana Sphoorty Financial Li,217.00,219.00,210.85,213.50,213.50,216.50,,213.52,,,10677,2280399.00,701,F1,1,,,,,
2026-10-05,2026-10-05,CM,BSE,STK,542760,INE00M201021,SWSOLAR,B,,,,,STERLING AND WILSON RENEWABLE,165.00,167.30,163.00,163.80,164.05,164.95,,163.73,,,87396,14395796.00,1242,F1,1,,,,,
2026-10-05,2026-10-05,CM,BSE,STK,542770,INE08E401029,ALPHALOGIC,B,,,,,Alphalogic Techsys Limited,38.11,41.30,38.01,38.61,38.12,39.55,,38.61,,,5866,228719.00,113,F1,1,,,,,
2026-10-05,2026-10-05,CM,BSE,STK,542772,INE466L01038,360ONE,A,,,,,360 ONE WAM LIMITED,1031.40,1059.05,1031.40,1054.80,1054.80,1045.00,,1050.01,,,12424,13059064.00,864,F1,1,,,,,
2026-10-05,2026-10-05,CM,BSE,STK,542773,INE489L01022,IIFLCAPS,A,,,,,IIFL CAPITAL SERVICES LIMITED,346.50,346.60,342.35,345.20,345.65,345.70,,345.20,,,10806,3737927.00,301,F1,1,,,,,
2026-10-05,2026-10-05,CM,BSE,STK,542774,INE08KJ01020,MUFIN,B,,,,,MUFIN GREEN FINANCE LIMITED,131.60,134.30,130.55,132.70,132.70,131.35,,132.89,,,13719,1822228.00,318,F1,1,,,,,
2026-10-05,2026-10-05,CM,BSE,STK,542801,INE957W01025,MISQUITA,M,,,,,Misquita Engineering Limited,56.99,57.00,56.99,57.00,57.00,54.02,,57.00,,,4000,227990.00,3,F1,1000,,,,,
2026-10-05,2026-10-05,CM,BSE,STK,542802,INE906Y01028,GALACTICO,B,,,,,Galactico Corporate Services L,1.92,1.95,1.89,1.93,1.95,1.92,,1.93,,,37731,72623.00,129,F1,1,,,,,
2026-10-05,2026-10-05,CM,BSE,STK,542803,INE560T01015,VEL,X,,,,,Vaxfab Enterprises Limited,65.00,66.50,64.75,66.29,66.29,65.80,,66.29,,,7241,470753.00,61,F1,1,,,,,
2026-10-05,2026-10-05,CM,BSE,STK,542812,INE09N301011,FLUOROCHEM,A,,,,,Gujarat Fluorochemicals Limite,4424.60,4484.00,4343.40,4426.30,4431.00,4341.10,,4429.75,,,2679,11813959.00,613,F1,1,,,,,
2026-10-05,2026-10-05,CM,BSE,STK,542830,INE335Y01020,IRCTC,A,,,,,Indian Railway Catering and To,454.65,464.50,448.65,451.90,451.90,454.00,,452.69,,,150849,68992607.00,4239,F1,1,,,,,
2026-10-05,2026-10-05,CM,BSE,STK,542851,INE06H201014,GENSOL,Z,,,,,Gensol Engineering Limited,13.33,14.35,13.18,13.18,13.18,13.87,,13.04,,,69969,931018.00,342,F1,1,,,,,
2026-10-05,2026-10-05,CM,BSE,STK,542852,INE430N01022,VISHWARAJ,B,,,,,Vishwaraj Sugar Industries Lim,5.15,5.36,5.15,5.24,5.24,5.20,,5.23,,,38241,199854.00,116,F1,1,,,,,
2026-10-05,2026-10-05,CM,BSE,STK,542857,INE08ZM01014,GREENPANEL,B,,,,,Greenpanel Industries Limited,160.00,160.90,157.10,158.70,158.40,157.75,,159.05,,,211718,33859681.00,431,F1,1,,,,,
2026-10-05,2026-10-05,CM,BSE,STK,542862,INE052001026,SHAHLON,X,,,,,Shahlon Silk Industries Limite,23.50,24.50,22.82,23.49,23.00,23.17,,23.49,,,673,15707.00,27,F1,1,,,,,
2026-10-05,2026-10-05,CM,BSE,STK,542863,INF209KB17D5,ABSLBANETF,B,,,,,Aditya Birla Sun Life Mutual F,55.02,56.74,55.02,56.39,56.74,56.14,,56.03,,,473,26546.00,32,F1,1,,,,,
2026-10-05,2026-10-05,CM,BSE,STK,542865,INE490Z01012,ANUROOP,B,,,,,Anuroop Packaging Limited,9.96,9.99,9.62,9.66,9.66,9.76,,9.66,,,1833,17798.00,22,F1,1,,,,,
2026-10-05,2026-10-05,CM,BSE,STK,542866,INE317W01030,COLAB,B,,,,,COLAB PLATFORMS LIMITED,127.30,127.30,127.30,127.30,127.30,128.55,,127.30,,,157,19986.00,43,F1,1,,,,,
2026-10-05,2026-10-05,CM,BSE,STK,542867,INE679A01013,CSBBANK,A,,,,,CSB Bank Limited,305.00,309.85,300.00,306.85,307.90,305.00,,306.85,,,18782,5722236.00,522,F1,1,,,,,
2026-10-05,2026-10-05,CM,BSE,STK,542904,INE551W01018,UJJIVANSFB,A,,,,,Ujjivan Small Finance Bank Lim,66.98,67.63,65.92,67.30,67.30,65.31,,66.60,,,480404,32059467.00,2448,F1,1,,,,,
2026-10-05,2026-10-05,CM,BSE,STK,542905,INE05AN01011,HINDWAREAP,B,,,,,Hindware Home Innovation Limit,175.00,175.00,170.30,171.70,171.70,170.40,,171.63,,,3586,616787.00,109,F1,1,,,,,
2026-10-05,2026-10-05,CM,BSE,STK,542906,INE771C01014,EASUN,XT,,,,,Easun Capital Markets Limited,55.00,55.00,55.00,55.00,55.00,55.00,,55.00,,,4,220.00,1,F1,1,,,,,
2026-10-05,2026-10-05,CM,BSE,STK,542907,INE689W01016,PRINCEPIPE,B,,,,,Prince Pipes and Fittings Limi,248.95,250.35,244.00,247.25,246.50,246.55,,247.44,,,5634,1392489.00,429,F1,1,,,,,
2026-10-05,2026-10-05,CM,BSE,STK,542909,INF754K01KO2,EBBETF0430,F,,,,,Edelweiss Mutual Fund,1597.62,1608.49,1597.62,1606.62,1606.62,1611.93,,1605.61,,,374,601266.00,22,F1,1,,,,,
2026-10-05,2026-10-05,CM,BSE,STK,542910,INE08RT01016,VALENCIA,MS,,,,,Valencia Nutrition Limited,64.94,64.94,64.94,64.94,64.94,58.00,,64.94,,,1500,97410.00,1,F1,1500,,,,,
2026-10-05,2026-10-05,CM,BSE,STK,542911,INE165G01010,ASSAMENT,B,,,,,Assam Entrade Limited,883.00,926.00,883.00,904.50,926.00,883.00,,904.50,,,2,1809.00,2,F1,1,,,,,
2026-10-05,2026-10-05,CM,BSE,STK,542918,INE063601012,GIANLIFE,Z,,,,,Gian Life Care Limited,4.61,4.78,4.44,4.69,4.68,4.61,,4.69,,,3795,17123.00,40,F1,1,,,,,
2026-10-05,2026-10-05,CM,BSE,STK,542919,INE025R01021,ARTEMISMED,B,,,,,Artemis Medicare Services Limi,337.00,341.50,322.40,323.80,325.05,336.45,,324.08,,,36373,11863410.00,1418,F1,1,,,,,
2026-10-05,2026-10-05,CM,BSE,STK,542920,INE258G01013,SUMICHEM,A,,,,,SUMITOMO CHEMICAL INDIA LIMITE,424.05,424.05,411.70,414.45,412.50,417.30,,414.70,,,13551,5656767.00,703,F1,1,,,,,
2026-10-05,2026-10-05,CM,BSE,STK,542921,INF109KC11W8,MIDCAPIETF,B,,,,,ICICI Prudential Mutual Fund,22.97,22.97,22.29,22.52,22.51,22.54,,22.49,,,99097,2233184.00,383,F1,1,,,,,
2026-10-05,2026-10-05,CM,BSE,STK,542922,INF769K01FN2,NEXT50,B,,,,,Mirae Asset Mutual Fund,718.80,718.90,712.00,715.42,715.44,712.96,,714.72,,,1316,939734.00,56,F1,1,,,,,
2026-10-05,2026-10-05,CM,BSE,STK,542933,INE03V001013,UNIVPHOTO,T,,,,,UNIVERSUS PHOTO IMAGINGS LIMIT,537.00,537.00,512.90,533.80,533.80,539.85,,488.20,,,141,74234.00,8,F1,1,,,,,
2026-10-05,2026-10-05,CM,BSE,STK,542934,INE07QQ01016,CBPL,M,,,,,Chandra Bhagat Pharma Limited,46.93,46.93,46.93,46.93,46.93,49.40,,46.93,,,1000,46930.00,1,F1,1000,,,,,
2026-10-05,2026-10-05,CM,BSE,STK,542938,INE117S01016,OCTAVIUSPL,X,,,,,Octavius Plantations Limited,43.00,43.00,42.00,42.00,42.00,43.00,,42.00,,,50,2123.00,3,F1,1,,,,,
2026-10-05,2026-10-05,CM,BSE,STK,543064,INE03QK01018,COHANCE,A,,,,,Cohance Lifesciences Limited,450.35,453.85,442.50,446.75,445.75,451.45,,446.80,,,17882,8024539.00,1088,F1,1,,,,,
2026-10-05,2026-10-05,CM,BSE,STK,543066,INE018E01016,SBICARD,A,,,,,SBI CARDS AND PAYMENT SERVICES,571.95,576.80,561.45,567.00,567.00,567.90,,566.02,,,49451,28048729.00,2550,F1,1,,,,,
2026-10-05,2026-10-05,CM,BSE,STK,543071,INF204KB10R1,07AGG,F,,,,,Nippon India Mutual Fund,11.43,12.56,10.31,10.53,12.00,11.42,,10.53,,,965,11516.00,15,F1,1,,,,,
2026-10-05,2026-10-05,CM,BSE,STK,543079,INF204KB16R8,07GPG,F,,,,,Nippon India Mutual Fund,5.42,5.42,4.95,4.95,4.95,4.95,,4.95,,,3,15.00,3,F1,1,,,,,
2026-10-05,2026-10-05,CM,BSE,STK,543083,INF204KB10P5,09MPD,F,,,,,Nippon India Mutual Fund,11.75,11.75,11.75,11.75,11.75,10.69,,11.75,,,1,11.00,1,F1,1,,,,,
2026-10-05,2026-10-05,CM,BSE,STK,543092,INF204KB19O9,09GPG,F,,,,,Nippon India Mutual Fund,5.40,5.40,4.44,5.23,5.23,4.93,,5.23,,,464,2064.00,8,F1,1,,,,,
2026-10-05,2026-10-05,CM,BSE,STK,543099,INF789F1ARF0,UTCRFS2DGR,F,,,,,UTI Mutual Fund,18.85,23.00,18.85,19.21,19.21,20.92,,19.21,,,107,2031.00,4,F1,1,,,,,
2026-10-05,2026-10-05,CM,BSE,STK,543110,INF789F1ARQ7,UTCRFS2RGR,F,,,,,UTI Mutual Fund,7.70,7.70,7.70,7.70,7.70,8.55,,7.70,,,6,46.00,5,F1,1,,,,,
2026-10-05,2026-10-05,CM,BSE,STK,543144,INF204KB11T5,08MPD,B,,,,,Nippon India Mutual Fund,4.69,4.69,4.30,4.48,4.48,4.30,,4.48,,,432,1938.00,13,F1,1,,,,,
2026-10-05,2026-10-05,CM,BSE,STK,543150,INF204KB16S6,08GPG,B,,,,,Nippon India Mutual Fund,2.29,2.29,2.05,2.07,2.08,2.09,,2.07,,,6330,13199.00,25,F1,1,,,,,
2026-10-05,2026-10-05,CM,BSE,STK,543153,INF204KB18R4,08AGG,B,,,,,Nippon India Mutual Fund,29.94,29.94,29.94,29.94,29.94,29.97,,29.94,,,2,59.00,2,F1,1,,,,,
2026-10-05,2026-10-05,CM,BSE,STK,543161,INF204KB14P7,10AGG,F,,,,,Nippon India Mutual Fund,101.20,102.21,100.00,100.00,100.00,99.22,,100.00,,,38,3849.00,3,F1,1,,,,,
2026-10-05,2026-10-05,CM,BSE,STK,543167,INF204KB19P6,10GPG,F,,,,,Nippon India Mutual Fund,2.15,2.15,1.80,1.98,1.98,1.99,,1.98,,,5,9.00,5,F1,1,,,,,
2026-10-05,2026-10-05,CM,BSE,STK,543171,INE0BDU01028,ROJL,B,,,,,RO Jewels Limited,1.43,1.43,1.38,1.38,1.38,1.35,,1.38,,,23200,32813.00,35,F1,1,,,,,
2026-10-05,2026-10-05,CM,BSE,STK,543172,INE0CQB01010,COSPOWER,MT,,,,,Cospower Engineering Limited,3300.00,3300.00,3195.00,3297.50,3297.50,3195.00,,3297.50,,,2250,7309018.00,18,F1,125,,,,,
2026-10-05,2026-10-05,CM,BSE,STK,543173,INF204KB14U7,11DPR,B,,,,,Nippon India Mutual Fund,14.98,14.98,12.57,13.87,13.87,13.96,,13.87,,,217,2737.00,9,F1,1,,,,,
2026-10-05,2026-10-05,CM,BSE,STK,543174,INF204KB10U5,11GPG,B,,,,,Nippon India Mutual Fund,1.61,1.61,1.42,1.56,1.56,1.54,,1.56,,,6362,9886.00,43,F1,1,,,,,
2026-10-05,2026-10-05,CM,BSE,STK,543175,INF204KB15U4,11MPD,B,,,,,Nippon India Mutual Fund,2.53,2.55,2.53,2.54,2.54,2.53,,2.54,,,944,2396.00,8,F1,1,,,,,
2026-10-05,2026-10-05,CM,BSE,STK,543176,INF204KB16U2,11MPR,B,,,,,Nippon India Mutual Fund,62.48,62.49,55.58,56.91,61.78,61.75,,56.91,,,131,8036.00,13,F1,1,,,,,
2026-10-05,2026-10-05,CM,BSE,STK,543177,INF204KB11U3,11QPD,B,,,,,Nippon India Mutual Fund,3.67,3.67,3.01,3.28,3.28,3.34,,3.28,,,56201,180426.00,126,F1,1,,,,,
2026-10-05,2026-10-05,CM,BSE,STK,543178,INF204KB12U1,11QPR,B,,,,,Nippon India Mutual Fund,38.00,38.00,36.72,36.72,36.72,40.80,,36.72,,,55,2043.00,5,F1,1,,,,,
2026-10-05,2026-10-05,CM,BSE,STK,543181,INF204KB13T1,11AGG,B,,,,,Nippon India Mutual Fund,27.48,27.48,25.80,25.80,25.80,25.02,,25.80,,,17,451.00,8,F1,1,,,,,
2026-10-05,2026-10-05,CM,BSE,STK,543182,INF204KB18T0,11AMD,B,,,,,Nippon India Mutual Fund,24.58,24.58,22.53,22.56,22.56,22.35,,22.56,,,144,3535.00,9,F1,1,,,,,
2026-10-05,2026-10-05,CM,BSE,STK,543184,INF204KB14T9,11AQD,B,,,,,Nippon India Mutual Fund,29.38,29.38,26.63,26.63,26.63,26.76,,26.63,,,13,348.00,4,F1,1,,,,,
2026-10-05,2026-10-05,CM,BSE,STK,543186,INF204KB13U9,11DPD,B,,,,,Nippon India Mutual Fund,4.49,4.49,4.48,4.49,4.49,4.49,,4.49,,,402,1803.00,13,F1,1,,,,,
2026-10-05,2026-10-05,CM,BSE,STK,543187,INE07Y701011,POWERINDIA,A,,,,,HITACHI ENERGY INDIA LIMITED,31300.05,32000.00,31300.05,31490.00,31490.00,31200.00,,31499.99,,,2593,82158190.00,819,F1,1,,,,,
2026-10-05,2026-10-05,CM,BSE,STK,543193,INE0B1K01014,DJML,B,,,,,DJ Mediaprint & Logistics Limi,73.95,74.26,71.00,73.00,73.50,72.88,,73.10,,,1945,142467.00,55,F1,1,,,,,
2026-10-05,2026-10-05,CM,BSE,STK,543207,INE06MM01016,NATURAL,X,,,,,Natural Biocon (India) Limited,2.57,2.67,2.45,2.45,2.45,2.57,,2.45,,,105492,262156.00,193,F1,1,,,,,
2026-10-05,2026-10-05,CM,BSE,STK,543208,INE745R01024,REGIS,X,,,,,REGIS INDUSTRIES LIMITED,2.10,2.10,2.01,2.02,2.02,2.07,,2.02,,,16799,34543.00,80,F1,1,,,,,
2026-10-05,2026-10-05,CM,BSE,STK,543209,INE0CRS01012,BILLWIN,MT,,,,,Billwin Industries Limited,45.99,46.44,45.99,46.44,46.44,44.23,,46.44,,,51000,2364210.00,16,F1,3000,,,,,
2026-10-05,2026-10-05,CM,BSE,STK,543210,INE09EO01013,AARTISURF,T,,,,,Aarti Surfactants Limited,518.00,518.00,485.20,491.60,491.60,494.00,,493.00,,,250,125241.00,19,F1,1,,,,,
2026-10-05,2026-10-05,CM,BSE,STK,543211,INE0B9A01018,BONLON,B,,,,,BONLON INDUSTRIES LIMITED,40.15,42.00,40.15,41.30,41.30,41.40,,39.76,,,309,12517.00,9,F1,1,,,,,
2026-10-05,2026-10-05,CM,BSE,STK,543212,INE02PY01013,BOROLTD,B,,,,,Borosil Limited,286.25,292.75,277.60,278.35,278.00,280.55,,278.35,,,19706,5577466.00,567,F1,1,,,,,
2026-10-05,2026-10-05,CM,BSE,STK,543213,INE02A801020,ROSSARI,B,,,,,ROSSARI BIOTECH LIMITED,433.00,435.40,418.00,430.55,430.50,427.85,,430.87,,,7677,3260100.00,410,F1,1,,,,,
2026-10-05,2026-10-05,CM,BSE,STK,543214,INE07OG01012,NDRAUTO,B,,,,,NDR Auto Components Limited,702.10,715.80,694.05,707.10,701.25,715.75,,706.82,,,966,680753.00,114,F1,1,,,,,
2026-10-05,2026-10-05,CM,BSE,STK,543216,INF754K01LE1,EBBETF0431,F,,,,,Edelweiss Mutual Fund,1441.31,1441.31,1423.24,1426.92,1428.13,1427.00,,1427.09,,,148,210972.00,9,F1,1,,,,,
2026-10-05,2026-10-05,CM,BSE,STK,543217,INE0CCU25019,MINDSPACE,IF,,,,,Mindspace Business Parks REIT,500.51,504.13,497.00,497.74,498.16,499.69,,497.72,,,6792,3389899.00,440,F1,1,,,,,
2026-10-05,2026-10-05,CM,BSE,STK,543218,INE05ST01028,SBGLP,B,,,,,SURATWWALA BUSINESS GROUP LIMI,22.80,22.91,22.80,22.81,22.81,22.75,,23.11,,,252,5762.00,6,F1,1,,,,,
2026-10-05,2026-10-05,CM,BSE,STK,543219,INF109KC17V7,ALPL30IETF,B,,,,,ICICI Prudential Mutual Fund,26.39,26.39,25.77,25.91,26.02,26.10,,25.86,,,14908,386241.00,110,F1,1,,,,,
2026-10-05,2026-10-05,CM,BSE,STK,543220,INE027H01010,MAXHEALTH,A,,,,,Max Healthcare Institute Limit,940.00,940.00,912.35,916.60,916.60,944.85,,916.99,,,1065568,985665468.00,14105,F1,1,,,,,
2026-10-05,2026-10-05,CM,BSE,STK,543221,INF109KC16I6,ITIETF,B,,,,,ICICI Prudential Mutual Fund,31.55,31.99,31.23,31.47,31.76,31.45,,31.39,,,52754,1670795.00,242,F1,1,,,,,
2026-10-05,2026-10-05,CM,BSE,STK,543223,INE0CG601016,MAXIND,B,,,,,Max India Limited,162.00,162.00,149.60,150.40,151.50,162.45,,150.14,,,8370,1310485.00,208,F1,1,,,,,
2026-10-05,2026-10-05,CM,BSE,STK,543224,INF179KC1HY0,HDFCNIFBAN,B,,,,,HDFC Mutual Fund,55.82,56.96,55.82,56.55,56.55,56.39,,56.23,,,2847,160712.00,41,F1,1,,,,,
2026-10-05,2026-10-05,CM,BSE,STK,543225,INE0BWS23018,ALTIUSINVIT,IF,,,,,Altius Telecom Infrastructure,175.00,175.00,175.00,175.00,175.00,179.00,,175.00,,,50000,8750000.00,1,F1,25000,,,,,
2026-10-05,2026-10-05,CM,BSE,STK,543226,INF789F1AUV1,BANKBETA,B,,,,,UTI Mutual Fund,56.95,57.11,56.41,56.43,56.41,56.39,,56.52,,,8732,493662.00,18,F1,1,,,,,
2026-10-05,2026-10-05,CM,BSE,STK,543227,INE419U01012,HAPPSTMNDS,A,,,,,Happiest Minds Technologies Li,305.10,309.85,302.75,304.00,304.80,305.10,,304.20,,,47309,14480545.00,1415,F1,1,,,,,
2026-10-05,2026-10-05,CM,BSE,STK,543228,INE450U01017,ROUTE,B,,,,,Route Mobile Limited,437.95,446.85,430.00,431.80,442.00,437.50,,431.20,,,17853,7810229.00,847,F1,1,,,,,
2026-10-05,2026-10-05,CM,BSE,STK,543229,INE412J01010,SAMRATFORG,X,,,,,Samrat Forgings Limited,214.00,214.00,214.00,214.00,214.00,224.95,,214.00,,,2,428.00,2,F1,1,,,,,
2026-10-05,2026-10-05,CM,BSE,STK,543230,INE0ALI01010,ADVAIT,B,,,,,ADVAIT ENERGY TRANSITIONS LIMI,1878.00,1902.70,1827.00,1830.90,1840.00,1861.65,,1831.98,,,3037,5670693.00,345,F1,1,,,,,
2026-10-05,2026-10-05,CM,BSE,STK,543231,INE0CHO01012,ADL,B,,,,,Archidply Decor Limited,72.71,72.71,72.71,72.71,72.71,72.71,,75.90,,,15,1090.00,4,F1,1,,,,,
2026-10-05,2026-10-05,CM,BSE,STK,543232,INE596I01020,CAMS,A,,,,,Computer Age Management Servic,679.65,692.20,678.35,684.00,684.00,675.00,,683.85,,,60548,41462254.00,1990,F1,1,,,,,
2026-10-05,2026-10-05,CM,BSE,STK,543233,INE03YM01018,CHEMCON,B,,,,,Chemcon Speciality Chemicals L,219.70,222.80,212.00,215.65,216.45,215.35,,213.87,,,3419,742382.00,225,F1,1,,,,,
2026-10-05,2026-10-05,CM,BSE,STK,543234,INE0BTM01013,SECMARK,B,,,,,Secmark Consultancy Limited,142.00,142.00,142.00,142.00,142.00,142.00,,137.41,,,1,142.00,1,F1,1,,,,,
2026-10-05,2026-10-05,CM,BSE,STK,543235,INE732I01021,ANGELONE,A,,,,,ANGEL ONE LIMITED,277.00,286.15,273.80,283.75,283.75,276.00,,285.17,,,164929,46364494.00,2174,F1,1,,,,,
2026-10-05,2026-10-05,CM,BSE,STK,543236,INE09KD01013,ATAM,B,,,,,Atam Valves Limited,56.19,56.19,55.00,55.00,55.00,55.09,,54.04,,,130,7276.00,7,F1,1,,,,,
2026-10-05,2026-10-05,CM,BSE,STK,543237,INE249Z01020,MAZDOCK,A,,,,,Mazagon Dock Shipbuilders Limi,2073.00,2092.90,2055.50,2070.30,2070.30,2068.85,,2073.79,,,58754,122021234.00,5516,F1,1,,,,,
2026-10-05,2026-10-05,CM,BSE,STK,543238,INE094J01016,UTIAMC,A,,,,,UTI Asset Management Company L,894.95,895.00,882.70,891.10,894.00,884.40,,890.34,,,4758,4233130.00,421,F1,1,,,,,
2026-10-05,2026-10-05,CM,BSE,STK,543240,INE060901027,LIKHITHA,B,,,,,Likhitha Infrastructure Limite,229.95,229.95,219.75,225.85,222.00,225.40,,227.30,,,3164,712452.00,157,F1,1,,,,,
2026-10-05,2026-10-05,CM,BSE,STK,543241,INE244W01010,VGIL,B,,,,,Veer Global Infraconstruction,143.00,143.00,142.50,142.50,142.50,145.00,,142.50,,,1829,261132.00,9,F1,1,,,,,
2026-10-05,2026-10-05,CM,BSE,STK,543242,INE0AJG01018,HEMIPROP,B,,,,,Hemisphere Properties India Li,111.65,113.80,110.05,111.45,111.45,111.65,,111.53,,,23099,2574760.00,361,F1,1,,,,,
2026-10-05,2026-10-05,CM,BSE,STK,543243,INE063P01018,EQUITASBNK,A,,,,,Equitas Small Finance Bank Lim,67.78,70.20,67.78,68.14,68.03,68.55,,68.28,,,58499,4036341.00,753,F1,1,,,,,
2026-10-05,2026-10-05,CM,BSE,STK,543244,INE0BLY01023,SHINEFASH,M,,,,,Shine Fashions (India) Limited,20.90,20.90,20.90,20.90,20.90,20.95,,20.90,,,4000,83600.00,1,F1,4000,,,,,
2026-10-05,2026-10-05,CM,BSE,STK,543245,INE068V01023,GLAND,A,,,,,Gland Pharma Limited,2914.60,2918.50,2866.00,2913.00,2917.00,2873.60,,2911.58,,,15067,43655006.00,1923,F1,1,,,,,
2026-10-05,2026-10-05,CM,BSE,STK,543246,INF769K01GS9,ESG,B,,,,,Mirae Asset Mutual Fund,38.68,38.82,38.42,38.65,38.65,38.55,,38.59,,,13686,529248.00,14,F1,1,,,,,
2026-10-05,2026-10-05,CM,BSE,STK,543248,INE07T201019,RBA,A,,,,,Restaurant Brands Asia Limited,92.92,95.95,91.00,94.24,94.24,92.12,,94.00,,,173328,16358242.00,4453,F1,1,,,,,
2026-10-05,2026-10-05,CM,BSE,STK,543249,INE0EK901012,TARC,B,,,,,TARC LIMITED,125.40,126.30,122.40,122.50,122.65,125.50,,122.83,,,2573,318844.00,68,F1,1,,,,,
2026-10-05,2026-10-05,CM,BSE,STK,543250,INF247L01AK4,MOGSEC,F,,,,,Motilal Oswal Mutual Fund,64.41,65.50,64.23,64.67,64.67,65.15,,64.63,,,1130,73373.00,85,F1,1,,,,,
2026-10-05,2026-10-05,CM,BSE,STK,543251,INE09E501017,RVHL,B,,,,,Ravinder Heights Limited,37.23,38.00,36.41,38.00,38.00,37.05,,37.46,,,357,13350.00,21,F1,1,,,,,
2026-10-05,2026-10-05,CM,BSE,STK,543252,INE0DNW01011,FAIRCHEMOR,B,,,,,Fairchem Organics Limited,698.00,730.05,677.75,678.65,679.85,660.00,,682.02,,,14182,9966666.00,707,F1,1,,,,,
2026-10-05,2026-10-05,CM,BSE,STK,543253,INE495P01020,BECTORFOOD,B,,,,,Mrs. Bectors Food Specialities,213.00,214.00,208.75,210.80,210.90,212.65,,210.83,,,23107,4875590.00,785,F1,1,,,,,
2026-10-05,2026-10-05,CM,BSE,STK,543254,INE01BK01022,AWHCL,B,,,,,Antony Waste Handling Cell Lim,359.95,359.95,346.30,350.20,350.90,355.30,,350.39,,,3666,1290946.00,254,F1,1,,,,,
2026-10-05,2026-10-05,CM,BSE,STK,543255,INF732E01268,INFRABEES,B,,,,,Nippon India Mutual Fund,906.41,906.41,890.59,898.03,897.14,896.72,,898.85,,,446,399984.00,64,F1,1,,,,,
2026-10-05,2026-10-05,CM,BSE,STK,543256,INE018S01016,RFLL,X,,,,,RITA FINANCE AND LEASING LIMIT,13.95,13.95,13.30,13.30,13.30,13.96,,13.30,,,7287,97203.00,19,F1,1,,,,,
2026-10-05,2026-10-05,CM,BSE,STK,543257,INE053F01010,IRFC,A,,,,,Indian Railway Finance Corpora,78.08,78.15,76.01,76.50,76.50,77.05,,76.50,,,729252,56161170.00,6395,F1,1,,,,,
2026-10-05,2026-10-05,CM,BSE,STK,543258,INE09VQ01012,INDIGOPNTS,A,,,,,Indigo Paints Limited,1074.90,1074.90,1033.20,1038.75,1036.10,1054.15,,1039.96,,,9845,10218266.00,1003,F1,1,,,,,
2026-10-05,2026-10-05,CM,BSE,STK,543259,INE481N01025,HOMEFIRST,A,,,,,Home First Finance Company Ind,1134.55,1134.55,1075.55,1094.85,1096.50,1125.05,,1096.13,,,17688,19246531.00,2565,F1,1,,,,,
2026-10-05,2026-10-05,CM,BSE,STK,543260,INE00IN01015,STOVEKRAFT,B,,,,,STOVE KRAFT LIMITED,817.45,824.50,802.45,805.60,803.60,805.05,,806.37,,,3203,2612244.00,208,F1,1,,,,,
2026-10-05,2026-10-05,CM,BSE,STK,543261,INE0FDU25010,BIRET,IF,,,,,Brookfield India Real Estate T,330.22,333.90,330.00,333.15,333.44,330.76,,333.11,,,20147,6676475.00,659,F1,1,,,,,
2026-10-05,2026-10-05,CM,BSE,STK,543262,INE0D7801012,MRP,M,,,,,MRP Agro Limited,89.95,90.00,88.72,90.00,90.00,89.60,,90.00,,,11000,988660.00,8,F1,1000,,,,,
2026-10-05,2026-10-05,CM,BSE,STK,543263,INE103C01036,SMCGLOBAL,B,,,,,SMC Global Securities Limited,99.95,118.80,96.47,114.56,114.56,99.08,,114.50,,,3012104,336265811.00,12572,F1,1,,,,,
2026-10-05,2026-10-05,CM,BSE,STK,543264,INE0DSF01015,NURECA,T,,,,,Nureca Limited,347.30,355.00,334.00,345.90,345.90,348.55,,339.29,,,371,127022.00,32,F1,1,,,,,
2026-10-05,2026-10-05,CM,BSE,STK,543265,INE0DD101019,RAILTEL,A,,,,,RailTel Corporation of India L,257.65,259.25,251.60,252.35,253.20,257.20,,252.30,,,55697,14170943.00,1444,F1,1,,,,,
2026-10-05,2026-10-05,CM,BSE,STK,543266,INE694N01015,HERANBA,B,,,,,Heranba Industries Limited,170.00,174.00,166.95,167.90,167.00,172.65,,167.59,,,3451,583357.00,161,F1,1,,,,,
2026-10-05,2026-10-05,CM,BSE,STK,543267,INE179G01029,DAVANGERE,B,,,,,Davangere Sugar Company Limite,2.24,2.32,2.24,2.29,2.27,2.27,,2.29,,,1220207,2783126.00,477,F1,1,,,,,
2026-10-05,2026-10-05,CM,BSE,STK,543268,INE03RS01027,DRCSYSTEMS,B,,,,,DRC Systems India Limited,13.15,13.33,12.89,13.15,13.15,13.15,,13.06,,,14253,189168.00,71,F1,1,,,,,
2026-10-05,2026-10-05,CM,BSE,STK,543270,INE864I01014,MTARTECH,T,,,,,MTAR Technologies Limited,7767.00,7900.00,7550.00,7653.10,7601.00,7768.55,,7653.94,,,7252,55700815.00,1519,F1,1,,,,,
2026-10-05,2026-10-05,CM,BSE,STK,543271,INE0BY001018,JUBLINGREA,A,,,,,Jubilant Ingrevia Limited,643.95,644.25,625.00,630.05,632.50,637.35,,632.15,,,9539,6022864.00,497,F1,1,,,,,
2026-10-05,2026-10-05,CM,BSE,STK,543272,INE07O001026,EASEMYTRIP,B,,,,,Easy Trip Planners Limited,5.77,5.87,5.76,5.77,5.77,5.76,,5.77,,,465027,2691830.00,791,F1,1,,,,,
2026-10-05,2026-10-05,CM,BSE,STK,543273,INE0CJD01029,KMEW,B,,,,,Knowledge Marine & Engineering,2950.00,3033.95,2924.25,2990.25,2976.00,2948.10,,2992.46,,,7831,23293744.00,977,F1,1,,,,,
2026-10-05,2026-10-05,CM,BSE,STK,543275,INE930P01018,ANURAS,A,,,,,Anupam Rasayan India Limited,1170.00,1173.45,1158.80,1161.95,1158.90,1161.45,,1164.37,,,3125,3638086.00,155,F1,1,,,,,
2026-10-05,2026-10-05,CM,BSE,STK,543276,INE00LO01017,CRAFTSMAN,A,,,,,Craftsman Automation Limited,10255.90,10660.00,10180.50,10213.85,10278.55,10250.70,,10250.38,,,1247,12957083.00,324,F1,1,,,,,
2026-10-05,2026-10-05,CM,BSE,STK,543277,INE576O01020,LXCHEM,B,,,,,Laxmi Organic Industries Limit,181.75,183.80,176.70,177.10,176.80,181.90,,177.08,,,47504,8575153.00,975,F1,1,,,,,
2026-10-05,2026-10-05,CM,BSE,STK,543278,INE303R01014,KALYANKJIL,A,,,,,Kalyan Jewellers India Limited,535.00,565.00,529.50,557.00,557.00,529.50,,556.87,,,4801760,2663933519.00,14620,F1,1,,,,,
2026-10-05,2026-10-05,CM,BSE,STK,543279,INE428Q01011,SURYODAY,B,,,,,Suryoday Small Finance Bank Li,144.55,150.35,144.50,146.80,146.80,144.10,,146.86,,,22446,3298196.00,550,F1,1,,,,,
2026-10-05,2026-10-05,CM,BSE,STK,543280,INE418L01047,NAZARA,A,,,,,Nazara Technologies Limited,387.75,394.15,379.50,385.50,383.50,384.15,,385.79,,,78248,30164933.00,1836,F1,1,,,,,
2026-10-05,2026-10-05,CM,BSE,STK,543281,INE018401013,SUVIDHAA,B,,,,,Suvidhaa Infoserve Limited,2.01,2.24,2.01,2.11,2.11,2.08,,2.10,,,6789,14285.00,48,F1,1,,,,,
2026-10-05,2026-10-05,CM,BSE,STK,543283,INE382M01027,UFBL,T,,,,,UNITED FOODBRANDS LIMITED,690.50,693.75,659.10,661.05,659.10,693.75,,662.05,,,2937,1975203.00,160,F1,1,,,,,
2026-10-05,2026-10-05,CM,BSE,STK,543284,INE0CPR01018,EKI,T,,,,,EKI Energy Services Limited,99.93,99.93,91.15,91.52,93.95,95.93,,92.25,,,3945,368280.00,130,F1,1,,,,,
2026-10-05,2026-10-05,CM,BSE,STK,543287,INE670K01029,LODHA,A,,,,,Lodha Developers Limited,1110.25,1140.00,1104.75,1125.60,1124.20,1104.75,,1132.50,,,43972,49563785.00,2300,F1,1,,,,,
2026-10-05,2026-10-05,CM,BSE,STK,543288,INE0FHS01024,DEEPINDS,B,,,,,Deep Industries Limited,750.20,762.55,737.90,745.85,745.55,748.55,,746.94,,,9360,7018340.00,482,F1,1,,,,,
2026-10-05,2026-10-05,CM,BSE,STK,543290,INE0GGX23010,PGINVIT,IF,,,,,POWERGRID Infrastructure Inves,101.66,102.20,101.15,102.17,102.20,101.85,,102.10,,,146172,14887477.00,1235,F1,1,,,,,
2026-10-05,2026-10-05,CM,BSE,STK,543291,INF769K01HF4,MAFANG,B,,,,,Mirae Asset Mutual Fund,250.78,261.36,241.81,259.19,260.90,248.02,,259.41,,,95291,24395843.00,3216,F1,1,,,,,
2026-10-05,2026-10-05,CM,BSE,STK,543292,INF109KC1Q72,HEALTHIETF,B,,,,,ICICI Prudential Mutual Fund,168.73,168.73,163.04,164.18,164.55,164.62,,164.02,,,7861,1287559.00,355,F1,1,,,,,
2026-10-05,2026-10-05,CM,BSE,STK,543298,INE505Y01010,VINEETLAB,B,,,,,Vineet Laboratories Limited,38.00,38.00,35.16,37.84,37.50,36.42,,37.61,,,15326,570935.00,89,F1,1,,,,,
2026-10-05,2026-10-05,CM,BSE,STK,543299,INE810G01011,SHYAMMETL,A,,,,,Shyam Metalics and Energy Limi,1053.70,1057.30,1014.95,1019.70,1019.70,1046.55,,1020.16,,,24325,25065432.00,2092,F1,1,,,,,
2026-10-05,2026-10-05,CM,BSE,STK,543300,INE073K01018,SONACOMS,A,,,,,Sona BLW Precision Forgings Li,802.65,804.15,785.85,794.50,794.50,805.95,,796.87,,,358346,283589508.00,6479,F1,1,,,,,
2026-10-05,2026-10-05,CM,BSE,STK,543306,INE021O01019,DODLA,A,,,,,Dodla Dairy Limited,1025.50,1025.50,1004.15,1015.55,1009.80,1007.05,,1015.60,,,96,97089.00,53,F1,1,,,,,
2026-10-05,2026-10-05,CM,BSE,STK,543308,INE967H01025,KIMS,A,,,,,Krishna Institute of Medical S,739.45,747.50,698.05,701.95,708.00,735.10,,705.31,,,29504,21100557.00,1472,F1,1,,,,,
2026-10-05,2026-10-05,CM,BSE,STK,543311,INE0D6701023,IPL,B,,,,,India Pesticides Limited,131.00,132.15,128.50,128.65,128.60,130.50,,128.74,,,11508,1492613.00,192,F1,1,,,,,
2026-10-05,2026-10-05,CM,BSE,STK,543317,INE201P01022,GRINFRA,B,,,,,G R Infraprojects Limited,787.00,801.20,779.60,796.15,796.15,791.90,,789.93,,,1414,1122747.00,296,F1,1,,,,,
2026-10-05,2026-10-05,CM,BSE,STK,543318,INE227W01023,CLEAN,A,,,,,Clean Science and Technology L,804.10,816.35,792.70,800.35,798.95,804.10,,799.82,,,10209,8199710.00,738,F1,1,,,,,
2026-10-05,2026-10-05,CM,BSE,STK,543319,INE0C5901022,AAPLUSTRAD,M,,,,,AA Plus Tradelink Limited,1.21,1.22,1.21,1.22,1.22,1.17,,1.22,,,2800000,3393600.00,35,F1,80000,,,,,
2026-10-05,2026-10-05,CM,BSE,STK,543320,INE758T01015,ETERNAL,A,,,,,Eternal Limited,312.10,322.60,308.15,321.35,321.35,313.50,,320.80,,,1104076,349426948.00,5519,F1,1,,,,,
2026-10-05,2026-10-05,CM,BSE,STK,543321,INE0GK401011,TATVA,B,,,,,Tatva Chintan Pharma Chem Limi,1730.55,1809.00,1730.55,1790.30,1783.25,1746.80,,1798.51,,,3461,6158268.00,379,F1,1,,,,,
2026-10-05,2026-10-05,CM,BSE,STK,543322,INE03Q201024,ALIVUS,A,,,,,ALIVUS LIFE SCIENCES LIMITED,1394.50,1396.10,1349.90,1371.90,1372.00,1372.40,,1373.67,,,2871,3939939.00,536,F1,1,,,,,
2026-10-05,2026-10-05,CM,BSE,STK,543323,INF769K01HI8,BFSI,B,,,,,Mirae Asset Mutual Fund,24.89,25.90,24.89,25.60,25.60,25.53,,25.65,,,9407,242148.00,76,F1,1,,,,,
2026-10-05,2026-10-05,CM,BSE,STK,543324,INE199P01028,GCSL,B,,,,,Gretex Corporate Services Limi,739.95,739.95,674.60,685.75,689.00,679.50,,681.79,,,7614,5184032.00,178,F1,1,,,,,
2026-10-05,2026-10-05,CM,BSE,STK,543325,INE645S01024,ROLEXRINGS,B,,,,,Rolex Rings Limited,198.55,199.45,189.15,189.70,189.70,196.45,,189.76,,,181989,35081364.00,2440,F1,1,,,,,
2026-10-05,2026-10-05,CM,BSE,STK,543326,INF109KC19V3,FMCGIETF,B,,,,,ICICI Prudential Mutual Fund,48.17,48.17,46.90,47.72,47.84,47.08,,47.67,,,52590,2494247.00,569,F1,1,,,,,
2026-10-05,2026-10-05,CM,BSE,STK,543327,INE0GFE01026,EXXARO,B,,,,,Exxaro Tiles Limited,6.04,6.28,6.01,6.09,6.10,6.09,,6.06,,,22618,137919.00,143,F1,1,,,,,
2026-10-05,2026-10-05,CM,BSE,STK,543328,INE08LI01020,KRSNAA,B,,,,,Krsnaa Diagnostics Limited,555.00,564.00,550.10,559.25,560.50,554.40,,559.35,,,1374,766590.00,221,F1,1,,,,,
2026-10-05,2026-10-05,CM,BSE,STK,543329,INE0H5O01029,WINDLAS,B,,,,,Windlas Biotech Limited,1085.00,1085.45,1011.00,1018.00,1018.00,1083.20,,1017.91,,,7467,7765876.00,738,F1,1,,,,,
2026-10-05,2026-10-05,CM,BSE,STK,543330,INE872J01023,DEVYANI,A,,,,,Devyani International Limited,128.00,130.90,125.60,130.00,130.50,127.00,,130.03,,,47196,6026994.00,610,F1,1,,,,,
2026-10-05,2026-10-05,CM,BSE,STK,543331,INE0CT101020,MOL,B,,,,,Meghmani Organics Limited,55.00,56.81,53.18,54.73,54.60,55.44,,54.82,,,114605,6259334.00,815,F1,1,,,,,
2026-10-05,2026-10-05,CM,BSE,STK,543332,INE071N01016,EPIGRAL,B,,,,,Epigral Limited,980.00,1024.60,976.90,1017.65,1020.00,983.40,,1017.32,,,4249,4289432.00,444,F1,1,,,,,
2026-10-05,2026-10-05,CM,BSE,STK,543333,INE290S01011,CARTRADE,A,,,,,CarTrade Tech Limited,2848.25,2949.95,2829.70,2935.50,2935.50,2806.50,,2935.40,,,13329,38873134.00,862,F1,1,,,,,
2026-10-05,2026-10-05,CM,BSE,STK,543334,INE118D01016,NUVOCO,A,,,,,Nuvoco Vistas Corporation Limi,329.75,329.75,323.00,326.10,325.85,322.15,,326.10,,,26150,8526384.00,754,F1,1,,,,,
2026-10-05,2026-10-05,CM,BSE,STK,543335,INE852O01025,APTUS,A,,,,,Aptus Value Housing Finance In,227.45,228.50,222.20,223.65,225.20,226.65,,223.65,,,69190,15513995.00,2180,F1,1,,,,,
2026-10-05,2026-10-05,CM,BSE,STK,543336,INE488A01050,CHEMPLASTS,B,,,,,Chemplast Sanmar Limited,190.05,203.90,190.05,197.15,196.70,191.55,,196.95,,,62278,12391381.00,1198,F1,1,,,,,
2026-10-05,2026-10-05,CM,BSE,STK,543341,INE647W01014,SHARPLINE,X,,,,,SHARPLINE BROADCAST LIMITED,8.62,8.62,8.15,8.17,8.15,8.82,,8.17,,,17074,143361.00,65,F1,1,,,,,
2026-10-05,2026-10-05,CM,BSE,STK,543346,INE0EAX01014,AASHKA,M,,,,,Aashka Hospitals Limited,100.00,103.00,100.00,103.00,103.00,105.50,,103.00,,,7000,712000.00,6,F1,1000,,,,,
2026-10-05,2026-10-05,CM,BSE,STK,543348,INF846K01Z12,HEALTHAXIS,B,,,,,Axis Mutual Fund,165.54,165.54,161.09,163.00,164.84,162.29,,162.50,,,207,33765.00,9,F1,1,,,,,
2026-10-05,2026-10-05,CM,BSE,STK,543349,INE00FF01025,ACUTAAS,A,,,,,ACUTAAS CHEMICALS LIMITED,3237.85,3237.85,3101.05,3118.75,3135.00,3195.25,,3122.11,,,14338,45212040.00,1403,F1,1,,,,,
2026-10-05,2026-10-05,CM,BSE,STK,543350,INE043W01024,VIJAYA,A,,,,,Vijaya Diagnostic Centre Limit,1420.20,1445.00,1409.45,1423.05,1418.55,1428.45,,1422.22,,,7793,11107830.00,779,F1,1,,,,,
2026-10-05,2026-10-05,CM,BSE,STK,543358,INE953O01021,SANSERA,A,,,,,Sansera Engineering Limited,4318.55,4349.25,4212.95,4295.50,4291.80,4271.20,,4291.43,,,11650,50001755.00,1888,F1,1,,,,,
2026-10-05,2026-10-05,CM,BSE,STK,543363,INE0GAO01018,PREVEST,M,,,,,Prevest Denpro Limited,378.00,381.90,378.00,380.55,381.85,377.05,,380.55,,,10600,4028520.00,25,F1,200,,,,,
2026-10-05,2026-10-05,CM,BSE,STK,543364,INE0FW001016,MARKOLINES,B,,,,,Markolines Pavement Technologi,169.80,173.00,167.40,169.15,169.60,166.90,,169.28,,,44247,7539356.00,681,F1,1,,,,,
2026-10-05,2026-10-05,CM,BSE,STK,543365,INF769K01HP3,MASPTOP50,B,,,,,Mirae Asset Mutual Fund,98.67,110.30,98.67,107.50,106.80,101.21,,107.11,,,98907,10490182.00,2075,F1,1,,,,,
2026-10-05,2026-10-05,CM,BSE,STK,543366,INE0DLM01024,SBLI,M,,,,,SBL Infratech Limited,40.00,40.50,38.50,40.50,40.50,42.50,,40.50,,,13200,525600.00,5,F1,1200,,,,,
2026-10-05,2026-10-05,CM,BSE,STK,543367,INE045601023,PARAS,A,,,,,Paras Defence and Space Techno,1285.95,1297.95,1253.00,1265.90,1265.90,1275.55,,1266.19,,,30560,38919983.00,1837,F1,1,,,,,
2026-10-05,2026-10-05,CM,BSE,STK,543373,INE0HLJ01013,SVRL,T,,,,,Shri Venkatesh Refineries Limi,685.00,689.00,665.05,682.70,680.00,679.00,,682.70,,,4993,3401455.00,121,F1,1,,,,,
2026-10-05,2026-10-05,CM,BSE,STK,543374,INE404A01024,ABSLAMC,A,,,,,Aditya Birla Sun Life AMC Limi,988.45,1043.45,970.95,1028.00,1026.90,992.35,,1028.51,,,27907,28393223.00,2679,F1,1,,,,,
2026-10-05,2026-10-05,CM,BSE,STK,543375,INE0I2F01015,PROMAX,M,,,,,Promax Power Limited,12.00,12.00,12.00,12.00,12.00,11.82,,12.00,,,2500,30000.00,1,F1,2500,,,,,
2026-10-05,2026-10-05,CM,BSE,STK,543376,INE0GD201014,SAMOR,B,,,,,Samor Reality Limited,96.00,96.00,92.63,95.50,95.50,92.63,,95.50,,,52,4952.00,10,F1,1,,,,,
2026-10-05,2026-10-05,CM,BSE,STK,543377,INE0CWK01019,ADISHAKTI,M,,,,,Adishakti Loha and Ispat Limit,5.90,5.90,5.75,5.80,5.75,6.25,,5.80,,,30000,174100.00,3,F1,10000,,,,,
2026-10-05,2026-10-05,CM,BSE,STK,543378,INE0H8H01019,CWD,MS,,,,,CWD Limited,270.00,299.95,262.00,296.85,296.85,270.00,,296.85,,,35500,9737375.00,35,F1,500,,,,,
2026-10-05,2026-10-05,CM,BSE,STK,543383,INF109KC1V42,CONSUMIETF,B,,,,,ICICI Prudential Mutual Fund,113.30,113.80,111.88,112.81,111.88,112.80,,113.53,,,1807,204441.00,50,F1,1,,,,,
2026-10-05,2026-10-05,CM,BSE,STK,543384,INE388Y01029,NYKAA,A,,,,,FSN E-Commerce Ventures Limite,335.50,344.40,335.40,340.90,340.90,323.20,,339.55,,,2849301,969868110.00,12880,F1,1,,,,,
2026-10-05,2026-10-05,CM,BSE,STK,543386,INE02NC01014,FINOPB,B,,,,,Fino Payments Bank Limited,128.75,130.90,127.25,128.50,128.00,128.70,,128.50,,,10475,1346657.00,167,F1,1,,,,,
2026-10-05,2026-10-05,CM,BSE,STK,543387,INE284S01014,SJS,A,,,,,S.J.S. Enterprises Limited,2139.75,2159.95,2025.00,2036.55,2036.55,2161.40,,2039.50,,,14128,29453501.00,1470,F1,1,,,,,
2026-10-05,2026-10-05,CM,BSE,STK,543388,INF740KA1QK2,EQUAL50ADD,B,,,,,DSP Nifty 50 Equal Weight ETF,318.78,322.66,318.62,320.82,320.82,319.15,,322.16,,,178,57054.00,12,F1,1,,,,,
2026-10-05,2026-10-05,CM,BSE,STK,543389,INE0D0K01022,SIGACHI,B,,,,,Sigachi Industries Limited,30.50,30.50,28.14,28.75,28.79,28.25,,28.72,,,74702,2134687.00,330,F1,1,,,,,
2026-10-05,2026-10-05,CM,BSE,STK,543390,INE417T01026,POLICYBZR,A,,,,,PB Fintech Limited,984.05,1006.20,945.00,980.00,980.00,983.00,,976.24,,,1110240,1085231671.00,32528,F1,1,,,,,
2026-10-05,2026-10-05,CM,BSE,STK,543396,INE982J01020,PAYTM,A,,,,,One 97 Communications Limited,1669.95,1694.00,1654.25,1680.00,1680.00,1664.80,,1683.93,,,125806,211006655.00,6472,F1,1,,,,,
2026-10-05,2026-10-05,CM,BSE,STK,543397,INE806T01020,SAPPHIRE,A,,,,,Sapphire Foods India Limited,210.00,212.95,208.55,212.50,212.60,210.00,,212.64,,,4879,1028287.00,229,F1,1,,,,,
2026-10-05,2026-10-05,CM,BSE,STK,543398,INE0I7C01011,LATENTVIEW,A,,,,,Latent View Analytics Limited,238.30,240.45,233.65,235.25,234.55,235.10,,235.64,,,25535,6057027.00,756,F1,1,,,,,
2026-10-05,2026-10-05,CM,BSE,STK,543399,INE144Z01023,TARSONS,B,,,,,Tarsons Products Limited,335.00,342.70,332.15,335.65,335.00,328.45,,335.94,,,13486,4540821.00,425,F1,1,,,,,
2026-10-05,2026-10-05,CM,BSE,STK,543400,INE0JFE01012,OMNIPOTENT,M,,,,,Omnipotent Industries Limited,3.55,3.55,3.55,3.55,3.55,3.39,,3.55,,,12000,42600.00,6,F1,2000,,,,,
2026-10-05,2026-10-05,CM,BSE,STK,543401,INE0BJS01011,GOCOLORS,B,,,,,Go Fashion (India) Limited,302.90,302.90,291.10,292.65,291.10,295.35,,292.79,,,3607,1062755.00,250,F1,1,,,,,
2026-10-05,2026-10-05,CM,BSE,STK,543411,INE106T01025,HITECH,B,,,,,HI-TECH PIPES LIMITED,71.50,72.04,70.00,70.09,70.47,71.48,,70.06,,,47771,3371819.00,959,F1,1,,,,,
2026-10-05,2026-10-05,CM,BSE,STK,543412,INE575P01011,STARHEALTH,A,,,,,Star Health and Allied Insuran,539.00,541.15,531.05,534.70,534.70,537.45,,535.24,,,16150,8652306.00,1552,F1,1,,,,,
2026-10-05,2026-10-05,CM,BSE,STK,543413,INE011K01018,TEGA,A,,,,,Tega Industries Limited,2110.40,2133.00,2020.00,2062.20,2100.60,2093.85,,2064.00,,,29304,60671551.00,1520,F1,1,,,,,
2026-10-05,2026-10-05,CM,BSE,STK,543414,INF769K01HS7,MAHKTECH,B,,,,,Mirae Asset Mutual Fund,21.06,22.24,21.06,22.02,22.00,21.60,,21.99,,,66611,1456786.00,680,F1,1,,,,,
2026-10-05,2026-10-05,CM,BSE,STK,543415,INE463V01026,ANANDRATHI,A,,,,,Anand Rathi Wealth Limited,2110.20,2132.50,2101.70,2132.00,2132.00,2105.05,,2132.00,,,13621,28899666.00,1207,F1,1,,,,,
2026-10-05,2026-10-05,CM,BSE,STK,543416,INE761Y01019,ZODIAC,B,,,,,Zodiac Energy Limited,211.05,220.15,211.05,213.85,213.50,217.20,,215.02,,,943,202373.00,80,F1,1,,,,,
2026-10-05,2026-10-05,CM,BSE,STK,543417,INE0CLI01024,RATEGAIN,A,,,,,RateGain Travel Technologies L,838.40,858.45,836.25,849.45,847.60,840.65,,849.45,,,17112,14545613.00,1375,F1,1,,,,,
2026-10-05,2026-10-05,CM,BSE,STK,543418,INF754K01OB1,BBETF0432,F,,,,,Edelweiss Mutual Fund,1333.56,1346.71,1333.20,1346.71,1346.71,1333.20,,1336.70,,,43,57368.00,6,F1,1,,,,,
2026-10-05,2026-10-05,CM,BSE,STK,543419,INE217L01019,SHRIRAMPPS,B,,,,,Shriram Properties Limited,67.94,68.36,66.70,67.62,67.95,67.53,,67.52,,,26759,1805820.00,329,F1,1,,,,,
2026-10-05,2026-10-05,CM,BSE,STK,543420,INE982V01025,JETFREIGHT,B,,,,,Jet Freight Logistics Limited,20.00,20.24,19.17,19.67,19.53,19.65,,19.82,,,10099,198151.00,582,F1,1,,,,,
2026-10-05,2026-10-05,CM,BSE,STK,543425,INE0BV301023,MAPMYINDIA,A,,,,,C.E. Info Systems Limited,848.10,879.95,848.10,871.60,872.80,845.85,,873.32,,,9258,8005218.00,747,F1,1,,,,,
2026-10-05,2026-10-05,CM,BSE,STK,543426,INE317I01021,METROBRAND,A,,,,,Metro Brands Limited,838.55,838.55,808.00,812.85,809.50,834.10,,812.51,,,4637,3802524.00,573,F1,1,,,,,
2026-10-05,2026-10-05,CM,BSE,STK,543427,INE804L01022,MEDPLUS,A,,,,,Medplus Health Services Limite,644.65,655.05,640.15,643.95,643.95,654.35,,644.39,,,5801,3760282.00,567,F1,1,,,,,
2026-10-05,2026-10-05,CM,BSE,STK,543428,INE0IX101010,DATAPATTNS,A,,,,,Data Patterns (India) Limited,4270.85,4317.80,4197.00,4225.60,4222.00,4247.15,,4226.45,,,17552,74510543.00,1933,F1,1,,,,,
2026-10-05,2026-10-05,CM,BSE,STK,543433,INE0GSL01024,HPAL,B,,,,,HP Adhesives Limited,30.10,34.56,30.10,33.84,33.36,33.93,,33.89,,,8768,294488.00,143,F1,1,,,,,
2026-10-05,2026-10-05,CM,BSE,STK,543434,INE07RO01027,SUPRIYA,B,,,,,Supriya Lifescience Limited,932.15,944.00,882.45,899.75,901.00,930.70,,899.56,,,23407,21056252.00,1420,F1,1,,,,,
2026-10-05,2026-10-05,CM,BSE,STK,543435,INE0JJS01014,CLARA,MT,,,,,CLARA INDUSTRIES LIMITED,31.50,31.50,31.00,31.00,31.00,32.00,,31.00,,,8300,259375.00,2,F1,4150,,,,,
2026-10-05,2026-10-05,CM,BSE,STK,543437,INF247L01AU3,MONQ50,B,,,,,Motilal Oswal Mutual Fund,188.67,203.96,188.67,200.43,201.99,193.51,,200.56,,,76866,15255376.00,2304,F1,1,,,,,
2026-10-05,2026-10-05,CM,BSE,STK,543438,INF740KA1ZF3,MIDQ50ADD,B,,,,,DSP Nifty Midcap 150 Quality 5,23.07,24.51,23.07,23.40,23.40,23.40,,23.54,,,7331,171104.00,16,F1,1,,,,,
2026-10-05,2026-10-05,CM,BSE,STK,543440,INF740KA1CL0,NIFTYADD,B,,,,,DSP Nifty 50 ETF,238.78,239.04,236.55,237.55,237.55,236.92,,237.98,,,628,149338.00,33,F1,1,,,,,
2026-10-05,2026-10-05,CM,BSE,STK,543441,INE925R01014,CMSINFO,A,,,,,CMS Info Systems Limited,221.45,221.45,217.30,219.15,218.75,220.95,,218.99,,,42148,9244213.00,1174,F1,1,,,,,
2026-10-05,2026-10-05,CM,BSE,STK,543442,INE977Y01011,BCONCEPTS,B,,,,,Brand Concepts Limited,142.85,142.85,136.70,141.00,141.00,142.85,,139.23,,,587,82083.00,20,F1,1,,,,,
2026-10-05,2026-10-05,CM,BSE,STK,543449,INE02WG01024,WEL,B,,,,,WONDER ELECTRICALS LIMITED,72.01,74.27,72.01,73.27,73.01,71.76,,73.30,,,17970,1320525.00,210,F1,1,,,,,
2026-10-05,2026-10-05,CM,BSE,STK,543450,INF109KC10V2,AUTOIETF,B,,,,,ICICI Prudential Mutual Fund,26.78,26.78,26.12,26.41,26.39,26.90,,26.33,,,77201,2027931.00,711,F1,1,,,,,
2026-10-05,2026-10-05,CM,BSE,STK,543451,INE583L01014,AGSTRA,Z,,,,,AGS TRANSACT TECHNOLOGIES LIMI,2.49,2.49,2.49,2.49,2.49,2.54,,2.49,,,118,293.00,2,F1,1,,,,,
2026-10-05,2026-10-05,CM,BSE,STK,543452,INF109KC1Y56,SILVERIETF,E,,,,,ICICI Prudential Mutual Fund,218.18,221.83,218.18,221.11,221.14,218.12,,221.18,,,153358,33750408.00,2400,F1,1,,,,,
2026-10-05,2026-10-05,CM,BSE,STK,543453,INE0KA601012,ALKOSIGN,M,,,,,ALKOSIGN LIMITED,54.50,60.00,54.01,60.00,60.00,61.60,,60.00,,,33750,1935495.00,17,F1,1125,,,,,
2026-10-05,2026-10-05,CM,BSE,STK,543454,INF769K01IB1,MAKEINDIA,B,,,,,Mirae Asset Mutual Fund,153.23,155.61,153.23,154.83,154.91,154.78,,154.82,,,4108,635986.00,53,F1,1,,,,,
2026-10-05,2026-10-05,CM,BSE,STK,543458,INE699H01024,AWL,A,,,,,AWL AGRI BUSINESS LIMITED,176.25,178.75,174.00,176.10,176.45,175.80,,176.15,,,99023,17395556.00,2431,F1,1,,,,,
2026-10-05,2026-10-05,CM,BSE,STK,543462,INE060X01034,DEVIT,B,,,,,DEV INFORMATION TECHNOLOGY LIM,23.50,23.50,20.27,20.53,20.95,20.72,,20.52,,,966,20738.00,36,F1,1,,,,,
2026-10-05,2026-10-05,CM,BSE,STK,543463,INE825V01034,MANYAVAR,A,,,,,Vedant Fashions Limited,514.80,525.00,508.00,521.90,521.85,518.55,,521.37,,,563341,290698977.00,1498,F1,1,,,,,
2026-10-05,2026-10-05,CM,BSE,STK,543464,INE0JSJ01014,SPITZE,M,,,,,Maruti Interior Products Limit,39.00,39.00,37.05,37.20,37.10,39.00,,37.20,,,17000,637760.00,13,F1,1000,,,,,
2026-10-05,2026-10-05,CM,BSE,STK,543465,INF247L01BK2,MOMOMENTUM,B,,,,,Motilal Oswal Mutual Fund,58.60,60.02,58.55,59.61,59.61,59.50,,59.56,,,5508,325799.00,70,F1,1,,,,,
2026-10-05,2026-10-05,CM,BSE,STK,543470,INE728Z01015,SOFTTECH,B,,,,,SoftTech Engineers Limited,472.05,483.80,463.10,471.55,471.55,471.20,,462.17,,,210,100152.00,13,F1,1,,,,,
2026-10-05,2026-10-05,CM,BSE,STK,543471,INF209KB19F6,SILVER,E,,,,,Aditya Birla Sun Life Mutual F,218.66,221.66,218.66,221.16,221.49,218.09,,221.22,,,75251,16550350.00,888,F1,1,,,,,
2026-10-05,2026-10-05,CM,BSE,STK,543472,INF209KB11D8,TECH,B,,,,,Aditya Birla Sun Life Mutual F,31.12,31.74,30.43,30.92,30.92,31.12,,30.88,,,2597,81065.00,36,F1,1,,,,,
2026-10-05,2026-10-05,CM,BSE,STK,543473,INF209KB10C2,HEALTHY,B,,,,,Aditya Birla Sun Life Mutual F,16.60,16.60,16.16,16.45,16.45,16.58,,16.41,,,29621,485644.00,215,F1,1,,,,,
2026-10-05,2026-10-05,CM,BSE,STK,543474,INF209KB19D1,BSLNIFTY,B,,,,,Aditya Birla Sun Life Mutual F,25.78,26.69,25.78,26.53,26.53,26.45,,26.52,,,69057,1831390.00,812,F1,1,,,,,
2026-10-05,2026-10-05,CM,BSE,STK,543475,INE0KCM01010,EKENNIS,M,,,,,Ekennis Software Service Limit,37.50,37.50,37.50,37.50,37.50,37.50,,37.50,,,800,30000.00,1,F1,800,,,,,
2026-10-05,2026-10-05,CM,BSE,STK,543481,INF769K01IC9,MIDCAPETF,B,,,,,Mirae Asset Mutual Fund,22.20,22.36,21.60,22.20,22.20,22.16,,22.23,,,353810,7857755.00,722,F1,1,,,,,
2026-10-05,2026-10-05,CM,BSE,STK,543482,INE0KCE01017,EUREKAFORB,A,,,,,Eureka Forbes Limited,351.60,355.45,341.10,342.45,342.45,351.45,,342.15,,,9154,3180026.00,973,F1,1,,,,,
2026-10-05,2026-10-05,CM,BSE,STK,543489,INE079J01017,GATEWAY,B,,,,,Gateway Distriparks Limited,51.88,52.55,51.20,51.55,51.75,51.85,,51.49,,,21466,1108764.00,458,F1,1,,,,,
2026-10-05,2026-10-05,CM,BSE,STK,543490,INE0CU601026,GMRP&UI,A,,,,,GMR Power and Urban Infra Limi,102.25,103.50,100.65,100.90,100.65,102.05,,100.85,,,53472,5464668.00,855,F1,1,,,,,
2026-10-05,2026-10-05,CM,BSE,STK,543497,INE0KQ001017,BCCL,M,,,,,Bhatia Colour Chem Limited,24.06,24.70,23.25,24.00,24.00,23.96,,24.00,,,11200,268508.00,17,F1,400,,,,,
2026-10-05,2026-10-05,CM,BSE,STK,543498,INE0FS801015,MSUMI,A,,,,,Motherson Sumi Wiring India Li,33.58,33.72,32.72,32.90,32.95,33.49,,32.89,,,450436,14911221.00,3154,F1,1,,,,,
2026-10-05,2026-10-05,CM,BSE,STK,543499,INE0K1401020,ACHYUT,B,,,,,Achyut Healthcare Limited,6.10,6.10,5.62,5.74,5.84,5.91,,5.74,,,183849,1043789.00,266,F1,1,,,,,
2026-10-05,2026-10-05,CM,BSE,STK,543501,INF247L01BL0,MOLOWVOL,B,,,,,Motilal Oswal Mutual Fund,34.06,34.70,34.02,34.70,34.70,33.90,,33.96,,,31,1065.00,3,F1,1,,,,,
2026-10-05,2026-10-05,CM,BSE,STK,543512,INE652Z01025,AVROIND,B,,,,,Avro India Limited,6.86,7.30,6.26,7.00,6.96,6.76,,6.99,,,79063,547508.00,325,F1,1,,,,,
2026-10-05,2026-10-05,CM,BSE,STK,543513,INE0GIU01018,UMAEXPORTS,T,,,,,Uma Exports Limited,21.10,22.70,21.10,21.20,21.50,21.90,,21.17,,,3061,64964.00,18,F1,1,,,,,
2026-10-05,2026-10-05,CM,BSE,STK,543514,INE0IQ001011,VERANDA,B,,,,,Veranda Learning Solutions Lim,218.15,218.70,208.00,212.75,212.75,213.70,,212.76,,,21983,4682799.00,389,F1,1,,,,,
2026-10-05,2026-10-05,CM,BSE,STK,543515,INE0KPY01017,SEML,M,,,,,Sunrise Efficient Marketing Li,28.83,30.41,28.50,29.22,29.10,29.81,,29.22,,,6000,177045.00,14,F1,375,,,,,
2026-10-05,2026-10-05,CM,BSE,STK,543516,INE0K5F01014,DHYAANITR,MT,,,,,DHYAANI TRADEVENTTURES LIMITED,9.13,9.20,8.71,9.18,9.19,9.00,,9.18,,,400400,3656632.00,53,F1,2800,,,,,
2026-10-05,2026-10-05,CM,BSE,STK,543517,INE00EV01017,HARIOMPIPE,B,,,,,Hariom Pipe Industries Limited,330.05,341.80,323.20,324.85,323.20,332.40,,324.61,,,4899,1619872.00,284,F1,1,,,,,
2026-10-05,2026-10-05,CM,BSE,STK,543519,INE0JMN01019,SFSL,M,,,,,Shashwat Furnishing Solutions,67.00,67.00,65.00,65.00,65.00,63.00,,65.00,,,36000,2358000.00,5,F1,1500,,,,,
2026-10-05,2026-10-05,CM,BSE,STK,543520,INE0J2K01014,GLHRL,MT,,,,,Global Longlife Hospital and R,11.55,12.54,11.55,12.31,12.40,12.15,,12.31,,,383000,4466720.00,70,F1,1000,,,,,
2026-10-05,2026-10-05,CM,BSE,STK,543521,INE0L3H01014,FONE4,M,,,,,Fone4 Communications (India) L,4.09,4.09,4.09,4.09,4.09,4.30,,4.09,,,20000,81800.00,2,F1,10000,,,,,
2026-10-05,2026-10-05,CM,BSE,STK,543522,INE0E5R01017,NVENTURES,M,,,,,Nanavati Ventures Limited,81.00,81.00,81.00,81.00,81.00,83.00,,81.00,,,750,60750.00,1,F1,750,,,,,
2026-10-05,2026-10-05,CM,BSE,STK,543523,INE278Y01022,CAMPUS,A,,,,,Campus Activewear Limited,206.45,209.20,203.55,204.35,203.55,205.65,,204.13,,,6168,1269565.00,265,F1,1,,,,,
2026-10-05,2026-10-05,CM,BSE,STK,543524,INE961O01016,RAINBOW,A,,,,,Rainbow Children's Medicare Li,1280.55,1297.95,1263.60,1269.95,1276.90,1279.60,,1269.31,,,3732,4760347.00,460,F1,1,,,,,
2026-10-05,2026-10-05,CM,BSE,STK,543525,INE625X01026,SILVERTUC,B,,,,,Silver Touch Technologies Limi,137.55,142.35,136.55,137.70,140.00,139.50,,137.48,,,15458,2149080.00,336,F1,1,,,,,
2026-10-05,2026-10-05,CM,BSE,STK,543526,INE0J1Y01017,LICI,A,,,,,LIFE INSURANCE CORPORATION OF,391.60,394.95,385.25,388.25,388.25,392.20,,388.69,,,1397723,540947540.00,7839,F1,1,,,,,
2026-10-05,2026-10-05,CM,BSE,STK,543527,INE00F201020,PRUDENT,A,,,,,Prudent Corporate Advisory Ser,3120.40,3152.65,3086.60,3107.40,3119.00,3120.35,,3108.08,,,839,2614901.00,286,F1,1,,,,,
2026-10-05,2026-10-05,CM,BSE,STK,543528,INE0JA001018,VENUSPIPES,B,,,,,Venus Pipes & Tubes Limited,2195.90,2279.95,2195.35,2205.10,2213.00,2207.15,,2206.36,,,5726,12803817.00,612,F1,1,,,,,
2026-10-05,2026-10-05,CM,BSE,STK,543529,INE148O01028,DELHIVERY,A,,,,,Delhivery Limited,402.80,404.30,398.65,399.50,399.50,400.60,,400.30,,,173127,69501039.00,3505,F1,1,,,,,
2026-10-05,2026-10-05,CM,BSE,STK,543530,INE088F01024,PARADEEP,A,,,,,Paradeep Phosphates Limited,152.00,154.25,150.05,153.40,153.40,151.15,,153.59,,,176009,26777175.00,1220,F1,1,,,,,
2026-10-05,2026-10-05,CM,BSE,STK,543531,INE05CY01014,TIERRA,X,,,,,Tierra Agrotech Limited,37.71,37.71,37.71,37.71,37.71,39.69,,37.71,,,23188,874419.00,80,F1,1,,,,,
2026-10-05,2026-10-05,CM,BSE,STK,543532,INE04TZ01018,ETHOSLTD,A,,,,,ETHOS LIMITED,2581.65,2606.90,2514.65,2600.05,2606.90,2531.00,,2602.08,,,2528,6470339.00,301,F1,1,,,,,
2026-10-05,2026-10-05,CM,BSE,STK,543533,INE01QM01018,EMUDHRA,B,,,,,eMudhra Limited,581.40,615.10,581.40,598.40,596.70,581.35,,598.98,,,30093,18130329.00,1153,F1,1,,,,,
2026-10-05,2026-10-05,CM,BSE,STK,543534,INE0BWX01014,AETHER,A,,,,,Aether Industries Limited,1654.10,1684.95,1639.10,1659.00,1662.30,1671.75,,1660.70,,,19418,32184762.00,1733,F1,1,,,,,
2026-10-05,2026-10-05,CM,BSE,STK,543535,INE082W01014,WEWIN,B,,,,,We Win Limited,50.11,51.56,50.07,51.56,51.56,50.07,,51.00,,,577,29069.00,12,F1,1,,,,,
2026-10-05,2026-10-05,CM,BSE,STK,543538,INE0K6L01010,GOEL,M,,,,,Goel Food Products Limited,9.81,10.25,9.81,10.25,10.25,10.80,,10.25,,,8000,80240.00,2,F1,2000,,,,,
2026-10-05,2026-10-05,CM,BSE,STK,543539,INE0L0L01012,MODIS,B,,,,,MODI'S NAVNIRMAN LIMITED,368.90,382.40,365.10,368.25,368.25,370.95,,372.15,,,332,123597.00,37,F1,1,,,,,
2026-10-05,2026-10-05,CM,BSE,STK,543542,INE0L1C01019,KESAR,M,,,,,KESAR INDIA LIMITED,1150.00,1151.50,1103.45,1122.40,1103.45,1134.35,,1122.40,,,18800,21093350.00,124,F1,100,,,,,
2026-10-05,2026-10-05,CM,BSE,STK,543544,INE0KR801019,JAYANT,M,,,,,JAYANT INFRATECH LIMITED,104.30,109.14,104.30,109.14,109.14,103.95,,109.14,,,50250,5477722.00,27,F1,750,,,,,
2026-10-05,2026-10-05,CM,BSE,STK,543545,INE0ID001024,VEERKRUPA,M,,,,,Veerkrupa Jewellers Limited,0.46,0.48,0.42,0.45,0.45,0.48,,0.45,,,167000,75985.00,10,F1,16700,,,,,
2026-10-05,2026-10-05,CM,BSE,STK,543546,INE0L3501015,HEALTHYLIFE,M,,,,,HEALTHY LIFE AGRITEC LIMITED,6.00,6.37,5.85,5.90,5.85,6.15,,5.90,,,54000,319960.00,21,F1,2000,,,,,
2026-10-05,2026-10-05,CM,BSE,STK,543547,INE0HR601026,DDEVPLSTIK,B,,,,,DDEV PLASTIKS INDUSTRIES LIMIT,246.00,251.95,241.60,242.55,244.90,247.95,,243.10,,,5556,1360773.00,275,F1,1,,,,,
2026-10-05,2026-10-05,CM,BSE,STK,543563,INF247L01BB1,MOHEALTH,B,,,,,Motilal Oswal Mutual Fund,49.83,50.90,49.83,50.02,50.22,50.90,,49.99,,,8676,435453.00,219,F1,1,,,,,
2026-10-05,2026-10-05,CM,BSE,STK,543568,INF109KC17C7,MOM30IETF,B,,,,,ICICI Prudential Mutual Fund,30.12,30.15,29.77,29.96,30.10,29.91,,29.96,,,37610,1127551.00,186,F1,1,,,,,
2026-10-05,2026-10-05,CM,BSE,STK,543569,INF179KC1HR4,HDFCNIF100,B,,,,,HDFC Mutual Fund,24.10,24.67,24.06,24.53,24.53,24.31,,24.46,,,1632,39754.00,42,F1,1,,,,,
2026-10-05,2026-10-05,CM,BSE,STK,543570,INF179KC1HS2,HDFCNEXT50,B,,,,,HDFC Mutual Fund,70.80,71.33,70.40,70.91,70.96,70.28,,70.81,,,4134,293022.00,123,F1,1,,,,,
2026-10-05,2026-10-05,CM,BSE,STK,543571,INF109KC16E5,INFRAIETF,B,,,,,ICICI Prudential Mutual Fund,89.82,91.72,88.92,89.52,90.11,89.08,,90.14,,,6217,555904.00,160,F1,1,,,,,
2026-10-05,2026-10-05,CM,BSE,STK,543572,INF740KA1ZQ0,SILVERADD,E,,,,,DSP Silver ETF,21.11,21.40,21.09,21.36,21.40,21.03,,21.34,,,60273,1279125.00,166,F1,1,,,,,
2026-10-05,2026-10-05,CM,BSE,STK,543573,INE0DYJ01015,SYRMA,A,,,,,Syrma SGS Technology Limited,1737.05,1755.00,1692.00,1699.45,1703.00,1718.30,,1700.34,,,90631,155589697.00,4660,F1,1,,,,,
2026-10-05,2026-10-05,CM,BSE,STK,543574,INF209KB15K4,NIFTYQLITY,B,,,,,Aditya Birla Sun Life Mutual F,20.52,20.52,19.59,19.78,19.98,19.83,,19.84,,,3858,76350.00,57,F1,1,,,,,
2026-10-05,2026-10-05,CM,BSE,STK,543575,INF209KB14K7,MOMENTUM,B,,,,,Aditya Birla Sun Life Mutual F,29.82,30.04,29.63,29.84,29.84,29.65,,29.73,,,8775,261798.00,53,F1,1,,,,,
2026-10-05,2026-10-05,CM,BSE,STK,543576,INF247L01BE5,MOVALUE,B,,,,,Motilal Oswal Mutual Fund,108.02,108.02,106.31,107.09,107.52,108.73,,106.85,,,6490,695832.00,187,F1,1,,,,,
2026-10-05,2026-10-05,CM,BSE,STK,543577,INF247L01BH8,MOQUALITY,B,,,,,Motilal Oswal Mutual Fund,190.00,205.00,187.01,193.60,195.00,187.02,,191.66,,,1788,335734.00,53,F1,1,,,,,
2026-10-05,2026-10-05,CM,BSE,STK,543578,INE0M3901015,OLATECH,M,,,,,Olatech Solutions Limited,62.00,62.00,59.00,59.67,60.00,62.00,,59.67,,,12025,727984.00,12,F1,925,,,,,
2026-10-05,2026-10-05,CM,BSE,STK,543590,INE0KKN01029,RHETAN,B,,,,,Rhetan TMT Limited,15.83,15.83,15.83,15.83,15.83,16.66,,15.81,,,9865,156162.00,137,F1,1,,,,,
2026-10-05,2026-10-05,CM,BSE,STK,543591,INE0JS101016,DREAMFOLKS,B,,,,,DREAMFOLKS SERVICES LIMITED,60.41,62.05,60.34,60.78,60.78,61.57,,60.53,,,4172,254845.00,246,F1,1,,,,,
2026-10-05,2026-10-05,CM,BSE,STK,543592,INF179KC1DI2,HDFCSILVER,E,,,,,HDFC Mutual Fund,209.07,212.24,209.07,211.99,211.64,208.67,,212.02,,,138930,29278402.00,1047,F1,1,,,,,
2026-10-05,2026-10-05,CM,BSE,STK,543593,INE0I3401014,DBOL,B,,,,,Dhampur Bio Organics Limited,115.00,126.70,115.00,125.20,124.35,121.40,,125.03,,,31506,3925399.00,522,F1,1,,,,,
2026-10-05,2026-10-05,CM,BSE,STK,543594,INE0MC401013,DPL,M,,,,,DIPNA PHARMACHEM LIMITED,4.15,4.28,4.15,4.28,4.28,4.15,,4.28,,,18000,76350.00,5,F1,3000,,,,,
2026-10-05,2026-10-05,CM,BSE,STK,543595,INE0D2I01014,EPBIO,M,,,,,EP BIOCOMPOSITES LIMITED,90.00,92.00,90.00,92.00,92.00,90.02,,92.00,,,3500,317315.00,7,F1,500,,,,,
2026-10-05,2026-10-05,CM,BSE,STK,543596,INE668A01016,TMB,A,,,,,Tamilnad Mercantile Bank Limit,871.55,917.70,871.55,885.35,878.00,873.25,,886.23,,,27230,24481170.00,1384,F1,1,,,,,
2026-10-05,2026-10-05,CM,BSE,STK,543597,INE0I0T01010,VOEPL,B,,,,,Virtuoso Optoelectronics Limit,502.90,552.40,493.50,505.10,504.30,492.00,,506.06,,,126547,66970174.00,4224,F1,1,,,,,
2026-10-05,2026-10-05,CM,BSE,STK,543599,INE0D6I01023,KSOLVES,B,,,,,Ksolves India Limited,241.55,249.00,241.55,248.35,248.75,241.45,,248.84,,,4831,1190044.00,367,F1,1,,,,,
2026-10-05,2026-10-05,CM,BSE,STK,543600,INE0JUS01029,HARSHA,B,,,,,Harsha Engineers International,479.60,479.60,460.60,462.55,461.00,473.75,,462.31,,,9598,4496879.00,494,F1,1,,,,,
2026-10-05,2026-10-05,CM,BSE,STK,543605,INF179KC1DL6,HDFCQUAL,B,,,,,HDFC Mutual Fund,53.90,55.74,53.90,55.74,55.74,55.00,,55.06,,,209,11416.00,9,F1,1,,,,,
2026-10-05,2026-10-05,CM,BSE,STK,543606,INE0M8901010,CONTAINE,M,,,,,CONTAINE TECHNOLOGIES LIMITED,14.20,15.00,14.20,14.41,14.41,14.59,,14.41,,,6000,87010.00,3,F1,1000,,,,,
2026-10-05,2026-10-05,CM,BSE,STK,543607,INF179KC1DJ0,HDFCGROWTH,B,,,,,HDFC Mutual Fund,109.74,110.20,109.74,109.83,109.83,109.85,,109.95,,,40,4394.00,7,F1,1,,,,,
2026-10-05,2026-10-05,CM,BSE,STK,543608,INF179KC1DK8,HDFCVALUE,B,,,,,HDFC Mutual Fund,116.74,118.92,116.69,118.55,118.62,118.10,,118.13,,,664,77683.00,12,F1,1,,,,,
2026-10-05,2026-10-05,CM,BSE,STK,543614,INE0LQS01015,TIPSFILMS,B,,,,,Tips Films Limited,316.60,318.85,308.45,311.70,310.00,316.25,,312.19,,,154,48210.00,58,F1,1,,,,,
2026-10-05,2026-10-05,CM,BSE,STK,543615,INE0MNV01014,SRSOLTD,M,,,,,SILICON RENTAL SOLUTIONS LIMIT,65.01,73.00,65.01,73.00,73.00,70.25,,73.00,,,6400,431248.00,8,F1,800,,,,,
2026-10-05,2026-10-05,CM,BSE,STK,543616,INE0MKA01014,TLL,M,,,,,Trident Lifeline Limited,374.05,390.00,374.00,389.10,390.00,376.35,,389.10,,,44400,16970280.00,61,F1,600,,,,,
2026-10-05,2026-10-05,CM,BSE,STK,543618,INE0M4L01013,CARGOTRANS,M,,,,,Cargotrans Maritime Limited,72.00,76.50,70.31,76.50,76.50,74.01,,76.50,,,27750,2030340.00,8,F1,750,,,,,
2026-10-05,2026-10-05,CM,BSE,STK,543619,INE0N0J01014,CNCRD,M,,,,,Concord Control Systems Limite,2260.00,2296.00,2255.00,2291.00,2290.00,2280.70,,2291.00,,,2350,5369567.00,44,F1,50,,,,,
2026-10-05,2026-10-05,CM,BSE,STK,543620,INE0LGX01024,INA,B,,,,,INSOLATION ENERGY LIMITED,88.50,88.50,83.15,83.49,83.49,86.76,,83.45,,,49541,4204311.00,621,F1,1,,,,,
2026-10-05,2026-10-05,CM,BSE,STK,543622,INE0MSK01016,STML,M,,,,,STEELMAN TELECOM LIMITED,75.00,75.00,75.00,75.00,75.00,75.60,,75.00,,,2400,180000.00,1,F1,1200,,,,,
2026-10-05,2026-10-05,CM,BSE,STK,543623,INE0NC801013,VEDANTASSET,MT,,,,,VEDANT ASSET LIMITED,59.00,59.99,56.05,58.00,58.00,59.00,,58.00,,,9000,522810.00,6,F1,1500,,,,,
2026-10-05,2026-10-05,CM,BSE,STK,543626,INE02YR01019,EMIL,B,,,,,Electronics Mart India Limited,208.15,211.60,203.20,205.05,205.05,204.00,,205.10,,,576868,119977468.00,4710,F1,1,,,,,
2026-10-05,2026-10-05,CM,BSE,STK,543627,INF179KC1HU8,HDFCLOWVOL,B,,,,,HDFC Mutual Fund,19.34,19.37,18.95,19.37,19.37,19.01,,19.16,,,349,6694.00,12,F1,1,,,,,
2026-10-05,2026-10-05,CM,BSE,STK,543628,INF179KC1HV6,HDFCMOMENT,B,,,,,HDFC Mutual Fund,29.98,29.98,29.60,29.83,29.87,29.91,,29.71,,,5596,167163.00,80,F1,1,,,,,
2026-10-05,2026-10-05,CM,BSE,STK,543635,INE0DK501011,PPLPHARMA,A,,,,,PIRAMAL PHARMA LIMITED,198.95,201.90,194.20,194.90,194.90,197.75,,194.89,,,121881,23990332.00,1920,F1,1,,,,,
2026-10-05,2026-10-05,CM,BSE,STK,543636,INE0A1101019,DCI,B,,,,,Dc Infotech and Communication,325.10,344.50,323.35,342.45,342.00,343.65,,343.08,,,7184,2430907.00,326,F1,1,,,,,
2026-10-05,2026-10-05,CM,BSE,STK,543637,INE0N1L01018,PACE,M,,,,,PACE E-COMMERCE VENTURES LIMIT,15.80,15.80,15.80,15.80,15.80,15.65,,15.80,,,2400,37920.00,2,F1,1200,,,,,
2026-10-05,2026-10-05,CM,BSE,STK,543638,INE0HMF01019,TRACXN,B,,,,,Tracxn Technologies Limited,31.11,32.44,31.11,31.47,31.79,31.95,,31.58,,,18317,581372.00,180,F1,1,,,,,
2026-10-05,2026-10-05,CM,BSE,STK,543643,INE117Z01029,NARMADA,B,,,,,Narmada Agrobase Limited,12.08,13.00,11.87,12.31,12.31,12.39,,12.30,,,85409,1059067.00,428,F1,1,,,,,
2026-10-05,2026-10-05,CM,BSE,STK,543644,INE344S01016,INFOBEAN,B,,,,,InfoBeans Technologies Limited,144.95,151.30,144.95,148.50,149.00,143.45,,148.12,,,15926,2365798.00,361,F1,1,,,,,
2026-10-05,2026-10-05,CM,BSE,STK,543645,INE05X901010,HPIL,B,,,,,HINDPRAKASH INDUSTRIES LIMITED,115.75,115.75,108.15,108.15,108.15,115.75,,110.64,,,90,9828.00,12,F1,1,,,,,
2026-10-05,2026-10-05,CM,BSE,STK,543650,INE0KL801015,DCXINDIA,B,,,,,DCX Systems Limited,159.00,161.00,156.00,156.90,156.90,159.00,,156.82,,,22525,3555332.00,628,F1,1,,,,,
2026-10-05,2026-10-05,CM,BSE,STK,543651,INE975Z01012,DAPS,M,,,,,DAPS ADVERTISING LIMITED,23.99,23.99,23.99,23.99,23.99,22.00,,23.99,,,4000,95960.00,1,F1,4000,,,,,
2026-10-05,2026-10-05,CM,BSE,STK,543652,INE139R01012,FUSION,B,,,,,FUSION FINANCE LIMITED,171.60,176.95,167.10,167.35,167.10,171.60,,167.62,,,20962,3578831.00,730,F1,1,,,,,
2026-10-05,2026-10-05,CM,BSE,STK,543653,INE00E101023,BIKAJI,A,,,,,Bikaji Foods International Lim,505.10,511.55,484.50,487.15,486.50,504.00,,487.01,,,27867,13896619.00,1178,F1,1,,,,,
2026-10-05,2026-10-05,CM,BSE,STK,543654,INE474Q01031,MEDANTA,A,,,,,Global Health Limited,1359.75,1368.80,1321.00,1331.70,1334.00,1358.05,,1332.57,,,11968,15991987.00,1195,F1,1,,,,,
2026-10-05,2026-10-05,CM,BSE,STK,543656,INE0MXP01015,TECHNOPACK,M,,,,,Technopack Polymers Limited,11.10,11.50,11.10,11.50,11.50,12.20,,11.50,,,8000,90400.00,2,F1,4000,,,,,
2026-10-05,2026-10-05,CM,BSE,STK,543657,INE128X01021,ACI,A,,,,,Archean Chemical Industries Li,475.00,481.20,461.20,463.30,463.30,472.40,,463.21,,,497035,236027416.00,1044,F1,1,,,,,
2026-10-05,2026-10-05,CM,BSE,STK,543663,INE128S01021,FIVESTAR,A,,,,,Five-Star Business Finance Ltd,506.05,521.00,506.05,519.35,519.35,506.45,,519.11,,,96322,49034503.00,2625,F1,1,,,,,
2026-10-05,2026-10-05,CM,BSE,STK,543664,INE918Z01012,KAYNES,A,,,,,KAYNES TECHNOLOGY INDIA LIMITE,3420.10,3472.00,3375.00,3400.00,3400.00,3390.10,,3394.93,,,48249,165349478.00,4155,F1,1,,,,,
2026-10-05,2026-10-05,CM,BSE,STK,543665,INF179KC1IA8,HDFCNIFIT,B,,,,,HDFC Mutual Fund,30.65,30.67,29.80,30.14,30.14,30.29,,30.15,,,18425,558198.00,64,F1,1,,,,,
2026-10-05,2026-10-05,CM,BSE,STK,543666,INF179KC1HZ7,HDFCPVTBAN,B,,,,,HDFC Mutual Fund,28.09,28.09,27.06,27.42,27.43,27.41,,27.30,,,41736,1143671.00,90,F1,1,,,,,
2026-10-05,2026-10-05,CM,BSE,STK,543667,INE510W01014,INOXGREEN,A,,,,,INOX GREEN ENERGY SERVICES LIM,161.05,161.05,148.10,150.00,150.00,158.65,,149.97,,,1609497,241694344.00,2487,F1,1,,,,,
2026-10-05,2026-10-05,CM,BSE,STK,543668,INE01EE01011,BBTCL,B,,,,,B&B Triplewall Containers Limi,228.00,235.20,226.30,235.00,235.20,229.00,,234.96,,,547,127329.00,36,F1,1,,,,,
2026-10-05,2026-10-05,CM,BSE,STK,543669,INE263M01029,RUSTOMJEE,B,,,,,Keystone Realtors Limited,361.65,372.20,355.30,367.30,366.20,361.65,,368.40,,,5157,1879678.00,358,F1,1,,,,,
2026-10-05,2026-10-05,CM,BSE,STK,543670,INE01KI01027,VINNY,B,,,,,VINNY OVERSEAS LIMITED,0.90,0.92,0.88,0.91,0.91,0.90,,0.90,,,36488,32795.00,39,F1,1,,,,,
2026-10-05,2026-10-05,CM,BSE,STK,543671,INE0D0U01013,AAATECH,B,,,,,AAA TECHNOLOGIES LIMITED,101.00,102.80,92.54,95.51,95.91,92.40,,95.44,,,4532,452973.00,181,F1,1,,,,,
2026-10-05,2026-10-05,CM,BSE,STK,543677,INF109KC17L8,FINIETF,B,,,,,ICICI Prudential Mutual Fund,31.11,31.11,30.00,30.24,30.24,30.36,,30.12,,,5400,162532.00,101,F1,1,,,,,
2026-10-05,2026-10-05,CM,BSE,STK,543678,INE0N6V01016,AMBOAGRI,M,,,,,AMBO AGRITEC LIMITED,9.70,9.70,9.70,9.70,9.70,9.64,,9.70,,,4000,38800.00,1,F1,1000,,,,,
2026-10-05,2026-10-05,CM,BSE,STK,543686,INE792Z01011,SIRCA,B,,,,,Sirca Paints India Limited,402.00,404.35,400.00,401.80,401.90,400.90,,401.70,,,3227,1297751.00,116,F1,1,,,,,
2026-10-05,2026-10-05,CM,BSE,STK,543687,INE00OQ01016,DHARMAJ,B,,,,,Dharmaj Crop Guard Limited,266.20,270.25,260.95,266.05,266.05,265.65,,265.00,,,732,195039.00,125,F1,1,,,,,
2026-10-05,2026-10-05,CM,BSE,STK,543688,INE324X01026,SARVESHWAR,B,,,,,Sarveshwar Foods Limited,3.44,3.50,3.42,3.46,3.45,3.44,,3.46,,,197432,683208.00,320,F1,1,,,,,
2026-10-05,2026-10-05,CM,BSE,STK,543689,INE244O01017,UNIPARTS,B,,,,,Uniparts India Limited,814.10,846.50,814.10,827.30,826.00,820.70,,826.08,,,5914,4906962.00,583,F1,1,,,,,
2026-10-05,2026-10-05,CM,BSE,STK,543699,INF754K01QX0,EBBETF0433,F,,,,,Edelweiss Mutual Fund,1302.00,1302.00,1296.05,1301.00,1301.00,1298.87,,1299.00,,,246,320142.00,6,F1,1,,,,,
2026-10-05,2026-10-05,CM,BSE,STK,543709,INE0NT601018,GARGI,M,,,,,PNGS GARGI FASHION JEWELLERY L,604.95,608.00,570.00,574.65,573.00,589.70,,574.65,,,4875,2862325.00,37,F1,125,,,,,
2026-10-05,2026-10-05,CM,BSE,STK,543710,INF109KC19O8,COMMOIETF,B,,,,,ICICI Prudential Mutual Fund,94.14,94.32,92.70,93.22,92.78,93.68,,93.48,,,4681,437402.00,110,F1,1,,,,,
2026-10-05,2026-10-05,CM,BSE,STK,543711,INE142Q01026,SULA,B,,,,,Sula Vineyards Limited,132.00,133.55,131.25,132.40,132.30,130.95,,132.33,,,14904,1971597.00,507,F1,1,,,,,
2026-10-05,2026-10-05,CM,BSE,STK,543712,INE00ZE01026,AFSL,B,,,,,ABANS FINANCIAL SERVICES LIMIT,201.00,201.00,201.00,201.00,201.00,201.00,,201.00,,,1170,235170.00,9,F1,1,,,,,
2026-10-05,2026-10-05,CM,BSE,STK,543713,INE0MQD01015,DRONACHRYA,M,,,,,Droneacharya Aerial Innovation,32.00,33.30,31.70,32.43,32.43,31.75,,32.43,,,26000,837980.00,21,F1,1000,,,,,
2026-10-05,2026-10-05,CM,BSE,STK,543714,INE559R01029,LANDMARK,B,,,,,LANDMARK CARS LIMITED,471.85,473.05,455.05,470.45,470.90,462.95,,470.69,,,10732,4985452.00,396,F1,1,,,,,
2026-10-05,2026-10-05,CM,BSE,STK,543720,INE138Y01010,KFINTECH,A,,,,,KFin Technologies Limited,833.05,872.20,833.05,867.50,867.50,825.15,,867.50,,,56777,48747936.00,2406,F1,1,,,,,
2026-10-05,2026-10-05,CM,BSE,STK,543725,INE050401020,ELIN,B,,,,,Elin Electronics Limited,79.71,80.89,77.85,78.94,78.60,79.78,,78.97,,,16204,1288774.00,280,F1,1,,,,,
2026-10-05,2026-10-05,CM,BSE,STK,543732,INE855R01021,RADIANTCMS,B,,,,,Radiant Cash Management Servic,35.50,36.15,34.70,35.13,35.15,35.99,,34.93,,,3947,138999.00,183,F1,1,,,,,
2026-10-05,2026-10-05,CM,BSE,STK,543737,INE09BN01011,AVEER,X,,,,,Aveer Foods Limited,607.50,635.00,607.50,607.50,607.50,607.50,,607.50,,,1185,720849.00,9,F1,1,,,,,
2026-10-05,2026-10-05,CM,BSE,STK,543738,INF740KA1RX3,BANKADD,B,,,,,DSP Nifty Bank ETF,56.41,56.41,55.95,56.10,56.10,55.96,,55.94,,,307,17278.00,9,F1,1,,,,,
2026-10-05,2026-10-05,CM,BSE,STK,543743,INE035801013,AERONEU,B,,,,,Aeroflex Neu Limited,70.03,70.15,69.70,69.89,70.00,70.08,,69.70,,,175,12256.00,11,F1,1,,,,,
2026-10-05,2026-10-05,CM,BSE,STK,543745,INE0MID01012,SVS,M,,,,,SVS VENTURES LIMITED,5.74,5.74,5.00,5.02,5.00,5.55,,5.02,,,42000,215040.00,7,F1,6000,,,,,
2026-10-05,2026-10-05,CM,BSE,STK,543746,INE0BSU01018,LOGICA,M,,,,,LOGICA INFOWAY LIMITED,176.95,195.00,175.00,188.55,183.00,167.80,,188.55,,,54000,10146270.00,51,F1,600,,,,,
2026-10-05,2026-10-05,CM,BSE,STK,543747,INE0BTI01037,KAMOPAINTS,B,,,,,Kamdhenu Ventures Limited,4.33,4.33,4.07,4.11,4.13,4.12,,4.11,,,75023,316217.00,228,F1,1,,,,,
2026-10-05,2026-10-05,CM,BSE,STK,543748,INE0LRU01027,AARTIPHARM,A,,,,,Aarti Pharmalabs Limited,983.70,989.00,942.15,947.00,946.05,966.30,,946.61,,,46694,44728038.00,2131,F1,1,,,,,
2026-10-05,2026-10-05,CM,BSE,STK,543766,INE094B01013,ASHIKAG,T,,,,,Ashika Global Securities Limit,385.50,390.00,385.50,387.70,386.00,389.90,,389.76,,,113,43635.00,17,F1,1,,,,,
2026-10-05,2026-10-05,CM,BSE,STK,543767,INE0EEJ01023,BTML,B,,,,,BODHI TREE MULTIMEDIA LIMITED,7.25,7.30,7.00,7.19,7.20,7.01,,7.15,,,3135,22389.00,28,F1,1,,,,,
2026-10-05,2026-10-05,CM,BSE,STK,543768,INE0NNS01018,NSLNISP,A,,,,,NMDC Steel Limited,40.94,41.26,40.39,40.49,40.49,41.13,,40.50,,,233638,9524028.00,1858,F1,1,,,,,
2026-10-05,2026-10-05,CM,BSE,STK,543769,INE0KN201016,INDONG,MT,,,,,INDONG TEA COMPANY LIMITED,6.22,6.22,6.22,6.22,6.22,5.93,,6.22,,,4000,24880.00,1,F1,4000,,,,,
2026-10-05,2026-10-05,CM,BSE,STK,543774,INF179KC1EZ4,HDFCBSE500,B,,,,,HDFC Mutual Fund,35.21,35.68,35.21,35.42,35.57,35.43,,35.48,,,3022,106909.00,92,F1,1,,,,,
2026-10-05,2026-10-05,CM,BSE,STK,543775,INF179KC1FB2,HDFCSML250,B,,,,,HDFC Mutual Fund,172.93,179.31,172.93,178.15,178.60,177.37,,178.31,,,36403,6469191.00,844,F1,1,,,,,
2026-10-05,2026-10-05,CM,BSE,STK,543776,INF179KC1HT0,HDFCMID150,B,,,,,HDFC Mutual Fund,22.33,22.60,21.92,22.35,22.60,21.92,,22.22,,,44680,987110.00,293,F1,1,,,,,
2026-10-05,2026-10-05,CM,BSE,STK,543781,INF769K01JP9,GOLDETF,E,,,,,Mirae Asset Mutual Fund,143.42,143.47,142.02,143.01,143.01,142.96,,142.97,,,22242,3174101.00,493,F1,1,,,,,
2026-10-05,2026-10-05,CM,BSE,STK,543782,INE0O4601016,SEALMATIC,M,,,,,Sealmatic India Limited,396.00,440.00,396.00,429.70,440.00,400.00,,429.70,,,28620,11830500.00,81,F1,180,,,,,
2026-10-05,2026-10-05,CM,BSE,STK,543787,INE0OLH01013,ROBU,M,,,,,Macfos Limited,1020.15,1059.00,1020.00,1035.00,1035.00,1049.65,,1035.00,,,4785,4959900.00,25,F1,165,,,,,
2026-10-05,2026-10-05,CM,BSE,STK,543798,INE0NPA01011,PATRON,M,,,,,Patron Exim Limited,1.94,1.94,1.76,1.76,1.76,1.89,,1.76,,,8000,14800.00,2,F1,4000,,,,,
2026-10-05,2026-10-05,CM,BSE,STK,543799,INE0JZS01010,SVJ,M,,,,,S. V. J. Enterprises Limited,169.80,169.80,169.80,169.80,169.80,166.00,,169.80,,,500,84900.00,2,F1,250,,,,,
2026-10-05,2026-10-05,CM,BSE,STK,543805,INE0NYN01016,RESGEN,M,,,,,RESGEN LIMITED,44.00,45.50,43.00,45.00,45.00,43.74,,45.00,,,9750,434730.00,13,F1,750,,,,,
2026-10-05,2026-10-05,CM,BSE,STK,543806,INE0O6A01019,ITCONS,M,,,,,ITCONS E-Solutions Limited,250.30,258.00,240.00,249.00,249.00,262.35,,249.00,,,16400,4103480.00,72,F1,200,,,,,
2026-10-05,2026-10-05,CM,BSE,STK,543811,INE645W01026,AIRAN,B,,,,,AIRAN LIMITED,16.94,16.94,15.32,15.48,15.38,15.75,,15.44,,,8374,130211.00,113,F1,1,,,,,
2026-10-05,2026-10-05,CM,BSE,STK,543812,INE753U01022,DIVGIITTS,B,,,,,DIVGI TORQTRANSFER SYSTEMS LIM,1144.25,1150.45,1109.55,1120.50,1120.00,1137.20,,1120.21,,,4393,4931115.00,426,F1,1,,,,,
2026-10-05,2026-10-05,CM,BSE,STK,543813,INF209KB18T9,ABSLLIQUID,F,,,,,Aditya Birla Sun Life Mutual F,1000.00,1000.01,1000.00,1000.01,1000.01,999.99,,1000.00,,,1001,1001010.00,3,F1,1,,,,,
2026-10-05,2026-10-05,CM,BSE,STK,543819,INF109KC10S8,PSUBNKIETF,B,,,,,ICICI Prudential Mutual Fund,81.73,82.45,80.78,81.51,81.51,81.00,,80.95,,,5012,409555.00,129,F1,1,,,,,
2026-10-05,2026-10-05,CM,BSE,STK,543828,INE00TV01023,SUDARSHAN,M,,,,,SUDARSHAN PHARMA INDUSTRIES LI,37.78,38.39,37.00,37.10,37.10,37.24,,37.10,,,136000,5103120.00,25,F1,4000,,,,,
2026-10-05,2026-10-05,CM,BSE,STK,543829,INE0JSX01015,GSLSU,B,,,,,Global Surfaces Limited,29.41,30.04,29.10,29.11,29.11,29.83,,29.19,,,4292,126699.00,64,F1,1,,,,,
2026-10-05,2026-10-05,CM,BSE,STK,543831,INE0OMI01019,BRIGHT,M,,,,,Bright Outdoor Media Limited,350.00,350.00,340.00,341.00,341.00,349.90,,341.00,,,62625,21329062.00,23,F1,375,,,,,
2026-10-05,2026-10-05,CM,BSE,STK,543848,INE0NIJ01025,DEVLAB,M,,,,,Dev Labtech Venture Limited,17.51,18.41,17.51,18.41,18.41,18.76,,18.41,,,64000,1149440.00,2,F1,4000,,,,,
2026-10-05,2026-10-05,CM,BSE,STK,543853,INF846K010Q0,SENSEXAXIS,B,,,,,AXIS BSE SENSEX ETF,75.76,75.76,74.75,74.95,74.95,74.27,,75.22,,,808,60564.00,8,F1,1,,,,,
2026-10-05,2026-10-05,CM,BSE,STK,543858,INF769K01JU9,LOWVOL,B,,,,,Mirae Asset Mutual Fund,191.94,191.94,191.94,191.94,191.94,193.39,,192.20,,,58,11132.00,4,F1,1,,,,,
2026-10-05,2026-10-05,CM,BSE,STK,543860,INE825B01010,JAFINANCE,XT,,,,,J.A. Finance Limited,159.60,160.00,150.60,150.60,150.60,158.50,,150.60,,,341,52695.00,13,F1,1,,,,,
2026-10-05,2026-10-05,CM,BSE,STK,543861,INE0N0Y01013,USK,B,,,,,Udayshivakumar infra limited,19.40,19.40,18.00,18.49,18.50,18.49,,18.52,,,8318,151750.00,109,F1,1,,,,,
2026-10-05,2026-10-05,CM,BSE,STK,543874,INE0O1T01010,MAIDEN,M,,,,,Maiden Forgings Limited,99.00,99.00,97.00,97.00,97.00,99.50,,97.00,,,3000,295000.00,3,F1,1000,,,,,
2026-10-05,2026-10-05,CM,BSE,STK,543875,INF769K01KF8,GSEC10YEAR,F,,,,,Mirae Asset Mutual Fund,30.00,30.00,30.00,30.00,30.00,30.00,,30.18,,,40,1200.00,5,F1,1,,,,,
2026-10-05,2026-10-05,CM,BSE,STK,543895,INE0O8901016,EXHICON,M,,,,,Exhicon Events Media Solutions,515.00,522.90,505.00,510.05,510.00,514.85,,510.05,,,9750,5013550.00,37,F1,250,,,,,
2026-10-05,2026-10-05,CM,BSE,STK,543896,INE0LCL01028,AVALON,A,,,,,Avalon Technologies Limited,2287.05,2340.55,2246.40,2254.85,2281.00,2281.00,,2256.21,,,17080,38957597.00,1269,F1,1,,,,,
2026-10-05,2026-10-05,CM,BSE,STK,543898,INE0N7W01012,BLAL,B,,,,,BEML Land Assets Limited,158.90,160.70,155.00,159.80,159.25,158.35,,156.88,,,660,104480.00,56,F1,1,,,,,
2026-10-05,2026-10-05,CM,BSE,STK,543899,INE0NR623014,CUBEINVIT,IF,,,,,Cube Highways Trust,154.01,156.00,154.01,155.16,155.26,155.10,,155.02,,,2607,405063.00,118,F1,1,,,,,
2026-10-05,2026-10-05,CM,BSE,STK,543900,INF789F1AYK6,SILVERBETA,E,,,,,UTI Mutual Fund,214.43,214.43,211.57,214.01,214.28,210.82,,213.84,,,7380,1574751.00,199,F1,1,,,,,
2026-10-05,2026-10-05,CM,BSE,STK,543902,INE0NTC01019,RETINA,M,,,,,Retina Paints Limited,33.75,34.65,32.18,32.89,33.90,32.00,,32.89,,,40000,1311740.00,13,F1,2000,,,,,
2026-10-05,2026-10-05,CM,BSE,STK,543903,INF740KA1ZP2,GOLDADD,E,,,,,DSP GOLD ETF,14.27,14.33,14.10,14.26,14.10,14.27,,14.28,,,12035,171518.00,114,F1,1,,,,,
2026-10-05,2026-10-05,CM,BSE,STK,543904,INE634S01028,MANKIND,A,,,,,Mankind Pharma Limited,2527.15,2540.50,2466.60,2479.95,2479.95,2527.00,,2479.00,,,67992,171338972.00,4321,F1,1,,,,,
2026-10-05,2026-10-05,CM,BSE,STK,543910,INE680Z01018,AVG,B,,,,,AVG Logistics Limited,171.55,179.85,166.40,167.60,168.00,165.05,,167.98,,,1560,264312.00,52,F1,1,,,,,
2026-10-05,2026-10-05,CM,BSE,STK,543911,INE0ALR01029,ATALREAL,B,,,,,Atal Realtech Limited,12.58,12.96,12.53,12.84,12.90,12.84,,12.81,,,58790,749603.00,229,F1,1,,,,,
2026-10-05,2026-10-05,CM,BSE,STK,543912,INE557Z01018,PIGL,B,,,,,Power & Instrumentation (Gujar,95.50,96.53,93.20,96.38,95.44,95.10,,94.81,,,2005,190962.00,69,F1,1,,,,,
2026-10-05,2026-10-05,CM,BSE,STK,543913,INE0NDH25011,NXST,IF,,,,,Nexus Select Trust,165.28,167.49,164.58,164.96,164.96,165.92,,164.99,,,7162,1188166.00,479,F1,1,,,,,
2026-10-05,2026-10-05,CM,BSE,STK,543914,INE210F01016,SWATIPRO,XT,,,,,Swati Projects Limited,39.39,42.00,38.50,41.19,40.21,40.41,,41.19,,,23868,945023.00,134,F1,1,,,,,
2026-10-05,2026-10-05,CM,BSE,STK,543915,INE07S101038,PAVNAIND,B,,,,,Pavna Industries Limited,15.72,15.83,15.11,15.50,15.50,15.48,,15.45,,,2293,35369.00,43,F1,1,,,,,
2026-10-05,2026-10-05,CM,BSE,STK,543916,INE0GYI01028,HSIL,MT,,,,,Hemant Surgical Industries Lim,607.00,620.00,585.00,603.40,619.00,610.50,,603.40,,,11600,6995100.00,22,F1,400,,,,,
2026-10-05,2026-10-05,CM,BSE,STK,543917,INE0A0S01028,SIGMA,B,,,,,SIGMA SOLVE LIMITED,45.60,45.99,43.18,44.03,44.47,44.95,,43.85,,,6523,291088.00,189,F1,1,,,,,
2026-10-05,2026-10-05,CM,BSE,STK,543918,INE0PA801013,GHCLTEXTIL,B,,,,,GHCL Textiles Limited,131.80,132.45,127.20,129.50,129.50,128.25,,129.53,,,14249,1843664.00,305,F1,1,,,,,
2026-10-05,2026-10-05,CM,BSE,STK,543919,INE964W01021,MKPL,B,,,,,M.K.Proteins Limited,3.90,4.03,3.88,3.94,3.97,3.96,,3.90,,,15072,59729.00,84,F1,1,,,,,
2026-10-05,2026-10-05,CM,BSE,STK,543920,INE0NJ001013,CFF,B,,,,,CFF FLUID CONTROL LIMITED,1070.00,1134.00,1069.95,1074.55,1075.00,1058.90,,1074.55,,,35205,38621779.00,1620,F1,1,,,,,
2026-10-05,2026-10-05,CM,BSE,STK,543921,INE0NXA01015,COMRADE,MT,,,,,Comrade Appliances Limited,27.40,27.40,27.40,27.40,27.40,28.80,,27.40,,,2000,54800.00,2,F1,1000,,,,,
2026-10-05,2026-10-05,CM,BSE,STK,543922,INF769K01KG6,SILVERAG,E,,,,,Mirae Asset Mutual Fund,212.16,216.41,212.16,216.24,215.86,212.60,,215.75,,,4291,919209.00,116,F1,1,,,,,
2026-10-05,2026-10-05,CM,BSE,STK,543923,INE0LOJ01019,IKIO,B,,,,,IKIO Technologies Limited,195.20,198.95,190.10,192.95,192.10,190.45,,192.28,,,9363,1808699.00,249,F1,1,,,,,
2026-10-05,2026-10-05,CM,BSE,STK,543924,INE0N5O01013,SONALIS,M,,,,,Sonalis Consumer Products Limi,40.94,40.94,35.10,36.97,36.97,37.29,,36.97,,,26000,956960.00,13,F1,2000,,,,,
2026-10-05,2026-10-05,CM,BSE,STK,543926,INE0OJ401014,BIZOTIC,M,,,,,Bizotic Commercial Limited,125.50,128.95,122.10,127.00,123.85,124.70,,127.00,,,58800,7404060.00,34,F1,1200,,,,,
2026-10-05,2026-10-05,CM,BSE,STK,543927,INE04Z101016,ASIAN,X,,,,,Asian Warehousing Limited,34.00,34.00,33.01,33.04,33.55,33.85,,33.04,,,99,3345.00,8,F1,1,,,,,
2026-10-05,2026-10-05,CM,BSE,STK,543928,INE0ORA01015,COSMICCRF,M,,,,,Cosmic CRF Limited,1256.10,1299.95,1227.00,1246.75,1245.00,1269.85,,1246.75,,,10500,13119655.00,63,F1,100,,,,,
2026-10-05,2026-10-05,CM,BSE,STK,543929,INE0ECP01024,HMAAGRO,B,,,,,HMA Agro Industries Limited,23.11,24.20,23.01,23.35,23.40,23.51,,23.40,,,64429,1519237.00,327,F1,1,,,,,
2026-10-05,2026-10-05,CM,BSE,STK,543930,INE568Z01015,URAVIDEF,T,,,,,Uravi Defence and Technology L,102.00,102.00,102.00,102.00,102.00,103.00,,101.58,,,10,1020.00,1,F1,1,,,,,
2026-10-05,2026-10-05,CM,BSE,STK,543931,INE0Q0M01015,VEEFIN,M,,,,,VEEFIN SOLUTIONS LIMITED,254.95,254.95,240.30,244.90,249.80,247.05,,244.90,,,10800,2638820.00,41,F1,200,,,,,
2026-10-05,2026-10-05,CM,BSE,STK,543932,INE349Y01013,IDEAFORGE,B,,,,,IDEAFORGE TECHNOLOGY LIMITED,732.65,732.65,698.10,700.90,700.90,734.30,,701.57,,,20653,14569956.00,2075,F1,1,,,,,
2026-10-05,2026-10-05,CM,BSE,STK,543933,INE055S01018,CYIENTDLM,B,,,,,Cyient DLM Limited,892.50,952.10,892.50,947.40,947.40,895.65,,946.85,,,58348,54734793.00,2704,F1,1,,,,,
2026-10-05,2026-10-05,CM,BSE,STK,543934,INE01BT01015,MACIND,XT,,,,,Machhar Industries Limited,396.00,396.00,367.60,367.60,367.60,386.90,,367.60,,,246,90577.00,9,F1,1,,,,,
2026-10-05,2026-10-05,CM,BSE,STK,543935,INF740KA1SX1,ITADD,B,,,,,DSP NIFTY IT ETF,30.42,30.42,29.48,29.93,29.48,29.82,,29.96,,,10822,324447.00,63,F1,1,,,,,
2026-10-05,2026-10-05,CM,BSE,STK,543936,INE602W01027,SENCO,A,,,,,Senco Gold Limited,317.40,320.00,313.00,317.20,317.20,317.40,,316.96,,,43015,13595871.00,1374,F1,1,,,,,
2026-10-05,2026-10-05,CM,BSE,STK,543939,INE0P3N01018,KAKA,M,,,,,Kaka Industries Limited,223.90,223.90,218.00,218.00,218.00,216.50,,218.00,,,2500,549475.00,4,F1,500,,,,,
2026-10-05,2026-10-05,CM,BSE,STK,543940,INE758E01017,JIOFIN,A,,,,,Jio Financial Services Limited,214.20,214.20,210.55,212.00,212.00,212.00,,212.00,,,1610021,340906640.00,11136,F1,1,,,,,
2026-10-05,2026-10-05,CM,BSE,STK,543941,INE0NEV01011,AHASOLAR,M,,,,,AHASOLAR TECHNOLOGIES LIMITED,69.00,69.00,64.36,64.36,64.36,64.36,,64.36,,,1200,80944.00,2,F1,400,,,,,
2026-10-05,2026-10-05,CM,BSE,STK,543942,INE735W01017,UTKARSHBNK,B,,,,,UTKARSH SMALL FINANCE BANK LIM,13.46,13.68,13.19,13.27,13.42,13.46,,13.22,,,527845,7049458.00,922,F1,1,,,,,
2026-10-05,2026-10-05,CM,BSE,STK,543943,INE0DN001027,ASARFI,M,,,,,ASARFI HOSPITAL LIMITED,180.00,186.00,180.00,185.95,185.95,177.00,,185.95,,,12000,2202750.00,12,F1,1000,,,,,
2026-10-05,2026-10-05,CM,BSE,STK,543944,INF769K01KR3,BANKETF,B,,,,,Mirae Asset Mutual Fund,552.42,563.02,552.42,557.46,557.44,555.20,,557.48,,,2329,1299410.00,120,F1,1,,,,,
2026-10-05,2026-10-05,CM,BSE,STK,543945,INE0NT901020,NETWEB,A,,,,,NETWEB TECHNOLOGIES INDIA LIMI,4582.70,4782.25,4540.00,4767.05,4767.05,4519.35,,4765.18,,,87427,410290672.00,8245,F1,1,,,,,
2026-10-05,2026-10-05,CM,BSE,STK,543946,INF769K01KS1,LIQUID,F,,,,,Mirae Asset Mutual Fund,1000.01,1000.01,1000.00,1000.00,1000.00,1000.00,,999.99,,,13078,13078021.00,33,F1,1,,,,,
2026-10-05,2026-10-05,CM,BSE,STK,543947,INF740KA1SZ6,SENSEXADD,B,,,,,DSP BSE Sensex ETF,75.10,75.11,74.68,74.69,74.69,73.99,,74.78,,,306,22967.00,9,F1,1,,,,,
2026-10-05,2026-10-05,CM,BSE,STK,543948,INF740KA1SY9,PSUBANKADD,B,,,,,DSP NIFTY PSU BANK ETF,81.80,82.19,80.83,81.04,81.64,85.71,,81.05,,,2658,215716.00,87,F1,1,,,,,
2026-10-05,2026-10-05,CM,BSE,STK,543949,INF740KA1TA7,PVTBANKADD,B,,,,,DSP NIFTY PRIVATE BANK ETF,27.25,27.33,27.10,27.33,27.33,27.14,,27.11,,,815,22164.00,7,F1,1,,,,,
2026-10-05,2026-10-05,CM,BSE,STK,543950,INE0JO301016,YATHARTH,A,,,,,YATHARTH HOSPITAL & TRAUMA CAR,1022.50,1036.35,995.00,1003.95,1006.85,1035.25,,1003.07,,,27083,27276163.00,1752,F1,1,,,,,
2026-10-05,2026-10-05,CM,BSE,STK,543952,INE342G01023,NIITMTS,B,,,,,NIIT Learning Systems Limited,190.80,202.50,190.80,199.50,198.80,190.80,,199.61,,,10202,2018089.00,686,F1,1,,,,,
2026-10-05,2026-10-05,CM,BSE,STK,543953,INE0OWC01011,KHAZANCHI,M,,,,,Khazanchi Jewellers Limited,711.05,712.95,708.00,708.40,708.00,710.60,,708.40,,,19250,13686525.00,33,F1,250,,,,,
2026-10-05,2026-10-05,CM,BSE,STK,543954,INE0NN701020,ATL,B,,,,,Allcargo Terminals Limited,23.05,24.64,23.05,24.52,24.59,23.84,,24.49,,,10230,246459.00,199,F1,1,,,,,
2026-10-05,2026-10-05,CM,BSE,STK,543955,INE0O3901029,TREL,B,,,,,Transindia Real Estate Limited,26.78,27.89,26.36,26.87,27.89,27.33,,26.98,,,7957,212893.00,143,F1,1,,,,,
2026-10-05,2026-10-05,CM,BSE,STK,543956,INF109KC18V5,QUAL30IETF,B,,,,,ICICI Prudential Mutual Fund,19.70,19.77,19.47,19.63,19.48,19.54,,19.57,,,19061,373853.00,100,F1,1,,,,,
2026-10-05,2026-10-05,CM,BSE,STK,543957,INE0LXT01019,REDTAPE,B,,,,,REDTAPE Limited,115.00,116.10,113.50,114.00,113.90,115.55,,113.85,,,13333,1527807.00,411,F1,1,,,,,
2026-10-05,2026-10-05,CM,BSE,STK,543958,INE03HW01020,VLEGOV,B,,,,,VL E-Governance & IT Solutions,9.64,9.92,9.13,9.33,9.30,9.60,,9.32,,,15309,145269.00,144,F1,1,,,,,
2026-10-05,2026-10-05,CM,BSE,STK,543959,INE423Y01016,SBFC,A,,,,,SBFC Finance Limited,84.20,86.80,82.45,82.90,82.90,84.22,,82.84,,,104601,8719724.00,1353,F1,1,,,,,
2026-10-05,2026-10-05,CM,BSE,STK,543960,INE338H01029,CONCORDBIO,A,,,,,Concord Biotech Limited,1377.25,1387.60,1351.40,1354.65,1353.00,1375.05,,1355.77,,,10403,14233433.00,1020,F1,1,,,,,
2026-10-05,2026-10-05,CM,BSE,STK,543962,INE864X01013,DPWIRES,B,,,,,D.P. WIRES LIMITED,175.00,190.80,172.80,190.80,190.80,159.00,,196.73,,,56198,10642595.00,1033,F1,1,,,,,
2026-10-05,2026-10-05,CM,BSE,STK,543963,INE013V01011,SHELTER,M,,,,,SHELTER PHARMA LIMITED,41.19,41.20,38.00,39.20,39.20,36.25,,39.20,,,108000,4235580.00,35,F1,3000,,,,,
2026-10-05,2026-10-05,CM,BSE,STK,543965,INE395N01027,TVSSCS,B,,,,,TVS Supply Chain Solutions Lim,129.95,130.75,127.00,127.30,127.05,128.35,,127.27,,,20441,2622836.00,407,F1,1,,,,,
2026-10-05,2026-10-05,CM,BSE,STK,543969,INE0MIS01010,PYRAMID,B,,,,,Pyramid Technoplast Limited,151.65,160.80,151.65,160.20,156.55,154.55,,158.03,,,3712,576369.00,82,F1,1,,,,,
2026-10-05,2026-10-05,CM,BSE,STK,543971,INE0Q8P01029,BONDADA,M,,,,,Bondada Engineering Limited,272.00,273.65,268.60,269.85,269.95,269.50,,269.85,,,67600,18312330.00,252,F1,200,,,,,
2026-10-05,2026-10-05,CM,BSE,STK,543972,INE024001021,AEROFLEX,B,,,,,Aeroflex Industries Limited,522.65,551.45,522.65,544.85,544.85,521.40,,544.37,,,160502,86704003.00,5093,F1,1,,,,,
2026-10-05,2026-10-05,CM,BSE,STK,543974,INE0AE001013,VPRPL,B,,,,,VISHNU PRAKASH R PUNGLIA LIMIT,28.34,29.21,28.34,28.81,28.82,28.34,,28.78,,,24245,697111.00,127,F1,1,,,,,
2026-10-05,2026-10-05,CM,BSE,STK,543975,INF789F1AYX9,MIDCAPBETA,B,,,,,UTI Mutual Fund,217.00,226.84,217.00,219.00,219.00,217.07,,219.14,,,1563,341283.00,18,F1,1,,,,,
2026-10-05,2026-10-05,CM,BSE,STK,543976,INE489B01031,SHRAAITECH,X,,,,,Shradha AI Technologies Limite,19.50,20.50,18.50,19.03,19.00,19.96,,19.03,,,32454,626064.00,327,F1,1,,,,,
2026-10-05,2026-10-05,CM,BSE,STK,543977,INE0N2P01017,RISHABH,B,,,,,Rishabh Instruments Limited,710.00,712.20,680.00,686.80,687.80,700.20,,686.23,,,9956,6872493.00,536,F1,1,,,,,
2026-10-05,2026-10-05,CM,BSE,STK,543978,INE05CZ01011,RATNAVEER,B,,,,,Ratnaveer Precision Engineerin,349.10,357.35,336.90,339.20,340.00,345.10,,339.35,,,186367,64774037.00,2232,F1,1,,,,,
2026-10-05,2026-10-05,CM,BSE,STK,543980,INE682M01020,JLHL,A,,,,,Jupiter Life Line Hospitals Li,263.75,265.20,249.00,254.00,253.60,259.50,,253.90,,,76846,19434502.00,911,F1,1,,,,,
2026-10-05,2026-10-05,CM,BSE,STK,543981,INE777K01022,RRKABEL,A,,,,,R R KABEL LIMITED,2520.20,2654.50,2520.20,2646.80,2654.50,2517.00,,2647.97,,,23413,61277508.00,1717,F1,1,,,,,
2026-10-05,2026-10-05,CM,BSE,STK,543982,INE0OYE01013,QUESTFLOW,M,,,,,QUEST FLOW CONTROLS LIMITED,150.10,153.80,149.00,149.45,149.00,146.50,,149.45,,,57400,8740670.00,94,F1,200,,,,,
2026-10-05,2026-10-05,CM,BSE,STK,543983,INE0OV601013,EMSLIMITED,B,,,,,EMS LIMITED,336.50,337.00,325.10,328.15,327.55,331.25,,327.80,,,5826,1930477.00,233,F1,1,,,,,
2026-10-05,2026-10-05,CM,BSE,STK,543984,INE08U801020,SAMHI,A,,,,,Samhi Hotels Limited,154.65,155.15,150.05,150.30,150.30,154.35,,150.41,,,21852,3330473.00,348,F1,1,,,,,
2026-10-05,2026-10-05,CM,BSE,STK,543985,INE07K301024,ZAGGLE,A,,,,,ZAGGLE PREPAID OCEAN SERVICES,171.25,175.40,169.25,170.30,170.00,171.85,,170.32,,,53489,9200158.00,1099,F1,1,,,,,
2026-10-05,2026-10-05,CM,BSE,STK,543986,INE980Y01015,SOUTHWEST,B,,,,,South West Pinnacle Exploratio,186.40,203.20,179.30,197.20,203.20,181.20,,195.74,,,44801,8593717.00,846,F1,1,,,,,
2026-10-05,2026-10-05,CM,BSE,STK,543988,INE531F01023,NUVAMA,A,,,,,Nuvama Wealth Management Limit,1703.05,1865.00,1703.05,1821.20,1821.20,1703.05,,1820.81,,,249497,453782699.00,10055,F1,1,,,,,
2026-10-05,2026-10-05,CM,BSE,STK,543989,INE438K01021,KALAMANDIR,B,,,,,Sai Silks (Kalamandir) Limited,74.01,78.17,74.01,75.00,75.12,74.78,,74.98,,,47348,3598991.00,639,F1,1,,,,,
2026-10-05,2026-10-05,CM,BSE,STK,543990,INE903U01023,SIGNATURE,A,,,,,SIGNATUREGLOBAL (INDIA) LIMITE,731.60,743.00,731.60,738.05,738.55,737.65,,738.19,,,16575,12221309.00,429,F1,1,,,,,
2026-10-05,2026-10-05,CM,BSE,STK,543991,INE0P4P01011,TECHKGREEN,M,,,,,TECHKNOWGREEN SOLUTIONS LIMITE,132.00,135.45,132.00,133.80,135.45,130.20,,133.80,,,2400,320760.00,5,F1,400,,,,,
2026-10-05,2026-10-05,CM,BSE,STK,543992,INE0JR601024,YATRA,B,,,,,YATRA ONLINE LIMITED,100.40,102.30,98.55,100.85,100.60,98.55,,100.81,,,45790,4599902.00,346,F1,1,,,,,
2026-10-05,2026-10-05,CM,BSE,STK,543993,INE372M01010,ARCL,B,,,,,ARCL Organics Ltd,234.00,245.00,223.25,223.25,223.25,235.00,,229.13,,,538,121216.00,16,F1,1,,,,,
2026-10-05,2026-10-05,CM,BSE,STK,543994,INE880J01026,JSWINFRA,A,,,,,JSW Infrastructure Limited,359.10,363.95,356.65,360.00,359.80,357.40,,359.42,,,329292,118464339.00,3067,F1,1,,,,,
2026-10-05,2026-10-05,CM,BSE,STK,543995,INE0KNT01012,MVGJL,B,,,,,MANOJ VAIBHAV GEMS 'N' JEWELLE,208.00,213.95,202.30,204.15,208.85,206.85,,204.33,,,47056,9734366.00,1510,F1,1,,,,,
2026-10-05,2026-10-05,CM,BSE,STK,543996,INE851I01011,UDS,B,,,,,Updater Services Limited,207.80,212.00,207.80,210.50,211.55,209.00,,210.79,,,14852,3116317.00,272,F1,1,,,,,
2026-10-05,2026-10-05,CM,BSE,STK,543997,INE0MIO01019,ORGANICREC,M,,,,,ORGANIC RECYCLING SYSTEMS LIMI,205.00,208.70,201.00,203.75,203.80,201.20,,203.75,,,52200,10685115.00,57,F1,900,,,,,
2026-10-05,2026-10-05,CM,BSE,STK,543998,INE0JWS01017,VALIANTLAB,T,,,,,Valiant Laboratories Limited,125.00,128.20,120.00,125.50,127.80,122.10,,124.68,,,6155,756182.00,50,F1,1,,,,,
2026-10-05,2026-10-05,CM,BSE,STK,543999,INF769K01KT9,SENSEXETF,B,,,,,Mirae Asset Mutual Fund,74.52,75.07,74.28,74.73,74.75,74.44,,74.67,,,3522,262838.00,55,F1,1,,,,,
2026-10-05,2026-10-05,CM,BSE,STK,544000,INE0M7501019,CCAL,MT,,,,,CITY CROPS AGRO LIMITED,51.61,51.61,51.61,51.61,51.61,50.60,,51.61,,,6000,309660.00,1,F1,6000,,,,,
2026-10-05,2026-10-05,CM,BSE,STK,544001,INE0Q1S01010,SUNITATOOL,MT,,,,,Sunita Tools Limited,1115.00,1137.60,1103.30,1106.65,1107.00,1107.05,,1106.65,,,7625,8541081.00,45,F1,125,,,,,
2026-10-05,2026-10-05,CM,BSE,STK,544003,INE0INJ01017,PLAZACABLE,B,,,,,Plaza Wires Limited,55.10,57.83,54.81,56.07,56.16,57.69,,55.36,,,7724,429220.00,394,F1,1,,,,,
2026-10-05,2026-10-05,CM,BSE,STK,544004,INE07U701015,IRMENERGY,B,,,,,IRM ENERGY LIMITED,263.40,264.80,256.70,259.30,259.30,257.40,,259.49,,,6499,1690014.00,291,F1,1,,,,,
2026-10-05,2026-10-05,CM,BSE,STK,544006,INF769K01KV5,ITETF,B,,,,,Mirae Asset Mutual Fund,29.51,30.49,29.51,29.91,29.91,29.98,,29.95,,,194886,5885394.00,239,F1,1,,,,,
2026-10-05,2026-10-05,CM,BSE,STK,544007,INF769K01KU7,ALPHAETF,B,,,,,Mirae Asset Mutual Fund,25.33,25.39,25.10,25.15,25.17,25.00,,25.14,,,115646,2909069.00,296,F1,1,,,,,
2026-10-05,2026-10-05,CM,BSE,STK,544008,INE03EI01018,MAXESTATES,B,,,,,Max Estates Limited,560.45,575.80,557.65,562.25,562.20,567.00,,563.38,,,4677,2649646.00,259,F1,1,,,,,
2026-10-05,2026-10-05,CM,BSE,STK,544009,INE0KBH01020,BLUEJET,A,,,,,Blue Jet Healthcare Limited,549.60,549.60,529.50,530.85,533.80,542.05,,531.47,,,16807,8984622.00,1252,F1,1,,,,,
2026-10-05,2026-10-05,CM,BSE,STK,544010,INF200KA13Z8,LIQUIDSBI,F,,,,,SBI Mutual Fund,999.99,999.99,999.99,999.99,999.99,1000.01,,1000.00,,,2,1999.00,1,F1,1,,,,,
2026-10-05,2026-10-05,CM,BSE,STK,544012,INE0LMW01024,CELLO,A,,,,,Cello World Limited,332.80,341.60,325.60,340.20,341.40,322.95,,340.06,,,30824,10362008.00,1006,F1,1,,,,,
2026-10-05,2026-10-05,CM,BSE,STK,544013,INE0OH401016,KKSHL,M,,,,,KK Shah Hospitals Limited,45.00,45.00,45.00,45.00,45.00,45.00,,45.00,,,3000,135000.00,1,F1,3000,,,,,
2026-10-05,2026-10-05,CM,BSE,STK,544014,INE0J5401028,HONASA,A,,,,,Honasa Consumer Limited,431.10,443.60,426.95,441.80,443.00,428.05,,442.09,,,32126,13915684.00,938,F1,1,,,,,
2026-10-05,2026-10-05,CM,BSE,STK,544015,INE0QI101019,MISHDESIGN,M,,,,,Mish Designs Limited,37.15,37.15,37.10,37.10,37.10,36.94,,37.10,,,9500,352900.00,3,F1,500,,,,,
2026-10-05,2026-10-05,CM,BSE,STK,544020,INE818W01011,ESAFSFB,T,,,,,ESAF Small Finance Bank Ltd,42.61,43.80,41.56,42.65,42.65,43.42,,43.16,,,45583,1935745.00,338,F1,1,,,,,
2026-10-05,2026-10-05,CM,BSE,STK,544021,INE004A01022,PROTEAN,A,,,,,Protean eGov Technologies Limi,647.35,657.35,635.00,639.10,643.50,639.50,,639.05,,,24447,15822669.00,980,F1,1,,,,,
2026-10-05,2026-10-05,CM,BSE,STK,544022,INE491J01022,ASKAUTOLTD,B,,,,,ASK Automotive Limited,618.90,624.75,604.00,608.10,609.00,617.15,,608.20,,,7886,4806284.00,730,F1,1,,,,,
2026-10-05,2026-10-05,CM,BSE,STK,544023,INE0N6U01018,KALYANI,MT,,,,,Kalyani Cast-Tech Limited,1241.90,1241.90,1161.95,1163.00,1161.95,1223.10,,1163.00,,,9500,11167537.00,37,F1,250,,,,,
2026-10-05,2026-10-05,CM,BSE,STK,544026,INE202E01016,IREDA,A,,,,,Indian Renewable Energy Develo,111.05,111.95,108.50,108.90,108.90,110.80,,109.00,,,237978,26123856.00,3126,F1,1,,,,,
2026-10-05,2026-10-05,CM,BSE,STK,544027,INE007N01010,FEDFINA,B,,,,,Fedbank Financial Services Lim,149.20,153.10,148.40,149.00,149.00,149.80,,149.62,,,38423,5800090.00,670,F1,1,,,,,
2026-10-05,2026-10-05,CM,BSE,STK,544028,INE142M01025,TATATECH,A,,,,,Tata Technologies Limited,700.85,716.00,695.40,698.30,701.60,698.70,,697.58,,,28632,20214136.00,1416,F1,1,,,,,
2026-10-05,2026-10-05,CM,BSE,STK,544029,INE717W01049,GANDHAR,B,,,,,Gandhar Oil Refinery (India) L,282.80,287.30,275.60,277.60,276.00,282.65,,278.49,,,71593,20191382.00,1743,F1,1,,,,,
2026-10-05,2026-10-05,CM,BSE,STK,544030,INE00Y201027,FLAIR,B,,,,,Flair Writing Industries Limit,227.00,230.60,225.00,226.30,225.50,226.60,,226.42,,,10921,2495901.00,219,F1,1,,,,,
2026-10-05,2026-10-05,CM,BSE,STK,544037,INE0P9J01013,AMIC,M,,,,,Amic Forging Limited,2524.00,2600.00,2510.00,2576.80,2576.80,2498.40,,2576.80,,,43300,111066015.00,266,F1,100,,,,,
2026-10-05,2026-10-05,CM,BSE,STK,544042,INE0KQN01018,BAJEL,B,,,,,Bajel Projects Limited,166.60,166.60,161.75,163.50,163.15,163.55,,164.04,,,3741,612001.00,125,F1,1,,,,,
2026-10-05,2026-10-05,CM,BSE,STK,544043,INF251K01SU9,BBNPPGOLD,E,,,,,BARODA BNP PARIBAS MUTUAL FUND,144.80,144.80,140.55,141.80,141.80,141.31,,142.25,,,119,17013.00,24,F1,1,,,,,
2026-10-05,2026-10-05,CM,BSE,STK,544044,INE922K01024,INDIASHLTR,A,,,,,India Shelter Finance Corporat,646.45,652.75,637.45,645.45,649.00,646.45,,646.60,,,2580,1675966.00,176,F1,1,,,,,
2026-10-05,2026-10-05,CM,BSE,STK,544045,INE321T01012,DOMS,A,,,,,DOMS Industries Limited,2100.00,2100.00,2052.05,2075.85,2078.30,2098.35,,2079.43,,,2935,6105655.00,430,F1,1,,,,,
2026-10-05,2026-10-05,CM,BSE,STK,544046,INE616N01034,INOXINDIA,A,,,,,INOX India Limited,2168.00,2200.00,2073.00,2088.60,2103.85,2171.90,,2089.09,,,20339,43578226.00,1935,F1,1,,,,,
2026-10-05,2026-10-05,CM,BSE,STK,544047,INE0QSK01017,SIYARAM,M,,,,,Siyaram Recycling Industries L,34.08,34.79,34.04,34.60,34.60,34.04,,34.60,,,16500,568425.00,11,F1,1500,,,,,
2026-10-05,2026-10-05,CM,BSE,STK,544052,INE0Q2Z01013,BENCHMARK,M,,,,,Benchmark Computer Solutions L,47.00,48.40,47.00,47.90,48.40,44.00,,47.90,,,6000,287400.00,3,F1,2000,,,,,
2026-10-05,2026-10-05,CM,BSE,STK,544053,INE0FRK01020,MOTISONS,B,,,,,Motisons Jewellers Limited,18.06,18.38,17.56,17.81,17.65,17.87,,17.74,,,1009206,18156954.00,788,F1,1,,,,,
2026-10-05,2026-10-05,CM,BSE,STK,544054,INE843S01025,SURAJEST,B,,,,,Suraj Estate Developers Limite,196.55,214.40,196.55,207.95,209.05,200.55,,208.38,,,10088,2114724.00,358,F1,1,,,,,
2026-10-05,2026-10-05,CM,BSE,STK,544055,INE046W01019,MUTHOOTMF,B,,,,,Muthoot Microfin Limited,174.50,181.05,174.50,176.50,175.40,174.25,,176.39,,,15352,2710525.00,509,F1,1,,,,,
2026-10-05,2026-10-05,CM,BSE,STK,544057,INE330T01021,HAPPYFORGE,B,,,,,Happy Forgings Limited,1995.95,2059.00,1991.05,2010.40,2001.45,2004.30,,2013.07,,,10283,20888899.00,931,F1,1,,,,,
2026-10-05,2026-10-05,CM,BSE,STK,544058,INE220Q01020,MUFTI,B,,,,,Credo Brands Marketing Limited,70.02,70.92,69.45,70.00,70.00,70.91,,69.70,,,2735,191135.00,69,F1,1,,,,,
2026-10-05,2026-10-05,CM,BSE,STK,544059,INE0QZQ01019,SHANTIDENM,M,,,,,SHANTI SPINTEX LIMITED,32.50,33.00,30.60,32.51,32.51,31.51,,32.51,,,12000,388040.00,6,F1,2000,,,,,
2026-10-05,2026-10-05,CM,BSE,STK,544060,INE0PEQ01016,RBZJEWEL,T,,,,,RBZ Jewellers Limited,185.45,194.25,185.45,187.50,187.50,195.20,,187.04,,,6835,1293615.00,113,F1,1,,,,,
2026-10-05,2026-10-05,CM,BSE,STK,544061,INE02IJ01035,AZAD,A,,,,,Azad Engineering Limited,2897.70,2936.50,2845.00,2927.85,2929.00,2860.05,,2927.24,,,67979,196717322.00,4612,F1,1,,,,,
2026-10-05,2026-10-05,CM,BSE,STK,544066,INE0Q3R01026,SUNCLAY,B,,,,,SUNDARAM-CLAYTON LIMITED,1189.70,1192.00,1171.90,1174.15,1172.05,1180.60,,1174.80,,,121,143604.00,30,F1,1,,,,,
2026-10-05,2026-10-05,CM,BSE,STK,544067,INE0DUT01020,INNOVACAP,B,,,,,INNOVA CAPTAB LIMITED,1167.00,1191.70,1120.95,1145.15,1145.00,1167.60,,1145.34,,,15252,17347400.00,1040,F1,1,,,,,
2026-10-05,2026-10-05,CM,BSE,STK,544072,INE0QFT01015,AIKPIPES,M,,,,,AIK Pipes and Polymers Limited,25.65,25.65,25.65,25.65,25.65,27.00,,25.65,,,2400,61560.00,3,F1,800,,,,,
2026-10-05,2026-10-05,CM,BSE,STK,544074,INE0RNZ01014,SBVCL,MT,,,,,Shri Balaji Valve Components L,125.50,125.50,122.55,122.55,122.55,129.00,,122.55,,,5400,663570.00,9,F1,600,,,,,
2026-10-05,2026-10-05,CM,BSE,STK,544079,INE0PSC01024,DIGIDRIVE,B,,,,,DIGIDRIVE DISTRIBUTORS LIMITED,20.69,20.70,17.50,17.87,17.99,17.53,,17.83,,,6546,118769.00,106,F1,1,,,,,
2026-10-05,2026-10-05,CM,BSE,STK,544081,INE980O01024,JYOTICNC,A,,,,,Jyoti CNC Automation Limited,1041.80,1060.45,1011.60,1021.95,1025.25,1034.95,,1028.44,,,64488,66851392.00,2088,F1,1,,,,,
2026-10-05,2026-10-05,CM,BSE,STK,544082,INE0GEN01012,SWANAGRO,M,,,,,New Swan Multitech Limited,39.57,40.00,39.57,39.90,39.90,38.00,,39.90,,,12000,477200.00,6,F1,2000,,,,,
2026-10-05,2026-10-05,CM,BSE,STK,544083,INE0QIS01011,SHREE,M,,,,,Shree Marutinandan Tubes Limit,45.00,45.00,45.00,45.00,45.00,44.85,,45.00,,,500,22500.00,1,F1,500,,,,,
2026-10-05,2026-10-05,CM,BSE,STK,544088,INE456Z01021,MEDIASSIST,A,,,,,Medi Assist Healthcare Service,301.35,302.20,294.45,297.90,296.30,298.95,,297.30,,,14643,4363561.00,574,F1,1,,,,,
2026-10-05,2026-10-05,CM,BSE,STK,544089,INF0R8F01034,LIQUIDCASE,F,,,,,Zerodha Mutual Fund,116.22,116.24,116.22,116.24,116.24,116.21,,116.22,,,1164648,135367708.00,890,F1,1,,,,,
2026-10-05,2026-10-05,CM,BSE,STK,544090,INE07G501017,SHPLPUNE,X,,,,,Sayaji Hotels (Pune) Limited,804.00,878.00,804.00,848.30,848.30,847.85,,848.30,,,29,23522.00,6,F1,1,,,,,
2026-10-05,2026-10-05,CM,BSE,STK,544091,INE0Q1R01012,QLL,MT,,,,,Qualitek Labs Limited,580.00,585.00,575.00,575.00,575.00,579.00,,575.00,,,7600,4409640.00,18,F1,400,,,,,
2026-10-05,2026-10-05,CM,BSE,STK,544092,INF0QA701722,NIFTYBETF,B,,,,,Bajaj Finserv Mutual Fund,232.00,233.96,230.13,233.48,233.48,235.66,,232.63,,,112,26029.00,29,F1,1,,,,,
2026-10-05,2026-10-05,CM,BSE,STK,544093,INF0QA701714,BANKBETF,B,,,,,Bajaj Finserv Mutual Fund,54.80,57.50,54.50,55.67,55.67,55.05,,55.75,,,2416,134745.00,17,F1,1,,,,,
2026-10-05,2026-10-05,CM,BSE,STK,544094,INE0PYT01018,EUPHORIAIT,M,,,,,Euphoria Infotech (India) Limi,27.63,27.63,27.63,27.63,27.63,27.61,,27.63,,,1200,33156.00,1,F1,1200,,,,,
2026-10-05,2026-10-05,CM,BSE,STK,544095,INE0G5901015,EPACK,B,,,,,EPACK Durable Limited,174.15,174.15,167.55,168.25,168.05,171.55,,168.13,,,12851,2196446.00,328,F1,1,,,,,
2026-10-05,2026-10-05,CM,BSE,STK,544100,INE02H701025,NOVAAGRI,B,,,,,Nova Agritech Limited,22.07,23.00,21.92,22.41,22.50,22.35,,22.40,,,11654,261719.00,142,F1,1,,,,,
2026-10-05,2026-10-05,CM,BSE,STK,544102,INF789F1AZD8,ITBETA,B,,,,,UTI Mutual Fund,299.31,299.97,299.31,299.97,299.97,294.99,,297.84,,,45,13469.00,3,F1,1,,,,,
2026-10-05,2026-10-05,CM,BSE,STK,544103,INF789F1AZE6,GILT5BETA,F,,,,,UTI Mutual Fund,65.56,65.56,65.56,65.56,65.56,65.62,,66.20,,,87,5703.00,1,F1,1,,,,,
2026-10-05,2026-10-05,CM,BSE,STK,544104,INF789F1AZF3,GILT10BETA,F,,,,,UTI Mutual Fund,26.46,26.46,25.94,25.94,25.94,26.53,,26.59,,,2,52.00,2,F1,1,,,,,
2026-10-05,2026-10-05,CM,BSE,STK,544105,INE0OLZ01015,HARSHDEEP,M,,,,,HARSHDEEP HORTICO LIMITED,88.00,88.00,88.00,88.00,88.00,88.00,,88.00,,,4500,396000.00,2,F1,1500,,,,,
2026-10-05,2026-10-05,CM,BSE,STK,544106,INE0R5Z01015,MCFL,MT,,,,,Mayank Cattle Food Limited,102.00,102.00,102.00,102.00,102.00,100.00,,102.00,,,2400,244800.00,2,F1,1200,,,,,
2026-10-05,2026-10-05,CM,BSE,STK,544107,INE0NLT01010,BLSE,B,,,,,BLS E-Services Limited,317.20,328.00,316.10,318.05,321.80,322.05,,319.12,,,14130,4539189.00,420,F1,1,,,,,
2026-10-05,2026-10-05,CM,BSE,STK,544108,INE0QZF01012,GPSL,M,,,,,Gabriel Pet Straps Limited,80.20,80.85,80.20,80.85,80.85,77.00,,80.85,,,5400,435810.00,8,F1,600,,,,,
2026-10-05,2026-10-05,CM,BSE,STK,544109,INF740KA1ZG1,HEALTHADD,B,,,,,DSP NIFTY Healthcare ETF,16.09,16.18,16.04,16.13,16.13,16.23,,16.10,,,2873,46251.00,17,F1,1,,,,,
2026-10-05,2026-10-05,CM,BSE,STK,544110,INF179KC1HW4,HDFCPSUBK,B,,,,,HDFC Mutual Fund,82.00,82.25,80.79,81.82,81.86,80.70,,81.13,,,3217,262306.00,90,F1,1,,,,,
2026-10-05,2026-10-05,CM,BSE,STK,544111,INE988S01028,PARKHOTELS,B,,,,,Apeejay Surrendra Park Hotels,105.00,105.00,100.55,103.65,103.00,103.90,,103.83,,,17259,1771926.00,224,F1,1,,,,,
2026-10-05,2026-10-05,CM,BSE,STK,544112,INE0QXV01014,JGTL,X,,,,,JASCH GAUGING TECHNOLOGIES LIM,550.00,551.00,527.50,528.15,527.50,554.50,,528.15,,,233,125158.00,16,F1,1,,,,,
2026-10-05,2026-10-05,CM,BSE,STK,544117,INE0KGZ01021,SIGNPOST,B,,,,,Signpost India Limited,263.75,263.75,255.65,262.35,262.35,262.85,,260.85,,,2846,739287.00,131,F1,1,,,,,
2026-10-05,2026-10-05,CM,BSE,STK,544118,INE953L01027,JSFB,A,,,,,JANA SMALL FINANCE BANK LIMITE,480.05,501.00,480.05,498.35,496.55,482.95,,498.59,,,13174,6521435.00,649,F1,1,,,,,
2026-10-05,2026-10-05,CM,BSE,STK,544119,INE0J1F01024,RPTECH,B,,,,,Rashi Peripherals Limited,955.65,978.75,935.20,943.70,943.70,954.65,,943.46,,,30751,29143726.00,1215,F1,1,,,,,
2026-10-05,2026-10-05,CM,BSE,STK,544120,INE646H01017,CAPITALSFB,B,,,,,Capital Small Finance Bank Ltd,278.30,285.00,273.40,278.50,277.00,278.10,,279.52,,,1247,346211.00,209,F1,1,,,,,
2026-10-05,2026-10-05,CM,BSE,STK,544121,INE0OYK01010,RUDRAGAS,M,,,,,Rudra Gas Enterprise Limited,70.50,70.50,70.50,70.50,70.50,73.88,,70.50,,,1000,70500.00,1,F1,1000,,,,,
2026-10-05,2026-10-05,CM,BSE,STK,544122,INE010601016,ENTERO,B,,,,,Entero Healthcare Solutions Li,1680.60,1709.70,1648.70,1695.15,1689.40,1682.65,,1696.98,,,4706,7905984.00,817,F1,1,,,,,
2026-10-05,2026-10-05,CM,BSE,STK,544123,INF767K01RN1,LICNMID100,B,,,,,LIC Mutual Fund,60.18,60.18,58.84,59.13,59.13,59.10,,59.38,,,1677,99218.00,22,F1,1,,,,,
2026-10-05,2026-10-05,CM,BSE,STK,544124,INE0QTF01015,VSTL,B,,,,,VIBHOR STEEL TUBES LIMITED,108.85,110.30,107.85,108.65,108.65,109.20,,109.03,,,2710,294290.00,63,F1,1,,,,,
2026-10-05,2026-10-05,CM,BSE,STK,544129,INE696F01016,JUNIPER,B,,,,,Juniper Hotels Limited,215.40,218.45,214.25,215.95,216.50,214.10,,216.00,,,1761,379301.00,127,F1,1,,,,,
2026-10-05,2026-10-05,CM,BSE,STK,544130,INF769K01LC3,SMALLCAP,B,,,,,Mirae Asset Mutual Fund,47.81,47.81,47.08,47.44,47.54,47.43,,47.47,,,76074,3608923.00,730,F1,1,,,,,
2026-10-05,2026-10-05,CM,BSE,STK,544131,INE486R01017,GPTHEALTH,B,,,,,GPT Healthcare Limited,150.70,155.65,149.05,149.75,150.10,150.60,,149.57,,,4099,617841.00,237,F1,1,,,,,
2026-10-05,2026-10-05,CM,BSE,STK,544132,INF0R8F01042,GOLDCASE,E,,,,,Zerodha Mutual Fund,23.22,23.22,22.94,23.14,23.15,23.15,,23.13,,,562942,12972515.00,1429,F1,1,,,,,
2026-10-05,2026-10-05,CM,BSE,STK,544133,INE777F01014,EXICOM,B,,,,,EXICOM TELE-SYSTEMS LIMITED,153.85,154.70,149.20,150.75,150.75,151.05,,150.77,,,29894,4538359.00,399,F1,1,,,,,
2026-10-05,2026-10-05,CM,BSE,STK,544134,INE0PT501018,PLATIND,B,,,,,Platinum Industries Limited,206.55,207.50,199.40,203.95,204.00,201.10,,203.83,,,3569,724639.00,112,F1,1,,,,,
2026-10-05,2026-10-05,CM,BSE,STK,544135,INE0CG401037,MUKKA,T,,,,,Mukka Proteins Limited,25.77,26.75,25.60,26.75,26.75,25.48,,26.68,,,30653,802487.00,119,F1,1,,,,,
2026-10-05,2026-10-05,CM,BSE,STK,544136,INE0NQ801033,RKSWAMY,B,,,,,R K Swamy Limited,87.40,87.40,85.05,87.06,87.00,87.39,,86.08,,,1634,140546.00,97,F1,1,,,,,
2026-10-05,2026-10-05,CM,BSE,STK,544137,INE0NHL23019,INDUSINVIT,IF,,,,,Indus Infra Trust,127.26,130.28,127.26,129.14,128.89,128.48,,128.87,,,10891,1406549.00,438,F1,1,,,,,
2026-10-05,2026-10-05,CM,BSE,STK,544138,INE0MB501011,JGCHEM,B,,,,,J.G.Chemicals Limited,609.05,628.35,604.95,609.40,610.25,610.65,,609.64,,,11519,7091963.00,472,F1,1,,,,,
2026-10-05,2026-10-05,CM,BSE,STK,544139,INE0M8R01011,KOURA,MT,,,,,KOURA FINE DIAMOND JEWELRY LIM,53.50,53.50,53.00,53.15,53.50,52.80,,53.15,,,12000,638500.00,5,F1,2000,,,,,
2026-10-05,2026-10-05,CM,BSE,STK,544140,INE0L9R01028,GOPAL,B,,,,,Gopal Snacks Limited,257.00,259.85,250.15,254.05,254.45,254.60,,253.86,,,8525,2150915.00,234,F1,1,,,,,
2026-10-05,2026-10-05,CM,BSE,STK,544141,INE510U01018,PESB,M,,,,,Pune E - Stock Broking Limited,255.00,265.00,255.00,255.95,255.00,255.00,,255.95,,,24000,6244400.00,29,F1,800,,,,,
2026-10-05,2026-10-05,CM,BSE,STK,544142,INE0PB301013,SCILAL,B,,,,,Shipping Corporation of India,37.14,37.32,36.25,37.25,37.25,36.66,,37.26,,,39079,1450249.00,567,F1,1,,,,,
2026-10-05,2026-10-05,CM,BSE,STK,544144,INE772T01024,PVSL,B,,,,,Popular Vehicles and Services,97.90,97.90,89.30,90.84,90.42,90.15,,91.00,,,3071,279979.00,88,F1,1,,,,,
2026-10-05,2026-10-05,CM,BSE,STK,544149,INE0QN801017,KRYSTAL,B,,,,,KRYSTAL INTEGRATED SERVICES LI,602.35,674.05,602.35,653.55,651.65,612.00,,654.61,,,2513,1645929.00,207,F1,1,,,,,
2026-10-05,2026-10-05,CM,BSE,STK,544150,INE0QVH01025,KPGEL,M,,,,,KP GREEN ENGINEERING LIMITED,291.00,291.00,277.00,278.15,278.15,282.80,,278.15,,,41000,11624325.00,134,F1,250,,,,,
2026-10-05,2026-10-05,CM,BSE,STK,544151,INE0AH901011,CHATHA,MT,,,,,CHATHA FOODS LIMITED,106.50,107.00,100.00,105.95,105.95,102.15,,105.95,,,15000,1555450.00,15,F1,1000,,,,,
2026-10-05,2026-10-05,CM,BSE,STK,544156,INE0QHY01011,GCONNECT,MT,,,,,Gconnect Logitech and Supply C,11.30,11.55,11.30,11.55,11.55,11.00,,11.55,,,52500,604875.00,15,F1,1500,,,,,
2026-10-05,2026-10-05,CM,BSE,STK,544157,INE0OMZ01013,VRUDDHI,M,,,,,Vruddhi Engineering Works Limi,161.00,161.00,161.00,161.00,161.00,160.00,,161.00,,,500,80500.00,1,F1,500,,,,,
2026-10-05,2026-10-05,CM,BSE,STK,544158,INE0R6Z01013,SRM,B,,,,,SRM CONTRACTORS LIMITED,397.25,406.55,394.70,399.35,395.50,398.95,,398.81,,,4818,1926046.00,265,F1,1,,,,,
2026-10-05,2026-10-05,CM,BSE,STK,544159,INF740KA1UM0,LIQUIDADD,F,,,,,DSP BSE LIQUID RATE ETF,1147.71,1147.73,1147.71,1147.73,1147.73,1147.58,,1147.71,,,126112,144742154.00,21,F1,1,,,,,
2026-10-05,2026-10-05,CM,BSE,STK,544160,INE0MSS01019,JAYKAILASH,MT,,,,,Jay Kailash Namkeen Limited,55.75,56.00,53.05,55.39,55.39,55.75,,55.39,,,54400,2982240.00,23,F1,1600,,,,,
2026-10-05,2026-10-05,CM,BSE,STK,544161,INE266Y01019,DPABHUSHAN,B,,,,,D P ABHUSHAN LIMITED,1925.05,2200.00,1882.35,2154.50,2164.20,1877.55,,2131.64,,,38917,79131382.00,2609,F1,1,,,,,
2026-10-05,2026-10-05,CM,BSE,STK,544162,INE343G01021,BHARTIHEXA,A,,,,,Bharti Hexacom Limited,1381.05,1396.15,1371.30,1383.10,1384.00,1380.00,,1383.10,,,4075,5641261.00,490,F1,1,,,,,
2026-10-05,2026-10-05,CM,BSE,STK,544163,INE0S0701019,GVL,M,,,,,Greenhitech Ventures Limited,38.92,38.92,38.92,38.92,38.92,39.93,,38.92,,,1000,38920.00,1,F1,1000,,,,,
2026-10-05,2026-10-05,CM,BSE,STK,544164,INE0Q9W01015,FAALCON,MT,,,,,Faalcon Concepts Limited,36.56,37.50,36.56,37.50,37.50,37.22,,37.50,,,8000,294760.00,4,F1,2000,,,,,
2026-10-05,2026-10-05,CM,BSE,STK,544165,INE0SGR01013,SHIVAM,M,,,,,SHIVAM CHEMICALS LIMITED,144.00,149.00,144.00,145.00,145.00,140.00,,145.00,,,51000,7465500.00,21,F1,1500,,,,,
2026-10-05,2026-10-05,CM,BSE,STK,544166,INE0SDC01012,EMMFORCE,MT,,,,,EMMFORCE AUTOTECH LIMITED,174.10,183.90,173.65,182.00,182.00,182.65,,182.00,,,22800,4012320.00,19,F1,1200,,,,,
2026-10-05,2026-10-05,CM,BSE,STK,544167,INE0OAF01028,JNKINDIA,B,,,,,JNK India Limited,471.35,471.35,430.00,431.40,430.65,432.05,,432.18,,,3347,1464673.00,211,F1,1,,,,,
2026-10-05,2026-10-05,CM,BSE,STK,544169,INE0QSB01016,AMKAY,M,,,,,Amkay Products Limited,69.25,75.99,69.25,72.00,72.00,72.40,,72.00,,,18000,1292980.00,9,F1,2000,,,,,
2026-10-05,2026-10-05,CM,BSE,STK,544170,INE0QXT01018,DKUAL,M,,,,,Dolphin Kitchen Utensils and A,7.60,7.60,7.59,7.59,7.59,7.44,,7.59,,,6000,45580.00,2,F1,2000,,,,,
2026-10-05,2026-10-05,CM,BSE,STK,544171,INE0RGM01016,STAL,MT,,,,,Storage Technologies and Autom,32.31,32.31,32.28,32.28,32.28,33.97,,32.28,,,4000,129144.00,5,F1,800,,,,,
2026-10-05,2026-10-05,CM,BSE,STK,544172,INE065X01017,INDGN,A,,,,,Indegene Limited,595.40,605.00,588.00,598.35,597.50,594.00,,598.45,,,31581,18913207.00,1724,F1,1,,,,,
2026-10-05,2026-10-05,CM,BSE,STK,544173,INE0QOQ01013,FTL,MT,,,,,Finelistings Technologies Limi,17.82,17.82,17.82,17.82,17.82,16.98,,17.82,,,2000,35640.00,2,F1,1000,,,,,
2026-10-05,2026-10-05,CM,BSE,STK,544174,INE673O01025,TBOTEK,A,,,,,TBO TEK LIMITED,1667.15,1698.55,1650.40,1656.20,1656.20,1674.35,,1656.98,,,2722,4537169.00,395,F1,1,,,,,
2026-10-05,2026-10-05,CM,BSE,STK,544175,INE0SMU01015,TGIF,M,,,,,TGIF AGRIBUSINESS LIMITED,110.00,110.00,110.00,110.00,110.00,106.00,,110.00,,,1200,132000.00,1,F1,1200,,,,,
2026-10-05,2026-10-05,CM,BSE,STK,544176,INE883F01010,AADHARHFC,A,,,,,Aadhar Housing Finance Limited,445.25,455.40,445.25,453.35,453.35,448.65,,453.66,,,24904,11238039.00,1092,F1,1,,,,,
2026-10-05,2026-10-05,CM,BSE,STK,544177,INE0SCB01016,AZTEC,M,,,,,Aztec Fluids & Machinery Limit,92.00,92.00,89.00,91.00,91.00,95.79,,91.00,,,15000,1373250.00,10,F1,1000,,,,,
2026-10-05,2026-10-05,CM,BSE,STK,544179,INE03JT01014,GODIGIT,A,,,,,Go Digit General Insurance Lim,255.85,257.70,252.55,255.70,255.00,256.45,,256.01,,,124485,31698302.00,955,F1,1,,,,,
2026-10-05,2026-10-05,CM,BSE,STK,544180,INF769K01LJ8,MIDSMALL,B,,,,,Mirae Asset Mutual Fund,49.78,49.78,49.35,49.57,49.50,49.37,,49.59,,,1816,89973.00,123,F1,1,,,,,
2026-10-05,2026-10-05,CM,BSE,STK,544181,INE108V01019,AWFIS,A,,,,,Awfis Space Solutions Limited,235.00,243.65,234.10,236.00,234.10,235.25,,235.60,,,12314,2935710.00,620,F1,1,,,,,
2026-10-05,2026-10-05,CM,BSE,STK,544182,INF0QA701854,LIQUIDBETF,F,,,,,Bajaj Finserv Mutual Fund,1108.00,1108.00,1100.36,1101.62,1101.62,1101.45,,1101.63,,,378,415988.00,9,F1,1,,,,,
2026-10-05,2026-10-05,CM,BSE,STK,544184,INE02L001032,BOROSCI,B,,,,,Borosil Scientific Limited,115.05,115.05,111.70,112.15,112.15,112.25,,112.15,,,1400,158803.00,71,F1,1,,,,,
2026-10-05,2026-10-05,CM,BSE,STK,544185,INE257C01014,ADTECH,X,,,,,ADTECH SYSTEMS LIMITED,41.00,41.00,38.21,39.13,39.10,39.85,,39.13,,,886,35442.00,52,F1,1,,,,,
2026-10-05,2026-10-05,CM,BSE,STK,544186,INE0TT901016,TOTEM,X,,,,,Forbes Precision Tools and Mac,143.60,149.00,137.40,138.90,139.20,145.65,,138.90,,,50087,7041565.00,595,F1,1,,,,,
2026-10-05,2026-10-05,CM,BSE,STK,544187,INE0ATZ01017,KRONOX,T,,,,,KRONOX LAB SCIENCES LIMITED,214.00,214.00,196.00,197.20,197.20,205.00,,196.82,,,65643,12987580.00,87,F1,1,,,,,
2026-10-05,2026-10-05,CM,BSE,STK,544188,INE0QZ901011,MAGENTA,M,,,,,Magenta Lifecare Limited,7.89,7.89,7.33,7.33,7.33,7.89,,7.33,,,12000,92440.00,3,F1,4000,,,,,
2026-10-05,2026-10-05,CM,BSE,STK,544189,INE0QUV01010,SATTRIX,M,,,,,SATTRIX INFORMATION SECURITY L,304.35,304.35,289.15,289.15,289.15,304.35,,289.15,,,11500,3336225.00,23,F1,500,,,,,
2026-10-05,2026-10-05,CM,BSE,STK,544190,INE0R7D01018,3CIT,M,,,,,3C IT Solutions and Telecoms (,15.45,15.45,15.45,15.45,15.45,16.00,,15.45,,,2000,30900.00,1,F1,2000,,,,,
2026-10-05,2026-10-05,CM,BSE,STK,544191,INE0CYK01015,PURPLEFIN,X,,,,,Purple Finance Limited,67.00,71.91,67.00,71.22,71.25,68.18,,71.22,,,54899,3829353.00,129,F1,1,,,,,
2026-10-05,2026-10-05,CM,BSE,STK,544192,INE0HV901016,IXIGO,A,,,,,Le Travenues Technology Limite,161.95,165.45,159.65,160.45,161.05,161.95,,160.98,,,52150,8464625.00,1248,F1,1,,,,,
2026-10-05,2026-10-05,CM,BSE,STK,544193,INF0R8F01059,MID150CASE,B,,,,,Zerodha Mutual Fund,11.16,11.16,10.92,11.00,11.02,10.89,,10.95,,,58381,641580.00,404,F1,1,,,,,
2026-10-05,2026-10-05,CM,BSE,STK,544194,INF0R8F01067,TOP100CASE,B,,,,,Zerodha Mutual Fund,10.29,10.29,9.87,9.94,9.87,9.91,,9.94,,,50598,502688.00,269,F1,1,,,,,
2026-10-05,2026-10-05,CM,BSE,STK,544196,INF251K01TL6,BBNPNBETF,B,,,,,BARODA BNP PARIBAS MUTUAL FUND,53.90,55.38,53.90,55.24,55.24,55.65,,55.40,,,555,30657.00,5,F1,1,,,,,
2026-10-05,2026-10-05,CM,BSE,STK,544197,INE03DD01011,RETAIL,T,,,,,JHS SVENDGAARD RETAIL VENTURES,36.05,36.05,32.63,32.63,32.63,34.34,,33.10,,,5988,203635.00,54,F1,1,,,,,
2026-10-05,2026-10-05,CM,BSE,STK,544198,INE841L01016,DEEDEV,B,,,,,DEE DEVELOPMENT ENGINEERS LIMI,652.05,680.45,634.80,637.20,637.20,663.80,,636.96,,,14857,9792819.00,1051,F1,1,,,,,
2026-10-05,2026-10-05,CM,BSE,STK,544199,INE0RUJ01013,GEMENVIRO,M,,,,,GEM Enviro Management Limited,35.06,35.08,33.90,34.40,34.21,35.99,,34.40,,,17600,606264.00,22,F1,800,,,,,
2026-10-05,2026-10-05,CM,BSE,STK,544200,INE916Y01027,AFIL,B,,,,,Akme Fintrade (India) Limited,7.99,8.11,7.67,7.84,7.75,7.85,,7.77,,,27443,213150.00,50,F1,1,,,,,
2026-10-05,2026-10-05,CM,BSE,STK,544201,INE0S6R01027,DFPL,MT,,,,,DINDIGUL FARM PRODUCT LIMITED,31.15,31.15,29.67,31.15,31.15,29.67,,31.15,,,76000,2353720.00,33,F1,2000,,,,,
2026-10-05,2026-10-05,CM,BSE,STK,544202,INE01A001028,STANLEY,B,,,,,STANLEY LIFESTYLES LIMITED,135.90,139.85,134.00,135.05,134.45,136.70,,135.11,,,5987,821575.00,173,F1,1,,,,,
2026-10-05,2026-10-05,CM,BSE,STK,544203,INE552Z01027,ABDL,A,,,,,Allied Blenders and Distillers,682.00,700.00,681.00,696.50,697.10,679.40,,696.74,,,28492,19608890.00,987,F1,1,,,,,
2026-10-05,2026-10-05,CM,BSE,STK,544204,INE0S2V01010,VRAJ,B,,,,,VRAJ IRON AND STEEL LIMITED,122.15,125.00,119.95,121.00,120.05,122.15,,122.08,,,8670,1062757.00,97,F1,1,,,,,
2026-10-05,2026-10-05,CM,BSE,STK,544205,INE0PO601011,NPL,XT,,,,,National Peroxide Limited,605.00,605.00,580.00,598.95,600.00,602.80,,598.95,,,1560,911524.00,77,F1,1,,,,,
2026-10-05,2026-10-05,CM,BSE,STK,544206,INF200KB1217,SBISILVER,E,,,,,SBI Mutual Fund,215.01,217.65,214.80,217.23,217.65,214.17,,217.32,,,97726,21119450.00,695,F1,1,,,,,
2026-10-05,2026-10-05,CM,BSE,STK,544207,INE375Y01018,RELIABLE,B,,,,,Reliable Data Services Limited,143.40,143.90,139.65,139.65,139.65,142.95,,142.37,,,253,36059.00,15,F1,1,,,,,
2026-10-05,2026-10-05,CM,BSE,STK,544209,INE0B9K01025,BANSALWIRE,B,,,,,Bansal Wire Industries Limited,323.55,326.65,321.05,323.25,323.05,322.80,,323.05,,,1501,485946.00,159,F1,1,,,,,
2026-10-05,2026-10-05,CM,BSE,STK,544210,INE168P01015,EMCURE,A,,,,,Emcure Pharmaceuticals Limited,1935.00,1962.20,1919.40,1938.65,1937.05,1943.60,,1937.14,,,2291,4435121.00,450,F1,1,,,,,
2026-10-05,2026-10-05,CM,BSE,STK,544211,INF209KC1134,ABGSEC,F,,,,,Aditya Birla Sun Life Mutual F,113.08,113.08,113.08,113.08,113.08,112.83,,113.31,,,1,113.00,1,F1,1,,,,,
2026-10-05,2026-10-05,CM,BSE,STK,544212,INF769K01LQ3,EVINDIA,B,,,,,Mirae Asset Mutual Fund,30.03,30.24,29.91,30.02,30.12,30.03,,30.04,,,41278,1240091.00,369,F1,1,,,,,
2026-10-05,2026-10-05,CM,BSE,STK,544213,INE0T3401029,ACLD,M,,,,,AELEA COMMODITIES LIMITED,146.00,148.50,138.90,143.25,143.00,145.45,,143.25,,,57000,8186040.00,91,F1,600,,,,,
2026-10-05,2026-10-05,CM,BSE,STK,544214,INE0UK501010,THREEMPAPE,M,,,,,THREE M PAPER BOARDS LIMITED,23.25,23.25,23.25,23.25,23.25,23.00,,23.25,,,4000,93000.00,2,F1,2000,,,,,
2026-10-05,2026-10-05,CM,BSE,STK,544215,INF200KB1282,SBINEQWETF,B,,,,,SBI Mutual Fund,31.41,31.55,31.00,31.00,31.00,31.07,,31.27,,,1316,40920.00,30,F1,1,,,,,
2026-10-05,2026-10-05,CM,BSE,STK,544216,INF109KC18W3,OILIETF,B,,,,,ICICI Prudential Mutual Fund,10.75,10.80,10.49,10.65,10.70,10.68,,10.68,,,37295,398487.00,633,F1,1,,,,,
2026-10-05,2026-10-05,CM,BSE,STK,544217,INE08NE01025,SANSTAR,B,,,,,SANSTAR LIMITED,102.10,106.15,102.10,104.65,105.30,102.95,,104.73,,,7335,767889.00,291,F1,1,,,,,
2026-10-05,2026-10-05,CM,BSE,STK,544218,INF209KB19Z4,ABSLPSE,B,,,,,Aditya Birla Sun Life Mutual F,9.87,9.87,9.61,9.74,9.74,9.82,,9.72,,,12804,123967.00,103,F1,1,,,,,
2026-10-05,2026-10-05,CM,BSE,STK,544219,INE0MNP01016,VVIPIL,M,,,,,VVIP Infratech Limited,142.90,142.90,137.10,138.65,139.95,142.90,,138.65,,,13200,1839150.00,16,F1,600,,,,,
2026-10-05,2026-10-05,CM,BSE,STK,544221,INE0RMR01013,KIZI,MT,,,,,Kizi Apparels Limited,16.50,16.55,16.15,16.15,16.15,17.00,,16.15,,,9000,147600.00,3,F1,3000,,,,,
2026-10-05,2026-10-05,CM,BSE,STK,544222,INE09XN01023,AKUMS,B,,,,,Akums Drugs and Pharmaceutical,818.15,825.65,797.85,800.60,797.85,813.50,,801.32,,,10143,8201324.00,472,F1,1,,,,,
2026-10-05,2026-10-05,CM,BSE,STK,544223,INE0AG901020,CEIGALL,B,,,,,Ceigall India Limited,378.75,386.00,373.10,384.00,381.30,380.30,,383.95,,,11151,4236867.00,413,F1,1,,,,,
2026-10-05,2026-10-05,CM,BSE,STK,544224,INE0OXY01013,AFCOM,M,,,,,Afcom Holdings Limited,1538.00,1538.00,1460.00,1471.00,1461.00,1481.30,,1471.00,,,57960,85424550.00,261,F1,120,,,,,
2026-10-05,2026-10-05,CM,BSE,STK,544225,INE0LXG01040,OLAELEC,A,,,,,Ola Electric Mobility Limited,37.08,37.25,36.51,36.69,36.69,37.09,,36.68,,,3466339,127812551.00,7392,F1,1,,,,,
2026-10-05,2026-10-05,CM,BSE,STK,544226,INE02RE01045,FIRSTCRY,A,,,,,Brainbees Solutions Limited,175.20,177.25,171.40,172.10,172.10,174.80,,172.01,,,141762,24687831.00,1499,F1,1,,,,,
2026-10-05,2026-10-05,CM,BSE,STK,544227,INE00U401027,UNIECOM,B,,,,,UNICOMMERCE ESOLUTIONS LIMITED,83.99,83.99,81.20,81.61,81.50,82.47,,81.54,,,8274,679336.00,113,F1,1,,,,,
2026-10-05,2026-10-05,CM,BSE,STK,544229,INF109KC19W1,METALIETF,B,,,,,ICICI Prudential Mutual Fund,12.74,12.86,12.36,12.55,12.54,12.61,,12.55,,,533193,6701720.00,1126,F1,1,,,,,
2026-10-05,2026-10-05,CM,BSE,STK,544230,INE0PQ101010,SSDL,B,,,,,SARASWATI SAREE DEPOT LIMITED,67.89,75.00,67.89,69.95,69.70,69.55,,69.76,,,16872,1220319.00,837,F1,1,,,,,
2026-10-05,2026-10-05,CM,BSE,STK,544231,INE0SFZ01018,BROACH,M,,,,,BROACH LIFECARE HOSPITAL LIMIT,14.00,14.00,14.00,14.00,14.00,15.00,,14.00,,,6000,84000.00,1,F1,6000,,,,,
2026-10-05,2026-10-05,CM,BSE,STK,544232,INE00M901018,INTERARCH,B,,,,,Interarch Building Solutions L,1708.00,1708.00,1644.85,1662.85,1665.00,1665.10,,1661.72,,,1297,2150541.00,180,F1,1,,,,,
2026-10-05,2026-10-05,CM,BSE,STK,544233,INE0US801024,MFML,B,,,,,Mahalaxmi Fabric Mills Limited,19.59,20.99,19.47,19.91,19.47,19.25,,18.26,,,40,796.00,4,F1,1,,,,,
2026-10-05,2026-10-05,CM,BSE,STK,544234,INE0URU01010,GLOBALE,B,,,,,Globale Tessile Limited,10.18,10.18,10.18,10.18,10.18,10.18,,10.24,,,3,30.00,2,F1,1,,,,,
2026-10-05,2026-10-05,CM,BSE,STK,544235,INE0PPK01015,ORIENTTECH,B,,,,,Orient Technologies Limited,229.90,233.40,221.00,222.50,226.45,229.05,,222.47,,,12799,2885223.00,435,F1,1,,,,,
2026-10-05,2026-10-05,CM,BSE,STK,544236,INE0SK201011,RAL,M,,,,,Resourceful Automobile Limited,47.60,47.60,47.60,47.60,47.60,50.10,,47.60,,,1200,57120.00,1,F1,1200,,,,,
2026-10-05,2026-10-05,CM,BSE,STK,544238,INE0BS701011,PREMIERENE,A,,,,,Premier Energies Limited,880.10,893.20,864.80,888.00,888.00,876.75,,891.87,,,29896,26172685.00,1426,F1,1,,,,,
2026-10-05,2026-10-05,CM,BSE,STK,544239,INE06HJ01020,ECOSMOBLTY,B,,,,,ECOS (India) Mobility & Hospit,108.00,108.00,105.00,105.60,105.40,104.75,,105.45,,,2721,287823.00,193,F1,1,,,,,
2026-10-05,2026-10-05,CM,BSE,STK,544240,INE02ID01020,RAYMONDLSL,A,,,,,Raymond Lifestyle Limited,639.25,639.25,622.60,628.65,632.35,628.20,,628.84,,,9502,5971035.00,472,F1,1,,,,,
2026-10-05,2026-10-05,CM,BSE,STK,544241,INF769K01LX9,MULTICAP,B,,,,,Mirae Asset Mutual Fund,15.86,15.91,15.77,15.86,15.86,15.77,,15.83,,,19572,310366.00,298,F1,1,,,,,
2026-10-05,2026-10-05,CM,BSE,STK,544242,INE0SG001011,TRAVELS,M,,,,,Travels & rentals Limited,9.10,9.10,8.30,8.30,8.30,9.00,,8.30,,,9000,77250.00,3,F1,3000,,,,,
2026-10-05,2026-10-05,CM,BSE,STK,544243,INE01FR01028,STYLEBAAZA,B,,,,,Baazar Style Retail Limited,365.85,375.10,354.65,359.40,362.00,368.60,,359.88,,,43649,15925020.00,819,F1,1,,,,,
2026-10-05,2026-10-05,CM,BSE,STK,544244,INE0RE001014,GALAPREC,B,,,,,Gala Precision Engineering Lim,1157.05,1200.00,1150.00,1162.70,1159.80,1159.65,,1160.18,,,6808,8019822.00,511,F1,1,,,,,
2026-10-05,2026-10-05,CM,BSE,STK,544246,INE0DAB01012,RVTH,B,,,,,Revathi Equipment India Limite,809.00,809.00,731.30,734.10,732.00,778.00,,726.97,,,375,288394.00,57,F1,1,,,,,
2026-10-05,2026-10-05,CM,BSE,STK,544247,INF740KA1UR9,TOP10ADD,B,,,,,DSP Nifty Top 10 Equal Weight,82.95,83.36,82.58,83.35,83.36,82.35,,83.07,,,32690,2713885.00,290,F1,1,,,,,
2026-10-05,2026-10-05,CM,BSE,STK,544248,INE0UYT01018,MACHLTD,M,,,,,MACH TRAVEL SOLUTIONS LIMITED,190.20,203.00,185.25,193.75,203.00,193.65,,193.75,,,9600,1816290.00,15,F1,600,,,,,
2026-10-05,2026-10-05,CM,BSE,STK,544249,INE0S2G01011,BALAJEE,B,,,,,SHREE TIRUPATI BALAJEE AGRO TR,27.00,27.00,24.56,24.98,25.00,25.76,,24.80,,,6985,173924.00,33,F1,1,,,,,
2026-10-05,2026-10-05,CM,BSE,STK,544250,INE0UOS01011,SANOFICONR,B,,,,,Sanofi Consumer Healthcare Ind,3786.85,3786.85,3727.00,3748.15,3741.90,3779.30,,3752.49,,,491,1836566.00,131,F1,1,,,,,
2026-10-05,2026-10-05,CM,BSE,STK,544251,INE0LY301010,SSL,MT,,,,,Share Samadhan Limited,40.50,40.50,40.50,40.50,40.50,41.00,,40.50,,,3200,129600.00,2,F1,1600,,,,,
2026-10-05,2026-10-05,CM,BSE,STK,544252,INE377Y01014,BAJAJHFL,A,,,,,Bajaj Housing Finance Limited,83.61,84.00,81.61,82.77,82.77,82.93,,82.79,,,523848,43270364.00,5193,F1,1,,,,,
2026-10-05,2026-10-05,CM,BSE,STK,544253,INE0O6601022,KROSS,B,,,,,Kross Limited,259.15,264.35,251.85,253.90,253.00,258.55,,253.62,,,38349,9843913.00,641,F1,1,,,,,
2026-10-05,2026-10-05,CM,BSE,STK,544254,INE0RWQ01014,TOLINS,B,,,,,Tolins Tyres Limited,83.69,87.04,83.69,84.78,85.99,85.40,,85.10,,,2655,226235.00,142,F1,1,,,,,
2026-10-05,2026-10-05,CM,BSE,STK,544256,INE953R01016,PNGJL,B,,,,,P N GADGIL JEWELLERS LIMITED,589.95,589.95,572.10,573.45,573.40,581.90,,573.30,,,15867,9168865.00,1160,F1,1,,,,,
2026-10-05,2026-10-05,CM,BSE,STK,544258,INE0CJF01024,WCIL,B,,,,,Western Carriers (India) Limit,91.40,93.79,87.55,88.28,89.93,93.22,,89.24,,,16172,1468849.00,345,F1,1,,,,,
2026-10-05,2026-10-05,CM,BSE,STK,544259,INE0PZB01013,PFL,M,,,,,POPULAR FOUNDATIONS LIMITED,28.45,28.45,28.45,28.45,28.45,28.80,,28.45,,,3000,85350.00,1,F1,3000,,,,,
2026-10-05,2026-10-05,CM,BSE,STK,544260,INE850M01015,NORTHARC,A,,,,,Northern Arc Capital Ltd.,291.45,294.70,288.10,289.20,288.10,288.70,,289.45,,,23679,6906951.00,353,F1,1,,,,,
2026-10-05,2026-10-05,CM,BSE,STK,544261,INE0QRL01017,ARKADE,B,,,,,ARKADE DEVELOPERS LIMITED,121.00,122.85,119.00,119.85,119.65,119.25,,120.03,,,12928,1565053.00,260,F1,1,,,,,
2026-10-05,2026-10-05,CM,BSE,STK,544262,INE939X01013,MANBA,B,,,,,Manba Finance Limited,138.00,145.10,138.00,138.75,139.70,139.95,,138.60,,,10292,1429868.00,129,F1,1,,,,,
2026-10-05,2026-10-05,CM,BSE,STK,544263,INE0Q3J01015,KRN,A,,,,,KRN HEAT EXCHANGER AND REFRIGE,1412.10,1440.00,1380.10,1395.70,1395.70,1416.40,,1392.80,,,11248,15925297.00,1217,F1,1,,,,,
2026-10-05,2026-10-05,CM,BSE,STK,544264,INE184O01015,DIFFNKG,B,,,,,Diffusion Engineers Limited,468.00,476.65,448.35,451.45,449.55,464.75,,451.29,,,26384,12192035.00,751,F1,1,,,,,
2026-10-05,2026-10-05,CM,BSE,STK,544265,INE0QUL01011,NEXXUS,M,,,,,Nexxus Petro Industries Limite,64.60,64.60,64.60,64.60,64.60,66.80,,64.60,,,1200,77520.00,1,F1,1200,,,,,
2026-10-05,2026-10-05,CM,BSE,STK,544266,INF769K01LZ4,BANKPSU,B,,,,,Mirae Asset Mutual Fund,78.18,81.61,78.18,80.91,80.91,80.19,,80.82,,,513,41363.00,20,F1,1,,,,,
2026-10-05,2026-10-05,CM,BSE,STK,544267,INE0U6201010,SUBAM,M,,,,,SUBAM PAPERS LIMITED,222.00,225.00,217.10,219.35,219.00,219.75,,219.35,,,11200,2467480.00,14,F1,800,,,,,
2026-10-05,2026-10-05,CM,BSE,STK,544268,INF769K01LY7,METAL,B,,,,,Mirae Asset Mutual Fund,13.18,13.18,12.28,12.60,12.61,12.60,,12.61,,,171604,2167024.00,872,F1,1,,,,,
2026-10-05,2026-10-05,CM,BSE,STK,544269,INE471R01019,NPFL,M,,,,,NEOPOLITAN PIZZA AND FOODS LIM,6.17,6.37,6.17,6.37,6.37,7.00,,6.37,,,18000,113100.00,3,F1,6000,,,,,
2026-10-05,2026-10-05,CM,BSE,STK,544270,INE0S9501014,KGVL,M,,,,,Khyati Global Ventures Limited,41.00,41.00,41.00,41.00,41.00,43.99,,41.00,,,1200,49200.00,1,F1,1200,,,,,
2026-10-05,2026-10-05,CM,BSE,STK,544271,INE0JVO01026,GARUDA,B,,,,,Garuda Construction and Engine,172.00,174.45,170.15,171.20,171.20,172.40,,171.11,,,26923,4610378.00,351,F1,1,,,,,
2026-10-05,2026-10-05,CM,BSE,STK,544272,INE0YRO01015,SHIVTEXCHEM,M,,,,,SHIV TEXCHEM LIMITED,112.00,118.90,112.00,116.00,118.90,116.15,,116.00,,,2400,272940.00,5,F1,400,,,,,
2026-10-05,2026-10-05,CM,BSE,STK,544273,INE0APB01032,MGEL,B,,,,,MANGALAM GLOBAL ENTERPRISE LIM,14.70,15.94,14.70,15.67,15.67,15.34,,15.79,,,15443,241237.00,66,F1,1,,,,,
2026-10-05,2026-10-05,CM,BSE,STK,544274,INE0V6F01027,HYUNDAI,A,,,,,HYUNDAI MOTOR INDIA LIMITED,2012.55,2028.60,1981.75,1996.00,1996.00,2025.00,,1999.93,,,21627,43320844.00,2407,F1,1,,,,,
2026-10-05,2026-10-05,CM,BSE,STK,544275,INF109KC16X5,VAL30IETF,B,,,,,ICICI Prudential Mutual Fund,14.43,14.45,14.26,14.35,14.35,14.25,,14.33,,,3617,51901.00,29,F1,1,,,,,
2026-10-05,2026-10-05,CM,BSE,STK,544276,INE0OPA01027,DBEIL,B,,,,,Deepak Builders and Engineers,6.55,6.74,6.12,6.50,6.50,6.54,,6.40,,,19322,125593.00,93,F1,1,,,,,
2026-10-05,2026-10-05,CM,BSE,STK,544277,INE377N01017,WAAREEENER,A,,,,,Waaree Energies Limited,2350.00,2366.40,2324.00,2342.00,2342.00,2342.90,,2345.31,,,52667,123390602.00,4863,F1,1,,,,,
2026-10-05,2026-10-05,CM,BSE,STK,544278,INE0PK601023,OCCLLTD,T,,,,,OCCL Limited,191.00,201.95,185.00,197.10,198.00,193.55,,197.78,,,10404,2011877.00,170,F1,1,,,,,
2026-10-05,2026-10-05,CM,BSE,STK,544279,INE497S01012,GODAVARIB,B,,,,,Godavari Biorefineries Limited,229.05,232.75,224.00,225.40,224.00,229.00,,225.01,,,8349,1889755.00,303,F1,1,,,,,
2026-10-05,2026-10-05,CM,BSE,STK,544280,INE101I01011,AFCONS,A,,,,,Afcons Infrastructure Limited,242.10,246.90,238.95,242.90,240.00,242.65,,241.66,,,51769,12521524.00,1278,F1,1,,,,,
2026-10-05,2026-10-05,CM,BSE,STK,544281,INE00YB01025,ABINFRA,T,,,,,A B INFRABUILD LIMITED,12.55,12.88,12.20,12.62,12.62,12.44,,12.35,,,775,9832.00,17,F1,1,,,,,
2026-10-05,2026-10-05,CM,BSE,STK,544282,INE0W2G01015,SAGILITY,A,,,,,Sagility Limited,43.20,43.80,42.22,42.60,42.60,43.12,,42.57,,,715038,30749611.00,3129,F1,1,,,,,
2026-10-05,2026-10-05,CM,BSE,STK,544283,INE622W01025,ACMESOLAR,A,,,,,ACME Solar Holdings Limited,435.05,440.00,424.00,427.75,426.80,432.45,,427.65,,,39800,17135772.00,1325,F1,1,,,,,
2026-10-05,2026-10-05,CM,BSE,STK,544284,INF769K01MY5,LIQUIDPLUS,F,,,,,Mirae Asset Mutual Fund,1106.10,1106.12,1106.10,1106.11,1106.11,1105.98,,1106.10,,,1720,1902518.00,12,F1,1,,,,,
2026-10-05,2026-10-05,CM,BSE,STK,544285,INE00H001014,SWIGGY,A,,,,,SWIGGY LIMITED,239.00,246.00,237.35,238.25,238.25,238.00,,238.79,,,4208456,1010361754.00,5408,F1,1,,,,,
2026-10-05,2026-10-05,CM,BSE,STK,544286,INE995S01015,NIVABUPA,A,,,,,NIVA BUPA HEALTH INSURANCE COM,72.02,77.17,72.02,75.77,75.77,73.05,,75.85,,,137494,10364619.00,2594,F1,1,,,,,
2026-10-05,2026-10-05,CM,BSE,STK,544288,INE0UIZ01018,BLACKBUCK,A,,,,,BlackBuck Limited,615.05,618.40,596.45,599.00,599.50,606.35,,599.37,,,24393,14867278.00,1367,F1,1,,,,,
2026-10-05,2026-10-05,CM,BSE,STK,544289,INE0ONG01011,NTPCGREEN,A,,,,,NTPC GREEN ENERGY LIMITED,90.86,91.67,89.55,90.11,90.15,91.11,,90.09,,,183692,16606075.00,2936,F1,1,,,,,
2026-10-05,2026-10-05,CM,BSE,STK,544290,INE0LLY01014,EIEL,B,,,,,ENVIRO INFRA ENGINEERS LIMITED,186.05,187.25,178.35,180.60,181.30,184.15,,180.61,,,75519,13729283.00,1575,F1,1,,,,,
2026-10-05,2026-10-05,CM,BSE,STK,544291,INE0VN801010,RAJESH,M,,,,,RAJESH POWER SERVICES LIMITED,747.00,751.60,721.85,737.65,731.50,733.50,,737.65,,,28700,21217040.00,215,F1,100,,,,,
2026-10-05,2026-10-05,CM,BSE,STK,544292,INE013P01021,ONESOURCE,A,,,,,Onesource Specialty Pharma Lim,1503.30,1515.00,1472.00,1489.95,1489.95,1509.75,,1488.33,,,7677,11475676.00,623,F1,1,,,,,
2026-10-05,2026-10-05,CM,BSE,STK,544293,INE877V01027,SURAKSHA,B,,,,,SURAKSHA DIAGNOSTIC LIMITED,350.25,351.25,330.55,331.05,332.35,350.25,,331.81,,,8559,2874084.00,216,F1,1,,,,,
2026-10-05,2026-10-05,CM,BSE,STK,544294,INE0OJW01016,ROSSTECH,B,,,,,Rossell Techsys Limited,1544.20,1625.00,1508.05,1608.30,1608.30,1520.25,,1607.26,,,28415,44334175.00,2558,F1,1,,,,,
2026-10-05,2026-10-05,CM,BSE,STK,544296,INE0DQN01013,NISUS,M,,,,,NISUS FINANCE SERVICES CO LIMI,168.00,181.00,168.00,172.35,172.50,160.50,,172.35,,,48000,8428920.00,102,F1,400,,,,,
2026-10-05,2026-10-05,CM,BSE,STK,544301,INE054301028,ODIGMA,B,,,,,Odigma Consultancy Solutions L,20.76,21.40,20.55,20.81,20.74,20.88,,20.70,,,2310,48173.00,127,F1,1,,,,,
2026-10-05,2026-10-05,CM,BSE,STK,544302,INE403Y01018,INNOVANA,B,,,,,Innovana Thinklabs Limited,292.80,305.00,290.00,302.15,302.00,291.45,,302.29,,,10151,2995961.00,112,F1,1,,,,,
2026-10-05,2026-10-05,CM,BSE,STK,544303,INE0XAY01012,TTC,M,,,,,TOSS THE COIN LIMITED,164.50,166.00,163.80,166.00,166.00,163.00,,166.00,,,1800,296850.00,6,F1,300,,,,,
2026-10-05,2026-10-05,CM,BSE,STK,544305,INE0HLU01028,MOBIKWIK,B,,,,,One Mobikwik Systems Limited,196.25,205.15,196.25,201.75,201.90,196.40,,201.79,,,86273,17498104.00,1673,F1,1,,,,,
2026-10-05,2026-10-05,CM,BSE,STK,544306,INE570L01029,SAILIFE,A,,,,,Sai Life Sciences Limited,1551.05,1556.75,1501.90,1511.75,1509.00,1539.90,,1511.31,,,20921,31897671.00,1526,F1,1,,,,,
2026-10-05,2026-10-05,CM,BSE,STK,544307,INE01EA01019,VMM,A,,,,,Vishal Mega Mart Limited,100.25,100.35,98.10,98.30,98.30,99.60,,98.25,,,482238,47750109.00,4312,F1,1,,,,,
2026-10-05,2026-10-05,CM,BSE,STK,544308,INE168C01013,HILLTONE,X,,,,,Hilltone Software and Gases Lt,38.50,38.78,36.10,37.74,37.99,38.50,,37.74,,,126116,4728693.00,22,F1,1,,,,,
2026-10-05,2026-10-05,CM,BSE,STK,544309,INE115Q01022,IKS,A,,,,,INVENTURUS KNOWLEDGE SOLUTIONS,1778.75,1794.75,1750.00,1761.10,1760.00,1775.90,,1766.68,,,5197,9203575.00,601,F1,1,,,,,
2026-10-05,2026-10-05,CM,BSE,STK,544310,INE00GK01023,YASHHV,M,,,,,Yash Highvoltage Limited,1127.00,1168.00,1113.10,1155.60,1160.00,1105.75,,1155.60,,,131500,150239387.00,480,F1,250,,,,,
2026-10-05,2026-10-05,CM,BSE,STK,544311,INE0Q9301021,IGIL,A,,,,,International Gemological Inst,314.70,320.75,311.20,316.20,316.00,312.00,,316.25,,,37616,11868932.00,1964,F1,1,,,,,
2026-10-05,2026-10-05,CM,BSE,STK,544312,INE0QBD01018,HAMPS,M,,,,,HAMPS BIO LIMITED,25.44,25.44,25.44,25.44,25.44,25.44,,25.44,,,4000,101760.00,1,F1,4000,,,,,
2026-10-05,2026-10-05,CM,BSE,STK,544314,INE0JPD01013,SANATHAN,B,,,,,Sanathan Textiles Limited,507.55,531.00,507.55,527.00,526.50,503.85,,528.28,,,9421,4924503.00,298,F1,1,,,,,
2026-10-05,2026-10-05,CM,BSE,STK,544315,INE037Z01029,CEWATER,B,,,,,Concord Enviro Systems Limited,253.90,264.95,250.40,257.80,256.90,253.90,,259.04,,,7998,2049069.00,459,F1,1,,,,,
2026-10-05,2026-10-05,CM,BSE,STK,544316,INE284H01025,DAMCAPITAL,B,,,,,DAM Capital Advisors Limited,146.10,150.00,145.90,146.90,147.30,147.25,,146.76,,,15359,2265784.00,428,F1,1,,,,,
2026-10-05,2026-10-05,CM,BSE,STK,544317,INE454P01035,TRANSRAILL,A,,,,,Transrail Lighting Limited,476.70,476.70,460.40,462.85,465.35,475.80,,462.76,,,42842,19995135.00,1383,F1,1,,,,,
2026-10-05,2026-10-05,CM,BSE,STK,544318,INE0TO701015,MAMATA,B,,,,,MAMATA MACHINERY LIMITED,396.25,406.50,393.55,402.55,402.05,402.40,,402.93,,,4889,1957564.00,256,F1,1,,,,,
2026-10-05,2026-10-05,CM,BSE,STK,544319,INE0RB801010,SENORES,A,,,,,SENORES PHARMACEUTICALS LIMITE,1376.00,1376.05,1305.65,1322.70,1320.60,1349.00,,1321.25,,,8919,11799368.00,617,F1,1,,,,,
2026-10-05,2026-10-05,CM,BSE,STK,544320,INE0V7W01012,CARRARO,B,,,,,CARRARO INDIA LIMITED,519.00,525.65,507.80,519.00,518.00,517.95,,518.91,,,5960,3095712.00,514,F1,1,,,,,
2026-10-05,2026-10-05,CM,BSE,STK,544321,INE781S01027,VENTIVE,B,,,,,Ventive Hospitality Limited,545.50,562.00,543.05,547.85,551.40,555.80,,547.99,,,2076,1138338.00,141,F1,1,,,,,
2026-10-05,2026-10-05,CM,BSE,STK,544322,INE0U3I01011,UNIMECH,B,,,,,Unimech Aerospace and Manufact,1798.30,1850.00,1753.90,1841.05,1843.00,1772.20,,1844.73,,,21908,39560020.00,1481,F1,1,,,,,
2026-10-05,2026-10-05,CM,BSE,STK,544323,INF769K01NS5,CONSUMER,B,,,,,Mirae Asset Mutual Fund,11.09,11.20,11.09,11.16,11.16,11.09,,11.15,,,30228,336644.00,58,F1,1,,,,,
2026-10-05,2026-10-05,CM,BSE,STK,544324,INE0A8401016,CITICHEM,M,,,,,Citichem India Limited,16.75,18.73,16.00,16.00,16.00,16.00,,16.00,,,8000,137760.00,4,F1,2000,,,,,
2026-10-05,2026-10-05,CM,BSE,STK,544325,INE379A01028,ITCHOTELS,A,,,,,ITC Hotels Limited,159.50,160.65,158.25,158.90,158.90,158.75,,158.96,,,114382,18227110.00,2593,F1,1,,,,,
2026-10-05,2026-10-05,CM,BSE,STK,544326,INF754K01TX4,ECAPINSURE,B,,,,,Edelweiss Mutual Fund,22.52,23.58,22.52,22.81,22.76,23.36,,22.91,,,57419,1314233.00,110,F1,1,,,,,
2026-10-05,2026-10-05,CM,BSE,STK,544327,INE0ZHT01012,TECHNICHEM,MT,,,,,TECHNICHEM ORGANICS LIMITED,56.00,56.00,54.05,54.05,54.05,54.87,,54.05,,,6000,332100.00,3,F1,2000,,,,,
2026-10-05,2026-10-05,CM,BSE,STK,544328,INE622H01018,INDOFARM,B,,,,,INDO FARM EQUIPMENT LIMITED,131.80,133.85,128.35,129.10,129.60,131.95,,129.42,,,6919,899414.00,228,F1,1,,,,,
2026-10-05,2026-10-05,CM,BSE,STK,544329,INE0RH001011,VANDU,M,,,,,LEO DRYFRUITS & SPICES TRADING,60.01,61.20,60.00,60.73,60.25,59.91,,60.73,,,10000,604920.00,5,F1,2000,,,,,
2026-10-05,2026-10-05,CM,BSE,STK,544330,INE0QQJ01021,PARMESHWAR,MT,,,,,PARMESHWAR METAL LIMITED,300.00,300.00,289.75,294.00,290.00,305.00,,294.00,,,27000,7913700.00,20,F1,1000,,,,,
2026-10-05,2026-10-05,CM,BSE,STK,544331,INE0Q2L01013,DAVIN,M,,,,,Davin Sons Retail Limited,14.12,14.12,14.11,14.11,14.11,14.85,,14.11,,,20000,282220.00,9,F1,2000,,,,,
2026-10-05,2026-10-05,CM,BSE,STK,544332,INE0HSD01011,FABCLEAN,M,,,,,Fabtech Cleanrooms Limited,490.00,494.00,481.05,494.00,494.00,494.00,,494.00,,,3200,1564820.00,8,F1,400,,,,,
2026-10-05,2026-10-05,CM,BSE,STK,544333,INE0M4D01010,SETL,B,,,,,STANDARD ENGINEERING TECHNOLOG,418.00,437.95,417.10,429.20,429.20,417.10,,430.02,,,114032,49387438.00,2316,F1,1,,,,,
2026-10-05,2026-10-05,CM,BSE,STK,544334,INE0FK501019,INDOBELL,MT,,,,,Indobell Insulations Limited,57.80,57.80,55.15,57.29,57.29,57.80,,57.29,,,13500,773797.00,17,F1,750,,,,,
2026-10-05,2026-10-05,CM,BSE,STK,544335,INE00ST01011,BRGIL,MT,,,,,B.R.GOYAL INFRASTRUCTURE LIMIT,184.00,190.00,184.00,190.00,190.00,185.60,,190.00,,,7000,1321850.00,7,F1,1000,,,,,
2026-10-05,2026-10-05,CM,BSE,STK,544336,INE0LRY01011,QUADFUTURE,B,,,,,Quadrant Future Tek Limited,532.00,545.25,525.85,530.25,528.90,530.75,,529.30,,,17136,9178361.00,432,F1,1,,,,,
2026-10-05,2026-10-05,CM,BSE,STK,544337,INE0NQ401024,AVAX,MT,,,,,Avax Apparels and Ornaments Li,37.68,37.68,35.90,37.60,37.60,35.90,,37.60,,,6000,222380.00,6,F1,1000,,,,,
2026-10-05,2026-10-05,CM,BSE,STK,544338,INE0Z8Z23013,CAPINVIT,IF,,,,,Capital Infra Trust,76.25,77.27,76.25,76.98,77.06,76.85,,77.04,,,15933,1224674.00,346,F1,1,,,,,
2026-10-05,2026-10-05,CM,BSE,STK,544339,INE0WO601020,LAXMIDENTL,B,,,,,Laxmi Dental Limited,204.00,204.00,188.95,190.40,192.10,193.70,,190.53,,,3915,750498.00,113,F1,1,,,,,
2026-10-05,2026-10-05,CM,BSE,STK,544340,INE0CFH01028,RIKHAV,M,,,,,Rikhav Securities Limited,51.99,52.00,51.50,51.91,51.90,51.73,,51.91,,,38400,1993584.00,6,F1,1600,,,,,
2026-10-05,2026-10-05,CM,BSE,STK,544341,INE12QA01010,LGLL,M,,,,,LANDMARK GLOBAL LEARNING LIMIT,11.25,11.40,10.45,10.86,10.45,11.00,,10.86,,,57600,646560.00,9,F1,1600,,,,,
2026-10-05,2026-10-05,CM,BSE,STK,544342,INE0RYC01010,STALLION,T,,,,,Stallion India Fluorochemicals,229.30,235.05,221.20,224.95,226.00,232.45,,224.65,,,30417,6994260.00,436,F1,1,,,,,
2026-10-05,2026-10-05,CM,BSE,STK,544343,INE0WXM01011,CNINFOTECH,M,,,,,CAPITALNUMBERS INFOTECH  LIMIT,75.00,76.98,74.32,76.00,76.00,76.58,,76.00,,,9200,693608.00,21,F1,400,,,,,
2026-10-05,2026-10-05,CM,BSE,STK,544344,INE526E01018,SHRIPISTON,A,,,,,SPR Auto Technologies Limited,4567.90,4567.90,4371.05,4404.10,4399.15,4481.25,,4398.87,,,45120,198683785.00,563,F1,1,,,,,
2026-10-05,2026-10-05,CM,BSE,STK,544345,INE0R4L01018,DENTA,B,,,,,Denta Water and Infra Solution,266.05,266.05,256.60,259.40,261.95,259.30,,260.29,,,3934,1025245.00,188,F1,1,,,,,
2026-10-05,2026-10-05,CM,BSE,STK,544346,INE0AK901016,RRECL,B,,,,,RDB Real Estate Constructions,134.00,134.00,120.20,120.20,120.20,129.90,,133.47,,,11,1336.00,3,F1,1,,,,,
2026-10-05,2026-10-05,CM,BSE,STK,544347,INE0WDX01010,CLN,MT,,,,,CLN ENERGY LIMITED,493.25,493.50,480.05,482.25,484.00,493.25,,482.25,,,2400,1161160.00,8,F1,200,,,,,
2026-10-05,2026-10-05,CM,BSE,STK,544348,INE0RWU01016,GBLOGISTIC,M,,,,,GB Logistics Commerce Limited,24.18,24.18,23.15,23.95,23.99,24.18,,23.95,,,9600,228336.00,8,F1,1200,,,,,
2026-10-05,2026-10-05,CM,BSE,STK,544349,INE0DZD01015,HMEML,M,,,,,H.M. ELECTRO MECH LIMITED,48.25,48.25,48.25,48.25,48.25,48.25,,48.25,,,6400,308800.00,4,F1,1600,,,,,
2026-10-05,2026-10-05,CM,BSE,STK,544350,INE943P01029,AGARWALEYE,A,,,,,Dr. Agarwal's Health Care Limi,489.35,489.35,475.00,483.85,484.70,487.20,,484.24,,,11949,5753163.00,796,F1,1,,,,,
2026-10-05,2026-10-05,CM,BSE,STK,544351,INE0YON01014,MALPANI,M,,,,,MALPANI PIPES AND FITTINGS LIM,66.30,66.30,66.30,66.30,66.30,64.50,,66.30,,,8000,530400.00,1,F1,1600,,,,,
2026-10-05,2026-10-05,CM,BSE,STK,544352,INF740KA1VE5,NEXT30ADD,B,,,,,DSP BSE Sensex Next 30 ETF,40.23,40.23,40.20,40.20,40.20,40.03,,40.21,,,7,281.00,3,F1,1,,,,,
2026-10-05,2026-10-05,CM,BSE,STK,544353,INE0U2L01017,AMWILL,M,,,,,Amwill Health Care Limited,43.01,43.93,42.90,43.93,43.93,43.00,,43.93,,,9600,416196.00,8,F1,1200,,,,,
2026-10-05,2026-10-05,CM,BSE,STK,544354,INE0W0H01017,SOLARIUM,M,,,,,SOLARIUM GREEN ENERGY LIMITED,123.00,126.65,121.50,122.85,122.35,121.25,,122.85,,,9900,1228110.00,30,F1,300,,,,,
2026-10-05,2026-10-05,CM,BSE,STK,544355,INE03CC01015,JUBLCPL,B,,,,,Jubilant Agri and Consumer Pro,2070.80,2077.20,1987.40,2043.60,2043.60,2030.35,,2021.80,,,403,811575.00,66,F1,1,,,,,
2026-10-05,2026-10-05,CM,BSE,STK,544356,INE274Y01021,AJAXENGG,B,,,,,AJAX Engineering Limited,585.50,600.00,584.90,593.50,590.70,585.50,,594.20,,,4583,2712543.00,419,F1,1,,,,,
2026-10-05,2026-10-05,CM,BSE,STK,544361,INE0R8101016,COVANCE,X,,,,,COVANCE SOFTSOL LIMITED,158.40,158.40,148.60,148.90,148.90,156.40,,148.90,,,3526,526044.00,55,F1,1,,,,,
2026-10-05,2026-10-05,CM,BSE,STK,544362,INE093A01041,HEXT,A,,,,,Hexaware Technologies Limited,492.15,505.70,490.00,495.25,497.25,490.10,,495.15,,,9797,4871082.00,1437,F1,1,,,,,
2026-10-05,2026-10-05,CM,BSE,STK,544363,INF582M01KS4,UNIONGOLD,E,,,,,UNION MUTUAL FUND,142.80,144.10,142.80,144.10,144.10,143.88,,144.00,,,50,7197.00,5,F1,1,,,,,
2026-10-05,2026-10-05,CM,BSE,STK,544364,INE0O9T01021,BAJAJINDEF,B,,,,,Indef Manufacturing Limited,208.00,211.00,203.00,204.45,205.20,207.40,,202.19,,,2081,427959.00,75,F1,1,,,,,
2026-10-05,2026-10-05,CM,BSE,STK,544365,INE0TD301017,SHANMUGA,M,,,,,SHANMUGA HOSPITAL LIMITED,41.30,44.50,41.30,44.00,44.00,44.60,,44.00,,,20000,863400.00,9,F1,2000,,,,,
2026-10-05,2026-10-05,CM,BSE,STK,544367,INE0SII01026,QPOWER,B,,,,,QUALITY POWER ELECTRICAL EQUIP,1566.85,1642.80,1566.85,1622.80,1622.00,1568.00,,1620.30,,,30350,49315620.00,1693,F1,1,,,,,
2026-10-05,2026-10-05,CM,BSE,STK,544368,INE0TIR01017,SWASTH,M,,,,,Swasth Foodtech India Limited,16.30,17.05,16.30,17.05,17.05,16.10,,17.05,,,3600,59580.00,3,F1,1200,,,,,
2026-10-05,2026-10-05,CM,BSE,STK,544369,INE13VU01016,BEEZAASAN,MT,,,,,Beezaasan Explotech Limited,739.55,739.55,739.55,739.55,739.55,725.05,,739.55,,,1600,1183280.00,2,F1,800,,,,,
2026-10-05,2026-10-05,CM,BSE,STK,544370,INE0VYX01018,NUKLEUS,M,,,,,NUKLEUS OFFICE SOLUTIONS LIMIT,186.00,186.00,186.00,186.00,186.00,185.00,,186.00,,,600,111600.00,1,F1,600,,,,,
2026-10-05,2026-10-05,CM,BSE,STK,544371,INE0NR501012,VIKRAMAR,XT,,,,,VIKRAM AROMA LIMITED,124.55,134.00,123.20,131.20,132.00,129.10,,131.20,,,3666,469563.00,69,F1,1,,,,,
2026-10-05,2026-10-05,CM,BSE,STK,544372,INE0RXS01018,SHREENATH,MT,,,,,SHREENATH PAPER PRODUCTS LIMIT,19.90,19.90,19.88,19.88,19.88,20.92,,19.88,,,6000,119340.00,2,F1,3000,,,,,
2026-10-05,2026-10-05,CM,BSE,STK,544373,INE0VNH01014,NAPSGLOBAL,MT,,,,,NAPS Global India Limited,65.10,65.10,64.20,64.20,64.20,65.10,,64.20,,,8000,515040.00,4,F1,1600,,,,,
2026-10-05,2026-10-05,CM,BSE,STK,544375,INF579M01BB5,GOLD360,E,,,,,360 ONE Mutual Fund,142.53,144.59,141.65,144.35,144.09,143.96,,143.76,,,1743,249657.00,45,F1,1,,,,,
2026-10-05,2026-10-05,CM,BSE,STK,544376,INF769K01ON4,SELECTIPO,B,,,,,Mirae Asset Mutual Fund,45.76,45.76,45.55,45.55,45.55,45.60,,45.79,,,3113,141984.00,5,F1,1,,,,,
2026-10-05,2026-10-05,CM,BSE,STK,544377,INF769K01OA1,EQUAL200,B,,,,,Mirae Asset Mutual Fund,13.05,13.07,12.99,13.01,13.02,12.98,,13.01,,,2691,35015.00,14,F1,1,,,,,
2026-10-05,2026-10-05,CM,BSE,STK,544379,INE0I0M01023,PRABHA,B,,,,,Prabha Energy Limited,218.00,221.80,213.70,214.80,214.70,218.05,,214.90,,,3002,653545.00,167,F1,1,,,,,
2026-10-05,2026-10-05,CM,BSE,STK,544380,INF109K1A021,CASHIETF,F,,,,,ICICI Prudential Mutual Fund,1082.42,1082.42,1082.40,1082.40,1082.40,1082.27,,1082.41,,,323,349618.00,4,F1,1,,,,,
2026-10-05,2026-10-05,CM,BSE,STK,544381,INE16IQ01014,SUPERIRON,M,,,,,Super Iron Foundry Limited,37.30,37.30,37.12,37.12,37.12,37.30,,37.12,,,2400,89304.00,2,F1,1200,,,,,
2026-10-05,2026-10-05,CM,BSE,STK,544382,INF846KA1119,VALUEAXIS,B,,,,,Axis Mutual Fund,30.38,31.41,30.38,31.23,31.27,31.16,,31.03,,,4254,130774.00,38,F1,1,,,,,
2026-10-05,2026-10-05,CM,BSE,STK,544383,INE0SMW01011,PPARIVAH,MT,,,,,PARADEEP PARIVAHAN LIMITED,300.00,303.90,290.05,301.95,303.90,302.95,,301.95,,,55200,16345980.00,18,F1,1200,,,,,
2026-10-05,2026-10-05,CM,BSE,STK,544384,INF0R8F01091,SILVERCASE,E,,,,,Zerodha Mutual Fund,22.24,22.50,22.21,22.44,22.50,22.11,,22.43,,,230119,5149548.00,467,F1,1,,,,,
2026-10-05,2026-10-05,CM,BSE,STK,544385,INF200KB1712,SBIBPB,B,,,,,SBI Mutual Fund,46.94,47.24,46.17,46.71,46.71,46.94,,46.48,,,5596,262441.00,79,F1,1,,,,,
2026-10-05,2026-10-05,CM,BSE,STK,544386,INE01EO01010,SPECTRUM,T,,,,,Spectrum Electrical Industries,3950.00,3994.00,3619.05,3815.80,3869.00,3805.35,,3838.19,,,304,1143408.00,60,F1,1,,,,,
2026-10-05,2026-10-05,CM,BSE,STK,544387,INE0TGG01014,DESCO,M,,,,,Desco Infratech Limited,176.00,179.00,166.65,168.80,170.00,175.40,,168.80,,,18000,3066600.00,35,F1,500,,,,,
2026-10-05,2026-10-05,CM,BSE,STK,544389,INF579M01BC3,SILVER360,E,,,,,360 ONE Mutual Fund,212.86,218.97,212.86,218.16,218.14,215.01,,217.83,,,2544,551238.00,58,F1,1,,,,,
2026-10-05,2026-10-05,CM,BSE,STK,544390,INE1NPP01017,ENRIN,A,,,,,Siemens Energy India Limited,3366.20,3408.00,3320.00,3335.00,3335.00,3330.00,,3316.49,,,27522,92752303.00,2927,F1,1,,,,,
2026-10-05,2026-10-05,CM,BSE,STK,544393,INE12IB01015,INFONATIVE,MT,,,,,INFONATIVE SOLUTIONS LIMITED,37.49,37.49,36.00,36.00,36.00,36.10,,36.00,,,3200,117584.00,2,F1,1600,,,,,
2026-10-05,2026-10-05,CM,BSE,STK,544394,INF109K1A153,EVIETF,B,,,,,ICICI Prudential Mutual Fund,31.53,31.53,29.82,30.11,30.11,30.86,,30.01,,,9877,296541.00,169,F1,1,,,,,
2026-10-05,2026-10-05,CM,BSE,STK,544395,INE1VXE01018,STLNETWORK,B,,,,,STL Networks Limited,46.94,46.94,44.88,44.88,44.88,47.24,,44.84,,,1563319,70829781.00,2816,F1,1,,,,,
2026-10-05,2026-10-05,CM,BSE,STK,544396,INE0FFK01017,NPST,B,,,,,Network People Services Techno,1774.10,1850.00,1760.55,1832.05,1832.05,1757.85,,1833.46,,,3197,5777411.00,348,F1,1,,,,,
2026-10-05,2026-10-05,CM,BSE,STK,544397,INE0LEZ01016,ATHERENERG,A,,,,,Ather Energy Limited,1419.95,1424.00,1388.45,1414.00,1414.00,1405.10,,1409.99,,,155699,219101162.00,5553,F1,1,,,,,
2026-10-05,2026-10-05,CM,BSE,STK,544398,INE0AOG01018,KENRIK,MT,,,,,Kenrik Industries Limited,14.25,14.34,14.25,14.34,14.34,13.66,,14.34,,,42000,601740.00,6,F1,6000,,,,,
2026-10-05,2026-10-05,CM,BSE,STK,544399,INE0RJ901010,SRIGEE,M,,,,,SRIGEE DLM LIMITED,76.25,76.25,71.00,73.84,73.84,79.45,,73.84,,,30000,2201064.00,22,F1,1200,,,,,
2026-10-05,2026-10-05,CM,BSE,STK,544400,INE0MV001018,MANOJJEWEL,M,,,,,Manoj Jewellers Limited,28.08,28.08,24.78,24.78,24.78,27.53,,24.78,,,56000,1430280.00,28,F1,2000,,,,,
2026-10-05,2026-10-05,CM,BSE,STK,544401,INF769K01OO2,EQUAL50,B,,,,,Mirae Asset Mutual Fund,309.32,310.51,309.32,310.08,310.51,307.32,,310.16,,,147,45518.00,3,F1,1,,,,,
2026-10-05,2026-10-05,CM,BSE,STK,544402,INE039O01029,JASH,B,,,,,JASH ENGINEERING LIMITED,586.20,603.60,581.05,598.35,595.00,575.60,,598.12,,,29604,17575405.00,889,F1,1,,,,,
2026-10-05,2026-10-05,CM,BSE,STK,544403,INE14LE01019,ABLBL,A,,,,,Aditya Birla Lifestyle Brands,75.71,75.71,72.34,73.40,73.40,74.43,,73.37,,,47586,3525968.00,1042,F1,1,,,,,
2026-10-05,2026-10-05,CM,BSE,STK,544404,INE16SF01016,BORANA,B,,,,,BORANA WEAVES LIMITED,274.80,275.70,269.05,269.70,269.05,272.70,,270.33,,,1970,533022.00,150,F1,1,,,,,
2026-10-05,2026-10-05,CM,BSE,STK,544405,INE894V01022,BELRISE,A,,,,,BELRISE INDUSTRIES LIMITED,238.25,240.10,230.40,231.05,231.00,237.55,,231.11,,,249935,58397163.00,4111,F1,1,,,,,
2026-10-05,2026-10-05,CM,BSE,STK,544406,INE1ABX01018,UNIFIED,M,,,,,UNIFIED DATA TECH SOLUTIONS LI,500.00,510.00,461.00,476.50,476.50,496.90,,476.50,,,57200,27370320.00,128,F1,400,,,,,
2026-10-05,2026-10-05,CM,BSE,STK,544407,INE0INX01018,AEGISVOPAK,A,,,,,AEGIS VOPAK TERMINALS LIMITED,292.00,299.20,286.25,297.05,297.05,291.30,,297.51,,,82747,24317075.00,1522,F1,1,,,,,
2026-10-05,2026-10-05,CM,BSE,STK,544408,INE0AQ201015,THELEELA,A,,,,,Leela Palaces Hotels & Resorts,562.45,581.00,562.45,577.65,578.50,568.70,,577.60,,,10450,5977630.00,915,F1,1,,,,,
2026-10-05,2026-10-05,CM,BSE,STK,544409,INE0TG901011,ASTONEALAB,M,,,,,ASTONEA LABS LIMITED,335.00,335.00,335.00,335.00,335.00,345.00,,335.00,,,1000,335000.00,1,F1,1000,,,,,
2026-10-05,2026-10-05,CM,BSE,STK,544410,INE0BX301013,PROSTARM,B,,,,,PROSTARM INFO SYSTEMS LIMITED,137.25,140.00,131.75,132.00,132.25,135.40,,132.00,,,69940,9416937.00,975,F1,1,,,,,
2026-10-05,2026-10-05,CM,BSE,STK,544411,INE090501011,SCODATUBES,B,,,,,Scoda Tubes Limited,124.00,126.10,121.00,124.60,123.25,123.10,,124.62,,,24131,2988261.00,313,F1,1,,,,,
2026-10-05,2026-10-05,CM,BSE,STK,544412,INE0TE101010,3BFILMS,M,,,,,3B FILMS LIMITED,13.70,13.70,13.11,13.11,13.11,13.05,,13.11,,,21000,285930.00,7,F1,3000,,,,,
2026-10-05,2026-10-05,CM,BSE,STK,544413,INE0U4701011,DIGITIDE,B,,,,,Digitide Solutions Limited,72.10,75.41,72.00,74.09,74.29,72.10,,74.08,,,21224,1562965.00,233,F1,1,,,,,
2026-10-05,2026-10-05,CM,BSE,STK,544414,INE0U4101014,BLUSPRING,B,,,,,Bluspring Enterprises Limited,145.80,151.60,143.25,144.50,145.40,147.90,,143.95,,,29413,4317765.00,437,F1,1,,,,,
2026-10-05,2026-10-05,CM,BSE,STK,544415,INF204KC1EZ3,SNXT30BEES,B,,,,,Nippon India Mutual Fund,40.06,40.15,39.53,39.75,39.53,43.56,,39.84,,,2768,110689.00,69,F1,1,,,,,
2026-10-05,2026-10-05,CM,BSE,STK,544416,INE0GGO01015,KRISHIVAL,B,,,,,KRISHIVAL FOODS LIMITED,400.40,408.00,399.15,403.90,408.00,395.40,,406.42,,,1106,443986.00,98,F1,1,,,,,
2026-10-05,2026-10-05,CM,BSE,STK,544418,INE0BYP01024,OSWALPUMPS,B,,,,,Oswal Pumps Limited,268.50,268.50,262.00,265.00,265.00,264.20,,265.10,,,15285,4047201.00,384,F1,1,,,,,
2026-10-05,2026-10-05,CM,BSE,STK,544419,INE0H9P01028,ARIS,B,,,,,ArisInfra Solutions Limited,141.40,142.65,137.70,139.90,142.25,138.60,,140.23,,,40963,5754831.00,580,F1,1,,,,,
2026-10-05,2026-10-05,CM,BSE,STK,544420,INE1SY401010,RAYMONDREL,B,,,,,Raymond Realty Limited,660.00,696.00,658.95,691.95,691.95,648.10,,691.85,,,92802,63038031.00,2191,F1,1,,,,,
2026-10-05,2026-10-05,CM,BSE,STK,544421,INE236E01022,ELLEN,B,,,,,ELLENBARRIE INDUSTRIAL GASES L,343.00,347.55,330.75,332.75,332.00,342.00,,332.55,,,51612,17348796.00,1304,F1,1,,,,,
2026-10-05,2026-10-05,CM,BSE,STK,544422,INE0ZDY01011,ABRFL,M,,,,,Abram Food Limited,35.00,36.70,35.00,36.70,36.70,35.49,,36.70,,,2400,86040.00,2,F1,1200,,,,,
2026-10-05,2026-10-05,CM,BSE,STK,544423,INE227J01012,KALPATARU,B,,,,,Kalpataru Limited,275.95,275.95,269.95,271.40,271.45,273.20,,272.27,,,366,99633.00,31,F1,1,,,,,
2026-10-05,2026-10-05,CM,BSE,STK,544424,INE0V3U01015,GLOBECIVIL,B,,,,,GLOBE CIVIL PROJECTS LIMITED,41.50,42.75,40.46,40.69,41.90,41.60,,41.12,,,1663,68570.00,53,F1,1,,,,,
2026-10-05,2026-10-05,CM,BSE,STK,544425,INE0XRR01010,AJCJEWEL,MT,,,,,AJC Jewel Manufacturers Limite,425.00,425.00,411.00,411.00,411.00,432.60,,411.00,,,6000,2482800.00,5,F1,1200,,,,,
2026-10-05,2026-10-05,CM,BSE,STK,544426,INE0Y0E01012,ICON,M,,,,,Icon Facilitators Limited,54.10,65.99,54.10,55.30,65.99,63.25,,55.30,,,21600,1194456.00,6,F1,1200,,,,,
2026-10-05,2026-10-05,CM,BSE,STK,544427,INF109K1A344,TOP15IETF,B,,,,,ICICI Prudential Mutual Fund,9.17,9.20,9.14,9.14,9.14,9.13,,9.17,,,1292,11810.00,13,F1,1,,,,,
2026-10-05,2026-10-05,CM,BSE,STK,544428,INE0SC101013,SEVL,M,,,,,SUPERTECH EV LIMITED,34.15,34.15,34.15,34.15,34.15,34.11,,34.15,,,1200,40980.00,1,F1,1200,,,,,
2026-10-05,2026-10-05,CM,BSE,STK,544429,INE756I01012,HDBFS,A,,,,,HDB FINANCIAL SERVICES LIMITED,621.45,625.20,615.00,622.70,622.50,618.00,,622.56,,,9971,6184372.00,515,F1,1,,,,,
2026-10-05,2026-10-05,CM,BSE,STK,544430,INE12NJ01018,SAMBHV,B,,,,,SAMBHV STEEL TUBES LIMITED,162.00,171.50,162.00,164.65,164.65,161.80,,164.66,,,356483,59305379.00,2476,F1,1,,,,,
2026-10-05,2026-10-05,CM,BSE,STK,544431,INE0S9X01011,ACEALPHA,M,,,,,Ace Alpha Tech Limited,141.95,142.00,140.25,140.25,140.25,144.00,,140.25,,,3000,424200.00,3,F1,1000,,,,,
2026-10-05,2026-10-05,CM,BSE,STK,544432,INE05J901018,IGCL,B,,,,,Indogulf Cropsciences Limited,59.00,59.00,53.30,54.07,54.01,54.02,,53.44,,,1354,73148.00,115,F1,1,,,,,
2026-10-05,2026-10-05,CM,BSE,STK,544433,INE130701019,VALINDIA,M,,,,,Valencia India Limited,17.75,17.75,17.67,17.67,17.67,17.28,,17.67,,,2400,42504.00,2,F1,1200,,,,,
2026-10-05,2026-10-05,CM,BSE,STK,544434,INE0UZO01024,NEETUYOSHI,MT,,,,,Neetu Yoshi Limited,233.00,235.20,226.95,231.15,231.15,238.85,,231.15,,,103200,23605600.00,118,F1,800,,,,,
2026-10-05,2026-10-05,CM,BSE,STK,544435,INE0W1601012,ADCOUNTY,M,,,,,ADCOUNTY MEDIA INDIA LIMITED,76.05,78.17,74.50,75.17,75.99,76.64,,75.17,,,16800,1271888.00,15,F1,800,,,,,
2026-10-05,2026-10-05,CM,BSE,STK,544437,INE0TBQ01014,MARCLOIRE,M,,,,,MARC LOIRE FASHIONS LIMITED,37.91,37.91,37.91,37.91,37.91,39.90,,37.91,,,1200,45492.00,1,F1,1200,,,,,
2026-10-05,2026-10-05,CM,BSE,STK,544438,INF769K01PB6,INTERNET,B,,,,,Mirae Asset Mutual Fund,13.31,13.51,13.29,13.46,13.46,13.22,,13.46,,,4936,66295.00,30,F1,1,,,,,
2026-10-05,2026-10-05,CM,BSE,STK,544439,INE0S4R01014,CRIZAC,B,,,,,CRIZAC LIMITED,166.90,170.65,165.95,167.60,170.00,167.65,,168.23,,,5582,939105.00,229,F1,1,,,,,
2026-10-05,2026-10-05,CM,BSE,STK,544440,INE0TL001013,CRYOGENIC,MT,,,,,CRYOGENIC OGS LIMITED,444.00,453.00,444.00,452.00,452.50,443.00,,452.00,,,13500,6082200.00,18,F1,750,,,,,
2026-10-05,2026-10-05,CM,BSE,STK,544441,INE162901016,METAINFO,M,,,,,META INFOTECH LIMITED,77.25,79.00,77.25,79.00,79.00,79.50,,79.00,,,4800,374320.00,6,F1,800,,,,,
2026-10-05,2026-10-05,CM,BSE,STK,544442,INE0VWL01017,CHEMKART,M,,,,,Chemkart India Limited,239.00,245.05,239.00,244.25,241.15,241.40,,244.25,,,8400,2049210.00,12,F1,600,,,,,
2026-10-05,2026-10-05,CM,BSE,STK,544443,INE103V01028,TRAVELFOOD,B,,,,,TRAVEL FOOD SERVICES LIMITED,1225.45,1225.45,1186.90,1205.10,1213.00,1208.00,,1204.31,,,1485,1784184.00,253,F1,1,,,,,
2026-10-05,2026-10-05,CM,BSE,STK,544444,INE0UMC01019,GLEN,MT,,,,,Glen Industries Limited,119.00,119.65,114.00,114.05,114.05,120.00,,114.05,,,15600,1802940.00,11,F1,1200,,,,,
2026-10-05,2026-10-05,CM,BSE,STK,544445,INE0SJX01015,APL,MT,,,,,ASSTON PHARMACEUTICALS LIMITED,97.00,99.00,97.00,98.00,99.00,97.40,,98.00,,,2000,196000.00,2,F1,1000,,,,,
2026-10-05,2026-10-05,CM,BSE,STK,544446,INE28GN01010,ADVENTHTL,B,,,,,Advent Hotels International Li,124.00,125.60,122.00,123.70,124.95,123.40,,123.13,,,7451,924411.00,133,F1,1,,,,,
2026-10-05,2026-10-05,CM,BSE,STK,544447,INE0NAZ01010,SMARTWORKS,B,,,,,SMARTWORKS COWORKING SPACES LI,507.35,512.05,496.30,498.20,499.10,509.85,,497.80,,,1302,657548.00,265,F1,1,,,,,
2026-10-05,2026-10-05,CM,BSE,STK,544448,INE124Y01028,PASHUPATI,B,,,,,Pashupati Cotspin Limited,82.62,82.62,72.56,73.90,74.95,79.02,,74.02,,,34165,2630376.00,900,F1,1,,,,,
2026-10-05,2026-10-05,CM,BSE,STK,544449,INE0CZ201020,ANTHEM,A,,,,,Anthem Biosciences Limited,856.05,856.05,840.10,851.95,850.25,854.05,,851.90,,,22143,18819327.00,1534,F1,1,,,,,
2026-10-05,2026-10-05,CM,BSE,STK,544450,INE0TGX01019,CHEMBONDCH,T,,,,,CHEMBOND CHEMICALS  LIMITED,213.10,225.00,213.10,224.00,224.00,224.25,,214.86,,,1700,367970.00,37,F1,1,,,,,
2026-10-05,2026-10-05,CM,BSE,STK,544451,INE0LCG01010,MONIKA,M,,,,,MONIKA ALCOBEV LIMITED,118.00,145.60,115.05,145.60,145.60,121.35,,145.60,,,44000,6230580.00,85,F1,400,,,,,
2026-10-05,2026-10-05,CM,BSE,STK,544452,INE0PTF01017,SWASTIKAAL,MT,,,,,Swastika Castal Limited,109.20,109.20,108.20,108.20,108.20,108.30,,108.20,,,4000,434800.00,2,F1,2000,,,,,
2026-10-05,2026-10-05,CM,BSE,STK,544453,INE0V0L01028,MSECL,M,,,,,Monarch Surveyors and Engineer,244.15,245.95,243.10,243.10,243.10,244.20,,243.10,,,4200,1028100.00,5,F1,600,,,,,
2026-10-05,2026-10-05,CM,BSE,STK,544454,INE06ST01018,INDIQUBE,B,,,,,INDIQUBE SPACES LIMITED,195.55,197.90,194.00,196.40,196.40,196.35,,197.40,,,457,89924.00,24,F1,1,,,,,
2026-10-05,2026-10-05,CM,BSE,STK,544455,INE18JU01028,EBGNG,B,,,,,GNG Electronics Limited,705.80,718.85,691.50,696.40,696.40,705.10,,695.49,,,33091,23269903.00,1550,F1,1,,,,,
2026-10-05,2026-10-05,CM,BSE,STK,544456,INE219Y01026,RMDRIP,T,,,,,R M DRIP AND SPRINKLERS SYSTEM,22.66,23.70,22.62,23.33,23.68,23.51,,23.36,,,42733,985788.00,185,F1,1,,,,,
2026-10-05,2026-10-05,CM,BSE,STK,544457,INE03NU01014,BRIGHOTEL,B,,,,,Brigade Hotel Ventures Limited,56.10,57.30,56.10,57.01,57.26,56.53,,57.06,,,4686,267218.00,208,F1,1,,,,,
2026-10-05,2026-10-05,CM,BSE,STK,544458,INE0FMZ01045,SHREEREF,M,,,,,SHREE REFRIGERATIONS LIMITED,397.45,404.00,386.00,392.95,391.50,394.70,,392.95,,,86000,33968175.00,161,F1,500,,,,,
2026-10-05,2026-10-05,CM,BSE,STK,544459,INE06ZD01017,SHANTIGOLD,B,,,,,SHANTI GOLD INTERNATIONAL LIMI,314.00,323.90,308.75,316.65,318.00,303.00,,316.60,,,221142,69781530.00,2832,F1,1,,,,,
2026-10-05,2026-10-05,CM,BSE,STK,544460,INE161701011,PATELCHEM,M,,,,,PATEL CHEM SPECIALITIES LIMITE,131.70,141.65,130.00,137.90,139.00,120.55,,137.90,,,212800,29253600.00,121,F1,1600,,,,,
2026-10-05,2026-10-05,CM,BSE,STK,544461,INE505V01016,EUROBOND,B,,,,,Euro Panel Products Limited,145.25,149.00,145.00,145.30,145.00,149.80,,144.43,,,71,10315.00,16,F1,1,,,,,
2026-10-05,2026-10-05,CM,BSE,STK,544463,INE15WN01014,REPONO,M,,,,,REPONO LIMITED,83.80,85.80,82.50,85.56,85.00,78.00,,85.56,,,94800,8050188.00,74,F1,1200,,,,,
2026-10-05,2026-10-05,CM,BSE,STK,544464,INE1P1A01018,UML,MT,,,,,Umiya Mobile Limited,84.25,85.00,83.50,84.00,83.50,85.22,,84.00,,,10000,844500.00,5,F1,2000,,,,,
2026-10-05,2026-10-05,CM,BSE,STK,544465,INE06WU01026,LAXMIINDIA,B,,,,,LAXMI INDIA FINANCE LIMITED,119.80,120.20,112.20,113.25,114.35,118.40,,112.95,,,9644,1115154.00,215,F1,1,,,,,
2026-10-05,2026-10-05,CM,BSE,STK,544466,INE819V01029,CPPLUS,A,,,,,Aditya Infotech Limited,3873.15,3989.05,3799.10,3989.05,3989.05,3799.10,,3989.50,,,13773,54166635.00,1337,F1,1,,,,,
2026-10-05,2026-10-05,CM,BSE,STK,544467,INE301O01023,NSDL,A,,,,,National Securities Depository,753.00,757.00,747.25,750.10,750.10,752.75,,750.10,,,297124,223102192.00,14564,F1,1,,,,,
2026-10-05,2026-10-05,CM,BSE,STK,544469,INE0V9Q01010,LOTUSDEV,T,,,,,Sri Lotus Developers and Realt,232.40,238.90,228.00,237.20,237.20,227.55,,237.88,,,44981,10479269.00,579,F1,1,,,,,
2026-10-05,2026-10-05,CM,BSE,STK,544470,INE08N601015,MBEL,B,,,,,M & B ENGINEERING LIMITED,257.00,257.00,245.85,247.40,246.10,250.90,,247.63,,,3082,768369.00,233,F1,1,,,,,
2026-10-05,2026-10-05,CM,BSE,STK,544471,INE14OX01013,TAKYON,M,,,,,TAKYON NETWORKS LIMITED,16.49,16.80,16.49,16.80,16.80,16.00,,16.80,,,12000,200380.00,6,F1,2000,,,,,
2026-10-05,2026-10-05,CM,BSE,STK,544473,INF666M01LM6,GROWWPOWER,B,,,,,Groww Mutual Fund,11.07,11.07,10.80,10.85,10.88,10.80,,10.84,,,74639,819343.00,1038,F1,1,,,,,
2026-10-05,2026-10-05,CM,BSE,STK,544475,INE1IBY01019,ESSEX,M,,,,,ESSEX MARINE LIMITED,43.20,46.50,43.20,46.50,46.50,42.50,,46.50,,,10000,449340.00,5,F1,2000,,,,,
2026-10-05,2026-10-05,CM,BSE,STK,544476,INE0J5801029,JSLL,A,,,,,Jeena Sikho Lifecare Limited,484.75,485.60,445.60,449.80,451.25,480.65,,449.90,,,76808,35288255.00,2188,F1,1,,,,,
2026-10-05,2026-10-05,CM,BSE,STK,544477,INE00RL01028,HILINFRA,B,,,,,Highway Infrastructure Limited,46.00,46.00,43.17,43.96,44.23,44.77,,43.74,,,18080,800553.00,244,F1,1,,,,,
2026-10-05,2026-10-05,CM,BSE,STK,544478,INF200KB1969,SBILIQETF,F,,,,,SBI Mutual Fund,1048.00,1058.77,1048.00,1058.77,1058.77,1058.59,,1058.76,,,711,752760.00,9,F1,1,,,,,
2026-10-05,2026-10-05,CM,BSE,STK,544479,INE0GV601021,ALLTIME,B,,,,,ALL TIME PLASTICS LIMITED,191.00,191.00,182.45,183.40,182.80,189.90,,183.79,,,2972,554096.00,167,F1,1,,,,,
2026-10-05,2026-10-05,CM,BSE,STK,544480,INE718I01012,JSWCEMENT,A,,,,,JSW CEMENT LIMITED,112.20,113.00,109.90,111.10,111.10,111.40,,111.09,,,558961,62170453.00,1554,F1,1,,,,,
2026-10-05,2026-10-05,CM,BSE,STK,544481,INE1JAR25012,KRT,IF,,,,,KNOWLEDGE REALTY TRUST,112.31,113.69,112.18,112.49,112.49,112.24,,112.57,,,11129,1253079.00,280,F1,1,,,,,
2026-10-05,2026-10-05,CM,BSE,STK,544482,INE0YG001013,STARIMAGIN,M,,,,,STAR IMAGING AND PATH LAB LIMI,73.50,75.00,73.50,75.00,75.00,74.51,,75.00,,,7000,523500.00,7,F1,1000,,,,,
2026-10-05,2026-10-05,CM,BSE,STK,544483,INE111601014,ICODEX,M,,,,,ICODEX PUBLISHING SOLUTIONS LI,34.95,38.00,34.95,38.00,38.00,36.50,,38.00,,,12000,448164.00,10,F1,1200,,,,,
2026-10-05,2026-10-05,CM,BSE,STK,544484,INE304W01038,BLUESTONE,A,,,,,BlueStone Jewellery and Lifest,783.40,796.25,775.50,790.55,791.70,788.35,,790.65,,,31041,24542988.00,1088,F1,1,,,,,
2026-10-05,2026-10-05,CM,BSE,STK,544485,INE0MHO01029,REGAAL,B,,,,,REGAAL RESOURCES LIMITED,86.72,87.13,85.08,85.67,85.50,86.09,,85.77,,,8378,722669.00,223,F1,1,,,,,
2026-10-05,2026-10-05,CM,BSE,STK,544486,INF0R8F01133,LTGILTCASE,F,,,,,Zerodha Mutual Fund,29.51,30.26,29.51,30.09,30.11,30.11,,30.09,,,57379,1725924.00,50,F1,1,,,,,
2026-10-05,2026-10-05,CM,BSE,STK,544487,INE0R8B01010,PATELRMART,B,,,,,PATEL RETAIL LIMITED,238.00,238.00,210.95,222.45,222.45,209.45,,222.88,,,4903,1076461.00,184,F1,1,,,,,
2026-10-05,2026-10-05,CM,BSE,STK,544488,INE078V01014,VIKRAMSOLR,A,,,,,Vikram Solar Limited,156.10,156.45,151.85,152.50,152.50,154.10,,152.52,,,113562,17409251.00,1039,F1,1,,,,,
2026-10-05,2026-10-05,CM,BSE,STK,544489,INE191201016,LGT,M,,,,,LGT GLOBAL HOSPITALITY LIMITED,36.05,36.05,36.05,36.05,36.05,38.01,,36.05,,,4800,173040.00,4,F1,1200,,,,,
2026-10-05,2026-10-05,CM,BSE,STK,544490,INE1B6101010,SHREEJISPG,B,,,,,Shreeji Shipping Global Limite,776.35,787.30,769.45,779.80,776.85,775.35,,779.85,,,18068,14066408.00,522,F1,1,,,,,
2026-10-05,2026-10-05,CM,BSE,STK,544491,INE06XZ01023,GEMAROMA,B,,,,,Gem Aromatics Limited,153.30,156.40,151.10,152.25,153.00,155.55,,152.52,,,4076,622948.00,159,F1,1,,,,,
2026-10-05,2026-10-05,CM,BSE,STK,544492,INE0PKD01011,MEIL,B,,,,,MANGAL ELECTRICAL INDUSTRIES L,260.25,264.05,254.50,255.35,256.40,259.45,,256.43,,,5086,1314670.00,157,F1,1,,,,,
2026-10-05,2026-10-05,CM,BSE,STK,544493,INF204KC1GH6,MANUFGBEES,B,,,,,Nippon India Mutual Fund,156.70,160.53,151.51,154.07,154.07,153.62,,153.14,,,281,43197.00,21,F1,1,,,,,
2026-10-05,2026-10-05,CM,BSE,STK,544494,INE12P601017,GLOBTIER,M,,,,,Globtier Infotech limited,15.00,16.17,15.00,16.08,16.17,15.40,,16.08,,,12800,198896.00,7,F1,1600,,,,,
2026-10-05,2026-10-05,CM,BSE,STK,544495,INE0M3X01010,NISMGMT,M,,,,,NIS MANAGEMENT LIMITED,38.15,42.75,38.15,40.00,40.00,40.00,,40.00,,,31200,1249752.00,23,F1,1200,,,,,
2026-10-05,2026-10-05,CM,BSE,STK,544496,INE01R501028,VIKRAN,B,,,,,Vikran Engineering Limited,58.40,59.52,57.00,57.19,57.35,58.28,,57.19,,,89633,5151980.00,751,F1,1,,,,,
2026-10-05,2026-10-05,CM,BSE,STK,544497,INE0Y8W01025,AHCL,B,,,,,ANLON HEALTHCARE LIMITED,31.31,31.31,31.31,31.31,31.31,32.95,,31.24,,,62743,1964483.00,460,F1,1,,,,,
2026-10-05,2026-10-05,CM,BSE,STK,544498,INE0RTI01017,OVAL,M,,,,,OVAL PROJECTS ENGINEERING LIMI,47.50,47.50,47.50,47.50,47.50,47.50,,47.50,,,1600,76000.00,1,F1,1600,,,,,
2026-10-05,2026-10-05,CM,BSE,STK,544499,INE0P6P01016,CPEDU,B,,,,,Career Point Edutech Limited,172.10,179.90,170.60,174.35,174.35,173.10,,179.47,,,156,27344.00,15,F1,1,,,,,
2026-10-05,2026-10-05,CM,BSE,STK,544500,INE15MX01014,ABRIL,M,,,,,ABRIL PAPER TECH LIMITED,28.50,29.99,28.50,29.99,29.99,30.49,,29.99,,,6000,173980.00,3,F1,2000,,,,,
2026-10-05,2026-10-05,CM,BSE,STK,544501,INE0XX801016,SUGSLLOYD,MT,,,,,SUGS LLOYD LIMITED,282.00,283.00,275.30,279.45,282.65,282.50,,279.45,,,18000,5039200.00,16,F1,1000,,,,,
2026-10-05,2026-10-05,CM,BSE,STK,544502,INE084K01015,AMANTA,T,,,,,Amanta Healthcare Limited,195.70,201.60,194.05,201.60,201.60,192.00,,201.41,,,19912,4009006.00,125,F1,1,,,,,
2026-10-05,2026-10-05,CM,BSE,STK,544504,INE0ZOM01013,GOELCONS,M,,,,,GOEL CONSTRUCTION COMPANY LIMI,440.00,442.00,430.00,433.50,433.50,425.00,,433.50,,,5600,2448600.00,14,F1,400,,,,,
2026-10-05,2026-10-05,CM,BSE,STK,544506,INE0UJF01018,SHARVAYA,M,,,,,SHARVAYA METALS LIMITED,150.00,150.00,141.05,141.05,141.05,142.90,,141.05,,,15600,2271840.00,22,F1,600,,,,,
2026-10-05,2026-10-05,CM,BSE,STK,544507,INF0R8F01141,SML100CASE,B,,,,,Zerodha Mutual Fund,11.16,11.16,10.78,10.83,10.85,10.89,,10.84,,,234326,2543204.00,307,F1,1,,,,,
2026-10-05,2026-10-05,CM,BSE,STK,544510,INE346R01013,NCML,M,,,,,NILACHAL CARBO METALICKS LIMIT,123.25,123.25,117.25,117.25,117.25,120.00,,117.25,,,28800,3478000.00,13,F1,1600,,,,,
2026-10-05,2026-10-05,CM,BSE,STK,544511,INE0V8A01016,KARBON,M,,,,,Karbonsteel Engineering Limite,114.00,119.75,114.00,119.75,119.75,114.60,,119.75,,,2400,282760.00,3,F1,800,,,,,
2026-10-05,2026-10-05,CM,BSE,STK,544512,INE1B3L01017,SHRINGARMS,B,,,,,SHRINGAR HOUSE OF MANGALSUTRA,223.00,223.20,218.40,219.00,219.25,221.40,,219.36,,,11780,2595378.00,238,F1,1,,,,,
2026-10-05,2026-10-05,CM,BSE,STK,544513,INE0VOV01021,DEVX,B,,,,,Dev Accelerator Limited,36.37,38.40,36.37,38.11,38.23,35.85,,37.94,,,33230,1262413.00,217,F1,1,,,,,
2026-10-05,2026-10-05,CM,BSE,STK,544515,INE0CAZ01013,URBANCO,A,,,,,Urban Company Limited,156.90,160.45,156.90,159.65,160.25,156.30,,159.59,,,109661,17433796.00,1518,F1,1,,,,,
2026-10-05,2026-10-05,CM,BSE,STK,544516,INE0XBS01012,AIRFLOA,M,,,,,AIRFLOA RAIL TECHNOLOGY LIMITE,522.50,568.00,515.00,562.25,562.25,522.45,,562.25,,,203000,109455950.00,254,F1,500,,,,,
2026-10-05,2026-10-05,CM,BSE,STK,544517,INE24OJ01011,BUILDPRO,B,,,,,Shankara Buildpro Limited,1265.00,1283.75,1236.30,1273.85,1280.00,1247.05,,1266.02,,,2679,3360638.00,420,F1,1,,,,,
2026-10-05,2026-10-05,CM,BSE,STK,544518,INE0TJ801010,LTELEVATOR,MT,,,,,L. T. ELEVATOR LIMITED,322.00,322.00,315.40,315.40,315.40,321.80,,315.40,,,111200,35286720.00,43,F1,800,,,,,
2026-10-05,2026-10-05,CM,BSE,STK,544519,INE198501012,EUROPRATIK,B,,,,,EURO PRATIK SALES LIMITED,195.15,195.15,181.35,183.20,183.25,190.85,,183.41,,,10639,1961479.00,394,F1,1,,,,,
2026-10-05,2026-10-05,CM,BSE,STK,544520,INE10XS01012,SAMPAT,M,,,,,SAMPAT ALUMINIUM LIMITED,30.13,30.70,30.00,30.09,30.00,31.10,,30.09,,,16800,506964.00,14,F1,1200,,,,,
2026-10-05,2026-10-05,CM,BSE,STK,544521,INE0SJA01013,VMSTMT,B,,,,,VMS TMT LIMITED,46.37,48.37,42.62,44.54,44.90,47.32,,44.35,,,15057,674891.00,178,F1,1,,,,,
2026-10-05,2026-10-05,CM,BSE,STK,544522,INE08PH01015,ABCOTS,B,,,,,A B Cotspin India Limited,196.00,196.00,195.00,195.80,195.80,191.45,,195.98,,,125,24441.00,31,F1,1,,,,,
2026-10-05,2026-10-05,CM,BSE,STK,544523,INE056801025,IVALUE,B,,,,,IVALUE INFOSOLUTIONS LIMITED,223.15,230.65,219.05,227.55,227.80,219.05,,228.29,,,10327,2355076.00,258,F1,1,,,,,
2026-10-05,2026-10-05,CM,BSE,STK,544524,INE14VP01014,JDCABLES,M,,,,,JD CABLES LIMITED,184.00,187.10,181.05,181.50,181.05,183.65,,181.50,,,31200,5716440.00,36,F1,800,,,,,
2026-10-05,2026-10-05,CM,BSE,STK,544525,INE1AG301022,GKENERGY,B,,,,,GK ENERGY LIMITED,121.55,121.55,111.90,112.35,111.90,114.70,,112.29,,,26473,3030928.00,410,F1,1,,,,,
2026-10-05,2026-10-05,CM,BSE,STK,544526,INE13B501022,SAATVIKGL,B,,,,,Saatvik Green Energy Limited,406.10,408.80,399.00,400.80,400.90,405.30,,400.85,,,13461,5418501.00,740,F1,1,,,,,
2026-10-05,2026-10-05,CM,BSE,STK,544527,INE0Z4F01028,ATLANTAELE,B,,,,,Atlanta Electricals Limited,1750.00,1886.80,1723.75,1885.50,1885.50,1715.30,,1883.33,,,32096,59121719.00,2094,F1,1,,,,,
2026-10-05,2026-10-05,CM,BSE,STK,544528,INE652V01016,GANESHCP,B,,,,,Ganesh Consumer Products Limit,149.05,151.25,146.45,147.60,147.85,149.40,,147.52,,,8210,1213909.00,265,F1,1,,,,,
2026-10-05,2026-10-05,CM,BSE,STK,544529,INE15XJ01010,APPL,MT,,,,,Aptus Pharma Limited,344.10,369.80,344.10,368.70,368.90,360.80,,368.70,,,22800,8108940.00,47,F1,400,,,,,
2026-10-05,2026-10-05,CM,BSE,STK,544530,INE549H01021,ARSSBL,B,,,,,ANAND RATHI SHARE AND STOCK BR,525.00,539.00,516.00,534.60,533.50,520.95,,534.98,,,14079,7456509.00,490,F1,1,,,,,
2026-10-05,2026-10-05,CM,BSE,STK,544531,INE1LDV01015,TRUECOLORS,M,,,,,TRUE COLORS LIMITED,148.50,151.90,145.00,146.90,148.00,146.35,,146.90,,,22200,3287580.00,34,F1,600,,,,,
2026-10-05,2026-10-05,CM,BSE,STK,544532,INE0TY101024,SOLARWORLD,B,,,,,Solarworld Energy Solutions Li,126.55,128.35,122.55,124.25,123.60,125.90,,123.97,,,17936,2246093.00,499,F1,1,,,,,
2026-10-05,2026-10-05,CM,BSE,STK,544533,INE04VU01023,STYL,B,,,,,Seshaasai Technologies Limited,366.00,368.25,357.15,358.20,360.10,365.85,,358.54,,,2165,783756.00,126,F1,1,,,,,
2026-10-05,2026-10-05,CM,BSE,STK,544534,INE00YJ01010,JARO,B,,,,,Jaro Institute of Technology M,419.00,419.00,401.10,405.80,404.65,407.45,,405.17,,,3472,1417383.00,158,F1,1,,,,,
2026-10-05,2026-10-05,CM,BSE,STK,544535,INE0QMV01017,BHARATROHAN,M,,,,,BHARATROHAN AIRBORNE INNOVATIO,120.00,121.75,120.00,121.65,121.50,122.00,,121.65,,,4000,484000.00,5,F1,800,,,,,
2026-10-05,2026-10-05,CM,BSE,STK,544536,INE658T01017,WEALTH,B,,,,,Wealth First Portfolio Manager,890.00,890.00,870.10,871.25,883.00,900.00,,864.81,,,64,56456.00,37,F1,1,,,,,
2026-10-05,2026-10-05,CM,BSE,STK,544537,INE0YD401026,JAINREC,B,,,,,Jain Resource Recycling Limite,286.10,292.50,282.80,290.50,290.40,281.90,,290.45,,,40898,11761103.00,909,F1,1,,,,,
2026-10-05,2026-10-05,CM,BSE,STK,544538,INE0TI501017,PRARUH,MT,,,,,PRARUH TECHNOLOGIES LIMITED,181.00,185.00,180.00,180.00,180.00,180.00,,180.00,,,44000,8076600.00,22,F1,2000,,,,,
2026-10-05,2026-10-05,CM,BSE,STK,544539,INE1IIQ01028,SOLVEX,MT,,,,,Solvex Edibles Limited,17.28,18.18,17.28,18.18,18.18,18.18,,18.18,,,4800,84384.00,3,F1,1600,,,,,
2026-10-05,2026-10-05,CM,BSE,STK,544540,INE0MLS01022,EPACKPEB,B,,,,,Epack Prefab Technologies Limi,244.65,255.70,244.00,249.60,249.60,242.45,,249.73,,,70215,17623600.00,1603,F1,1,,,,,
2026-10-05,2026-10-05,CM,BSE,STK,544541,INE1KLZ01011,SYSTEMATIC,M,,,,,SYSTEMATIC INDUSTRIES LIMITED,295.00,295.00,280.00,283.15,280.30,285.55,,283.15,,,39000,11254440.00,59,F1,600,,,,,
2026-10-05,2026-10-05,CM,BSE,STK,544542,INE0W5Q01017,JUSTO,M,,,,,Justo Realfintech Limited,81.50,83.50,77.10,78.80,77.10,76.22,,78.80,,,32000,2576970.00,28,F1,1000,,,,,
2026-10-05,2026-10-05,CM,BSE,STK,544543,INE965W01036,BMWVENTLTD,B,,,,,BMW VENTURES LIMITED,50.00,52.17,49.28,50.14,50.44,50.92,,50.03,,,6216,313674.00,287,F1,1,,,,,
2026-10-05,2026-10-05,CM,BSE,STK,544544,INE0SRP01014,TELGE,MT,,,,,TELGE PROJECTS LIMITED,255.00,262.00,255.00,256.50,256.50,255.00,,256.50,,,9600,2477280.00,7,F1,1200,,,,,
2026-10-05,2026-10-05,CM,BSE,STK,544545,INE0MWH01014,TRUALT,B,,,,,TRUALT BIOENERGY LIMITED,448.70,456.25,436.25,443.05,439.80,444.25,,442.37,,,5854,2600798.00,343,F1,1,,,,,
2026-10-05,2026-10-05,CM,BSE,STK,544546,INE1B4801017,CHTR,M,,,,,Chatterbox Technologies Limite,35.20,35.20,30.25,31.62,30.25,33.01,,31.62,,,8400,274872.00,7,F1,1200,,,,,
2026-10-05,2026-10-05,CM,BSE,STK,544547,INE1FF001016,JKIPL,B,,,,,Jinkushal Industries Limited,95.64,95.64,94.83,94.83,94.83,95.17,,95.13,,,123,11665.00,4,F1,1,,,,,
2026-10-05,2026-10-05,CM,BSE,STK,544548,INE0SIK01014,GPAPL,M,,,,,GUJARAT PEANUT AND AGRI PRODUC,77.00,81.00,77.00,79.27,81.00,75.00,,79.27,,,68800,5417584.00,9,F1,1600,,,,,
2026-10-05,2026-10-05,CM,BSE,STK,544550,INE0S3G01027,PACEDIGITK,B,,,,,Pace Digitek Limited,168.00,169.05,162.30,164.10,164.15,167.55,,164.04,,,83266,13750427.00,910,F1,1,,,,,
2026-10-05,2026-10-05,CM,BSE,STK,544551,INE18PB01017,BHAVIK,M,,,,,BHAVIK ENTERPRISES LIMITED,155.00,157.00,153.50,153.50,153.50,163.95,,153.50,,,8000,1245150.00,8,F1,1000,,,,,
2026-10-05,2026-10-05,CM,BSE,STK,544553,INE1PJP01015,MPKSTEELS,M,,,,,M P K STEELS (I) LIMITED,95.70,96.00,92.20,92.20,92.20,112.00,,92.20,,,7200,685600.00,9,F1,800,,,,,
2026-10-05,2026-10-05,CM,BSE,STK,544554,INE163701019,KVSCASTING,MT,,,,,KVS Castings Limited,83.50,83.60,82.90,82.91,82.90,84.97,,82.91,,,14000,1165840.00,7,F1,2000,,,,,
2026-10-05,2026-10-05,CM,BSE,STK,544555,INE14QA01016,AMEENJI,MT,,,,,AMEENJI RUBBER LIMITED,275.75,280.90,275.75,280.45,280.75,272.10,,280.45,,,9600,2682900.00,8,F1,1200,,,,,
2026-10-05,2026-10-05,CM,BSE,STK,544557,INE0TQE01026,GLOTTIS,B,,,,,Glottis Limited,58.08,59.44,56.50,56.85,56.93,58.47,,56.73,,,6344,367456.00,297,F1,1,,,,,
2026-10-05,2026-10-05,CM,BSE,STK,544558,INE0HF201011,FABTECH,B,,,,,Fabtech Technologies Limited,142.00,143.80,140.10,142.60,143.00,142.95,,141.90,,,2090,297389.00,53,F1,1,,,,,
2026-10-05,2026-10-05,CM,BSE,STK,544559,INE0R8Q01018,OML,M,,,,,OM METALLOGIC LIMITED,23.12,28.48,23.12,27.30,28.48,28.90,,27.30,,,19200,503600.00,11,F1,1600,,,,,
2026-10-05,2026-10-05,CM,BSE,STK,544560,INE0QU501030,SODHACAP,M,,,,,SODHANI CAPITAL LIMITED,75.00,75.00,75.00,75.00,75.00,70.50,,75.00,,,2000,150000.00,1,F1,2000,,,,,
2026-10-05,2026-10-05,CM,BSE,STK,544561,INE12P101018,CHIRAHARIT,M,,,,,Chiraharit Limited,11.49,11.49,11.49,11.49,11.49,11.00,,11.49,,,12000,137880.00,2,F1,6000,,,,,
2026-10-05,2026-10-05,CM,BSE,STK,544562,INE1B0W01010,ADVANCE,B,,,,,Advance Agrolife Limited,116.05,118.40,114.15,115.70,115.15,117.10,,115.85,,,9158,1061489.00,127,F1,1,,,,,
2026-10-05,2026-10-05,CM,BSE,STK,544563,INE1B3501014,ZELIO,MT,,,,,Zelio E Mobility Limited,1077.15,1077.15,1055.00,1057.15,1057.15,1056.05,,1057.15,,,8500,9046100.00,16,F1,500,,,,,
2026-10-05,2026-10-05,CM,BSE,STK,544564,INE1BZC01019,OMFREIGHT,B,,,,,Om Freight Forwarders Limited,101.67,102.00,96.76,101.00,101.00,96.83,,100.96,,,3024,302346.00,70,F1,1,,,,,
2026-10-05,2026-10-05,CM,BSE,STK,544565,INE0QP701017,VALPLAST,M,,,,,Valplast Technologies Limited,39.00,39.00,38.50,38.50,38.50,39.00,,38.50,,,126000,4890000.00,5,F1,2000,,,,,
2026-10-05,2026-10-05,CM,BSE,STK,544566,INE10CM01027,SUNSKY,M,,,,,Sunsky Logistics Limited,40.50,40.51,40.50,40.50,40.50,42.63,,40.50,,,7500,303780.00,4,F1,1500,,,,,
2026-10-05,2026-10-05,CM,BSE,STK,544567,INE16XA01017,INFINITY,M,,,,,Infinity Infoway Limited,545.00,550.00,544.00,550.00,550.00,546.90,,550.00,,,2400,1309600.00,5,F1,400,,,,,
2026-10-05,2026-10-05,CM,BSE,STK,544568,INE0SUM01015,ZAPPFRESH,M,,,,,DSM Fresh Foods Limited,59.00,59.00,59.00,59.00,59.00,60.52,,59.00,,,1200,70800.00,1,F1,1200,,,,,
2026-10-05,2026-10-05,CM,BSE,STK,544569,INE1TAE01010,TMCV,B,,,,,Tata Motors Limited,415.85,428.70,412.85,426.75,426.75,415.30,,426.80,,,436983,183584347.00,9666,F1,1,,,,,
2026-10-05,2026-10-05,CM,BSE,STK,544570,INE085001019,WEWORK,B,,,,,WeWork India Management Limite,662.40,662.40,644.75,650.90,650.50,659.00,,651.00,,,1757,1142906.00,130,F1,1,,,,,
2026-10-05,2026-10-05,CM,BSE,STK,544571,INE0SLP01017,NSBBPO,M,,,,,NSB BPO Solutions Limited,61.36,61.36,59.85,59.85,59.85,60.47,,59.85,,,2000,121210.00,2,F1,1000,,,,,
2026-10-05,2026-10-05,CM,BSE,STK,544572,INE2J8701016,SKFINDUS,B,,,,,SKF INDIA (INDUSTRIAL) LIMITED,2735.00,2741.00,2688.00,2733.40,2741.00,2733.15,,2729.58,,,729,1978297.00,176,F1,1,,,,,
2026-10-05,2026-10-05,CM,BSE,STK,544574,INE976I01016,TATACAP,A,,,,,Tata Capital Limited,318.65,322.75,317.05,317.70,317.70,319.45,,317.61,,,71181,22761764.00,3359,F1,1,,,,,
2026-10-05,2026-10-05,CM,BSE,STK,544575,INE833Q01012,MITTALSTL,M,,,,,Mittal Sections Limited,26.49,26.50,25.25,25.50,25.25,25.56,,25.50,,,6000,155790.00,5,F1,1000,,,,,
2026-10-05,2026-10-05,CM,BSE,STK,544576,INE324D01010,LGEINDIA,B,,,,,LG Electronics India Limited,1711.40,1825.00,1711.40,1768.50,1768.50,1719.50,,1770.69,,,363392,655945448.00,10036,F1,1,,,,,
2026-10-05,2026-10-05,CM,BSE,STK,544578,INE506V01022,RUBICON,B,,,,,RUBICON RESEARCH LIMITED,1623.70,1636.70,1560.80,1609.65,1610.00,1634.20,,1608.55,,,15807,25149347.00,1552,F1,1,,,,,
2026-10-05,2026-10-05,CM,BSE,STK,544579,INE1UA823019,ANANTAM,IF,,,,,Anantam Highways Trust,103.50,104.00,103.50,103.99,104.00,103.99,,103.97,,,200,20795.00,20,F1,1,,,,,
2026-10-05,2026-10-05,CM,BSE,STK,544580,INE218I01013,CRAMC,B,,,,,Canara Robeco Asset Management,219.75,224.00,219.00,220.35,220.35,216.50,,220.23,,,17912,3959683.00,476,F1,1,,,,,
2026-10-05,2026-10-05,CM,BSE,STK,544581,INF740KA1WU9,FLEXIADD,B,,,,,DSP Nifty500 Flexicap Quality,9.37,9.59,9.31,9.39,9.42,9.39,,9.40,,,21792,204697.00,145,F1,1,,,,,
2026-10-05,2026-10-05,CM,BSE,STK,544582,INE1EUB01016,SHLOKKA,M,,,,,SHLOKKA DYES LIMITED,31.00,31.00,30.05,30.05,30.05,29.10,,30.05,,,32400,999708.00,14,F1,1200,,,,,
2026-10-05,2026-10-05,CM,BSE,STK,544583,INE01TY01017,CANHLIFE,B,,,,,Canara HSBC Life Insurance Com,144.05,147.60,142.00,142.35,142.30,143.85,,142.36,,,26505,3819073.00,663,F1,1,,,,,
2026-10-05,2026-10-05,CM,BSE,STK,544584,INE13YH01017,SKM,MT,,,,,SK Minerals & Additives Limite,466.50,466.50,458.00,458.00,458.00,467.50,,458.00,,,6000,2779600.00,6,F1,1000,,,,,
2026-10-05,2026-10-05,CM,BSE,STK,544586,INF0R8F01166,NIFTYCASE,B,,,,,Zerodha Mutual Fund,8.90,9.15,8.86,9.08,9.15,9.04,,9.07,,,157792,1430367.00,468,F1,1,,,,,
2026-10-05,2026-10-05,CM,BSE,STK,544587,INE0XAD01024,MIDWESTLTD,B,,,,,Midwest Limited,958.30,958.30,909.90,915.75,924.10,900.50,,914.77,,,2056,1886058.00,222,F1,1,,,,,
2026-10-05,2026-10-05,CM,BSE,STK,544594,INE1GUJ01014,TRADEUNO,M,,,,,GAME CHANGERS TEXFAB LIMITED,95.75,95.75,89.15,92.00,92.00,97.95,,92.00,,,14400,1330920.00,11,F1,1200,,,,,
2026-10-05,2026-10-05,CM,BSE,STK,544595,INE16NZ01023,ORKLAINDIA,B,,,,,Orkla India Limited,537.00,542.50,535.05,537.60,537.60,536.55,,539.16,,,2581,1391368.00,163,F1,1,,,,,
2026-10-05,2026-10-05,CM,BSE,STK,544596,INE0SVZ01015,SAFECURE,M,,,,,Safecure Services Limited,23.60,23.60,23.10,23.10,23.10,24.88,,23.10,,,6000,140820.00,5,F1,1200,,,,,
2026-10-05,2026-10-05,CM,BSE,STK,544597,INE202B01038,PIRAMALFIN,B,,,,,Piramal Finance Limited,2017.40,2044.00,1989.05,2002.55,1989.05,2024.40,,2002.60,,,5704,11476132.00,868,F1,1,,,,,
2026-10-05,2026-10-05,CM,BSE,STK,544598,INE648Z01023,ACCURACY,B,,,,,Accuracy Shipping Limited,4.20,4.25,4.01,4.20,4.20,4.20,,4.15,,,10447,42778.00,76,F1,1,,,,,
2026-10-05,2026-10-05,CM,BSE,STK,544599,INE00Q601028,STUDDS,B,,,,,Studds Accessories Limited,399.85,410.00,396.30,403.55,403.55,398.70,,403.11,,,151243,60800836.00,170,F1,1,,,,,
2026-10-05,2026-10-05,CM,BSE,STK,544600,INE956O01016,LENSKART,B,,,,,Lenskart Solutions Limited,693.70,697.50,676.50,691.70,686.35,691.45,,692.67,,,430586,293934044.00,7908,F1,1,,,,,
2026-10-05,2026-10-05,CM,BSE,STK,544601,INF2KCX01012,CHOICEGOLD,E,,,,,Choice Mutual Fund,146.00,146.71,144.79,146.12,146.12,145.01,,145.93,,,1867,272309.00,21,F1,1,,,,,
2026-10-05,2026-10-05,CM,BSE,STK,544602,INE1YPB01014,AGL,B,,,,,Allcargo Global Limited,12.56,12.86,12.49,12.51,12.49,12.62,,12.50,,,233046,2946018.00,667,F1,1,,,,,
2026-10-05,2026-10-05,CM,BSE,STK,544603,INE0HOQ01053,GROWW,B,,,,,Billionbrains Garage Ventures,181.40,187.90,180.10,187.05,187.05,180.20,,187.05,,,1827075,336439302.00,14518,F1,1,,,,,
2026-10-05,2026-10-05,CM,BSE,STK,544604,INF769K01PR2,ENERGY,B,,,,,Mirae Asset Mutual Fund,37.53,37.53,36.69,36.81,36.83,36.79,,36.82,,,87800,3242756.00,160,F1,1,,,,,
2026-10-05,2026-10-05,CM,BSE,STK,544605,INF769K01PQ4,SMALL250,B,,,,,Mirae Asset Mutual Fund,17.75,17.82,17.60,17.71,17.68,17.67,,17.68,,,51150,903237.00,157,F1,1,,,,,
2026-10-05,2026-10-05,CM,BSE,STK,544606,INE15B701018,PINELABS,B,,,,,Pine Labs Limited,169.65,171.60,166.50,167.40,167.40,167.55,,167.17,,,532197,89904537.00,3761,F1,1,,,,,
2026-10-05,2026-10-05,CM,BSE,STK,544607,INE0D8001018,SHTL,MT,,,,,SHINING TOOLS LIMITED,158.20,162.90,156.25,162.90,162.90,164.00,,162.90,,,10800,1706580.00,8,F1,1200,,,,,
2026-10-05,2026-10-05,CM,BSE,STK,544608,INE1C6T01020,EMMVEE,B,,,,,Emmvee Photovoltaic Power Limi,308.00,308.95,290.50,296.25,296.25,306.20,,296.25,,,370379,109767531.00,7937,F1,1,,,,,
2026-10-05,2026-10-05,CM,BSE,STK,544609,INE0LP301011,PWL,B,,,,,Physicswallah Limited,120.90,133.10,120.90,131.40,131.40,120.15,,131.11,,,1147245,146498945.00,5478,F1,1,,,,,
2026-10-05,2026-10-05,CM,BSE,STK,544610,INE1I1301016,WORKMATES,M,,,,,WORKMATES CORE2CLOUD SOLUTION,358.00,382.45,354.20,358.40,355.05,371.45,,358.40,,,39000,14294460.00,56,F1,600,,,,,
2026-10-05,2026-10-05,CM,BSE,STK,544611,INE0U9D01019,MAHALIFE,M,,,,,MAHAMAYA LIFESCIENCES LIMITED,181.90,183.00,177.55,178.00,178.00,176.10,,178.00,,,12000,2166480.00,10,F1,1200,,,,,
2026-10-05,2026-10-05,CM,BSE,STK,544612,INE19RI01016,TENNIND,B,,,,,Tenneco Clean Air India Limite,500.00,500.00,485.50,487.10,486.00,494.60,,487.00,,,26755,13178895.00,1061,F1,1,,,,,
2026-10-05,2026-10-05,CM,BSE,STK,544613,INE12UR01024,UTLSOLAR,B,,,,,Fujiyama Power Systems Limited,397.60,420.45,397.60,411.90,414.45,402.45,,412.14,,,21566,8892033.00,1217,F1,1,,,,,
2026-10-05,2026-10-05,CM,BSE,STK,544614,INE0ILV01024,CAPILLARY,B,,,,,Capillary Technologies India L,558.60,565.95,538.20,546.70,545.70,555.30,,546.13,,,12510,6862118.00,578,F1,1,,,,,
2026-10-05,2026-10-05,CM,BSE,STK,544615,INE1SPP01016,KSR,T,,,,,KSR Footwear Limited,38.80,38.80,37.00,38.50,38.50,38.80,,38.39,,,623,23384.00,13,F1,1,,,,,
2026-10-05,2026-10-05,CM,BSE,STK,544616,INE0BUQ01012,GALLARD,M,,,,,Gallard Steel Limited,163.30,166.75,160.00,166.75,166.75,164.10,,166.75,,,6000,979850.00,6,F1,1000,,,,,
2026-10-05,2026-10-05,CM,BSE,STK,544617,INE606N01019,EXCELSOFT,B,,,,,Excelsoft Technologies Limited,77.95,80.71,77.60,80.02,79.90,78.45,,80.00,,,54906,4366175.00,477,F1,1,,,,,
2026-10-05,2026-10-05,CM,BSE,STK,544618,INF754K01VY8,ESENSEX,B,,,,,Edelweiss Mutual Fund,74.03,74.29,72.86,74.29,74.29,74.03,,73.70,,,4,294.00,3,F1,1,,,,,
2026-10-05,2026-10-05,CM,BSE,STK,544619,INE0QPI01025,SUDEEPPHRM,B,,,,,Sudeep Pharma Limited,1200.20,1248.30,1159.30,1170.25,1168.15,1200.20,,1173.32,,,11328,13618052.00,1016,F1,1,,,,,
2026-10-05,2026-10-05,CM,BSE,STK,544621,INE1U2R01013,SSMD,M,,,,,SSMD AGROTECH INDIA LIMITED,58.88,58.88,58.87,58.87,58.87,58.99,,58.87,,,2000,117750.00,2,F1,1000,,,,,
2026-10-05,2026-10-05,CM,BSE,STK,544622,INE2KCE01013,KWIL,B,,,,,Kwality Walls (India) Limited,38.57,39.20,37.76,37.99,37.99,38.41,,37.88,,,623594,23944397.00,3043,F1,1,,,,,
2026-10-05,2026-10-05,CM,BSE,STK,544623,INE0UH001016,MNFL,M,,,,,Mother Nutri Foods Limited,150.00,153.00,150.00,152.10,152.10,152.10,,152.10,,,52800,7970400.00,4,F1,1200,,,,,
2026-10-05,2026-10-05,CM,BSE,STK,544624,INE0EOJ01014,KKSILK,M,,,,,K K SILK MILLS LIMITED,9.24,9.24,9.21,9.21,9.21,9.21,,9.21,,,6000,55350.00,2,F1,3000,,,,,
2026-10-05,2026-10-05,CM,BSE,STK,544625,INE1BA901016,LOGICIEL,M,,,,,Logiciel Solutions Limited,29.05,29.05,29.05,29.05,29.05,29.00,,29.05,,,600,17430.00,1,F1,600,,,,,
2026-10-05,2026-10-05,CM,BSE,STK,544626,INE1E4401010,EXATO,MT,,,,,EXATO TECHNOLOGIES LIMITED,629.25,656.90,629.25,656.90,656.90,625.65,,656.90,,,14000,9076925.00,27,F1,500,,,,,
2026-10-05,2026-10-05,CM,BSE,STK,544627,INE0VDK01019,PURPLEWAVE,MT,,,,,PURPLE WAVE INFOCOM LIMITED,359.45,359.45,359.45,359.45,359.45,342.35,,359.45,,,3000,1078350.00,3,F1,1000,,,,,
2026-10-05,2026-10-05,CM,BSE,STK,544628,INE0RUY01012,ASTRONMULT,M,,,,,Astron Multigrain Limited,17.00,17.18,16.24,16.24,16.24,14.32,,16.24,,,12000,202040.00,6,F1,2000,,,,,
2026-10-05,2026-10-05,CM,BSE,STK,544629,INE0W4D01018,RAVEL,M,,,,,Ravelcare Limited,96.45,100.80,96.45,100.80,100.80,101.00,,100.80,,,2000,197250.00,2,F1,1000,,,,,
2026-10-05,2026-10-05,CM,BSE,STK,544630,INE1FJE01010,HELLOJI,M,,,,,HELLOJI HOLIDAYS LIMITED,97.05,125.00,97.05,116.00,116.00,119.00,,116.00,,,3600,405660.00,3,F1,1200,,,,,
2026-10-05,2026-10-05,CM,BSE,STK,544631,INE985W01018,CNL,B,,,,,CREATIVE NEWTECH LIMITED,1069.45,1087.55,1052.40,1074.05,1078.85,1078.80,,1071.96,,,913,980819.00,139,F1,1,,,,,
2026-10-05,2026-10-05,CM,BSE,STK,544632,INE0VDM01015,MEESHO,B,,,,,Meesho Limited,220.90,227.90,219.10,226.45,226.45,218.75,,226.50,,,723435,161839741.00,12090,F1,1,,,,,
2026-10-05,2026-10-05,CM,BSE,STK,544633,INE14UN01029,VIDYAWIRES,B,,,,,VIDYA WIRES LIMITED,94.66,95.20,91.00,91.55,91.30,90.93,,91.28,,,75091,6966140.00,874,F1,1,,,,,
2026-10-05,2026-10-05,CM,BSE,STK,544634,INE947N01017,AEQUS,B,,,,,Aequs Limited,280.30,287.95,274.50,285.05,285.05,274.90,,284.53,,,272410,76133687.00,4152,F1,1,,,,,
2026-10-05,2026-10-05,CM,BSE,STK,544635,INE1CJB01013,LUXURY,M,,,,,Luxury Time Limited,73.45,73.50,72.60,72.60,72.60,72.62,,72.60,,,36800,2676512.00,14,F1,1600,,,,,
2026-10-05,2026-10-05,CM,BSE,STK,544637,INE0QZR01017,METHODHUB,M,,,,,Methodhub Software Limited,69.59,69.59,66.80,67.76,67.02,68.49,,67.76,,,36600,2485734.00,57,F1,600,,,,,
2026-10-05,2026-10-05,CM,BSE,STK,544638,INF194KB1KJ7,GOLDBND,E,,,,,Bandhan Mutual Fund,144.65,147.30,144.65,146.20,146.23,147.55,,147.04,,,1301,190086.00,77,F1,1,,,,,
2026-10-05,2026-10-05,CM,BSE,STK,544639,INF194KB1KI9,SILVERBND,E,,,,,Bandhan Mutual Fund,228.96,228.96,218.05,222.74,222.74,224.47,,222.53,,,168,37180.00,11,F1,1,,,,,
2026-10-05,2026-10-05,CM,BSE,STK,544640,INE1DKT01011,RDEL,M,,,,,Riddhi Display Equipments Limi,27.70,27.70,26.52,27.70,27.70,28.50,,27.70,,,4800,131544.00,4,F1,1200,,,,,
2026-10-05,2026-10-05,CM,BSE,STK,544641,INE1IE301018,KVTOYS,M,,,,,K. V. TOYS INDIA LIMITED,251.80,278.00,251.80,260.00,260.00,266.95,,260.00,,,10800,2827050.00,12,F1,600,,,,,
2026-10-05,2026-10-05,CM,BSE,STK,544642,INE0E7301029,WAKEFIT,B,,,,,Wakefit Innovations Limited,139.25,143.20,137.20,138.35,138.35,139.95,,138.13,,,15085,2115288.00,317,F1,1,,,,,
2026-10-05,2026-10-05,CM,BSE,STK,544644,INE02ZQ01018,CORONA,B,,,,,Corona Remedies Limited,2058.15,2060.00,2004.00,2036.70,2060.00,2029.95,,2034.42,,,1689,3418747.00,327,F1,1,,,,,
2026-10-05,2026-10-05,CM,BSE,STK,544645,INE119201023,PARKHOSPS,B,,,,,PARK MEDI WORLD LIMITED,271.00,273.95,261.00,265.10,269.35,270.50,,267.68,,,33945,9017827.00,863,F1,1,,,,,
2026-10-05,2026-10-05,CM,BSE,STK,544646,INE0O9L01010,SHIPWAVES,M,,,,,Shipwaves Online Limited,3.30,3.30,3.30,3.30,3.30,3.35,,3.30,,,20000,66000.00,2,F1,10000,,,,,
2026-10-05,2026-10-05,CM,BSE,STK,544647,INE428V01029,NEPHROPLUS,B,,,,,Nephrocare Health Services Lim,654.85,654.85,635.30,637.20,640.15,647.05,,637.64,,,4442,2853712.00,319,F1,1,,,,,
2026-10-05,2026-10-05,CM,BSE,STK,544654,INF740KA1WX3,SMALLADD,B,,,,,DSP Nifty Smallcap 250 ETF,18.08,18.08,17.60,18.00,18.00,17.74,,17.81,,,6703,119149.00,26,F1,1,,,,,
2026-10-05,2026-10-05,CM,BSE,STK,544655,INF740KA1WW5,MIDCAPADD,B,,,,,DSP Nifty Midcap 150 ETF,22.88,23.10,21.83,21.90,21.90,21.89,,21.82,,,4183,91598.00,118,F1,1,,,,,
2026-10-05,2026-10-05,CM,BSE,STK,544656,INE1E1V01017,HRS,M,,,,,HRS ALUGLAZE LIMITED,262.00,262.00,262.00,262.00,262.00,262.00,,262.00,,,400,104800.00,1,F1,400,,,,,
2026-10-05,2026-10-05,CM,BSE,STK,544657,INE14LM01012,PAJSON,M,,,,,Pajson Agro India Limited,214.95,223.00,214.95,219.65,218.00,214.00,,219.65,,,8400,1827030.00,14,F1,600,,,,,
2026-10-05,2026-10-05,CM,BSE,STK,544658,INE346A01027,ICICIAMC,A,,,,,ICICI Prudential Asset Managem,3057.25,3094.15,3045.05,3058.15,3058.15,3091.40,,3061.07,,,8032,24647683.00,1225,F1,1,,,,,
2026-10-05,2026-10-05,CM,BSE,STK,544659,INE16QA01011,STANBIK,M,,,,,STANBIK AGRO LIMITED,24.49,26.34,24.49,26.34,26.34,21.96,,26.34,,,8000,203320.00,2,F1,4000,,,,,
2026-10-05,2026-10-05,CM,BSE,STK,544660,INF769K01PZ5,TOP20,B,,,,,Mirae Asset Mutual Fund,8.10,8.38,8.10,8.35,8.35,8.31,,8.34,,,1098,9160.00,20,F1,1,,,,,
2026-10-05,2026-10-05,CM,BSE,STK,544661,INF769K01PY8,DIVIDEND,B,,,,,Mirae Asset Mutual Fund,34.00,34.00,33.66,33.79,33.79,33.67,,33.80,,,1324,44818.00,20,F1,1,,,,,
2026-10-05,2026-10-05,CM,BSE,STK,544662,INE0VI201010,SIMANDHAR,X,,,,,SIMANDHAR IMPEX LIMITED,142.00,145.00,142.00,145.00,145.00,141.95,,145.00,,,12,1734.00,3,F1,1,,,,,
2026-10-05,2026-10-05,CM,BSE,STK,544664,INE987S01020,KSHINTL,B,,,,,KSH INTERNATIONAL LIMITED,1035.00,1079.65,1028.15,1035.55,1034.00,1028.15,,1036.57,,,20829,21904013.00,1036,F1,1,,,,,
2026-10-05,2026-10-05,CM,BSE,STK,544665,INE1ITY01011,GLOBALLOG,M,,,,,Global Ocean Logistics India L,103.00,104.00,102.99,104.00,104.00,99.47,,104.00,,,163200,16809808.00,7,F1,1600,,,,,
2026-10-05,2026-10-05,CM,BSE,STK,544666,INE0V0W01025,GKSL,B,,,,,GUJARAT KIDNEY AND SUPER SPECI,198.25,199.00,183.00,189.90,189.90,194.20,,190.32,,,239766,45655377.00,3822,F1,1,,,,,
2026-10-05,2026-10-05,CM,BSE,STK,544667,INE1F9M01018,DACHEPALLI,M,,,,,Dachepalli Publishers Limited,97.05,97.05,97.05,97.05,97.05,100.58,,97.05,,,9600,931680.00,2,F1,1200,,,,,
2026-10-05,2026-10-05,CM,BSE,STK,544668,INE0YJA01011,NANTA,M,,,,,NANTA TECH LIMITED,325.00,325.00,316.40,316.40,316.40,333.05,,316.40,,,17400,5565210.00,26,F1,600,,,,,
2026-10-05,2026-10-05,CM,BSE,STK,544669,INE0XLO01010,ADMACH,MT,,,,,ADMACH SYSTEMS LIMITED,505.00,505.00,474.90,474.90,474.90,499.85,,474.90,,,16200,7771260.00,22,F1,600,,,,,
2026-10-05,2026-10-05,CM,BSE,STK,544670,INE1IJQ01026,BAIKAKAJI,MT,,,,,BAI-KAKAJI POLYMERS LIMITED,294.80,295.00,284.00,295.00,295.00,289.00,,295.00,,,17400,5086890.00,21,F1,600,,,,,
2026-10-05,2026-10-05,CM,BSE,STK,544671,INE0X4A01013,ATIL,M,,,,,APOLLO TECHNO INDUSTRIES LIMIT,88.00,88.00,85.22,85.22,85.22,88.00,,85.22,,,4000,347720.00,4,F1,1000,,,,,
2026-10-05,2026-10-05,CM,BSE,STK,544672,INF2F0001370,TWCGOLDETF,E,,,,,The Wealth Company Mutual Fund,147.80,147.80,144.05,144.77,144.77,147.97,,146.47,,,103,14879.00,10,F1,1,,,,,
2026-10-05,2026-10-05,CM,BSE,STK,544673,INE1HK501016,MDRC,M,,,,,MODERN DIAGNOSTIC & RESEARCH C,68.00,72.00,68.00,70.50,69.10,71.90,,70.50,,,8000,561616.00,5,F1,1600,,,,,
2026-10-05,2026-10-05,CM,BSE,STK,544674,INF740KA1XU7,NEXT50ADD,B,,,,,DSP Nifty Next 50 ETF,69.97,71.14,69.54,71.14,71.14,69.47,,69.69,,,373,26094.00,8,F1,1,,,,,
2026-10-05,2026-10-05,CM,BSE,STK,544675,INE1H1501013,GTIL,MT,,,,,Gabion Technologies India Limi,135.90,135.90,123.25,123.25,123.25,129.70,,123.25,,,43200,5378640.00,21,F1,1600,,,,,
2026-10-05,2026-10-05,CM,BSE,STK,544676,INE0CNJ01010,YAJUR,M,,,,,YAJUR FIBRES LIMITED,37.87,40.00,37.87,38.00,38.00,36.00,,38.00,,,18400,709272.00,23,F1,800,,,,,
2026-10-05,2026-10-05,CM,BSE,STK,544678,INE05XR01022,BHARATCOAL,B,,,,,BHARAT COKING COAL LIMITED,31.86,32.28,31.38,31.85,31.95,31.73,,31.88,,,540856,17207414.00,1557,F1,1,,,,,
2026-10-05,2026-10-05,CM,BSE,STK,544679,INE121R01077,AMAGI,B,,,,,Amagi Media Labs Limited,548.95,576.20,548.95,569.75,568.30,553.35,,569.70,,,334139,190443151.00,900,F1,1,,,,,
2026-10-05,2026-10-05,CM,BSE,STK,544680,INE0S1B01014,NARMADESH,M,,,,,Narmadesh Brass Industries Lim,290.00,290.00,290.00,290.00,290.00,300.60,,290.00,,,240,69600.00,1,F1,240,,,,,
2026-10-05,2026-10-05,CM,BSE,STK,544681,INE0WKY01013,INDOSMC,M,,,,,INDO SMC Limited,509.20,509.20,496.00,504.50,505.00,505.20,,504.50,,,40000,20084400.00,39,F1,1000,,,,,
2026-10-05,2026-10-05,CM,BSE,STK,544682,INE0U8P01015,GRERENEW,M,,,,,GRE Renew Enertech Limited,236.00,236.00,234.90,234.90,234.90,233.00,,234.90,,,49200,11607300.00,4,F1,1200,,,,,
2026-10-05,2026-10-05,CM,BSE,STK,544683,INE1D8001016,ARITAS,M,,,,,Aritas Vinyl Limited,13.10,13.39,13.10,13.39,13.39,13.45,,13.39,,,9000,119640.00,3,F1,3000,,,,,
2026-10-05,2026-10-05,CM,BSE,STK,544684,INE1OOT01028,DIGILOGIC,MT,,,,,DIGILOGIC SYSTEMS LIMITED,211.95,211.95,200.00,201.00,201.00,203.45,,201.00,,,45600,9278760.00,33,F1,1200,,,,,
2026-10-05,2026-10-05,CM,BSE,STK,544685,INE12UN01015,SHADOWFAX,B,,,,,SHADOWFAX TECHNOLOGIES LIMITED,272.45,290.10,272.05,288.90,289.00,273.10,,289.05,,,235154,67259780.00,4713,F1,1,,,,,
2026-10-05,2026-10-05,CM,BSE,STK,544687,INE0JVH01012,HANNAH,M,,,,,Hannah Joseph Hospital Limited,102.05,102.05,98.90,99.15,100.00,101.80,,99.15,,,14000,1395700.00,7,F1,2000,,,,,
2026-10-05,2026-10-05,CM,BSE,STK,544688,INE0T1301023,KASTURI,M,,,,,KASTURI METAL COMPOSITE LIMITE,62.31,63.70,60.00,62.85,63.00,66.00,,62.85,,,88000,5498880.00,25,F1,2000,,,,,
2026-10-05,2026-10-05,CM,BSE,STK,544693,INE163401016,KANISHK,M,,,,,KANISHK ALUMINIUM INDIA LIMITE,24.60,24.60,24.60,24.60,24.60,25.89,,24.60,,,4800,118080.00,3,F1,1600,,,,,
2026-10-05,2026-10-05,CM,BSE,STK,544695,INE2B5L01011,MSAFE,MT,,,,,Msafe Equipments Limited,271.00,276.00,270.10,275.30,276.00,264.80,,275.30,,,62000,17031300.00,44,F1,1000,,,,,
2026-10-05,2026-10-05,CM,BSE,STK,544699,INE501X01029,AYE,B,,,,,Aye Finance Limited,163.90,170.60,159.05,162.65,162.65,163.20,,162.75,,,52059,8553544.00,1887,F1,1,,,,,
2026-10-05,2026-10-05,CM,BSE,STK,544700,INE212S01015,FRACTAL,B,,,,,Fractal Analytics Limited,727.35,746.00,718.50,725.80,725.95,727.40,,725.08,,,18377,13415847.00,1036,F1,1,,,,,
2026-10-05,2026-10-05,CM,BSE,STK,544701,INF769K01QA6,HEALTHCARE,B,,,,,Mirae Asset Mutual Fund,21.04,21.04,20.80,20.85,20.87,21.08,,20.81,,,10327,215650.00,79,F1,1,,,,,
2026-10-05,2026-10-05,CM,BSE,STK,544702,INE0OU201013,DCMSIL,B,,,,,DCM SHRIRAM INTERNATIONAL LIMI,79.70,80.96,77.30,77.51,77.53,80.05,,77.42,,,6101,482122.00,142,F1,1,,,,,
2026-10-05,2026-10-05,CM,BSE,STK,544703,INE0OFM01015,DSFCL,T,,,,,DCM SHRIRAM FINE CHEMICALS LIM,28.00,28.96,27.17,27.50,27.50,27.90,,27.79,,,4800,134244.00,39,F1,1,,,,,
2026-10-05,2026-10-05,CM,BSE,STK,544704,INF769K01QB4,INFRA,B,,,,,Mirae Asset Mutual Fund,11.50,11.50,11.42,11.44,11.44,11.38,,11.44,,,864,9909.00,15,F1,1,,,,,
2026-10-05,2026-10-05,CM,BSE,STK,544705,INF769K01QC2,DEFENCE,B,,,,,Mirae Asset Mutual Fund,75.92,76.76,74.50,76.69,76.69,76.27,,76.68,,,7913,604569.00,86,F1,1,,,,,
2026-10-05,2026-10-05,CM,BSE,STK,544707,INE1W3Q01011,FIL,M,,,,,Fractal Industries Limited,216.00,216.90,216.00,216.90,216.90,213.50,,216.90,,,10800,2338200.00,2,F1,600,,,,,
2026-10-05,2026-10-05,CM,BSE,STK,544708,INE1O6P01016,YASHHTEJ,M,,,,,Yashhtej Industries (India) Li,51.65,51.65,50.30,50.45,50.45,52.70,,50.45,,,6000,305292.00,5,F1,1200,,,,,
2026-10-05,2026-10-05,CM,BSE,STK,544709,INE0P8B01020,GAUDIUMIVF,B,,,,,Gaudium IVF and Women Health L,113.75,113.75,101.40,102.70,103.00,109.75,,103.21,,,76792,8037900.00,1044,F1,1,,,,,
2026-10-05,2026-10-05,CM,BSE,STK,544710,INE132201018,ACCORDTS,M,,,,,ACCORD TRANSFORMER & SWITCHGEA,87.50,87.50,78.00,78.30,78.00,80.52,,78.30,,,96000,7716630.00,32,F1,3000,,,,,
2026-10-05,2026-10-05,CM,BSE,STK,544711,INE1C3F01018,KIAASA,M,,,,,KIAASA RETAIL LIMITED,29.00,29.50,27.30,29.50,29.50,29.00,,29.50,,,27000,777050.00,24,F1,1000,,,,,
2026-10-05,2026-10-05,CM,BSE,STK,544716,INE19GK01015,SRTL,B,,,,,SHREE RAM TWISTEX LIMITED,36.92,36.99,35.83,36.08,36.20,36.92,,36.09,,,665,24108.00,60,F1,1,,,,,
2026-10-05,2026-10-05,CM,BSE,STK,544717,INE647U01026,CLEANMAX,B,,,,,Clean Max Enviro Energy Soluti,1291.55,1331.00,1291.55,1303.20,1303.20,1299.95,,1303.29,,,10578,13900503.00,965,F1,1,,,,,
2026-10-05,2026-10-05,CM,BSE,STK,544718,INE1RDG01013,PNGSREVA,B,,,,,PNGS Reva Diamond Jewellery Li,508.55,540.15,505.15,534.50,538.15,503.15,,535.26,,,23360,12344516.00,777,F1,1,,,,,
2026-10-05,2026-10-05,CM,BSE,STK,544720,INE0UH301010,OMNI,B,,,,,Omnitech Engineering Limited,619.95,644.35,612.00,632.05,636.30,608.60,,632.15,,,94662,59802230.00,2617,F1,1,,,,,
2026-10-05,2026-10-05,CM,BSE,STK,544721,INF666M01OD9,GROWWHOSPI,B,,,,,Groww Mutual Fund,48.76,49.35,46.96,47.02,47.05,47.93,,46.99,,,60410,2856945.00,575,F1,1,,,,,
2026-10-05,2026-10-05,CM,BSE,STK,544722,INF200KB1AJ0,SBIMIDMOM,B,,,,,SBI Mutual Fund,61.11,61.29,60.46,60.68,60.68,61.29,,60.65,,,1406,85296.00,29,F1,1,,,,,
2026-10-05,2026-10-05,CM,BSE,STK,544723,INE00XB01019,SEDEMAC,B,,,,,SEDEMAC MECHATRONICS LIMITED,3650.65,3687.15,3360.00,3373.85,3363.45,3427.75,,3372.34,,,15840,55459821.00,1584,F1,1,,,,,
2026-10-05,2026-10-05,CM,BSE,STK,544724,INE1FEW01013,ELFIN,M,,,,,Elfin Agro India Limited,87.10,87.10,84.90,84.90,84.90,86.92,,84.90,,,18000,1546500.00,6,F1,3000,,,,,
2026-10-05,2026-10-05,CM,BSE,STK,544725,INF740KA1YH2,BANK10ADD,B,,,,,DSP BSE Top 10 Banks ETF,16.01,16.45,15.90,16.44,16.44,16.21,,16.31,,,2345,38442.00,14,F1,1,,,,,
2026-10-05,2026-10-05,CM,BSE,STK,544726,INE0J0B01017,KOTYARK,B,,,,,Kotyark Industries Limited,27.39,29.74,27.39,28.33,28.33,28.36,,28.27,,,18166,521940.00,174,F1,1,,,,,
2026-10-05,2026-10-05,CM,BSE,STK,544731,INE313L01016,RSL,B,,,,,RAJPUTANA STAINLESS LIMITED,176.00,184.00,174.50,175.30,176.30,174.30,,175.55,,,14522,2597957.00,329,F1,1,,,,,
2026-10-05,2026-10-05,CM,BSE,STK,544732,INE0ADB01012,INNOVISION,B,,,,,Innovision Limited,240.05,256.00,240.05,255.15,256.00,254.95,,254.29,,,1570,394866.00,218,F1,1,,,,,
2026-10-05,2026-10-05,CM,BSE,STK,544733,INE713R01022,GSPCROP,B,,,,,GSP CROP SCIENCE LIMITED,462.50,467.80,458.60,459.00,458.60,454.50,,457.43,,,8506,3944477.00,384,F1,1,,,,,
2026-10-05,2026-10-05,CM,BSE,STK,544734,INE2PB023011,RIIT,IF,,,,,Raajmarg Infra Investment Trus,121.98,121.98,119.50,120.26,120.26,119.50,,120.39,,,1291,155276.00,47,F1,1,,,,,
2026-10-05,2026-10-05,CM,BSE,STK,544735,INE1TFS01019,NOVUS,M,,,,,Novus Loyalty Limited,220.00,231.00,217.50,224.30,224.00,218.75,,224.30,,,261000,58677950.00,178,F1,1000,,,,,
2026-10-05,2026-10-05,CM,BSE,STK,544736,INF336L01RX2,HSBCGOLD,E,,,,,HSBC Mutual Fund,128.40,128.40,126.55,126.55,126.55,128.32,,128.04,,,2,254.00,2,F1,1,,,,,
2026-10-05,2026-10-05,CM,BSE,STK,544737,INF769K01QV2,VALUE,B,,,,,Mirae Asset Mutual Fund,15.25,15.25,15.13,15.23,15.23,15.14,,15.22,,,964,14657.00,13,F1,1,,,,,
2026-10-05,2026-10-05,CM,BSE,STK,544739,INE05HV01027,CMPDI,B,,,,,Central Mine Planning & Design,205.25,209.00,203.80,206.90,206.00,204.50,,207.09,,,89201,18400207.00,1237,F1,1,,,,,
2026-10-05,2026-10-05,CM,BSE,STK,544740,INE1U6D01014,TIPCO,MT,,,,,Tipco Engineering India Limite,315.00,331.70,307.00,331.70,331.70,315.95,,331.70,,,201600,64997760.00,102,F1,1600,,,,,
2026-10-05,2026-10-05,CM,BSE,STK,544741,INE1KI801019,HIGHNESS,MT,,,,,Highness Microelectronics Limi,256.95,256.95,256.95,256.95,256.95,251.95,,256.95,,,1200,308340.00,1,F1,1200,,,,,
2026-10-05,2026-10-05,CM,BSE,STK,544742,INE0H9F01037,SAIPARENT,B,,,,,Sai Parenteral's Limited,521.80,521.80,494.90,499.35,499.35,522.90,,498.74,,,14372,7318024.00,465,F1,1,,,,,
2026-10-05,2026-10-05,CM,BSE,STK,544743,INE05TO01019,AEROPLANE,B,,,,,Amir Chand Jagdish Kumar (Expo,200.15,216.90,200.15,211.35,212.00,208.35,,211.24,,,153410,32638397.00,2151,F1,1,,,,,
2026-10-05,2026-10-05,CM,BSE,STK,544744,INE921L01032,POWERICA,B,,,,,Powerica Ltd.,583.90,600.00,582.30,585.85,586.55,590.70,,587.02,,,14288,8409507.00,602,F1,1,,,,,
2026-10-05,2026-10-05,CM,BSE,STK,544745,INF200KB1AK8,SBINMID150,B,,,,,SBI Mutual Fund,21.97,22.54,21.81,21.87,21.87,21.54,,21.75,,,921,20675.00,34,F1,1,,,,,
2026-10-05,2026-10-05,CM,BSE,STK,544746,INE0UMH01018,SCDL,M,,,,,SAFETY CONTROLS & DEVICES LIMI,76.99,83.00,74.50,81.77,81.77,71.37,,81.77,,,246400,19539424.00,129,F1,1600,,,,,
2026-10-05,2026-10-05,CM,BSE,STK,544748,INE840Y01029,ONEPOINT,B,,,,,ONE POINT ONE SOLUTIONS LIMITE,73.57,80.99,73.57,78.42,78.42,74.32,,78.33,,,408613,31910868.00,6931,F1,1,,,,,
2026-10-05,2026-10-05,CM,BSE,STK,544750,INE25E901019,OMPOWER,B,,,,,OM POWER TRANSMISSION LIMITED,158.05,159.45,150.35,152.45,152.00,158.40,,152.10,,,9476,1472359.00,264,F1,1,,,,,
2026-10-05,2026-10-05,CM,BSE,STK,544751,INE1K0V01011,MTL,M,,,,,MEHUL TELECOM LIMITED,137.00,137.95,131.05,135.75,136.50,133.05,,135.75,,,15600,2121480.00,13,F1,1200,,,,,
2026-10-05,2026-10-05,CM,BSE,STK,544753,INE2Q7823014,CITIUSINVT,IF,,,,,Citius TransNet Investment Tru,116.12,117.00,114.35,115.62,115.47,116.00,,115.63,,,2605,302712.00,50,F1,1,,,,,
2026-10-05,2026-10-05,CM,BSE,STK,544754,INE12F801023,KISSHT,B,,,,,OnEMI Technology Solutions Lim,375.35,388.25,370.05,379.10,380.00,372.00,,379.20,,,120398,45836838.00,3481,F1,1,,,,,
2026-10-05,2026-10-05,CM,BSE,STK,544755,INE2B6701015,RECODE,MT,,,,,RECODE STUDIOS LIMITED,429.00,439.90,427.50,430.80,427.50,450.00,,430.80,,,14400,6200400.00,17,F1,800,,,,,
2026-10-05,2026-10-05,CM,BSE,STK,544756,INE368U01029,UNITEDPOLY,B,,,,,United Polyfab Gujarat Limited,47.99,50.19,43.80,48.25,48.24,46.72,,48.42,,,35471,1709558.00,546,F1,1,,,,,
2026-10-05,2026-10-05,CM,BSE,STK,544757,INE032Z01020,BSHSL,B,,,,,BOMBAY SUPER HYBRID SEEDS LIMI,85.00,86.00,80.19,83.68,84.50,85.00,,83.12,,,158,12923.00,23,F1,1,,,,,
2026-10-05,2026-10-05,CM,BSE,STK,544758,INE2OVN25015,BAGMANE,IF,,,,,Bagmane Prime Office REIT,107.38,108.01,106.05,106.49,106.35,106.66,,106.50,,,29315,3123654.00,498,F1,1,,,,,
2026-10-05,2026-10-05,CM,BSE,STK,544760,INF740KA1ZA4,FMCGADD,B,,,,,DSP Nifty FMCG ETF,44.48,44.52,44.09,44.33,44.33,44.85,,44.71,,,897,39798.00,23,F1,1,,,,,
2026-10-05,2026-10-05,CM,BSE,STK,544761,INF754K01XF3,ENEXT50,B,,,,,Edelweiss Mutual Fund,69.59,69.59,69.59,69.59,69.59,68.90,,69.21,,,13,904.00,1,F1,1,,,,,
2026-10-05,2026-10-05,CM,BSE,STK,544762,INF200KB1AX1,SBIVALETF,B,,,,,SBI Mutual Fund,14.49,14.58,13.93,14.58,14.58,13.86,,13.92,,,299,4180.00,9,F1,1,,,,,
2026-10-05,2026-10-05,CM,BSE,STK,544763,INF200KB1AY9,SBISMLETF,B,,,,,SBI Mutual Fund,17.87,18.00,17.58,17.96,18.00,17.66,,17.83,,,4449,78815.00,55,F1,1,,,,,
2026-10-05,2026-10-05,CM,BSE,STK,544764,INE0JYY01029,MWL,B,,,,,Mangalam Worldwide Limited,43.00,43.00,41.00,41.74,41.89,42.92,,41.53,,,42119,1758594.00,466,F1,1,,,,,
2026-10-05,2026-10-05,CM,BSE,STK,544765,INE1L3801017,VPAL,MT,,,,,Vegorama Punjabi Angithi Limit,242.00,249.90,242.00,249.90,249.90,238.00,,249.90,,,28800,7102880.00,17,F1,1600,,,,,
2026-10-05,2026-10-05,CM,BSE,STK,544766,INF579M01BP5,MSCI360,B,,,,,360 ONE Mutual Fund,9.89,9.89,9.44,9.78,9.78,9.89,,9.67,,,10260,97343.00,23,F1,1,,,,,
2026-10-05,2026-10-05,CM,BSE,STK,544767,INE18HI01019,AFLTD,MT,,,,,Autofurnish Limited,97.66,107.88,97.66,105.00,105.00,102.80,,105.00,,,21000,2105610.00,6,F1,3000,,,,,
2026-10-05,2026-10-05,CM,BSE,STK,544768,INE0YD301010,MANIVENI,M,,,,,M.R.MANIVENI FOODS LIMITED,25.50,25.50,25.50,25.50,25.50,25.00,,25.50,,,2000,51000.00,1,F1,2000,,,,,
2026-10-05,2026-10-05,CM,BSE,STK,544769,INE1UYW01010,HARIKANTA,M,,,,,HARIKANTA OVERSEAS LIMITED,63.88,71.88,63.88,71.88,71.88,59.90,,71.88,,,168000,11850552.00,91,F1,1200,,,,,
2026-10-05,2026-10-05,CM,BSE,STK,544771,INE1GM501015,RFIL,M,,,,,Rajnandini Fashion India Limit,25.35,25.35,25.35,25.35,25.35,25.11,,25.35,,,2000,50700.00,1,F1,2000,,,,,
2026-10-05,2026-10-05,CM,BSE,STK,544772,INE1KVL01010,AUREATE,M,,,,,AUREATE TRADDE LIMITED,49.55,49.55,47.08,48.23,48.00,49.55,,48.23,,,24000,1158680.00,10,F1,2000,,,,,
2026-10-05,2026-10-05,CM,BSE,STK,544773,INE1RQS01010,MRTX,M,,,,,Merritronix Limited,449.90,449.90,421.00,427.35,427.05,432.15,,427.35,,,58000,25021500.00,54,F1,1000,,,,,
2026-10-05,2026-10-05,CM,BSE,STK,544774,INE11XK01017,SMR,M,,,,,SMR Jewels Limited,94.80,94.80,94.00,94.00,94.00,93.05,,94.00,,,2000,188800.00,2,F1,1000,,,,,
2026-10-05,2026-10-05,CM,BSE,STK,544777,INE00WV01027,CMRGREEN,B,,,,,CMR Green Technologies Limited,224.35,225.20,220.00,221.35,221.35,223.65,,221.47,,,32816,7316881.00,1193,F1,1,,,,,
2026-10-05,2026-10-05,CM,BSE,STK,544779,INE0YZ901011,UHMVL,M,,,,,UHM Vacation Limited,35.81,35.81,33.36,33.36,33.36,35.11,,33.36,,,8800,298168.00,11,F1,800,,,,,
2026-10-05,2026-10-05,CM,BSE,STK,544780,INE1CDF01017,VAML,B,,,,,Vedanta Aluminium Metal Limite,403.05,410.95,391.50,396.60,396.60,402.85,,396.60,,,1172110,467014446.00,18703,F1,1,,,,,
2026-10-05,2026-10-05,CM,BSE,STK,544781,INE694L01019,VEDPOWER,B,,,,,Vedanta Power Limited,32.81,33.14,31.50,31.89,31.89,32.80,,31.87,,,1906407,61465256.00,9996,F1,1,,,,,
2026-10-05,2026-10-05,CM,BSE,STK,544782,INE704J01044,VOGL,B,,,,,Vedanta Oil and Gas Limited,31.98,32.17,30.63,30.90,30.90,32.00,,30.87,,,2796382,87602098.00,13196,F1,1,,,,,
2026-10-05,2026-10-05,CM,BSE,STK,544783,INE255Z01027,E2E,T,,,,,E2E Networks Limited,650.05,674.90,650.00,656.50,656.50,648.15,,656.17,,,138940,92031478.00,2557,F1,1,,,,,
2026-10-05,2026-10-05,CM,BSE,STK,544784,INE1CLE01013,VISL,B,,,,,Vedanta Iron and Steel Limited,30.93,31.28,30.20,30.81,30.81,31.28,,30.75,,,2241091,68962194.00,11803,F1,1,,,,,
2026-10-05,2026-10-05,CM,BSE,STK,544785,INE0JUI01012,HEXAGON,T,,,,,Hexagon Nutrition Limited,70.50,70.50,68.02,69.15,70.15,70.39,,69.74,,,22825,1576536.00,160,F1,1,,,,,
2026-10-05,2026-10-05,CM,BSE,STK,544786,INE155D01018,SELECTRIC,B,,,,,Schneider Electric President S,2092.00,2154.85,1987.00,1999.95,1987.00,2052.25,,1999.95,,,11412,23719398.00,854,F1,1,,,,,
2026-10-05,2026-10-05,CM,BSE,STK,544793,INE2L0V01019,SUSAN,MT,,,,,Susan Electricals India Limite,318.50,318.50,300.60,310.00,309.00,309.95,,310.00,,,104000,32206850.00,54,F1,1000,,,,,
2026-10-05,2026-10-05,CM,BSE,STK,544794,INE1SEO01013,HORIZON,M,,,,,HORIZON RECLAIM (INDIA) LIMITE,138.00,139.00,136.50,137.70,138.50,136.00,,137.70,,,30000,4136700.00,23,F1,1200,,,,,
2026-10-05,2026-10-05,CM,BSE,STK,544795,INF109K1A476,SMALLIETF,B,,,,,ICICI Prudential Mutual Fund,18.16,18.16,17.51,17.64,17.51,17.85,,17.62,,,9597,169931.00,50,F1,1,,,,,
2026-10-05,2026-10-05,CM,BSE,STK,544797,INE0X6O01027,LESL,M,,,,,LEAPFROG ENGINEERING SERVICES,21.40,22.00,21.02,21.98,21.98,21.40,,21.98,,,132000,2892180.00,16,F1,6000,,,,,
2026-10-05,2026-10-05,CM,BSE,STK,544798,INE1OSI01014,DIKSHA,MT,,,,,DIKSHA POLYMERS LIMITED,195.00,195.00,195.00,195.00,195.00,205.00,,195.00,,,1200,234000.00,1,F1,1200,,,,,
2026-10-05,2026-10-05,CM,BSE,STK,544799,INE0OC301013,TURTLEMINT,B,,,,,Turtlemint Fintech Solutions L,70.31,71.30,65.89,68.08,68.08,69.79,,68.04,,,1486229,101348137.00,5000,F1,1,,,,,
2026-10-05,2026-10-05,CM,BSE,STK,544801,INE1TUG01013,GSPLTRANS,T,,,,,GSPL Transmission Limited,130.35,134.00,130.35,130.35,130.35,137.20,,130.33,,,314024,40943775.00,896,F1,1,,,,,
2026-10-05,2026-10-05,CM,BSE,STK,544802,INE0LZF01039,CORDELIA,B,,,,,Waterways Leisure Tourism Limi,101.80,104.40,100.40,100.85,101.70,100.80,,100.83,,,118973,12209111.00,1423,F1,1,,,,,
2026-10-05,2026-10-05,CM,BSE,STK,544803,INE1SJO01012,RAMBHAJO,B,,,,,Advit Jewels Limited,292.65,317.00,292.65,305.55,307.00,289.55,,305.12,,,232907,71420962.00,3430,F1,1,,,,,
2026-10-05,2026-10-05,CM,BSE,STK,544804,INE0KYI01012,RIYAASAT,M,,,,,Riyaasat Lifestyle Limited,101.55,101.55,101.55,101.55,101.55,101.00,,101.55,,,2400,243720.00,2,F1,1200,,,,,
2026-10-05,2026-10-05,CM,BSE,STK,544805,INE0V3T01017,JIVIAL,M,,,,,Jivial Industries Limited,66.20,77.74,66.20,77.74,77.74,77.74,,77.74,,,6600,503172.00,5,F1,600,,,,,
2026-10-05,2026-10-05,CM,BSE,STK,544806,INE0ZK601013,CSM,B,,,,,CSM TECHNOLOGIES LIMITED,96.10,96.11,92.51,93.34,93.29,94.19,,93.68,,,8408,783961.00,205,F1,1,,,,,
2026-10-05,2026-10-05,CM,BSE,STK,544807,INE0RBX01014,CRAZY,M,,,,,CRAZY SNACKS LIMITED,54.00,54.00,54.00,54.00,54.00,54.00,,54.00,,,6000,324000.00,2,F1,3000,,,,,
2026-10-05,2026-10-05,CM,BSE,STK,544808,INE2FMX01012,AASTHA,B,,,,,AASTHA SPINTEX LIMITED,31.65,32.50,30.92,30.92,30.92,32.54,,30.84,,,157079,4898995.00,619,F1,1,,,,,
2026-10-05,2026-10-05,CM,BSE,STK,544809,INE1SME01017,ADON,M,,,,,ADON AGRO COMMODITIES LIMITED,88.65,91.85,86.20,91.50,91.50,89.81,,91.50,,,34000,3054800.00,16,F1,2000,,,,,
2026-10-05,2026-10-05,CM,BSE,STK,544810,INE147701010,SILL,M,,,,,Sampark India Logistics Limite,114.45,114.45,107.05,109.80,109.80,110.50,,109.80,,,54400,5975680.00,14,F1,1600,,,,,
2026-10-05,2026-10-05,CM,BSE,STK,544811,INE1L0M01019,KRATIKAL,M,,,,,KRATIKAL TECH LIMITED,175.00,175.00,167.00,171.70,171.70,173.00,,171.70,,,6000,1023500.00,6,F1,1000,,,,,
2026-10-05,2026-10-05,CM,BSE,STK,544812,INE226801012,ATHARVA,MT,,,,,Atharva Poly-Plast Limited,126.60,127.00,120.30,120.30,120.30,126.60,,120.30,,,48000,5806200.00,23,F1,2000,,,,,
2026-10-05,2026-10-05,CM,BSE,STK,544814,INE17QZ01016,KNACK,B,,,,,KNACK PACKAGING LIMITED,182.05,189.90,175.25,188.95,188.95,181.00,,188.91,,,214853,39394788.00,3247,F1,1,,,,,
2026-10-05,2026-10-05,CM,BSE,STK,544821,INE0ISX01025,KUSUMGAR,B,,,,,Kusumgar Limited,600.95,608.00,593.30,602.15,607.95,592.35,,602.00,,,7942,4777670.00,438,F1,1,,,,,
2026-10-05,2026-10-05,CM,BSE,STK,544822,INE17IR01028,LASERPOWER,B,,,,,Laser Power & Infra Limited,266.65,270.35,258.20,267.75,267.00,262.90,,267.75,,,33208,8807682.00,848,F1,1,,,,,
2026-10-05,2026-10-05,CM,BSE,STK,544823,INE2KRP01017,DEVSON,MT,,,,,DEVSON CATALYST LIMITED,344.00,354.35,339.00,354.35,354.35,337.50,,354.35,,,51600,18171900.00,40,F1,1200,,,,,
2026-10-05,2026-10-05,CM,BSE,STK,544825,INE1JCQ01037,ALPINETEX,B,,,,,ALPINE TEXWORLD LIMITED,47.30,48.32,45.49,45.63,45.72,46.70,,45.77,,,22244,1031135.00,403,F1,1,,,,,
2026-10-05,2026-10-05,CM,BSE,STK,544826,INE1SRC01010,MILLWORKS,M,,,,,MILLWORKS TECHNOLOGIES LIMITED,1156.50,1165.00,1116.10,1157.60,1151.00,1135.50,,1157.60,,,104000,118147140.00,168,F1,400,,,,,
2026-10-05,2026-10-05,CM,BSE,STK,544827,INF0QA701CI0,BANK10BETF,B,,,,,Bajaj Finserv Mutual Fund,20.16,20.65,19.60,19.84,19.60,19.97,,19.65,,,11276,228332.00,308,F1,1,,,,,
2026-10-05,2026-10-05,CM,BSE,STK,544829,INE640G01020,SBIFUNDS,A,,,,,SBI Funds Management Limited,502.00,503.35,494.30,495.45,495.45,500.50,,495.41,,,145275,72592433.00,7010,F1,1,,,,,
2026-10-05,2026-10-05,CM,BSE,STK,544830,INF769K01RC0,MOMMIDCAP,B,,,,,Mirae Asset Mutual Fund,12.44,12.49,12.37,12.42,12.42,12.31,,12.41,,,42727,531234.00,46,F1,1,,,,,
2026-10-05,2026-10-05,CM,BSE,STK,544831,INE208H01016,MEEIND,B,,,,,MEENAKSHI INDIA LIMITED,398.35,398.35,366.00,377.05,377.05,363.85,,377.05,,,7015,2675848.00,295,F1,1,,,,,
2026-10-05,2026-10-05,CM,BSE,STK,544832,INE12Z301012,SOTEFIN,M,,,,,Sotefin Bharat Limited,263.00,267.00,256.00,257.95,258.00,258.95,,257.95,,,17400,4512750.00,25,F1,600,,,,,
2026-10-05,2026-10-05,CM,BSE,STK,544833,INE11XY01018,CMLL,B,,,,,CALIBER MINING AND LOGISTICS L,520.00,526.15,505.00,508.85,507.40,522.45,,507.35,,,13499,6944274.00,363,F1,1,,,,,
2026-10-05,2026-10-05,CM,BSE,STK,544834,INE1WDC01012,GULFLLOYDS,M,,,,,GULF LLOYDS (INDIA) LIMITED,30.13,31.56,30.13,31.45,31.45,30.06,,31.45,,,18000,559620.00,11,F1,1200,,,,,
2026-10-05,2026-10-05,CM,BSE,STK,544835,INE1N3Y01016,MALA,M,,,,,Shree Balaji (Mala) Textiles L,49.89,54.00,49.89,53.50,54.00,49.99,,53.50,,,68000,3413660.00,11,F1,2000,,,,,
2026-10-05,2026-10-05,CM,BSE,STK,544837,INE084101034,INDOMIM,B,,,,,INDO-MIM Limited,1299.30,1332.70,1288.00,1318.45,1320.00,1272.60,,1320.23,,,255263,336552599.00,6638,F1,1,,,,,
2026-10-05,2026-10-05,CM,BSE,STK,544838,INE0NG701011,XTRANET,B,,,,,XTRANET TECHNOLOGIES LIMITED,277.95,285.85,267.00,285.85,285.85,272.25,,286.00,,,69891,19531012.00,1457,F1,1,,,,,
2026-10-05,2026-10-05,CM,BSE,STK,544839,INE0QJW01029,LCL,B,,,,,Lohia Corp Limited,579.00,584.50,559.85,580.45,580.45,552.10,,579.00,,,20612,11831377.00,736,F1,1,,,,,
2026-10-05,2026-10-05,CM,BSE,STK,544840,INE1EJ401023,SSPRL,M,,,,,SILVERSTORM PARKS AND RESORTS,132.00,132.00,125.20,129.10,131.00,129.00,,129.10,,,31000,4029400.00,22,F1,1000,,,,,
2026-10-05,2026-10-05,CM,BSE,STK,544841,INF769K01RJ5,HYBRIDETF,F,,,,,Mirae Asset Mutual Fund,9.81,9.81,9.78,9.78,9.78,9.75,,9.78,,,1832,17952.00,9,F1,1,,,,,
2026-10-05,2026-10-05,CM,BSE,STK,544842,INF179KC1KT4,HDFCNIMEG,B,,,,,HDFC Mutual Fund,125.00,125.74,124.50,125.74,125.74,125.98,,125.19,,,129,16171.00,8,F1,1,,,,,
2026-10-05,2026-10-05,CM,BSE,STK,544843,INE13ZJ01010,ADVANCETL,M,,,,,ADVANCE TECHNOFORGE LIMITED,71.55,73.00,69.27,72.87,73.00,72.91,,72.87,,,31200,2222784.00,24,F1,1200,,,,,
2026-10-05,2026-10-05,CM,BSE,STK,544844,INE288301026,PPEL,M,,,,,POOJAA PRECISION ENGG. LIMITED,799.80,827.00,730.00,767.35,768.00,783.35,,767.35,,,142400,110344880.00,296,F1,400,,,,,
2026-10-05,2026-10-05,CM,BSE,STK,544845,INF109K1A567,INSUREIETF,B,,,,,ICICI Prudential Mutual Fund,14.70,14.70,14.50,14.61,14.61,14.62,,14.54,,,4521,65846.00,27,F1,1,,,,,
2026-10-05,2026-10-05,CM,BSE,STK,544846,INF754K01XI7,ELMDIV,B,,,,,Edelweiss Mutual Fund,34.53,34.53,34.46,34.46,34.46,34.13,,34.43,,,151,5213.00,12,F1,1,,,,,
2026-10-05,2026-10-05,CM,BSE,STK,544847,INE459N01021,MANIPALHOS,B,,,,,Manipal Health Enterprises Lim,695.30,701.40,664.00,667.30,667.30,695.75,,667.02,,,47749,32428561.00,2574,F1,1,,,,,
2026-10-05,2026-10-05,CM,BSE,STK,544848,INE17DP01015,HRHYGIENE,M,,,,,H. R. HYGIENE PRODUCTS LIMITED,63.50,63.50,62.00,62.50,62.50,63.00,,62.50,,,6400,400880.00,4,F1,1600,,,,,
2026-10-05,2026-10-05,CM,BSE,STK,544849,INF754K01XH9,EBANK10,B,,,,,Edelweiss Mutual Fund,16.16,16.16,16.15,16.15,16.15,16.00,,16.10,,,7,113.00,2,F1,1,,,,,
2026-10-05,2026-10-05,CM,BSE,STK,544850,INE754X01016,AARVI,B,,,,,Aarvi Encon Limited,136.30,136.30,134.55,135.05,135.05,136.45,,135.16,,,1179,159961.00,20,F1,1,,,,,
2026-10-05,2026-10-05,CM,BSE,STK,544851,INE0OWZ01020,MVELECTRO,B,,,,,MV ELECTROSYSTEMS LIMITED,843.25,921.25,843.25,898.65,898.65,837.50,,897.69,,,458708,413701190.00,10249,F1,1,,,,,
2026-10-05,2026-10-05,CM,BSE,STK,544853,INE05C901015,JNPR,B,,,,,Juniper Green Energy Limited,267.50,281.50,267.50,271.30,271.10,269.95,,271.30,,,85284,23454559.00,2330,F1,1,,,,,
2026-10-05,2026-10-05,CM,BSE,STK,544854,INE1HX301016,DHAVAL,M,,,,,Dhaval Packaging Limited,120.15,121.40,118.70,121.10,121.10,118.70,,121.10,,,15600,1865340.00,13,F1,1200,,,,,
2026-10-05,2026-10-05,CM,BSE,STK,544855,INE13LA01027,PRIMAINNO,X,,,,,Prima Innovation Limited,26.98,28.50,26.00,26.03,26.01,26.98,,26.03,,,6598,174574.00,22,F1,1,,,,,
2026-10-05,2026-10-05,CM,BSE,STK,544856,INE1LMA01010,KLASSROOM,M,,,,,FUSION KLASSROOM EDUTECH LIMIT,165.15,165.15,165.15,165.15,165.15,165.00,,165.15,,,2400,396360.00,3,F1,800,,,,,
2026-10-05,2026-10-05,CM,BSE,STK,544857,INF740KA1ZH9,MIDBANKADD,B,,,,,DSP Mutual Fund,16.58,16.58,16.58,16.58,16.58,16.30,,16.61,,,1,16.00,1,F1,1,,,,,
2026-10-05,2026-10-05,CM,BSE,STK,544858,INE0WR901013,AEGEUS,M,,,,,AEGEUS TECHNOLOGIES LIMITED,133.00,134.00,125.25,126.05,125.50,125.20,,126.05,,,28800,3763500.00,19,F1,1200,,,,,
2026-10-05,2026-10-05,CM,BSE,STK,544859,INE1ZGR01024,GVELECTRIC,M,,,,,G V ELECTRICALS LTD,130.00,133.90,127.35,129.70,129.70,129.20,,129.70,,,68000,8846850.00,34,F1,1000,,,,,
2026-10-05,2026-10-05,CM,BSE,STK,544860,INE0XNF01022,ARDEE,B,,,,,Ardee Industries Limited,48.63,49.47,48.11,48.49,48.49,48.92,,48.50,,,351100,17118938.00,1816,F1,1,,,,,
2026-10-05,2026-10-05,CM,BSE,STK,544861,INE0GMR01016,SWARAJ,T,,,,,Swaraj Suiting Limited,379.95,380.00,365.00,365.00,365.00,379.95,,368.17,,,19792,7331074.00,67,F1,1,,,,,
2026-10-05,2026-10-05,CM,BSE,STK,544862,INE880Y01017,SOLEX,B,,,,,Solex Energy Limited,704.95,704.95,678.05,684.00,684.00,670.10,,682.32,,,3792,2598508.00,287,F1,1,,,,,
2026-10-05,2026-10-05,CM,BSE,STK,544863,INE0X9I01023,LAPL,M,,,,,LAPL AUTOMOTIVE LIMITED,102.00,102.00,97.60,98.20,97.60,101.65,,98.20,,,20400,2022000.00,17,F1,1200,,,,,
2026-10-05,2026-10-05,CM,BSE,STK,544864,INE1D0W01018,TECHNOCRAF,B,,,,,Technocraft Ventures Limited,483.30,483.40,465.15,470.35,470.35,475.30,,471.09,,,17611,8393507.00,430,F1,1,,,,,
2026-10-05,2026-10-05,CM,BSE,STK,544865,INE00GO01025,LEAPIND,B,,,,,LEAP India Limited,137.65,144.75,137.65,141.35,142.90,136.85,,141.35,,,145094,20633377.00,2460,F1,1,,,,,
2026-10-05,2026-10-05,CM,BSE,STK,544866,INE869T01028,MOLBIO,B,,,,,MOLBIO DIAGNOSTICS LIMITED,1500.05,1557.35,1473.05,1503.35,1503.35,1515.10,,1503.40,,,267435,404476375.00,11682,F1,1,,,,,
2026-10-05,2026-10-05,CM,BSE,STK,544867,INE01NH01023,DHOOTTRANS,B,,,,,Dhoot Transmission Limited,1469.10,1531.00,1452.00,1517.20,1517.20,1443.20,,1521.62,,,88436,132228485.00,5210,F1,1,,,,,
2026-10-05,2026-10-05,CM,BSE,STK,544868,INE00IT01020,MILKYMIST,T,,,,,Milky Mist Dairy Food Limited,317.00,317.00,295.00,303.40,305.00,307.15,,303.96,,,75238,22800117.00,1744,F1,1,,,,,
2026-10-05,2026-10-05,CM,BSE,STK,544869,INE0Z9N01013,SHAMFOAM,M,,,,,Sham Foam Limited,80.52,82.89,79.00,82.89,82.89,80.05,,82.89,,,7000,563310.00,6,F1,1000,,,,,
2026-10-05,2026-10-05,CM,BSE,STK,544870,INE1EEM01017,BLEL,B,,,,,BEHARI LAL ENGINEERING LIMITED,478.25,499.00,474.60,490.25,490.25,468.25,,490.06,,,152602,74900598.00,4091,F1,1,,,,,
2026-10-05,2026-10-05,CM,BSE,STK,544871,INE0FOO01011,SHIPROCKET,B,,,,,Shiprocket Limited,120.85,124.90,120.05,123.65,124.90,119.85,,123.03,,,176121,21542860.00,1451,F1,1,,,,,
2026-10-05,2026-10-05,CM,BSE,STK,544872,INE13G401012,QTFOODS,M,,,,,Q&T FOODS LIMITED,34.68,35.00,33.25,33.25,33.25,34.00,,33.25,,,20400,701616.00,15,F1,1200,,,,,
2026-10-05,2026-10-05,CM,BSE,STK,544873,INF22M001184,NIFTYJBLK,B,,,,,Jio BlackRock Mutual Fund,11.27,11.79,11.27,11.63,11.63,11.56,,11.59,,,8724,100974.00,101,F1,1,,,,,
2026-10-05,2026-10-05,CM,BSE,STK,544874,INF769K01RK3,LARGEMID50,B,,,,,Mirae Asset Mutual Fund,34.88,34.88,34.26,34.30,34.30,34.03,,34.31,,,881,30282.00,7,F1,1,,,,,
2026-10-05,2026-10-05,CM,BSE,STK,544876,INE23ER01017,ENS,M,,,,,ENS Enterprises Limited,101.30,102.00,101.25,101.50,101.50,101.20,,101.50,,,7200,730320.00,6,F1,1200,,,,,
2026-10-05,2026-10-05,CM,BSE,STK,544877,INE19QK01022,TECHNOCRAT,MT,,,,,Technocrats Plasma Systems Lim,409.00,429.00,409.00,426.90,428.00,409.00,,426.90,,,103000,43378000.00,80,F1,1000,,,,,
2026-10-05,2026-10-05,CM,BSE,STK,544878,INF205KA1CA1,IVZSENSEX,B,,,,,INVESCO MUTUAL FUND,71.28,72.04,71.28,72.04,72.04,72.00,,72.25,,,139,9955.00,4,F1,1,,,,,
2026-10-05,2026-10-05,CM,BSE,STK,544879,INE0K9O01026,LALITHAA,B,,,,,Lalithaa Jewellery Mart Limite,384.00,405.80,384.00,392.60,392.60,388.55,,392.60,,,910605,359074020.00,8063,F1,1,,,,,
2026-10-05,2026-10-05,CM,BSE,STK,544880,INE685T01010,HORIZONIND,B,,,,,Horizon Industrial Parks Limit,48.65,49.44,47.60,47.83,47.79,48.63,,47.75,,,187500,9042646.00,958,F1,1,,,,,
2026-10-05,2026-10-05,CM,BSE,STK,544881,INE1B3O01011,SUNSHINE,B,,,,,Sunshine Pictures Limited,457.15,465.45,443.85,448.00,450.00,452.60,,447.57,,,11946,5452275.00,347,F1,1,,,,,
2026-10-05,2026-10-05,CM,BSE,STK,544882,INE1WFC01025,SHANKESH,B,,,,,Shankesh Jewellers Limited,89.15,91.25,87.46,88.26,88.50,87.99,,88.24,,,206044,18364404.00,1155,F1,1,,,,,
2026-10-05,2026-10-05,CM,BSE,STK,544883,INE2F5H01015,MOPSHOP,M,,,,,MOPSHOP DISTRIBUTION LIMITED,34.60,36.50,34.58,34.58,34.58,36.39,,34.58,,,69000,2397490.00,47,F1,1000,,,,,
2026-10-05,2026-10-05,CM,BSE,STK,544884,INE0VWO01011,DHANWEL,M,,,,,Dhanwel Hybrid Seeds Limited,45.50,45.50,43.23,43.23,43.23,45.50,,43.23,,,44400,1929264.00,34,F1,1200,,,,,
2026-10-05,2026-10-05,CM,BSE,STK,544885,INE18UN01038,GAJA,B,,,,,Gaja Alternative Asset Managem,136.45,138.65,133.95,135.65,135.65,135.30,,135.84,,,34367,4680121.00,529,F1,1,,,,,
2026-10-05,2026-10-05,CM,BSE,STK,544886,INE1KZI01025,TEMPSENS,B,,,,,TEMPSENS INSTRUMENTS (INDIA) L,510.40,519.35,486.00,492.55,492.55,505.45,,493.90,,,135590,67950623.00,3676,F1,1,,,,,
2026-10-05,2026-10-05,CM,BSE,STK,544887,INF789F1AG76,NIF500BETA,B,,,,,UTI Mutual Fund,36.50,38.00,35.60,36.42,36.40,35.00,,36.30,,,4128,153048.00,32,F1,1,,,,,
2026-10-05,2026-10-05,CM,BSE,STK,544888,INE16W401027,AUGMONT,B,,,,,Augmont Enterprises Limited,1223.00,1263.70,1176.70,1222.30,1228.75,1203.55,,1223.23,,,186226,231049099.00,5127,F1,1,,,,,
2026-10-05,2026-10-05,CM,BSE,STK,544889,INE899I01028,SYMBIOTEC,B,,,,,SYMBIOTEC PHARMALAB LIMITED,1202.80,1227.00,1154.20,1168.30,1168.30,1199.30,,1169.66,,,88641,104574838.00,3731,F1,1,,,,,
2026-10-05,2026-10-05,CM,BSE,STK,544890,INE0PX301025,SKYWAYS,B,,,,,SKYWAYS AIR SERVICES LIMITED,111.05,114.10,108.75,109.40,109.95,110.40,,109.48,,,123644,13705386.00,1161,F1,1,,,,,
2026-10-05,2026-10-05,CM,BSE,STK,544891,INE0LEG01024,HTEL,B,,,,,Hy-Tech Engineers Limited,72.31,73.62,70.00,70.22,70.40,73.11,,70.40,,,205437,14693104.00,1291,F1,1,,,,,
2026-10-05,2026-10-05,CM,BSE,STK,544892,INF846KA1598,ENERGYAXIS,B,,,,,Axis Mutual Fund,17.92,19.30,17.92,18.51,18.51,18.29,,18.36,,,4062,75186.00,27,F1,1,,,,,
2026-10-05,2026-10-05,CM,BSE,STK,544893,INE103001017,ANNU,B,,,,,Annu Projects Limited,48.00,48.00,45.03,45.11,45.50,47.06,,45.12,,,47499,2182771.00,576,F1,1,,,,,
2026-10-05,2026-10-05,CM,BSE,STK,544894,INE185Q01025,LUMINO,B,,,,,LUMINO INDUSTRIES LIMITED,96.55,100.70,96.55,98.80,99.05,96.50,,98.88,,,543181,53869156.00,2806,F1,1,,,,,
2026-10-05,2026-10-05,CM,BSE,STK,544895,INE1SFA01019,KWICK,M,,,,,KWICK FORENSIC SOLUTIONS LIMIT,179.50,186.45,170.35,172.80,173.85,178.80,,172.80,,,284800,49686560.00,113,F1,1600,,,,,
2026-10-05,2026-10-05,CM,BSE,STK,544897,INE0LHB01010,PALUCK,M,,,,,Paluck Technologies Limited,44.00,44.80,43.03,43.17,43.06,44.70,,43.17,,,78000,3419910.00,19,F1,3000,,,,,
2026-10-05,2026-10-05,CM,BSE,STK,544898,INE0DRI01029,ESDS,B,,,,,ESDS Software Solution Limited,1360.15,1360.15,1360.15,1360.15,1360.15,1431.70,,1360.40,,,68967,93805465.00,1227,F1,1,,,,,
2026-10-05,2026-10-05,CM,BSE,STK,544899,INE15EH01014,PRIORITY,B,,,,,Priority Jewels Limited,299.35,315.00,288.00,292.10,289.00,289.90,,291.24,,,34888,10445090.00,803,F1,1,,,,,
2026-10-05,2026-10-05,CM,BSE,STK,544900,INE2K6801014,CSML,M,,,,,COMPLETE SPORTS AND MANAGEMENT,203.00,203.00,199.00,201.00,201.00,203.00,,201.00,,,10000,2008700.00,10,F1,1000,,,,,
2026-10-05,2026-10-05,CM,BSE,STK,544901,INE0I1B01016,PERNIASPOP,B,,,,,PURPLE STYLE LABS LIMITED,535.50,535.50,517.65,529.85,523.10,538.20,,524.03,,,5121,2691168.00,262,F1,1,,,,,
2026-10-05,2026-10-05,CM,BSE,STK,544902,INE24YP01017,PHYCHEM,M,,,,,Phychem Technologies Limited,48.00,48.00,45.60,45.80,45.60,48.00,,45.80,,,12000,559240.00,6,F1,2000,,,,,
2026-10-05,2026-10-05,CM,BSE,STK,544903,INE1M2N01020,DEEPA,B,,,,,Deepa Jewellers Limited,189.90,197.25,189.90,195.75,195.75,192.30,,194.98,,,159201,30931789.00,1522,F1,1,,,,,
2026-10-05,2026-10-05,CM,BSE,STK,544904,INE2J7801015,FLYHI,M,,,,,FLY-HI MARITIME TRAVELS LIMITE,39.40,40.90,37.52,38.17,38.39,39.37,,38.17,,,42000,1642476.00,31,F1,1200,,,,,
2026-10-05,2026-10-05,CM,BSE,STK,544905,INE0W2E01010,FARMPEACE,M,,,,,Farm Peace Limited,41.38,41.38,39.32,39.32,39.32,41.38,,39.32,,,82000,3244320.00,39,F1,2000,,,,,
2026-10-05,2026-10-05,CM,BSE,STK,544906,INE1FCO01014,MOMSBELIEF,B,,,,,Rays of Belief Limited,231.45,236.30,220.00,226.80,226.00,226.90,,228.73,,,10217,2284918.00,288,F1,1,,,,,
2026-10-05,2026-10-05,CM,BSE,STK,544907,INE0IBX01013,FINANCE,XT,,,,,Seksaria Finance Limited,52.81,52.81,52.81,52.81,52.81,50.30,,52.81,,,1,52.00,1,F1,1,,,,,
2026-10-05,2026-10-05,CM,BSE,STK,544908,INE0JHH01011,DOLLEX,B,,,,,Dollex Agrotech Limited,38.10,38.10,37.00,37.60,37.00,38.87,,37.17,,,4701,176396.00,302,F1,1,,,,,
2026-10-05,2026-10-05,CM,BSE,STK,544909,INE0H4201019,PRANAV,B,,,,,PRANAV CONSTRUCTIONS LIMITED,99.76,100.49,91.83,93.60,93.60,97.56,,93.24,,,292840,28104064.00,3202,F1,1,,,,,
2026-10-05,2026-10-05,CM,BSE,STK,544910,INE1ET101019,APANA,M,,,,,Apana Logistics Limited,24.91,24.91,24.91,24.91,24.91,26.22,,24.91,,,10000,249100.00,5,F1,2000,,,,,
2026-10-05,2026-10-05,CM,BSE,STK,544911,INE877D01025,KANOHAR,B,,,,,Kanohar Electricals Limited,920.85,1048.00,919.95,1019.05,1019.05,904.85,,1020.13,,,1819194,1793868067.00,55214,F1,1,,,,,
2026-10-05,2026-10-05,CM,BSE,STK,544912,INE455U01024,PRASOLCHEM,B,,,,,Prasol Chemicals Limited,816.95,826.80,781.90,790.35,787.00,814.65,,789.13,,,37788,30197349.00,1910,F1,1,,,,,
2026-10-05,2026-10-05,CM,BSE,STK,544913,INE644Q01039,GLASSWALL,B,,,,,Glass Wall Systems (India) Lim,267.70,273.50,251.65,254.80,254.80,270.75,,254.71,,,512450,135225842.00,5643,F1,1,,,,,
2026-10-05,2026-10-05,CM,BSE,STK,544914,INE0FRO01022,STEAMHOUSE,B,,,,,Steamhouse India Limited,109.35,110.55,105.95,107.70,107.35,106.30,,107.66,,,161268,17494927.00,1353,F1,1,,,,,
2026-10-05,2026-10-05,CM,BSE,STK,544915,INE08T701025,RENTOMOJO,B,,,,,Rentomojo Limited,528.55,538.50,506.65,510.80,511.00,525.65,,510.94,,,168039,87962355.00,4898,F1,1,,,,,
2026-10-05,2026-10-05,CM,BSE,STK,544916,INE241U01028,MPIMANIPAL,B,,,,,Manipal Payment and Identity S,418.65,429.15,382.55,388.70,388.70,402.55,,389.64,,,227453,92217392.00,5721,F1,1,,,,,
2026-10-05,2026-10-05,CM,BSE,STK,544917,INE590T01012,KARAMTARA,B,,,,,KARAMTARA ENGINEERING LIMITED,411.65,433.85,405.10,416.30,416.30,411.05,,416.30,,,254731,107385158.00,6084,F1,1,,,,,
2026-10-05,2026-10-05,CM,BSE,STK,544918,INE1FPN01026,LCCPROJECT,B,,,,,LCC PROJECTS LIMITED,151.35,152.65,145.70,148.50,148.50,151.70,,148.45,,,88937,13279929.00,1440,F1,1,,,,,
2026-10-05,2026-10-05,CM,BSE,STK,544919,INE1YC401018,INFRAX,M,,,,,INFRAX RENEWABLE LIMITED,117.80,125.00,113.65,119.35,120.00,114.50,,119.35,,,135600,16203540.00,71,F1,1200,,,,,
2026-10-05,2026-10-05,CM,BSE,STK,544920,INE0RMA01019,AMTECH,M,,,,,Amtech Esters Limited,125.00,127.90,112.00,114.10,112.00,120.60,,114.10,,,163200,19430400.00,79,F1,1600,,,,,
2026-10-05,2026-10-05,CM,BSE,STK,544921,INE148G01016,ARCIL,B,,,,,ASSET RECONSTRUCTION COMPANY (,140.30,145.25,140.30,142.30,141.95,139.95,,142.24,,,127512,18214161.00,2688,F1,1,,,,,
2026-10-05,2026-10-05,CM,BSE,STK,544922,INE2D0Q01027,OMG,M,,,,,OM GALAXY LIMITED,89.89,90.00,87.13,88.50,88.50,89.44,,88.50,,,62400,5562720.00,30,F1,1600,,,,,
2026-10-05,2026-10-05,CM,BSE,STK,544923,INE1JTV01015,VEEGALAND,B,,,,,Veegaland Developers Limited,144.00,149.65,142.85,145.15,144.95,141.45,,144.77,,,72715,10622167.00,839,F1,1,,,,,
2026-10-05,2026-10-05,CM,BSE,STK,544924,INE1S7M01017,RAKSAN,M,,,,,Raksan Transformers Limited,270.00,279.00,266.00,268.10,268.10,273.20,,268.10,,,75200,20321460.00,176,F1,400,,,,,
2026-10-05,2026-10-05,CM,BSE,STK,544925,INE0SVD01012,SPEEDEX,M,,,,,MAHARAJA & SPEEDEX INDIA LIMIT,261.05,269.00,245.50,248.95,249.85,257.60,,248.95,,,165000,42536670.00,236,F1,600,,,,,
2026-10-05,2026-10-05,CM,BSE,STK,544928,INE16VF01010,CENTURYOOH,MT,,,,,Century Business Media Limited,67.10,68.00,66.23,66.92,66.23,69.70,,66.92,,,12800,857904.00,8,F1,1600,,,,,
2026-10-05,2026-10-05,CM,BSE,STK,544929,INE0KWF01020,MANIKA,T,,,,,MANIKA PLASTECH LIMITED,41.03,43.00,40.55,42.82,42.99,42.07,,43.10,,,64779,2742909.00,346,F1,1,,,,,
2026-10-05,2026-10-05,CM,BSE,STK,544930,INE1JJF01019,INJECTO,MT,,,,,INJECTO POLYMERS LIMITED,96.00,97.51,96.00,97.51,97.51,97.25,,97.51,,,28800,2772024.00,13,F1,1200,,,,,
2026-10-05,2026-10-05,CM,BSE,STK,544931,INE1G7R01010,VAMAWOVEN,MT,,,,,VAMA WOVENFAB LIMITED,226.40,226.40,226.40,226.40,226.40,238.30,,226.40,,,400,90560.00,1,F1,400,,,,,
2026-10-05,2026-10-05,CM,BSE,STK,544932,INE0OAB01019,QAL,MT,,,,,Quanto Agroworld Limited,64.25,64.99,64.25,64.99,64.99,64.90,,64.99,,,78000,5067700.00,24,F1,2000,,,,,
2026-10-05,2026-10-05,CM,BSE,STK,544933,INE05UY01016,SHAKTIPOLY,MT,,,,,SHAKTI POLYTARP LIMITED,51.00,51.75,50.64,50.64,50.64,53.30,,50.64,,,90000,4569620.00,30,F1,2000,,,,,
2026-10-05,2026-10-05,CM,BSE,STK,544934,INE1EQW01028,SSRETAIL,B,,,,,SS Retail Limited,711.85,713.45,668.00,680.35,680.35,716.40,,677.55,,,953895,657589635.00,24071,F1,1,,,,,
2026-10-05,2026-10-05,CM,BSE,STK,544935,INE1DLO01028,JSIPL,T,,,,,JINDAL SUPREME (INDIA) LIMITED,179.20,180.00,179.20,180.00,180.00,171.45,,179.70,,,139672,25117365.00,878,F1,1,,,,,
2026-10-05,2026-10-05,CM,BSE,STK,544936,INE012G01022,HEROMOTORS,B,,,,,HERO MOTORS LIMITED,175.95,179.00,158.65,169.50,169.50,167.80,,169.62,,,16371361,2774286058.00,114098,F1,1,,,,,
2026-10-05,2026-10-05,CM,BSE,STK,544937,INE721I01024,NSE,A,,,,,National Stock Exchange of Ind,1741.30,1750.00,1712.00,1723.50,1723.50,1741.30,,1723.47,,,2594213,4479585472.00,133590,F1,1,,,,,
2026-10-05,2026-10-05,CM,BSE,STK,544938,INE0LLZ01011,SONA,T,,,,,SONASELECTION INDIA LIMITED,91.00,94.89,88.50,92.68,91.89,92.36,,92.60,,,12861,1168699.00,130,F1,1,,,,,
2026-10-05,2026-10-05,CM,BSE,STK,544939,INE1JJP01018,VIVEKANAND,MT,,,,,VIVEKANAND COTSPIN LIMITED,45.00,45.00,41.00,42.45,42.45,43.15,,42.45,,,324000,13342380.00,28,F1,3000,,,,,
2026-10-05,2026-10-05,CM,BSE,STK,544940,INE1W8R01018,ROBOKIDZ,MT,,,,,ROBOKIDZ EDUVENTURES LIMITED,213.50,219.00,210.05,210.05,210.05,221.10,,210.05,,,237600,50294640.00,151,F1,1200,,,,,
2026-10-05,2026-10-05,CM,BSE,STK,544941,INE1D0M01019,FXML,MT,,,,,FX Multitech Limited,120.60,120.60,114.60,115.15,114.70,120.60,,115.15,,,145200,16844340.00,89,F1,1200,,,,,
2026-10-05,2026-10-05,CM,BSE,STK,544942,INE0M5301040,VARMORA,B,,,,,Varmora Granito Limited,135.20,137.85,132.10,134.80,133.50,133.80,,134.88,,,143807,19361872.00,2126,F1,1,,,,,
2026-10-05,2026-10-05,CM,BSE,STK,544943,INE1OTR01013,HNIL,MT,,,,,HIMALAYA NUTRAVEDICS INDIA LIM,128.70,128.70,128.70,128.70,128.70,122.60,,128.70,,,306000,39382200.00,81,F1,1200,,,,,
2026-10-05,2026-10-05,CM,BSE,STK,544944,INE0XDX01018,ANAND,MT,,,,,Anand Seamless Limited,72.00,72.00,68.40,69.12,68.40,72.00,,69.12,,,41600,2910832.00,21,F1,1600,,,,,
2026-10-05,2026-10-05,CM,BSE,STK,544945,INE147X01013,ELEVATE,B,,,,,Elevate Campuses Limited,354.45,354.95,327.50,334.85,334.85,343.70,,333.24,,,156353,53051829.00,3081,F1,1,,,,,
2026-10-05,2026-10-05,CM,BSE,STK,544946,INE0CJT01025,LIQVD,MT,,,,,LIQVD DIGITAL INDIA LIMITED,46.08,46.08,46.08,46.08,46.08,48.50,,46.08,,,4000,184320.00,2,F1,2000,,,,,
2026-10-05,2026-10-05,CM,BSE,STK,544947,INE2MKZ01017,SKOFFSET,MT,,,,,S.K. OFFSET LIMITED,117.00,117.00,114.05,114.05,114.05,120.05,,114.05,,,4000,462050.00,4,F1,1000,,,,,
2026-10-05,2026-10-05,CM,BSE,STK,544948,INE0WOK01014,UNITEC,MT,,,,,UNITEC FIBRES LIMITED,96.50,97.69,93.71,95.67,95.69,95.13,,95.67,,,118400,11328160.00,64,F1,1600,,,,,
2026-10-05,2026-10-05,CM,BSE,STK,544949,INE1QJA01015,SWASTIKAIN,T,,,,,SWASTIKA INFRA LIMITED,205.30,210.00,205.30,208.80,208.80,216.10,,208.55,,,256360,52934667.00,2502,F1,1,,,,,
2026-10-05,2026-10-05,CM,BSE,STK,544950,INE505M01015,ADROITIND,T,,,,,Adroit Industries (India) Limi,224.20,224.20,224.20,224.20,224.20,235.95,,224.19,,,12723,2852496.00,188,F1,1,,,,,
2026-10-05,2026-10-05,CM,BSE,STK,544951,INE0TWE01016,ARMEE,B,,,,,ARMEE INFOTECH LIMITED,270.50,272.70,251.20,253.70,253.70,273.05,,254.22,,,114555,30275378.00,3054,F1,1,,,,,
2026-10-05,2026-10-05,CM,BSE,STK,544952,INE0OTC01025,AONESTEELS,B,,,,,A-ONE STEELS INDIA LIMITED,412.45,412.90,385.15,388.80,388.80,417.00,,389.30,,,143139,56832615.00,5140,F1,1,,,,,
2026-10-05,2026-10-05,CM,BSE,STK,544953,INE0PTN01011,MONEYVIEW,B,,,,,Moneyview Limited,55.75,59.00,50.59,51.56,51.56,54.03,,51.51,,,22509220,1245507178.00,58373,F1,1,,,,,
2026-10-05,2026-10-05,CM,BSE,STK,544954,INE2BTZ01011,ROOPA,MT,,,,,Roopa Screen Limited,115.00,115.50,109.75,109.75,109.75,115.52,,109.75,,,426000,47228120.00,141,F1,2000,,,,,
2026-10-05,2026-10-05,CM,BSE,STK,544957,INE0D4501011,GERMAN,B,,,,,German Green Steel and Power L,143.50,143.50,125.65,128.20,128.20,0.00,,128.32,,,2758240,371846696.00,45217,F1,1,,,,,
2026-10-05,2026-10-05,CM,BSE,STK,544958,INE1LLG01019,SAIURJA,MT,,,,,SAI URJA INDO VENTURES LIMITED,133.80,140.45,127.15,140.45,140.45,0.00,,140.45,,,1065600,142013460.00,432,F1,1200,,,,,
2026-10-05,2026-10-05,CM,BSE,STK,544959,INE804W01029,RUNWALENTR,B,,,,,Runwal Enterprises Limited,306.00,307.35,280.90,298.95,298.95,0.00,,301.32,,,1272511,379901212.00,29212,F1,1,,,,,
2026-10-05,2026-10-05,CM,BSE,STK,544960,INE0J1N01028,ORIENTCABL,B,,,,,Orient Cables(India)Limited,448.10,465.30,403.30,403.30,403.30,0.00,,403.97,,,2073591,891821233.00,46161,F1,1,,,,,
2026-10-05,2026-10-05,CM,BSE,STK,544961,INE1DLN01012,DUDANI,MT,,,,,Dudani Retail Limited,25.00,25.00,25.00,25.00,25.00,0.00,,25.00,,,344000,8600000.00,42,F1,4000,,,,,
2026-10-05,2026-10-05,CM,BSE,STK,544962,INE580P01029,ACEVECTOR,B,,,,,ACEVECTOR LIMITED,28.30,28.68,23.40,26.10,26.10,0.00,,26.08,,,5685690,147232703.00,21074,F1,1,,,,,
2026-10-05,2026-10-05,CM,BSE,STK,555555,INF346A01034,SENSEXIETF,B,,,,,ICICI Prudential BSE Sensex ET,845.60,845.60,828.51,837.60,837.57,828.84,,834.42,,,2509,2092887.00,145,F1,1,,,,,
2026-10-05,2026-10-05,CM,BSE,STK,570002,IN9623B01058,FELDVR,Z,,,,,Future Enterprises Limited,2.06,2.06,1.96,2.00,2.00,2.06,,2.00,,,1454,2951.00,8,F1,1,,,,,
2026-10-05,2026-10-05,CM,BSE,STK,570004,IN9175A01010,JISLDVREQS,B,,,,,JAIN IRRIGATION SYSTEMS LTD.,18.51,19.67,18.15,19.07,19.09,18.88,,18.89,,,351,6588.00,43,F1,1,,,,,
2026-10-05,2026-10-05,CM,BSE,STK,570005,INE224E01036,GATECHDVR,T,,,,,GACM Technologies Limited - DV,0.47,0.48,0.46,0.48,0.48,0.47,,0.47,,,53524,25202.00,56,F1,1,,,,,
2026-10-05,2026-10-05,CM,BSE,STK,590003,INE036D01028,KARURVYSYA,B,,,,,KARUR VYSYA BANK LTD.,325.70,330.80,320.65,324.50,324.50,325.05,,324.70,,,48139,15682206.00,1692,F1,1,,,,,
2026-10-05,2026-10-05,CM,BSE,STK,590005,INE484C01030,VEEDOL,B,,,,,VEEDOL CORPORATION LIMITED,1358.75,1360.40,1339.00,1351.95,1349.60,1356.80,,1350.45,,,307,413466.00,92,F1,1,,,,,
2026-10-05,2026-10-05,CM,BSE,STK,590006,INE098F01031,AMRUTANJAN,B,,,,,AMRUTANJAN HEALTH CARE LTD.,514.00,524.95,510.65,517.00,516.55,513.80,,517.98,,,2656,1371489.00,146,F1,1,,,,,
2026-10-05,2026-10-05,CM,BSE,STK,590013,INE445C01015,XPROINDIA,B,,,,,XPRO INDIA LTD.,1136.20,1156.85,1120.00,1139.45,1120.00,1136.40,,1139.01,,,2099,2395028.00,193,F1,1,,,,,
2026-10-05,2026-10-05,CM,BSE,STK,590018,INE598C01011,HISARMETAL,B,,,,,HISAR METAL INDUSTRIES LTD.,152.15,152.15,144.40,145.00,145.00,152.15,,145.22,,,62,8967.00,45,F1,1,,,,,
2026-10-05,2026-10-05,CM,BSE,STK,590021,INE838B01021,BHARATRAS,B,,,,,BHARAT RASAYAN LTD.,998.70,1014.95,982.60,987.40,987.40,998.70,,983.52,,,1734,1725947.00,251,F1,1,,,,,
2026-10-05,2026-10-05,CM,BSE,STK,590022,INE962C01035,EASTSILK,T,,,,,EASTERN SILK INDUSTRIES LTD.,71.40,71.40,71.40,71.40,71.40,68.00,,69.03,,,1,71.00,1,F1,1,,,,,
2026-10-05,2026-10-05,CM,BSE,STK,590024,INE188A01015,FACT,B,,,,,FERTILIZERS & CHEMICALS TRAVAN,736.35,745.50,729.45,731.50,731.00,735.70,,731.74,,,6449,4746592.00,394,F1,1,,,,,
2026-10-05,2026-10-05,CM,BSE,STK,590025,INE424C01010,GINNIFILA,T,,,,,GINNI FILAMENTS LTD.,39.20,40.89,39.20,39.52,39.52,40.70,,39.80,,,1486,58801.00,14,F1,1,,,,,
2026-10-05,2026-10-05,CM,BSE,STK,590030,INE147A01011,SPIC,B,,,,,SOUTHERN PETROCHEMICALS LTD.,61.76,63.71,61.51,62.48,62.47,62.33,,62.21,,,25353,1587848.00,334,F1,1,,,,,
2026-10-05,2026-10-05,CM,BSE,STK,590031,INE244A01016,DENORA,B,,,,,DE NORA INDIA LTD.,759.50,771.10,721.00,729.65,729.65,729.70,,731.58,,,516,384299.00,57,F1,1,,,,,
2026-10-05,2026-10-05,CM,BSE,STK,590041,INE641C01019,KAVDEFENCE,T,,,,,Kavveri Defence &amp; Wireless,78.00,80.90,75.01,80.90,80.90,77.05,,81.48,,,9417,744819.00,64,F1,1,,,,,
2026-10-05,2026-10-05,CM,BSE,STK,590051,INE667G01023,SAKSOFT,B,,,,,SAKSOFT LTD.,141.35,143.30,138.80,140.60,140.50,138.95,,140.72,,,26128,3679362.00,429,F1,1,,,,,
2026-10-05,2026-10-05,CM,BSE,STK,590056,INE498E01010,SALONA,B,,,,,SALONA COTSPIN LTD.,261.00,268.00,247.00,268.00,268.00,261.00,,268.24,,,32,8250.00,12,F1,1,,,,,
2026-10-05,2026-10-05,CM,BSE,STK,590057,INE217G01035,EQUIPPP,T,,,,,EQUIPPP SOCIAL IMPACT TECHNOLO,23.00,23.00,22.95,22.95,22.95,22.59,,21.85,,,61,1400.00,3,F1,1,,,,,
2026-10-05,2026-10-05,CM,BSE,STK,590062,INE715B01021,ANDHRSUGAR,B,,,,,ANDHRA SUGARS LTD.,92.84,94.19,91.01,91.86,92.10,91.08,,91.95,,,25519,2350777.00,443,F1,1,,,,,
2026-10-05,2026-10-05,CM,BSE,STK,590065,INE547E01014,IMPAL,B,,,,,INDIA MOTOR PARTS & ACCESSORIE,950.05,1027.00,950.05,1027.00,1027.00,1010.20,,1026.41,,,189,192638.00,45,F1,1,,,,,
2026-10-05,2026-10-05,CM,BSE,STK,590066,INE805C01028,KCP,B,,,,,K.C.P.LTD.,153.50,158.05,152.65,155.10,154.80,153.20,,155.58,,,6558,1015664.00,156,F1,1,,,,,
2026-10-05,2026-10-05,CM,BSE,STK,590070,INE874F01027,RADAAN,B,,,,,RADAAN MEDIAWORKS (I) LTD.,2.99,3.17,2.91,2.92,2.92,2.92,,2.99,,,1193,3487.00,10,F1,1,,,,,
2026-10-05,2026-10-05,CM,BSE,STK,590071,INE660A01013,SUNDARMFIN,B,,,,,SUNDARAM FINANCE LTD.,4368.85,4421.20,4221.65,4267.40,4249.00,4399.15,,4268.38,,,2500,10699423.00,556,F1,1,,,,,
2026-10-05,2026-10-05,CM,BSE,STK,590072,INE073D01013,SUNDRMBRAK,B,,,,,SUNDARAM BRAKE LININGS LTD.,697.70,697.70,694.40,694.40,694.40,657.95,,681.30,,,102,71162.00,22,F1,1,,,,,
2026-10-05,2026-10-05,CM,BSE,STK,590073,INE715A01015,WHEELS,B,,,,,WHEELS INDIA LTD.,2240.05,2255.00,2150.45,2208.25,2200.00,2245.05,,2206.72,,,7231,15815576.00,593,F1,1,,,,,
2026-10-05,2026-10-05,CM,BSE,STK,590075,INE112F01022,LAMBODHARA,B,,,,,LAMBODHARA TEXTILES LTD.,134.00,134.70,125.00,126.00,126.00,128.90,,126.51,,,1991,254777.00,47,F1,1,,,,,
2026-10-05,2026-10-05,CM,BSE,STK,590078,INE683C01011,MAITHANALL,B,,,,,MAITHAN ALLOYS LTD.,921.90,928.95,901.80,905.40,903.70,928.90,,905.59,,,6524,5924180.00,316,F1,1,,,,,
2026-10-05,2026-10-05,CM,BSE,STK,590086,INE725E01024,ORISSAMINE,B,,,,,ORISSA MINERALS DEVELOPMENT CO,3587.95,3606.40,3495.40,3520.00,3517.75,3551.25,,3521.98,,,388,1377681.00,111,F1,1,,,,,
2026-10-05,2026-10-05,CM,BSE,STK,590095,INF204KB17I5,GOLDBEES,E,,,,,NIPPON INDIA ETF GOLD BEES,121.34,121.73,120.45,121.59,121.59,121.45,,121.58,,,1274387,154340637.00,14855,F1,1,,,,,
2026-10-05,2026-10-05,CM,BSE,STK,590096,INF732E01037,LIQUIDBEES,F,,,,,NIPPON INDIA ETF LIQUID BEES,995.01,1000.01,995.01,999.99,999.99,1000.01,,999.99,,,139710,139698382.00,638,F1,1,,,,,
2026-10-05,2026-10-05,CM,BSE,STK,590097,INF174KA1HJ8,GOLD1,E,,,,,KOTAK MAHINDRA MUTUAL FUND - K,122.98,122.98,121.88,122.83,122.83,122.72,,122.78,,,72148,8830327.00,618,F1,1,,,,,
2026-10-05,2026-10-05,CM,BSE,STK,590098,INF200KA16D8,SETFGOLD,E,,,,,SBI MUTUAL FUND - SBI GOLD EXC,125.28,125.57,124.07,125.39,125.06,125.35,,125.41,,,234077,29230074.00,2596,F1,1,,,,,
2026-10-05,2026-10-05,CM,BSE,STK,590099,INF082J01408,QGOLDHALF,E,,,,,Quantum Gold ETF,121.50,121.90,120.80,121.77,121.90,121.59,,121.83,,,8232,999145.00,268,F1,1,,,,,
2026-10-05,2026-10-05,CM,BSE,STK,590101,INF789F1AUX7,GOLDBETA,E,,,,,UTI MUTUAL FUND - UTI GOLD EXC,124.44,126.55,122.75,123.78,123.78,123.67,,123.90,,,22736,2808796.00,426,F1,1,,,,,
2026-10-05,2026-10-05,CM,BSE,STK,590103,INF204KB14I2,NIFTYBEES,B,,,,,NIPPON INDIA ETF NIFTY BEES,259.14,259.14,255.77,257.39,257.39,256.57,,257.29,,,680698,175045346.00,7966,F1,1,,,,,
2026-10-05,2026-10-05,CM,BSE,STK,590104,INF732E01045,JUNIORBEES,B,,,,,NIPPON INDIA ETF JUNIOR BEES,746.97,754.47,744.25,748.58,751.00,748.34,,748.46,,,27463,20556645.00,1592,F1,1,,,,,
2026-10-05,2026-10-05,CM,BSE,STK,590106,INF204KB15I9,BANKBEES,B,,,,,NIPPON INDIA ETF BANK BEES,579.13,579.13,564.02,565.45,565.06,565.01,,565.61,,,25772,14624469.00,940,F1,1,,,,,
2026-10-05,2026-10-05,CM,BSE,STK,590107,INF174KA1A86,PSUBANK,B,,,,,KOTAK MAHINDRA MUTUAL FUND - K,80.98,81.30,79.86,80.77,80.77,79.02,,80.38,,,12614,1017696.00,89,F1,1,,,,,
2026-10-05,2026-10-05,CM,BSE,STK,590108,INF204KB16I7,PSUBNKBEES,B,,,,,NIPPON INDIA ETF PSU BANK BEES,90.92,90.92,88.98,89.33,89.25,89.14,,89.31,,,175769,15756601.00,814,F1,1,,,,,
2026-10-05,2026-10-05,CM,BSE,STK,590109,INF732E01128,SHARIABEES,B,,,,,NIPPON INDIA ETF SHARIAH BEES,425.52,425.52,419.73,422.55,424.90,425.63,,421.53,,,872,367704.00,101,F1,1,,,,,
2026-10-05,2026-10-05,CM,BSE,STK,590110,INF082J01499,QNIFTY,B,,,,,Quantum Nifty 50 ETF,246.81,252.70,246.81,248.90,249.20,247.77,,248.85,,,1573,391089.00,63,F1,1,,,,,
2026-10-05,2026-10-05,CM,BSE,STK,590113,INF204KB19I1,HNGSNGBEES,B,,,,,NIPPON INDIA ETF HANG SENG BEE,443.52,462.16,443.52,456.95,462.16,454.90,,457.53,,,9049,4117447.00,671,F1,1,,,,,
2026-10-05,2026-10-05,CM,BSE,STK,590115,INF247L01536,MOM50,B,,,,,MOTILAL OSWAL MUTUAL FUND,238.95,238.95,235.00,235.82,235.82,234.25,,235.61,,,414,97800.00,25,F1,1,,,,,
2026-10-05,2026-10-05,CM,BSE,STK,590134,INE414A01015,MADRASFERT,B,,,,,Madras Fertilizer Limited,63.95,63.95,57.22,57.63,57.22,57.20,,57.61,,,1865,107752.00,61,F1,1,,,,,
2026-10-05,2026-10-05,CM,BSE,STK,590136,INF174KA1ZB7,BANKNIFTY1,B,,,,,Kotak Mahindra Mutual Fund - P,56.47,57.50,56.47,57.16,57.50,56.64,,56.81,,,25726,1464953.00,144,F1,1,,,,,
2026-10-05,2026-10-05,CM,BSE,STK,590137,INF200KA1580,SETFNIFBK,B,,,,,SBI Mutual Fund-Permitted,566.01,568.43,559.79,562.40,563.01,561.78,,561.44,,,1981,1114464.00,171,F1,1,,,,,
2026-10-05,2026-10-05,CM,BSE,STK,590138,INF200KA1FS1,SETFNIF50,B,,,,,SBI Mutual Fund-Permitted,245.89,245.89,241.02,243.32,244.50,242.52,,243.14,,,560978,136171660.00,1210,F1,1,,,,,
2026-10-05,2026-10-05,CM,BSE,STK,590139,INF174KA1LV5,LIQUID1,F,,,,,Kotak Mahindra Mutual Fund - P,1125.39,1125.54,1125.39,1125.52,1125.52,1125.39,,1125.52,,,2883,3244880.00,13,F1,1,,,,,
2026-10-05,2026-10-05,CM,BSE,STK,590140,INF277KA1976,TATAGOLD,E,,,,,Tata Mutual Fund - Permitted,14.26,14.33,14.18,14.29,14.29,14.29,,14.30,,,3937494,56082244.00,8906,F1,1,,,,,
2026-10-05,2026-10-05,CM,BSE,STK,590141,INF204KB15V2,ITBEES,B,,,,,Nippon India Mutual Fund - Per,32.08,32.08,30.82,31.35,31.39,31.41,,31.35,,,724882,22914103.00,2380,F1,1,,,,,
2026-10-05,2026-10-05,CM,BSE,STK,590142,INF204KC1089,PHARMABEES,B,,,,,Nippon India Mutual Fund - Per,27.73,27.73,26.51,26.80,26.91,27.19,,26.84,,,607849,16318639.00,2367,F1,1,,,,,
2026-10-05,2026-10-05,CM,BSE,STK,590143,INF204KB1882,LTGILTBEES,F,,,,,Nippon India Mutual Fund - Per,30.07,30.07,29.46,29.48,29.48,29.50,,29.49,,,27396,808243.00,84,F1,1,,,,,
2026-10-05,2026-10-05,CM,BSE,STK,590144,INF204KB1V68,MID150BEES,B,,,,,Nippon India Mutual Fund - Per,227.28,227.45,224.00,225.09,224.00,225.03,,224.93,,,77051,17342934.00,2206,F1,1,,,,,
2026-10-05,2026-10-05,CM,BSE,STK,590145,INF204KC1402,SILVERBEES,E,,,,,Nippon India Mutual Fund - Per,209.42,212.35,209.42,211.86,211.86,208.75,,211.85,,,586209,123702994.00,6383,F1,1,,,,,
2026-10-05,2026-10-05,CM,BSE,STK,590146,INF247L01FY4,MOGOLD,E,,,,,Motilal Oswal Mutual Fund-Perm,143.61,153.00,143.61,145.86,145.86,145.07,,145.70,,,1071864,156341379.00,184,F1,1,,,,,
2026-10-05,2026-10-05,CM,BSE,STK,590147,INF247L01FZ1,MOSILVER,E,,,,,Motilal Oswal Mutual Fund-Perm,218.51,219.28,217.70,218.83,218.83,215.70,,218.63,,,605,131977.00,14,F1,1,,,,,
2026-10-05,2026-10-05,CM,BSE,STK,590148,INF247L01CH6,MOSMALL250,B,,,,,Motilal Oswal Mutual Fund-Perm,17.52,17.86,17.52,17.73,17.71,17.71,,17.72,,,26042,462074.00,153,F1,1,,,,,
2026-10-05,2026-10-05,CM,BSE,STK,590149,INF247L01EV3,MOCAPITAL,B,,,,,Motilal Oswal Mutual Fund-Perm,51.05,51.75,51.05,51.51,51.53,50.73,,51.37,,,12908,663263.00,257,F1,1,,,,,
2026-10-05,2026-10-05,CM,BSE,STK,590150,INF247L01CI4,MOREALTY,B,,,,,Motilal Oswal Mutual Fund-Perm,82.33,85.19,82.33,84.05,84.05,84.45,,83.89,,,28971,2440411.00,131,F1,1,,,,,
2026-10-05,2026-10-05,CM,BSE,STK,590151,INF247L01DK8,MOMENTUM50,B,,,,,Motilal Oswal Mutual Fund-Perm,52.08,52.71,51.99,52.28,52.35,52.30,,52.22,,,90275,4716295.00,511,F1,1,,,,,
2026-10-05,2026-10-05,CM,BSE,STK,590152,INF247L01DJ0,MODEFENCE,B,,,,,Motilal Oswal Mutual Fund-Perm,100.75,101.51,98.27,100.50,100.97,100.79,,100.54,,,67232,6750536.00,945,F1,1,,,,,
2026-10-05,2026-10-05,CM,BSE,STK,590153,INF247L01BU1,MONIFTY500,B,,,,,Motilal Oswal Mutual Fund-Perm,22.25,22.70,22.25,22.54,22.56,22.52,,22.53,,,132132,2959933.00,225,F1,1,,,,,
2026-10-05,2026-10-05,CM,BSE,STK,590154,INF174KA1IA5,ALPHA,B,,,,,Kotak Mahindra Mutual Fund - P,51.11,52.25,51.11,51.47,51.49,51.42,,51.40,,,42040,2163092.00,392,F1,1,,,,,
2026-10-05,2026-10-05,CM,BSE,STK,590155,INF666M01OF4,GROWWSLVR,E,,,,,GROWW MUTUAL FUND  PERMITTED,21.83,21.83,21.31,21.70,21.69,21.40,,21.71,,,47092,1016154.00,170,F1,1,,,,,
2026-10-05,2026-10-05,CM,BSE,STK,590156,INF666M01OE7,GROWWGOLD,E,,,,,GROWW MUTUAL FUND  PERMITTED,14.13,14.45,14.13,14.42,14.38,14.35,,14.36,,,89496,1281002.00,260,F1,1,,,,,
2026-10-05,2026-10-05,CM,BSE,STK,590157,INF666M01IO8,GROWWDEFNC,B,,,,,GROWW MUTUAL FUND  PERMITTED,89.60,92.47,89.60,91.80,91.94,91.90,,91.87,,,6448,589189.00,205,F1,1,,,,,
2026-10-05,2026-10-05,CM,BSE,STK,590158,INF666M01JJ6,GROWWRAIL,B,,,,,GROWW MUTUAL FUND  PERMITTED,26.00,26.57,25.87,26.08,26.18,26.14,,26.08,,,24431,636027.00,222,F1,1,,,,,
2026-10-05,2026-10-05,CM,BSE,STK,590159,INF666M01IP5,GROWWLIQID,F,,,,,GROWW MUTUAL FUND  PERMITTED,111.02,111.03,110.72,111.02,111.02,111.02,,111.02,,,11574,1284516.00,29,F1,1,,,,,
2026-10-05,2026-10-05,CM,BSE,STK,590160,INF277K015R5,NETF,B,,,,,Tata Mutual Fund - Permitted,243.16,246.30,242.19,246.25,246.25,248.40,,246.03,,,964,234513.00,45,F1,1,,,,,
2026-10-05,2026-10-05,CM,BSE,STK,590161,INF277KA1984,TATSILV,E,,,,,Tata Mutual Fund - Permitted,21.00,21.58,21.00,21.52,21.52,21.21,,21.53,,,836750,17906523.00,3450,F1,1,,,,,
2026-10-05,2026-10-05,CM,BSE,STK,710058,IN9641R03011,QDLCCPS,B,,,,,Quint Digital Limited,34.34,37.77,31.25,37.77,37.77,34.34,,37.77,,,1754,62367.00,14,F1,1,,,,,
2026-10-05,2026-10-05,CM,BSE,STK,751142,INE007C20013,INDRA-RE,R,,,,,Indrayani Biotech Ltd.,0.11,0.11,0.09,0.11,0.10,0.10,,0.11,,,136856,13056.00,58,F1,1,,,,,
2026-10-05,2026-10-05,CM,BSE,STK,751143,INE281A20018,CENTEXT-RE,R,,,,,Century Extrusions Ltd.,3.05,3.05,2.70,3.00,3.00,3.35,,2.80,,,67813,198902.00,120,F1,1,,,,,
2026-10-05,2026-10-05,CM,BSE,STK,751144,INE560D20027,TUNTEX-RE1,R,,,,,Tuni Textile Mills Ltd.,0.12,0.12,0.12,0.12,0.12,0.15,,0.12,,,549152,65898.00,177,F1,1,,,,,
2026-10-05,2026-10-05,CM,BSE,STK,800177,IN0020130053,92GS2030,G,,,,,920GOI2030,109.60,109.60,109.10,109.10,109.10,108.85,,108.90,,,7834,854789.00,7,F1,1,,,,,
2026-10-05,2026-10-05,CM,BSE,STK,800292,IN0020180561,SGBFEB27,G,,,,,SOVERIEGN GOLD BOND 2019 SERIE,14631.00,14631.00,14631.00,14631.00,14631.00,14631.00,,14635.00,,,1,14631.00,1,F1,1,,,,,
2026-10-05,2026-10-05,CM,BSE,STK,800296,IN0020190081,SGBJUL27,G,,,,,SOVEREIGN GOLD BOND 2019-20 SE,14715.00,14715.00,14715.00,14715.00,14715.00,14715.00,,14708.87,,,2,29430.00,2,F1,1,,,,,
2026-10-05,2026-10-05,CM,BSE,STK,800297,IN0020190107,SGBAUG27,G,,,,,SOVEREIGN GOLD BOND 2019-20 SE,14848.96,14848.96,14650.00,14715.67,14719.00,14780.00,,14704.00,,,10,147421.00,6,F1,1,,,,,
2026-10-05,2026-10-05,CM,BSE,STK,800312,IN0020190461,SGBDC27VII,G,,,,,Sovereign Gold Bonds 2019-20 S,14780.00,14780.00,14780.00,14780.00,14780.00,14780.00,,14745.00,,,1,14780.00,1,F1,1,,,,,
2026-10-05,2026-10-05,CM,BSE,STK,800314,IN0020190545,SGBFEB28IX,G,,,,,Sovereign Gold Bonds 2019-20 S,14768.47,14768.47,14768.47,14768.47,14768.47,14695.00,,14743.74,,,2,29536.00,1,F1,1,,,,,
2026-10-05,2026-10-05,CM,BSE,STK,800318,IN0020200062,SGBAPR28I,G,,,,,Sovereign Gold Bonds 2020-21 S,14760.00,14810.00,14760.00,14809.99,14810.00,14761.50,,14790.40,,,14,207049.00,8,F1,1,,,,,
2026-10-05,2026-10-05,CM,BSE,STK,800320,IN0020200088,SGBMAY28,G,,,,,Sovereign Gold Bonds 2020-21 S,14795.00,14795.00,14700.00,14721.03,14721.03,14852.92,,14714.73,,,34,499916.00,4,F1,1,,,,,
2026-10-05,2026-10-05,CM,BSE,STK,800322,IN0020200104,SGBJUN28,G,,,,,Sovereign Gold Bonds 2020-21 S,14813.70,14813.70,14655.00,14710.00,14710.00,14740.00,,14737.03,,,86,1261418.00,5,F1,1,,,,,
2026-10-05,2026-10-05,CM,BSE,STK,800324,IN0020200146,SGBJUL28IV,G,,,,,Sovereign Gold Bond 2020-21 IV,14759.98,14759.98,14650.00,14709.98,14709.98,14685.15,,14681.90,,,21,308179.00,9,F1,1,,,,,
2026-10-05,2026-10-05,CM,BSE,STK,800325,IN0020200161,SGBAUG28V,G,,,,,Sovereign Gold Bonds 2020-21 V,14750.00,14848.99,14506.00,14715.00,14715.00,14749.54,,14702.01,,,101,1480210.00,43,F1,1,,,,,
2026-10-05,2026-10-05,CM,BSE,STK,800327,IN0020200195,SGBSEP28VI,G,,,,,Sovereign Gold Bonds 2020-21 S,14607.02,14737.98,14506.00,14657.00,14657.00,14673.99,,14667.31,,,65,951566.00,28,F1,1,,,,,
2026-10-05,2026-10-05,CM,BSE,STK,800328,IN0020200203,SGBOC28VII,G,,,,,Sovereign Gold Bonds 2020-21 S,14702.00,14702.00,14702.00,14702.00,14702.00,14715.00,,14735.01,,,53,779206.00,1,F1,1,,,,,
2026-10-05,2026-10-05,CM,BSE,STK,800329,IN0020200286,SGBN28VIII,G,,,,,Sovereign Gold Bonds 2020-21 S,14751.00,14770.00,14688.00,14725.00,14725.00,14725.00,,14725.00,,,107,1574678.00,24,F1,1,,,,,
2026-10-05,2026-10-05,CM,BSE,STK,800330,IN0020200252,667GS2050,G,,,,,667GOI2050,92.75,92.75,92.75,92.75,92.75,91.20,,91.95,,,1,92.00,1,F1,1,,,,,
2026-10-05,2026-10-05,CM,BSE,STK,800331,IN0020200377,SGBJAN29IX,G,,,,,SGB 2020-21 Series IX,14600.00,14749.11,14600.00,14734.60,14734.60,14749.11,,14697.89,,,81,1189992.00,15,F1,1,,,,,
2026-10-05,2026-10-05,CM,BSE,STK,800332,IN0020200385,SGBJAN29X,G,,,,,Sovereign Gold Bonds 2021-21 S,14907.60,14907.60,14645.00,14650.25,14660.00,14760.00,,14657.62,,,19,278673.00,9,F1,1,,,,,
2026-10-05,2026-10-05,CM,BSE,STK,800333,IN0020200393,SGBFEB29XI,G,,,,,SGB 2020-21 SERIES XI,14740.00,14740.00,14740.00,14740.00,14740.00,14750.00,,14728.43,,,10,147400.00,1,F1,1,,,,,
2026-10-05,2026-10-05,CM,BSE,STK,800334,IN0020200401,676GS2061,G,,,,,676GOI2061,89.60,89.60,88.61,88.61,88.61,88.70,,89.44,,,1553,138697.00,4,F1,1,,,,,
2026-10-05,2026-10-05,CM,BSE,STK,800339,IN0020200427,SGBMR29XII,G,,,,,SGB 2020-21 Series XII,14726.00,14840.00,14682.40,14726.24,14720.00,14800.00,,14692.95,,,23,338658.00,13,F1,1,,,,,
2026-10-05,2026-10-05,CM,BSE,STK,800340,IN0020210053,SGBMAY29I,G,,,,,SGB 2021-22 Series I,14701.49,14750.00,14690.00,14750.00,14750.00,14755.00,,14742.14,,,115,1693750.00,35,F1,1,,,,,
2026-10-05,2026-10-05,CM,BSE,STK,800341,IN0020210061,SGBJUN29II,G,,,,,SGB 2021-22 Series II,14700.00,14740.00,14681.00,14691.00,14691.00,14775.00,,14725.66,,,50,735914.00,9,F1,1,,,,,
2026-10-05,2026-10-05,CM,BSE,STK,800342,IN0020210087,SGBJU29III,G,,,,,Sovereign Gold Bonds 2021-22,14750.00,14750.00,14741.01,14741.01,14741.01,14780.00,,14750.10,,,12,176991.00,3,F1,1,,,,,
2026-10-05,2026-10-05,CM,BSE,STK,800367,IN0020210111,SGBJUL29IV,G,,,,,Sovereign Gold Bond Series IV,14690.00,14690.00,14656.01,14656.01,14656.01,14705.73,,14786.30,,,6,87970.00,6,F1,1,,,,,
2026-10-05,2026-10-05,CM,BSE,STK,800385,IN0020210129,SGBAUG29V,G,,,,,Sovereign Gold Bonds 2021-22 S,14798.62,14798.62,14700.00,14711.36,14701.00,14738.12,,14719.56,,,174,2562319.00,44,F1,1,,,,,
2026-10-05,2026-10-05,CM,BSE,STK,800386,IN0020210145,SGBSEP29VI,G,,,,,Sovereign Gold Bonds 2021-22 S,14684.99,14770.00,14684.99,14690.00,14690.00,14758.00,,14690.75,,,26,382611.00,13,F1,1,,,,,
2026-10-05,2026-10-05,CM,BSE,STK,800428,IN000629C054,GS15JUN29C,G,,,,,GS15JUN29C,80.00,80.00,79.94,79.94,79.94,79.00,,79.94,,,137,10955.00,6,F1,1,,,,,
2026-10-05,2026-10-05,CM,BSE,STK,800434,IN0020210178,SGBNV29VII,G,,,,,Sovereign Gold Bonds 2021-22 S,14899.00,14899.00,14515.00,14711.11,14711.11,14770.00,,14733.11,,,38,558699.00,16,F1,1,,,,,
2026-10-05,2026-10-05,CM,BSE,STK,800437,IN0020210228,SGBD29VIII,G,,,,,Sovereign Gold Bonds 2021-22 S,14810.00,14848.00,14749.00,14799.00,14750.00,14810.00,,14762.44,,,31,459491.00,16,F1,1,,,,,
2026-10-05,2026-10-05,CM,BSE,STK,800438,IN0020210236,SGBJAN30IX,G,,,,,Soveriegn Gold Bonds 2021-22 S,14802.03,14869.99,14726.00,14853.93,14853.90,15008.99,,14832.18,,,68,1005670.00,29,F1,1,,,,,
2026-10-05,2026-10-05,CM,BSE,STK,800441,IN0020220029,754GS2036,G,,,,,754GOI2036,104.75,104.95,104.75,104.90,104.90,104.65,,104.67,,,13896,1457137.00,9,F1,1,,,,,
2026-10-05,2026-10-05,CM,BSE,STK,800443,IN0020220045,SGBJUN30,G,,,,,Sovereign Gold Bonds 2022-23 S,14832.00,14847.00,14772.00,14847.00,14847.00,14832.00,,14840.49,,,19,281212.00,11,F1,1,,,,,
2026-10-05,2026-10-05,CM,BSE,STK,800488,IN0020220078,SGBAUG30,G,,,,,Sovereign Gold Bonds 2022-23 S,14900.00,15159.50,14840.00,14840.71,14840.00,14900.00,,14844.68,,,91,1359432.00,35,F1,1,,,,,
2026-10-05,2026-10-05,CM,BSE,STK,800517,IN000958C024,GS19SEP2058,G,,,,,GS19SEP2058,22.00,22.00,21.50,21.50,21.50,20.00,,21.50,,,3,65.00,2,F1,1,,,,,
2026-10-05,2026-10-05,CM,BSE,STK,800573,IN0020220110,SGBDE30III,G,,,,,Soverign Gold Bond 2022-23 Sr,15000.00,15000.00,14920.00,14973.33,14999.99,15000.00,,14953.28,,,12,179771.00,9,F1,1,,,,,
2026-10-05,2026-10-05,CM,BSE,STK,800575,IN0020220169,SGBMAR31IV,G,,,,,Sovereign Gold Bond 2022-23 Sr,14999.00,14999.86,14865.85,14972.67,14935.35,14990.00,,14974.83,,,80,1196411.00,32,F1,1,,,,,
2026-10-05,2026-10-05,CM,BSE,STK,800576,IN0020220151,726GS2033,G,,,,,726GOI2033,99.90,99.90,99.90,99.90,99.90,102.00,,100.36,,,20,1998.00,1,F1,1,,,,,
2026-10-05,2026-10-05,CM,BSE,STK,800580,IN0020230069,SGBJUN31I,G,,,,,Sovereign Gold Bonds 2023-24 S,15000.00,15035.00,14980.00,14980.00,14980.00,15000.00,,15021.35,,,107,1605111.00,40,F1,1,,,,,
2026-10-05,2026-10-05,CM,BSE,STK,800584,IN0020230051,73GS2053,G,,,,,73GOI2053,97.50,97.75,97.50,97.50,97.50,97.50,,97.31,,,511,49825.00,5,F1,1,,,,,
2026-10-05,2026-10-05,CM,BSE,STK,800588,IN0020230044,725GS2063,G,,,,,725GOI2063,96.30,96.30,96.02,96.29,96.29,96.35,,96.61,,,15108,1454014.00,12,F1,1,,,,,
2026-10-05,2026-10-05,CM,BSE,STK,800596,IN0020230093,SGBSEP31II,G,,,,,Sovereign Gold Bonds 2023-24 S,15038.30,15071.00,14766.00,15037.99,15037.99,15028.58,,14979.66,,,660,9826981.00,89,F1,1,,,,,
2026-10-05,2026-10-05,CM,BSE,STK,800597,IN0020230127,746GS2073,G,,,,,746GOI2073,108.00,108.00,104.90,104.90,104.90,104.45,,103.45,,,171,17941.00,2,F1,1,,,,,
2026-10-05,2026-10-05,CM,BSE,STK,800598,IN0020230077,718GS2037,G,,,,,718GS2037,105.00,105.00,100.00,103.00,103.00,103.45,,102.06,,,52,5208.00,3,F1,1,,,,,
2026-10-05,2026-10-05,CM,BSE,STK,800603,IN0020230168,SGBDE31III,G,,,,,Sovereign Gold Bonds 2023-24 S,15307.15,15307.15,15001.00,15156.97,15156.97,15231.00,,15136.04,,,669,10084310.00,80,F1,1,,,,,
2026-10-05,2026-10-05,CM,BSE,STK,800604,IN0020230119,733GS2026,G,,,,,733GS26J24,103.00,103.00,103.00,103.00,103.00,102.30,,102.91,,,1673,172319.00,1,F1,1,,,,,
2026-10-05,2026-10-05,CM,BSE,STK,800605,IN0020230184,SGBFEB32IV,G,,,,,Sovereign Gold Bonds 2023-24 S,15600.00,15600.00,15192.42,15474.96,15500.00,15581.97,,15503.54,,,466,7239857.00,187,F1,1,,,,,
2026-10-05,2026-10-05,CM,BSE,STK,800607,IN0020240035,734GS2064,G,,,,,734GOI2064,98.80,98.80,98.70,98.70,98.70,98.63,,98.65,,,73952,7299657.00,6,F1,1,,,,,
2026-10-05,2026-10-05,CM,BSE,STK,800807,IN0020240142,709GOI74,G,,,,,709GOI74,94.89,94.89,94.10,94.65,94.74,94.90,,94.65,,,4877,461456.00,22,F1,1,,,,,
2026-10-05,2026-10-05,CM,BSE,STK,800809,IN0020250075,724GOI55,G,,,,,724GOI55,96.15,96.15,96.00,96.00,96.00,95.10,,96.00,,,154,14799.00,3,F1,1,,,,,
2026-10-05,2026-10-05,CM,BSE,STK,800815,IN0020250117,743GOI2076,G,,,,,743GOI2076,98.85,98.85,98.85,98.85,98.85,98.08,,98.30,,,8105,801179.00,1,F1,1,,,,,
2026-10-05,2026-10-05,CM,BSE,STK,805259,IN002026X214,91TB271126,G,,,,,91TB271126,98.90,98.90,98.90,98.90,98.90,98.90,,98.90,,,100,9890.00,1,F1,1,,,,,
2026-10-05,2026-10-05,CM,BSE,STK,805275,IN002026Y261,182TB01427,G,,,,,182TB01427,95.30,95.30,95.30,95.30,95.30,0.00,,96.15,,,1500,142950.00,1,F1,1,,,,,
2026-10-05,2026-10-05,CM,BSE,STK,811077,IN2220250129,704MAHSD40,G,,,,,704MAHSD40,89.95,89.95,89.90,89.93,89.90,92.63,,89.93,,,2000,179862.00,4,F1,1,,,,,
2026-10-05,2026-10-05,CM,BSE,STK,890217,IN9273A01047,APLABPP,X,,,,,Aplab Ltd.,49.99,51.83,48.31,51.50,51.50,47.12,,51.50,,,290,14199.00,8,F1,1,,,,,
2026-10-05,2026-10-05,CM,BSE,STK,890226,IN9170U01035,SURAJINDPP,X,,,,,Suraj Industries Limited.,24.00,25.83,23.90,24.40,24.40,24.60,,24.40,,,16107,407199.00,27,F1,1,,,,,
2026-10-05,2026-10-05,CM,BSE,STK,890228,IN90NN701011,ATLPP,B,,,,,Allcargo Terminals Limited,8.50,9.30,8.50,8.80,8.80,8.86,,9.17,,,584,5029.00,5,F1,1,,,,,
2026-10-05,2026-10-05,CM,BSE,STK,890234,IN9316D01014,VERTEXPP,X,,,,,Vertex Securities Ltd.,0.78,0.86,0.78,0.78,0.78,0.82,,0.78,,,700000,546432.00,22,F1,1,,,,,
2026-10-05,2026-10-05,CM,BSE,STK,890238,IN9736H01014,GSAILPP,XT,,,,,G.S. Auto International Ltd.,11.90,12.49,11.40,11.92,11.92,11.99,,11.92,,,2574,29348.00,22,F1,1,,,,,
2026-10-05,2026-10-05,CM,BSE,STK,890239,IN9273F01038,ASCOTTPP,XT,,,,,ALAN SCOTT ENTERPRISES LIMITED,240.10,240.20,240.10,240.20,240.20,245.00,,240.20,,,548,131619.00,5,F1,1,,,,,
2026-10-05,2026-10-05,CM,BSE,STK,890240,IN9903A01015,JAYKAYPP,B,,,,,Jaykay Enterprises Limited,152.00,186.00,152.00,176.90,184.00,155.05,,175.98,,,5067,879987.00,165,F1,1,,,,,
2026-10-05,2026-10-05,CM,BSE,STK,935574,INE053F07835,753IRFC30,F,,,,,IRFC-7.53%-21-12-30-TAXFREENCD,1066.10,1066.10,1062.05,1065.55,1065.55,1066.04,,1065.72,,,87,92638.00,3,F1,1,,,,,
2026-10-05,2026-10-05,CM,BSE,STK,935584,INE906B07EJ8,76NHAI31,F,,,,,NHAI-7.6%-11-1-31-TAXFREENCD,1111.00,1111.25,1111.00,1111.25,1111.25,1111.00,,1112.69,,,2132,2368895.00,19,F1,1,,,,,
2026-10-05,2026-10-05,CM,BSE,STK,935620,INE202E07237,768IREDA36,F,,,,,IREDA-7.68%-21-1-36-TAXFREENCD,1210.00,1210.00,1204.01,1204.01,1204.01,1215.00,,1204.01,,,101,121670.00,2,F1,1,,,,,
2026-10-05,2026-10-05,CM,BSE,STK,935682,INE053F07900,764IRFC31,F,,,,,IRFC-7.64%-22-3-31-NCDS,1076.00,1076.00,1075.00,1075.00,1075.00,1074.45,,1076.25,,,59,63432.00,2,F1,1,,,,,
2026-10-05,2026-10-05,CM,BSE,STK,936048,INE774D08MM1,805MMFSL32,F,,,,,MMFSL-8.05%-24-07-32-NCD,1055.00,1055.00,1055.00,1055.00,1055.00,1034.00,,1055.00,,,5,5275.00,1,F1,1,,,,,
2026-10-05,2026-10-05,CM,BSE,STK,936224,INE651J07622,975JMFCS28,F,,,,,JMFCSL-9.75%-7-6-28-NCD,1077.30,1077.30,1077.30,1077.30,1077.30,1040.05,,1077.30,,,181,194991.00,1,F1,1,,,,,
2026-10-05,2026-10-05,CM,BSE,STK,936252,INE804I078Y8,943ECL28,F,,,,,EFL-9.43%-6-8-28-NCD,1005.00,1005.00,1002.00,1002.00,1002.00,1004.95,,1002.00,,,2,2007.00,2,F1,1,,,,,
2026-10-05,2026-10-05,CM,BSE,STK,936294,INE306N08292,910TCAP28,F,,,,,TCAP-9.10%-27-9-28-NCD,1069.00,1069.00,1058.00,1058.00,1058.00,1040.00,,1046.00,,,190,202120.00,3,F1,1,,,,,
2026-10-05,2026-10-05,CM,BSE,STK,936320,INE538L07528,935AHFL28,F,,,,,AHFL-9.35%-29-9-28-NCD,1004.50,1055.00,909.01,1055.00,1055.00,1117.25,,1055.00,,,43,43103.00,3,F1,1,,,,,
2026-10-05,2026-10-05,CM,BSE,STK,936398,INE804IA7014,1015ECL29,F,,,,,EFL-10.15%-4-1-29-NCD,1022.00,1022.00,1021.99,1021.99,1021.99,1022.80,,1021.75,,,57,58253.00,3,F1,1,,,,,
2026-10-05,2026-10-05,CM,BSE,STK,936412,INE774D07SW9,93MMFSL27,F,,,,,MMFSL-9.3%-18-1-27-NCD,1050.00,1050.50,1046.10,1050.05,1050.05,1046.38,,1050.05,,,913,957975.00,19,F1,1,,,,,
2026-10-05,2026-10-05,CM,BSE,STK,936532,INE027E07998,898LTF29,F,,,,,LTF-8.98%-13-3-29-NCD,1089.90,1089.90,1089.90,1089.90,1089.90,1071.25,,1086.58,,,5,5449.00,3,F1,1,,,,,
2026-10-05,2026-10-05,CM,BSE,STK,936656,INE652X07100,MHLZC26,F,,,,,MHIL-ZC-13-11-26-NCD,1924.65,1974.98,1924.65,1974.98,1974.98,1974.00,,1974.98,,,150,293730.00,8,F1,1,,,,,
2026-10-05,2026-10-05,CM,BSE,STK,936724,INE804IA7147,104ECL29A,F,,,,,EFL-10.4%-23-5-29-NCD,1049.50,1049.50,1049.50,1049.50,1049.50,1048.00,,1049.50,,,10,10495.00,1,F1,1,,,,,
2026-10-05,2026-10-05,CM,BSE,STK,936744,INE414G07DQ9,MFLZC26A,F,,,,,MFL-ZC-14-12-26-NCD,1959.98,1959.98,1959.98,1959.98,1959.98,1958.00,,1959.98,,,50,97999.00,1,F1,1,,,,,
2026-10-05,2026-10-05,CM,BSE,STK,936810,INE306N07LM5,865TCAPS27,F,,,,,TCAP-8.65%-26-8-27-NCD,1018.00,1018.00,1012.00,1012.00,1012.00,1010.00,,1012.00,,,6,6096.00,5,F1,1,,,,,
2026-10-05,2026-10-05,CM,BSE,STK,936975,INE804IA7246,995ECL29,F,,,,,ECL-9.95%-28-11-29-NCD,1008.99,1008.99,1008.99,1008.99,1008.99,1003.00,,1008.99,,,54,54485.00,1,F1,1,,,,,
2026-10-05,2026-10-05,CM,BSE,STK,936977,INE804IA7253,104ECL29,F,,,,,ECL-10.4%-28-11-29-NCD,1092.50,1092.50,1092.50,1092.50,1092.50,1089.50,,1092.50,,,45,49162.00,1,F1,1,,,,,
2026-10-05,2026-10-05,CM,BSE,STK,937037,INE414G07EG8,MFLZC27B,F,,,,,MFL-ZC-27-6-27-NCD,1859.90,1859.90,1859.89,1859.89,1859.89,1860.80,,1859.89,,,798,1484198.00,4,F1,1,,,,,
2026-10-05,2026-10-05,CM,BSE,STK,937373,INE134E07AN1,7PFCL31,F,,,,,PFCL-7%-22-1-31-NCD,1017.00,1017.00,1017.00,1017.00,1017.00,1017.98,,1017.00,,,100,101700.00,1,F1,1,,,,,
2026-10-05,2026-10-05,CM,BSE,STK,937381,INE134E07AR2,697PFCL36,F,,,,,PFCL-6.97%-22-1-36-NCD,989.55,989.55,989.55,989.55,989.55,975.00,,989.55,,,2,1979.00,2,F1,1,,,,,
2026-10-05,2026-10-05,CM,BSE,STK,937385,INE134E07AT8,715PFCL36,F,,,,,PFCL-7.15%-22-1-36-NCD,981.08,981.08,981.08,981.08,981.08,1012.00,,981.08,,,16,15697.00,1,F1,1,,,,,
2026-10-05,2026-10-05,CM,BSE,STK,937409,INE549K08178,9MFL27,F,,,,,MFL-9%-29-1-27-NCD,1000.00,1000.00,1000.00,1000.00,1000.00,997.00,,1000.00,,,36,36000.00,3,F1,1,,,,,
2026-10-05,2026-10-05,CM,BSE,STK,937451,INE549K08228,MFLZC27E,F,,,,,MFL-ZC-15-3-27-NCD,1629.80,1629.80,1629.80,1629.80,1629.80,1629.80,,1629.80,,,10,16298.00,1,F1,1,,,,,
2026-10-05,2026-10-05,CM,BSE,STK,937455,INE530B08102,96IIFL28A,F,,,,,IFL-9.6%-24-6-28-NCD,1000.00,1003.80,1000.00,1003.80,1003.80,1000.00,,1001.16,,,152,152017.00,6,F1,1,,,,,
2026-10-05,2026-10-05,CM,BSE,STK,937469,INE414G07FV4,MFLVI31F,F,,,,,MFL-VI-20-4-31-NCD,1020.00,1020.00,992.51,992.51,992.51,990.10,,992.51,,,105,106962.00,2,F1,1,,,,,
2026-10-05,2026-10-05,CM,BSE,STK,937503,INE532F07CB4,970EFSL31,F,,,,,EFSL-9.70%-29-4-31-NCD,1000.20,1000.20,1000.20,1000.20,1000.20,999.90,,1000.20,,,100,100020.00,1,F1,1,,,,,
2026-10-05,2026-10-05,CM,BSE,STK,937619,INE477L08147,10IIFL28,F,,,,,IHFL-10%-3-11-28-NCD,1006.30,1006.35,1006.30,1006.35,1006.35,1006.00,,1006.35,,,1804,1815389.00,3,F1,1,,,,,
2026-10-05,2026-10-05,CM,BSE,STK,937621,INE477L08154,96IIFL28,F,,,,,IHFL-9.60%-3-11-28-NCD,997.00,997.00,997.00,997.00,997.00,997.00,,1000.13,,,402,400794.00,1,F1,1,,,,,
2026-10-05,2026-10-05,CM,BSE,STK,937637,INE532F07CI9,93EFSL31,F,,,,,EFSL-9.30%-10-9-31-NCD,980.00,980.00,980.00,980.00,980.00,978.00,,980.00,,,338,331240.00,4,F1,1,,,,,
2026-10-05,2026-10-05,CM,BSE,STK,937653,INE101Q08167,MMLZC28B,F,,,,,MML-ZC-15-9-28-NCD,1292.07,1292.07,1292.07,1292.07,1292.07,1325.20,,1292.07,,,1,1292.00,1,F1,1,,,,,
2026-10-05,2026-10-05,CM,BSE,STK,937703,INE403Q07CD1,KFLZC28B,F,,,,,KSFL-ZC-29-9-28-NCD,1534.35,1534.35,1534.35,1534.35,1534.35,1515.35,,1534.35,,,4,6137.00,1,F1,1,,,,,
2026-10-05,2026-10-05,CM,BSE,STK,937743,INE0BUS08013,12IML26,F,,,,,IML-12%-24-11-26-NCD,1003.00,1003.00,1003.00,1003.00,1003.00,1000.00,,1003.00,,,38,38114.00,2,F1,1,,,,,
2026-10-05,2026-10-05,CM,BSE,STK,937799,INE532F07CQ2,915EFSL26A,F,,,,,EFSL-9.15%-28-12-26-NCD,999.00,999.00,999.00,999.00,999.00,999.00,,999.00,,,165,164835.00,3,F1,1,,,,,
2026-10-05,2026-10-05,CM,BSE,STK,937987,INE302E07474,SFL27,F,,,,,SFL-29-4-27-NCD,1389.00,1389.00,1389.00,1389.00,1389.00,1550.00,,1389.00,,,10,13890.00,1,F1,1,,,,,
2026-10-05,2026-10-05,CM,BSE,STK,937999,INE530L07475,915NIDO27,F,,,,,NIDO-9.15%-29-4-27-NCD,995.50,995.50,995.50,995.50,995.50,995.50,,995.50,,,1370,1363835.00,10,F1,1,,,,,
2026-10-05,2026-10-05,CM,BSE,STK,938005,INE530L07509,930NIDO32,F,,,,,NIDO-9.30%-29-4-32-NCD,977.00,977.00,977.00,977.00,977.00,977.00,,977.00,,,70,68390.00,2,F1,1,,,,,
2026-10-05,2026-10-05,CM,BSE,STK,938015,INE414G07GG3,MFLIV27D,F,,,,,MFL-IV-5-5-27-NCD,1015.00,1017.00,1015.00,1017.00,1017.00,1019.00,,1017.00,,,60,60920.00,2,F1,1,,,,,
2026-10-05,2026-10-05,CM,BSE,STK,938021,INE414G07GI9,MFLVI32F,F,,,,,MFL-VI-5-5-32-NCD,1000.00,1000.00,1000.00,1000.00,1000.00,1007.90,,1000.00,,,400,400000.00,2,F1,1,,,,,
2026-10-05,2026-10-05,CM,BSE,STK,938091,INE0BUS07569,11IML27,F,,,,,IML-11%-27-7-27-NCD,1014.94,1014.94,990.00,990.00,990.00,1031.00,,990.00,,,4,4034.00,4,F1,1,,,,,
2026-10-05,2026-10-05,CM,BSE,STK,938105,INE523L07710,916NWIL27,F,,,,,NWIL-9.16%-15-7-27-NCD,994.20,994.20,994.20,994.20,994.20,994.20,,994.20,,,100,99420.00,1,F1,1,,,,,
2026-10-05,2026-10-05,CM,BSE,STK,938212,INE532F07DB2,935EFSL27,F,,,,,EFSL-9.35%-20-10-27-NCD,998.00,998.00,998.00,998.00,998.00,997.00,,998.00,,,132,131736.00,2,F1,1,,,,,
2026-10-05,2026-10-05,CM,BSE,STK,938218,INE532F07DD8,965EFSL32,F,,,,,EFSL-9.65%-20-10-32-NCD,985.00,994.00,985.00,994.00,994.00,994.00,,994.00,,,40,39607.00,2,F1,1,,,,,
2026-10-05,2026-10-05,CM,BSE,STK,938222,INE0H7R07017,79NHIT35,F,,,,,NHIT-25-10-35-INVIT,310.01,310.01,309.00,309.00,309.00,311.59,,309.00,,,1387,428996.00,10,F1,1,,,,,
2026-10-05,2026-10-05,CM,BSE,STK,938224,INE0H7R07025,79NHIT40,F,,,,,NHIT-25-10-40-INVIT,311.10,311.10,311.10,311.10,311.10,309.11,,311.00,,,1,311.00,1,F1,1,,,,,
2026-10-05,2026-10-05,CM,BSE,STK,938226,INE0H7R07033,79NHIT47,F,,,,,NHIT-7.9%-25-10-47-INVIT,416.01,416.01,415.00,415.00,415.00,416.89,,410.01,,,1300,539802.00,6,F1,1,,,,,
2026-10-05,2026-10-05,CM,BSE,STK,938256,INE414G07GV2,MFLTDII27,F,,,,,MFL-3-11-27-NCD,990.00,990.00,990.00,990.00,990.00,980.00,,990.00,,,158,156420.00,2,F1,1,,,,,
2026-10-05,2026-10-05,CM,BSE,STK,938284,INE414G07HH9,750MFL27,F,,,,,MFL-7.50%-23-12-27-NCD,985.00,985.00,985.00,985.00,985.00,985.00,,985.00,,,180,177300.00,9,F1,1,,,,,
2026-10-05,2026-10-05,CM,BSE,STK,938290,INE414G07HE6,775MFL27,F,,,,,MFL-7.75%-23-12-27-NCD,1040.20,1040.20,1040.20,1040.20,1040.20,1040.20,,1040.20,,,67,69693.00,1,F1,1,,,,,
2026-10-05,2026-10-05,CM,BSE,STK,938348,INE403Q07DF4,95KFL27,F,,,,,KFL-9.5%-15-1-27-NCD,995.11,1004.00,995.11,1004.00,1004.00,995.11,,1004.00,,,11,10955.00,2,F1,1,,,,,
2026-10-05,2026-10-05,CM,BSE,STK,938364,INE532F07DK3,967EFSL28D,F,,,,,EFSL-9.67%-20-1-28-NCD,999.99,1001.99,999.99,1001.99,1001.99,999.99,,1001.99,,,54,54049.00,3,F1,1,,,,,
2026-10-05,2026-10-05,CM,BSE,STK,938370,INE532F07DH9,10EFSL33B,F,,,,,EFSL-10%-20-1-33-NCD,992.00,1000.00,992.00,1000.00,1000.00,999.00,,1000.00,,,320,319932.00,11,F1,1,,,,,
2026-10-05,2026-10-05,CM,BSE,STK,938372,INE532F07DI7,1045EFS33A,F,,,,,EFSL-10.45%-20-1-33-NCD,1050.00,1090.00,1050.00,1090.00,1090.00,1079.00,,1090.00,,,12,12680.00,3,F1,1,,,,,
2026-10-05,2026-10-05,CM,BSE,STK,938382,INE530B07310,865IIFL28,F,,,,,IIFL-8.65%-25-1-28-NCD,992.00,993.00,992.00,992.00,992.00,986.00,,992.68,,,221,219332.00,3,F1,1,,,,,
2026-10-05,2026-10-05,CM,BSE,STK,938384,INE530B07260,9IIFL28A,F,,,,,IIFL-9%-24-1-28-NCD,1043.05,1043.05,1043.05,1043.05,1043.05,1042.00,,1043.05,,,469,489190.00,1,F1,1,,,,,
2026-10-05,2026-10-05,CM,BSE,STK,938508,INE244L07556,1003SFIL28,F,,,,,SFIL-10.50%-25-4-28-NCD,499.00,499.00,499.00,499.00,499.00,518.40,,422.44,,,20,9980.00,2,F1,1,,,,,
2026-10-05,2026-10-05,CM,BSE,STK,938524,INE532F07DT4,967EFSL28,F,,,,,EFSL-9.67%-27-4-28-NCD,1000.00,1004.00,1000.00,1004.00,1004.00,1000.00,,1004.00,,,121,121084.00,4,F1,1,,,,,
2026-10-05,2026-10-05,CM,BSE,STK,938528,INE532F07DW8,EFSL28,F,,,,,EFSL-27-4-28-NCD,1360.20,1360.20,1360.20,1360.20,1360.20,1359.80,,1360.20,,,50,68010.00,1,F1,1,,,,,
2026-10-05,2026-10-05,CM,BSE,STK,938544,INE403Q07DG2,95KFL27A,F,,,,,KFL-28-4-27-NCD,995.00,995.00,995.00,995.00,995.00,997.00,,995.00,,,10,9950.00,2,F1,1,,,,,
2026-10-05,2026-10-05,CM,BSE,STK,938558,INE414G07IC8,810MFL2028,F,,,,,MFL-8.10%-3-6-28-NCD,1010.00,1010.00,1010.00,1010.00,1010.00,1040.00,,1010.00,,,50,50500.00,1,F1,1,,,,,
2026-10-05,2026-10-05,CM,BSE,STK,938562,INE414G07IE4,MFL28,F,,,,,MFL-3-6-28-NCD,1290.20,1290.20,1290.20,1290.20,1290.20,1300.00,,1290.20,,,50,64510.00,1,F1,1,,,,,
2026-10-05,2026-10-05,CM,BSE,STK,938572,INE549K07CB8,915MFL28,F,,,,,MFL-9.15%-2-5-28-NCD,1000.22,1000.22,1000.22,1000.22,1000.22,995.05,,1000.22,,,50,50011.00,1,F1,1,,,,,
2026-10-05,2026-10-05,CM,BSE,STK,938604,INE302E07565,1025SFL28,F,,,,,SFL-10.25%-8-5-28-NCD,1000.00,1000.00,1000.00,1000.00,1000.00,990.00,,1000.00,,,1,1000.00,1,F1,1,,,,,
2026-10-05,2026-10-05,CM,BSE,STK,938632,INE530B07385,865IFL28,F,,,,,IFL-8.65%-18-6-28-NCD,988.50,989.00,988.00,989.00,989.00,986.74,,991.50,,,468,462736.00,6,F1,1,,,,,
2026-10-05,2026-10-05,CM,BSE,STK,938664,INE532F07EI5,10EFS33,F,,,,,EFSL-10%-21-7-33-NCD,1004.00,1004.00,995.00,995.00,995.00,1002.00,,995.00,,,205,204020.00,2,F1,1,,,,,
2026-10-05,2026-10-05,CM,BSE,STK,938718,INE121A07RI0,CIFC28,F,,,,,CIFCL-9-8-28-NCD,1266.00,1266.00,1266.00,1266.00,1266.00,1266.00,,1266.00,,,1,1266.00,1,F1,1,,,,,
2026-10-05,2026-10-05,CM,BSE,STK,938760,INE01I507885,1050KAFL28,F,,,,,KAFL-10.50%-12-9-28-NCD,1080.00,1080.00,1080.00,1080.00,1080.00,1080.00,,1080.00,,,2,2160.00,2,F1,1,,,,,
2026-10-05,2026-10-05,CM,BSE,STK,938850,INE148I07PV3,888SCL25E,F,,,,,SCL-10.25%-26-9-33-NCD,600.30,600.30,600.30,600.30,600.30,640.20,,600.30,,,2,1200.00,1,F1,1,,,,,
2026-10-05,2026-10-05,CM,BSE,STK,938862,INE403Q07DV1,10KFL27,F,,,,,KFL-10%-27-9-27-NCD,981.00,981.00,981.00,981.00,981.00,1000.00,,981.00,,,20,19620.00,1,F1,1,,,,,
2026-10-05,2026-10-05,CM,BSE,STK,938864,INE403Q07DS7,KFL28D,F,,,,,KFL-27-3-28-NCD,1245.00,1255.00,1245.00,1255.00,1255.00,1245.00,,1255.00,,,200,250000.00,2,F1,1,,,,,
2026-10-05,2026-10-05,CM,BSE,STK,938870,INE414G07IL9,775MFLTD28,F,,,,,MFLTD-7.75%-4-10-28-NCD,1000.00,1000.00,996.50,996.50,996.50,1000.00,,996.50,,,227,226874.00,6,F1,1,,,,,
2026-10-05,2026-10-05,CM,BSE,STK,938898,INE532F07EQ8,920EFSL26A,F,,,,,EFSL-9.20%-26-10-26-NCD,995.00,995.00,994.50,994.50,994.50,993.55,,994.50,,,10,9947.00,2,F1,1,,,,,
2026-10-05,2026-10-05,CM,BSE,STK,938908,INE532F07EN5,EFSLZC28C,F,,,,,EFSL-ZC-26-10-28-NCD,1287.20,1287.20,1287.20,1287.20,1287.20,1307.00,,1287.20,,,34,43764.00,1,F1,1,,,,,
2026-10-05,2026-10-05,CM,BSE,STK,938910,INE532F07EL9,10EFSL33A,F,,,,,EFSL-10%-26-10-33-NCD,1002.00,1002.00,1000.00,1000.00,1000.00,1006.29,,1000.00,,,89,89158.00,2,F1,1,,,,,
2026-10-05,2026-10-05,CM,BSE,STK,939038,INE01CY077J0,125ICFL26,F,,,,,ICLFL-12.5%-14-12-26-NCD,1370.20,1370.20,1370.20,1370.20,1370.20,1325.00,,1370.20,,,33,45216.00,1,F1,1,,,,,
2026-10-05,2026-10-05,CM,BSE,STK,939120,INE148I07RL0,SCLZC26G,F,,,,,SCL-ZC-27-12-26-NCD,1292.00,1292.00,1292.00,1292.00,1292.00,1263.35,,1292.00,,,125,161500.00,4,F1,1,,,,,
2026-10-05,2026-10-05,CM,BSE,STK,939160,INE403Q07DY5,925FL27,F,,,,,KFL-9.25%-17-1-27-NCD,990.00,990.00,990.00,990.00,990.00,990.00,,990.00,,,12,11880.00,1,F1,1,,,,,
2026-10-05,2026-10-05,CM,BSE,STK,939194,INE532F07EX4,EFSL27A,F,,,,,EFSL-29-1-27-NCD,1263.00,1270.80,1263.00,1270.80,1270.80,1263.00,,1270.80,,,463,586440.00,5,F1,1,,,,,
2026-10-05,2026-10-05,CM,BSE,STK,939196,INE532F07EY2,967EFSL29,F,,,,,EFSL-9.67%-29-1-29-NCD,1003.00,1003.00,1003.00,1003.00,1003.00,1003.00,,1003.00,,,199,199597.00,1,F1,1,,,,,
2026-10-05,2026-10-05,CM,BSE,STK,939202,INE532F07FB7,10EFSL34,F,,,,,EFSL-10%-29-1-34-NCD,993.09,993.09,993.09,993.09,993.09,993.09,,993.09,,,25,24827.00,1,F1,1,,,,,
2026-10-05,2026-10-05,CM,BSE,STK,939206,INE414G07IW6,825MFL27,F,,,,,MFL-8.25%-25-1-27-NCD,992.01,992.01,992.01,992.01,992.01,1002.00,,992.01,,,38,37696.00,1,F1,1,,,,,
2026-10-05,2026-10-05,CM,BSE,STK,939212,INE414G07IV8,850MFL27A,F,,,,,MFL-8.50%-25-1-27-NCD,1053.52,1055.00,1044.20,1053.20,1053.20,1055.00,,1053.20,,,381,399849.00,12,F1,1,,,,,
2026-10-05,2026-10-05,CM,BSE,STK,939216,INE414G07IY2,MFL27,F,,,,,MFL-25-1-27-NCD,1241.20,1241.20,1241.20,1241.20,1241.20,1249.00,,1241.20,,,100,124120.00,1,F1,1,,,,,
2026-10-05,2026-10-05,CM,BSE,STK,939262,INE0BUS07AU3,IML160224,F,,,,,IML-15-2-27-NCD,1155.00,1295.00,1155.00,1295.00,1295.00,1153.10,,1295.00,,,104,120680.00,3,F1,1,,,,,
2026-10-05,2026-10-05,CM,BSE,STK,939276,INE302E07649,1025SFL29,F,,,,,SFL-10.25%-27-2-29-NCD,998.99,998.99,998.99,998.99,998.99,998.99,,998.99,,,15,14984.00,1,F1,1,,,,,
2026-10-05,2026-10-05,CM,BSE,STK,939303,INE530L07665,1003NIDO29,F,,,,,NHFL-10.03%-1-3-29-NCD,945.47,945.47,945.47,945.47,945.47,992.00,,945.47,,,1,945.00,1,F1,1,,,,,
2026-10-05,2026-10-05,CM,BSE,STK,939335,INE342T07460,1065NFL27,F,,,,,NFL-10.65%-13-3-27-NCD,1020.00,1020.00,1020.00,1020.00,1020.00,1000.00,,1014.50,,,60,61200.00,1,F1,1,,,,,
2026-10-05,2026-10-05,CM,BSE,STK,939337,INE342T07445,1119NFL27,F,,,,,NFL-11.19%-13-3-27-NCD,1059.00,1059.00,1059.00,1059.00,1059.00,1059.00,,1059.00,,,30,31770.00,1,F1,1,,,,,
2026-10-05,2026-10-05,CM,BSE,STK,939461,INE549K07DS0,MFCL30424A,F,,,,,MFCL-30-6-27-NCD,1330.00,1330.00,1330.00,1330.00,1330.00,1330.00,,1330.00,,,750,997500.00,1,F1,1,,,,,
2026-10-05,2026-10-05,CM,BSE,STK,939563,INE248U07FI4,944ONE34,F,,,,,360ONEPL-9.44%-12-6-34-NCD,1015.50,1015.50,1015.50,1015.50,1015.50,1017.23,,1015.50,,,7,7108.00,1,F1,1,,,,,
2026-10-05,2026-10-05,CM,BSE,STK,939577,INE413U07319,1050IIFL29,F,,,,,IIFLSFL-10.50%-21-6-29-NCD,1010.00,1025.00,1005.00,1025.00,1025.00,1016.00,,1025.00,,,909,926175.00,7,F1,1,,,,,
2026-10-05,2026-10-05,CM,BSE,STK,939583,INE530L07806,958NHFL27,F,,,,,NHFL-9.58%-3-7-27-NCD,1000.00,1000.00,1000.00,1000.00,1000.00,1000.00,,1000.00,,,10,10000.00,4,F1,1,,,,,
2026-10-05,2026-10-05,CM,BSE,STK,939595,INE530L07780,1026NHFL34,F,,,,,NHFL-10.26%-3-7-34-NCD,1000.00,1014.99,1000.00,1014.99,1014.99,1015.00,,1014.99,,,37,37354.00,4,F1,1,,,,,
2026-10-05,2026-10-05,CM,BSE,STK,939623,INE532F07FU7,1004EFSL29,F,,,,,EFSL-10.04%-26-7-29-NCD,1004.00,1004.00,1004.00,1004.00,1004.00,1000.00,,1004.00,,,1,1004.00,1,F1,1,,,,,
2026-10-05,2026-10-05,CM,BSE,STK,939627,INE532F07FW3,EFSL26724A,F,,,,,EFSL-26-7-29-NCD,1723.00,1723.00,1723.00,1723.00,1723.00,1436.00,,1723.00,,,1,1723.00,1,F1,1,,,,,
2026-10-05,2026-10-05,CM,BSE,STK,939629,INE532F07GA7,105EFSL29,F,,,,,EFSL-10.5%-26-7-29-NCD,1000.00,1000.00,1000.00,1000.00,1000.00,1010.00,,1000.00,,,50,50000.00,1,F1,1,,,,,
2026-10-05,2026-10-05,CM,BSE,STK,939727,INE423A07328,965AEL27,F,,,,,AEL-9.65%-12-9-27-NCD,1011.50,1011.50,1011.50,1011.50,1011.50,1010.50,,1011.50,,,407,411680.00,2,F1,1,,,,,
2026-10-05,2026-10-05,CM,BSE,STK,939743,INE549K07EI9,965MFCL30,F,,,,,MFCL-9.65%-16-9-30-NCD,950.00,1080.00,950.00,1080.00,1080.00,1000.00,,1080.00,,,4,4060.00,2,F1,1,,,,,
2026-10-05,2026-10-05,CM,BSE,STK,939807,INE896L07991,1030ICFL27,F,,,,,ICFL-10.30%-25-9-27-NCD,995.00,995.00,995.00,995.00,995.00,1000.00,,995.00,,,10,9950.00,1,F1,1,,,,,
2026-10-05,2026-10-05,CM,BSE,STK,939817,INE530L07855,958NHFL27A,F,,,,,NHFL-9.58%-8-10-27-NCD,999.00,999.00,999.00,999.00,999.00,999.00,,999.00,,,3,2997.00,1,F1,1,,,,,
2026-10-05,2026-10-05,CM,BSE,STK,939821,INE530L07889,NHF081024,F,,,,,NHFL-8-10-27-NCD,1185.20,1185.20,1185.20,1185.20,1185.20,1160.00,,1185.20,,,100,118520.00,1,F1,1,,,,,
2026-10-05,2026-10-05,CM,BSE,STK,939837,INE583D07513,1040UCL27B,F,,,,,UCL-10.40%-24-4-27-NCD,1000.00,1000.00,1000.00,1000.00,1000.00,1000.00,,1003.10,,,100,100000.00,2,F1,1,,,,,
2026-10-05,2026-10-05,CM,BSE,STK,939839,INE532F07GB5,950EFSL26A,F,,,,,EFSL-9.50%-24-10-26-NCD,1085.00,1085.00,1084.00,1084.00,1084.00,1085.00,,1084.00,,,103,111719.00,12,F1,1,,,,,
2026-10-05,2026-10-05,CM,BSE,STK,939841,INE532F07GC3,EFSL241024,F,,,,,EFSL-24-10-26-NCD,1187.00,1187.00,1187.00,1187.00,1187.00,1187.00,,1187.00,,,20,23740.00,3,F1,1,,,,,
2026-10-05,2026-10-05,CM,BSE,STK,939855,INE532F07GH2,1050EFS29A,F,,,,,EFSL-10.50%-24-10-29-NCD,1075.20,1075.20,1075.18,1075.18,1075.18,1092.80,,1075.18,,,200,215039.00,2,F1,1,,,,,
2026-10-05,2026-10-05,CM,BSE,STK,939857,INE532F07GI0,1049EFS34A,F,,,,,EFSL-10.49%-24-10-34-NCD,1004.25,1004.25,1004.25,1004.25,1004.25,1030.00,,1004.25,,,1,1004.00,1,F1,1,,,,,
2026-10-05,2026-10-05,CM,BSE,STK,939901,INE0BUS07BF2,IML8112024,F,,,,,IML-7-5-30-NCD,1270.00,1279.00,1270.00,1274.64,1279.00,1270.00,,1274.64,,,185,235590.00,7,F1,1,,,,,
2026-10-05,2026-10-05,CM,BSE,STK,939913,INE101Q07AT1,10MM28,F,,,,,MML-10%-18-11-28-NCD,996.00,996.00,996.00,996.00,996.00,999.00,,996.00,,,100,99600.00,1,F1,1,,,,,
2026-10-05,2026-10-05,CM,BSE,STK,939965,INE403Q07EW7,KFL121224D,F,,,,,KFL-11-3-28-NCD,1145.00,1150.00,1145.00,1150.00,1150.00,1157.00,,1150.00,,,164,188190.00,3,F1,1,,,,,
2026-10-05,2026-10-05,CM,BSE,STK,939977,INE477L07BB2,865IHFL27,F,,,,,IHFL-8.65%-26-12-27-NCD,989.00,989.00,989.00,989.00,989.00,989.00,,989.00,,,60,59340.00,1,F1,1,,,,,
2026-10-05,2026-10-05,CM,BSE,STK,940037,INE530L07970,958NHFL28,F,,,,,NHFL-9.58%-6-1-28-NCD,983.20,983.20,983.20,983.20,983.20,981.20,,983.20,,,1,983.00,1,F1,1,,,,,
2026-10-05,2026-10-05,CM,BSE,STK,940069,INE549K07FE5,MFL100125,F,,,,,MFLIII-10-1-27-NCD,1147.20,1168.80,1147.20,1168.80,1168.80,1167.60,,1168.80,,,120,139824.00,2,F1,1,,,,,
2026-10-05,2026-10-05,CM,BSE,STK,940101,INE532F07GQ3,957EFSL28,F,,,,,EFSL-9.57%-24-1-28-NCD,988.00,996.00,975.00,994.00,994.00,997.00,,994.00,,,240,236856.00,6,F1,1,,,,,
2026-10-05,2026-10-05,CM,BSE,STK,940111,INE532F07GV3,EFSL24125A,F,,,,,EFSL-24-1-30-NCD,1175.80,1175.80,1175.80,1175.80,1175.80,1175.80,,1175.80,,,125,146975.00,2,F1,1,,,,,
2026-10-05,2026-10-05,CM,BSE,STK,940115,INE532F07GT7,1049EFSL35,F,,,,,EFSL-10.49%-24-1-35-NCD,1010.00,1023.99,1000.01,1023.00,1023.00,1027.50,,1023.00,,,612,618871.00,6,F1,1,,,,,
2026-10-05,2026-10-05,CM,BSE,STK,940127,INE01CY079B3,1250ICLF30,F,,,,,ICLFL-12.50%-27-1-30-NCD,1000.00,1000.00,1000.00,1000.00,1000.00,1000.00,,1000.00,,,100,100000.00,3,F1,1,,,,,
2026-10-05,2026-10-05,CM,BSE,STK,940159,INE549K07FM8,9MFLIV27,F,,,,,MFLIV-9%-24-2-27-NCD,980.00,990.00,980.00,990.00,990.00,980.00,,990.00,,,200,197000.00,4,F1,1,,,,,
2026-10-05,2026-10-05,CM,BSE,STK,940163,INE549K07FR7,945MFLIV30,F,,,,,MFLIV-9.45%-24-2-30-NCD,1001.00,1001.00,1001.00,1001.00,1001.00,1001.00,,1001.00,,,20,20020.00,1,F1,1,,,,,
2026-10-05,2026-10-05,CM,BSE,STK,940165,INE549K07FT3,965MFLIV31,F,,,,,MFLIV-9.65%-24-2-31-NCD,1016.00,1016.00,1015.50,1015.67,1016.00,1006.50,,1015.67,,,197,200102.00,3,F1,1,,,,,
2026-10-05,2026-10-05,CM,BSE,STK,940175,INE549K07FW7,101MFLIV31,F,,,,,MFLIV-10.10%-24-2-31-NCD,1060.00,1060.00,1035.01,1035.01,1035.01,1058.00,,1035.01,,,441,462462.00,2,F1,1,,,,,
2026-10-05,2026-10-05,CM,BSE,STK,940195,INE148I07WC9,SCL19325A,F,,,,,SCL-19-03-27-NCD,1120.00,1120.00,1120.00,1120.00,1120.00,1120.00,,1120.00,,,10,11200.00,1,F1,1,,,,,
2026-10-05,2026-10-05,CM,BSE,STK,940227,INE0IID07553,13PCL30,F,,,,,PCL-13%-20-3-30-NCD,1010.00,1010.00,1010.00,1010.00,1010.00,993.10,,1010.00,,,350,353500.00,3,F1,1,,,,,
2026-10-05,2026-10-05,CM,BSE,STK,940233,INE530L07AH7,NHFL030425,F,,,,,NHFL-3-4-27-NCD,1134.00,1134.00,1134.00,1134.00,1134.00,1133.00,,1134.00,,,655,742770.00,1,F1,1,,,,,
2026-10-05,2026-10-05,CM,BSE,STK,940255,INE530L07AM7,1049NHF35,F,,,,,NHFL-10.49%-3-4-35-NCD,1010.00,1015.00,1010.00,1015.00,1015.00,1030.00,,1015.00,,,850,859250.00,5,F1,1,,,,,
2026-10-05,2026-10-05,CM,BSE,STK,940313,INE583D07588,1025UCL27A,F,,,,,UCL-10.25%-24-10-27-NCD,1000.00,1000.00,1000.00,1000.00,1000.00,1000.00,,1001.00,,,500,500000.00,1,F1,1,,,,,
2026-10-05,2026-10-05,CM,BSE,STK,940317,INE103C07074,10SMCGSL27,F,,,,,SMCGSL-10%-24-04-27-NCD,1031.00,1031.00,1031.00,1031.00,1031.00,1038.20,,1031.00,,,100,103100.00,2,F1,1,,,,,
2026-10-05,2026-10-05,CM,BSE,STK,940319,INE103C07124,SMCG240425,F,,,,,SMCGSL-24-04-27-NCD,1130.20,1130.20,1130.20,1130.20,1130.20,1128.00,,1130.20,,,46,51989.00,1,F1,1,,,,,
2026-10-05,2026-10-05,CM,BSE,STK,940321,INE103C07108,1025SMCGS28,F,,,,,SMCGSL-10.25%24-04-28-NCD,1035.00,1035.00,1035.00,1035.00,1035.00,1036.80,,1035.00,,,30,31050.00,1,F1,1,,,,,
2026-10-05,2026-10-05,CM,BSE,STK,940325,INE103C07082,1003SMCG30,F,,,,,SMCGSL-10.03%-24-04-30-NCD,1005.00,1005.00,1003.00,1003.07,1003.00,1010.00,,1003.07,,,239,239944.00,9,F1,1,,,,,
2026-10-05,2026-10-05,CM,BSE,STK,940327,INE103C07090,1050SMCG30,F,,,,,SMCGSL-10.50%-24-04-30-NCD,1020.00,1035.00,1020.00,1035.00,1035.00,1030.00,,1035.00,,,20,20550.00,2,F1,1,,,,,
2026-10-05,2026-10-05,CM,BSE,STK,940341,INE532F07HF4,1050EFS30E,F,,,,,EFSL-10.50%-30-04-30-NCD,1010.25,1010.25,1010.25,1010.25,1010.25,1010.25,,1010.25,,,12,12123.00,1,F1,1,,,,,
2026-10-05,2026-10-05,CM,BSE,STK,940347,INE532F07HG2,1049EFS35F,F,,,,,EFSL-10.49%-30-04-35-NCD,1030.00,1030.00,1015.00,1015.00,1015.00,1030.00,,1015.00,,,1314,1336170.00,5,F1,1,,,,,
2026-10-05,2026-10-05,CM,BSE,STK,940355,INE101Q07BD3,95MM27,F,,,,,MML-9.5%-12-5-27-NCD,981.50,998.20,981.50,998.20,998.20,999.00,,998.20,,,40,39594.00,3,F1,1,,,,,
2026-10-05,2026-10-05,CM,BSE,STK,940369,INE01CY079T5,12ICLFL28D,F,,,,,ICLFL-12%-16-05-28-NCD,990.00,990.00,990.00,990.00,990.00,975.00,,990.00,,,50,49500.00,8,F1,1,,,,,
2026-10-05,2026-10-05,CM,BSE,STK,940385,INE549K07GA1,9MFL27B,F,,,,,MFL-9%-19-5-27-NCD,987.56,987.56,987.50,987.50,987.50,987.56,,987.50,,,100,98755.00,2,F1,1,,,,,
2026-10-05,2026-10-05,CM,BSE,STK,940415,INE051307BT8,12CCIL30D,F,,,,,CCIL-12%-19-6-30-NCD,1000.00,1000.00,1000.00,1000.00,1000.00,980.20,,1000.00,,,226,226000.00,1,F1,1,,,,,
2026-10-05,2026-10-05,CM,BSE,STK,940445,INE549K07GX3,905MFCL28,F,,,,,MFCL-9.05%-16-7-28-NCD,992.00,992.00,985.00,985.00,985.00,992.00,,985.00,,,204,202291.00,5,F1,1,,,,,
2026-10-05,2026-10-05,CM,BSE,STK,940467,INE423A07450,895AEL27,F,,,,,AEL-8.95%-17-07-27-NCD,1015.00,1015.00,1015.00,1015.00,1015.00,1018.57,,1015.00,,,1,1015.00,1,F1,1,,,,,
2026-10-05,2026-10-05,CM,BSE,STK,940471,INE423A07427,885AEL28,F,,,,,AEL-8.85%-17-07-28-NCD,1003.00,1003.00,1001.00,1003.00,1003.00,1000.00,,1003.00,,,619,620421.00,13,F1,1,,,,,
2026-10-05,2026-10-05,CM,BSE,STK,940473,INE423A07435,915AEL28,F,,,,,AEL-9.15%-17-07-28-NCD,1020.00,1031.00,1020.00,1031.00,1031.00,1020.01,,1030.50,,,2,2051.00,2,F1,1,,,,,
2026-10-05,2026-10-05,CM,BSE,STK,940475,INE423A07419,AEL170725,F,,,,,AEL-17-07-28-NCD,1105.00,1105.00,1100.00,1100.00,1100.00,1105.00,,1104.25,,,150,165500.00,2,F1,1,,,,,
2026-10-05,2026-10-05,CM,BSE,STK,940485,INE403Q07FX2,10KFL28C,F,,,,,KFL-10%-23-7-28-NCD,970.10,970.10,970.10,970.10,970.10,1000.00,,970.10,,,150,145515.00,3,F1,1,,,,,
2026-10-05,2026-10-05,CM,BSE,STK,940511,INE532F07HU3,1025EFSL30,F,,,,,EFSL-10.25%-24-7-30-NCD,990.30,1005.00,951.00,1005.00,1005.00,1003.50,,1005.00,,,700,697686.00,8,F1,1,,,,,
2026-10-05,2026-10-05,CM,BSE,STK,940519,INE532F07HR9,1050EFSL35,F,,,,,EFSL-10.50%-24-7-35-NCD,1000.00,1000.00,1000.00,1000.00,1000.00,1000.00,,1000.00,,,20,20000.00,1,F1,1,,,,,
2026-10-05,2026-10-05,CM,BSE,STK,940525,INE01I507AW2,KAFL280725,F,,,,,KAFL-27-11-26-NCD,1108.10,1108.10,1108.10,1108.10,1108.10,1008.00,,1108.10,,,30,33243.00,1,F1,1,,,,,
2026-10-05,2026-10-05,CM,BSE,STK,940537,INE01I507AP6,1075KAFL30,F,,,,,KAFL-10.75%-27-7-30-NCD,1000.00,1000.00,1000.00,1000.00,1000.00,990.00,,1000.00,,,132,132000.00,1,F1,1,,,,,
2026-10-05,2026-10-05,CM,BSE,STK,940559,INE148I07XG8,865SCL27,F,,,,,SCL-8.65%-01-08-27-NCD,982.26,995.00,982.26,995.00,995.00,990.00,,997.50,,,11,10932.00,2,F1,1,,,,,
2026-10-05,2026-10-05,CM,BSE,STK,940619,INE01CY079Z2,IFL200828C,F,,,,,IFL-20-6-31-NCD,985.00,985.00,985.00,985.00,985.00,965.00,,985.00,,,198,195030.00,2,F1,1,,,,,
2026-10-05,2026-10-05,CM,BSE,STK,940635,INE101Q07BK8,9MML27A,F,,,,,MML-9%-28-2-27-NCD,995.00,995.00,995.00,995.00,995.00,976.25,,995.00,,,26,25870.00,2,F1,1,,,,,
2026-10-05,2026-10-05,CM,BSE,STK,940637,INE101Q07BL6,925MML27,F,,,,,MML-9.25%-29-8-27-NCD,992.11,998.00,992.11,997.00,997.00,990.00,,997.00,,,102,101491.00,6,F1,1,,,,,
2026-10-05,2026-10-05,CM,BSE,STK,940641,INE101Q07BN2,1025MML30,F,,,,,MML-10.25%-29-8-30-NCD,1050.00,1050.00,1050.00,1050.00,1050.00,1005.00,,1050.00,,,11,11550.00,2,F1,1,,,,,
2026-10-05,2026-10-05,CM,BSE,STK,940649,INE530L07BD4,935NHFL28,F,,,,,NHFL-9.35%-10-09-28-NCD,999.00,999.00,988.00,988.00,988.00,983.50,,988.00,,,45,44790.00,2,F1,1,,,,,
2026-10-05,2026-10-05,CM,BSE,STK,940659,INE530L07BH5,NHFL10925A,F,,,,,NHFL-10-09-30-NCD,1053.00,1053.00,1053.00,1053.00,1053.00,1053.00,,1053.00,,,20,21060.00,1,F1,1,,,,,
2026-10-05,2026-10-05,CM,BSE,STK,940665,INE532F07IC9,9EFSL27A,F,,,,,EFSL-9%-7-10-27-NCD,990.00,990.00,990.00,990.00,990.00,989.00,,990.00,,,447,442530.00,7,F1,1,,,,,
2026-10-05,2026-10-05,CM,BSE,STK,940667,INE532F07HZ2,EFSL71025,F,,,,,EFSL-7-10-27-NCD,1068.50,1068.50,1068.50,1068.50,1068.50,1055.20,,1068.50,,,299,319481.00,5,F1,1,,,,,
2026-10-05,2026-10-05,CM,BSE,STK,940669,INE532F07IA3,912EFSL28,F,,,,,EFSL-9.12%-7-10-28-NCD,980.20,980.20,980.20,980.20,980.20,990.00,,980.20,,,25,24505.00,1,F1,1,,,,,
2026-10-05,2026-10-05,CM,BSE,STK,940671,INE532F07IB1,950EFSL28,F,,,,,EFSL-9.50%-7-10-28-NCD,988.00,989.00,988.00,989.00,989.00,988.00,,989.00,,,550,543650.00,3,F1,1,,,,,
2026-10-05,2026-10-05,CM,BSE,STK,940675,INE532F07ID7,958EFSL30,F,,,,,EFSL-9.58%-7-10-30-NCD,997.00,1000.00,997.00,1000.00,1000.00,995.00,,1000.00,,,230,229531.00,13,F1,1,,,,,
2026-10-05,2026-10-05,CM,BSE,STK,940677,INE532F07HY5,10EFSL30,F,,,,,EFSL-10%-7-10-30-NCD,1006.80,1006.80,1006.80,1006.80,1006.80,1006.80,,1006.80,,,60,60408.00,2,F1,1,,,,,
2026-10-05,2026-10-05,CM,BSE,STK,940681,INE532F07IE5,980EFSL35,F,,,,,EFSL-9.80%-7-10-35-NCD,997.00,997.00,997.00,997.00,997.00,996.00,,997.00,,,229,228313.00,5,F1,1,,,,,
2026-10-05,2026-10-05,CM,BSE,STK,940689,INE180C07189,855CGCL27,F,,,,,CGCL-8.55%-13-4-27-NCD,1004.00,1004.00,981.00,981.00,981.00,998.00,,981.00,,,14,13895.00,3,F1,1,,,,,
2026-10-05,2026-10-05,CM,BSE,STK,940691,INE180C07221,89CGCL27,F,,,,,CGCL-8.9%-13-4-27-NCD,999.99,999.99,999.99,999.99,999.99,997.00,,999.99,,,163,162998.00,2,F1,1,,,,,
2026-10-05,2026-10-05,CM,BSE,STK,940699,INE180C07213,97CGCL35,F,,,,,CGCL-9.7%-13-10-35-NCD,1025.00,1025.00,1025.00,1025.00,1025.00,1025.00,,1025.00,,,30,30750.00,1,F1,1,,,,,
2026-10-05,2026-10-05,CM,BSE,STK,940701,INE0BUS07CB9,9IML26A,F,,,,,IML-9%-31-10-26-NCD,995.00,995.00,995.00,995.00,995.00,995.00,,995.00,,,13,12935.00,3,F1,1,,,,,
2026-10-05,2026-10-05,CM,BSE,STK,940703,INE0BUS07CF0,IML301025,F,,,,,IML-31-10-26-NCD,1067.20,1067.20,1067.20,1067.20,1067.20,1075.00,,1067.20,,,5,5336.00,1,F1,1,,,,,
2026-10-05,2026-10-05,CM,BSE,STK,940709,INE0BUS07CD5,1025IML28,F,,,,,IML-10.25%-30-10-28-NCD,990.00,997.00,990.00,997.00,997.00,990.00,,997.00,,,244,242689.00,8,F1,1,,,,,
2026-10-05,2026-10-05,CM,BSE,STK,940713,INE0BUS07CC7,1125IML30,F,,,,,IML-11.25%-30-10-30-NCD,1000.51,1007.49,1000.00,1007.49,1007.49,1005.50,,1007.49,,,188,188218.00,8,F1,1,,,,,
2026-10-05,2026-10-05,CM,BSE,STK,940715,INE0BUS07CA1,IML301025D,F,,,,,IML-30-10-31-NCD,1065.00,1074.95,1050.10,1050.76,1050.10,1065.00,,1050.76,,,484,509359.00,13,F1,1,,,,,
2026-10-05,2026-10-05,CM,BSE,STK,940717,INE103C07181,975SGSL27,F,,,,,SGSL-9.75%-30-10-27-NCD,1076.20,1094.90,1076.20,1094.90,1094.90,1071.20,,1094.90,,,173,186201.00,2,F1,1,,,,,
2026-10-05,2026-10-05,CM,BSE,STK,940719,INE103C07132,SGSL301025,F,,,,,SGSL-30-10-27-NCD,1070.00,1070.00,1070.00,1070.00,1070.00,1076.00,,1070.00,,,160,171200.00,2,F1,1,,,,,
2026-10-05,2026-10-05,CM,BSE,STK,940725,INE103C07173,98SGSL30,F,,,,,SGSL-9.8%-30-10-30-NCD,998.00,998.00,998.00,998.00,998.00,998.01,,998.00,,,50,49900.00,2,F1,1,,,,,
2026-10-05,2026-10-05,CM,BSE,STK,940731,INE403Q07GJ9,950KFL28,F,,,,,KFL-9.50%-09-11-08-NCD,989.00,989.00,989.00,989.00,989.00,980.31,,989.00,,,50,49450.00,4,F1,1,,,,,
2026-10-05,2026-10-05,CM,BSE,STK,940743,INE403Q07GH3,KFL101125D,F,,,,,KFL-09-11-32-NCD,1000.00,1000.00,1000.00,1000.00,1000.00,1000.00,,1000.00,,,10,10000.00,1,F1,1,,,,,
2026-10-05,2026-10-05,CM,BSE,STK,940751,INE051307CA6,12CCIL30,F,,,,,CCIL-12%-9-11-30-NCD,1020.00,1020.00,1020.00,1020.00,1020.00,1001.00,,1020.00,,,59,60180.00,1,F1,1,,,,,
2026-10-05,2026-10-05,CM,BSE,STK,940757,INE051307CC2,CCL101125B,F,,,,,CCIL-10-9-31-NCD,985.00,985.00,985.00,985.00,985.00,985.00,,985.00,,,59,58115.00,5,F1,1,,,,,
2026-10-05,2026-10-05,CM,BSE,STK,940759,INE01CYA7229,1050ICLF27,F,,,,,ICLFL-10.50%-02-01-27-NCD,979.02,998.99,979.02,998.99,998.99,999.00,,998.99,,,286,284475.00,15,F1,1,,,,,
2026-10-05,2026-10-05,CM,BSE,STK,940761,INE01CYA7203,11ICLFL27,F,,,,,ICLFL-11%-02-12-27-NCD,950.60,989.00,950.60,989.00,989.00,970.00,,989.00,,,40,38792.00,3,F1,1,,,,,
2026-10-05,2026-10-05,CM,BSE,STK,940765,INE01CYA7161,12ICLFL30,F,,,,,ICLFL-12%-02-12-30-NCD,1024.95,1024.95,1024.95,1024.95,1024.95,1024.00,,1024.95,,,14,14349.00,2,F1,1,,,,,
2026-10-05,2026-10-05,CM,BSE,STK,940767,INE01CYA7146,ICLF021225,F,,,,,ICLFL-02-01-27-NCD,1071.70,1071.70,1071.70,1071.70,1071.70,1071.66,,1071.70,,,10,10717.00,1,F1,1,,,,,
2026-10-05,2026-10-05,CM,BSE,STK,940797,INE532F07IK2,1010EFSL35,F,,,,,EFSL-10.10%-12-12-35-NCD,1035.50,1035.50,1035.50,1035.50,1035.50,1027.50,,1035.50,,,1,1035.00,1,F1,1,,,,,
2026-10-05,2026-10-05,CM,BSE,STK,940823,INE05F407DR8,MML191225A,F,,,,,MML-19-12-27-NCD,1072.00,1072.00,1061.20,1061.20,1061.20,1072.80,,1061.20,,,10,10622.00,2,F1,1,,,,,
2026-10-05,2026-10-05,CM,BSE,STK,940833,INE05F407DQ0,1075MML30,F,,,,,MML-10.75%-19-12-30-NCD,1000.00,1000.00,1000.00,1000.00,1000.00,1000.00,,1000.00,,,5,5000.00,1,F1,1,,,,,
2026-10-05,2026-10-05,CM,BSE,STK,940841,INE0IID07769,13PCL30A,F,,,,,PCL-13%-29-12-30-NCD,1002.00,1002.00,1000.10,1002.00,1002.00,1000.10,,1002.00,,,139,139192.00,7,F1,1,,,,,
2026-10-05,2026-10-05,CM,BSE,STK,940845,INE423A07500,AEL12126,F,,,,,AEL-12-1-28-NCD,1033.01,1033.01,1033.01,1033.01,1033.01,1039.90,,1032.61,,,8,8264.00,1,F1,1,,,,,
2026-10-05,2026-10-05,CM,BSE,STK,940849,INE423A07534,875AEL29,F,,,,,AEL-8.75%-12-1-29-NCD,1051.00,1051.00,1051.00,1051.00,1051.00,1026.00,,1051.00,,,20,21020.00,1,F1,1,,,,,
2026-10-05,2026-10-05,CM,BSE,STK,940853,INE423A07518,862AEL31,F,,,,,AEL-8.62%-12-1-31-NCD,1005.00,1010.00,1005.00,1010.00,1010.00,1105.10,,1010.00,,,20,20150.00,2,F1,1,,,,,
2026-10-05,2026-10-05,CM,BSE,STK,940855,INE423A07526,890AEL31,F,,,,,AEL-8.90%-12-1-31-NCD,1063.99,1065.00,1062.00,1062.00,1062.00,1060.00,,1061.47,,,375,398868.00,10,F1,1,,,,,
2026-10-05,2026-10-05,CM,BSE,STK,940857,INE423A07542,AEL1212026,F,,,,,AEL-12-1-31-NCD,1038.80,1038.80,1038.80,1038.80,1038.80,1052.00,,1030.00,,,8,8310.00,1,F1,1,,,,,
2026-10-05,2026-10-05,CM,BSE,STK,940859,INE549K07HE1,837MFL28,F,,,,,MFL-8.37%-12-2-28-NCD,977.20,987.50,977.20,977.20,977.20,980.25,,977.20,,,113,110475.00,5,F1,1,,,,,
2026-10-05,2026-10-05,CM,BSE,STK,940861,INE549K07HH4,852MFL29,F,,,,,MFL-8.52%-12-2-29-NCD,986.80,986.80,986.80,986.80,986.80,986.80,,986.80,,,5,4934.00,1,F1,1,,,,,
2026-10-05,2026-10-05,CM,BSE,STK,940866,INE549K07HL6,87MFL28,F,,,,,MFL-8.7%-12-2-28-NCD,1023.22,1035.50,1023.20,1035.50,1035.50,1022.80,,1035.50,,,435,445405.00,8,F1,1,,,,,
2026-10-05,2026-10-05,CM,BSE,STK,940868,INE549K07HK8,885MFL29,F,,,,,MFL-8.85%-12-2-29-NCD,1016.00,1016.00,1016.00,1016.00,1016.00,1010.50,,1016.00,,,20,20320.00,2,F1,1,,,,,
2026-10-05,2026-10-05,CM,BSE,STK,940874,INE549K07HP7,MFL120226,F,,,,,MFL-12-2-28-NCD,1023.55,1023.55,1023.55,1023.55,1023.55,1035.70,,1023.55,,,10,10235.00,1,F1,1,,,,,
2026-10-05,2026-10-05,CM,BSE,STK,940886,INE403Q07GU6,9KFL2029,F,,,,,KFL-9%-19-2-29-NCD,947.70,990.00,947.70,990.00,990.00,972.01,,990.00,,,104,101910.00,7,F1,1,,,,,
2026-10-05,2026-10-05,CM,BSE,STK,940888,INE403Q07GT8,KFL20226A,F,,,,,KFL-19-2-29-NCD,1026.00,1026.00,1026.00,1026.00,1026.00,980.00,,1026.00,,,199,204174.00,1,F1,1,,,,,
2026-10-05,2026-10-05,CM,BSE,STK,940894,INE403Q07GS0,10KFL2031,F,,,,,KFL-10%-19-2-31-NCD,980.00,993.00,980.00,993.00,993.00,1000.00,,993.00,,,24,23676.00,2,F1,1,,,,,
2026-10-05,2026-10-05,CM,BSE,STK,940900,INE01CYA7252,1050ICLF28,F,,,,,ICLFL-10.50-23-02-28-NCD,951.00,964.00,951.00,951.59,964.00,999.00,,951.59,,,330,314025.00,4,F1,1,,,,,
2026-10-05,2026-10-05,CM,BSE,STK,940904,INE01CYA7278,1150ICLF31,F,,,,,ICLFL-11.50%-23-02-31-NCD,980.20,980.20,980.20,980.20,980.20,1000.00,,980.20,,,10,9802.00,1,F1,1,,,,,
2026-10-05,2026-10-05,CM,BSE,STK,940908,INE01CYA7302,ICLF230226,F,,,,,ICLFL-ZC-23-02-28-NCD,980.00,980.00,980.00,980.00,980.00,975.00,,980.00,,,1,980.00,1,F1,1,,,,,
2026-10-05,2026-10-05,CM,BSE,STK,940913,INE01CYA7328,1125ICLF29,F,,,,,ICLFL-11.25%-23-02-29-NCD,900.00,900.00,900.00,900.00,900.00,900.00,,900.00,,,10,9000.00,1,F1,1,,,,,
2026-10-05,2026-10-05,CM,BSE,STK,940917,INE579F24099,805NMC29,F,,,,,NMC-8.05%-05-03-29-MBGB,125.00,125.00,125.00,125.00,125.00,124.50,,125.00,,,200,25000.00,2,F1,1,,,,,
2026-10-05,2026-10-05,CM,BSE,STK,940933,INE530B07658,837IIFL28,F,,,,,IIFL-8.37%-6-3-28-NCD,989.80,989.80,981.20,981.20,981.20,989.80,,981.20,,,51,50049.00,2,F1,1,,,,,
2026-10-05,2026-10-05,CM,BSE,STK,940937,INE530B07633,865IIFL31,F,,,,,IIFL-8.65%-6-3-31-NCD,975.00,975.00,975.00,975.00,975.00,985.00,,975.00,,,30,29250.00,1,F1,1,,,,,
2026-10-05,2026-10-05,CM,BSE,STK,940955,INE0IID07785,13PCL31,F,,,,,PCL-13%-16-3-31-NCD,988.82,1019.00,988.82,1009.99,1009.99,1009.00,,1009.99,,,247,248382.00,14,F1,1,,,,,
2026-10-05,2026-10-05,CM,BSE,STK,940963,INE051307CF5,12CCIL31,F,,,,,CCIL-12%-18-04-31-NCD,997.00,1000.00,997.00,1000.00,1000.00,951.00,,1000.00,,,32,31982.00,3,F1,1,,,,,
2026-10-05,2026-10-05,CM,BSE,STK,940973,INE532F07JC7,EFSL180326,F,,,,,EFSL-18-3-28-NCD,1005.20,1005.50,1005.20,1005.50,1005.50,1000.00,,1005.50,,,30,30159.00,2,F1,1,,,,,
2026-10-05,2026-10-05,CM,BSE,STK,940983,INE532F07IU1,960EFSL31,F,,,,,EFSL-9.60%-18-3-31-NCD,1005.00,1005.00,1004.00,1004.00,1004.00,1010.00,,1004.00,,,200,200950.00,3,F1,1,,,,,
2026-10-05,2026-10-05,CM,BSE,STK,940989,INE532F07JB9,10EFSL36,F,,,,,EFSL-10%-18-3-36-NCD,1011.50,1015.06,1011.50,1015.06,1015.06,1050.00,,1015.06,,,20,20265.00,2,F1,1,,,,,
2026-10-05,2026-10-05,CM,BSE,STK,940995,INE549K07IC3,865MFL31A,F,,,,,MFL-8.65%-25-3-31-NCD,990.00,990.00,990.00,990.00,990.00,990.00,,990.00,,,7,6930.00,2,F1,1,,,,,
2026-10-05,2026-10-05,CM,BSE,STK,941015,INE01CYA7369,10ICLFL027,F,,,,,ICLFL-10%-28-05-27-NCD,980.50,985.00,980.50,984.00,984.00,988.88,,984.00,,,354,348326.00,8,F1,1,,,,,
2026-10-05,2026-10-05,CM,BSE,STK,941021,INE01CYA7385,115ICLFL31,F,,,,,ICLFL-11.50%-28-04-31-NCD,975.50,980.00,975.50,980.00,980.00,980.00,,980.00,,,78,76269.00,2,F1,1,,,,,
2026-10-05,2026-10-05,CM,BSE,STK,941023,INE01CYA7401,ICLFL28426,F,,,,,ICLFL-ZC-28-05-27-NCD,1019.99,1019.99,1019.99,1019.99,1019.99,1019.99,,1019.99,,,10,10199.00,1,F1,1,,,,,
2026-10-05,2026-10-05,CM,BSE,STK,941035,INE180C07288,9CGCL028,F,,,,,CGCL-9%-30-4-28-NCD,1009.00,1012.00,1009.00,1012.00,1012.00,1012.00,,1012.00,,,92,93062.00,4,F1,1,,,,,
2026-10-05,2026-10-05,CM,BSE,STK,941037,INE180C07304,880CGCL29,F,,,,,CGCL-8.80%-30-4-29-NCD,990.50,999.90,970.00,999.90,999.90,991.00,,999.90,,,574,566302.00,22,F1,1,,,,,
2026-10-05,2026-10-05,CM,BSE,STK,941041,INE180C07296,893CGCL31,F,,,,,CGCL-8.93%-30-4-31-NCD,1000.00,1004.00,1000.00,1000.19,1004.00,1000.00,,1000.19,,,21,21004.00,2,F1,1,,,,,
2026-10-05,2026-10-05,CM,BSE,STK,941047,INE549K07IE9,851MFL28,F,,,,,MFL-8.51%-12-5-28-NCD,992.00,992.00,978.55,986.71,988.00,987.00,,986.71,,,382,375393.00,17,F1,1,,,,,
2026-10-05,2026-10-05,CM,BSE,STK,941049,INE549K07IF6,865MFL29,F,,,,,MFL-8.65%-12-5-29-NCD,989.00,989.49,989.00,989.49,989.49,981.00,,989.49,,,15,14840.00,3,F1,1,,,,,
2026-10-05,2026-10-05,CM,BSE,STK,941051,INE549K07IG4,879MFL31,F,,,,,MFL-8.79%-12-5-31-NCD,978.00,985.00,978.00,985.00,985.00,985.00,,985.00,,,75,73525.00,4,F1,1,,,,,
2026-10-05,2026-10-05,CM,BSE,STK,941057,INE549K07IJ8,9MFL29,F,,,,,MFL-9%-12-5-29-NCD,1010.00,1010.00,1010.00,1010.00,1010.00,1010.00,,1010.00,,,30,30300.00,1,F1,1,,,,,
2026-10-05,2026-10-05,CM,BSE,STK,941059,INE549K07IK6,915MFL31,F,,,,,MFL-9.15%-12-5-31-NCD,990.00,990.00,990.00,990.00,990.00,990.00,,990.00,,,301,297990.00,1,F1,1,,,,,
2026-10-05,2026-10-05,CM,BSE,STK,941063,INE549K07IM2,MFL120526,F,,,,,MFL-12-5-28-NCD,1011.00,1011.00,1011.00,1011.00,1011.00,1010.00,,1011.00,,,45,45495.00,1,F1,1,,,,,
2026-10-05,2026-10-05,CM,BSE,STK,941075,INE403Q07HB4,925KFL29,F,,,,,KFL-9.25%-27-05-29-NCD,976.23,982.00,976.23,982.00,982.00,976.23,,982.00,,,140,137306.00,10,F1,1,,,,,
2026-10-05,2026-10-05,CM,BSE,STK,941079,INE403Q07HC2,10KFL2029,F,,,,,KFL-10%-27-11-29-NCD,985.00,995.00,973.63,995.00,995.00,993.50,,995.00,,,467,461204.00,11,F1,1,,,,,
2026-10-05,2026-10-05,CM,BSE,STK,941099,INE05F407EB0,MML120626C,F,,,,,MML-12-7-32-NCD,1000.00,1000.00,1000.00,1000.00,1000.00,1000.00,,1000.00,,,10,10000.00,1,F1,1,,,,,
2026-10-05,2026-10-05,CM,BSE,STK,941103,INE532F07JE3,EFSL160626,F,,,,,EFSL-16-6-28-NCD,985.20,985.20,985.20,985.20,985.20,975.00,,985.20,,,10,9852.00,1,F1,1,,,,,
2026-10-05,2026-10-05,CM,BSE,STK,941107,INE532F07JG8,915EFSL029,F,,,,,EFSL-9.15%-16-6-29-NCD,995.00,995.00,995.00,995.00,995.00,986.20,,995.00,,,30,29850.00,1,F1,1,,,,,
2026-10-05,2026-10-05,CM,BSE,STK,941111,INE532F07JI4,921EFSL031,F,,,,,EFSL-9.21%-16-6-31-NCD,985.49,985.49,985.49,985.49,985.49,974.90,,985.49,,,50,49274.00,2,F1,1,,,,,
2026-10-05,2026-10-05,CM,BSE,STK,941113,INE532F07JK0,960EFSL031,F,,,,,EFSL-9.60%-16-6-31-NCD,992.00,992.00,992.00,992.00,992.00,996.00,,992.00,,,31,30752.00,3,F1,1,,,,,
2026-10-05,2026-10-05,CM,BSE,STK,941117,INE532F07JL8,958EFSL036,F,,,,,EFSL-9.58%-16-6-36-NCD,995.00,995.00,995.00,995.00,995.00,985.00,,995.00,,,40,39800.00,1,F1,1,,,,,
2026-10-05,2026-10-05,CM,BSE,STK,941121,INE0IID07801,1225PCL29,F,,,,,PCL-12.25%-22-6-29-NCD,1002.00,1002.00,1002.00,1002.00,1002.00,1000.38,,1002.00,,,5,5010.00,1,F1,1,,,,,
2026-10-05,2026-10-05,CM,BSE,STK,941125,INE0IID07827,1275PCL31,F,,,,,PCL-12.75%-22-6-31-NCD,1000.00,1000.00,1000.00,1000.00,1000.00,1000.00,,1000.00,,,74,74000.00,4,F1,1,,,,,
2026-10-05,2026-10-05,CM,BSE,STK,941127,INE549K07IP5,851MFL2028,F,,,,,MFL-8.51%-7-7-28-NCD,998.00,998.00,982.00,995.00,995.00,987.00,,995.00,,,54,53074.00,5,F1,1,,,,,
2026-10-05,2026-10-05,CM,BSE,STK,941129,INE549K07JA5,865MFL2029,F,,,,,MFL-8.65%-7-7-29-NCD,989.99,989.99,989.99,989.99,989.99,987.00,,989.99,,,59,58409.00,3,F1,1,,,,,
2026-10-05,2026-10-05,CM,BSE,STK,941135,INE549K07IT7,885MFL2028,F,,,,,MFL-8.85%-7-7-28-NCD,999.99,999.99,999.99,999.99,999.99,999.99,,999.99,,,51,50999.00,5,F1,1,,,,,
2026-10-05,2026-10-05,CM,BSE,STK,941137,INE549K07IU5,9MFL2029,F,,,,,MFL-9%-7-7-29-NCD,1005.00,1005.00,1005.00,1005.00,1005.00,1010.00,,1005.00,,,200,201000.00,2,F1,1,,,,,
2026-10-05,2026-10-05,CM,BSE,STK,941139,INE549K07IV3,915MFL2031,F,,,,,MFL-9.15%-7-7-31-NCD,1018.67,1018.67,1018.67,1018.67,1018.67,989.00,,1018.67,,,12,12224.00,1,F1,1,,,,,
2026-10-05,2026-10-05,CM,BSE,STK,941141,INE549K07IW1,925MFL2032,F,,,,,MFL-9.25%-7-7-32-NCD,995.00,995.00,995.00,995.00,995.00,990.01,,995.00,,,44,43780.00,1,F1,1,,,,,
2026-10-05,2026-10-05,CM,BSE,STK,941143,INE549K07IX9,MFL070726,F,,,,,MFL-7-7-28-NCD,987.25,987.25,987.25,987.25,987.25,999.80,,987.25,,,30,29617.00,1,F1,1,,,,,
2026-10-05,2026-10-05,CM,BSE,STK,941151,INE051307CQ2,1025CCIL28,F,,,,,CCIL-10.25%-19-2-28-NCD,957.01,975.00,957.01,975.00,975.00,956.10,,975.00,,,25,24195.00,2,F1,1,,,,,
2026-10-05,2026-10-05,CM,BSE,STK,941157,INE051307CR0,12CCIL31C,F,,,,,CCIL-12%-19-9-31-NCD,1000.00,1000.00,1000.00,1000.00,1000.00,999.90,,1000.00,,,3,3000.00,1,F1,1,,,,,
2026-10-05,2026-10-05,CM,BSE,STK,941165,INE420C07197,9PDL28,F,,,,,PDL-9%-19-2-28-NCD,981.00,981.00,980.00,980.00,980.00,979.00,,980.00,,,2,1961.00,2,F1,1,,,,,
2026-10-05,2026-10-05,CM,BSE,STK,941173,INE420C07239,10PDL31,F,,,,,PDL-10%-19-8-31-NCD,986.00,986.00,979.00,979.00,979.00,986.00,,979.00,,,583,572191.00,18,F1,1,,,,,
2026-10-05,2026-10-05,CM,BSE,STK,941175,INE420C07247,1047PDL31,F,,,,,PDL-10.47%-19-8-31-NCD,977.92,1015.00,977.92,1015.00,1015.00,1003.00,,1015.00,,,40,39673.00,2,F1,1,,,,,
2026-10-05,2026-10-05,CM,BSE,STK,941181,INE0BUS07CR5,95IML28,F,,,,,IML-9.5%-24-8-28-NCD,999.00,999.00,999.00,999.00,999.00,0.00,,999.00,,,10,9990.00,1,F1,1,,,,,
2026-10-05,2026-10-05,CM,BSE,STK,941185,INE0BUS07CS3,10IML29,F,,,,,IML-10%-24-8-29-NCD,962.00,998.80,950.03,985.00,985.00,974.80,,985.00,,,2222,2168966.00,126,F1,1,,,,,
2026-10-05,2026-10-05,CM,BSE,STK,941189,INE0BUS07CT1,11IML31,F,,,,,IML-11%-24-8-31-NCD,984.40,984.50,984.40,984.50,984.50,980.00,,984.50,,,810,797439.00,16,F1,1,,,,,
2026-10-05,2026-10-05,CM,BSE,STK,941191,INE0BUS07CX3,IML24826C,F,,,,,IML-24-8-32-NCD,974.02,974.02,974.02,974.02,974.02,999.00,,974.02,,,20,19480.00,1,F1,1,,,,,
2026-10-05,2026-10-05,CM,BSE,STK,941193,INE0BUS07CQ7,115IML32,F,,,,,IML-11.5%-24-8-32-NCD,991.99,991.99,989.00,989.18,989.99,990.00,,989.18,,,1366,1352514.00,34,F1,1,,,,,
2026-10-05,2026-10-05,CM,BSE,STK,941195,INE01CYA7542,10ICLFL27A,F,,,,,ICLFL-10%-25-09-27-NCD,960.40,979.00,960.40,978.89,978.89,980.00,,978.89,,,544,528800.00,20,F1,1,,,,,
2026-10-05,2026-10-05,CM,BSE,STK,941199,INE01CYA7526,11ICLF29,F,,,,,ICLFL-11%-25-08-29-NCD,971.00,972.00,971.00,972.00,972.00,972.00,,972.00,,,219,212729.00,5,F1,1,,,,,
2026-10-05,2026-10-05,CM,BSE,STK,941201,INE01CYA7518,115ICLF31,F,,,,,ICLFL-11.50%-25-08-31-NCD,975.00,975.00,975.00,975.00,975.00,975.00,,975.00,,,15,14625.00,1,F1,1,,,,,
2026-10-05,2026-10-05,CM,BSE,STK,941203,INE01CYA7500,ICLFL25826,F,,,,,ICLFL-25-09-27-NCD,972.99,972.99,971.00,972.03,972.00,973.00,,972.03,,,635,617086.00,17,F1,1,,,,,
2026-10-05,2026-10-05,CM,BSE,STK,941213,INE01CYA7443,ICLF25826B,F,,,,,ICLFL-25-08-32-NCD,819.00,819.00,801.00,801.00,801.00,0.00,,801.00,,,500,404100.00,10,F1,1,,,,,
2026-10-05,2026-10-05,CM,BSE,STK,941223,INE403Q07HK5,10KFL030,F,,,,,KFL-10%-3-3-30-NCD,1025.00,1025.00,1025.00,1025.00,1025.00,1005.00,,1025.00,,,300,307500.00,1,F1,1,,,,,
2026-10-05,2026-10-05,CM,BSE,STK,941227,INE403Q07HM1,10KFL31A,F,,,,,KFL-10%-3-9-31-NCD,882.98,1000.00,882.98,985.00,985.00,901.00,,985.00,,,32,30697.00,4,F1,1,,,,,
2026-10-05,2026-10-05,CM,BSE,STK,941231,INE01I507BH1,95KAFL27,F,,,,,KAFL-9.50%-7-10-27-NCD,967.33,967.33,963.20,964.00,964.00,967.33,,964.00,,,510,491963.00,7,F1,1,,,,,
2026-10-05,2026-10-05,CM,BSE,STK,941251,INE549K07JB3,856MFFL28,F,,,,,MFL-8.56%-24-09-28-NCD,987.00,990.00,981.21,987.15,984.25,983.75,,987.15,,,1096,1080678.00,32,F1,1,,,,,
2026-10-05,2026-10-05,CM,BSE,STK,941253,INE549K07JC1,875MFL29A,F,,,,,MFL-8.75%-24-09-29-NCD,992.00,992.50,982.00,986.01,986.01,982.01,,986.01,,,531,522852.00,11,F1,1,,,,,
2026-10-05,2026-10-05,CM,BSE,STK,941257,INE549K07JE7,888MFL32A,F,,,,,MFL-8.88%-24-09-32-NCD,996.00,996.00,975.10,994.00,994.00,995.00,,994.00,,,212,208570.00,13,F1,1,,,,,
2026-10-05,2026-10-05,CM,BSE,STK,941259,INE549K07JF4,890MFL28,F,,,,,MFL-8.90%-24-09-28-NCD,999.00,999.00,999.00,999.00,999.00,990.00,,999.00,,,2,1998.00,2,F1,1,,,,,
2026-10-05,2026-10-05,CM,BSE,STK,941261,INE549K07JH0,910MFL29,F,,,,,MFL-9.10%-24-09-29-NCD,998.00,998.00,995.00,995.00,995.00,995.00,,995.00,,,50,49766.00,5,F1,1,,,,,
2026-10-05,2026-10-05,CM,BSE,STK,941263,INE549K07JI8,920MFL31,F,,,,,MFL-9.20%-24-09-31-NCD,990.00,990.00,990.00,990.00,990.00,982.00,,990.00,,,50,49500.00,2,F1,1,,,,,
2026-10-05,2026-10-05,CM,BSE,STK,941265,INE549K07JJ6,925MFL32A,F,,,,,MFL-9.25%-24-09-32-NCD,990.00,990.01,990.00,990.01,990.01,990.00,,990.01,,,96,95040.00,4,F1,1,,,,,
2026-10-05,2026-10-05,CM,BSE,STK,941267,INE549K07JK4,MFL24926,F,,,,,MFL-ZC-24-09-28-NCD,978.00,980.00,970.00,980.00,980.00,970.00,,980.00,,,205,199908.00,8,F1,1,,,,,
2026-10-05,2026-10-05,CM,BSE,STK,941269,INE549K07JM0,MFL24926A,F,,,,,MFL-ZC-24-09-29-NCD,980.00,980.00,980.00,980.00,980.00,980.00,,980.00,,,57,55860.00,5,F1,1,,,,,
2026-10-05,2026-10-05,CM,BSE,STK,941271,INE549K07JG2,MFL24926B,F,,,,,MFL-ZC-24-09-31-NCD,968.00,968.00,960.00,965.00,965.00,960.00,,965.00,,,110,105666.00,7,F1,1,,,,,
2026-10-05,2026-10-05,CM,BSE,STK,941273,INE549K07JL2,MFL24926C,F,,,,,MFL-ZC-24-09-32-NCD,978.00,978.00,977.50,977.50,977.50,975.00,,977.50,,,2,1955.00,2,F1,1,,,,,
2026-10-05,2026-10-05,CM,BSE,STK,941275,INE532F07JN4,865EFSL28A,F,,,,,EFSL-8.65%-1-10-28-NCD,1010.00,1010.00,1010.00,1010.00,1010.00,0.00,,1010.00,,,790,797900.00,2,F1,1,,,,,
2026-10-05,2026-10-05,CM,BSE,STK,941291,INE532F07JW5,958EFSL36A,F,,,,,EFSL-9.58%-1-10-36-NCD,995.00,1000.00,995.00,1000.00,1000.00,0.00,,1000.00,,,91,90600.00,10,F1,1,,,,,
2026-10-05,2026-10-05,CM,BSE,STK,941293,INE532F07JV7,10EFSL36A,F,,,,,EFSL-10%-1-10-36-NCD,1000.00,1000.00,1000.00,1000.00,1000.00,0.00,,1000.00,,,3,3000.00,2,F1,1,,,,,
2026-10-05,2026-10-05,CM,BSE,STK,961718,INE134E07182,PFCBT1S4,F,,,,,PFCBT1S4,17195.00,17195.00,17131.00,17131.00,17131.00,17150.00,,17131.00,,,3,51521.00,3,F1,1,,,,,
2026-10-05,2026-10-05,CM,BSE,STK,961728,INE906B07CB9,830NHAI27,F,,,,,830NHAI27,1006.10,1006.10,1006.10,1006.10,1006.10,1005.55,,1005.50,,,171,172043.00,2,F1,1,,,,,
2026-10-05,2026-10-05,CM,BSE,STK,961732,INE053F07538,810IRFC27,F,,,,,810IRFC2327,1009.99,1009.99,1009.99,1009.99,1009.99,1004.95,,1006.75,,,474,478735.00,3,F1,1,,,,,
2026-10-05,2026-10-05,CM,BSE,STK,961734,INE031A07840,82HUDCO27,F,,,,,HUDCO050327,1060.00,1060.00,1060.00,1060.00,1060.00,1054.01,,1057.50,,,10,10600.00,1,F1,1,,,,,
2026-10-05,2026-10-05,CM,BSE,STK,961744,INE020B07GH7,812REC27,F,,,,,812REC27,1015.00,1015.00,1015.00,1015.00,1015.00,1030.00,,1020.53,,,40,40600.00,1,F1,1,,,,,
2026-10-05,2026-10-05,CM,BSE,STK,961753,INE787H07149,736IIFCL28,F,,,,,736IIFCL28,1072.04,1072.04,1072.04,1072.04,1072.04,1074.00,,1072.04,,,106,113636.00,1,F1,1,,,,,
2026-10-05,2026-10-05,CM,BSE,STK,961779,INE020B07HS2,871REC28,F,,,,,871REC28,1127.30,1127.30,1127.30,1127.30,1127.30,1127.27,,1127.30,,,50,56365.00,1,F1,1,,,,,
2026-10-05,2026-10-05,CM,BSE,STK,961785,INE031A07949,876HUDCO28,F,,,,,876HUDCO28,1060.00,1062.00,1060.00,1060.00,1060.00,1053.61,,1061.00,,,1269,1346252.00,19,F1,1,,,,,
2026-10-05,2026-10-05,CM,BSE,STK,961786,INE031A07956,874HUDCO33,F,,,,,874HUDCO33,1175.00,1175.50,1175.00,1175.50,1175.50,1256.00,,1175.50,,,108,126949.00,5,F1,1,,,,,
2026-10-05,2026-10-05,CM,BSE,STK,961791,INE848E07559,879NHPC28,F,,,,,879NHPC28,1189.99,1189.99,1104.01,1104.01,1104.01,1098.74,,1103.14,,,87,99488.00,2,F1,1,,,,,
2026-10-05,2026-10-05,CM,BSE,STK,961792,INE848E07567,892NHPC33,F,,,,,892NHPC33,1270.00,1270.00,1265.00,1269.90,1269.90,1264.50,,1267.44,,,531,673265.00,6,F1,1,,,,,
2026-10-05,2026-10-05,CM,BSE,STK,961800,INE134E07430,854PFCL28,F,,,,,854PFC28,1131.40,1131.40,1131.33,1131.33,1131.33,1133.00,,1131.33,,,20,22627.00,3,F1,1,,,,,
2026-10-05,2026-10-05,CM,BSE,STK,961803,INE134E07448,879PFCL28,F,,,,,879PFC28,1108.08,1108.08,1108.08,1108.08,1108.08,1136.50,,1108.08,,,96,106375.00,2,F1,1,,,,,
2026-10-05,2026-10-05,CM,BSE,STK,961810,INE733E07JJ9,891NTPC33,F,,,,,891NTPC33,1290.00,1291.00,1290.00,1290.94,1291.00,1283.00,,1290.63,,,160,206550.00,3,F1,1,,,,,
2026-10-05,2026-10-05,CM,BSE,STK,961815,INE031A07AA4,883HUDCO29,F,,,,,883HUDCO29,1125.20,1130.00,1125.00,1127.50,1130.00,1125.00,,1127.50,,,327,367944.00,4,F1,1,,,,,
2026-10-05,2026-10-05,CM,BSE,STK,961816,INE031A07AB2,901HUDCO34,F,,,,,901HUDCO34,1288.99,1289.00,1288.99,1289.00,1289.00,1281.64,,1288.99,,,412,531067.00,5,F1,1,,,,,
2026-10-05,2026-10-05,CM,BSE,STK,961818,INE787H07339,848IIFC29A,F,,,,,848IIFCL29B,1119.39,1119.39,1119.39,1119.39,1119.39,1118.06,,1119.39,,,40,44775.00,1,F1,1,,,,,
2026-10-05,2026-10-05,CM,BSE,STK,961821,INE787H07362,873IIFC29D,F,,,,,873IIFCL29C,1134.00,1134.00,1120.49,1120.73,1121.00,1134.67,,1120.73,,,1000,1122055.00,7,F1,1,,,,,
2026-10-05,2026-10-05,CM,BSE,STK,961826,INE906B07DF8,875NHAI29,F,,,,,NHAI-8.75%-5-2-29-NCD,1116.02,1119.86,1116.01,1119.00,1119.00,1116.47,,1118.38,,,780,872732.00,10,F1,1,,,,,
2026-10-05,2026-10-05,CM,BSE,STK,961830,INE053F07686,865IRFC29,F,,,,,IRFC-8.65%-18-2-29-NCD,1103.25,1108.00,1103.25,1104.13,1104.13,1119.97,,1104.16,,,903,998358.00,3,F1,1,,,,,
2026-10-05,2026-10-05,CM,BSE,STK,961839,INE202E07138,880IREDA29,F,,,,,IREDA-8.80%-13-03-29-BOND,1120.00,1120.00,1120.00,1120.00,1120.00,1120.00,,1120.00,,,100,112000.00,1,F1,1,,,,,
2026-10-05,2026-10-05,CM,BSE,STK,961841,INE202E07153,880IREDA34,F,,,,,IREDA-8.80%-13-03-34-BOND,1256.08,1256.08,1256.08,1256.08,1256.08,1246.02,,1261.04,,,12,15072.00,1,F1,1,,,,,
2026-10-05,2026-10-05,CM,BSE,STK,961863,INE031A07AG1,898HUDCO29,F,,,,,HUDCO-8.98%-24-3-29-TFBOND,1164.00,1164.00,1148.00,1148.00,1148.00,1150.25,,1148.00,,,1443,1663910.00,7,F1,1,,,,,
2026-10-05,2026-10-05,CM,BSE,STK,961885,INE053F07744,888IRFC29,F,,,,,IRFC-8.88%-19-03-2029-BOND,1122.60,1122.60,1122.50,1122.50,1122.50,1121.00,,1129.21,,,1000,1122550.00,2,F1,1,,,,,
2026-10-05,2026-10-05,CM,BSE,STK,961895,INE787H07420,880IIFCL29,F,,,,,IIFCL-8.8%-27-3-29-TFBOND,1122.00,1122.00,1112.10,1114.00,1114.00,1119.97,,1114.00,,,1801,2008003.00,8,F1,1,,,,,
2026-10-05,2026-10-05,CM,BSE,STK,961921,INE641R13020,QDLDW,W,,,,,Quint Digital Limited,42.60,42.60,42.50,42.50,42.50,47.00,,42.50,,,227,9657.00,3,F1,1,,,,,
2026-10-05,2026-10-05,CM,BSE,STK,972715,INE039A09OG1,916IFCI27,F,,,,,IFCI-9.16%-IV-15-2-27-C-PVT,17500.02,17500.02,17500.02,17500.02,17500.02,17650.50,,17500.02,,,1,17500.00,1,F1,1,,,,,
2026-10-05,2026-10-05,CM,BSE,STK,972716,INE039A09OH9,916IFCI27A,F,,,,,IFCI-9.16%-IV-15-2-27-D-PVT,5200.00,5200.00,5200.00,5200.00,5200.00,5200.00,,5200.00,,,10,52000.00,1,F1,1,,,,,
2026-10-05,2026-10-05,CM,BSE,STK,972721,INE039A09OW8,872IFCI27,F,,,,,IFCI-8.72%-V-31-3-27-C-PVT,16212.00,16212.00,16212.00,16212.00,16212.00,16256.00,,16212.00,,,1,16212.00,1,F1,1,,,,,
2026-10-05,2026-10-05,CM,BSE,STK,972773,INE039A09PP9,990IFCI37D,F,,,,,990IFCI37D,29200.00,29200.00,29200.00,29200.00,29200.00,29200.00,,29200.00,,,12,350400.00,3,F1,4,,,,,
2026-10-05,2026-10-05,CM,BSE,STK,973491,INE516Y07444,675PFL31,F,,,,,PFL-6.75%-26-9-31-PVT,712.90,712.90,710.32,710.61,710.61,710.00,,710.61,,,5813,4130296.00,18,F1,1,,,,,
2026-10-05,2026-10-05,CM,BSE,STK,973882,INE540P07392,97UPPCL28,F,,,,,UPPCL-9.70%-31-3-28-PVT,1015000.00,1015000.00,1015000.00,1015000.00,1015000.00,1033000.00,,1015000.00,,,1,1015000.00,1,F1,1,,,,,
2026-10-05,2026-10-05,CM,BSE,STK,973883,INE540P07434,97UPPCL32,F,,,,,UPCL-9.7%-22-3-32-PVT,1065000.00,1065000.00,1065000.00,1065000.00,1065000.00,1092000.00,,1065000.00,,,1,1065000.00,1,F1,1,,,,,
2026-10-05,2026-10-05,CM,BSE,STK,974448,INE0M2307164,962APSB28A,F,,,,,APSBCL-9.62%-30-11-28-PVT,1018000.00,1018000.00,1018000.00,1018000.00,1018000.00,1015501.00,,1018000.00,,,1,1018000.00,1,F1,1,,,,,
2026-10-05,2026-10-05,CM,BSE,STK,974634,INE468N07615,EELZC27,F,,,,,EEL-ZC-26-2-27-PVT,141300.00,142700.00,141300.00,142700.00,142700.00,141934.00,,142700.00,,,16,2281800.00,2,F1,1,,,,,
2026-10-05,2026-10-05,CM,BSE,STK,975010,INE549K08426,1005MFL29,F,,,,,MFL-10.05%-31-5-29-PVT,100000.00,100000.00,100000.00,100000.00,100000.00,99106.01,,100000.00,,,1,100000.00,1,F1,1,,,,,
2026-10-05,2026-10-05,CM,BSE,STK,975267,INE658F08086,895KIIFB27,F,,,,,KIIFB-8.95%-22-12-27-PVT,100035.00,100035.00,100035.00,100035.00,100035.00,101000.00,,100035.00,,,2,200070.00,1,F1,1,,,,,
2026-10-05,2026-10-05,CM,BSE,STK,975271,INE658F08144,895KIIFB32,F,,,,,KIIFB-8.95%-22-12-32-PVT,101000.00,101000.00,101000.00,101000.00,101000.00,100599.00,,101000.00,,,1,101000.00,1,F1,1,,,,,
2026-10-05,2026-10-05,CM,BSE,STK,975375,INE982X08109,1385SML29,F,,,,,SML-13.85%-12-7-29-PVT,85000.00,85000.00,83501.00,84990.00,84990.00,83501.00,,84990.00,,,3,253491.00,3,F1,1,,,,,
2026-10-05,2026-10-05,CM,BSE,STK,975413,INE605Y07155,990AFPL27,F,,,,,AFPL-9.90%-21-2-27-PVT,100992.67,100992.67,100992.67,100992.67,100992.67,100443.00,,100992.67,,,1,100992.00,1,F1,1,,,,,
2026-10-05,2026-10-05,CM,BSE,STK,975453,INE549K08475,1005MFL29B,F,,,,,MFL-10.05%-31-12-29-PVT,97215.29,97215.29,97215.29,97215.29,97215.29,97200.00,,97215.29,,,24,2333166.00,1,F1,1,,,,,
2026-10-05,2026-10-05,CM,BSE,STK,975520,INE818W08115,1110ESFB31,F,,,,,ESAF-11.10%-20-4-31-PVT,100500.00,100500.00,100500.00,100500.00,100500.00,101600.00,,100500.00,,,1,100500.00,1,F1,1,,,,,
2026-10-05,2026-10-05,CM,BSE,STK,975632,INE836B07857,1040SCNL27,F,,,,,SCNL-10.40%-30-4-27-PVT,99655.85,100800.00,99655.85,100750.09,100750.09,99800.00,,100750.09,,,3,301205.00,3,F1,1,,,,,
2026-10-05,2026-10-05,CM,BSE,STK,975663,INE501X07588,1050AFL26,F,,,,,AFL-10.50%-17-11-26-PVT,99511.89,99511.89,99511.89,99511.89,99511.89,100295.95,,99511.89,,,2,199023.00,1,F1,1,,,,,
2026-10-05,2026-10-05,CM,BSE,STK,975790,INE735W08053,11USFBL31,F,,,,,USFBL-11%-28-6-31-PVT,100580.00,100980.00,100551.00,100980.00,100980.00,101500.00,,100980.00,,,12,1210121.00,11,F1,1,,,,,
2026-10-05,2026-10-05,CM,BSE,STK,975797,INE06WU07064,1148LIFL27,F,,,,,LAXMI INDIA FINANCE LIMITED,24001.20,24001.20,24001.20,24001.20,24001.20,20001.00,,24001.20,,,1,24001.00,1,F1,1,,,,,
2026-10-05,2026-10-05,CM,BSE,STK,975863,INE0NES07121,1140KFP27,F,,,,,KFL-11.40%-28-1-27-PVT,100000.00,100000.00,100000.00,100000.00,100000.00,100256.03,,100000.00,,,2,200000.00,2,F1,1,,,,,
2026-10-05,2026-10-05,CM,BSE,STK,975905,INE468N07BI2,EEL130827,F,,,,,EEL-13-8-27-PVT,119800.00,119800.00,119800.00,119800.00,119800.00,121800.00,,119800.00,,,3,359400.00,2,F1,1,,,,,
2026-10-05,2026-10-05,CM,BSE,STK,975955,INE342T07536,1050NFL27A,F,,,,,NFL-27-8-27-PVT,99851.00,99851.00,99851.00,99851.00,99851.00,99851.00,,99851.00,,,2,199702.00,2,F1,1,,,,,
2026-10-05,2026-10-05,CM,BSE,STK,976020,INE0Z4807015,0CIPL28,F,,,,,CIPL-ZC-17-3-28-PVT,133000.00,133000.00,133000.00,133000.00,133000.00,133669.00,,133000.00,,,3,399000.00,3,F1,1,,,,,
2026-10-05,2026-10-05,CM,BSE,STK,976085,INE658F08235,949KIIFB29,F,,,,,KIIFB-9.49%-8-10-29-PVT,100369.91,100369.91,100369.91,100369.91,100369.91,103000.00,,100369.91,,,1,100369.00,1,F1,1,,,,,
2026-10-05,2026-10-05,CM,BSE,STK,976228,INE549K08517,1045MFL33,F,,,,,MFL-10.45%-11-3-33-PVT,10169.00,10169.00,10169.00,10169.00,10169.00,10150.00,,10169.00,,,49,498281.00,2,F1,1,,,,,
2026-10-05,2026-10-05,CM,BSE,STK,976233,INE296G07234,95MCSL26,F,,,,,MCSL-9.5%-12-12-26-PVT,99511.00,99511.00,98850.85,99511.00,99511.00,99000.00,,99511.00,,,5,496894.00,5,F1,1,,,,,
2026-10-05,2026-10-05,CM,BSE,STK,976248,INE138I08091,0MSFL026,F,,,,,MSFL-ZC-18-12-26-PVT,120523.90,120631.00,120523.90,120631.00,120631.00,120424.00,,120631.00,,,301,36309823.00,9,F1,1,,,,,
2026-10-05,2026-10-05,CM,BSE,STK,976261,INE348L07241,96MFSL26,F,,,,,MASFSL-9.60%-23-12-26-PVT,10001.01,10001.01,10001.01,10001.01,10001.01,10009.09,,10001.01,,,9,90009.00,1,F1,1,,,,,
2026-10-05,2026-10-05,CM,BSE,STK,976289,INE658F08359,942KIIFB29,F,,,,,KIIFB-9.42%-30-12-29-PVT,100455.31,102000.00,100455.31,102000.00,102000.00,104499.00,,102000.00,,,2,202455.00,2,F1,1,,,,,
2026-10-05,2026-10-05,CM,BSE,STK,976290,INE658F08300,942KIIFB30,F,,,,,KIIFB-9.4%-30-12-30-PVT,100630.41,100630.41,100630.41,100630.41,100630.41,102777.00,,100630.41,,,2,201260.00,1,F1,1,,,,,
2026-10-05,2026-10-05,CM,BSE,STK,976292,INE658F08326,942KIIFB33,F,,,,,KIIFB-9.4%-30-12-33-PVT,103000.00,103800.00,103000.00,103800.00,103800.00,103000.00,,103800.00,,,9,927805.00,5,F1,1,,,,,
2026-10-05,2026-10-05,CM,BSE,STK,976294,INE658F08334,942KIIFB32,F,,,,,KIIFB-9.42%-30-12-32-PVT,103000.00,103200.00,103000.00,103200.00,103200.00,103000.00,,103200.00,,,2,206200.00,2,F1,1,,,,,
2026-10-05,2026-10-05,CM,BSE,STK,976307,INE528L07115,108EAAAL27,F,,,,,EAAAL-10.80%-2-7-27-PVT,108764.00,108764.00,108764.00,108764.00,108764.00,108338.40,,108764.00,,,1,108764.00,1,F1,1,,,,,
2026-10-05,2026-10-05,CM,BSE,STK,976325,INE342T07544,1075NFL27,F,,,,,NFL-10.75%-31-12-27-PVT,10000.00,10021.00,10000.00,10019.08,10019.00,10011.33,,10019.08,,,98,981315.00,21,F1,1,,,,,
2026-10-05,2026-10-05,CM,BSE,STK,976346,INE0NES07154,1130KFL27,F,,,,,KFL-11.30%-23-1-27-PVT,100000.00,100000.00,100000.00,100000.00,100000.00,100200.00,,100000.00,,,1,100000.00,1,F1,1,,,,,
2026-10-05,2026-10-05,CM,BSE,STK,976376,INE882Z08015,1115MHFC30,F,,,,,MHFCL-11.15%-31-7-30-PVT,101000.00,101000.00,101000.00,101000.00,101000.00,103000.00,,101000.00,,,1,101000.00,1,F1,1,,,,,
2026-10-05,2026-10-05,CM,BSE,STK,976377,INE468N07BM4,EEL310125,F,,,,,EEL-DISC-31-1-28-PVT,116600.00,116600.00,116600.00,116600.00,116600.00,115800.00,,116600.00,,,1,116600.00,1,F1,1,,,,,
2026-10-05,2026-10-05,CM,BSE,STK,976411,INE08XP07282,12ACAPL28,F,,,,,ACAPL-12%-14-8-28-PVT,98000.00,98000.00,97600.00,97600.00,97600.00,97000.00,,97600.00,,,10,978805.00,5,F1,1,,,,,
2026-10-05,2026-10-05,CM,BSE,STK,976437,INE342T07569,1060NFL27,F,,,,,NFL-10.60%-21-5-27-PVT,9780.46,10046.00,9780.46,10046.00,10046.00,10031.25,,10046.00,,,98,983771.00,14,F1,1,,,,,
2026-10-05,2026-10-05,CM,BSE,STK,976448,INE01YL07334,1090ESP26A,F,,,,,ESPL-10.90%-4-2-26-PVT,100045.00,100045.00,100045.00,100045.00,100045.00,100042.84,,100045.00,,,5,500225.00,2,F1,1,,,,,
2026-10-05,2026-10-05,CM,BSE,STK,976552,INE658F08391,949KIIF32,F,,,,,KIIFB-9.49-25-03-32-PVT,103500.00,103500.00,103500.00,103500.00,103500.00,104849.00,,103500.00,,,1,103500.00,1,F1,1,,,,,
2026-10-05,2026-10-05,CM,BSE,STK,976560,INE385W07042,10DCAL27,F,,,,,DCAL-10%-26-03-27-PVT,99000.00,99000.00,99000.00,99000.00,99000.00,99869.69,,99000.00,,,1,99000.00,1,F1,1,,,,,
2026-10-05,2026-10-05,CM,BSE,STK,976600,INE076I07038,11RDCCIL28,F,,,,,RDCCIL-11%-02-04-28-PVT,95000.00,97500.00,95000.00,97500.00,97500.00,98800.00,,97500.00,,,3,288000.00,3,F1,1,,,,,
2026-10-05,2026-10-05,CM,BSE,STK,976712,INE549K08541,1040MFL33,F,,,,,MFL-10.40%-22-8-33-PVT,10150.00,10150.00,10070.00,10070.00,10070.00,10150.00,,10070.00,,,79,797850.00,7,F1,1,,,,,
2026-10-05,2026-10-05,CM,BSE,STK,976752,INE420C07130,10PDL27,F,,,,,PDL-10%-3-6-27-PVT,99678.00,99678.00,99678.00,99678.00,99678.00,99678.00,,99678.00,,,1,99678.00,1,F1,1,,,,,
2026-10-05,2026-10-05,CM,BSE,STK,976778,INE681R08117,1025NBSP26,F,,,,,NBSPL-10.25%-12-12-26-PVT,101000.00,101000.00,100700.00,100700.00,100700.00,100000.00,,100700.00,,,7,706400.00,4,F1,1,,,,,
2026-10-05,2026-10-05,CM,BSE,STK,976799,INE0BUS07BV9,1125IML027,F,,,,,IML-11.25%-17-3-27-PVT,99950.00,99950.00,99950.00,99950.00,99950.00,99999.00,,99950.00,,,1,99950.00,1,F1,1,,,,,
2026-10-05,2026-10-05,CM,BSE,STK,976808,INE342T07601,1075NFL28,F,,,,,NFL-10.75%-19-8-28-PVT,10025.00,10052.00,10011.00,10018.86,10012.01,10065.00,,10018.86,,,72,722058.00,19,F1,1,,,,,
2026-10-05,2026-10-05,CM,BSE,STK,976855,INE342T07619,10NFL27,F,,,,,NFL-10%-25-03-27-PVT,99801.00,99801.00,99674.02,99674.02,99674.02,99729.18,,99674.02,,,2,199475.00,2,F1,1,,,,,
2026-10-05,2026-10-05,CM,BSE,STK,976868,INE08XP07324,125ACAP28,F,,,,,ACAPL-12.5%-27-12-28-PVT,97700.00,97700.00,97700.00,97700.00,97700.00,97700.00,,97700.00,,,5,488500.00,1,F1,1,,,,,
2026-10-05,2026-10-05,CM,BSE,STK,976893,INE01HV07593,10VCL28,F,,,,,VCL-10%-04-07-28,9900.00,9900.00,9853.01,9853.01,9853.01,9900.00,,9853.01,,,21,207853.00,2,F1,1,,,,,
2026-10-05,2026-10-05,CM,BSE,STK,976896,INE403Q07GA8,1062KFL27,F,,,,,KFL-10.62%-09-07-27-PVT,99700.00,100000.00,99700.00,100000.00,100000.00,99686.01,,100000.00,,,7,698500.00,2,F1,1,,,,,
2026-10-05,2026-10-05,CM,BSE,STK,976905,INE08XP07316,985ACAPL27,F,,,,,ACAPL-9.85%-11-1-27-PVT,9923.26,9923.26,9923.26,9923.26,9923.26,9938.94,,9923.26,,,1,9923.00,1,F1,1,,,,,
2026-10-05,2026-10-05,CM,BSE,STK,976915,INE0NES07238,114KF27,F,,,,,KFL-11.40%-15-1-27-PVT,38488.00,38488.00,38488.00,38488.00,38488.00,48110.00,,38488.00,,,1,38488.00,1,F1,1,,,,,
2026-10-05,2026-10-05,CM,BSE,STK,976930,INE07HK07817,1040KSL27,F,,,,,KSL-10.40%-25-1-27-PVT,100000.00,100355.32,100000.00,100355.32,100355.32,100178.00,,100355.32,,,2,200355.00,2,F1,1,,,,,
2026-10-05,2026-10-05,CM,BSE,STK,976970,INE681R08125,1025NBSP27,F,,,,,NBSPL-10.25%-30-01-27-PVT,101400.00,101400.00,101200.00,101200.00,101200.00,101500.00,,101200.00,,,2,202600.00,2,F1,1,,,,,
2026-10-05,2026-10-05,CM,BSE,STK,976985,INE0K0Y08011,0MCIBPL27,F,,,,,MCIBPL-ZC-05-08-27-PVT,112700.00,112953.00,112700.00,112953.00,112953.00,112748.27,,112953.00,,,101,11408000.00,2,F1,1,,,,,
2026-10-05,2026-10-05,CM,BSE,STK,977000,INE403Q07GB6,1062KFL28,F,,,,,KFL-10.62%-7-8-28-PVT,99500.00,99500.00,99500.00,99500.00,99500.00,100000.00,,99500.00,,,2,199000.00,2,F1,1,,,,,
2026-10-05,2026-10-05,CM,BSE,STK,977001,INE403Q07GC4,1062KFLD28,F,,,,,KFLD-10.62%-7-2-28-PVT,100000.00,100000.00,100000.00,100000.00,100000.00,100000.00,,100000.00,,,2,200000.00,2,F1,1,,,,,
2026-10-05,2026-10-05,CM,BSE,STK,977008,INE658F08458,967KIIFB31,F,,,,,KIIFB-9.67%-8-8-31-PVT,105000.00,105000.00,105000.00,105000.00,105000.00,104999.00,,105000.00,,,10,1050000.00,1,F1,1,,,,,
2026-10-05,2026-10-05,CM,BSE,STK,977009,INE658F08466,967KIIFB32,F,,,,,KIIFB-9.67%-8-8-32-PVT,103533.41,103533.41,103533.41,103533.41,103533.41,105900.00,,103533.41,,,2,207066.00,1,F1,1,,,,,
2026-10-05,2026-10-05,CM,BSE,STK,977011,INE658F08482,967KIIFB34,F,,,,,KIIFB-9.67%-8-8-34-PVT,104376.51,104376.51,104376.51,104376.51,104376.51,107000.00,,104376.51,,,3,313129.00,1,F1,1,,,,,
2026-10-05,2026-10-05,CM,BSE,STK,977017,INE342T07635,1030NFL27,F,,,,,NFL-10.30%-30-09-27-PVT,9975.00,9975.00,9970.00,9970.00,9970.00,9975.00,,9970.00,,,13,129660.00,6,F1,1,,,,,
2026-10-05,2026-10-05,CM,BSE,STK,977022,INE07HK07825,1065KSL27,F,,,,,KSL-10.65%-12-08-27-PVT,99999.99,99999.99,99999.99,99999.99,99999.99,100200.00,,99999.99,,,1,99999.00,1,F1,1,,,,,
2026-10-05,2026-10-05,CM,BSE,STK,977028,INE136S07013,1050NCL28,F,,,,,NCL-10.50%-12-2-28-PVT,99000.00,99000.00,99000.00,99000.00,99000.00,99999.00,,99000.00,,,4,396000.00,2,F1,1,,,,,
2026-10-05,2026-10-05,CM,BSE,STK,977039,INE403Q07GD2,10KFL2028,F,,,,,KFL-10%-31-05-28-PVT,9900.00,9900.00,9900.00,9900.00,9900.00,9900.00,,9900.00,,,26,257400.00,1,F1,1,,,,,
2026-10-05,2026-10-05,CM,BSE,STK,977040,INE939X07234,1095MBFL27,F,,,,,MBFL-10.95%-20-10-27-PVT,98658.00,98658.00,98658.00,98658.00,98658.00,99000.00,,98658.00,,,2,197316.00,2,F1,1,,,,,
2026-10-05,2026-10-05,CM,BSE,STK,977044,INE0NES07261,111KFL27,F,,,,,KFL-11.10%-19-8-27-PVT,9869.41,9870.55,9760.00,9848.44,9760.00,9919.00,,9848.44,,,505,4983947.00,6,F1,1,,,,,
2026-10-05,2026-10-05,CM,BSE,STK,977064,INE348L07332,91MFSL27,F,,,,,MFSL-9.10%-29-8-27-PVT,9990.00,9990.00,9940.05,9940.05,9940.05,9968.41,,9940.05,,,11,109790.00,2,F1,1,,,,,
2026-10-05,2026-10-05,CM,BSE,STK,977073,INE01YL07391,1070ESP27,F,,,,,ESPL-10.70%-6-8-27-PVT,99800.00,99800.00,99391.40,99391.40,99391.40,100000.00,,99391.40,,,4,398382.00,3,F1,1,,,,,
2026-10-05,2026-10-05,CM,BSE,STK,977093,INE138I08109,0MSFL27,F,,,,,MSFL-0%-9-9-27-PVT,111265.00,111289.00,111265.00,111288.67,111289.00,111167.00,,111288.67,,,1218,135549598.00,5,F1,1,,,,,
2026-10-05,2026-10-05,CM,BSE,STK,977117,INE583D08081,1165UCL31,F,,,,,UCL-11.65%-15-3-31-PVT,97500.00,97749.99,97500.00,97733.33,97749.99,97500.00,,97733.33,,,6,585899.00,5,F1,1,,,,,
2026-10-05,2026-10-05,CM,BSE,STK,977128,INE549K08574,1026MFL31,F,,,,,MFL-10.26%-18-7-31-PVT,9900.00,10083.00,9900.00,10083.00,10083.00,10000.00,,10083.00,,,43,431250.00,5,F1,1,,,,,
2026-10-05,2026-10-05,CM,BSE,STK,977134,INE448U07307,885VFL29A,F,,,,,VFL-8.85%-19-09-29-PVT,99556.00,99556.00,99556.00,99556.00,99556.00,99552.00,,99556.00,,,2,199112.00,2,F1,1,,,,,
2026-10-05,2026-10-05,CM,BSE,STK,977186,INE08E807092,99SFCPL27,F,,,,,SRFCPL-9.9%-1-11-27-PVT,98500.00,98500.00,98500.00,98500.00,98500.00,97660.45,,98500.00,,,5,492500.00,1,F1,1,,,,,
2026-10-05,2026-10-05,CM,BSE,STK,977187,INE08E807100,1025SRFC28,F,,,,,SRFCPL-10.25%-1-4-28-PVT,99525.00,99525.00,99525.00,99525.00,99525.00,98525.00,,99525.00,,,1,99525.00,1,F1,1,,,,,
2026-10-05,2026-10-05,CM,BSE,STK,977200,INE146O08399,925HLFL31,F,,,,,HLFL-9.25%-9-7-31-PVT,99900.00,100195.00,99900.00,100172.00,100172.00,99999.00,,100172.00,,,84,8394344.00,14,F1,1,,,,,
2026-10-05,2026-10-05,CM,BSE,STK,977226,INE0JZO07032,1350LLD29,F,,,,,LLDL-13.50%-30-01-29-PVT,101001.00,101201.00,101001.00,101200.00,101200.00,101000.00,,101200.00,,,3,303402.00,3,F1,1,,,,,
2026-10-05,2026-10-05,CM,BSE,STK,977228,INE583D07612,975UCL27,F,,,,,UCL-9.75%-15-10-27-PVT,9995.55,9995.55,9995.55,9995.55,9995.55,10185.55,,9995.55,,,5,49977.00,1,F1,1,,,,,
2026-10-05,2026-10-05,CM,BSE,STK,977241,INE0NES07287,1140KRFL27,F,,,,,KRFL-11.40%-24-10-27-PVT,9924.02,9966.34,9924.02,9966.34,9966.34,9977.99,,9966.34,,,8,79603.00,3,F1,1,,,,,
2026-10-05,2026-10-05,CM,BSE,STK,977249,INE101Q07BS1,930MML28,F,,,,,MML-9.30%-27-1-28-PVT,9873.00,9873.00,9873.00,9873.00,9873.00,9874.00,,9873.00,,,4,39492.00,1,F1,1,,,,,
2026-10-05,2026-10-05,CM,BSE,STK,977260,INE08XP07407,13ACAPL28,F,,,,,ACAPL-13%-29-10-28-PVT,10020.00,10020.00,10020.00,10020.00,10020.00,9950.00,,10020.00,,,1,10020.00,1,F1,1,,,,,
2026-10-05,2026-10-05,CM,BSE,STK,977280,INE046W07305,98MML27A,F,,,,,MML-9.8%-4-11-27-PVT,62500.00,62500.00,62500.00,62500.00,62500.00,61000.00,,62500.00,,,1,62500.00,1,F1,1,,,,,
2026-10-05,2026-10-05,CM,BSE,STK,977281,INE583D08115,1165UCL31A,F,,,,,UCL-11.65%-6-5-31-PVT,98500.00,98500.00,98500.00,98500.00,98500.00,98500.00,,98500.00,,,2,197000.00,2,F1,1,,,,,
2026-10-05,2026-10-05,CM,BSE,STK,977288,INE046W07313,99MML27,F,,,,,MML-9.9%-4-11-27-PVT,99100.00,99100.00,99100.00,99100.00,99100.00,99095.04,,99100.00,,,1,99100.00,1,F1,1,,,,,
2026-10-05,2026-10-05,CM,BSE,STK,977298,INE08XP07415,12ACAPL28A,F,,,,,ACAPL-12%-17-11-28-PVT,9900.00,9900.00,9900.00,9900.00,9900.00,9899.00,,9900.00,,,10,99000.00,2,F1,1,,,,,
2026-10-05,2026-10-05,CM,BSE,STK,977309,INE08XP07423,12ACAPL27B,F,,,,,ACAPL-12%-21-05-27-PVT,9975.00,9975.00,9975.00,9975.00,9975.00,9974.97,,9975.00,,,5,49875.00,4,F1,1,,,,,
2026-10-05,2026-10-05,CM,BSE,STK,977331,INE07HK07866,1050KSL27,F,,,,,KSL-10.50%-2-12-27-PVT,100000.00,100000.00,99593.30,99599.00,99599.00,100000.00,,99599.00,,,11,1097977.00,6,F1,1,,,,,
2026-10-05,2026-10-05,CM,BSE,STK,977354,INE148I07YI2,879SCL30,F,,,,,SCL-8.79%-09-12-30-PVT,98000.00,98000.00,98000.00,98000.00,98000.00,98000.00,,99000.00,,,2,196000.00,1,F1,1,,,,,
2026-10-05,2026-10-05,CM,BSE,STK,977367,INE08XP07431,12ACAP27,F,,,,,ACAPL-12%-11-6-27-PVT,9897.00,9920.00,9897.00,9920.00,9920.00,9890.00,,9920.00,,,14,138734.00,3,F1,1,,,,,
2026-10-05,2026-10-05,CM,BSE,STK,977382,INE583D07638,999UCL29,F,,,,,UCL-9.99%-16-06-29-PVT,9811.00,9851.00,9781.00,9851.00,9851.00,9811.02,,9851.00,,,13,127664.00,6,F1,1,,,,,
2026-10-05,2026-10-05,CM,BSE,STK,977396,INE08E807142,1050SRFC28,F,,,,,SRFCPL-10.50%-22-01-28-PVT,99231.00,99231.00,99231.00,99231.00,99231.00,99231.00,,99231.00,,,1,99231.00,1,F1,1,,,,,
2026-10-05,2026-10-05,CM,BSE,STK,977397,INE08E807134,1065SRFC28,F,,,,,SFCPL-10.65%-22-6-28-PVT,99102.00,99102.00,99102.00,99102.00,99102.00,99600.00,,99102.00,,,1,99102.00,1,F1,1,,,,,
2026-10-05,2026-10-05,CM,BSE,STK,977424,INE0K0Y08037,0MCIBPL27A,F,,,,,MCIBPL-ZC-31-12-27-PVT,107450.00,107450.00,107450.00,107450.00,107450.00,106950.00,,107450.00,,,2,214900.00,2,F1,1,,,,,
2026-10-05,2026-10-05,CM,BSE,STK,977440,INE0JZO07040,13LLDL29,F,,,,,LLDL-13%-30-1-29-PVT,100250.00,100500.00,100250.00,100400.00,100400.00,100309.54,,100400.00,,,18,1807799.00,8,F1,1,,,,,
2026-10-05,2026-10-05,CM,BSE,STK,977445,INE179P07613,11DKGFSF28,F,,,,,DKGFSF-11%-7-1-28-PVT,9603.00,9676.13,9603.00,9676.13,9676.13,8208.00,,9676.13,,,4,38558.00,2,F1,1,,,,,
2026-10-05,2026-10-05,CM,BSE,STK,977453,INE403Q08340,11KFL2031,F,,,,,KFL-11%-13-7-31-PVT,9962.00,9962.00,9962.00,9962.00,9962.00,9950.00,,9962.00,,,1,9962.00,1,F1,1,,,,,
2026-10-05,2026-10-05,CM,BSE,STK,977464,INE612U08066,1125EFL31,F,,,,,EFL-11.25%-16-7-31-PVT,100000.00,100000.00,100000.00,100000.00,100000.00,101000.00,,100000.00,,,1,100000.00,1,F1,1,,,,,
2026-10-05,2026-10-05,CM,BSE,STK,977471,INE658F08516,930KIIFB33,F,,,,,KIIFB-9.30%-21-01-33-PVT,102650.00,102650.00,102650.00,102650.00,102650.00,105400.00,,102650.00,,,5,513250.00,1,F1,1,,,,,
2026-10-05,2026-10-05,CM,BSE,STK,977477,INE342T07668,1075NFL28A,F,,,,,NFL-10.75%-31-12-28-PVT,10027.01,10036.00,10001.11,10036.00,10036.00,10027.01,,10036.00,,,14,140330.00,8,F1,1,,,,,
2026-10-05,2026-10-05,CM,BSE,STK,977495,INE836K07320,0EFCL29,F,,,,,EFCL-ZC-30-4-29-PVT,103700.00,103700.00,103700.00,103700.00,103700.00,102000.00,,103700.00,,,1,103700.00,1,F1,1,,,,,
2026-10-05,2026-10-05,CM,BSE,STK,977508,INE109C07139,1135AFSL28,F,,,,,AFSL-11.35%-29-07-28-PVT,10000.00,10000.00,10000.00,10000.00,10000.00,10000.00,,10000.00,,,6,60000.00,2,F1,1,,,,,
2026-10-05,2026-10-05,CM,BSE,STK,977516,INE179P07621,11DKGFSP29,F,,,,,DKGFSPL-11%-30-1-29-PVT,9790.00,9790.00,9610.00,9775.00,9775.00,9945.90,,9775.00,,,57,557006.00,12,F1,1,,,,,
2026-10-05,2026-10-05,CM,BSE,STK,977532,INE138I08117,0MSAFL28,F,,,,,MSAFL-ZC-6-2-28-PVT,106640.00,106815.00,106640.00,106815.00,106815.00,106640.00,,106815.00,,,28,2990645.00,5,F1,1,,,,,
2026-10-05,2026-10-05,CM,BSE,STK,977541,INE0NES07303,12KFL28,F,,,,,KFL-12%-10-5-28-KFL,9885.01,9991.00,9885.01,9990.00,9990.00,9878.01,,9990.00,,,45,449417.00,14,F1,1,,,,,
2026-10-05,2026-10-05,CM,BSE,STK,977544,INE0GCN07054,845AAHL29,F,,,,,AAHL-8.45%-12-2-29-PVT,97412.05,97500.00,97412.05,97500.00,97500.00,99400.00,,97500.00,,,2,194912.00,2,F1,1,,,,,
2026-10-05,2026-10-05,CM,BSE,STK,977558,INE14H407116,11FCPL28,F,,,,,FCPL-11%-26-8-28-PVT,9905.93,9950.01,9905.93,9950.00,9950.00,9905.93,,9950.00,,,19,189005.00,8,F1,1,,,,,
2026-10-05,2026-10-05,CM,BSE,STK,977564,INE549K08590,104MFL33,F,,,,,MFL-10.4%-30-12-33-PVT,10135.00,10135.00,10135.00,10135.00,10135.00,10135.00,,10135.00,,,69,699315.00,6,F1,1,,,,,
2026-10-05,2026-10-05,CM,BSE,STK,977575,INE0LWH07104,CSAI240226,F,,,,,CSAIPL-14.40%-23-12-27-PVT,109230.00,109230.00,109230.00,109230.00,109230.00,109056.00,,109230.00,,,1,109230.00,1,F1,1,,,,,
2026-10-05,2026-10-05,CM,BSE,STK,977576,INE926R07019,13UCIL27,F,,,,,UCIL-13%-24-5-27-PVT,9940.00,9940.00,9930.00,9935.00,9935.00,9890.00,,9935.00,,,9,89405.00,4,F1,1,,,,,
2026-10-05,2026-10-05,CM,BSE,STK,977582,INE734I07081,12FFSL28,F,,,,,FFSL-12%-26-2-28-PVT,93164.32,93164.32,93164.32,93164.32,93164.32,92164.32,,93164.32,,,1,93164.00,1,F1,1,,,,,
2026-10-05,2026-10-05,CM,BSE,STK,977585,INE101Q07BY9,925MML28A,F,,,,,MML-9.25%-25-2-28-PVT,9775.00,9775.00,9775.00,9775.00,9775.00,9775.00,,9775.00,,,2,19550.00,1,F1,1,,,,,
2026-10-05,2026-10-05,CM,BSE,STK,977596,INE01YL07433,105ESPL28,F,,,,,ESPL-10.50%-09-06-28-PVT,100433.00,100433.00,100433.00,100433.00,100433.00,100404.00,,100433.00,,,4,401732.00,2,F1,1,,,,,
2026-10-05,2026-10-05,CM,BSE,STK,977622,INE229U07178,1125NFL28,F,,,,,NFL-11.25%-11-09-28-PVT,100010.00,100010.00,100010.00,100010.00,100010.00,100000.00,,100010.00,,,1,100010.00,1,F1,1,,,,,
2026-10-05,2026-10-05,CM,BSE,STK,977623,INE859C07253,85IFL28,F,,,,,IFL-8.5%-10-3-28-PVT,9751.00,9751.00,9713.00,9713.00,9713.00,9950.00,,9713.00,,,12,116933.00,4,F1,1,,,,,
2026-10-05,2026-10-05,CM,BSE,STK,977633,INE00DJ07052,1250TCL30,F,,,,,TCL-12.50%-12-3-30-PVT,101250.00,101300.00,101250.00,101300.00,101300.00,100000.01,,101300.00,,,3,303800.00,3,F1,1,,,,,
2026-10-05,2026-10-05,CM,BSE,STK,977648,INE101Q07BX1,930MMCL28,F,,,,,MML-9.30%-17-06-28-PVT,9708.90,9708.90,9505.00,9505.00,9505.00,9900.00,,9505.00,,,50,480139.00,8,F1,1,,,,,
2026-10-05,2026-10-05,CM,BSE,STK,977649,INE101Q07BW3,965MMCL28,F,,,,,MML-9.65%-18-09-28-PVT,9750.00,9825.00,9750.00,9800.00,9800.00,9880.00,,9800.00,,,26,254950.00,5,F1,1,,,,,
2026-10-05,2026-10-05,CM,BSE,STK,977657,INE04UP07162,125BCSL29,F,,,,,BCSL-12.5%-18-3-29-PVT,8500.00,8500.00,8500.00,8500.00,8500.00,8500.00,,8500.00,,,13,110500.00,3,F1,1,,,,,
2026-10-05,2026-10-05,CM,BSE,STK,977662,INE03K307132,1025SFL28A,F,,,,,SFL-10.25%-20-3-28-PVT,9820.00,9889.99,9820.00,9843.33,9889.99,9820.00,,9843.33,,,16,157469.00,4,F1,1,,,,,
2026-10-05,2026-10-05,CM,BSE,STK,977676,INE964R07069,14RFL2027,F,,,,,RFL-14%-23-6-27-PVT,6750.00,6750.00,6750.00,6750.00,6750.00,6800.00,,6750.00,,,1,6750.00,1,F1,1,,,,,
2026-10-05,2026-10-05,CM,BSE,STK,977678,INE109C07147,109AFSL28,F,,,,,AFSL-10.9%-25-9-28-PVT,9801.00,9801.00,9801.00,9801.00,9801.00,9801.00,,9801.00,,,8,78408.00,4,F1,1,,,,,
2026-10-05,2026-10-05,CM,BSE,STK,977680,INE01YL07441,105ESPL28A,F,,,,,ESPL-10.5%-4-7-28-PVT,99931.23,99931.23,99931.23,99931.23,99931.23,99710.00,,99931.23,,,2,199862.00,1,F1,1,,,,,
2026-10-05,2026-10-05,CM,BSE,STK,977681,INE104W07260,11KFL27,F,,,,,KFL-11%-25-06-27-PVT,5948.00,5948.00,5948.00,5948.00,5948.00,7434.00,,5948.00,,,1,5948.00,1,F1,1,,,,,
2026-10-05,2026-10-05,CM,BSE,STK,977700,INE04UP07170,1250BCSL29,F,,,,,BCSL-12.50%-30-3-29-PVT,8300.00,8300.00,8263.01,8263.01,8263.01,8351.00,,8263.01,,,10,82704.00,4,F1,1,,,,,
2026-10-05,2026-10-05,CM,BSE,STK,977710,INE0O7U07046,11UFL28,F,,,,,UFL-11%-2-4-28-PVT,6050.01,6050.01,6050.01,6050.01,6050.01,7340.20,,6050.01,,,1,6050.00,1,F1,1,,,,,
2026-10-05,2026-10-05,CM,BSE,STK,977725,INE0BUS07CL8,1050IML29,F,,,,,IML-10.50%-17-4-29-PVT,9915.00,9920.00,9915.00,9920.00,9920.00,9932.00,,9920.00,,,13,128905.00,5,F1,1,,,,,
2026-10-05,2026-10-05,CM,BSE,STK,977730,INE342T07684,1030NFL28,F,,,,,NFL-10.30%-31-5-28-PVT,10014.00,10014.00,9960.01,9960.01,9960.01,10049.96,,9960.01,,,45,450090.00,4,F1,1,,,,,
2026-10-05,2026-10-05,CM,BSE,STK,977732,INE0NES07329,12KFL27,F,,,,,KFL-12%-22-09-27-PVT,10075.00,10075.00,9972.02,10040.38,9990.03,10060.00,,10040.38,,,54,542120.00,11,F1,1,,,,,
2026-10-05,2026-10-05,CM,BSE,STK,977735,INE229U07186,1090NFL28,F,,,,,NFL-10.90%-24-04-28-PVT,9898.00,10035.00,9898.00,10035.00,10035.00,10100.00,,10035.00,,,17,169073.00,4,F1,1,,,,,
2026-10-05,2026-10-05,CM,BSE,STK,977740,INE926R07027,13UCIL28,F,,,,,UCIL-13%-23-4-28-PVT,9868.99,9868.99,9840.00,9845.42,9850.00,9838.00,,9845.42,,,112,1103707.00,26,F1,1,,,,,
2026-10-05,2026-10-05,CM,BSE,STK,977753,INE572J07810,1125SSFL28,F,,,,,SSFL-11.25%-26-24-28-PVT,10000.00,10000.00,9960.00,9966.00,9966.00,10000.00,,9966.00,,,166,1656951.00,21,F1,1,,,,,
2026-10-05,2026-10-05,CM,BSE,STK,977773,INE08XP07480,1280ACAP28,F,,,,,ACAP-12.80%-7-5-28-PVT,9965.00,9965.00,9935.00,9935.00,9935.00,9930.00,,9935.00,,,13,129515.00,4,F1,1,,,,,
2026-10-05,2026-10-05,CM,BSE,STK,977774,INE08XP07498,12ACAP27A,F,,,,,ACAP-12%-7-11-27-PVT,9831.00,9831.00,9825.00,9825.00,9825.00,9881.00,,9825.00,,,57,560175.00,11,F1,1,,,,,
2026-10-05,2026-10-05,CM,BSE,STK,977788,INE734I07107,1133FFSL28,F,,,,,FFSL-11.33%-13-8-28-PVT,9700.00,9800.00,9700.00,9800.00,9800.00,9700.00,,9800.00,,,54,529000.00,2,F1,1,,,,,
2026-10-05,2026-10-05,CM,BSE,STK,977801,INE101Q07CA7,930MML2028,F,,,,,MML-9.30%-20-11-28-PVT,9799.99,9800.00,9701.01,9789.72,9701.01,9725.03,,9789.72,,,15,146886.00,5,F1,1,,,,,
2026-10-05,2026-10-05,CM,BSE,STK,977806,INE926R07035,13UCIL2028,F,,,,,UCIL-13%-20-5-28-PVT,9831.00,9941.55,9831.00,9831.50,9831.50,9922.00,,9831.50,,,29,286946.00,10,F1,1,,,,,
2026-10-05,2026-10-05,CM,BSE,STK,977815,INE583D07661,975UCL2027,F,,,,,UCL-9.75%-26-11-27-PVT,9901.00,10007.00,9901.00,9901.01,9901.01,9897.00,,9901.01,,,68,673480.00,5,F1,1,,,,,
2026-10-05,2026-10-05,CM,BSE,STK,977839,INE884Q07855,1065MML28,F,,,,,MML-10.65%-01-06-28-PVT,98180.00,98180.00,98180.00,98180.00,98180.00,97810.00,,98180.00,,,1,98180.00,1,F1,1,,,,,
2026-10-05,2026-10-05,CM,BSE,STK,977842,INE516Q07481,910AML2028,F,,,,,AML-9.10%-02-06-28-PVT,99000.00,99000.00,99000.00,99000.00,99000.00,99000.00,,99000.00,,,1,99000.00,1,F1,1,,,,,
2026-10-05,2026-10-05,CM,BSE,STK,977852,INE08XP07506,1205ACAP29,F,,,,,ACAP-12.05%-5-6-29-PVT,9820.00,9820.00,9820.00,9820.00,9820.00,9801.00,,9820.00,,,1,9820.00,1,F1,1,,,,,
2026-10-05,2026-10-05,CM,BSE,STK,977855,INE0BUS08047,1225IML32,F,,,,,IML-12.25%-9-6-32-PVT,99900.00,99900.00,99900.00,99900.00,99900.00,99900.00,,99900.00,,,10,999000.00,2,F1,1,,,,,
2026-10-05,2026-10-05,CM,BSE,STK,977868,INE342T07718,1030NFL028,F,,,,,NFL-10.30%-31-3-28-PVT,9918.01,9980.00,9918.01,9969.88,9970.00,9950.40,,9969.88,,,105,1043989.00,31,F1,1,,,,,
2026-10-05,2026-10-05,CM,BSE,STK,977869,INE342T07726,1075NFL29,F,,,,,NFL-10.75%-31-8-29-PVT,10010.00,10071.90,10000.01,10071.90,10071.90,10014.99,,10071.90,,,39,390672.00,11,F1,1,,,,,
2026-10-05,2026-10-05,CM,BSE,STK,977877,INE734I07115,1133FFS28,F,,,,,FFSL-11.33%-16-6-28-PVT,9850.00,9850.00,9850.00,9850.00,9850.00,9700.00,,9850.00,,,5,49250.00,3,F1,1,,,,,
2026-10-05,2026-10-05,CM,BSE,STK,977880,INE0KH208027,0ANSPL28,F,,,,,ANSPL-ZC-17-06-28-PVT,102905.00,102905.00,102905.00,102905.00,102905.00,102720.00,,102905.00,,,74,7614970.00,1,F1,1,,,,,
2026-10-05,2026-10-05,CM,BSE,STK,977892,INE0I5X07034,1370MFSPL27,F,,,,,MFSPL-13.70%-19-7-27-PVT,99000.30,99000.30,99000.30,99000.30,99000.30,99500.00,,99000.30,,,1,99000.00,1,F1,1,,,,,
2026-10-05,2026-10-05,CM,BSE,STK,977903,INE882Z08049,1025MHFC29,F,,,,,MHFC-10.25%-23-6-29-PVT,100500.00,100500.00,100500.00,100500.00,100500.00,100500.00,,100500.00,,,3,301500.00,1,F1,1,,,,,
2026-10-05,2026-10-05,CM,BSE,STK,977913,INE0K0Y08052,0MCIBPL280M,F,,,,,MCIBPL-ZC-28-06-28-PVT,102100.00,102690.00,102100.00,102595.00,102690.00,102100.00,,102595.00,,,10,1022980.00,5,F1,1,,,,,
2026-10-05,2026-10-05,CM,BSE,STK,977935,INE0I5X07042,1440MFSP27,F,,,,,MFSP-14.40%-1-10-27-PVT,7950.00,8015.00,7940.10,8000.71,8000.00,7980.00,,8000.71,,,461,3688978.00,28,F1,1,,,,,
2026-10-05,2026-10-05,CM,BSE,STK,977948,INE549K08632,1026MFL031,F,,,,,MFL-10.26%-31-12-31-PVT,10260.56,10260.56,10257.73,10257.73,10257.73,10257.73,,10257.73,,,496,5089203.00,3,F1,1,,,,,
2026-10-05,2026-10-05,CM,BSE,STK,977984,INE08KJ07217,10MGFL27A,F,,,,,MGFL-10%-21-10-27-PVT,9900.00,9900.00,9800.01,9850.00,9850.00,9800.00,,9850.00,,,55,542135.00,11,F1,1,,,,,
2026-10-05,2026-10-05,CM,BSE,STK,977986,INE0I5X07067,1370MFSP27,F,,,,,MFSPL-13.70%-30-09-27-PVT,99811.00,99811.00,99811.00,99811.00,99811.00,99600.00,,99811.00,,,1,99811.00,1,F1,1,,,,,
2026-10-05,2026-10-05,CM,BSE,STK,977993,INE348L07415,9MFSL28,F,,,,,MFSL-9%-18-12-28-PVT,9815.00,9815.00,9815.00,9815.00,9815.00,9801.00,,9815.00,,,14,137410.00,2,F1,1,,,,,
2026-10-05,2026-10-05,CM,BSE,STK,977994,INE04UP07238,12BCSL2027,F,,,,,BCSL-12%-24-10-27-PVT,8804.16,8804.16,8804.16,8804.16,8804.16,7336.80,,8804.16,,,1,8804.00,1,F1,1,,,,,
2026-10-05,2026-10-05,CM,BSE,STK,977995,INE04UP07220,1225BCSL28,F,,,,,BCSL-12.25%-24-10-28-PVT,9888.00,9888.00,9888.00,9888.00,9888.00,9000.00,,9888.00,,,1,9888.00,1,F1,1,,,,,
2026-10-05,2026-10-05,CM,BSE,STK,978004,INE413U07491,905ISFL28,F,,,,,ISFL-9.05%-27-7-28-PVT,9907.15,9907.15,9907.15,9907.15,9907.15,9750.00,,9907.15,,,10,99071.00,3,F1,1,,,,,
2026-10-05,2026-10-05,CM,BSE,STK,978006,INE882Z08064,1025MHF29A,F,,,,,MHFCL-10.25%-28-7-29-PVT,10080.00,10080.00,10080.00,10080.00,10080.00,10090.00,,10080.00,,,1,10080.00,1,F1,1,,,,,
2026-10-05,2026-10-05,CM,BSE,STK,978007,INE926R07043,12UCIL28,F,,,,,UCIL-12%-28-01-28-PVT,9707.00,9707.00,9700.00,9700.00,9700.00,9705.00,,9700.00,,,11,106770.00,3,F1,1,,,,,
2026-10-05,2026-10-05,CM,BSE,STK,978008,INE501X07745,975AFL28,F,,,,,AFL-9.75%-28-7-28-PVT,96040.00,96040.00,96040.00,96040.00,96040.00,98000.00,,96040.00,,,1,96040.00,1,F1,1,,,,,
2026-10-05,2026-10-05,CM,BSE,STK,978024,INE14H407157,11FCPL29,F,,,,,FCPL-11%-31-1-29-PVT,9700.00,9727.01,9700.00,9715.00,9715.00,9813.20,,9715.00,,,18,174892.00,9,F1,1,,,,,
2026-10-05,2026-10-05,CM,BSE,STK,978034,INE0K0Y08060,0MCIBPL28,F,,,,,MCIBPL-ZC-04-08-28-PVT,101682.61,101682.61,101682.60,101682.60,101682.60,101800.00,,101682.60,,,168,17082676.00,3,F1,1,,,,,
2026-10-05,2026-10-05,CM,BSE,STK,978039,INE101Q07CB5,93MML29,F,,,,,MML-9.3%-7-8-29-PVT,9750.00,9775.72,9750.00,9775.72,9775.72,9700.00,,9775.72,,,64,625325.00,11,F1,1,,,,,
2026-10-05,2026-10-05,CM,BSE,STK,978051,INE03K307199,1035SFL28,F,,,,,SFL-10.35%-11-8-28-PVT,9662.81,9955.00,9662.81,9910.00,9910.00,9860.01,,9910.00,,,51,504779.00,9,F1,1,,,,,
2026-10-05,2026-10-05,CM,BSE,STK,978055,INE076I07061,11RCL29,F,,,,,RCL-11%-12-2-29-PVT,9401.01,9451.05,9401.01,9450.00,9450.00,9415.50,,9450.00,,,41,387406.00,9,F1,1,,,,,
2026-10-05,2026-10-05,CM,BSE,STK,978086,INE786X07BM8,115ORFI28,F,,,,,ORFI-11.50%-25-8-28-PVT,9620.00,9620.00,9620.00,9620.00,9620.00,9560.00,,9620.00,,,30,288600.00,3,F1,1,,,,,
2026-10-05,2026-10-05,CM,BSE,STK,978094,INE964R07143,13RFL2029,F,,,,,RFL-13%-27-08-29-PVT,9620.00,9740.00,9620.00,9740.00,9740.00,9599.00,,9740.00,,,41,396435.00,8,F1,1,,,,,
2026-10-05,2026-10-05,CM,BSE,STK,978163,INE08E808082,1235SRFC31,F,,,,,SRFCPL-12.35%-15-10-31-PVT,98000.00,98000.00,98000.00,98000.00,98000.00,98999.78,,98000.00,,,1,98000.00,1,F1,1,,,,,
2026-10-05,2026-10-05,CM,BSE,STK,978167,INE0NES07352,1170KFL28,F,,,,,KFL-11.70%-16-12-28-PVT,9839.00,9970.00,9720.00,9941.50,9946.00,9950.00,,9941.50,,,167,1646936.00,31,F1,1,,,,,
2026-10-05,2026-10-05,CM,BSE,STK,978169,INE0P6G07194,11HIMRPL29,F,,,,,HIMRPL-11%-17-3-29-PVT,9378.27,9389.00,9200.00,9299.99,9299.99,9224.97,,9299.99,,,95,883633.00,6,F1,1,,,,,
2026-10-05,2026-10-05,CM,BSE,STK,978196,INE01ZK08695,105HFL30,F,,,,,HFL-10.50%-23-7-30-PVT,100345.21,100345.21,100345.21,100345.21,100345.21,100230.14,,100345.21,,,49,4916915.00,6,F1,1,,,,,
2026-10-05,2026-10-05,CM,BSE,STK,978197,INE01ZK08703,11HFL32,F,,,,,HFL-11%-23-3-32-PVT,100361.64,100361.64,100300.00,100300.00,100300.00,100241.10,,100300.00,,,14,1404446.00,4,F1,1,,,,,
2026-10-05,2026-10-05,CM,BSE,STK,978199,INE0I5X07083,12MFSPL29,F,,,,,MSFPL-12%-23-03-29-PVT,96100.00,96100.00,96000.00,96000.00,96000.00,96000.00,,96000.00,,,2,192100.00,2,F1,1,,,,,
2026-10-05,2026-10-05,CM,BSE,STK,978245,INE1QWF07105,105GFL28B,F,,,,,GFL-10.5%-29-12-28-PVT,100205.77,100205.77,100205.77,100205.77,100205.77,0.00,,100205.77,,,7,701440.00,2,F1,1,,,,,
